Date,Year,Month,WL,y_true,y_pred,Target_Date,Model,Horizon,Fold_Year
2008-01-08,2008,1,13.76,13.74,13.739801062494516,2008-01-09,LSTM,1,2008
2008-01-09,2008,1,13.74,13.73,13.719242473840714,2008-01-10,LSTM,1,2008
2008-01-10,2008,1,13.73,13.72,13.716501820385457,2008-01-11,LSTM,1,2008
2008-01-11,2008,1,13.72,13.71,13.705872009769083,2008-01-12,LSTM,1,2008
2008-01-12,2008,1,13.71,13.699,13.694751354902984,2008-01-13,LSTM,1,2008
2008-01-13,2008,1,13.699,13.67,13.68366277308762,2008-01-14,LSTM,1,2008
2008-01-14,2008,1,13.67,13.65,13.646042378693819,2008-01-15,LSTM,1,2008
2008-01-15,2008,1,13.65,13.63,13.631822283938527,2008-01-16,LSTM,1,2008
2008-01-16,2008,1,13.63,13.62,13.613222782611848,2008-01-17,LSTM,1,2008
2008-01-17,2008,1,13.62,13.61,13.606782934516668,2008-01-18,LSTM,1,2008
2008-01-18,2008,1,13.61,13.6,13.595890668816864,2008-01-19,LSTM,1,2008
2008-01-19,2008,1,13.6,13.59,13.584962539747357,2008-01-20,LSTM,1,2008
2008-01-20,2008,1,13.59,13.58,13.575666196793318,2008-01-21,LSTM,1,2008
2008-01-21,2008,1,13.58,13.57,13.566474547535181,2008-01-22,LSTM,1,2008
2008-01-22,2008,1,13.57,13.56,13.556972033046186,2008-01-23,LSTM,1,2008
2008-01-23,2008,1,13.56,13.56,13.547296605482698,2008-01-24,LSTM,1,2008
2008-01-24,2008,1,13.56,13.55,13.5535382460244,2008-01-25,LSTM,1,2008
2008-01-25,2008,1,13.55,13.55,13.537090441398323,2008-01-26,LSTM,1,2008
2008-01-26,2008,1,13.55,13.55,13.54303117999807,2008-01-27,LSTM,1,2008
2008-01-27,2008,1,13.55,13.58,13.54422079930082,2008-01-28,LSTM,1,2008
2008-01-28,2008,1,13.58,13.62,13.596949396580458,2008-01-29,LSTM,1,2008
2008-01-29,2008,1,13.62,13.66,13.642258715704083,2008-01-30,LSTM,1,2008
2008-01-30,2008,1,13.66,13.67,13.674091205783188,2008-01-31,LSTM,1,2008
2008-01-31,2008,1,13.67,13.66,13.654724935144186,2008-02-01,LSTM,1,2008
2008-02-01,2008,2,13.66,13.63,13.642341015711427,2008-02-02,LSTM,1,2008
2008-02-02,2008,2,13.63,13.61,13.608076281026007,2008-02-03,LSTM,1,2008
2008-02-03,2008,2,13.61,13.61,13.598630088977515,2008-02-04,LSTM,1,2008
2008-02-04,2008,2,13.61,13.61,13.613435456892475,2008-02-05,LSTM,1,2008
2008-02-05,2008,2,13.61,13.62,13.608007064452394,2008-02-06,LSTM,1,2008
2008-02-06,2008,2,13.62,13.63,13.620452264474006,2008-02-07,LSTM,1,2008
2008-02-07,2008,2,13.63,13.62,13.629784123778228,2008-02-08,LSTM,1,2008
2008-02-08,2008,2,13.62,13.59,13.608055774010717,2008-02-09,LSTM,1,2008
2008-02-09,2008,2,13.59,13.57,13.570132635682821,2008-02-10,LSTM,1,2008
2008-02-10,2008,2,13.57,13.55,13.558697528839112,2008-02-11,LSTM,1,2008
2008-02-11,2008,2,13.55,13.52,13.539416877739132,2008-02-12,LSTM,1,2008
2008-02-12,2008,2,13.52,13.5,13.502080589979887,2008-02-13,LSTM,1,2008
2008-02-13,2008,2,13.5,13.47,13.486146211624146,2008-02-14,LSTM,1,2008
2008-02-14,2008,2,13.47,13.46,13.451478832662106,2008-02-15,LSTM,1,2008
2008-02-15,2008,2,13.46,13.45,13.450535113029183,2008-02-16,LSTM,1,2008
2008-02-16,2008,2,13.45,13.44,13.44200184829533,2008-02-17,LSTM,1,2008
2008-02-17,2008,2,13.44,13.47,13.430881322883069,2008-02-18,LSTM,1,2008
2008-02-18,2008,2,13.47,13.51,13.490773442462087,2008-02-19,LSTM,1,2008
2008-02-19,2008,2,13.51,13.53,13.53895944751799,2008-02-20,LSTM,1,2008
2008-02-20,2008,2,13.53,13.54,13.533421407192945,2008-02-21,LSTM,1,2008
2008-02-21,2008,2,13.54,13.53,13.541157978666014,2008-02-22,LSTM,1,2008
2008-02-22,2008,2,13.53,13.51,13.524629837106913,2008-02-23,LSTM,1,2008
2008-02-23,2008,2,13.51,13.48,13.500527406334877,2008-02-24,LSTM,1,2008
2008-02-24,2008,2,13.48,13.45,13.466909196712077,2008-02-25,LSTM,1,2008
2008-02-25,2008,2,13.45,13.44,13.4372692162171,2008-02-26,LSTM,1,2008
2008-02-26,2008,2,13.44,13.43,13.43971343614743,2008-02-27,LSTM,1,2008
2008-02-27,2008,2,13.43,13.43,13.42829884909559,2008-02-28,LSTM,1,2008
2008-02-28,2008,2,13.43,13.43,13.432871519187465,2008-02-29,LSTM,1,2008
2008-02-29,2008,2,13.43,13.42,13.43420042173937,2008-03-01,LSTM,1,2008
2008-03-01,2008,3,13.42,13.41,13.417600791743025,2008-03-02,LSTM,1,2008
2008-03-02,2008,3,13.41,13.4,13.409371730315033,2008-03-03,LSTM,1,2008
2008-03-03,2008,3,13.4,13.41,13.401836896291934,2008-03-04,LSTM,1,2008
2008-03-04,2008,3,13.41,13.4,13.427813632264733,2008-03-05,LSTM,1,2008
2008-03-05,2008,3,13.4,13.43,13.401999584026635,2008-03-06,LSTM,1,2008
2008-03-06,2008,3,13.43,13.46,13.463698920160532,2008-03-07,LSTM,1,2008
2008-03-07,2008,3,13.46,13.45,13.490810555443169,2008-03-08,LSTM,1,2008
2008-03-08,2008,3,13.45,13.44,13.444281360413878,2008-03-09,LSTM,1,2008
2008-03-09,2008,3,13.44,13.42,13.442401144709438,2008-03-10,LSTM,1,2008
2008-03-10,2008,3,13.42,13.4,13.41992839332117,2008-03-11,LSTM,1,2008
2008-03-11,2008,3,13.4,13.39,13.399116816732567,2008-03-12,LSTM,1,2008
2008-03-12,2008,3,13.39,13.39,13.398498490788043,2008-03-13,LSTM,1,2008
2008-03-13,2008,3,13.39,13.39,13.4061272585392,2008-03-14,LSTM,1,2008
2008-03-14,2008,3,13.39,13.39,13.404489389024675,2008-03-15,LSTM,1,2008
2008-03-15,2008,3,13.39,13.39,13.404560280367733,2008-03-16,LSTM,1,2008
2008-03-16,2008,3,13.39,13.4,13.40591686718166,2008-03-17,LSTM,1,2008
2008-03-17,2008,3,13.4,13.42,13.424057315662504,2008-03-18,LSTM,1,2008
2008-03-18,2008,3,13.42,13.44,13.451482715159655,2008-03-19,LSTM,1,2008
2008-03-19,2008,3,13.44,13.46,13.469080614447593,2008-03-20,LSTM,1,2008
2008-03-20,2008,3,13.46,13.54,13.488907526284457,2008-03-21,LSTM,1,2008
2008-03-21,2008,3,13.54,13.66,13.626489997804164,2008-03-22,LSTM,1,2008
2008-03-22,2008,3,13.66,13.81,13.763577502071858,2008-03-23,LSTM,1,2008
2008-03-23,2008,3,13.81,13.91,13.924264473319054,2008-03-24,LSTM,1,2008
2008-03-24,2008,3,13.91,13.93,13.944820061177015,2008-03-25,LSTM,1,2008
2008-03-25,2008,3,13.93,13.93,13.892081346660852,2008-03-26,LSTM,1,2008
2008-03-26,2008,3,13.93,13.92,13.928784949886612,2008-03-27,LSTM,1,2008
2008-03-27,2008,3,13.92,13.94,13.928019620552659,2008-03-28,LSTM,1,2008
2008-03-28,2008,3,13.94,13.98,13.986554926782846,2008-03-29,LSTM,1,2008
2008-03-29,2008,3,13.98,14.05,14.035337447673083,2008-03-30,LSTM,1,2008
2008-03-30,2008,3,14.05,14.07,14.11427562981844,2008-03-31,LSTM,1,2008
2008-03-31,2008,3,14.07,14.09,14.068937617172487,2008-04-01,LSTM,1,2008
2008-04-01,2008,4,14.09,14.15,14.106653837636113,2008-04-02,LSTM,1,2008
2008-04-02,2008,4,14.15,14.2,14.21506096571684,2008-04-03,LSTM,1,2008
2008-04-03,2008,4,14.2,14.31,14.236687348037957,2008-04-04,LSTM,1,2008
2008-04-04,2008,4,14.31,14.53,14.407546502947808,2008-04-05,LSTM,1,2008
2008-04-05,2008,4,14.53,14.66,14.7957912671566,2008-04-06,LSTM,1,2008
2008-04-06,2008,4,14.66,14.67,14.687436692267656,2008-04-07,LSTM,1,2008
2008-04-07,2008,4,14.67,14.66,14.578815972507,2008-04-08,LSTM,1,2008
2008-04-08,2008,4,14.66,14.6,14.62962139941752,2008-04-09,LSTM,1,2008
2008-04-09,2008,4,14.6,14.51,14.546020491421222,2008-04-10,LSTM,1,2008
2008-04-10,2008,4,14.51,14.46,14.457396412491798,2008-04-11,LSTM,1,2008
2008-04-11,2008,4,14.46,14.41,14.44291681520641,2008-04-12,LSTM,1,2008
2008-04-12,2008,4,14.41,14.38,14.396467519775033,2008-04-13,LSTM,1,2008
2008-04-13,2008,4,14.38,14.34,14.37527477985248,2008-04-14,LSTM,1,2008
2008-04-14,2008,4,14.34,14.27,14.330491210483014,2008-04-15,LSTM,1,2008
2008-04-15,2008,4,14.27,14.23,14.23970304660499,2008-04-16,LSTM,1,2008
2008-04-16,2008,4,14.23,14.23,14.22174760002643,2008-04-17,LSTM,1,2008
2008-04-17,2008,4,14.23,14.22,14.256102697476745,2008-04-18,LSTM,1,2008
2008-04-18,2008,4,14.22,14.28,14.234996794983745,2008-04-19,LSTM,1,2008
2008-04-19,2008,4,14.28,14.33,14.343555732369422,2008-04-20,LSTM,1,2008
2008-04-20,2008,4,14.33,14.41,14.37037494584918,2008-04-21,LSTM,1,2008
2008-04-21,2008,4,14.41,14.47,14.471022520065308,2008-04-22,LSTM,1,2008
2008-04-22,2008,4,14.47,14.52,14.495624092668296,2008-04-23,LSTM,1,2008
2008-04-23,2008,4,14.52,14.61,14.54088812366128,2008-04-24,LSTM,1,2008
2008-04-24,2008,4,14.61,14.87,14.68620421797037,2008-04-25,LSTM,1,2008
2008-04-25,2008,4,14.87,15.05,15.23638143658638,2008-04-26,LSTM,1,2008
2008-04-26,2008,4,15.05,15.06,15.148154164850713,2008-04-27,LSTM,1,2008
2008-04-27,2008,4,15.06,15.02,14.95019075781107,2008-04-28,LSTM,1,2008
2008-04-28,2008,4,15.02,14.99,14.940632809400558,2008-04-29,LSTM,1,2008
2008-04-29,2008,4,14.99,15.01,14.946267300993204,2008-04-30,LSTM,1,2008
2008-04-30,2008,4,15.01,15.01,15.02359379477799,2008-05-01,LSTM,1,2008
2008-05-01,2008,5,15.01,15.04,15.011501731807366,2008-05-02,LSTM,1,2008
2008-05-02,2008,5,15.04,15.31,15.096214805692433,2008-05-03,LSTM,1,2008
2008-05-03,2008,5,15.31,15.79,15.770195124149323,2008-05-04,LSTM,1,2008
2008-05-04,2008,5,15.79,15.93,16.06434030175209,2008-05-05,LSTM,1,2008
2008-05-05,2008,5,15.93,15.93,15.89019061282277,2008-05-06,LSTM,1,2008
2008-05-06,2008,5,15.93,15.92,15.858485319018364,2008-05-07,LSTM,1,2008
2008-05-07,2008,5,15.92,15.69,15.995611114501953,2008-05-08,LSTM,1,2008
2008-05-08,2008,5,15.69,15.61,15.603771025836467,2008-05-09,LSTM,1,2008
2008-05-09,2008,5,15.61,15.53,15.565863457173108,2008-05-10,LSTM,1,2008
2008-05-10,2008,5,15.53,15.51,15.467344260513782,2008-05-11,LSTM,1,2008
2008-05-11,2008,5,15.51,15.47,15.462240828424692,2008-05-12,LSTM,1,2008
2008-05-12,2008,5,15.47,15.4,15.411830851137639,2008-05-13,LSTM,1,2008
2008-05-13,2008,5,15.4,15.36,15.334835895895958,2008-05-14,LSTM,1,2008
2008-05-14,2008,5,15.36,15.35,15.343663411810994,2008-05-15,LSTM,1,2008
2008-05-15,2008,5,15.35,15.33,15.380119435861706,2008-05-16,LSTM,1,2008
2008-05-16,2008,5,15.33,15.31,15.357974613010883,2008-05-17,LSTM,1,2008
2008-05-17,2008,5,15.31,15.3,15.338555948287249,2008-05-18,LSTM,1,2008
2008-05-18,2008,5,15.3,15.23,15.346134483069182,2008-05-19,LSTM,1,2008
2008-05-19,2008,5,15.23,15.23,15.231512120827102,2008-05-20,LSTM,1,2008
2008-05-20,2008,5,15.23,15.26,15.284183375090361,2008-05-21,LSTM,1,2008
2008-05-21,2008,5,15.26,15.31,15.339404465854168,2008-05-22,LSTM,1,2008
2008-05-22,2008,5,15.31,15.36,15.401441832482815,2008-05-23,LSTM,1,2008
2008-05-23,2008,5,15.36,15.49,15.447365336716175,2008-05-24,LSTM,1,2008
2008-05-24,2008,5,15.49,15.6,15.702312296032906,2008-05-25,LSTM,1,2008
2008-05-25,2008,5,15.6,15.81,15.708249880373478,2008-05-26,LSTM,1,2008
2008-05-26,2008,5,15.81,15.88,16.04666720092297,2008-05-27,LSTM,1,2008
2008-05-27,2008,5,15.88,15.88,15.883218859434129,2008-05-28,LSTM,1,2008
2008-05-28,2008,5,15.88,15.85,15.820958231687547,2008-05-29,LSTM,1,2008
2008-05-29,2008,5,15.85,15.71,15.787419287860393,2008-05-30,LSTM,1,2008
2008-05-30,2008,5,15.71,15.77,15.601029246151448,2008-05-31,LSTM,1,2008
2008-05-31,2008,5,15.77,15.86,15.926955614686012,2008-06-01,LSTM,1,2008
2008-06-01,2008,6,15.86,16.05,16.083023504018783,2008-06-02,LSTM,1,2008
2008-06-02,2008,6,16.05,16.23,16.342116701602937,2008-06-03,LSTM,1,2008
2008-06-03,2008,6,16.23,16.41,16.427687774896622,2008-06-04,LSTM,1,2008
2008-06-04,2008,6,16.41,16.61,16.574190590381622,2008-06-05,LSTM,1,2008
2008-06-05,2008,6,16.61,16.72,16.806979731321334,2008-06-06,LSTM,1,2008
2008-06-06,2008,6,16.72,16.73,16.781773754656314,2008-06-07,LSTM,1,2008
2008-06-07,2008,6,16.73,16.72,16.69999471448362,2008-06-08,LSTM,1,2008
2008-06-08,2008,6,16.72,16.58,16.78027839705348,2008-06-09,LSTM,1,2008
2008-06-09,2008,6,16.58,16.53,16.545288531035183,2008-06-10,LSTM,1,2008
2008-06-10,2008,6,16.53,16.46,16.548946235999466,2008-06-11,LSTM,1,2008
2008-06-11,2008,6,16.46,16.6,16.433176335915924,2008-06-12,LSTM,1,2008
2008-06-12,2008,6,16.6,16.7,16.78486586213112,2008-06-13,LSTM,1,2008
2008-06-13,2008,6,16.7,16.86,16.789670203626155,2008-06-14,LSTM,1,2008
2008-06-14,2008,6,16.86,17.16,17.036451101899146,2008-06-15,LSTM,1,2008
2008-06-15,2008,6,17.16,17.51,17.4834483897686,2008-06-16,LSTM,1,2008
2008-06-16,2008,6,17.51,17.74,17.81017274618149,2008-06-17,LSTM,1,2008
2008-06-17,2008,6,17.74,17.93,17.892906775474547,2008-06-18,LSTM,1,2008
2008-06-18,2008,6,17.93,18.03,18.035490192770958,2008-06-19,LSTM,1,2008
2008-06-19,2008,6,18.03,18.14,18.04714735850692,2008-06-20,LSTM,1,2008
2008-06-20,2008,6,18.14,18.17,18.225636258125306,2008-06-21,LSTM,1,2008
2008-06-21,2008,6,18.17,18.22,18.18110455952585,2008-06-22,LSTM,1,2008
2008-06-22,2008,6,18.22,18.06,18.28999110430479,2008-06-23,LSTM,1,2008
2008-06-23,2008,6,18.06,18.05,17.964734589159487,2008-06-24,LSTM,1,2008
2008-06-24,2008,6,18.05,18.09,18.09748808220029,2008-06-25,LSTM,1,2008
2008-06-25,2008,6,18.09,18.12,18.17583715558052,2008-06-26,LSTM,1,2008
2008-06-26,2008,6,18.12,18.15,18.160719229727984,2008-06-27,LSTM,1,2008
2008-06-27,2008,6,18.15,18.2,18.18309719264507,2008-06-28,LSTM,1,2008
2008-06-28,2008,6,18.2,18.24,18.25788278952241,2008-06-29,LSTM,1,2008
2008-06-29,2008,6,18.24,18.25,18.28905705153942,2008-06-30,LSTM,1,2008
2008-06-30,2008,6,18.25,18.3,18.26919634640217,2008-07-01,LSTM,1,2008
2008-07-01,2008,7,18.3,18.39,18.36519951671362,2008-07-02,LSTM,1,2008
2008-07-02,2008,7,18.39,18.32,18.496126427650452,2008-07-03,LSTM,1,2008
2008-07-03,2008,7,18.32,18.34,18.253579973876477,2008-07-04,LSTM,1,2008
2008-07-04,2008,7,18.34,18.37,18.377052426487207,2008-07-05,LSTM,1,2008
2008-07-05,2008,7,18.37,18.34,18.419149319529534,2008-07-06,LSTM,1,2008
2008-07-06,2008,7,18.34,18.45,18.311123099327087,2008-07-07,LSTM,1,2008
2008-07-07,2008,7,18.45,18.59,18.55688953101635,2008-07-08,LSTM,1,2008
2008-07-08,2008,7,18.59,18.72,18.727846007943153,2008-07-09,LSTM,1,2008
2008-07-09,2008,7,18.72,18.82,18.845409200787543,2008-07-10,LSTM,1,2008
2008-07-10,2008,7,18.82,18.82,18.92215888917446,2008-07-11,LSTM,1,2008
2008-07-11,2008,7,18.82,18.59,18.818558575171046,2008-07-12,LSTM,1,2008
2008-07-12,2008,7,18.59,18.45,18.42750332891941,2008-07-13,LSTM,1,2008
2008-07-13,2008,7,18.45,18.37,18.363299784064292,2008-07-14,LSTM,1,2008
2008-07-14,2008,7,18.37,18.42,18.356106670461596,2008-07-15,LSTM,1,2008
2008-07-15,2008,7,18.42,18.49,18.48319433450699,2008-07-16,LSTM,1,2008
2008-07-16,2008,7,18.49,18.64,18.55116786971688,2008-07-17,LSTM,1,2008
2008-07-17,2008,7,18.64,18.75,18.768934741020203,2008-07-18,LSTM,1,2008
2008-07-18,2008,7,18.75,18.79,18.860049955546856,2008-07-19,LSTM,1,2008
2008-07-19,2008,7,18.79,18.87,18.842328772842883,2008-07-20,LSTM,1,2008
2008-07-20,2008,7,18.87,18.89,18.953604894578458,2008-07-21,LSTM,1,2008
2008-07-21,2008,7,18.89,19.06,18.918412824496627,2008-07-22,LSTM,1,2008
2008-07-22,2008,7,19.06,19.24,19.186920387148856,2008-07-23,LSTM,1,2008
2008-07-23,2008,7,19.24,19.34,19.359311556220053,2008-07-24,LSTM,1,2008
2008-07-24,2008,7,19.34,19.29,19.413899403214455,2008-07-25,LSTM,1,2008
2008-07-25,2008,7,19.29,19.17,19.20313949227333,2008-07-26,LSTM,1,2008
2008-07-26,2008,7,19.17,19.24,19.04394353747368,2008-07-27,LSTM,1,2008
2008-07-27,2008,7,19.24,19.26,19.31851280272007,2008-07-28,LSTM,1,2008
2008-07-28,2008,7,19.26,19.22,19.283225789889695,2008-07-29,LSTM,1,2008
2008-07-29,2008,7,19.22,19.17,19.16175688922405,2008-07-30,LSTM,1,2008
2008-07-30,2008,7,19.17,19.03,19.11601471722126,2008-07-31,LSTM,1,2008
2008-07-31,2008,7,19.03,18.94,18.910288518965245,2008-08-01,LSTM,1,2008
2008-08-01,2008,8,18.94,18.89,18.861893402934076,2008-08-02,LSTM,1,2008
2008-08-02,2008,8,18.89,18.8,18.853860761374236,2008-08-03,LSTM,1,2008
2008-08-03,2008,8,18.8,18.84,18.715678776800633,2008-08-04,LSTM,1,2008
2008-08-04,2008,8,18.84,18.77,18.869122725129127,2008-08-05,LSTM,1,2008
2008-08-05,2008,8,18.77,18.74,18.70143681436777,2008-08-06,LSTM,1,2008
2008-08-06,2008,8,18.74,18.73,18.71189078107476,2008-08-07,LSTM,1,2008
2008-08-07,2008,8,18.73,18.67,18.726935051400215,2008-08-08,LSTM,1,2008
2008-08-08,2008,8,18.67,18.65,18.61403176009655,2008-08-09,LSTM,1,2008
2008-08-09,2008,8,18.65,18.62,18.640327685140072,2008-08-10,LSTM,1,2008
2008-08-10,2008,8,18.62,18.59,18.59982379049063,2008-08-11,LSTM,1,2008
2008-08-11,2008,8,18.59,18.59,18.568135719895363,2008-08-12,LSTM,1,2008
2008-08-12,2008,8,18.59,18.7,18.59717241456732,2008-08-13,LSTM,1,2008
2008-08-13,2008,8,18.7,18.74,18.794465874135494,2008-08-14,LSTM,1,2008
2008-08-14,2008,8,18.74,18.74,18.791336724311112,2008-08-15,LSTM,1,2008
2008-08-15,2008,8,18.74,18.67,18.73929852079367,2008-08-16,LSTM,1,2008
2008-08-16,2008,8,18.67,18.78,18.60490303307772,2008-08-17,LSTM,1,2008
2008-08-17,2008,8,18.78,18.93,18.876053689718248,2008-08-18,LSTM,1,2008
2008-08-18,2008,8,18.93,19.07,19.043969087600708,2008-08-19,LSTM,1,2008
2008-08-19,2008,8,19.07,19.16,19.16797052294016,2008-08-20,LSTM,1,2008
2008-08-20,2008,8,19.16,19.29,19.23358742505312,2008-08-21,LSTM,1,2008
2008-08-21,2008,8,19.29,19.39,19.378688425719737,2008-08-22,LSTM,1,2008
2008-08-22,2008,8,19.39,19.39,19.456829800605774,2008-08-23,LSTM,1,2008
2008-08-23,2008,8,19.39,19.27,19.356967187821866,2008-08-24,LSTM,1,2008
2008-08-24,2008,8,19.27,19.19,19.12881033539772,2008-08-25,LSTM,1,2008
2008-08-25,2008,8,19.19,19.1,19.113895061016084,2008-08-26,LSTM,1,2008
2008-08-26,2008,8,19.1,19.09,19.02045632749796,2008-08-27,LSTM,1,2008
2008-08-27,2008,8,19.09,19.24,19.086451889164746,2008-08-28,LSTM,1,2008
2008-08-28,2008,8,19.24,19.27,19.3441534692049,2008-08-29,LSTM,1,2008
2008-08-29,2008,8,19.27,19.45,19.29703158184886,2008-08-30,LSTM,1,2008
2008-08-30,2008,8,19.45,19.63,19.560182903707027,2008-08-31,LSTM,1,2008
2008-08-31,2008,8,19.63,19.63,19.733069081902503,2008-09-01,LSTM,1,2008
2008-09-01,2008,9,19.63,19.61,19.602369000315665,2008-09-02,LSTM,1,2008
2008-09-02,2008,9,19.61,19.51,19.542194903492927,2008-09-03,LSTM,1,2008
2008-09-03,2008,9,19.51,19.56,19.390643598735334,2008-09-04,LSTM,1,2008
2008-09-04,2008,9,19.56,19.68,19.58371210977435,2008-09-05,LSTM,1,2008
2008-09-05,2008,9,19.68,19.73,19.739978052973747,2008-09-06,LSTM,1,2008
2008-09-06,2008,9,19.73,19.75,19.74277705002576,2008-09-07,LSTM,1,2008
2008-09-07,2008,9,19.75,19.64,19.73024360090494,2008-09-08,LSTM,1,2008
2008-09-08,2008,9,19.64,19.48,19.495792671442032,2008-09-09,LSTM,1,2008
2008-09-09,2008,9,19.48,19.33,19.288345273137093,2008-09-10,LSTM,1,2008
2008-09-10,2008,9,19.33,19.17,19.15738921046257,2008-09-11,LSTM,1,2008
2008-09-11,2008,9,19.17,19.01,18.991949616074564,2008-09-12,LSTM,1,2008
2008-09-12,2008,9,19.01,18.82,18.830984333753587,2008-09-13,LSTM,1,2008
2008-09-13,2008,9,18.82,18.6,18.63067007780075,2008-09-14,LSTM,1,2008
2008-09-14,2008,9,18.6,18.4,18.403946405649187,2008-09-15,LSTM,1,2008
2008-09-15,2008,9,18.4,18.3,18.2167909681797,2008-09-16,LSTM,1,2008
2008-09-16,2008,9,18.3,18.21,18.19352547377348,2008-09-17,LSTM,1,2008
2008-09-17,2008,9,18.21,18.04,18.11850404649973,2008-09-18,LSTM,1,2008
2008-09-18,2008,9,18.04,17.87,17.884934344291686,2008-09-19,LSTM,1,2008
2008-09-19,2008,9,17.87,17.74,17.70691431581974,2008-09-20,LSTM,1,2008
2008-09-20,2008,9,17.74,17.53,17.606854920983313,2008-09-21,LSTM,1,2008
2008-09-21,2008,9,17.53,17.45,17.37259441494942,2008-09-22,LSTM,1,2008
2008-09-22,2008,9,17.45,17.41,17.367869739234447,2008-09-23,LSTM,1,2008
2008-09-23,2008,9,17.41,17.35,17.389611778631807,2008-09-24,LSTM,1,2008
2008-09-24,2008,9,17.35,17.31,17.301846547424795,2008-09-25,LSTM,1,2008
2008-09-25,2008,9,17.31,17.21,17.281976513043045,2008-09-26,LSTM,1,2008
2008-09-26,2008,9,17.21,17.18,17.12890612989664,2008-09-27,LSTM,1,2008
2008-09-27,2008,9,17.18,17.12,17.17421373475343,2008-09-28,LSTM,1,2008
2008-09-28,2008,9,17.12,17.09,17.091230944618584,2008-09-29,LSTM,1,2008
2008-09-29,2008,9,17.09,17.08,17.082950431536883,2008-09-30,LSTM,1,2008
2008-09-30,2008,9,17.08,17.04,17.100049421116708,2008-10-01,LSTM,1,2008
2008-10-01,2008,10,17.04,17.0,17.01734254784882,2008-10-02,LSTM,1,2008
2008-10-02,2008,10,17.0,16.99,16.972824977710843,2008-10-03,LSTM,1,2008
2008-10-03,2008,10,16.99,16.88,17.008250003457068,2008-10-04,LSTM,1,2008
2008-10-04,2008,10,16.88,16.87,16.78438040345907,2008-10-05,LSTM,1,2008
2008-10-05,2008,10,16.87,16.95,16.883046976178886,2008-10-06,LSTM,1,2008
2008-10-06,2008,10,16.95,16.95,17.068280738592147,2008-10-07,LSTM,1,2008
2008-10-07,2008,10,16.95,16.9,16.911893141269683,2008-10-08,LSTM,1,2008
2008-10-08,2008,10,16.9,16.9,16.82276531457901,2008-10-09,LSTM,1,2008
2008-10-09,2008,10,16.9,16.89,16.9107884965837,2008-10-10,LSTM,1,2008
2008-10-10,2008,10,16.89,16.78,16.901929417960346,2008-10-11,LSTM,1,2008
2008-10-11,2008,10,16.78,16.71,16.656622430980207,2008-10-12,LSTM,1,2008
2008-10-12,2008,10,16.71,16.65,16.633026069998742,2008-10-13,LSTM,1,2008
2008-10-13,2008,10,16.65,16.56,16.627125737816094,2008-10-14,LSTM,1,2008
2008-10-14,2008,10,16.56,16.47,16.48938257753849,2008-10-15,LSTM,1,2008
2008-10-15,2008,10,16.47,16.45,16.396165170967578,2008-10-16,LSTM,1,2008
2008-10-16,2008,10,16.45,16.37,16.45748568540439,2008-10-17,LSTM,1,2008
2008-10-17,2008,10,16.37,16.26,16.312887213081122,2008-10-18,LSTM,1,2008
2008-10-18,2008,10,16.26,16.13,16.1630232205987,2008-10-19,LSTM,1,2008
2008-10-19,2008,10,16.13,15.99,16.033558142483233,2008-10-20,LSTM,1,2008
2008-10-20,2008,10,15.99,15.89,15.894686689376831,2008-10-21,LSTM,1,2008
2008-10-21,2008,10,15.89,15.8,15.81724171280861,2008-10-22,LSTM,1,2008
2008-10-22,2008,10,15.8,15.71,15.739330838620663,2008-10-23,LSTM,1,2008
2008-10-23,2008,10,15.71,15.63,15.640001005530358,2008-10-24,LSTM,1,2008
2008-10-24,2008,10,15.63,15.55,15.560485270917416,2008-10-25,LSTM,1,2008
2008-10-25,2008,10,15.55,15.47,15.479323330521584,2008-10-26,LSTM,1,2008
2008-10-26,2008,10,15.47,15.43,15.397069425582886,2008-10-27,LSTM,1,2008
2008-10-27,2008,10,15.43,15.41,15.37316703826189,2008-10-28,LSTM,1,2008
2008-10-28,2008,10,15.41,15.54,15.36506365224719,2008-10-29,LSTM,1,2008
2008-10-29,2008,10,15.54,15.72,15.692766287326812,2008-10-30,LSTM,1,2008
2008-10-30,2008,10,15.72,15.8,15.755818625241519,2008-10-31,LSTM,1,2008
2008-10-31,2008,10,15.8,15.9,15.652923452854157,2008-11-01,LSTM,1,2008
2008-11-01,2008,11,15.9,16.11,15.796940469741822,2008-11-02,LSTM,1,2008
2008-11-02,2008,11,16.11,16.26,16.126277907416224,2008-11-03,LSTM,1,2008
2008-11-03,2008,11,16.26,16.17,16.1561243852973,2008-11-04,LSTM,1,2008
2008-11-04,2008,11,16.17,15.95,15.91751800298691,2008-11-05,LSTM,1,2008
2008-11-05,2008,11,15.95,15.8,15.712528002262115,2008-11-06,LSTM,1,2008
2008-11-06,2008,11,15.8,15.64,15.661327812075616,2008-11-07,LSTM,1,2008
2008-11-07,2008,11,15.64,15.45,15.565165593624116,2008-11-08,LSTM,1,2008
2008-11-08,2008,11,15.45,15.31,15.334877786040305,2008-11-09,LSTM,1,2008
2008-11-09,2008,11,15.31,15.24,15.202082110047341,2008-11-10,LSTM,1,2008
2008-11-10,2008,11,15.24,15.17,15.167521131932736,2008-11-11,LSTM,1,2008
2008-11-11,2008,11,15.17,15.09,15.089274352490902,2008-11-12,LSTM,1,2008
2008-11-12,2008,11,15.09,15.04,15.003644276559353,2008-11-13,LSTM,1,2008
2008-11-13,2008,11,15.04,14.99,14.963315204679965,2008-11-14,LSTM,1,2008
2008-11-14,2008,11,14.99,14.94,14.925809090733528,2008-11-15,LSTM,1,2008
2008-11-15,2008,11,14.94,14.9,14.880802473574876,2008-11-16,LSTM,1,2008
2008-11-16,2008,11,14.9,14.85,14.848623232543469,2008-11-17,LSTM,1,2008
2008-11-17,2008,11,14.85,14.8,14.795164181292057,2008-11-18,LSTM,1,2008
2008-11-18,2008,11,14.8,14.78,14.744637287408114,2008-11-19,LSTM,1,2008
2008-11-19,2008,11,14.78,14.76,14.749554817304015,2008-11-20,LSTM,1,2008
2008-11-20,2008,11,14.76,14.72,14.731687838435173,2008-11-21,LSTM,1,2008
2008-11-21,2008,11,14.72,14.699,14.668504839092494,2008-11-22,LSTM,1,2008
2008-11-22,2008,11,14.699,14.67,14.665062273830175,2008-11-23,LSTM,1,2008
2008-11-23,2008,11,14.67,14.63,14.634955359697342,2008-11-24,LSTM,1,2008
2008-11-24,2008,11,14.63,14.59,14.579576977640391,2008-11-25,LSTM,1,2008
2008-11-25,2008,11,14.59,14.57,14.540943138450384,2008-11-26,LSTM,1,2008
2008-11-26,2008,11,14.57,14.54,14.540082454383374,2008-11-27,LSTM,1,2008
2008-11-27,2008,11,14.54,14.52,14.501500793695449,2008-11-28,LSTM,1,2008
2008-11-28,2008,11,14.52,14.5,14.484740224182605,2008-11-29,LSTM,1,2008
2008-11-29,2008,11,14.5,14.47,14.468226291239262,2008-11-30,LSTM,1,2008
2008-11-30,2008,11,14.47,14.45,14.428798345178366,2008-12-01,LSTM,1,2008
2008-12-01,2008,12,14.45,14.42,14.417518284916877,2008-12-02,LSTM,1,2008
2008-12-02,2008,12,14.42,14.39,14.381199935525656,2008-12-03,LSTM,1,2008
2008-12-03,2008,12,14.39,14.35,14.350286553949118,2008-12-04,LSTM,1,2008
2008-12-04,2008,12,14.35,14.33,14.306962641328573,2008-12-05,LSTM,1,2008
2008-12-05,2008,12,14.33,14.31,14.30171094827354,2008-12-06,LSTM,1,2008
2008-12-06,2008,12,14.31,14.27,14.28266835346818,2008-12-07,LSTM,1,2008
2008-12-07,2008,12,14.27,14.26,14.22637397095561,2008-12-08,LSTM,1,2008
2008-12-08,2008,12,14.26,14.24,14.238472365066409,2008-12-09,LSTM,1,2008
2008-12-09,2008,12,14.24,14.21,14.213656987771392,2008-12-10,LSTM,1,2008
2008-12-10,2008,12,14.21,14.2,14.171843881756068,2008-12-11,LSTM,1,2008
2008-12-11,2008,12,14.2,14.18,14.179265918955206,2008-12-12,LSTM,1,2008
2008-12-12,2008,12,14.18,14.17,14.15283461689949,2008-12-13,LSTM,1,2008
2008-12-13,2008,12,14.17,14.15,14.146991031318903,2008-12-14,LSTM,1,2008
2008-12-14,2008,12,14.15,14.13,14.120972144976259,2008-12-15,LSTM,1,2008
2008-12-15,2008,12,14.13,14.1,14.100663329586387,2008-12-16,LSTM,1,2008
2008-12-16,2008,12,14.1,14.08,14.067231176793575,2008-12-17,LSTM,1,2008
2008-12-17,2008,12,14.08,14.06,14.054993893876672,2008-12-18,LSTM,1,2008
2008-12-18,2008,12,14.06,14.04,14.036426362991334,2008-12-19,LSTM,1,2008
2008-12-19,2008,12,14.04,14.02,14.014443707615136,2008-12-20,LSTM,1,2008
2008-12-20,2008,12,14.02,14.0,13.995025752559304,2008-12-21,LSTM,1,2008
2008-12-21,2008,12,14.0,13.98,13.975574223324656,2008-12-22,LSTM,1,2008
2008-12-22,2008,12,13.98,13.97,13.956096211001277,2008-12-23,LSTM,1,2008
2008-12-23,2008,12,13.97,13.95,13.95291339725256,2008-12-24,LSTM,1,2008
2008-12-24,2008,12,13.95,13.93,13.925757647305726,2008-12-25,LSTM,1,2008
2008-12-25,2008,12,13.93,13.91,13.905252587348222,2008-12-26,LSTM,1,2008
2008-12-26,2008,12,13.91,13.89,13.887702954784036,2008-12-27,LSTM,1,2008
2008-12-27,2008,12,13.89,13.87,13.867945534512401,2008-12-28,LSTM,1,2008
2008-12-28,2008,12,13.87,13.85,13.84807602211833,2008-12-29,LSTM,1,2008
2008-12-29,2008,12,13.85,13.84,13.828196322917938,2008-12-30,LSTM,1,2008
2008-12-30,2008,12,13.84,13.83,13.824436877071857,2008-12-31,LSTM,1,2008
2008-12-31,2008,12,13.83,13.81,13.813791410923004,2009-01-01,LSTM,1,2008
2009-01-01,2009,1,13.81,13.79,13.787422812953592,2009-01-02,LSTM,1,2009
2009-01-02,2009,1,13.79,13.77,13.76724438086152,2009-01-03,LSTM,1,2009
2009-01-03,2009,1,13.77,13.75,13.747679321542382,2009-01-04,LSTM,1,2009
2009-01-04,2009,1,13.75,13.74,13.727583233267069,2009-01-05,LSTM,1,2009
2009-01-05,2009,1,13.74,13.73,13.723196763321758,2009-01-06,LSTM,1,2009
2009-01-06,2009,1,13.73,13.71,13.713049221336842,2009-01-07,LSTM,1,2009
2009-01-07,2009,1,13.71,13.69,13.686940460503102,2009-01-08,LSTM,1,2009
2009-01-08,2009,1,13.69,13.67,13.666545106619596,2009-01-09,LSTM,1,2009
2009-01-09,2009,1,13.67,13.66,13.646874371990561,2009-01-10,LSTM,1,2009
2009-01-10,2009,1,13.66,13.65,13.642346545904875,2009-01-11,LSTM,1,2009
2009-01-11,2009,1,13.65,13.64,13.632317918911577,2009-01-12,LSTM,1,2009
2009-01-12,2009,1,13.64,13.62,13.621636932119728,2009-01-13,LSTM,1,2009
2009-01-13,2009,1,13.62,13.6,13.595856345146894,2009-01-14,LSTM,1,2009
2009-01-14,2009,1,13.6,13.587,13.575253578275442,2009-01-15,LSTM,1,2009
2009-01-15,2009,1,13.587,13.56,13.56651210848987,2009-01-16,LSTM,1,2009
2009-01-16,2009,1,13.56,13.55,13.531934260800481,2009-01-17,LSTM,1,2009
2009-01-17,2009,1,13.55,13.54,13.530384020134807,2009-01-18,LSTM,1,2009
2009-01-18,2009,1,13.54,13.53,13.521376441195606,2009-01-19,LSTM,1,2009
2009-01-19,2009,1,13.53,13.51,13.51021227121353,2009-01-20,LSTM,1,2009
2009-01-20,2009,1,13.51,13.49,13.484365919828415,2009-01-21,LSTM,1,2009
2009-01-21,2009,1,13.49,13.47,13.463634971305728,2009-01-22,LSTM,1,2009
2009-01-22,2009,1,13.47,13.46,13.443837647587062,2009-01-23,LSTM,1,2009
2009-01-23,2009,1,13.46,13.45,13.439443520307542,2009-01-24,LSTM,1,2009
2009-01-24,2009,1,13.45,13.44,13.429647986590862,2009-01-25,LSTM,1,2009
2009-01-25,2009,1,13.44,13.43,13.418941284120082,2009-01-26,LSTM,1,2009
2009-01-26,2009,1,13.43,13.43,13.408646265342831,2009-01-27,LSTM,1,2009
2009-01-27,2009,1,13.43,13.42,13.414611843712628,2009-01-28,LSTM,1,2009
2009-01-28,2009,1,13.42,13.41,13.398437308222055,2009-01-29,LSTM,1,2009
2009-01-29,2009,1,13.41,13.4,13.387378385141492,2009-01-30,LSTM,1,2009
2009-01-30,2009,1,13.4,13.39,13.377726923301816,2009-01-31,LSTM,1,2009
2009-01-31,2009,1,13.39,13.37,13.367541614323855,2009-02-01,LSTM,1,2009
2009-02-01,2009,2,13.37,13.37,13.341282605081796,2009-02-02,LSTM,1,2009
2009-02-02,2009,2,13.37,13.36,13.353363969251513,2009-02-03,LSTM,1,2009
2009-02-03,2009,2,13.36,13.36,13.338087674826383,2009-02-04,LSTM,1,2009
2009-02-04,2009,2,13.36,13.36,13.342972150668501,2009-02-05,LSTM,1,2009
2009-02-05,2009,2,13.36,13.36,13.34410689458251,2009-02-06,LSTM,1,2009
2009-02-06,2009,2,13.36,13.36,13.343639284968376,2009-02-07,LSTM,1,2009
2009-02-07,2009,2,13.36,13.36,13.343634684234857,2009-02-08,LSTM,1,2009
2009-02-08,2009,2,13.36,13.35,13.343965784311294,2009-02-09,LSTM,1,2009
2009-02-09,2009,2,13.35,13.35,13.326553520187735,2009-02-10,LSTM,1,2009
2009-02-10,2009,2,13.35,13.34,13.333187733218073,2009-02-11,LSTM,1,2009
2009-02-11,2009,2,13.34,13.33,13.317109231054783,2009-02-12,LSTM,1,2009
2009-02-12,2009,2,13.33,13.31,13.305893141701818,2009-02-13,LSTM,1,2009
2009-02-13,2009,2,13.31,13.29,13.279913572072983,2009-02-14,LSTM,1,2009
2009-02-14,2009,2,13.29,13.27,13.259108743593096,2009-02-15,LSTM,1,2009
2009-02-15,2009,2,13.27,13.25,13.239679838046431,2009-02-16,LSTM,1,2009
2009-02-16,2009,2,13.25,13.23,13.219773197546601,2009-02-17,LSTM,1,2009
2009-02-17,2009,2,13.23,13.22,13.199767605885864,2009-02-18,LSTM,1,2009
2009-02-18,2009,2,13.22,13.21,13.195750768557192,2009-02-19,LSTM,1,2009
2009-02-19,2009,2,13.21,13.2,13.186482583209873,2009-02-20,LSTM,1,2009
2009-02-20,2009,2,13.2,13.19,13.176027747616171,2009-02-21,LSTM,1,2009
2009-02-21,2009,2,13.19,13.17,13.16614430077374,2009-02-22,LSTM,1,2009
2009-02-22,2009,2,13.17,13.15,13.139973796978593,2009-02-23,LSTM,1,2009
2009-02-23,2009,2,13.15,13.14,13.1190903108567,2009-02-24,LSTM,1,2009
2009-02-24,2009,2,13.14,13.13,13.116146418601275,2009-02-25,LSTM,1,2009
2009-02-25,2009,2,13.13,13.12,13.107121779695154,2009-02-26,LSTM,1,2009
2009-02-26,2009,2,13.12,13.11,13.09672788798809,2009-02-27,LSTM,1,2009
2009-02-27,2009,2,13.11,13.1,13.086923160254955,2009-02-28,LSTM,1,2009
2009-02-28,2009,2,13.1,13.12,13.077066112682223,2009-03-01,LSTM,1,2009
2009-03-01,2009,3,13.12,13.15,13.119591912783216,2009-03-02,LSTM,1,2009
2009-03-02,2009,3,13.15,13.17,13.157298041135073,2009-03-03,LSTM,1,2009
2009-03-03,2009,3,13.17,13.2,13.164339891243726,2009-03-04,LSTM,1,2009
2009-03-04,2009,3,13.2,13.26,13.206966571789234,2009-03-05,LSTM,1,2009
2009-03-05,2009,3,13.26,13.35,13.305255247503519,2009-03-06,LSTM,1,2009
2009-03-06,2009,3,13.35,13.45,13.424775978922844,2009-03-07,LSTM,1,2009
2009-03-07,2009,3,13.45,13.5,13.53044747263193,2009-03-08,LSTM,1,2009
2009-03-08,2009,3,13.5,13.52,13.51242892537266,2009-03-09,LSTM,1,2009
2009-03-09,2009,3,13.52,13.53,13.511539908573031,2009-03-10,LSTM,1,2009
2009-03-10,2009,3,13.53,13.5,13.528133075074292,2009-03-11,LSTM,1,2009
2009-03-11,2009,3,13.5,13.46,13.467710379511118,2009-03-12,LSTM,1,2009
2009-03-12,2009,3,13.46,13.44,13.418819188177586,2009-03-13,LSTM,1,2009
2009-03-13,2009,3,13.44,13.42,13.417751681581139,2009-03-14,LSTM,1,2009
2009-03-14,2009,3,13.42,13.39,13.39892147116363,2009-03-15,LSTM,1,2009
2009-03-15,2009,3,13.39,13.37,13.360143185928465,2009-03-16,LSTM,1,2009
2009-03-16,2009,3,13.37,13.38,13.345215142592787,2009-03-17,LSTM,1,2009
2009-03-17,2009,3,13.38,13.4,13.37790735775605,2009-03-18,LSTM,1,2009
2009-03-18,2009,3,13.4,13.43,13.405244623403997,2009-03-19,LSTM,1,2009
2009-03-19,2009,3,13.43,13.45,13.444495794661343,2009-03-20,LSTM,1,2009
2009-03-20,2009,3,13.45,13.46,13.453889390965923,2009-03-21,LSTM,1,2009
2009-03-21,2009,3,13.46,13.47,13.458727938043886,2009-03-22,LSTM,1,2009
2009-03-22,2009,3,13.47,13.47,13.47419752066955,2009-03-23,LSTM,1,2009
2009-03-23,2009,3,13.47,13.45,13.469067436612677,2009-03-24,LSTM,1,2009
2009-03-24,2009,3,13.45,13.43,13.433547078445553,2009-03-25,LSTM,1,2009
2009-03-25,2009,3,13.43,13.41,13.41335674777627,2009-03-26,LSTM,1,2009
2009-03-26,2009,3,13.41,13.4,13.394710865654051,2009-03-27,LSTM,1,2009
2009-03-27,2009,3,13.4,13.4,13.392216757964343,2009-03-28,LSTM,1,2009
2009-03-28,2009,3,13.4,13.39,13.400991962733679,2009-03-29,LSTM,1,2009
2009-03-29,2009,3,13.39,13.39,13.382505547124893,2009-03-30,LSTM,1,2009
2009-03-30,2009,3,13.39,13.39,13.390521401816514,2009-03-31,LSTM,1,2009
2009-03-31,2009,3,13.39,13.38,13.393822499886156,2009-04-01,LSTM,1,2009
2009-04-01,2009,4,13.38,13.39,13.375816559530795,2009-04-02,LSTM,1,2009
2009-04-02,2009,4,13.39,13.5,13.40520389597863,2009-04-03,LSTM,1,2009
2009-04-03,2009,4,13.5,13.54,13.613634787499905,2009-04-04,LSTM,1,2009
2009-04-04,2009,4,13.54,13.55,13.55553963124752,2009-04-05,LSTM,1,2009
2009-04-05,2009,4,13.55,13.54,13.545582788251341,2009-04-06,LSTM,1,2009
2009-04-06,2009,4,13.54,13.54,13.536787952957674,2009-04-07,LSTM,1,2009
2009-04-07,2009,4,13.54,13.6,13.550532496497034,2009-04-08,LSTM,1,2009
2009-04-08,2009,4,13.6,13.7,13.682970641553402,2009-04-09,LSTM,1,2009
2009-04-09,2009,4,13.7,13.82,13.804980267584323,2009-04-10,LSTM,1,2009
2009-04-10,2009,4,13.82,13.87,13.923948026895523,2009-04-11,LSTM,1,2009
2009-04-11,2009,4,13.87,13.89,13.884501818455755,2009-04-12,LSTM,1,2009
2009-04-12,2009,4,13.89,13.83,13.893418997861446,2009-04-13,LSTM,1,2009
2009-04-13,2009,4,13.83,13.85,13.782905796468258,2009-04-14,LSTM,1,2009
2009-04-14,2009,4,13.85,13.93,13.892068507522344,2009-04-15,LSTM,1,2009
2009-04-15,2009,4,13.93,13.99,14.045299366414547,2009-04-16,LSTM,1,2009
2009-04-16,2009,4,13.99,14.07,14.053234396278858,2009-04-17,LSTM,1,2009
2009-04-17,2009,4,14.07,14.16,14.156195588111878,2009-04-18,LSTM,1,2009
2009-04-18,2009,4,14.16,14.22,14.251634504497051,2009-04-19,LSTM,1,2009
2009-04-19,2009,4,14.22,14.28,14.26959123581648,2009-04-20,LSTM,1,2009
2009-04-20,2009,4,14.28,14.32,14.346366314888,2009-04-21,LSTM,1,2009
2009-04-21,2009,4,14.32,14.3,14.364257912784815,2009-04-22,LSTM,1,2009
2009-04-22,2009,4,14.3,14.21,14.278670401498676,2009-04-23,LSTM,1,2009
2009-04-23,2009,4,14.21,14.28,14.14995686620474,2009-04-24,LSTM,1,2009
2009-04-24,2009,4,14.28,14.43,14.39902991682291,2009-04-25,LSTM,1,2009
2009-04-25,2009,4,14.43,14.63,14.606290169358253,2009-04-26,LSTM,1,2009
2009-04-26,2009,4,14.63,14.71,14.815550943017007,2009-04-27,LSTM,1,2009
2009-04-27,2009,4,14.71,14.71,14.704245948735625,2009-04-28,LSTM,1,2009
2009-04-28,2009,4,14.71,14.62,14.662734909951688,2009-04-29,LSTM,1,2009
2009-04-29,2009,4,14.62,14.73,14.551567020714282,2009-04-30,LSTM,1,2009
2009-04-30,2009,4,14.73,14.82,14.904618631601334,2009-05-01,LSTM,1,2009
2009-05-01,2009,5,14.82,14.91,14.920625962018967,2009-05-02,LSTM,1,2009
2009-05-02,2009,5,14.91,14.86,15.005630832016468,2009-05-03,LSTM,1,2009
2009-05-03,2009,5,14.86,14.85,14.782906503081321,2009-05-04,LSTM,1,2009
2009-05-04,2009,5,14.85,14.82,14.850517080596182,2009-05-05,LSTM,1,2009
2009-05-05,2009,5,14.82,14.77,14.822790025202558,2009-05-06,LSTM,1,2009
2009-05-06,2009,5,14.77,14.76,14.743838336765766,2009-05-07,LSTM,1,2009
2009-05-07,2009,5,14.76,14.74,14.78437675371766,2009-05-08,LSTM,1,2009
2009-05-08,2009,5,14.74,14.73,14.756081433743239,2009-05-09,LSTM,1,2009
2009-05-09,2009,5,14.73,14.71,14.750406506955624,2009-05-10,LSTM,1,2009
2009-05-10,2009,5,14.71,14.79,14.724188285917045,2009-05-11,LSTM,1,2009
2009-05-11,2009,5,14.79,14.87,14.913416319489478,2009-05-12,LSTM,1,2009
2009-05-12,2009,5,14.87,14.92,14.971560570299625,2009-05-13,LSTM,1,2009
2009-05-13,2009,5,14.92,14.95,14.97787030979991,2009-05-14,LSTM,1,2009
2009-05-14,2009,5,14.95,15.03,15.001476132124662,2009-05-15,LSTM,1,2009
2009-05-15,2009,5,15.03,15.11,15.164120553731918,2009-05-16,LSTM,1,2009
2009-05-16,2009,5,15.11,15.19,15.21647115856409,2009-05-17,LSTM,1,2009
2009-05-17,2009,5,15.19,15.22,15.292469362318515,2009-05-18,LSTM,1,2009
2009-05-18,2009,5,15.22,15.17,15.250036348849536,2009-05-19,LSTM,1,2009
2009-05-19,2009,5,15.17,14.99,15.119474770575762,2009-05-20,LSTM,1,2009
2009-05-20,2009,5,14.99,14.95,14.89082785487175,2009-05-21,LSTM,1,2009
2009-05-21,2009,5,14.95,14.91,14.92837135568261,2009-05-22,LSTM,1,2009
2009-05-22,2009,5,14.91,14.87,14.925907302498818,2009-05-23,LSTM,1,2009
2009-05-23,2009,5,14.87,14.8,14.862823042441159,2009-05-24,LSTM,1,2009
2009-05-24,2009,5,14.8,14.8,14.773529955372215,2009-05-25,LSTM,1,2009
2009-05-25,2009,5,14.8,14.83,14.836429710686208,2009-05-26,LSTM,1,2009
2009-05-26,2009,5,14.83,15.07,14.897127376794815,2009-05-27,LSTM,1,2009
2009-05-27,2009,5,15.07,16.29,15.388883299827576,2009-05-28,LSTM,1,2009
2009-05-28,2009,5,16.29,16.4,16.680762895345687,2009-05-29,LSTM,1,2009
2009-05-29,2009,5,16.4,16.2,16.378628575801848,2009-05-30,LSTM,1,2009
2009-05-30,2009,5,16.2,15.98,16.123779390752315,2009-05-31,LSTM,1,2009
2009-05-31,2009,5,15.98,15.93,15.913559902012349,2009-06-01,LSTM,1,2009
2009-06-01,2009,6,15.93,15.99,15.957775207534432,2009-06-02,LSTM,1,2009
2009-06-02,2009,6,15.99,16.05,16.08095832705498,2009-06-03,LSTM,1,2009
2009-06-03,2009,6,16.05,16.01,16.182719695568085,2009-06-04,LSTM,1,2009
2009-06-04,2009,6,16.01,15.92,15.965720331519844,2009-06-05,LSTM,1,2009
2009-06-05,2009,6,15.92,15.87,15.85661404401064,2009-06-06,LSTM,1,2009
2009-06-06,2009,6,15.87,15.85,15.869459802464116,2009-06-07,LSTM,1,2009
2009-06-07,2009,6,15.85,15.85,15.900275396555662,2009-06-08,LSTM,1,2009
2009-06-08,2009,6,15.85,15.82,15.91395822763443,2009-06-09,LSTM,1,2009
2009-06-09,2009,6,15.82,15.82,15.830893733240664,2009-06-10,LSTM,1,2009
2009-06-10,2009,6,15.82,15.75,15.867461930662394,2009-06-11,LSTM,1,2009
2009-06-11,2009,6,15.75,15.74,15.731167431920767,2009-06-12,LSTM,1,2009
2009-06-12,2009,6,15.74,15.82,15.787107078135014,2009-06-13,LSTM,1,2009
2009-06-13,2009,6,15.82,15.89,16.003281257748604,2009-06-14,LSTM,1,2009
2009-06-14,2009,6,15.89,16.06,16.04094992518425,2009-06-15,LSTM,1,2009
2009-06-15,2009,6,16.06,16.24,16.32948794722557,2009-06-16,LSTM,1,2009
2009-06-16,2009,6,16.24,16.46,16.45750147640705,2009-06-17,LSTM,1,2009
2009-06-17,2009,6,16.46,16.57,16.714895597696305,2009-06-18,LSTM,1,2009
2009-06-18,2009,6,16.57,16.57,16.652597486674786,2009-06-19,LSTM,1,2009
2009-06-19,2009,6,16.57,16.43,16.546376621052623,2009-06-20,LSTM,1,2009
2009-06-20,2009,6,16.43,16.26,16.361128062307834,2009-06-21,LSTM,1,2009
2009-06-21,2009,6,16.26,16.22,16.185328701734544,2009-06-22,LSTM,1,2009
2009-06-22,2009,6,16.22,16.11,16.27078227072954,2009-06-23,LSTM,1,2009
2009-06-23,2009,6,16.11,16.22,16.073849410414695,2009-06-24,LSTM,1,2009
2009-06-24,2009,6,16.22,16.27,16.34405579537153,2009-06-25,LSTM,1,2009
2009-06-25,2009,6,16.27,16.31,16.327725381106138,2009-06-26,LSTM,1,2009
2009-06-26,2009,6,16.31,16.22,16.368320194482802,2009-06-27,LSTM,1,2009
2009-06-27,2009,6,16.22,16.3,16.170507782399653,2009-06-28,LSTM,1,2009
2009-06-28,2009,6,16.3,16.67,16.493715125322343,2009-06-29,LSTM,1,2009
2009-06-29,2009,6,16.67,16.84,17.151591165065767,2009-06-30,LSTM,1,2009
2009-06-30,2009,6,16.84,17.07,16.959498506188392,2009-07-01,LSTM,1,2009
2009-07-01,2009,7,17.07,17.6,17.365913457870484,2009-07-02,LSTM,1,2009
2009-07-02,2009,7,17.6,17.98,18.029248958826066,2009-07-03,LSTM,1,2009
2009-07-03,2009,7,17.98,18.57,18.208962302207947,2009-07-04,LSTM,1,2009
2009-07-04,2009,7,18.57,18.67,18.88802085042,2009-07-05,LSTM,1,2009
2009-07-05,2009,7,18.67,18.83,18.671726359827446,2009-07-06,LSTM,1,2009
2009-07-06,2009,7,18.83,18.91,18.96707810640335,2009-07-07,LSTM,1,2009
2009-07-07,2009,7,18.91,18.83,18.923909318484366,2009-07-08,LSTM,1,2009
2009-07-08,2009,7,18.83,18.57,18.68725240409374,2009-07-09,LSTM,1,2009
2009-07-09,2009,7,18.57,18.44,18.39027080655098,2009-07-10,LSTM,1,2009
2009-07-10,2009,7,18.44,18.32,18.443491517156364,2009-07-11,LSTM,1,2009
2009-07-11,2009,7,18.32,18.28,18.321365695614368,2009-07-12,LSTM,1,2009
2009-07-12,2009,7,18.28,18.25,18.294951259829105,2009-07-13,LSTM,1,2009
2009-07-13,2009,7,18.25,18.2,18.251132844830863,2009-07-14,LSTM,1,2009
2009-07-14,2009,7,18.2,18.17,18.18524196911603,2009-07-15,LSTM,1,2009
2009-07-15,2009,7,18.17,18.09,18.16759017210454,2009-07-16,LSTM,1,2009
2009-07-16,2009,7,18.09,17.99,18.07306369408965,2009-07-17,LSTM,1,2009
2009-07-17,2009,7,17.99,17.86,17.96381845489144,2009-07-18,LSTM,1,2009
2009-07-18,2009,7,17.86,17.74,17.82549165993929,2009-07-19,LSTM,1,2009
2009-07-19,2009,7,17.74,17.58,17.70751660481095,2009-07-20,LSTM,1,2009
2009-07-20,2009,7,17.58,17.39,17.53336003601551,2009-07-21,LSTM,1,2009
2009-07-21,2009,7,17.39,17.32,17.32861212208867,2009-07-22,LSTM,1,2009
2009-07-22,2009,7,17.32,17.27,17.32242978380993,2009-07-23,LSTM,1,2009
2009-07-23,2009,7,17.27,17.19,17.2758525307104,2009-07-24,LSTM,1,2009
2009-07-24,2009,7,17.19,17.16,17.16781137377024,2009-07-25,LSTM,1,2009
2009-07-25,2009,7,17.16,17.12,17.163793298033998,2009-07-26,LSTM,1,2009
2009-07-26,2009,7,17.12,17.12,17.11469293281436,2009-07-27,LSTM,1,2009
2009-07-27,2009,7,17.12,17.4,17.13501484680921,2009-07-28,LSTM,1,2009
2009-07-28,2009,7,17.4,17.72,17.692268961668013,2009-07-29,LSTM,1,2009
2009-07-29,2009,7,17.72,17.93,18.029129178524016,2009-07-30,LSTM,1,2009
2009-07-30,2009,7,17.93,18.15,18.175034471154213,2009-07-31,LSTM,1,2009
2009-07-31,2009,7,18.15,18.36,18.410838657617568,2009-08-01,LSTM,1,2009
2009-08-01,2009,8,18.36,18.42,18.5594898468256,2009-08-02,LSTM,1,2009
2009-08-02,2009,8,18.42,18.39,18.47238337814808,2009-08-03,LSTM,1,2009
2009-08-03,2009,8,18.39,18.33,18.31706374078989,2009-08-04,LSTM,1,2009
2009-08-04,2009,8,18.33,18.34,18.281285053044556,2009-08-05,LSTM,1,2009
2009-08-05,2009,8,18.34,18.39,18.381270222514868,2009-08-06,LSTM,1,2009
2009-08-06,2009,8,18.39,18.45,18.448984220027924,2009-08-07,LSTM,1,2009
2009-08-07,2009,8,18.45,18.42,18.509319999068975,2009-08-08,LSTM,1,2009
2009-08-08,2009,8,18.42,18.41,18.408116745837035,2009-08-09,LSTM,1,2009
2009-08-09,2009,8,18.41,18.36,18.415315688904375,2009-08-10,LSTM,1,2009
2009-08-10,2009,8,18.36,18.32,18.34700325936079,2009-08-11,LSTM,1,2009
2009-08-11,2009,8,18.32,18.25,18.31560597864911,2009-08-12,LSTM,1,2009
2009-08-12,2009,8,18.25,18.24,18.228686848655343,2009-08-13,LSTM,1,2009
2009-08-13,2009,8,18.24,18.4,18.252347845360635,2009-08-14,LSTM,1,2009
2009-08-14,2009,8,18.4,18.54,18.51190614849329,2009-08-15,LSTM,1,2009
2009-08-15,2009,8,18.54,18.55,18.665858560204505,2009-08-16,LSTM,1,2009
2009-08-16,2009,8,18.55,19.04,18.576204308494926,2009-08-17,LSTM,1,2009
2009-08-17,2009,8,19.04,19.27,19.438426592350005,2009-08-18,LSTM,1,2009
2009-08-18,2009,8,19.27,19.27,19.383895900547504,2009-08-19,LSTM,1,2009
2009-08-19,2009,8,19.27,19.15,19.213661849945783,2009-08-20,LSTM,1,2009
2009-08-20,2009,8,19.15,19.33,19.014061161875723,2009-08-21,LSTM,1,2009
2009-08-21,2009,8,19.33,19.4,19.468911321759222,2009-08-22,LSTM,1,2009
2009-08-22,2009,8,19.4,19.29,19.451799368113278,2009-08-23,LSTM,1,2009
2009-08-23,2009,8,19.29,19.23,19.175378301143645,2009-08-24,LSTM,1,2009
2009-08-24,2009,8,19.23,19.2,19.187257863134146,2009-08-25,LSTM,1,2009
2009-08-25,2009,8,19.2,19.19,19.19532679049298,2009-08-26,LSTM,1,2009
2009-08-26,2009,8,19.19,19.18,19.187606024844573,2009-08-27,LSTM,1,2009
2009-08-27,2009,8,19.18,19.16,19.172744918446988,2009-08-28,LSTM,1,2009
2009-08-28,2009,8,19.16,19.13,19.14234423622489,2009-08-29,LSTM,1,2009
2009-08-29,2009,8,19.13,19.03,19.108553641587495,2009-08-30,LSTM,1,2009
2009-08-30,2009,8,19.03,18.94,18.965425706207753,2009-08-31,LSTM,1,2009
2009-08-31,2009,8,18.94,18.79,18.885484574884178,2009-09-01,LSTM,1,2009
2009-09-01,2009,9,18.79,18.67,18.705035039186477,2009-09-02,LSTM,1,2009
2009-09-02,2009,9,18.67,18.55,18.595081610679628,2009-09-03,LSTM,1,2009
2009-09-03,2009,9,18.55,18.4,18.477641429007054,2009-09-04,LSTM,1,2009
2009-09-04,2009,9,18.4,18.29,18.3066658988595,2009-09-05,LSTM,1,2009
2009-09-05,2009,9,18.29,18.07,18.218208224475383,2009-09-06,LSTM,1,2009
2009-09-06,2009,9,18.07,17.96,17.95705713301897,2009-09-07,LSTM,1,2009
2009-09-07,2009,9,17.96,17.74,17.886904998719693,2009-09-08,LSTM,1,2009
2009-09-08,2009,9,17.74,17.61,17.62758038729429,2009-09-09,LSTM,1,2009
2009-09-09,2009,9,17.61,17.52,17.51053267031908,2009-09-10,LSTM,1,2009
2009-09-10,2009,9,17.52,17.31,17.471057266443967,2009-09-11,LSTM,1,2009
2009-09-11,2009,9,17.31,17.25,17.19742384314537,2009-09-12,LSTM,1,2009
2009-09-12,2009,9,17.25,17.14,17.21970103867352,2009-09-13,LSTM,1,2009
2009-09-13,2009,9,17.14,17.14,17.081983472555876,2009-09-14,LSTM,1,2009
2009-09-14,2009,9,17.14,17.07,17.147496134378017,2009-09-15,LSTM,1,2009
2009-09-15,2009,9,17.07,17.0,17.028200465887785,2009-09-16,LSTM,1,2009
2009-09-16,2009,9,17.0,16.94,16.955776121467352,2009-09-17,LSTM,1,2009
2009-09-17,2009,9,16.94,16.93,16.90948919259012,2009-09-18,LSTM,1,2009
2009-09-18,2009,9,16.93,16.99,16.935769774783402,2009-09-19,LSTM,1,2009
2009-09-19,2009,9,16.99,17.2,17.033284207582472,2009-09-20,LSTM,1,2009
2009-09-20,2009,9,17.2,17.3,17.355485972762107,2009-09-21,LSTM,1,2009
2009-09-21,2009,9,17.3,17.3,17.33895242512226,2009-09-22,LSTM,1,2009
2009-09-22,2009,9,17.3,17.23,17.29591129552573,2009-09-23,LSTM,1,2009
2009-09-23,2009,9,17.23,17.31,17.171035509109497,2009-09-24,LSTM,1,2009
2009-09-24,2009,9,17.31,17.51,17.415792835354804,2009-09-25,LSTM,1,2009
2009-09-25,2009,9,17.51,17.63,17.666564801931383,2009-09-26,LSTM,1,2009
2009-09-26,2009,9,17.63,17.65,17.651682115271687,2009-09-27,LSTM,1,2009
2009-09-27,2009,9,17.65,17.57,17.663981491327284,2009-09-28,LSTM,1,2009
2009-09-28,2009,9,17.57,17.46,17.488586499989033,2009-09-29,LSTM,1,2009
2009-09-29,2009,9,17.46,17.24,17.372639901041985,2009-09-30,LSTM,1,2009
2009-09-30,2009,9,17.24,17.12,17.096899991631506,2009-10-01,LSTM,1,2009
2009-10-01,2009,10,17.12,17.02,17.02463600307703,2009-10-02,LSTM,1,2009
2009-10-02,2009,10,17.02,16.92,16.965992533117532,2009-10-03,LSTM,1,2009
2009-10-03,2009,10,16.92,16.76,16.84632767558098,2009-10-04,LSTM,1,2009
2009-10-04,2009,10,16.76,16.62,16.655932622253896,2009-10-05,LSTM,1,2009
2009-10-05,2009,10,16.62,16.47,16.5139478546381,2009-10-06,LSTM,1,2009
2009-10-06,2009,10,16.47,16.36,16.369871803820132,2009-10-07,LSTM,1,2009
2009-10-07,2009,10,16.36,16.62,16.27392684727907,2009-10-08,LSTM,1,2009
2009-10-08,2009,10,16.62,17.56,16.810816208720208,2009-10-09,LSTM,1,2009
2009-10-09,2009,10,17.56,17.67,17.833711681365966,2009-10-10,LSTM,1,2009
2009-10-10,2009,10,17.67,17.41,17.723853504359724,2009-10-11,LSTM,1,2009
2009-10-11,2009,10,17.41,17.26,17.27112928390503,2009-10-12,LSTM,1,2009
2009-10-12,2009,10,17.26,17.14,17.083725283145906,2009-10-13,LSTM,1,2009
2009-10-13,2009,10,17.14,17.21,17.068669020533562,2009-10-14,LSTM,1,2009
2009-10-14,2009,10,17.21,17.33,17.334303303658963,2009-10-15,LSTM,1,2009
2009-10-15,2009,10,17.33,17.34,17.417518468499182,2009-10-16,LSTM,1,2009
2009-10-16,2009,10,17.34,17.25,17.33881913990248,2009-10-17,LSTM,1,2009
2009-10-17,2009,10,17.25,17.08,17.15152545273304,2009-10-18,LSTM,1,2009
2009-10-18,2009,10,17.08,16.9,16.940469982028006,2009-10-19,LSTM,1,2009
2009-10-19,2009,10,16.9,16.68,16.752263167500494,2009-10-20,LSTM,1,2009
2009-10-20,2009,10,16.68,16.48,16.538342990279197,2009-10-21,LSTM,1,2009
2009-10-21,2009,10,16.48,16.27,16.33971949994564,2009-10-22,LSTM,1,2009
2009-10-22,2009,10,16.27,16.16,16.131003905534744,2009-10-23,LSTM,1,2009
2009-10-23,2009,10,16.16,16.08,16.0547035074234,2009-10-24,LSTM,1,2009
2009-10-24,2009,10,16.08,16.0,15.994798706769942,2009-10-25,LSTM,1,2009
2009-10-25,2009,10,16.0,15.96,15.92045621573925,2009-10-26,LSTM,1,2009
2009-10-26,2009,10,15.96,15.93,15.902233100533486,2009-10-27,LSTM,1,2009
2009-10-27,2009,10,15.93,15.8,15.881434783637523,2009-10-28,LSTM,1,2009
2009-10-28,2009,10,15.8,15.73,15.712085957825185,2009-10-29,LSTM,1,2009
2009-10-29,2009,10,15.73,15.65,15.65602962255478,2009-10-30,LSTM,1,2009
2009-10-30,2009,10,15.65,15.58,15.584606164693833,2009-10-31,LSTM,1,2009
2009-10-31,2009,10,15.58,15.49,15.511751534342766,2009-11-01,LSTM,1,2009
2009-11-01,2009,11,15.49,15.42,15.414030050635338,2009-11-02,LSTM,1,2009
2009-11-02,2009,11,15.42,15.37,15.351113496422768,2009-11-03,LSTM,1,2009
2009-11-03,2009,11,15.37,15.28,15.312086596041917,2009-11-04,LSTM,1,2009
2009-11-04,2009,11,15.28,15.22,15.206942855119705,2009-11-05,LSTM,1,2009
2009-11-05,2009,11,15.22,15.17,15.156443373560906,2009-11-06,LSTM,1,2009
2009-11-06,2009,11,15.17,15.13,15.115245709270239,2009-11-07,LSTM,1,2009
2009-11-07,2009,11,15.13,15.07,15.078715295642615,2009-11-08,LSTM,1,2009
2009-11-08,2009,11,15.07,15.04,15.01030487537384,2009-11-09,LSTM,1,2009
2009-11-09,2009,11,15.04,15.01,14.996289168447255,2009-11-10,LSTM,1,2009
2009-11-10,2009,11,15.01,14.95,14.966221669912338,2009-11-11,LSTM,1,2009
2009-11-11,2009,11,14.95,14.9,14.891746558994054,2009-11-12,LSTM,1,2009
2009-11-12,2009,11,14.9,14.85,14.847033818811179,2009-11-13,LSTM,1,2009
2009-11-13,2009,11,14.85,14.8,14.79985943287611,2009-11-14,LSTM,1,2009
2009-11-14,2009,11,14.8,14.74,14.749778459966183,2009-11-15,LSTM,1,2009
2009-11-15,2009,11,14.74,14.7,14.686684535592795,2009-11-16,LSTM,1,2009
2009-11-16,2009,11,14.7,14.67,14.656638481467962,2009-11-17,LSTM,1,2009
2009-11-17,2009,11,14.67,14.63,14.631675103753805,2009-11-18,LSTM,1,2009
2009-11-18,2009,11,14.63,14.62,14.586440795212985,2009-11-19,LSTM,1,2009
2009-11-19,2009,11,14.62,14.6,14.594005237221717,2009-11-20,LSTM,1,2009
2009-11-20,2009,11,14.6,14.59,14.567052970081567,2009-11-21,LSTM,1,2009
2009-11-21,2009,11,14.59,14.57,14.562880879417062,2009-11-22,LSTM,1,2009
2009-11-22,2009,11,14.57,14.55,14.538126989901066,2009-11-23,LSTM,1,2009
2009-11-23,2009,11,14.55,14.63,14.518831716105343,2009-11-24,LSTM,1,2009
2009-11-24,2009,11,14.63,14.95,14.689989824891091,2009-11-25,LSTM,1,2009
2009-11-25,2009,11,14.95,15.0,15.128534403443336,2009-11-26,LSTM,1,2009
2009-11-26,2009,11,15.0,15.0,14.979780919849873,2009-11-27,LSTM,1,2009
2009-11-27,2009,11,15.0,14.87,14.969022633507848,2009-11-28,LSTM,1,2009
2009-11-28,2009,11,14.87,14.73,14.781007054150104,2009-11-29,LSTM,1,2009
2009-11-29,2009,11,14.73,14.64,14.628204110562802,2009-11-30,LSTM,1,2009
2009-11-30,2009,11,14.64,14.61,14.578166216015816,2009-12-01,LSTM,1,2009
2009-12-01,2009,12,14.61,14.52,14.600856315940618,2009-12-02,LSTM,1,2009
2009-12-02,2009,12,14.52,14.48,14.465463750511407,2009-12-03,LSTM,1,2009
2009-12-03,2009,12,14.48,14.4,14.440889909416438,2009-12-04,LSTM,1,2009
2009-12-04,2009,12,14.4,14.38,14.350933821499348,2009-12-05,LSTM,1,2009
2009-12-05,2009,12,14.38,14.35,14.351936644986273,2009-12-06,LSTM,1,2009
2009-12-06,2009,12,14.35,14.31,14.318724403530359,2009-12-07,LSTM,1,2009
2009-12-07,2009,12,14.31,14.29,14.273651482015849,2009-12-08,LSTM,1,2009
2009-12-08,2009,12,14.29,14.27,14.263164413124322,2009-12-09,LSTM,1,2009
2009-12-09,2009,12,14.27,14.25,14.244583504721522,2009-12-10,LSTM,1,2009
2009-12-10,2009,12,14.25,14.22,14.223782699555159,2009-12-11,LSTM,1,2009
2009-12-11,2009,12,14.22,14.2,14.189960376620293,2009-12-12,LSTM,1,2009
2009-12-12,2009,12,14.2,14.17,14.175600095465779,2009-12-13,LSTM,1,2009
2009-12-13,2009,12,14.17,14.16,14.140972750335932,2009-12-14,LSTM,1,2009
2009-12-14,2009,12,14.16,14.13,14.142440181076527,2009-12-15,LSTM,1,2009
2009-12-15,2009,12,14.13,14.12,14.101629800274969,2009-12-16,LSTM,1,2009
2009-12-16,2009,12,14.12,14.11,14.102120314612984,2009-12-17,LSTM,1,2009
2009-12-17,2009,12,14.11,14.07,14.092609871774911,2009-12-18,LSTM,1,2009
2009-12-18,2009,12,14.07,14.05,14.036710463166237,2009-12-19,LSTM,1,2009
2009-12-19,2009,12,14.05,14.01,14.026834984496237,2009-12-20,LSTM,1,2009
2009-12-20,2009,12,14.01,13.98,13.978579430133104,2009-12-21,LSTM,1,2009
2009-12-21,2009,12,13.98,13.96,13.95228036634624,2009-12-22,LSTM,1,2009
2009-12-22,2009,12,13.96,13.94,13.938903755545617,2009-12-23,LSTM,1,2009
2009-12-23,2009,12,13.94,13.92,13.9183191177994,2009-12-24,LSTM,1,2009
2009-12-24,2009,12,13.92,13.92,13.897704102173448,2009-12-25,LSTM,1,2009
2009-12-25,2009,12,13.92,13.91,13.90921692930162,2009-12-26,LSTM,1,2009
2009-12-26,2009,12,13.91,13.9,13.892683209702373,2009-12-27,LSTM,1,2009
2009-12-27,2009,12,13.9,13.89,13.882158878818155,2009-12-28,LSTM,1,2009
2009-12-28,2009,12,13.89,13.89,13.872902336865664,2009-12-29,LSTM,1,2009
2009-12-29,2009,12,13.89,13.88,13.87928258754313,2009-12-30,LSTM,1,2009
2009-12-30,2009,12,13.88,13.85,13.862748301699758,2009-12-31,LSTM,1,2009
2009-12-31,2009,12,13.85,13.83,13.821295176073908,2010-01-01,LSTM,1,2009
2010-01-01,2010,1,13.83,13.79,13.810113498866558,2010-01-02,LSTM,1,2010
2010-01-02,2010,1,13.79,13.76,13.760619149506091,2010-01-03,LSTM,1,2010
2010-01-03,2010,1,13.76,13.73,13.732304627299309,2010-01-04,LSTM,1,2010
2010-01-04,2010,1,13.73,13.71,13.704013639613986,2010-01-05,LSTM,1,2010
2010-01-05,2010,1,13.71,13.69,13.687368745952845,2010-01-06,LSTM,1,2010
2010-01-06,2010,1,13.69,13.67,13.667533610537648,2010-01-07,LSTM,1,2010
2010-01-07,2010,1,13.67,13.65,13.646662067696452,2010-01-08,LSTM,1,2010
2010-01-08,2010,1,13.65,13.63,13.627457193657756,2010-01-09,LSTM,1,2010
2010-01-09,2010,1,13.63,13.62,13.607821590378881,2010-01-10,LSTM,1,2010
2010-01-10,2010,1,13.62,13.6,13.604734874218702,2010-01-11,LSTM,1,2010
2010-01-11,2010,1,13.6,13.58,13.578429151698947,2010-01-12,LSTM,1,2010
2010-01-12,2010,1,13.58,13.56,13.557339824661613,2010-01-13,LSTM,1,2010
2010-01-13,2010,1,13.56,13.54,13.538327369317413,2010-01-14,LSTM,1,2010
2010-01-14,2010,1,13.54,13.53,13.518141760453581,2010-01-15,LSTM,1,2010
2010-01-15,2010,1,13.53,13.52,13.514555404633283,2010-01-16,LSTM,1,2010
2010-01-16,2010,1,13.52,13.5,13.504696983359754,2010-01-17,LSTM,1,2010
2010-01-17,2010,1,13.5,13.48,13.477601436898112,2010-01-18,LSTM,1,2010
2010-01-18,2010,1,13.48,13.46,13.457624263614417,2010-01-19,LSTM,1,2010
2010-01-19,2010,1,13.46,13.45,13.438431781753899,2010-01-20,LSTM,1,2010
2010-01-20,2010,1,13.45,13.43,13.434711380675434,2010-01-21,LSTM,1,2010
2010-01-21,2010,1,13.43,13.42,13.408107817471027,2010-01-22,LSTM,1,2010
2010-01-22,2010,1,13.42,13.41,13.403513243496418,2010-01-23,LSTM,1,2010
2010-01-23,2010,1,13.41,13.39,13.394858711250127,2010-01-24,LSTM,1,2010
2010-01-24,2010,1,13.39,13.37,13.368088792413474,2010-01-25,LSTM,1,2010
2010-01-25,2010,1,13.37,13.36,13.34797916457057,2010-01-26,LSTM,1,2010
2010-01-26,2010,1,13.36,13.35,13.344928794205188,2010-01-27,LSTM,1,2010
2010-01-27,2010,1,13.35,13.34,13.335096503049135,2010-01-28,LSTM,1,2010
2010-01-28,2010,1,13.34,13.32,13.324511006623506,2010-01-29,LSTM,1,2010
2010-01-29,2010,1,13.32,13.3,13.298458842262626,2010-01-30,LSTM,1,2010
2010-01-30,2010,1,13.3,13.28,13.278537255898119,2010-01-31,LSTM,1,2010
2010-01-31,2010,1,13.28,13.27,13.259075105860829,2010-02-01,LSTM,1,2010
2010-02-01,2010,2,13.27,13.25,13.254914721921086,2010-02-02,LSTM,1,2010
2010-02-02,2010,2,13.25,13.24,13.228727612644434,2010-02-03,LSTM,1,2010
2010-02-03,2010,2,13.24,13.22,13.224168933704496,2010-02-04,LSTM,1,2010
2010-02-04,2010,2,13.22,13.2,13.199283815249801,2010-02-05,LSTM,1,2010
2010-02-05,2010,2,13.2,13.19,13.178804983198642,2010-02-06,LSTM,1,2010
2010-02-06,2010,2,13.19,13.18,13.175566359013319,2010-02-07,LSTM,1,2010
2010-02-07,2010,2,13.18,13.17,13.165689666122198,2010-02-08,LSTM,1,2010
2010-02-08,2010,2,13.17,13.15,13.155668591223657,2010-02-09,LSTM,1,2010
2010-02-09,2010,2,13.15,13.14,13.130045763775707,2010-02-10,LSTM,1,2010
2010-02-10,2010,2,13.14,13.13,13.126474697478116,2010-02-11,LSTM,1,2010
2010-02-11,2010,2,13.13,13.11,13.117396774813534,2010-02-12,LSTM,1,2010
2010-02-12,2010,2,13.11,13.1,13.090920780450105,2010-02-13,LSTM,1,2010
2010-02-13,2010,2,13.1,13.09,13.08700681515038,2010-02-14,LSTM,1,2010
2010-02-14,2010,2,13.09,13.08,13.077770441919565,2010-02-15,LSTM,1,2010
2010-02-15,2010,2,13.08,13.08,13.067820884212852,2010-02-16,LSTM,1,2010
2010-02-16,2010,2,13.08,13.07,13.075576467365027,2010-02-17,LSTM,1,2010
2010-02-17,2010,2,13.07,13.06,13.059035504870117,2010-02-18,LSTM,1,2010
2010-02-18,2010,2,13.06,13.05,13.04945770971477,2010-02-19,LSTM,1,2010
2010-02-19,2010,2,13.05,13.05,13.04030002951622,2010-02-20,LSTM,1,2010
2010-02-20,2010,2,13.05,13.04,13.048142674332485,2010-02-21,LSTM,1,2010
2010-02-21,2010,2,13.04,13.03,13.031053525358438,2010-02-22,LSTM,1,2010
2010-02-22,2010,2,13.03,13.03,13.020877506323158,2010-02-23,LSTM,1,2010
2010-02-23,2010,2,13.03,13.03,13.029353100953157,2010-02-24,LSTM,1,2010
2010-02-24,2010,2,13.03,13.03,13.029974045509588,2010-02-25,LSTM,1,2010
2010-02-25,2010,2,13.03,13.03,13.030387952779419,2010-02-26,LSTM,1,2010
2010-02-26,2010,2,13.03,13.04,13.031131830271333,2010-02-27,LSTM,1,2010
2010-02-27,2010,2,13.04,13.04,13.050803698562085,2010-02-28,LSTM,1,2010
2010-02-28,2010,2,13.04,13.04,13.041862013945355,2010-03-01,LSTM,1,2010
2010-03-01,2010,3,13.04,13.04,13.042730213571339,2010-03-02,LSTM,1,2010
2010-03-02,2010,3,13.04,13.05,13.043684694878756,2010-03-03,LSTM,1,2010
2010-03-03,2010,3,13.05,13.05,13.063004018925131,2010-03-04,LSTM,1,2010
2010-03-04,2010,3,13.05,13.07,13.053757621860132,2010-03-05,LSTM,1,2010
2010-03-05,2010,3,13.07,13.1,13.09423344552517,2010-03-06,LSTM,1,2010
2010-03-06,2010,3,13.1,13.12,13.135611096769571,2010-03-07,LSTM,1,2010
2010-03-07,2010,3,13.12,13.14,13.139064450636505,2010-03-08,LSTM,1,2010
2010-03-08,2010,3,13.14,13.16,13.159541403278709,2010-03-09,LSTM,1,2010
2010-03-09,2010,3,13.16,13.19,13.18102679014206,2010-03-10,LSTM,1,2010
2010-03-10,2010,3,13.19,13.22,13.224368213266134,2010-03-11,LSTM,1,2010
2010-03-11,2010,3,13.22,13.27,13.253788293600083,2010-03-12,LSTM,1,2010
2010-03-12,2010,3,13.27,13.43,13.332034115195274,2010-03-13,LSTM,1,2010
2010-03-13,2010,3,13.43,13.55,13.631904505491256,2010-03-14,LSTM,1,2010
2010-03-14,2010,3,13.55,13.66,13.615444700419904,2010-03-15,LSTM,1,2010
2010-03-15,2010,3,13.66,13.7,13.738940749168396,2010-03-16,LSTM,1,2010
2010-03-16,2010,3,13.7,13.7,13.685526454634964,2010-03-17,LSTM,1,2010
2010-03-17,2010,3,13.7,13.64,13.67047995403409,2010-03-18,LSTM,1,2010
2010-03-18,2010,3,13.64,13.58,13.593194949775935,2010-03-19,LSTM,1,2010
2010-03-19,2010,3,13.58,13.53,13.544697759598494,2010-03-20,LSTM,1,2010
2010-03-20,2010,3,13.53,13.48,13.509440191760659,2010-03-21,LSTM,1,2010
2010-03-21,2010,3,13.48,13.46,13.458882828727365,2010-03-22,LSTM,1,2010
2010-03-22,2010,3,13.46,13.46,13.453260987102986,2010-03-23,LSTM,1,2010
2010-03-23,2010,3,13.46,13.46,13.467934395223857,2010-03-24,LSTM,1,2010
2010-03-24,2010,3,13.46,13.45,13.468521511219443,2010-03-25,LSTM,1,2010
2010-03-25,2010,3,13.45,13.45,13.453368504112586,2010-03-26,LSTM,1,2010
2010-03-26,2010,3,13.45,13.45,13.465723953023552,2010-03-27,LSTM,1,2010
2010-03-27,2010,3,13.45,13.53,13.469569424912333,2010-03-28,LSTM,1,2010
2010-03-28,2010,3,13.53,13.65,13.6516531842947,2010-03-29,LSTM,1,2010
2010-03-29,2010,3,13.65,13.77,13.793725395202637,2010-03-30,LSTM,1,2010
2010-03-30,2010,3,13.77,13.97,13.86979024529457,2010-03-31,LSTM,1,2010
2010-03-31,2010,3,13.97,14.42,14.189276189804078,2010-04-01,LSTM,1,2010
2010-04-01,2010,4,14.42,14.8,14.819638891220093,2010-04-02,LSTM,1,2010
2010-04-02,2010,4,14.8,15.07,14.995387437939645,2010-04-03,LSTM,1,2010
2010-04-03,2010,4,15.07,15.17,15.187764413356781,2010-04-04,LSTM,1,2010
2010-04-04,2010,4,15.17,15.17,15.207818022072315,2010-04-05,LSTM,1,2010
2010-04-05,2010,4,15.17,15.09,15.147701982483268,2010-04-06,LSTM,1,2010
2010-04-06,2010,4,15.09,15.16,15.014836695194244,2010-04-07,LSTM,1,2010
2010-04-07,2010,4,15.16,15.4,15.197006296217442,2010-04-08,LSTM,1,2010
2010-04-08,2010,4,15.4,15.57,15.634759345650673,2010-04-09,LSTM,1,2010
2010-04-09,2010,4,15.57,15.65,15.534691251516342,2010-04-10,LSTM,1,2010
2010-04-10,2010,4,15.65,15.65,15.586419732868672,2010-04-11,LSTM,1,2010
2010-04-11,2010,4,15.65,15.68,15.545507164299488,2010-04-12,LSTM,1,2010
2010-04-12,2010,4,15.68,15.78,15.655112089887261,2010-04-13,LSTM,1,2010
2010-04-13,2010,4,15.78,15.79,15.804087458848953,2010-04-14,LSTM,1,2010
2010-04-14,2010,4,15.79,15.69,15.66087345123291,2010-04-15,LSTM,1,2010
2010-04-15,2010,4,15.69,15.57,15.54071201622486,2010-04-16,LSTM,1,2010
2010-04-16,2010,4,15.57,15.56,15.438347227573395,2010-04-17,LSTM,1,2010
2010-04-17,2010,4,15.56,15.74,15.528045756220818,2010-04-18,LSTM,1,2010
2010-04-18,2010,4,15.74,15.74,15.939114724993706,2010-04-19,LSTM,1,2010
2010-04-19,2010,4,15.74,15.96,15.554112037420273,2010-04-20,LSTM,1,2010
2010-04-20,2010,4,15.96,16.21,16.204986414909364,2010-04-21,LSTM,1,2010
2010-04-21,2010,4,16.21,16.4,16.36831384062767,2010-04-22,LSTM,1,2010
2010-04-22,2010,4,16.4,16.48,16.40819761212915,2010-04-23,LSTM,1,2010
2010-04-23,2010,4,16.48,16.55,16.34494866013527,2010-04-24,LSTM,1,2010
2010-04-24,2010,4,16.55,16.55,16.437657664716244,2010-04-25,LSTM,1,2010
2010-04-25,2010,4,16.55,16.65,16.386869895458222,2010-04-26,LSTM,1,2010
2010-04-26,2010,4,16.65,17.43,16.598023233562706,2010-04-27,LSTM,1,2010
2010-04-27,2010,4,17.43,17.87,17.87059121608734,2010-04-28,LSTM,1,2010
2010-04-28,2010,4,17.87,17.98,17.954254160523416,2010-04-29,LSTM,1,2010
2010-04-29,2010,4,17.98,17.92,17.86947167992592,2010-04-30,LSTM,1,2010
2010-04-30,2010,4,17.92,17.69,17.672881065011026,2010-05-01,LSTM,1,2010
2010-05-01,2010,5,17.69,17.44,17.413582565784456,2010-05-02,LSTM,1,2010
2010-05-02,2010,5,17.44,17.03,17.250122519731523,2010-05-03,LSTM,1,2010
2010-05-03,2010,5,17.03,16.76,16.85492782175541,2010-05-04,LSTM,1,2010
2010-05-04,2010,5,16.76,16.5,16.581206733584406,2010-05-05,LSTM,1,2010
2010-05-05,2010,5,16.5,16.25,16.36154381930828,2010-05-06,LSTM,1,2010
2010-05-06,2010,5,16.25,16.09,16.10898105800152,2010-05-07,LSTM,1,2010
2010-05-07,2010,5,16.09,16.03,15.969517331719398,2010-05-08,LSTM,1,2010
2010-05-08,2010,5,16.03,16.12,15.99525102108717,2010-05-09,LSTM,1,2010
2010-05-09,2010,5,16.12,16.31,16.14980287745595,2010-05-10,LSTM,1,2010
2010-05-10,2010,5,16.31,16.33,16.4784393286705,2010-05-11,LSTM,1,2010
2010-05-11,2010,5,16.33,16.27,16.24162985563278,2010-05-12,LSTM,1,2010
2010-05-12,2010,5,16.27,16.24,16.155227665305137,2010-05-13,LSTM,1,2010
2010-05-13,2010,5,16.24,16.24,16.2059921862185,2010-05-14,LSTM,1,2010
2010-05-14,2010,5,16.24,16.33,16.253073524460195,2010-05-15,LSTM,1,2010
2010-05-15,2010,5,16.33,16.84,16.445798600018023,2010-05-16,LSTM,1,2010
2010-05-16,2010,5,16.84,17.47,17.31427847981453,2010-05-17,LSTM,1,2010
2010-05-17,2010,5,17.47,17.8,17.754703493118285,2010-05-18,LSTM,1,2010
2010-05-18,2010,5,17.8,17.97,17.889342914521695,2010-05-19,LSTM,1,2010
2010-05-19,2010,5,17.97,18.16,17.948665282949804,2010-05-20,LSTM,1,2010
2010-05-20,2010,5,18.16,18.2,18.149543746225536,2010-05-21,LSTM,1,2010
2010-05-21,2010,5,18.2,18.0,18.06898598074913,2010-05-22,LSTM,1,2010
2010-05-22,2010,5,18.0,17.65,17.725914925336838,2010-05-23,LSTM,1,2010
2010-05-23,2010,5,17.65,17.6,17.462202557921408,2010-05-24,LSTM,1,2010
2010-05-24,2010,5,17.6,17.7,17.656916799396278,2010-05-25,LSTM,1,2010
2010-05-25,2010,5,17.7,18.04,17.837896850705146,2010-05-26,LSTM,1,2010
2010-05-26,2010,5,18.04,18.18,18.340132423639297,2010-05-27,LSTM,1,2010
2010-05-27,2010,5,18.18,18.08,18.2609870287776,2010-05-28,LSTM,1,2010
2010-05-28,2010,5,18.08,17.84,17.998946027755736,2010-05-29,LSTM,1,2010
2010-05-29,2010,5,17.84,17.64,17.74829921513796,2010-05-30,LSTM,1,2010
2010-05-30,2010,5,17.64,17.58,17.576776965856553,2010-05-31,LSTM,1,2010
2010-05-31,2010,5,17.58,17.44,17.649152005016802,2010-06-01,LSTM,1,2010
2010-06-01,2010,6,17.44,17.38,17.442017844235526,2010-06-02,LSTM,1,2010
2010-06-02,2010,6,17.38,17.44,17.407090268209576,2010-06-03,LSTM,1,2010
2010-06-03,2010,6,17.44,17.41,17.509603323936464,2010-06-04,LSTM,1,2010
2010-06-04,2010,6,17.41,17.57,17.384690541625023,2010-06-05,LSTM,1,2010
2010-06-05,2010,6,17.57,17.76,17.717937431931496,2010-06-06,LSTM,1,2010
2010-06-06,2010,6,17.76,18.0,17.93236889898777,2010-06-07,LSTM,1,2010
2010-06-07,2010,6,18.0,18.2,18.213147848844528,2010-06-08,LSTM,1,2010
2010-06-08,2010,6,18.2,18.2,18.324168775975703,2010-06-09,LSTM,1,2010
2010-06-09,2010,6,18.2,18.33,18.12571796476841,2010-06-10,LSTM,1,2010
2010-06-10,2010,6,18.33,18.75,18.42352121502161,2010-06-11,LSTM,1,2010
2010-06-11,2010,6,18.75,18.93,19.04658669233322,2010-06-12,LSTM,1,2010
2010-06-12,2010,6,18.93,18.92,18.957792528271675,2010-06-13,LSTM,1,2010
2010-06-13,2010,6,18.92,18.65,18.76084676206112,2010-06-14,LSTM,1,2010
2010-06-14,2010,6,18.65,18.45,18.44173846542835,2010-06-15,LSTM,1,2010
2010-06-15,2010,6,18.45,18.34,18.358338591456413,2010-06-16,LSTM,1,2010
2010-06-16,2010,6,18.34,18.31,18.380574986487627,2010-06-17,LSTM,1,2010
2010-06-17,2010,6,18.31,18.32,18.328315913155674,2010-06-18,LSTM,1,2010
2010-06-18,2010,6,18.32,18.44,18.306127485521138,2010-06-19,LSTM,1,2010
2010-06-19,2010,6,18.44,18.44,18.47661546856165,2010-06-20,LSTM,1,2010
2010-06-20,2010,6,18.44,18.57,18.40094736084342,2010-06-21,LSTM,1,2010
2010-06-21,2010,6,18.57,18.55,18.638998336791992,2010-06-22,LSTM,1,2010
2010-06-22,2010,6,18.55,18.51,18.503936394304038,2010-06-23,LSTM,1,2010
2010-06-23,2010,6,18.51,18.61,18.456712486445905,2010-06-24,LSTM,1,2010
2010-06-24,2010,6,18.61,18.61,18.674450480043888,2010-06-25,LSTM,1,2010
2010-06-25,2010,6,18.61,18.65,18.576942608356475,2010-06-26,LSTM,1,2010
2010-06-26,2010,6,18.65,18.74,18.63908242024481,2010-06-27,LSTM,1,2010
2010-06-27,2010,6,18.74,19.31,18.778176536560057,2010-06-28,LSTM,1,2010
2010-06-28,2010,6,19.31,19.61,19.680456874370574,2010-06-29,LSTM,1,2010
2010-06-29,2010,6,19.61,19.59,19.73629920244217,2010-06-30,LSTM,1,2010
2010-06-30,2010,6,19.59,19.51,19.447203796505928,2010-07-01,LSTM,1,2010
2010-07-01,2010,7,19.51,19.47,19.35304700791836,2010-07-02,LSTM,1,2010
2010-07-02,2010,7,19.47,19.42,19.381316484212874,2010-07-03,LSTM,1,2010
2010-07-03,2010,7,19.42,19.45,19.324715299606325,2010-07-04,LSTM,1,2010
2010-07-04,2010,7,19.45,19.44,19.423761424422263,2010-07-05,LSTM,1,2010
2010-07-05,2010,7,19.44,19.35,19.39067384094,2010-07-06,LSTM,1,2010
2010-07-06,2010,7,19.35,19.24,19.26910342872143,2010-07-07,LSTM,1,2010
2010-07-07,2010,7,19.24,19.08,19.147771870493887,2010-07-08,LSTM,1,2010
2010-07-08,2010,7,19.08,19.05,18.960979925394057,2010-07-09,LSTM,1,2010
2010-07-09,2010,7,19.05,19.05,19.017187833040953,2010-07-10,LSTM,1,2010
2010-07-10,2010,7,19.05,19.26,19.021288150176407,2010-07-11,LSTM,1,2010
2010-07-11,2010,7,19.26,19.42,19.385904604792596,2010-07-12,LSTM,1,2010
2010-07-12,2010,7,19.42,19.51,19.53690340936184,2010-07-13,LSTM,1,2010
2010-07-13,2010,7,19.51,19.52,19.571466056853534,2010-07-14,LSTM,1,2010
2010-07-14,2010,7,19.52,19.52,19.504106643125414,2010-07-15,LSTM,1,2010
2010-07-15,2010,7,19.52,19.44,19.48190594881773,2010-07-16,LSTM,1,2010
2010-07-16,2010,7,19.44,19.34,19.35161732375622,2010-07-17,LSTM,1,2010
2010-07-17,2010,7,19.34,19.31,19.245593439936638,2010-07-18,LSTM,1,2010
2010-07-18,2010,7,19.31,19.4,19.269703233093022,2010-07-19,LSTM,1,2010
2010-07-19,2010,7,19.4,19.52,19.433708173781632,2010-07-20,LSTM,1,2010
2010-07-20,2010,7,19.52,19.54,19.587560590803623,2010-07-21,LSTM,1,2010
2010-07-21,2010,7,19.54,19.67,19.51998572513461,2010-07-22,LSTM,1,2010
2010-07-22,2010,7,19.67,19.8,19.741978695690634,2010-07-23,LSTM,1,2010
2010-07-23,2010,7,19.8,19.78,19.887556913495064,2010-07-24,LSTM,1,2010
2010-07-24,2010,7,19.78,19.65,19.730811918824912,2010-07-25,LSTM,1,2010
2010-07-25,2010,7,19.65,19.47,19.52486660480499,2010-07-26,LSTM,1,2010
2010-07-26,2010,7,19.47,19.33,19.311024681925772,2010-07-27,LSTM,1,2010
2010-07-27,2010,7,19.33,19.29,19.205390626490114,2010-07-28,LSTM,1,2010
2010-07-28,2010,7,19.29,19.21,19.249684632718562,2010-07-29,LSTM,1,2010
2010-07-29,2010,7,19.21,19.17,19.133308588564397,2010-07-30,LSTM,1,2010
2010-07-30,2010,7,19.17,19.08,19.109421925693752,2010-07-31,LSTM,1,2010
2010-07-31,2010,7,19.08,19.07,18.997121417820452,2010-08-01,LSTM,1,2010
2010-08-01,2010,8,19.07,18.97,19.031078453809023,2010-08-02,LSTM,1,2010
2010-08-02,2010,8,18.97,18.9,18.88859409958124,2010-08-03,LSTM,1,2010
2010-08-03,2010,8,18.9,18.73,18.831791633367537,2010-08-04,LSTM,1,2010
2010-08-04,2010,8,18.73,18.68,18.604284833669663,2010-08-05,LSTM,1,2010
2010-08-05,2010,8,18.68,18.653,18.632934090048074,2010-08-06,LSTM,1,2010
2010-08-06,2010,8,18.653,18.62,18.619527752578257,2010-08-07,LSTM,1,2010
2010-08-07,2010,8,18.62,18.57,18.569725795537234,2010-08-08,LSTM,1,2010
2010-08-08,2010,8,18.57,18.54,18.513145759403706,2010-08-09,LSTM,1,2010
2010-08-09,2010,8,18.54,18.47,18.500273761302232,2010-08-10,LSTM,1,2010
2010-08-10,2010,8,18.47,18.38,18.412418117076157,2010-08-11,LSTM,1,2010
2010-08-11,2010,8,18.38,18.34,18.30895732820034,2010-08-12,LSTM,1,2010
2010-08-12,2010,8,18.34,18.28,18.31070058993995,2010-08-13,LSTM,1,2010
2010-08-13,2010,8,18.28,18.25,18.233093588352205,2010-08-14,LSTM,1,2010
2010-08-14,2010,8,18.25,18.18,18.21949469856918,2010-08-15,LSTM,1,2010
2010-08-15,2010,8,18.18,18.15,18.12489850103855,2010-08-16,LSTM,1,2010
2010-08-16,2010,8,18.15,18.14,18.12364769503474,2010-08-17,LSTM,1,2010
2010-08-17,2010,8,18.14,18.37,18.132110792547465,2010-08-18,LSTM,1,2010
2010-08-18,2010,8,18.37,18.5,18.571529681682588,2010-08-19,LSTM,1,2010
2010-08-19,2010,8,18.5,18.75,18.628401279449463,2010-08-20,LSTM,1,2010
2010-08-20,2010,8,18.75,18.79,18.981170624494553,2010-08-21,LSTM,1,2010
2010-08-21,2010,8,18.79,18.89,18.832795479297637,2010-08-22,LSTM,1,2010
2010-08-22,2010,8,18.89,19.05,18.975442043840886,2010-08-23,LSTM,1,2010
2010-08-23,2010,8,19.05,19.22,19.167745101451874,2010-08-24,LSTM,1,2010
2010-08-24,2010,8,19.22,19.37,19.30830351382494,2010-08-25,LSTM,1,2010
2010-08-25,2010,8,19.37,19.38,19.437633882164956,2010-08-26,LSTM,1,2010
2010-08-26,2010,8,19.38,19.35,19.344755557477473,2010-08-27,LSTM,1,2010
2010-08-27,2010,8,19.35,19.39,19.30830173790455,2010-08-28,LSTM,1,2010
2010-08-28,2010,8,19.39,19.52,19.405427310951055,2010-08-29,LSTM,1,2010
2010-08-29,2010,8,19.52,19.53,19.59742802798748,2010-08-30,LSTM,1,2010
2010-08-30,2010,8,19.53,19.53,19.492685119360686,2010-08-31,LSTM,1,2010
2010-08-31,2010,8,19.53,19.42,19.495759050101043,2010-09-01,LSTM,1,2010
2010-09-01,2010,9,19.42,19.33,19.315188681781294,2010-09-02,LSTM,1,2010
2010-09-02,2010,9,19.33,19.29,19.23897088497877,2010-09-03,LSTM,1,2010
2010-09-03,2010,9,19.29,19.2,19.2533842818439,2010-09-04,LSTM,1,2010
2010-09-04,2010,9,19.2,19.19,19.11602374613285,2010-09-05,LSTM,1,2010
2010-09-05,2010,9,19.19,19.19,19.159743706285955,2010-09-06,LSTM,1,2010
2010-09-06,2010,9,19.19,19.2,19.15360206231475,2010-09-07,LSTM,1,2010
2010-09-07,2010,9,19.2,19.12,19.1653950817883,2010-09-08,LSTM,1,2010
2010-09-08,2010,9,19.12,19.09,19.042709681093694,2010-09-09,LSTM,1,2010
2010-09-09,2010,9,19.09,19.17,19.053469363749027,2010-09-10,LSTM,1,2010
2010-09-10,2010,9,19.17,19.35,19.22035397410393,2010-09-11,LSTM,1,2010
2010-09-11,2010,9,19.35,19.61,19.470584078133108,2010-09-12,LSTM,1,2010
2010-09-12,2010,9,19.61,19.77,19.74631847500801,2010-09-13,LSTM,1,2010
2010-09-13,2010,9,19.77,19.78,19.81443111270666,2010-09-14,LSTM,1,2010
2010-09-14,2010,9,19.78,19.78,19.726120481938125,2010-09-15,LSTM,1,2010
2010-09-15,2010,9,19.78,19.78,19.72508044049144,2010-09-16,LSTM,1,2010
2010-09-16,2010,9,19.78,19.71,19.7197390447557,2010-09-17,LSTM,1,2010
2010-09-17,2010,9,19.71,19.55,19.581611535549165,2010-09-18,LSTM,1,2010
2010-09-18,2010,9,19.55,19.41,19.353732335567475,2010-09-19,LSTM,1,2010
2010-09-19,2010,9,19.41,19.3,19.224178064465523,2010-09-20,LSTM,1,2010
2010-09-20,2010,9,19.3,19.27,19.166997420787812,2010-09-21,LSTM,1,2010
2010-09-21,2010,9,19.27,19.25,19.215152644068002,2010-09-22,LSTM,1,2010
2010-09-22,2010,9,19.25,19.23,19.188981167972088,2010-09-23,LSTM,1,2010
2010-09-23,2010,9,19.23,19.18,19.164814855456353,2010-09-24,LSTM,1,2010
2010-09-24,2010,9,19.18,19.09,19.099773660600185,2010-09-25,LSTM,1,2010
2010-09-25,2010,9,19.09,19.0,18.98081311970949,2010-09-26,LSTM,1,2010
2010-09-26,2010,9,19.0,18.87,18.890255510807037,2010-09-27,LSTM,1,2010
2010-09-27,2010,9,18.87,18.75,18.71850735962391,2010-09-28,LSTM,1,2010
2010-09-28,2010,9,18.75,18.66,18.60321217775345,2010-09-29,LSTM,1,2010
2010-09-29,2010,9,18.66,18.61,18.554086733460426,2010-09-30,LSTM,1,2010
2010-11-08,2010,11,15.78,15.74,15.690110898315906,2010-11-09,LSTM,1,2010
2010-11-09,2010,11,15.74,15.68,15.669445780813694,2010-11-10,LSTM,1,2010
2010-11-10,2010,11,15.68,15.6,15.604113295972347,2010-11-11,LSTM,1,2010
2010-11-11,2010,11,15.6,15.55,15.51152574121952,2010-11-12,LSTM,1,2010
2010-11-12,2010,11,15.55,15.5,15.48131785094738,2010-11-13,LSTM,1,2010
2010-11-13,2010,11,15.5,15.45,15.439411032944918,2010-11-14,LSTM,1,2010
2010-11-14,2010,11,15.45,15.4,15.387026374042033,2010-11-15,LSTM,1,2010
2010-11-15,2010,11,15.4,15.33,15.338709158450365,2010-11-16,LSTM,1,2010
2010-11-16,2010,11,15.33,15.29,15.260022187530994,2010-11-17,LSTM,1,2010
2010-11-17,2010,11,15.29,15.26,15.235946529507636,2010-11-18,LSTM,1,2010
2010-11-18,2010,11,15.26,15.23,15.219230426698923,2010-11-19,LSTM,1,2010
2010-11-19,2010,11,15.23,15.2,15.187010917365551,2010-11-20,LSTM,1,2010
2010-11-20,2010,11,15.2,15.17,15.157995321601629,2010-11-21,LSTM,1,2010
2010-11-21,2010,11,15.17,15.14,15.130824057459831,2010-11-22,LSTM,1,2010
2010-11-22,2010,11,15.14,15.12,15.103776353746653,2010-11-23,LSTM,1,2010
2010-11-23,2010,11,15.12,15.08,15.094519716575741,2010-11-24,LSTM,1,2010
2010-11-24,2010,11,15.08,15.05,15.040497006773949,2010-11-25,LSTM,1,2010
2010-11-25,2010,11,15.05,15.07,15.014447636157275,2010-11-26,LSTM,1,2010
2010-11-26,2010,11,15.07,15.09,15.08363012380898,2010-11-27,LSTM,1,2010
2010-11-27,2010,11,15.09,15.11,15.098451444096863,2010-11-28,LSTM,1,2010
2010-11-28,2010,11,15.11,15.11,15.113919020760804,2010-11-29,LSTM,1,2010
2010-11-29,2010,11,15.11,15.06,15.101823947057127,2010-11-30,LSTM,1,2010
2010-11-30,2010,11,15.06,15.01,15.015310218036175,2010-12-01,LSTM,1,2010
2010-12-01,2010,12,15.01,14.93,14.96267079770565,2010-12-02,LSTM,1,2010
2010-12-02,2010,12,14.93,14.897,14.87042968004942,2010-12-03,LSTM,1,2010
2010-12-03,2010,12,14.897,14.86,14.862193174779415,2010-12-04,LSTM,1,2010
2010-12-04,2010,12,14.86,14.82,14.827240903526544,2010-12-05,LSTM,1,2010
2010-12-05,2010,12,14.82,14.8,14.775650757998228,2010-12-06,LSTM,1,2010
2010-12-06,2010,12,14.8,14.79,14.76759931743145,2010-12-07,LSTM,1,2010
2010-12-07,2010,12,14.79,14.77,14.76854258492589,2010-12-08,LSTM,1,2010
2010-12-08,2010,12,14.77,14.74,14.743775831982493,2010-12-09,LSTM,1,2010
2010-12-09,2010,12,14.74,14.7,14.708317482620478,2010-12-10,LSTM,1,2010
2010-12-10,2010,12,14.7,14.66,14.664219242334365,2010-12-11,LSTM,1,2010
2010-12-11,2010,12,14.66,14.61,14.625420063585043,2010-12-12,LSTM,1,2010
2010-12-12,2010,12,14.61,14.57,14.571588758975267,2010-12-13,LSTM,1,2010
2010-12-13,2010,12,14.57,14.53,14.534709926396609,2010-12-14,LSTM,1,2010
2010-12-14,2010,12,14.53,14.5,14.496588832437991,2010-12-15,LSTM,1,2010
2010-12-15,2010,12,14.5,14.47,14.469187332317233,2010-12-16,LSTM,1,2010
2010-12-16,2010,12,14.47,14.45,14.440178963616491,2010-12-17,LSTM,1,2010
2010-12-17,2010,12,14.45,14.43,14.424751951172947,2010-12-18,LSTM,1,2010
2010-12-18,2010,12,14.43,14.41,14.406959122344851,2010-12-19,LSTM,1,2010
2010-12-19,2010,12,14.41,14.38,14.387333722636104,2010-12-20,LSTM,1,2010
2010-12-20,2010,12,14.38,14.36,14.352843177616597,2010-12-21,LSTM,1,2010
2010-12-21,2010,12,14.36,14.34,14.339510674253106,2010-12-22,LSTM,1,2010
2010-12-22,2010,12,14.34,14.33,14.322088251039386,2010-12-23,LSTM,1,2010
2010-12-23,2010,12,14.33,14.28,14.31836282081902,2010-12-24,LSTM,1,2010
2010-12-24,2010,12,14.28,14.27,14.24513022109866,2010-12-25,LSTM,1,2010
2010-12-25,2010,12,14.27,14.26,14.254441420063376,2010-12-26,LSTM,1,2010
2010-12-26,2010,12,14.26,14.24,14.252554108146578,2010-12-27,LSTM,1,2010
2010-12-27,2010,12,14.24,14.21,14.219164710268378,2010-12-28,LSTM,1,2010
2010-12-28,2010,12,14.21,14.17,14.183067639395595,2010-12-29,LSTM,1,2010
2010-12-29,2010,12,14.17,14.14,14.139552766531706,2010-12-30,LSTM,1,2010
2010-12-30,2010,12,14.14,14.1,14.115374050438405,2010-12-31,LSTM,1,2010
2010-12-31,2010,12,14.1,14.08,14.071675802022218,2011-01-01,LSTM,1,2010
2011-01-01,2011,1,14.08,14.06,14.052494453191757,2011-01-02,LSTM,1,2011
2011-01-02,2011,1,14.06,14.04,14.034579943343997,2011-01-03,LSTM,1,2011
2011-01-03,2011,1,14.04,14.03,14.0138116171211,2011-01-04,LSTM,1,2011
2011-01-04,2011,1,14.03,13.99,14.010633908882737,2011-01-05,LSTM,1,2011
2011-01-05,2011,1,13.99,13.96,13.956615989804268,2011-01-06,LSTM,1,2011
2011-01-06,2011,1,13.96,13.94,13.929216659665109,2011-01-07,LSTM,1,2011
2011-01-07,2011,1,13.94,13.92,13.916944580674171,2011-01-08,LSTM,1,2011
2011-01-08,2011,1,13.92,13.9,13.896219650357962,2011-01-09,LSTM,1,2011
2011-01-09,2011,1,13.9,13.88,13.875359631702304,2011-01-10,LSTM,1,2011
2011-01-10,2011,1,13.88,13.863,13.855722873583437,2011-01-11,LSTM,1,2011
2011-01-11,2011,1,13.863,13.84,13.841593878448009,2011-01-12,LSTM,1,2011
2011-01-12,2011,1,13.84,13.82,13.816026339456439,2011-01-13,LSTM,1,2011
2011-01-13,2011,1,13.82,13.798,13.797168545126915,2011-01-14,LSTM,1,2011
2011-01-14,2011,1,13.798,13.77,13.774798633113503,2011-01-15,LSTM,1,2011
2011-01-15,2011,1,13.77,13.75,13.743267775028944,2011-01-16,LSTM,1,2011
2011-01-16,2011,1,13.75,13.73,13.727167760953307,2011-01-17,LSTM,1,2011
2011-01-17,2011,1,13.73,13.71,13.707888152003289,2011-01-18,LSTM,1,2011
2011-01-18,2011,1,13.71,13.69,13.687460296824575,2011-01-19,LSTM,1,2011
2011-01-19,2011,1,13.69,13.68,13.6677672868222,2011-01-20,LSTM,1,2011
2011-01-20,2011,1,13.68,13.67,13.663958691358566,2011-01-21,LSTM,1,2011
2011-01-21,2011,1,13.67,13.65,13.655310546122491,2011-01-22,LSTM,1,2011
2011-01-22,2011,1,13.65,13.63,13.6293342910707,2011-01-23,LSTM,1,2011
2011-01-23,2011,1,13.63,13.63,13.609617377743126,2011-01-24,LSTM,1,2011
2011-01-24,2011,1,13.63,13.63,13.623113799951971,2011-01-25,LSTM,1,2011
2011-01-25,2011,1,13.63,13.61,13.624618888013066,2011-01-26,LSTM,1,2011
2011-01-26,2011,1,13.61,13.59,13.590563363060355,2011-01-27,LSTM,1,2011
2011-01-27,2011,1,13.59,13.56,13.570820000171661,2011-01-28,LSTM,1,2011
2011-01-28,2011,1,13.56,13.54,13.536698121055961,2011-01-29,LSTM,1,2011
2011-01-29,2011,1,13.54,13.52,13.521492163613438,2011-01-30,LSTM,1,2011
2011-01-30,2011,1,13.52,13.5,13.501417959555983,2011-01-31,LSTM,1,2011
2011-01-31,2011,1,13.5,13.48,13.480147257447243,2011-02-01,LSTM,1,2011
2011-02-01,2011,2,13.48,13.46,13.460579506605864,2011-02-02,LSTM,1,2011
2011-02-02,2011,2,13.46,13.44,13.44109830915928,2011-02-03,LSTM,1,2011
2011-02-03,2011,2,13.44,13.43,13.421740092858672,2011-02-04,LSTM,1,2011
2011-02-04,2011,2,13.43,13.42,13.418431234844029,2011-02-05,LSTM,1,2011
2011-02-05,2011,2,13.42,13.4,13.409193339832127,2011-02-06,LSTM,1,2011
2011-02-06,2011,2,13.4,13.39,13.382594527304173,2011-02-07,LSTM,1,2011
2011-02-07,2011,2,13.39,13.37,13.380142795257271,2011-02-08,LSTM,1,2011
2011-02-08,2011,2,13.37,13.36,13.354759209677576,2011-02-09,LSTM,1,2011
2011-02-09,2011,2,13.36,13.35,13.351103906184434,2011-02-10,LSTM,1,2011
2011-02-10,2011,2,13.35,13.33,13.342129629477858,2011-02-11,LSTM,1,2011
2011-02-11,2011,2,13.33,13.32,13.31463598266244,2011-02-12,LSTM,1,2011
2011-02-12,2011,2,13.32,13.31,13.312370751686394,2011-02-13,LSTM,1,2011
2011-02-13,2011,2,13.31,13.3,13.303534037377686,2011-02-14,LSTM,1,2011
2011-02-14,2011,2,13.3,13.3,13.293439126759768,2011-02-15,LSTM,1,2011
2011-02-15,2011,2,13.3,13.3,13.301787391956896,2011-02-16,LSTM,1,2011
2011-02-16,2011,2,13.3,13.32,13.3030081034638,2011-02-17,LSTM,1,2011
2011-02-17,2011,2,13.32,13.33,13.338448755145073,2011-02-18,LSTM,1,2011
2011-02-18,2011,2,13.33,13.34,13.33872467737645,2011-02-19,LSTM,1,2011
2011-02-19,2011,2,13.34,13.35,13.348874050341546,2011-02-20,LSTM,1,2011
2011-02-20,2011,2,13.35,13.34,13.35984158180654,2011-02-21,LSTM,1,2011
2011-02-21,2011,2,13.34,13.33,13.335074568782002,2011-02-22,LSTM,1,2011
2011-02-22,2011,2,13.33,13.32,13.327170247603208,2011-02-23,LSTM,1,2011
2011-02-23,2011,2,13.32,13.31,13.320161333344295,2011-02-24,LSTM,1,2011
2011-02-24,2011,2,13.31,13.36,13.31004442133286,2011-02-25,LSTM,1,2011
2011-02-25,2011,2,13.36,13.47,13.40982853680849,2011-02-26,LSTM,1,2011
2011-02-26,2011,2,13.47,13.56,13.55829989284277,2011-02-27,LSTM,1,2011
2011-02-27,2011,2,13.56,13.58,13.610038445740939,2011-02-28,LSTM,1,2011
2011-02-28,2011,2,13.58,13.56,13.56645129147917,2011-03-01,LSTM,1,2011
2011-03-01,2011,3,13.56,13.51,13.534662631750107,2011-03-02,LSTM,1,2011
2011-03-02,2011,3,13.51,13.44,13.4735174497962,2011-03-03,LSTM,1,2011
2011-03-03,2011,3,13.44,13.39,13.401193099617958,2011-03-04,LSTM,1,2011
2011-03-04,2011,3,13.39,13.34,13.365912664085627,2011-03-05,LSTM,1,2011
2011-03-05,2011,3,13.34,13.3,13.317528000250459,2011-03-06,LSTM,1,2011
2011-03-06,2011,3,13.3,13.28,13.280862410739065,2011-03-07,LSTM,1,2011
2011-03-07,2011,3,13.28,13.26,13.272870072834193,2011-03-08,LSTM,1,2011
2011-03-08,2011,3,13.26,13.24,13.252142274044454,2011-03-09,LSTM,1,2011
2011-03-09,2011,3,13.24,13.22,13.232307249456644,2011-03-10,LSTM,1,2011
2011-03-10,2011,3,13.22,13.21,13.214036376476288,2011-03-11,LSTM,1,2011
2011-03-11,2011,3,13.21,13.21,13.214307245370001,2011-03-12,LSTM,1,2011
2011-03-12,2011,3,13.21,13.22,13.225176397748292,2011-03-13,LSTM,1,2011
2011-03-13,2011,3,13.22,13.24,13.244980563670397,2011-03-14,LSTM,1,2011
2011-03-14,2011,3,13.24,13.27,13.274318093210459,2011-03-15,LSTM,1,2011
2011-03-15,2011,3,13.27,13.32,13.312877167463302,2011-03-16,LSTM,1,2011
2011-03-16,2011,3,13.32,13.34,13.380637403279543,2011-03-17,LSTM,1,2011
2011-03-17,2011,3,13.34,13.42,13.365842761620879,2011-03-18,LSTM,1,2011
2011-03-18,2011,3,13.42,13.56,13.51654500335455,2011-03-19,LSTM,1,2011
2011-03-19,2011,3,13.56,13.76,13.703436014652253,2011-03-20,LSTM,1,2011
2011-03-20,2011,3,13.76,13.84,13.940916503071785,2011-03-21,LSTM,1,2011
2011-03-21,2011,3,13.84,13.87,13.80718467772007,2011-03-22,LSTM,1,2011
2011-03-22,2011,3,13.87,13.87,13.862593674920499,2011-03-23,LSTM,1,2011
2011-03-23,2011,3,13.87,13.85,13.880803742334246,2011-03-24,LSTM,1,2011
2011-03-24,2011,3,13.85,13.81,13.847757455566898,2011-03-25,LSTM,1,2011
2011-03-25,2011,3,13.81,13.81,13.790247214436532,2011-03-26,LSTM,1,2011
2011-03-26,2011,3,13.81,14.19,13.833591255769134,2011-03-27,LSTM,1,2011
2011-03-27,2011,3,14.19,14.83,14.576668026447296,2011-03-28,LSTM,1,2011
2011-03-28,2011,3,14.83,14.99,15.051549436450005,2011-03-29,LSTM,1,2011
2011-03-29,2011,3,14.99,14.99,14.841331889629364,2011-03-30,LSTM,1,2011
2011-03-30,2011,3,14.99,14.98,14.94539352297783,2011-03-31,LSTM,1,2011
2011-03-31,2011,3,14.98,14.96,15.020813580155373,2011-04-01,LSTM,1,2011
2011-04-01,2011,4,14.96,14.96,14.975399942174555,2011-04-02,LSTM,1,2011
2011-04-02,2011,4,14.96,14.92,14.979936367869378,2011-04-03,LSTM,1,2011
2011-04-03,2011,4,14.92,14.83,14.899289950802922,2011-04-04,LSTM,1,2011
2011-04-04,2011,4,14.83,14.72,14.78172742381692,2011-04-05,LSTM,1,2011
2011-04-05,2011,4,14.72,14.62,14.675264691263438,2011-04-06,LSTM,1,2011
2011-04-06,2011,4,14.62,14.56,14.584931782335042,2011-04-07,LSTM,1,2011
2011-04-07,2011,4,14.56,14.51,14.545565811395646,2011-04-08,LSTM,1,2011
2011-04-08,2011,4,14.51,14.5,14.498862212747335,2011-04-09,LSTM,1,2011
2011-04-09,2011,4,14.5,14.5,14.515737850219011,2011-04-10,LSTM,1,2011
2011-04-10,2011,4,14.5,14.48,14.521794017404318,2011-04-11,LSTM,1,2011
2011-04-11,2011,4,14.48,14.45,14.479099535751157,2011-04-12,LSTM,1,2011
2011-04-12,2011,4,14.45,14.41,14.443800457566976,2011-04-13,LSTM,1,2011
2011-04-13,2011,4,14.41,14.43,14.400999905392528,2011-04-14,LSTM,1,2011
2011-04-14,2011,4,14.43,14.43,14.48427572876215,2011-04-15,LSTM,1,2011
2011-04-15,2011,4,14.43,14.42,14.458946410864591,2011-04-16,LSTM,1,2011
2011-04-16,2011,4,14.42,14.47,14.435882067382336,2011-04-17,LSTM,1,2011
2011-04-17,2011,4,14.47,14.52,14.559763008058072,2011-04-18,LSTM,1,2011
2011-04-18,2011,4,14.52,14.53,14.592537325322628,2011-04-19,LSTM,1,2011
2011-04-19,2011,4,14.53,14.53,14.551607674658298,2011-04-20,LSTM,1,2011
2011-04-20,2011,4,14.53,14.49,14.55651079930365,2011-04-21,LSTM,1,2011
2011-04-21,2011,4,14.49,14.52,14.479730687811971,2011-04-22,LSTM,1,2011
2011-04-22,2011,4,14.52,14.63,14.594977487325668,2011-04-23,LSTM,1,2011
2011-04-23,2011,4,14.63,14.66,14.775933657884599,2011-04-24,LSTM,1,2011
2011-04-24,2011,4,14.66,14.645,14.665454908590764,2011-04-25,LSTM,1,2011
2011-04-25,2011,4,14.645,14.71,14.636518821567297,2011-04-26,LSTM,1,2011
2011-04-26,2011,4,14.71,14.95,14.826638004779817,2011-04-27,LSTM,1,2011
2011-04-27,2011,4,14.95,15.28,15.284544420242309,2011-04-28,LSTM,1,2011
2011-04-28,2011,4,15.28,15.41,15.5368581700325,2011-04-29,LSTM,1,2011
2011-04-29,2011,4,15.41,15.41,15.448397673517466,2011-04-30,LSTM,1,2011
2011-04-30,2011,4,15.41,15.34,15.349831100404263,2011-05-01,LSTM,1,2011
2011-05-01,2011,5,15.34,15.3,15.265122432410717,2011-05-02,LSTM,1,2011
2011-05-02,2011,5,15.3,15.2,15.275656624883414,2011-05-03,LSTM,1,2011
2011-05-03,2011,5,15.2,15.15,15.156166714429855,2011-05-04,LSTM,1,2011
2011-05-04,2011,5,15.15,15.07,15.132650019228459,2011-05-05,LSTM,1,2011
2011-05-05,2011,5,15.07,15.02,15.025837812274695,2011-05-06,LSTM,1,2011
2011-05-06,2011,5,15.02,15.16,14.99216548398137,2011-05-07,LSTM,1,2011
2011-05-07,2011,5,15.16,15.26,15.32979469358921,2011-05-08,LSTM,1,2011
2011-05-08,2011,5,15.26,15.37,15.32902377307415,2011-05-09,LSTM,1,2011
2011-05-09,2011,5,15.37,15.48,15.477208348810672,2011-05-10,LSTM,1,2011
2011-05-10,2011,5,15.48,15.59,15.594145055413247,2011-05-11,LSTM,1,2011
2011-05-11,2011,5,15.59,15.63,15.716174330711365,2011-05-12,LSTM,1,2011
2011-05-12,2011,5,15.63,15.33,15.649244568422437,2011-05-13,LSTM,1,2011
2011-05-13,2011,5,15.33,15.31,15.205586584210396,2011-05-14,LSTM,1,2011
2011-05-14,2011,5,15.31,15.24,15.272589602917433,2011-05-15,LSTM,1,2011
2011-05-15,2011,5,15.24,15.36,15.221573415920139,2011-05-16,LSTM,1,2011
2011-05-16,2011,5,15.36,15.36,15.528471917510032,2011-05-17,LSTM,1,2011
2011-05-17,2011,5,15.36,15.34,15.358393946094438,2011-05-18,LSTM,1,2011
2011-05-18,2011,5,15.34,15.35,15.315013565272093,2011-05-19,LSTM,1,2011
2011-05-19,2011,5,15.35,15.35,15.410476817190647,2011-05-20,LSTM,1,2011
2011-05-20,2011,5,15.35,15.37,15.400381295382976,2011-05-21,LSTM,1,2011
2011-05-21,2011,5,15.37,15.36,15.449009786248206,2011-05-22,LSTM,1,2011
2011-05-22,2011,5,15.36,15.39,15.399596565067768,2011-05-23,LSTM,1,2011
2011-05-23,2011,5,15.39,15.5,15.491699352264405,2011-05-24,LSTM,1,2011
2011-05-24,2011,5,15.5,15.62,15.68841852247715,2011-05-25,LSTM,1,2011
2011-05-25,2011,5,15.62,15.73,15.7641912651062,2011-05-26,LSTM,1,2011
2011-05-26,2011,5,15.73,15.74,15.851193811297417,2011-05-27,LSTM,1,2011
2011-05-27,2011,5,15.74,15.81,15.7235844039917,2011-05-28,LSTM,1,2011
2011-05-28,2011,5,15.81,15.92,15.947467607855797,2011-05-29,LSTM,1,2011
2011-05-29,2011,5,15.92,16.28,16.085026530623438,2011-05-30,LSTM,1,2011
2011-05-30,2011,5,16.28,16.4,16.59287741661072,2011-05-31,LSTM,1,2011
2011-05-31,2011,5,16.4,16.35,16.406591154262422,2011-06-01,LSTM,1,2011
2011-06-01,2011,6,16.35,16.26,16.20571160912514,2011-06-02,LSTM,1,2011
2011-06-02,2011,6,16.26,16.22,16.19434651196003,2011-06-03,LSTM,1,2011
2011-06-03,2011,6,16.22,16.3,16.239777111709117,2011-06-04,LSTM,1,2011
2011-06-04,2011,6,16.3,16.49,16.518437880277634,2011-06-05,LSTM,1,2011
2011-06-05,2011,6,16.49,16.77,16.795961489677428,2011-06-06,LSTM,1,2011
2011-06-06,2011,6,16.77,17.21,17.016329009532928,2011-06-07,LSTM,1,2011
2011-06-07,2011,6,17.21,17.49,17.5662088906765,2011-06-08,LSTM,1,2011
2011-06-08,2011,6,17.49,17.59,17.677218859791754,2011-06-09,LSTM,1,2011
2011-06-09,2011,6,17.59,17.6,17.63726990684867,2011-06-10,LSTM,1,2011
2011-06-10,2011,6,17.6,17.6,17.577950256317855,2011-06-11,LSTM,1,2011
2011-06-11,2011,6,17.6,17.56,17.64627061635256,2011-06-12,LSTM,1,2011
2011-06-12,2011,6,17.56,17.39,17.552457601241766,2011-06-13,LSTM,1,2011
2011-06-13,2011,6,17.39,17.26,17.36058853507042,2011-06-14,LSTM,1,2011
2011-06-14,2011,6,17.26,17.16,17.230088701695205,2011-06-15,LSTM,1,2011
2011-06-15,2011,6,17.16,17.03,17.170309064760804,2011-06-16,LSTM,1,2011
2011-06-16,2011,6,17.03,17.05,16.989772910922767,2011-06-17,LSTM,1,2011
2011-06-17,2011,6,17.05,17.17,17.146109971404076,2011-06-18,LSTM,1,2011
2011-06-18,2011,6,17.17,17.2,17.28459392309189,2011-06-19,LSTM,1,2011
2011-06-19,2011,6,17.2,17.203,17.23274745121598,2011-06-20,LSTM,1,2011
2011-06-20,2011,6,17.203,17.19,17.209660098209977,2011-06-21,LSTM,1,2011
2011-06-21,2011,6,17.19,17.23,17.210235650241376,2011-06-22,LSTM,1,2011
2011-06-22,2011,6,17.23,17.33,17.319276924729348,2011-06-23,LSTM,1,2011
2011-06-23,2011,6,17.33,17.44,17.47184522628784,2011-06-24,LSTM,1,2011
2011-06-24,2011,6,17.44,17.46,17.561755965054036,2011-06-25,LSTM,1,2011
2011-06-25,2011,6,17.46,17.6,17.47487813331187,2011-06-26,LSTM,1,2011
2011-06-26,2011,6,17.6,17.75,17.78455457687378,2011-06-27,LSTM,1,2011
2011-06-27,2011,6,17.75,17.91,17.896848917007446,2011-06-28,LSTM,1,2011
2011-06-28,2011,6,17.91,17.93,18.053061697483063,2011-06-29,LSTM,1,2011
2011-06-29,2011,6,17.93,17.96,17.933421650500968,2011-06-30,LSTM,1,2011
2011-06-30,2011,6,17.96,18.08,17.993641260117293,2011-07-01,LSTM,1,2011
2011-07-01,2011,7,18.08,18.29,18.222823085188864,2011-07-02,LSTM,1,2011
2011-07-02,2011,7,18.29,18.47,18.45531692445278,2011-07-03,LSTM,1,2011
2011-07-03,2011,7,18.47,18.41,18.59249706685543,2011-07-04,LSTM,1,2011
2011-07-04,2011,7,18.41,18.43,18.301236625611782,2011-07-05,LSTM,1,2011
2011-07-05,2011,7,18.43,18.6,18.46075166605413,2011-07-06,LSTM,1,2011
2011-07-06,2011,7,18.6,18.84,18.784428974986078,2011-07-07,LSTM,1,2011
2011-07-07,2011,7,18.84,18.92,19.00077123582363,2011-07-08,LSTM,1,2011
2011-07-08,2011,7,18.92,18.99,18.94575638331473,2011-07-09,LSTM,1,2011
2011-07-09,2011,7,18.99,19.08,19.04599507316947,2011-07-10,LSTM,1,2011
2011-07-10,2011,7,19.08,19.13,19.170467631816862,2011-07-11,LSTM,1,2011
2011-07-11,2011,7,19.13,19.17,19.16057357855141,2011-07-12,LSTM,1,2011
2011-07-12,2011,7,19.17,19.24,19.188724367022516,2011-07-13,LSTM,1,2011
2011-07-13,2011,7,19.24,19.24,19.30182913482189,2011-07-14,LSTM,1,2011
2011-07-14,2011,7,19.24,19.28,19.23018728826195,2011-07-15,LSTM,1,2011
2011-07-15,2011,7,19.28,19.34,19.32129942134023,2011-07-16,LSTM,1,2011
2011-07-16,2011,7,19.34,19.4,19.403935667276382,2011-07-17,LSTM,1,2011
2011-07-17,2011,7,19.4,19.43,19.46464499980211,2011-07-18,LSTM,1,2011
2011-07-18,2011,7,19.43,19.48,19.459710367321968,2011-07-19,LSTM,1,2011
2011-07-19,2011,7,19.48,19.51,19.531974762231112,2011-07-20,LSTM,1,2011
2011-07-20,2011,7,19.51,19.57,19.540651405453684,2011-07-21,LSTM,1,2011
2011-07-21,2011,7,19.57,19.63,19.63159756332636,2011-07-22,LSTM,1,2011
2011-07-22,2011,7,19.63,19.64,19.69207190081477,2011-07-23,LSTM,1,2011
2011-07-23,2011,7,19.64,19.64,19.6416588853905,2011-07-24,LSTM,1,2011
2011-07-24,2011,7,19.64,19.65,19.62712640069425,2011-07-25,LSTM,1,2011
2011-07-25,2011,7,19.65,19.52,19.652356635872273,2011-07-26,LSTM,1,2011
2011-07-26,2011,7,19.52,19.41,19.42195719152689,2011-07-27,LSTM,1,2011
2011-07-27,2011,7,19.41,19.35,19.308662857711315,2011-07-28,LSTM,1,2011
2011-07-28,2011,7,19.35,19.22,19.32015172429383,2011-07-29,LSTM,1,2011
2011-07-29,2011,7,19.22,19.24,19.141261124312877,2011-07-30,LSTM,1,2011
2011-07-30,2011,7,19.24,19.25,19.26281432971358,2011-07-31,LSTM,1,2011
2011-09-08,2011,9,17.13,17.1,17.187101607322692,2011-09-09,LSTM,1,2011
2011-09-09,2011,9,17.1,16.98,17.10968345347792,2011-09-10,LSTM,1,2011
2011-09-10,2011,9,16.98,17.0,16.92475918635726,2011-09-11,LSTM,1,2011
2011-09-11,2011,9,17.0,17.11,17.07895763963461,2011-09-12,LSTM,1,2011
2011-09-12,2011,9,17.11,17.19,17.26061657130718,2011-09-13,LSTM,1,2011
2011-09-13,2011,9,17.19,17.23,17.24309782549739,2011-09-14,LSTM,1,2011
2011-09-14,2011,9,17.23,17.24,17.247389437183738,2011-09-15,LSTM,1,2011
2011-09-15,2011,9,17.24,17.16,17.25787831261754,2011-09-16,LSTM,1,2011
2011-09-16,2011,9,17.16,17.25,17.12201490983367,2011-09-17,LSTM,1,2011
2011-09-17,2011,9,17.25,17.41,17.358498491346836,2011-09-18,LSTM,1,2011
2011-09-18,2011,9,17.41,17.71,17.514775428771973,2011-09-19,LSTM,1,2011
2011-09-19,2011,9,17.71,18.14,17.91628722012043,2011-09-20,LSTM,1,2011
2011-09-20,2011,9,18.14,18.09,18.42490537405014,2011-09-21,LSTM,1,2011
2011-09-21,2011,9,18.09,17.9,17.985380347967148,2011-09-22,LSTM,1,2011
2011-09-22,2011,9,17.9,17.78,17.717143887281416,2011-09-23,LSTM,1,2011
2011-09-23,2011,9,17.78,17.7,17.70815323919058,2011-09-24,LSTM,1,2011
2011-09-24,2011,9,17.7,17.62,17.691171228699385,2011-09-25,LSTM,1,2011
2011-09-25,2011,9,17.62,17.6,17.587622321099044,2011-09-26,LSTM,1,2011
2011-09-26,2011,9,17.6,17.84,17.648693835735322,2011-09-27,LSTM,1,2011
2011-09-27,2011,9,17.84,17.87,18.09399672985077,2011-09-28,LSTM,1,2011
2011-09-28,2011,9,17.87,17.89,17.877904637604953,2011-09-29,LSTM,1,2011
2011-09-29,2011,9,17.89,17.93,17.849077760577202,2011-09-30,LSTM,1,2011
2011-09-30,2011,9,17.93,17.99,17.97173667728901,2011-10-01,LSTM,1,2011
2011-10-01,2011,10,17.99,18.0,18.043888287395237,2011-10-02,LSTM,1,2011
2011-10-02,2011,10,18.0,17.98,17.974414287135005,2011-10-03,LSTM,1,2011
2011-10-03,2011,10,17.98,17.78,17.910191047489644,2011-10-04,LSTM,1,2011
2011-10-04,2011,10,17.78,17.66,17.5801254349947,2011-10-05,LSTM,1,2011
2011-10-05,2011,10,17.66,17.37,17.541911277770996,2011-10-06,LSTM,1,2011
2011-10-06,2011,10,17.37,17.11,17.162239591479302,2011-10-07,LSTM,1,2011
2011-10-07,2011,10,17.11,16.95,16.8918815857172,2011-10-08,LSTM,1,2011
2011-10-08,2011,10,16.95,16.81,16.84316088706255,2011-10-09,LSTM,1,2011
2011-10-09,2011,10,16.81,16.67,16.710532096624373,2011-10-10,LSTM,1,2011
2011-10-10,2011,10,16.67,16.57,16.559653444290163,2011-10-11,LSTM,1,2011
2011-10-11,2011,10,16.57,16.45,16.493409558832646,2011-10-12,LSTM,1,2011
2011-10-12,2011,10,16.45,16.42,16.366717819869518,2011-10-13,LSTM,1,2011
2011-10-13,2011,10,16.42,16.25,16.43295495312661,2011-10-14,LSTM,1,2011
2011-10-14,2011,10,16.25,16.13,16.160191029310226,2011-10-15,LSTM,1,2011
2011-10-15,2011,10,16.13,16.05,16.034747672379016,2011-10-16,LSTM,1,2011
2011-10-16,2011,10,16.05,15.94,16.009022361785174,2011-10-17,LSTM,1,2011
2011-10-17,2011,10,15.94,15.84,15.868467221558094,2011-10-18,LSTM,1,2011
2011-10-18,2011,10,15.84,15.82,15.762783508896828,2011-10-19,LSTM,1,2011
2011-10-19,2011,10,15.82,15.76,15.816222839690745,2011-10-20,LSTM,1,2011
2011-10-20,2011,10,15.76,15.7,15.69745632469654,2011-10-21,LSTM,1,2011
2011-10-21,2011,10,15.7,15.7,15.628992241621017,2011-10-22,LSTM,1,2011
2011-10-22,2011,10,15.7,15.68,15.691063955239951,2011-10-23,LSTM,1,2011
2011-10-23,2011,10,15.68,15.68,15.650563434064388,2011-10-24,LSTM,1,2011
2011-10-24,2011,10,15.68,15.66,15.665875729471445,2011-10-25,LSTM,1,2011
2011-10-25,2011,10,15.66,15.6,15.62945809200406,2011-10-26,LSTM,1,2011
2011-10-26,2011,10,15.6,15.52,15.53514384329319,2011-10-27,LSTM,1,2011
2011-10-27,2011,10,15.52,15.45,15.445237134099006,2011-10-28,LSTM,1,2011
2011-10-28,2011,10,15.45,15.42,15.389989730715751,2011-10-29,LSTM,1,2011
2011-10-29,2011,10,15.42,15.38,15.391602130681276,2011-10-30,LSTM,1,2011
2011-10-30,2011,10,15.38,15.35,15.336370186060668,2011-10-31,LSTM,1,2011
2011-10-31,2011,10,15.35,15.3,15.30748197287321,2011-11-01,LSTM,1,2011
2011-11-01,2011,11,15.3,15.22,15.249978318065406,2011-11-02,LSTM,1,2011
2011-11-02,2011,11,15.22,15.16,15.153610573410988,2011-11-03,LSTM,1,2011
2011-11-03,2011,11,15.16,15.1,15.108231849819422,2011-11-04,LSTM,1,2011
2011-11-04,2011,11,15.1,15.03,15.050162351131439,2011-11-05,LSTM,1,2011
2011-11-05,2011,11,15.03,14.98,14.971064592450857,2011-11-06,LSTM,1,2011
2011-11-06,2011,11,14.98,14.95,14.928940131813288,2011-11-07,LSTM,1,2011
2011-11-07,2011,11,14.95,14.9,14.910865277796983,2011-11-08,LSTM,1,2011
2011-11-08,2011,11,14.9,14.83,14.850196277350188,2011-11-09,LSTM,1,2011
2011-11-09,2011,11,14.83,14.77,14.77037227705121,2011-11-10,LSTM,1,2011
2011-11-10,2011,11,14.77,14.68,14.717269279509782,2011-11-11,LSTM,1,2011
2011-11-11,2011,11,14.68,14.6,14.619000580459833,2011-11-12,LSTM,1,2011
2011-11-12,2011,11,14.6,14.55,14.538837707042694,2011-11-13,LSTM,1,2011
2011-11-13,2011,11,14.55,14.5,14.499544735252858,2011-11-14,LSTM,1,2011
2011-11-14,2011,11,14.5,14.45,14.448848847299814,2011-11-15,LSTM,1,2011
2011-11-15,2011,11,14.45,14.41,14.398253445327281,2011-11-16,LSTM,1,2011
2011-11-16,2011,11,14.41,14.38,14.363784309327603,2011-11-17,LSTM,1,2011
2011-11-17,2011,11,14.38,14.32,14.341579192429782,2011-11-18,LSTM,1,2011
2011-11-18,2011,11,14.32,14.32,14.26911639019847,2011-11-19,LSTM,1,2011
2011-11-19,2011,11,14.32,14.31,14.299945382103324,2011-11-20,LSTM,1,2011
2011-11-20,2011,11,14.31,14.27,14.291918659061194,2011-11-21,LSTM,1,2011
2011-11-21,2011,11,14.27,14.24,14.226677969545126,2011-11-22,LSTM,1,2011
2011-11-22,2011,11,14.24,14.21,14.203711328804493,2011-11-23,LSTM,1,2011
2011-11-23,2011,11,14.21,14.2,14.178563560396434,2011-11-24,LSTM,1,2011
2011-11-24,2011,11,14.2,14.18,14.181128618121146,2011-11-25,LSTM,1,2011
2011-11-25,2011,11,14.18,14.16,14.153747996613383,2011-11-26,LSTM,1,2011
2011-11-26,2011,11,14.16,14.12,14.13126816213131,2011-11-27,LSTM,1,2011
2011-11-27,2011,11,14.12,14.08,14.081294777691364,2011-11-28,LSTM,1,2011
2011-11-28,2011,11,14.08,14.04,14.040064060986042,2011-11-29,LSTM,1,2011
2011-11-29,2011,11,14.04,14.0,14.001446661502122,2011-11-30,LSTM,1,2011
2011-11-30,2011,11,14.0,13.98,13.960471406579018,2011-12-01,LSTM,1,2011
2011-12-01,2011,12,13.98,13.96,13.949768267124892,2011-12-02,LSTM,1,2011
2011-12-02,2011,12,13.96,13.92,13.930972305163742,2011-12-03,LSTM,1,2011
2011-12-03,2011,12,13.92,13.88,13.880444062948227,2011-12-04,LSTM,1,2011
2011-12-04,2011,12,13.88,13.86,13.839918774664403,2011-12-05,LSTM,1,2011
2011-12-05,2011,12,13.86,13.84,13.83154465317726,2011-12-06,LSTM,1,2011
2011-12-06,2011,12,13.84,13.81,13.81290119715035,2011-12-07,LSTM,1,2011
2011-12-07,2011,12,13.81,13.78,13.776419063508511,2011-12-08,LSTM,1,2011
2011-12-08,2011,12,13.78,13.75,13.746174528002738,2011-12-09,LSTM,1,2011
2011-12-09,2011,12,13.75,13.72,13.717382073402405,2011-12-10,LSTM,1,2011
2011-12-10,2011,12,13.72,13.7,13.687490073293448,2011-12-11,LSTM,1,2011
2011-12-11,2011,12,13.7,13.69,13.672157515585422,2011-12-12,LSTM,1,2011
2011-12-12,2011,12,13.69,13.66,13.668061201050877,2011-12-13,LSTM,1,2011
2011-12-13,2011,12,13.66,13.64,13.628624968081713,2011-12-14,LSTM,1,2011
2011-12-14,2011,12,13.64,13.62,13.612346493974329,2011-12-15,LSTM,1,2011
2011-12-15,2011,12,13.62,13.6,13.594812710657715,2011-12-16,LSTM,1,2011
2011-12-16,2011,12,13.6,13.58,13.574355587735772,2011-12-17,LSTM,1,2011
2011-12-17,2011,12,13.58,13.58,13.554351519718766,2011-12-18,LSTM,1,2011
2011-12-18,2011,12,13.58,13.57,13.56485953733325,2011-12-19,LSTM,1,2011
2011-12-19,2011,12,13.57,13.56,13.551585746631027,2011-12-20,LSTM,1,2011
2011-12-20,2011,12,13.56,13.52,13.540635788291693,2011-12-21,LSTM,1,2011
2011-12-21,2011,12,13.52,13.5,13.48638373285532,2011-12-22,LSTM,1,2011
2011-12-22,2011,12,13.5,13.48,13.474160017445683,2011-12-23,LSTM,1,2011
2011-12-23,2011,12,13.48,13.46,13.45672393731773,2011-12-24,LSTM,1,2011
2011-12-24,2011,12,13.46,13.44,13.434746169522406,2011-12-25,LSTM,1,2011
2011-12-25,2011,12,13.44,13.42,13.414503718316555,2011-12-26,LSTM,1,2011
2011-12-26,2011,12,13.42,13.39,13.394667094647884,2011-12-27,LSTM,1,2011
2011-12-27,2011,12,13.39,13.37,13.360518872141839,2011-12-28,LSTM,1,2011
2011-12-28,2011,12,13.37,13.35,13.34455378435552,2011-12-29,LSTM,1,2011
2011-12-29,2011,12,13.35,13.33,13.32556702978909,2011-12-30,LSTM,1,2011
2011-12-30,2011,12,13.33,13.31,13.305089117884636,2011-12-31,LSTM,1,2011
2011-12-31,2011,12,13.31,13.28,13.28528625652194,2012-01-01,LSTM,1,2011
2012-01-01,2012,1,13.28,13.24,13.262595851644873,2012-01-02,LSTM,1,2012
2012-01-02,2012,1,13.24,13.22,13.219493269696832,2012-01-03,LSTM,1,2012
2012-01-03,2012,1,13.22,13.21,13.208492846488953,2012-01-04,LSTM,1,2012
2012-01-04,2012,1,13.21,13.2,13.202042220197619,2012-01-05,LSTM,1,2012
2012-01-05,2012,1,13.2,13.19,13.189390105009078,2012-01-06,LSTM,1,2012
2012-01-06,2012,1,13.19,13.18,13.179292602054774,2012-01-07,LSTM,1,2012
2012-01-07,2012,1,13.18,13.16,13.171329218260944,2012-01-08,LSTM,1,2012
2012-01-08,2012,1,13.16,13.15,13.148518171943724,2012-01-09,LSTM,1,2012
2012-01-09,2012,1,13.15,13.13,13.143025650270284,2012-01-10,LSTM,1,2012
2012-01-10,2012,1,13.13,13.12,13.118679985515774,2012-01-11,LSTM,1,2012
2012-01-11,2012,1,13.12,13.11,13.112295953910797,2012-01-12,LSTM,1,2012
2012-01-12,2012,1,13.11,13.1,13.10276940850541,2012-01-13,LSTM,1,2012
2012-01-13,2012,1,13.1,13.09,13.091963628679514,2012-01-14,LSTM,1,2012
2012-01-14,2012,1,13.09,13.08,13.082658036760986,2012-01-15,LSTM,1,2012
2012-01-15,2012,1,13.08,13.07,13.072787020280957,2012-01-16,LSTM,1,2012
2012-01-16,2012,1,13.07,13.05,13.063343133013696,2012-01-17,LSTM,1,2012
2012-01-17,2012,1,13.05,13.02,13.038874319940806,2012-01-18,LSTM,1,2012
2012-01-18,2012,1,13.02,13.0,13.005144292004406,2012-01-19,LSTM,1,2012
2012-01-19,2012,1,13.0,12.99,12.989940867759287,2012-01-20,LSTM,1,2012
2012-01-20,2012,1,12.99,12.99,12.983806963786483,2012-01-21,LSTM,1,2012
2012-01-21,2012,1,12.99,12.97,12.986430483646691,2012-01-22,LSTM,1,2012
2012-01-22,2012,1,12.97,12.95,12.957711356952787,2012-01-23,LSTM,1,2012
2012-01-23,2012,1,12.95,12.93,12.938992365077137,2012-01-24,LSTM,1,2012
2012-01-24,2012,1,12.93,12.91,12.921413279436528,2012-01-25,LSTM,1,2012
2012-01-25,2012,1,12.91,12.89,12.900780641324818,2012-01-26,LSTM,1,2012
2012-01-26,2012,1,12.89,12.87,12.88010421987623,2012-01-27,LSTM,1,2012
2012-01-27,2012,1,12.87,12.86,12.859869717508554,2012-01-28,LSTM,1,2012
2012-01-28,2012,1,12.86,12.86,12.854311433285474,2012-01-29,LSTM,1,2012
2012-01-29,2012,1,12.86,12.88,12.858203077935613,2012-01-30,LSTM,1,2012
2012-01-30,2012,1,12.88,12.88,12.886472433917225,2012-01-31,LSTM,1,2012
2012-01-31,2012,1,12.88,12.87,12.875146696455777,2012-02-01,LSTM,1,2012
2012-02-01,2012,2,12.87,12.85,12.862717360612004,2012-02-02,LSTM,1,2012
2012-02-02,2012,2,12.85,12.84,12.84144803918898,2012-02-03,LSTM,1,2012
2012-02-03,2012,2,12.84,12.82,12.836211040997878,2012-02-04,LSTM,1,2012
2012-02-04,2012,2,12.82,12.81,12.811921245120466,2012-02-05,LSTM,1,2012
2012-02-05,2012,2,12.81,12.79,12.805144483167679,2012-02-06,LSTM,1,2012
2012-02-06,2012,2,12.79,12.78,12.782313322145491,2012-02-07,LSTM,1,2012
2012-02-07,2012,2,12.78,12.77,12.776247387025505,2012-02-08,LSTM,1,2012
2012-02-08,2012,2,12.77,12.76,12.767199606150388,2012-02-09,LSTM,1,2012
2012-02-09,2012,2,12.76,12.75,12.756762921800837,2012-02-10,LSTM,1,2012
2012-02-10,2012,2,12.75,12.74,12.747499976307154,2012-02-11,LSTM,1,2012
2012-02-11,2012,2,12.74,12.73,12.737793660731986,2012-02-12,LSTM,1,2012
2012-02-12,2012,2,12.73,12.72,12.728444777913392,2012-02-13,LSTM,1,2012
2012-02-13,2012,2,12.72,12.71,12.718523684334942,2012-02-14,LSTM,1,2012
2012-02-14,2012,2,12.71,12.71,12.708849835130387,2012-02-15,LSTM,1,2012
2012-02-15,2012,2,12.71,12.71,12.713374899970368,2012-02-16,LSTM,1,2012
2012-02-16,2012,2,12.71,12.7,12.71349062634632,2012-02-17,LSTM,1,2012
2012-02-17,2012,2,12.7,12.7,12.699254336114972,2012-02-18,LSTM,1,2012
2012-02-18,2012,2,12.7,12.7,12.704493947140872,2012-02-19,LSTM,1,2012
2012-02-19,2012,2,12.7,12.72,12.705253678653389,2012-02-20,LSTM,1,2012
2012-02-20,2012,2,12.72,12.72,12.734269416220487,2012-02-21,LSTM,1,2012
2012-02-21,2012,2,12.72,12.7,12.721900884322823,2012-02-22,LSTM,1,2012
2012-02-22,2012,2,12.7,12.69,12.694227999355643,2012-02-23,LSTM,1,2012
2012-02-23,2012,2,12.69,12.66,12.691406075432896,2012-02-24,LSTM,1,2012
2012-02-24,2012,2,12.66,12.64,12.653420933373273,2012-02-25,LSTM,1,2012
2012-02-25,2012,2,12.64,12.62,12.637033277526498,2012-02-26,LSTM,1,2012
2012-02-26,2012,2,12.62,12.61,12.6182187472051,2012-02-27,LSTM,1,2012
2012-02-27,2012,2,12.61,12.63,12.612961002523079,2012-02-28,LSTM,1,2012
2012-02-28,2012,2,12.63,12.64,12.647556581646205,2012-02-29,LSTM,1,2012
2012-02-29,2012,2,12.64,12.64,12.65064594089985,2012-03-01,LSTM,1,2012
2012-03-01,2012,3,12.64,12.63,12.646092913914472,2012-03-02,LSTM,1,2012
2012-03-02,2012,3,12.63,12.62,12.633778508398683,2012-03-03,LSTM,1,2012
2012-03-03,2012,3,12.62,12.62,12.624962063394486,2012-03-04,LSTM,1,2012
2012-03-04,2012,3,12.62,12.66,12.630446327738463,2012-03-05,LSTM,1,2012
2012-03-05,2012,3,12.66,12.7,12.696671478301287,2012-03-06,LSTM,1,2012
2012-03-06,2012,3,12.7,12.73,12.732560285180806,2012-03-07,LSTM,1,2012
2012-03-07,2012,3,12.73,12.77,12.744553586021066,2012-03-08,LSTM,1,2012
2012-03-08,2012,3,12.77,12.81,12.795724129751324,2012-03-09,LSTM,1,2012
2012-03-09,2012,3,12.81,12.85,12.833414086550475,2012-03-10,LSTM,1,2012
2012-03-10,2012,3,12.85,12.88,12.869017450511455,2012-03-11,LSTM,1,2012
2012-03-11,2012,3,12.88,12.88,12.887652414496989,2012-03-12,LSTM,1,2012
2012-03-12,2012,3,12.88,12.87,12.865736028291286,2012-03-13,LSTM,1,2012
2012-03-13,2012,3,12.87,12.84,12.8638275096938,2012-03-14,LSTM,1,2012
2012-03-14,2012,3,12.84,12.84,12.828584886305034,2012-03-15,LSTM,1,2012
2012-03-15,2012,3,12.84,12.86,12.852433742173016,2012-03-16,LSTM,1,2012
2012-03-16,2012,3,12.86,12.94,12.887312060818076,2012-03-17,LSTM,1,2012
2012-03-17,2012,3,12.94,12.98,13.021675678491592,2012-03-18,LSTM,1,2012
2012-03-18,2012,3,12.98,13.0,13.004116234853864,2012-03-19,LSTM,1,2012
2012-03-19,2012,3,13.0,12.99,13.002067444846034,2012-03-20,LSTM,1,2012
2012-03-20,2012,3,12.99,12.95,12.98296229146421,2012-03-21,LSTM,1,2012
2012-03-21,2012,3,12.95,12.94,12.929473015293478,2012-03-22,LSTM,1,2012
2012-03-22,2012,3,12.94,12.94,12.947145501673221,2012-03-23,LSTM,1,2012
2012-03-23,2012,3,12.94,12.96,12.95770108565688,2012-03-24,LSTM,1,2012
2012-03-24,2012,3,12.96,12.98,12.99108678944409,2012-03-25,LSTM,1,2012
2012-03-25,2012,3,12.98,13.0,13.010251352116466,2012-03-26,LSTM,1,2012
2012-03-26,2012,3,13.0,13.01,13.02977055311203,2012-03-27,LSTM,1,2012
2012-03-27,2012,3,13.01,13.02,13.0320058709383,2012-03-28,LSTM,1,2012
2012-03-28,2012,3,13.02,13.04,13.043282773792743,2012-03-29,LSTM,1,2012
2012-03-29,2012,3,13.04,13.05,13.074208957105874,2012-03-30,LSTM,1,2012
2012-03-30,2012,3,13.05,13.1,13.074181596934796,2012-03-31,LSTM,1,2012
2012-03-31,2012,3,13.1,13.15,13.165743342041969,2012-04-01,LSTM,1,2012
2012-04-01,2012,4,13.15,13.19,13.205291302502156,2012-04-02,LSTM,1,2012
2012-04-02,2012,4,13.19,13.23,13.226188449710607,2012-04-03,LSTM,1,2012
2012-04-03,2012,4,13.23,13.24,13.270550075471402,2012-04-04,LSTM,1,2012
2012-04-04,2012,4,13.24,13.24,13.25242234185338,2012-04-05,LSTM,1,2012
2012-04-05,2012,4,13.24,13.4,13.25363458391279,2012-04-06,LSTM,1,2012
2012-04-06,2012,4,13.4,13.5,13.573097595572472,2012-04-07,LSTM,1,2012
2012-04-07,2012,4,13.5,13.62,13.506938657257706,2012-04-08,LSTM,1,2012
2012-04-08,2012,4,13.62,13.67,13.671581434905528,2012-04-09,LSTM,1,2012
2012-04-09,2012,4,13.67,13.68,13.659846389740705,2012-04-10,LSTM,1,2012
2012-04-10,2012,4,13.68,13.69,13.658129649534821,2012-04-11,LSTM,1,2012
2012-04-11,2012,4,13.69,13.74,13.698777419105172,2012-04-12,LSTM,1,2012
2012-04-12,2012,4,13.74,13.8,13.803358910381794,2012-04-13,LSTM,1,2012
2012-04-13,2012,4,13.8,13.89,13.858685902506114,2012-04-14,LSTM,1,2012
2012-04-14,2012,4,13.89,14.0,13.960348843932152,2012-04-15,LSTM,1,2012
2012-04-15,2012,4,14.0,14.13,14.062116026878357,2012-04-16,LSTM,1,2012
2012-04-16,2012,4,14.13,14.18,14.200425659418107,2012-04-17,LSTM,1,2012
2012-04-17,2012,4,14.18,14.18,14.15072104550898,2012-04-18,LSTM,1,2012
2012-04-18,2012,4,14.18,14.17,14.132058527618646,2012-04-19,LSTM,1,2012
2012-04-19,2012,4,14.17,14.35,14.156603764817119,2012-04-20,LSTM,1,2012
2012-04-20,2012,4,14.35,14.6,14.580004534125328,2012-04-21,LSTM,1,2012
2012-04-21,2012,4,14.6,14.87,14.805544710159301,2012-04-22,LSTM,1,2012
2012-04-22,2012,4,14.87,15.12,15.060467566251754,2012-04-23,LSTM,1,2012
2012-04-23,2012,4,15.12,15.17,15.302320863008498,2012-04-24,LSTM,1,2012
2012-04-24,2012,4,15.17,15.18,15.126826146692038,2012-04-25,LSTM,1,2012
2012-04-25,2012,4,15.18,15.19,15.147059154063463,2012-04-26,LSTM,1,2012
2012-04-26,2012,4,15.19,15.19,15.162078178077936,2012-04-27,LSTM,1,2012
2012-04-27,2012,4,15.19,15.12,15.151845759302377,2012-04-28,LSTM,1,2012
2012-04-28,2012,4,15.12,15.11,15.051213364005088,2012-04-29,LSTM,1,2012
2012-04-29,2012,4,15.11,15.29,15.130501188933849,2012-04-30,LSTM,1,2012
2012-04-30,2012,4,15.29,15.52,15.611411311626433,2012-05-01,LSTM,1,2012
2012-05-01,2012,5,15.52,15.59,15.637477118968963,2012-05-02,LSTM,1,2012
2012-05-02,2012,5,15.59,15.64,15.486511167287826,2012-05-03,LSTM,1,2012
2012-05-03,2012,5,15.64,15.79,15.622220806181431,2012-05-04,LSTM,1,2012
2012-05-04,2012,5,15.79,15.91,15.965620064139365,2012-05-05,LSTM,1,2012
2012-05-05,2012,5,15.91,16.04,15.964607849568129,2012-05-06,LSTM,1,2012
2012-05-06,2012,5,16.04,16.08,16.07788796812296,2012-05-07,LSTM,1,2012
2012-05-07,2012,5,16.08,16.04,16.047813070863484,2012-05-08,LSTM,1,2012
2012-05-08,2012,5,16.04,15.93,15.951187425255775,2012-05-09,LSTM,1,2012
2012-05-09,2012,5,15.93,15.79,15.848662644922733,2012-05-10,LSTM,1,2012
2012-05-10,2012,5,15.79,15.66,15.709714927673339,2012-05-11,LSTM,1,2012
2012-05-11,2012,5,15.66,15.52,15.581615824103356,2012-05-12,LSTM,1,2012
2012-05-12,2012,5,15.52,15.35,15.438781407177448,2012-05-13,LSTM,1,2012
2012-05-13,2012,5,15.35,15.22,15.250106608867645,2012-05-14,LSTM,1,2012
2012-05-14,2012,5,15.22,15.14,15.148028665482999,2012-05-15,LSTM,1,2012
2012-05-15,2012,5,15.14,15.1,15.11474579140544,2012-05-16,LSTM,1,2012
2012-05-16,2012,5,15.1,15.17,15.100941608159337,2012-05-17,LSTM,1,2012
2012-05-17,2012,5,15.17,15.26,15.240159457623959,2012-05-18,LSTM,1,2012
2012-05-18,2012,5,15.26,15.37,15.344324412047863,2012-05-19,LSTM,1,2012
2012-05-19,2012,5,15.37,15.6,15.490469398796558,2012-05-20,LSTM,1,2012
2012-05-20,2012,5,15.6,16.3,15.808222523331642,2012-05-21,LSTM,1,2012
2012-05-21,2012,5,16.3,16.64,16.5602678835392,2012-05-22,LSTM,1,2012
2012-05-22,2012,5,16.64,16.67,16.68877581074834,2012-05-23,LSTM,1,2012
2012-05-23,2012,5,16.67,16.5,16.57722764283419,2012-05-24,LSTM,1,2012
2012-05-24,2012,5,16.5,16.27,16.326940074563026,2012-05-25,LSTM,1,2012
2012-05-25,2012,5,16.27,16.14,16.129908148646354,2012-05-26,LSTM,1,2012
2012-05-26,2012,5,16.14,16.04,16.087993334382773,2012-05-27,LSTM,1,2012
2012-05-27,2012,5,16.04,16.03,16.023610494062304,2012-05-28,LSTM,1,2012
2012-05-28,2012,5,16.03,16.04,16.03867052562535,2012-05-29,LSTM,1,2012
2012-05-29,2012,5,16.04,16.06,16.04304725090973,2012-05-30,LSTM,1,2012
2012-05-30,2012,5,16.06,16.12,16.066140240933745,2012-05-31,LSTM,1,2012
2012-05-31,2012,5,16.12,16.2,16.17463557690382,2012-06-01,LSTM,1,2012
2012-06-01,2012,6,16.2,16.24,16.310162198543548,2012-06-02,LSTM,1,2012
2012-06-02,2012,6,16.24,16.27,16.30425307691097,2012-06-03,LSTM,1,2012
2012-06-03,2012,6,16.27,16.29,16.329961795806884,2012-06-04,LSTM,1,2012
2012-06-04,2012,6,16.29,16.47,16.34423878505826,2012-06-05,LSTM,1,2012
2012-06-05,2012,6,16.47,16.9,16.74278396487236,2012-06-06,LSTM,1,2012
2012-06-06,2012,6,16.9,17.25,17.242222571372984,2012-06-07,LSTM,1,2012
2012-06-07,2012,6,17.25,17.88,17.40805286169052,2012-06-08,LSTM,1,2012
2012-06-08,2012,6,17.88,18.28,18.23939958691597,2012-06-09,LSTM,1,2012
2012-06-09,2012,6,18.28,18.37,18.430750890374185,2012-06-10,LSTM,1,2012
2012-06-10,2012,6,18.37,18.34,18.328754979074002,2012-06-11,LSTM,1,2012
2012-06-11,2012,6,18.34,18.09,18.120086189508438,2012-06-12,LSTM,1,2012
2012-06-12,2012,6,18.09,17.88,17.806199785470962,2012-06-13,LSTM,1,2012
2012-06-13,2012,6,17.88,17.66,17.75572355568409,2012-06-14,LSTM,1,2012
2012-06-14,2012,6,17.66,17.97,17.55601531624794,2012-06-15,LSTM,1,2012
2012-06-15,2012,6,17.97,18.33,18.26963093996048,2012-06-16,LSTM,1,2012
2012-06-16,2012,6,18.33,18.56,18.53560464262962,2012-06-17,LSTM,1,2012
2012-06-17,2012,6,18.56,18.79,18.70071951806545,2012-06-18,LSTM,1,2012
2012-06-18,2012,6,18.79,18.89,19.003307186961173,2012-06-19,LSTM,1,2012
2012-06-19,2012,6,18.89,18.76,18.969306833446026,2012-06-20,LSTM,1,2012
2012-06-20,2012,6,18.76,18.48,18.60556230902672,2012-06-21,LSTM,1,2012
2012-06-21,2012,6,18.48,18.32,18.28759361386299,2012-06-22,LSTM,1,2012
2012-06-22,2012,6,18.32,18.29,18.203666828274727,2012-06-23,LSTM,1,2012
2012-06-23,2012,6,18.29,18.43,18.318475496917962,2012-06-24,LSTM,1,2012
2012-06-24,2012,6,18.43,18.57,18.569673337340355,2012-06-25,LSTM,1,2012
2012-06-25,2012,6,18.57,18.8,18.639336242973805,2012-06-26,LSTM,1,2012
2012-06-26,2012,6,18.8,19.58,18.962879168987275,2012-06-27,LSTM,1,2012
2012-06-27,2012,6,19.58,20.12,20.040668385028837,2012-06-28,LSTM,1,2012
2012-06-28,2012,6,20.12,20.43,20.35364520072937,2012-06-29,LSTM,1,2012
2012-06-29,2012,6,20.43,20.56,20.571662374138832,2012-06-30,LSTM,1,2012
2012-06-30,2012,6,20.56,20.56,20.519631651639937,2012-07-01,LSTM,1,2012
2012-07-01,2012,7,20.56,20.45,20.36869759619236,2012-07-02,LSTM,1,2012
2012-07-02,2012,7,20.45,20.09,20.21564873754978,2012-07-03,LSTM,1,2012
2012-07-03,2012,7,20.09,19.65,19.847649526000023,2012-07-04,LSTM,1,2012
2012-07-04,2012,7,19.65,19.27,19.39668553471565,2012-07-05,LSTM,1,2012
2012-07-05,2012,7,19.27,19.14,19.013911534547805,2012-07-06,LSTM,1,2012
2012-07-06,2012,7,19.14,19.25,19.10480592340231,2012-07-07,LSTM,1,2012
2012-07-07,2012,7,19.25,19.22,19.38050937652588,2012-07-08,LSTM,1,2012
2012-07-08,2012,7,19.22,19.13,19.200101311579346,2012-07-09,LSTM,1,2012
2012-07-09,2012,7,19.13,19.07,19.06733935803175,2012-07-10,LSTM,1,2012
2012-07-10,2012,7,19.07,19.04,19.028906177431345,2012-07-11,LSTM,1,2012
2012-07-11,2012,7,19.04,19.11,19.012802171483635,2012-07-12,LSTM,1,2012
2012-07-12,2012,7,19.11,19.18,19.161743268966674,2012-07-13,LSTM,1,2012
2012-07-13,2012,7,19.18,19.27,19.23888284370303,2012-07-14,LSTM,1,2012
2012-07-14,2012,7,19.27,19.31,19.339559879601,2012-07-15,LSTM,1,2012
2012-07-15,2012,7,19.31,19.47,19.342061424106358,2012-07-16,LSTM,1,2012
2012-07-16,2012,7,19.47,19.79,19.57836851596832,2012-07-17,LSTM,1,2012
2012-07-17,2012,7,19.79,19.87,19.98051294028759,2012-07-18,LSTM,1,2012
2012-07-18,2012,7,19.87,19.84,19.853703058212997,2012-07-19,LSTM,1,2012
2012-07-19,2012,7,19.84,19.9,19.75349981725216,2012-07-20,LSTM,1,2012
2012-07-20,2012,7,19.9,19.98,19.942839534580706,2012-07-21,LSTM,1,2012
2012-07-21,2012,7,19.98,19.94,20.02912070184946,2012-07-22,LSTM,1,2012
2012-07-22,2012,7,19.94,19.85,19.868486585617067,2012-07-23,LSTM,1,2012
2012-07-23,2012,7,19.85,19.76,19.76546478867531,2012-07-24,LSTM,1,2012
2012-07-24,2012,7,19.76,19.67,19.69112161010504,2012-07-25,LSTM,1,2012
2012-07-25,2012,7,19.67,19.55,19.596491022109987,2012-07-26,LSTM,1,2012
2012-07-26,2012,7,19.55,19.52,19.44720191806555,2012-07-27,LSTM,1,2012
2012-07-27,2012,7,19.52,19.5,19.4916759044677,2012-07-28,LSTM,1,2012
2012-07-28,2012,7,19.5,19.44,19.479128127917647,2012-07-29,LSTM,1,2012
2012-07-29,2012,7,19.44,19.44,19.375417242348195,2012-07-30,LSTM,1,2012
2012-07-30,2012,7,19.44,19.4,19.431778020747007,2012-07-31,LSTM,1,2012
2012-07-31,2012,7,19.4,19.34,19.362026383727788,2012-08-01,LSTM,1,2012
2012-08-01,2012,8,19.34,19.3,19.28114066287875,2012-08-02,LSTM,1,2012
2012-08-02,2012,8,19.3,19.2,19.26693780273199,2012-08-03,LSTM,1,2012
2012-08-03,2012,8,19.2,19.19,19.114054736495017,2012-08-04,LSTM,1,2012
2012-08-04,2012,8,19.19,19.18,19.185326342061163,2012-08-05,LSTM,1,2012
2012-08-05,2012,8,19.18,19.18,19.17072213564068,2012-08-06,LSTM,1,2012
2012-08-06,2012,8,19.18,19.15,19.169869236014783,2012-08-07,LSTM,1,2012
2012-08-07,2012,8,19.15,19.12,19.118462713062762,2012-08-08,LSTM,1,2012
2012-08-08,2012,8,19.12,19.09,19.093285738378764,2012-08-09,LSTM,1,2012
2012-08-09,2012,8,19.09,19.03,19.067348608896136,2012-08-10,LSTM,1,2012
2012-08-10,2012,8,19.03,18.93,18.98150123536587,2012-08-11,LSTM,1,2012
2012-08-11,2012,8,18.93,18.83,18.848423503637314,2012-08-12,LSTM,1,2012
2012-08-12,2012,8,18.83,18.67,18.73667926520109,2012-08-13,LSTM,1,2012
2012-08-13,2012,8,18.67,18.62,18.553901789784433,2012-08-14,LSTM,1,2012
2012-08-14,2012,8,18.62,18.57,18.545291806459428,2012-08-15,LSTM,1,2012
2012-08-15,2012,8,18.57,18.44,18.519915908277035,2012-08-16,LSTM,1,2012
2012-08-16,2012,8,18.44,18.31,18.333051721155645,2012-08-17,LSTM,1,2012
2012-08-17,2012,8,18.31,18.2,18.189763804376124,2012-08-18,LSTM,1,2012
2012-08-18,2012,8,18.2,18.12,18.093836714327335,2012-08-19,LSTM,1,2012
2012-08-19,2012,8,18.12,18.05,18.034358854293824,2012-08-20,LSTM,1,2012
2012-08-20,2012,8,18.05,18.0,17.976384821534158,2012-08-21,LSTM,1,2012
2012-08-21,2012,8,18.0,18.16,17.93863256275654,2012-08-22,LSTM,1,2012
2012-08-22,2012,8,18.16,18.26,18.294768769145012,2012-08-23,LSTM,1,2012
2012-08-23,2012,8,18.26,18.45,18.356569359302522,2012-08-24,LSTM,1,2012
2012-08-24,2012,8,18.45,18.51,18.633092564344405,2012-08-25,LSTM,1,2012
2012-08-25,2012,8,18.51,18.7,18.5750929287076,2012-08-26,LSTM,1,2012
2012-08-26,2012,8,18.7,18.89,18.872062531113624,2012-08-27,LSTM,1,2012
2012-08-27,2012,8,18.89,19.04,19.008234395980836,2012-08-28,LSTM,1,2012
2012-08-28,2012,8,19.04,19.08,19.09192321166396,2012-08-29,LSTM,1,2012
2012-08-29,2012,8,19.08,19.08,19.08202433997765,2012-08-30,LSTM,1,2012
2012-08-30,2012,8,19.08,19.01,19.063208637684582,2012-08-31,LSTM,1,2012
2012-08-31,2012,8,19.01,18.89,18.958619440197946,2012-09-01,LSTM,1,2012
2012-09-01,2012,9,18.89,18.79,18.815341099500657,2012-09-02,LSTM,1,2012
2012-09-02,2012,9,18.79,18.81,18.731618617624044,2012-09-03,LSTM,1,2012
2012-09-03,2012,9,18.81,18.82,18.85247314110398,2012-09-04,LSTM,1,2012
2012-09-04,2012,9,18.82,18.74,18.83088278926909,2012-09-05,LSTM,1,2012
2012-09-05,2012,9,18.74,18.83,18.667395187318323,2012-09-06,LSTM,1,2012
2012-09-06,2012,9,18.83,18.87,18.90658676803112,2012-09-07,LSTM,1,2012
2012-09-07,2012,9,18.87,18.87,18.9183746342361,2012-09-08,LSTM,1,2012
2012-09-08,2012,9,18.87,18.72,18.87395218934864,2012-09-09,LSTM,1,2012
2012-09-09,2012,9,18.72,18.46,18.627245025038718,2012-09-10,LSTM,1,2012
2012-09-10,2012,9,18.46,18.2,18.250004551410676,2012-09-11,LSTM,1,2012
2012-09-11,2012,9,18.2,18.04,17.979911056160926,2012-09-12,LSTM,1,2012
2012-09-12,2012,9,18.04,17.92,17.891531848311423,2012-09-13,LSTM,1,2012
2012-09-13,2012,9,17.92,18.13,17.807457929551603,2012-09-14,LSTM,1,2012
2012-09-14,2012,9,18.13,18.19,18.328348388075828,2012-09-15,LSTM,1,2012
2012-09-15,2012,9,18.19,18.82,18.138876772075893,2012-09-16,LSTM,1,2012
2012-09-16,2012,9,18.82,19.13,19.269595242738724,2012-09-17,LSTM,1,2012
2012-09-17,2012,9,19.13,19.22,19.265231614112853,2012-09-18,LSTM,1,2012
2012-09-18,2012,9,19.22,19.24,19.24989014983177,2012-09-19,LSTM,1,2012
2012-09-19,2012,9,19.24,19.16,19.19244190096855,2012-09-20,LSTM,1,2012
2012-09-20,2012,9,19.16,19.28,18.997925225496292,2012-09-21,LSTM,1,2012
2012-09-21,2012,9,19.28,19.48,19.3282521019876,2012-09-22,LSTM,1,2012
2012-09-22,2012,9,19.48,19.66,19.463724866062403,2012-09-23,LSTM,1,2012
2012-09-23,2012,9,19.66,19.81,19.643620693907142,2012-09-24,LSTM,1,2012
2012-09-24,2012,9,19.81,20.08,19.810468230922705,2012-09-25,LSTM,1,2012
2012-09-25,2012,9,20.08,20.27,20.155038589537142,2012-09-26,LSTM,1,2012
2012-09-26,2012,9,20.27,20.45,20.23959107555449,2012-09-27,LSTM,1,2012
2012-09-27,2012,9,20.45,20.46,20.417604909092187,2012-09-28,LSTM,1,2012
2012-09-28,2012,9,20.46,20.37,20.29111782371998,2012-09-29,LSTM,1,2012
2012-09-29,2012,9,20.37,20.08,20.1699754101038,2012-09-30,LSTM,1,2012
2012-11-08,2012,11,15.26,15.18,15.20265578687191,2012-11-09,LSTM,1,2012
2012-11-09,2012,11,15.18,15.09,15.115416594147682,2012-11-10,LSTM,1,2012
2012-11-10,2012,11,15.09,15.03,15.01886109650135,2012-11-11,LSTM,1,2012
2012-11-11,2012,11,15.03,15.03,14.971608812659978,2012-11-12,LSTM,1,2012
2012-11-12,2012,11,15.03,14.97,15.004027613177895,2012-11-13,LSTM,1,2012
2012-11-13,2012,11,14.97,14.92,14.916539521217347,2012-11-14,LSTM,1,2012
2012-11-14,2012,11,14.92,14.89,14.863286560475826,2012-11-15,LSTM,1,2012
2012-11-15,2012,11,14.89,14.85,14.858293976038695,2012-11-16,LSTM,1,2012
2012-11-16,2012,11,14.85,14.8,14.815720068663358,2012-11-17,LSTM,1,2012
2012-11-17,2012,11,14.8,14.76,14.756034943461419,2012-11-18,LSTM,1,2012
2012-11-18,2012,11,14.76,14.71,14.723547114282846,2012-11-19,LSTM,1,2012
2012-11-19,2012,11,14.71,14.66,14.670579376667739,2012-11-20,LSTM,1,2012
2012-11-20,2012,11,14.66,14.61,14.618688046783209,2012-11-21,LSTM,1,2012
2012-11-21,2012,11,14.61,14.56,14.569967598319053,2012-11-22,LSTM,1,2012
2012-11-22,2012,11,14.56,14.5,14.520315186530352,2012-11-23,LSTM,1,2012
2012-11-23,2012,11,14.5,14.45,14.456216588616371,2012-11-24,LSTM,1,2012
2012-11-24,2012,11,14.45,14.41,14.410796874016523,2012-11-25,LSTM,1,2012
2012-11-25,2012,11,14.41,14.38,14.377721249908209,2012-11-26,LSTM,1,2012
2012-11-26,2012,11,14.38,14.35,14.352140749916435,2012-11-27,LSTM,1,2012
2012-11-27,2012,11,14.35,14.34,14.322390485927462,2012-11-28,LSTM,1,2012
2012-11-28,2012,11,14.34,14.29,14.325766331665218,2012-11-29,LSTM,1,2012
2012-11-29,2012,11,14.29,14.24,14.254181438088416,2012-11-30,LSTM,1,2012
2012-11-30,2012,11,14.24,14.2,14.202755598127842,2012-12-01,LSTM,1,2012
2012-12-01,2012,12,14.2,14.17,14.17572691552341,2012-12-02,LSTM,1,2012
2012-12-02,2012,12,14.17,14.15,14.149527927935123,2012-12-03,LSTM,1,2012
2012-12-03,2012,12,14.15,14.13,14.132590269297362,2012-12-04,LSTM,1,2012
2012-12-04,2012,12,14.13,14.1,14.11078465461731,2012-12-05,LSTM,1,2012
2012-12-05,2012,12,14.1,14.07,14.076580269634723,2012-12-06,LSTM,1,2012
2012-12-06,2012,12,14.07,14.03,14.049160184040666,2012-12-07,LSTM,1,2012
2012-12-07,2012,12,14.03,13.99,14.005456872954964,2012-12-08,LSTM,1,2012
2012-12-08,2012,12,13.99,13.97,13.964909983575344,2012-12-09,LSTM,1,2012
2012-12-09,2012,12,13.97,13.94,13.956487668938935,2012-12-10,LSTM,1,2012
2012-12-10,2012,12,13.94,13.9,13.919694731533527,2012-12-11,LSTM,1,2012
2012-12-11,2012,12,13.9,13.87,13.872120489925146,2012-12-12,LSTM,1,2012
2012-12-12,2012,12,13.87,13.85,13.850282941833138,2012-12-13,LSTM,1,2012
2012-12-13,2012,12,13.85,13.83,13.83711703903973,2012-12-14,LSTM,1,2012
2012-12-14,2012,12,13.83,13.79,13.815499743372202,2012-12-15,LSTM,1,2012
2012-12-15,2012,12,13.79,13.76,13.763117005079984,2012-12-16,LSTM,1,2012
2012-12-16,2012,12,13.76,13.74,13.740669064447284,2012-12-17,LSTM,1,2012
2012-12-17,2012,12,13.74,13.72,13.728572856411338,2012-12-18,LSTM,1,2012
2012-12-18,2012,12,13.72,13.7,13.706230541020632,2012-12-19,LSTM,1,2012
2012-12-19,2012,12,13.7,13.67,13.684622238203882,2012-12-20,LSTM,1,2012
2012-12-20,2012,12,13.67,13.67,13.65048134893179,2012-12-21,LSTM,1,2012
2012-12-21,2012,12,13.67,13.66,13.66792608153075,2012-12-22,LSTM,1,2012
2012-12-22,2012,12,13.66,13.66,13.652861553560943,2012-12-23,LSTM,1,2012
2012-12-23,2012,12,13.66,13.63,13.65558169580996,2012-12-24,LSTM,1,2012
2012-12-24,2012,12,13.63,13.6,13.610330789461733,2012-12-25,LSTM,1,2012
2012-12-25,2012,12,13.6,13.56,13.581618974357843,2012-12-26,LSTM,1,2012
2012-12-26,2012,12,13.56,13.54,13.540799214914442,2012-12-27,LSTM,1,2012
2012-12-27,2012,12,13.54,13.51,13.528335631787776,2012-12-28,LSTM,1,2012
2012-12-28,2012,12,13.51,13.49,13.493146676793694,2012-12-29,LSTM,1,2012
2012-12-29,2012,12,13.49,13.45,13.474958714805544,2012-12-30,LSTM,1,2012
2012-12-30,2012,12,13.45,13.42,13.429055678471922,2012-12-31,LSTM,1,2012
2012-12-31,2012,12,13.42,13.4,13.402847642153501,2013-01-01,LSTM,1,2012
2013-01-01,2013,1,13.4,13.37,13.38137821815908,2013-01-02,LSTM,1,2013
2013-01-02,2013,1,13.37,13.33,13.345088842213153,2013-01-03,LSTM,1,2013
2013-01-03,2013,1,13.33,13.29,13.300773559063673,2013-01-04,LSTM,1,2013
2013-01-04,2013,1,13.29,13.25,13.260726113766431,2013-01-05,LSTM,1,2013
2013-01-05,2013,1,13.25,13.22,13.220221180468798,2013-01-06,LSTM,1,2013
2013-01-06,2013,1,13.22,13.2,13.194246865138412,2013-01-07,LSTM,1,2013
2013-01-07,2013,1,13.2,13.18,13.178598941117524,2013-01-08,LSTM,1,2013
2013-01-08,2013,1,13.18,13.16,13.158250741958618,2013-01-09,LSTM,1,2013
2013-01-09,2013,1,13.16,13.14,13.140100767686963,2013-01-10,LSTM,1,2013
2013-01-10,2013,1,13.14,13.13,13.122417456805707,2013-01-11,LSTM,1,2013
2013-01-11,2013,1,13.13,13.12,13.12044105783105,2013-01-12,LSTM,1,2013
2013-01-12,2013,1,13.12,13.1,13.110868045017122,2013-01-13,LSTM,1,2013
2013-01-13,2013,1,13.1,13.08,13.086097861081361,2013-01-14,LSTM,1,2013
2013-01-14,2013,1,13.08,13.07,13.067371574155986,2013-01-15,LSTM,1,2013
2013-01-15,2013,1,13.07,13.06,13.06377634190023,2013-01-16,LSTM,1,2013
2013-01-16,2013,1,13.06,13.04,13.052843908257783,2013-01-17,LSTM,1,2013
2013-01-17,2013,1,13.04,13.03,13.02700066935271,2013-01-18,LSTM,1,2013
2013-01-18,2013,1,13.03,13.01,13.023873609229922,2013-01-19,LSTM,1,2013
2013-01-19,2013,1,13.01,12.98,12.997364732660353,2013-01-20,LSTM,1,2013
2013-01-20,2013,1,12.98,12.95,12.962479253783822,2013-01-21,LSTM,1,2013
2013-01-21,2013,1,12.95,12.93,12.931858912855386,2013-01-22,LSTM,1,2013
2013-01-22,2013,1,12.93,12.91,12.91620786704123,2013-01-23,LSTM,1,2013
2013-01-23,2013,1,12.91,12.89,12.894427088871598,2013-01-24,LSTM,1,2013
2013-01-24,2013,1,12.89,12.87,12.873946291729808,2013-01-25,LSTM,1,2013
2013-01-25,2013,1,12.87,12.85,12.854265206381678,2013-01-26,LSTM,1,2013
2013-01-26,2013,1,12.85,12.83,12.835123865306377,2013-01-27,LSTM,1,2013
2013-01-27,2013,1,12.83,12.81,12.815867701470852,2013-01-28,LSTM,1,2013
2013-01-28,2013,1,12.81,12.8,12.796161723732949,2013-01-29,LSTM,1,2013
2013-01-29,2013,1,12.8,12.8,12.79262713547796,2013-01-30,LSTM,1,2013
2013-01-30,2013,1,12.8,12.79,12.799251495755744,2013-01-31,LSTM,1,2013
2013-01-31,2013,1,12.79,12.78,12.782456773295998,2013-02-01,LSTM,1,2013
2013-02-01,2013,2,12.78,12.76,12.774400565512478,2013-02-02,LSTM,1,2013
2013-02-02,2013,2,12.76,12.74,12.74978463280946,2013-02-03,LSTM,1,2013
2013-02-03,2013,2,12.74,12.73,12.730392324514687,2013-02-04,LSTM,1,2013
2013-02-04,2013,2,12.73,12.72,12.72603234184906,2013-02-05,LSTM,1,2013
2013-02-05,2013,2,12.72,12.7,12.714349984452129,2013-02-06,LSTM,1,2013
2013-02-06,2013,2,12.7,12.67,12.68805030900985,2013-02-07,LSTM,1,2013
2013-02-07,2013,2,12.67,12.65,12.653267024159431,2013-02-08,LSTM,1,2013
2013-02-08,2013,2,12.65,12.63,12.639106023684144,2013-02-09,LSTM,1,2013
2013-02-09,2013,2,12.63,12.61,12.617948002293707,2013-02-10,LSTM,1,2013
2013-02-10,2013,2,12.61,12.6,12.597230818718671,2013-02-11,LSTM,1,2013
2013-02-11,2013,2,12.6,12.58,12.593324568495154,2013-02-12,LSTM,1,2013
2013-02-12,2013,2,12.58,12.57,12.567098932266235,2013-02-13,LSTM,1,2013
2013-02-13,2013,2,12.57,12.56,12.56462706875056,2013-02-14,LSTM,1,2013
2013-02-14,2013,2,12.56,12.55,12.55477449292317,2013-02-15,LSTM,1,2013
2013-02-15,2013,2,12.55,12.53,12.545380883570761,2013-02-16,LSTM,1,2013
2013-02-16,2013,2,12.53,12.52,12.520541087463497,2013-02-17,LSTM,1,2013
2013-02-17,2013,2,12.52,12.52,12.517317765839397,2013-02-18,LSTM,1,2013
2013-02-18,2013,2,12.52,12.51,12.52337750161998,2013-02-19,LSTM,1,2013
2013-02-19,2013,2,12.51,12.53,12.506456807944923,2013-02-20,LSTM,1,2013
2013-02-20,2013,2,12.53,12.54,12.55243966050446,2013-02-21,LSTM,1,2013
2013-02-21,2013,2,12.54,12.53,12.554893302693962,2013-02-22,LSTM,1,2013
2013-02-22,2013,2,12.53,12.53,12.528180491267703,2013-02-23,LSTM,1,2013
2013-02-23,2013,2,12.53,12.52,12.536375845987349,2013-02-24,LSTM,1,2013
2013-02-24,2013,2,12.52,12.52,12.520332765455823,2013-02-25,LSTM,1,2013
2013-02-25,2013,2,12.52,12.53,12.527103586103767,2013-02-26,LSTM,1,2013
2013-02-26,2013,2,12.53,12.55,12.545685848891734,2013-02-27,LSTM,1,2013
2013-02-27,2013,2,12.55,12.59,12.576171119883657,2013-02-28,LSTM,1,2013
2013-02-28,2013,2,12.59,12.588,12.639961403012276,2013-03-01,LSTM,1,2013
2013-03-01,2013,3,12.588,12.57,12.592859668668359,2013-03-02,LSTM,1,2013
2013-03-02,2013,3,12.57,12.54,12.563772193789482,2013-03-03,LSTM,1,2013
2013-03-03,2013,3,12.54,12.52,12.530641695447265,2013-03-04,LSTM,1,2013
2013-03-04,2013,3,12.52,12.49,12.517688482981175,2013-03-05,LSTM,1,2013
2013-03-05,2013,3,12.49,12.46,12.480316432900727,2013-03-06,LSTM,1,2013
2013-03-06,2013,3,12.46,12.44,12.448193906843663,2013-03-07,LSTM,1,2013
2013-03-07,2013,3,12.44,12.42,12.433264394812285,2013-03-08,LSTM,1,2013
2013-03-08,2013,3,12.42,12.42,12.412744539864361,2013-03-09,LSTM,1,2013
2013-03-09,2013,3,12.42,12.41,12.426670239381492,2013-03-10,LSTM,1,2013
2013-03-10,2013,3,12.41,12.41,12.409702894070652,2013-03-11,LSTM,1,2013
2013-03-11,2013,3,12.41,12.42,12.418001415990293,2013-03-12,LSTM,1,2013
2013-03-12,2013,3,12.42,12.41,12.437630189657211,2013-03-13,LSTM,1,2013
2013-03-13,2013,3,12.41,12.4,12.414659137688577,2013-03-14,LSTM,1,2013
2013-03-14,2013,3,12.4,12.39,12.406386796478182,2013-03-15,LSTM,1,2013
2013-03-15,2013,3,12.39,12.38,12.397611895911396,2013-03-16,LSTM,1,2013
2013-03-16,2013,3,12.38,12.36,12.387805455941708,2013-03-17,LSTM,1,2013
2013-03-17,2013,3,12.36,12.35,12.362663757652044,2013-03-18,LSTM,1,2013
2013-03-18,2013,3,12.35,12.34,12.358823535405099,2013-03-19,LSTM,1,2013
2013-03-19,2013,3,12.34,12.33,12.348547313511371,2013-03-20,LSTM,1,2013
2013-03-20,2013,3,12.33,12.32,12.338995457552373,2013-03-21,LSTM,1,2013
2013-03-21,2013,3,12.32,12.33,12.329804985485971,2013-03-22,LSTM,1,2013
2013-03-22,2013,3,12.33,12.37,12.354497110396624,2013-03-23,LSTM,1,2013
2013-03-23,2013,3,12.37,12.41,12.42329830944538,2013-03-24,LSTM,1,2013
2013-03-24,2013,3,12.41,12.5,12.4637772141397,2013-03-25,LSTM,1,2013
2013-03-25,2013,3,12.5,12.54,12.59620150923729,2013-03-26,LSTM,1,2013
2013-03-26,2013,3,12.54,12.59,12.57167637437582,2013-03-27,LSTM,1,2013
2013-03-27,2013,3,12.59,12.65,12.639672551453113,2013-03-28,LSTM,1,2013
2013-03-28,2013,3,12.65,12.69,12.708632366359234,2013-03-29,LSTM,1,2013
2013-03-29,2013,3,12.69,12.71,12.716949325576424,2013-03-30,LSTM,1,2013
2013-03-30,2013,3,12.71,12.71,12.724974201098085,2013-03-31,LSTM,1,2013
2013-03-31,2013,3,12.71,12.69,12.725800021588803,2013-04-01,LSTM,1,2013
2013-04-01,2013,4,12.69,12.69,12.69665677525103,2013-04-02,LSTM,1,2013
2013-04-02,2013,4,12.69,12.73,12.718962882235646,2013-04-03,LSTM,1,2013
2013-04-03,2013,4,12.73,12.77,12.793962295651436,2013-04-04,LSTM,1,2013
2013-04-04,2013,4,12.77,12.77,12.82792960524559,2013-04-05,LSTM,1,2013
2013-04-05,2013,4,12.77,12.851,12.789817171618342,2013-04-06,LSTM,1,2013
2013-04-06,2013,4,12.851,12.896,12.949114542663098,2013-04-07,LSTM,1,2013
2013-04-07,2013,4,12.896,13.05,12.947304996013642,2013-04-08,LSTM,1,2013
2013-04-08,2013,4,13.05,13.19,13.226853477954865,2013-04-09,LSTM,1,2013
2013-04-09,2013,4,13.19,13.23,13.291760193705558,2013-04-10,LSTM,1,2013
2013-04-10,2013,4,13.23,13.23,13.215726138576866,2013-04-11,LSTM,1,2013
2013-04-11,2013,4,13.23,13.22,13.199056349247694,2013-04-12,LSTM,1,2013
2013-04-12,2013,4,13.22,13.33,13.216606906875969,2013-04-13,LSTM,1,2013
2013-04-13,2013,4,13.33,13.47,13.489582644701004,2013-04-14,LSTM,1,2013
2013-04-14,2013,4,13.47,13.5,13.606743679642678,2013-04-15,LSTM,1,2013
2013-04-15,2013,4,13.5,13.51,13.473659502342343,2013-04-16,LSTM,1,2013
2013-04-16,2013,4,13.51,13.48,13.508549096169881,2013-04-17,LSTM,1,2013
2013-04-17,2013,4,13.48,13.52,13.464884032979608,2013-04-18,LSTM,1,2013
2013-04-18,2013,4,13.52,13.81,13.606217172443866,2013-04-19,LSTM,1,2013
2013-04-19,2013,4,13.81,14.35,14.209006456136704,2013-04-20,LSTM,1,2013
2013-04-20,2013,4,14.35,14.55,14.756173348426818,2013-04-21,LSTM,1,2013
2013-04-21,2013,4,14.55,14.66,14.568542436882854,2013-04-22,LSTM,1,2013
2013-04-22,2013,4,14.66,14.58,14.780739251375199,2013-04-23,LSTM,1,2013
2013-04-23,2013,4,14.58,14.58,14.548286119401455,2013-04-24,LSTM,1,2013
2013-04-24,2013,4,14.58,14.45,14.621167885065079,2013-04-25,LSTM,1,2013
2013-04-25,2013,4,14.45,14.35,14.40491825416684,2013-04-26,LSTM,1,2013
2013-04-26,2013,4,14.35,14.26,14.285799121856689,2013-04-27,LSTM,1,2013
2013-04-27,2013,4,14.26,14.24,14.236907707750797,2013-04-28,LSTM,1,2013
2013-04-28,2013,4,14.24,14.2,14.25250926963985,2013-04-29,LSTM,1,2013
2013-04-29,2013,4,14.2,14.17,14.198629865585826,2013-04-30,LSTM,1,2013
2013-07-08,2013,7,19.2,19.34,19.34223974943161,2013-07-09,LSTM,1,2013
2013-07-09,2013,7,19.34,19.47,19.452330093979835,2013-07-10,LSTM,1,2013
2013-07-10,2013,7,19.47,19.67,19.597411901950835,2013-07-11,LSTM,1,2013
2013-07-11,2013,7,19.67,19.68,19.854691458940508,2013-07-12,LSTM,1,2013
2013-07-12,2013,7,19.68,19.6,19.664267074614763,2013-07-13,LSTM,1,2013
2013-07-13,2013,7,19.6,19.46,19.459524726867677,2013-07-14,LSTM,1,2013
2013-07-14,2013,7,19.46,19.37,19.302340856790543,2013-07-15,LSTM,1,2013
2013-07-15,2013,7,19.37,19.3,19.275676640570165,2013-07-16,LSTM,1,2013
2013-07-16,2013,7,19.3,19.13,19.23072009831667,2013-07-17,LSTM,1,2013
2013-07-17,2013,7,19.13,19.087,19.011333477795123,2013-07-18,LSTM,1,2013
2013-07-18,2013,7,19.087,18.99,19.031655161350965,2013-07-19,LSTM,1,2013
2013-07-19,2013,7,18.99,19.09,18.918739726543425,2013-07-20,LSTM,1,2013
2013-07-20,2013,7,19.09,19.12,19.118429297730327,2013-07-21,LSTM,1,2013
2013-07-21,2013,7,19.12,19.11,19.116188202872873,2013-07-22,LSTM,1,2013
2013-07-22,2013,7,19.11,19.02,19.067245782017707,2013-07-23,LSTM,1,2013
2013-07-23,2013,7,19.02,19.04,18.946970846951007,2013-07-24,LSTM,1,2013
2013-07-24,2013,7,19.04,19.05,19.042828946802764,2013-07-25,LSTM,1,2013
2013-07-25,2013,7,19.05,19.11,19.036893109977246,2013-07-26,LSTM,1,2013
2013-07-26,2013,7,19.11,19.15,19.137654642239212,2013-07-27,LSTM,1,2013
2013-07-27,2013,7,19.15,19.14,19.161618194170295,2013-07-28,LSTM,1,2013
2013-07-28,2013,7,19.14,19.07,19.102197463959456,2013-07-29,LSTM,1,2013
2013-07-29,2013,7,19.07,19.0,18.999814517498017,2013-07-30,LSTM,1,2013
2013-07-30,2013,7,19.0,18.94,18.931979961693287,2013-07-31,LSTM,1,2013
2013-07-31,2013,7,18.94,18.86,18.883191539496185,2013-08-01,LSTM,1,2013
2013-08-01,2013,8,18.86,18.78,18.790935002863407,2013-08-02,LSTM,1,2013
2013-08-02,2013,8,18.78,18.76,18.707181772887708,2013-08-03,LSTM,1,2013
2013-08-03,2013,8,18.76,18.69,18.720570100694896,2013-08-04,LSTM,1,2013
2013-08-04,2013,8,18.69,18.52,18.627220677733423,2013-08-05,LSTM,1,2013
2013-08-05,2013,8,18.52,18.4,18.414221246242523,2013-08-06,LSTM,1,2013
2013-08-06,2013,8,18.4,18.45,18.30226636081934,2013-08-07,LSTM,1,2013
2013-08-07,2013,8,18.45,18.51,18.470444083958864,2013-08-08,LSTM,1,2013
2013-08-08,2013,8,18.51,18.49,18.549405010640623,2013-08-09,LSTM,1,2013
2013-08-09,2013,8,18.49,18.43,18.4551035182178,2013-08-10,LSTM,1,2013
2013-08-10,2013,8,18.43,18.51,18.38028578862548,2013-08-11,LSTM,1,2013
2013-08-11,2013,8,18.51,18.6,18.570407616198064,2013-08-12,LSTM,1,2013
2013-08-12,2013,8,18.6,18.64,18.679316250979902,2013-08-13,LSTM,1,2013
2013-08-13,2013,8,18.64,18.63,18.66757314965129,2013-08-14,LSTM,1,2013
2013-08-14,2013,8,18.63,18.56,18.613153466135262,2013-08-15,LSTM,1,2013
2013-08-15,2013,8,18.56,18.45,18.506057014167308,2013-08-16,LSTM,1,2013
2013-08-16,2013,8,18.45,18.36,18.369038459658622,2013-08-17,LSTM,1,2013
2013-08-17,2013,8,18.36,18.29,18.29867665529251,2013-08-18,LSTM,1,2013
2013-08-18,2013,8,18.29,18.22,18.244563174396752,2013-08-19,LSTM,1,2013
2013-08-19,2013,8,18.22,18.12,18.16523474946618,2013-08-20,LSTM,1,2013
2013-08-20,2013,8,18.12,18.0,18.045113655626775,2013-08-21,LSTM,1,2013
2013-08-21,2013,8,18.0,17.97,17.91185738891363,2013-08-22,LSTM,1,2013
2013-08-22,2013,8,17.97,17.92,17.93395593509078,2013-08-23,LSTM,1,2013
2013-08-23,2013,8,17.92,17.83,17.883513780385258,2013-08-24,LSTM,1,2013
2013-08-24,2013,8,17.83,17.67,17.765863614082335,2013-08-25,LSTM,1,2013
2013-08-25,2013,8,17.67,17.54,17.57079239755869,2013-08-26,LSTM,1,2013
2013-08-26,2013,8,17.54,17.47,17.443874553740024,2013-08-27,LSTM,1,2013
2013-08-27,2013,8,17.47,17.53,17.415121251046656,2013-08-28,LSTM,1,2013
2013-08-28,2013,8,17.53,17.6,17.588684919029475,2013-08-29,LSTM,1,2013
2013-08-29,2013,8,17.6,17.6,17.683648771047594,2013-08-30,LSTM,1,2013
2013-08-30,2013,8,17.6,17.62,17.618592208623888,2013-08-31,LSTM,1,2013
2013-08-31,2013,8,17.62,17.62,17.653203311264516,2013-09-01,LSTM,1,2013
2013-09-01,2013,9,17.62,17.64,17.644053970351816,2013-09-02,LSTM,1,2013
2013-09-02,2013,9,17.64,17.79,17.677416119128466,2013-09-03,LSTM,1,2013
2013-09-03,2013,9,17.79,17.9,17.950113513469695,2013-09-04,LSTM,1,2013
2013-09-04,2013,9,17.9,18.17,18.009401278197764,2013-09-05,LSTM,1,2013
2013-09-05,2013,9,18.17,18.49,18.447831345796587,2013-09-06,LSTM,1,2013
2013-09-06,2013,9,18.49,18.8,18.7624052965641,2013-09-07,LSTM,1,2013
2013-09-07,2013,9,18.8,19.3,19.021494659781457,2013-09-08,LSTM,1,2013
2013-09-08,2013,9,19.3,19.66,19.636708903312684,2013-09-09,LSTM,1,2013
2013-09-09,2013,9,19.66,19.9,19.85815421104431,2013-09-10,LSTM,1,2013
2013-09-10,2013,9,19.9,19.91,20.06655634343624,2013-09-11,LSTM,1,2013
2013-09-11,2013,9,19.91,19.79,19.819377329051495,2013-09-12,LSTM,1,2013
2013-09-12,2013,9,19.79,19.5,19.63611417353153,2013-09-13,LSTM,1,2013
2013-09-13,2013,9,19.5,19.19,19.27525980770588,2013-09-14,LSTM,1,2013
2013-09-14,2013,9,19.19,18.9,18.923921676874162,2013-09-15,LSTM,1,2013
2013-09-15,2013,9,18.9,18.62,18.62762483358383,2013-09-16,LSTM,1,2013
2013-09-16,2013,9,18.62,18.41,18.39852438390255,2013-09-17,LSTM,1,2013
2013-09-17,2013,9,18.41,18.12,18.250971186757088,2013-09-18,LSTM,1,2013
2013-09-18,2013,9,18.12,17.94,17.971581186056138,2013-09-19,LSTM,1,2013
2013-09-19,2013,9,17.94,17.76,17.800645934939386,2013-09-20,LSTM,1,2013
2013-09-20,2013,9,17.76,17.4,17.63979243695736,2013-09-21,LSTM,1,2013
2013-09-21,2013,9,17.4,17.3,17.262544253468512,2013-09-22,LSTM,1,2013
2013-09-22,2013,9,17.3,17.13,17.206578183174134,2013-09-23,LSTM,1,2013
2013-09-23,2013,9,17.13,17.01,17.03204543620348,2013-09-24,LSTM,1,2013
2013-09-24,2013,9,17.01,16.91,16.91080413967371,2013-09-25,LSTM,1,2013
2013-09-25,2013,9,16.91,16.82,16.82864535957575,2013-09-26,LSTM,1,2013
2013-09-26,2013,9,16.82,16.8,16.74669763416052,2013-09-27,LSTM,1,2013
2013-09-27,2013,9,16.8,16.81,16.77281868942082,2013-09-28,LSTM,1,2013
2013-09-28,2013,9,16.81,16.85,16.852034704238175,2013-09-29,LSTM,1,2013
2013-09-29,2013,9,16.85,16.87,16.92176448404789,2013-09-30,LSTM,1,2013
2013-09-30,2013,9,16.87,16.87,16.88491270493716,2013-10-01,LSTM,1,2013
2013-10-01,2013,10,16.87,16.84,16.86234813079238,2013-10-02,LSTM,1,2013
2013-10-02,2013,10,16.84,16.77,16.804035887271166,2013-10-03,LSTM,1,2013
2013-10-03,2013,10,16.77,16.68,16.686752129793167,2013-10-04,LSTM,1,2013
2013-10-04,2013,10,16.68,16.57,16.581651374995708,2013-10-05,LSTM,1,2013
2013-10-05,2013,10,16.57,16.51,16.47231440216303,2013-10-06,LSTM,1,2013
2013-10-06,2013,10,16.51,16.58,16.46105926319957,2013-10-07,LSTM,1,2013
2013-10-07,2013,10,16.58,16.63,16.700957434177397,2013-10-08,LSTM,1,2013
2013-10-08,2013,10,16.63,16.6,16.66442910313606,2013-10-09,LSTM,1,2013
2013-10-09,2013,10,16.6,16.55,16.559777120500804,2013-10-10,LSTM,1,2013
2013-10-10,2013,10,16.55,16.54,16.484787690639497,2013-10-11,LSTM,1,2013
2013-10-11,2013,10,16.54,16.59,16.508745168298482,2013-10-12,LSTM,1,2013
2013-10-12,2013,10,16.59,16.55,16.612673036903143,2013-10-13,LSTM,1,2013
2013-10-13,2013,10,16.55,16.48,16.467880579829217,2013-10-14,LSTM,1,2013
2013-10-14,2013,10,16.48,16.37,16.37456906914711,2013-10-15,LSTM,1,2013
2013-10-15,2013,10,16.37,16.37,16.259616787433625,2013-10-16,LSTM,1,2013
2013-10-16,2013,10,16.37,16.48,16.34838842123747,2013-10-17,LSTM,1,2013
2013-10-17,2013,10,16.48,16.37,16.60334256619215,2013-10-18,LSTM,1,2013
2013-10-18,2013,10,16.37,16.23,16.244009728431703,2013-10-19,LSTM,1,2013
2013-10-19,2013,10,16.23,16.0,16.0827167737484,2013-10-20,LSTM,1,2013
2013-10-20,2013,10,16.0,15.84,15.869998395442963,2013-10-21,LSTM,1,2013
2013-10-21,2013,10,15.84,15.74,15.730856139361858,2013-10-22,LSTM,1,2013
2013-10-22,2013,10,15.74,15.71,15.668044237196446,2013-10-23,LSTM,1,2013
2013-10-23,2013,10,15.71,15.68,15.660189754366876,2013-10-24,LSTM,1,2013
2013-10-24,2013,10,15.68,15.66,15.615310781002044,2013-10-25,LSTM,1,2013
2013-10-25,2013,10,15.66,15.71,15.61572916045785,2013-10-26,LSTM,1,2013
2013-10-26,2013,10,15.71,15.74,15.774292140305043,2013-10-27,LSTM,1,2013
2013-10-27,2013,10,15.74,15.82,15.788397179692984,2013-10-28,LSTM,1,2013
2013-10-28,2013,10,15.82,15.82,15.881470162123442,2013-10-29,LSTM,1,2013
2013-10-29,2013,10,15.82,15.74,15.77607952028513,2013-10-30,LSTM,1,2013
2013-10-30,2013,10,15.74,15.63,15.665991095602513,2013-10-31,LSTM,1,2013
2013-10-31,2013,10,15.63,15.52,15.54127783805132,2013-11-01,LSTM,1,2013
2013-11-01,2013,11,15.52,15.42,15.433822822272777,2013-11-02,LSTM,1,2013
2013-11-02,2013,11,15.42,15.4,15.343179350793362,2013-11-03,LSTM,1,2013
2013-11-03,2013,11,15.4,15.49,15.372513012588024,2013-11-04,LSTM,1,2013
2013-11-04,2013,11,15.49,15.57,15.616710951328278,2013-11-05,LSTM,1,2013
2013-11-05,2013,11,15.57,15.59,15.683836660981179,2013-11-06,LSTM,1,2013
2013-11-06,2013,11,15.59,15.54,15.604199745841324,2013-11-07,LSTM,1,2013
2013-11-07,2013,11,15.54,15.43,15.477284499406814,2013-11-08,LSTM,1,2013
2013-11-08,2013,11,15.43,15.34,15.338823639154434,2013-11-09,LSTM,1,2013
2013-11-09,2013,11,15.34,15.21,15.2530789488554,2013-11-10,LSTM,1,2013
2013-11-10,2013,11,15.21,15.09,15.115558601021768,2013-11-11,LSTM,1,2013
2013-11-11,2013,11,15.09,15.0,14.996725503504276,2013-11-12,LSTM,1,2013
2013-11-12,2013,11,15.0,14.91,14.930520616471767,2013-11-13,LSTM,1,2013
2013-11-13,2013,11,14.91,14.84,14.84636654317379,2013-11-14,LSTM,1,2013
2013-11-14,2013,11,14.84,14.72,14.780924737602472,2013-11-15,LSTM,1,2013
2013-11-15,2013,11,14.72,14.66,14.649133221507073,2013-11-16,LSTM,1,2013
2013-11-16,2013,11,14.66,14.58,14.600082646906376,2013-11-17,LSTM,1,2013
2013-11-17,2013,11,14.58,14.53,14.522299839109182,2013-11-18,LSTM,1,2013
2013-11-18,2013,11,14.53,14.44,14.476261804550886,2013-11-19,LSTM,1,2013
2013-11-19,2013,11,14.44,14.44,14.378080638647079,2013-11-20,LSTM,1,2013
2013-11-20,2013,11,14.44,14.38,14.418504145517945,2013-11-21,LSTM,1,2013
2013-11-21,2013,11,14.38,14.33,14.33406248793006,2013-11-22,LSTM,1,2013
2013-11-22,2013,11,14.33,14.27,14.282800877392292,2013-11-23,LSTM,1,2013
2013-11-23,2013,11,14.27,14.22,14.223199367970228,2013-11-24,LSTM,1,2013
2013-11-24,2013,11,14.22,14.17,14.176430733203889,2013-11-25,LSTM,1,2013
2013-11-25,2013,11,14.17,14.12,14.127617443054914,2013-11-26,LSTM,1,2013
2013-11-26,2013,11,14.12,14.08,14.075862402915954,2013-11-27,LSTM,1,2013
2013-11-27,2013,11,14.08,14.03,14.040712134838104,2013-11-28,LSTM,1,2013
2013-11-28,2013,11,14.03,13.99,13.987819186151027,2013-11-29,LSTM,1,2013
2013-11-29,2013,11,13.99,13.96,13.952114445865154,2013-11-30,LSTM,1,2013
2013-11-30,2013,11,13.96,13.92,13.927594515532256,2013-12-01,LSTM,1,2013
2013-12-01,2013,12,13.92,13.87,13.884302469044924,2013-12-02,LSTM,1,2013
2013-12-02,2013,12,13.87,13.82,13.831249284446239,2013-12-03,LSTM,1,2013
2013-12-03,2013,12,13.82,13.78,13.781295608431101,2013-12-04,LSTM,1,2013
2013-12-04,2013,12,13.78,13.76,13.74515917405486,2013-12-05,LSTM,1,2013
2013-12-05,2013,12,13.76,13.74,13.733804710432887,2013-12-06,LSTM,1,2013
2013-12-06,2013,12,13.74,13.7,13.713177563399077,2013-12-07,LSTM,1,2013
2013-12-07,2013,12,13.7,13.67,13.66677417308092,2013-12-08,LSTM,1,2013
2013-12-08,2013,12,13.67,13.64,13.64285682708025,2013-12-09,LSTM,1,2013
2013-12-09,2013,12,13.64,13.6,13.614268529564143,2013-12-10,LSTM,1,2013
2013-12-10,2013,12,13.6,13.56,13.570501374453306,2013-12-11,LSTM,1,2013
2013-12-11,2013,12,13.56,13.54,13.529710592180491,2013-12-12,LSTM,1,2013
2013-12-12,2013,12,13.54,13.51,13.517902013808488,2013-12-13,LSTM,1,2013
2013-12-13,2013,12,13.51,13.48,13.482919974476099,2013-12-14,LSTM,1,2013
2013-12-14,2013,12,13.48,13.45,13.453546952009201,2013-12-15,LSTM,1,2013
2013-12-15,2013,12,13.45,13.42,13.424522216245531,2013-12-16,LSTM,1,2013
2013-12-16,2013,12,13.42,13.4,13.395405832752585,2013-12-17,LSTM,1,2013
2013-12-17,2013,12,13.4,13.38,13.380389283969999,2013-12-18,LSTM,1,2013
2013-12-18,2013,12,13.38,13.36,13.36015152104199,2013-12-19,LSTM,1,2013
2013-12-19,2013,12,13.36,13.34,13.340884360149502,2013-12-20,LSTM,1,2013
2013-12-20,2013,12,13.34,13.32,13.32217136412859,2013-12-21,LSTM,1,2013
2013-12-21,2013,12,13.32,13.29,13.303346639201045,2013-12-22,LSTM,1,2013
2013-12-22,2013,12,13.29,13.26,13.269995189234614,2013-12-23,LSTM,1,2013
2013-12-23,2013,12,13.26,13.24,13.240155147612095,2013-12-24,LSTM,1,2013
2013-12-24,2013,12,13.24,13.21,13.224153224155307,2013-12-25,LSTM,1,2013
2013-12-25,2013,12,13.21,13.19,13.188708861395718,2013-12-26,LSTM,1,2013
2013-12-26,2013,12,13.19,13.17,13.173234073966741,2013-12-27,LSTM,1,2013
2013-12-27,2013,12,13.17,13.14,13.15293887451291,2013-12-28,LSTM,1,2013
2013-12-28,2013,12,13.14,13.12,13.119210199788213,2013-12-29,LSTM,1,2013
2013-12-29,2013,12,13.12,13.09,13.104740395098924,2013-12-30,LSTM,1,2013
2013-12-30,2013,12,13.09,13.06,13.069992622509599,2013-12-31,LSTM,1,2013
2013-12-31,2013,12,13.06,13.04,13.040212723836303,2014-01-01,LSTM,1,2013
2014-01-01,2014,1,13.04,13.02,13.01991513647139,2014-01-02,LSTM,1,2014
2014-01-02,2014,1,13.02,12.99,13.000030024424195,2014-01-03,LSTM,1,2014
2014-01-03,2014,1,12.99,12.97,12.964710002541542,2014-01-04,LSTM,1,2014
2014-01-04,2014,1,12.97,12.95,12.949781102389098,2014-01-05,LSTM,1,2014
2014-01-05,2014,1,12.95,12.93,12.930792805552482,2014-01-06,LSTM,1,2014
2014-01-06,2014,1,12.93,12.93,12.910314288288355,2014-01-07,LSTM,1,2014
2014-01-07,2014,1,12.93,12.92,12.923237393908202,2014-01-08,LSTM,1,2014
2014-01-08,2014,1,12.92,12.9,12.906649083904922,2014-01-09,LSTM,1,2014
2014-01-09,2014,1,12.9,12.88,12.880128487572074,2014-01-10,LSTM,1,2014
2014-01-10,2014,1,12.88,12.86,12.860948895215989,2014-01-11,LSTM,1,2014
2014-01-11,2014,1,12.86,12.83,12.841623789295554,2014-01-12,LSTM,1,2014
2014-01-12,2014,1,12.83,12.82,12.806400120183826,2014-01-13,LSTM,1,2014
2014-01-13,2014,1,12.82,12.8,12.807095513381064,2014-01-14,LSTM,1,2014
2014-01-14,2014,1,12.8,12.79,12.78209691606462,2014-01-15,LSTM,1,2014
2014-01-15,2014,1,12.79,12.77,12.777173615023493,2014-01-16,LSTM,1,2014
2014-01-16,2014,1,12.77,12.75,12.752188371941447,2014-01-17,LSTM,1,2014
2014-01-17,2014,1,12.75,12.73,12.731862049549818,2014-01-18,LSTM,1,2014
2014-01-18,2014,1,12.73,12.72,12.712729613780976,2014-01-19,LSTM,1,2014
2014-01-19,2014,1,12.72,12.7,12.708613368943334,2014-01-20,LSTM,1,2014
2014-01-20,2014,1,12.7,12.68,12.683019599691033,2014-01-21,LSTM,1,2014
2014-01-21,2014,1,12.68,12.66,12.662564810663461,2014-01-22,LSTM,1,2014
2014-01-22,2014,1,12.66,12.65,12.643588438481093,2014-01-23,LSTM,1,2014
2014-01-23,2014,1,12.65,12.64,12.639809668622911,2014-01-24,LSTM,1,2014
2014-01-24,2014,1,12.64,12.63,12.630080796182156,2014-01-25,LSTM,1,2014
2014-01-25,2014,1,12.63,12.62,12.619853059872986,2014-01-26,LSTM,1,2014
2014-01-26,2014,1,12.62,12.61,12.610369039587676,2014-01-27,LSTM,1,2014
2014-01-27,2014,1,12.61,12.59,12.600700303576886,2014-01-28,LSTM,1,2014
2014-01-28,2014,1,12.59,12.57,12.574729844145477,2014-01-29,LSTM,1,2014
2014-01-29,2014,1,12.57,12.55,12.554740746207536,2014-01-30,LSTM,1,2014
2014-01-30,2014,1,12.55,12.53,12.535600567422808,2014-01-31,LSTM,1,2014
2014-06-08,2014,6,16.32,16.66,16.524894989728928,2014-06-09,LSTM,1,2014
2014-06-09,2014,6,16.66,16.88,16.964403960704804,2014-06-10,LSTM,1,2014
2014-06-10,2014,6,16.88,16.92,17.015577395558356,2014-06-11,LSTM,1,2014
2014-06-11,2014,6,16.92,16.92,16.919210580368528,2014-06-12,LSTM,1,2014
2014-06-12,2014,6,16.92,16.92,16.921146643655376,2014-06-13,LSTM,1,2014
2014-06-13,2014,6,16.92,16.97,16.979073597192766,2014-06-14,LSTM,1,2014
2014-06-14,2014,6,16.97,17.07,17.095393107533454,2014-06-15,LSTM,1,2014
2014-06-15,2014,6,17.07,17.21,17.228620685338974,2014-06-16,LSTM,1,2014
2014-06-16,2014,6,17.21,17.25,17.353645450472833,2014-06-17,LSTM,1,2014
2014-06-17,2014,6,17.25,17.19,17.295612782239914,2014-06-18,LSTM,1,2014
2014-06-18,2014,6,17.19,17.11,17.142843945473434,2014-06-19,LSTM,1,2014
2014-06-19,2014,6,17.11,16.99,17.067582782953977,2014-06-20,LSTM,1,2014
2014-06-20,2014,6,16.99,16.92,16.93884432479739,2014-06-21,LSTM,1,2014
2014-06-21,2014,6,16.92,16.9,16.917488606721165,2014-06-22,LSTM,1,2014
2014-06-22,2014,6,16.9,17.2,16.930455308035015,2014-06-23,LSTM,1,2014
2014-06-23,2014,6,17.2,17.49,17.520137679576873,2014-06-24,LSTM,1,2014
2014-06-24,2014,6,17.49,17.82,17.715697323679922,2014-06-25,LSTM,1,2014
2014-06-25,2014,6,17.82,18.14,18.11891547560692,2014-06-26,LSTM,1,2014
2014-06-26,2014,6,18.14,18.44,18.41355745434761,2014-06-27,LSTM,1,2014
2014-06-27,2014,6,18.44,18.56,18.653480666279794,2014-06-28,LSTM,1,2014
2014-06-28,2014,6,18.56,18.57,18.544942308627068,2014-06-29,LSTM,1,2014
2014-06-29,2014,6,18.57,18.57,18.46500918984413,2014-06-30,LSTM,1,2014
2014-06-30,2014,6,18.57,18.58,18.543149364814163,2014-07-01,LSTM,1,2014
2014-07-01,2014,7,18.58,18.5,18.621157908737658,2014-07-02,LSTM,1,2014
2014-07-02,2014,7,18.5,18.34,18.430951230227947,2014-07-03,LSTM,1,2014
2014-07-03,2014,7,18.34,18.362,18.218627941012382,2014-07-04,LSTM,1,2014
2014-07-04,2014,7,18.362,18.47,18.428143594682215,2014-07-05,LSTM,1,2014
2014-07-05,2014,7,18.47,18.59,18.58131663620472,2014-07-06,LSTM,1,2014
2014-07-06,2014,7,18.59,18.63,18.69341664403677,2014-07-07,LSTM,1,2014
2014-07-07,2014,7,18.63,18.66,18.651027432754635,2014-07-08,LSTM,1,2014
2014-07-08,2014,7,18.66,18.5,18.677330769449473,2014-07-09,LSTM,1,2014
2014-07-09,2014,7,18.5,18.49,18.39237952232361,2014-07-10,LSTM,1,2014
2014-07-10,2014,7,18.49,18.53,18.50689163595438,2014-07-11,LSTM,1,2014
2014-07-11,2014,7,18.53,18.48,18.585250220000745,2014-07-12,LSTM,1,2014
2014-07-12,2014,7,18.48,18.4,18.44091651543975,2014-07-13,LSTM,1,2014
2014-07-13,2014,7,18.4,18.46,18.335868605971335,2014-07-14,LSTM,1,2014
2014-07-14,2014,7,18.46,18.46,18.524679183065892,2014-07-15,LSTM,1,2014
2014-07-15,2014,7,18.46,18.4,18.472886210344733,2014-07-16,LSTM,1,2014
2014-07-16,2014,7,18.4,18.34,18.350633123517035,2014-07-17,LSTM,1,2014
2014-07-17,2014,7,18.34,18.35,18.30117291226983,2014-07-18,LSTM,1,2014
2014-07-18,2014,7,18.35,18.42,18.38039435297251,2014-07-19,LSTM,1,2014
2014-07-19,2014,7,18.42,18.53,18.48170217320323,2014-07-20,LSTM,1,2014
2014-07-20,2014,7,18.53,18.67,18.6239364656806,2014-07-21,LSTM,1,2014
2014-07-21,2014,7,18.67,18.88,18.78089724302292,2014-07-22,LSTM,1,2014
2014-07-22,2014,7,18.88,18.98,19.026361976861953,2014-07-23,LSTM,1,2014
2014-07-23,2014,7,18.98,18.97,19.03842935293913,2014-07-24,LSTM,1,2014
2014-07-24,2014,7,18.97,18.97,18.953878415077924,2014-07-25,LSTM,1,2014
2014-07-25,2014,7,18.97,18.91,18.96181837029755,2014-07-26,LSTM,1,2014
2014-07-26,2014,7,18.91,18.87,18.847023907899857,2014-07-27,LSTM,1,2014
2014-07-27,2014,7,18.87,18.75,18.830553117096425,2014-07-28,LSTM,1,2014
2014-07-28,2014,7,18.75,18.65,18.667648501694202,2014-07-29,LSTM,1,2014
2014-07-29,2014,7,18.65,18.58,18.573164650797843,2014-07-30,LSTM,1,2014
2014-07-30,2014,7,18.58,18.48,18.541036067456005,2014-07-31,LSTM,1,2014
2014-07-31,2014,7,18.48,18.41,18.414725001454354,2014-08-01,LSTM,1,2014
2014-08-01,2014,8,18.41,18.36,18.36139390975237,2014-08-02,LSTM,1,2014
2014-08-02,2014,8,18.36,18.3,18.333186437040567,2014-08-03,LSTM,1,2014
2014-08-03,2014,8,18.3,18.24,18.260257776081563,2014-08-04,LSTM,1,2014
2014-08-04,2014,8,18.24,18.22,18.199004577249287,2014-08-05,LSTM,1,2014
2014-08-05,2014,8,18.22,18.23,18.21878700368572,2014-08-06,LSTM,1,2014
2014-08-06,2014,8,18.23,18.23,18.253527029901743,2014-08-07,LSTM,1,2014
2014-08-07,2014,8,18.23,18.24,18.23985067244619,2014-08-08,LSTM,1,2014
2014-08-08,2014,8,18.24,18.17,18.254497366733847,2014-08-09,LSTM,1,2014
2014-08-09,2014,8,18.17,18.17,18.121193299144508,2014-08-10,LSTM,1,2014
2014-08-10,2014,8,18.17,18.24,18.18042989920825,2014-08-11,LSTM,1,2014
2014-08-11,2014,8,18.24,18.26,18.298257456868885,2014-08-12,LSTM,1,2014
2014-08-12,2014,8,18.26,18.28,18.26625287834555,2014-08-13,LSTM,1,2014
2014-08-13,2014,8,18.28,18.39,18.288152549155058,2014-08-14,LSTM,1,2014
2014-08-14,2014,8,18.39,18.58,18.479372739195824,2014-08-15,LSTM,1,2014
2014-08-15,2014,8,18.58,18.86,18.723925443291662,2014-08-16,LSTM,1,2014
2014-08-16,2014,8,18.86,19.42,19.041845858693122,2014-08-17,LSTM,1,2014
2014-08-17,2014,8,19.42,19.7,19.74745036482811,2014-08-18,LSTM,1,2014
2014-08-18,2014,8,19.7,19.82,19.809990805387496,2014-08-19,LSTM,1,2014
2014-08-19,2014,8,19.82,19.86,19.82730164628476,2014-08-20,LSTM,1,2014
2014-08-20,2014,8,19.86,19.86,19.811445385813713,2014-08-21,LSTM,1,2014
2014-08-21,2014,8,19.86,19.86,19.783828586935996,2014-08-22,LSTM,1,2014
2014-08-22,2014,8,19.86,19.81,19.813305788338184,2014-08-23,LSTM,1,2014
2014-08-23,2014,8,19.81,19.75,19.71554680675268,2014-08-24,LSTM,1,2014
2014-08-24,2014,8,19.75,19.79,19.67795379459858,2014-08-25,LSTM,1,2014
2014-08-25,2014,8,19.79,19.77,19.810457699894904,2014-08-26,LSTM,1,2014
2014-08-26,2014,8,19.77,19.92,19.742998717799782,2014-08-27,LSTM,1,2014
2014-08-27,2014,8,19.92,20.15,19.984518779516222,2014-08-28,LSTM,1,2014
2014-08-28,2014,8,20.15,20.21,20.26512116342783,2014-08-29,LSTM,1,2014
2014-08-29,2014,8,20.21,20.17,20.2117878129147,2014-08-30,LSTM,1,2014
2014-08-30,2014,8,20.17,20.02,20.054472958743574,2014-08-31,LSTM,1,2014
2014-08-31,2014,8,20.02,19.8,19.829677824378013,2014-09-01,LSTM,1,2014
2014-09-01,2014,9,19.8,19.58,19.567125323414803,2014-09-02,LSTM,1,2014
2014-09-02,2014,9,19.58,19.38,19.358539061546324,2014-09-03,LSTM,1,2014
2014-09-03,2014,9,19.38,19.16,19.19269884109497,2014-09-04,LSTM,1,2014
2014-09-04,2014,9,19.16,18.93,18.9755158162117,2014-09-05,LSTM,1,2014
2014-09-05,2014,9,18.93,18.74,18.75203522324562,2014-09-06,LSTM,1,2014
2014-09-06,2014,9,18.74,18.56,18.59464897751808,2014-09-07,LSTM,1,2014
2014-09-07,2014,9,18.56,18.42,18.43090793251991,2014-09-08,LSTM,1,2014
2014-09-08,2014,9,18.42,18.27,18.313093653023245,2014-09-09,LSTM,1,2014
2014-09-09,2014,9,18.27,18.15,18.16365032315254,2014-09-10,LSTM,1,2014
2014-09-10,2014,9,18.15,18.23,18.05944458544254,2014-09-11,LSTM,1,2014
2014-09-11,2014,9,18.23,18.24,18.278536580055952,2014-09-12,LSTM,1,2014
2014-09-12,2014,9,18.24,18.11,18.24456079188734,2014-09-13,LSTM,1,2014
2014-09-13,2014,9,18.11,18.1,18.014646910727024,2014-09-14,LSTM,1,2014
2014-09-14,2014,9,18.1,18.18,18.10397884566337,2014-09-15,LSTM,1,2014
2014-09-15,2014,9,18.18,18.25,18.246372372210026,2014-09-16,LSTM,1,2014
2014-09-16,2014,9,18.25,18.27,18.27523898333311,2014-09-17,LSTM,1,2014
2014-09-17,2014,9,18.27,18.22,18.251971809640526,2014-09-18,LSTM,1,2014
2014-09-18,2014,9,18.22,18.11,18.15882492557168,2014-09-19,LSTM,1,2014
2014-09-19,2014,9,18.11,18.01,18.005874977111816,2014-09-20,LSTM,1,2014
2014-09-20,2014,9,18.01,18.01,17.918569276332857,2014-09-21,LSTM,1,2014
2014-09-21,2014,9,18.01,18.75,18.03866317331791,2014-09-22,LSTM,1,2014
2014-09-22,2014,9,18.75,19.24,19.09827360510826,2014-09-23,LSTM,1,2014
2014-09-23,2014,9,19.24,19.3,19.390134086608885,2014-09-24,LSTM,1,2014
2014-09-24,2014,9,19.3,19.28,19.247638470679522,2014-09-25,LSTM,1,2014
2014-09-25,2014,9,19.28,19.17,19.194504282176496,2014-09-26,LSTM,1,2014
2014-09-26,2014,9,19.17,19.12,19.005681676864626,2014-09-27,LSTM,1,2014
2014-09-27,2014,9,19.12,19.11,18.99710075080395,2014-09-28,LSTM,1,2014
2014-09-28,2014,9,19.11,19.12,19.091510933488607,2014-09-29,LSTM,1,2014
2014-09-29,2014,9,19.12,19.07,19.122907743211837,2014-09-30,LSTM,1,2014
2014-09-30,2014,9,19.07,18.95,19.006352990567684,2014-10-01,LSTM,1,2014
2014-10-01,2014,10,18.95,18.85,18.810726699233054,2014-10-02,LSTM,1,2014
2014-10-02,2014,10,18.85,18.72,18.740616647899152,2014-10-03,LSTM,1,2014
2014-10-03,2014,10,18.72,18.58,18.592856110334395,2014-10-04,LSTM,1,2014
2014-10-04,2014,10,18.58,18.26,18.425211058855055,2014-10-05,LSTM,1,2014
2014-10-05,2014,10,18.26,18.0,17.98066965699196,2014-10-06,LSTM,1,2014
2014-10-06,2014,10,18.0,17.73,17.747195035219193,2014-10-07,LSTM,1,2014
2014-10-07,2014,10,17.73,17.54,17.531762506365776,2014-10-08,LSTM,1,2014
2014-10-08,2014,10,17.54,17.21,17.38298227727413,2014-10-09,LSTM,1,2014
2014-10-09,2014,10,17.21,17.04,17.033179930448533,2014-10-10,LSTM,1,2014
2014-10-10,2014,10,17.04,16.9,16.916072123646735,2014-10-11,LSTM,1,2014
2014-10-11,2014,10,16.9,16.79,16.801093445718287,2014-10-12,LSTM,1,2014
2014-10-12,2014,10,16.79,16.5,16.714006581306457,2014-10-13,LSTM,1,2014
2014-10-13,2014,10,16.5,16.39,16.36037787795067,2014-10-14,LSTM,1,2014
2014-10-14,2014,10,16.39,16.31,16.282163142561913,2014-10-15,LSTM,1,2014
2014-10-15,2014,10,16.31,16.19,16.25931124895811,2014-10-16,LSTM,1,2014
2014-10-16,2014,10,16.19,16.09,16.108967440724374,2014-10-17,LSTM,1,2014
2014-10-17,2014,10,16.09,16.01,16.006936941444874,2014-10-18,LSTM,1,2014
2014-10-18,2014,10,16.01,15.92,15.941275434792043,2014-10-19,LSTM,1,2014
2014-10-19,2014,10,15.92,15.81,15.848253442049026,2014-10-20,LSTM,1,2014
2014-10-20,2014,10,15.81,15.75,15.730649714767933,2014-10-21,LSTM,1,2014
2014-10-21,2014,10,15.75,15.72,15.68725448846817,2014-10-22,LSTM,1,2014
2014-10-22,2014,10,15.72,15.71,15.686859102249146,2014-10-23,LSTM,1,2014
2014-10-23,2014,10,15.71,15.62,15.696435691826046,2014-10-24,LSTM,1,2014
2014-10-24,2014,10,15.62,15.51,15.548796336054801,2014-10-25,LSTM,1,2014
2014-10-25,2014,10,15.51,15.44,15.420864286124706,2014-10-26,LSTM,1,2014
2014-10-26,2014,10,15.44,15.32,15.38126795232296,2014-10-27,LSTM,1,2014
2014-10-27,2014,10,15.32,15.21,15.251815154850483,2014-10-28,LSTM,1,2014
2014-10-28,2014,10,15.21,15.14,15.13376669496298,2014-10-29,LSTM,1,2014
2014-10-29,2014,10,15.14,15.08,15.082911308258772,2014-10-30,LSTM,1,2014
2014-10-30,2014,10,15.08,14.99,15.026810372173786,2014-10-31,LSTM,1,2014
2014-10-31,2014,10,14.99,14.92,14.928285980373621,2014-11-01,LSTM,1,2014
2014-11-01,2014,11,14.92,14.86,14.858898835331201,2014-11-02,LSTM,1,2014
2014-11-02,2014,11,14.86,14.82,14.808679722845554,2014-11-03,LSTM,1,2014
2014-11-03,2014,11,14.82,14.77,14.776687949597836,2014-11-04,LSTM,1,2014
2014-11-04,2014,11,14.77,14.7,14.723109879046678,2014-11-05,LSTM,1,2014
2014-11-05,2014,11,14.7,14.65,14.643950790911912,2014-11-06,LSTM,1,2014
2014-11-06,2014,11,14.65,14.55,14.603210357576609,2014-11-07,LSTM,1,2014
2014-11-07,2014,11,14.55,14.49,14.493348348140717,2014-11-08,LSTM,1,2014
2014-11-08,2014,11,14.49,14.43,14.436673590689898,2014-11-09,LSTM,1,2014
2014-11-09,2014,11,14.43,14.41,14.386010363996029,2014-11-10,LSTM,1,2014
2014-11-10,2014,11,14.41,14.35,14.379431605190039,2014-11-11,LSTM,1,2014
2014-11-11,2014,11,14.35,14.32,14.303804533928632,2014-11-12,LSTM,1,2014
2014-11-12,2014,11,14.32,14.28,14.281400121450424,2014-11-13,LSTM,1,2014
2014-11-13,2014,11,14.28,14.18,14.24491564810276,2014-11-14,LSTM,1,2014
2014-11-14,2014,11,14.18,14.09,14.124559954106807,2014-11-15,LSTM,1,2014
2014-11-15,2014,11,14.09,14.01,14.03330631941557,2014-11-16,LSTM,1,2014
2014-11-16,2014,11,14.01,14.0,13.964578395932913,2014-11-17,LSTM,1,2014
2014-11-17,2014,11,14.0,13.97,13.981475109234452,2014-11-18,LSTM,1,2014
2014-11-18,2014,11,13.97,13.94,13.937214696109296,2014-11-19,LSTM,1,2014
2014-11-19,2014,11,13.94,13.94,13.902007578462362,2014-11-20,LSTM,1,2014
2014-11-20,2014,11,13.94,13.93,13.927793828360736,2014-11-21,LSTM,1,2014
2014-11-21,2014,11,13.93,13.93,13.91420419357717,2014-11-22,LSTM,1,2014
2014-11-22,2014,11,13.93,13.91,13.921174004040658,2014-11-23,LSTM,1,2014
2014-11-23,2014,11,13.91,13.86,13.88631006501615,2014-11-24,LSTM,1,2014
2014-11-24,2014,11,13.86,13.83,13.818700280636548,2014-11-25,LSTM,1,2014
2014-11-25,2014,11,13.83,13.79,13.800690967515111,2014-11-26,LSTM,1,2014
2014-11-26,2014,11,13.79,13.75,13.758305811285972,2014-11-27,LSTM,1,2014
2014-11-27,2014,11,13.75,13.73,13.715008042752743,2014-11-28,LSTM,1,2014
2014-11-28,2014,11,13.73,13.7,13.706275498047471,2014-11-29,LSTM,1,2014
2014-11-29,2014,11,13.7,13.67,13.671306763589381,2014-11-30,LSTM,1,2014
2015-01-08,2015,1,12.65,12.64,12.633656827360392,2015-01-09,LSTM,1,2015
2015-01-09,2015,1,12.64,12.618,12.625683628357947,2015-01-10,LSTM,1,2015
2015-01-10,2015,1,12.618,12.594,12.59682785834372,2015-01-11,LSTM,1,2015
2015-01-11,2015,1,12.594,12.58,12.571914229035377,2015-01-12,LSTM,1,2015
2015-01-12,2015,1,12.58,12.57,12.563914036303759,2015-01-13,LSTM,1,2015
2015-01-13,2015,1,12.57,12.56,12.556083476804197,2015-01-14,LSTM,1,2015
2015-01-14,2015,1,12.56,12.56,12.545682491213084,2015-01-15,LSTM,1,2015
2015-01-15,2015,1,12.56,12.544,12.552424610536546,2015-01-16,LSTM,1,2015
2015-01-16,2015,1,12.544,12.526,12.52693855600059,2015-01-17,LSTM,1,2015
2015-01-17,2015,1,12.526,12.51,12.508045212760567,2015-01-18,LSTM,1,2015
2015-01-18,2015,1,12.51,12.49,12.493942007645964,2015-01-19,LSTM,1,2015
2015-01-19,2015,1,12.49,12.448,12.471548944488168,2015-01-20,LSTM,1,2015
2015-01-20,2015,1,12.448,12.414,12.41890675868094,2015-01-21,LSTM,1,2015
2015-01-21,2015,1,12.414,12.386,12.387431780934334,2015-01-22,LSTM,1,2015
2015-01-22,2015,1,12.386,12.364,12.362545566692948,2015-01-23,LSTM,1,2015
2015-01-23,2015,1,12.364,12.346,12.342346912190319,2015-01-24,LSTM,1,2015
2015-01-24,2015,1,12.346,12.324,12.326100974440575,2015-01-25,LSTM,1,2015
2015-01-25,2015,1,12.324,12.314,12.302224134072661,2015-01-26,LSTM,1,2015
2015-01-26,2015,1,12.314,12.29,12.300910841427743,2015-01-27,LSTM,1,2015
2015-01-27,2015,1,12.29,12.274,12.269555070400237,2015-01-28,LSTM,1,2015
2015-01-28,2015,1,12.274,12.25,12.258422615729271,2015-01-29,LSTM,1,2015
2015-01-29,2015,1,12.25,12.24,12.230663258582354,2015-01-30,LSTM,1,2015
2015-01-30,2015,1,12.24,12.23,12.228951336592436,2015-01-31,LSTM,1,2015
2015-01-31,2015,1,12.23,12.21,12.219097338169814,2015-02-01,LSTM,1,2015
2015-02-01,2015,2,12.21,12.196,12.192671631500126,2015-02-02,LSTM,1,2015
2015-02-02,2015,2,12.196,12.18,12.183196827307343,2015-02-03,LSTM,1,2015
2015-02-03,2015,2,12.18,12.162,12.166525732092559,2015-02-04,LSTM,1,2015
2015-02-04,2015,2,12.162,12.15,12.14729931344092,2015-02-05,LSTM,1,2015
2015-02-05,2015,2,12.15,12.134,12.13916847165674,2015-02-06,LSTM,1,2015
2015-02-06,2015,2,12.134,12.12,12.12068162431568,2015-02-07,LSTM,1,2015
2015-02-07,2015,2,12.12,12.11,12.108139387220143,2015-02-08,LSTM,1,2015
2015-02-08,2015,2,12.11,12.1,12.10112330097705,2015-02-09,LSTM,1,2015
2015-02-09,2015,2,12.1,12.1,12.091206765174865,2015-02-10,LSTM,1,2015
2015-02-10,2015,2,12.1,12.1,12.0984981167363,2015-02-11,LSTM,1,2015
2015-02-11,2015,2,12.1,12.084,12.098184826225042,2015-02-12,LSTM,1,2015
2015-02-12,2015,2,12.084,12.066,12.071723363563418,2015-02-13,LSTM,1,2015
2015-02-13,2015,2,12.066,12.044,12.05336281786114,2015-02-14,LSTM,1,2015
2015-02-14,2015,2,12.044,12.026,12.029830062069,2015-02-15,LSTM,1,2015
2015-02-15,2015,2,12.026,12.01,12.014088946789503,2015-02-16,LSTM,1,2015
2015-02-16,2015,2,12.01,12.01,11.998928167149424,2015-02-17,LSTM,1,2015
2015-02-17,2015,2,12.01,12.0,12.009867295045987,2015-02-18,LSTM,1,2015
2015-02-18,2015,2,12.0,11.994,11.992131692357361,2015-02-19,LSTM,1,2015
2015-02-19,2015,2,11.994,11.99,11.989501439087093,2015-02-20,LSTM,1,2015
2015-02-20,2015,2,11.99,11.986,11.988065368505195,2015-02-21,LSTM,1,2015
2015-02-21,2015,2,11.986,11.98,11.984136761365459,2015-02-22,LSTM,1,2015
2015-02-22,2015,2,11.98,11.97,11.976894352603704,2015-02-23,LSTM,1,2015
2015-02-23,2015,2,11.97,11.96,11.964260092265905,2015-02-24,LSTM,1,2015
2015-02-24,2015,2,11.96,11.95,11.954899263605476,2015-02-25,LSTM,1,2015
2015-02-25,2015,2,11.95,11.94,11.945138886850327,2015-02-26,LSTM,1,2015
2015-02-26,2015,2,11.94,11.94,11.935128901675343,2015-02-27,LSTM,1,2015
2015-02-27,2015,2,11.94,11.93,11.9426621427387,2015-02-28,LSTM,1,2015
2015-02-28,2015,2,11.93,11.93,11.924876213837415,2015-03-01,LSTM,1,2015
2015-03-01,2015,3,11.93,11.93,11.932823490649461,2015-03-02,LSTM,1,2015
2015-03-02,2015,3,11.93,11.92,11.932908369991928,2015-03-03,LSTM,1,2015
2015-03-03,2015,3,11.92,11.91,11.915371093042195,2015-03-04,LSTM,1,2015
2015-03-04,2015,3,11.91,11.91,11.906264993213117,2015-03-05,LSTM,1,2015
2015-03-05,2015,3,11.91,11.916,11.914487209487707,2015-03-06,LSTM,1,2015
2015-03-06,2015,3,11.916,11.936,11.925017325937748,2015-03-07,LSTM,1,2015
2015-03-07,2015,3,11.936,12.016,11.957979920566082,2015-03-08,LSTM,1,2015
2015-03-08,2015,3,12.016,12.182,12.102555562913418,2015-03-09,LSTM,1,2015
2015-03-09,2015,3,12.182,12.318,12.312891934037209,2015-03-10,LSTM,1,2015
2015-03-10,2015,3,12.318,12.384,12.380076162546873,2015-03-11,LSTM,1,2015
2015-03-11,2015,3,12.384,12.464,12.352153148889542,2015-03-12,LSTM,1,2015
2015-03-12,2015,3,12.464,12.606,12.475147920042277,2015-03-13,LSTM,1,2015
2015-03-13,2015,3,12.606,12.678,12.661088266730308,2015-03-14,LSTM,1,2015
2015-03-14,2015,3,12.678,12.646,12.630736474573613,2015-03-15,LSTM,1,2015
2015-03-15,2015,3,12.646,12.556,12.561807738900185,2015-03-16,LSTM,1,2015
2015-03-16,2015,3,12.556,12.448,12.494091617077588,2015-03-17,LSTM,1,2015
2015-03-17,2015,3,12.448,12.358,12.398082052499056,2015-03-18,LSTM,1,2015
2015-03-18,2015,3,12.358,12.29,12.320499529123307,2015-03-19,LSTM,1,2015
2015-03-19,2015,3,12.29,12.24,12.258731943517923,2015-03-20,LSTM,1,2015
2015-03-20,2015,3,12.24,12.204,12.209183435663581,2015-03-21,LSTM,1,2015
2015-03-21,2015,3,12.204,12.19,12.174571955665947,2015-03-22,LSTM,1,2015
2015-03-22,2015,3,12.19,12.18,12.175545333474874,2015-03-23,LSTM,1,2015
2015-03-23,2015,3,12.18,12.17,12.171219498217106,2015-03-24,LSTM,1,2015
2015-03-24,2015,3,12.17,12.198,12.165387478265911,2015-03-25,LSTM,1,2015
2015-03-25,2015,3,12.198,12.234,12.236273453712464,2015-03-26,LSTM,1,2015
2015-03-26,2015,3,12.234,12.318,12.2791888628304,2015-03-27,LSTM,1,2015
2015-03-27,2015,3,12.318,12.448,12.40134244787693,2015-03-28,LSTM,1,2015
2015-03-28,2015,3,12.448,12.49,12.553371408164502,2015-03-29,LSTM,1,2015
2015-03-29,2015,3,12.49,12.448,12.486876627672464,2015-03-30,LSTM,1,2015
2015-03-30,2015,3,12.448,12.41,12.393199977606535,2015-03-31,LSTM,1,2015
2015-03-31,2015,3,12.41,12.376,12.38660275362432,2015-04-01,LSTM,1,2015
2015-04-01,2015,4,12.376,12.35,12.374423617449589,2015-04-02,LSTM,1,2015
2015-04-02,2015,4,12.35,12.356,12.352876980695873,2015-04-03,LSTM,1,2015
2015-04-03,2015,4,12.356,12.376,12.386380681157112,2015-04-04,LSTM,1,2015
2015-04-04,2015,4,12.376,12.438,12.413596028298139,2015-04-05,LSTM,1,2015
2015-04-05,2015,4,12.438,12.57,12.51079233634472,2015-04-06,LSTM,1,2015
2015-04-06,2015,4,12.57,12.704,12.685833766758442,2015-04-07,LSTM,1,2015
2015-04-07,2015,4,12.704,12.868,12.798661615788937,2015-04-08,LSTM,1,2015
2015-04-08,2015,4,12.868,13.048,12.952134012460709,2015-04-09,LSTM,1,2015
2015-04-09,2015,4,13.048,13.236,13.138011686086655,2015-04-10,LSTM,1,2015
2015-04-10,2015,4,13.236,13.446,13.356763272047044,2015-04-11,LSTM,1,2015
2015-04-11,2015,4,13.446,13.716,13.600105633497238,2015-04-12,LSTM,1,2015
2015-04-12,2015,4,13.716,14.06,13.92135646378994,2015-04-13,LSTM,1,2015
2015-04-13,2015,4,14.06,14.13,14.307660115361214,2015-04-14,LSTM,1,2015
2015-04-14,2015,4,14.13,14.116,14.048187826871873,2015-04-15,LSTM,1,2015
2015-04-15,2015,4,14.116,14.1,14.034704807758331,2015-04-16,LSTM,1,2015
2015-04-16,2015,4,14.1,14.09,14.059186121821403,2015-04-17,LSTM,1,2015
2015-04-17,2015,4,14.09,14.022,14.060318909734487,2015-04-18,LSTM,1,2015
2015-04-18,2015,4,14.022,13.932,13.987677209198475,2015-04-19,LSTM,1,2015
2015-04-19,2015,4,13.932,13.816,13.909107176557184,2015-04-20,LSTM,1,2015
2015-04-20,2015,4,13.816,13.772,13.77345074376464,2015-04-21,LSTM,1,2015
2015-04-21,2015,4,13.772,13.742,13.774028190996498,2015-04-22,LSTM,1,2015
2015-04-22,2015,4,13.742,13.686,13.754630402110518,2015-04-23,LSTM,1,2015
2015-04-23,2015,4,13.686,13.836,13.670055113047361,2015-04-24,LSTM,1,2015
2015-04-24,2015,4,13.836,14.178,14.000218664169312,2015-04-25,LSTM,1,2015
2015-04-25,2015,4,14.178,14.512,14.575277593612672,2015-04-26,LSTM,1,2015
2015-04-26,2015,4,14.512,14.608,14.693780114769936,2015-04-27,LSTM,1,2015
2015-04-27,2015,4,14.608,14.526,14.557008740484715,2015-04-28,LSTM,1,2015
2015-04-28,2015,4,14.526,14.482,14.429884693980217,2015-04-29,LSTM,1,2015
2015-04-29,2015,4,14.482,14.484,14.430222566395997,2015-04-30,LSTM,1,2015
2015-04-30,2015,4,14.484,14.568,14.479409338269383,2015-05-01,LSTM,1,2015
2015-05-01,2015,5,14.568,14.67,14.664944786608219,2015-05-02,LSTM,1,2015
2015-05-02,2015,5,14.67,14.658,14.758174670934677,2015-05-03,LSTM,1,2015
2015-05-03,2015,5,14.658,14.582,14.613498624593019,2015-05-04,LSTM,1,2015
2015-05-04,2015,5,14.582,14.576,14.541106501191855,2015-05-05,LSTM,1,2015
2015-05-05,2015,5,14.576,14.464,14.613333071231843,2015-05-06,LSTM,1,2015
2015-05-06,2015,5,14.464,14.41,14.430799024492503,2015-05-07,LSTM,1,2015
2015-05-07,2015,5,14.41,14.402,14.389929747059941,2015-05-08,LSTM,1,2015
2015-05-08,2015,5,14.402,14.466,14.434527275383472,2015-05-09,LSTM,1,2015
2015-05-09,2015,5,14.466,14.534,14.561297440886497,2015-05-10,LSTM,1,2015
2015-05-10,2015,5,14.534,14.614,14.620229912936688,2015-05-11,LSTM,1,2015
2015-05-11,2015,5,14.614,14.626,14.693878598451615,2015-05-12,LSTM,1,2015
2015-05-12,2015,5,14.626,14.552,14.634649284020066,2015-05-13,LSTM,1,2015
2015-05-13,2015,5,14.552,14.448,14.52043858063221,2015-05-14,LSTM,1,2015
2015-05-14,2015,5,14.448,14.44,14.413235572308302,2015-05-15,LSTM,1,2015
2015-05-15,2015,5,14.44,14.44,14.488057813197374,2015-05-16,LSTM,1,2015
2015-05-16,2015,5,14.44,14.432,14.489370352178812,2015-05-17,LSTM,1,2015
2015-05-17,2015,5,14.432,14.528,14.462857529491187,2015-05-18,LSTM,1,2015
2015-05-18,2015,5,14.528,14.722,14.673510628819466,2015-05-19,LSTM,1,2015
2015-05-19,2015,5,14.722,14.9,15.026735332727432,2015-05-20,LSTM,1,2015
2015-05-20,2015,5,14.9,15.014,15.031829679012299,2015-05-21,LSTM,1,2015
2015-05-21,2015,5,15.014,15.238,15.015754409866407,2015-05-22,LSTM,1,2015
2015-05-22,2015,5,15.238,15.654,15.478482598543167,2015-05-23,LSTM,1,2015
2015-05-23,2015,5,15.654,16.064,16.026440427541733,2015-05-24,LSTM,1,2015
2015-05-24,2015,5,16.064,16.098,16.257463772535324,2015-05-25,LSTM,1,2015
2015-05-25,2015,5,16.098,16.02,16.05188189703226,2015-05-26,LSTM,1,2015
2015-05-26,2015,5,16.02,16.076,15.870244730710983,2015-05-27,LSTM,1,2015
2015-05-27,2015,5,16.076,16.258,16.120545009732247,2015-05-28,LSTM,1,2015
2015-05-28,2015,5,16.258,16.636,16.43410915005207,2015-05-29,LSTM,1,2015
2015-05-29,2015,5,16.636,16.838,16.845777757525443,2015-05-30,LSTM,1,2015
2015-05-30,2015,5,16.838,16.972,16.88196578297019,2015-05-31,LSTM,1,2015
2015-05-31,2015,5,16.972,17.046,17.04514355671406,2015-06-01,LSTM,1,2015
2015-06-01,2015,6,17.046,17.35,17.084745693862438,2015-06-02,LSTM,1,2015
2015-06-02,2015,6,17.35,17.53,17.57258098423481,2015-06-03,LSTM,1,2015
2015-06-03,2015,6,17.53,17.374,17.5524159155041,2015-06-04,LSTM,1,2015
2015-06-04,2015,6,17.374,17.218,17.121179478406905,2015-06-05,LSTM,1,2015
2015-06-05,2015,6,17.218,17.174,17.099007730960846,2015-06-06,LSTM,1,2015
2015-06-06,2015,6,17.174,17.52,17.2349021037817,2015-06-07,LSTM,1,2015
2015-06-07,2015,6,17.52,18.006,17.8420953643322,2015-06-08,LSTM,1,2015
2015-06-08,2015,6,18.006,18.222,18.278537767887116,2015-06-09,LSTM,1,2015
2015-06-09,2015,6,18.222,18.364,18.285178293406965,2015-06-10,LSTM,1,2015
2015-06-10,2015,6,18.364,18.794,18.444834209918977,2015-06-11,LSTM,1,2015
2015-06-11,2015,6,18.794,19.3,19.079912603139878,2015-06-12,LSTM,1,2015
2015-06-12,2015,6,19.3,19.474,19.53411148786545,2015-06-13,LSTM,1,2015
2015-06-13,2015,6,19.474,19.52,19.444793480053544,2015-06-14,LSTM,1,2015
2015-06-14,2015,6,19.52,19.384,19.365734432339668,2015-06-15,LSTM,1,2015
2015-06-15,2015,6,19.384,19.102,19.09386744761467,2015-06-16,LSTM,1,2015
2015-06-16,2015,6,19.102,18.802,18.838782103776932,2015-06-17,LSTM,1,2015
2015-06-17,2015,6,18.802,18.738,18.583530424952507,2015-06-18,LSTM,1,2015
2015-06-18,2015,6,18.738,18.816,18.821735339343547,2015-06-19,LSTM,1,2015
2015-06-19,2015,6,18.816,18.892,18.938998312115668,2015-06-20,LSTM,1,2015
2015-06-20,2015,6,18.892,18.748,18.95670015645027,2015-06-21,LSTM,1,2015
2015-06-21,2015,6,18.748,18.72,18.61846691775322,2015-06-22,LSTM,1,2015
2015-06-22,2015,6,18.72,18.692,18.717923391871153,2015-06-23,LSTM,1,2015
2015-06-23,2015,6,18.692,18.732,18.729754870951176,2015-06-24,LSTM,1,2015
2015-06-24,2015,6,18.732,18.762,18.786520916193723,2015-06-25,LSTM,1,2015
2015-06-25,2015,6,18.762,18.814,18.799830259650946,2015-06-26,LSTM,1,2015
2015-06-26,2015,6,18.814,18.72,18.872942511677742,2015-06-27,LSTM,1,2015
2015-06-27,2015,6,18.72,18.688,18.651377738714217,2015-06-28,LSTM,1,2015
2015-06-28,2015,6,18.688,18.646,18.66548155519366,2015-06-29,LSTM,1,2015
2015-06-29,2015,6,18.646,18.63,18.649168398980052,2015-06-30,LSTM,1,2015
2015-06-30,2015,6,18.63,18.628,18.632462624805047,2015-07-01,LSTM,1,2015
2015-07-01,2015,7,18.628,18.56,18.63885223350674,2015-07-02,LSTM,1,2015
2015-07-02,2015,7,18.56,18.664,18.520834465920924,2015-07-03,LSTM,1,2015
2015-07-03,2015,7,18.664,18.538,18.774578127205373,2015-07-04,LSTM,1,2015
2015-07-04,2015,7,18.538,18.512,18.46763368445635,2015-07-05,LSTM,1,2015
2015-07-05,2015,7,18.512,18.726,18.48336928141117,2015-07-06,LSTM,1,2015
2015-07-06,2015,7,18.726,18.792,18.923497367858886,2015-07-07,LSTM,1,2015
2015-07-07,2015,7,18.792,18.77,18.8446135340333,2015-07-08,LSTM,1,2015
2015-07-08,2015,7,18.77,18.698,18.731610946804285,2015-07-09,LSTM,1,2015
2015-07-09,2015,7,18.698,18.646,18.64003942269087,2015-07-10,LSTM,1,2015
2015-07-10,2015,7,18.646,18.528,18.612968927532435,2015-07-11,LSTM,1,2015
2015-07-11,2015,7,18.528,18.4,18.477637927114962,2015-07-12,LSTM,1,2015
2015-07-12,2015,7,18.4,18.25,18.3444874972105,2015-07-13,LSTM,1,2015
2015-07-13,2015,7,18.25,18.034,18.198363710194826,2015-07-14,LSTM,1,2015
2015-07-14,2015,7,18.034,17.82,17.92006385886669,2015-07-15,LSTM,1,2015
2015-07-15,2015,7,17.82,17.79,17.690342805981636,2015-07-16,LSTM,1,2015
2015-07-16,2015,7,17.79,17.872,17.82823135793209,2015-07-17,LSTM,1,2015
2015-07-17,2015,7,17.872,17.938,17.927491261184215,2015-07-18,LSTM,1,2015
2015-07-18,2015,7,17.938,17.964,17.972622341394423,2015-07-19,LSTM,1,2015
2015-07-19,2015,7,17.964,17.98,17.971235257420688,2015-07-20,LSTM,1,2015
2015-07-20,2015,7,17.98,17.994,18.003112261667848,2015-07-21,LSTM,1,2015
2015-07-21,2015,7,17.994,17.988,18.031736270576715,2015-07-22,LSTM,1,2015
2015-07-22,2015,7,17.988,17.912,18.011676082491874,2015-07-23,LSTM,1,2015
2015-07-23,2015,7,17.912,17.644,17.89455471140146,2015-07-24,LSTM,1,2015
2015-07-24,2015,7,17.644,17.514,17.51374574625492,2015-07-25,LSTM,1,2015
2015-07-25,2015,7,17.514,17.504,17.44065748298168,2015-07-26,LSTM,1,2015
2015-07-26,2015,7,17.504,17.614,17.54828244009614,2015-07-27,LSTM,1,2015
2015-07-27,2015,7,17.614,17.694,17.711560673952103,2015-07-28,LSTM,1,2015
2015-07-28,2015,7,17.694,17.69,17.79969817572832,2015-07-29,LSTM,1,2015
2015-07-29,2015,7,17.69,17.602,17.702668889947237,2015-07-30,LSTM,1,2015
2015-07-30,2015,7,17.602,17.518,17.559097485661507,2015-07-31,LSTM,1,2015
2015-07-31,2015,7,17.518,17.35,17.491587593063713,2015-08-01,LSTM,1,2015
2015-08-01,2015,8,17.35,16.992,17.297491373866798,2015-08-02,LSTM,1,2015
2015-08-02,2015,8,16.992,16.79,16.811037944078446,2015-08-03,LSTM,1,2015
2015-08-03,2015,8,16.79,16.66,16.64354310274124,2015-08-04,LSTM,1,2015
2015-08-04,2015,8,16.66,16.576,16.604294471293688,2015-08-05,LSTM,1,2015
2015-08-05,2015,8,16.576,16.552,16.546601491630078,2015-08-06,LSTM,1,2015
2015-08-06,2015,8,16.552,16.618,16.558068117916584,2015-08-07,LSTM,1,2015
2015-08-07,2015,8,16.618,16.874,16.676222010731696,2015-08-08,LSTM,1,2015
2015-08-08,2015,8,16.874,16.952,17.331046031951903,2015-08-09,LSTM,1,2015
2015-08-09,2015,8,16.952,16.99,17.041400798082353,2015-08-10,LSTM,1,2015
2015-08-10,2015,8,16.99,17.102,17.106071358323096,2015-08-11,LSTM,1,2015
2015-08-11,2015,8,17.102,17.162,17.30446931910515,2015-08-12,LSTM,1,2015
2015-08-12,2015,8,17.162,17.264,17.291046082496642,2015-08-13,LSTM,1,2015
2015-08-13,2015,8,17.264,17.342,17.41969983422756,2015-08-14,LSTM,1,2015
2015-08-14,2015,8,17.342,17.346,17.456067882299422,2015-08-15,LSTM,1,2015
2015-08-15,2015,8,17.346,17.43,17.40676330319047,2015-08-16,LSTM,1,2015
2015-08-16,2015,8,17.43,17.474,17.56857251405716,2015-08-17,LSTM,1,2015
2015-08-17,2015,8,17.474,17.598,17.56657783740759,2015-08-18,LSTM,1,2015
2015-08-18,2015,8,17.598,17.862,17.768539528131484,2015-08-19,LSTM,1,2015
2015-08-19,2015,8,17.862,18.216,18.145005535602568,2015-08-20,LSTM,1,2015
2015-08-20,2015,8,18.216,18.948,18.515890846014024,2015-08-21,LSTM,1,2015
2015-08-21,2015,8,18.948,19.578,19.313211755037308,2015-08-22,LSTM,1,2015
2015-08-22,2015,8,19.578,19.818,19.857274106025695,2015-08-23,LSTM,1,2015
2015-08-23,2015,8,19.818,19.94,19.86818723383546,2015-08-24,LSTM,1,2015
2015-08-24,2015,8,19.94,19.932,19.93125886335969,2015-08-25,LSTM,1,2015
2015-08-25,2015,8,19.932,19.82,19.788514155864714,2015-08-26,LSTM,1,2015
2015-08-26,2015,8,19.82,19.642,19.575911245942116,2015-08-27,LSTM,1,2015
2015-08-27,2015,8,19.642,19.514,19.37442911696434,2015-08-28,LSTM,1,2015
2015-08-28,2015,8,19.514,19.42,19.3884797706604,2015-08-29,LSTM,1,2015
2015-08-29,2015,8,19.42,19.382,19.318011162877085,2015-08-30,LSTM,1,2015
2015-08-30,2015,8,19.382,19.418,19.31872163784504,2015-08-31,LSTM,1,2015
2015-10-08,2015,10,16.838,16.688,16.64550358104706,2015-10-09,LSTM,1,2015
2015-10-09,2015,10,16.688,16.572,16.519080257892607,2015-10-10,LSTM,1,2015
2015-10-10,2015,10,16.572,16.378,16.438639599204063,2015-10-11,LSTM,1,2015
2015-10-11,2015,10,16.378,16.288,16.218612277388573,2015-10-12,LSTM,1,2015
2015-10-12,2015,10,16.288,16.198,16.182059158861637,2015-10-13,LSTM,1,2015
2015-10-13,2015,10,16.198,16.134,16.122866937100888,2015-10-14,LSTM,1,2015
2015-10-14,2015,10,16.134,16.058,16.068411011636258,2015-10-15,LSTM,1,2015
2015-10-15,2015,10,16.058,15.994,15.988820234119892,2015-10-16,LSTM,1,2015
2015-10-16,2015,10,15.994,15.926,15.929475304722786,2015-10-17,LSTM,1,2015
2015-10-17,2015,10,15.926,15.858,15.867647287458182,2015-10-18,LSTM,1,2015
2015-10-18,2015,10,15.858,15.726,15.800783694714308,2015-10-19,LSTM,1,2015
2015-10-19,2015,10,15.726,15.618,15.621582139492036,2015-10-20,LSTM,1,2015
2015-10-20,2015,10,15.618,15.526,15.522753245413304,2015-10-21,LSTM,1,2015
2015-10-21,2015,10,15.526,15.416,15.454092807531357,2015-10-22,LSTM,1,2015
2015-10-22,2015,10,15.416,15.342,15.331192939341069,2015-10-23,LSTM,1,2015
2015-10-23,2015,10,15.342,15.266,15.265448465764523,2015-10-24,LSTM,1,2015
2015-10-24,2015,10,15.266,15.218,15.192961727440357,2015-10-25,LSTM,1,2015
2015-10-25,2015,10,15.218,15.14,15.155972642481327,2015-10-26,LSTM,1,2015
2015-10-26,2015,10,15.14,15.076,15.072247459888459,2015-10-27,LSTM,1,2015
2015-10-27,2015,10,15.076,14.988,15.01304253435135,2015-10-28,LSTM,1,2015
2015-10-28,2015,10,14.988,14.912,14.924848685145378,2015-10-29,LSTM,1,2015
2015-10-29,2015,10,14.912,14.9,14.847890004038812,2015-10-30,LSTM,1,2015
2015-10-30,2015,10,14.9,14.884,14.87713746316731,2015-10-31,LSTM,1,2015
2015-10-31,2015,10,14.884,14.832,14.858550176411867,2015-11-01,LSTM,1,2015
2015-11-01,2015,11,14.832,14.73,14.781897848069669,2015-11-02,LSTM,1,2015
2015-11-02,2015,11,14.73,14.658,14.667200628221035,2015-11-03,LSTM,1,2015
2015-11-03,2015,11,14.658,14.614,14.609851148158311,2015-11-04,LSTM,1,2015
2015-11-04,2015,11,14.614,14.536,14.581665743082763,2015-11-05,LSTM,1,2015
2015-11-05,2015,11,14.536,14.49,14.481541664958,2015-11-06,LSTM,1,2015
2015-11-06,2015,11,14.49,14.454,14.43925181567669,2015-11-07,LSTM,1,2015
2015-11-07,2015,11,14.454,14.448,14.415713504046202,2015-11-08,LSTM,1,2015
2015-11-08,2015,11,14.448,14.43,14.427905165731907,2015-11-09,LSTM,1,2015
2015-11-09,2015,11,14.43,14.42,14.404346101284027,2015-11-10,LSTM,1,2015
2015-11-10,2015,11,14.42,14.41,14.398084236383438,2015-11-11,LSTM,1,2015
2015-11-11,2015,11,14.41,14.4,14.39558880481869,2015-11-12,LSTM,1,2015
2015-11-12,2015,11,14.4,14.39,14.385671165399254,2015-11-13,LSTM,1,2015
2015-11-13,2015,11,14.39,14.374,14.37633204214275,2015-11-14,LSTM,1,2015
2015-11-14,2015,11,14.374,14.352,14.352811709210277,2015-11-15,LSTM,1,2015
2015-11-15,2015,11,14.352,14.304,14.325800165578723,2015-11-16,LSTM,1,2015
2015-11-16,2015,11,14.304,14.212,14.264556983947754,2015-11-17,LSTM,1,2015
2015-11-17,2015,11,14.212,14.134,14.167449502915144,2015-11-18,LSTM,1,2015
2015-11-18,2015,11,14.134,14.066,14.093659464657307,2015-11-19,LSTM,1,2015
2015-11-19,2015,11,14.066,13.986,14.027616516113282,2015-11-20,LSTM,1,2015
2015-11-20,2015,11,13.986,13.958,13.938929478138686,2015-11-21,LSTM,1,2015
2015-11-21,2015,11,13.958,13.902,13.91560677009821,2015-11-22,LSTM,1,2015
2015-11-22,2015,11,13.902,13.858,13.855905910253524,2015-11-23,LSTM,1,2015
2015-11-23,2015,11,13.858,13.824,13.814395570188761,2015-11-24,LSTM,1,2015
2015-11-24,2015,11,13.824,13.79,13.78972582423687,2015-11-25,LSTM,1,2015
2015-11-25,2015,11,13.79,13.748,13.75836308389902,2015-11-26,LSTM,1,2015
2015-11-26,2015,11,13.748,13.71,13.715622742056846,2015-11-27,LSTM,1,2015
2015-11-27,2015,11,13.71,13.674,13.678730241060258,2015-11-28,LSTM,1,2015
2015-11-28,2015,11,13.674,13.644,13.644543006435036,2015-11-29,LSTM,1,2015
2015-11-29,2015,11,13.644,13.59,13.616358871251345,2015-11-30,LSTM,1,2015
2015-11-30,2015,11,13.59,13.538,13.556398950666189,2015-12-01,LSTM,1,2015
2015-12-01,2015,12,13.538,13.518,13.503218342840672,2015-12-02,LSTM,1,2015
2015-12-02,2015,12,13.518,13.494,13.494055780425668,2015-12-03,LSTM,1,2015
2015-12-03,2015,12,13.494,13.464,13.46837415830791,2015-12-04,LSTM,1,2015
2015-12-04,2015,12,13.464,13.44,13.434975177362562,2015-12-05,LSTM,1,2015
2015-12-05,2015,12,13.44,13.406,13.414586892873048,2015-12-06,LSTM,1,2015
2015-12-06,2015,12,13.406,13.384,13.378394095733762,2015-12-07,LSTM,1,2015
2015-12-07,2015,12,13.384,13.358,13.361153804153204,2015-12-08,LSTM,1,2015
2015-12-08,2015,12,13.358,13.33,13.33357805851102,2015-12-09,LSTM,1,2015
2015-12-09,2015,12,13.33,13.3,13.304087554961443,2015-12-10,LSTM,1,2015
2015-12-10,2015,12,13.3,13.276,13.27362020239234,2015-12-11,LSTM,1,2015
2015-12-11,2015,12,13.276,13.242,13.252070223376155,2015-12-12,LSTM,1,2015
2015-12-12,2015,12,13.242,13.21,13.214323041409255,2015-12-13,LSTM,1,2015
2015-12-13,2015,12,13.21,13.184,13.182246021032334,2015-12-14,LSTM,1,2015
2015-12-14,2015,12,13.184,13.158,13.158911030381917,2015-12-15,LSTM,1,2015
2015-12-15,2015,12,13.158,13.132,13.132752126261591,2015-12-16,LSTM,1,2015
2015-12-16,2015,12,13.132,13.11,13.106554682150483,2015-12-17,LSTM,1,2015
2015-12-17,2015,12,13.11,13.084,13.086550305262207,2015-12-18,LSTM,1,2015
2015-12-18,2015,12,13.084,13.066,13.05915351139009,2015-12-19,LSTM,1,2015
2015-12-19,2015,12,13.066,13.042,13.045109471663833,2015-12-20,LSTM,1,2015
2015-12-20,2015,12,13.042,13.03,13.018506559178233,2015-12-21,LSTM,1,2015
2015-12-21,2015,12,13.03,13.028,13.012713935896754,2015-12-22,LSTM,1,2015
2015-12-22,2015,12,13.028,12.998,13.01768879133463,2015-12-23,LSTM,1,2015
2015-12-23,2015,12,12.998,12.968,12.97211342523992,2015-12-24,LSTM,1,2015
2015-12-24,2015,12,12.968,12.944,12.941704922944307,2015-12-25,LSTM,1,2015
2015-12-25,2015,12,12.944,12.918,12.921505568414927,2015-12-26,LSTM,1,2015
2015-12-26,2015,12,12.918,12.88,12.894070137694477,2015-12-27,LSTM,1,2015
2015-12-27,2015,12,12.88,12.842,12.850316853374244,2015-12-28,LSTM,1,2015
2015-12-28,2015,12,12.842,12.826,12.81130592134595,2015-12-29,LSTM,1,2015
2015-12-29,2015,12,12.826,12.782,12.80544461926818,2015-12-30,LSTM,1,2015
2015-12-30,2015,12,12.782,12.75,12.749493895441294,2015-12-31,LSTM,1,2015
2015-12-31,2015,12,12.75,12.72,12.720031887292862,2016-01-01,LSTM,1,2015
2016-01-01,2016,1,12.72,12.69,12.697085648104549,2016-01-02,LSTM,1,2016
2016-01-02,2016,1,12.69,12.68,12.666661037653684,2016-01-03,LSTM,1,2016
2016-01-03,2016,1,12.68,12.662,12.666346796154976,2016-01-04,LSTM,1,2016
2016-01-04,2016,1,12.662,12.63,12.64415118981898,2016-01-05,LSTM,1,2016
2016-01-05,2016,1,12.63,12.606,12.606371746510268,2016-01-06,LSTM,1,2016
2016-01-06,2016,1,12.606,12.584,12.587466175988316,2016-01-07,LSTM,1,2016
2016-01-07,2016,1,12.584,12.566,12.566828967273235,2016-01-08,LSTM,1,2016
2016-01-08,2016,1,12.566,12.548,12.550561043791474,2016-01-09,LSTM,1,2016
2016-01-09,2016,1,12.548,12.526,12.532411700628698,2016-01-10,LSTM,1,2016
2016-01-10,2016,1,12.526,12.504,12.508295924797654,2016-01-11,LSTM,1,2016
2016-01-11,2016,1,12.504,12.482,12.486831388711929,2016-01-12,LSTM,1,2016
2016-01-12,2016,1,12.482,12.47,12.465306558802723,2016-01-13,LSTM,1,2016
2016-01-13,2016,1,12.47,12.46,12.458743920810521,2016-01-14,LSTM,1,2016
2016-01-14,2016,1,12.46,12.448,12.449783587865532,2016-01-15,LSTM,1,2016
2016-01-15,2016,1,12.448,12.428,12.436653670065105,2016-01-16,LSTM,1,2016
2016-01-16,2016,1,12.428,12.42,12.412861287288369,2016-01-17,LSTM,1,2016
2016-01-17,2016,1,12.42,12.42,12.412841554805636,2016-01-18,LSTM,1,2016
2016-01-18,2016,1,12.42,12.41,12.418883290449157,2016-01-19,LSTM,1,2016
2016-01-19,2016,1,12.41,12.392,12.40179782345891,2016-01-20,LSTM,1,2016
2016-01-20,2016,1,12.392,12.386,12.379316284328699,2016-01-21,LSTM,1,2016
2016-01-21,2016,1,12.386,12.37,12.381742849074303,2016-01-22,LSTM,1,2016
2016-01-22,2016,1,12.37,12.36,12.359316108636557,2016-01-23,LSTM,1,2016
2016-01-23,2016,1,12.36,12.346,12.352717244662344,2016-01-24,LSTM,1,2016
2016-01-24,2016,1,12.346,12.32,12.336118301473558,2016-01-25,LSTM,1,2016
2016-01-25,2016,1,12.32,12.296,12.303457561582327,2016-01-26,LSTM,1,2016
2016-01-26,2016,1,12.296,12.274,12.2808613133654,2016-01-27,LSTM,1,2016
2016-01-27,2016,1,12.274,12.25,12.259803863964974,2016-01-28,LSTM,1,2016
2016-01-28,2016,1,12.25,12.23,12.234196854755282,2016-01-29,LSTM,1,2016
2016-01-29,2016,1,12.23,12.22,12.21575449641794,2016-01-30,LSTM,1,2016
2016-01-30,2016,1,12.22,12.204,12.210543502382935,2016-01-31,LSTM,1,2016
2016-01-31,2016,1,12.204,12.19,12.191438888289035,2016-02-01,LSTM,1,2016
2016-02-01,2016,2,12.19,12.178,12.17930229153484,2016-02-02,LSTM,1,2016
2016-02-02,2016,2,12.178,12.158,12.169521722637118,2016-02-03,LSTM,1,2016
2016-02-03,2016,2,12.158,12.142,12.145959356047213,2016-02-04,LSTM,1,2016
2016-02-04,2016,2,12.142,12.124,12.132759404376149,2016-02-05,LSTM,1,2016
2016-02-05,2016,2,12.124,12.106,12.11405193822086,2016-02-06,LSTM,1,2016
2016-02-06,2016,2,12.106,12.09,12.095985478110611,2016-02-07,LSTM,1,2016
2016-02-07,2016,2,12.09,12.076,12.081273997351527,2016-02-08,LSTM,1,2016
2016-02-08,2016,2,12.076,12.06,12.068467512376607,2016-02-09,LSTM,1,2016
2016-02-09,2016,2,12.06,12.05,12.051662143729628,2016-02-10,LSTM,1,2016
2016-02-10,2016,2,12.05,12.04,12.045638858526946,2016-02-11,LSTM,1,2016
2016-02-11,2016,2,12.04,12.03,12.03620356527157,2016-02-12,LSTM,1,2016
2016-02-12,2016,2,12.03,12.02,12.026853422606363,2016-02-13,LSTM,1,2016
2016-02-13,2016,2,12.02,12.01,12.017797830495983,2016-02-14,LSTM,1,2016
2016-02-14,2016,2,12.01,12.01,12.008623790917918,2016-02-15,LSTM,1,2016
2016-02-15,2016,2,12.01,12.014,12.016298169959336,2016-02-16,LSTM,1,2016
2016-02-16,2016,2,12.014,12.026,12.024193927213549,2016-02-17,LSTM,1,2016
2016-02-17,2016,2,12.026,12.04,12.043962524667382,2016-02-18,LSTM,1,2016
2016-02-18,2016,2,12.04,12.054,12.06059070765972,2016-02-19,LSTM,1,2016
2016-02-19,2016,2,12.054,12.074,12.074632598549128,2016-02-20,LSTM,1,2016
2016-02-20,2016,2,12.074,12.08,12.100613801717758,2016-02-21,LSTM,1,2016
2016-02-21,2016,2,12.08,12.054,12.093783316127956,2016-02-22,LSTM,1,2016
2016-02-22,2016,2,12.054,12.032,12.045750816814602,2016-02-23,LSTM,1,2016
2016-02-23,2016,2,12.032,12.016,12.029366840718314,2016-02-24,LSTM,1,2016
2016-02-24,2016,2,12.016,12.0,12.018626820700243,2016-02-25,LSTM,1,2016
2016-02-25,2016,2,12.0,11.99,12.00114778894931,2016-02-26,LSTM,1,2016
2016-02-26,2016,2,11.99,11.99,11.993578182309866,2016-02-27,LSTM,1,2016
2016-02-27,2016,2,11.99,11.994,11.999250010363758,2016-02-28,LSTM,1,2016
2016-02-28,2016,2,11.994,12.034,12.006668930925429,2016-02-29,LSTM,1,2016
2016-02-29,2016,2,12.034,12.148,12.084196785479785,2016-03-01,LSTM,1,2016
2016-03-01,2016,3,12.148,12.56,12.260197570502758,2016-03-02,LSTM,1,2016
2016-03-02,2016,3,12.56,12.63,12.822586563825608,2016-03-03,LSTM,1,2016
2016-03-03,2016,3,12.63,12.586,12.637069997023792,2016-03-04,LSTM,1,2016
2016-03-04,2016,3,12.586,12.51,12.508496318817139,2016-03-05,LSTM,1,2016
2016-03-05,2016,3,12.51,12.412,12.465042276531458,2016-03-06,LSTM,1,2016
2016-03-06,2016,3,12.412,12.344,12.370947815001012,2016-03-07,LSTM,1,2016
2016-03-07,2016,3,12.344,12.282,12.322204071521758,2016-03-08,LSTM,1,2016
2016-03-08,2016,3,12.282,12.23,12.266326442703605,2016-03-09,LSTM,1,2016
2016-03-09,2016,3,12.23,12.204,12.223869765195996,2016-03-10,LSTM,1,2016
2016-03-10,2016,3,12.204,12.182,12.204076064978203,2016-03-11,LSTM,1,2016
2016-03-11,2016,3,12.182,12.16,12.180745216056705,2016-03-12,LSTM,1,2016
2016-03-12,2016,3,12.16,12.15,12.15907398695359,2016-03-13,LSTM,1,2016
2016-03-13,2016,3,12.15,12.15,12.156510449107737,2016-03-14,LSTM,1,2016
2016-03-14,2016,3,12.15,12.15,12.164262605458498,2016-03-15,LSTM,1,2016
2016-03-15,2016,3,12.15,12.2,12.167145680263639,2016-03-16,LSTM,1,2016
2016-03-16,2016,3,12.2,12.298,12.272955101728439,2016-03-17,LSTM,1,2016
2016-03-17,2016,3,12.298,12.452,12.409769512295723,2016-03-18,LSTM,1,2016
2016-03-18,2016,3,12.452,12.574,12.59161923122406,2016-03-19,LSTM,1,2016
2016-03-19,2016,3,12.574,12.606,12.67749304229021,2016-03-20,LSTM,1,2016
2016-03-20,2016,3,12.606,12.594,12.612555243395269,2016-03-21,LSTM,1,2016
2016-03-21,2016,3,12.594,12.592,12.588590424001216,2016-03-22,LSTM,1,2016
2016-03-22,2016,3,12.592,12.646,12.626706369042397,2016-03-23,LSTM,1,2016
2016-03-23,2016,3,12.646,12.782,12.739232810497285,2016-03-24,LSTM,1,2016
2016-03-24,2016,3,12.782,12.862,12.926870802760124,2016-03-25,LSTM,1,2016
2016-03-25,2016,3,12.862,12.864,12.91833257701993,2016-03-26,LSTM,1,2016
2016-03-26,2016,3,12.864,12.804,12.866571720629931,2016-03-27,LSTM,1,2016
2016-03-27,2016,3,12.804,12.764,12.78649382339418,2016-03-28,LSTM,1,2016
2016-03-28,2016,3,12.764,12.766,12.769118281580507,2016-03-29,LSTM,1,2016
2016-03-29,2016,3,12.766,12.808,12.813680128365755,2016-03-30,LSTM,1,2016
2016-03-30,2016,3,12.808,12.866,12.88616819101572,2016-03-31,LSTM,1,2016
2016-03-31,2016,3,12.866,12.944,12.945847022891044,2016-04-01,LSTM,1,2016
2016-04-01,2016,4,12.944,12.926,13.03873641961813,2016-04-02,LSTM,1,2016
2016-04-02,2016,4,12.926,12.852,12.936246431455016,2016-04-03,LSTM,1,2016
2016-04-03,2016,4,12.852,12.82,12.836631120227278,2016-04-04,LSTM,1,2016
2016-04-04,2016,4,12.82,12.822,12.833415422290564,2016-04-05,LSTM,1,2016
2016-04-05,2016,4,12.822,12.906,12.872522085279225,2016-04-06,LSTM,1,2016
2016-04-06,2016,4,12.906,13.04,13.027137499809266,2016-04-07,LSTM,1,2016
2016-04-07,2016,4,13.04,13.15,13.188186475038528,2016-04-08,LSTM,1,2016
2016-04-08,2016,4,13.15,13.178,13.257960022985936,2016-04-09,LSTM,1,2016
2016-04-09,2016,4,13.178,13.142,13.210729092985392,2016-04-10,LSTM,1,2016
2016-04-10,2016,4,13.142,13.142,13.154391348369419,2016-04-11,LSTM,1,2016
2016-04-11,2016,4,13.142,13.208,13.204962353229522,2016-04-12,LSTM,1,2016
2016-04-12,2016,4,13.208,13.42,13.335423882484436,2016-04-13,LSTM,1,2016
2016-04-13,2016,4,13.42,14.184,13.663237718939781,2016-04-14,LSTM,1,2016
2016-04-14,2016,4,14.184,14.704,14.447483375310897,2016-04-15,LSTM,1,2016
2016-04-15,2016,4,14.704,14.816,14.918751467108727,2016-04-16,LSTM,1,2016
2016-04-16,2016,4,14.816,14.734,14.819368641017006,2016-04-17,LSTM,1,2016
2016-04-17,2016,4,14.734,14.774,14.722730920478702,2016-04-18,LSTM,1,2016
2016-04-18,2016,4,14.774,15.016,14.794034724846481,2016-04-19,LSTM,1,2016
2016-04-19,2016,4,15.016,15.192,15.23729499912262,2016-04-20,LSTM,1,2016
2016-04-20,2016,4,15.192,15.23,15.160393616378308,2016-04-21,LSTM,1,2016
2016-04-21,2016,4,15.23,15.186,15.10386728823185,2016-04-22,LSTM,1,2016
2016-04-22,2016,4,15.186,15.128,15.093208725810051,2016-04-23,LSTM,1,2016
2016-04-23,2016,4,15.128,15.114,15.07528796184063,2016-04-24,LSTM,1,2016
2016-04-24,2016,4,15.114,15.264,15.100050643958152,2016-04-25,LSTM,1,2016
2016-04-25,2016,4,15.264,15.55,15.435594277024268,2016-04-26,LSTM,1,2016
2016-04-26,2016,4,15.55,15.79,15.807581114768983,2016-04-27,LSTM,1,2016
2016-04-27,2016,4,15.79,15.996,15.876052194237708,2016-04-28,LSTM,1,2016
2016-04-28,2016,4,15.996,16.216,16.097142622530463,2016-04-29,LSTM,1,2016
2016-04-29,2016,4,16.216,16.444,16.358756760120393,2016-04-30,LSTM,1,2016
2016-04-30,2016,4,16.444,16.428,16.547692442178725,2016-05-01,LSTM,1,2016
2016-05-01,2016,5,16.428,16.192,16.311023768663407,2016-05-02,LSTM,1,2016
2016-05-02,2016,5,16.192,16.034,16.032502843260765,2016-05-03,LSTM,1,2016
2016-05-03,2016,5,16.034,15.926,15.93425334060192,2016-05-04,LSTM,1,2016
2016-05-04,2016,5,15.926,16.1,15.81996645128727,2016-05-05,LSTM,1,2016
2016-05-05,2016,5,16.1,16.168,16.406316375732423,2016-05-06,LSTM,1,2016
2016-05-06,2016,5,16.168,16.124,16.23108013945818,2016-05-07,LSTM,1,2016
2016-05-07,2016,5,16.124,15.972,16.075661586761473,2016-05-08,LSTM,1,2016
2016-05-08,2016,5,15.972,15.786,15.852861207842826,2016-05-09,LSTM,1,2016
2016-05-09,2016,5,15.786,15.612,15.651095987915992,2016-05-10,LSTM,1,2016
2016-05-10,2016,5,15.612,15.442,15.47943812263012,2016-05-11,LSTM,1,2016
2016-05-11,2016,5,15.442,15.29,15.31614114177227,2016-05-12,LSTM,1,2016
2016-05-12,2016,5,15.29,15.238,15.163617082834243,2016-05-13,LSTM,1,2016
2016-05-13,2016,5,15.238,15.2,15.191635651618242,2016-05-14,LSTM,1,2016
2016-05-14,2016,5,15.2,15.176,15.163045742362737,2016-05-15,LSTM,1,2016
2016-05-15,2016,5,15.176,15.122,15.169125260807574,2016-05-16,LSTM,1,2016
2016-05-16,2016,5,15.122,15.138,15.139609816044569,2016-05-17,LSTM,1,2016
2016-05-17,2016,5,15.138,15.448,15.193899616330862,2016-05-18,LSTM,1,2016
2016-05-18,2016,5,15.448,15.846,15.956309781551361,2016-05-19,LSTM,1,2016
2016-05-19,2016,5,15.846,16.218,16.118935569286347,2016-05-20,LSTM,1,2016
2016-05-20,2016,5,16.218,16.294,16.454606165766716,2016-05-21,LSTM,1,2016
2016-05-21,2016,5,16.294,16.772,16.255560241878033,2016-05-22,LSTM,1,2016
2016-05-22,2016,5,16.772,17.27,17.13792289805412,2016-05-23,LSTM,1,2016
2016-05-23,2016,5,17.27,17.364,17.442920271754264,2016-05-24,LSTM,1,2016
2016-05-24,2016,5,17.364,17.14,17.326913166731597,2016-05-25,LSTM,1,2016
2016-05-25,2016,5,17.14,16.908,16.87903489112854,2016-05-26,LSTM,1,2016
2016-05-26,2016,5,16.908,16.748,16.68448550271988,2016-05-27,LSTM,1,2016
2016-05-27,2016,5,16.748,16.722,16.64227521824837,2016-05-28,LSTM,1,2016
2016-05-28,2016,5,16.722,16.72,16.75998881918192,2016-05-29,LSTM,1,2016
2016-05-29,2016,5,16.72,16.67,16.7925933983922,2016-05-30,LSTM,1,2016
2016-05-30,2016,5,16.67,16.542,16.71365945234895,2016-05-31,LSTM,1,2016
2016-05-31,2016,5,16.542,16.564,16.503294163018467,2016-06-01,LSTM,1,2016
2016-06-01,2016,6,16.564,16.7,16.603596814662218,2016-06-02,LSTM,1,2016
2016-06-02,2016,6,16.7,16.686,16.916122031211852,2016-06-03,LSTM,1,2016
2016-06-03,2016,6,16.686,16.504,16.627270019859075,2016-06-04,LSTM,1,2016
2016-06-04,2016,6,16.504,16.324,16.385478033959867,2016-06-05,LSTM,1,2016
2016-06-05,2016,6,16.324,16.216,16.166401996254923,2016-06-06,LSTM,1,2016
2016-06-06,2016,6,16.216,16.2,16.130024122059346,2016-06-07,LSTM,1,2016
2016-06-07,2016,6,16.2,16.188,16.222368285804986,2016-06-08,LSTM,1,2016
2016-06-08,2016,6,16.188,16.116,16.22367787632346,2016-06-09,LSTM,1,2016
2016-06-09,2016,6,16.116,16.072,16.124848283439874,2016-06-10,LSTM,1,2016
2016-06-10,2016,6,16.072,16.088,16.06844906888716,2016-06-11,LSTM,1,2016
2016-06-11,2016,6,16.088,16.04,16.0923891556561,2016-06-12,LSTM,1,2016
2016-06-12,2016,6,16.04,16.076,15.997004964351653,2016-06-13,LSTM,1,2016
2016-06-13,2016,6,16.076,16.138,16.103643667533994,2016-06-14,LSTM,1,2016
2016-06-14,2016,6,16.138,16.532,16.248477291047575,2016-06-15,LSTM,1,2016
2016-06-15,2016,6,16.532,17.31,16.950848752975464,2016-06-16,LSTM,1,2016
2016-06-16,2016,6,17.31,17.478,17.7328797852993,2016-06-17,LSTM,1,2016
2016-06-17,2016,6,17.478,17.466,17.50527888710797,2016-06-18,LSTM,1,2016
2016-06-18,2016,6,17.466,17.45,17.354207763433458,2016-06-19,LSTM,1,2016
2016-06-19,2016,6,17.45,17.544,17.40020404085517,2016-06-20,LSTM,1,2016
2016-06-20,2016,6,17.544,17.77,17.60877102637291,2016-06-21,LSTM,1,2016
2016-06-21,2016,6,17.77,18.074,17.814157687574625,2016-06-22,LSTM,1,2016
2016-06-22,2016,6,18.074,18.422,18.187242454826833,2016-06-23,LSTM,1,2016
2016-06-23,2016,6,18.422,18.676,18.672690817832947,2016-06-24,LSTM,1,2016
2016-06-24,2016,6,18.676,18.966,18.82197563445568,2016-06-25,LSTM,1,2016
2016-06-25,2016,6,18.966,19.296,19.154826829195024,2016-06-26,LSTM,1,2016
2016-06-26,2016,6,19.296,19.33,19.446401920080184,2016-06-27,LSTM,1,2016
2016-06-27,2016,6,19.33,19.136,19.23071514993906,2016-06-28,LSTM,1,2016
2016-06-28,2016,6,19.136,18.906,18.84754710650444,2016-06-29,LSTM,1,2016
2016-06-29,2016,6,18.906,18.676,18.71208619749546,2016-06-30,LSTM,1,2016
2016-06-30,2016,6,18.676,18.542,18.614690811395644,2016-07-01,LSTM,1,2016
2016-07-01,2016,7,18.542,18.478,18.534517821490766,2016-07-02,LSTM,1,2016
2016-07-02,2016,7,18.478,18.63,18.4627372090444,2016-07-03,LSTM,1,2016
2016-07-03,2016,7,18.63,18.756,18.75280961871147,2016-07-04,LSTM,1,2016
2016-07-04,2016,7,18.756,18.866,18.885103481769562,2016-07-05,LSTM,1,2016
2016-07-05,2016,7,18.866,19.154,18.987582590043544,2016-07-06,LSTM,1,2016
2016-07-06,2016,7,19.154,19.34,19.412226454257965,2016-07-07,LSTM,1,2016
2016-07-07,2016,7,19.34,19.522,19.45597903072834,2016-07-08,LSTM,1,2016
2016-07-08,2016,7,19.522,19.522,19.649176105976103,2016-07-09,LSTM,1,2016
2016-07-09,2016,7,19.522,19.454,19.41583179694414,2016-07-10,LSTM,1,2016
2016-07-10,2016,7,19.454,19.35,19.321977917194367,2016-07-11,LSTM,1,2016
2016-07-11,2016,7,19.35,19.256,19.23626001775265,2016-07-12,LSTM,1,2016
2016-07-12,2016,7,19.256,19.18,19.174125845491886,2016-07-13,LSTM,1,2016
2016-07-13,2016,7,19.18,19.12,19.110657781660557,2016-07-14,LSTM,1,2016
2016-07-14,2016,7,19.12,19.058,19.059204521477223,2016-07-15,LSTM,1,2016
2016-07-15,2016,7,19.058,18.988,19.001391602486372,2016-07-16,LSTM,1,2016
2016-07-16,2016,7,18.988,19.0,18.92731845203042,2016-07-17,LSTM,1,2016
2016-07-17,2016,7,19.0,19.076,18.99802385480143,2016-07-18,LSTM,1,2016
2016-07-18,2016,7,19.076,19.386,19.132485679000617,2016-07-19,LSTM,1,2016
2016-07-19,2016,7,19.386,19.448,19.62982235109806,2016-07-20,LSTM,1,2016
2016-07-20,2016,7,19.448,19.486,19.475765158563853,2016-07-21,LSTM,1,2016
2016-07-21,2016,7,19.486,19.626,19.50459393902123,2016-07-22,LSTM,1,2016
2016-07-22,2016,7,19.626,19.728,19.77807152068615,2016-07-23,LSTM,1,2016
2016-07-23,2016,7,19.728,19.908,19.776678673803808,2016-07-24,LSTM,1,2016
2016-07-24,2016,7,19.908,20.15,20.01956026273966,2016-07-25,LSTM,1,2016
2016-07-25,2016,7,20.15,20.334,20.251455114781855,2016-07-26,LSTM,1,2016
2016-07-26,2016,7,20.334,20.506,20.39290078097582,2016-07-27,LSTM,1,2016
2016-07-27,2016,7,20.506,20.654,20.569855409622193,2016-07-28,LSTM,1,2016
2016-07-28,2016,7,20.654,20.71,20.67751465448737,2016-07-29,LSTM,1,2016
2016-07-29,2016,7,20.71,20.648,20.639518818855286,2016-07-30,LSTM,1,2016
2016-07-30,2016,7,20.648,20.534,20.495474113106727,2016-07-31,LSTM,1,2016
2016-07-31,2016,7,20.534,20.322,20.374583220124244,2016-08-01,LSTM,1,2016
2016-08-01,2016,8,20.322,20.092,20.13696948003769,2016-08-02,LSTM,1,2016
2016-08-02,2016,8,20.092,19.742,19.905983902335166,2016-08-03,LSTM,1,2016
2016-08-03,2016,8,19.742,19.51,19.492286996364594,2016-08-04,LSTM,1,2016
2016-08-04,2016,8,19.51,19.332,19.356218869090082,2016-08-05,LSTM,1,2016
2016-08-05,2016,8,19.332,19.148,19.189587456703187,2016-08-06,LSTM,1,2016
2016-08-06,2016,8,19.148,18.956,18.996609164357185,2016-08-07,LSTM,1,2016
2016-08-07,2016,8,18.956,18.796,18.796252727270126,2016-08-08,LSTM,1,2016
2016-08-08,2016,8,18.796,18.62,18.6593014857769,2016-08-09,LSTM,1,2016
2016-08-09,2016,8,18.62,18.492,18.469850103259088,2016-08-10,LSTM,1,2016
2016-08-10,2016,8,18.492,18.35,18.37803313267231,2016-08-11,LSTM,1,2016
2016-08-11,2016,8,18.35,18.316,18.229818059504034,2016-08-12,LSTM,1,2016
2016-08-12,2016,8,18.316,18.22,18.283954982072114,2016-08-13,LSTM,1,2016
2016-08-13,2016,8,18.22,18.166,18.1382333573699,2016-08-14,LSTM,1,2016
2016-08-14,2016,8,18.166,18.1,18.116578711926937,2016-08-15,LSTM,1,2016
2016-08-15,2016,8,18.1,18.0,18.049256356805564,2016-08-16,LSTM,1,2016
2016-08-16,2016,8,18.0,17.936,17.92373453080654,2016-08-17,LSTM,1,2016
2016-08-17,2016,8,17.936,17.872,17.896216350853443,2016-08-18,LSTM,1,2016
2016-08-18,2016,8,17.872,17.87,17.83714568477869,2016-08-19,LSTM,1,2016
2016-08-19,2016,8,17.87,17.82,17.87955254584551,2016-08-20,LSTM,1,2016
2016-08-20,2016,8,17.82,17.69,17.78857088059187,2016-08-21,LSTM,1,2016
2016-08-21,2016,8,17.69,17.576,17.59236368775368,2016-08-22,LSTM,1,2016
2016-08-22,2016,8,17.576,17.472,17.48383179551363,2016-08-23,LSTM,1,2016
2016-08-23,2016,8,17.472,17.38,17.402199690163137,2016-08-24,LSTM,1,2016
2016-08-24,2016,8,17.38,17.298,17.323817563354968,2016-08-25,LSTM,1,2016
2016-08-25,2016,8,17.298,17.2,17.254822920590637,2016-08-26,LSTM,1,2016
2016-08-26,2016,8,17.2,17.09,17.138287943601608,2016-08-27,LSTM,1,2016
2016-08-27,2016,8,17.09,17.03,17.013955030739307,2016-08-28,LSTM,1,2016
2016-08-28,2016,8,17.03,16.97,17.010422861874105,2016-08-29,LSTM,1,2016
2016-08-29,2016,8,16.97,16.866,16.953883541077374,2016-08-30,LSTM,1,2016
2016-08-30,2016,8,16.866,16.828,16.80958054921031,2016-08-31,LSTM,1,2016
2016-08-31,2016,8,16.828,16.84,16.838347981005906,2016-09-01,LSTM,1,2016
2016-09-01,2016,9,16.84,16.844,16.901695881187916,2016-09-02,LSTM,1,2016
2016-09-02,2016,9,16.844,17.098,16.876631874084474,2016-09-03,LSTM,1,2016
2016-09-03,2016,9,17.098,17.356,17.413116852521895,2016-09-04,LSTM,1,2016
2016-09-04,2016,9,17.356,17.668,17.599148237466814,2016-09-05,LSTM,1,2016
2016-09-05,2016,9,17.668,17.73,17.990246313095092,2016-09-06,LSTM,1,2016
2016-09-06,2016,9,17.73,17.926,17.79920474767685,2016-09-07,LSTM,1,2016
2016-09-07,2016,9,17.926,18.186,18.136905656218527,2016-09-08,LSTM,1,2016
2016-09-08,2016,9,18.186,18.31,18.40136061167717,2016-09-09,LSTM,1,2016
2016-09-09,2016,9,18.31,18.368,18.37679145991802,2016-09-10,LSTM,1,2016
2016-09-10,2016,9,18.368,18.504,18.416419963568448,2016-09-11,LSTM,1,2016
2016-09-11,2016,9,18.504,18.554,18.625257662773134,2016-09-12,LSTM,1,2016
2016-09-12,2016,9,18.554,18.682,18.600632952988146,2016-09-13,LSTM,1,2016
2016-09-13,2016,9,18.682,18.84,18.794473808228968,2016-09-14,LSTM,1,2016
2016-09-14,2016,9,18.84,18.836,18.956249173879623,2016-09-15,LSTM,1,2016
2016-09-15,2016,9,18.836,18.63,18.792683721393345,2016-09-16,LSTM,1,2016
2016-09-16,2016,9,18.63,18.436,18.40432996034622,2016-09-17,LSTM,1,2016
2016-09-17,2016,9,18.436,18.226,18.206308762788773,2016-09-18,LSTM,1,2016
2016-09-18,2016,9,18.226,18.11,18.018180612683295,2016-09-19,LSTM,1,2016
2016-09-19,2016,9,18.11,17.95,18.000570059418678,2016-09-20,LSTM,1,2016
2016-09-20,2016,9,17.95,17.754,17.799214017391204,2016-09-21,LSTM,1,2016
2016-09-21,2016,9,17.754,17.796,17.54631758415699,2016-09-22,LSTM,1,2016
2016-09-22,2016,9,17.796,18.002,17.838453460395336,2016-09-23,LSTM,1,2016
2016-09-23,2016,9,18.002,18.078,18.21130153131485,2016-09-24,LSTM,1,2016
2016-09-24,2016,9,18.078,18.084,18.156125298023223,2016-09-25,LSTM,1,2016
2016-09-25,2016,9,18.084,18.27,18.05416302868724,2016-09-26,LSTM,1,2016
2016-09-26,2016,9,18.27,18.442,18.4664263767004,2016-09-27,LSTM,1,2016
2016-09-27,2016,9,18.442,18.49,18.590175433278084,2016-09-28,LSTM,1,2016
2016-09-28,2016,9,18.49,18.524,18.494941954743116,2016-09-29,LSTM,1,2016
2016-09-29,2016,9,18.524,18.696,18.540125161200763,2016-09-30,LSTM,1,2016
2016-09-30,2016,9,18.696,18.812,18.855020945429803,2016-10-01,LSTM,1,2016
2016-10-01,2016,10,18.812,18.796,18.88462832671404,2016-10-02,LSTM,1,2016
2016-10-02,2016,10,18.796,18.672,18.72348748511076,2016-10-03,LSTM,1,2016
2016-10-03,2016,10,18.672,18.43,18.497189262628556,2016-10-04,LSTM,1,2016
2016-10-04,2016,10,18.43,18.2,18.149410866498947,2016-10-05,LSTM,1,2016
2016-10-05,2016,10,18.2,18.006,17.92955024242401,2016-10-06,LSTM,1,2016
2016-10-06,2016,10,18.006,17.712,17.78973295068741,2016-10-07,LSTM,1,2016
2016-10-07,2016,10,17.712,17.48,17.474077823281288,2016-10-08,LSTM,1,2016
2016-10-08,2016,10,17.48,17.312,17.248544495105744,2016-10-09,LSTM,1,2016
2016-10-09,2016,10,17.312,17.246,17.129932888865472,2016-10-10,LSTM,1,2016
2016-10-10,2016,10,17.246,17.18,17.14370398288965,2016-10-11,LSTM,1,2016
2016-10-11,2016,10,17.18,17.136,17.083171353042125,2016-10-12,LSTM,1,2016
2016-10-12,2016,10,17.136,17.366,17.055676892459392,2016-10-13,LSTM,1,2016
2016-10-13,2016,10,17.366,17.964,17.564779180645942,2016-10-14,LSTM,1,2016
2016-10-14,2016,10,17.964,18.236,18.21383865022659,2016-10-15,LSTM,1,2016
2016-10-15,2016,10,18.236,18.48,18.19274452185631,2016-10-16,LSTM,1,2016
2016-10-16,2016,10,18.48,18.54,18.57922969341278,2016-10-17,LSTM,1,2016
2016-10-17,2016,10,18.54,18.54,18.516840429008006,2016-10-18,LSTM,1,2016
2016-10-18,2016,10,18.54,18.444,18.40652758717537,2016-10-19,LSTM,1,2016
2016-10-19,2016,10,18.444,18.192,18.263851487874984,2016-10-20,LSTM,1,2016
2016-10-20,2016,10,18.192,17.956,17.893333552598953,2016-10-21,LSTM,1,2016
2016-10-21,2016,10,17.956,17.57,17.67542514181137,2016-10-22,LSTM,1,2016
2016-10-22,2016,10,17.57,17.264,17.329798049926758,2016-10-23,LSTM,1,2016
2016-10-23,2016,10,17.264,16.99,17.02602444732189,2016-10-24,LSTM,1,2016
2016-10-24,2016,10,16.99,16.728,16.789872443079947,2016-10-25,LSTM,1,2016
2016-10-25,2016,10,16.728,16.54,16.53405970323086,2016-10-26,LSTM,1,2016
2016-10-26,2016,10,16.54,16.372,16.360327788591384,2016-10-27,LSTM,1,2016
2016-10-27,2016,10,16.372,16.204,16.2103207321167,2016-10-28,LSTM,1,2016
2016-10-28,2016,10,16.204,16.05,16.050210345625878,2016-10-29,LSTM,1,2016
2016-10-29,2016,10,16.05,15.93,15.905893597006799,2016-10-30,LSTM,1,2016
2016-10-30,2016,10,15.93,15.834,15.802604176402092,2016-10-31,LSTM,1,2016
2016-10-31,2016,10,15.834,15.736,15.722206735253334,2016-11-01,LSTM,1,2016
2016-11-01,2016,11,15.736,15.632,15.627427263617516,2016-11-02,LSTM,1,2016
2016-11-02,2016,11,15.632,15.542,15.527107425749302,2016-11-03,LSTM,1,2016
2016-11-03,2016,11,15.542,15.442,15.454488304078579,2016-11-04,LSTM,1,2016
2016-11-04,2016,11,15.442,15.358,15.359787738144398,2016-11-05,LSTM,1,2016
2016-11-05,2016,11,15.358,15.266,15.285123166620732,2016-11-06,LSTM,1,2016
2016-11-06,2016,11,15.266,15.182,15.192031187176704,2016-11-07,LSTM,1,2016
2016-11-07,2016,11,15.182,15.108,15.110520560264588,2016-11-08,LSTM,1,2016
2016-11-08,2016,11,15.108,15.048,15.040024873793126,2016-11-09,LSTM,1,2016
2016-11-09,2016,11,15.048,14.968,14.9843699182868,2016-11-10,LSTM,1,2016
2016-11-10,2016,11,14.968,14.926,14.898338010191917,2016-11-11,LSTM,1,2016
2016-11-11,2016,11,14.926,14.92,14.87282414829731,2016-11-12,LSTM,1,2016
2016-11-12,2016,11,14.92,14.904,14.893080277442932,2016-11-13,LSTM,1,2016
2016-11-13,2016,11,14.904,14.876,14.872655813485384,2016-11-14,LSTM,1,2016
2016-11-14,2016,11,14.876,14.85,14.839302601128816,2016-11-15,LSTM,1,2016
2016-11-15,2016,11,14.85,14.778,14.82093049250543,2016-11-16,LSTM,1,2016
2016-11-16,2016,11,14.778,14.7,14.722212194532156,2016-11-17,LSTM,1,2016
2016-11-17,2016,11,14.7,14.614,14.637953665852546,2016-11-18,LSTM,1,2016
2016-11-18,2016,11,14.614,14.548,14.552239857554436,2016-11-19,LSTM,1,2016
2016-11-19,2016,11,14.548,14.48,14.495977524250746,2016-11-20,LSTM,1,2016
2016-11-20,2016,11,14.48,14.434,14.426142733097077,2016-11-21,LSTM,1,2016
2016-11-21,2016,11,14.434,14.384,14.385411701738834,2016-11-22,LSTM,1,2016
2016-11-22,2016,11,14.384,14.296,14.333444692581892,2016-11-23,LSTM,1,2016
2016-11-23,2016,11,14.296,14.244,14.237782601177692,2016-11-24,LSTM,1,2016
2016-11-24,2016,11,14.244,14.2,14.198122457653284,2016-11-25,LSTM,1,2016
2016-11-25,2016,11,14.2,14.146,14.157746192812919,2016-11-26,LSTM,1,2016
2016-11-26,2016,11,14.146,14.09,14.099935761004687,2016-11-27,LSTM,1,2016
2016-11-27,2016,11,14.09,14.046,14.044700704663992,2016-11-28,LSTM,1,2016
2016-11-28,2016,11,14.046,14.02,14.005605820477008,2016-11-29,LSTM,1,2016
2016-11-29,2016,11,14.02,13.99,13.986492921113967,2016-11-30,LSTM,1,2016
2016-11-30,2016,11,13.99,13.958,13.955904496610165,2016-12-01,LSTM,1,2016
2016-12-01,2016,12,13.958,13.906,13.92406532484293,2016-12-02,LSTM,1,2016
2016-12-02,2016,12,13.906,13.87,13.866612166672946,2016-12-03,LSTM,1,2016
2016-12-03,2016,12,13.87,13.818,13.83833162754774,2016-12-04,LSTM,1,2016
2016-12-04,2016,12,13.818,13.786,13.78107423338294,2016-12-05,LSTM,1,2016
2016-12-05,2016,12,13.786,13.75,13.756354815945029,2016-12-06,LSTM,1,2016
2016-12-06,2016,12,13.75,13.698,13.718121446669102,2016-12-07,LSTM,1,2016
2016-12-07,2016,12,13.698,13.66,13.660389066815377,2016-12-08,LSTM,1,2016
2016-12-08,2016,12,13.66,13.63,13.628210104852915,2016-12-09,LSTM,1,2016
2016-12-09,2016,12,13.63,13.588,13.601415216103197,2016-12-10,LSTM,1,2016
2016-12-10,2016,12,13.588,13.56,13.554621998697518,2016-12-11,LSTM,1,2016
2016-12-11,2016,12,13.56,13.53,13.532569772973657,2016-12-12,LSTM,1,2016
2016-12-12,2016,12,13.53,13.498,13.50189200296998,2016-12-13,LSTM,1,2016
2016-12-13,2016,12,13.498,13.46,13.469372246742248,2016-12-14,LSTM,1,2016
2016-12-14,2016,12,13.46,13.43,13.430060063526035,2016-12-15,LSTM,1,2016
2016-12-15,2016,12,13.43,13.408,13.403725594580173,2016-12-16,LSTM,1,2016
2016-12-16,2016,12,13.408,13.38,13.385095615118741,2016-12-17,LSTM,1,2016
2016-12-17,2016,12,13.38,13.348,13.354260304123164,2016-12-18,LSTM,1,2016
2016-12-18,2016,12,13.348,13.32,13.320959719598294,2016-12-19,LSTM,1,2016
2016-12-19,2016,12,13.32,13.29,13.295344201549888,2016-12-20,LSTM,1,2016
2016-12-20,2016,12,13.29,13.268,13.264750215187668,2016-12-21,LSTM,1,2016
2016-12-21,2016,12,13.268,13.25,13.246312365710736,2016-12-22,LSTM,1,2016
2016-12-22,2016,12,13.25,13.218,13.230031218379736,2016-12-23,LSTM,1,2016
2016-12-23,2016,12,13.218,13.2,13.191725331947207,2016-12-24,LSTM,1,2016
2016-12-24,2016,12,13.2,13.16,13.180737725272774,2016-12-25,LSTM,1,2016
2016-12-25,2016,12,13.16,13.16,13.131862457692623,2016-12-26,LSTM,1,2016
2016-12-26,2016,12,13.16,13.15,13.151417088545859,2016-12-27,LSTM,1,2016
2016-12-27,2016,12,13.15,13.12,13.13502774629742,2016-12-28,LSTM,1,2016
2016-12-28,2016,12,13.12,13.11,13.094601289257406,2016-12-29,LSTM,1,2016
2016-12-29,2016,12,13.11,13.09,13.096429749988019,2016-12-30,LSTM,1,2016
2016-12-30,2016,12,13.09,13.08,13.071559325009584,2016-12-31,LSTM,1,2016
2016-12-31,2016,12,13.08,13.044,13.066702802591026,2017-01-01,LSTM,1,2016
2017-01-01,2017,1,13.044,13.02,13.009207006782294,2017-01-02,LSTM,1,2017
2017-01-02,2017,1,13.02,13.01,12.989993278384208,2017-01-03,LSTM,1,2017
2017-01-03,2017,1,13.01,13.0,12.991680331751704,2017-01-04,LSTM,1,2017
2017-01-04,2017,1,13.0,12.99,12.98152651078999,2017-01-05,LSTM,1,2017
2017-01-05,2017,1,12.99,12.98,12.97093930259347,2017-01-06,LSTM,1,2017
2017-01-06,2017,1,12.98,12.97,12.961083881109953,2017-01-07,LSTM,1,2017
2017-01-07,2017,1,12.97,12.93,12.951550322845579,2017-01-08,LSTM,1,2017
2017-01-08,2017,1,12.93,12.88,12.892335504591465,2017-01-09,LSTM,1,2017
2017-01-09,2017,1,12.88,12.84,12.833577104955912,2017-01-10,LSTM,1,2017
2017-01-10,2017,1,12.84,12.82,12.800876435041427,2017-01-11,LSTM,1,2017
2017-01-11,2017,1,12.82,12.79,12.794866479635239,2017-01-12,LSTM,1,2017
2017-01-12,2017,1,12.79,12.77,12.759485398381948,2017-01-13,LSTM,1,2017
2017-01-13,2017,1,12.77,12.75,12.743830703645944,2017-01-14,LSTM,1,2017
2017-01-14,2017,1,12.75,12.74,12.725563522428274,2017-01-15,LSTM,1,2017
2017-01-15,2017,1,12.74,12.72,12.721294620782137,2017-01-16,LSTM,1,2017
2017-01-16,2017,1,12.72,12.7,12.695600052624942,2017-01-17,LSTM,1,2017
2017-01-17,2017,1,12.7,12.67,12.67430644929409,2017-01-18,LSTM,1,2017
2017-01-18,2017,1,12.67,12.64,12.638874268233776,2017-01-19,LSTM,1,2017
2017-01-19,2017,1,12.64,12.63,12.607957366257907,2017-01-20,LSTM,1,2017
2017-01-20,2017,1,12.63,12.62,12.611393795460463,2017-01-21,LSTM,1,2017
2017-01-21,2017,1,12.62,12.61,12.601886887922882,2017-01-22,LSTM,1,2017
2017-01-22,2017,1,12.61,12.58,12.591080843135714,2017-01-23,LSTM,1,2017
2017-01-23,2017,1,12.58,12.58,12.548808881938458,2017-01-24,LSTM,1,2017
2017-01-24,2017,1,12.58,12.57,12.567634015269578,2017-01-25,LSTM,1,2017
2017-01-25,2017,1,12.57,12.54,12.552813026756048,2017-01-26,LSTM,1,2017
2017-01-26,2017,1,12.54,12.52,12.50782962605357,2017-01-27,LSTM,1,2017
2017-01-27,2017,1,12.52,12.5,12.49399671562016,2017-01-28,LSTM,1,2017
2017-01-28,2017,1,12.5,12.47,12.476118996739388,2017-01-29,LSTM,1,2017
2017-01-29,2017,1,12.47,12.45,12.439110555946828,2017-01-30,LSTM,1,2017
2017-01-30,2017,1,12.45,12.44,12.424754408001899,2017-01-31,LSTM,1,2017
2017-01-31,2017,1,12.44,12.43,12.422569539919495,2017-02-01,LSTM,1,2017
2017-02-01,2017,2,12.43,12.42,12.412460478320718,2017-02-02,LSTM,1,2017
2017-02-02,2017,2,12.42,12.41,12.402021501287818,2017-02-03,LSTM,1,2017
2017-02-03,2017,2,12.41,12.39,12.392340039685369,2017-02-04,LSTM,1,2017
2017-02-04,2017,2,12.39,12.38,12.366136401295662,2017-02-05,LSTM,1,2017
2017-02-05,2017,2,12.38,12.36,12.362495144009591,2017-02-06,LSTM,1,2017
2017-02-06,2017,2,12.36,12.34,12.336787330582737,2017-02-07,LSTM,1,2017
2017-02-07,2017,2,12.34,12.32,12.315772501900792,2017-02-08,LSTM,1,2017
2017-02-08,2017,2,12.32,12.3,12.2966816906631,2017-02-09,LSTM,1,2017
2017-02-09,2017,2,12.3,12.29,12.276857347413898,2017-02-10,LSTM,1,2017
2017-02-10,2017,2,12.29,12.27,12.273858715742826,2017-02-11,LSTM,1,2017
2017-02-11,2017,2,12.27,12.25,12.247456375956535,2017-02-12,LSTM,1,2017
2017-02-12,2017,2,12.25,12.24,12.226782392710447,2017-02-13,LSTM,1,2017
2017-02-13,2017,2,12.24,12.22,12.224718784689903,2017-02-14,LSTM,1,2017
2017-02-14,2017,2,12.22,12.21,12.19824894078076,2017-02-15,LSTM,1,2017
2017-02-15,2017,2,12.21,12.21,12.194547052532435,2017-02-16,LSTM,1,2017
2017-02-16,2017,2,12.21,12.19,12.202470247671009,2017-02-17,LSTM,1,2017
2017-02-17,2017,2,12.19,12.18,12.16829757630825,2017-02-18,LSTM,1,2017
2017-02-18,2017,2,12.18,12.178,12.16483838699758,2017-02-19,LSTM,1,2017
2017-02-19,2017,2,12.178,12.16,12.170367589846254,2017-02-20,LSTM,1,2017
2017-02-20,2017,2,12.16,12.16,12.140522206053138,2017-02-21,LSTM,1,2017
2017-02-21,2017,2,12.16,12.16,12.153769162334502,2017-02-22,LSTM,1,2017
2017-02-22,2017,2,12.16,12.15,12.154385431986302,2017-02-23,LSTM,1,2017
2017-02-23,2017,2,12.15,12.156,12.136391310580075,2017-02-24,LSTM,1,2017
2017-02-24,2017,2,12.156,12.178,12.155482598737814,2017-02-25,LSTM,1,2017
2017-02-25,2017,2,12.178,12.2,12.193448515303434,2017-02-26,LSTM,1,2017
2017-02-26,2017,2,12.2,12.21,12.212357844039797,2017-02-27,LSTM,1,2017
2017-02-27,2017,2,12.21,12.22,12.208574858880603,2017-02-28,LSTM,1,2017
2017-02-28,2017,2,12.22,12.23,12.22153807818424,2017-03-01,LSTM,1,2017
2017-03-01,2017,3,12.23,12.25,12.233718121908606,2017-03-02,LSTM,1,2017
2017-03-02,2017,3,12.25,12.268,12.265063396655023,2017-03-03,LSTM,1,2017
2017-03-03,2017,3,12.268,12.438,12.279883144266904,2017-03-04,LSTM,1,2017
2017-03-04,2017,3,12.438,12.496,12.589081159710885,2017-03-05,LSTM,1,2017
2017-03-05,2017,3,12.496,12.512,12.505864000603557,2017-03-06,LSTM,1,2017
2017-03-06,2017,3,12.512,12.434,12.491997225105763,2017-03-07,LSTM,1,2017
2017-03-07,2017,3,12.434,12.402,12.37303675675392,2017-03-08,LSTM,1,2017
2017-03-08,2017,3,12.402,12.344,12.378368585601448,2017-03-09,LSTM,1,2017
2017-03-09,2017,3,12.344,12.31,12.310061487793922,2017-03-10,LSTM,1,2017
2017-03-10,2017,3,12.31,12.292,12.289705853387714,2017-03-11,LSTM,1,2017
2017-03-11,2017,3,12.292,12.38,12.287365154929459,2017-03-12,LSTM,1,2017
2017-03-12,2017,3,12.38,12.602,12.485960041284562,2017-03-13,LSTM,1,2017
2017-03-13,2017,3,12.602,12.874,12.754450948953629,2017-03-14,LSTM,1,2017
2017-03-14,2017,3,12.874,12.986,12.965888137161732,2017-03-15,LSTM,1,2017
2017-03-15,2017,3,12.986,12.956,13.006908236503602,2017-03-16,LSTM,1,2017
2017-03-16,2017,3,12.956,12.878,12.898644648253917,2017-03-17,LSTM,1,2017
2017-03-17,2017,3,12.878,12.816,12.81758518654108,2017-03-18,LSTM,1,2017
2017-03-18,2017,3,12.816,12.83,12.780757032692433,2017-03-19,LSTM,1,2017
2017-03-19,2017,3,12.83,12.872,12.870004163980484,2017-03-20,LSTM,1,2017
2017-03-20,2017,3,12.872,12.986,12.930374401181936,2017-03-21,LSTM,1,2017
2017-03-21,2017,3,12.986,13.044,13.101717515349389,2017-03-22,LSTM,1,2017
2017-03-22,2017,3,13.044,12.99,13.07584286504984,2017-03-23,LSTM,1,2017
2017-03-23,2017,3,12.99,12.94,12.937286941111088,2017-03-24,LSTM,1,2017
2017-03-24,2017,3,12.94,12.87,12.90302968263626,2017-03-25,LSTM,1,2017
2017-03-25,2017,3,12.87,12.906,12.834133694767951,2017-03-26,LSTM,1,2017
2017-03-26,2017,3,12.906,12.826,12.970494848251343,2017-03-27,LSTM,1,2017
2017-03-27,2017,3,12.826,12.832,12.782698302179575,2017-03-28,LSTM,1,2017
2017-03-28,2017,3,12.832,12.96,12.857915341451765,2017-03-29,LSTM,1,2017
2017-03-29,2017,3,12.96,12.9,13.117414078712464,2017-03-30,LSTM,1,2017
2017-03-30,2017,3,12.9,12.88,12.841869825124741,2017-03-31,LSTM,1,2017
2017-03-31,2017,3,12.88,12.85,12.861661142781378,2017-04-01,LSTM,1,2017
2017-04-01,2017,4,12.85,12.9,12.85187585526146,2017-04-02,LSTM,1,2017
2017-04-02,2017,4,12.9,13.008,12.97386213541031,2017-04-03,LSTM,1,2017
2017-04-03,2017,4,13.008,13.236,13.128215691626071,2017-04-04,LSTM,1,2017
2017-04-04,2017,4,13.236,13.564,13.434155999183655,2017-04-05,LSTM,1,2017
2017-04-05,2017,4,13.564,13.764,13.775352869868279,2017-04-06,LSTM,1,2017
2017-04-06,2017,4,13.764,13.94,13.880467468440532,2017-04-07,LSTM,1,2017
2017-04-07,2017,4,13.94,14.118,14.116788538694381,2017-04-08,LSTM,1,2017
2017-04-08,2017,4,14.118,14.378,14.312013759493828,2017-04-09,LSTM,1,2017
2017-04-09,2017,4,14.378,14.62,14.58527913081646,2017-04-10,LSTM,1,2017
2017-04-10,2017,4,14.62,14.638,14.767257730364799,2017-04-11,LSTM,1,2017
2017-04-11,2017,4,14.638,14.502,14.615391872555017,2017-04-12,LSTM,1,2017
2017-04-12,2017,4,14.502,14.34,14.418065387427808,2017-04-13,LSTM,1,2017
2017-04-13,2017,4,14.34,14.16,14.254801016449928,2017-04-14,LSTM,1,2017
2017-04-14,2017,4,14.16,14.032,14.081558760106564,2017-04-15,LSTM,1,2017
2017-04-15,2017,4,14.032,14.254,13.97269255143404,2017-04-16,LSTM,1,2017
2017-04-16,2017,4,14.254,14.4,14.568435303211212,2017-04-17,LSTM,1,2017
2017-04-17,2017,4,14.4,14.454,14.502282851934433,2017-04-18,LSTM,1,2017
2017-04-18,2017,4,14.454,14.35,14.494548741817475,2017-04-19,LSTM,1,2017
2017-04-19,2017,4,14.35,14.192,14.279641611874103,2017-04-20,LSTM,1,2017
2017-04-20,2017,4,14.192,14.058,14.103469094455242,2017-04-21,LSTM,1,2017
2017-04-21,2017,4,14.058,14.138,13.992942334890365,2017-04-22,LSTM,1,2017
2017-04-22,2017,4,14.138,14.088,14.266606796264648,2017-04-23,LSTM,1,2017
2017-04-23,2017,4,14.088,14.1,14.07073504897952,2017-04-24,LSTM,1,2017
2017-04-24,2017,4,14.1,14.12,14.144359069317579,2017-04-25,LSTM,1,2017
2017-04-25,2017,4,14.12,14.066,14.176252185255288,2017-04-26,LSTM,1,2017
2017-04-26,2017,4,14.066,14.082,14.036221450552345,2017-04-27,LSTM,1,2017
2017-04-27,2017,4,14.082,14.19,14.131953322857619,2017-04-28,LSTM,1,2017
2017-04-28,2017,4,14.19,14.346,14.345376642942428,2017-04-29,LSTM,1,2017
2017-04-29,2017,4,14.346,14.57,14.504039182424545,2017-04-30,LSTM,1,2017
2017-04-30,2017,4,14.57,14.926,14.776006407737732,2017-05-01,LSTM,1,2017
2017-05-01,2017,5,14.926,15.76,15.23188287115097,2017-05-02,LSTM,1,2017
2017-05-02,2017,5,15.76,16.168,16.004961157441137,2017-05-03,LSTM,1,2017
2017-05-03,2017,5,16.168,16.404,16.18279148492217,2017-05-04,LSTM,1,2017
2017-05-04,2017,5,16.404,16.146,16.544593886375427,2017-05-05,LSTM,1,2017
2017-05-05,2017,5,16.146,15.996,15.9626943192482,2017-05-06,LSTM,1,2017
2017-05-06,2017,5,15.996,15.892,15.893634282708168,2017-05-07,LSTM,1,2017
2017-05-07,2017,5,15.892,15.9,15.851160733968019,2017-05-08,LSTM,1,2017
2017-05-08,2017,5,15.9,15.916,15.992250607907772,2017-05-09,LSTM,1,2017
2017-05-09,2017,5,15.916,15.872,15.93062469715625,2017-05-10,LSTM,1,2017
2017-05-10,2017,5,15.872,15.82,15.808930671334267,2017-05-11,LSTM,1,2017
2017-05-11,2017,5,15.82,15.89,15.754382855892182,2017-05-12,LSTM,1,2017
2017-05-12,2017,5,15.89,15.91,16.01868206202984,2017-05-13,LSTM,1,2017
2017-05-13,2017,5,15.91,15.88,15.998934257626534,2017-05-14,LSTM,1,2017
2017-05-14,2017,5,15.88,15.79,15.89556049566716,2017-05-15,LSTM,1,2017
2017-05-15,2017,5,15.79,15.484,15.781177804768085,2017-05-16,LSTM,1,2017
2017-05-16,2017,5,15.484,15.432,15.338232504963875,2017-05-17,LSTM,1,2017
2017-05-17,2017,5,15.432,15.376,15.35021425408125,2017-05-18,LSTM,1,2017
2017-05-18,2017,5,15.376,15.312,15.357156334280967,2017-05-19,LSTM,1,2017
2017-05-19,2017,5,15.312,15.28,15.245643139898776,2017-05-20,LSTM,1,2017
2017-05-20,2017,5,15.28,15.27,15.235027192831039,2017-05-21,LSTM,1,2017
2017-05-21,2017,5,15.27,15.25,15.265229918509721,2017-05-22,LSTM,1,2017
2017-05-22,2017,5,15.25,15.29,15.283417541533709,2017-05-23,LSTM,1,2017
2017-05-23,2017,5,15.29,15.25,15.378978067040443,2017-05-24,LSTM,1,2017
2017-05-24,2017,5,15.25,15.366,15.249614148866385,2017-05-25,LSTM,1,2017
2017-05-25,2017,5,15.366,15.596,15.555922049641609,2017-05-26,LSTM,1,2017
2017-05-26,2017,5,15.596,15.896,15.926731630325317,2017-05-27,LSTM,1,2017
2017-05-27,2017,5,15.896,16.098,16.165128620624543,2017-05-28,LSTM,1,2017
2017-05-28,2017,5,16.098,16.202,16.275558183670043,2017-05-29,LSTM,1,2017
2017-05-29,2017,5,16.202,16.21,16.30916360807419,2017-05-30,LSTM,1,2017
2017-05-30,2017,5,16.21,16.22,16.16293940603733,2017-05-31,LSTM,1,2017
2017-05-31,2017,5,16.22,16.28,16.199591593146323,2017-06-01,LSTM,1,2017
2017-06-01,2017,6,16.28,16.26,16.386050223112107,2017-06-02,LSTM,1,2017
2017-06-02,2017,6,16.26,16.28,16.28028069458902,2017-06-03,LSTM,1,2017
2017-06-03,2017,6,16.28,16.356,16.378564192652703,2017-06-04,LSTM,1,2017
2017-06-04,2017,6,16.356,16.904,16.541563489794733,2017-06-05,LSTM,1,2017
2017-06-05,2017,6,16.904,17.592,17.30786253595352,2017-06-06,LSTM,1,2017
2017-06-06,2017,6,17.592,17.82,17.80846711230278,2017-06-07,LSTM,1,2017
2017-06-07,2017,6,17.82,18.04,17.824497956950218,2017-06-08,LSTM,1,2017
2017-06-08,2017,6,18.04,18.014,18.2323002153635,2017-06-09,LSTM,1,2017
2017-06-09,2017,6,18.014,17.768,17.84972080731392,2017-06-10,LSTM,1,2017
2017-06-10,2017,6,17.768,17.418,17.504652165651322,2017-06-11,LSTM,1,2017
2017-06-11,2017,6,17.418,17.156,17.224658819317817,2017-06-12,LSTM,1,2017
2017-06-12,2017,6,17.156,16.942,17.017486092209815,2017-06-13,LSTM,1,2017
2017-06-13,2017,6,16.942,16.85,16.83791231942177,2017-06-14,LSTM,1,2017
2017-06-14,2017,6,16.85,16.9,16.86201175991446,2017-06-15,LSTM,1,2017
2017-06-15,2017,6,16.9,17.096,16.979530999064444,2017-06-16,LSTM,1,2017
2017-06-16,2017,6,17.096,17.286,17.263885556817055,2017-06-17,LSTM,1,2017
2017-06-17,2017,6,17.286,17.498,17.442607508659364,2017-06-18,LSTM,1,2017
2017-06-18,2017,6,17.498,17.826,17.70396480369568,2017-06-19,LSTM,1,2017
2017-06-19,2017,6,17.826,18.124,18.128304923534394,2017-06-20,LSTM,1,2017
2017-06-20,2017,6,18.124,18.396,18.318319054484366,2017-06-21,LSTM,1,2017
2017-06-21,2017,6,18.396,18.512,18.530110048413277,2017-06-22,LSTM,1,2017
2017-06-22,2017,6,18.512,18.53,18.52167214908451,2017-06-23,LSTM,1,2017
2017-06-23,2017,6,18.53,18.54,18.4476265001297,2017-06-24,LSTM,1,2017
2017-06-24,2017,6,18.54,18.53,18.51629302740097,2017-06-25,LSTM,1,2017
2017-06-25,2017,6,18.53,18.47,18.518614776171745,2017-06-26,LSTM,1,2017
2017-06-26,2017,6,18.47,18.264,18.43481081098318,2017-06-27,LSTM,1,2017
2017-06-27,2017,6,18.264,18.23,18.16306447380781,2017-06-28,LSTM,1,2017
2017-06-28,2017,6,18.23,18.082,18.256271095499397,2017-06-29,LSTM,1,2017
2017-06-29,2017,6,18.082,18.276,18.037836683511735,2017-06-30,LSTM,1,2017
2017-06-30,2017,6,18.276,18.43,18.421859986543655,2017-07-01,LSTM,1,2017
2017-07-01,2017,7,18.43,18.68,18.56229040801525,2017-07-02,LSTM,1,2017
2017-07-02,2017,7,18.68,18.856,18.86361595273018,2017-07-03,LSTM,1,2017
2017-07-03,2017,7,18.856,18.974,18.98801104104519,2017-07-04,LSTM,1,2017
2017-07-04,2017,7,18.974,19.154,19.06552664989233,2017-07-05,LSTM,1,2017
2017-07-05,2017,7,19.154,19.432,19.265108347773552,2017-07-06,LSTM,1,2017
2017-07-06,2017,7,19.432,19.73,19.54604288560152,2017-07-07,LSTM,1,2017
2017-07-07,2017,7,19.73,19.85,19.832500885725022,2017-07-08,LSTM,1,2017
2017-07-08,2017,7,19.85,19.86,19.85468309549615,2017-07-09,LSTM,1,2017
2017-07-09,2017,7,19.86,19.87,19.789692976176738,2017-07-10,LSTM,1,2017
2017-07-10,2017,7,19.87,20.166,19.845156508386136,2017-07-11,LSTM,1,2017
2017-07-11,2017,7,20.166,20.294,20.284156790733338,2017-07-12,LSTM,1,2017
2017-07-12,2017,7,20.294,20.34,20.286543194442988,2017-07-13,LSTM,1,2017
2017-07-13,2017,7,20.34,20.368,20.30005393192172,2017-07-14,LSTM,1,2017
2017-07-14,2017,7,20.368,20.264,20.346631714358924,2017-07-15,LSTM,1,2017
2017-07-15,2017,7,20.264,20.05,20.16879553490877,2017-07-16,LSTM,1,2017
2017-07-16,2017,7,20.05,19.724,19.89180462360382,2017-07-17,LSTM,1,2017
2017-07-17,2017,7,19.724,19.482,19.49047862792015,2017-07-18,LSTM,1,2017
2017-07-18,2017,7,19.482,19.216,19.298823974251746,2017-07-19,LSTM,1,2017
2017-07-19,2017,7,19.216,19.062,19.06131879425049,2017-07-20,LSTM,1,2017
2017-07-20,2017,7,19.062,18.93,19.003804710775615,2017-07-21,LSTM,1,2017
2017-07-21,2017,7,18.93,18.762,18.888300791680813,2017-07-22,LSTM,1,2017
2017-07-22,2017,7,18.762,18.694,18.674247456610203,2017-07-23,LSTM,1,2017
2017-07-23,2017,7,18.694,18.67,18.668405186250805,2017-07-24,LSTM,1,2017
2017-07-24,2017,7,18.67,18.674,18.65077929019928,2017-07-25,LSTM,1,2017
2017-07-25,2017,7,18.674,18.618,18.6526856751889,2017-07-26,LSTM,1,2017
2017-07-26,2017,7,18.618,18.554,18.58197316083312,2017-07-27,LSTM,1,2017
2017-07-27,2017,7,18.554,18.46,18.519265795588492,2017-07-28,LSTM,1,2017
2017-07-28,2017,7,18.46,18.392,18.417298569381238,2017-07-29,LSTM,1,2017
2017-07-29,2017,7,18.392,18.414,18.368627074182033,2017-07-30,LSTM,1,2017
2017-07-30,2017,7,18.414,18.434,18.437232501000167,2017-07-31,LSTM,1,2017
2017-07-31,2017,7,18.434,18.508,18.442422566577793,2017-08-01,LSTM,1,2017
2017-08-01,2017,8,18.508,18.472,18.56874744835496,2017-08-02,LSTM,1,2017
2017-08-02,2017,8,18.472,18.46,18.44736111995578,2017-08-03,LSTM,1,2017
2017-08-03,2017,8,18.46,18.472,18.454660247582943,2017-08-04,LSTM,1,2017
2017-08-04,2017,8,18.472,18.59,18.487112788416447,2017-08-05,LSTM,1,2017
2017-08-05,2017,8,18.59,18.624,18.689836505949497,2017-08-06,LSTM,1,2017
2017-08-06,2017,8,18.624,18.56,18.67424743080139,2017-08-07,LSTM,1,2017
2017-08-07,2017,8,18.56,18.526,18.52028435602784,2017-08-08,LSTM,1,2017
2017-08-08,2017,8,18.526,18.542,18.517243633441627,2017-08-09,LSTM,1,2017
2017-08-09,2017,8,18.542,18.696,18.565168968036772,2017-08-10,LSTM,1,2017
2017-08-10,2017,8,18.696,18.986,18.809018199801447,2017-08-11,LSTM,1,2017
2017-08-11,2017,8,18.986,19.608,19.15372757470608,2017-08-12,LSTM,1,2017
2017-08-12,2017,8,19.608,20.202,20.02382903265953,2017-08-13,LSTM,1,2017
2017-08-13,2017,8,20.202,20.728,20.476484217166902,2017-08-14,LSTM,1,2017
2017-08-14,2017,8,20.728,20.826,21.039281949281694,2017-08-15,LSTM,1,2017
2017-08-15,2017,8,20.826,20.83,20.814679804839194,2017-08-16,LSTM,1,2017
2017-08-16,2017,8,20.83,20.698,20.738636584877966,2017-08-17,LSTM,1,2017
2017-08-17,2017,8,20.698,20.476,20.50642226743698,2017-08-18,LSTM,1,2017
2017-08-18,2017,8,20.476,20.24,20.252230126619338,2017-08-19,LSTM,1,2017
2017-08-19,2017,8,20.24,20.048,20.027489250302313,2017-08-20,LSTM,1,2017
2017-08-20,2017,8,20.048,19.88,19.89686026382446,2017-08-21,LSTM,1,2017
2017-08-21,2017,8,19.88,19.73,19.775409166812896,2017-08-22,LSTM,1,2017
2017-08-22,2017,8,19.73,19.53,19.641254048347474,2017-08-23,LSTM,1,2017
2017-08-23,2017,8,19.53,19.436,19.398265613913537,2017-08-24,LSTM,1,2017
2017-08-24,2017,8,19.436,19.304,19.38243435627222,2017-08-25,LSTM,1,2017
2017-08-25,2017,8,19.304,19.136,19.232866304457186,2017-08-26,LSTM,1,2017
2017-08-26,2017,8,19.136,18.998,19.028451100051402,2017-08-27,LSTM,1,2017
2017-08-27,2017,8,18.998,18.972,18.909826379597188,2017-08-28,LSTM,1,2017
2017-08-28,2017,8,18.972,18.826,18.954095589861275,2017-08-29,LSTM,1,2017
2017-08-29,2017,8,18.826,18.72,18.750208119511605,2017-08-30,LSTM,1,2017
2017-08-30,2017,8,18.72,18.568,18.658031021505593,2017-08-31,LSTM,1,2017
2017-08-31,2017,8,18.568,18.472,18.473498154461385,2017-09-01,LSTM,1,2017
2017-09-01,2017,9,18.472,18.544,18.41849275392294,2017-09-02,LSTM,1,2017
2017-09-02,2017,9,18.544,18.576,18.596735816687346,2017-09-03,LSTM,1,2017
2017-09-03,2017,9,18.576,18.566,18.60442367440462,2017-09-04,LSTM,1,2017
2017-09-04,2017,9,18.566,18.58,18.540575148895382,2017-09-05,LSTM,1,2017
2017-09-05,2017,9,18.58,18.6,18.578455054010263,2017-09-06,LSTM,1,2017
2017-09-06,2017,9,18.6,18.65,18.61804702728987,2017-09-07,LSTM,1,2017
2017-09-07,2017,9,18.65,18.76,18.703635712713,2017-09-08,LSTM,1,2017
2017-09-08,2017,9,18.76,18.892,18.844556601941587,2017-09-09,LSTM,1,2017
2017-09-09,2017,9,18.892,19.076,18.980924460113048,2017-09-10,LSTM,1,2017
2017-09-10,2017,9,19.076,19.334,19.174171263933182,2017-09-11,LSTM,1,2017
2017-09-11,2017,9,19.334,19.378,19.445428759992122,2017-09-12,LSTM,1,2017
2017-09-12,2017,9,19.378,19.256,19.388852113366127,2017-09-13,LSTM,1,2017
2017-09-13,2017,9,19.256,19.132,19.144428136706352,2017-09-14,LSTM,1,2017
2017-09-14,2017,9,19.132,19.008,19.012962260067464,2017-09-15,LSTM,1,2017
2017-09-15,2017,9,19.008,18.912,18.904969713270663,2017-09-16,LSTM,1,2017
2017-09-16,2017,9,18.912,18.732,18.845907493948935,2017-09-17,LSTM,1,2017
2017-09-17,2017,9,18.732,18.53,18.601478568434715,2017-09-18,LSTM,1,2017
2017-09-18,2017,9,18.53,18.356,18.3806565541029,2017-09-19,LSTM,1,2017
2017-09-19,2017,9,18.356,18.25,18.218848892807962,2017-09-20,LSTM,1,2017
2017-09-20,2017,9,18.25,18.158,18.181995548307896,2017-09-21,LSTM,1,2017
2017-09-21,2017,9,18.158,18.064,18.103747517049314,2017-09-22,LSTM,1,2017
2017-09-22,2017,9,18.064,18.072,18.00619947233796,2017-09-23,LSTM,1,2017
2017-09-23,2017,9,18.072,17.942,18.072965877785347,2017-09-24,LSTM,1,2017
2017-09-24,2017,9,17.942,17.866,17.86868405175209,2017-09-25,LSTM,1,2017
2017-09-25,2017,9,17.866,17.85,17.81925293019414,2017-09-26,LSTM,1,2017
2017-09-26,2017,9,17.85,17.95,17.852667132765056,2017-09-27,LSTM,1,2017
2017-09-27,2017,9,17.95,18.042,18.030049864947795,2017-09-28,LSTM,1,2017
2017-09-28,2017,9,18.042,18.05,18.104095142900945,2017-09-29,LSTM,1,2017
2017-09-29,2017,9,18.05,18.116,18.049560322379694,2017-09-30,LSTM,1,2017
2017-09-30,2017,9,18.116,18.238,18.166292294472456,2017-10-01,LSTM,1,2017
2017-10-01,2017,10,18.238,18.502,18.311965311050415,2017-10-02,LSTM,1,2017
2017-10-02,2017,10,18.502,18.55,18.62736397576332,2017-10-03,LSTM,1,2017
2017-10-03,2017,10,18.55,18.396,18.500033456087113,2017-10-04,LSTM,1,2017
2017-10-04,2017,10,18.396,18.226,18.242125528216363,2017-10-05,LSTM,1,2017
2017-10-05,2017,10,18.226,18.126,18.026127550959586,2017-10-06,LSTM,1,2017
2017-10-06,2017,10,18.126,18.162,18.033364249229432,2017-10-07,LSTM,1,2017
2017-10-07,2017,10,18.162,18.246,18.22140270796418,2017-10-08,LSTM,1,2017
2017-10-08,2017,10,18.246,18.308,18.312939786076544,2017-10-09,LSTM,1,2017
2017-10-09,2017,10,18.308,18.284,18.342658141434192,2017-10-10,LSTM,1,2017
2017-10-10,2017,10,18.284,18.066,18.244900533944367,2017-10-11,LSTM,1,2017
2017-10-11,2017,10,18.066,17.778,17.87890079653263,2017-10-12,LSTM,1,2017
2017-10-12,2017,10,17.778,17.504,17.5236978559494,2017-10-13,LSTM,1,2017
2017-10-13,2017,10,17.504,17.326,17.262487164974214,2017-10-14,LSTM,1,2017
2017-10-14,2017,10,17.326,17.092,17.187229673027993,2017-10-15,LSTM,1,2017
2017-10-15,2017,10,17.092,17.036,16.96422184240818,2017-10-16,LSTM,1,2017
2017-10-16,2017,10,17.036,16.998,17.00784686549008,2017-10-17,LSTM,1,2017
2017-10-17,2017,10,16.998,16.932,16.96199622038007,2017-10-18,LSTM,1,2017
2017-10-18,2017,10,16.932,16.896,16.87251720201969,2017-10-19,LSTM,1,2017
2017-10-19,2017,10,16.896,16.892,16.855010913968087,2017-10-20,LSTM,1,2017
2017-10-20,2017,10,16.892,17.158,16.866417850375175,2017-10-21,LSTM,1,2017
2017-10-21,2017,10,17.158,17.352,17.40384224820137,2017-10-22,LSTM,1,2017
2017-10-22,2017,10,17.352,17.182,17.44523225170374,2017-10-23,LSTM,1,2017
2017-10-23,2017,10,17.182,16.96,16.994046200037,2017-10-24,LSTM,1,2017
2017-10-24,2017,10,16.96,16.774,16.730787060260774,2017-10-25,LSTM,1,2017
2017-10-25,2017,10,16.774,16.676,16.56645439171791,2017-10-26,LSTM,1,2017
2017-10-26,2017,10,16.676,16.664,16.580026873409746,2017-10-27,LSTM,1,2017
2017-10-27,2017,10,16.664,16.688,16.674135147720577,2017-10-28,LSTM,1,2017
2017-10-28,2017,10,16.688,16.834,16.68968478616979,2017-10-29,LSTM,1,2017
2017-10-29,2017,10,16.834,16.932,16.96979411804676,2017-10-30,LSTM,1,2017
2017-10-30,2017,10,16.932,16.996,16.946906129799782,2017-10-31,LSTM,1,2017
2017-10-31,2017,10,16.996,16.838,16.93815252622962,2017-11-01,LSTM,1,2017
2017-11-01,2017,11,16.838,16.544,16.6579310451746,2017-11-02,LSTM,1,2017
2017-11-02,2017,11,16.544,16.29,16.308933168888093,2017-11-03,LSTM,1,2017
2017-11-03,2017,11,16.29,16.114,16.057658084630965,2017-11-04,LSTM,1,2017
2017-11-04,2017,11,16.114,15.952,15.965737841963769,2017-11-05,LSTM,1,2017
2017-11-05,2017,11,15.952,15.828,15.850069083690643,2017-11-06,LSTM,1,2017
2017-11-06,2017,11,15.828,15.698,15.751025280237197,2017-11-07,LSTM,1,2017
2017-11-07,2017,11,15.698,15.656,15.625790023386479,2017-11-08,LSTM,1,2017
2017-11-08,2017,11,15.656,15.432,15.639352795243264,2017-11-09,LSTM,1,2017
2017-11-09,2017,11,15.432,15.32,15.351757813215256,2017-11-10,LSTM,1,2017
2017-11-10,2017,11,15.32,15.274,15.23945768892765,2017-11-11,LSTM,1,2017
2017-11-11,2017,11,15.274,15.268,15.246703356295823,2017-11-12,LSTM,1,2017
2017-11-12,2017,11,15.268,15.216,15.240166957333685,2017-11-13,LSTM,1,2017
2017-11-13,2017,11,15.216,15.152,15.164869250714778,2017-11-14,LSTM,1,2017
2017-11-14,2017,11,15.152,15.058,15.09287404385209,2017-11-15,LSTM,1,2017
2017-11-15,2017,11,15.058,15.004,14.993770593583584,2017-11-16,LSTM,1,2017
2017-11-16,2017,11,15.004,14.92,14.95157306203246,2017-11-17,LSTM,1,2017
2017-11-17,2017,11,14.92,14.872,14.86233376905322,2017-11-18,LSTM,1,2017
2017-11-18,2017,11,14.872,14.79,14.820896899819374,2017-11-19,LSTM,1,2017
2017-11-19,2017,11,14.79,14.736,14.733919282406568,2017-11-20,LSTM,1,2017
2017-11-20,2017,11,14.736,14.694,14.6839563459754,2017-11-21,LSTM,1,2017
2017-11-21,2017,11,14.694,14.616,14.65328216725588,2017-11-22,LSTM,1,2017
2017-11-22,2017,11,14.616,14.51,14.56056846639514,2017-11-23,LSTM,1,2017
2017-11-23,2017,11,14.51,14.412,14.44692234903574,2017-11-24,LSTM,1,2017
2017-11-24,2017,11,14.412,14.398,14.349709312886,2017-11-25,LSTM,1,2017
2017-11-25,2017,11,14.398,14.324,14.374190369576215,2017-11-26,LSTM,1,2017
2017-11-26,2017,11,14.324,14.27,14.275896362006664,2017-11-27,LSTM,1,2017
2017-11-27,2017,11,14.27,14.27,14.219134863913059,2017-11-28,LSTM,1,2017
2017-11-28,2017,11,14.27,14.26,14.254690867364406,2017-11-29,LSTM,1,2017
2017-11-29,2017,11,14.26,14.226,14.23937392257154,2017-11-30,LSTM,1,2017
2017-11-30,2017,11,14.226,14.186,14.187346622556449,2017-12-01,LSTM,1,2017
2017-12-01,2017,12,14.186,14.164,14.142238519400358,2017-12-02,LSTM,1,2017
2017-12-02,2017,12,14.164,14.126,14.133512108713388,2017-12-03,LSTM,1,2017
2017-12-03,2017,12,14.126,14.104,14.087572360247373,2017-12-04,LSTM,1,2017
2017-12-04,2017,12,14.104,14.09,14.072110091984271,2017-12-05,LSTM,1,2017
2017-12-05,2017,12,14.09,14.08,14.066328548043966,2017-12-06,LSTM,1,2017
2017-12-06,2017,12,14.08,14.07,14.05902986779809,2017-12-07,LSTM,1,2017
2017-12-07,2017,12,14.07,14.05,14.049325326159597,2017-12-08,LSTM,1,2017
2017-12-08,2017,12,14.05,14.014,14.022649518400431,2017-12-09,LSTM,1,2017
2017-12-09,2017,12,14.014,13.96,13.975611598730087,2017-12-10,LSTM,1,2017
2017-12-10,2017,12,13.96,13.95,13.910621485710145,2017-12-11,LSTM,1,2017
2017-12-11,2017,12,13.95,13.922,13.927939594537019,2017-12-12,LSTM,1,2017
2017-12-12,2017,12,13.922,13.876,13.893082989126444,2017-12-13,LSTM,1,2017
2017-12-13,2017,12,13.876,13.844,13.831640010535716,2017-12-14,LSTM,1,2017
2017-12-14,2017,12,13.844,13.81,13.807874086737632,2017-12-15,LSTM,1,2017
2017-12-15,2017,12,13.81,13.79,13.77619350090623,2017-12-16,LSTM,1,2017
2017-12-16,2017,12,13.79,13.764,13.763385788500308,2017-12-17,LSTM,1,2017
2017-12-17,2017,12,13.764,13.732,13.73488730148971,2017-12-18,LSTM,1,2017
2017-12-18,2017,12,13.732,13.72,13.698002155095338,2017-12-19,LSTM,1,2017
2017-12-19,2017,12,13.72,13.71,13.698724671527744,2017-12-20,LSTM,1,2017
2017-12-20,2017,12,13.71,13.684,13.691816416606308,2017-12-21,LSTM,1,2017
2017-12-21,2017,12,13.684,13.65,13.654699394121765,2017-12-22,LSTM,1,2017
2017-12-22,2017,12,13.65,13.62,13.61399150788784,2017-12-23,LSTM,1,2017
2017-12-23,2017,12,13.62,13.61,13.587294808477163,2017-12-24,LSTM,1,2017
2017-12-24,2017,12,13.61,13.59,13.590997687205672,2017-12-25,LSTM,1,2017
2017-12-25,2017,12,13.59,13.554,13.565705629214644,2017-12-26,LSTM,1,2017
2017-12-26,2017,12,13.554,13.52,13.517547073304653,2017-12-27,LSTM,1,2017
2017-12-27,2017,12,13.52,13.504,13.484306131005287,2017-12-28,LSTM,1,2017
2017-12-28,2017,12,13.504,13.464,13.481218015119433,2017-12-29,LSTM,1,2017
2017-12-29,2017,12,13.464,13.45,13.42787765929103,2017-12-30,LSTM,1,2017
2017-12-30,2017,12,13.45,13.42,13.426253328844904,2017-12-31,LSTM,1,2017
2017-12-31,2017,12,13.42,13.394,13.390457339659333,2018-01-01,LSTM,1,2017
2018-01-01,2018,1,13.394,13.36,13.36879603625834,2018-01-02,LSTM,1,2018
2018-01-02,2018,1,13.36,13.34,13.331651105210184,2018-01-03,LSTM,1,2018
2018-01-03,2018,1,13.34,13.316,13.318663466870785,2018-01-04,LSTM,1,2018
2018-01-04,2018,1,13.316,13.286,13.292971877738834,2018-01-05,LSTM,1,2018
2018-01-05,2018,1,13.286,13.26,13.259208338022232,2018-01-06,LSTM,1,2018
2018-01-06,2018,1,13.26,13.234,13.23586383484304,2018-01-07,LSTM,1,2018
2018-01-07,2018,1,13.234,13.21,13.210267812773585,2018-01-08,LSTM,1,2018
2018-01-08,2018,1,13.21,13.186,13.18732012346387,2018-01-09,LSTM,1,2018
2018-01-09,2018,1,13.186,13.154,13.163346677333116,2018-01-10,LSTM,1,2018
2018-01-10,2018,1,13.154,13.13,13.127117232322693,2018-01-11,LSTM,1,2018
2018-01-11,2018,1,13.13,13.13,13.107633852511645,2018-01-12,LSTM,1,2018
2018-01-12,2018,1,13.13,13.12,13.121441215388478,2018-01-13,LSTM,1,2018
2018-01-13,2018,1,13.12,13.094,13.106227702349424,2018-01-14,LSTM,1,2018
2018-01-14,2018,1,13.094,13.066,13.071455472573637,2018-01-15,LSTM,1,2018
2018-01-15,2018,1,13.066,13.06,13.04346759094298,2018-01-16,LSTM,1,2018
2018-01-16,2018,1,13.06,13.05,13.051490043699742,2018-01-17,LSTM,1,2018
2018-01-17,2018,1,13.05,13.03,13.039072127267719,2018-01-18,LSTM,1,2018
2018-01-18,2018,1,13.03,13.03,13.012165034860372,2018-01-19,LSTM,1,2018
2018-01-19,2018,1,13.03,13.02,13.02532265914604,2018-01-20,LSTM,1,2018
2018-01-20,2018,1,13.02,12.986,13.01036923609674,2018-01-21,LSTM,1,2018
2018-01-21,2018,1,12.986,12.938,12.961023560225964,2018-01-22,LSTM,1,2018
2018-01-22,2018,1,12.938,12.92,12.903481955558062,2018-01-23,LSTM,1,2018
2018-01-23,2018,1,12.92,12.92,12.904384531155229,2018-01-24,LSTM,1,2018
2018-01-24,2018,1,12.92,12.91,12.913374747224152,2018-01-25,LSTM,1,2018
2018-01-25,2018,1,12.91,12.9,12.89652427084744,2018-01-26,LSTM,1,2018
2018-01-26,2018,1,12.9,12.88,12.887154043279589,2018-01-27,LSTM,1,2018
2018-01-27,2018,1,12.88,12.866,12.86351487889886,2018-01-28,LSTM,1,2018
2018-01-28,2018,1,12.866,12.84,12.854936729729175,2018-01-29,LSTM,1,2018
2018-01-29,2018,1,12.84,12.82,12.821784649193287,2018-01-30,LSTM,1,2018
2018-01-30,2018,1,12.82,12.81,12.804404304996133,2018-01-31,LSTM,1,2018
2018-01-31,2018,1,12.81,12.8,12.80041499849409,2018-02-01,LSTM,1,2018
2018-02-01,2018,2,12.8,12.79,12.790120054222644,2018-02-02,LSTM,1,2018
2018-02-02,2018,2,12.79,12.79,12.780526913665234,2018-02-03,LSTM,1,2018
2018-02-03,2018,2,12.79,12.78,12.788640446574426,2018-02-04,LSTM,1,2018
2018-02-04,2018,2,12.78,12.78,12.773459749501198,2018-02-05,LSTM,1,2018
2018-02-05,2018,2,12.78,12.77,12.782032974734902,2018-02-06,LSTM,1,2018
2018-02-06,2018,2,12.77,12.75,12.766086525730788,2018-02-07,LSTM,1,2018
2018-02-07,2018,2,12.75,12.73,12.738313044421375,2018-02-08,LSTM,1,2018
2018-02-08,2018,2,12.73,12.71,12.718054391928018,2018-02-09,LSTM,1,2018
2018-02-09,2018,2,12.71,12.7,12.697466020509601,2018-02-10,LSTM,1,2018
2018-02-10,2018,2,12.7,12.69,12.693138990364968,2018-02-11,LSTM,1,2018
2018-02-11,2018,2,12.69,12.69,12.682752234451472,2018-02-12,LSTM,1,2018
2018-02-12,2018,2,12.69,12.68,12.68994887988214,2018-02-13,LSTM,1,2018
2018-02-13,2018,2,12.68,12.68,12.674324291590601,2018-02-14,LSTM,1,2018
2018-02-14,2018,2,12.68,12.668,12.683460435196757,2018-02-15,LSTM,1,2018
2018-02-15,2018,2,12.668,12.57,12.664318329824134,2018-02-16,LSTM,1,2018
2018-02-16,2018,2,12.57,12.48,12.506382167041302,2018-02-17,LSTM,1,2018
2018-02-17,2018,2,12.48,12.4,12.422390970885754,2018-02-18,LSTM,1,2018
2018-02-18,2018,2,12.4,12.434,12.353140374273062,2018-02-19,LSTM,1,2018
2018-02-19,2018,2,12.434,12.44,12.447958058319985,2018-02-20,LSTM,1,2018
2018-02-20,2018,2,12.44,12.42,12.430179686807096,2018-02-21,LSTM,1,2018
2018-02-21,2018,2,12.42,12.398,12.393438231274486,2018-02-22,LSTM,1,2018
2018-02-22,2018,2,12.398,12.354,12.37776542264223,2018-02-23,LSTM,1,2018
2018-02-23,2018,2,12.354,12.34,12.3262469355911,2018-02-24,LSTM,1,2018
2018-02-24,2018,2,12.34,12.34,12.3332213537395,2018-02-25,LSTM,1,2018
2018-02-25,2018,2,12.34,12.34,12.34651775021106,2018-02-26,LSTM,1,2018
2018-02-26,2018,2,12.34,12.36,12.34516496738419,2018-02-27,LSTM,1,2018
2018-02-27,2018,2,12.36,12.38,12.384263201281428,2018-02-28,LSTM,1,2018
2018-02-28,2018,2,12.38,12.38,12.407569260448218,2018-03-01,LSTM,1,2018
2018-03-01,2018,3,12.38,12.38,12.391768600903452,2018-03-02,LSTM,1,2018
2018-03-02,2018,3,12.38,12.37,12.399343392923475,2018-03-03,LSTM,1,2018
2018-03-03,2018,3,12.37,12.35,12.379997907094657,2018-03-04,LSTM,1,2018
2018-03-04,2018,3,12.35,12.35,12.348574278899468,2018-03-05,LSTM,1,2018
2018-03-05,2018,3,12.35,12.35,12.369257102161646,2018-03-06,LSTM,1,2018
2018-03-06,2018,3,12.35,12.36,12.371207826212048,2018-03-07,LSTM,1,2018
2018-03-07,2018,3,12.36,12.372,12.38870693989098,2018-03-08,LSTM,1,2018
2018-03-08,2018,3,12.372,12.406,12.402796479433775,2018-03-09,LSTM,1,2018
2018-03-09,2018,3,12.406,12.41,12.458643414586783,2018-03-10,LSTM,1,2018
2018-03-10,2018,3,12.41,12.446,12.427206702381373,2018-03-11,LSTM,1,2018
2018-03-11,2018,3,12.446,12.474,12.503646244764328,2018-03-12,LSTM,1,2018
2018-03-12,2018,3,12.474,12.626,12.515376449167729,2018-03-13,LSTM,1,2018
2018-03-13,2018,3,12.626,12.664,12.8064009526968,2018-03-14,LSTM,1,2018
2018-03-14,2018,3,12.664,12.708,12.659328680612147,2018-03-15,LSTM,1,2018
2018-03-15,2018,3,12.708,12.734,12.724444759443402,2018-03-16,LSTM,1,2018
2018-03-16,2018,3,12.734,12.738,12.747576901517808,2018-03-17,LSTM,1,2018
2018-03-17,2018,3,12.738,12.686,12.742371913615614,2018-03-18,LSTM,1,2018
2018-03-18,2018,3,12.686,12.608,12.641491457134485,2018-03-19,LSTM,1,2018
2018-03-19,2018,3,12.608,12.518,12.553892542600632,2018-03-20,LSTM,1,2018
2018-03-20,2018,3,12.518,12.484,12.470082850039006,2018-03-21,LSTM,1,2018
2018-03-21,2018,3,12.484,12.444,12.466814928516746,2018-03-22,LSTM,1,2018
2018-03-22,2018,3,12.444,12.442,12.419155763328076,2018-03-23,LSTM,1,2018
2018-03-23,2018,3,12.442,12.478,12.436677297770977,2018-03-24,LSTM,1,2018
2018-03-24,2018,3,12.478,12.534,12.506451796621084,2018-03-25,LSTM,1,2018
2018-03-25,2018,3,12.534,12.63,12.593875994920731,2018-03-26,LSTM,1,2018
2018-03-26,2018,3,12.63,12.738,12.740047914087773,2018-03-27,LSTM,1,2018
2018-03-27,2018,3,12.738,12.76,12.834649974584579,2018-03-28,LSTM,1,2018
2018-03-28,2018,3,12.76,12.73,12.745094863921404,2018-03-29,LSTM,1,2018
2018-03-29,2018,3,12.73,12.734,12.697780221253634,2018-03-30,LSTM,1,2018
2018-03-30,2018,3,12.734,12.826,12.764686629936099,2018-03-31,LSTM,1,2018
2018-03-31,2018,3,12.826,12.95,12.96433311200142,2018-04-01,LSTM,1,2018
2018-04-01,2018,4,12.95,13.082,13.076185804605483,2018-04-02,LSTM,1,2018
2018-04-02,2018,4,13.082,13.124,13.198906628012658,2018-04-03,LSTM,1,2018
2018-04-03,2018,4,13.124,13.13,13.117062854744495,2018-04-04,LSTM,1,2018
2018-04-04,2018,4,13.13,13.13,13.115295649617911,2018-04-05,LSTM,1,2018
2018-04-05,2018,4,13.13,13.11,13.151602001041175,2018-04-06,LSTM,1,2018
2018-04-06,2018,4,13.11,13.084,13.117287558168172,2018-04-07,LSTM,1,2018
2018-04-07,2018,4,13.084,13.07,13.088745107609778,2018-04-08,LSTM,1,2018
2018-04-08,2018,4,13.07,13.07,13.094752330034972,2018-04-09,LSTM,1,2018
2018-04-09,2018,4,13.07,13.08,13.104958396106959,2018-04-10,LSTM,1,2018
2018-04-10,2018,4,13.08,13.068,13.124027496129274,2018-04-11,LSTM,1,2018
2018-04-11,2018,4,13.068,13.06,13.088730024203658,2018-04-12,LSTM,1,2018
2018-04-12,2018,4,13.06,13.088,13.086060216128827,2018-04-13,LSTM,1,2018
2018-04-13,2018,4,13.088,13.18,13.159831792593002,2018-04-14,LSTM,1,2018
2018-04-14,2018,4,13.18,13.328,13.320171647071838,2018-04-15,LSTM,1,2018
2018-04-15,2018,4,13.328,13.422,13.497138938188552,2018-04-16,LSTM,1,2018
2018-04-16,2018,4,13.422,13.462,13.480425571769477,2018-04-17,LSTM,1,2018
2018-04-17,2018,4,13.462,13.508,13.460609184869565,2018-04-18,LSTM,1,2018
2018-04-18,2018,4,13.508,13.58,13.544358650773763,2018-04-19,LSTM,1,2018
2018-04-19,2018,4,13.58,13.838,13.648597182631493,2018-04-20,LSTM,1,2018
2018-04-20,2018,4,13.838,14.13,14.181044400215148,2018-04-21,LSTM,1,2018
2018-04-21,2018,4,14.13,14.334,14.407571380138398,2018-04-22,LSTM,1,2018
2018-04-22,2018,4,14.334,14.368,14.47331556046009,2018-04-23,LSTM,1,2018
2018-04-23,2018,4,14.368,14.254,14.340338259220124,2018-04-24,LSTM,1,2018
2018-04-24,2018,4,14.254,14.12,14.194132562071085,2018-04-25,LSTM,1,2018
2018-04-25,2018,4,14.12,14.052,14.068675230145454,2018-04-26,LSTM,1,2018
2018-04-26,2018,4,14.052,14.024,14.024663251683116,2018-04-27,LSTM,1,2018
2018-04-27,2018,4,14.024,14.032,14.029386831704526,2018-04-28,LSTM,1,2018
2018-04-28,2018,4,14.032,14.128,14.05206938867271,2018-04-29,LSTM,1,2018
2018-04-29,2018,4,14.128,14.306,14.2279860689044,2018-04-30,LSTM,1,2018
2018-04-30,2018,4,14.306,14.402,14.528932875156402,2018-05-01,LSTM,1,2018
2018-05-01,2018,5,14.402,14.43,14.413754536069929,2018-05-02,LSTM,1,2018
2018-05-02,2018,5,14.43,14.434,14.386505745649337,2018-05-03,LSTM,1,2018
2018-05-03,2018,5,14.434,14.296,14.430604201616719,2018-05-04,LSTM,1,2018
2018-05-04,2018,5,14.296,14.228,14.241868331938981,2018-05-05,LSTM,1,2018
2018-05-05,2018,5,14.228,14.152,14.18364780011773,2018-05-06,LSTM,1,2018
2018-05-06,2018,5,14.152,14.14,14.13068431918323,2018-05-07,LSTM,1,2018
2018-05-07,2018,5,14.14,14.13,14.147378863636405,2018-05-08,LSTM,1,2018
2018-05-08,2018,5,14.13,14.166,14.138274297229946,2018-05-09,LSTM,1,2018
2018-05-09,2018,5,14.166,14.218,14.212711124479771,2018-05-10,LSTM,1,2018
2018-05-10,2018,5,14.218,14.42,14.287535464048386,2018-05-11,LSTM,1,2018
2018-05-11,2018,5,14.42,14.546,14.772130651473999,2018-05-12,LSTM,1,2018
2018-05-12,2018,5,14.546,14.56,14.597597833633422,2018-05-13,LSTM,1,2018
2018-05-13,2018,5,14.56,14.57,14.497336497008801,2018-05-14,LSTM,1,2018
2018-05-14,2018,5,14.57,14.588,14.579452739730478,2018-05-15,LSTM,1,2018
2018-05-15,2018,5,14.588,14.712,14.629516318917274,2018-05-16,LSTM,1,2018
2018-05-16,2018,5,14.712,14.972,14.859469773888588,2018-05-17,LSTM,1,2018
2018-05-17,2018,5,14.972,15.076,15.27420103263855,2018-05-18,LSTM,1,2018
2018-05-18,2018,5,15.076,14.988,15.09092221467197,2018-05-19,LSTM,1,2018
2018-05-19,2018,5,14.988,14.832,14.900972390651702,2018-05-20,LSTM,1,2018
2018-05-20,2018,5,14.832,14.72,14.771085546880961,2018-05-21,LSTM,1,2018
2018-05-21,2018,5,14.72,14.664,14.678065751940013,2018-05-22,LSTM,1,2018
2018-05-22,2018,5,14.664,14.632,14.655145406849682,2018-05-23,LSTM,1,2018
2018-05-23,2018,5,14.632,14.572,14.634478934125974,2018-05-24,LSTM,1,2018
2018-05-24,2018,5,14.572,14.564,14.560037417642771,2018-05-25,LSTM,1,2018
2018-05-25,2018,5,14.564,14.868,14.581783185467124,2018-05-26,LSTM,1,2018
2018-05-26,2018,5,14.868,15.12,15.587071507453919,2018-05-27,LSTM,1,2018
2018-05-27,2018,5,15.12,15.4,15.313259626626968,2018-05-28,LSTM,1,2018
2018-05-28,2018,5,15.4,15.656,15.671132409572602,2018-05-29,LSTM,1,2018
2018-05-29,2018,5,15.656,16.088,15.892202538013459,2018-05-30,LSTM,1,2018
2018-05-30,2018,5,16.088,16.376,16.421814442157746,2018-05-31,LSTM,1,2018
2018-05-31,2018,5,16.376,16.568,16.455049400985242,2018-06-01,LSTM,1,2018
2018-06-01,2018,6,16.568,16.72,16.59602364714444,2018-06-02,LSTM,1,2018
2018-06-02,2018,6,16.72,16.856,16.71589885957539,2018-06-03,LSTM,1,2018
2018-06-03,2018,6,16.856,16.764,16.8017504786551,2018-06-04,LSTM,1,2018
2018-06-04,2018,6,16.764,16.484,16.593942807555198,2018-06-05,LSTM,1,2018
2018-06-05,2018,6,16.484,16.262,16.300620260477068,2018-06-06,LSTM,1,2018
2018-06-06,2018,6,16.262,16.086,16.113201340556145,2018-06-07,LSTM,1,2018
2018-06-07,2018,6,16.086,15.96,16.028978531122206,2018-06-08,LSTM,1,2018
2018-06-08,2018,6,15.96,15.844,15.957255907626823,2018-06-09,LSTM,1,2018
2018-06-09,2018,6,15.844,15.79,15.839370103511959,2018-06-10,LSTM,1,2018
2018-06-10,2018,6,15.79,15.77,15.801210530996322,2018-06-11,LSTM,1,2018
2018-06-11,2018,6,15.77,15.77,15.75841785825789,2018-06-12,LSTM,1,2018
2018-06-12,2018,6,15.77,15.748,15.693509523272514,2018-06-13,LSTM,1,2018
2018-06-13,2018,6,15.748,15.71,15.649926390826701,2018-06-14,LSTM,1,2018
2018-06-14,2018,6,15.71,15.86,15.651450752317906,2018-06-15,LSTM,1,2018
2018-06-15,2018,6,15.86,16.182,16.13038526535034,2018-06-16,LSTM,1,2018
2018-06-16,2018,6,16.182,16.462,16.57005443048477,2018-06-17,LSTM,1,2018
2018-06-17,2018,6,16.462,16.95,16.6070454890728,2018-06-18,LSTM,1,2018
2018-06-18,2018,6,16.95,17.622,17.168270882964134,2018-06-19,LSTM,1,2018
2018-06-19,2018,6,17.622,17.992,17.784186458706856,2018-06-20,LSTM,1,2018
2018-06-20,2018,6,17.992,18.072,17.98680294669047,2018-06-21,LSTM,1,2018
2018-06-21,2018,6,18.072,18.1,18.013503770649432,2018-06-22,LSTM,1,2018
2018-06-22,2018,6,18.1,18.082,18.013902252912523,2018-06-23,LSTM,1,2018
2018-06-23,2018,6,18.082,18.018,18.020775576651097,2018-06-24,LSTM,1,2018
2018-06-24,2018,6,18.018,17.972,17.93913019526005,2018-06-25,LSTM,1,2018
2018-06-25,2018,6,17.972,18.062,17.95543790881336,2018-06-26,LSTM,1,2018
2018-06-26,2018,6,18.062,18.046,18.227208369493486,2018-06-27,LSTM,1,2018
2018-06-27,2018,6,18.046,17.948,18.083852723151445,2018-06-28,LSTM,1,2018
2018-06-28,2018,6,17.948,17.852,17.914516204178334,2018-06-29,LSTM,1,2018
2018-06-29,2018,6,17.852,17.804,17.846117888156325,2018-06-30,LSTM,1,2018
2018-06-30,2018,6,17.804,17.8,17.858989520460366,2018-07-01,LSTM,1,2018
2018-07-01,2018,7,17.8,18.078,17.87477005571127,2018-07-02,LSTM,1,2018
2018-07-02,2018,7,18.078,18.436,18.368072828531265,2018-07-03,LSTM,1,2018
2018-07-03,2018,7,18.436,18.504,18.717357139348984,2018-07-04,LSTM,1,2018
2018-07-04,2018,7,18.504,18.77,18.550161469072105,2018-07-05,LSTM,1,2018
2018-07-05,2018,7,18.77,19.164,19.011950407624244,2018-07-06,LSTM,1,2018
2018-07-06,2018,7,19.164,19.492,19.393091838002206,2018-07-07,LSTM,1,2018
2018-07-07,2018,7,19.492,19.494,19.592376285612584,2018-07-08,LSTM,1,2018
2018-07-08,2018,7,19.494,19.474,19.323729691147804,2018-07-09,LSTM,1,2018
2018-07-09,2018,7,19.474,19.38,19.412072115182877,2018-07-10,LSTM,1,2018
2018-07-10,2018,7,19.38,19.126,19.28608302503824,2018-07-11,LSTM,1,2018
2018-07-11,2018,7,19.126,18.892,18.943375496029855,2018-07-12,LSTM,1,2018
2018-07-12,2018,7,18.892,18.74,18.75124518108368,2018-07-13,LSTM,1,2018
2018-07-13,2018,7,18.74,18.71,18.72327207751572,2018-07-14,LSTM,1,2018
2018-07-14,2018,7,18.71,18.734,18.753572261929513,2018-07-15,LSTM,1,2018
2018-07-15,2018,7,18.734,18.8,18.763009537771346,2018-07-16,LSTM,1,2018
2018-07-16,2018,7,18.8,18.848,18.839682734757663,2018-07-17,LSTM,1,2018
2018-07-17,2018,7,18.848,18.832,18.88728442299366,2018-07-18,LSTM,1,2018
2018-07-18,2018,7,18.832,18.758,18.830940112418496,2018-07-19,LSTM,1,2018
2018-07-19,2018,7,18.758,18.672,18.72159037235379,2018-07-20,LSTM,1,2018
2018-07-20,2018,7,18.672,18.564,18.633558274924756,2018-07-21,LSTM,1,2018
2018-07-21,2018,7,18.564,18.48,18.5209151699543,2018-07-22,LSTM,1,2018
2018-07-22,2018,7,18.48,18.432,18.45856646217406,2018-07-23,LSTM,1,2018
2018-07-23,2018,7,18.432,18.416,18.436842225927858,2018-07-24,LSTM,1,2018
2018-07-24,2018,7,18.416,18.438,18.428394598685205,2018-07-25,LSTM,1,2018
2018-07-25,2018,7,18.438,18.41,18.46390126916766,2018-07-26,LSTM,1,2018
2018-07-26,2018,7,18.41,18.4,18.407451005969197,2018-07-27,LSTM,1,2018
2018-07-27,2018,7,18.4,18.41,18.415762655064462,2018-07-28,LSTM,1,2018
2018-07-28,2018,7,18.41,18.408,18.44821162879467,2018-07-29,LSTM,1,2018
2018-07-29,2018,7,18.408,18.39,18.438386129394175,2018-07-30,LSTM,1,2018
2018-07-30,2018,7,18.39,18.38,18.407552541568876,2018-07-31,LSTM,1,2018
2018-07-31,2018,7,18.38,18.442,18.405770507752894,2018-08-01,LSTM,1,2018
2018-08-01,2018,8,18.442,18.652,18.51621488314867,2018-08-02,LSTM,1,2018
2018-08-02,2018,8,18.652,18.936,18.860415150642396,2018-08-03,LSTM,1,2018
2018-08-03,2018,8,18.936,19.036,19.190617631435394,2018-08-04,LSTM,1,2018
2018-08-04,2018,8,19.036,19.112,19.125050710201265,2018-08-05,LSTM,1,2018
2018-08-05,2018,8,19.112,19.13,19.192466605722903,2018-08-06,LSTM,1,2018
2018-08-06,2018,8,19.13,19.186,19.157682987973093,2018-08-07,LSTM,1,2018
2018-08-07,2018,8,19.186,19.216,19.242458745151758,2018-08-08,LSTM,1,2018
2018-08-08,2018,8,19.216,19.184,19.23857706038654,2018-08-09,LSTM,1,2018
2018-08-09,2018,8,19.184,19.06,19.150278925538064,2018-08-10,LSTM,1,2018
2018-08-10,2018,8,19.06,18.906,18.973359977304934,2018-08-11,LSTM,1,2018
2018-08-11,2018,8,18.906,18.79,18.80478799766302,2018-08-12,LSTM,1,2018
2018-08-12,2018,8,18.79,18.76,18.726651788651942,2018-08-13,LSTM,1,2018
2018-08-13,2018,8,18.76,18.762,18.766723862607034,2018-08-14,LSTM,1,2018
2018-08-14,2018,8,18.762,18.83,18.765767877118662,2018-08-15,LSTM,1,2018
2018-08-15,2018,8,18.83,18.85,18.881886238157747,2018-08-16,LSTM,1,2018
2018-08-16,2018,8,18.85,18.848,18.872472500801088,2018-08-17,LSTM,1,2018
2018-08-17,2018,8,18.848,18.818,18.852069770220666,2018-08-18,LSTM,1,2018
2018-08-18,2018,8,18.818,18.738,18.809450647823514,2018-08-19,LSTM,1,2018
2018-08-19,2018,8,18.738,18.656,18.68947743076086,2018-08-20,LSTM,1,2018
2018-08-20,2018,8,18.656,18.538,18.608994886785744,2018-08-21,LSTM,1,2018
2018-08-21,2018,8,18.538,18.41,18.469558459997177,2018-08-22,LSTM,1,2018
2018-08-22,2018,8,18.41,18.294,18.331822920441628,2018-08-23,LSTM,1,2018
2018-08-23,2018,8,18.294,18.28,18.228140890836716,2018-08-24,LSTM,1,2018
2018-08-24,2018,8,18.28,18.26,18.291458181776107,2018-08-25,LSTM,1,2018
2018-08-25,2018,8,18.26,18.26,18.250295197814705,2018-08-26,LSTM,1,2018
2018-08-26,2018,8,18.26,18.27,18.261055759727025,2018-08-27,LSTM,1,2018
2018-08-27,2018,8,18.27,18.27,18.28490956917405,2018-08-28,LSTM,1,2018
2018-08-28,2018,8,18.27,18.29,18.286987899318337,2018-08-29,LSTM,1,2018
2018-08-29,2018,8,18.29,18.362,18.325636641085147,2018-08-30,LSTM,1,2018
2018-08-30,2018,8,18.362,18.474,18.44169111204147,2018-08-31,LSTM,1,2018
2018-08-31,2018,8,18.474,18.63,18.596532911598683,2018-09-01,LSTM,1,2018
2018-09-01,2018,9,18.63,18.694,18.78827414393425,2018-09-02,LSTM,1,2018
2018-09-02,2018,9,18.694,18.714,18.76297410005331,2018-09-03,LSTM,1,2018
2018-09-03,2018,9,18.714,18.854,18.74281904877722,2018-09-04,LSTM,1,2018
2018-09-04,2018,9,18.854,18.906,18.998674584269523,2018-09-05,LSTM,1,2018
2018-09-05,2018,9,18.906,18.866,18.958767008543013,2018-09-06,LSTM,1,2018
2018-09-06,2018,9,18.866,18.85,18.82542860841751,2018-09-07,LSTM,1,2018
2018-09-07,2018,9,18.85,18.82,18.847441755374895,2018-09-08,LSTM,1,2018
2018-09-08,2018,9,18.82,18.73,18.814518093764782,2018-09-09,LSTM,1,2018
2018-09-09,2018,9,18.73,18.642,18.666291195452214,2018-09-10,LSTM,1,2018
2018-09-10,2018,9,18.642,18.722,18.583471099853515,2018-09-11,LSTM,1,2018
2018-09-11,2018,9,18.722,19.06,18.80283176612854,2018-09-12,LSTM,1,2018
2018-09-12,2018,9,19.06,19.256,19.295136315226554,2018-09-13,LSTM,1,2018
2018-09-13,2018,9,19.256,19.28,19.278931952029467,2018-09-14,LSTM,1,2018
2018-09-14,2018,9,19.28,19.4,19.24720812469721,2018-09-15,LSTM,1,2018
2018-09-15,2018,9,19.4,19.504,19.528184288740157,2018-09-16,LSTM,1,2018
2018-09-16,2018,9,19.504,19.558,19.593814059436323,2018-09-17,LSTM,1,2018
2018-09-17,2018,9,19.558,19.558,19.58004205840826,2018-09-18,LSTM,1,2018
2018-09-18,2018,9,19.558,19.586,19.532461106583476,2018-09-19,LSTM,1,2018
2018-09-19,2018,9,19.586,19.54,19.619289059996603,2018-09-20,LSTM,1,2018
2018-09-20,2018,9,19.54,19.302,19.490365547090768,2018-09-21,LSTM,1,2018
2018-09-21,2018,9,19.302,19.098,19.06844094288349,2018-09-22,LSTM,1,2018
2018-09-22,2018,9,19.098,18.694,18.863832126140593,2018-09-23,LSTM,1,2018
2018-09-23,2018,9,18.694,18.364,18.469080054998397,2018-09-24,LSTM,1,2018
2018-09-24,2018,9,18.364,18.082,18.113742448329926,2018-09-25,LSTM,1,2018
2018-09-25,2018,9,18.082,17.994,17.865155858516694,2018-09-26,LSTM,1,2018
2018-09-26,2018,9,17.994,18.144,17.92280130559206,2018-09-27,LSTM,1,2018
2018-09-27,2018,9,18.144,18.276,18.326931020855902,2018-09-28,LSTM,1,2018
2018-09-28,2018,9,18.276,18.288,18.43457496857643,2018-09-29,LSTM,1,2018
2018-09-29,2018,9,18.288,18.182,18.2946827875562,2018-09-30,LSTM,1,2018
2018-09-30,2018,9,18.182,18.054,18.074103418707846,2018-10-01,LSTM,1,2018
2018-10-01,2018,10,18.054,17.942,17.928009907245634,2018-10-02,LSTM,1,2018
2018-10-02,2018,10,17.942,17.862,17.84847777169943,2018-10-03,LSTM,1,2018
2018-10-03,2018,10,17.862,17.782,17.81856070485711,2018-10-04,LSTM,1,2018
2018-10-04,2018,10,17.782,17.606,17.738809800118208,2018-10-05,LSTM,1,2018
2018-10-05,2018,10,17.606,17.488,17.470924266934396,2018-10-06,LSTM,1,2018
2018-10-06,2018,10,17.488,17.344,17.3877251316905,2018-10-07,LSTM,1,2018
2018-10-07,2018,10,17.344,17.208,17.24355785125494,2018-10-08,LSTM,1,2018
2018-10-08,2018,10,17.208,17.078,17.105755935788153,2018-10-09,LSTM,1,2018
2018-10-09,2018,10,17.078,16.894,16.986785238862037,2018-10-10,LSTM,1,2018
2018-10-10,2018,10,16.894,16.69,16.778046733379362,2018-10-11,LSTM,1,2018
2018-10-11,2018,10,16.69,16.56,16.560726987719537,2018-10-12,LSTM,1,2018
2018-10-12,2018,10,16.56,16.41,16.462443930506705,2018-10-13,LSTM,1,2018
2018-10-13,2018,10,16.41,16.272,16.307957026958466,2018-10-14,LSTM,1,2018
2018-10-14,2018,10,16.272,16.18,16.174791336178778,2018-10-15,LSTM,1,2018
2018-10-15,2018,10,16.18,16.074,16.10540906369686,2018-10-16,LSTM,1,2018
2018-10-16,2018,10,16.074,15.976,15.994528806746008,2018-10-17,LSTM,1,2018
2018-10-17,2018,10,15.976,15.882,15.90038928037882,2018-10-18,LSTM,1,2018
2018-10-18,2018,10,15.882,15.872,15.805611603677272,2018-10-19,LSTM,1,2018
2018-10-19,2018,10,15.872,15.97,15.855142184093594,2018-10-20,LSTM,1,2018
2018-10-20,2018,10,15.97,16.004,16.13564817726612,2018-10-21,LSTM,1,2018
2018-10-21,2018,10,16.004,15.892,15.993474578760566,2018-10-22,LSTM,1,2018
2018-10-22,2018,10,15.892,15.73,15.75746927690506,2018-10-23,LSTM,1,2018
2018-10-23,2018,10,15.73,15.526,15.56920280635357,2018-10-24,LSTM,1,2018
2018-10-24,2018,10,15.526,15.402,15.387611515283584,2018-10-25,LSTM,1,2018
2018-10-25,2018,10,15.402,15.408,15.301341039359569,2018-10-26,LSTM,1,2018
2018-10-26,2018,10,15.408,15.406,15.429929252892732,2018-10-27,LSTM,1,2018
2018-10-27,2018,10,15.406,15.262,15.40631107646646,2018-10-28,LSTM,1,2018
2018-10-28,2018,10,15.262,15.134,15.194066097855568,2018-10-29,LSTM,1,2018
2018-10-29,2018,10,15.134,15.036,15.039089601874352,2018-10-30,LSTM,1,2018
2018-10-30,2018,10,15.036,14.956,14.95693351483345,2018-10-31,LSTM,1,2018
2018-10-31,2018,10,14.956,14.87,14.887616142392158,2018-11-01,LSTM,1,2018
2018-11-01,2018,11,14.87,14.81,14.803843798935413,2018-11-02,LSTM,1,2018
2018-11-02,2018,11,14.81,14.724,14.749389981329442,2018-11-03,LSTM,1,2018
2018-11-03,2018,11,14.724,14.688,14.661705904245377,2018-11-04,LSTM,1,2018
2018-11-04,2018,11,14.688,14.596,14.636525961488486,2018-11-05,LSTM,1,2018
2018-11-05,2018,11,14.596,14.514,14.535864207059145,2018-11-06,LSTM,1,2018
2018-11-06,2018,11,14.514,14.494,14.449504712164401,2018-11-07,LSTM,1,2018
2018-11-07,2018,11,14.494,14.54,14.453525026381016,2018-11-08,LSTM,1,2018
2018-11-08,2018,11,14.54,14.51,14.54607245787978,2018-11-09,LSTM,1,2018
2018-11-09,2018,11,14.51,14.472,14.478875281512737,2018-11-10,LSTM,1,2018
2018-11-10,2018,11,14.472,14.44,14.438935198754072,2018-11-11,LSTM,1,2018
2018-11-11,2018,11,14.44,14.47,14.415202919915318,2018-11-12,LSTM,1,2018
2018-11-12,2018,11,14.47,14.5,14.496785537600518,2018-11-13,LSTM,1,2018
2018-11-13,2018,11,14.5,14.498,14.52960205078125,2018-11-14,LSTM,1,2018
2018-11-14,2018,11,14.498,14.406,14.497210225243586,2018-11-15,LSTM,1,2018
2018-11-15,2018,11,14.406,14.3,14.338896994054318,2018-11-16,LSTM,1,2018
2018-11-16,2018,11,14.3,14.238,14.223900730907918,2018-11-17,LSTM,1,2018
2018-11-17,2018,11,14.238,14.186,14.189405052095651,2018-11-18,LSTM,1,2018
2018-11-18,2018,11,14.186,14.132,14.141730177462101,2018-11-19,LSTM,1,2018
2018-11-19,2018,11,14.132,14.078,14.084137056738138,2018-11-20,LSTM,1,2018
2018-11-20,2018,11,14.078,14.056,14.030048730105161,2018-11-21,LSTM,1,2018
2018-11-21,2018,11,14.056,14.05,14.021514041483401,2018-11-22,LSTM,1,2018
2018-11-22,2018,11,14.05,14.072,14.025928097963334,2018-11-23,LSTM,1,2018
2018-11-23,2018,11,14.072,14.15,14.070441242729313,2018-11-24,LSTM,1,2018
2018-11-24,2018,11,14.15,14.196,14.214660832285881,2018-11-25,LSTM,1,2018
2018-11-25,2018,11,14.196,14.154,14.227841196119785,2018-11-26,LSTM,1,2018
2018-11-26,2018,11,14.154,14.044,14.105639138162136,2018-11-27,LSTM,1,2018
2018-11-27,2018,11,14.044,13.95,13.959816716849804,2018-11-28,LSTM,1,2018
2018-11-28,2018,11,13.95,13.88,13.882044886052608,2018-11-29,LSTM,1,2018
2018-11-29,2018,11,13.88,13.84,13.831451729983092,2018-11-30,LSTM,1,2018
2018-11-30,2018,11,13.84,13.836,13.80192942559719,2018-12-01,LSTM,1,2018
2018-12-01,2018,12,13.836,13.798,13.808478767856956,2018-12-02,LSTM,1,2018
2018-12-02,2018,12,13.798,13.746,13.758858844220638,2018-12-03,LSTM,1,2018
2018-12-03,2018,12,13.746,13.73,13.705381550550461,2018-12-04,LSTM,1,2018
2018-12-04,2018,12,13.73,13.676,13.7084394800663,2018-12-05,LSTM,1,2018
2018-12-05,2018,12,13.676,13.63,13.638791826575995,2018-12-06,LSTM,1,2018
2018-12-06,2018,12,13.63,13.58,13.594494109153748,2018-12-07,LSTM,1,2018
2018-12-07,2018,12,13.58,13.57,13.543421680033207,2018-12-08,LSTM,1,2018
2018-12-08,2018,12,13.57,13.522,13.551172734871507,2018-12-09,LSTM,1,2018
2018-12-09,2018,12,13.522,13.474,13.486585777372122,2018-12-10,LSTM,1,2018
2018-12-10,2018,12,13.474,13.456,13.437679246604443,2018-12-11,LSTM,1,2018
2018-12-11,2018,12,13.456,13.418,13.435299070313572,2018-12-12,LSTM,1,2018
2018-12-12,2018,12,13.418,13.372,13.388399079844355,2018-12-13,LSTM,1,2018
2018-12-13,2018,12,13.372,13.34,13.338322716325521,2018-12-14,LSTM,1,2018
2018-12-14,2018,12,13.34,13.312,13.313296076059341,2018-12-15,LSTM,1,2018
2018-12-15,2018,12,13.312,13.268,13.28764378939569,2018-12-16,LSTM,1,2018
2018-12-16,2018,12,13.268,13.246,13.236199755996466,2018-12-17,LSTM,1,2018
2018-12-17,2018,12,13.246,13.21,13.22461385345459,2018-12-18,LSTM,1,2018
2018-12-18,2018,12,13.21,13.202,13.182662689164282,2018-12-19,LSTM,1,2018
2018-12-19,2018,12,13.202,13.16,13.189070078030229,2018-12-20,LSTM,1,2018
2018-12-20,2018,12,13.16,13.15,13.130584558323026,2018-12-21,LSTM,1,2018
2018-12-21,2018,12,13.15,13.15,13.13728620633483,2018-12-22,LSTM,1,2018
2018-12-22,2018,12,13.15,13.14,13.144980500079692,2018-12-23,LSTM,1,2018
2018-12-23,2018,12,13.14,13.14,13.129992812275887,2018-12-24,LSTM,1,2018
2018-12-24,2018,12,13.14,13.116,13.13821238021832,2018-12-25,LSTM,1,2018
2018-12-25,2018,12,13.116,13.11,13.099579196035862,2018-12-26,LSTM,1,2018
2018-12-26,2018,12,13.11,13.11,13.10598496966064,2018-12-27,LSTM,1,2018
2018-12-27,2018,12,13.11,13.11,13.111779878512024,2018-12-28,LSTM,1,2018
2018-12-28,2018,12,13.11,13.1,13.11168066972401,2018-12-29,LSTM,1,2018
2018-12-29,2018,12,13.1,13.08,13.094007358793169,2018-12-30,LSTM,1,2018
2018-12-30,2018,12,13.08,13.02,13.066463339999318,2018-12-31,LSTM,1,2018
2018-12-31,2018,12,13.02,12.982,12.981014594882726,2019-01-01,LSTM,1,2018
2019-01-01,2019,1,12.982,12.934,12.95191772763431,2019-01-02,LSTM,1,2019
2019-01-02,2019,1,12.934,12.92,12.905456486731767,2019-01-03,LSTM,1,2019
2019-01-03,2019,1,12.92,12.902,12.902593866065144,2019-01-04,LSTM,1,2019
2019-01-04,2019,1,12.902,12.88,12.884983335852622,2019-01-05,LSTM,1,2019
2019-01-05,2019,1,12.88,12.844,12.86025005310774,2019-01-06,LSTM,1,2019
2019-01-06,2019,1,12.844,12.814,12.82010729560256,2019-01-07,LSTM,1,2019
2019-01-07,2019,1,12.814,12.786,12.791206494659185,2019-01-08,LSTM,1,2019
2019-01-08,2019,1,12.786,12.764,12.765061493650078,2019-01-09,LSTM,1,2019
2019-01-09,2019,1,12.764,12.736,12.744918047949671,2019-01-10,LSTM,1,2019
2019-01-10,2019,1,12.736,12.72,12.7152472794652,2019-01-11,LSTM,1,2019
2019-01-11,2019,1,12.72,12.704,12.702922380790115,2019-01-12,LSTM,1,2019
2019-01-12,2019,1,12.704,12.676,12.687904868364335,2019-01-13,LSTM,1,2019
2019-01-13,2019,1,12.676,12.654,12.655260297492147,2019-01-14,LSTM,1,2019
2019-01-14,2019,1,12.654,12.636,12.634695379897952,2019-01-15,LSTM,1,2019
2019-01-15,2019,1,12.636,12.604,12.61917439481616,2019-01-16,LSTM,1,2019
2019-01-16,2019,1,12.604,12.594,12.582159008547663,2019-01-17,LSTM,1,2019
2019-01-17,2019,1,12.594,12.574,12.579319859348237,2019-01-18,LSTM,1,2019
2019-01-18,2019,1,12.574,12.57,12.55742945240438,2019-01-19,LSTM,1,2019
2019-01-19,2019,1,12.57,12.542,12.55808919172734,2019-01-20,LSTM,1,2019
2019-01-20,2019,1,12.542,12.504,12.522335738509893,2019-01-21,LSTM,1,2019
2019-01-21,2019,1,12.504,12.486,12.478625665694475,2019-01-22,LSTM,1,2019
2019-01-22,2019,1,12.486,12.456,12.468857694849373,2019-01-23,LSTM,1,2019
2019-01-23,2019,1,12.456,12.436,12.43597728921473,2019-01-24,LSTM,1,2019
2019-01-24,2019,1,12.436,12.408,12.418362419366836,2019-01-25,LSTM,1,2019
2019-01-25,2019,1,12.408,12.364,12.388705890804529,2019-01-26,LSTM,1,2019
2019-01-26,2019,1,12.364,12.352,12.338837299436332,2019-01-27,LSTM,1,2019
2019-01-27,2019,1,12.352,12.35,12.337909189097584,2019-01-28,LSTM,1,2019
2019-01-28,2019,1,12.35,12.344,12.34180156737566,2019-01-29,LSTM,1,2019
2019-01-29,2019,1,12.344,12.326,12.333720714278519,2019-01-30,LSTM,1,2019
2019-01-30,2019,1,12.326,12.32,12.310904744662345,2019-01-31,LSTM,1,2019
2019-01-31,2019,1,12.32,12.304,12.309604930393398,2019-02-01,LSTM,1,2019
2019-02-01,2019,2,12.304,12.276,12.290640749499202,2019-02-02,LSTM,1,2019
2019-02-02,2019,2,12.276,12.264,12.256259412899613,2019-02-03,LSTM,1,2019
2019-02-03,2019,2,12.264,12.26,12.251114303745329,2019-02-04,LSTM,1,2019
2019-02-04,2019,2,12.26,12.246,12.252260971106589,2019-02-05,LSTM,1,2019
2019-02-05,2019,2,12.246,12.234,12.233703607417644,2019-02-06,LSTM,1,2019
2019-02-06,2019,2,12.234,12.228,12.222012195564806,2019-02-07,LSTM,1,2019
2019-02-07,2019,2,12.228,12.21,12.219577648557722,2019-02-08,LSTM,1,2019
2019-02-08,2019,2,12.21,12.208,12.19654576111585,2019-02-09,LSTM,1,2019
2019-02-09,2019,2,12.208,12.186,12.201452540133149,2019-02-10,LSTM,1,2019
2019-02-10,2019,2,12.186,12.174,12.171128683038056,2019-02-11,LSTM,1,2019
2019-02-11,2019,2,12.174,12.166,12.162613873720169,2019-02-12,LSTM,1,2019
2019-02-12,2019,2,12.166,12.15,12.15808230804652,2019-02-13,LSTM,1,2019
2019-02-13,2019,2,12.15,12.146,12.138111682236195,2019-02-14,LSTM,1,2019
2019-02-14,2019,2,12.146,12.142,12.13994426867366,2019-02-15,LSTM,1,2019
2019-02-15,2019,2,12.142,12.13,12.136892205111682,2019-02-16,LSTM,1,2019
2019-02-16,2019,2,12.13,12.12,12.120814408287407,2019-02-17,LSTM,1,2019
2019-02-17,2019,2,12.12,12.12,12.111834145970642,2019-02-18,LSTM,1,2019
2019-02-18,2019,2,12.12,12.12,12.118062231228686,2019-02-19,LSTM,1,2019
2019-02-19,2019,2,12.12,12.156,12.118556592385284,2019-02-20,LSTM,1,2019
2019-02-20,2019,2,12.156,12.17,12.179666044697166,2019-02-21,LSTM,1,2019
2019-02-21,2019,2,12.17,12.156,12.171898187678307,2019-02-22,LSTM,1,2019
2019-02-22,2019,2,12.156,12.14,12.144059651106597,2019-02-23,LSTM,1,2019
2019-02-23,2019,2,12.14,12.144,12.128151283934713,2019-02-24,LSTM,1,2019
2019-02-24,2019,2,12.144,12.144,12.147587408922613,2019-02-25,LSTM,1,2019
2019-02-25,2019,2,12.144,12.162,12.144731824606191,2019-02-26,LSTM,1,2019
2019-02-26,2019,2,12.162,12.212,12.1753009320125,2019-02-27,LSTM,1,2019
2019-02-27,2019,2,12.212,12.286,12.255250869959593,2019-02-28,LSTM,1,2019
2019-02-28,2019,2,12.286,12.31,12.350295776188373,2019-03-01,LSTM,1,2019
2019-03-01,2019,3,12.31,12.28,12.307646261239425,2019-03-02,LSTM,1,2019
2019-03-02,2019,3,12.28,12.26,12.250534063875675,2019-03-03,LSTM,1,2019
2019-03-03,2019,3,12.26,12.26,12.240294030159712,2019-03-04,LSTM,1,2019
2019-03-04,2019,3,12.26,12.27,12.263908715210855,2019-03-05,LSTM,1,2019
2019-03-05,2019,3,12.27,12.38,12.282595368549227,2019-03-06,LSTM,1,2019
2019-03-06,2019,3,12.38,12.5,12.491986339092255,2019-03-07,LSTM,1,2019
2019-03-07,2019,3,12.5,12.6,12.607426442205906,2019-03-08,LSTM,1,2019
2019-03-08,2019,3,12.6,12.66,12.669662272930145,2019-03-09,LSTM,1,2019
2019-03-09,2019,3,12.66,12.69,12.672847010977566,2019-03-10,LSTM,1,2019
2019-03-10,2019,3,12.69,12.65,12.677532426603138,2019-03-11,LSTM,1,2019
2019-03-11,2019,3,12.65,12.6,12.596511320769787,2019-03-12,LSTM,1,2019
2019-03-12,2019,3,12.6,12.57,12.547422489523887,2019-03-13,LSTM,1,2019
2019-03-13,2019,3,12.57,12.56,12.552508068904281,2019-03-14,LSTM,1,2019
2019-03-14,2019,3,12.56,12.56,12.564047350492329,2019-03-15,LSTM,1,2019
2019-03-15,2019,3,12.56,12.55,12.566637244019658,2019-03-16,LSTM,1,2019
2019-03-16,2019,3,12.55,12.53,12.54488699156791,2019-03-17,LSTM,1,2019
2019-03-17,2019,3,12.53,12.51,12.518762256689369,2019-03-18,LSTM,1,2019
2019-03-18,2019,3,12.51,12.47,12.50182245042175,2019-03-19,LSTM,1,2019
2019-03-19,2019,3,12.47,12.44,12.448924406692386,2019-03-20,LSTM,1,2019
2019-03-20,2019,3,12.44,12.42,12.425597112216055,2019-03-21,LSTM,1,2019
2019-03-21,2019,3,12.42,12.42,12.414628692511469,2019-03-22,LSTM,1,2019
2019-03-22,2019,3,12.42,12.414,12.430370159521699,2019-03-23,LSTM,1,2019
2019-03-23,2019,3,12.414,12.502,12.418133373964578,2019-03-24,LSTM,1,2019
2019-03-24,2019,3,12.502,12.648,12.594572443187237,2019-03-25,LSTM,1,2019
2019-03-25,2019,3,12.648,12.748,12.785885481119156,2019-03-26,LSTM,1,2019
2019-03-26,2019,3,12.748,12.808,12.820640649974345,2019-03-27,LSTM,1,2019
2019-03-27,2019,3,12.808,12.81,12.831235557600856,2019-03-28,LSTM,1,2019
2019-03-28,2019,3,12.81,12.814,12.790189964175225,2019-03-29,LSTM,1,2019
2019-03-29,2019,3,12.814,12.842,12.822108349516988,2019-03-30,LSTM,1,2019
2019-03-30,2019,3,12.842,12.796,12.883678085923195,2019-03-31,LSTM,1,2019
2019-03-31,2019,3,12.796,12.79,12.770877620115876,2019-04-01,LSTM,1,2019
2019-04-01,2019,4,12.79,12.836,12.811666064858436,2019-04-02,LSTM,1,2019
2019-04-02,2019,4,12.836,12.878,12.912392725110054,2019-04-03,LSTM,1,2019
2019-04-03,2019,4,12.878,12.946,12.934009579449892,2019-04-04,LSTM,1,2019
2019-04-04,2019,4,12.946,12.988,13.01861399924755,2019-04-05,LSTM,1,2019
2019-04-05,2019,4,12.988,12.99,13.030698461562395,2019-04-06,LSTM,1,2019
2019-04-06,2019,4,12.99,13.034,12.999309072978795,2019-04-07,LSTM,1,2019
2019-04-07,2019,4,13.034,13.046,13.09843589180708,2019-04-08,LSTM,1,2019
2019-04-08,2019,4,13.046,13.158,13.079317431807517,2019-04-09,LSTM,1,2019
2019-04-09,2019,4,13.158,13.33,13.293994747281074,2019-04-10,LSTM,1,2019
2019-04-10,2019,4,13.33,13.458,13.524252207875252,2019-04-11,LSTM,1,2019
2019-04-11,2019,4,13.458,13.464,13.542601357579231,2019-04-12,LSTM,1,2019
2019-04-12,2019,4,13.464,13.394,13.417913781791926,2019-04-13,LSTM,1,2019
2019-04-13,2019,4,13.394,13.32,13.342320806026459,2019-04-14,LSTM,1,2019
2019-04-14,2019,4,13.32,13.294,13.295112535059452,2019-04-15,LSTM,1,2019
2019-04-15,2019,4,13.294,13.292,13.325850218772889,2019-04-16,LSTM,1,2019
2019-04-16,2019,4,13.292,13.348,13.340259656876325,2019-04-17,LSTM,1,2019
2019-04-17,2019,4,13.348,13.352,13.438873301029206,2019-04-18,LSTM,1,2019
2019-04-18,2019,4,13.352,13.362,13.380074003756047,2019-04-19,LSTM,1,2019
2019-04-19,2019,4,13.362,13.4,13.40311710190773,2019-04-20,LSTM,1,2019
2019-04-20,2019,4,13.4,13.462,13.476029926538468,2019-04-21,LSTM,1,2019
2019-04-21,2019,4,13.462,13.514,13.553781824827194,2019-04-22,LSTM,1,2019
2019-04-22,2019,4,13.514,13.54,13.58133464449644,2019-04-23,LSTM,1,2019
2019-04-23,2019,4,13.54,13.562,13.582440939694642,2019-04-24,LSTM,1,2019
2019-04-24,2019,4,13.562,13.628,13.611730733036994,2019-04-25,LSTM,1,2019
2019-04-25,2019,4,13.628,13.786,13.726353661596775,2019-04-26,LSTM,1,2019
2019-04-26,2019,4,13.786,13.992,14.008214192152023,2019-04-27,LSTM,1,2019
2019-04-27,2019,4,13.992,13.92,14.244491176128388,2019-04-28,LSTM,1,2019
2019-04-28,2019,4,13.92,13.904,13.803653067052364,2019-04-29,LSTM,1,2019
2019-04-29,2019,4,13.904,13.862,13.902086698004045,2019-04-30,LSTM,1,2019
2019-04-30,2019,4,13.862,13.824,13.86336691518128,2019-05-01,LSTM,1,2019
2019-05-01,2019,5,13.824,13.908,13.819886306744069,2019-05-02,LSTM,1,2019
2019-05-02,2019,5,13.908,14.162,14.040294297218322,2019-05-03,LSTM,1,2019
2019-05-03,2019,5,14.162,14.46,14.546856402873994,2019-05-04,LSTM,1,2019
2019-05-04,2019,5,14.46,14.72,14.732705554962159,2019-05-05,LSTM,1,2019
2019-05-05,2019,5,14.72,15.0,14.89306761443615,2019-05-06,LSTM,1,2019
2019-05-06,2019,5,15.0,15.5,15.192130655050278,2019-05-07,LSTM,1,2019
2019-05-07,2019,5,15.5,15.932,15.84125828742981,2019-05-08,LSTM,1,2019
2019-05-08,2019,5,15.932,16.124,16.05439778786898,2019-05-09,LSTM,1,2019
2019-05-09,2019,5,16.124,16.268,16.03649070316553,2019-05-10,LSTM,1,2019
2019-05-10,2019,5,16.268,16.364,16.213546548813582,2019-05-11,LSTM,1,2019
2019-05-11,2019,5,16.364,16.478,16.339960290059448,2019-05-12,LSTM,1,2019
2019-05-12,2019,5,16.478,16.496,16.499559923887254,2019-05-13,LSTM,1,2019
2019-05-13,2019,5,16.496,16.356,16.43239116734266,2019-05-14,LSTM,1,2019
2019-05-14,2019,5,16.356,16.252,16.232623399555685,2019-05-15,LSTM,1,2019
2019-05-15,2019,5,16.252,16.37,16.170957486748694,2019-05-16,LSTM,1,2019
2019-05-16,2019,5,16.37,16.72,16.66172506928444,2019-05-17,LSTM,1,2019
2019-05-17,2019,5,16.72,17.118,17.07556325316429,2019-05-18,LSTM,1,2019
2019-05-18,2019,5,17.118,17.306,17.351034968376158,2019-05-19,LSTM,1,2019
2019-05-19,2019,5,17.306,17.172,17.451859584212304,2019-05-20,LSTM,1,2019
2019-05-20,2019,5,17.172,16.902,16.970746436834336,2019-05-21,LSTM,1,2019
2019-05-21,2019,5,16.902,16.704,16.730975200653077,2019-05-22,LSTM,1,2019
2019-05-22,2019,5,16.704,16.56,16.586374204695225,2019-05-23,LSTM,1,2019
2019-05-23,2019,5,16.56,16.438,16.52266873925924,2019-05-24,LSTM,1,2019
2019-05-24,2019,5,16.438,16.476,16.422943906776606,2019-05-25,LSTM,1,2019
2019-05-25,2019,5,16.476,16.62,16.58008806055784,2019-05-26,LSTM,1,2019
2019-05-26,2019,5,16.62,16.742,16.753174285292626,2019-05-27,LSTM,1,2019
2019-05-27,2019,5,16.742,16.706,16.850792789280415,2019-05-28,LSTM,1,2019
2019-05-28,2019,5,16.706,16.64,16.678806802019476,2019-05-29,LSTM,1,2019
2019-05-29,2019,5,16.64,16.544,16.645770234391094,2019-05-30,LSTM,1,2019
2019-05-30,2019,5,16.544,16.56,16.52964538639039,2019-05-31,LSTM,1,2019
2019-05-31,2019,5,16.56,16.58,16.712291998267172,2019-06-01,LSTM,1,2019
2019-06-01,2019,6,16.58,16.576,16.749739946722983,2019-06-02,LSTM,1,2019
2019-06-02,2019,6,16.576,16.548,16.68678255623579,2019-06-03,LSTM,1,2019
2019-06-03,2019,6,16.548,16.422,16.634996406316755,2019-06-04,LSTM,1,2019
2019-06-04,2019,6,16.422,16.222,16.39679366697371,2019-06-05,LSTM,1,2019
2019-06-05,2019,6,16.222,16.152,16.09751408261061,2019-06-06,LSTM,1,2019
2019-06-06,2019,6,16.152,16.03,16.123017403528095,2019-06-07,LSTM,1,2019
2019-06-07,2019,6,16.03,15.9,15.97627942889929,2019-06-08,LSTM,1,2019
2019-06-08,2019,6,15.9,15.832,15.833316253125668,2019-06-09,LSTM,1,2019
2019-06-09,2019,6,15.832,15.784,15.805515646532179,2019-06-10,LSTM,1,2019
2019-06-10,2019,6,15.784,15.89,15.76251623594761,2019-06-11,LSTM,1,2019
2019-06-11,2019,6,15.89,15.942,15.984072237610818,2019-06-12,LSTM,1,2019
2019-06-12,2019,6,15.942,15.982,15.985009623885155,2019-06-13,LSTM,1,2019
2019-06-13,2019,6,15.982,16.136,16.04977174770832,2019-06-14,LSTM,1,2019
2019-06-14,2019,6,16.136,16.408,16.368991829514503,2019-06-15,LSTM,1,2019
2019-06-15,2019,6,16.408,16.744,16.706369884490968,2019-06-16,LSTM,1,2019
2019-06-16,2019,6,16.744,16.956,17.055535269021988,2019-06-17,LSTM,1,2019
2019-06-17,2019,6,16.956,16.99,17.137745752692222,2019-06-18,LSTM,1,2019
2019-06-18,2019,6,16.99,17.012,17.01311474829912,2019-06-19,LSTM,1,2019
2019-06-19,2019,6,17.012,17.15,17.054498502880335,2019-06-20,LSTM,1,2019
2019-06-20,2019,6,17.15,17.032,17.377255553007124,2019-06-21,LSTM,1,2019
2019-06-21,2019,6,17.032,17.266,16.910051847219467,2019-06-22,LSTM,1,2019
2019-06-22,2019,6,17.266,17.604,17.528567460536955,2019-06-23,LSTM,1,2019
2019-06-23,2019,6,17.604,17.718,17.856751499414443,2019-06-24,LSTM,1,2019
2019-06-24,2019,6,17.718,17.672,17.813537796616554,2019-06-25,LSTM,1,2019
2019-06-25,2019,6,17.672,17.522,17.621768483638764,2019-06-26,LSTM,1,2019
2019-06-26,2019,6,17.522,17.914,17.425644397854803,2019-06-27,LSTM,1,2019
2019-06-27,2019,6,17.914,18.242,18.26543181681633,2019-06-28,LSTM,1,2019
2019-06-28,2019,6,18.242,18.308,18.371520997405053,2019-06-29,LSTM,1,2019
2019-06-29,2019,6,18.308,18.404,18.342543249756098,2019-06-30,LSTM,1,2019
2019-06-30,2019,6,18.404,18.428,18.508938350617886,2019-07-01,LSTM,1,2019
2019-07-01,2019,7,18.428,18.54,18.502792094528676,2019-07-02,LSTM,1,2019
2019-07-02,2019,7,18.54,18.66,18.679195680618285,2019-07-03,LSTM,1,2019
2019-07-03,2019,7,18.66,18.656,18.76478039085865,2019-07-04,LSTM,1,2019
2019-07-04,2019,7,18.656,18.486,18.663850986905395,2019-07-05,LSTM,1,2019
2019-07-05,2019,7,18.486,18.284,18.35016018009186,2019-07-06,LSTM,1,2019
2019-07-06,2019,7,18.284,18.162,18.159384651124476,2019-07-07,LSTM,1,2019
2019-07-07,2019,7,18.162,18.224,18.155772936984896,2019-07-08,LSTM,1,2019
2019-07-08,2019,7,18.224,18.354,18.32199949079752,2019-07-09,LSTM,1,2019
2019-07-09,2019,7,18.354,18.658,18.471547780275344,2019-07-10,LSTM,1,2019
2019-07-10,2019,7,18.658,18.998,18.87724087405205,2019-07-11,LSTM,1,2019
2019-07-11,2019,7,18.998,19.434,19.197135318398477,2019-07-12,LSTM,1,2019
2019-07-12,2019,7,19.434,19.956,19.672330602645875,2019-07-13,LSTM,1,2019
2019-07-13,2019,7,19.956,20.352,20.19356006360054,2019-07-14,LSTM,1,2019
2019-07-14,2019,7,20.352,20.718,20.483824865937233,2019-07-15,LSTM,1,2019
2019-07-15,2019,7,20.718,20.918,20.81475393998623,2019-07-16,LSTM,1,2019
2019-07-16,2019,7,20.918,21.108,20.911232348002493,2019-07-17,LSTM,1,2019
2019-07-17,2019,7,21.108,21.156,21.118890339501203,2019-07-18,LSTM,1,2019
2019-07-18,2019,7,21.156,21.07,21.11745361661911,2019-07-19,LSTM,1,2019
2019-07-19,2019,7,21.07,20.834,20.952386326789856,2019-07-20,LSTM,1,2019
2019-07-20,2019,7,20.834,20.548,20.619280346870422,2019-07-21,LSTM,1,2019
2019-07-21,2019,7,20.548,20.16,20.28886871743202,2019-07-22,LSTM,1,2019
2019-07-22,2019,7,20.16,19.898,19.882473353147507,2019-07-23,LSTM,1,2019
2019-07-23,2019,7,19.898,19.872,19.706155179023742,2019-07-24,LSTM,1,2019
2019-07-24,2019,7,19.872,19.988,19.912117301046848,2019-07-25,LSTM,1,2019
2019-07-25,2019,7,19.988,20.028,20.00352223600447,2019-07-26,LSTM,1,2019
2019-07-26,2019,7,20.028,19.842,20.036249972015618,2019-07-27,LSTM,1,2019
2019-07-27,2019,7,19.842,19.682,19.7061270250082,2019-07-28,LSTM,1,2019
2019-07-28,2019,7,19.682,19.574,19.541676733613013,2019-07-29,LSTM,1,2019
2019-07-29,2019,7,19.574,19.458,19.522421556502582,2019-07-30,LSTM,1,2019
2019-07-30,2019,7,19.458,19.27,19.390141982018946,2019-07-31,LSTM,1,2019
2019-07-31,2019,7,19.27,19.074,19.11174282848835,2019-08-01,LSTM,1,2019
2019-08-01,2019,8,19.074,18.96,18.90224930548668,2019-08-02,LSTM,1,2019
2019-08-02,2019,8,18.96,18.936,18.90317038729787,2019-08-03,LSTM,1,2019
2019-08-03,2019,8,18.936,18.932,18.936911117182113,2019-08-04,LSTM,1,2019
2019-08-04,2019,8,18.932,18.924,18.928557190548627,2019-08-05,LSTM,1,2019
2019-08-05,2019,8,18.924,18.916,18.91924329509586,2019-08-06,LSTM,1,2019
2019-08-06,2019,8,18.916,18.872,18.91820384541899,2019-08-07,LSTM,1,2019
2019-08-07,2019,8,18.872,18.832,18.856727299772203,2019-08-08,LSTM,1,2019
2019-08-08,2019,8,18.832,18.76,18.826194868952037,2019-08-09,LSTM,1,2019
2019-08-09,2019,8,18.76,18.718,18.729860784709455,2019-08-10,LSTM,1,2019
2019-08-10,2019,8,18.718,18.65,18.714028538793325,2019-08-11,LSTM,1,2019
2019-08-11,2019,8,18.65,18.512,18.624171167239545,2019-08-12,LSTM,1,2019
2019-08-12,2019,8,18.512,18.456,18.412246649980545,2019-08-13,LSTM,1,2019
2019-08-13,2019,8,18.456,18.366,18.443824796698987,2019-08-14,LSTM,1,2019
2019-08-14,2019,8,18.366,18.306,18.323700971513986,2019-08-15,LSTM,1,2019
2019-08-15,2019,8,18.306,18.292,18.284428157046438,2019-08-16,LSTM,1,2019
2019-08-16,2019,8,18.292,18.188,18.306336501248182,2019-08-17,LSTM,1,2019
2019-08-17,2019,8,18.188,18.132,18.123386419296263,2019-08-18,LSTM,1,2019
2019-08-18,2019,8,18.132,18.138,18.114769817113878,2019-08-19,LSTM,1,2019
2019-08-19,2019,8,18.138,18.108,18.174647193133833,2019-08-20,LSTM,1,2019
2019-08-20,2019,8,18.108,18.036,18.11319307423383,2019-08-21,LSTM,1,2019
2019-08-21,2019,8,18.036,17.972,18.00625147266686,2019-08-22,LSTM,1,2019
2019-08-22,2019,8,17.972,17.832,17.954875538989903,2019-08-23,LSTM,1,2019
2019-08-23,2019,8,17.832,17.728,17.724760381102563,2019-08-24,LSTM,1,2019
2019-08-24,2019,8,17.728,17.62,17.65540461230278,2019-08-25,LSTM,1,2019
2019-08-25,2019,8,17.62,17.682,17.550641137063504,2019-08-26,LSTM,1,2019
2019-08-26,2019,8,17.682,17.58,17.76708166670799,2019-08-27,LSTM,1,2019
2019-08-27,2019,8,17.58,17.418,17.51798143789172,2019-08-28,LSTM,1,2019
2019-08-28,2019,8,17.418,17.314,17.287026482105254,2019-08-29,LSTM,1,2019
2019-08-29,2019,8,17.314,17.15,17.2364958345294,2019-08-30,LSTM,1,2019
2019-08-30,2019,8,17.15,16.992,17.03513524085283,2019-08-31,LSTM,1,2019
2019-08-31,2019,8,16.992,16.926,16.87805497777462,2019-09-01,LSTM,1,2019
2019-09-01,2019,9,16.926,16.916,16.906134475976227,2019-09-02,LSTM,1,2019
2019-09-02,2019,9,16.916,16.888,16.946696319416166,2019-09-03,LSTM,1,2019
2019-09-03,2019,9,16.888,16.816,16.892091056529434,2019-09-04,LSTM,1,2019
2019-09-04,2019,9,16.816,16.794,16.77887227421999,2019-09-05,LSTM,1,2019
2019-09-05,2019,9,16.794,16.848,16.840231105923653,2019-09-06,LSTM,1,2019
2019-09-06,2019,9,16.848,16.85,16.981218765258788,2019-09-07,LSTM,1,2019
2019-09-07,2019,9,16.85,16.852,16.924624717235567,2019-09-08,LSTM,1,2019
2019-09-08,2019,9,16.852,16.93,16.922249423384667,2019-09-09,LSTM,1,2019
2019-09-09,2019,9,16.93,16.982,17.033483714163303,2019-09-10,LSTM,1,2019
2019-09-10,2019,9,16.982,17.002,17.04871968847513,2019-09-11,LSTM,1,2019
2019-09-11,2019,9,17.002,17.028,17.039737924605607,2019-09-12,LSTM,1,2019
2019-09-12,2019,9,17.028,17.14,17.074796355396508,2019-09-13,LSTM,1,2019
2019-09-13,2019,9,17.14,17.408,17.219308666288853,2019-09-14,LSTM,1,2019
2019-09-14,2019,9,17.408,17.814,17.61514332163334,2019-09-15,LSTM,1,2019
2019-09-15,2019,9,17.814,18.138,18.09203272008896,2019-09-16,LSTM,1,2019
2019-09-16,2019,9,18.138,18.27,18.355939108610155,2019-09-17,LSTM,1,2019
2019-09-17,2019,9,18.27,18.372,18.360088814496994,2019-09-18,LSTM,1,2019
2019-09-18,2019,9,18.372,18.598,18.456174409508705,2019-09-19,LSTM,1,2019
2019-09-19,2019,9,18.598,18.67,18.752129788279532,2019-09-20,LSTM,1,2019
2019-09-20,2019,9,18.67,18.716,18.6654720037058,2019-09-21,LSTM,1,2019
2019-09-21,2019,9,18.716,18.778,18.728887998484076,2019-09-22,LSTM,1,2019
2019-09-22,2019,9,18.778,18.808,18.849228124201296,2019-09-23,LSTM,1,2019
2019-09-23,2019,9,18.808,18.73,18.85675870794058,2019-09-24,LSTM,1,2019
2019-09-24,2019,9,18.73,18.614,18.649338695704937,2019-09-25,LSTM,1,2019
2019-09-25,2019,9,18.614,18.608,18.488751582741738,2019-09-26,LSTM,1,2019
2019-09-26,2019,9,18.608,18.7,18.65383902284503,2019-09-27,LSTM,1,2019
2019-09-27,2019,9,18.7,18.646,18.824250769615173,2019-09-28,LSTM,1,2019
2019-09-28,2019,9,18.646,18.524,18.581080595314504,2019-09-29,LSTM,1,2019
2019-09-29,2019,9,18.524,18.51,18.387494485616685,2019-09-30,LSTM,1,2019
2019-09-30,2019,9,18.51,18.632,18.53477894537151,2019-10-01,LSTM,1,2019
2019-10-01,2019,10,18.632,18.482,18.773841411590578,2019-10-02,LSTM,1,2019
2019-10-02,2019,10,18.482,18.24,18.329211629152297,2019-10-03,LSTM,1,2019
2019-10-03,2019,10,18.24,18.024,17.978675504922865,2019-10-04,LSTM,1,2019
2019-10-04,2019,10,18.024,17.814,17.780354808807374,2019-10-05,LSTM,1,2019
2019-10-05,2019,10,17.814,17.632,17.60661076450348,2019-10-06,LSTM,1,2019
2019-10-06,2019,10,17.632,17.446,17.450157002329828,2019-10-07,LSTM,1,2019
2019-10-07,2019,10,17.446,17.32,17.2826958796978,2019-10-08,LSTM,1,2019
2019-10-08,2019,10,17.32,17.244,17.200838558077812,2019-10-09,LSTM,1,2019
2019-10-09,2019,10,17.244,17.192,17.182596595078707,2019-10-10,LSTM,1,2019
2019-10-10,2019,10,17.192,17.094,17.1581667868495,2019-10-11,LSTM,1,2019
2019-10-11,2019,10,17.094,16.95,17.016868713736535,2019-10-12,LSTM,1,2019
2019-10-12,2019,10,16.95,16.83,16.826483373343944,2019-10-13,LSTM,1,2019
2019-10-13,2019,10,16.83,16.81,16.728285679519175,2019-10-14,LSTM,1,2019
2019-10-14,2019,10,16.81,16.852,16.87292239576578,2019-10-15,LSTM,1,2019
2019-10-15,2019,10,16.852,16.874,16.96842474681139,2019-10-16,LSTM,1,2019
2019-10-16,2019,10,16.874,16.826,16.835698070168494,2019-10-17,LSTM,1,2019
2019-10-17,2019,10,16.826,16.66,16.722303974092007,2019-10-18,LSTM,1,2019
2019-10-18,2019,10,16.66,16.422,16.497993800640106,2019-10-19,LSTM,1,2019
2019-10-19,2019,10,16.422,16.202,16.260597133755684,2019-10-20,LSTM,1,2019
2019-10-20,2019,10,16.202,16.042,16.05223091733456,2019-10-21,LSTM,1,2019
2019-10-21,2019,10,16.042,15.882,15.935834605813028,2019-10-22,LSTM,1,2019
2019-10-22,2019,10,15.882,15.73,15.781332374334335,2019-10-23,LSTM,1,2019
2019-10-23,2019,10,15.73,15.62,15.628719131946564,2019-10-24,LSTM,1,2019
2019-10-24,2019,10,15.62,15.532,15.539742360711097,2019-10-25,LSTM,1,2019
2019-10-25,2019,10,15.532,15.518,15.465353714644909,2019-10-26,LSTM,1,2019
2019-10-26,2019,10,15.518,15.466,15.481601853698493,2019-10-27,LSTM,1,2019
2019-10-27,2019,10,15.466,15.538,15.40806103682518,2019-10-28,LSTM,1,2019
2019-10-28,2019,10,15.538,15.614,15.586590902239084,2019-10-29,LSTM,1,2019
2019-10-29,2019,10,15.614,15.676,15.67676572495699,2019-10-30,LSTM,1,2019
2019-10-30,2019,10,15.676,15.646,15.701304453447461,2019-10-31,LSTM,1,2019
2019-10-31,2019,10,15.646,15.642,15.579187305927277,2019-11-01,LSTM,1,2019
2019-11-01,2019,11,15.642,15.702,15.63589278050512,2019-11-02,LSTM,1,2019
2019-11-02,2019,11,15.702,15.664,15.812385589301586,2019-11-03,LSTM,1,2019
2019-11-03,2019,11,15.664,15.57,15.595256741285324,2019-11-04,LSTM,1,2019
2019-11-04,2019,11,15.57,15.4,15.460454433858395,2019-11-05,LSTM,1,2019
2019-11-05,2019,11,15.4,15.264,15.2838884010911,2019-11-06,LSTM,1,2019
2019-11-06,2019,11,15.264,15.17,15.16323895895481,2019-11-07,LSTM,1,2019
2019-11-07,2019,11,15.17,15.072,15.106936348676681,2019-11-08,LSTM,1,2019
2019-11-08,2019,11,15.072,14.98,15.007336247086524,2019-11-09,LSTM,1,2019
2019-11-09,2019,11,14.98,14.892,14.916578437685967,2019-11-10,LSTM,1,2019
2019-11-10,2019,11,14.892,14.83,14.833192276775836,2019-11-11,LSTM,1,2019
2019-11-11,2019,11,14.83,14.728,14.777661869227886,2019-11-12,LSTM,1,2019
2019-11-12,2019,11,14.728,14.64,14.671286951631307,2019-11-13,LSTM,1,2019
2019-11-13,2019,11,14.64,14.58,14.58011339917779,2019-11-14,LSTM,1,2019
2019-11-14,2019,11,14.58,14.522,14.530529493391514,2019-11-15,LSTM,1,2019
2019-11-15,2019,11,14.522,14.476,14.472409281998873,2019-11-16,LSTM,1,2019
2019-11-16,2019,11,14.476,14.422,14.42747616416216,2019-11-17,LSTM,1,2019
2019-11-17,2019,11,14.422,14.382,14.372725886970759,2019-11-18,LSTM,1,2019
2019-11-18,2019,11,14.382,14.352,14.33786683228612,2019-11-19,LSTM,1,2019
2019-11-19,2019,11,14.352,14.288,14.314327297776938,2019-11-20,LSTM,1,2019
2019-11-20,2019,11,14.288,14.256,14.238025126338005,2019-11-21,LSTM,1,2019
2019-11-21,2019,11,14.256,14.222,14.216121013224125,2019-11-22,LSTM,1,2019
2019-11-22,2019,11,14.222,14.19,14.186314874261617,2019-11-23,LSTM,1,2019
2019-11-23,2019,11,14.19,14.18,14.152838992476463,2019-11-24,LSTM,1,2019
2019-11-24,2019,11,14.18,14.18,14.15460201382637,2019-11-25,LSTM,1,2019
2019-11-25,2019,11,14.18,14.17,14.162110667973757,2019-11-26,LSTM,1,2019
2019-11-26,2019,11,14.17,14.16,14.147702181786299,2019-11-27,LSTM,1,2019
2019-11-27,2019,11,14.16,14.106,14.139727221652866,2019-11-28,LSTM,1,2019
2019-11-28,2019,11,14.106,14.04,14.061302868038416,2019-11-29,LSTM,1,2019
2019-11-29,2019,11,14.04,13.992,13.98643985107541,2019-11-30,LSTM,1,2019
2019-11-30,2019,11,13.992,13.938,13.951671340882779,2019-12-01,LSTM,1,2019
2019-12-01,2019,12,13.938,13.89,13.896954229950905,2019-12-02,LSTM,1,2019
2019-12-02,2019,12,13.89,13.862,13.849648594260216,2019-12-03,LSTM,1,2019
2019-12-03,2019,12,13.862,13.824,13.830264121562243,2019-12-04,LSTM,1,2019
2019-12-04,2019,12,13.824,13.806,13.789622007846832,2019-12-05,LSTM,1,2019
2019-12-05,2019,12,13.806,13.768,13.778285555675625,2019-12-06,LSTM,1,2019
2019-12-06,2019,12,13.768,13.746,13.735290125787259,2019-12-07,LSTM,1,2019
2019-12-07,2019,12,13.746,13.714,13.718454071044922,2019-12-08,LSTM,1,2019
2019-12-08,2019,12,13.714,13.688,13.685213473007083,2019-12-09,LSTM,1,2019
2019-12-09,2019,12,13.688,13.652,13.660637033089996,2019-12-10,LSTM,1,2019
2019-12-10,2019,12,13.652,13.616,13.62170386430621,2019-12-11,LSTM,1,2019
2019-12-11,2019,12,13.616,13.568,13.58502210265398,2019-12-12,LSTM,1,2019
2019-12-12,2019,12,13.568,13.546,13.533385690331459,2019-12-13,LSTM,1,2019
2019-12-13,2019,12,13.546,13.514,13.521819312036037,2019-12-14,LSTM,1,2019
2019-12-14,2019,12,13.514,13.49,13.48776507334411,2019-12-15,LSTM,1,2019
2019-12-15,2019,12,13.49,13.446,13.464985366687179,2019-12-16,LSTM,1,2019
2019-12-16,2019,12,13.446,13.412,13.414937337398529,2019-12-17,LSTM,1,2019
2019-12-17,2019,12,13.412,13.386,13.38346873176098,2019-12-18,LSTM,1,2019
2019-12-18,2019,12,13.386,13.352,13.36278554803133,2019-12-19,LSTM,1,2019
2019-12-19,2019,12,13.352,13.33,13.325653208464384,2019-12-20,LSTM,1,2019
2019-12-20,2019,12,13.33,13.296,13.30753201238811,2019-12-21,LSTM,1,2019
2019-12-21,2019,12,13.296,13.274,13.27038059747219,2019-12-22,LSTM,1,2019
2019-12-22,2019,12,13.274,13.256,13.251814193814992,2019-12-23,LSTM,1,2019
2019-12-23,2019,12,13.256,13.24,13.236841042473912,2019-12-24,LSTM,1,2019
2019-12-24,2019,12,13.24,13.226,13.221232127174735,2019-12-25,LSTM,1,2019
2019-12-25,2019,12,13.226,13.22,13.208112614437939,2019-12-26,LSTM,1,2019
2019-12-26,2019,12,13.22,13.208,13.205687867738307,2019-12-27,LSTM,1,2019
2019-12-27,2019,12,13.208,13.158,13.191609268441796,2019-12-28,LSTM,1,2019
2019-12-28,2019,12,13.158,13.146,13.125324990779161,2019-12-29,LSTM,1,2019
2019-12-29,2019,12,13.146,13.126,13.127705212965608,2019-12-30,LSTM,1,2019
2019-12-30,2019,12,13.126,13.104,13.10841533525288,2019-12-31,LSTM,1,2019
2019-12-31,2019,12,13.104,13.086,13.0828398463279,2020-01-01,LSTM,1,2019
