Date,Year,Month,WL,y_true,y_pred,Target_Date,Model,Horizon,Fold_Year
2008-01-08,2008,1,13.76,13.74,13.743174186199903,2008-01-09,XGBoost,1,2008
2008-01-09,2008,1,13.74,13.73,13.723174186199904,2008-01-10,XGBoost,1,2008
2008-01-10,2008,1,13.73,13.72,13.7178907809034,2008-01-11,XGBoost,1,2008
2008-01-11,2008,1,13.72,13.71,13.7078907809034,2008-01-12,XGBoost,1,2008
2008-01-12,2008,1,13.71,13.699,13.6978907809034,2008-01-13,XGBoost,1,2008
2008-01-13,2008,1,13.699,13.67,13.682174186199903,2008-01-14,XGBoost,1,2008
2008-01-14,2008,1,13.67,13.65,13.649151850566268,2008-01-15,XGBoost,1,2008
2008-01-15,2008,1,13.65,13.63,13.633174186199904,2008-01-16,XGBoost,1,2008
2008-01-16,2008,1,13.63,13.62,13.613174186199904,2008-01-17,XGBoost,1,2008
2008-01-17,2008,1,13.62,13.61,13.607890780903398,2008-01-18,XGBoost,1,2008
2008-01-18,2008,1,13.61,13.6,13.597890780903398,2008-01-19,XGBoost,1,2008
2008-01-19,2008,1,13.6,13.59,13.587890780903399,2008-01-20,XGBoost,1,2008
2008-01-20,2008,1,13.59,13.58,13.577890780903399,2008-01-21,XGBoost,1,2008
2008-01-21,2008,1,13.58,13.57,13.567890780903399,2008-01-22,XGBoost,1,2008
2008-01-22,2008,1,13.57,13.56,13.5578907809034,2008-01-23,XGBoost,1,2008
2008-01-23,2008,1,13.56,13.56,13.5478907809034,2008-01-24,XGBoost,1,2008
2008-01-24,2008,1,13.56,13.55,13.555277883019299,2008-01-25,XGBoost,1,2008
2008-01-25,2008,1,13.55,13.55,13.5378907809034,2008-01-26,XGBoost,1,2008
2008-01-26,2008,1,13.55,13.55,13.545277883019299,2008-01-27,XGBoost,1,2008
2008-01-27,2008,1,13.55,13.58,13.545277883019299,2008-01-28,XGBoost,1,2008
2008-01-28,2008,1,13.58,13.62,13.599707703962922,2008-01-29,XGBoost,1,2008
2008-01-29,2008,1,13.62,13.66,13.6458359760046,2008-01-30,XGBoost,1,2008
2008-01-30,2008,1,13.66,13.67,13.68541221678257,2008-01-31,XGBoost,1,2008
2008-01-31,2008,1,13.67,13.66,13.672005267189816,2008-02-01,XGBoost,1,2008
2008-02-01,2008,2,13.66,13.63,13.644268609434366,2008-02-02,XGBoost,1,2008
2008-02-02,2008,2,13.63,13.61,13.609151850566269,2008-02-03,XGBoost,1,2008
2008-02-03,2008,2,13.61,13.61,13.593174186199903,2008-02-04,XGBoost,1,2008
2008-02-04,2008,2,13.61,13.61,13.605690907351672,2008-02-05,XGBoost,1,2008
2008-02-05,2008,2,13.61,13.62,13.605690907351672,2008-02-06,XGBoost,1,2008
2008-02-06,2008,2,13.62,13.63,13.62379515113309,2008-02-07,XGBoost,1,2008
2008-02-07,2008,2,13.63,13.62,13.63284205051139,2008-02-08,XGBoost,1,2008
2008-02-08,2008,2,13.62,13.59,13.607515000626444,2008-02-09,XGBoost,1,2008
2008-02-09,2008,2,13.59,13.57,13.569564875364303,2008-02-10,XGBoost,1,2008
2008-02-10,2008,2,13.57,13.55,13.553587209135294,2008-02-11,XGBoost,1,2008
2008-02-11,2008,2,13.55,13.52,13.533587209135295,2008-02-12,XGBoost,1,2008
2008-02-12,2008,2,13.52,13.5,13.499564875364303,2008-02-13,XGBoost,1,2008
2008-02-13,2008,2,13.5,13.47,13.483587209135294,2008-02-14,XGBoost,1,2008
2008-02-14,2008,2,13.47,13.46,13.449564875364304,2008-02-15,XGBoost,1,2008
2008-02-15,2008,2,13.46,13.45,13.448916878588498,2008-02-16,XGBoost,1,2008
2008-02-16,2008,2,13.45,13.44,13.438916878588497,2008-02-17,XGBoost,1,2008
2008-02-17,2008,2,13.44,13.47,13.428916878588497,2008-02-18,XGBoost,1,2008
2008-02-18,2008,2,13.47,13.51,13.490733799785376,2008-02-19,XGBoost,1,2008
2008-02-19,2008,2,13.51,13.53,13.536862071827054,2008-02-20,XGBoost,1,2008
2008-02-20,2008,2,13.53,13.54,13.549519167020916,2008-02-21,XGBoost,1,2008
2008-02-21,2008,2,13.54,13.53,13.54345512246713,2008-02-22,XGBoost,1,2008
2008-02-22,2008,2,13.53,13.51,13.517174972891807,2008-02-23,XGBoost,1,2008
2008-02-23,2008,2,13.51,13.48,13.494731466509402,2008-02-24,XGBoost,1,2008
2008-02-24,2008,2,13.48,13.45,13.460559388175607,2008-02-25,XGBoost,1,2008
2008-02-25,2008,2,13.45,13.44,13.430559388175606,2008-02-26,XGBoost,1,2008
2008-02-26,2008,2,13.44,13.43,13.435531723834574,2008-02-27,XGBoost,1,2008
2008-02-27,2008,2,13.43,13.43,13.425531723834574,2008-02-28,XGBoost,1,2008
2008-02-28,2008,2,13.43,13.43,13.432918827813118,2008-02-29,XGBoost,1,2008
2008-02-29,2008,2,13.43,13.42,13.432918827813118,2008-03-01,XGBoost,1,2008
2008-03-01,2008,3,13.42,13.41,13.415531723834574,2008-03-02,XGBoost,1,2008
2008-03-02,2008,3,13.41,13.4,13.406443406678736,2008-03-03,XGBoost,1,2008
2008-03-03,2008,3,13.4,13.41,13.396443406678737,2008-03-04,XGBoost,1,2008
2008-03-04,2008,3,13.41,13.4,13.42361046358943,2008-03-05,XGBoost,1,2008
2008-03-05,2008,3,13.4,13.43,13.397330309357494,2008-03-06,XGBoost,1,2008
2008-03-06,2008,3,13.43,13.46,13.459147235676646,2008-03-07,XGBoost,1,2008
2008-03-07,2008,3,13.46,13.45,13.489147235676647,2008-03-08,XGBoost,1,2008
2008-03-08,2008,3,13.45,13.44,13.437643659114837,2008-03-09,XGBoost,1,2008
2008-03-09,2008,3,13.44,13.42,13.436541505213826,2008-03-10,XGBoost,1,2008
2008-03-10,2008,3,13.42,13.4,13.408830607384443,2008-03-11,XGBoost,1,2008
2008-03-11,2008,3,13.4,13.39,13.388830607384444,2008-03-12,XGBoost,1,2008
2008-03-12,2008,3,13.39,13.39,13.388197001637892,2008-03-13,XGBoost,1,2008
2008-03-13,2008,3,13.39,13.39,13.395584105849267,2008-03-14,XGBoost,1,2008
2008-03-14,2008,3,13.39,13.39,13.395584105849267,2008-03-15,XGBoost,1,2008
2008-03-15,2008,3,13.39,13.39,13.395055111832917,2008-03-16,XGBoost,1,2008
2008-03-16,2008,3,13.39,13.4,13.395055111832917,2008-03-17,XGBoost,1,2008
2008-03-17,2008,3,13.4,13.42,13.413688351027668,2008-03-18,XGBoost,1,2008
2008-03-18,2008,3,13.42,13.44,13.449147235676646,2008-03-19,XGBoost,1,2008
2008-03-19,2008,3,13.44,13.46,13.469147235676646,2008-03-20,XGBoost,1,2008
2008-03-20,2008,3,13.46,13.54,13.489147235676647,2008-03-21,XGBoost,1,2008
2008-03-21,2008,3,13.54,13.66,13.638115041851997,2008-03-22,XGBoost,1,2008
2008-03-22,2008,3,13.66,13.81,13.73678995281458,2008-03-23,XGBoost,1,2008
2008-03-23,2008,3,13.81,13.91,13.972823244929314,2008-03-24,XGBoost,1,2008
2008-03-24,2008,3,13.91,13.93,13.978890169262886,2008-03-25,XGBoost,1,2008
2008-03-25,2008,3,13.93,13.93,13.934593485966325,2008-03-26,XGBoost,1,2008
2008-03-26,2008,3,13.93,13.92,13.930703237834386,2008-03-27,XGBoost,1,2008
2008-03-27,2008,3,13.92,13.94,13.925844436585903,2008-03-28,XGBoost,1,2008
2008-03-28,2008,3,13.94,13.98,13.975700038075447,2008-03-29,XGBoost,1,2008
2008-03-29,2008,3,13.98,14.05,14.026006176620722,2008-03-30,XGBoost,1,2008
2008-03-30,2008,3,14.05,14.07,14.14941627830267,2008-03-31,XGBoost,1,2008
2008-03-31,2008,3,14.07,14.09,14.09143138460815,2008-04-01,XGBoost,1,2008
2008-04-01,2008,4,14.09,14.15,14.124192010760307,2008-04-02,XGBoost,1,2008
2008-04-02,2008,4,14.15,14.2,14.236968995630741,2008-04-03,XGBoost,1,2008
2008-04-03,2008,4,14.2,14.31,14.263177712261676,2008-04-04,XGBoost,1,2008
2008-04-04,2008,4,14.31,14.53,14.397337546050549,2008-04-05,XGBoost,1,2008
2008-04-05,2008,4,14.53,14.66,14.833486347198486,2008-04-06,XGBoost,1,2008
2008-04-06,2008,4,14.66,14.67,14.724314968883991,2008-04-07,XGBoost,1,2008
2008-04-07,2008,4,14.67,14.66,14.655008425079286,2008-04-08,XGBoost,1,2008
2008-04-08,2008,4,14.66,14.6,14.64208093456924,2008-04-09,XGBoost,1,2008
2008-04-09,2008,4,14.6,14.51,14.582287997379899,2008-04-10,XGBoost,1,2008
2008-04-10,2008,4,14.51,14.46,14.456764931082725,2008-04-11,XGBoost,1,2008
2008-04-11,2008,4,14.46,14.41,14.436923257112504,2008-04-12,XGBoost,1,2008
2008-04-12,2008,4,14.41,14.38,14.390161553248763,2008-04-13,XGBoost,1,2008
2008-04-13,2008,4,14.38,14.34,14.37393015401438,2008-04-14,XGBoost,1,2008
2008-04-14,2008,4,14.34,14.27,14.326201604828238,2008-04-15,XGBoost,1,2008
2008-04-15,2008,4,14.27,14.23,14.23865614131093,2008-04-16,XGBoost,1,2008
2008-04-16,2008,4,14.23,14.23,14.216201604828239,2008-04-17,XGBoost,1,2008
2008-04-17,2008,4,14.23,14.22,14.254491423740983,2008-04-18,XGBoost,1,2008
2008-04-18,2008,4,14.22,14.28,14.229547737427056,2008-04-19,XGBoost,1,2008
2008-04-19,2008,4,14.28,14.33,14.355723327696323,2008-04-20,XGBoost,1,2008
2008-04-20,2008,4,14.33,14.41,14.387330764830113,2008-04-21,XGBoost,1,2008
2008-04-21,2008,4,14.41,14.47,14.489885870218277,2008-04-22,XGBoost,1,2008
2008-04-22,2008,4,14.47,14.52,14.517871444374324,2008-04-23,XGBoost,1,2008
2008-04-23,2008,4,14.52,14.61,14.567617502510547,2008-04-24,XGBoost,1,2008
2008-04-24,2008,4,14.61,14.87,14.704629146158695,2008-04-25,XGBoost,1,2008
2008-04-25,2008,4,14.87,15.05,15.162344748973846,2008-04-26,XGBoost,1,2008
2008-04-26,2008,4,15.05,15.06,15.148311059176923,2008-04-27,XGBoost,1,2008
2008-04-27,2008,4,15.06,15.02,15.037704282850028,2008-04-28,XGBoost,1,2008
2008-04-28,2008,4,15.02,14.99,14.974009689390659,2008-04-29,XGBoost,1,2008
2008-04-29,2008,4,14.99,15.01,14.984628905318678,2008-04-30,XGBoost,1,2008
2008-04-30,2008,4,15.01,15.01,15.05031666368246,2008-05-01,XGBoost,1,2008
2008-05-01,2008,5,15.01,15.04,15.026023160889745,2008-05-02,XGBoost,1,2008
2008-05-02,2008,5,15.04,15.31,15.077538554519414,2008-05-03,XGBoost,1,2008
2008-05-03,2008,5,15.31,15.79,15.68057563662529,2008-05-04,XGBoost,1,2008
2008-05-04,2008,5,15.79,15.93,16.16984076142311,2008-05-05,XGBoost,1,2008
2008-05-05,2008,5,15.93,15.93,15.924184941519052,2008-05-06,XGBoost,1,2008
2008-05-06,2008,5,15.93,15.92,15.893744048029184,2008-05-07,XGBoost,1,2008
2008-05-07,2008,5,15.92,15.69,15.899734264314175,2008-05-08,XGBoost,1,2008
2008-05-08,2008,5,15.69,15.61,15.562175350785255,2008-05-09,XGBoost,1,2008
2008-05-09,2008,5,15.61,15.53,15.569190301597118,2008-05-10,XGBoost,1,2008
2008-05-10,2008,5,15.53,15.51,15.488643347024917,2008-05-11,XGBoost,1,2008
2008-05-11,2008,5,15.51,15.47,15.521863876134157,2008-05-12,XGBoost,1,2008
2008-05-12,2008,5,15.47,15.4,15.452041718438268,2008-05-13,XGBoost,1,2008
2008-05-13,2008,5,15.4,15.36,15.368382649123669,2008-05-14,XGBoost,1,2008
2008-05-14,2008,5,15.36,15.35,15.349869796670973,2008-05-15,XGBoost,1,2008
2008-05-15,2008,5,15.35,15.33,15.377442259714007,2008-05-16,XGBoost,1,2008
2008-05-16,2008,5,15.33,15.31,15.33678461091593,2008-05-17,XGBoost,1,2008
2008-05-17,2008,5,15.31,15.3,15.31678461091593,2008-05-18,XGBoost,1,2008
2008-05-18,2008,5,15.3,15.23,15.319885683432222,2008-05-19,XGBoost,1,2008
2008-05-19,2008,5,15.23,15.23,15.197674855142832,2008-05-20,XGBoost,1,2008
2008-05-20,2008,5,15.23,15.26,15.26296522423625,2008-05-21,XGBoost,1,2008
2008-05-21,2008,5,15.26,15.31,15.314075442254543,2008-05-22,XGBoost,1,2008
2008-05-22,2008,5,15.31,15.36,15.393291806280613,2008-05-23,XGBoost,1,2008
2008-05-23,2008,5,15.36,15.49,15.432703823447227,2008-05-24,XGBoost,1,2008
2008-05-24,2008,5,15.49,15.6,15.61081802636385,2008-05-25,XGBoost,1,2008
2008-05-25,2008,5,15.6,15.81,15.711511677503585,2008-05-26,XGBoost,1,2008
2008-05-26,2008,5,15.81,15.88,16.09018218278885,2008-05-27,XGBoost,1,2008
2008-05-27,2008,5,15.88,15.88,15.947105881869794,2008-05-28,XGBoost,1,2008
2008-05-28,2008,5,15.88,15.85,15.887284069433809,2008-05-29,XGBoost,1,2008
2008-05-29,2008,5,15.85,15.71,15.847591459192335,2008-05-30,XGBoost,1,2008
2008-05-30,2008,5,15.71,15.77,15.628085254728795,2008-05-31,XGBoost,1,2008
2008-05-31,2008,5,15.77,15.86,15.86572073817253,2008-06-01,XGBoost,1,2008
2008-06-01,2008,6,15.86,16.05,15.954532579183578,2008-06-02,XGBoost,1,2008
2008-06-02,2008,6,16.05,16.23,16.242318841814996,2008-06-03,XGBoost,1,2008
2008-06-03,2008,6,16.23,16.41,16.38373645722866,2008-06-04,XGBoost,1,2008
2008-06-04,2008,6,16.41,16.61,16.56460842847824,2008-06-05,XGBoost,1,2008
2008-06-05,2008,6,16.61,16.72,16.74938234746456,2008-06-06,XGBoost,1,2008
2008-06-06,2008,6,16.72,16.73,16.786488832235335,2008-06-07,XGBoost,1,2008
2008-06-07,2008,6,16.73,16.72,16.72821447324939,2008-06-08,XGBoost,1,2008
2008-06-08,2008,6,16.72,16.58,16.716178780682384,2008-06-09,XGBoost,1,2008
2008-06-09,2008,6,16.58,16.53,16.494833053946493,2008-06-10,XGBoost,1,2008
2008-06-10,2008,6,16.53,16.46,16.50646822780371,2008-06-11,XGBoost,1,2008
2008-06-11,2008,6,16.46,16.6,16.423939879089595,2008-06-12,XGBoost,1,2008
2008-06-12,2008,6,16.6,16.7,16.731941199302675,2008-06-13,XGBoost,1,2008
2008-06-13,2008,6,16.7,16.86,16.810885813832282,2008-06-14,XGBoost,1,2008
2008-06-14,2008,6,16.86,17.16,17.043710619807243,2008-06-15,XGBoost,1,2008
2008-06-15,2008,6,17.16,17.51,17.418889734745026,2008-06-16,XGBoost,1,2008
2008-06-16,2008,6,17.51,17.74,17.834103116989137,2008-06-17,XGBoost,1,2008
2008-06-17,2008,6,17.74,17.93,17.917044495940207,2008-06-18,XGBoost,1,2008
2008-06-18,2008,6,17.93,18.03,18.011142850220203,2008-06-19,XGBoost,1,2008
2008-06-19,2008,6,18.03,18.14,18.074693920761348,2008-06-20,XGBoost,1,2008
2008-06-20,2008,6,18.14,18.17,18.215690858066083,2008-06-21,XGBoost,1,2008
2008-06-21,2008,6,18.17,18.22,18.183073779642584,2008-06-22,XGBoost,1,2008
2008-06-22,2008,6,18.22,18.06,18.295135312974452,2008-06-23,XGBoost,1,2008
2008-06-23,2008,6,18.06,18.05,18.07312856003642,2008-06-24,XGBoost,1,2008
2008-06-24,2008,6,18.05,18.09,18.092155351489783,2008-06-25,XGBoost,1,2008
2008-06-25,2008,6,18.09,18.12,18.150110371559858,2008-06-26,XGBoost,1,2008
2008-06-26,2008,6,18.12,18.15,18.190813976228238,2008-06-27,XGBoost,1,2008
2008-06-27,2008,6,18.15,18.2,18.206594036519526,2008-06-28,XGBoost,1,2008
2008-06-28,2008,6,18.2,18.24,18.281533841788768,2008-06-29,XGBoost,1,2008
2008-06-29,2008,6,18.24,18.25,18.295905044078825,2008-06-30,XGBoost,1,2008
2008-06-30,2008,6,18.25,18.3,18.300678815692663,2008-07-01,XGBoost,1,2008
2008-07-01,2008,7,18.3,18.39,18.3999241322279,2008-07-02,XGBoost,1,2008
2008-07-02,2008,7,18.39,18.32,18.55888850927353,2008-07-03,XGBoost,1,2008
2008-07-03,2008,7,18.32,18.34,18.263131808191538,2008-07-04,XGBoost,1,2008
2008-07-04,2008,7,18.34,18.37,18.411452654898167,2008-07-05,XGBoost,1,2008
2008-07-05,2008,7,18.37,18.34,18.428845411986114,2008-07-06,XGBoost,1,2008
2008-07-06,2008,7,18.34,18.45,18.329810715429485,2008-07-07,XGBoost,1,2008
2008-07-07,2008,7,18.45,18.59,18.62823339998722,2008-07-08,XGBoost,1,2008
2008-07-08,2008,7,18.59,18.72,18.72563495874405,2008-07-09,XGBoost,1,2008
2008-07-09,2008,7,18.72,18.82,18.814495892524718,2008-07-10,XGBoost,1,2008
2008-07-10,2008,7,18.82,18.82,18.901993989646435,2008-07-11,XGBoost,1,2008
2008-07-11,2008,7,18.82,18.59,18.78379202976823,2008-07-12,XGBoost,1,2008
2008-07-12,2008,7,18.59,18.45,18.438723709583282,2008-07-13,XGBoost,1,2008
2008-07-13,2008,7,18.45,18.37,18.34750239998102,2008-07-14,XGBoost,1,2008
2008-07-14,2008,7,18.37,18.42,18.32624075829983,2008-07-15,XGBoost,1,2008
2008-07-15,2008,7,18.42,18.49,18.47800523608923,2008-07-16,XGBoost,1,2008
2008-07-16,2008,7,18.49,18.64,18.56335393130779,2008-07-17,XGBoost,1,2008
2008-07-17,2008,7,18.64,18.75,18.813478081822396,2008-07-18,XGBoost,1,2008
2008-07-18,2008,7,18.75,18.79,18.839793726801872,2008-07-19,XGBoost,1,2008
2008-07-19,2008,7,18.79,18.87,18.79666868733242,2008-07-20,XGBoost,1,2008
2008-07-20,2008,7,18.87,18.89,18.948469142317773,2008-07-21,XGBoost,1,2008
2008-07-21,2008,7,18.89,19.06,18.905901181846858,2008-07-22,XGBoost,1,2008
2008-07-22,2008,7,19.06,19.24,19.247670186161994,2008-07-23,XGBoost,1,2008
2008-07-23,2008,7,19.24,19.34,19.422078346610068,2008-07-24,XGBoost,1,2008
2008-07-24,2008,7,19.34,19.29,19.399303306043148,2008-07-25,XGBoost,1,2008
2008-07-25,2008,7,19.29,19.17,19.219053395986556,2008-07-26,XGBoost,1,2008
2008-07-26,2008,7,19.17,19.24,19.09611985653639,2008-07-27,XGBoost,1,2008
2008-07-27,2008,7,19.24,19.26,19.298841597288845,2008-07-28,XGBoost,1,2008
2008-07-28,2008,7,19.26,19.22,19.283752158507706,2008-07-29,XGBoost,1,2008
2008-07-29,2008,7,19.22,19.17,19.156667926609515,2008-07-30,XGBoost,1,2008
2008-07-30,2008,7,19.17,19.03,19.121374258846046,2008-07-31,XGBoost,1,2008
2008-07-31,2008,7,19.03,18.94,18.921233772039415,2008-08-01,XGBoost,1,2008
2008-08-01,2008,8,18.94,18.89,18.86554743587971,2008-08-02,XGBoost,1,2008
2008-08-02,2008,8,18.89,18.8,18.84111521705985,2008-08-03,XGBoost,1,2008
2008-08-03,2008,8,18.8,18.84,18.727217729389668,2008-08-04,XGBoost,1,2008
2008-08-04,2008,8,18.84,18.77,18.865483034551144,2008-08-05,XGBoost,1,2008
2008-08-05,2008,8,18.77,18.74,18.712724596709013,2008-08-06,XGBoost,1,2008
2008-08-06,2008,8,18.74,18.73,18.70880226023495,2008-08-07,XGBoost,1,2008
2008-08-07,2008,8,18.73,18.67,18.724743920397014,2008-08-08,XGBoost,1,2008
2008-08-08,2008,8,18.67,18.65,18.62037176087499,2008-08-09,XGBoost,1,2008
2008-08-09,2008,8,18.65,18.62,18.63145570978522,2008-08-10,XGBoost,1,2008
2008-08-10,2008,8,18.62,18.59,18.58991670690477,2008-08-11,XGBoost,1,2008
2008-08-11,2008,8,18.59,18.59,18.559839625060558,2008-08-12,XGBoost,1,2008
2008-08-12,2008,8,18.59,18.7,18.596947154179215,2008-08-13,XGBoost,1,2008
2008-08-13,2008,8,18.7,18.74,18.806600195169448,2008-08-14,XGBoost,1,2008
2008-08-14,2008,8,18.74,18.74,18.757254959791897,2008-08-15,XGBoost,1,2008
2008-08-15,2008,8,18.74,18.67,18.739638375651555,2008-08-16,XGBoost,1,2008
2008-08-16,2008,8,18.67,18.78,18.611753406077625,2008-08-17,XGBoost,1,2008
2008-08-17,2008,8,18.78,18.93,18.838865487575532,2008-08-18,XGBoost,1,2008
2008-08-18,2008,8,18.93,19.07,19.089868016839027,2008-08-19,XGBoost,1,2008
2008-08-19,2008,8,19.07,19.16,19.161569416224957,2008-08-20,XGBoost,1,2008
2008-08-20,2008,8,19.16,19.29,19.218795135468245,2008-08-21,XGBoost,1,2008
2008-08-21,2008,8,19.29,19.39,19.366504804193973,2008-08-22,XGBoost,1,2008
2008-08-22,2008,8,19.39,19.39,19.461774423122407,2008-08-23,XGBoost,1,2008
2008-08-23,2008,8,19.39,19.27,19.362986279055477,2008-08-24,XGBoost,1,2008
2008-08-24,2008,8,19.27,19.19,19.19282386124134,2008-08-25,XGBoost,1,2008
2008-08-25,2008,8,19.19,19.1,19.129595304429532,2008-08-26,XGBoost,1,2008
2008-08-26,2008,8,19.1,19.09,19.02322312295437,2008-08-27,XGBoost,1,2008
2008-08-27,2008,8,19.09,19.24,19.084642441160977,2008-08-28,XGBoost,1,2008
2008-08-28,2008,8,19.24,19.27,19.36210305035114,2008-08-29,XGBoost,1,2008
2008-08-29,2008,8,19.27,19.45,19.268036212986335,2008-08-30,XGBoost,1,2008
2008-08-30,2008,8,19.45,19.63,19.605864268541335,2008-08-31,XGBoost,1,2008
2008-08-31,2008,8,19.63,19.63,19.7565679448843,2008-09-01,XGBoost,1,2008
2008-09-01,2008,9,19.63,19.61,19.599315972179173,2008-09-02,XGBoost,1,2008
2008-09-02,2008,9,19.61,19.51,19.557691094130277,2008-09-03,XGBoost,1,2008
2008-09-03,2008,9,19.51,19.56,19.41716286748648,2008-09-04,XGBoost,1,2008
2008-09-04,2008,9,19.56,19.68,19.57718882098794,2008-09-05,XGBoost,1,2008
2008-09-05,2008,9,19.68,19.73,19.762307629287243,2008-09-06,XGBoost,1,2008
2008-09-06,2008,9,19.73,19.75,19.726412467909977,2008-09-07,XGBoost,1,2008
2008-09-07,2008,9,19.75,19.64,19.762045267038047,2008-09-08,XGBoost,1,2008
2008-09-08,2008,9,19.64,19.48,19.53628414064646,2008-09-09,XGBoost,1,2008
2008-09-09,2008,9,19.48,19.33,19.353630315065384,2008-09-10,XGBoost,1,2008
2008-09-10,2008,9,19.33,19.17,19.20709894031286,2008-09-11,XGBoost,1,2008
2008-09-11,2008,9,19.17,19.01,19.044988794326784,2008-09-12,XGBoost,1,2008
2008-09-12,2008,9,19.01,18.82,18.89011857867241,2008-09-13,XGBoost,1,2008
2008-09-13,2008,9,18.82,18.6,18.65963693678379,2008-09-14,XGBoost,1,2008
2008-09-14,2008,9,18.6,18.4,18.43526557683945,2008-09-15,XGBoost,1,2008
2008-09-15,2008,9,18.4,18.3,18.221569338440894,2008-09-16,XGBoost,1,2008
2008-09-16,2008,9,18.3,18.21,18.233797873556615,2008-09-17,XGBoost,1,2008
2008-09-17,2008,9,18.21,18.04,18.13799209803343,2008-09-18,XGBoost,1,2008
2008-09-18,2008,9,18.04,17.87,17.892322205901145,2008-09-19,XGBoost,1,2008
2008-09-19,2008,9,17.87,17.74,17.75555783778429,2008-09-20,XGBoost,1,2008
2008-09-20,2008,9,17.74,17.53,17.68267566502094,2008-09-21,XGBoost,1,2008
2008-09-21,2008,9,17.53,17.45,17.396316959261895,2008-09-22,XGBoost,1,2008
2008-09-22,2008,9,17.45,17.41,17.39145467877388,2008-09-23,XGBoost,1,2008
2008-09-23,2008,9,17.41,17.35,17.374534401893616,2008-09-24,XGBoost,1,2008
2008-09-24,2008,9,17.35,17.31,17.30806048810482,2008-09-25,XGBoost,1,2008
2008-09-25,2008,9,17.31,17.21,17.282103122621773,2008-09-26,XGBoost,1,2008
2008-09-26,2008,9,17.21,17.18,17.134289740622044,2008-09-27,XGBoost,1,2008
2008-09-27,2008,9,17.18,17.12,17.157806156501174,2008-09-28,XGBoost,1,2008
2008-09-28,2008,9,17.12,17.09,17.066508932858707,2008-09-29,XGBoost,1,2008
2008-09-29,2008,9,17.09,17.08,17.071789484620094,2008-09-30,XGBoost,1,2008
2008-09-30,2008,9,17.08,17.04,17.095433458611367,2008-10-01,XGBoost,1,2008
2008-10-01,2008,10,17.04,17.0,17.00258370578289,2008-10-02,XGBoost,1,2008
2008-10-02,2008,10,17.0,16.99,16.947028070688248,2008-10-03,XGBoost,1,2008
2008-10-03,2008,10,16.99,16.88,16.9753829536587,2008-10-04,XGBoost,1,2008
2008-10-04,2008,10,16.88,16.87,16.803121623694896,2008-10-05,XGBoost,1,2008
2008-10-05,2008,10,16.87,16.95,16.87353923602961,2008-10-06,XGBoost,1,2008
2008-10-06,2008,10,16.95,16.95,17.039864701032638,2008-10-07,XGBoost,1,2008
2008-10-07,2008,10,16.95,16.9,16.9329352106899,2008-10-08,XGBoost,1,2008
2008-10-08,2008,10,16.9,16.9,16.8324461966753,2008-10-09,XGBoost,1,2008
2008-10-09,2008,10,16.9,16.89,16.89553701188415,2008-10-10,XGBoost,1,2008
2008-10-10,2008,10,16.89,16.78,16.876228615045548,2008-10-11,XGBoost,1,2008
2008-10-11,2008,10,16.78,16.71,16.692072114646436,2008-10-12,XGBoost,1,2008
2008-10-12,2008,10,16.71,16.65,16.645533814132214,2008-10-13,XGBoost,1,2008
2008-10-13,2008,10,16.65,16.56,16.597055425494908,2008-10-14,XGBoost,1,2008
2008-10-14,2008,10,16.56,16.47,16.47992325335741,2008-10-15,XGBoost,1,2008
2008-10-15,2008,10,16.47,16.45,16.39150055617094,2008-10-16,XGBoost,1,2008
2008-10-16,2008,10,16.45,16.37,16.432670536264776,2008-10-17,XGBoost,1,2008
2008-10-17,2008,10,16.37,16.26,16.30872042372823,2008-10-18,XGBoost,1,2008
2008-10-18,2008,10,16.26,16.13,16.179728793203832,2008-10-19,XGBoost,1,2008
2008-10-19,2008,10,16.13,15.99,16.031873297989367,2008-10-20,XGBoost,1,2008
2008-10-20,2008,10,15.99,15.89,15.87382663577795,2008-10-21,XGBoost,1,2008
2008-10-21,2008,10,15.89,15.8,15.811500556170941,2008-10-22,XGBoost,1,2008
2008-10-22,2008,10,15.8,15.71,15.721500556170941,2008-10-23,XGBoost,1,2008
2008-10-23,2008,10,15.71,15.63,15.631500556170941,2008-10-24,XGBoost,1,2008
2008-10-24,2008,10,15.63,15.55,15.568289839774371,2008-10-25,XGBoost,1,2008
2008-10-25,2008,10,15.55,15.47,15.488289839774371,2008-10-26,XGBoost,1,2008
2008-10-26,2008,10,15.47,15.43,15.408459258526564,2008-10-27,XGBoost,1,2008
2008-10-27,2008,10,15.43,15.41,15.383371413052082,2008-10-28,XGBoost,1,2008
2008-10-28,2008,10,15.41,15.54,15.382245037555695,2008-10-29,XGBoost,1,2008
2008-10-29,2008,10,15.54,15.72,15.633291491270064,2008-10-30,XGBoost,1,2008
2008-10-30,2008,10,15.72,15.8,15.807222270667554,2008-10-31,XGBoost,1,2008
2008-10-31,2008,10,15.8,15.9,15.825848420336843,2008-11-01,XGBoost,1,2008
2008-11-01,2008,11,15.9,16.11,15.938018587976694,2008-11-02,XGBoost,1,2008
2008-11-02,2008,11,16.11,16.26,16.252279416322708,2008-11-03,XGBoost,1,2008
2008-11-03,2008,11,16.26,16.17,16.25872996879276,2008-11-04,XGBoost,1,2008
2008-11-04,2008,11,16.17,15.95,16.055479144752027,2008-11-05,XGBoost,1,2008
2008-11-05,2008,11,15.95,15.8,15.795564514398574,2008-11-06,XGBoost,1,2008
2008-11-06,2008,11,15.8,15.64,15.683399836719037,2008-11-07,XGBoost,1,2008
2008-11-07,2008,11,15.64,15.45,15.522682770490647,2008-11-08,XGBoost,1,2008
2008-11-08,2008,11,15.45,15.31,15.303898644447326,2008-11-09,XGBoost,1,2008
2008-11-09,2008,11,15.31,15.24,15.196248715221882,2008-11-10,XGBoost,1,2008
2008-11-10,2008,11,15.24,15.17,15.180781928598881,2008-11-11,XGBoost,1,2008
2008-11-11,2008,11,15.17,15.09,15.109590241760015,2008-11-12,XGBoost,1,2008
2008-11-12,2008,11,15.09,15.04,15.029590241760015,2008-11-13,XGBoost,1,2008
2008-11-13,2008,11,15.04,14.99,14.987298374027013,2008-11-14,XGBoost,1,2008
2008-11-14,2008,11,14.99,14.94,14.937298374027014,2008-11-15,XGBoost,1,2008
2008-11-15,2008,11,14.94,14.9,14.887156377136707,2008-11-16,XGBoost,1,2008
2008-11-16,2008,11,14.9,14.85,14.854169642180205,2008-11-17,XGBoost,1,2008
2008-11-17,2008,11,14.85,14.8,14.797156377136707,2008-11-18,XGBoost,1,2008
2008-11-18,2008,11,14.8,14.78,14.747156377136708,2008-11-19,XGBoost,1,2008
2008-11-19,2008,11,14.78,14.76,14.749924267381429,2008-11-20,XGBoost,1,2008
2008-11-20,2008,11,14.76,14.72,14.72992426738143,2008-11-21,XGBoost,1,2008
2008-11-21,2008,11,14.72,14.699,14.675863103270531,2008-11-22,XGBoost,1,2008
2008-11-22,2008,11,14.699,14.67,14.667293637037277,2008-11-23,XGBoost,1,2008
2008-11-23,2008,11,14.67,14.63,14.638077920377254,2008-11-24,XGBoost,1,2008
2008-11-24,2008,11,14.63,14.59,14.590905835032464,2008-11-25,XGBoost,1,2008
2008-11-25,2008,11,14.59,14.57,14.551419001221657,2008-11-26,XGBoost,1,2008
2008-11-26,2008,11,14.57,14.54,14.544848583340645,2008-11-27,XGBoost,1,2008
2008-11-27,2008,11,14.54,14.52,14.509044445082544,2008-11-28,XGBoost,1,2008
2008-11-28,2008,11,14.52,14.5,14.494848583340644,2008-11-29,XGBoost,1,2008
2008-11-29,2008,11,14.5,14.47,14.474848583340645,2008-11-30,XGBoost,1,2008
2008-11-30,2008,11,14.47,14.45,14.439668881967664,2008-12-01,XGBoost,1,2008
2008-12-01,2008,12,14.45,14.42,14.424848583340644,2008-12-02,XGBoost,1,2008
2008-12-02,2008,12,14.42,14.39,14.389668881967664,2008-12-03,XGBoost,1,2008
2008-12-03,2008,12,14.39,14.35,14.359668881967664,2008-12-04,XGBoost,1,2008
2008-12-04,2008,12,14.35,14.33,14.313204018771648,2008-12-05,XGBoost,1,2008
2008-12-05,2008,12,14.33,14.31,14.306009162142873,2008-12-06,XGBoost,1,2008
2008-12-06,2008,12,14.31,14.27,14.286009162142873,2008-12-07,XGBoost,1,2008
2008-12-07,2008,12,14.27,14.26,14.233204018771648,2008-12-08,XGBoost,1,2008
2008-12-08,2008,12,14.26,14.24,14.24409184999764,2008-12-09,XGBoost,1,2008
2008-12-09,2008,12,14.24,14.21,14.216009162142873,2008-12-10,XGBoost,1,2008
2008-12-10,2008,12,14.21,14.2,14.181986833959819,2008-12-11,XGBoost,1,2008
2008-12-11,2008,12,14.2,14.18,14.184091849997639,2008-12-12,XGBoost,1,2008
2008-12-12,2008,12,14.18,14.17,14.156009162142873,2008-12-13,XGBoost,1,2008
2008-12-13,2008,12,14.17,14.15,14.15409184999764,2008-12-14,XGBoost,1,2008
2008-12-14,2008,12,14.15,14.13,14.12658977471292,2008-12-15,XGBoost,1,2008
2008-12-15,2008,12,14.13,14.1,14.106589774712921,2008-12-16,XGBoost,1,2008
2008-12-16,2008,12,14.1,14.08,14.072567446529865,2008-12-17,XGBoost,1,2008
2008-12-17,2008,12,14.08,14.06,14.059194978252053,2008-12-18,XGBoost,1,2008
2008-12-18,2008,12,14.06,14.04,14.039194978252054,2008-12-19,XGBoost,1,2008
2008-12-19,2008,12,14.04,14.02,14.019194978252052,2008-12-20,XGBoost,1,2008
2008-12-20,2008,12,14.02,14.0,13.999194978252053,2008-12-21,XGBoost,1,2008
2008-12-21,2008,12,14.0,13.98,13.979194978252053,2008-12-22,XGBoost,1,2008
2008-12-22,2008,12,13.98,13.97,13.95971802763641,2008-12-23,XGBoost,1,2008
2008-12-23,2008,12,13.97,13.95,13.954800910577179,2008-12-24,XGBoost,1,2008
2008-12-24,2008,12,13.95,13.93,13.929718027636408,2008-12-25,XGBoost,1,2008
2008-12-25,2008,12,13.93,13.91,13.909718027636409,2008-12-26,XGBoost,1,2008
2008-12-26,2008,12,13.91,13.89,13.889718027636409,2008-12-27,XGBoost,1,2008
2008-12-27,2008,12,13.89,13.87,13.870517487972975,2008-12-28,XGBoost,1,2008
2008-12-28,2008,12,13.87,13.85,13.850517487972974,2008-12-29,XGBoost,1,2008
2008-12-29,2008,12,13.85,13.84,13.830517487972974,2008-12-30,XGBoost,1,2008
2008-12-30,2008,12,13.84,13.83,13.825234087333083,2008-12-31,XGBoost,1,2008
2008-12-31,2008,12,13.83,13.81,13.81543696757406,2009-01-01,XGBoost,1,2008
2009-01-01,2009,1,13.81,13.79,13.790311363935471,2009-01-02,XGBoost,1,2009
2009-01-02,2009,1,13.79,13.77,13.77031136393547,2009-01-03,XGBoost,1,2009
2009-01-03,2009,1,13.77,13.75,13.75031136393547,2009-01-04,XGBoost,1,2009
2009-01-04,2009,1,13.75,13.74,13.73031136393547,2009-01-05,XGBoost,1,2009
2009-01-05,2009,1,13.74,13.73,13.728400974310935,2009-01-06,XGBoost,1,2009
2009-01-06,2009,1,13.73,13.71,13.719086500369013,2009-01-07,XGBoost,1,2009
2009-01-07,2009,1,13.71,13.69,13.692337573543192,2009-01-08,XGBoost,1,2009
2009-01-08,2009,1,13.69,13.67,13.67233757354319,2009-01-09,XGBoost,1,2009
2009-01-09,2009,1,13.67,13.66,13.65233757354319,2009-01-10,XGBoost,1,2009
2009-01-10,2009,1,13.66,13.65,13.64941330704838,2009-01-11,XGBoost,1,2009
2009-01-11,2009,1,13.65,13.64,13.63941330704838,2009-01-12,XGBoost,1,2009
2009-01-12,2009,1,13.64,13.62,13.629413307048381,2009-01-13,XGBoost,1,2009
2009-01-13,2009,1,13.62,13.6,13.602664378359913,2009-01-14,XGBoost,1,2009
2009-01-14,2009,1,13.6,13.587,13.582664378359913,2009-01-15,XGBoost,1,2009
2009-01-15,2009,1,13.587,13.56,13.570875097706914,2009-01-16,XGBoost,1,2009
2009-01-16,2009,1,13.56,13.55,13.539393871501089,2009-01-17,XGBoost,1,2009
2009-01-17,2009,1,13.55,13.54,13.539413307048381,2009-01-18,XGBoost,1,2009
2009-01-18,2009,1,13.54,13.53,13.52941330704838,2009-01-19,XGBoost,1,2009
2009-01-19,2009,1,13.53,13.51,13.51941330704838,2009-01-20,XGBoost,1,2009
2009-01-20,2009,1,13.51,13.49,13.492664378359914,2009-01-21,XGBoost,1,2009
2009-01-21,2009,1,13.49,13.47,13.472664378359914,2009-01-22,XGBoost,1,2009
2009-01-22,2009,1,13.47,13.46,13.452664378359914,2009-01-23,XGBoost,1,2009
2009-01-23,2009,1,13.46,13.45,13.449413307048381,2009-01-24,XGBoost,1,2009
2009-01-24,2009,1,13.45,13.44,13.43941330704838,2009-01-25,XGBoost,1,2009
2009-01-25,2009,1,13.44,13.43,13.42941330704838,2009-01-26,XGBoost,1,2009
2009-01-26,2009,1,13.43,13.43,13.41941330704838,2009-01-27,XGBoost,1,2009
2009-01-27,2009,1,13.43,13.42,13.428658836702816,2009-01-28,XGBoost,1,2009
2009-01-28,2009,1,13.42,13.41,13.40941330704838,2009-01-29,XGBoost,1,2009
2009-01-29,2009,1,13.41,13.4,13.39941330704838,2009-01-30,XGBoost,1,2009
2009-01-30,2009,1,13.4,13.39,13.38941330704838,2009-01-31,XGBoost,1,2009
2009-01-31,2009,1,13.39,13.37,13.379413307048381,2009-02-01,XGBoost,1,2009
2009-02-01,2009,2,13.37,13.37,13.352664378359913,2009-02-02,XGBoost,1,2009
2009-02-02,2009,2,13.37,13.36,13.368658836702815,2009-02-03,XGBoost,1,2009
2009-02-03,2009,2,13.36,13.36,13.34941330704838,2009-02-04,XGBoost,1,2009
2009-02-04,2009,2,13.36,13.36,13.358658836702816,2009-02-05,XGBoost,1,2009
2009-02-05,2009,2,13.36,13.36,13.358658836702816,2009-02-06,XGBoost,1,2009
2009-02-06,2009,2,13.36,13.36,13.358658836702816,2009-02-07,XGBoost,1,2009
2009-02-07,2009,2,13.36,13.36,13.358658836702816,2009-02-08,XGBoost,1,2009
2009-02-08,2009,2,13.36,13.35,13.358658836702816,2009-02-09,XGBoost,1,2009
2009-02-09,2009,2,13.35,13.35,13.33941330704838,2009-02-10,XGBoost,1,2009
2009-02-10,2009,2,13.35,13.34,13.348658836702816,2009-02-11,XGBoost,1,2009
2009-02-11,2009,2,13.34,13.33,13.32941330704838,2009-02-12,XGBoost,1,2009
2009-02-12,2009,2,13.33,13.31,13.31941330704838,2009-02-13,XGBoost,1,2009
2009-02-13,2009,2,13.31,13.29,13.292664378359914,2009-02-14,XGBoost,1,2009
2009-02-14,2009,2,13.29,13.27,13.272664378359913,2009-02-15,XGBoost,1,2009
2009-02-15,2009,2,13.27,13.25,13.252664378359913,2009-02-16,XGBoost,1,2009
2009-02-16,2009,2,13.25,13.23,13.232664378359914,2009-02-17,XGBoost,1,2009
2009-02-17,2009,2,13.23,13.22,13.212664378359914,2009-02-18,XGBoost,1,2009
2009-02-18,2009,2,13.22,13.21,13.209413307048381,2009-02-19,XGBoost,1,2009
2009-02-19,2009,2,13.21,13.2,13.199413307048381,2009-02-20,XGBoost,1,2009
2009-02-20,2009,2,13.2,13.19,13.18941330704838,2009-02-21,XGBoost,1,2009
2009-02-21,2009,2,13.19,13.17,13.17941330704838,2009-02-22,XGBoost,1,2009
2009-02-22,2009,2,13.17,13.15,13.152664378359914,2009-02-23,XGBoost,1,2009
2009-02-23,2009,2,13.15,13.14,13.133942165970803,2009-02-24,XGBoost,1,2009
2009-02-24,2009,2,13.14,13.13,13.13188290629536,2009-02-25,XGBoost,1,2009
2009-02-25,2009,2,13.13,13.12,13.12188290629536,2009-02-26,XGBoost,1,2009
2009-02-26,2009,2,13.12,13.11,13.112738875560462,2009-02-27,XGBoost,1,2009
2009-02-27,2009,2,13.11,13.1,13.102738875560462,2009-02-28,XGBoost,1,2009
2009-02-28,2009,2,13.1,13.12,13.092738875560462,2009-03-01,XGBoost,1,2009
2009-03-01,2009,3,13.12,13.15,13.143856211453675,2009-03-02,XGBoost,1,2009
2009-03-02,2009,3,13.15,13.17,13.173856211453677,2009-03-03,XGBoost,1,2009
2009-03-03,2009,3,13.17,13.2,13.196644501835108,2009-03-04,XGBoost,1,2009
2009-03-04,2009,3,13.2,13.26,13.226644501835107,2009-03-05,XGBoost,1,2009
2009-03-05,2009,3,13.26,13.35,13.324374260604381,2009-03-06,XGBoost,1,2009
2009-03-06,2009,3,13.35,13.45,13.442320203781128,2009-03-07,XGBoost,1,2009
2009-03-07,2009,3,13.45,13.5,13.53482052385807,2009-03-08,XGBoost,1,2009
2009-03-08,2009,3,13.5,13.52,13.522611234337091,2009-03-09,XGBoost,1,2009
2009-03-09,2009,3,13.52,13.53,13.54339270710945,2009-03-10,XGBoost,1,2009
2009-03-10,2009,3,13.53,13.5,13.540218404233455,2009-03-11,XGBoost,1,2009
2009-03-11,2009,3,13.5,13.46,13.478916255757213,2009-03-12,XGBoost,1,2009
2009-03-12,2009,3,13.46,13.44,13.438621250018478,2009-03-13,XGBoost,1,2009
2009-03-13,2009,3,13.44,13.42,13.428778239116072,2009-03-14,XGBoost,1,2009
2009-03-14,2009,3,13.42,13.39,13.408778239116073,2009-03-15,XGBoost,1,2009
2009-03-15,2009,3,13.39,13.37,13.373182871714235,2009-03-16,XGBoost,1,2009
2009-03-16,2009,3,13.37,13.38,13.358778239116072,2009-03-17,XGBoost,1,2009
2009-03-17,2009,3,13.38,13.4,13.386745450198651,2009-03-18,XGBoost,1,2009
2009-03-18,2009,3,13.4,13.43,13.426644501835108,2009-03-19,XGBoost,1,2009
2009-03-19,2009,3,13.43,13.45,13.456644501835108,2009-03-20,XGBoost,1,2009
2009-03-20,2009,3,13.45,13.46,13.476644501835107,2009-03-21,XGBoost,1,2009
2009-03-21,2009,3,13.46,13.47,13.46760032562539,2009-03-22,XGBoost,1,2009
2009-03-22,2009,3,13.47,13.47,13.479359413757921,2009-03-23,XGBoost,1,2009
2009-03-23,2009,3,13.47,13.45,13.480770481079817,2009-03-24,XGBoost,1,2009
2009-03-24,2009,3,13.45,13.43,13.440334357134997,2009-03-25,XGBoost,1,2009
2009-03-25,2009,3,13.43,13.41,13.422453943472355,2009-03-26,XGBoost,1,2009
2009-03-26,2009,3,13.41,13.4,13.404097418617457,2009-03-27,XGBoost,1,2009
2009-03-27,2009,3,13.4,13.4,13.401599899609574,2009-03-28,XGBoost,1,2009
2009-03-28,2009,3,13.4,13.39,13.410845430195332,2009-03-29,XGBoost,1,2009
2009-03-29,2009,3,13.39,13.39,13.391599899609574,2009-03-30,XGBoost,1,2009
2009-03-30,2009,3,13.39,13.39,13.400845430195332,2009-03-31,XGBoost,1,2009
2009-03-31,2009,3,13.39,13.38,13.401374325491489,2009-04-01,XGBoost,1,2009
2009-04-01,2009,4,13.38,13.39,13.382128795720638,2009-04-02,XGBoost,1,2009
2009-04-02,2009,4,13.39,13.5,13.40773125678301,2009-04-03,XGBoost,1,2009
2009-04-03,2009,4,13.5,13.54,13.624898076057434,2009-04-04,XGBoost,1,2009
2009-04-04,2009,4,13.54,13.55,13.559964393228292,2009-04-05,XGBoost,1,2009
2009-04-05,2009,4,13.55,13.54,13.561604704894126,2009-04-06,XGBoost,1,2009
2009-04-06,2009,4,13.54,13.54,13.550000750422477,2009-04-07,XGBoost,1,2009
2009-04-07,2009,4,13.54,13.6,13.560771058276295,2009-04-08,XGBoost,1,2009
2009-04-08,2009,4,13.6,13.7,13.70249301791191,2009-04-09,XGBoost,1,2009
2009-04-09,2009,4,13.7,13.82,13.838174846768379,2009-04-10,XGBoost,1,2009
2009-04-10,2009,4,13.82,13.87,13.929495125710964,2009-04-11,XGBoost,1,2009
2009-04-11,2009,4,13.87,13.89,13.906676097661256,2009-04-12,XGBoost,1,2009
2009-04-12,2009,4,13.89,13.83,13.917413327246905,2009-04-13,XGBoost,1,2009
2009-04-13,2009,4,13.83,13.85,13.79556130796671,2009-04-14,XGBoost,1,2009
2009-04-14,2009,4,13.85,13.93,13.894330552220344,2009-04-15,XGBoost,1,2009
2009-04-15,2009,4,13.93,13.99,14.085499175190925,2009-04-16,XGBoost,1,2009
2009-04-16,2009,4,13.99,14.07,14.090487798452378,2009-04-17,XGBoost,1,2009
2009-04-17,2009,4,14.07,14.16,14.160364374220372,2009-04-18,XGBoost,1,2009
2009-04-18,2009,4,14.16,14.22,14.272149573862553,2009-04-19,XGBoost,1,2009
2009-04-19,2009,4,14.22,14.28,14.289221369922162,2009-04-20,XGBoost,1,2009
2009-04-20,2009,4,14.28,14.32,14.356956316828727,2009-04-21,XGBoost,1,2009
2009-04-21,2009,4,14.32,14.3,14.373882110863924,2009-04-22,XGBoost,1,2009
2009-04-22,2009,4,14.3,14.21,14.293917655199767,2009-04-23,XGBoost,1,2009
2009-04-23,2009,4,14.21,14.28,14.160112707912923,2009-04-24,XGBoost,1,2009
2009-04-24,2009,4,14.28,14.43,14.387322126626968,2009-04-25,XGBoost,1,2009
2009-04-25,2009,4,14.43,14.63,14.628305204510688,2009-04-26,XGBoost,1,2009
2009-04-26,2009,4,14.63,14.71,14.815254126787186,2009-04-27,XGBoost,1,2009
2009-04-27,2009,4,14.71,14.71,14.763392861038447,2009-04-28,XGBoost,1,2009
2009-04-28,2009,4,14.71,14.62,14.707869062237442,2009-04-29,XGBoost,1,2009
2009-04-29,2009,4,14.62,14.73,14.54708060145378,2009-04-30,XGBoost,1,2009
2009-04-30,2009,4,14.73,14.82,14.8959903973341,2009-05-01,XGBoost,1,2009
2009-05-01,2009,5,14.82,14.91,14.965245611667633,2009-05-02,XGBoost,1,2009
2009-05-02,2009,5,14.91,14.86,15.020548205673695,2009-05-03,XGBoost,1,2009
2009-05-03,2009,5,14.86,14.85,14.808564559221267,2009-05-04,XGBoost,1,2009
2009-05-04,2009,5,14.85,14.82,14.861956106871366,2009-05-05,XGBoost,1,2009
2009-05-05,2009,5,14.82,14.77,14.815334377977997,2009-05-06,XGBoost,1,2009
2009-05-06,2009,5,14.77,14.76,14.746319881156086,2009-05-07,XGBoost,1,2009
2009-05-07,2009,5,14.76,14.74,14.770387582704425,2009-05-08,XGBoost,1,2009
2009-05-08,2009,5,14.74,14.73,14.741711605349556,2009-05-09,XGBoost,1,2009
2009-05-09,2009,5,14.73,14.71,14.739792260825634,2009-05-10,XGBoost,1,2009
2009-05-10,2009,5,14.71,14.79,14.71111628335435,2009-05-11,XGBoost,1,2009
2009-05-11,2009,5,14.79,14.87,14.930920877456664,2009-05-12,XGBoost,1,2009
2009-05-12,2009,5,14.87,14.92,14.958753379881381,2009-05-13,XGBoost,1,2009
2009-05-13,2009,5,14.92,14.95,14.967206435352564,2009-05-14,XGBoost,1,2009
2009-05-14,2009,5,14.95,15.03,14.989391804486512,2009-05-15,XGBoost,1,2009
2009-05-15,2009,5,15.03,15.11,15.190802707076072,2009-05-16,XGBoost,1,2009
2009-05-16,2009,5,15.11,15.19,15.20668106585741,2009-05-17,XGBoost,1,2009
2009-05-17,2009,5,15.19,15.22,15.28668106585741,2009-05-18,XGBoost,1,2009
2009-05-18,2009,5,15.22,15.17,15.247865320444108,2009-05-19,XGBoost,1,2009
2009-05-19,2009,5,15.17,14.99,15.131836028844118,2009-05-20,XGBoost,1,2009
2009-05-20,2009,5,14.99,14.95,14.858390902876854,2009-05-21,XGBoost,1,2009
2009-05-21,2009,5,14.95,14.91,14.927006252855062,2009-05-22,XGBoost,1,2009
2009-05-22,2009,5,14.91,14.87,14.899974109455943,2009-05-23,XGBoost,1,2009
2009-05-23,2009,5,14.87,14.8,14.85929108865559,2009-05-24,XGBoost,1,2009
2009-05-24,2009,5,14.8,14.8,14.771385437995196,2009-05-25,XGBoost,1,2009
2009-05-25,2009,5,14.8,14.83,14.825139143690468,2009-05-26,XGBoost,1,2009
2009-05-26,2009,5,14.83,15.07,14.870401253849268,2009-05-27,XGBoost,1,2009
2009-05-27,2009,5,15.07,16.29,15.34203842997551,2009-05-28,XGBoost,1,2009
2009-05-28,2009,5,16.29,16.4,16.634025403261184,2009-05-29,XGBoost,1,2009
2009-05-29,2009,5,16.4,16.2,16.363475305587052,2009-05-30,XGBoost,1,2009
2009-05-30,2009,5,16.2,15.98,16.04873341023922,2009-05-31,XGBoost,1,2009
2009-05-31,2009,5,15.98,15.93,15.850248645544053,2009-06-01,XGBoost,1,2009
2009-06-01,2009,6,15.93,15.99,15.907407235652208,2009-06-02,XGBoost,1,2009
2009-06-02,2009,6,15.99,16.05,16.12914342224598,2009-06-03,XGBoost,1,2009
2009-06-03,2009,6,16.05,16.01,16.164021062850953,2009-06-04,XGBoost,1,2009
2009-06-04,2009,6,16.01,15.92,15.978510545790197,2009-06-05,XGBoost,1,2009
2009-06-05,2009,6,15.92,15.87,15.873736025840044,2009-06-06,XGBoost,1,2009
2009-06-06,2009,6,15.87,15.85,15.853276780694722,2009-06-07,XGBoost,1,2009
2009-06-07,2009,6,15.85,15.85,15.858843537420034,2009-06-08,XGBoost,1,2009
2009-06-08,2009,6,15.85,15.82,15.880212961137294,2009-06-09,XGBoost,1,2009
2009-06-09,2009,6,15.82,15.82,15.817936720494181,2009-06-10,XGBoost,1,2009
2009-06-10,2009,6,15.82,15.75,15.850212961137295,2009-06-11,XGBoost,1,2009
2009-06-11,2009,6,15.75,15.74,15.729201612994075,2009-06-12,XGBoost,1,2009
2009-06-12,2009,6,15.74,15.82,15.75752101816237,2009-06-13,XGBoost,1,2009
2009-06-13,2009,6,15.82,15.89,15.948166377544403,2009-06-14,XGBoost,1,2009
2009-06-14,2009,6,15.89,16.06,16.011111765503884,2009-06-15,XGBoost,1,2009
2009-06-15,2009,6,16.06,16.24,16.27297042071819,2009-06-16,XGBoost,1,2009
2009-06-16,2009,6,16.24,16.46,16.440153470039366,2009-06-17,XGBoost,1,2009
2009-06-17,2009,6,16.46,16.57,16.687828472852708,2009-06-18,XGBoost,1,2009
2009-06-18,2009,6,16.57,16.57,16.64742303609848,2009-06-19,XGBoost,1,2009
2009-06-19,2009,6,16.57,16.43,16.611629370301962,2009-06-20,XGBoost,1,2009
2009-06-20,2009,6,16.43,16.26,16.392472561746835,2009-06-21,XGBoost,1,2009
2009-06-21,2009,6,16.26,16.22,16.266892451550813,2009-06-22,XGBoost,1,2009
2009-06-22,2009,6,16.22,16.11,16.288878926336764,2009-06-23,XGBoost,1,2009
2009-06-23,2009,6,16.11,16.22,16.12582801155746,2009-06-24,XGBoost,1,2009
2009-06-24,2009,6,16.22,16.27,16.316074923872947,2009-06-25,XGBoost,1,2009
2009-06-25,2009,6,16.27,16.31,16.34808879762888,2009-06-26,XGBoost,1,2009
2009-06-26,2009,6,16.31,16.22,16.379650590419768,2009-06-27,XGBoost,1,2009
2009-06-27,2009,6,16.22,16.3,16.233416491448878,2009-06-28,XGBoost,1,2009
2009-06-28,2009,6,16.3,16.67,16.407734188437463,2009-06-29,XGBoost,1,2009
2009-06-29,2009,6,16.67,16.84,17.08986843943596,2009-06-30,XGBoost,1,2009
2009-06-30,2009,6,16.84,17.07,16.87696908429265,2009-07-01,XGBoost,1,2009
2009-07-01,2009,7,17.07,17.6,17.2796057087183,2009-07-02,XGBoost,1,2009
2009-07-02,2009,7,17.6,17.98,17.907949244976045,2009-07-03,XGBoost,1,2009
2009-07-03,2009,7,17.98,18.57,18.2281020539999,2009-07-04,XGBoost,1,2009
2009-07-04,2009,7,18.57,18.67,18.751231155991555,2009-07-05,XGBoost,1,2009
2009-07-05,2009,7,18.67,18.83,18.62786712691188,2009-07-06,XGBoost,1,2009
2009-07-06,2009,7,18.83,18.91,18.958973856568335,2009-07-07,XGBoost,1,2009
2009-07-07,2009,7,18.91,18.83,18.93676486596465,2009-07-08,XGBoost,1,2009
2009-07-08,2009,7,18.83,18.57,18.700057240128515,2009-07-09,XGBoost,1,2009
2009-07-09,2009,7,18.57,18.44,18.35307704627514,2009-07-10,XGBoost,1,2009
2009-07-10,2009,7,18.44,18.32,18.416938212290408,2009-07-11,XGBoost,1,2009
2009-07-11,2009,7,18.32,18.28,18.277290187478066,2009-07-12,XGBoost,1,2009
2009-07-12,2009,7,18.28,18.25,18.26801116179675,2009-07-13,XGBoost,1,2009
2009-07-13,2009,7,18.25,18.2,18.25853835325688,2009-07-14,XGBoost,1,2009
2009-07-14,2009,7,18.2,18.17,18.18135655745864,2009-07-15,XGBoost,1,2009
2009-07-15,2009,7,18.17,18.09,18.17786412972957,2009-07-16,XGBoost,1,2009
2009-07-16,2009,7,18.09,17.99,18.058425329774618,2009-07-17,XGBoost,1,2009
2009-07-17,2009,7,17.99,17.86,17.94007998868823,2009-07-18,XGBoost,1,2009
2009-07-18,2009,7,17.86,17.74,17.799556155353784,2009-07-19,XGBoost,1,2009
2009-07-19,2009,7,17.74,17.58,17.706733422130345,2009-07-20,XGBoost,1,2009
2009-07-20,2009,7,17.58,17.39,17.484042333364485,2009-07-21,XGBoost,1,2009
2009-07-21,2009,7,17.39,17.32,17.260837435126305,2009-07-22,XGBoost,1,2009
2009-07-22,2009,7,17.32,17.27,17.29168815508485,2009-07-23,XGBoost,1,2009
2009-07-23,2009,7,17.27,17.19,17.23247811242938,2009-07-24,XGBoost,1,2009
2009-07-24,2009,7,17.19,17.16,17.15039489656687,2009-07-25,XGBoost,1,2009
2009-07-25,2009,7,17.16,17.12,17.14456336464733,2009-07-26,XGBoost,1,2009
2009-07-26,2009,7,17.12,17.12,17.09699905373156,2009-07-27,XGBoost,1,2009
2009-07-27,2009,7,17.12,17.4,17.13916347630322,2009-07-28,XGBoost,1,2009
2009-07-28,2009,7,17.4,17.72,17.7096724152565,2009-07-29,XGBoost,1,2009
2009-07-29,2009,7,17.72,17.93,17.952730761170386,2009-07-30,XGBoost,1,2009
2009-07-30,2009,7,17.93,18.15,18.02654875099659,2009-07-31,XGBoost,1,2009
2009-07-31,2009,7,18.15,18.36,18.35058789849281,2009-08-01,XGBoost,1,2009
2009-08-01,2009,8,18.36,18.42,18.498305991888046,2009-08-02,XGBoost,1,2009
2009-08-02,2009,8,18.42,18.39,18.489131150841715,2009-08-03,XGBoost,1,2009
2009-08-03,2009,8,18.39,18.33,18.326438642442227,2009-08-04,XGBoost,1,2009
2009-08-04,2009,8,18.33,18.34,18.253443295061587,2009-08-05,XGBoost,1,2009
2009-08-05,2009,8,18.34,18.39,18.357474038526416,2009-08-06,XGBoost,1,2009
2009-08-06,2009,8,18.39,18.45,18.46224451750517,2009-08-07,XGBoost,1,2009
2009-08-07,2009,8,18.45,18.42,18.541340877115726,2009-08-08,XGBoost,1,2009
2009-08-08,2009,8,18.42,18.41,18.389468947499992,2009-08-09,XGBoost,1,2009
2009-08-09,2009,8,18.41,18.36,18.413563288366422,2009-08-10,XGBoost,1,2009
2009-08-10,2009,8,18.36,18.32,18.319458742290735,2009-08-11,XGBoost,1,2009
2009-08-11,2009,8,18.32,18.25,18.29232132218778,2009-08-12,XGBoost,1,2009
2009-08-12,2009,8,18.25,18.24,18.201439175754786,2009-08-13,XGBoost,1,2009
2009-08-13,2009,8,18.24,18.4,18.247769487798212,2009-08-14,XGBoost,1,2009
2009-08-14,2009,8,18.4,18.54,18.574724638462065,2009-08-15,XGBoost,1,2009
2009-08-15,2009,8,18.54,18.55,18.6786299431324,2009-08-16,XGBoost,1,2009
2009-08-16,2009,8,18.55,19.04,18.55539261288941,2009-08-17,XGBoost,1,2009
2009-08-17,2009,8,19.04,19.27,19.413486429452895,2009-08-18,XGBoost,1,2009
2009-08-18,2009,8,19.27,19.27,19.42289868414402,2009-08-19,XGBoost,1,2009
2009-08-19,2009,8,19.27,19.15,19.23742672100663,2009-08-20,XGBoost,1,2009
2009-08-20,2009,8,19.15,19.33,18.98453057706356,2009-08-21,XGBoost,1,2009
2009-08-21,2009,8,19.33,19.4,19.505385132431982,2009-08-22,XGBoost,1,2009
2009-08-22,2009,8,19.4,19.29,19.516261973977088,2009-08-23,XGBoost,1,2009
2009-08-23,2009,8,19.29,19.23,19.148386129140853,2009-08-24,XGBoost,1,2009
2009-08-24,2009,8,19.23,19.2,19.174763273000718,2009-08-25,XGBoost,1,2009
2009-08-25,2009,8,19.2,19.19,19.172971625626086,2009-08-26,XGBoost,1,2009
2009-08-26,2009,8,19.19,19.18,19.170396078899504,2009-08-27,XGBoost,1,2009
2009-08-27,2009,8,19.18,19.16,19.1618098526448,2009-08-28,XGBoost,1,2009
2009-08-28,2009,8,19.16,19.13,19.134121253937483,2009-08-29,XGBoost,1,2009
2009-08-29,2009,8,19.13,19.03,19.097254497110843,2009-08-30,XGBoost,1,2009
2009-08-30,2009,8,19.03,18.94,18.955628885626794,2009-08-31,XGBoost,1,2009
2009-08-31,2009,8,18.94,18.79,18.86529181391001,2009-09-01,XGBoost,1,2009
2009-09-01,2009,9,18.79,18.67,18.680657879412173,2009-09-02,XGBoost,1,2009
2009-09-02,2009,9,18.67,18.55,18.596090352237226,2009-09-03,XGBoost,1,2009
2009-09-03,2009,9,18.55,18.4,18.476178477704526,2009-09-04,XGBoost,1,2009
2009-09-04,2009,9,18.4,18.29,18.305374519526957,2009-09-05,XGBoost,1,2009
2009-09-05,2009,9,18.29,18.07,18.21959815263748,2009-09-06,XGBoost,1,2009
2009-09-06,2009,9,18.07,17.96,17.90850209414959,2009-09-07,XGBoost,1,2009
2009-09-07,2009,9,17.96,17.74,17.896530612409116,2009-09-08,XGBoost,1,2009
2009-09-08,2009,9,17.74,17.61,17.597218742370604,2009-09-09,XGBoost,1,2009
2009-09-09,2009,9,17.61,17.52,17.532505654394626,2009-09-10,XGBoost,1,2009
2009-09-10,2009,9,17.52,17.31,17.45379793316126,2009-09-11,XGBoost,1,2009
2009-09-11,2009,9,17.31,17.25,17.16012589395046,2009-09-12,XGBoost,1,2009
2009-09-12,2009,9,17.25,17.14,17.211014237254858,2009-09-13,XGBoost,1,2009
2009-09-13,2009,9,17.14,17.14,17.073513432741166,2009-09-14,XGBoost,1,2009
2009-09-14,2009,9,17.14,17.07,17.1441298805736,2009-09-15,XGBoost,1,2009
2009-09-15,2009,9,17.07,17.0,17.02763934031129,2009-09-16,XGBoost,1,2009
2009-09-16,2009,9,17.0,16.94,16.954222735017538,2009-09-17,XGBoost,1,2009
2009-09-17,2009,9,16.94,16.93,16.90066677942872,2009-09-18,XGBoost,1,2009
2009-09-18,2009,9,16.93,16.99,16.947236622050404,2009-09-19,XGBoost,1,2009
2009-09-19,2009,9,16.99,17.2,17.074173552691935,2009-09-20,XGBoost,1,2009
2009-09-20,2009,9,17.2,17.3,17.37362481355667,2009-09-21,XGBoost,1,2009
2009-09-21,2009,9,17.3,17.3,17.384437295794488,2009-09-22,XGBoost,1,2009
2009-09-22,2009,9,17.3,17.23,17.297728403657675,2009-09-23,XGBoost,1,2009
2009-09-23,2009,9,17.23,17.31,17.16433526903391,2009-09-24,XGBoost,1,2009
2009-09-24,2009,9,17.31,17.51,17.416536775827407,2009-09-25,XGBoost,1,2009
2009-09-25,2009,9,17.51,17.63,17.69027026951313,2009-09-26,XGBoost,1,2009
2009-09-26,2009,9,17.63,17.65,17.711074602901935,2009-09-27,XGBoost,1,2009
2009-09-27,2009,9,17.65,17.57,17.67944671921432,2009-09-28,XGBoost,1,2009
2009-09-28,2009,9,17.57,17.46,17.484986096322537,2009-09-29,XGBoost,1,2009
2009-09-29,2009,9,17.46,17.24,17.387363723516465,2009-09-30,XGBoost,1,2009
2009-09-30,2009,9,17.24,17.12,17.082520013451575,2009-10-01,XGBoost,1,2009
2009-10-01,2009,10,17.12,17.02,17.039086292386056,2009-10-02,XGBoost,1,2009
2009-10-02,2009,10,17.02,16.92,16.938194986879825,2009-10-03,XGBoost,1,2009
2009-10-03,2009,10,16.92,16.76,16.83545241326094,2009-10-04,XGBoost,1,2009
2009-10-04,2009,10,16.76,16.62,16.63236608564854,2009-10-05,XGBoost,1,2009
2009-10-05,2009,10,16.62,16.47,16.502845632731916,2009-10-06,XGBoost,1,2009
2009-10-06,2009,10,16.47,16.36,16.35151604682207,2009-10-07,XGBoost,1,2009
2009-10-07,2009,10,16.36,16.62,16.273171403110027,2009-10-08,XGBoost,1,2009
2009-10-08,2009,10,16.62,17.56,16.81109080731869,2009-10-09,XGBoost,1,2009
2009-10-09,2009,10,17.56,17.67,17.78113040089607,2009-10-10,XGBoost,1,2009
2009-10-10,2009,10,17.67,17.41,17.626569463014604,2009-10-11,XGBoost,1,2009
2009-10-11,2009,10,17.41,17.26,17.202037338018418,2009-10-12,XGBoost,1,2009
2009-10-12,2009,10,17.26,17.14,17.133013362288477,2009-10-13,XGBoost,1,2009
2009-10-13,2009,10,17.14,17.21,17.085365883409978,2009-10-14,XGBoost,1,2009
2009-10-14,2009,10,17.21,17.33,17.287479004859925,2009-10-15,XGBoost,1,2009
2009-10-15,2009,10,17.33,17.34,17.41194102346897,2009-10-16,XGBoost,1,2009
2009-10-16,2009,10,17.34,17.25,17.335018697343767,2009-10-17,XGBoost,1,2009
2009-10-17,2009,10,17.25,17.08,17.147515907883644,2009-10-18,XGBoost,1,2009
2009-10-18,2009,10,17.08,16.9,16.92038795530796,2009-10-19,XGBoost,1,2009
2009-10-19,2009,10,16.9,16.68,16.74323978424072,2009-10-20,XGBoost,1,2009
2009-10-20,2009,10,16.68,16.48,16.51942763507366,2009-10-21,XGBoost,1,2009
2009-10-21,2009,10,16.48,16.27,16.320947672724724,2009-10-22,XGBoost,1,2009
2009-10-22,2009,10,16.27,16.16,16.111192543506622,2009-10-23,XGBoost,1,2009
2009-10-23,2009,10,16.16,16.08,16.08217791825533,2009-10-24,XGBoost,1,2009
2009-10-24,2009,10,16.08,16.0,16.02154244288802,2009-10-25,XGBoost,1,2009
2009-10-25,2009,10,16.0,15.96,15.938452579081059,2009-10-26,XGBoost,1,2009
2009-10-26,2009,10,15.96,15.93,15.916707235425712,2009-10-27,XGBoost,1,2009
2009-10-27,2009,10,15.93,15.8,15.899043834134936,2009-10-28,XGBoost,1,2009
2009-10-28,2009,10,15.8,15.73,15.705256368219853,2009-10-29,XGBoost,1,2009
2009-10-29,2009,10,15.73,15.65,15.668188545405865,2009-10-30,XGBoost,1,2009
2009-10-30,2009,10,15.65,15.58,15.589384549856186,2009-10-31,XGBoost,1,2009
2009-10-31,2009,10,15.58,15.49,15.519384549856186,2009-11-01,XGBoost,1,2009
2009-11-01,2009,11,15.49,15.42,15.411536326408386,2009-11-02,XGBoost,1,2009
2009-11-02,2009,11,15.42,15.37,15.361205184906721,2009-11-03,XGBoost,1,2009
2009-11-03,2009,11,15.37,15.28,15.320309123843908,2009-11-04,XGBoost,1,2009
2009-11-04,2009,11,15.28,15.22,15.203674561083316,2009-11-05,XGBoost,1,2009
2009-11-05,2009,11,15.22,15.17,15.168923952877522,2009-11-06,XGBoost,1,2009
2009-11-06,2009,11,15.17,15.13,15.119377808719873,2009-11-07,XGBoost,1,2009
2009-11-07,2009,11,15.13,15.07,15.087734916359187,2009-11-08,XGBoost,1,2009
2009-11-08,2009,11,15.07,15.04,15.018372315615416,2009-11-09,XGBoost,1,2009
2009-11-09,2009,11,15.04,15.01,15.007308793216943,2009-11-10,XGBoost,1,2009
2009-11-10,2009,11,15.01,14.95,14.977308793216944,2009-11-11,XGBoost,1,2009
2009-11-11,2009,11,14.95,14.9,14.900932264328002,2009-11-12,XGBoost,1,2009
2009-11-12,2009,11,14.9,14.85,14.848694784194231,2009-11-13,XGBoost,1,2009
2009-11-13,2009,11,14.85,14.8,14.79869478419423,2009-11-14,XGBoost,1,2009
2009-11-14,2009,11,14.8,14.74,14.748694784194232,2009-11-15,XGBoost,1,2009
2009-11-15,2009,11,14.74,14.7,14.688372315615416,2009-11-16,XGBoost,1,2009
2009-11-16,2009,11,14.7,14.67,14.657734916359185,2009-11-17,XGBoost,1,2009
2009-11-17,2009,11,14.67,14.63,14.637308793216944,2009-11-18,XGBoost,1,2009
2009-11-18,2009,11,14.63,14.62,14.587734916359187,2009-11-19,XGBoost,1,2009
2009-11-19,2009,11,14.62,14.6,14.600574628338217,2009-11-20,XGBoost,1,2009
2009-11-20,2009,11,14.6,14.59,14.572999198362231,2009-11-21,XGBoost,1,2009
2009-11-21,2009,11,14.59,14.57,14.571258951127529,2009-11-22,XGBoost,1,2009
2009-11-22,2009,11,14.57,14.55,14.542999198362232,2009-11-23,XGBoost,1,2009
2009-11-23,2009,11,14.55,14.63,14.522999198362232,2009-11-24,XGBoost,1,2009
2009-11-24,2009,11,14.63,14.95,14.688424688875676,2009-11-25,XGBoost,1,2009
2009-11-25,2009,11,14.95,15.0,15.23566974401474,2009-11-26,XGBoost,1,2009
2009-11-26,2009,11,15.0,15.0,14.999479043122847,2009-11-27,XGBoost,1,2009
2009-11-27,2009,11,15.0,14.87,14.96409211307764,2009-11-28,XGBoost,1,2009
2009-11-28,2009,11,14.87,14.73,14.776090334057807,2009-11-29,XGBoost,1,2009
2009-11-29,2009,11,14.73,14.64,14.621393803060055,2009-11-30,XGBoost,1,2009
2009-11-30,2009,11,14.64,14.61,14.567283331751824,2009-12-01,XGBoost,1,2009
2009-12-01,2009,12,14.61,14.52,14.579596698880195,2009-12-02,XGBoost,1,2009
2009-12-02,2009,12,14.52,14.48,14.449651267826557,2009-12-03,XGBoost,1,2009
2009-12-03,2009,12,14.48,14.4,14.441697202175856,2009-12-04,XGBoost,1,2009
2009-12-04,2009,12,14.4,14.38,14.346547064930201,2009-12-05,XGBoost,1,2009
2009-12-05,2009,12,14.38,14.35,14.352432745620609,2009-12-06,XGBoost,1,2009
2009-12-06,2009,12,14.35,14.31,14.319619184732437,2009-12-07,XGBoost,1,2009
2009-12-07,2009,12,14.31,14.29,14.272988007813693,2009-12-08,XGBoost,1,2009
2009-12-08,2009,12,14.29,14.27,14.262434252500533,2009-12-09,XGBoost,1,2009
2009-12-09,2009,12,14.27,14.25,14.24496403567493,2009-12-10,XGBoost,1,2009
2009-12-10,2009,12,14.25,14.22,14.22496403567493,2009-12-11,XGBoost,1,2009
2009-12-11,2009,12,14.22,14.2,14.192148967906833,2009-12-12,XGBoost,1,2009
2009-12-12,2009,12,14.2,14.17,14.174964035674929,2009-12-13,XGBoost,1,2009
2009-12-13,2009,12,14.17,14.16,14.142898364067078,2009-12-14,XGBoost,1,2009
2009-12-14,2009,12,14.16,14.13,14.143973186463118,2009-12-15,XGBoost,1,2009
2009-12-15,2009,12,14.13,14.12,14.104003657698632,2009-12-16,XGBoost,1,2009
2009-12-16,2009,12,14.12,14.11,14.103973186463117,2009-12-17,XGBoost,1,2009
2009-12-17,2009,12,14.11,14.07,14.095912850126624,2009-12-18,XGBoost,1,2009
2009-12-18,2009,12,14.07,14.05,14.039824831932783,2009-12-19,XGBoost,1,2009
2009-12-19,2009,12,14.05,14.01,14.02875838726759,2009-12-20,XGBoost,1,2009
2009-12-20,2009,12,14.01,13.98,13.979824831932783,2009-12-21,XGBoost,1,2009
2009-12-21,2009,12,13.98,13.96,13.955943321362138,2009-12-22,XGBoost,1,2009
2009-12-22,2009,12,13.96,13.94,13.93875838726759,2009-12-23,XGBoost,1,2009
2009-12-23,2009,12,13.94,13.92,13.919660769924521,2009-12-24,XGBoost,1,2009
2009-12-24,2009,12,13.92,13.92,13.899660769924521,2009-12-25,XGBoost,1,2009
2009-12-25,2009,12,13.92,13.91,13.916572360629216,2009-12-26,XGBoost,1,2009
2009-12-26,2009,12,13.91,13.9,13.895913859680295,2009-12-27,XGBoost,1,2009
2009-12-27,2009,12,13.9,13.89,13.88746582120657,2009-12-28,XGBoost,1,2009
2009-12-28,2009,12,13.89,13.89,13.87746582120657,2009-12-29,XGBoost,1,2009
2009-12-29,2009,12,13.89,13.88,13.886321585960687,2009-12-30,XGBoost,1,2009
2009-12-30,2009,12,13.88,13.85,13.866564452759922,2009-12-31,XGBoost,1,2009
2009-12-31,2009,12,13.85,13.83,13.827496294304728,2010-01-01,XGBoost,1,2009
2010-01-01,2010,1,13.83,13.79,13.811840463355184,2010-01-02,XGBoost,1,2010
2010-01-02,2010,1,13.79,13.76,13.762233552485704,2010-01-03,XGBoost,1,2010
2010-01-03,2010,1,13.76,13.73,13.734996635690331,2010-01-04,XGBoost,1,2010
2010-01-04,2010,1,13.73,13.71,13.704996635690332,2010-01-05,XGBoost,1,2010
2010-01-05,2010,1,13.71,13.69,13.693397010713817,2010-01-06,XGBoost,1,2010
2010-01-06,2010,1,13.69,13.67,13.673397010713815,2010-01-07,XGBoost,1,2010
2010-01-07,2010,1,13.67,13.65,13.653397010713816,2010-01-08,XGBoost,1,2010
2010-01-08,2010,1,13.65,13.63,13.633397010713816,2010-01-09,XGBoost,1,2010
2010-01-09,2010,1,13.63,13.62,13.613397010713816,2010-01-10,XGBoost,1,2010
2010-01-10,2010,1,13.62,13.6,13.609028893411159,2010-01-11,XGBoost,1,2010
2010-01-11,2010,1,13.6,13.58,13.583397010713815,2010-01-12,XGBoost,1,2010
2010-01-12,2010,1,13.58,13.56,13.563397010713816,2010-01-13,XGBoost,1,2010
2010-01-13,2010,1,13.56,13.54,13.543397010713816,2010-01-14,XGBoost,1,2010
2010-01-14,2010,1,13.54,13.53,13.523397010713815,2010-01-15,XGBoost,1,2010
2010-01-15,2010,1,13.53,13.52,13.519028893411159,2010-01-16,XGBoost,1,2010
2010-01-16,2010,1,13.52,13.5,13.509028893411159,2010-01-17,XGBoost,1,2010
2010-01-17,2010,1,13.5,13.48,13.483397010713816,2010-01-18,XGBoost,1,2010
2010-01-18,2010,1,13.48,13.46,13.463397010713816,2010-01-19,XGBoost,1,2010
2010-01-19,2010,1,13.46,13.45,13.443397010713817,2010-01-20,XGBoost,1,2010
2010-01-20,2010,1,13.45,13.43,13.439028893411159,2010-01-21,XGBoost,1,2010
2010-01-21,2010,1,13.43,13.42,13.413397010713815,2010-01-22,XGBoost,1,2010
2010-01-22,2010,1,13.42,13.41,13.40902889341116,2010-01-23,XGBoost,1,2010
2010-01-23,2010,1,13.41,13.39,13.39902889341116,2010-01-24,XGBoost,1,2010
2010-01-24,2010,1,13.39,13.37,13.373397010713816,2010-01-25,XGBoost,1,2010
2010-01-25,2010,1,13.37,13.36,13.353397010713815,2010-01-26,XGBoost,1,2010
2010-01-26,2010,1,13.36,13.35,13.349028893411159,2010-01-27,XGBoost,1,2010
2010-01-27,2010,1,13.35,13.34,13.33902889341116,2010-01-28,XGBoost,1,2010
2010-01-28,2010,1,13.34,13.32,13.32902889341116,2010-01-29,XGBoost,1,2010
2010-01-29,2010,1,13.32,13.3,13.303397010713816,2010-01-30,XGBoost,1,2010
2010-01-30,2010,1,13.3,13.28,13.283397010713816,2010-01-31,XGBoost,1,2010
2010-01-31,2010,1,13.28,13.27,13.263397010713815,2010-02-01,XGBoost,1,2010
2010-02-01,2010,2,13.27,13.25,13.259028893411159,2010-02-02,XGBoost,1,2010
2010-02-02,2010,2,13.25,13.24,13.233397010713816,2010-02-03,XGBoost,1,2010
2010-02-03,2010,2,13.24,13.22,13.22902889341116,2010-02-04,XGBoost,1,2010
2010-02-04,2010,2,13.22,13.2,13.203397010713816,2010-02-05,XGBoost,1,2010
2010-02-05,2010,2,13.2,13.19,13.183397010713815,2010-02-06,XGBoost,1,2010
2010-02-06,2010,2,13.19,13.18,13.179028893411159,2010-02-07,XGBoost,1,2010
2010-02-07,2010,2,13.18,13.17,13.16902889341116,2010-02-08,XGBoost,1,2010
2010-02-08,2010,2,13.17,13.15,13.15902889341116,2010-02-09,XGBoost,1,2010
2010-02-09,2010,2,13.15,13.14,13.133397010713816,2010-02-10,XGBoost,1,2010
2010-02-10,2010,2,13.14,13.13,13.12902889341116,2010-02-11,XGBoost,1,2010
2010-02-11,2010,2,13.13,13.11,13.11902889341116,2010-02-12,XGBoost,1,2010
2010-02-12,2010,2,13.11,13.1,13.093397010713815,2010-02-13,XGBoost,1,2010
2010-02-13,2010,2,13.1,13.09,13.08902889341116,2010-02-14,XGBoost,1,2010
2010-02-14,2010,2,13.09,13.08,13.07902889341116,2010-02-15,XGBoost,1,2010
2010-02-15,2010,2,13.08,13.08,13.06902889341116,2010-02-16,XGBoost,1,2010
2010-02-16,2010,2,13.08,13.07,13.07510819092393,2010-02-17,XGBoost,1,2010
2010-02-17,2010,2,13.07,13.06,13.05902889341116,2010-02-18,XGBoost,1,2010
2010-02-18,2010,2,13.06,13.05,13.04902889341116,2010-02-19,XGBoost,1,2010
2010-02-19,2010,2,13.05,13.05,13.03902889341116,2010-02-20,XGBoost,1,2010
2010-02-20,2010,2,13.05,13.04,13.04510819092393,2010-02-21,XGBoost,1,2010
2010-02-21,2010,2,13.04,13.03,13.029028893411159,2010-02-22,XGBoost,1,2010
2010-02-22,2010,2,13.03,13.03,13.019028893411159,2010-02-23,XGBoost,1,2010
2010-02-23,2010,2,13.03,13.03,13.025542862452566,2010-02-24,XGBoost,1,2010
2010-02-24,2010,2,13.03,13.03,13.030808857264928,2010-02-25,XGBoost,1,2010
2010-02-25,2010,2,13.03,13.03,13.030808857264928,2010-02-26,XGBoost,1,2010
2010-02-26,2010,2,13.03,13.04,13.030808857264928,2010-02-27,XGBoost,1,2010
2010-02-27,2010,2,13.04,13.04,13.05371796708554,2010-02-28,XGBoost,1,2010
2010-02-28,2010,2,13.04,13.04,13.040808857264928,2010-03-01,XGBoost,1,2010
2010-03-01,2010,3,13.04,13.04,13.040808857264928,2010-03-02,XGBoost,1,2010
2010-03-02,2010,3,13.04,13.05,13.040808857264928,2010-03-03,XGBoost,1,2010
2010-03-03,2010,3,13.05,13.05,13.063717967085541,2010-03-04,XGBoost,1,2010
2010-03-04,2010,3,13.05,13.07,13.05080885726493,2010-03-05,XGBoost,1,2010
2010-03-05,2010,3,13.07,13.1,13.098482645750046,2010-03-06,XGBoost,1,2010
2010-03-06,2010,3,13.1,13.12,13.131279742717743,2010-03-07,XGBoost,1,2010
2010-03-07,2010,3,13.12,13.14,13.14884372882545,2010-03-08,XGBoost,1,2010
2010-03-08,2010,3,13.14,13.16,13.16884372882545,2010-03-09,XGBoost,1,2010
2010-03-09,2010,3,13.16,13.19,13.18884372882545,2010-03-10,XGBoost,1,2010
2010-03-10,2010,3,13.19,13.22,13.221640820205211,2010-03-11,XGBoost,1,2010
2010-03-11,2010,3,13.22,13.27,13.252849069684745,2010-03-12,XGBoost,1,2010
2010-03-12,2010,3,13.27,13.43,13.314633354991674,2010-03-13,XGBoost,1,2010
2010-03-13,2010,3,13.43,13.55,13.549328953325748,2010-03-14,XGBoost,1,2010
2010-03-14,2010,3,13.55,13.66,13.626353766024113,2010-03-15,XGBoost,1,2010
2010-03-15,2010,3,13.66,13.7,13.723335873186588,2010-03-16,XGBoost,1,2010
2010-03-16,2010,3,13.7,13.7,13.690678346715867,2010-03-17,XGBoost,1,2010
2010-03-17,2010,3,13.7,13.64,13.67970651090145,2010-03-18,XGBoost,1,2010
2010-03-18,2010,3,13.64,13.58,13.609995725899935,2010-03-19,XGBoost,1,2010
2010-03-19,2010,3,13.58,13.53,13.5507813244313,2010-03-20,XGBoost,1,2010
2010-03-20,2010,3,13.53,13.48,13.499648219645023,2010-03-21,XGBoost,1,2010
2010-03-21,2010,3,13.48,13.46,13.450369409769774,2010-03-22,XGBoost,1,2010
2010-03-22,2010,3,13.46,13.46,13.451445707157255,2010-03-23,XGBoost,1,2010
2010-03-23,2010,3,13.46,13.46,13.463890870604665,2010-03-24,XGBoost,1,2010
2010-03-24,2010,3,13.46,13.45,13.464772294778378,2010-03-25,XGBoost,1,2010
2010-03-25,2010,3,13.45,13.45,13.449545359401963,2010-03-26,XGBoost,1,2010
2010-03-26,2010,3,13.45,13.45,13.456029435899108,2010-03-27,XGBoost,1,2010
2010-03-27,2010,3,13.45,13.53,13.456029435899108,2010-03-28,XGBoost,1,2010
2010-03-28,2010,3,13.53,13.65,13.63178456455469,2010-03-29,XGBoost,1,2010
2010-03-29,2010,3,13.65,13.77,13.743735083937645,2010-03-30,XGBoost,1,2010
2010-03-30,2010,3,13.77,13.97,13.851452183425426,2010-03-31,XGBoost,1,2010
2010-03-31,2010,3,13.97,14.42,14.087767177522183,2010-04-01,XGBoost,1,2010
2010-04-01,2010,4,14.42,14.8,14.630750937461853,2010-04-02,XGBoost,1,2010
2010-04-02,2010,4,14.8,15.07,14.964960518479348,2010-04-03,XGBoost,1,2010
2010-04-03,2010,4,15.07,15.17,15.210065640211106,2010-04-04,XGBoost,1,2010
2010-04-04,2010,4,15.17,15.17,15.189232215359807,2010-04-05,XGBoost,1,2010
2010-04-05,2010,4,15.17,15.09,15.114214448332786,2010-04-06,XGBoost,1,2010
2010-04-06,2010,4,15.09,15.16,15.043327972441912,2010-04-07,XGBoost,1,2010
2010-04-07,2010,4,15.16,15.4,15.248041491806507,2010-04-08,XGBoost,1,2010
2010-04-08,2010,4,15.4,15.57,15.690042787790299,2010-04-09,XGBoost,1,2010
2010-04-09,2010,4,15.57,15.65,15.679103858470917,2010-04-10,XGBoost,1,2010
2010-04-10,2010,4,15.65,15.65,15.709631302952767,2010-04-11,XGBoost,1,2010
2010-04-11,2010,4,15.65,15.68,15.616686297208071,2010-04-12,XGBoost,1,2010
2010-04-12,2010,4,15.68,15.78,15.712684057950973,2010-04-13,XGBoost,1,2010
2010-04-13,2010,4,15.78,15.79,15.853196604847907,2010-04-14,XGBoost,1,2010
2010-04-14,2010,4,15.79,15.69,15.801598661541938,2010-04-15,XGBoost,1,2010
2010-04-15,2010,4,15.69,15.57,15.646640601158142,2010-04-16,XGBoost,1,2010
2010-04-16,2010,4,15.57,15.56,15.5271734033525,2010-04-17,XGBoost,1,2010
2010-04-17,2010,4,15.56,15.74,15.640272421240807,2010-04-18,XGBoost,1,2010
2010-04-18,2010,4,15.74,15.74,15.89805071592331,2010-04-19,XGBoost,1,2010
2010-04-19,2010,4,15.74,15.96,15.725318287275732,2010-04-20,XGBoost,1,2010
2010-04-20,2010,4,15.96,16.21,16.253057799339295,2010-04-21,XGBoost,1,2010
2010-04-21,2010,4,16.21,16.4,16.420106745362283,2010-04-22,XGBoost,1,2010
2010-04-22,2010,4,16.4,16.48,16.515030124783515,2010-04-23,XGBoost,1,2010
2010-04-23,2010,4,16.48,16.55,16.550781238377095,2010-04-24,XGBoost,1,2010
2010-04-24,2010,4,16.55,16.55,16.608729443699122,2010-04-25,XGBoost,1,2010
2010-04-25,2010,4,16.55,16.65,16.516295804828406,2010-04-26,XGBoost,1,2010
2010-04-26,2010,4,16.65,17.43,16.727507503330706,2010-04-27,XGBoost,1,2010
2010-04-27,2010,4,17.43,17.87,17.734109692573547,2010-04-28,XGBoost,1,2010
2010-04-28,2010,4,17.87,17.98,18.115296373963357,2010-04-29,XGBoost,1,2010
2010-04-29,2010,4,17.98,17.92,17.920454423427582,2010-04-30,XGBoost,1,2010
2010-04-30,2010,4,17.92,17.69,17.835426015853884,2010-05-01,XGBoost,1,2010
2010-05-01,2010,5,17.69,17.44,17.538258629441263,2010-05-02,XGBoost,1,2010
2010-05-02,2010,5,17.44,17.03,17.269432591795923,2010-05-03,XGBoost,1,2010
2010-05-03,2010,5,17.03,16.76,16.856302111148835,2010-05-04,XGBoost,1,2010
2010-05-04,2010,5,16.76,16.5,16.61808810591698,2010-05-05,XGBoost,1,2010
2010-05-05,2010,5,16.5,16.25,16.37927483767271,2010-05-06,XGBoost,1,2010
2010-05-06,2010,5,16.25,16.09,16.12927483767271,2010-05-07,XGBoost,1,2010
2010-05-07,2010,5,16.09,16.03,16.017075684070587,2010-05-08,XGBoost,1,2010
2010-05-08,2010,5,16.03,16.12,16.02581211945042,2010-05-09,XGBoost,1,2010
2010-05-09,2010,5,16.12,16.31,16.214809368252755,2010-05-10,XGBoost,1,2010
2010-05-10,2010,5,16.31,16.33,16.494267565608023,2010-05-11,XGBoost,1,2010
2010-05-11,2010,5,16.33,16.27,16.33520759169012,2010-05-12,XGBoost,1,2010
2010-05-12,2010,5,16.27,16.24,16.20483953177929,2010-05-13,XGBoost,1,2010
2010-05-13,2010,5,16.24,16.24,16.227573370337485,2010-05-14,XGBoost,1,2010
2010-05-14,2010,5,16.24,16.33,16.25670741289854,2010-05-15,XGBoost,1,2010
2010-05-15,2010,5,16.33,16.84,16.445440562367438,2010-05-16,XGBoost,1,2010
2010-05-16,2010,5,16.84,17.47,17.24044954419136,2010-05-17,XGBoost,1,2010
2010-05-17,2010,5,17.47,17.8,17.817029149532317,2010-05-18,XGBoost,1,2010
2010-05-18,2010,5,17.8,17.97,17.918198573589326,2010-05-19,XGBoost,1,2010
2010-05-19,2010,5,17.97,18.16,17.97044056412298,2010-05-20,XGBoost,1,2010
2010-05-20,2010,5,18.16,18.2,18.238128404915333,2010-05-21,XGBoost,1,2010
2010-05-21,2010,5,18.2,18.0,18.132872638106345,2010-05-22,XGBoost,1,2010
2010-05-22,2010,5,18.0,17.65,17.82391855120659,2010-05-23,XGBoost,1,2010
2010-05-23,2010,5,17.65,17.6,17.469255769252776,2010-05-24,XGBoost,1,2010
2010-05-24,2010,5,17.6,17.7,17.65615993589163,2010-05-25,XGBoost,1,2010
2010-05-25,2010,5,17.7,18.04,17.806539897620677,2010-05-26,XGBoost,1,2010
2010-05-26,2010,5,18.04,18.18,18.271669917702674,2010-05-27,XGBoost,1,2010
2010-05-27,2010,5,18.18,18.08,18.232780784666538,2010-05-28,XGBoost,1,2010
2010-05-28,2010,5,18.08,17.84,17.989111738204954,2010-05-29,XGBoost,1,2010
2010-05-29,2010,5,17.84,17.64,17.708280842900276,2010-05-30,XGBoost,1,2010
2010-05-30,2010,5,17.64,17.58,17.553877815008164,2010-05-31,XGBoost,1,2010
2010-05-31,2010,5,17.58,17.44,17.613077433705328,2010-06-01,XGBoost,1,2010
2010-06-01,2010,6,17.44,17.38,17.3738321313262,2010-06-02,XGBoost,1,2010
2010-06-02,2010,6,17.38,17.44,17.369049799740313,2010-06-03,XGBoost,1,2010
2010-06-03,2010,6,17.44,17.41,17.526627423763276,2010-06-04,XGBoost,1,2010
2010-06-04,2010,6,17.41,17.57,17.422019339948893,2010-06-05,XGBoost,1,2010
2010-06-05,2010,6,17.57,17.76,17.751627690792084,2010-06-06,XGBoost,1,2010
2010-06-06,2010,6,17.76,18.0,17.929017136096956,2010-06-07,XGBoost,1,2010
2010-06-07,2010,6,18.0,18.2,18.238059014081955,2010-06-08,XGBoost,1,2010
2010-06-08,2010,6,18.2,18.2,18.325162959098815,2010-06-09,XGBoost,1,2010
2010-06-09,2010,6,18.2,18.33,18.147029426693916,2010-06-10,XGBoost,1,2010
2010-06-10,2010,6,18.33,18.75,18.421603010892866,2010-06-11,XGBoost,1,2010
2010-06-11,2010,6,18.75,18.93,19.075801610946655,2010-06-12,XGBoost,1,2010
2010-06-12,2010,6,18.93,18.92,18.99529952585697,2010-06-13,XGBoost,1,2010
2010-06-13,2010,6,18.92,18.65,18.821005282998087,2010-06-14,XGBoost,1,2010
2010-06-14,2010,6,18.65,18.45,18.49601105749607,2010-06-15,XGBoost,1,2010
2010-06-15,2010,6,18.45,18.34,18.32226565182209,2010-06-16,XGBoost,1,2010
2010-06-16,2010,6,18.34,18.31,18.357122140154242,2010-06-17,XGBoost,1,2010
2010-06-17,2010,6,18.31,18.32,18.317685254793613,2010-06-18,XGBoost,1,2010
2010-06-18,2010,6,18.32,18.44,18.346208102703095,2010-06-19,XGBoost,1,2010
2010-06-19,2010,6,18.44,18.44,18.55304320394993,2010-06-20,XGBoost,1,2010
2010-06-20,2010,6,18.44,18.57,18.43659003550187,2010-06-21,XGBoost,1,2010
2010-06-21,2010,6,18.57,18.55,18.678911529183388,2010-06-22,XGBoost,1,2010
2010-06-22,2010,6,18.55,18.51,18.49846723601222,2010-06-23,XGBoost,1,2010
2010-06-23,2010,6,18.51,18.61,18.459816185981037,2010-06-24,XGBoost,1,2010
2010-06-24,2010,6,18.61,18.61,18.70533020108938,2010-06-25,XGBoost,1,2010
2010-06-25,2010,6,18.61,18.65,18.623063519261777,2010-06-26,XGBoost,1,2010
2010-06-26,2010,6,18.65,18.74,18.66786234602332,2010-06-27,XGBoost,1,2010
2010-06-27,2010,6,18.74,19.31,18.791929254084824,2010-06-28,XGBoost,1,2010
2010-06-28,2010,6,19.31,19.61,19.650525954961775,2010-06-29,XGBoost,1,2010
2010-06-29,2010,6,19.61,19.59,19.80187943637371,2010-06-30,XGBoost,1,2010
2010-06-30,2010,6,19.59,19.51,19.51738512158394,2010-07-01,XGBoost,1,2010
2010-07-01,2010,7,19.51,19.47,19.403416970968248,2010-07-02,XGBoost,1,2010
2010-07-02,2010,7,19.47,19.42,19.419660293757914,2010-07-03,XGBoost,1,2010
2010-07-03,2010,7,19.42,19.45,19.351836642324926,2010-07-04,XGBoost,1,2010
2010-07-04,2010,7,19.45,19.44,19.458560679852962,2010-07-05,XGBoost,1,2010
2010-07-05,2010,7,19.44,19.35,19.412838802263142,2010-07-06,XGBoost,1,2010
2010-07-06,2010,7,19.35,19.24,19.30348196849227,2010-07-07,XGBoost,1,2010
2010-07-07,2010,7,19.24,19.08,19.200242979228495,2010-07-08,XGBoost,1,2010
2010-07-08,2010,7,19.08,19.05,19.029249073863028,2010-07-09,XGBoost,1,2010
2010-07-09,2010,7,19.05,19.05,19.02109639644623,2010-07-10,XGBoost,1,2010
2010-07-10,2010,7,19.05,19.26,19.06015423052013,2010-07-11,XGBoost,1,2010
2010-07-11,2010,7,19.26,19.42,19.409768978357317,2010-07-12,XGBoost,1,2010
2010-07-12,2010,7,19.42,19.51,19.54796337902546,2010-07-13,XGBoost,1,2010
2010-07-13,2010,7,19.51,19.52,19.563143568336965,2010-07-14,XGBoost,1,2010
2010-07-14,2010,7,19.52,19.52,19.526130408495664,2010-07-15,XGBoost,1,2010
2010-07-15,2010,7,19.52,19.44,19.50283235915005,2010-07-16,XGBoost,1,2010
2010-07-16,2010,7,19.44,19.34,19.37867138400674,2010-07-17,XGBoost,1,2010
2010-07-17,2010,7,19.34,19.31,19.25730871796608,2010-07-18,XGBoost,1,2010
2010-07-18,2010,7,19.31,19.4,19.272753664702176,2010-07-19,XGBoost,1,2010
2010-07-19,2010,7,19.4,19.52,19.45165636911988,2010-07-20,XGBoost,1,2010
2010-07-20,2010,7,19.52,19.54,19.58477379798889,2010-07-21,XGBoost,1,2010
2010-07-21,2010,7,19.54,19.67,19.52211169615388,2010-07-22,XGBoost,1,2010
2010-07-22,2010,7,19.67,19.8,19.75688235282898,2010-07-23,XGBoost,1,2010
2010-07-23,2010,7,19.8,19.78,19.887022490799428,2010-07-24,XGBoost,1,2010
2010-07-24,2010,7,19.78,19.65,19.710016912519933,2010-07-25,XGBoost,1,2010
2010-07-25,2010,7,19.65,19.47,19.522063785791396,2010-07-26,XGBoost,1,2010
2010-07-26,2010,7,19.47,19.33,19.28427116692066,2010-07-27,XGBoost,1,2010
2010-07-27,2010,7,19.33,19.29,19.204204784631727,2010-07-28,XGBoost,1,2010
2010-07-28,2010,7,19.29,19.21,19.269160433635115,2010-07-29,XGBoost,1,2010
2010-07-29,2010,7,19.21,19.17,19.170174694657327,2010-07-30,XGBoost,1,2010
2010-07-30,2010,7,19.17,19.08,19.129866341203453,2010-07-31,XGBoost,1,2010
2010-07-31,2010,7,19.08,19.07,19.014827029705046,2010-08-01,XGBoost,1,2010
2010-08-01,2010,8,19.07,18.97,19.0631469168514,2010-08-02,XGBoost,1,2010
2010-08-02,2010,8,18.97,18.9,18.904827029705046,2010-08-03,XGBoost,1,2010
2010-08-03,2010,8,18.9,18.73,18.851809171587227,2010-08-04,XGBoost,1,2010
2010-08-04,2010,8,18.73,18.68,18.596933777928353,2010-08-05,XGBoost,1,2010
2010-08-05,2010,8,18.68,18.653,18.630470443814993,2010-08-06,XGBoost,1,2010
2010-08-06,2010,8,18.653,18.62,18.62395032595098,2010-08-07,XGBoost,1,2010
2010-08-07,2010,8,18.62,18.57,18.587580772936345,2010-08-08,XGBoost,1,2010
2010-08-08,2010,8,18.57,18.54,18.524743418842554,2010-08-09,XGBoost,1,2010
2010-08-09,2010,8,18.54,18.47,18.517046366780995,2010-08-10,XGBoost,1,2010
2010-08-10,2010,8,18.47,18.38,18.429231238812207,2010-08-11,XGBoost,1,2010
2010-08-11,2010,8,18.38,18.34,18.319909137785434,2010-08-12,XGBoost,1,2010
2010-08-12,2010,8,18.34,18.28,18.31061438858509,2010-08-13,XGBoost,1,2010
2010-08-13,2010,8,18.28,18.25,18.234804938286544,2010-08-14,XGBoost,1,2010
2010-08-14,2010,8,18.25,18.18,18.223815705627203,2010-08-15,XGBoost,1,2010
2010-08-15,2010,8,18.18,18.15,18.134803079366684,2010-08-16,XGBoost,1,2010
2010-08-16,2010,8,18.15,18.14,18.124987940862773,2010-08-17,XGBoost,1,2010
2010-08-17,2010,8,18.14,18.37,18.14911376811564,2010-08-18,XGBoost,1,2010
2010-08-18,2010,8,18.37,18.5,18.84322279214859,2010-08-19,XGBoost,1,2010
2010-08-19,2010,8,18.5,18.75,18.58369618654251,2010-08-20,XGBoost,1,2010
2010-08-20,2010,8,18.75,18.79,18.998806670308113,2010-08-21,XGBoost,1,2010
2010-08-21,2010,8,18.79,18.89,18.75840837970376,2010-08-22,XGBoost,1,2010
2010-08-22,2010,8,18.89,19.05,18.92446150571108,2010-08-23,XGBoost,1,2010
2010-08-23,2010,8,19.05,19.22,19.183145049214364,2010-08-24,XGBoost,1,2010
2010-08-24,2010,8,19.22,19.37,19.35705387711525,2010-08-25,XGBoost,1,2010
2010-08-25,2010,8,19.37,19.38,19.504188666939736,2010-08-26,XGBoost,1,2010
2010-08-26,2010,8,19.38,19.35,19.36009133338928,2010-08-27,XGBoost,1,2010
2010-08-27,2010,8,19.35,19.39,19.274178428947927,2010-08-28,XGBoost,1,2010
2010-08-28,2010,8,19.39,19.52,19.411900955587626,2010-08-29,XGBoost,1,2010
2010-08-29,2010,8,19.52,19.53,19.603291113376617,2010-08-30,XGBoost,1,2010
2010-08-30,2010,8,19.53,19.53,19.535665089003743,2010-08-31,XGBoost,1,2010
2010-08-31,2010,8,19.53,19.42,19.508252947330476,2010-09-01,XGBoost,1,2010
2010-09-01,2010,9,19.42,19.33,19.335142424404623,2010-09-02,XGBoost,1,2010
2010-09-02,2010,9,19.33,19.29,19.23676589310169,2010-09-03,XGBoost,1,2010
2010-09-03,2010,9,19.29,19.2,19.240760014355182,2010-09-04,XGBoost,1,2010
2010-09-04,2010,9,19.2,19.19,19.128738698363303,2010-09-05,XGBoost,1,2010
2010-09-05,2010,9,19.19,19.19,19.17809008859098,2010-09-06,XGBoost,1,2010
2010-09-06,2010,9,19.19,19.2,19.176732539720835,2010-09-07,XGBoost,1,2010
2010-09-07,2010,9,19.2,19.12,19.204612975753843,2010-09-08,XGBoost,1,2010
2010-09-08,2010,9,19.12,19.09,19.04611860483885,2010-09-09,XGBoost,1,2010
2010-09-09,2010,9,19.09,19.17,19.03889898970723,2010-09-10,XGBoost,1,2010
2010-09-10,2010,9,19.17,19.35,19.254123119711878,2010-09-11,XGBoost,1,2010
2010-09-11,2010,9,19.35,19.61,19.50618343651295,2010-09-12,XGBoost,1,2010
2010-09-12,2010,9,19.61,19.77,19.80615536928177,2010-09-13,XGBoost,1,2010
2010-09-13,2010,9,19.77,19.78,19.87337656736374,2010-09-14,XGBoost,1,2010
2010-09-14,2010,9,19.78,19.78,19.752667053341867,2010-09-15,XGBoost,1,2010
2010-09-15,2010,9,19.78,19.78,19.756603101938964,2010-09-16,XGBoost,1,2010
2010-09-16,2010,9,19.78,19.71,19.749031397253276,2010-09-17,XGBoost,1,2010
2010-09-17,2010,9,19.71,19.55,19.621594927310944,2010-09-18,XGBoost,1,2010
2010-09-18,2010,9,19.55,19.41,19.374848994612694,2010-09-19,XGBoost,1,2010
2010-09-19,2010,9,19.41,19.3,19.248999077677727,2010-09-20,XGBoost,1,2010
2010-09-20,2010,9,19.3,19.27,19.176416571438313,2010-09-21,XGBoost,1,2010
2010-09-21,2010,9,19.27,19.25,19.209261011779308,2010-09-22,XGBoost,1,2010
2010-09-22,2010,9,19.25,19.23,19.199480067938566,2010-09-23,XGBoost,1,2010
2010-09-23,2010,9,19.23,19.18,19.198464124947787,2010-09-24,XGBoost,1,2010
2010-09-24,2010,9,19.18,19.09,19.115770601034164,2010-09-25,XGBoost,1,2010
2010-09-25,2010,9,19.09,19.0,19.02567781895399,2010-09-26,XGBoost,1,2010
2010-09-26,2010,9,19.0,18.87,18.93567781895399,2010-09-27,XGBoost,1,2010
2010-09-27,2010,9,18.87,18.75,18.738026301264764,2010-09-28,XGBoost,1,2010
2010-09-28,2010,9,18.75,18.66,18.633034341037273,2010-09-29,XGBoost,1,2010
2010-09-29,2010,9,18.66,18.61,18.54034038245678,2010-09-30,XGBoost,1,2010
2010-11-08,2010,11,15.78,15.74,15.723180307745933,2010-11-09,XGBoost,1,2010
2010-11-09,2010,11,15.74,15.68,15.69536744594574,2010-11-10,XGBoost,1,2010
2010-11-10,2010,11,15.68,15.6,15.624958966225385,2010-11-11,XGBoost,1,2010
2010-11-11,2010,11,15.6,15.55,15.53554025888443,2010-11-12,XGBoost,1,2010
2010-11-12,2010,11,15.55,15.5,15.494958966225386,2010-11-13,XGBoost,1,2010
2010-11-13,2010,11,15.5,15.45,15.444958966225386,2010-11-14,XGBoost,1,2010
2010-11-14,2010,11,15.45,15.4,15.397930246591567,2010-11-15,XGBoost,1,2010
2010-11-15,2010,11,15.4,15.33,15.347930246591568,2010-11-16,XGBoost,1,2010
2010-11-16,2010,11,15.33,15.29,15.275609711110592,2010-11-17,XGBoost,1,2010
2010-11-17,2010,11,15.29,15.26,15.246695087254047,2010-11-18,XGBoost,1,2010
2010-11-18,2010,11,15.26,15.23,15.221724642664194,2010-11-19,XGBoost,1,2010
2010-11-19,2010,11,15.23,15.2,15.196062556952239,2010-11-20,XGBoost,1,2010
2010-11-20,2010,11,15.2,15.17,15.166062556952237,2010-11-21,XGBoost,1,2010
2010-11-21,2010,11,15.17,15.14,15.136062556952238,2010-11-22,XGBoost,1,2010
2010-11-22,2010,11,15.14,15.12,15.106062556952239,2010-11-23,XGBoost,1,2010
2010-11-23,2010,11,15.12,15.08,15.096734030991792,2010-11-24,XGBoost,1,2010
2010-11-24,2010,11,15.08,15.05,15.042414775043726,2010-11-25,XGBoost,1,2010
2010-11-25,2010,11,15.05,15.07,15.016062556952239,2010-11-26,XGBoost,1,2010
2010-11-26,2010,11,15.07,15.09,15.090319478586316,2010-11-27,XGBoost,1,2010
2010-11-27,2010,11,15.09,15.11,15.110319478586316,2010-11-28,XGBoost,1,2010
2010-11-28,2010,11,15.11,15.11,15.130319478586316,2010-11-29,XGBoost,1,2010
2010-11-29,2010,11,15.11,15.06,15.10264569254592,2010-11-30,XGBoost,1,2010
2010-11-30,2010,11,15.06,15.01,15.012386047691107,2010-12-01,XGBoost,1,2010
2010-12-01,2010,12,15.01,14.93,14.963171636909246,2010-12-02,XGBoost,1,2010
2010-12-02,2010,12,14.93,14.897,14.873752903491258,2010-12-03,XGBoost,1,2010
2010-12-03,2010,12,14.897,14.86,14.863423276811838,2010-12-04,XGBoost,1,2010
2010-12-04,2010,12,14.86,14.82,14.826423276811838,2010-12-05,XGBoost,1,2010
2010-12-05,2010,12,14.82,14.8,14.78290972456336,2010-12-06,XGBoost,1,2010
2010-12-06,2010,12,14.8,14.79,14.777228984236718,2010-12-07,XGBoost,1,2010
2010-12-07,2010,12,14.79,14.77,14.774668700024485,2010-12-08,XGBoost,1,2010
2010-12-08,2010,12,14.77,14.74,14.748379605337977,2010-12-09,XGBoost,1,2010
2010-12-09,2010,12,14.74,14.7,14.706267112642527,2010-12-10,XGBoost,1,2010
2010-12-10,2010,12,14.7,14.66,14.666263193637132,2010-12-11,XGBoost,1,2010
2010-12-11,2010,12,14.66,14.61,14.626263193637133,2010-12-12,XGBoost,1,2010
2010-12-12,2010,12,14.61,14.57,14.56787226036191,2010-12-13,XGBoost,1,2010
2010-12-13,2010,12,14.57,14.53,14.53663710102439,2010-12-14,XGBoost,1,2010
2010-12-14,2010,12,14.53,14.5,14.496637101024389,2010-12-15,XGBoost,1,2010
2010-12-15,2010,12,14.5,14.47,14.470284910872579,2010-12-16,XGBoost,1,2010
2010-12-16,2010,12,14.47,14.45,14.44028491087258,2010-12-17,XGBoost,1,2010
2010-12-17,2010,12,14.45,14.43,14.428379605337977,2010-12-18,XGBoost,1,2010
2010-12-18,2010,12,14.43,14.41,14.409401368647814,2010-12-19,XGBoost,1,2010
2010-12-19,2010,12,14.41,14.38,14.389401368647814,2010-12-20,XGBoost,1,2010
2010-12-20,2010,12,14.38,14.36,14.351306676045061,2010-12-21,XGBoost,1,2010
2010-12-21,2010,12,14.36,14.34,14.339401368647813,2010-12-22,XGBoost,1,2010
2010-12-22,2010,12,14.34,14.33,14.319401368647814,2010-12-23,XGBoost,1,2010
2010-12-23,2010,12,14.33,14.28,14.315819322988391,2010-12-24,XGBoost,1,2010
2010-12-24,2010,12,14.28,14.27,14.239294948726892,2010-12-25,XGBoost,1,2010
2010-12-25,2010,12,14.27,14.26,14.256220249906182,2010-12-26,XGBoost,1,2010
2010-12-26,2010,12,14.26,14.24,14.248274980336427,2010-12-27,XGBoost,1,2010
2010-12-27,2010,12,14.24,14.21,14.221857031583786,2010-12-28,XGBoost,1,2010
2010-12-28,2010,12,14.21,14.17,14.184996635690332,2010-12-29,XGBoost,1,2010
2010-12-29,2010,12,14.17,14.14,14.14271184809506,2010-12-30,XGBoost,1,2010
2010-12-30,2010,12,14.14,14.1,14.114996635690332,2010-12-31,XGBoost,1,2010
2010-12-31,2010,12,14.1,14.08,14.072711848095059,2011-01-01,XGBoost,1,2010
2011-01-01,2011,1,14.08,14.06,14.060523258447647,2011-01-02,XGBoost,1,2011
2011-01-02,2011,1,14.06,14.04,14.040523258447648,2011-01-03,XGBoost,1,2011
2011-01-03,2011,1,14.04,14.03,14.020523258447646,2011-01-04,XGBoost,1,2011
2011-01-04,2011,1,14.03,13.99,14.016446978524327,2011-01-05,XGBoost,1,2011
2011-01-05,2011,1,13.99,13.96,13.963193291574717,2011-01-06,XGBoost,1,2011
2011-01-06,2011,1,13.96,13.94,13.937600118145347,2011-01-07,XGBoost,1,2011
2011-01-07,2011,1,13.94,13.92,13.922927730306982,2011-01-08,XGBoost,1,2011
2011-01-08,2011,1,13.92,13.9,13.902927730306983,2011-01-09,XGBoost,1,2011
2011-01-09,2011,1,13.9,13.88,13.882927730306983,2011-01-10,XGBoost,1,2011
2011-01-10,2011,1,13.88,13.863,13.862927730306984,2011-01-11,XGBoost,1,2011
2011-01-11,2011,1,13.863,13.84,13.845927730306983,2011-01-12,XGBoost,1,2011
2011-01-12,2011,1,13.84,13.82,13.820032660067081,2011-01-13,XGBoost,1,2011
2011-01-13,2011,1,13.82,13.798,13.802927730306983,2011-01-14,XGBoost,1,2011
2011-01-14,2011,1,13.798,13.77,13.7779536857754,2011-01-15,XGBoost,1,2011
2011-01-15,2011,1,13.77,13.75,13.749054056107997,2011-01-16,XGBoost,1,2011
2011-01-16,2011,1,13.75,13.73,13.732927730306983,2011-01-17,XGBoost,1,2011
2011-01-17,2011,1,13.73,13.71,13.712927730306983,2011-01-18,XGBoost,1,2011
2011-01-18,2011,1,13.71,13.69,13.692927730306984,2011-01-19,XGBoost,1,2011
2011-01-19,2011,1,13.69,13.68,13.672927730306982,2011-01-20,XGBoost,1,2011
2011-01-20,2011,1,13.68,13.67,13.668851450383663,2011-01-21,XGBoost,1,2011
2011-01-21,2011,1,13.67,13.65,13.658851450383663,2011-01-22,XGBoost,1,2011
2011-01-22,2011,1,13.65,13.63,13.632927730306983,2011-01-23,XGBoost,1,2011
2011-01-23,2011,1,13.63,13.63,13.612927730306984,2011-01-24,XGBoost,1,2011
2011-01-24,2011,1,13.63,13.63,13.626210089651869,2011-01-25,XGBoost,1,2011
2011-01-25,2011,1,13.63,13.61,13.626210089651869,2011-01-26,XGBoost,1,2011
2011-01-26,2011,1,13.61,13.59,13.592791647315025,2011-01-27,XGBoost,1,2011
2011-01-27,2011,1,13.59,13.56,13.572927730306983,2011-01-28,XGBoost,1,2011
2011-01-28,2011,1,13.56,13.54,13.539054056107998,2011-01-29,XGBoost,1,2011
2011-01-29,2011,1,13.54,13.52,13.522927730306982,2011-01-30,XGBoost,1,2011
2011-01-30,2011,1,13.52,13.5,13.502927730306983,2011-01-31,XGBoost,1,2011
2011-01-31,2011,1,13.5,13.48,13.482927730306983,2011-02-01,XGBoost,1,2011
2011-02-01,2011,2,13.48,13.46,13.462927730306983,2011-02-02,XGBoost,1,2011
2011-02-02,2011,2,13.46,13.44,13.442927730306984,2011-02-03,XGBoost,1,2011
2011-02-03,2011,2,13.44,13.43,13.422927730306982,2011-02-04,XGBoost,1,2011
2011-02-04,2011,2,13.43,13.42,13.418851450383663,2011-02-05,XGBoost,1,2011
2011-02-05,2011,2,13.42,13.4,13.408851450383663,2011-02-06,XGBoost,1,2011
2011-02-06,2011,2,13.4,13.39,13.382927730306983,2011-02-07,XGBoost,1,2011
2011-02-07,2011,2,13.39,13.37,13.378851450383664,2011-02-08,XGBoost,1,2011
2011-02-08,2011,2,13.37,13.36,13.352927730306982,2011-02-09,XGBoost,1,2011
2011-02-09,2011,2,13.36,13.35,13.348851450383663,2011-02-10,XGBoost,1,2011
2011-02-10,2011,2,13.35,13.33,13.338851450383663,2011-02-11,XGBoost,1,2011
2011-02-11,2011,2,13.33,13.32,13.312927730306983,2011-02-12,XGBoost,1,2011
2011-02-12,2011,2,13.32,13.31,13.308851450383663,2011-02-13,XGBoost,1,2011
2011-02-13,2011,2,13.31,13.3,13.298851450383664,2011-02-14,XGBoost,1,2011
2011-02-14,2011,2,13.3,13.3,13.288851450383664,2011-02-15,XGBoost,1,2011
2011-02-15,2011,2,13.3,13.3,13.296210089651868,2011-02-16,XGBoost,1,2011
2011-02-16,2011,2,13.3,13.32,13.296210089651868,2011-02-17,XGBoost,1,2011
2011-02-17,2011,2,13.32,13.33,13.341106658503413,2011-02-18,XGBoost,1,2011
2011-02-18,2011,2,13.33,13.34,13.338674578741193,2011-02-19,XGBoost,1,2011
2011-02-19,2011,2,13.34,13.35,13.348674578741193,2011-02-20,XGBoost,1,2011
2011-02-20,2011,2,13.35,13.34,13.35894304830581,2011-02-21,XGBoost,1,2011
2011-02-21,2011,2,13.34,13.33,13.327870709970593,2011-02-22,XGBoost,1,2011
2011-02-22,2011,2,13.33,13.32,13.318851450383663,2011-02-23,XGBoost,1,2011
2011-02-23,2011,2,13.32,13.31,13.309362622611225,2011-02-24,XGBoost,1,2011
2011-02-24,2011,2,13.31,13.36,13.300482811816037,2011-02-25,XGBoost,1,2011
2011-02-25,2011,2,13.36,13.47,13.41715125054121,2011-02-26,XGBoost,1,2011
2011-02-26,2011,2,13.47,13.56,13.58162092536688,2011-02-27,XGBoost,1,2011
2011-02-27,2011,2,13.56,13.58,13.630536889135838,2011-02-28,XGBoost,1,2011
2011-02-28,2011,2,13.58,13.56,13.57158364906907,2011-03-01,XGBoost,1,2011
2011-03-01,2011,3,13.56,13.51,13.529137936830521,2011-03-02,XGBoost,1,2011
2011-03-02,2011,3,13.51,13.44,13.480205888152122,2011-03-03,XGBoost,1,2011
2011-03-03,2011,3,13.44,13.39,13.40384747698903,2011-03-04,XGBoost,1,2011
2011-03-04,2011,3,13.39,13.34,13.359414725899697,2011-03-05,XGBoost,1,2011
2011-03-05,2011,3,13.34,13.3,13.309414725899696,2011-03-06,XGBoost,1,2011
2011-03-06,2011,3,13.3,13.28,13.277973384782673,2011-03-07,XGBoost,1,2011
2011-03-07,2011,3,13.28,13.26,13.268013750873505,2011-03-08,XGBoost,1,2011
2011-03-08,2011,3,13.26,13.24,13.248013750873506,2011-03-09,XGBoost,1,2011
2011-03-09,2011,3,13.24,13.22,13.228013750873506,2011-03-10,XGBoost,1,2011
2011-03-10,2011,3,13.22,13.21,13.208013750873507,2011-03-11,XGBoost,1,2011
2011-03-11,2011,3,13.21,13.21,13.203937467224897,2011-03-12,XGBoost,1,2011
2011-03-12,2011,3,13.21,13.22,13.211296105328948,2011-03-13,XGBoost,1,2011
2011-03-13,2011,3,13.22,13.24,13.234174752868713,2011-03-14,XGBoost,1,2011
2011-03-14,2011,3,13.24,13.27,13.266192668825388,2011-03-15,XGBoost,1,2011
2011-03-15,2011,3,13.27,13.32,13.298394294902682,2011-03-16,XGBoost,1,2011
2011-03-16,2011,3,13.32,13.34,13.377554095983506,2011-03-17,XGBoost,1,2011
2011-03-17,2011,3,13.34,13.42,13.366461137458682,2011-03-18,XGBoost,1,2011
2011-03-18,2011,3,13.42,13.56,13.493810778558254,2011-03-19,XGBoost,1,2011
2011-03-19,2011,3,13.56,13.76,13.653905225396157,2011-03-20,XGBoost,1,2011
2011-03-20,2011,3,13.76,13.84,13.95848483800888,2011-03-21,XGBoost,1,2011
2011-03-21,2011,3,13.84,13.87,13.861721065044403,2011-03-22,XGBoost,1,2011
2011-03-22,2011,3,13.87,13.87,13.864040209800004,2011-03-23,XGBoost,1,2011
2011-03-23,2011,3,13.87,13.85,13.865578222908079,2011-03-24,XGBoost,1,2011
2011-03-24,2011,3,13.85,13.81,13.842897008545696,2011-03-25,XGBoost,1,2011
2011-03-25,2011,3,13.81,13.81,13.791520613655448,2011-03-26,XGBoost,1,2011
2011-03-26,2011,3,13.81,14.19,13.816251574028284,2011-03-27,XGBoost,1,2011
2011-03-27,2011,3,14.19,14.83,14.597837569713592,2011-03-28,XGBoost,1,2011
2011-03-28,2011,3,14.83,14.99,15.186574147939682,2011-03-29,XGBoost,1,2011
2011-03-29,2011,3,14.99,14.99,15.02991711884737,2011-03-30,XGBoost,1,2011
2011-03-30,2011,3,14.99,14.98,14.95525739505887,2011-03-31,XGBoost,1,2011
2011-03-31,2011,3,14.98,14.96,14.943115151971579,2011-04-01,XGBoost,1,2011
2011-04-01,2011,4,14.96,14.96,14.954285963475705,2011-04-02,XGBoost,1,2011
2011-04-02,2011,4,14.96,14.92,14.96091825646814,2011-04-03,XGBoost,1,2011
2011-04-03,2011,4,14.92,14.83,14.905117582604289,2011-04-04,XGBoost,1,2011
2011-04-04,2011,4,14.83,14.72,14.782189791947603,2011-04-05,XGBoost,1,2011
2011-04-05,2011,4,14.72,14.62,14.675640688538552,2011-04-06,XGBoost,1,2011
2011-04-06,2011,4,14.62,14.56,14.576640858203172,2011-04-07,XGBoost,1,2011
2011-04-07,2011,4,14.56,14.51,14.537333497256041,2011-04-08,XGBoost,1,2011
2011-04-08,2011,4,14.51,14.5,14.488221897035837,2011-04-09,XGBoost,1,2011
2011-04-09,2011,4,14.5,14.5,14.508555489592254,2011-04-10,XGBoost,1,2011
2011-04-10,2011,4,14.5,14.48,14.518169611692429,2011-04-11,XGBoost,1,2011
2011-04-11,2011,4,14.48,14.45,14.484214546177537,2011-04-12,XGBoost,1,2011
2011-04-12,2011,4,14.45,14.41,14.44974971229676,2011-04-13,XGBoost,1,2011
2011-04-13,2011,4,14.41,14.43,14.401445558145642,2011-04-14,XGBoost,1,2011
2011-04-14,2011,4,14.43,14.43,14.473224357068538,2011-04-15,XGBoost,1,2011
2011-04-15,2011,4,14.43,14.42,14.451287696436047,2011-04-16,XGBoost,1,2011
2011-04-16,2011,4,14.42,14.47,14.431609381996095,2011-04-17,XGBoost,1,2011
2011-04-17,2011,4,14.47,14.52,14.544412383139134,2011-04-18,XGBoost,1,2011
2011-04-18,2011,4,14.52,14.53,14.589128021597862,2011-04-19,XGBoost,1,2011
2011-04-19,2011,4,14.53,14.53,14.562296024262904,2011-04-20,XGBoost,1,2011
2011-04-20,2011,4,14.53,14.49,14.546182962805032,2011-04-21,XGBoost,1,2011
2011-04-21,2011,4,14.49,14.52,14.481445558145642,2011-04-22,XGBoost,1,2011
2011-04-22,2011,4,14.52,14.63,14.566774119138717,2011-04-23,XGBoost,1,2011
2011-04-23,2011,4,14.63,14.66,14.769027535915376,2011-04-24,XGBoost,1,2011
2011-04-24,2011,4,14.66,14.645,14.686668624952436,2011-04-25,XGBoost,1,2011
2011-04-25,2011,4,14.645,14.71,14.608302124291658,2011-04-26,XGBoost,1,2011
2011-04-26,2011,4,14.71,14.95,14.807580149769784,2011-04-27,XGBoost,1,2011
2011-04-27,2011,4,14.95,15.28,15.256661784648895,2011-04-28,XGBoost,1,2011
2011-04-28,2011,4,15.28,15.41,15.51044553399086,2011-04-29,XGBoost,1,2011
2011-04-29,2011,4,15.41,15.41,15.458048079013825,2011-04-30,XGBoost,1,2011
2011-04-30,2011,4,15.41,15.34,15.373352959603071,2011-05-01,XGBoost,1,2011
2011-05-01,2011,5,15.34,15.3,15.292546894550323,2011-05-02,XGBoost,1,2011
2011-05-02,2011,5,15.3,15.2,15.282568288221956,2011-05-03,XGBoost,1,2011
2011-05-03,2011,5,15.2,15.15,15.157042142748832,2011-05-04,XGBoost,1,2011
2011-05-04,2011,5,15.15,15.07,15.125030831992627,2011-05-05,XGBoost,1,2011
2011-05-05,2011,5,15.07,15.02,15.03365126222372,2011-05-06,XGBoost,1,2011
2011-05-06,2011,5,15.02,15.16,14.994850645288825,2011-05-07,XGBoost,1,2011
2011-05-07,2011,5,15.16,15.26,15.295514497756958,2011-05-08,XGBoost,1,2011
2011-05-08,2011,5,15.26,15.37,15.365795502662658,2011-05-09,XGBoost,1,2011
2011-05-09,2011,5,15.37,15.48,15.480449716448783,2011-05-10,XGBoost,1,2011
2011-05-10,2011,5,15.48,15.59,15.569621603488923,2011-05-11,XGBoost,1,2011
2011-05-11,2011,5,15.59,15.63,15.671776939332485,2011-05-12,XGBoost,1,2011
2011-05-12,2011,5,15.63,15.33,15.647483042553068,2011-05-13,XGBoost,1,2011
2011-05-13,2011,5,15.33,15.31,15.234246002435684,2011-05-14,XGBoost,1,2011
2011-05-14,2011,5,15.31,15.24,15.345814762115479,2011-05-15,XGBoost,1,2011
2011-05-15,2011,5,15.24,15.36,15.209348108395934,2011-05-16,XGBoost,1,2011
2011-05-16,2011,5,15.36,15.36,15.501092970967292,2011-05-17,XGBoost,1,2011
2011-05-17,2011,5,15.36,15.34,15.37646976917982,2011-05-18,XGBoost,1,2011
2011-05-18,2011,5,15.34,15.35,15.311321739256382,2011-05-19,XGBoost,1,2011
2011-05-19,2011,5,15.35,15.35,15.387992361932993,2011-05-20,XGBoost,1,2011
2011-05-20,2011,5,15.35,15.37,15.3738853469491,2011-05-21,XGBoost,1,2011
2011-05-21,2011,5,15.37,15.36,15.417805313020944,2011-05-22,XGBoost,1,2011
2011-05-22,2011,5,15.36,15.39,15.371655500158667,2011-05-23,XGBoost,1,2011
2011-05-23,2011,5,15.39,15.5,15.439738466739655,2011-05-24,XGBoost,1,2011
2011-05-24,2011,5,15.5,15.62,15.652237802743912,2011-05-25,XGBoost,1,2011
2011-05-25,2011,5,15.62,15.73,15.742662231326102,2011-05-26,XGBoost,1,2011
2011-05-26,2011,5,15.73,15.74,15.84470727622509,2011-05-27,XGBoost,1,2011
2011-05-27,2011,5,15.74,15.81,15.75493441965431,2011-05-28,XGBoost,1,2011
2011-05-28,2011,5,15.81,15.92,15.917929818332196,2011-05-29,XGBoost,1,2011
2011-05-29,2011,5,15.92,16.28,16.009540831744673,2011-05-30,XGBoost,1,2011
2011-05-30,2011,5,16.28,16.4,16.644069014787675,2011-05-31,XGBoost,1,2011
2011-05-31,2011,5,16.4,16.35,16.388380196504293,2011-06-01,XGBoost,1,2011
2011-06-01,2011,6,16.35,16.26,16.258925451338293,2011-06-02,XGBoost,1,2011
2011-06-02,2011,6,16.26,16.22,16.207231449186803,2011-06-03,XGBoost,1,2011
2011-06-03,2011,6,16.22,16.3,16.211984270513057,2011-06-04,XGBoost,1,2011
2011-06-04,2011,6,16.3,16.49,16.45413920581341,2011-06-05,XGBoost,1,2011
2011-06-05,2011,6,16.49,16.77,16.72623466491699,2011-06-06,XGBoost,1,2011
2011-06-06,2011,6,16.77,17.21,17.098391522169113,2011-06-07,XGBoost,1,2011
2011-06-07,2011,6,17.21,17.49,17.58055641412735,2011-06-08,XGBoost,1,2011
2011-06-08,2011,6,17.49,17.59,17.778666546344756,2011-06-09,XGBoost,1,2011
2011-06-09,2011,6,17.59,17.6,17.644693296551704,2011-06-10,XGBoost,1,2011
2011-06-10,2011,6,17.6,17.6,17.58970163986087,2011-06-11,XGBoost,1,2011
2011-06-11,2011,6,17.6,17.56,17.60117425073404,2011-06-12,XGBoost,1,2011
2011-06-12,2011,6,17.56,17.39,17.54995909001678,2011-06-13,XGBoost,1,2011
2011-06-13,2011,6,17.39,17.26,17.308195337057114,2011-06-14,XGBoost,1,2011
2011-06-14,2011,6,17.26,17.16,17.241280883774163,2011-06-15,XGBoost,1,2011
2011-06-15,2011,6,17.16,17.03,17.16183387787547,2011-06-16,XGBoost,1,2011
2011-06-16,2011,6,17.03,17.05,17.00447398118675,2011-06-17,XGBoost,1,2011
2011-06-17,2011,6,17.05,17.17,17.190555128455163,2011-06-18,XGBoost,1,2011
2011-06-18,2011,6,17.17,17.2,17.26719180315733,2011-06-19,XGBoost,1,2011
2011-06-19,2011,6,17.2,17.203,17.259748847037553,2011-06-20,XGBoost,1,2011
2011-06-20,2011,6,17.203,17.19,17.25565614390373,2011-06-21,XGBoost,1,2011
2011-06-21,2011,6,17.19,17.23,17.256731534898282,2011-06-22,XGBoost,1,2011
2011-06-22,2011,6,17.23,17.33,17.292296766787768,2011-06-23,XGBoost,1,2011
2011-06-23,2011,6,17.33,17.44,17.47526030421257,2011-06-24,XGBoost,1,2011
2011-06-24,2011,6,17.44,17.46,17.553411352038385,2011-06-25,XGBoost,1,2011
2011-06-25,2011,6,17.46,17.6,17.507022938728333,2011-06-26,XGBoost,1,2011
2011-06-26,2011,6,17.6,17.75,17.74901027083397,2011-06-27,XGBoost,1,2011
2011-06-27,2011,6,17.75,17.91,18.00028982758522,2011-06-28,XGBoost,1,2011
2011-06-28,2011,6,17.91,17.93,18.116469118595123,2011-06-29,XGBoost,1,2011
2011-06-29,2011,6,17.93,17.96,17.94465104147792,2011-06-30,XGBoost,1,2011
2011-06-30,2011,6,17.96,18.08,17.972397648766638,2011-07-01,XGBoost,1,2011
2011-07-01,2011,7,18.08,18.29,18.223480911850928,2011-07-02,XGBoost,1,2011
2011-07-02,2011,7,18.29,18.47,18.502126687169074,2011-07-03,XGBoost,1,2011
2011-07-03,2011,7,18.47,18.41,18.627121628522872,2011-07-04,XGBoost,1,2011
2011-07-04,2011,7,18.41,18.43,18.32448286920786,2011-07-05,XGBoost,1,2011
2011-07-05,2011,7,18.43,18.6,18.458731474652886,2011-07-06,XGBoost,1,2011
2011-07-06,2011,7,18.6,18.84,18.728303065896036,2011-07-07,XGBoost,1,2011
2011-07-07,2011,7,18.84,18.92,19.091300126314163,2011-07-08,XGBoost,1,2011
2011-07-08,2011,7,18.92,18.99,18.94686258032918,2011-07-09,XGBoost,1,2011
2011-07-09,2011,7,18.99,19.08,19.0324515530467,2011-07-10,XGBoost,1,2011
2011-07-10,2011,7,19.08,19.13,19.15129183411598,2011-07-11,XGBoost,1,2011
2011-07-11,2011,7,19.13,19.17,19.14806168630719,2011-07-12,XGBoost,1,2011
2011-07-12,2011,7,19.17,19.24,19.18697563752532,2011-07-13,XGBoost,1,2011
2011-07-13,2011,7,19.24,19.24,19.288142500221728,2011-07-14,XGBoost,1,2011
2011-07-14,2011,7,19.24,19.28,19.223443677425383,2011-07-15,XGBoost,1,2011
2011-07-15,2011,7,19.28,19.34,19.31156240284443,2011-07-16,XGBoost,1,2011
2011-07-16,2011,7,19.34,19.4,19.40226509809494,2011-07-17,XGBoost,1,2011
2011-07-17,2011,7,19.4,19.43,19.456382734328507,2011-07-18,XGBoost,1,2011
2011-07-18,2011,7,19.43,19.48,19.451203596144914,2011-07-19,XGBoost,1,2011
2011-07-19,2011,7,19.48,19.51,19.525482110232115,2011-07-20,XGBoost,1,2011
2011-07-20,2011,7,19.51,19.57,19.529598098471762,2011-07-21,XGBoost,1,2011
2011-07-21,2011,7,19.57,19.63,19.62813206732273,2011-07-22,XGBoost,1,2011
2011-07-22,2011,7,19.63,19.64,19.684909013211726,2011-07-23,XGBoost,1,2011
2011-07-23,2011,7,19.64,19.64,19.65534926239401,2011-07-24,XGBoost,1,2011
2011-07-24,2011,7,19.64,19.65,19.630580026991666,2011-07-25,XGBoost,1,2011
2011-07-25,2011,7,19.65,19.52,19.659502024389802,2011-07-26,XGBoost,1,2011
2011-07-26,2011,7,19.52,19.41,19.419781055748462,2011-07-27,XGBoost,1,2011
2011-07-27,2011,7,19.41,19.35,19.337282109856606,2011-07-28,XGBoost,1,2011
2011-07-28,2011,7,19.35,19.22,19.300872093439104,2011-07-29,XGBoost,1,2011
2011-07-29,2011,7,19.22,19.24,19.121521883904933,2011-07-30,XGBoost,1,2011
2011-07-30,2011,7,19.24,19.25,19.244647080320863,2011-07-31,XGBoost,1,2011
2011-09-08,2011,9,17.13,17.1,17.239134919941424,2011-09-09,XGBoost,1,2011
2011-09-09,2011,9,17.1,16.98,17.082466170564295,2011-09-10,XGBoost,1,2011
2011-09-10,2011,9,16.98,17.0,16.91075317144394,2011-09-11,XGBoost,1,2011
2011-09-11,2011,9,17.0,17.11,17.038034837692976,2011-09-12,XGBoost,1,2011
2011-09-12,2011,9,17.11,17.19,17.20770416468382,2011-09-13,XGBoost,1,2011
2011-09-13,2011,9,17.19,17.23,17.278585056364538,2011-09-14,XGBoost,1,2011
2011-09-14,2011,9,17.23,17.24,17.266370918154717,2011-09-15,XGBoost,1,2011
2011-09-15,2011,9,17.24,17.16,17.272059177756308,2011-09-16,XGBoost,1,2011
2011-09-16,2011,9,17.16,17.25,17.102459769546986,2011-09-17,XGBoost,1,2011
2011-09-17,2011,9,17.25,17.41,17.373551107943058,2011-09-18,XGBoost,1,2011
2011-09-18,2011,9,17.41,17.71,17.55902064204216,2011-09-19,XGBoost,1,2011
2011-09-19,2011,9,17.71,18.14,17.978328815698625,2011-09-20,XGBoost,1,2011
2011-09-20,2011,9,18.14,18.09,18.484232231378556,2011-09-21,XGBoost,1,2011
2011-09-21,2011,9,18.09,17.9,17.971305180490017,2011-09-22,XGBoost,1,2011
2011-09-22,2011,9,17.9,17.78,17.709312805533408,2011-09-23,XGBoost,1,2011
2011-09-23,2011,9,17.78,17.7,17.713976076543332,2011-09-24,XGBoost,1,2011
2011-09-24,2011,9,17.7,17.62,17.64451217725873,2011-09-25,XGBoost,1,2011
2011-09-25,2011,9,17.62,17.6,17.56548159465194,2011-09-26,XGBoost,1,2011
2011-09-26,2011,9,17.6,17.84,17.588461974076928,2011-09-27,XGBoost,1,2011
2011-09-27,2011,9,17.84,17.87,18.09302681326866,2011-09-28,XGBoost,1,2011
2011-09-28,2011,9,17.87,17.89,17.85351695202291,2011-09-29,XGBoost,1,2011
2011-09-29,2011,9,17.89,17.93,17.909822835922242,2011-09-30,XGBoost,1,2011
2011-09-30,2011,9,17.93,17.99,17.958998030349612,2011-10-01,XGBoost,1,2011
2011-10-01,2011,10,17.99,18.0,18.05893092393875,2011-10-02,XGBoost,1,2011
2011-10-02,2011,10,18.0,17.98,17.995148501824588,2011-10-03,XGBoost,1,2011
2011-10-03,2011,10,17.98,17.78,17.931719392091036,2011-10-04,XGBoost,1,2011
2011-10-04,2011,10,17.78,17.66,17.61647106587887,2011-10-05,XGBoost,1,2011
2011-10-05,2011,10,17.66,17.37,17.583542104661465,2011-10-06,XGBoost,1,2011
2011-10-06,2011,10,17.37,17.11,17.18723627448082,2011-10-07,XGBoost,1,2011
2011-10-07,2011,10,17.11,16.95,16.887310863137245,2011-10-08,XGBoost,1,2011
2011-10-08,2011,10,16.95,16.81,16.822135624289512,2011-10-09,XGBoost,1,2011
2011-10-09,2011,10,16.81,16.67,16.703469005823134,2011-10-10,XGBoost,1,2011
2011-10-10,2011,10,16.67,16.57,16.56229176938534,2011-10-11,XGBoost,1,2011
2011-10-11,2011,10,16.57,16.45,16.492929257154465,2011-10-12,XGBoost,1,2011
2011-10-12,2011,10,16.45,16.42,16.372929257154464,2011-10-13,XGBoost,1,2011
2011-10-13,2011,10,16.42,16.25,16.39195564582944,2011-10-14,XGBoost,1,2011
2011-10-14,2011,10,16.25,16.13,16.10218496620655,2011-10-15,XGBoost,1,2011
2011-10-15,2011,10,16.13,16.05,16.051745233237742,2011-10-16,XGBoost,1,2011
2011-10-16,2011,10,16.05,15.94,15.985296423733235,2011-10-17,XGBoost,1,2011
2011-10-17,2011,10,15.94,15.84,15.860551367104053,2011-10-18,XGBoost,1,2011
2011-10-18,2011,10,15.84,15.82,15.760551367104053,2011-10-19,XGBoost,1,2011
2011-10-19,2011,10,15.82,15.76,15.794870325997472,2011-10-20,XGBoost,1,2011
2011-10-20,2011,10,15.76,15.7,15.703281710147857,2011-10-21,XGBoost,1,2011
2011-10-21,2011,10,15.7,15.7,15.642973867058753,2011-10-22,XGBoost,1,2011
2011-10-22,2011,10,15.7,15.68,15.693458733428269,2011-10-23,XGBoost,1,2011
2011-10-23,2011,10,15.68,15.68,15.654049178883433,2011-10-24,XGBoost,1,2011
2011-10-24,2011,10,15.68,15.66,15.674049330241978,2011-10-25,XGBoost,1,2011
2011-10-25,2011,10,15.66,15.6,15.636189697161317,2011-10-26,XGBoost,1,2011
2011-10-26,2011,10,15.6,15.52,15.548541712015867,2011-10-27,XGBoost,1,2011
2011-10-27,2011,10,15.52,15.45,15.456079680919647,2011-10-28,XGBoost,1,2011
2011-10-28,2011,10,15.45,15.42,15.392435763776302,2011-10-29,XGBoost,1,2011
2011-10-29,2011,10,15.42,15.38,15.38974627673626,2011-10-30,XGBoost,1,2011
2011-10-30,2011,10,15.38,15.35,15.337031276077033,2011-10-31,XGBoost,1,2011
2011-10-31,2011,10,15.35,15.3,15.320537438988685,2011-11-01,XGBoost,1,2011
2011-11-01,2011,11,15.3,15.22,15.249263785034419,2011-11-02,XGBoost,1,2011
2011-11-02,2011,11,15.22,15.16,15.159990036189557,2011-11-03,XGBoost,1,2011
2011-11-03,2011,11,15.16,15.1,15.10800304248929,2011-11-04,XGBoost,1,2011
2011-11-04,2011,11,15.1,15.03,15.048472622781992,2011-11-05,XGBoost,1,2011
2011-11-05,2011,11,15.03,14.98,14.972435763776302,2011-11-06,XGBoost,1,2011
2011-11-06,2011,11,14.98,14.95,14.928472622781992,2011-11-07,XGBoost,1,2011
2011-11-07,2011,11,14.95,14.9,14.91862407401204,2011-11-08,XGBoost,1,2011
2011-11-08,2011,11,14.9,14.83,14.849263785034418,2011-11-09,XGBoost,1,2011
2011-11-09,2011,11,14.83,14.77,14.772905344069004,2011-11-10,XGBoost,1,2011
2011-11-10,2011,11,14.77,14.68,14.718712855577468,2011-11-11,XGBoost,1,2011
2011-11-11,2011,11,14.68,14.6,14.610462785065174,2011-11-12,XGBoost,1,2011
2011-11-12,2011,11,14.6,14.55,14.541967412829399,2011-11-13,XGBoost,1,2011
2011-11-13,2011,11,14.55,14.5,14.50012016221881,2011-11-14,XGBoost,1,2011
2011-11-14,2011,11,14.5,14.45,14.451334647834301,2011-11-15,XGBoost,1,2011
2011-11-15,2011,11,14.45,14.41,14.4013346478343,2011-11-16,XGBoost,1,2011
2011-11-16,2011,11,14.41,14.38,14.368867870271206,2011-11-17,XGBoost,1,2011
2011-11-17,2011,11,14.38,14.32,14.349284027814866,2011-11-18,XGBoost,1,2011
2011-11-18,2011,11,14.32,14.32,14.271861064881087,2011-11-19,XGBoost,1,2011
2011-11-19,2011,11,14.32,14.31,14.314211447425187,2011-11-20,XGBoost,1,2011
2011-11-20,2011,11,14.31,14.27,14.29544010333717,2011-11-21,XGBoost,1,2011
2011-11-21,2011,11,14.27,14.24,14.228867870271205,2011-11-22,XGBoost,1,2011
2011-11-22,2011,11,14.24,14.21,14.210343306660652,2011-11-23,XGBoost,1,2011
2011-11-23,2011,11,14.21,14.2,14.180343306660653,2011-11-24,XGBoost,1,2011
2011-11-24,2011,11,14.2,14.18,14.185440103337168,2011-11-25,XGBoost,1,2011
2011-11-25,2011,11,14.18,14.16,14.15635181248188,2011-11-26,XGBoost,1,2011
2011-11-26,2011,11,14.16,14.12,14.13635181248188,2011-11-27,XGBoost,1,2011
2011-11-27,2011,11,14.12,14.08,14.080549484938382,2011-11-28,XGBoost,1,2011
2011-11-28,2011,11,14.08,14.04,14.040549484938383,2011-11-29,XGBoost,1,2011
2011-11-29,2011,11,14.04,14.0,14.000549484938382,2011-11-30,XGBoost,1,2011
2011-11-30,2011,11,14.0,13.98,13.960549484938383,2011-12-01,XGBoost,1,2011
2011-12-01,2011,12,13.98,13.96,13.95635181248188,2011-12-02,XGBoost,1,2011
2011-12-02,2011,12,13.96,13.92,13.936351812481881,2011-12-03,XGBoost,1,2011
2011-12-03,2011,12,13.92,13.88,13.881068499833345,2011-12-04,XGBoost,1,2011
2011-12-04,2011,12,13.88,13.86,13.841068499833346,2011-12-05,XGBoost,1,2011
2011-12-05,2011,12,13.86,13.84,13.837128842845559,2011-12-06,XGBoost,1,2011
2011-12-06,2011,12,13.84,13.81,13.817128842845559,2011-12-07,XGBoost,1,2011
2011-12-07,2011,12,13.81,13.78,13.782261691465974,2011-12-08,XGBoost,1,2011
2011-12-08,2011,12,13.78,13.75,13.752261691465973,2011-12-09,XGBoost,1,2011
2011-12-09,2011,12,13.75,13.72,13.722261691465974,2011-12-10,XGBoost,1,2011
2011-12-10,2011,12,13.72,13.7,13.692763407975436,2011-12-11,XGBoost,1,2011
2011-12-11,2011,12,13.7,13.69,13.677630561217665,2011-12-12,XGBoost,1,2011
2011-12-12,2011,12,13.69,13.66,13.675440103337168,2011-12-13,XGBoost,1,2011
2011-12-13,2011,12,13.66,13.64,13.632763407975435,2011-12-14,XGBoost,1,2011
2011-12-14,2011,12,13.64,13.62,13.617630561217666,2011-12-15,XGBoost,1,2011
2011-12-15,2011,12,13.62,13.6,13.597630561217665,2011-12-16,XGBoost,1,2011
2011-12-16,2011,12,13.6,13.58,13.577630561217665,2011-12-17,XGBoost,1,2011
2011-12-17,2011,12,13.58,13.58,13.557630561217666,2011-12-18,XGBoost,1,2011
2011-12-18,2011,12,13.58,13.57,13.574211447425187,2011-12-19,XGBoost,1,2011
2011-12-19,2011,12,13.57,13.56,13.555440103337169,2011-12-20,XGBoost,1,2011
2011-12-20,2011,12,13.56,13.52,13.543484394848347,2011-12-21,XGBoost,1,2011
2011-12-21,2011,12,13.52,13.5,13.485198025107383,2011-12-22,XGBoost,1,2011
2011-12-22,2011,12,13.5,13.48,13.479516379535198,2011-12-23,XGBoost,1,2011
2011-12-23,2011,12,13.48,13.46,13.459745078831912,2011-12-24,XGBoost,1,2011
2011-12-24,2011,12,13.46,13.44,13.439912381619216,2011-12-25,XGBoost,1,2011
2011-12-25,2011,12,13.44,13.42,13.419912381619215,2011-12-26,XGBoost,1,2011
2011-12-26,2011,12,13.42,13.39,13.399912381619215,2011-12-27,XGBoost,1,2011
2011-12-27,2011,12,13.39,13.37,13.365519843399525,2011-12-28,XGBoost,1,2011
2011-12-28,2011,12,13.37,13.35,13.350210842564701,2011-12-29,XGBoost,1,2011
2011-12-29,2011,12,13.35,13.33,13.330210842564702,2011-12-30,XGBoost,1,2011
2011-12-30,2011,12,13.33,13.31,13.310210842564702,2011-12-31,XGBoost,1,2011
2011-12-31,2011,12,13.31,13.28,13.290523258447648,2012-01-01,XGBoost,1,2011
2012-01-01,2012,1,13.28,13.24,13.256615933701395,2012-01-02,XGBoost,1,2012
2012-01-02,2012,1,13.24,13.22,13.213602529615164,2012-01-03,XGBoost,1,2012
2012-01-03,2012,1,13.22,13.21,13.201880659237505,2012-01-04,XGBoost,1,2012
2012-01-04,2012,1,13.21,13.2,13.196854722723366,2012-01-05,XGBoost,1,2012
2012-01-05,2012,1,13.2,13.19,13.187140004523098,2012-01-06,XGBoost,1,2012
2012-01-06,2012,1,13.19,13.18,13.177405677326023,2012-01-07,XGBoost,1,2012
2012-01-07,2012,1,13.18,13.16,13.167405677326023,2012-01-08,XGBoost,1,2012
2012-01-08,2012,1,13.16,13.15,13.142431614771485,2012-01-09,XGBoost,1,2012
2012-01-09,2012,1,13.15,13.13,13.137405677326024,2012-01-10,XGBoost,1,2012
2012-01-10,2012,1,13.13,13.12,13.112431614771486,2012-01-11,XGBoost,1,2012
2012-01-11,2012,1,13.12,13.11,13.107405677326023,2012-01-12,XGBoost,1,2012
2012-01-12,2012,1,13.11,13.1,13.097405677326023,2012-01-13,XGBoost,1,2012
2012-01-13,2012,1,13.1,13.09,13.087405677326023,2012-01-14,XGBoost,1,2012
2012-01-14,2012,1,13.09,13.08,13.077405677326023,2012-01-15,XGBoost,1,2012
2012-01-15,2012,1,13.08,13.07,13.067405677326024,2012-01-16,XGBoost,1,2012
2012-01-16,2012,1,13.07,13.05,13.057405677326024,2012-01-17,XGBoost,1,2012
2012-01-17,2012,1,13.05,13.02,13.032431614771486,2012-01-18,XGBoost,1,2012
2012-01-18,2012,1,13.02,13.0,12.997166889235377,2012-01-19,XGBoost,1,2012
2012-01-19,2012,1,13.0,12.99,12.982431614771485,2012-01-20,XGBoost,1,2012
2012-01-20,2012,1,12.99,12.99,12.977405677326024,2012-01-21,XGBoost,1,2012
2012-01-21,2012,1,12.99,12.97,12.988599818442017,2012-01-22,XGBoost,1,2012
2012-01-22,2012,1,12.97,12.95,12.952431614771486,2012-01-23,XGBoost,1,2012
2012-01-23,2012,1,12.95,12.93,12.932431614771485,2012-01-24,XGBoost,1,2012
2012-01-24,2012,1,12.93,12.91,12.912431614771485,2012-01-25,XGBoost,1,2012
2012-01-25,2012,1,12.91,12.89,12.892431614771485,2012-01-26,XGBoost,1,2012
2012-01-26,2012,1,12.89,12.87,12.872431614771486,2012-01-27,XGBoost,1,2012
2012-01-27,2012,1,12.87,12.86,12.852431614771485,2012-01-28,XGBoost,1,2012
2012-01-28,2012,1,12.86,12.86,12.847405677326023,2012-01-29,XGBoost,1,2012
2012-01-29,2012,1,12.86,12.88,12.858599818442016,2012-01-30,XGBoost,1,2012
2012-01-30,2012,1,12.88,12.88,12.903888109251858,2012-01-31,XGBoost,1,2012
2012-01-31,2012,1,12.88,12.87,12.876631651883946,2012-02-01,XGBoost,1,2012
2012-02-01,2012,2,12.87,12.85,12.857405677326023,2012-02-02,XGBoost,1,2012
2012-02-02,2012,2,12.85,12.84,12.832431614771485,2012-02-03,XGBoost,1,2012
2012-02-03,2012,2,12.84,12.82,12.827405677326023,2012-02-04,XGBoost,1,2012
2012-02-04,2012,2,12.82,12.81,12.802431614771486,2012-02-05,XGBoost,1,2012
2012-02-05,2012,2,12.81,12.79,12.797405677326024,2012-02-06,XGBoost,1,2012
2012-02-06,2012,2,12.79,12.78,12.772431614771484,2012-02-07,XGBoost,1,2012
2012-02-07,2012,2,12.78,12.77,12.767405677326023,2012-02-08,XGBoost,1,2012
2012-02-08,2012,2,12.77,12.76,12.757405677326023,2012-02-09,XGBoost,1,2012
2012-02-09,2012,2,12.76,12.75,12.747405677326023,2012-02-10,XGBoost,1,2012
2012-02-10,2012,2,12.75,12.74,12.737405677326024,2012-02-11,XGBoost,1,2012
2012-02-11,2012,2,12.74,12.73,12.727405677326024,2012-02-12,XGBoost,1,2012
2012-02-12,2012,2,12.73,12.72,12.717405677326024,2012-02-13,XGBoost,1,2012
2012-02-13,2012,2,12.72,12.71,12.707405677326024,2012-02-14,XGBoost,1,2012
2012-02-14,2012,2,12.71,12.71,12.697405677326024,2012-02-15,XGBoost,1,2012
2012-02-15,2012,2,12.71,12.71,12.708599818442018,2012-02-16,XGBoost,1,2012
2012-02-16,2012,2,12.71,12.7,12.708599818442018,2012-02-17,XGBoost,1,2012
2012-02-17,2012,2,12.7,12.7,12.687405677326023,2012-02-18,XGBoost,1,2012
2012-02-18,2012,2,12.7,12.7,12.698599818442016,2012-02-19,XGBoost,1,2012
2012-02-19,2012,2,12.7,12.72,12.698599818442016,2012-02-20,XGBoost,1,2012
2012-02-20,2012,2,12.72,12.72,12.743888109251857,2012-02-21,XGBoost,1,2012
2012-02-21,2012,2,12.72,12.7,12.716631651883946,2012-02-22,XGBoost,1,2012
2012-02-22,2012,2,12.7,12.69,12.681617126613855,2012-02-23,XGBoost,1,2012
2012-02-23,2012,2,12.69,12.66,12.679281916990876,2012-02-24,XGBoost,1,2012
2012-02-24,2012,2,12.66,12.64,12.638217480704188,2012-02-25,XGBoost,1,2012
2012-02-25,2012,2,12.64,12.62,12.626418319866062,2012-02-26,XGBoost,1,2012
2012-02-26,2012,2,12.62,12.61,12.60641831986606,2012-02-27,XGBoost,1,2012
2012-02-27,2012,2,12.61,12.63,12.601392395459115,2012-02-28,XGBoost,1,2012
2012-02-28,2012,2,12.63,12.64,12.65787482738495,2012-02-29,XGBoost,1,2012
2012-02-29,2012,2,12.64,12.64,12.648413841016591,2012-03-01,XGBoost,1,2012
2012-03-01,2012,3,12.64,12.63,12.640618370540906,2012-03-02,XGBoost,1,2012
2012-03-02,2012,3,12.63,12.62,12.621951321251691,2012-03-03,XGBoost,1,2012
2012-03-03,2012,3,12.62,12.62,12.61195132125169,2012-03-04,XGBoost,1,2012
2012-03-04,2012,3,12.62,12.66,12.623145462134852,2012-03-05,XGBoost,1,2012
2012-03-05,2012,3,12.66,12.7,12.69695571795106,2012-03-06,XGBoost,1,2012
2012-03-06,2012,3,12.7,12.73,12.736955717951059,2012-03-07,XGBoost,1,2012
2012-03-07,2012,3,12.73,12.77,12.765306379199028,2012-03-08,XGBoost,1,2012
2012-03-08,2012,3,12.77,12.81,12.80605169057846,2012-03-09,XGBoost,1,2012
2012-03-09,2012,3,12.81,12.85,12.846572709679604,2012-03-10,XGBoost,1,2012
2012-03-10,2012,3,12.85,12.88,12.875962205603718,2012-03-11,XGBoost,1,2012
2012-03-11,2012,3,12.88,12.88,12.920128652006388,2012-03-12,XGBoost,1,2012
2012-03-12,2012,3,12.88,12.87,12.882521394751967,2012-03-13,XGBoost,1,2012
2012-03-13,2012,3,12.87,12.84,12.860207825787365,2012-03-14,XGBoost,1,2012
2012-03-14,2012,3,12.84,12.84,12.821684632599354,2012-03-15,XGBoost,1,2012
2012-03-15,2012,3,12.84,12.86,12.84728559680283,2012-03-16,XGBoost,1,2012
2012-03-16,2012,3,12.86,12.94,12.888813546523451,2012-03-17,XGBoost,1,2012
2012-03-17,2012,3,12.94,12.98,13.060520286262035,2012-03-18,XGBoost,1,2012
2012-03-18,2012,3,12.98,13.0,12.998117152154446,2012-03-19,XGBoost,1,2012
2012-03-19,2012,3,13.0,12.99,13.01721136085689,2012-03-20,XGBoost,1,2012
2012-03-20,2012,3,12.99,12.95,12.97476407583803,2012-03-21,XGBoost,1,2012
2012-03-21,2012,3,12.95,12.94,12.931629161164164,2012-03-22,XGBoost,1,2012
2012-03-22,2012,3,12.94,12.94,12.939031348212156,2012-03-23,XGBoost,1,2012
2012-03-23,2012,3,12.94,12.96,12.949649439714848,2012-03-24,XGBoost,1,2012
2012-03-24,2012,3,12.96,12.98,12.992029494643212,2012-03-25,XGBoost,1,2012
2012-03-25,2012,3,12.98,13.0,13.01354523703456,2012-03-26,XGBoost,1,2012
2012-03-26,2012,3,13.0,13.01,13.03354523703456,2012-03-27,XGBoost,1,2012
2012-03-27,2012,3,13.01,13.02,13.02545271743089,2012-03-28,XGBoost,1,2012
2012-03-28,2012,3,13.02,13.04,13.035832509845495,2012-03-29,XGBoost,1,2012
2012-03-29,2012,3,13.04,13.05,13.073787429332732,2012-03-30,XGBoost,1,2012
2012-03-30,2012,3,13.05,13.1,13.066926819458605,2012-03-31,XGBoost,1,2012
2012-03-31,2012,3,13.1,13.15,13.167990735173225,2012-04-01,XGBoost,1,2012
2012-04-01,2012,4,13.15,13.19,13.216595196723938,2012-04-02,XGBoost,1,2012
2012-04-02,2012,4,13.19,13.23,13.226213491111993,2012-04-03,XGBoost,1,2012
2012-04-03,2012,4,13.23,13.24,13.266213491111994,2012-04-04,XGBoost,1,2012
2012-04-04,2012,4,13.24,13.24,13.262971779108048,2012-04-05,XGBoost,1,2012
2012-04-05,2012,4,13.24,13.4,13.255710432082415,2012-04-06,XGBoost,1,2012
2012-04-06,2012,4,13.4,13.5,13.581347817182541,2012-04-07,XGBoost,1,2012
2012-04-07,2012,4,13.5,13.62,13.565805539488792,2012-04-08,XGBoost,1,2012
2012-04-08,2012,4,13.62,13.67,13.715720060169696,2012-04-09,XGBoost,1,2012
2012-04-09,2012,4,13.67,13.68,13.685382817015052,2012-04-10,XGBoost,1,2012
2012-04-10,2012,4,13.68,13.69,13.689764615446329,2012-04-11,XGBoost,1,2012
2012-04-11,2012,4,13.69,13.74,13.70842681132257,2012-04-12,XGBoost,1,2012
2012-04-12,2012,4,13.74,13.8,13.817608309686184,2012-04-13,XGBoost,1,2012
2012-04-13,2012,4,13.8,13.89,13.857897474616767,2012-04-14,XGBoost,1,2012
2012-04-14,2012,4,13.89,14.0,13.993629149496556,2012-04-15,XGBoost,1,2012
2012-04-15,2012,4,14.0,14.13,14.09354542940855,2012-04-16,XGBoost,1,2012
2012-04-16,2012,4,14.13,14.18,14.230862704217435,2012-04-17,XGBoost,1,2012
2012-04-17,2012,4,14.18,14.18,14.195382817015052,2012-04-18,XGBoost,1,2012
2012-04-18,2012,4,14.18,14.17,14.176224873233586,2012-04-19,XGBoost,1,2012
2012-04-19,2012,4,14.17,14.35,14.170286065944238,2012-04-20,XGBoost,1,2012
2012-04-20,2012,4,14.35,14.6,14.518178528547287,2012-04-21,XGBoost,1,2012
2012-04-21,2012,4,14.6,14.87,14.79585993885994,2012-04-22,XGBoost,1,2012
2012-04-22,2012,4,14.87,15.12,15.130985255241393,2012-04-23,XGBoost,1,2012
2012-04-23,2012,4,15.12,15.17,15.320990870594978,2012-04-24,XGBoost,1,2012
2012-04-24,2012,4,15.17,15.18,15.154937422908842,2012-04-25,XGBoost,1,2012
2012-04-25,2012,4,15.18,15.19,15.17846406863071,2012-04-26,XGBoost,1,2012
2012-04-26,2012,4,15.19,15.19,15.196012327969074,2012-04-27,XGBoost,1,2012
2012-04-27,2012,4,15.19,15.12,15.185357288513332,2012-04-28,XGBoost,1,2012
2012-04-28,2012,4,15.12,15.11,15.098597542271017,2012-04-29,XGBoost,1,2012
2012-04-29,2012,4,15.11,15.29,15.11972987525165,2012-04-30,XGBoost,1,2012
2012-04-30,2012,4,15.29,15.52,15.463252254724502,2012-05-01,XGBoost,1,2012
2012-05-01,2012,5,15.52,15.59,15.778239328861236,2012-05-02,XGBoost,1,2012
2012-05-02,2012,5,15.59,15.64,15.613099211975932,2012-05-03,XGBoost,1,2012
2012-05-03,2012,5,15.64,15.79,15.677179239094258,2012-05-04,XGBoost,1,2012
2012-05-04,2012,5,15.79,15.91,15.942665928006171,2012-05-05,XGBoost,1,2012
2012-05-05,2012,5,15.91,16.04,15.974538180828095,2012-05-06,XGBoost,1,2012
2012-05-06,2012,5,16.04,16.08,16.118368753194808,2012-05-07,XGBoost,1,2012
2012-05-07,2012,5,16.08,16.04,16.079086664873174,2012-05-08,XGBoost,1,2012
2012-05-08,2012,5,16.04,15.93,15.994881761223077,2012-05-09,XGBoost,1,2012
2012-05-09,2012,5,15.93,15.79,15.893258426636457,2012-05-10,XGBoost,1,2012
2012-05-10,2012,5,15.79,15.66,15.704738185703754,2012-05-11,XGBoost,1,2012
2012-05-11,2012,5,15.66,15.52,15.595106098651886,2012-05-12,XGBoost,1,2012
2012-05-12,2012,5,15.52,15.35,15.438256007134914,2012-05-13,XGBoost,1,2012
2012-05-13,2012,5,15.35,15.22,15.252216121554374,2012-05-14,XGBoost,1,2012
2012-05-14,2012,5,15.22,15.14,15.162690756171942,2012-05-15,XGBoost,1,2012
2012-05-15,2012,5,15.14,15.1,15.1118964304775,2012-05-16,XGBoost,1,2012
2012-05-16,2012,5,15.1,15.17,15.085355464741587,2012-05-17,XGBoost,1,2012
2012-05-17,2012,5,15.17,15.26,15.28621868610382,2012-05-18,XGBoost,1,2012
2012-05-18,2012,5,15.26,15.37,15.359065214395523,2012-05-19,XGBoost,1,2012
2012-05-19,2012,5,15.37,15.6,15.480707610845565,2012-05-20,XGBoost,1,2012
2012-05-20,2012,5,15.6,16.3,15.841361245512962,2012-05-21,XGBoost,1,2012
2012-05-21,2012,5,16.3,16.64,16.651897299289704,2012-05-22,XGBoost,1,2012
2012-05-22,2012,5,16.64,16.67,16.787377595305443,2012-05-23,XGBoost,1,2012
2012-05-23,2012,5,16.67,16.5,16.62619573071599,2012-05-24,XGBoost,1,2012
2012-05-24,2012,5,16.5,16.27,16.285399079322815,2012-05-25,XGBoost,1,2012
2012-05-25,2012,5,16.27,16.14,16.117529843449592,2012-05-26,XGBoost,1,2012
2012-05-26,2012,5,16.14,16.04,16.080794233232737,2012-05-27,XGBoost,1,2012
2012-05-27,2012,5,16.04,16.03,16.028965447992086,2012-05-28,XGBoost,1,2012
2012-05-28,2012,5,16.03,16.04,16.059157040640713,2012-05-29,XGBoost,1,2012
2012-05-29,2012,5,16.04,16.06,16.064570593610405,2012-05-30,XGBoost,1,2012
2012-05-30,2012,5,16.06,16.12,16.096746744066476,2012-05-31,XGBoost,1,2012
2012-05-31,2012,5,16.12,16.2,16.194460342526437,2012-06-01,XGBoost,1,2012
2012-06-01,2012,6,16.2,16.24,16.33093575835228,2012-06-02,XGBoost,1,2012
2012-06-02,2012,6,16.24,16.27,16.286824194490908,2012-06-03,XGBoost,1,2012
2012-06-03,2012,6,16.27,16.29,16.325375326424837,2012-06-04,XGBoost,1,2012
2012-06-04,2012,6,16.29,16.47,16.351241649091243,2012-06-05,XGBoost,1,2012
2012-06-05,2012,6,16.47,16.9,16.67639705657959,2012-06-06,XGBoost,1,2012
2012-06-06,2012,6,16.9,17.25,17.26067134141922,2012-06-07,XGBoost,1,2012
2012-06-07,2012,6,17.25,17.88,17.469833239912987,2012-06-08,XGBoost,1,2012
2012-06-08,2012,6,17.88,18.28,18.241637711524962,2012-06-09,XGBoost,1,2012
2012-06-09,2012,6,18.28,18.37,18.472733228206636,2012-06-10,XGBoost,1,2012
2012-06-10,2012,6,18.37,18.34,18.38039149146527,2012-06-11,XGBoost,1,2012
2012-06-11,2012,6,18.34,18.09,18.19029201209545,2012-06-12,XGBoost,1,2012
2012-06-12,2012,6,18.09,17.88,17.86679154276848,2012-06-13,XGBoost,1,2012
2012-06-13,2012,6,17.88,17.66,17.72029208123684,2012-06-14,XGBoost,1,2012
2012-06-14,2012,6,17.66,17.97,17.518442828059197,2012-06-15,XGBoost,1,2012
2012-06-15,2012,6,17.97,18.33,18.295804471969603,2012-06-16,XGBoost,1,2012
2012-06-16,2012,6,18.33,18.56,18.54607682108879,2012-06-17,XGBoost,1,2012
2012-06-17,2012,6,18.56,18.79,18.755797085762023,2012-06-18,XGBoost,1,2012
2012-06-18,2012,6,18.79,18.89,18.99165181159973,2012-06-19,XGBoost,1,2012
2012-06-19,2012,6,18.89,18.76,18.941440209150315,2012-06-20,XGBoost,1,2012
2012-06-20,2012,6,18.76,18.48,18.601228127479555,2012-06-21,XGBoost,1,2012
2012-06-21,2012,6,18.48,18.32,18.279980521202088,2012-06-22,XGBoost,1,2012
2012-06-22,2012,6,18.32,18.29,18.21384987205267,2012-06-23,XGBoost,1,2012
2012-06-23,2012,6,18.29,18.43,18.296096482742577,2012-06-24,XGBoost,1,2012
2012-06-24,2012,6,18.43,18.57,18.489830155223608,2012-06-25,XGBoost,1,2012
2012-06-25,2012,6,18.57,18.8,18.653875000476837,2012-06-26,XGBoost,1,2012
2012-06-26,2012,6,18.8,19.58,18.995739552378655,2012-06-27,XGBoost,1,2012
2012-06-27,2012,6,19.58,20.12,20.04314203739166,2012-06-28,XGBoost,1,2012
2012-06-28,2012,6,20.12,20.43,20.448290820121766,2012-06-29,XGBoost,1,2012
2012-06-29,2012,6,20.43,20.56,20.534563623666763,2012-06-30,XGBoost,1,2012
2012-06-30,2012,6,20.56,20.56,20.64522692322731,2012-07-01,XGBoost,1,2012
2012-07-01,2012,7,20.56,20.45,20.52061750128865,2012-07-02,XGBoost,1,2012
2012-07-02,2012,7,20.45,20.09,20.323583927750587,2012-07-03,XGBoost,1,2012
2012-07-03,2012,7,20.09,19.65,19.899848994016647,2012-07-04,XGBoost,1,2012
2012-07-04,2012,7,19.65,19.27,19.480099642276762,2012-07-05,XGBoost,1,2012
2012-07-05,2012,7,19.27,19.14,19.145106766819953,2012-07-06,XGBoost,1,2012
2012-07-06,2012,7,19.14,19.25,19.114785707890988,2012-07-07,XGBoost,1,2012
2012-07-07,2012,7,19.25,19.22,19.32545953243971,2012-07-08,XGBoost,1,2012
2012-07-08,2012,7,19.22,19.13,19.205894441604613,2012-07-09,XGBoost,1,2012
2012-07-09,2012,7,19.13,19.07,19.069430695027112,2012-07-10,XGBoost,1,2012
2012-07-10,2012,7,19.07,19.04,19.02322458073497,2012-07-11,XGBoost,1,2012
2012-07-11,2012,7,19.04,19.11,19.018441324084996,2012-07-12,XGBoost,1,2012
2012-07-12,2012,7,19.11,19.18,19.196525164544582,2012-07-13,XGBoost,1,2012
2012-07-13,2012,7,19.18,19.27,19.254112825095653,2012-07-14,XGBoost,1,2012
2012-07-14,2012,7,19.27,19.31,19.347276423573494,2012-07-15,XGBoost,1,2012
2012-07-15,2012,7,19.31,19.47,19.322448626570402,2012-07-16,XGBoost,1,2012
2012-07-16,2012,7,19.47,19.79,19.600713194608687,2012-07-17,XGBoost,1,2012
2012-07-17,2012,7,19.79,19.87,19.971490451097488,2012-07-18,XGBoost,1,2012
2012-07-18,2012,7,19.87,19.84,19.906563456058503,2012-07-19,XGBoost,1,2012
2012-07-19,2012,7,19.84,19.9,19.756147880256176,2012-07-20,XGBoost,1,2012
2012-07-20,2012,7,19.9,19.98,19.941064731776713,2012-07-21,XGBoost,1,2012
2012-07-21,2012,7,19.98,19.94,20.057041499316693,2012-07-22,XGBoost,1,2012
2012-07-22,2012,7,19.94,19.85,19.846691014766694,2012-07-23,XGBoost,1,2012
2012-07-23,2012,7,19.85,19.76,19.73600764423609,2012-07-24,XGBoost,1,2012
2012-07-24,2012,7,19.76,19.67,19.641587587296964,2012-07-25,XGBoost,1,2012
2012-07-25,2012,7,19.67,19.55,19.54067058682442,2012-07-26,XGBoost,1,2012
2012-07-26,2012,7,19.55,19.52,19.448416422307492,2012-07-27,XGBoost,1,2012
2012-07-27,2012,7,19.52,19.5,19.492625866532325,2012-07-28,XGBoost,1,2012
2012-07-28,2012,7,19.5,19.44,19.490542540326715,2012-07-29,XGBoost,1,2012
2012-07-29,2012,7,19.44,19.44,19.38443515315652,2012-07-30,XGBoost,1,2012
2012-07-30,2012,7,19.44,19.4,19.438881215695293,2012-07-31,XGBoost,1,2012
2012-07-31,2012,7,19.4,19.34,19.355638218671082,2012-08-01,XGBoost,1,2012
2012-08-01,2012,8,19.34,19.3,19.283217668682337,2012-08-02,XGBoost,1,2012
2012-08-02,2012,8,19.3,19.2,19.261638167500497,2012-08-03,XGBoost,1,2012
2012-08-03,2012,8,19.2,19.19,19.132546608150005,2012-08-04,XGBoost,1,2012
2012-08-04,2012,8,19.19,19.18,19.18865881353617,2012-08-05,XGBoost,1,2012
2012-08-05,2012,8,19.18,19.18,19.1771884470433,2012-08-06,XGBoost,1,2012
2012-08-06,2012,8,19.18,19.15,19.176130648069083,2012-08-07,XGBoost,1,2012
2012-08-07,2012,8,19.15,19.12,19.12270833700895,2012-08-08,XGBoost,1,2012
2012-08-08,2012,8,19.12,19.09,19.092708337008954,2012-08-09,XGBoost,1,2012
2012-08-09,2012,8,19.09,19.03,19.062708337008953,2012-08-10,XGBoost,1,2012
2012-08-10,2012,8,19.03,18.93,18.97921761751175,2012-08-11,XGBoost,1,2012
2012-08-11,2012,8,18.93,18.83,18.862037085294723,2012-08-12,XGBoost,1,2012
2012-08-12,2012,8,18.83,18.67,18.75949007451534,2012-08-13,XGBoost,1,2012
2012-08-13,2012,8,18.67,18.62,18.550248174071314,2012-08-14,XGBoost,1,2012
2012-08-14,2012,8,18.62,18.57,18.569006337672473,2012-08-15,XGBoost,1,2012
2012-08-15,2012,8,18.57,18.44,18.523953839838505,2012-08-16,XGBoost,1,2012
2012-08-16,2012,8,18.44,18.31,18.35023597866297,2012-08-17,XGBoost,1,2012
2012-08-17,2012,8,18.31,18.2,18.220965673625468,2012-08-18,XGBoost,1,2012
2012-08-18,2012,8,18.2,18.12,18.13045674264431,2012-08-19,XGBoost,1,2012
2012-08-19,2012,8,18.12,18.05,18.06340991228819,2012-08-20,XGBoost,1,2012
2012-08-20,2012,8,18.05,18.0,17.997187159210444,2012-08-21,XGBoost,1,2012
2012-08-21,2012,8,18.0,18.16,17.949751552194357,2012-08-22,XGBoost,1,2012
2012-08-22,2012,8,18.16,18.26,18.273409958779812,2012-08-23,XGBoost,1,2012
2012-08-23,2012,8,18.26,18.45,18.339621694982053,2012-08-24,XGBoost,1,2012
2012-08-24,2012,8,18.45,18.51,18.600613829493522,2012-08-25,XGBoost,1,2012
2012-08-25,2012,8,18.51,18.7,18.52659184880555,2012-08-26,XGBoost,1,2012
2012-08-26,2012,8,18.7,18.89,18.842931431531905,2012-08-27,XGBoost,1,2012
2012-08-27,2012,8,18.89,19.04,18.981746374964715,2012-08-28,XGBoost,1,2012
2012-08-28,2012,8,19.04,19.08,19.162357062995433,2012-08-29,XGBoost,1,2012
2012-08-29,2012,8,19.08,19.08,19.078671681969425,2012-08-30,XGBoost,1,2012
2012-08-30,2012,8,19.08,19.01,19.047520385980604,2012-08-31,XGBoost,1,2012
2012-08-31,2012,8,19.01,18.89,18.940484756827356,2012-09-01,XGBoost,1,2012
2012-09-01,2012,9,18.89,18.79,18.813139199614525,2012-09-02,XGBoost,1,2012
2012-09-02,2012,9,18.79,18.81,18.711123050153255,2012-09-03,XGBoost,1,2012
2012-09-03,2012,9,18.81,18.82,18.8968045091629,2012-09-04,XGBoost,1,2012
2012-09-04,2012,9,18.82,18.74,18.829650627151132,2012-09-05,XGBoost,1,2012
2012-09-05,2012,9,18.74,18.83,18.672075791060923,2012-09-06,XGBoost,1,2012
2012-09-06,2012,9,18.83,18.87,18.92595725685358,2012-09-07,XGBoost,1,2012
2012-09-07,2012,9,18.87,18.87,18.890761834457518,2012-09-08,XGBoost,1,2012
2012-09-08,2012,9,18.87,18.72,18.858914063200356,2012-09-09,XGBoost,1,2012
2012-09-09,2012,9,18.72,18.46,18.597536319196223,2012-09-10,XGBoost,1,2012
2012-09-10,2012,9,18.46,18.2,18.265145487189294,2012-09-11,XGBoost,1,2012
2012-09-11,2012,9,18.2,18.04,17.97534371614456,2012-09-12,XGBoost,1,2012
2012-09-12,2012,9,18.04,17.92,17.894198336601256,2012-09-13,XGBoost,1,2012
2012-09-13,2012,9,17.92,18.13,17.84533252388239,2012-09-14,XGBoost,1,2012
2012-09-14,2012,9,18.13,18.19,18.38118178129196,2012-09-15,XGBoost,1,2012
2012-09-15,2012,9,18.19,18.82,18.191603080192582,2012-09-16,XGBoost,1,2012
2012-09-16,2012,9,18.82,19.13,19.237063415050507,2012-09-17,XGBoost,1,2012
2012-09-17,2012,9,19.13,19.22,19.376473148465156,2012-09-18,XGBoost,1,2012
2012-09-18,2012,9,19.22,19.24,19.268831917345523,2012-09-19,XGBoost,1,2012
2012-09-19,2012,9,19.24,19.16,19.244114733543245,2012-09-20,XGBoost,1,2012
2012-09-20,2012,9,19.16,19.28,19.066622014939785,2012-09-21,XGBoost,1,2012
2012-09-21,2012,9,19.28,19.48,19.380124657154084,2012-09-22,XGBoost,1,2012
2012-09-22,2012,9,19.48,19.66,19.580690677762032,2012-09-23,XGBoost,1,2012
2012-09-23,2012,9,19.66,19.81,19.71153687298298,2012-09-24,XGBoost,1,2012
2012-09-24,2012,9,19.81,20.08,19.910216396152972,2012-09-25,XGBoost,1,2012
2012-09-25,2012,9,20.08,20.27,20.23307457745075,2012-09-26,XGBoost,1,2012
2012-09-26,2012,9,20.27,20.45,20.299885075986385,2012-09-27,XGBoost,1,2012
2012-09-27,2012,9,20.45,20.46,20.491275478899478,2012-09-28,XGBoost,1,2012
2012-09-28,2012,9,20.46,20.37,20.402547969520093,2012-09-29,XGBoost,1,2012
2012-09-29,2012,9,20.37,20.08,20.206743369698525,2012-09-30,XGBoost,1,2012
2012-11-08,2012,11,15.26,15.18,15.205457141846418,2012-11-09,XGBoost,1,2012
2012-11-09,2012,11,15.18,15.09,15.117788415700197,2012-11-10,XGBoost,1,2012
2012-11-10,2012,11,15.09,15.03,15.015620324909687,2012-11-11,XGBoost,1,2012
2012-11-11,2012,11,15.03,15.03,14.976843195706605,2012-11-12,XGBoost,1,2012
2012-11-12,2012,11,15.03,14.97,15.021388430818915,2012-11-13,XGBoost,1,2012
2012-11-13,2012,11,14.97,14.92,14.917902470827103,2012-11-14,XGBoost,1,2012
2012-11-14,2012,11,14.92,14.89,14.86963576644659,2012-11-15,XGBoost,1,2012
2012-11-15,2012,11,14.89,14.85,14.85636923775077,2012-11-16,XGBoost,1,2012
2012-11-16,2012,11,14.85,14.8,14.808994418382644,2012-11-17,XGBoost,1,2012
2012-11-17,2012,11,14.8,14.76,14.749635766446591,2012-11-18,XGBoost,1,2012
2012-11-18,2012,11,14.76,14.71,14.721071319878101,2012-11-19,XGBoost,1,2012
2012-11-19,2012,11,14.71,14.66,14.661712667942048,2012-11-20,XGBoost,1,2012
2012-11-20,2012,11,14.66,14.61,14.611712667942047,2012-11-21,XGBoost,1,2012
2012-11-21,2012,11,14.61,14.56,14.562246565371751,2012-11-22,XGBoost,1,2012
2012-11-22,2012,11,14.56,14.5,14.512406778931618,2012-11-23,XGBoost,1,2012
2012-11-23,2012,11,14.5,14.45,14.452406778931618,2012-11-24,XGBoost,1,2012
2012-11-24,2012,11,14.45,14.41,14.402406778931617,2012-11-25,XGBoost,1,2012
2012-11-25,2012,11,14.41,14.38,14.371765430867672,2012-11-26,XGBoost,1,2012
2012-11-26,2012,11,14.38,14.35,14.349140266999603,2012-11-27,XGBoost,1,2012
2012-11-27,2012,11,14.35,14.34,14.319140266999602,2012-11-28,XGBoost,1,2012
2012-11-28,2012,11,14.34,14.29,14.323867114409804,2012-11-29,XGBoost,1,2012
2012-11-29,2012,11,14.29,14.24,14.242406778931617,2012-11-30,XGBoost,1,2012
2012-11-30,2012,11,14.24,14.2,14.192406778931618,2012-12-01,XGBoost,1,2012
2012-12-01,2012,12,14.2,14.17,14.161765430867671,2012-12-02,XGBoost,1,2012
2012-12-02,2012,12,14.17,14.15,14.140047136768699,2012-12-03,XGBoost,1,2012
2012-12-03,2012,12,14.15,14.13,14.126912440732122,2012-12-04,XGBoost,1,2012
2012-12-04,2012,12,14.13,14.1,14.106912440732122,2012-12-05,XGBoost,1,2012
2012-12-05,2012,12,14.1,14.07,14.070047136768698,2012-12-06,XGBoost,1,2012
2012-12-06,2012,12,14.07,14.03,14.040977449789644,2012-12-07,XGBoost,1,2012
2012-12-07,2012,12,14.03,13.99,13.993602617383003,2012-12-08,XGBoost,1,2012
2012-12-08,2012,12,13.99,13.97,13.953602617383003,2012-12-09,XGBoost,1,2012
2012-12-09,2012,12,13.97,13.94,13.94862320765853,2012-12-10,XGBoost,1,2012
2012-12-10,2012,12,13.94,13.9,13.910977449789643,2012-12-11,XGBoost,1,2012
2012-12-11,2012,12,13.9,13.87,13.863602617383004,2012-12-12,XGBoost,1,2012
2012-12-12,2012,12,13.87,13.85,13.840977449789643,2012-12-13,XGBoost,1,2012
2012-12-13,2012,12,13.85,13.83,13.828365026414394,2012-12-14,XGBoost,1,2012
2012-12-14,2012,12,13.83,13.79,13.808365026414394,2012-12-15,XGBoost,1,2012
2012-12-15,2012,12,13.79,13.76,13.75505520492792,2012-12-16,XGBoost,1,2012
2012-12-16,2012,12,13.76,13.74,13.732430037334561,2012-12-17,XGBoost,1,2012
2012-12-17,2012,12,13.74,13.72,13.719104898869992,2012-12-18,XGBoost,1,2012
2012-12-18,2012,12,13.72,13.7,13.699104898869992,2012-12-19,XGBoost,1,2012
2012-12-19,2012,12,13.7,13.67,13.67910489886999,2012-12-20,XGBoost,1,2012
2012-12-20,2012,12,13.67,13.67,13.643169906064868,2012-12-21,XGBoost,1,2012
2012-12-21,2012,12,13.67,13.66,13.668358294833451,2012-12-22,XGBoost,1,2012
2012-12-22,2012,12,13.66,13.66,13.645616728663445,2012-12-23,XGBoost,1,2012
2012-12-23,2012,12,13.66,13.63,13.657270677937195,2012-12-24,XGBoost,1,2012
2012-12-24,2012,12,13.63,13.6,13.605986713543535,2012-12-25,XGBoost,1,2012
2012-12-25,2012,12,13.6,13.56,13.575986713543534,2012-12-26,XGBoost,1,2012
2012-12-26,2012,12,13.56,13.54,13.532973309457303,2012-12-27,XGBoost,1,2012
2012-12-27,2012,12,13.54,13.51,13.521880659237503,2012-12-28,XGBoost,1,2012
2012-12-28,2012,12,13.51,13.49,13.486615933701396,2012-12-29,XGBoost,1,2012
2012-12-29,2012,12,13.49,13.45,13.471880659237504,2012-12-30,XGBoost,1,2012
2012-12-30,2012,12,13.45,13.42,13.423602529615163,2012-12-31,XGBoost,1,2012
2012-12-31,2012,12,13.42,13.4,13.396615933701396,2013-01-01,XGBoost,1,2012
2013-01-01,2013,1,13.4,13.37,13.380889607220888,2013-01-02,XGBoost,1,2013
2013-01-02,2013,1,13.37,13.33,13.346859342306852,2013-01-03,XGBoost,1,2013
2013-01-03,2013,1,13.33,13.29,13.30276220843196,2013-01-04,XGBoost,1,2013
2013-01-04,2013,1,13.29,13.25,13.262762208431958,2013-01-05,XGBoost,1,2013
2013-01-05,2013,1,13.25,13.22,13.222925882786512,2013-01-06,XGBoost,1,2013
2013-01-06,2013,1,13.22,13.2,13.198186890482903,2013-01-07,XGBoost,1,2013
2013-01-07,2013,1,13.2,13.18,13.18261722177267,2013-01-08,XGBoost,1,2013
2013-01-08,2013,1,13.18,13.16,13.16261722177267,2013-01-09,XGBoost,1,2013
2013-01-09,2013,1,13.16,13.14,13.14261722177267,2013-01-10,XGBoost,1,2013
2013-01-10,2013,1,13.14,13.13,13.122617221772671,2013-01-11,XGBoost,1,2013
2013-01-11,2013,1,13.13,13.12,13.118880791701377,2013-01-12,XGBoost,1,2013
2013-01-12,2013,1,13.12,13.1,13.108880791701376,2013-01-13,XGBoost,1,2013
2013-01-13,2013,1,13.1,13.08,13.08261722177267,2013-01-14,XGBoost,1,2013
2013-01-14,2013,1,13.08,13.07,13.06261722177267,2013-01-15,XGBoost,1,2013
2013-01-15,2013,1,13.07,13.06,13.058880791701377,2013-01-16,XGBoost,1,2013
2013-01-16,2013,1,13.06,13.04,13.048880791701377,2013-01-17,XGBoost,1,2013
2013-01-17,2013,1,13.04,13.03,13.02261722177267,2013-01-18,XGBoost,1,2013
2013-01-18,2013,1,13.03,13.01,13.018880791701376,2013-01-19,XGBoost,1,2013
2013-01-19,2013,1,13.01,12.98,12.99261722177267,2013-01-20,XGBoost,1,2013
2013-01-20,2013,1,12.98,12.95,12.958586953133345,2013-01-21,XGBoost,1,2013
2013-01-21,2013,1,12.95,12.93,12.928586953133344,2013-01-22,XGBoost,1,2013
2013-01-22,2013,1,12.93,12.91,12.91261722177267,2013-01-23,XGBoost,1,2013
2013-01-23,2013,1,12.91,12.89,12.89261722177267,2013-01-24,XGBoost,1,2013
2013-01-24,2013,1,12.89,12.87,12.872617221772671,2013-01-25,XGBoost,1,2013
2013-01-25,2013,1,12.87,12.85,12.85261722177267,2013-01-26,XGBoost,1,2013
2013-01-26,2013,1,12.85,12.83,12.83261722177267,2013-01-27,XGBoost,1,2013
2013-01-27,2013,1,12.83,12.81,12.81261722177267,2013-01-28,XGBoost,1,2013
2013-01-28,2013,1,12.81,12.8,12.792617221772671,2013-01-29,XGBoost,1,2013
2013-01-29,2013,1,12.8,12.8,12.788880791701377,2013-01-30,XGBoost,1,2013
2013-01-30,2013,1,12.8,12.79,12.797683748370037,2013-01-31,XGBoost,1,2013
2013-01-31,2013,1,12.79,12.78,12.778880791701376,2013-02-01,XGBoost,1,2013
2013-02-01,2013,2,12.78,12.76,12.768880791701376,2013-02-02,XGBoost,1,2013
2013-02-02,2013,2,12.76,12.74,12.74261722177267,2013-02-03,XGBoost,1,2013
2013-02-03,2013,2,12.74,12.73,12.722617221772671,2013-02-04,XGBoost,1,2013
2013-02-04,2013,2,12.73,12.72,12.718880791701377,2013-02-05,XGBoost,1,2013
2013-02-05,2013,2,12.72,12.7,12.708880791701377,2013-02-06,XGBoost,1,2013
2013-02-06,2013,2,12.7,12.67,12.68261722177267,2013-02-07,XGBoost,1,2013
2013-02-07,2013,2,12.67,12.65,12.648586953133345,2013-02-08,XGBoost,1,2013
2013-02-08,2013,2,12.65,12.63,12.632617221772671,2013-02-09,XGBoost,1,2013
2013-02-09,2013,2,12.63,12.61,12.612617221772672,2013-02-10,XGBoost,1,2013
2013-02-10,2013,2,12.61,12.6,12.59261722177267,2013-02-11,XGBoost,1,2013
2013-02-11,2013,2,12.6,12.58,12.588880791701376,2013-02-12,XGBoost,1,2013
2013-02-12,2013,2,12.58,12.57,12.56261722177267,2013-02-13,XGBoost,1,2013
2013-02-13,2013,2,12.57,12.56,12.558880791701377,2013-02-14,XGBoost,1,2013
2013-02-14,2013,2,12.56,12.55,12.548880791701377,2013-02-15,XGBoost,1,2013
2013-02-15,2013,2,12.55,12.53,12.538880791701377,2013-02-16,XGBoost,1,2013
2013-02-16,2013,2,12.53,12.52,12.51261722177267,2013-02-17,XGBoost,1,2013
2013-02-17,2013,2,12.52,12.52,12.508880791701376,2013-02-18,XGBoost,1,2013
2013-02-18,2013,2,12.52,12.51,12.517683748370036,2013-02-19,XGBoost,1,2013
2013-02-19,2013,2,12.51,12.53,12.498880791701376,2013-02-20,XGBoost,1,2013
2013-02-20,2013,2,12.53,12.54,12.549866868853568,2013-02-21,XGBoost,1,2013
2013-02-21,2013,2,12.54,12.53,12.54925372261554,2013-02-22,XGBoost,1,2013
2013-02-22,2013,2,12.53,12.53,12.518880791701376,2013-02-23,XGBoost,1,2013
2013-02-23,2013,2,12.53,12.52,12.529208415334578,2013-02-24,XGBoost,1,2013
2013-02-24,2013,2,12.52,12.52,12.514636646937578,2013-02-25,XGBoost,1,2013
2013-02-25,2013,2,12.52,12.53,12.52343960383907,2013-02-26,XGBoost,1,2013
2013-02-26,2013,2,12.53,12.55,12.545009580180048,2013-02-27,XGBoost,1,2013
2013-02-27,2013,2,12.55,12.59,12.575622721761466,2013-02-28,XGBoost,1,2013
2013-02-28,2013,2,12.59,12.588,12.618757229447365,2013-03-01,XGBoost,1,2013
2013-03-01,2013,3,12.588,12.57,12.570170037925243,2013-03-02,XGBoost,1,2013
2013-03-02,2013,3,12.57,12.54,12.557578639760614,2013-03-03,XGBoost,1,2013
2013-03-03,2013,3,12.54,12.52,12.52373083025217,2013-03-04,XGBoost,1,2013
2013-03-04,2013,3,12.52,12.49,12.510509365685284,2013-03-05,XGBoost,1,2013
2013-03-05,2013,3,12.49,12.46,12.47373083025217,2013-03-06,XGBoost,1,2013
2013-03-06,2013,3,12.46,12.44,12.443730830252171,2013-03-07,XGBoost,1,2013
2013-03-07,2013,3,12.44,12.42,12.430509365685284,2013-03-08,XGBoost,1,2013
2013-03-08,2013,3,12.42,12.42,12.410509365685284,2013-03-09,XGBoost,1,2013
2013-03-09,2013,3,12.42,12.41,12.425979594774544,2013-03-10,XGBoost,1,2013
2013-03-10,2013,3,12.41,12.41,12.407176638105884,2013-03-11,XGBoost,1,2013
2013-03-11,2013,3,12.41,12.42,12.415979594774544,2013-03-12,XGBoost,1,2013
2013-03-12,2013,3,12.42,12.41,12.437549566924572,2013-03-13,XGBoost,1,2013
2013-03-13,2013,3,12.41,12.4,12.407176638105884,2013-03-14,XGBoost,1,2013
2013-03-14,2013,3,12.4,12.39,12.397176638105885,2013-03-15,XGBoost,1,2013
2013-03-15,2013,3,12.39,12.38,12.387176638105885,2013-03-16,XGBoost,1,2013
2013-03-16,2013,3,12.38,12.36,12.377176638105885,2013-03-17,XGBoost,1,2013
2013-03-17,2013,3,12.36,12.35,12.350913075394928,2013-03-18,XGBoost,1,2013
2013-03-18,2013,3,12.35,12.34,12.347176638105884,2013-03-19,XGBoost,1,2013
2013-03-19,2013,3,12.34,12.33,12.337176638105884,2013-03-20,XGBoost,1,2013
2013-03-20,2013,3,12.33,12.32,12.327176638105884,2013-03-21,XGBoost,1,2013
2013-03-21,2013,3,12.32,12.33,12.317825992992148,2013-03-22,XGBoost,1,2013
2013-03-22,2013,3,12.33,12.37,12.348070239573717,2013-03-23,XGBoost,1,2013
2013-03-23,2013,3,12.37,12.41,12.398992481529712,2013-03-24,XGBoost,1,2013
2013-03-24,2013,3,12.41,12.5,12.440274722725153,2013-03-25,XGBoost,1,2013
2013-03-25,2013,3,12.5,12.54,12.618514560163021,2013-03-26,XGBoost,1,2013
2013-03-26,2013,3,12.54,12.59,12.549062371216714,2013-03-27,XGBoost,1,2013
2013-03-27,2013,3,12.59,12.65,12.622103341072798,2013-03-28,XGBoost,1,2013
2013-03-28,2013,3,12.65,12.69,12.707359576225281,2013-03-29,XGBoost,1,2013
2013-03-29,2013,3,12.69,12.71,12.712947996854782,2013-03-30,XGBoost,1,2013
2013-03-30,2013,3,12.71,12.71,12.733329339921475,2013-03-31,XGBoost,1,2013
2013-03-31,2013,3,12.71,12.69,12.716519954185934,2013-04-01,XGBoost,1,2013
2013-04-01,2013,4,12.69,12.69,12.683166763335466,2013-04-02,XGBoost,1,2013
2013-04-02,2013,4,12.69,12.73,12.702083571404218,2013-04-03,XGBoost,1,2013
2013-04-03,2013,4,12.73,12.77,12.762783593982459,2013-04-04,XGBoost,1,2013
2013-04-04,2013,4,12.77,12.77,12.802783593982458,2013-04-05,XGBoost,1,2013
2013-04-05,2013,4,12.77,12.851,12.775970568861812,2013-04-06,XGBoost,1,2013
2013-04-06,2013,4,12.851,12.896,12.9782741407156,2013-04-07,XGBoost,1,2013
2013-04-07,2013,4,12.896,13.05,12.930300684928895,2013-04-08,XGBoost,1,2013
2013-04-08,2013,4,13.05,13.19,13.215281265974046,2013-04-09,XGBoost,1,2013
2013-04-09,2013,4,13.19,13.23,13.299313756227493,2013-04-10,XGBoost,1,2013
2013-04-10,2013,4,13.23,13.23,13.254340335279704,2013-04-11,XGBoost,1,2013
2013-04-11,2013,4,13.23,13.22,13.232211126498878,2013-04-12,XGBoost,1,2013
2013-04-12,2013,4,13.22,13.33,13.23221363991499,2013-04-13,XGBoost,1,2013
2013-04-13,2013,4,13.33,13.47,13.464359493851662,2013-04-14,XGBoost,1,2013
2013-04-14,2013,4,13.47,13.5,13.600092591047288,2013-04-15,XGBoost,1,2013
2013-04-15,2013,4,13.5,13.51,13.516249243170023,2013-04-16,XGBoost,1,2013
2013-04-16,2013,4,13.51,13.48,13.5274908824265,2013-04-17,XGBoost,1,2013
2013-04-17,2013,4,13.48,13.52,13.47092462938279,2013-04-18,XGBoost,1,2013
2013-04-18,2013,4,13.52,13.81,13.561470542550087,2013-04-19,XGBoost,1,2013
2013-04-19,2013,4,13.81,14.35,14.065343586206437,2013-04-20,XGBoost,1,2013
2013-04-20,2013,4,14.35,14.55,14.672252303361892,2013-04-21,XGBoost,1,2013
2013-04-21,2013,4,14.55,14.66,14.638247790932656,2013-04-22,XGBoost,1,2013
2013-04-22,2013,4,14.66,14.58,14.725965615212917,2013-04-23,XGBoost,1,2013
2013-04-23,2013,4,14.58,14.58,14.540287395864725,2013-04-24,XGBoost,1,2013
2013-04-24,2013,4,14.58,14.45,14.589246516041458,2013-04-25,XGBoost,1,2013
2013-04-25,2013,4,14.45,14.35,14.377534624934196,2013-04-26,XGBoost,1,2013
2013-04-26,2013,4,14.35,14.26,14.30307631790638,2013-04-27,XGBoost,1,2013
2013-04-27,2013,4,14.26,14.24,14.214422503709793,2013-04-28,XGBoost,1,2013
2013-04-28,2013,4,14.24,14.2,14.241702030654997,2013-04-29,XGBoost,1,2013
2013-04-29,2013,4,14.2,14.17,14.18501645028591,2013-04-30,XGBoost,1,2013
2013-07-08,2013,7,19.2,19.34,19.442105528712272,2013-07-09,XGBoost,1,2013
2013-07-09,2013,7,19.34,19.47,19.431475032269955,2013-07-10,XGBoost,1,2013
2013-07-10,2013,7,19.47,19.67,19.528828506618737,2013-07-11,XGBoost,1,2013
2013-07-11,2013,7,19.67,19.68,19.822030214667322,2013-07-12,XGBoost,1,2013
2013-07-12,2013,7,19.68,19.6,19.664148986637592,2013-07-13,XGBoost,1,2013
2013-07-13,2013,7,19.6,19.46,19.509840472042562,2013-07-14,XGBoost,1,2013
2013-07-14,2013,7,19.46,19.37,19.351797974705697,2013-07-15,XGBoost,1,2013
2013-07-15,2013,7,19.37,19.3,19.292332234680654,2013-07-16,XGBoost,1,2013
2013-07-16,2013,7,19.3,19.13,19.252556509524585,2013-07-17,XGBoost,1,2013
2013-07-17,2013,7,19.13,19.087,18.980955709815024,2013-07-18,XGBoost,1,2013
2013-07-18,2013,7,19.087,18.99,19.054061065137386,2013-07-19,XGBoost,1,2013
2013-07-19,2013,7,18.99,19.09,18.920711291730402,2013-07-20,XGBoost,1,2013
2013-07-20,2013,7,19.09,19.12,19.14164674669504,2013-07-21,XGBoost,1,2013
2013-07-21,2013,7,19.12,19.11,19.14160363085568,2013-07-22,XGBoost,1,2013
2013-07-22,2013,7,19.11,19.02,19.07623296663165,2013-07-23,XGBoost,1,2013
2013-07-23,2013,7,19.02,19.04,18.9410866689682,2013-07-24,XGBoost,1,2013
2013-07-24,2013,7,19.04,19.05,19.062883925586938,2013-07-25,XGBoost,1,2013
2013-07-25,2013,7,19.05,19.11,19.059287044405938,2013-07-26,XGBoost,1,2013
2013-07-26,2013,7,19.11,19.15,19.15382336512208,2013-07-27,XGBoost,1,2013
2013-07-27,2013,7,19.15,19.14,19.17502356097102,2013-07-28,XGBoost,1,2013
2013-07-28,2013,7,19.14,19.07,19.114380981177092,2013-07-29,XGBoost,1,2013
2013-07-29,2013,7,19.07,19.0,19.0161179189384,2013-07-30,XGBoost,1,2013
2013-07-30,2013,7,19.0,18.94,18.94794649258256,2013-07-31,XGBoost,1,2013
2013-07-31,2013,7,18.94,18.86,18.88993595033884,2013-08-01,XGBoost,1,2013
2013-08-01,2013,8,18.86,18.78,18.80501230865717,2013-08-02,XGBoost,1,2013
2013-08-02,2013,8,18.78,18.76,18.72501230865717,2013-08-03,XGBoost,1,2013
2013-08-03,2013,8,18.76,18.69,18.752778842803092,2013-08-04,XGBoost,1,2013
2013-08-04,2013,8,18.69,18.52,18.638744837194682,2013-08-05,XGBoost,1,2013
2013-08-05,2013,8,18.52,18.4,18.38184711754322,2013-08-06,XGBoost,1,2013
2013-08-06,2013,8,18.4,18.45,18.33081025034189,2013-08-07,XGBoost,1,2013
2013-08-07,2013,8,18.45,18.51,18.51885679066181,2013-08-08,XGBoost,1,2013
2013-08-08,2013,8,18.51,18.49,18.57300836801529,2013-08-09,XGBoost,1,2013
2013-08-09,2013,8,18.49,18.43,18.47939936235547,2013-08-10,XGBoost,1,2013
2013-08-10,2013,8,18.43,18.51,18.38071914792061,2013-08-11,XGBoost,1,2013
2013-08-11,2013,8,18.51,18.6,18.607183272242548,2013-08-12,XGBoost,1,2013
2013-08-12,2013,8,18.6,18.64,18.702909713983537,2013-08-13,XGBoost,1,2013
2013-08-13,2013,8,18.64,18.63,18.66768736332655,2013-08-14,XGBoost,1,2013
2013-08-14,2013,8,18.63,18.56,18.599206307083367,2013-08-15,XGBoost,1,2013
2013-08-15,2013,8,18.56,18.45,18.523099874556063,2013-08-16,XGBoost,1,2013
2013-08-16,2013,8,18.45,18.36,18.379998993873595,2013-08-17,XGBoost,1,2013
2013-08-17,2013,8,18.36,18.29,18.291046433746814,2013-08-18,XGBoost,1,2013
2013-08-18,2013,8,18.29,18.22,18.242114783227443,2013-08-19,XGBoost,1,2013
2013-08-19,2013,8,18.22,18.12,18.179783796221017,2013-08-20,XGBoost,1,2013
2013-08-20,2013,8,18.12,18.0,18.055462780296804,2013-08-21,XGBoost,1,2013
2013-08-21,2013,8,18.0,17.97,17.933425687253475,2013-08-22,XGBoost,1,2013
2013-08-22,2013,8,17.97,17.92,17.9556657134369,2013-08-23,XGBoost,1,2013
2013-08-23,2013,8,17.92,17.83,17.877860108464958,2013-08-24,XGBoost,1,2013
2013-08-24,2013,8,17.83,17.67,17.759115042090414,2013-08-25,XGBoost,1,2013
2013-08-25,2013,8,17.67,17.54,17.54533435970545,2013-08-26,XGBoost,1,2013
2013-08-26,2013,8,17.54,17.47,17.442028910815715,2013-08-27,XGBoost,1,2013
2013-08-27,2013,8,17.47,17.53,17.42255770906806,2013-08-28,XGBoost,1,2013
2013-08-28,2013,8,17.53,17.6,17.609269252717496,2013-08-29,XGBoost,1,2013
2013-08-29,2013,8,17.6,17.6,17.679939387738706,2013-08-30,XGBoost,1,2013
2013-08-30,2013,8,17.6,17.62,17.60834160204977,2013-08-31,XGBoost,1,2013
2013-08-31,2013,8,17.62,17.62,17.657819862365724,2013-09-01,XGBoost,1,2013
2013-09-01,2013,9,17.62,17.64,17.638089015036822,2013-09-02,XGBoost,1,2013
2013-09-02,2013,9,17.64,17.79,17.681134480386973,2013-09-03,XGBoost,1,2013
2013-09-03,2013,9,17.79,17.9,17.95162133216858,2013-09-04,XGBoost,1,2013
2013-09-04,2013,9,17.9,18.17,17.9938226506114,2013-09-05,XGBoost,1,2013
2013-09-05,2013,9,18.17,18.49,18.38856351196766,2013-09-06,XGBoost,1,2013
2013-09-06,2013,9,18.49,18.8,18.66208930850029,2013-09-07,XGBoost,1,2013
2013-09-07,2013,9,18.8,19.3,18.971888142824174,2013-09-08,XGBoost,1,2013
2013-09-08,2013,9,19.3,19.66,19.522978740930558,2013-09-09,XGBoost,1,2013
2013-09-09,2013,9,19.66,19.9,19.82865362226963,2013-09-10,XGBoost,1,2013
2013-09-10,2013,9,19.9,19.91,19.930432501807807,2013-09-11,XGBoost,1,2013
2013-09-11,2013,9,19.91,19.79,19.82680223494768,2013-09-12,XGBoost,1,2013
2013-09-12,2013,9,19.79,19.5,19.645264350771903,2013-09-13,XGBoost,1,2013
2013-09-13,2013,9,19.5,19.19,19.283555299043655,2013-09-14,XGBoost,1,2013
2013-09-14,2013,9,19.19,18.9,18.938382389545442,2013-09-15,XGBoost,1,2013
2013-09-15,2013,9,18.9,18.62,18.665707328915595,2013-09-16,XGBoost,1,2013
2013-09-16,2013,9,18.62,18.41,18.425210992693902,2013-09-17,XGBoost,1,2013
2013-09-17,2013,9,18.41,18.12,18.239870104789734,2013-09-18,XGBoost,1,2013
2013-09-18,2013,9,18.12,17.94,17.943062986135484,2013-09-19,XGBoost,1,2013
2013-09-19,2013,9,17.94,17.76,17.778903576135637,2013-09-20,XGBoost,1,2013
2013-09-20,2013,9,17.76,17.4,17.6351839697361,2013-09-21,XGBoost,1,2013
2013-09-21,2013,9,17.4,17.3,17.22215918600559,2013-09-22,XGBoost,1,2013
2013-09-22,2013,9,17.3,17.13,17.2897669730708,2013-09-23,XGBoost,1,2013
2013-09-23,2013,9,17.13,17.01,16.997338329553603,2013-09-24,XGBoost,1,2013
2013-09-24,2013,9,17.01,16.91,16.93918284237385,2013-09-25,XGBoost,1,2013
2013-09-25,2013,9,16.91,16.82,16.84231900036335,2013-09-26,XGBoost,1,2013
2013-09-26,2013,9,16.82,16.8,16.75592144548893,2013-09-27,XGBoost,1,2013
2013-09-27,2013,9,16.8,16.81,16.816068492084742,2013-09-28,XGBoost,1,2013
2013-09-28,2013,9,16.81,16.85,16.843830717206,2013-09-29,XGBoost,1,2013
2013-09-29,2013,9,16.85,16.87,16.866446448862554,2013-09-30,XGBoost,1,2013
2013-09-30,2013,9,16.87,16.87,16.88598146557808,2013-10-01,XGBoost,1,2013
2013-10-01,2013,10,16.87,16.84,16.856710369586946,2013-10-02,XGBoost,1,2013
2013-10-02,2013,10,16.84,16.77,16.78791290909052,2013-10-03,XGBoost,1,2013
2013-10-03,2013,10,16.77,16.68,16.711921811550855,2013-10-04,XGBoost,1,2013
2013-10-04,2013,10,16.68,16.57,16.585701011419296,2013-10-05,XGBoost,1,2013
2013-10-05,2013,10,16.57,16.51,16.48108913719654,2013-10-06,XGBoost,1,2013
2013-10-06,2013,10,16.51,16.58,16.454972027093174,2013-10-07,XGBoost,1,2013
2013-10-07,2013,10,16.58,16.63,16.69530942469835,2013-10-08,XGBoost,1,2013
2013-10-08,2013,10,16.63,16.6,16.668859229534863,2013-10-09,XGBoost,1,2013
2013-10-09,2013,10,16.6,16.55,16.52619152367115,2013-10-10,XGBoost,1,2013
2013-10-10,2013,10,16.55,16.54,16.48833290040493,2013-10-11,XGBoost,1,2013
2013-10-11,2013,10,16.54,16.59,16.520558179318904,2013-10-12,XGBoost,1,2013
2013-10-12,2013,10,16.59,16.55,16.63558729380369,2013-10-13,XGBoost,1,2013
2013-10-13,2013,10,16.55,16.48,16.488501637429,2013-10-14,XGBoost,1,2013
2013-10-14,2013,10,16.48,16.37,16.415065627098084,2013-10-15,XGBoost,1,2013
2013-10-15,2013,10,16.37,16.37,16.287678691446782,2013-10-16,XGBoost,1,2013
2013-10-16,2013,10,16.37,16.48,16.401140726059676,2013-10-17,XGBoost,1,2013
2013-10-17,2013,10,16.48,16.37,16.567267257273198,2013-10-18,XGBoost,1,2013
2013-10-18,2013,10,16.37,16.23,16.268791417479516,2013-10-19,XGBoost,1,2013
2013-10-19,2013,10,16.23,16.0,16.10984497845173,2013-10-20,XGBoost,1,2013
2013-10-20,2013,10,16.0,15.84,15.849424093961716,2013-10-21,XGBoost,1,2013
2013-10-21,2013,10,15.84,15.74,15.7117482984066,2013-10-22,XGBoost,1,2013
2013-10-22,2013,10,15.74,15.71,15.666134116947651,2013-10-23,XGBoost,1,2013
2013-10-23,2013,10,15.71,15.68,15.670724961012603,2013-10-24,XGBoost,1,2013
2013-10-24,2013,10,15.68,15.66,15.643151268661022,2013-10-25,XGBoost,1,2013
2013-10-25,2013,10,15.66,15.71,15.635817512720823,2013-10-26,XGBoost,1,2013
2013-10-26,2013,10,15.71,15.74,15.758848025500775,2013-10-27,XGBoost,1,2013
2013-10-27,2013,10,15.74,15.82,15.754607172459364,2013-10-28,XGBoost,1,2013
2013-10-28,2013,10,15.82,15.82,15.8805628490448,2013-10-29,XGBoost,1,2013
2013-10-29,2013,10,15.82,15.74,15.802713453471661,2013-10-30,XGBoost,1,2013
2013-10-30,2013,10,15.74,15.63,15.66557641863823,2013-10-31,XGBoost,1,2013
2013-10-31,2013,10,15.63,15.52,15.55077922821045,2013-11-01,XGBoost,1,2013
2013-11-01,2013,11,15.52,15.42,15.441780169010162,2013-11-02,XGBoost,1,2013
2013-11-02,2013,11,15.42,15.4,15.341780169010162,2013-11-03,XGBoost,1,2013
2013-11-03,2013,11,15.4,15.49,15.37416339814663,2013-11-04,XGBoost,1,2013
2013-11-04,2013,11,15.49,15.57,15.595621196329594,2013-11-05,XGBoost,1,2013
2013-11-05,2013,11,15.57,15.59,15.63045762076974,2013-11-06,XGBoost,1,2013
2013-11-06,2013,11,15.59,15.54,15.588684039455838,2013-11-07,XGBoost,1,2013
2013-11-07,2013,11,15.54,15.43,15.481719897091388,2013-11-08,XGBoost,1,2013
2013-11-08,2013,11,15.43,15.34,15.353595637083053,2013-11-09,XGBoost,1,2013
2013-11-09,2013,11,15.34,15.21,15.263264801502228,2013-11-10,XGBoost,1,2013
2013-11-10,2013,11,15.21,15.09,15.104204080104829,2013-11-11,XGBoost,1,2013
2013-11-11,2013,11,15.09,15.0,15.01300172150135,2013-11-12,XGBoost,1,2013
2013-11-12,2013,11,15.0,14.91,14.925301894545555,2013-11-13,XGBoost,1,2013
2013-11-13,2013,11,14.91,14.84,14.835301894545555,2013-11-14,XGBoost,1,2013
2013-11-14,2013,11,14.84,14.72,14.789680857360363,2013-11-15,XGBoost,1,2013
2013-11-15,2013,11,14.72,14.66,14.645301894545556,2013-11-16,XGBoost,1,2013
2013-11-16,2013,11,14.66,14.58,14.609583131819964,2013-11-17,XGBoost,1,2013
2013-11-17,2013,11,14.58,14.53,14.523823397159576,2013-11-18,XGBoost,1,2013
2013-11-18,2013,11,14.53,14.44,14.481267521828412,2013-11-19,XGBoost,1,2013
2013-11-19,2013,11,14.44,14.44,14.367219405770301,2013-11-20,XGBoost,1,2013
2013-11-20,2013,11,14.44,14.38,14.433982668500393,2013-11-21,XGBoost,1,2013
2013-11-21,2013,11,14.38,14.33,14.333693829476834,2013-11-22,XGBoost,1,2013
2013-11-22,2013,11,14.33,14.27,14.283693829476833,2013-11-23,XGBoost,1,2013
2013-11-23,2013,11,14.27,14.22,14.223693829476833,2013-11-24,XGBoost,1,2013
2013-11-24,2013,11,14.22,14.17,14.175004788935185,2013-11-25,XGBoost,1,2013
2013-11-25,2013,11,14.17,14.12,14.125004788935184,2013-11-26,XGBoost,1,2013
2013-11-26,2013,11,14.12,14.08,14.075004788935184,2013-11-27,XGBoost,1,2013
2013-11-27,2013,11,14.08,14.03,14.041833339184523,2013-11-28,XGBoost,1,2013
2013-11-28,2013,11,14.03,13.99,13.985004788935184,2013-11-29,XGBoost,1,2013
2013-11-29,2013,11,13.99,13.96,13.951833339184523,2013-11-30,XGBoost,1,2013
2013-11-30,2013,11,13.96,13.92,13.929825636595488,2013-12-01,XGBoost,1,2013
2013-12-01,2013,12,13.92,13.87,13.881833339184523,2013-12-02,XGBoost,1,2013
2013-12-02,2013,12,13.87,13.82,13.825004788935184,2013-12-03,XGBoost,1,2013
2013-12-03,2013,12,13.82,13.78,13.775004788935185,2013-12-04,XGBoost,1,2013
2013-12-04,2013,12,13.78,13.76,13.742405987083911,2013-12-05,XGBoost,1,2013
2013-12-05,2013,12,13.76,13.74,13.73701957449317,2013-12-06,XGBoost,1,2013
2013-12-06,2013,12,13.74,13.7,13.71701957449317,2013-12-07,XGBoost,1,2013
2013-12-07,2013,12,13.7,13.67,13.662405987083911,2013-12-08,XGBoost,1,2013
2013-12-08,2013,12,13.67,13.64,13.640398280769586,2013-12-09,XGBoost,1,2013
2013-12-09,2013,12,13.64,13.6,13.610398280769587,2013-12-10,XGBoost,1,2013
2013-12-10,2013,12,13.6,13.56,13.563432740420103,2013-12-11,XGBoost,1,2013
2013-12-11,2013,12,13.56,13.54,13.523432740420104,2013-12-12,XGBoost,1,2013
2013-12-12,2013,12,13.54,13.51,13.517019574493169,2013-12-13,XGBoost,1,2013
2013-12-13,2013,12,13.51,13.48,13.482567208111286,2013-12-14,XGBoost,1,2013
2013-12-14,2013,12,13.48,13.45,13.452567208111287,2013-12-15,XGBoost,1,2013
2013-12-15,2013,12,13.45,13.42,13.424226146936416,2013-12-16,XGBoost,1,2013
2013-12-16,2013,12,13.42,13.4,13.394226146936417,2013-12-17,XGBoost,1,2013
2013-12-17,2013,12,13.4,13.38,13.379820687323809,2013-12-18,XGBoost,1,2013
2013-12-18,2013,12,13.38,13.36,13.35982068732381,2013-12-19,XGBoost,1,2013
2013-12-19,2013,12,13.36,13.34,13.339820687323808,2013-12-20,XGBoost,1,2013
2013-12-20,2013,12,13.34,13.32,13.319820687323809,2013-12-21,XGBoost,1,2013
2013-12-21,2013,12,13.32,13.29,13.299820687323809,2013-12-22,XGBoost,1,2013
2013-12-22,2013,12,13.29,13.26,13.264226146936416,2013-12-23,XGBoost,1,2013
2013-12-23,2013,12,13.26,13.24,13.236026140153408,2013-12-24,XGBoost,1,2013
2013-12-24,2013,12,13.24,13.21,13.220056408792734,2013-12-25,XGBoost,1,2013
2013-12-25,2013,12,13.21,13.19,13.186026140153409,2013-12-26,XGBoost,1,2013
2013-12-26,2013,12,13.19,13.17,13.170056408792734,2013-12-27,XGBoost,1,2013
2013-12-27,2013,12,13.17,13.14,13.150056408792734,2013-12-28,XGBoost,1,2013
2013-12-28,2013,12,13.14,13.12,13.116542193442584,2013-12-29,XGBoost,1,2013
2013-12-29,2013,12,13.12,13.09,13.100572458356618,2013-12-30,XGBoost,1,2013
2013-12-30,2013,12,13.09,13.06,13.066859342306852,2013-12-31,XGBoost,1,2013
2013-12-31,2013,12,13.06,13.04,13.036859342306853,2014-01-01,XGBoost,1,2013
2014-01-01,2014,1,13.04,13.02,13.021676764786243,2014-01-02,XGBoost,1,2014
2014-01-02,2014,1,13.02,12.99,13.001676764786243,2014-01-03,XGBoost,1,2014
2014-01-03,2014,1,12.99,12.97,12.966975679397583,2014-01-04,XGBoost,1,2014
2014-01-04,2014,1,12.97,12.95,12.951676764786244,2014-01-05,XGBoost,1,2014
2014-01-05,2014,1,12.95,12.93,12.932431864365935,2014-01-06,XGBoost,1,2014
2014-01-06,2014,1,12.93,12.93,12.913152586966753,2014-01-07,XGBoost,1,2014
2014-01-07,2014,1,12.93,12.92,12.924879990350455,2014-01-08,XGBoost,1,2014
2014-01-08,2014,1,12.92,12.9,12.908522864878178,2014-01-09,XGBoost,1,2014
2014-01-09,2014,1,12.9,12.88,12.883152586966753,2014-01-10,XGBoost,1,2014
2014-01-10,2014,1,12.88,12.86,12.863152586966754,2014-01-11,XGBoost,1,2014
2014-01-11,2014,1,12.86,12.83,12.843152586966752,2014-01-12,XGBoost,1,2014
2014-01-12,2014,1,12.83,12.82,12.808451499715447,2014-01-13,XGBoost,1,2014
2014-01-13,2014,1,12.82,12.8,12.808522864878178,2014-01-14,XGBoost,1,2014
2014-01-14,2014,1,12.8,12.79,12.783152586966754,2014-01-15,XGBoost,1,2014
2014-01-15,2014,1,12.79,12.77,12.778522864878177,2014-01-16,XGBoost,1,2014
2014-01-16,2014,1,12.77,12.75,12.753152586966753,2014-01-17,XGBoost,1,2014
2014-01-17,2014,1,12.75,12.73,12.733152586966753,2014-01-18,XGBoost,1,2014
2014-01-18,2014,1,12.73,12.72,12.713152586966753,2014-01-19,XGBoost,1,2014
2014-01-19,2014,1,12.72,12.7,12.708522864878178,2014-01-20,XGBoost,1,2014
2014-01-20,2014,1,12.7,12.68,12.683152586966752,2014-01-21,XGBoost,1,2014
2014-01-21,2014,1,12.68,12.66,12.663152586966753,2014-01-22,XGBoost,1,2014
2014-01-22,2014,1,12.66,12.65,12.643152586966753,2014-01-23,XGBoost,1,2014
2014-01-23,2014,1,12.65,12.64,12.638522864878178,2014-01-24,XGBoost,1,2014
2014-01-24,2014,1,12.64,12.63,12.628522864878178,2014-01-25,XGBoost,1,2014
2014-01-25,2014,1,12.63,12.62,12.618522864878178,2014-01-26,XGBoost,1,2014
2014-01-26,2014,1,12.62,12.61,12.608522864878177,2014-01-27,XGBoost,1,2014
2014-01-27,2014,1,12.61,12.59,12.598522864878177,2014-01-28,XGBoost,1,2014
2014-01-28,2014,1,12.59,12.57,12.573152586966753,2014-01-29,XGBoost,1,2014
2014-01-29,2014,1,12.57,12.55,12.553152586966753,2014-01-30,XGBoost,1,2014
2014-01-30,2014,1,12.55,12.53,12.533152586966754,2014-01-31,XGBoost,1,2014
2014-06-08,2014,6,16.32,16.66,16.45462372124195,2014-06-09,XGBoost,1,2014
2014-06-09,2014,6,16.66,16.88,16.910192046165466,2014-06-10,XGBoost,1,2014
2014-06-10,2014,6,16.88,16.92,17.058269565105437,2014-06-11,XGBoost,1,2014
2014-06-11,2014,6,16.92,16.92,16.913737493176015,2014-06-12,XGBoost,1,2014
2014-06-12,2014,6,16.92,16.92,16.9016190879792,2014-06-13,XGBoost,1,2014
2014-06-13,2014,6,16.92,16.97,16.93497738528997,2014-06-14,XGBoost,1,2014
2014-06-14,2014,6,16.97,17.07,17.0494390887022,2014-06-15,XGBoost,1,2014
2014-06-15,2014,6,17.07,17.21,17.206361092329026,2014-06-16,XGBoost,1,2014
2014-06-16,2014,6,17.21,17.25,17.359037197232247,2014-06-17,XGBoost,1,2014
2014-06-17,2014,6,17.25,17.19,17.287665713578463,2014-06-18,XGBoost,1,2014
2014-06-18,2014,6,17.19,17.11,17.14797234401107,2014-06-19,XGBoost,1,2014
2014-06-19,2014,6,17.11,16.99,17.096160427331924,2014-06-20,XGBoost,1,2014
2014-06-20,2014,6,16.99,16.92,16.962199466079472,2014-06-21,XGBoost,1,2014
2014-06-21,2014,6,16.92,16.9,16.916244134614246,2014-06-22,XGBoost,1,2014
2014-06-22,2014,6,16.9,17.2,16.928882509097456,2014-06-23,XGBoost,1,2014
2014-06-23,2014,6,17.2,17.49,17.58854745030403,2014-06-24,XGBoost,1,2014
2014-06-24,2014,6,17.49,17.82,17.748113741874693,2014-06-25,XGBoost,1,2014
2014-06-25,2014,6,17.82,18.14,18.066720135211945,2014-06-26,XGBoost,1,2014
2014-06-26,2014,6,18.14,18.44,18.372076197862626,2014-06-27,XGBoost,1,2014
2014-06-27,2014,6,18.44,18.56,18.639477195739747,2014-06-28,XGBoost,1,2014
2014-06-28,2014,6,18.56,18.57,18.62235997751355,2014-06-29,XGBoost,1,2014
2014-06-29,2014,6,18.57,18.57,18.526678990274668,2014-06-30,XGBoost,1,2014
2014-06-30,2014,6,18.57,18.58,18.54569244913757,2014-07-01,XGBoost,1,2014
2014-07-01,2014,7,18.58,18.5,18.58436183903366,2014-07-02,XGBoost,1,2014
2014-07-02,2014,7,18.5,18.34,18.47997511178255,2014-07-03,XGBoost,1,2014
2014-07-03,2014,7,18.34,18.362,18.255839560329914,2014-07-04,XGBoost,1,2014
2014-07-04,2014,7,18.362,18.47,18.400728039711712,2014-07-05,XGBoost,1,2014
2014-07-05,2014,7,18.47,18.59,18.56821531176567,2014-07-06,XGBoost,1,2014
2014-07-06,2014,7,18.59,18.63,18.700031343996525,2014-07-07,XGBoost,1,2014
2014-07-07,2014,7,18.63,18.66,18.664771405160426,2014-07-08,XGBoost,1,2014
2014-07-08,2014,7,18.66,18.5,18.69740991652012,2014-07-09,XGBoost,1,2014
2014-07-09,2014,7,18.5,18.49,18.412810668349266,2014-07-10,XGBoost,1,2014
2014-07-10,2014,7,18.49,18.53,18.500814394801854,2014-07-11,XGBoost,1,2014
2014-07-11,2014,7,18.53,18.48,18.593773781061174,2014-07-12,XGBoost,1,2014
2014-07-12,2014,7,18.48,18.4,18.447340264469386,2014-07-13,XGBoost,1,2014
2014-07-13,2014,7,18.4,18.46,18.35332246273756,2014-07-14,XGBoost,1,2014
2014-07-14,2014,7,18.46,18.46,18.545268557071687,2014-07-15,XGBoost,1,2014
2014-07-15,2014,7,18.46,18.4,18.49984357789159,2014-07-16,XGBoost,1,2014
2014-07-16,2014,7,18.4,18.34,18.357489162683486,2014-07-17,XGBoost,1,2014
2014-07-17,2014,7,18.34,18.35,18.298499670028686,2014-07-18,XGBoost,1,2014
2014-07-18,2014,7,18.35,18.42,18.384984774887563,2014-07-19,XGBoost,1,2014
2014-07-19,2014,7,18.42,18.53,18.520425221025945,2014-07-20,XGBoost,1,2014
2014-07-20,2014,7,18.53,18.67,18.62458738565445,2014-07-21,XGBoost,1,2014
2014-07-21,2014,7,18.67,18.88,18.797697944641115,2014-07-22,XGBoost,1,2014
2014-07-22,2014,7,18.88,18.98,19.11752102255821,2014-07-23,XGBoost,1,2014
2014-07-23,2014,7,18.98,18.97,19.010854124575854,2014-07-24,XGBoost,1,2014
2014-07-24,2014,7,18.97,18.97,18.887398139834403,2014-07-25,XGBoost,1,2014
2014-07-25,2014,7,18.97,18.91,18.948815423324703,2014-07-26,XGBoost,1,2014
2014-07-26,2014,7,18.91,18.87,18.86061057806015,2014-07-27,XGBoost,1,2014
2014-07-27,2014,7,18.87,18.75,18.833789008557797,2014-07-28,XGBoost,1,2014
2014-07-28,2014,7,18.75,18.65,18.67940091341734,2014-07-29,XGBoost,1,2014
2014-07-29,2014,7,18.65,18.58,18.579746001958846,2014-07-30,XGBoost,1,2014
2014-07-30,2014,7,18.58,18.48,18.562842743396757,2014-07-31,XGBoost,1,2014
2014-07-31,2014,7,18.48,18.41,18.416392724514008,2014-08-01,XGBoost,1,2014
2014-08-01,2014,8,18.41,18.36,18.361864320784807,2014-08-02,XGBoost,1,2014
2014-08-02,2014,8,18.36,18.3,18.31243204012513,2014-08-03,XGBoost,1,2014
2014-08-03,2014,8,18.3,18.24,18.254314917325974,2014-08-04,XGBoost,1,2014
2014-08-04,2014,8,18.24,18.22,18.193494254499672,2014-08-05,XGBoost,1,2014
2014-08-05,2014,8,18.22,18.23,18.213307708762585,2014-08-06,XGBoost,1,2014
2014-08-06,2014,8,18.23,18.23,18.257568658813835,2014-08-07,XGBoost,1,2014
2014-08-07,2014,8,18.23,18.24,18.244700272120536,2014-08-08,XGBoost,1,2014
2014-08-08,2014,8,18.24,18.17,18.267276093140243,2014-08-09,XGBoost,1,2014
2014-08-09,2014,8,18.17,18.17,18.120369238853456,2014-08-10,XGBoost,1,2014
2014-08-10,2014,8,18.17,18.24,18.18670577377081,2014-08-11,XGBoost,1,2014
2014-08-11,2014,8,18.24,18.26,18.343273957967757,2014-08-12,XGBoost,1,2014
2014-08-12,2014,8,18.26,18.28,18.299234250783922,2014-08-13,XGBoost,1,2014
2014-08-13,2014,8,18.28,18.39,18.31652535378933,2014-08-14,XGBoost,1,2014
2014-08-14,2014,8,18.39,18.58,18.500252641141415,2014-08-15,XGBoost,1,2014
2014-08-15,2014,8,18.58,18.86,18.7169182318449,2014-08-16,XGBoost,1,2014
2014-08-16,2014,8,18.86,19.42,19.12519075036049,2014-08-17,XGBoost,1,2014
2014-08-17,2014,8,19.42,19.7,19.792203946113588,2014-08-18,XGBoost,1,2014
2014-08-18,2014,8,19.7,19.82,19.889696550369262,2014-08-19,XGBoost,1,2014
2014-08-19,2014,8,19.82,19.86,19.841979922428727,2014-08-20,XGBoost,1,2014
2014-08-20,2014,8,19.86,19.86,19.82611139923334,2014-08-21,XGBoost,1,2014
2014-08-21,2014,8,19.86,19.86,19.85281400628388,2014-08-22,XGBoost,1,2014
2014-08-22,2014,8,19.86,19.81,19.857083492809906,2014-08-23,XGBoost,1,2014
2014-08-23,2014,8,19.81,19.75,19.737135840058325,2014-08-24,XGBoost,1,2014
2014-08-24,2014,8,19.75,19.79,19.658184073865414,2014-08-25,XGBoost,1,2014
2014-08-25,2014,8,19.79,19.77,19.787353717684745,2014-08-26,XGBoost,1,2014
2014-08-26,2014,8,19.77,19.92,19.728199132233858,2014-08-27,XGBoost,1,2014
2014-08-27,2014,8,19.92,20.15,20.026310956180097,2014-08-28,XGBoost,1,2014
2014-08-28,2014,8,20.15,20.21,20.365929195284842,2014-08-29,XGBoost,1,2014
2014-08-29,2014,8,20.21,20.17,20.200063809789718,2014-08-30,XGBoost,1,2014
2014-08-30,2014,8,20.17,20.02,20.04998915463686,2014-08-31,XGBoost,1,2014
2014-08-31,2014,8,20.02,19.8,19.853145961165428,2014-09-01,XGBoost,1,2014
2014-09-01,2014,9,19.8,19.58,19.62113227248192,2014-09-02,XGBoost,1,2014
2014-09-02,2014,9,19.58,19.38,19.416503267288206,2014-09-03,XGBoost,1,2014
2014-09-03,2014,9,19.38,19.16,19.199267004728316,2014-09-04,XGBoost,1,2014
2014-09-04,2014,9,19.16,18.93,18.99784629404545,2014-09-05,XGBoost,1,2014
2014-09-05,2014,9,18.93,18.74,18.732410662174225,2014-09-06,XGBoost,1,2014
2014-09-06,2014,9,18.74,18.56,18.574310695528983,2014-09-07,XGBoost,1,2014
2014-09-07,2014,9,18.56,18.42,18.39671475946903,2014-09-08,XGBoost,1,2014
2014-09-08,2014,9,18.42,18.27,18.31820808172226,2014-09-09,XGBoost,1,2014
2014-09-09,2014,9,18.27,18.15,18.1632486474514,2014-09-10,XGBoost,1,2014
2014-09-10,2014,9,18.15,18.23,18.07107857018709,2014-09-11,XGBoost,1,2014
2014-09-11,2014,9,18.23,18.24,18.329230095744133,2014-09-12,XGBoost,1,2014
2014-09-12,2014,9,18.24,18.11,18.302572762370108,2014-09-13,XGBoost,1,2014
2014-09-13,2014,9,18.11,18.1,17.97929428577423,2014-09-14,XGBoost,1,2014
2014-09-14,2014,9,18.1,18.18,18.108327333256604,2014-09-15,XGBoost,1,2014
2014-09-15,2014,9,18.18,18.25,18.284004688560962,2014-09-16,XGBoost,1,2014
2014-09-16,2014,9,18.25,18.27,18.321942999958992,2014-09-17,XGBoost,1,2014
2014-09-17,2014,9,18.27,18.22,18.302121676951646,2014-09-18,XGBoost,1,2014
2014-09-18,2014,9,18.22,18.11,18.17217141881585,2014-09-19,XGBoost,1,2014
2014-09-19,2014,9,18.11,18.01,18.035379045307636,2014-09-20,XGBoost,1,2014
2014-09-20,2014,9,18.01,18.01,17.94015455454588,2014-09-21,XGBoost,1,2014
2014-09-21,2014,9,18.01,18.75,18.034088945239784,2014-09-22,XGBoost,1,2014
2014-09-22,2014,9,18.75,19.24,18.901775419712067,2014-09-23,XGBoost,1,2014
2014-09-23,2014,9,19.24,19.3,19.40786915063858,2014-09-24,XGBoost,1,2014
2014-09-24,2014,9,19.3,19.28,19.316976773738862,2014-09-25,XGBoost,1,2014
2014-09-25,2014,9,19.28,19.17,19.191127001047136,2014-09-26,XGBoost,1,2014
2014-09-26,2014,9,19.17,19.12,19.0893029999733,2014-09-27,XGBoost,1,2014
2014-09-27,2014,9,19.12,19.11,19.065562675595285,2014-09-28,XGBoost,1,2014
2014-09-28,2014,9,19.11,19.12,19.082756639122962,2014-09-29,XGBoost,1,2014
2014-09-29,2014,9,19.12,19.07,19.12184895435814,2014-09-30,XGBoost,1,2014
2014-09-30,2014,9,19.07,18.95,19.013014059215784,2014-10-01,XGBoost,1,2014
2014-10-01,2014,10,18.95,18.85,18.870091189444064,2014-10-02,XGBoost,1,2014
2014-10-02,2014,10,18.85,18.72,18.75948560833931,2014-10-03,XGBoost,1,2014
2014-10-03,2014,10,18.72,18.58,18.604127236902713,2014-10-04,XGBoost,1,2014
2014-10-04,2014,10,18.58,18.26,18.462707118988035,2014-10-05,XGBoost,1,2014
2014-10-05,2014,10,18.26,18.0,18.05700314998627,2014-10-06,XGBoost,1,2014
2014-10-06,2014,10,18.0,17.73,17.7872384339571,2014-10-07,XGBoost,1,2014
2014-10-07,2014,10,17.73,17.54,17.522145282030106,2014-10-08,XGBoost,1,2014
2014-10-08,2014,10,17.54,17.21,17.353737660646438,2014-10-09,XGBoost,1,2014
2014-10-09,2014,10,17.21,17.04,17.01053758621216,2014-10-10,XGBoost,1,2014
2014-10-10,2014,10,17.04,16.9,16.86129356265068,2014-10-11,XGBoost,1,2014
2014-10-11,2014,10,16.9,16.79,16.79184298366308,2014-10-12,XGBoost,1,2014
2014-10-12,2014,10,16.79,16.5,16.708631874024867,2014-10-13,XGBoost,1,2014
2014-10-13,2014,10,16.5,16.39,16.318985402584076,2014-10-14,XGBoost,1,2014
2014-10-14,2014,10,16.39,16.31,16.30660024225712,2014-10-15,XGBoost,1,2014
2014-10-15,2014,10,16.31,16.19,16.259677553027867,2014-10-16,XGBoost,1,2014
2014-10-16,2014,10,16.19,16.09,16.10905774921179,2014-10-17,XGBoost,1,2014
2014-10-17,2014,10,16.09,16.01,16.009922679662704,2014-10-18,XGBoost,1,2014
2014-10-18,2014,10,16.01,15.92,15.947593497335912,2014-10-19,XGBoost,1,2014
2014-10-19,2014,10,15.92,15.81,15.839922679662704,2014-10-20,XGBoost,1,2014
2014-10-20,2014,10,15.81,15.75,15.729846311211586,2014-10-21,XGBoost,1,2014
2014-10-21,2014,10,15.75,15.72,15.69408493489027,2014-10-22,XGBoost,1,2014
2014-10-22,2014,10,15.72,15.71,15.685671040117741,2014-10-23,XGBoost,1,2014
2014-10-23,2014,10,15.71,15.62,15.698029028289021,2014-10-24,XGBoost,1,2014
2014-10-24,2014,10,15.62,15.51,15.540084916055202,2014-10-25,XGBoost,1,2014
2014-10-25,2014,10,15.51,15.44,15.431290501952171,2014-10-26,XGBoost,1,2014
2014-10-26,2014,10,15.44,15.32,15.383814102560281,2014-10-27,XGBoost,1,2014
2014-10-27,2014,10,15.32,15.21,15.242303766012192,2014-10-28,XGBoost,1,2014
2014-10-28,2014,10,15.21,15.14,15.132303766012193,2014-10-29,XGBoost,1,2014
2014-10-29,2014,10,15.14,15.08,15.083814102560282,2014-10-30,XGBoost,1,2014
2014-10-30,2014,10,15.08,14.99,15.026428991854191,2014-10-31,XGBoost,1,2014
2014-10-31,2014,10,14.99,14.92,14.913168696463108,2014-11-01,XGBoost,1,2014
2014-11-01,2014,11,14.92,14.86,14.863814102560282,2014-11-02,XGBoost,1,2014
2014-11-02,2014,11,14.86,14.82,14.80642899185419,2014-11-03,XGBoost,1,2014
2014-11-03,2014,11,14.82,14.77,14.778491984754801,2014-11-04,XGBoost,1,2014
2014-11-04,2014,11,14.77,14.7,14.718701299726963,2014-11-05,XGBoost,1,2014
2014-11-05,2014,11,14.7,14.65,14.643442497402429,2014-11-06,XGBoost,1,2014
2014-11-06,2014,11,14.65,14.55,14.596550596505404,2014-11-07,XGBoost,1,2014
2014-11-07,2014,11,14.55,14.49,14.47391736060381,2014-11-08,XGBoost,1,2014
2014-11-08,2014,11,14.49,14.43,14.436728594601155,2014-11-09,XGBoost,1,2014
2014-11-09,2014,11,14.43,14.41,14.377177652269602,2014-11-10,XGBoost,1,2014
2014-11-10,2014,11,14.41,14.35,14.384584916606546,2014-11-11,XGBoost,1,2014
2014-11-11,2014,11,14.35,14.32,14.302638566493988,2014-11-12,XGBoost,1,2014
2014-11-12,2014,11,14.32,14.28,14.287598211020232,2014-11-13,XGBoost,1,2014
2014-11-13,2014,11,14.28,14.18,14.242463583797216,2014-11-14,XGBoost,1,2014
2014-11-14,2014,11,14.18,14.09,14.107070535719394,2014-11-15,XGBoost,1,2014
2014-11-15,2014,11,14.09,14.01,14.017442148327827,2014-11-16,XGBoost,1,2014
2014-11-16,2014,11,14.01,14.0,13.953361476063728,2014-11-17,XGBoost,1,2014
2014-11-17,2014,11,14.0,13.97,13.98175517655909,2014-11-18,XGBoost,1,2014
2014-11-18,2014,11,13.97,13.94,13.936362431645394,2014-11-19,XGBoost,1,2014
2014-11-19,2014,11,13.94,13.94,13.90848539635539,2014-11-20,XGBoost,1,2014
2014-11-20,2014,11,13.94,13.93,13.934217336177825,2014-11-21,XGBoost,1,2014
2014-11-21,2014,11,13.93,13.93,13.914257981181144,2014-11-22,XGBoost,1,2014
2014-11-22,2014,11,13.93,13.91,13.923097975850105,2014-11-23,XGBoost,1,2014
2014-11-23,2014,11,13.91,13.86,13.886086119189859,2014-11-24,XGBoost,1,2014
2014-11-24,2014,11,13.86,13.83,13.81380624756217,2014-11-25,XGBoost,1,2014
2014-11-25,2014,11,13.83,13.79,13.801581624820829,2014-11-26,XGBoost,1,2014
2014-11-26,2014,11,13.79,13.75,13.754184436947106,2014-11-27,XGBoost,1,2014
2014-11-27,2014,11,13.75,13.73,13.714184436947107,2014-11-28,XGBoost,1,2014
2014-11-28,2014,11,13.73,13.7,13.706086119189859,2014-11-29,XGBoost,1,2014
2014-11-29,2014,11,13.7,13.67,13.670206236466765,2014-11-30,XGBoost,1,2014
2015-01-08,2015,1,12.65,12.64,12.63227621987462,2015-01-09,XGBoost,1,2015
2015-01-09,2015,1,12.64,12.618,12.628541849888862,2015-01-10,XGBoost,1,2015
2015-01-10,2015,1,12.618,12.594,12.598942126363516,2015-01-11,XGBoost,1,2015
2015-01-11,2015,1,12.594,12.58,12.572015653789043,2015-01-12,XGBoost,1,2015
2015-01-12,2015,1,12.58,12.57,12.56227621987462,2015-01-13,XGBoost,1,2015
2015-01-13,2015,1,12.57,12.56,12.558541849888861,2015-01-14,XGBoost,1,2015
2015-01-14,2015,1,12.56,12.56,12.548541849888862,2015-01-15,XGBoost,1,2015
2015-01-15,2015,1,12.56,12.544,12.557024678857998,2015-01-16,XGBoost,1,2015
2015-01-16,2015,1,12.544,12.526,12.526276219874621,2015-01-17,XGBoost,1,2015
2015-01-17,2015,1,12.526,12.51,12.50827621987462,2015-01-18,XGBoost,1,2015
2015-01-18,2015,1,12.51,12.49,12.49227621987462,2015-01-19,XGBoost,1,2015
2015-01-19,2015,1,12.49,12.448,12.47227621987462,2015-01-20,XGBoost,1,2015
2015-01-20,2015,1,12.448,12.414,12.418639621838928,2015-01-21,XGBoost,1,2015
2015-01-21,2015,1,12.414,12.386,12.390377872750163,2015-01-22,XGBoost,1,2015
2015-01-22,2015,1,12.386,12.364,12.364015653789043,2015-01-23,XGBoost,1,2015
2015-01-23,2015,1,12.364,12.346,12.345418404728175,2015-01-24,XGBoost,1,2015
2015-01-24,2015,1,12.346,12.324,12.328752498239279,2015-01-25,XGBoost,1,2015
2015-01-25,2015,1,12.324,12.314,12.305418404728174,2015-01-26,XGBoost,1,2015
2015-01-26,2015,1,12.314,12.29,12.303018129184842,2015-01-27,XGBoost,1,2015
2015-01-27,2015,1,12.29,12.274,12.268491932153701,2015-01-28,XGBoost,1,2015
2015-01-28,2015,1,12.274,12.25,12.256752498239278,2015-01-29,XGBoost,1,2015
2015-01-29,2015,1,12.25,12.24,12.228491932153702,2015-01-30,XGBoost,1,2015
2015-01-30,2015,1,12.24,12.23,12.229018129184842,2015-01-31,XGBoost,1,2015
2015-01-31,2015,1,12.23,12.21,12.219018129184843,2015-02-01,XGBoost,1,2015
2015-02-01,2015,2,12.21,12.196,12.19275249823928,2015-02-02,XGBoost,1,2015
2015-02-02,2015,2,12.196,12.18,12.178752498239279,2015-02-03,XGBoost,1,2015
2015-02-03,2015,2,12.18,12.162,12.162752498239279,2015-02-04,XGBoost,1,2015
2015-02-04,2015,2,12.162,12.15,12.14475249823928,2015-02-05,XGBoost,1,2015
2015-02-05,2015,2,12.15,12.134,12.133028706163168,2015-02-06,XGBoost,1,2015
2015-02-06,2015,2,12.134,12.12,12.11675249823928,2015-02-07,XGBoost,1,2015
2015-02-07,2015,2,12.12,12.11,12.102752498239278,2015-02-08,XGBoost,1,2015
2015-02-08,2015,2,12.11,12.1,12.099018129184842,2015-02-09,XGBoost,1,2015
2015-02-09,2015,2,12.1,12.1,12.089018129184842,2015-02-10,XGBoost,1,2015
2015-02-10,2015,2,12.1,12.1,12.097500958153978,2015-02-11,XGBoost,1,2015
2015-02-11,2015,2,12.1,12.084,12.097500958153978,2015-02-12,XGBoost,1,2015
2015-02-12,2015,2,12.084,12.066,12.066752498239278,2015-02-13,XGBoost,1,2015
2015-02-13,2015,2,12.066,12.044,12.04875249823928,2015-02-14,XGBoost,1,2015
2015-02-14,2015,2,12.044,12.026,12.025418404728175,2015-02-15,XGBoost,1,2015
2015-02-15,2015,2,12.026,12.01,12.008752498239279,2015-02-16,XGBoost,1,2015
2015-02-16,2015,2,12.01,12.01,11.992752498239279,2015-02-17,XGBoost,1,2015
2015-02-17,2015,2,12.01,12.0,12.007500958153978,2015-02-18,XGBoost,1,2015
2015-02-18,2015,2,12.0,11.994,11.989018129184842,2015-02-19,XGBoost,1,2015
2015-02-19,2015,2,11.994,11.99,11.98858992946893,2015-02-20,XGBoost,1,2015
2015-02-20,2015,2,11.99,11.986,11.98458992946893,2015-02-21,XGBoost,1,2015
2015-02-21,2015,2,11.986,11.98,11.98058992946893,2015-02-22,XGBoost,1,2015
2015-02-22,2015,2,11.98,11.97,11.97458992946893,2015-02-23,XGBoost,1,2015
2015-02-23,2015,2,11.97,11.96,11.959891818724573,2015-02-24,XGBoost,1,2015
2015-02-24,2015,2,11.96,11.95,11.953858296889813,2015-02-25,XGBoost,1,2015
2015-02-25,2015,2,11.95,11.94,11.944269048329442,2015-02-26,XGBoost,1,2015
2015-02-26,2015,2,11.94,11.94,11.934269048329442,2015-02-27,XGBoost,1,2015
2015-02-27,2015,2,11.94,11.93,11.942258891705423,2015-02-28,XGBoost,1,2015
2015-02-28,2015,2,11.93,11.93,11.924269048329442,2015-03-01,XGBoost,1,2015
2015-03-01,2015,3,11.93,11.93,11.932258891705423,2015-03-02,XGBoost,1,2015
2015-03-02,2015,3,11.93,11.92,11.932836735453456,2015-03-03,XGBoost,1,2015
2015-03-03,2015,3,11.92,11.91,11.915672586839646,2015-03-04,XGBoost,1,2015
2015-03-04,2015,3,11.91,11.91,11.905672586839646,2015-03-05,XGBoost,1,2015
2015-03-05,2015,3,11.91,11.916,11.913662429749966,2015-03-06,XGBoost,1,2015
2015-03-06,2015,3,11.916,11.936,11.928910010293126,2015-03-07,XGBoost,1,2015
2015-03-07,2015,3,11.936,12.016,11.976096905082464,2015-03-08,XGBoost,1,2015
2015-03-08,2015,3,12.016,12.182,12.154098195195198,2015-03-09,XGBoost,1,2015
2015-03-09,2015,3,12.182,12.318,12.293571796238423,2015-03-10,XGBoost,1,2015
2015-03-10,2015,3,12.318,12.384,12.372621882736683,2015-03-11,XGBoost,1,2015
2015-03-11,2015,3,12.384,12.464,12.425416380554438,2015-03-12,XGBoost,1,2015
2015-03-12,2015,3,12.464,12.606,12.529368384122849,2015-03-13,XGBoost,1,2015
2015-03-13,2015,3,12.606,12.678,12.686277241766453,2015-03-14,XGBoost,1,2015
2015-03-14,2015,3,12.678,12.646,12.715261679768563,2015-03-15,XGBoost,1,2015
2015-03-15,2015,3,12.646,12.556,12.581951039195062,2015-03-16,XGBoost,1,2015
2015-03-16,2015,3,12.556,12.448,12.511333862453698,2015-03-17,XGBoost,1,2015
2015-03-17,2015,3,12.448,12.358,12.393301558822394,2015-03-18,XGBoost,1,2015
2015-03-18,2015,3,12.358,12.29,12.312201947897673,2015-03-19,XGBoost,1,2015
2015-03-19,2015,3,12.29,12.24,12.253975723832845,2015-03-20,XGBoost,1,2015
2015-03-20,2015,3,12.24,12.204,12.211743702888489,2015-03-21,XGBoost,1,2015
2015-03-21,2015,3,12.204,12.19,12.18750102826953,2015-03-22,XGBoost,1,2015
2015-03-22,2015,3,12.19,12.18,12.182234819568693,2015-03-23,XGBoost,1,2015
2015-03-23,2015,3,12.18,12.17,12.180538801774382,2015-03-24,XGBoost,1,2015
2015-03-24,2015,3,12.17,12.198,12.169972002478898,2015-03-25,XGBoost,1,2015
2015-03-25,2015,3,12.198,12.234,12.231441405743361,2015-03-26,XGBoost,1,2015
2015-03-26,2015,3,12.234,12.318,12.267952791243792,2015-03-27,XGBoost,1,2015
2015-03-27,2015,3,12.318,12.448,12.401018511533737,2015-03-28,XGBoost,1,2015
2015-03-28,2015,3,12.448,12.49,12.540502892017365,2015-03-29,XGBoost,1,2015
2015-03-29,2015,3,12.49,12.448,12.49315002957359,2015-03-30,XGBoost,1,2015
2015-03-30,2015,3,12.448,12.41,12.407869999438525,2015-03-31,XGBoost,1,2015
2015-03-31,2015,3,12.41,12.376,12.39960688803345,2015-04-01,XGBoost,1,2015
2015-04-01,2015,4,12.376,12.35,12.366563140250742,2015-04-02,XGBoost,1,2015
2015-04-02,2015,4,12.35,12.356,12.342778768297284,2015-04-03,XGBoost,1,2015
2015-04-03,2015,4,12.356,12.376,12.378177383303642,2015-04-04,XGBoost,1,2015
2015-04-04,2015,4,12.376,12.438,12.410704152494668,2015-04-05,XGBoost,1,2015
2015-04-05,2015,4,12.438,12.57,12.537023208022118,2015-04-06,XGBoost,1,2015
2015-04-06,2015,4,12.57,12.704,12.668725855350495,2015-04-07,XGBoost,1,2015
2015-04-07,2015,4,12.704,12.868,12.794899482369424,2015-04-08,XGBoost,1,2015
2015-04-08,2015,4,12.868,13.048,13.034019886732102,2015-04-09,XGBoost,1,2015
2015-04-09,2015,4,13.048,13.236,13.176224521875382,2015-04-10,XGBoost,1,2015
2015-04-10,2015,4,13.236,13.446,13.35174836820364,2015-04-11,XGBoost,1,2015
2015-04-11,2015,4,13.446,13.716,13.584671293854713,2015-04-12,XGBoost,1,2015
2015-04-12,2015,4,13.716,14.06,13.946287969112396,2015-04-13,XGBoost,1,2015
2015-04-13,2015,4,14.06,14.13,14.381650356054307,2015-04-14,XGBoost,1,2015
2015-04-14,2015,4,14.13,14.116,14.188825608342887,2015-04-15,XGBoost,1,2015
2015-04-15,2015,4,14.116,14.1,14.0526684705019,2015-04-16,XGBoost,1,2015
2015-04-16,2015,4,14.1,14.09,14.0903983194381,2015-04-17,XGBoost,1,2015
2015-04-17,2015,4,14.09,14.022,14.081371783427894,2015-04-18,XGBoost,1,2015
2015-04-18,2015,4,14.022,13.932,13.992239223912359,2015-04-19,XGBoost,1,2015
2015-04-19,2015,4,13.932,13.816,13.89704731476307,2015-04-20,XGBoost,1,2015
2015-04-20,2015,4,13.816,13.772,13.768145580202342,2015-04-21,XGBoost,1,2015
2015-04-21,2015,4,13.772,13.742,13.750510210290551,2015-04-22,XGBoost,1,2015
2015-04-22,2015,4,13.742,13.686,13.737904786512257,2015-04-23,XGBoost,1,2015
2015-04-23,2015,4,13.686,13.836,13.6647941519171,2015-04-24,XGBoost,1,2015
2015-04-24,2015,4,13.836,14.178,14.088592146396637,2015-04-25,XGBoost,1,2015
2015-04-25,2015,4,14.178,14.512,14.577173766374589,2015-04-26,XGBoost,1,2015
2015-04-26,2015,4,14.512,14.608,14.762203907489777,2015-04-27,XGBoost,1,2015
2015-04-27,2015,4,14.608,14.526,14.674783227026463,2015-04-28,XGBoost,1,2015
2015-04-28,2015,4,14.526,14.482,14.445342927634716,2015-04-29,XGBoost,1,2015
2015-04-29,2015,4,14.482,14.484,14.46727709301561,2015-04-30,XGBoost,1,2015
2015-04-30,2015,4,14.484,14.568,14.50698279479146,2015-05-01,XGBoost,1,2015
2015-05-01,2015,5,14.568,14.67,14.708557825565338,2015-05-02,XGBoost,1,2015
2015-05-02,2015,5,14.67,14.658,14.790878353714943,2015-05-03,XGBoost,1,2015
2015-05-03,2015,5,14.658,14.582,14.627796570017933,2015-05-04,XGBoost,1,2015
2015-05-04,2015,5,14.582,14.576,14.552609154552222,2015-05-05,XGBoost,1,2015
2015-05-05,2015,5,14.576,14.464,14.597386416628957,2015-05-06,XGBoost,1,2015
2015-05-06,2015,5,14.464,14.41,14.424696540772915,2015-05-07,XGBoost,1,2015
2015-05-07,2015,5,14.41,14.402,14.38360604815185,2015-05-08,XGBoost,1,2015
2015-05-08,2015,5,14.402,14.466,14.452822265446185,2015-05-09,XGBoost,1,2015
2015-05-09,2015,5,14.466,14.534,14.572503158807754,2015-05-10,XGBoost,1,2015
2015-05-10,2015,5,14.534,14.614,14.622793113827706,2015-05-11,XGBoost,1,2015
2015-05-11,2015,5,14.614,14.626,14.699008837282658,2015-05-12,XGBoost,1,2015
2015-05-12,2015,5,14.626,14.552,14.656199134722351,2015-05-13,XGBoost,1,2015
2015-05-13,2015,5,14.552,14.448,14.525032280802726,2015-05-14,XGBoost,1,2015
2015-05-14,2015,5,14.448,14.44,14.3995690356493,2015-05-15,XGBoost,1,2015
2015-05-15,2015,5,14.44,14.44,14.492311491221189,2015-05-16,XGBoost,1,2015
2015-05-16,2015,5,14.44,14.432,14.470951019376516,2015-05-17,XGBoost,1,2015
2015-05-17,2015,5,14.432,14.528,14.4432081784755,2015-05-18,XGBoost,1,2015
2015-05-18,2015,5,14.528,14.722,14.667761805534363,2015-05-19,XGBoost,1,2015
2015-05-19,2015,5,14.722,14.9,14.972402897596359,2015-05-20,XGBoost,1,2015
2015-05-20,2015,5,14.9,15.014,15.034302720427513,2015-05-21,XGBoost,1,2015
2015-05-21,2015,5,15.014,15.238,15.065165472716092,2015-05-22,XGBoost,1,2015
2015-05-22,2015,5,15.238,15.654,15.380628863453865,2015-05-23,XGBoost,1,2015
2015-05-23,2015,5,15.654,16.064,15.967438415527344,2015-05-24,XGBoost,1,2015
2015-05-24,2015,5,16.064,16.098,16.368288178682327,2015-05-25,XGBoost,1,2015
2015-05-25,2015,5,16.098,16.02,16.07897625747323,2015-05-26,XGBoost,1,2015
2015-05-26,2015,5,16.02,16.076,15.924310964047908,2015-05-27,XGBoost,1,2015
2015-05-27,2015,5,16.076,16.258,16.140511992037297,2015-05-28,XGBoost,1,2015
2015-05-28,2015,5,16.258,16.636,16.433451666116714,2015-05-29,XGBoost,1,2015
2015-05-29,2015,5,16.636,16.838,16.891719661712646,2015-05-30,XGBoost,1,2015
2015-05-30,2015,5,16.838,16.972,16.887509562551976,2015-05-31,XGBoost,1,2015
2015-05-31,2015,5,16.972,17.046,17.021354773014785,2015-06-01,XGBoost,1,2015
2015-06-01,2015,6,17.046,17.35,17.133915495038032,2015-06-02,XGBoost,1,2015
2015-06-02,2015,6,17.35,17.53,17.626062339544298,2015-06-03,XGBoost,1,2015
2015-06-03,2015,6,17.53,17.374,17.6364068377018,2015-06-04,XGBoost,1,2015
2015-06-04,2015,6,17.374,17.218,17.179317938327788,2015-06-05,XGBoost,1,2015
2015-06-05,2015,6,17.218,17.174,17.136387591838837,2015-06-06,XGBoost,1,2015
2015-06-06,2015,6,17.174,17.52,17.150026702672243,2015-06-07,XGBoost,1,2015
2015-06-07,2015,6,17.52,18.006,17.837130744457244,2015-06-08,XGBoost,1,2015
2015-06-08,2015,6,18.006,18.222,18.290736305475235,2015-06-09,XGBoost,1,2015
2015-06-09,2015,6,18.222,18.364,18.34465368551016,2015-06-10,XGBoost,1,2015
2015-06-10,2015,6,18.364,18.794,18.409657008886338,2015-06-11,XGBoost,1,2015
2015-06-11,2015,6,18.794,19.3,19.15597903752327,2015-06-12,XGBoost,1,2015
2015-06-12,2015,6,19.3,19.474,19.572405683994294,2015-06-13,XGBoost,1,2015
2015-06-13,2015,6,19.474,19.52,19.50014726126194,2015-06-14,XGBoost,1,2015
2015-06-14,2015,6,19.52,19.384,19.481283307522535,2015-06-15,XGBoost,1,2015
2015-06-15,2015,6,19.384,19.102,19.22477899158001,2015-06-16,XGBoost,1,2015
2015-06-16,2015,6,19.102,18.802,18.880613314032555,2015-06-17,XGBoost,1,2015
2015-06-17,2015,6,18.802,18.738,18.615854679465293,2015-06-18,XGBoost,1,2015
2015-06-18,2015,6,18.738,18.816,18.749100605130195,2015-06-19,XGBoost,1,2015
2015-06-19,2015,6,18.816,18.892,18.93590386992693,2015-06-20,XGBoost,1,2015
2015-06-20,2015,6,18.892,18.748,18.966792101979255,2015-06-21,XGBoost,1,2015
2015-06-21,2015,6,18.748,18.72,18.660669338285924,2015-06-22,XGBoost,1,2015
2015-06-22,2015,6,18.72,18.692,18.718289211653172,2015-06-23,XGBoost,1,2015
2015-06-23,2015,6,18.692,18.732,18.69294770855503,2015-06-24,XGBoost,1,2015
2015-06-24,2015,6,18.732,18.762,18.776046998023986,2015-06-25,XGBoost,1,2015
2015-06-25,2015,6,18.762,18.814,18.803917726397515,2015-06-26,XGBoost,1,2015
2015-06-26,2015,6,18.814,18.72,18.87302799218893,2015-06-27,XGBoost,1,2015
2015-06-27,2015,6,18.72,18.688,18.67903170481324,2015-06-28,XGBoost,1,2015
2015-06-28,2015,6,18.688,18.646,18.6642720502913,2015-06-29,XGBoost,1,2015
2015-06-29,2015,6,18.646,18.63,18.612588493436576,2015-06-30,XGBoost,1,2015
2015-06-30,2015,6,18.63,18.628,18.627560423333197,2015-07-01,XGBoost,1,2015
2015-07-01,2015,7,18.628,18.56,18.63709390859306,2015-07-02,XGBoost,1,2015
2015-07-02,2015,7,18.56,18.664,18.518785496652125,2015-07-03,XGBoost,1,2015
2015-07-03,2015,7,18.664,18.538,18.791312913537027,2015-07-04,XGBoost,1,2015
2015-07-04,2015,7,18.538,18.512,18.51868193346262,2015-07-05,XGBoost,1,2015
2015-07-05,2015,7,18.512,18.726,18.513735821831972,2015-07-06,XGBoost,1,2015
2015-07-06,2015,7,18.726,18.792,18.923001188993453,2015-07-07,XGBoost,1,2015
2015-07-07,2015,7,18.792,18.77,18.87073570919037,2015-07-08,XGBoost,1,2015
2015-07-08,2015,7,18.77,18.698,18.693162803053855,2015-07-09,XGBoost,1,2015
2015-07-09,2015,7,18.698,18.646,18.658931729525328,2015-07-10,XGBoost,1,2015
2015-07-10,2015,7,18.646,18.528,18.607679317057134,2015-07-11,XGBoost,1,2015
2015-07-11,2015,7,18.528,18.4,18.465783911824225,2015-07-12,XGBoost,1,2015
2015-07-12,2015,7,18.4,18.25,18.33204864859581,2015-07-13,XGBoost,1,2015
2015-07-13,2015,7,18.25,18.034,18.198662638664246,2015-07-14,XGBoost,1,2015
2015-07-14,2015,7,18.034,17.82,17.927740966916083,2015-07-15,XGBoost,1,2015
2015-07-15,2015,7,17.82,17.79,17.738815836310387,2015-07-16,XGBoost,1,2015
2015-07-16,2015,7,17.79,17.872,17.786281734667718,2015-07-17,XGBoost,1,2015
2015-07-17,2015,7,17.872,17.938,18.006599521756172,2015-07-18,XGBoost,1,2015
2015-07-18,2015,7,17.938,17.964,18.02238129723072,2015-07-19,XGBoost,1,2015
2015-07-19,2015,7,17.964,17.98,18.00049491816759,2015-07-20,XGBoost,1,2015
2015-07-20,2015,7,17.98,17.994,18.02214996472001,2015-07-21,XGBoost,1,2015
2015-07-21,2015,7,17.994,17.988,18.035432235389948,2015-07-22,XGBoost,1,2015
2015-07-22,2015,7,17.988,17.912,18.001477124273777,2015-07-23,XGBoost,1,2015
2015-07-23,2015,7,17.912,17.644,17.868745482981204,2015-07-24,XGBoost,1,2015
2015-07-24,2015,7,17.644,17.514,17.48929860317707,2015-07-25,XGBoost,1,2015
2015-07-25,2015,7,17.514,17.504,17.432159015476703,2015-07-26,XGBoost,1,2015
2015-07-26,2015,7,17.504,17.614,17.521010118812324,2015-07-27,XGBoost,1,2015
2015-07-27,2015,7,17.614,17.694,17.71107386046648,2015-07-28,XGBoost,1,2015
2015-07-28,2015,7,17.694,17.69,17.770357692480086,2015-07-29,XGBoost,1,2015
2015-07-29,2015,7,17.69,17.602,17.668913675993682,2015-07-30,XGBoost,1,2015
2015-07-30,2015,7,17.602,17.518,17.539067948281765,2015-07-31,XGBoost,1,2015
2015-07-31,2015,7,17.518,17.35,17.46373499634862,2015-08-01,XGBoost,1,2015
2015-08-01,2015,8,17.35,16.992,17.243451757729055,2015-08-02,XGBoost,1,2015
2015-08-02,2015,8,16.992,16.79,16.81556372475624,2015-08-03,XGBoost,1,2015
2015-08-03,2015,8,16.79,16.66,16.636585109829902,2015-08-04,XGBoost,1,2015
2015-08-04,2015,8,16.66,16.576,16.593225236833096,2015-08-05,XGBoost,1,2015
2015-08-05,2015,8,16.576,16.552,16.52360449975729,2015-08-06,XGBoost,1,2015
2015-08-06,2015,8,16.552,16.618,16.5365184776932,2015-08-07,XGBoost,1,2015
2015-08-07,2015,8,16.618,16.874,16.7153245203495,2015-08-08,XGBoost,1,2015
2015-08-08,2015,8,16.874,16.952,17.21964745426178,2015-08-09,XGBoost,1,2015
2015-08-09,2015,8,16.952,16.99,17.030413233160974,2015-08-10,XGBoost,1,2015
2015-08-10,2015,8,16.99,17.102,17.010224785432218,2015-08-11,XGBoost,1,2015
2015-08-11,2015,8,17.102,17.162,17.208207840144635,2015-08-12,XGBoost,1,2015
2015-08-12,2015,8,17.162,17.264,17.191300993308424,2015-08-13,XGBoost,1,2015
2015-08-13,2015,8,17.264,17.342,17.357327052891254,2015-08-14,XGBoost,1,2015
2015-08-14,2015,8,17.342,17.346,17.41559404116869,2015-08-15,XGBoost,1,2015
2015-08-15,2015,8,17.346,17.43,17.3629778149575,2015-08-16,XGBoost,1,2015
2015-08-16,2015,8,17.43,17.474,17.564794667363167,2015-08-17,XGBoost,1,2015
2015-08-17,2015,8,17.474,17.598,17.507822499215603,2015-08-18,XGBoost,1,2015
2015-08-18,2015,8,17.598,17.862,17.704984741985797,2015-08-19,XGBoost,1,2015
2015-08-19,2015,8,17.862,18.216,18.11195881319046,2015-08-20,XGBoost,1,2015
2015-08-20,2015,8,18.216,18.948,18.480688402414323,2015-08-21,XGBoost,1,2015
2015-08-21,2015,8,18.948,19.578,19.23780514407158,2015-08-22,XGBoost,1,2015
2015-08-22,2015,8,19.578,19.818,19.78983493733406,2015-08-23,XGBoost,1,2015
2015-08-23,2015,8,19.818,19.94,19.842120861664416,2015-08-24,XGBoost,1,2015
2015-08-24,2015,8,19.94,19.932,19.948453035727145,2015-08-25,XGBoost,1,2015
2015-08-25,2015,8,19.932,19.82,19.804244253754614,2015-08-26,XGBoost,1,2015
2015-08-26,2015,8,19.82,19.642,19.564581907987595,2015-08-27,XGBoost,1,2015
2015-08-27,2015,8,19.642,19.514,19.403268228292465,2015-08-28,XGBoost,1,2015
2015-08-28,2015,8,19.514,19.42,19.391483539283275,2015-08-29,XGBoost,1,2015
2015-08-29,2015,8,19.42,19.382,19.31804431796074,2015-08-30,XGBoost,1,2015
2015-08-30,2015,8,19.382,19.418,19.323636182367803,2015-08-31,XGBoost,1,2015
2015-10-08,2015,10,16.838,16.688,16.687887117743493,2015-10-09,XGBoost,1,2015
2015-10-09,2015,10,16.688,16.572,16.58360132473707,2015-10-10,XGBoost,1,2015
2015-10-10,2015,10,16.572,16.378,16.497897285342216,2015-10-11,XGBoost,1,2015
2015-10-11,2015,10,16.378,16.288,16.224887946128845,2015-10-12,XGBoost,1,2015
2015-10-12,2015,10,16.288,16.198,16.21293360489607,2015-10-13,XGBoost,1,2015
2015-10-13,2015,10,16.198,16.134,16.12293360489607,2015-10-14,XGBoost,1,2015
2015-10-14,2015,10,16.134,16.058,16.078443371146918,2015-10-15,XGBoost,1,2015
2015-10-15,2015,10,16.058,15.994,15.998085835754871,2015-10-16,XGBoost,1,2015
2015-10-16,2015,10,15.994,15.926,15.9404997574687,2015-10-17,XGBoost,1,2015
2015-10-17,2015,10,15.926,15.858,15.868940056324005,2015-10-18,XGBoost,1,2015
2015-10-18,2015,10,15.858,15.726,15.800809082567692,2015-10-19,XGBoost,1,2015
2015-10-19,2015,10,15.726,15.618,15.611598905384541,2015-10-20,XGBoost,1,2015
2015-10-20,2015,10,15.618,15.526,15.539092793345452,2015-10-21,XGBoost,1,2015
2015-10-21,2015,10,15.526,15.416,15.447495400369167,2015-10-22,XGBoost,1,2015
2015-10-22,2015,10,15.416,15.342,15.338921299934388,2015-10-23,XGBoost,1,2015
2015-10-23,2015,10,15.342,15.266,15.285006500601769,2015-10-24,XGBoost,1,2015
2015-10-24,2015,10,15.266,15.218,15.208339640110731,2015-10-25,XGBoost,1,2015
2015-10-25,2015,10,15.218,15.14,15.171448727726936,2015-10-26,XGBoost,1,2015
2015-10-26,2015,10,15.14,15.076,15.08289591535926,2015-10-27,XGBoost,1,2015
2015-10-27,2015,10,15.076,14.988,15.02406206226349,2015-10-28,XGBoost,1,2015
2015-10-28,2015,10,14.988,14.912,14.915612714469432,2015-10-29,XGBoost,1,2015
2015-10-29,2015,10,14.912,14.9,14.853133856773377,2015-10-30,XGBoost,1,2015
2015-10-30,2015,10,14.9,14.884,14.880617536231876,2015-10-31,XGBoost,1,2015
2015-10-31,2015,10,14.884,14.832,14.861283045649529,2015-11-01,XGBoost,1,2015
2015-11-01,2015,11,14.832,14.73,14.780193036019803,2015-11-02,XGBoost,1,2015
2015-11-02,2015,11,14.73,14.658,14.652329492866993,2015-11-03,XGBoost,1,2015
2015-11-03,2015,11,14.658,14.614,14.601812917917966,2015-11-04,XGBoost,1,2015
2015-11-04,2015,11,14.614,14.536,14.567470371663571,2015-11-05,XGBoost,1,2015
2015-11-05,2015,11,14.536,14.49,14.479674430251121,2015-11-06,XGBoost,1,2015
2015-11-06,2015,11,14.49,14.454,14.44474037155509,2015-11-07,XGBoost,1,2015
2015-11-07,2015,11,14.454,14.448,14.415601477116347,2015-11-08,XGBoost,1,2015
2015-11-08,2015,11,14.448,14.43,14.43725341758877,2015-11-09,XGBoost,1,2015
2015-11-09,2015,11,14.43,14.42,14.404357470870018,2015-11-10,XGBoost,1,2015
2015-11-10,2015,11,14.42,14.41,14.403573410660028,2015-11-11,XGBoost,1,2015
2015-11-11,2015,11,14.41,14.4,14.393573410660029,2015-11-12,XGBoost,1,2015
2015-11-12,2015,11,14.4,14.39,14.383573410660029,2015-11-13,XGBoost,1,2015
2015-11-13,2015,11,14.39,14.374,14.373573410660029,2015-11-14,XGBoost,1,2015
2015-11-14,2015,11,14.374,14.352,14.349490150973201,2015-11-15,XGBoost,1,2015
2015-11-15,2015,11,14.352,14.304,14.325293224349618,2015-11-16,XGBoost,1,2015
2015-11-16,2015,11,14.304,14.212,14.261283325493336,2015-11-17,XGBoost,1,2015
2015-11-17,2015,11,14.212,14.134,14.141028771817684,2015-11-18,XGBoost,1,2015
2015-11-18,2015,11,14.134,14.066,14.079327926427126,2015-11-19,XGBoost,1,2015
2015-11-19,2015,11,14.066,13.986,14.018924951910973,2015-11-20,XGBoost,1,2015
2015-11-20,2015,11,13.986,13.958,13.936626999139786,2015-11-21,XGBoost,1,2015
2015-11-21,2015,11,13.958,13.902,13.92398207950592,2015-11-22,XGBoost,1,2015
2015-11-22,2015,11,13.902,13.858,13.858055101007222,2015-11-23,XGBoost,1,2015
2015-11-23,2015,11,13.858,13.824,13.818951320827008,2015-11-24,XGBoost,1,2015
2015-11-24,2015,11,13.824,13.79,13.79235958212614,2015-11-25,XGBoost,1,2015
2015-11-25,2015,11,13.79,13.748,13.75835958212614,2015-11-26,XGBoost,1,2015
2015-11-26,2015,11,13.748,13.71,13.710621312588453,2015-11-27,XGBoost,1,2015
2015-11-27,2015,11,13.71,13.674,13.678359582126141,2015-11-28,XGBoost,1,2015
2015-11-28,2015,11,13.674,13.644,13.64235958212614,2015-11-29,XGBoost,1,2015
2015-11-29,2015,11,13.644,13.59,13.613997366890311,2015-11-30,XGBoost,1,2015
2015-11-30,2015,11,13.59,13.538,13.54772509649396,2015-12-01,XGBoost,1,2015
2015-12-01,2015,12,13.538,13.518,13.49572509649396,2015-12-02,XGBoost,1,2015
2015-12-02,2015,12,13.518,13.494,13.493784292444587,2015-12-03,XGBoost,1,2015
2015-12-03,2015,12,13.494,13.464,13.463997366890311,2015-12-04,XGBoost,1,2015
2015-12-04,2015,12,13.464,13.44,13.433997366890312,2015-12-05,XGBoost,1,2015
2015-12-05,2015,12,13.44,13.406,13.40999736689031,2015-12-06,XGBoost,1,2015
2015-12-06,2015,12,13.406,13.384,13.374359582126141,2015-12-07,XGBoost,1,2015
2015-12-07,2015,12,13.384,13.358,13.358156061187387,2015-12-08,XGBoost,1,2015
2015-12-08,2015,12,13.358,13.33,13.329915727481247,2015-12-09,XGBoost,1,2015
2015-12-09,2015,12,13.33,13.3,13.302431048750877,2015-12-10,XGBoost,1,2015
2015-12-10,2015,12,13.3,13.276,13.272431048750878,2015-12-11,XGBoost,1,2015
2015-12-11,2015,12,13.276,13.242,13.248431048750877,2015-12-12,XGBoost,1,2015
2015-12-12,2015,12,13.242,13.21,13.212793269574643,2015-12-13,XGBoost,1,2015
2015-12-13,2015,12,13.21,13.184,13.180793269574643,2015-12-14,XGBoost,1,2015
2015-12-14,2015,12,13.184,13.158,13.156431048750877,2015-12-15,XGBoost,1,2015
2015-12-15,2015,12,13.158,13.132,13.130431048750877,2015-12-16,XGBoost,1,2015
2015-12-16,2015,12,13.132,13.11,13.104431048750877,2015-12-17,XGBoost,1,2015
2015-12-17,2015,12,13.11,13.084,13.086830510422587,2015-12-18,XGBoost,1,2015
2015-12-18,2015,12,13.084,13.066,13.059486107170581,2015-12-19,XGBoost,1,2015
2015-12-19,2015,12,13.066,13.042,13.045746667668224,2015-12-20,XGBoost,1,2015
2015-12-20,2015,12,13.042,13.03,13.017486107170582,2015-12-21,XGBoost,1,2015
2015-12-21,2015,12,13.03,13.028,13.010022875592112,2015-12-22,XGBoost,1,2015
2015-12-22,2015,12,13.028,12.998,13.02041751478985,2015-12-23,XGBoost,1,2015
2015-12-23,2015,12,12.998,12.968,12.973486107170581,2015-12-24,XGBoost,1,2015
2015-12-24,2015,12,12.968,12.944,12.943486107170582,2015-12-25,XGBoost,1,2015
2015-12-25,2015,12,12.944,12.918,12.919486107170583,2015-12-26,XGBoost,1,2015
2015-12-26,2015,12,12.918,12.88,12.893486107170581,2015-12-27,XGBoost,1,2015
2015-12-27,2015,12,12.88,12.842,12.853848324269057,2015-12-28,XGBoost,1,2015
2015-12-28,2015,12,12.842,12.826,12.815848324269057,2015-12-29,XGBoost,1,2015
2015-12-29,2015,12,12.826,12.782,12.805746667668224,2015-12-30,XGBoost,1,2015
2015-12-30,2015,12,12.782,12.75,12.75011006590724,2015-12-31,XGBoost,1,2015
2015-12-31,2015,12,12.75,12.72,12.723848324269056,2016-01-01,XGBoost,1,2015
2016-01-01,2016,1,12.72,12.69,12.69632228396833,2016-01-02,XGBoost,1,2016
2016-01-02,2016,1,12.69,12.68,12.666322283968329,2016-01-03,XGBoost,1,2016
2016-01-03,2016,1,12.68,12.662,12.666474654637277,2016-01-04,XGBoost,1,2016
2016-01-04,2016,1,12.662,12.63,12.643179911643267,2016-01-05,XGBoost,1,2016
2016-01-05,2016,1,12.63,12.606,12.604865078926087,2016-01-06,XGBoost,1,2016
2016-01-06,2016,1,12.606,12.584,12.587091534718871,2016-01-07,XGBoost,1,2016
2016-01-07,2016,1,12.584,12.566,12.56509153471887,2016-01-08,XGBoost,1,2016
2016-01-08,2016,1,12.566,12.548,12.549720323070884,2016-01-09,XGBoost,1,2016
2016-01-09,2016,1,12.548,12.526,12.531720323070884,2016-01-10,XGBoost,1,2016
2016-01-10,2016,1,12.526,12.504,12.507091534718871,2016-01-11,XGBoost,1,2016
2016-01-11,2016,1,12.504,12.482,12.48509153471887,2016-01-12,XGBoost,1,2016
2016-01-12,2016,1,12.482,12.47,12.46309153471887,2016-01-13,XGBoost,1,2016
2016-01-13,2016,1,12.47,12.46,12.453720323070884,2016-01-14,XGBoost,1,2016
2016-01-14,2016,1,12.46,12.448,12.44901506792754,2016-01-15,XGBoost,1,2016
2016-01-15,2016,1,12.448,12.428,12.431720323070884,2016-01-16,XGBoost,1,2016
2016-01-16,2016,1,12.428,12.42,12.411720323070885,2016-01-17,XGBoost,1,2016
2016-01-17,2016,1,12.42,12.42,12.40901506792754,2016-01-18,XGBoost,1,2016
2016-01-18,2016,1,12.42,12.41,12.41679218325764,2016-01-19,XGBoost,1,2016
2016-01-19,2016,1,12.41,12.392,12.39901506792754,2016-01-20,XGBoost,1,2016
2016-01-20,2016,1,12.392,12.386,12.375720323070883,2016-01-21,XGBoost,1,2016
2016-01-21,2016,1,12.386,12.37,12.375015067927539,2016-01-22,XGBoost,1,2016
2016-01-22,2016,1,12.37,12.36,12.353720323070883,2016-01-23,XGBoost,1,2016
2016-01-23,2016,1,12.36,12.346,12.349015067927539,2016-01-24,XGBoost,1,2016
2016-01-24,2016,1,12.346,12.32,12.329720323070884,2016-01-25,XGBoost,1,2016
2016-01-25,2016,1,12.32,12.296,12.301091534718871,2016-01-26,XGBoost,1,2016
2016-01-26,2016,1,12.296,12.274,12.27780428519845,2016-01-27,XGBoost,1,2016
2016-01-27,2016,1,12.274,12.25,12.25580428519845,2016-01-28,XGBoost,1,2016
2016-01-28,2016,1,12.25,12.23,12.23180428519845,2016-01-29,XGBoost,1,2016
2016-01-29,2016,1,12.23,12.22,12.214433070756495,2016-01-30,XGBoost,1,2016
2016-01-30,2016,1,12.22,12.204,12.209727816544474,2016-01-31,XGBoost,1,2016
2016-01-31,2016,1,12.204,12.19,12.188433070756496,2016-02-01,XGBoost,1,2016
2016-02-01,2016,2,12.19,12.178,12.174433070756495,2016-02-02,XGBoost,1,2016
2016-02-02,2016,2,12.178,12.158,12.162433070756496,2016-02-03,XGBoost,1,2016
2016-02-03,2016,2,12.158,12.142,12.142433070756494,2016-02-04,XGBoost,1,2016
2016-02-04,2016,2,12.142,12.124,12.126433070756494,2016-02-05,XGBoost,1,2016
2016-02-05,2016,2,12.124,12.106,12.108433070756496,2016-02-06,XGBoost,1,2016
2016-02-06,2016,2,12.106,12.09,12.090433070756495,2016-02-07,XGBoost,1,2016
2016-02-07,2016,2,12.09,12.076,12.074433070756495,2016-02-08,XGBoost,1,2016
2016-02-08,2016,2,12.076,12.06,12.060433070756496,2016-02-09,XGBoost,1,2016
2016-02-09,2016,2,12.06,12.05,12.044433070756495,2016-02-10,XGBoost,1,2016
2016-02-10,2016,2,12.05,12.04,12.039727816544474,2016-02-11,XGBoost,1,2016
2016-02-11,2016,2,12.04,12.03,12.029727816544472,2016-02-12,XGBoost,1,2016
2016-02-12,2016,2,12.03,12.02,12.019727816544473,2016-02-13,XGBoost,1,2016
2016-02-13,2016,2,12.02,12.01,12.009727816544473,2016-02-14,XGBoost,1,2016
2016-02-14,2016,2,12.01,12.01,11.999727816544473,2016-02-15,XGBoost,1,2016
2016-02-15,2016,2,12.01,12.014,12.007504933038726,2016-02-16,XGBoost,1,2016
2016-02-16,2016,2,12.014,12.026,12.011504933038726,2016-02-17,XGBoost,1,2016
2016-02-17,2016,2,12.026,12.04,12.030449708852917,2016-02-18,XGBoost,1,2016
2016-02-18,2016,2,12.04,12.054,12.044449708852916,2016-02-19,XGBoost,1,2016
2016-02-19,2016,2,12.054,12.074,12.058449708852917,2016-02-20,XGBoost,1,2016
2016-02-20,2016,2,12.074,12.08,12.096898765280843,2016-02-21,XGBoost,1,2016
2016-02-21,2016,2,12.08,12.054,12.078020481318235,2016-02-22,XGBoost,1,2016
2016-02-22,2016,2,12.054,12.032,12.035206279248,2016-02-23,XGBoost,1,2016
2016-02-23,2016,2,12.032,12.016,12.015910296112299,2016-02-24,XGBoost,1,2016
2016-02-24,2016,2,12.016,12.0,12.003360044382513,2016-02-25,XGBoost,1,2016
2016-02-25,2016,2,12.0,11.99,11.987360044382513,2016-02-26,XGBoost,1,2016
2016-02-26,2016,2,11.99,11.99,11.982654785513878,2016-02-27,XGBoost,1,2016
2016-02-27,2016,2,11.99,11.994,11.99043190192082,2016-02-28,XGBoost,1,2016
2016-02-28,2016,2,11.994,12.034,11.99443190192082,2016-02-29,XGBoost,1,2016
2016-02-29,2016,2,12.034,12.148,12.058556543678046,2016-03-01,XGBoost,1,2016
2016-03-01,2016,3,12.148,12.56,12.242634890556335,2016-03-02,XGBoost,1,2016
2016-03-02,2016,3,12.56,12.63,12.777615500092507,2016-03-03,XGBoost,1,2016
2016-03-03,2016,3,12.63,12.586,12.615206840559841,2016-03-04,XGBoost,1,2016
2016-03-04,2016,3,12.586,12.51,12.49912586516142,2016-03-05,XGBoost,1,2016
2016-03-05,2016,3,12.51,12.412,12.472407905608415,2016-03-06,XGBoost,1,2016
2016-03-06,2016,3,12.412,12.344,12.356644246250392,2016-03-07,XGBoost,1,2016
2016-03-07,2016,3,12.344,12.282,12.307679555803537,2016-03-08,XGBoost,1,2016
2016-03-08,2016,3,12.282,12.23,12.246958764612675,2016-03-09,XGBoost,1,2016
2016-03-09,2016,3,12.23,12.204,12.203956603556872,2016-03-10,XGBoost,1,2016
2016-03-10,2016,3,12.204,12.182,12.192276236690581,2016-03-11,XGBoost,1,2016
2016-03-11,2016,3,12.182,12.16,12.170276236690581,2016-03-12,XGBoost,1,2016
2016-03-12,2016,3,12.16,12.15,12.148276236690581,2016-03-13,XGBoost,1,2016
2016-03-13,2016,3,12.15,12.15,12.152066592453048,2016-03-14,XGBoost,1,2016
2016-03-14,2016,3,12.15,12.15,12.159843708015979,2016-03-15,XGBoost,1,2016
2016-03-15,2016,3,12.15,12.2,12.159843708015979,2016-03-16,XGBoost,1,2016
2016-03-16,2016,3,12.2,12.298,12.257808831334113,2016-03-17,XGBoost,1,2016
2016-03-17,2016,3,12.298,12.452,12.39569231826067,2016-03-18,XGBoost,1,2016
2016-03-18,2016,3,12.452,12.574,12.581930630326271,2016-03-19,XGBoost,1,2016
2016-03-19,2016,3,12.574,12.606,12.652826986253261,2016-03-20,XGBoost,1,2016
2016-03-20,2016,3,12.606,12.594,12.602461221482605,2016-03-21,XGBoost,1,2016
2016-03-21,2016,3,12.594,12.592,12.545402116566896,2016-03-22,XGBoost,1,2016
2016-03-22,2016,3,12.592,12.646,12.588806701878086,2016-03-23,XGBoost,1,2016
2016-03-23,2016,3,12.646,12.782,12.707745014041663,2016-03-24,XGBoost,1,2016
2016-03-24,2016,3,12.782,12.862,12.880962374031544,2016-03-25,XGBoost,1,2016
2016-03-25,2016,3,12.862,12.864,12.926706146717072,2016-03-26,XGBoost,1,2016
2016-03-26,2016,3,12.864,12.804,12.863723470333266,2016-03-27,XGBoost,1,2016
2016-03-27,2016,3,12.804,12.764,12.782061424568296,2016-03-28,XGBoost,1,2016
2016-03-28,2016,3,12.764,12.766,12.747429552987217,2016-03-29,XGBoost,1,2016
2016-03-29,2016,3,12.766,12.808,12.785880965352058,2016-03-30,XGBoost,1,2016
2016-03-30,2016,3,12.808,12.866,12.842392423927784,2016-03-31,XGBoost,1,2016
2016-03-31,2016,3,12.866,12.944,12.923361111044883,2016-04-01,XGBoost,1,2016
2016-04-01,2016,4,12.944,12.926,13.029441201925279,2016-04-02,XGBoost,1,2016
2016-04-02,2016,4,12.926,12.852,12.900702874198556,2016-04-03,XGBoost,1,2016
2016-04-03,2016,4,12.852,12.82,12.818300673782826,2016-04-04,XGBoost,1,2016
2016-04-04,2016,4,12.82,12.822,12.812050616070628,2016-04-05,XGBoost,1,2016
2016-04-05,2016,4,12.822,12.906,12.845461809381842,2016-04-06,XGBoost,1,2016
2016-04-06,2016,4,12.906,13.04,13.029731717467309,2016-04-07,XGBoost,1,2016
2016-04-07,2016,4,13.04,13.15,13.152429745495319,2016-04-08,XGBoost,1,2016
2016-04-08,2016,4,13.15,13.178,13.247699232399464,2016-04-09,XGBoost,1,2016
2016-04-09,2016,4,13.178,13.142,13.193320981852711,2016-04-10,XGBoost,1,2016
2016-04-10,2016,4,13.142,13.142,13.114569888457655,2016-04-11,XGBoost,1,2016
2016-04-11,2016,4,13.142,13.208,13.159705796286463,2016-04-12,XGBoost,1,2016
2016-04-12,2016,4,13.208,13.42,13.30364570337534,2016-04-13,XGBoost,1,2016
2016-04-13,2016,4,13.42,14.184,13.589331654906273,2016-04-14,XGBoost,1,2016
2016-04-14,2016,4,14.184,14.704,14.442581668138503,2016-04-15,XGBoost,1,2016
2016-04-15,2016,4,14.704,14.816,14.962802622556687,2016-04-16,XGBoost,1,2016
2016-04-16,2016,4,14.816,14.734,14.726104237496854,2016-04-17,XGBoost,1,2016
2016-04-17,2016,4,14.734,14.774,14.535971271634102,2016-04-18,XGBoost,1,2016
2016-04-18,2016,4,14.774,15.016,14.728783596098422,2016-04-19,XGBoost,1,2016
2016-04-19,2016,4,15.016,15.192,15.175750983119011,2016-04-20,XGBoost,1,2016
2016-04-20,2016,4,15.192,15.23,15.198316951010376,2016-04-21,XGBoost,1,2016
2016-04-21,2016,4,15.23,15.186,15.198697663396597,2016-04-22,XGBoost,1,2016
2016-04-22,2016,4,15.186,15.128,15.142926304847002,2016-04-23,XGBoost,1,2016
2016-04-23,2016,4,15.128,15.114,15.110030225917697,2016-04-24,XGBoost,1,2016
2016-04-24,2016,4,15.114,15.264,15.116443332457916,2016-04-25,XGBoost,1,2016
2016-04-25,2016,4,15.264,15.55,15.427702875375747,2016-04-26,XGBoost,1,2016
2016-04-26,2016,4,15.55,15.79,15.823193359375,2016-04-27,XGBoost,1,2016
2016-04-27,2016,4,15.79,15.996,15.975688123106956,2016-04-28,XGBoost,1,2016
2016-04-28,2016,4,15.996,16.216,16.07021412318945,2016-04-29,XGBoost,1,2016
2016-04-29,2016,4,16.216,16.444,16.312567496657373,2016-04-30,XGBoost,1,2016
2016-04-30,2016,4,16.444,16.428,16.62732803249359,2016-05-01,XGBoost,1,2016
2016-05-01,2016,5,16.428,16.192,16.351438102006913,2016-05-02,XGBoost,1,2016
2016-05-02,2016,5,16.192,16.034,16.040989084362984,2016-05-03,XGBoost,1,2016
2016-05-03,2016,5,16.034,15.926,15.945696299910544,2016-05-04,XGBoost,1,2016
2016-05-04,2016,5,15.926,16.1,15.888876845151186,2016-05-05,XGBoost,1,2016
2016-05-05,2016,5,16.1,16.168,16.24147634804249,2016-05-06,XGBoost,1,2016
2016-05-06,2016,5,16.168,16.124,16.248367378890514,2016-05-07,XGBoost,1,2016
2016-05-07,2016,5,16.124,15.972,16.075961696147917,2016-05-08,XGBoost,1,2016
2016-05-08,2016,5,15.972,15.786,15.897481908023357,2016-05-09,XGBoost,1,2016
2016-05-09,2016,5,15.786,15.612,15.677218572854995,2016-05-10,XGBoost,1,2016
2016-05-10,2016,5,15.612,15.442,15.505480144441128,2016-05-11,XGBoost,1,2016
2016-05-11,2016,5,15.442,15.29,15.336856967031956,2016-05-12,XGBoost,1,2016
2016-05-12,2016,5,15.29,15.238,15.216226094365119,2016-05-13,XGBoost,1,2016
2016-05-13,2016,5,15.238,15.2,15.222633659943938,2016-05-14,XGBoost,1,2016
2016-05-14,2016,5,15.2,15.176,15.195152375195175,2016-05-15,XGBoost,1,2016
2016-05-15,2016,5,15.176,15.122,15.170391897693277,2016-05-16,XGBoost,1,2016
2016-05-16,2016,5,15.122,15.138,15.102348071083426,2016-05-17,XGBoost,1,2016
2016-05-17,2016,5,15.138,15.448,15.176177911192179,2016-05-18,XGBoost,1,2016
2016-05-18,2016,5,15.448,15.846,15.806613282442093,2016-05-19,XGBoost,1,2016
2016-05-19,2016,5,15.846,16.218,16.141380651950836,2016-05-20,XGBoost,1,2016
2016-05-20,2016,5,16.218,16.294,16.520045702934265,2016-05-21,XGBoost,1,2016
2016-05-21,2016,5,16.294,16.772,16.2889536039494,2016-05-22,XGBoost,1,2016
2016-05-22,2016,5,16.772,17.27,17.084314838171004,2016-05-23,XGBoost,1,2016
2016-05-23,2016,5,17.27,17.364,17.47612198114395,2016-05-24,XGBoost,1,2016
2016-05-24,2016,5,17.364,17.14,17.351593573518098,2016-05-25,XGBoost,1,2016
2016-05-25,2016,5,17.14,16.908,16.916411533355713,2016-05-26,XGBoost,1,2016
2016-05-26,2016,5,16.908,16.748,16.722804539084436,2016-05-27,XGBoost,1,2016
2016-05-27,2016,5,16.748,16.722,16.66671227324009,2016-05-28,XGBoost,1,2016
2016-05-28,2016,5,16.722,16.72,16.753203800812365,2016-05-29,XGBoost,1,2016
2016-05-29,2016,5,16.72,16.67,16.804907710552214,2016-05-30,XGBoost,1,2016
2016-05-30,2016,5,16.67,16.542,16.668937589349227,2016-05-31,XGBoost,1,2016
2016-05-31,2016,5,16.542,16.564,16.48684543427825,2016-06-01,XGBoost,1,2016
2016-06-01,2016,6,16.564,16.7,16.60378579118848,2016-06-02,XGBoost,1,2016
2016-06-02,2016,6,16.7,16.686,16.82528245151043,2016-06-03,XGBoost,1,2016
2016-06-03,2016,6,16.686,16.504,16.65135722538829,2016-06-04,XGBoost,1,2016
2016-06-04,2016,6,16.504,16.324,16.381840884029867,2016-06-05,XGBoost,1,2016
2016-06-05,2016,6,16.324,16.216,16.219396381616594,2016-06-06,XGBoost,1,2016
2016-06-06,2016,6,16.216,16.2,16.18412515705824,2016-06-07,XGBoost,1,2016
2016-06-07,2016,6,16.2,16.188,16.22333836443722,2016-06-08,XGBoost,1,2016
2016-06-08,2016,6,16.188,16.116,16.194994110066443,2016-06-09,XGBoost,1,2016
2016-06-09,2016,6,16.116,16.072,16.09019872879982,2016-06-10,XGBoost,1,2016
2016-06-10,2016,6,16.072,16.088,16.059078085541724,2016-06-11,XGBoost,1,2016
2016-06-11,2016,6,16.088,16.04,16.14521002444625,2016-06-12,XGBoost,1,2016
2016-06-12,2016,6,16.04,16.076,16.021746403500437,2016-06-13,XGBoost,1,2016
2016-06-13,2016,6,16.076,16.138,16.12403479090333,2016-06-14,XGBoost,1,2016
2016-06-14,2016,6,16.138,16.532,16.235188584506513,2016-06-15,XGBoost,1,2016
2016-06-15,2016,6,16.532,17.31,16.798748040914536,2016-06-16,XGBoost,1,2016
2016-06-16,2016,6,17.31,17.478,17.68334421277046,2016-06-17,XGBoost,1,2016
2016-06-17,2016,6,17.478,17.466,17.501078218102457,2016-06-18,XGBoost,1,2016
2016-06-18,2016,6,17.466,17.45,17.340319061636926,2016-06-19,XGBoost,1,2016
2016-06-19,2016,6,17.45,17.544,17.336944487690925,2016-06-20,XGBoost,1,2016
2016-06-20,2016,6,17.544,17.77,17.705647379398346,2016-06-21,XGBoost,1,2016
2016-06-21,2016,6,17.77,18.074,17.972113062143325,2016-06-22,XGBoost,1,2016
2016-06-22,2016,6,18.074,18.422,18.263405634999277,2016-06-23,XGBoost,1,2016
2016-06-23,2016,6,18.422,18.676,18.761291632175446,2016-06-24,XGBoost,1,2016
2016-06-24,2016,6,18.676,18.966,18.920778141379355,2016-06-25,XGBoost,1,2016
2016-06-25,2016,6,18.966,19.296,19.17606852388382,2016-06-26,XGBoost,1,2016
2016-06-26,2016,6,19.296,19.33,19.504332285284995,2016-06-27,XGBoost,1,2016
2016-06-27,2016,6,19.33,19.136,19.27162806123495,2016-06-28,XGBoost,1,2016
2016-06-28,2016,6,19.136,18.906,19.062881596446037,2016-06-29,XGBoost,1,2016
2016-06-29,2016,6,18.906,18.676,18.847460959613322,2016-06-30,XGBoost,1,2016
2016-06-30,2016,6,18.676,18.542,18.628222559601067,2016-07-01,XGBoost,1,2016
2016-07-01,2016,7,18.542,18.478,18.583449934244157,2016-07-02,XGBoost,1,2016
2016-07-02,2016,7,18.478,18.63,18.454677738130094,2016-07-03,XGBoost,1,2016
2016-07-03,2016,7,18.63,18.756,18.74435905098915,2016-07-04,XGBoost,1,2016
2016-07-04,2016,7,18.756,18.866,18.80714044994116,2016-07-05,XGBoost,1,2016
2016-07-05,2016,7,18.866,19.154,18.928174163758754,2016-07-06,XGBoost,1,2016
2016-07-06,2016,7,19.154,19.34,19.44684217953682,2016-07-07,XGBoost,1,2016
2016-07-07,2016,7,19.34,19.522,19.379357788860798,2016-07-08,XGBoost,1,2016
2016-07-08,2016,7,19.522,19.522,19.645365007340907,2016-07-09,XGBoost,1,2016
2016-07-09,2016,7,19.522,19.454,19.48572266486287,2016-07-10,XGBoost,1,2016
2016-07-10,2016,7,19.454,19.35,19.38155649238825,2016-07-11,XGBoost,1,2016
2016-07-11,2016,7,19.35,19.256,19.261328792572023,2016-07-12,XGBoost,1,2016
2016-07-12,2016,7,19.256,19.18,19.173199909687042,2016-07-13,XGBoost,1,2016
2016-07-13,2016,7,19.18,19.12,19.13054929330945,2016-07-14,XGBoost,1,2016
2016-07-14,2016,7,19.12,19.058,19.077385636866094,2016-07-15,XGBoost,1,2016
2016-07-15,2016,7,19.058,18.988,19.01065282317996,2016-07-16,XGBoost,1,2016
2016-07-16,2016,7,18.988,19.0,18.94065282317996,2016-07-17,XGBoost,1,2016
2016-07-17,2016,7,19.0,19.076,18.99779053009115,2016-07-18,XGBoost,1,2016
2016-07-18,2016,7,19.076,19.386,19.13703625521064,2016-07-19,XGBoost,1,2016
2016-07-19,2016,7,19.386,19.448,19.57716260111332,2016-07-20,XGBoost,1,2016
2016-07-20,2016,7,19.448,19.486,19.476446765616537,2016-07-21,XGBoost,1,2016
2016-07-21,2016,7,19.486,19.626,19.49247135730833,2016-07-22,XGBoost,1,2016
2016-07-22,2016,7,19.626,19.728,19.73130009865761,2016-07-23,XGBoost,1,2016
2016-07-23,2016,7,19.728,19.908,19.777167178571226,2016-07-24,XGBoost,1,2016
2016-07-24,2016,7,19.908,20.15,20.040561430335046,2016-07-25,XGBoost,1,2016
2016-07-25,2016,7,20.15,20.334,20.318803125619887,2016-07-26,XGBoost,1,2016
2016-07-26,2016,7,20.334,20.506,20.40515487009287,2016-07-27,XGBoost,1,2016
2016-07-27,2016,7,20.506,20.654,20.636968511104584,2016-07-28,XGBoost,1,2016
2016-07-28,2016,7,20.654,20.71,20.72840622150898,2016-07-29,XGBoost,1,2016
2016-07-29,2016,7,20.71,20.648,20.67913678199053,2016-07-30,XGBoost,1,2016
2016-07-30,2016,7,20.648,20.534,20.5110088865757,2016-07-31,XGBoost,1,2016
2016-07-31,2016,7,20.534,20.322,20.367849757909774,2016-08-01,XGBoost,1,2016
2016-08-01,2016,8,20.322,20.092,20.10470524740219,2016-08-02,XGBoost,1,2016
2016-08-02,2016,8,20.092,19.742,19.847476623773574,2016-08-03,XGBoost,1,2016
2016-08-03,2016,8,19.742,19.51,19.53413733971119,2016-08-04,XGBoost,1,2016
2016-08-04,2016,8,19.51,19.332,19.367430145144464,2016-08-05,XGBoost,1,2016
2016-08-05,2016,8,19.332,19.148,19.233804566383363,2016-08-06,XGBoost,1,2016
2016-08-06,2016,8,19.148,18.956,19.00487270760536,2016-08-07,XGBoost,1,2016
2016-08-07,2016,8,18.956,18.796,18.811487152934074,2016-08-08,XGBoost,1,2016
2016-08-08,2016,8,18.796,18.62,18.67380011445284,2016-08-09,XGBoost,1,2016
2016-08-09,2016,8,18.62,18.492,18.483999128341676,2016-08-10,XGBoost,1,2016
2016-08-10,2016,8,18.492,18.35,18.40834076833725,2016-08-11,XGBoost,1,2016
2016-08-11,2016,8,18.35,18.316,18.255917279422285,2016-08-12,XGBoost,1,2016
2016-08-12,2016,8,18.316,18.22,18.28655011615157,2016-08-13,XGBoost,1,2016
2016-08-13,2016,8,18.22,18.166,18.15377736955881,2016-08-14,XGBoost,1,2016
2016-08-14,2016,8,18.166,18.1,18.127651723831892,2016-08-15,XGBoost,1,2016
2016-08-15,2016,8,18.1,18.0,18.056328064203264,2016-08-16,XGBoost,1,2016
2016-08-16,2016,8,18.0,17.936,17.93678917735815,2016-08-17,XGBoost,1,2016
2016-08-17,2016,8,17.936,17.872,17.8905266777277,2016-08-18,XGBoost,1,2016
2016-08-18,2016,8,17.872,17.87,17.8282905728817,2016-08-19,XGBoost,1,2016
2016-08-19,2016,8,17.87,17.82,17.878923512883485,2016-08-20,XGBoost,1,2016
2016-08-20,2016,8,17.82,17.69,17.78289113163948,2016-08-21,XGBoost,1,2016
2016-08-21,2016,8,17.69,17.576,17.605035456418992,2016-08-22,XGBoost,1,2016
2016-08-22,2016,8,17.576,17.472,17.507290589272976,2016-08-23,XGBoost,1,2016
2016-08-23,2016,8,17.472,17.38,17.40145832759142,2016-08-24,XGBoost,1,2016
2016-08-24,2016,8,17.38,17.298,17.30868710309267,2016-08-25,XGBoost,1,2016
2016-08-25,2016,8,17.298,17.2,17.245044018656014,2016-08-26,XGBoost,1,2016
2016-08-26,2016,8,17.2,17.09,17.12868710309267,2016-08-27,XGBoost,1,2016
2016-08-27,2016,8,17.09,17.03,17.02064308166504,2016-08-28,XGBoost,1,2016
2016-08-28,2016,8,17.03,16.97,16.990529178380967,2016-08-29,XGBoost,1,2016
2016-08-29,2016,8,16.97,16.866,16.933769003748893,2016-08-30,XGBoost,1,2016
2016-08-30,2016,8,16.866,16.828,16.801013815760612,2016-08-31,XGBoost,1,2016
2016-08-31,2016,8,16.828,16.84,16.81332509524375,2016-09-01,XGBoost,1,2016
2016-09-01,2016,9,16.84,16.844,16.868903868049383,2016-09-02,XGBoost,1,2016
2016-09-02,2016,9,16.844,17.098,16.862779683858157,2016-09-03,XGBoost,1,2016
2016-09-03,2016,9,17.098,17.356,17.319912652254104,2016-09-04,XGBoost,1,2016
2016-09-04,2016,9,17.356,17.668,17.559917860984804,2016-09-05,XGBoost,1,2016
2016-09-05,2016,9,17.668,17.73,17.962047892093658,2016-09-06,XGBoost,1,2016
2016-09-06,2016,9,17.73,17.926,17.751184219047428,2016-09-07,XGBoost,1,2016
2016-09-07,2016,9,17.926,18.186,18.075163022637366,2016-09-08,XGBoost,1,2016
2016-09-08,2016,9,18.186,18.31,18.42957780814171,2016-09-09,XGBoost,1,2016
2016-09-09,2016,9,18.31,18.368,18.366230448186396,2016-09-10,XGBoost,1,2016
2016-09-10,2016,9,18.368,18.504,18.390203678265213,2016-09-11,XGBoost,1,2016
2016-09-11,2016,9,18.504,18.554,18.62147968941927,2016-09-12,XGBoost,1,2016
2016-09-12,2016,9,18.554,18.682,18.58892200002074,2016-09-13,XGBoost,1,2016
2016-09-13,2016,9,18.682,18.84,18.77021029216051,2016-09-14,XGBoost,1,2016
2016-09-14,2016,9,18.84,18.836,18.976516526341438,2016-09-15,XGBoost,1,2016
2016-09-15,2016,9,18.836,18.63,18.753193718254565,2016-09-16,XGBoost,1,2016
2016-09-16,2016,9,18.63,18.436,18.466995497345923,2016-09-17,XGBoost,1,2016
2016-09-17,2016,9,18.436,18.226,18.281525607466698,2016-09-18,XGBoost,1,2016
2016-09-18,2016,9,18.226,18.11,18.067107875108718,2016-09-19,XGBoost,1,2016
2016-09-19,2016,9,18.11,17.95,18.050466288477182,2016-09-20,XGBoost,1,2016
2016-09-20,2016,9,17.95,17.754,17.8322430819273,2016-09-21,XGBoost,1,2016
2016-09-21,2016,9,17.754,17.796,17.609916380882265,2016-09-22,XGBoost,1,2016
2016-09-22,2016,9,17.796,18.002,17.882656004190444,2016-09-23,XGBoost,1,2016
2016-09-23,2016,9,18.002,18.078,18.119105983197688,2016-09-24,XGBoost,1,2016
2016-09-24,2016,9,18.078,18.084,18.131103927522897,2016-09-25,XGBoost,1,2016
2016-09-25,2016,9,18.084,18.27,18.07638900281489,2016-09-26,XGBoost,1,2016
2016-09-26,2016,9,18.27,18.442,18.431387845873832,2016-09-27,XGBoost,1,2016
2016-09-27,2016,9,18.442,18.49,18.56291889977455,2016-09-28,XGBoost,1,2016
2016-09-28,2016,9,18.49,18.524,18.45480159088969,2016-09-29,XGBoost,1,2016
2016-09-29,2016,9,18.524,18.696,18.50248859243095,2016-09-30,XGBoost,1,2016
2016-09-30,2016,9,18.696,18.812,18.828480874657632,2016-10-01,XGBoost,1,2016
2016-10-01,2016,10,18.812,18.796,18.83816883441806,2016-10-02,XGBoost,1,2016
2016-10-02,2016,10,18.796,18.672,18.6597206107378,2016-10-03,XGBoost,1,2016
2016-10-03,2016,10,18.672,18.43,18.56684689384699,2016-10-04,XGBoost,1,2016
2016-10-04,2016,10,18.43,18.2,18.22975362122059,2016-10-05,XGBoost,1,2016
2016-10-05,2016,10,18.2,18.006,17.98607477247715,2016-10-06,XGBoost,1,2016
2016-10-06,2016,10,18.006,17.712,17.838814767956734,2016-10-07,XGBoost,1,2016
2016-10-07,2016,10,17.712,17.48,17.488160076260566,2016-10-08,XGBoost,1,2016
2016-10-08,2016,10,17.48,17.312,17.27946990311146,2016-10-09,XGBoost,1,2016
2016-10-09,2016,10,17.312,17.246,17.190973536193372,2016-10-10,XGBoost,1,2016
2016-10-10,2016,10,17.246,17.18,17.198603824436663,2016-10-11,XGBoost,1,2016
2016-10-11,2016,10,17.18,17.136,17.11642144650221,2016-10-12,XGBoost,1,2016
2016-10-12,2016,10,17.136,17.366,17.07244867092371,2016-10-13,XGBoost,1,2016
2016-10-13,2016,10,17.366,17.964,17.478413316965103,2016-10-14,XGBoost,1,2016
2016-10-14,2016,10,17.964,18.236,18.1735680385828,2016-10-15,XGBoost,1,2016
2016-10-15,2016,10,18.236,18.48,18.289732991218568,2016-10-16,XGBoost,1,2016
2016-10-16,2016,10,18.48,18.54,18.600426222682,2016-10-17,XGBoost,1,2016
2016-10-17,2016,10,18.54,18.54,18.48288744777441,2016-10-18,XGBoost,1,2016
2016-10-18,2016,10,18.54,18.444,18.47820557743311,2016-10-19,XGBoost,1,2016
2016-10-19,2016,10,18.444,18.192,18.356341713905334,2016-10-20,XGBoost,1,2016
2016-10-20,2016,10,18.192,17.956,17.988216532588005,2016-10-21,XGBoost,1,2016
2016-10-21,2016,10,17.956,17.57,17.744639709353446,2016-10-22,XGBoost,1,2016
2016-10-22,2016,10,17.57,17.264,17.353163473010063,2016-10-23,XGBoost,1,2016
2016-10-23,2016,10,17.264,16.99,17.048969240427017,2016-10-24,XGBoost,1,2016
2016-10-24,2016,10,16.99,16.728,16.81576188445091,2016-10-25,XGBoost,1,2016
2016-10-25,2016,10,16.728,16.54,16.547934040308,2016-10-26,XGBoost,1,2016
2016-10-26,2016,10,16.54,16.372,16.348519273996352,2016-10-27,XGBoost,1,2016
2016-10-27,2016,10,16.372,16.204,16.218319288015365,2016-10-28,XGBoost,1,2016
2016-10-28,2016,10,16.204,16.05,16.050319288015366,2016-10-29,XGBoost,1,2016
2016-10-29,2016,10,16.05,15.93,15.927010360360146,2016-10-30,XGBoost,1,2016
2016-10-30,2016,10,15.93,15.834,15.849169589877128,2016-10-31,XGBoost,1,2016
2016-10-31,2016,10,15.834,15.736,15.753657163321972,2016-11-01,XGBoost,1,2016
2016-11-01,2016,11,15.736,15.632,15.654703600764275,2016-11-02,XGBoost,1,2016
2016-11-02,2016,11,15.632,15.542,15.550704658746719,2016-11-03,XGBoost,1,2016
2016-11-03,2016,11,15.542,15.442,15.461425331056118,2016-11-04,XGBoost,1,2016
2016-11-04,2016,11,15.442,15.358,15.368452055573464,2016-11-05,XGBoost,1,2016
2016-11-05,2016,11,15.358,15.266,15.29892308357358,2016-11-06,XGBoost,1,2016
2016-11-06,2016,11,15.266,15.182,15.1897100481987,2016-11-07,XGBoost,1,2016
2016-11-07,2016,11,15.182,15.108,15.12292308357358,2016-11-08,XGBoost,1,2016
2016-11-08,2016,11,15.108,15.048,15.049646117717028,2016-11-09,XGBoost,1,2016
2016-11-09,2016,11,15.048,14.968,14.99958889517188,2016-11-10,XGBoost,1,2016
2016-11-10,2016,11,14.968,14.926,14.911410012871027,2016-11-11,XGBoost,1,2016
2016-11-11,2016,11,14.926,14.92,14.87930211147666,2016-11-12,XGBoost,1,2016
2016-11-12,2016,11,14.92,14.904,14.89829525358975,2016-11-13,XGBoost,1,2016
2016-11-13,2016,11,14.904,14.876,14.877543053492904,2016-11-14,XGBoost,1,2016
2016-11-14,2016,11,14.876,14.85,14.845876212999224,2016-11-15,XGBoost,1,2016
2016-11-15,2016,11,14.85,14.778,14.81902477927506,2016-11-16,XGBoost,1,2016
2016-11-16,2016,11,14.778,14.7,14.725771705687047,2016-11-17,XGBoost,1,2016
2016-11-17,2016,11,14.7,14.614,14.644575686007737,2016-11-18,XGBoost,1,2016
2016-11-18,2016,11,14.614,14.548,14.559048715919257,2016-11-19,XGBoost,1,2016
2016-11-19,2016,11,14.548,14.48,14.496493678122759,2016-11-20,XGBoost,1,2016
2016-11-20,2016,11,14.48,14.434,14.430257573276759,2016-11-21,XGBoost,1,2016
2016-11-21,2016,11,14.434,14.384,14.390953652203082,2016-11-22,XGBoost,1,2016
2016-11-22,2016,11,14.384,14.296,14.340076949834824,2016-11-23,XGBoost,1,2016
2016-11-23,2016,11,14.296,14.244,14.2435983902812,2016-11-24,XGBoost,1,2016
2016-11-24,2016,11,14.244,14.2,14.199777268856764,2016-11-25,XGBoost,1,2016
2016-11-25,2016,11,14.2,14.146,14.158756558597087,2016-11-26,XGBoost,1,2016
2016-11-26,2016,11,14.146,14.09,14.102076949834824,2016-11-27,XGBoost,1,2016
2016-11-27,2016,11,14.09,14.046,14.045777268856764,2016-11-28,XGBoost,1,2016
2016-11-28,2016,11,14.046,14.02,14.004456877619027,2016-11-29,XGBoost,1,2016
2016-11-29,2016,11,14.02,13.99,13.992555303946137,2016-11-30,XGBoost,1,2016
2016-11-30,2016,11,13.99,13.958,13.960326466485858,2016-12-01,XGBoost,1,2016
2016-12-01,2016,12,13.958,13.906,13.925556271702051,2016-12-02,XGBoost,1,2016
2016-12-02,2016,12,13.906,13.87,13.862076949834824,2016-12-03,XGBoost,1,2016
2016-12-03,2016,12,13.87,13.818,13.83755627170205,2016-12-04,XGBoost,1,2016
2016-12-04,2016,12,13.818,13.786,13.774568654626608,2016-12-05,XGBoost,1,2016
2016-12-05,2016,12,13.786,13.75,13.754047976493835,2016-12-06,XGBoost,1,2016
2016-12-06,2016,12,13.75,13.698,13.718047976493835,2016-12-07,XGBoost,1,2016
2016-12-07,2016,12,13.698,13.66,13.654568654626608,2016-12-08,XGBoost,1,2016
2016-12-08,2016,12,13.66,13.63,13.628047976493836,2016-12-09,XGBoost,1,2016
2016-12-09,2016,12,13.63,13.588,13.600818171277643,2016-12-10,XGBoost,1,2016
2016-12-10,2016,12,13.588,13.56,13.548177712142467,2016-12-11,XGBoost,1,2016
2016-12-11,2016,12,13.56,13.53,13.531747618168593,2016-12-12,XGBoost,1,2016
2016-12-12,2016,12,13.53,13.498,13.502807303071021,2016-12-13,XGBoost,1,2016
2016-12-13,2016,12,13.498,13.46,13.468037108287215,2016-12-14,XGBoost,1,2016
2016-12-14,2016,12,13.46,13.43,13.430037108287216,2016-12-15,XGBoost,1,2016
2016-12-15,2016,12,13.43,13.408,13.402807303071022,2016-12-16,XGBoost,1,2016
2016-12-16,2016,12,13.408,13.38,13.384039445027708,2016-12-17,XGBoost,1,2016
2016-12-17,2016,12,13.38,13.348,13.354472280591727,2016-12-18,XGBoost,1,2016
2016-12-18,2016,12,13.348,13.32,13.319702083945275,2016-12-19,XGBoost,1,2016
2016-12-19,2016,12,13.32,13.29,13.294472280591727,2016-12-20,XGBoost,1,2016
2016-12-20,2016,12,13.29,13.268,13.264472280591725,2016-12-21,XGBoost,1,2016
2016-12-21,2016,12,13.268,13.25,13.244701119914652,2016-12-22,XGBoost,1,2016
2016-12-22,2016,12,13.25,13.218,13.229934370145202,2016-12-23,XGBoost,1,2016
2016-12-23,2016,12,13.218,13.2,13.190306545823812,2016-12-24,XGBoost,1,2016
2016-12-24,2016,12,13.2,13.16,13.179934370145201,2016-12-25,XGBoost,1,2016
2016-12-25,2016,12,13.16,13.16,13.128856329098344,2016-12-26,XGBoost,1,2016
2016-12-26,2016,12,13.16,13.15,13.155529815088958,2016-12-27,XGBoost,1,2016
2016-12-27,2016,12,13.15,13.12,13.135581007786095,2016-12-28,XGBoost,1,2016
2016-12-28,2016,12,13.12,13.11,13.095428637117147,2016-12-29,XGBoost,1,2016
2016-12-29,2016,12,13.11,13.09,13.095581007786095,2016-12-30,XGBoost,1,2016
2016-12-30,2016,12,13.09,13.08,13.070951437726617,2016-12-31,XGBoost,1,2016
2016-12-31,2016,12,13.08,13.044,13.066474654637277,2017-01-01,XGBoost,1,2016
2017-01-01,2017,1,13.044,13.02,13.020802062243224,2017-01-02,XGBoost,1,2017
2017-01-02,2017,1,13.02,13.01,13.00005518503487,2017-01-03,XGBoost,1,2017
2017-01-03,2017,1,13.01,13.0,12.997085939384997,2017-01-04,XGBoost,1,2017
2017-01-04,2017,1,13.0,12.99,12.986977820284665,2017-01-05,XGBoost,1,2017
2017-01-05,2017,1,12.99,12.98,12.976977820284665,2017-01-06,XGBoost,1,2017
2017-01-06,2017,1,12.98,12.97,12.968912802189589,2017-01-07,XGBoost,1,2017
2017-01-07,2017,1,12.97,12.93,12.95891280218959,2017-01-08,XGBoost,1,2017
2017-01-08,2017,1,12.93,12.88,12.905815158337354,2017-01-09,XGBoost,1,2017
2017-01-09,2017,1,12.88,12.84,12.854266666918994,2017-01-10,XGBoost,1,2017
2017-01-10,2017,1,12.84,12.82,12.815815158337355,2017-01-11,XGBoost,1,2017
2017-01-11,2017,1,12.82,12.79,12.802106333598495,2017-01-12,XGBoost,1,2017
2017-01-12,2017,1,12.79,12.77,12.768591419756412,2017-01-13,XGBoost,1,2017
2017-01-13,2017,1,12.77,12.75,12.752106333598494,2017-01-14,XGBoost,1,2017
2017-01-14,2017,1,12.75,12.74,12.732106333598495,2017-01-15,XGBoost,1,2017
2017-01-15,2017,1,12.74,12.72,12.728912802189589,2017-01-16,XGBoost,1,2017
2017-01-16,2017,1,12.72,12.7,12.702106333598495,2017-01-17,XGBoost,1,2017
2017-01-17,2017,1,12.7,12.67,12.682106333598494,2017-01-18,XGBoost,1,2017
2017-01-18,2017,1,12.67,12.64,12.648591419756412,2017-01-19,XGBoost,1,2017
2017-01-19,2017,1,12.64,12.63,12.618591419756413,2017-01-20,XGBoost,1,2017
2017-01-20,2017,1,12.63,12.62,12.61891280218959,2017-01-21,XGBoost,1,2017
2017-01-21,2017,1,12.62,12.61,12.608912802189588,2017-01-22,XGBoost,1,2017
2017-01-22,2017,1,12.61,12.58,12.598912802189588,2017-01-23,XGBoost,1,2017
2017-01-23,2017,1,12.58,12.58,12.558591419756413,2017-01-24,XGBoost,1,2017
2017-01-24,2017,1,12.58,12.57,12.578580433195457,2017-01-25,XGBoost,1,2017
2017-01-25,2017,1,12.57,12.54,12.558912802189589,2017-01-26,XGBoost,1,2017
2017-01-26,2017,1,12.54,12.52,12.518591419756412,2017-01-27,XGBoost,1,2017
2017-01-27,2017,1,12.52,12.5,12.502595093548297,2017-01-28,XGBoost,1,2017
2017-01-28,2017,1,12.5,12.47,12.482595093548298,2017-01-29,XGBoost,1,2017
2017-01-29,2017,1,12.47,12.45,12.449080177843571,2017-01-30,XGBoost,1,2017
2017-01-30,2017,1,12.45,12.44,12.432595093548297,2017-01-31,XGBoost,1,2017
2017-01-31,2017,1,12.44,12.43,12.429401560276746,2017-02-01,XGBoost,1,2017
2017-02-01,2017,2,12.43,12.42,12.419401560276746,2017-02-02,XGBoost,1,2017
2017-02-02,2017,2,12.42,12.41,12.409401560276747,2017-02-03,XGBoost,1,2017
2017-02-03,2017,2,12.41,12.39,12.399401560276747,2017-02-04,XGBoost,1,2017
2017-02-04,2017,2,12.39,12.38,12.372980405911804,2017-02-05,XGBoost,1,2017
2017-02-05,2017,2,12.38,12.36,12.369786872640253,2017-02-06,XGBoost,1,2017
2017-02-06,2017,2,12.36,12.34,12.342980405911803,2017-02-07,XGBoost,1,2017
2017-02-07,2017,2,12.34,12.32,12.322980405911803,2017-02-08,XGBoost,1,2017
2017-02-08,2017,2,12.32,12.3,12.302980405911804,2017-02-09,XGBoost,1,2017
2017-02-09,2017,2,12.3,12.29,12.282980405911804,2017-02-10,XGBoost,1,2017
2017-02-10,2017,2,12.29,12.27,12.279786872640251,2017-02-11,XGBoost,1,2017
2017-02-11,2017,2,12.27,12.25,12.252980405911803,2017-02-12,XGBoost,1,2017
2017-02-12,2017,2,12.25,12.24,12.232980405911803,2017-02-13,XGBoost,1,2017
2017-02-13,2017,2,12.24,12.22,12.229786872640252,2017-02-14,XGBoost,1,2017
2017-02-14,2017,2,12.22,12.21,12.202980405911804,2017-02-15,XGBoost,1,2017
2017-02-15,2017,2,12.21,12.21,12.199786872640253,2017-02-16,XGBoost,1,2017
2017-02-16,2017,2,12.21,12.19,12.209454505450559,2017-02-17,XGBoost,1,2017
2017-02-17,2017,2,12.19,12.18,12.172980405911803,2017-02-18,XGBoost,1,2017
2017-02-18,2017,2,12.18,12.178,12.169786872640252,2017-02-19,XGBoost,1,2017
2017-02-19,2017,2,12.178,12.16,12.168053825080396,2017-02-20,XGBoost,1,2017
2017-02-20,2017,2,12.16,12.16,12.142980405911803,2017-02-21,XGBoost,1,2017
2017-02-21,2017,2,12.16,12.16,12.159454505450558,2017-02-22,XGBoost,1,2017
2017-02-22,2017,2,12.16,12.15,12.159454505450558,2017-02-23,XGBoost,1,2017
2017-02-23,2017,2,12.15,12.156,12.140290872752667,2017-02-24,XGBoost,1,2017
2017-02-24,2017,2,12.156,12.178,12.162305356509984,2017-02-25,XGBoost,1,2017
2017-02-25,2017,2,12.178,12.2,12.207408901929856,2017-02-26,XGBoost,1,2017
2017-02-26,2017,2,12.2,12.21,12.229408901929855,2017-02-27,XGBoost,1,2017
2017-02-27,2017,2,12.21,12.22,12.215700768902899,2017-02-28,XGBoost,1,2017
2017-02-28,2017,2,12.22,12.23,12.225700768902898,2017-03-01,XGBoost,1,2017
2017-03-01,2017,3,12.23,12.25,12.235700768902898,2017-03-02,XGBoost,1,2017
2017-03-02,2017,3,12.25,12.268,12.274805976077914,2017-03-03,XGBoost,1,2017
2017-03-03,2017,3,12.268,12.438,12.292805976077915,2017-03-04,XGBoost,1,2017
2017-03-04,2017,3,12.438,12.496,12.575259393930436,2017-03-05,XGBoost,1,2017
2017-03-05,2017,3,12.496,12.512,12.535137829095126,2017-03-06,XGBoost,1,2017
2017-03-06,2017,3,12.512,12.434,12.512956591509749,2017-03-07,XGBoost,1,2017
2017-03-07,2017,3,12.434,12.402,12.395280602961778,2017-03-08,XGBoost,1,2017
2017-03-08,2017,3,12.402,12.344,12.379741587907075,2017-03-09,XGBoost,1,2017
2017-03-09,2017,3,12.344,12.31,12.318421264603733,2017-03-10,XGBoost,1,2017
2017-03-10,2017,3,12.31,12.292,12.289715196415782,2017-03-11,XGBoost,1,2017
2017-03-11,2017,3,12.292,12.38,12.279720509059727,2017-03-12,XGBoost,1,2017
2017-03-12,2017,3,12.38,12.602,12.491611463129521,2017-03-13,XGBoost,1,2017
2017-03-13,2017,3,12.602,12.874,12.875761242628098,2017-03-14,XGBoost,1,2017
2017-03-14,2017,3,12.874,12.986,13.042016389012337,2017-03-15,XGBoost,1,2017
2017-03-15,2017,3,12.986,12.956,13.008017125040293,2017-03-16,XGBoost,1,2017
2017-03-16,2017,3,12.956,12.878,12.882649019122123,2017-03-17,XGBoost,1,2017
2017-03-17,2017,3,12.878,12.816,12.831603010624647,2017-03-18,XGBoost,1,2017
2017-03-18,2017,3,12.816,12.83,12.788619256004692,2017-03-19,XGBoost,1,2017
2017-03-19,2017,3,12.83,12.872,12.851009372547269,2017-03-20,XGBoost,1,2017
2017-03-20,2017,3,12.872,12.986,12.908189209669828,2017-03-21,XGBoost,1,2017
2017-03-21,2017,3,12.986,13.044,13.095783485531808,2017-03-22,XGBoost,1,2017
2017-03-22,2017,3,13.044,12.99,13.09020311781764,2017-03-23,XGBoost,1,2017
2017-03-23,2017,3,12.99,12.94,12.946242807209492,2017-03-24,XGBoost,1,2017
2017-03-24,2017,3,12.94,12.87,12.915512992590665,2017-03-25,XGBoost,1,2017
2017-03-25,2017,3,12.87,12.906,12.838611694872379,2017-03-26,XGBoost,1,2017
2017-03-26,2017,3,12.906,12.826,12.950391673058272,2017-03-27,XGBoost,1,2017
2017-03-27,2017,3,12.826,12.832,12.7936171541214,2017-03-28,XGBoost,1,2017
2017-03-28,2017,3,12.832,12.96,12.850517330288888,2017-03-29,XGBoost,1,2017
2017-03-29,2017,3,12.96,12.9,13.044163501858712,2017-03-30,XGBoost,1,2017
2017-03-30,2017,3,12.9,12.88,12.856927444785834,2017-03-31,XGBoost,1,2017
2017-03-31,2017,3,12.88,12.85,12.86715576156974,2017-04-01,XGBoost,1,2017
2017-04-01,2017,4,12.85,12.9,12.836802814528346,2017-04-02,XGBoost,1,2017
2017-04-02,2017,4,12.9,13.008,12.958641511946917,2017-04-03,XGBoost,1,2017
2017-04-03,2017,4,13.008,13.236,13.114589548289775,2017-04-04,XGBoost,1,2017
2017-04-04,2017,4,13.236,13.564,13.524285911083222,2017-04-05,XGBoost,1,2017
2017-04-05,2017,4,13.564,13.764,13.833722819328308,2017-04-06,XGBoost,1,2017
2017-04-06,2017,4,13.764,13.94,13.881678262293338,2017-04-07,XGBoost,1,2017
2017-04-07,2017,4,13.94,14.118,14.068385797142982,2017-04-08,XGBoost,1,2017
2017-04-08,2017,4,14.118,14.378,14.231449655473233,2017-04-09,XGBoost,1,2017
2017-04-09,2017,4,14.378,14.62,14.551071056604385,2017-04-10,XGBoost,1,2017
2017-04-10,2017,4,14.62,14.638,14.757759774923324,2017-04-11,XGBoost,1,2017
2017-04-11,2017,4,14.638,14.502,14.594581987440586,2017-04-12,XGBoost,1,2017
2017-04-12,2017,4,14.502,14.34,14.358876730918885,2017-04-13,XGBoost,1,2017
2017-04-13,2017,4,14.34,14.16,14.208058934807777,2017-04-14,XGBoost,1,2017
2017-04-14,2017,4,14.16,14.032,14.032242122888565,2017-04-15,XGBoost,1,2017
2017-04-15,2017,4,14.032,14.254,13.968903342604637,2017-04-16,XGBoost,1,2017
2017-04-16,2017,4,14.254,14.4,14.577368579149246,2017-04-17,XGBoost,1,2017
2017-04-17,2017,4,14.4,14.454,14.47694871723652,2017-04-18,XGBoost,1,2017
2017-04-18,2017,4,14.454,14.35,14.50252768033743,2017-04-19,XGBoost,1,2017
2017-04-19,2017,4,14.35,14.192,14.294302570074796,2017-04-20,XGBoost,1,2017
2017-04-20,2017,4,14.192,14.058,14.107460795164108,2017-04-21,XGBoost,1,2017
2017-04-21,2017,4,14.058,14.138,13.973460795164108,2017-04-22,XGBoost,1,2017
2017-04-22,2017,4,14.138,14.088,14.26906606900692,2017-04-23,XGBoost,1,2017
2017-04-23,2017,4,14.088,14.1,14.069449000537395,2017-04-24,XGBoost,1,2017
2017-04-24,2017,4,14.1,14.12,14.138966160267591,2017-04-25,XGBoost,1,2017
2017-04-25,2017,4,14.12,14.066,14.163141838163137,2017-04-26,XGBoost,1,2017
2017-04-26,2017,4,14.066,14.082,14.048296071946622,2017-04-27,XGBoost,1,2017
2017-04-27,2017,4,14.082,14.19,14.125059911578894,2017-04-28,XGBoost,1,2017
2017-04-28,2017,4,14.19,14.346,14.315621944665908,2017-04-29,XGBoost,1,2017
2017-04-29,2017,4,14.346,14.57,14.494139506578446,2017-04-30,XGBoost,1,2017
2017-04-30,2017,4,14.57,14.926,14.720254666805268,2017-05-01,XGBoost,1,2017
2017-05-01,2017,5,14.926,15.76,15.181690574645996,2017-05-02,XGBoost,1,2017
2017-05-02,2017,5,15.76,16.168,15.958654547333717,2017-05-03,XGBoost,1,2017
2017-05-03,2017,5,16.168,16.404,16.329240130662917,2017-05-04,XGBoost,1,2017
2017-05-04,2017,5,16.404,16.146,16.56295226597786,2017-05-05,XGBoost,1,2017
2017-05-05,2017,5,16.146,15.996,15.964683907389642,2017-05-06,XGBoost,1,2017
2017-05-06,2017,5,15.996,15.892,15.874905773162842,2017-05-07,XGBoost,1,2017
2017-05-07,2017,5,15.892,15.9,15.812120246708393,2017-05-08,XGBoost,1,2017
2017-05-08,2017,5,15.9,15.916,15.968999193608761,2017-05-09,XGBoost,1,2017
2017-05-09,2017,5,15.916,15.872,15.958934861034155,2017-05-10,XGBoost,1,2017
2017-05-10,2017,5,15.872,15.82,15.859425377592444,2017-05-11,XGBoost,1,2017
2017-05-11,2017,5,15.82,15.89,15.802020419090987,2017-05-12,XGBoost,1,2017
2017-05-12,2017,5,15.89,15.91,15.999948880970479,2017-05-13,XGBoost,1,2017
2017-05-13,2017,5,15.91,15.88,15.955804355293512,2017-05-14,XGBoost,1,2017
2017-05-14,2017,5,15.88,15.79,15.844434739202262,2017-05-15,XGBoost,1,2017
2017-05-15,2017,5,15.79,15.484,15.74508663356304,2017-05-16,XGBoost,1,2017
2017-05-16,2017,5,15.484,15.432,15.36422717088461,2017-05-17,XGBoost,1,2017
2017-05-17,2017,5,15.432,15.376,15.417267139971257,2017-05-18,XGBoost,1,2017
2017-05-18,2017,5,15.376,15.312,15.364421598449349,2017-05-19,XGBoost,1,2017
2017-05-19,2017,5,15.312,15.28,15.293773257255554,2017-05-20,XGBoost,1,2017
2017-05-20,2017,5,15.28,15.27,15.273446452077478,2017-05-21,XGBoost,1,2017
2017-05-21,2017,5,15.27,15.25,15.284550833031535,2017-05-22,XGBoost,1,2017
2017-05-22,2017,5,15.25,15.29,15.25169136794284,2017-05-23,XGBoost,1,2017
2017-05-23,2017,5,15.29,15.25,15.352904447317123,2017-05-24,XGBoost,1,2017
2017-05-24,2017,5,15.25,15.366,15.239520568400621,2017-05-25,XGBoost,1,2017
2017-05-25,2017,5,15.366,15.596,15.505254480600357,2017-05-26,XGBoost,1,2017
2017-05-26,2017,5,15.596,15.896,15.999197824954987,2017-05-27,XGBoost,1,2017
2017-05-27,2017,5,15.896,16.098,16.144354762792588,2017-05-28,XGBoost,1,2017
2017-05-28,2017,5,16.098,16.202,16.217143702089786,2017-05-29,XGBoost,1,2017
2017-05-29,2017,5,16.202,16.21,16.250193383961918,2017-05-30,XGBoost,1,2017
2017-05-30,2017,5,16.21,16.22,16.195493537969888,2017-05-31,XGBoost,1,2017
2017-05-31,2017,5,16.22,16.28,16.21398845108226,2017-06-01,XGBoost,1,2017
2017-06-01,2017,6,16.28,16.26,16.38470225661993,2017-06-02,XGBoost,1,2017
2017-06-02,2017,6,16.26,16.28,16.223485907763244,2017-06-03,XGBoost,1,2017
2017-06-03,2017,6,16.28,16.356,16.338813486248256,2017-06-04,XGBoost,1,2017
2017-06-04,2017,6,16.356,16.904,16.494701274991037,2017-06-05,XGBoost,1,2017
2017-06-05,2017,6,16.904,17.592,17.31170873427391,2017-06-06,XGBoost,1,2017
2017-06-06,2017,6,17.592,17.82,17.915038190603255,2017-06-07,XGBoost,1,2017
2017-06-07,2017,6,17.82,18.04,17.943930469155312,2017-06-08,XGBoost,1,2017
2017-06-08,2017,6,18.04,18.014,18.17554474711418,2017-06-09,XGBoost,1,2017
2017-06-09,2017,6,18.014,17.768,17.88247774684429,2017-06-10,XGBoost,1,2017
2017-06-10,2017,6,17.768,17.418,17.55693195092678,2017-06-11,XGBoost,1,2017
2017-06-11,2017,6,17.418,17.156,17.192319753050803,2017-06-12,XGBoost,1,2017
2017-06-12,2017,6,17.156,16.942,16.990203377366065,2017-06-13,XGBoost,1,2017
2017-06-13,2017,6,16.942,16.85,16.820665015101433,2017-06-14,XGBoost,1,2017
2017-06-14,2017,6,16.85,16.9,16.823099293187262,2017-06-15,XGBoost,1,2017
2017-06-15,2017,6,16.9,17.096,17.004237645864485,2017-06-16,XGBoost,1,2017
2017-06-16,2017,6,17.096,17.286,17.259809671998024,2017-06-17,XGBoost,1,2017
2017-06-17,2017,6,17.286,17.498,17.37624325013161,2017-06-18,XGBoost,1,2017
2017-06-18,2017,6,17.498,17.826,17.64920628476143,2017-06-19,XGBoost,1,2017
2017-06-19,2017,6,17.826,18.124,18.087861354112626,2017-06-20,XGBoost,1,2017
2017-06-20,2017,6,18.124,18.396,18.372747080564498,2017-06-21,XGBoost,1,2017
2017-06-21,2017,6,18.396,18.512,18.61838104045391,2017-06-22,XGBoost,1,2017
2017-06-22,2017,6,18.512,18.53,18.55107096758485,2017-06-23,XGBoost,1,2017
2017-06-23,2017,6,18.53,18.54,18.538884636685253,2017-06-24,XGBoost,1,2017
2017-06-24,2017,6,18.54,18.53,18.54194939645007,2017-06-25,XGBoost,1,2017
2017-06-25,2017,6,18.53,18.47,18.548862487748266,2017-06-26,XGBoost,1,2017
2017-06-26,2017,6,18.47,18.264,18.476763552315532,2017-06-27,XGBoost,1,2017
2017-06-27,2017,6,18.264,18.23,18.186677904367446,2017-06-28,XGBoost,1,2017
2017-06-28,2017,6,18.23,18.082,18.259376348480583,2017-06-29,XGBoost,1,2017
2017-06-29,2017,6,18.082,18.276,18.047513583272696,2017-06-30,XGBoost,1,2017
2017-06-30,2017,6,18.276,18.43,18.412358827352524,2017-07-01,XGBoost,1,2017
2017-07-01,2017,7,18.43,18.68,18.570930354595184,2017-07-02,XGBoost,1,2017
2017-07-02,2017,7,18.68,18.856,19.070358179807663,2017-07-03,XGBoost,1,2017
2017-07-03,2017,7,18.856,18.974,18.975300670921804,2017-07-04,XGBoost,1,2017
2017-07-04,2017,7,18.974,19.154,19.00593861246109,2017-07-05,XGBoost,1,2017
2017-07-05,2017,7,19.154,19.432,19.282283590078354,2017-07-06,XGBoost,1,2017
2017-07-06,2017,7,19.432,19.73,19.569670084834097,2017-07-07,XGBoost,1,2017
2017-07-07,2017,7,19.73,19.85,19.85741993367672,2017-07-08,XGBoost,1,2017
2017-07-08,2017,7,19.85,19.86,19.86151906233281,2017-07-09,XGBoost,1,2017
2017-07-09,2017,7,19.86,19.87,19.81766507461667,2017-07-10,XGBoost,1,2017
2017-07-10,2017,7,19.87,20.166,19.832186496704818,2017-07-11,XGBoost,1,2017
2017-07-11,2017,7,20.166,20.294,20.348087302207947,2017-07-12,XGBoost,1,2017
2017-07-12,2017,7,20.294,20.34,20.304011952370406,2017-07-13,XGBoost,1,2017
2017-07-13,2017,7,20.34,20.368,20.295381210893392,2017-07-14,XGBoost,1,2017
2017-07-14,2017,7,20.368,20.264,20.340057376056908,2017-07-15,XGBoost,1,2017
2017-07-15,2017,7,20.264,20.05,20.06420895600319,2017-07-16,XGBoost,1,2017
2017-07-16,2017,7,20.05,19.724,19.83798770904541,2017-07-17,XGBoost,1,2017
2017-07-17,2017,7,19.724,19.482,19.49875167810917,2017-07-18,XGBoost,1,2017
2017-07-18,2017,7,19.482,19.216,19.279440007328986,2017-07-19,XGBoost,1,2017
2017-07-19,2017,7,19.216,19.062,19.04749166405201,2017-07-20,XGBoost,1,2017
2017-07-20,2017,7,19.062,18.93,18.968155690550805,2017-07-21,XGBoost,1,2017
2017-07-21,2017,7,18.93,18.762,18.83751203894615,2017-07-22,XGBoost,1,2017
2017-07-22,2017,7,18.762,18.694,18.643177127361298,2017-07-23,XGBoost,1,2017
2017-07-23,2017,7,18.694,18.67,18.64058861681819,2017-07-24,XGBoost,1,2017
2017-07-24,2017,7,18.67,18.674,18.667383949579673,2017-07-25,XGBoost,1,2017
2017-07-25,2017,7,18.674,18.618,18.68225150962919,2017-07-26,XGBoost,1,2017
2017-07-26,2017,7,18.618,18.554,18.569197411864995,2017-07-27,XGBoost,1,2017
2017-07-27,2017,7,18.554,18.46,18.50958800175786,2017-07-28,XGBoost,1,2017
2017-07-28,2017,7,18.46,18.392,18.392496026158334,2017-07-29,XGBoost,1,2017
2017-07-29,2017,7,18.392,18.414,18.34009851422906,2017-07-30,XGBoost,1,2017
2017-07-30,2017,7,18.414,18.434,18.45212434524298,2017-07-31,XGBoost,1,2017
2017-07-31,2017,7,18.434,18.508,18.469721614956857,2017-08-01,XGBoost,1,2017
2017-08-01,2017,8,18.508,18.472,18.625930009961127,2017-08-02,XGBoost,1,2017
2017-08-02,2017,8,18.472,18.46,18.42915669542551,2017-08-03,XGBoost,1,2017
2017-08-03,2017,8,18.46,18.472,18.448877203315497,2017-08-04,XGBoost,1,2017
2017-08-04,2017,8,18.472,18.59,18.497326285511257,2017-08-05,XGBoost,1,2017
2017-08-05,2017,8,18.59,18.624,18.707967568337917,2017-08-06,XGBoost,1,2017
2017-08-06,2017,8,18.624,18.56,18.643287474453448,2017-08-07,XGBoost,1,2017
2017-08-07,2017,8,18.56,18.526,18.487240021526812,2017-08-08,XGBoost,1,2017
2017-08-08,2017,8,18.526,18.542,18.508135085389018,2017-08-09,XGBoost,1,2017
2017-08-09,2017,8,18.542,18.696,18.577545218735935,2017-08-10,XGBoost,1,2017
2017-08-10,2017,8,18.696,18.986,18.83880252158642,2017-08-11,XGBoost,1,2017
2017-08-11,2017,8,18.986,19.608,19.15296271300316,2017-08-12,XGBoost,1,2017
2017-08-12,2017,8,19.608,20.202,19.954004396677018,2017-08-13,XGBoost,1,2017
2017-08-13,2017,8,20.202,20.728,20.49676219415665,2017-08-14,XGBoost,1,2017
2017-08-14,2017,8,20.728,20.826,20.97533251333237,2017-08-15,XGBoost,1,2017
2017-08-15,2017,8,20.826,20.83,20.790408323168755,2017-08-16,XGBoost,1,2017
2017-08-16,2017,8,20.83,20.698,20.75508656531572,2017-08-17,XGBoost,1,2017
2017-08-17,2017,8,20.698,20.476,20.431112752437592,2017-08-18,XGBoost,1,2017
2017-08-18,2017,8,20.476,20.24,20.177722383499145,2017-08-19,XGBoost,1,2017
2017-08-19,2017,8,20.24,20.048,19.932585349082945,2017-08-20,XGBoost,1,2017
2017-08-20,2017,8,20.048,19.88,19.799236796379088,2017-08-21,XGBoost,1,2017
2017-08-21,2017,8,19.88,19.73,19.72105348587036,2017-08-22,XGBoost,1,2017
2017-08-22,2017,8,19.73,19.53,19.584247376322747,2017-08-23,XGBoost,1,2017
2017-08-23,2017,8,19.53,19.436,19.34746231019497,2017-08-24,XGBoost,1,2017
2017-08-24,2017,8,19.436,19.304,19.32565042680502,2017-08-25,XGBoost,1,2017
2017-08-25,2017,8,19.304,19.136,19.17894921684265,2017-08-26,XGBoost,1,2017
2017-08-26,2017,8,19.136,18.998,18.989923812508582,2017-08-27,XGBoost,1,2017
2017-08-27,2017,8,18.998,18.972,18.87807463514805,2017-08-28,XGBoost,1,2017
2017-08-28,2017,8,18.972,18.826,18.961138217642905,2017-08-29,XGBoost,1,2017
2017-08-29,2017,8,18.826,18.72,18.701260047614575,2017-08-30,XGBoost,1,2017
2017-08-30,2017,8,18.72,18.568,18.64457091808319,2017-08-31,XGBoost,1,2017
2017-08-31,2017,8,18.568,18.472,18.443260047614576,2017-09-01,XGBoost,1,2017
2017-09-01,2017,9,18.472,18.544,18.39851315778494,2017-09-02,XGBoost,1,2017
2017-09-02,2017,9,18.544,18.576,18.65626446926594,2017-09-03,XGBoost,1,2017
2017-09-03,2017,9,18.576,18.566,18.606176537111402,2017-09-04,XGBoost,1,2017
2017-09-04,2017,9,18.566,18.58,18.54842962360382,2017-09-05,XGBoost,1,2017
2017-09-05,2017,9,18.58,18.6,18.60729864604771,2017-09-06,XGBoost,1,2017
2017-09-06,2017,9,18.6,18.65,18.630672635883094,2017-09-07,XGBoost,1,2017
2017-09-07,2017,9,18.65,18.76,18.700049524754284,2017-09-08,XGBoost,1,2017
2017-09-08,2017,9,18.76,18.892,18.866039077043535,2017-09-09,XGBoost,1,2017
2017-09-09,2017,9,18.892,19.076,18.991039435386657,2017-09-10,XGBoost,1,2017
2017-09-10,2017,9,19.076,19.334,19.204197237849236,2017-09-11,XGBoost,1,2017
2017-09-11,2017,9,19.334,19.378,19.48439776265621,2017-09-12,XGBoost,1,2017
2017-09-12,2017,9,19.378,19.256,19.381146373899654,2017-09-13,XGBoost,1,2017
2017-09-13,2017,9,19.256,19.132,19.11687879538536,2017-09-14,XGBoost,1,2017
2017-09-14,2017,9,19.132,19.008,19.030516289889814,2017-09-15,XGBoost,1,2017
2017-09-15,2017,9,19.008,18.912,18.906989401757716,2017-09-16,XGBoost,1,2017
2017-09-16,2017,9,18.912,18.732,18.83247618329525,2017-09-17,XGBoost,1,2017
2017-09-17,2017,9,18.732,18.53,18.55798477602005,2017-09-18,XGBoost,1,2017
2017-09-18,2017,9,18.53,18.356,18.353932349681855,2017-09-19,XGBoost,1,2017
2017-09-19,2017,9,18.356,18.25,18.186455094575884,2017-09-20,XGBoost,1,2017
2017-09-20,2017,9,18.25,18.158,18.1857728138566,2017-09-21,XGBoost,1,2017
2017-09-21,2017,9,18.158,18.064,18.082076564610006,2017-09-22,XGBoost,1,2017
2017-09-22,2017,9,18.064,18.072,17.990801934838295,2017-09-23,XGBoost,1,2017
2017-09-23,2017,9,18.072,17.942,18.218919459104537,2017-09-24,XGBoost,1,2017
2017-09-24,2017,9,17.942,17.866,17.83913940769434,2017-09-25,XGBoost,1,2017
2017-09-25,2017,9,17.866,17.85,17.815600242078304,2017-09-26,XGBoost,1,2017
2017-09-26,2017,9,17.85,17.95,17.926423458755018,2017-09-27,XGBoost,1,2017
2017-09-27,2017,9,17.95,18.042,17.99316022619605,2017-09-28,XGBoost,1,2017
2017-09-28,2017,9,18.042,18.05,18.092528131425382,2017-09-29,XGBoost,1,2017
2017-09-29,2017,9,18.05,18.116,18.034386674128474,2017-09-30,XGBoost,1,2017
2017-09-30,2017,9,18.116,18.238,18.161583471655845,2017-10-01,XGBoost,1,2017
2017-10-01,2017,10,18.238,18.502,18.29433023381233,2017-10-02,XGBoost,1,2017
2017-10-02,2017,10,18.502,18.55,18.75838088583946,2017-10-03,XGBoost,1,2017
2017-10-03,2017,10,18.55,18.396,18.542497141007335,2017-10-04,XGBoost,1,2017
2017-10-04,2017,10,18.396,18.226,18.2251352391243,2017-10-05,XGBoost,1,2017
2017-10-05,2017,10,18.226,18.126,18.06802191233635,2017-10-06,XGBoost,1,2017
2017-10-06,2017,10,18.126,18.162,18.031078627169133,2017-10-07,XGBoost,1,2017
2017-10-07,2017,10,18.162,18.246,18.306228741526603,2017-10-08,XGBoost,1,2017
2017-10-08,2017,10,18.246,18.308,18.278596059143542,2017-10-09,XGBoost,1,2017
2017-10-09,2017,10,18.308,18.284,18.34725861045718,2017-10-10,XGBoost,1,2017
2017-10-10,2017,10,18.284,18.066,18.21757805162668,2017-10-11,XGBoost,1,2017
2017-10-11,2017,10,18.066,17.778,17.916974962115287,2017-10-12,XGBoost,1,2017
2017-10-12,2017,10,17.778,17.504,17.58132650244236,2017-10-13,XGBoost,1,2017
2017-10-13,2017,10,17.504,17.326,17.303911364912988,2017-10-14,XGBoost,1,2017
2017-10-14,2017,10,17.326,17.092,17.17319142317772,2017-10-15,XGBoost,1,2017
2017-10-15,2017,10,17.092,17.036,16.908040471196173,2017-10-16,XGBoost,1,2017
2017-10-16,2017,10,17.036,16.998,16.982769900619985,2017-10-17,XGBoost,1,2017
2017-10-17,2017,10,16.998,16.932,16.983573693178595,2017-10-18,XGBoost,1,2017
2017-10-18,2017,10,16.932,16.896,16.86498017978668,2017-10-19,XGBoost,1,2017
2017-10-19,2017,10,16.896,16.892,16.83606760418415,2017-10-20,XGBoost,1,2017
2017-10-20,2017,10,16.892,17.158,16.85240004491806,2017-10-21,XGBoost,1,2017
2017-10-21,2017,10,17.158,17.352,17.39590302872658,2017-10-22,XGBoost,1,2017
2017-10-22,2017,10,17.352,17.182,17.355140452317894,2017-10-23,XGBoost,1,2017
2017-10-23,2017,10,17.182,16.96,16.98291831088066,2017-10-24,XGBoost,1,2017
2017-10-24,2017,10,16.96,16.774,16.767868152856828,2017-10-25,XGBoost,1,2017
2017-10-25,2017,10,16.774,16.676,16.613308246970178,2017-10-26,XGBoost,1,2017
2017-10-26,2017,10,16.676,16.664,16.590829678833483,2017-10-27,XGBoost,1,2017
2017-10-27,2017,10,16.664,16.688,16.6327988627702,2017-10-28,XGBoost,1,2017
2017-10-28,2017,10,16.688,16.834,16.671448214828967,2017-10-29,XGBoost,1,2017
2017-10-29,2017,10,16.834,16.932,16.885400776952505,2017-10-30,XGBoost,1,2017
2017-10-30,2017,10,16.932,16.996,16.967677555948494,2017-10-31,XGBoost,1,2017
2017-10-31,2017,10,16.996,16.838,17.008065198272465,2017-11-01,XGBoost,1,2017
2017-11-01,2017,11,16.838,16.544,16.6948344861269,2017-11-02,XGBoost,1,2017
2017-11-02,2017,11,16.544,16.29,16.324938491225243,2017-11-03,XGBoost,1,2017
2017-11-03,2017,11,16.29,16.114,16.074798115491866,2017-11-04,XGBoost,1,2017
2017-11-04,2017,11,16.114,15.952,15.958332024455071,2017-11-05,XGBoost,1,2017
2017-11-05,2017,11,15.952,15.828,15.800711609840393,2017-11-06,XGBoost,1,2017
2017-11-06,2017,11,15.828,15.698,15.7329122184515,2017-11-07,XGBoost,1,2017
2017-11-07,2017,11,15.698,15.656,15.590117753624916,2017-11-08,XGBoost,1,2017
2017-11-08,2017,11,15.656,15.432,15.6356809758991,2017-11-09,XGBoost,1,2017
2017-11-09,2017,11,15.432,15.32,15.290586892485619,2017-11-10,XGBoost,1,2017
2017-11-10,2017,11,15.32,15.274,15.23741656512022,2017-11-11,XGBoost,1,2017
2017-11-11,2017,11,15.274,15.268,15.22487881013751,2017-11-12,XGBoost,1,2017
2017-11-12,2017,11,15.268,15.216,15.250386197894812,2017-11-13,XGBoost,1,2017
2017-11-13,2017,11,15.216,15.152,15.166487781316041,2017-11-14,XGBoost,1,2017
2017-11-14,2017,11,15.152,15.058,15.101477087706327,2017-11-15,XGBoost,1,2017
2017-11-15,2017,11,15.058,15.004,14.984546201109886,2017-11-16,XGBoost,1,2017
2017-11-16,2017,11,15.004,14.92,14.953575092643499,2017-11-17,XGBoost,1,2017
2017-11-17,2017,11,14.92,14.872,14.859088251441717,2017-11-18,XGBoost,1,2017
2017-11-18,2017,11,14.872,14.79,14.82287881013751,2017-11-19,XGBoost,1,2017
2017-11-19,2017,11,14.79,14.736,14.730762877464294,2017-11-20,XGBoost,1,2017
2017-11-20,2017,11,14.736,14.694,14.685975069612265,2017-11-21,XGBoost,1,2017
2017-11-21,2017,11,14.694,14.616,14.652969447761775,2017-11-22,XGBoost,1,2017
2017-11-22,2017,11,14.616,14.51,14.556762877464294,2017-11-23,XGBoost,1,2017
2017-11-23,2017,11,14.51,14.412,14.437737578749656,2017-11-24,XGBoost,1,2017
2017-11-24,2017,11,14.412,14.398,14.339737578749657,2017-11-25,XGBoost,1,2017
2017-11-25,2017,11,14.398,14.324,14.386714678213,2017-11-26,XGBoost,1,2017
2017-11-26,2017,11,14.324,14.27,14.2658781735003,2017-11-27,XGBoost,1,2017
2017-11-27,2017,11,14.27,14.27,14.22076646655798,2017-11-28,XGBoost,1,2017
2017-11-28,2017,11,14.27,14.26,14.2643992421031,2017-11-29,XGBoost,1,2017
2017-11-29,2017,11,14.26,14.226,14.242289116829633,2017-11-30,XGBoost,1,2017
2017-11-30,2017,11,14.226,14.186,14.192861926019193,2017-12-01,XGBoost,1,2017
2017-12-01,2017,12,14.186,14.164,14.146429467260837,2017-12-02,XGBoost,1,2017
2017-12-02,2017,12,14.164,14.126,14.13980492682755,2017-12-03,XGBoost,1,2017
2017-12-03,2017,12,14.126,14.104,14.092861926019191,2017-12-04,XGBoost,1,2017
2017-12-04,2017,12,14.104,14.09,14.07980492682755,2017-12-05,XGBoost,1,2017
2017-12-05,2017,12,14.09,14.08,14.066192735135555,2017-12-06,XGBoost,1,2017
2017-12-06,2017,12,14.08,14.07,14.0634065400064,2017-12-07,XGBoost,1,2017
2017-12-07,2017,12,14.07,14.05,14.0534065400064,2017-12-08,XGBoost,1,2017
2017-12-08,2017,12,14.05,14.014,14.026084616035224,2017-12-09,XGBoost,1,2017
2017-12-09,2017,12,14.014,13.96,13.983217251986265,2017-12-10,XGBoost,1,2017
2017-12-10,2017,12,13.96,13.95,13.914034477472306,2017-12-11,XGBoost,1,2017
2017-12-11,2017,12,13.95,13.922,13.940638864226639,2017-12-12,XGBoost,1,2017
2017-12-12,2017,12,13.922,13.876,13.892998646691442,2017-12-13,XGBoost,1,2017
2017-12-13,2017,12,13.876,13.844,13.832637315452098,2017-12-14,XGBoost,1,2017
2017-12-14,2017,12,13.844,13.81,13.813624591991305,2017-12-15,XGBoost,1,2017
2017-12-15,2017,12,13.81,13.79,13.779624591991306,2017-12-16,XGBoost,1,2017
2017-12-16,2017,12,13.79,13.764,13.766600075140595,2017-12-17,XGBoost,1,2017
2017-12-17,2017,12,13.764,13.732,13.74037578845024,2017-12-18,XGBoost,1,2017
2017-12-18,2017,12,13.732,13.72,13.701624591991305,2017-12-19,XGBoost,1,2017
2017-12-19,2017,12,13.72,13.71,13.696600075140596,2017-12-20,XGBoost,1,2017
2017-12-20,2017,12,13.71,13.684,13.695018537379802,2017-12-21,XGBoost,1,2017
2017-12-21,2017,12,13.684,13.65,13.661987783029675,2017-12-22,XGBoost,1,2017
2017-12-22,2017,12,13.65,13.62,13.62123658657074,2017-12-23,XGBoost,1,2017
2017-12-23,2017,12,13.62,13.61,13.59261064313352,2017-12-24,XGBoost,1,2017
2017-12-24,2017,12,13.61,13.59,13.5950185373798,2017-12-25,XGBoost,1,2017
2017-12-25,2017,12,13.59,13.554,13.568846164420247,2017-12-26,XGBoost,1,2017
2017-12-26,2017,12,13.554,13.52,13.525870683133602,2017-12-27,XGBoost,1,2017
2017-12-27,2017,12,13.52,13.504,13.496129040122032,2017-12-28,XGBoost,1,2017
2017-12-28,2017,12,13.504,13.464,13.484279471725225,2017-12-29,XGBoost,1,2017
2017-12-29,2017,12,13.464,13.45,13.438412005394698,2017-12-30,XGBoost,1,2017
2017-12-30,2017,12,13.45,13.42,13.430279471725225,2017-12-31,XGBoost,1,2017
2017-12-31,2017,12,13.42,13.394,13.397188266813755,2018-01-01,XGBoost,1,2017
2018-01-01,2018,1,13.394,13.36,13.371678686380386,2018-01-02,XGBoost,1,2018
2018-01-02,2018,1,13.36,13.34,13.333839089274406,2018-01-03,XGBoost,1,2018
2018-01-03,2018,1,13.34,13.316,13.321216792017221,2018-01-04,XGBoost,1,2018
2018-01-04,2018,1,13.316,13.286,13.293678686380387,2018-01-05,XGBoost,1,2018
2018-01-05,2018,1,13.286,13.26,13.261798230618238,2018-01-06,XGBoost,1,2018
2018-01-06,2018,1,13.26,13.234,13.23854994982481,2018-01-07,XGBoost,1,2018
2018-01-07,2018,1,13.234,13.21,13.21254994982481,2018-01-08,XGBoost,1,2018
2018-01-08,2018,1,13.21,13.186,13.189413252323867,2018-01-09,XGBoost,1,2018
2018-01-09,2018,1,13.186,13.154,13.165413252323866,2018-01-10,XGBoost,1,2018
2018-01-10,2018,1,13.154,13.13,13.129573651492596,2018-01-11,XGBoost,1,2018
2018-01-11,2018,1,13.13,13.13,13.109413252323867,2018-01-12,XGBoost,1,2018
2018-01-12,2018,1,13.13,13.12,13.12797719437629,2018-01-13,XGBoost,1,2018
2018-01-13,2018,1,13.12,13.094,13.108253565505146,2018-01-14,XGBoost,1,2018
2018-01-14,2018,1,13.094,13.066,13.073413252323865,2018-01-15,XGBoost,1,2018
2018-01-15,2018,1,13.066,13.06,13.043314230054618,2018-01-16,XGBoost,1,2018
2018-01-16,2018,1,13.06,13.05,13.048253565505147,2018-01-17,XGBoost,1,2018
2018-01-17,2018,1,13.05,13.03,13.038253565505148,2018-01-18,XGBoost,1,2018
2018-01-18,2018,1,13.03,13.03,13.01295136168599,2018-01-19,XGBoost,1,2018
2018-01-19,2018,1,13.03,13.02,13.02797719437629,2018-01-20,XGBoost,1,2018
2018-01-20,2018,1,13.02,12.986,13.008253565505147,2018-01-21,XGBoost,1,2018
2018-01-21,2018,1,12.986,12.938,12.961573651492596,2018-01-22,XGBoost,1,2018
2018-01-22,2018,1,12.938,12.92,12.90935328501463,2018-01-23,XGBoost,1,2018
2018-01-23,2018,1,12.92,12.92,12.902951361685991,2018-01-24,XGBoost,1,2018
2018-01-24,2018,1,12.92,12.91,12.91797719437629,2018-01-25,XGBoost,1,2018
2018-01-25,2018,1,12.91,12.9,12.898253565505147,2018-01-26,XGBoost,1,2018
2018-01-26,2018,1,12.9,12.88,12.888253565505147,2018-01-27,XGBoost,1,2018
2018-01-27,2018,1,12.88,12.866,12.862951361685992,2018-01-28,XGBoost,1,2018
2018-01-28,2018,1,12.866,12.84,12.850211469069123,2018-01-29,XGBoost,1,2018
2018-01-29,2018,1,12.84,12.82,12.819413252323866,2018-01-30,XGBoost,1,2018
2018-01-30,2018,1,12.82,12.81,12.802951361685992,2018-01-31,XGBoost,1,2018
2018-01-31,2018,1,12.81,12.8,12.798253565505147,2018-02-01,XGBoost,1,2018
2018-02-01,2018,2,12.8,12.79,12.788253565505148,2018-02-02,XGBoost,1,2018
2018-02-02,2018,2,12.79,12.79,12.778253565505146,2018-02-03,XGBoost,1,2018
2018-02-03,2018,2,12.79,12.78,12.787977194376289,2018-02-04,XGBoost,1,2018
2018-02-04,2018,2,12.78,12.78,12.768253565505146,2018-02-05,XGBoost,1,2018
2018-02-05,2018,2,12.78,12.77,12.77797719437629,2018-02-06,XGBoost,1,2018
2018-02-06,2018,2,12.77,12.75,12.758253565505147,2018-02-07,XGBoost,1,2018
2018-02-07,2018,2,12.75,12.73,12.732951361685991,2018-02-08,XGBoost,1,2018
2018-02-08,2018,2,12.73,12.71,12.712951361685992,2018-02-09,XGBoost,1,2018
2018-02-09,2018,2,12.71,12.7,12.692951361685992,2018-02-10,XGBoost,1,2018
2018-02-10,2018,2,12.7,12.69,12.688253565505146,2018-02-11,XGBoost,1,2018
2018-02-11,2018,2,12.69,12.69,12.678253565505146,2018-02-12,XGBoost,1,2018
2018-02-12,2018,2,12.69,12.68,12.68797719437629,2018-02-13,XGBoost,1,2018
2018-02-13,2018,2,12.68,12.68,12.668253565505147,2018-02-14,XGBoost,1,2018
2018-02-14,2018,2,12.68,12.668,12.67797719437629,2018-02-15,XGBoost,1,2018
2018-02-15,2018,2,12.668,12.57,12.653490447841584,2018-02-16,XGBoost,1,2018
2018-02-16,2018,2,12.57,12.48,12.511191043704748,2018-02-17,XGBoost,1,2018
2018-02-17,2018,2,12.48,12.4,12.430756829231978,2018-02-18,XGBoost,1,2018
2018-02-18,2018,2,12.4,12.434,12.364365269988776,2018-02-19,XGBoost,1,2018
2018-02-19,2018,2,12.434,12.44,12.46562632137537,2018-02-20,XGBoost,1,2018
2018-02-20,2018,2,12.44,12.42,12.451284604668617,2018-02-21,XGBoost,1,2018
2018-02-21,2018,2,12.42,12.398,12.403388658612966,2018-02-22,XGBoost,1,2018
2018-02-22,2018,2,12.398,12.354,12.380167650014162,2018-02-23,XGBoost,1,2018
2018-02-23,2018,2,12.354,12.34,12.329086338818072,2018-02-24,XGBoost,1,2018
2018-02-24,2018,2,12.34,12.34,12.326771968193352,2018-02-25,XGBoost,1,2018
2018-02-25,2018,2,12.34,12.34,12.340537694781087,2018-02-26,XGBoost,1,2018
2018-02-26,2018,2,12.34,12.36,12.341331920153461,2018-02-27,XGBoost,1,2018
2018-02-27,2018,2,12.36,12.38,12.385746269151568,2018-02-28,XGBoost,1,2018
2018-02-28,2018,2,12.38,12.38,12.40574626915157,2018-03-01,XGBoost,1,2018
2018-03-01,2018,3,12.38,12.38,12.381836556126364,2018-03-02,XGBoost,1,2018
2018-03-02,2018,3,12.38,12.37,12.381836556126364,2018-03-03,XGBoost,1,2018
2018-03-03,2018,3,12.37,12.35,12.363505920749157,2018-03-04,XGBoost,1,2018
2018-03-04,2018,3,12.35,12.35,12.337347796559333,2018-03-05,XGBoost,1,2018
2018-03-05,2018,3,12.35,12.35,12.353229549154639,2018-03-06,XGBoost,1,2018
2018-03-06,2018,3,12.35,12.36,12.353229549154639,2018-03-07,XGBoost,1,2018
2018-03-07,2018,3,12.36,12.372,12.376536958515644,2018-03-08,XGBoost,1,2018
2018-03-08,2018,3,12.372,12.406,12.388536958515644,2018-03-09,XGBoost,1,2018
2018-03-09,2018,3,12.406,12.41,12.441153605043889,2018-03-10,XGBoost,1,2018
2018-03-10,2018,3,12.41,12.446,12.428567353487015,2018-03-11,XGBoost,1,2018
2018-03-11,2018,3,12.446,12.474,12.48270197725296,2018-03-12,XGBoost,1,2018
2018-03-12,2018,3,12.474,12.626,12.508455921500921,2018-03-13,XGBoost,1,2018
2018-03-13,2018,3,12.626,12.664,12.738588763236999,2018-03-14,XGBoost,1,2018
2018-03-14,2018,3,12.664,12.708,12.66552725726366,2018-03-15,XGBoost,1,2018
2018-03-15,2018,3,12.708,12.734,12.717442330338061,2018-03-16,XGBoost,1,2018
2018-03-16,2018,3,12.734,12.738,12.768402001649141,2018-03-17,XGBoost,1,2018
2018-03-17,2018,3,12.738,12.686,12.754338234767317,2018-03-18,XGBoost,1,2018
2018-03-18,2018,3,12.686,12.608,12.65794572351873,2018-03-19,XGBoost,1,2018
2018-03-19,2018,3,12.608,12.518,12.573930797159672,2018-03-20,XGBoost,1,2018
2018-03-20,2018,3,12.518,12.484,12.468072646141053,2018-03-21,XGBoost,1,2018
2018-03-21,2018,3,12.484,12.444,12.46328462550044,2018-03-22,XGBoost,1,2018
2018-03-22,2018,3,12.444,12.442,12.42015502215922,2018-03-23,XGBoost,1,2018
2018-03-23,2018,3,12.442,12.478,12.435399372790009,2018-03-24,XGBoost,1,2018
2018-03-24,2018,3,12.478,12.534,12.513700973123312,2018-03-25,XGBoost,1,2018
2018-03-25,2018,3,12.534,12.63,12.59274576047063,2018-03-26,XGBoost,1,2018
2018-03-26,2018,3,12.63,12.738,12.707543117105962,2018-03-27,XGBoost,1,2018
2018-03-27,2018,3,12.738,12.76,12.82340017157793,2018-03-28,XGBoost,1,2018
2018-03-28,2018,3,12.76,12.73,12.768164637722075,2018-03-29,XGBoost,1,2018
2018-03-29,2018,3,12.73,12.734,12.706245222613216,2018-03-30,XGBoost,1,2018
2018-03-30,2018,3,12.734,12.826,12.755031701937318,2018-03-31,XGBoost,1,2018
2018-03-31,2018,3,12.826,12.95,12.97392723953724,2018-04-01,XGBoost,1,2018
2018-04-01,2018,4,12.95,13.082,13.054582384228706,2018-04-02,XGBoost,1,2018
2018-04-02,2018,4,13.082,13.124,13.179672253847123,2018-04-03,XGBoost,1,2018
2018-04-03,2018,4,13.124,13.13,13.12449679906806,2018-04-04,XGBoost,1,2018
2018-04-04,2018,4,13.13,13.13,13.133116168780253,2018-04-05,XGBoost,1,2018
2018-04-05,2018,4,13.13,13.11,13.13846808962524,2018-04-06,XGBoost,1,2018
2018-04-06,2018,4,13.11,13.084,13.137959287166595,2018-04-07,XGBoost,1,2018
2018-04-07,2018,4,13.084,13.07,13.108421183392405,2018-04-08,XGBoost,1,2018
2018-04-08,2018,4,13.07,13.07,13.09949808165431,2018-04-09,XGBoost,1,2018
2018-04-09,2018,4,13.07,13.08,13.111233405470848,2018-04-10,XGBoost,1,2018
2018-04-10,2018,4,13.08,13.068,13.134540812969208,2018-04-11,XGBoost,1,2018
2018-04-11,2018,4,13.068,13.06,13.096746662661433,2018-04-12,XGBoost,1,2018
2018-04-12,2018,4,13.06,13.088,13.091509783118964,2018-04-13,XGBoost,1,2018
2018-04-13,2018,4,13.088,13.18,13.158412196218967,2018-04-14,XGBoost,1,2018
2018-04-14,2018,4,13.18,13.328,13.340604566335678,2018-04-15,XGBoost,1,2018
2018-04-15,2018,4,13.328,13.422,13.57400252509117,2018-04-16,XGBoost,1,2018
2018-04-16,2018,4,13.422,13.462,13.577374974012375,2018-04-17,XGBoost,1,2018
2018-04-17,2018,4,13.462,13.508,13.517631205439567,2018-04-18,XGBoost,1,2018
2018-04-18,2018,4,13.508,13.58,13.536487918898462,2018-04-19,XGBoost,1,2018
2018-04-19,2018,4,13.58,13.838,13.64818400323391,2018-04-20,XGBoost,1,2018
2018-04-20,2018,4,13.838,14.13,14.113604546070098,2018-04-21,XGBoost,1,2018
2018-04-21,2018,4,14.13,14.334,14.388166521787644,2018-04-22,XGBoost,1,2018
2018-04-22,2018,4,14.334,14.368,14.435797387003898,2018-04-23,XGBoost,1,2018
2018-04-23,2018,4,14.368,14.254,14.34371786120534,2018-04-24,XGBoost,1,2018
2018-04-24,2018,4,14.254,14.12,14.198154601544141,2018-04-25,XGBoost,1,2018
2018-04-25,2018,4,14.12,14.052,14.035176101028918,2018-04-26,XGBoost,1,2018
2018-04-26,2018,4,14.052,14.024,14.035405457809567,2018-04-27,XGBoost,1,2018
2018-04-27,2018,4,14.024,14.032,14.040206437721848,2018-04-28,XGBoost,1,2018
2018-04-28,2018,4,14.032,14.128,14.054819112986326,2018-04-29,XGBoost,1,2018
2018-04-29,2018,4,14.128,14.306,14.269206324100494,2018-04-30,XGBoost,1,2018
2018-04-30,2018,4,14.306,14.402,14.486720090866088,2018-05-01,XGBoost,1,2018
2018-05-01,2018,5,14.402,14.43,14.494360250651836,2018-05-02,XGBoost,1,2018
2018-05-02,2018,5,14.43,14.434,14.444879001304507,2018-05-03,XGBoost,1,2018
2018-05-03,2018,5,14.434,14.296,14.454840179175138,2018-05-04,XGBoost,1,2018
2018-05-04,2018,5,14.296,14.228,14.209692601025104,2018-05-05,XGBoost,1,2018
2018-05-05,2018,5,14.228,14.152,14.2058763204813,2018-05-06,XGBoost,1,2018
2018-05-06,2018,5,14.152,14.14,14.130336488828062,2018-05-07,XGBoost,1,2018
2018-05-07,2018,5,14.14,14.13,14.146476688664407,2018-05-08,XGBoost,1,2018
2018-05-08,2018,5,14.13,14.166,14.135171302706004,2018-05-09,XGBoost,1,2018
2018-05-09,2018,5,14.166,14.218,14.212604983508587,2018-05-10,XGBoost,1,2018
2018-05-10,2018,5,14.218,14.42,14.28519284504652,2018-05-11,XGBoost,1,2018
2018-05-11,2018,5,14.42,14.546,14.616844473481178,2018-05-12,XGBoost,1,2018
2018-05-12,2018,5,14.546,14.56,14.6065287887156,2018-05-13,XGBoost,1,2018
2018-05-13,2018,5,14.56,14.57,14.57050906162709,2018-05-14,XGBoost,1,2018
2018-05-14,2018,5,14.57,14.588,14.593013908416033,2018-05-15,XGBoost,1,2018
2018-05-15,2018,5,14.588,14.712,14.640815947681665,2018-05-16,XGBoost,1,2018
2018-05-16,2018,5,14.712,14.972,14.832735421776771,2018-05-17,XGBoost,1,2018
2018-05-17,2018,5,14.972,15.076,15.294462826967239,2018-05-18,XGBoost,1,2018
2018-05-18,2018,5,15.076,14.988,15.144741634488106,2018-05-19,XGBoost,1,2018
2018-05-19,2018,5,14.988,14.832,14.925133431434631,2018-05-20,XGBoost,1,2018
2018-05-20,2018,5,14.832,14.72,14.76017433923483,2018-05-21,XGBoost,1,2018
2018-05-21,2018,5,14.72,14.664,14.695824844092131,2018-05-22,XGBoost,1,2018
2018-05-22,2018,5,14.664,14.632,14.65704216960445,2018-05-23,XGBoost,1,2018
2018-05-23,2018,5,14.632,14.572,14.628958440402522,2018-05-24,XGBoost,1,2018
2018-05-24,2018,5,14.572,14.564,14.559174969166516,2018-05-25,XGBoost,1,2018
2018-05-25,2018,5,14.564,14.868,14.572697376586497,2018-05-26,XGBoost,1,2018
2018-05-26,2018,5,14.868,15.12,15.35507515001297,2018-05-27,XGBoost,1,2018
2018-05-27,2018,5,15.12,15.4,15.520144279003143,2018-05-28,XGBoost,1,2018
2018-05-28,2018,5,15.4,15.656,15.729441338777542,2018-05-29,XGBoost,1,2018
2018-05-29,2018,5,15.656,16.088,15.87366994893551,2018-05-30,XGBoost,1,2018
2018-05-30,2018,5,16.088,16.376,16.412477165937425,2018-05-31,XGBoost,1,2018
2018-05-31,2018,5,16.376,16.568,16.47185049748421,2018-06-01,XGBoost,1,2018
2018-06-01,2018,6,16.568,16.72,16.603526476800443,2018-06-02,XGBoost,1,2018
2018-06-02,2018,6,16.72,16.856,16.795454726815223,2018-06-03,XGBoost,1,2018
2018-06-03,2018,6,16.856,16.764,16.88951352363825,2018-06-04,XGBoost,1,2018
2018-06-04,2018,6,16.764,16.484,16.660722055971622,2018-06-05,XGBoost,1,2018
2018-06-05,2018,6,16.484,16.262,16.33373466396332,2018-06-06,XGBoost,1,2018
2018-06-06,2018,6,16.262,16.086,16.11762327504158,2018-06-07,XGBoost,1,2018
2018-06-07,2018,6,16.086,15.96,15.988155011892317,2018-06-08,XGBoost,1,2018
2018-06-08,2018,6,15.96,15.844,15.907073787450791,2018-06-09,XGBoost,1,2018
2018-06-09,2018,6,15.844,15.79,15.80578751438856,2018-06-10,XGBoost,1,2018
2018-06-10,2018,6,15.79,15.77,15.772448063790797,2018-06-11,XGBoost,1,2018
2018-06-11,2018,6,15.77,15.77,15.791285381168127,2018-06-12,XGBoost,1,2018
2018-06-12,2018,6,15.77,15.748,15.776314589641988,2018-06-13,XGBoost,1,2018
2018-06-13,2018,6,15.748,15.71,15.751351570805534,2018-06-14,XGBoost,1,2018
2018-06-14,2018,6,15.71,15.86,15.70288639286533,2018-06-15,XGBoost,1,2018
2018-06-15,2018,6,15.86,16.182,16.05055053591728,2018-06-16,XGBoost,1,2018
2018-06-16,2018,6,16.182,16.462,16.57699482512474,2018-06-17,XGBoost,1,2018
2018-06-17,2018,6,16.462,16.95,16.689534890174865,2018-06-18,XGBoost,1,2018
2018-06-18,2018,6,16.95,17.622,17.224313658475875,2018-06-19,XGBoost,1,2018
2018-06-19,2018,6,17.622,17.992,17.825506633639336,2018-06-20,XGBoost,1,2018
2018-06-20,2018,6,17.992,18.072,18.20037250351906,2018-06-21,XGBoost,1,2018
2018-06-21,2018,6,18.072,18.1,18.064682192474603,2018-06-22,XGBoost,1,2018
2018-06-22,2018,6,18.1,18.082,18.054571638256313,2018-06-23,XGBoost,1,2018
2018-06-23,2018,6,18.082,18.018,17.99512911361456,2018-06-24,XGBoost,1,2018
2018-06-24,2018,6,18.018,17.972,17.954031177639962,2018-06-25,XGBoost,1,2018
2018-06-25,2018,6,17.972,18.062,17.94399759632349,2018-06-26,XGBoost,1,2018
2018-06-26,2018,6,18.062,18.046,18.20415624332428,2018-06-27,XGBoost,1,2018
2018-06-27,2018,6,18.046,17.948,18.05839150110632,2018-06-28,XGBoost,1,2018
2018-06-28,2018,6,17.948,17.852,17.92716143015027,2018-06-29,XGBoost,1,2018
2018-06-29,2018,6,17.852,17.804,17.853617323141545,2018-06-30,XGBoost,1,2018
2018-06-30,2018,6,17.804,17.8,17.80678238696046,2018-07-01,XGBoost,1,2018
2018-07-01,2018,7,17.8,18.078,17.835053070634604,2018-07-02,XGBoost,1,2018
2018-07-02,2018,7,18.078,18.436,18.353424271821975,2018-07-03,XGBoost,1,2018
2018-07-03,2018,7,18.436,18.504,18.78945697402954,2018-07-04,XGBoost,1,2018
2018-07-04,2018,7,18.504,18.77,18.564276333242656,2018-07-05,XGBoost,1,2018
2018-07-05,2018,7,18.77,19.164,19.04135506272316,2018-07-06,XGBoost,1,2018
2018-07-06,2018,7,19.164,19.492,19.475625480651857,2018-07-07,XGBoost,1,2018
2018-07-07,2018,7,19.492,19.494,19.644995839715005,2018-07-08,XGBoost,1,2018
2018-07-08,2018,7,19.494,19.474,19.38949107849598,2018-07-09,XGBoost,1,2018
2018-07-09,2018,7,19.474,19.38,19.395518184244633,2018-07-10,XGBoost,1,2018
2018-07-10,2018,7,19.38,19.126,19.340548117756843,2018-07-11,XGBoost,1,2018
2018-07-11,2018,7,19.126,18.892,18.94606461918354,2018-07-12,XGBoost,1,2018
2018-07-12,2018,7,18.892,18.74,18.699956159114837,2018-07-13,XGBoost,1,2018
2018-07-13,2018,7,18.74,18.71,18.62853959739208,2018-07-14,XGBoost,1,2018
2018-07-14,2018,7,18.71,18.734,18.707882928466425,2018-07-15,XGBoost,1,2018
2018-07-15,2018,7,18.734,18.8,18.745126752942802,2018-07-16,XGBoost,1,2018
2018-07-16,2018,7,18.8,18.848,18.838197234272958,2018-07-17,XGBoost,1,2018
2018-07-17,2018,7,18.848,18.832,18.85852020303905,2018-07-18,XGBoost,1,2018
2018-07-18,2018,7,18.832,18.758,18.798294266283513,2018-07-19,XGBoost,1,2018
2018-07-19,2018,7,18.758,18.672,18.707969559907912,2018-07-20,XGBoost,1,2018
2018-07-20,2018,7,18.672,18.564,18.61299757447839,2018-07-21,XGBoost,1,2018
2018-07-21,2018,7,18.564,18.48,18.504448116511107,2018-07-22,XGBoost,1,2018
2018-07-22,2018,7,18.48,18.432,18.42298668205738,2018-07-23,XGBoost,1,2018
2018-07-23,2018,7,18.432,18.416,18.40205327604711,2018-07-24,XGBoost,1,2018
2018-07-24,2018,7,18.416,18.438,18.412452127117664,2018-07-25,XGBoost,1,2018
2018-07-25,2018,7,18.438,18.41,18.477062470197676,2018-07-26,XGBoost,1,2018
2018-07-26,2018,7,18.41,18.4,18.39341009579599,2018-07-27,XGBoost,1,2018
2018-07-27,2018,7,18.4,18.41,18.39410323007032,2018-07-28,XGBoost,1,2018
2018-07-28,2018,7,18.41,18.408,18.432577673196793,2018-07-29,XGBoost,1,2018
2018-07-29,2018,7,18.408,18.39,18.405349654790015,2018-07-30,XGBoost,1,2018
2018-07-30,2018,7,18.39,18.38,18.38219288583845,2018-07-31,XGBoost,1,2018
2018-07-31,2018,7,18.38,18.442,18.378135691857896,2018-08-01,XGBoost,1,2018
2018-08-01,2018,8,18.442,18.652,18.510313866853714,2018-08-02,XGBoost,1,2018
2018-08-02,2018,8,18.652,18.936,18.833807041168214,2018-08-03,XGBoost,1,2018
2018-08-03,2018,8,18.936,19.036,19.25197676873207,2018-08-04,XGBoost,1,2018
2018-08-04,2018,8,19.036,19.112,19.071960391163827,2018-08-05,XGBoost,1,2018
2018-08-05,2018,8,19.112,19.13,19.157321870595215,2018-08-06,XGBoost,1,2018
2018-08-06,2018,8,19.13,19.186,19.128456523171625,2018-08-07,XGBoost,1,2018
2018-08-07,2018,8,19.186,19.216,19.214238790109754,2018-08-08,XGBoost,1,2018
2018-08-08,2018,8,19.216,19.184,19.239995995521546,2018-08-09,XGBoost,1,2018
2018-08-09,2018,8,19.184,19.06,19.1399429474175,2018-08-10,XGBoost,1,2018
2018-08-10,2018,8,19.06,18.906,18.96837124735117,2018-08-11,XGBoost,1,2018
2018-08-11,2018,8,18.906,18.79,18.791373145341872,2018-08-12,XGBoost,1,2018
2018-08-12,2018,8,18.79,18.76,18.720744551122188,2018-08-13,XGBoost,1,2018
2018-08-13,2018,8,18.76,18.762,18.724313458651306,2018-08-14,XGBoost,1,2018
2018-08-14,2018,8,18.762,18.83,18.76562381944433,2018-08-15,XGBoost,1,2018
2018-08-15,2018,8,18.83,18.85,18.868537453860043,2018-08-16,XGBoost,1,2018
2018-08-16,2018,8,18.85,18.848,18.859914591908456,2018-08-17,XGBoost,1,2018
2018-08-17,2018,8,18.848,18.818,18.820959926351904,2018-08-18,XGBoost,1,2018
2018-08-18,2018,8,18.818,18.738,18.78603664788604,2018-08-19,XGBoost,1,2018
2018-08-19,2018,8,18.738,18.656,18.666176023066043,2018-08-20,XGBoost,1,2018
2018-08-20,2018,8,18.656,18.538,18.58494112318754,2018-08-21,XGBoost,1,2018
2018-08-21,2018,8,18.538,18.41,18.47015722590685,2018-08-22,XGBoost,1,2018
2018-08-22,2018,8,18.41,18.294,18.31468381345272,2018-08-23,XGBoost,1,2018
2018-08-23,2018,8,18.294,18.28,18.22180851572752,2018-08-24,XGBoost,1,2018
2018-08-24,2018,8,18.28,18.26,18.283991939593108,2018-08-25,XGBoost,1,2018
2018-08-25,2018,8,18.26,18.26,18.237799644693734,2018-08-26,XGBoost,1,2018
2018-08-26,2018,8,18.26,18.27,18.286179660111667,2018-08-27,XGBoost,1,2018
2018-08-27,2018,8,18.27,18.27,18.301436275690794,2018-08-28,XGBoost,1,2018
2018-08-28,2018,8,18.27,18.29,18.288128871917724,2018-08-29,XGBoost,1,2018
2018-08-29,2018,8,18.29,18.362,18.338878025263547,2018-08-30,XGBoost,1,2018
2018-08-30,2018,8,18.362,18.474,18.4458975161314,2018-08-31,XGBoost,1,2018
2018-08-31,2018,8,18.474,18.63,18.595850728988648,2018-09-01,XGBoost,1,2018
2018-09-01,2018,9,18.63,18.694,18.790560637712478,2018-09-02,XGBoost,1,2018
2018-09-02,2018,9,18.694,18.714,18.748351929575204,2018-09-03,XGBoost,1,2018
2018-09-03,2018,9,18.714,18.854,18.691950705215334,2018-09-04,XGBoost,1,2018
2018-09-04,2018,9,18.854,18.906,18.926190053761005,2018-09-05,XGBoost,1,2018
2018-09-05,2018,9,18.906,18.866,18.917539506725966,2018-09-06,XGBoost,1,2018
2018-09-06,2018,9,18.866,18.85,18.785634394347667,2018-09-07,XGBoost,1,2018
2018-09-07,2018,9,18.85,18.82,18.829517603293063,2018-09-08,XGBoost,1,2018
2018-09-08,2018,9,18.82,18.73,18.787842046171427,2018-09-09,XGBoost,1,2018
2018-09-09,2018,9,18.73,18.642,18.652269612550736,2018-09-10,XGBoost,1,2018
2018-09-10,2018,9,18.642,18.722,18.562792177319526,2018-09-11,XGBoost,1,2018
2018-09-11,2018,9,18.722,19.06,18.776551009088756,2018-09-12,XGBoost,1,2018
2018-09-12,2018,9,19.06,19.256,19.2438880777359,2018-09-13,XGBoost,1,2018
2018-09-13,2018,9,19.256,19.28,19.337381417810917,2018-09-14,XGBoost,1,2018
2018-09-14,2018,9,19.28,19.4,19.249429707154633,2018-09-15,XGBoost,1,2018
2018-09-15,2018,9,19.4,19.504,19.468350479006766,2018-09-16,XGBoost,1,2018
2018-09-16,2018,9,19.504,19.558,19.56881020897627,2018-09-17,XGBoost,1,2018
2018-09-17,2018,9,19.558,19.558,19.5707723691985,2018-09-18,XGBoost,1,2018
2018-09-18,2018,9,19.558,19.586,19.528668852329254,2018-09-19,XGBoost,1,2018
2018-09-19,2018,9,19.586,19.54,19.612124225929378,2018-09-20,XGBoost,1,2018
2018-09-20,2018,9,19.54,19.302,19.481027630120515,2018-09-21,XGBoost,1,2018
2018-09-21,2018,9,19.302,19.098,19.100127472400665,2018-09-22,XGBoost,1,2018
2018-09-22,2018,9,19.098,18.694,18.920846129536628,2018-09-23,XGBoost,1,2018
2018-09-23,2018,9,18.694,18.364,18.47638396346569,2018-09-24,XGBoost,1,2018
2018-09-24,2018,9,18.364,18.082,18.142057098388673,2018-09-25,XGBoost,1,2018
2018-09-25,2018,9,18.082,17.994,17.875489068746568,2018-09-26,XGBoost,1,2018
2018-09-26,2018,9,17.994,18.144,17.91032106155157,2018-09-27,XGBoost,1,2018
2018-09-27,2018,9,18.144,18.276,18.25223867470026,2018-09-28,XGBoost,1,2018
2018-09-28,2018,9,18.276,18.288,18.439850024342537,2018-09-29,XGBoost,1,2018
2018-09-29,2018,9,18.288,18.182,18.30814951221645,2018-09-30,XGBoost,1,2018
2018-09-30,2018,9,18.182,18.054,18.09543758255243,2018-10-01,XGBoost,1,2018
2018-10-01,2018,10,18.054,17.942,17.94777175271511,2018-10-02,XGBoost,1,2018
2018-10-02,2018,10,17.942,17.862,17.823456188857556,2018-10-03,XGBoost,1,2018
2018-10-03,2018,10,17.862,17.782,17.762070950388907,2018-10-04,XGBoost,1,2018
2018-10-04,2018,10,17.782,17.606,17.684514070272446,2018-10-05,XGBoost,1,2018
2018-10-05,2018,10,17.606,17.488,17.435535216093065,2018-10-06,XGBoost,1,2018
2018-10-06,2018,10,17.488,17.344,17.40583344000578,2018-10-07,XGBoost,1,2018
2018-10-07,2018,10,17.344,17.208,17.233359124004842,2018-10-08,XGBoost,1,2018
2018-10-08,2018,10,17.208,17.078,17.092215772151945,2018-10-09,XGBoost,1,2018
2018-10-09,2018,10,17.078,16.894,16.979513807475566,2018-10-10,XGBoost,1,2018
2018-10-10,2018,10,16.894,16.69,16.743809437990187,2018-10-11,XGBoost,1,2018
2018-10-11,2018,10,16.69,16.56,16.530047731995584,2018-10-12,XGBoost,1,2018
2018-10-12,2018,10,16.56,16.41,16.452298236489295,2018-10-13,XGBoost,1,2018
2018-10-13,2018,10,16.41,16.272,16.297689277529717,2018-10-14,XGBoost,1,2018
2018-10-14,2018,10,16.272,16.18,16.158929012835024,2018-10-15,XGBoost,1,2018
2018-10-15,2018,10,16.18,16.074,16.103658341169357,2018-10-16,XGBoost,1,2018
2018-10-16,2018,10,16.074,15.976,15.99677851700783,2018-10-17,XGBoost,1,2018
2018-10-17,2018,10,15.976,15.882,15.898778517007829,2018-10-18,XGBoost,1,2018
2018-10-18,2018,10,15.882,15.872,15.804778517007827,2018-10-19,XGBoost,1,2018
2018-10-19,2018,10,15.872,15.97,15.86978310651891,2018-10-20,XGBoost,1,2018
2018-10-20,2018,10,15.97,16.004,16.03954562664032,2018-10-21,XGBoost,1,2018
2018-10-21,2018,10,16.004,15.892,16.027155892267825,2018-10-22,XGBoost,1,2018
2018-10-22,2018,10,15.892,15.73,15.809894929647445,2018-10-23,XGBoost,1,2018
2018-10-23,2018,10,15.73,15.526,15.578439991474152,2018-10-24,XGBoost,1,2018
2018-10-24,2018,10,15.526,15.402,15.373995236515999,2018-10-25,XGBoost,1,2018
2018-10-25,2018,10,15.402,15.408,15.304296416461467,2018-10-26,XGBoost,1,2018
2018-10-26,2018,10,15.408,15.406,15.46740430983901,2018-10-27,XGBoost,1,2018
2018-10-27,2018,10,15.406,15.262,15.394427412696183,2018-10-28,XGBoost,1,2018
2018-10-28,2018,10,15.262,15.134,15.149020587921143,2018-10-29,XGBoost,1,2018
2018-10-29,2018,10,15.134,15.036,15.035938863098622,2018-10-30,XGBoost,1,2018
2018-10-30,2018,10,15.036,14.956,14.959749916255474,2018-10-31,XGBoost,1,2018
2018-10-31,2018,10,14.956,14.87,14.896958499908447,2018-11-01,XGBoost,1,2018
2018-11-01,2018,11,14.87,14.81,14.795485238432883,2018-11-02,XGBoost,1,2018
2018-11-02,2018,11,14.81,14.724,14.757642616927624,2018-11-03,XGBoost,1,2018
2018-11-03,2018,11,14.724,14.688,14.65159644985199,2018-11-04,XGBoost,1,2018
2018-11-04,2018,11,14.688,14.596,14.650070159614087,2018-11-05,XGBoost,1,2018
2018-11-05,2018,11,14.596,14.514,14.522818206906319,2018-11-06,XGBoost,1,2018
2018-11-06,2018,11,14.514,14.494,14.440442317664623,2018-11-07,XGBoost,1,2018
2018-11-07,2018,11,14.494,14.54,14.477013946563005,2018-11-08,XGBoost,1,2018
2018-11-08,2018,11,14.54,14.51,14.568910232707857,2018-11-09,XGBoost,1,2018
2018-11-09,2018,11,14.51,14.472,14.47668105199933,2018-11-10,XGBoost,1,2018
2018-11-10,2018,11,14.472,14.44,14.43536793154478,2018-11-11,XGBoost,1,2018
2018-11-11,2018,11,14.44,14.47,14.40336793154478,2018-11-12,XGBoost,1,2018
2018-11-12,2018,11,14.47,14.5,14.499598465189338,2018-11-13,XGBoost,1,2018
2018-11-13,2018,11,14.5,14.498,14.529598465189338,2018-11-14,XGBoost,1,2018
2018-11-14,2018,11,14.498,14.406,14.475320289239287,2018-11-15,XGBoost,1,2018
2018-11-15,2018,11,14.406,14.3,14.330200616776944,2018-11-16,XGBoost,1,2018
2018-11-16,2018,11,14.3,14.238,14.229886303842068,2018-11-17,XGBoost,1,2018
2018-11-17,2018,11,14.238,14.186,14.186421984910965,2018-11-18,XGBoost,1,2018
2018-11-18,2018,11,14.186,14.132,14.13653319260478,2018-11-19,XGBoost,1,2018
2018-11-19,2018,11,14.132,14.078,14.08408529382944,2018-11-20,XGBoost,1,2018
2018-11-20,2018,11,14.078,14.056,14.03008529382944,2018-11-21,XGBoost,1,2018
2018-11-21,2018,11,14.056,14.05,14.032089002564549,2018-11-22,XGBoost,1,2018
2018-11-22,2018,11,14.05,14.072,14.034043350443245,2018-11-23,XGBoost,1,2018
2018-11-23,2018,11,14.072,14.15,14.100310200199484,2018-11-24,XGBoost,1,2018
2018-11-24,2018,11,14.15,14.196,14.245095716416836,2018-11-25,XGBoost,1,2018
2018-11-25,2018,11,14.196,14.154,14.222643047109246,2018-11-26,XGBoost,1,2018
2018-11-26,2018,11,14.154,14.044,14.10160436937213,2018-11-27,XGBoost,1,2018
2018-11-27,2018,11,14.044,13.95,13.97494028532505,2018-11-28,XGBoost,1,2018
2018-11-28,2018,11,13.95,13.88,13.885736685991287,2018-11-29,XGBoost,1,2018
2018-11-29,2018,11,13.88,13.84,13.82775975868106,2018-11-30,XGBoost,1,2018
2018-11-30,2018,11,13.84,13.836,13.800304919630289,2018-12-01,XGBoost,1,2018
2018-12-01,2018,12,13.836,13.798,13.8208772585392,2018-12-02,XGBoost,1,2018
2018-12-02,2018,12,13.798,13.746,13.764528795659542,2018-12-03,XGBoost,1,2018
2018-12-03,2018,12,13.746,13.73,13.699639335930348,2018-12-04,XGBoost,1,2018
2018-12-04,2018,12,13.73,13.676,13.710593061074615,2018-12-05,XGBoost,1,2018
2018-12-05,2018,12,13.676,13.63,13.629942127525807,2018-12-06,XGBoost,1,2018
2018-12-06,2018,12,13.63,13.58,13.584125054180623,2018-12-07,XGBoost,1,2018
2018-12-07,2018,12,13.58,13.57,13.535199129879475,2018-12-08,XGBoost,1,2018
2018-12-08,2018,12,13.57,13.522,13.557267463468015,2018-12-09,XGBoost,1,2018
2018-12-09,2018,12,13.522,13.474,13.477199129879475,2018-12-10,XGBoost,1,2018
2018-12-10,2018,12,13.474,13.456,13.429199129879475,2018-12-11,XGBoost,1,2018
2018-12-11,2018,12,13.456,13.418,13.437965253129601,2018-12-12,XGBoost,1,2018
2018-12-12,2018,12,13.418,13.372,13.388567617565393,2018-12-13,XGBoost,1,2018
2018-12-13,2018,12,13.372,13.34,13.329567028701305,2018-12-14,XGBoost,1,2018
2018-12-14,2018,12,13.34,13.312,13.310567617565393,2018-12-15,XGBoost,1,2018
2018-12-15,2018,12,13.312,13.268,13.285406806588172,2018-12-16,XGBoost,1,2018
2018-12-16,2018,12,13.268,13.246,13.231994957506657,2018-12-17,XGBoost,1,2018
2018-12-17,2018,12,13.246,13.21,13.223340906858445,2018-12-18,XGBoost,1,2018
2018-12-18,2018,12,13.21,13.202,13.180567617565394,2018-12-19,XGBoost,1,2018
2018-12-19,2018,12,13.202,13.16,13.186346140176058,2018-12-20,XGBoost,1,2018
2018-12-20,2018,12,13.16,13.15,13.124803632348776,2018-12-21,XGBoost,1,2018
2018-12-21,2018,12,13.15,13.15,13.13515481967479,2018-12-22,XGBoost,1,2018
2018-12-22,2018,12,13.15,13.14,13.146004968881607,2018-12-23,XGBoost,1,2018
2018-12-23,2018,12,13.14,13.14,13.125045358538628,2018-12-24,XGBoost,1,2018
2018-12-24,2018,12,13.14,13.116,13.135895506348461,2018-12-25,XGBoost,1,2018
2018-12-25,2018,12,13.116,13.11,13.09339728540182,2018-12-26,XGBoost,1,2018
2018-12-26,2018,12,13.11,13.11,13.096237599514424,2018-12-27,XGBoost,1,2018
2018-12-27,2018,12,13.11,13.11,13.106681545861065,2018-12-28,XGBoost,1,2018
2018-12-28,2018,12,13.11,13.1,13.10589550634846,2018-12-29,XGBoost,1,2018
2018-12-29,2018,12,13.1,13.08,13.086519003286957,2018-12-30,XGBoost,1,2018
2018-12-30,2018,12,13.08,13.02,13.061216792017222,2018-12-31,XGBoost,1,2018
2018-12-31,2018,12,13.02,12.982,12.98961871907115,2019-01-01,XGBoost,1,2018
2019-01-01,2019,1,12.982,12.934,12.95678787228465,2019-01-02,XGBoost,1,2019
2019-01-02,2019,1,12.934,12.92,12.905021238714456,2019-01-03,XGBoost,1,2019
2019-01-03,2019,1,12.92,12.902,12.903154263347387,2019-01-04,XGBoost,1,2019
2019-01-04,2019,1,12.902,12.88,12.883380715966224,2019-01-05,XGBoost,1,2019
2019-01-05,2019,1,12.88,12.844,12.858063203394414,2019-01-06,XGBoost,1,2019
2019-01-06,2019,1,12.844,12.814,12.82024347358942,2019-01-07,XGBoost,1,2019
2019-01-07,2019,1,12.814,12.786,12.79299080067873,2019-01-08,XGBoost,1,2019
2019-01-08,2019,1,12.786,12.764,12.76499080067873,2019-01-09,XGBoost,1,2019
2019-01-09,2019,1,12.764,12.736,12.74299080067873,2019-01-10,XGBoost,1,2019
2019-01-10,2019,1,12.736,12.72,12.71499080067873,2019-01-11,XGBoost,1,2019
2019-01-11,2019,1,12.72,12.704,12.702308313250542,2019-01-12,XGBoost,1,2019
2019-01-12,2019,1,12.704,12.676,12.686308313250542,2019-01-13,XGBoost,1,2019
2019-01-13,2019,1,12.676,12.654,12.65499080067873,2019-01-14,XGBoost,1,2019
2019-01-14,2019,1,12.654,12.636,12.63299080067873,2019-01-15,XGBoost,1,2019
2019-01-15,2019,1,12.636,12.604,12.618308313250541,2019-01-16,XGBoost,1,2019
2019-01-16,2019,1,12.604,12.594,12.58024347358942,2019-01-17,XGBoost,1,2019
2019-01-17,2019,1,12.594,12.574,12.581836374901235,2019-01-18,XGBoost,1,2019
2019-01-18,2019,1,12.574,12.57,12.556308313250542,2019-01-19,XGBoost,1,2019
2019-01-19,2019,1,12.57,12.542,12.562626117542386,2019-01-20,XGBoost,1,2019
2019-01-20,2019,1,12.542,12.504,12.52099080067873,2019-01-21,XGBoost,1,2019
2019-01-21,2019,1,12.504,12.486,12.48024347358942,2019-01-22,XGBoost,1,2019
2019-01-22,2019,1,12.486,12.456,12.468308313250542,2019-01-23,XGBoost,1,2019
2019-01-23,2019,1,12.456,12.436,12.43499080067873,2019-01-24,XGBoost,1,2019
2019-01-24,2019,1,12.436,12.408,12.418308313250542,2019-01-25,XGBoost,1,2019
2019-01-25,2019,1,12.408,12.364,12.38699080067873,2019-01-26,XGBoost,1,2019
2019-01-26,2019,1,12.364,12.352,12.338463023245335,2019-01-27,XGBoost,1,2019
2019-01-27,2019,1,12.352,12.35,12.334308313250542,2019-01-28,XGBoost,1,2019
2019-01-28,2019,1,12.35,12.344,12.342626117542386,2019-01-29,XGBoost,1,2019
2019-01-29,2019,1,12.344,12.326,12.336626117542385,2019-01-30,XGBoost,1,2019
2019-01-30,2019,1,12.326,12.32,12.308308313250542,2019-01-31,XGBoost,1,2019
2019-01-31,2019,1,12.32,12.304,12.31406217923388,2019-02-01,XGBoost,1,2019
2019-02-01,2019,2,12.304,12.276,12.287744377270341,2019-02-02,XGBoost,1,2019
2019-02-02,2019,2,12.276,12.264,12.255756785556674,2019-02-03,XGBoost,1,2019
2019-02-03,2019,2,12.264,12.26,12.24774437727034,2019-02-04,XGBoost,1,2019
2019-02-04,2019,2,12.26,12.246,12.254062179233879,2019-02-05,XGBoost,1,2019
2019-02-05,2019,2,12.246,12.234,12.229744377270341,2019-02-06,XGBoost,1,2019
2019-02-06,2019,2,12.234,12.228,12.217744377270341,2019-02-07,XGBoost,1,2019
2019-02-07,2019,2,12.228,12.21,12.222062179233879,2019-02-08,XGBoost,1,2019
2019-02-08,2019,2,12.21,12.208,12.193744377270342,2019-02-09,XGBoost,1,2019
2019-02-09,2019,2,12.208,12.186,12.202062179233879,2019-02-10,XGBoost,1,2019
2019-02-10,2019,2,12.186,12.174,12.165756785556674,2019-02-11,XGBoost,1,2019
2019-02-11,2019,2,12.174,12.166,12.15774437727034,2019-02-12,XGBoost,1,2019
2019-02-12,2019,2,12.166,12.15,12.16006217923388,2019-02-13,XGBoost,1,2019
2019-02-13,2019,2,12.15,12.146,12.133744377270341,2019-02-14,XGBoost,1,2019
2019-02-14,2019,2,12.146,12.142,12.14006217923388,2019-02-15,XGBoost,1,2019
2019-02-15,2019,2,12.142,12.13,12.136062179233878,2019-02-16,XGBoost,1,2019
2019-02-16,2019,2,12.13,12.12,12.113744377270342,2019-02-17,XGBoost,1,2019
2019-02-17,2019,2,12.12,12.12,12.109272437058388,2019-02-18,XGBoost,1,2019
2019-02-18,2019,2,12.12,12.12,12.118357309959828,2019-02-19,XGBoost,1,2019
2019-02-19,2019,2,12.12,12.156,12.118357309959828,2019-02-20,XGBoost,1,2019
2019-02-20,2019,2,12.156,12.17,12.183308663353325,2019-02-21,XGBoost,1,2019
2019-02-21,2019,2,12.17,12.156,12.200360583215952,2019-02-22,XGBoost,1,2019
2019-02-22,2019,2,12.156,12.14,12.137097474694253,2019-02-23,XGBoost,1,2019
2019-02-23,2019,2,12.14,12.144,12.12421354405582,2019-02-24,XGBoost,1,2019
2019-02-24,2019,2,12.144,12.144,12.153310922585428,2019-02-25,XGBoost,1,2019
2019-02-25,2019,2,12.144,12.162,12.145047995407134,2019-02-26,XGBoost,1,2019
2019-02-26,2019,2,12.162,12.212,12.192335191637278,2019-02-27,XGBoost,1,2019
2019-02-27,2019,2,12.212,12.286,12.286319407343864,2019-02-28,XGBoost,1,2019
2019-02-28,2019,2,12.286,12.31,12.376515337884426,2019-03-01,XGBoost,1,2019
2019-03-01,2019,3,12.31,12.28,12.345015668720007,2019-03-02,XGBoost,1,2019
2019-03-02,2019,3,12.28,12.26,12.244074615389108,2019-03-03,XGBoost,1,2019
2019-03-03,2019,3,12.26,12.26,12.24994737304747,2019-03-04,XGBoost,1,2019
2019-03-04,2019,3,12.26,12.27,12.266224714685231,2019-03-05,XGBoost,1,2019
2019-03-05,2019,3,12.27,12.38,12.28448764000088,2019-03-06,XGBoost,1,2019
2019-03-06,2019,3,12.38,12.5,12.497195703089238,2019-03-07,XGBoost,1,2019
2019-03-07,2019,3,12.5,12.6,12.584590338170528,2019-03-08,XGBoost,1,2019
2019-03-08,2019,3,12.6,12.66,12.674633695185184,2019-03-09,XGBoost,1,2019
2019-03-09,2019,3,12.66,12.69,12.691183868646622,2019-03-10,XGBoost,1,2019
2019-03-10,2019,3,12.69,12.65,12.698334862068295,2019-03-11,XGBoost,1,2019
2019-03-11,2019,3,12.65,12.6,12.612075132876635,2019-03-12,XGBoost,1,2019
2019-03-12,2019,3,12.6,12.57,12.572980428487062,2019-03-13,XGBoost,1,2019
2019-03-13,2019,3,12.57,12.56,12.553590710908175,2019-03-14,XGBoost,1,2019
2019-03-14,2019,3,12.56,12.56,12.556553603559733,2019-03-15,XGBoost,1,2019
2019-03-15,2019,3,12.56,12.55,12.565638476926834,2019-03-16,XGBoost,1,2019
2019-03-16,2019,3,12.55,12.53,12.546553603559733,2019-03-17,XGBoost,1,2019
2019-03-17,2019,3,12.53,12.51,12.520244103595614,2019-03-18,XGBoost,1,2019
2019-03-18,2019,3,12.51,12.47,12.500244103595614,2019-03-19,XGBoost,1,2019
2019-03-19,2019,3,12.47,12.44,12.449102939367295,2019-03-20,XGBoost,1,2019
2019-03-20,2019,3,12.44,12.42,12.426027455888688,2019-03-21,XGBoost,1,2019
2019-03-21,2019,3,12.42,12.42,12.41174513015896,2019-03-22,XGBoost,1,2019
2019-03-22,2019,3,12.42,12.414,12.427139503024518,2019-03-23,XGBoost,1,2019
2019-03-23,2019,3,12.414,12.502,12.417334410255775,2019-03-24,XGBoost,1,2019
2019-03-24,2019,3,12.502,12.648,12.643076937317849,2019-03-25,XGBoost,1,2019
2019-03-25,2019,3,12.648,12.748,12.746833940923214,2019-03-26,XGBoost,1,2019
2019-03-26,2019,3,12.748,12.808,12.822921660125255,2019-03-27,XGBoost,1,2019
2019-03-27,2019,3,12.808,12.81,12.842034814685583,2019-03-28,XGBoost,1,2019
2019-03-28,2019,3,12.81,12.814,12.808307780595497,2019-03-29,XGBoost,1,2019
2019-03-29,2019,3,12.814,12.842,12.824704543441534,2019-03-30,XGBoost,1,2019
2019-03-30,2019,3,12.842,12.796,12.883224382817746,2019-03-31,XGBoost,1,2019
2019-03-31,2019,3,12.796,12.79,12.778680771499872,2019-04-01,XGBoost,1,2019
2019-04-01,2019,4,12.79,12.836,12.79702081201598,2019-04-02,XGBoost,1,2019
2019-04-02,2019,4,12.836,12.878,12.874361318409443,2019-04-03,XGBoost,1,2019
2019-04-03,2019,4,12.878,12.946,12.91556731376052,2019-04-04,XGBoost,1,2019
2019-04-04,2019,4,12.946,12.988,13.059150797784328,2019-04-05,XGBoost,1,2019
2019-04-05,2019,4,12.988,12.99,13.032409200549125,2019-04-06,XGBoost,1,2019
2019-04-06,2019,4,12.99,13.034,13.003226482085884,2019-04-07,XGBoost,1,2019
2019-04-07,2019,4,13.034,13.046,13.085746927201749,2019-04-08,XGBoost,1,2019
2019-04-08,2019,4,13.046,13.158,13.069080963641404,2019-04-09,XGBoost,1,2019
2019-04-09,2019,4,13.158,13.33,13.279431663632392,2019-04-10,XGBoost,1,2019
2019-04-10,2019,4,13.33,13.458,13.550447152853012,2019-04-11,XGBoost,1,2019
2019-04-11,2019,4,13.458,13.464,13.528522591471672,2019-04-12,XGBoost,1,2019
2019-04-12,2019,4,13.464,13.394,13.463500479083509,2019-04-13,XGBoost,1,2019
2019-04-13,2019,4,13.394,13.32,13.36090857410431,2019-04-14,XGBoost,1,2019
2019-04-14,2019,4,13.32,13.294,13.288511510640383,2019-04-15,XGBoost,1,2019
2019-04-15,2019,4,13.294,13.292,13.291635427163914,2019-04-16,XGBoost,1,2019
2019-04-16,2019,4,13.292,13.348,13.314128785029054,2019-04-17,XGBoost,1,2019
2019-04-17,2019,4,13.348,13.352,13.426377917408944,2019-04-18,XGBoost,1,2019
2019-04-18,2019,4,13.352,13.362,13.388481879651547,2019-04-19,XGBoost,1,2019
2019-04-19,2019,4,13.362,13.4,13.400459461182356,2019-04-20,XGBoost,1,2019
2019-04-20,2019,4,13.4,13.462,13.460475572943688,2019-04-21,XGBoost,1,2019
2019-04-21,2019,4,13.462,13.514,13.602188217163086,2019-04-22,XGBoost,1,2019
2019-04-22,2019,4,13.514,13.54,13.598753781557082,2019-04-23,XGBoost,1,2019
2019-04-23,2019,4,13.54,13.562,13.603016444444656,2019-04-24,XGBoost,1,2019
2019-04-24,2019,4,13.562,13.628,13.625016444444656,2019-04-25,XGBoost,1,2019
2019-04-25,2019,4,13.628,13.786,13.772499644637108,2019-04-26,XGBoost,1,2019
2019-04-26,2019,4,13.786,13.992,14.006593884587287,2019-04-27,XGBoost,1,2019
2019-04-27,2019,4,13.992,13.92,14.190926359415055,2019-04-28,XGBoost,1,2019
2019-04-28,2019,4,13.92,13.904,13.857133625149727,2019-04-29,XGBoost,1,2019
2019-04-29,2019,4,13.904,13.862,13.875587410196662,2019-04-30,XGBoost,1,2019
2019-04-30,2019,4,13.862,13.824,13.851769170992076,2019-05-01,XGBoost,1,2019
2019-05-01,2019,5,13.824,13.908,13.809880526714027,2019-05-02,XGBoost,1,2019
2019-05-02,2019,5,13.908,14.162,14.03364916908741,2019-05-03,XGBoost,1,2019
2019-05-03,2019,5,14.162,14.46,14.51225990009308,2019-05-04,XGBoost,1,2019
2019-05-04,2019,5,14.46,14.72,14.750652006864549,2019-05-05,XGBoost,1,2019
2019-05-05,2019,5,14.72,15.0,14.981392265558243,2019-05-06,XGBoost,1,2019
2019-05-06,2019,5,15.0,15.5,15.26936787366867,2019-05-07,XGBoost,1,2019
2019-05-07,2019,5,15.5,15.932,15.812963217496872,2019-05-08,XGBoost,1,2019
2019-05-08,2019,5,15.932,16.124,16.156924102425577,2019-05-09,XGBoost,1,2019
2019-05-09,2019,5,16.124,16.268,16.143613737240432,2019-05-10,XGBoost,1,2019
2019-05-10,2019,5,16.268,16.364,16.273464640446008,2019-05-11,XGBoost,1,2019
2019-05-11,2019,5,16.364,16.478,16.38228862540424,2019-05-12,XGBoost,1,2019
2019-05-12,2019,5,16.478,16.496,16.4843573718071,2019-05-13,XGBoost,1,2019
2019-05-13,2019,5,16.496,16.356,16.50149874594435,2019-05-14,XGBoost,1,2019
2019-05-14,2019,5,16.356,16.252,16.244202242553236,2019-05-15,XGBoost,1,2019
2019-05-15,2019,5,16.252,16.37,16.219398714274167,2019-05-16,XGBoost,1,2019
2019-05-16,2019,5,16.37,16.72,16.50400685787201,2019-05-17,XGBoost,1,2019
2019-05-17,2019,5,16.72,17.118,17.193262846469878,2019-05-18,XGBoost,1,2019
2019-05-18,2019,5,17.118,17.306,17.44236868548393,2019-05-19,XGBoost,1,2019
2019-05-19,2019,5,17.306,17.172,17.439320182561875,2019-05-20,XGBoost,1,2019
2019-05-20,2019,5,17.172,16.902,17.01456687760353,2019-05-21,XGBoost,1,2019
2019-05-21,2019,5,16.902,16.704,16.759181996107102,2019-05-22,XGBoost,1,2019
2019-05-22,2019,5,16.704,16.56,16.600130695939065,2019-05-23,XGBoost,1,2019
2019-05-23,2019,5,16.56,16.438,16.48588809132576,2019-05-24,XGBoost,1,2019
2019-05-24,2019,5,16.438,16.476,16.385854112833737,2019-05-25,XGBoost,1,2019
2019-05-25,2019,5,16.476,16.62,16.574366372287272,2019-05-26,XGBoost,1,2019
2019-05-26,2019,5,16.62,16.742,16.74760053575039,2019-05-27,XGBoost,1,2019
2019-05-27,2019,5,16.742,16.706,16.859226220667363,2019-05-28,XGBoost,1,2019
2019-05-28,2019,5,16.706,16.64,16.62694799876213,2019-05-29,XGBoost,1,2019
2019-05-29,2019,5,16.64,16.544,16.611952095627785,2019-05-30,XGBoost,1,2019
2019-05-30,2019,5,16.544,16.56,16.495194863766432,2019-05-31,XGBoost,1,2019
2019-05-31,2019,5,16.56,16.58,16.615727556347846,2019-06-01,XGBoost,1,2019
2019-06-01,2019,6,16.58,16.576,16.633377769887446,2019-06-02,XGBoost,1,2019
2019-06-02,2019,6,16.576,16.548,16.590007203280926,2019-06-03,XGBoost,1,2019
2019-06-03,2019,6,16.548,16.422,16.546226818628607,2019-06-04,XGBoost,1,2019
2019-06-04,2019,6,16.422,16.222,16.370811177164317,2019-06-05,XGBoost,1,2019
2019-06-05,2019,6,16.222,16.152,16.112249572694303,2019-06-06,XGBoost,1,2019
2019-06-06,2019,6,16.152,16.03,16.128776899769903,2019-06-07,XGBoost,1,2019
2019-06-07,2019,6,16.03,15.9,15.993251501321794,2019-06-08,XGBoost,1,2019
2019-06-08,2019,6,15.9,15.832,15.839275164157153,2019-06-09,XGBoost,1,2019
2019-06-09,2019,6,15.832,15.784,15.806034376442433,2019-06-10,XGBoost,1,2019
2019-06-10,2019,6,15.784,15.89,15.772455672748388,2019-06-11,XGBoost,1,2019
2019-06-11,2019,6,15.89,15.942,16.02004194200039,2019-06-12,XGBoost,1,2019
2019-06-12,2019,6,15.942,15.982,16.00509822201729,2019-06-13,XGBoost,1,2019
2019-06-13,2019,6,15.982,16.136,16.00939017829299,2019-06-14,XGBoost,1,2019
2019-06-14,2019,6,16.136,16.408,16.344389908075332,2019-06-15,XGBoost,1,2019
2019-06-15,2019,6,16.408,16.744,16.70508793759346,2019-06-16,XGBoost,1,2019
2019-06-16,2019,6,16.744,16.956,17.013115060567856,2019-06-17,XGBoost,1,2019
2019-06-17,2019,6,16.956,16.99,17.145579471945762,2019-06-18,XGBoost,1,2019
2019-06-18,2019,6,16.99,17.012,16.967152567356823,2019-06-19,XGBoost,1,2019
2019-06-19,2019,6,17.012,17.15,17.050712680339814,2019-06-20,XGBoost,1,2019
2019-06-20,2019,6,17.15,17.032,17.297260308265685,2019-06-21,XGBoost,1,2019
2019-06-21,2019,6,17.032,17.266,16.927098574459553,2019-06-22,XGBoost,1,2019
2019-06-22,2019,6,17.266,17.604,17.612321821212767,2019-06-23,XGBoost,1,2019
2019-06-23,2019,6,17.604,17.718,17.865370986700057,2019-06-24,XGBoost,1,2019
2019-06-24,2019,6,17.718,17.672,17.798850832164288,2019-06-25,XGBoost,1,2019
2019-06-25,2019,6,17.672,17.522,17.617701636373997,2019-06-26,XGBoost,1,2019
2019-06-26,2019,6,17.522,17.914,17.47048646223545,2019-06-27,XGBoost,1,2019
2019-06-27,2019,6,17.914,18.242,18.21256660962105,2019-06-28,XGBoost,1,2019
2019-06-28,2019,6,18.242,18.308,18.483240099072457,2019-06-29,XGBoost,1,2019
2019-06-29,2019,6,18.308,18.404,18.417452098608017,2019-06-30,XGBoost,1,2019
2019-06-30,2019,6,18.404,18.428,18.584478110909462,2019-07-01,XGBoost,1,2019
2019-07-01,2019,7,18.428,18.54,18.451949295282365,2019-07-02,XGBoost,1,2019
2019-07-02,2019,7,18.54,18.66,18.67899114727974,2019-07-03,XGBoost,1,2019
2019-07-03,2019,7,18.66,18.656,18.758455257713795,2019-07-04,XGBoost,1,2019
2019-07-04,2019,7,18.656,18.486,18.608826149761676,2019-07-05,XGBoost,1,2019
2019-07-05,2019,7,18.486,18.284,18.424109405338765,2019-07-06,XGBoost,1,2019
2019-07-06,2019,7,18.284,18.162,18.207817194998263,2019-07-07,XGBoost,1,2019
2019-07-07,2019,7,18.162,18.224,18.13854328495264,2019-07-08,XGBoost,1,2019
2019-07-08,2019,7,18.224,18.354,18.298043810367584,2019-07-09,XGBoost,1,2019
2019-07-09,2019,7,18.354,18.658,18.458077622294425,2019-07-10,XGBoost,1,2019
2019-07-10,2019,7,18.658,18.998,18.967906989336015,2019-07-11,XGBoost,1,2019
2019-07-11,2019,7,18.998,19.434,19.222360793828965,2019-07-12,XGBoost,1,2019
2019-07-12,2019,7,19.434,19.956,19.678473770260812,2019-07-13,XGBoost,1,2019
2019-07-13,2019,7,19.956,20.352,20.28832608437538,2019-07-14,XGBoost,1,2019
2019-07-14,2019,7,20.352,20.718,20.501468943476677,2019-07-15,XGBoost,1,2019
2019-07-15,2019,7,20.718,20.918,20.83662462759018,2019-07-16,XGBoost,1,2019
2019-07-16,2019,7,20.918,21.108,20.967247793853282,2019-07-17,XGBoost,1,2019
2019-07-17,2019,7,21.108,21.156,21.173164647996426,2019-07-18,XGBoost,1,2019
2019-07-18,2019,7,21.156,21.07,21.05806230431795,2019-07-19,XGBoost,1,2019
2019-07-19,2019,7,21.07,20.834,20.850129119753838,2019-07-20,XGBoost,1,2019
2019-07-20,2019,7,20.834,20.548,20.547909089565277,2019-07-21,XGBoost,1,2019
2019-07-21,2019,7,20.548,20.16,20.27897163438797,2019-07-22,XGBoost,1,2019
2019-07-22,2019,7,20.16,19.898,19.90156239628792,2019-07-23,XGBoost,1,2019
2019-07-23,2019,7,19.898,19.872,19.663000388026237,2019-07-24,XGBoost,1,2019
2019-07-24,2019,7,19.872,19.988,19.824751982957125,2019-07-25,XGBoost,1,2019
2019-07-25,2019,7,19.988,20.028,20.009555308252573,2019-07-26,XGBoost,1,2019
2019-07-26,2019,7,20.028,19.842,20.036744282647966,2019-07-27,XGBoost,1,2019
2019-07-27,2019,7,19.842,19.682,19.683458663344382,2019-07-28,XGBoost,1,2019
2019-07-28,2019,7,19.682,19.574,19.53253965449333,2019-07-29,XGBoost,1,2019
2019-07-29,2019,7,19.574,19.458,19.44963194334507,2019-07-30,XGBoost,1,2019
2019-07-30,2019,7,19.458,19.27,19.38311986196041,2019-07-31,XGBoost,1,2019
2019-07-31,2019,7,19.27,19.074,19.124039832949638,2019-08-01,XGBoost,1,2019
2019-08-01,2019,8,19.074,18.96,18.935967861652376,2019-08-02,XGBoost,1,2019
2019-08-02,2019,8,18.96,18.936,18.893980718255044,2019-08-03,XGBoost,1,2019
2019-08-03,2019,8,18.936,18.932,18.90150678834319,2019-08-04,XGBoost,1,2019
2019-08-04,2019,8,18.932,18.924,18.913306497007607,2019-08-05,XGBoost,1,2019
2019-08-05,2019,8,18.924,18.916,18.90295163670182,2019-08-06,XGBoost,1,2019
2019-08-06,2019,8,18.916,18.872,18.905921395666898,2019-08-07,XGBoost,1,2019
2019-08-07,2019,8,18.872,18.832,18.83130963009596,2019-08-08,XGBoost,1,2019
2019-08-08,2019,8,18.832,18.76,18.79130963009596,2019-08-09,XGBoost,1,2019
2019-08-09,2019,8,18.76,18.718,18.706252372115852,2019-08-10,XGBoost,1,2019
2019-08-10,2019,8,18.718,18.65,18.683189572423696,2019-08-11,XGBoost,1,2019
2019-08-11,2019,8,18.65,18.512,18.601859854161738,2019-08-12,XGBoost,1,2019
2019-08-12,2019,8,18.512,18.456,18.40581928741932,2019-08-13,XGBoost,1,2019
2019-08-13,2019,8,18.456,18.366,18.41304835653305,2019-08-14,XGBoost,1,2019
2019-08-14,2019,8,18.366,18.306,18.29819258636236,2019-08-15,XGBoost,1,2019
2019-08-15,2019,8,18.306,18.292,18.262652022898198,2019-08-16,XGBoost,1,2019
2019-08-16,2019,8,18.292,18.188,18.29345876570605,2019-08-17,XGBoost,1,2019
2019-08-17,2019,8,18.188,18.132,18.116749926388263,2019-08-18,XGBoost,1,2019
2019-08-18,2019,8,18.132,18.138,18.09197453480959,2019-08-19,XGBoost,1,2019
2019-08-19,2019,8,18.138,18.108,18.17889651629329,2019-08-20,XGBoost,1,2019
2019-08-20,2019,8,18.108,18.036,18.100807264439762,2019-08-21,XGBoost,1,2019
2019-08-21,2019,8,18.036,17.972,17.987642815023662,2019-08-22,XGBoost,1,2019
2019-08-22,2019,8,17.972,17.832,17.93331480112672,2019-08-23,XGBoost,1,2019
2019-08-23,2019,8,17.832,17.728,17.727058915019036,2019-08-24,XGBoost,1,2019
2019-08-24,2019,8,17.728,17.62,17.655988387644292,2019-08-25,XGBoost,1,2019
2019-08-25,2019,8,17.62,17.682,17.54861092835665,2019-08-26,XGBoost,1,2019
2019-08-26,2019,8,17.682,17.58,17.78540493172407,2019-08-27,XGBoost,1,2019
2019-08-27,2019,8,17.58,17.418,17.51193681538105,2019-08-28,XGBoost,1,2019
2019-08-28,2019,8,17.418,17.314,17.278187217593192,2019-08-29,XGBoost,1,2019
2019-08-29,2019,8,17.314,17.15,17.240442697644234,2019-08-30,XGBoost,1,2019
2019-08-30,2019,8,17.15,16.992,17.01018721759319,2019-08-31,XGBoost,1,2019
2019-08-31,2019,8,16.992,16.926,16.872036525428296,2019-09-01,XGBoost,1,2019
2019-09-01,2019,9,16.926,16.916,16.87950695028901,2019-09-02,XGBoost,1,2019
2019-09-02,2019,9,16.916,16.888,16.958969528585673,2019-09-03,XGBoost,1,2019
2019-09-03,2019,9,16.888,16.816,16.878903448313476,2019-09-04,XGBoost,1,2019
2019-09-04,2019,9,16.816,16.794,16.76720522752404,2019-09-05,XGBoost,1,2019
2019-09-05,2019,9,16.794,16.848,16.784222021006048,2019-09-06,XGBoost,1,2019
2019-09-06,2019,9,16.848,16.85,16.92263214546442,2019-09-07,XGBoost,1,2019
2019-09-07,2019,9,16.85,16.852,16.86535824686289,2019-09-08,XGBoost,1,2019
2019-09-08,2019,9,16.852,16.93,16.859559344172478,2019-09-09,XGBoost,1,2019
2019-09-09,2019,9,16.93,16.982,17.06267958164215,2019-09-10,XGBoost,1,2019
2019-09-10,2019,9,16.982,17.002,17.0421162686944,2019-09-11,XGBoost,1,2019
2019-09-11,2019,9,17.002,17.028,17.048561136841773,2019-09-12,XGBoost,1,2019
2019-09-12,2019,9,17.028,17.14,17.076179320991038,2019-09-13,XGBoost,1,2019
2019-09-13,2019,9,17.14,17.408,17.264371878802777,2019-09-14,XGBoost,1,2019
2019-09-14,2019,9,17.408,17.814,17.6669707672596,2019-09-15,XGBoost,1,2019
2019-09-15,2019,9,17.814,18.138,18.09041487121582,2019-09-16,XGBoost,1,2019
2019-09-16,2019,9,18.138,18.27,18.352025631546976,2019-09-17,XGBoost,1,2019
2019-09-17,2019,9,18.27,18.372,18.326916132569313,2019-09-18,XGBoost,1,2019
2019-09-18,2019,9,18.372,18.598,18.424862614393234,2019-09-19,XGBoost,1,2019
2019-09-19,2019,9,18.598,18.67,18.73858032631874,2019-09-20,XGBoost,1,2019
2019-09-20,2019,9,18.67,18.716,18.705072695463898,2019-09-21,XGBoost,1,2019
2019-09-21,2019,9,18.716,18.778,18.717900297706016,2019-09-22,XGBoost,1,2019
2019-09-22,2019,9,18.778,18.808,18.915871772050856,2019-09-23,XGBoost,1,2019
2019-09-23,2019,9,18.808,18.73,18.817839395992458,2019-09-24,XGBoost,1,2019
2019-09-24,2019,9,18.73,18.614,18.67072762876749,2019-09-25,XGBoost,1,2019
2019-09-25,2019,9,18.614,18.608,18.534180194079877,2019-09-26,XGBoost,1,2019
2019-09-26,2019,9,18.608,18.7,18.623102695673705,2019-09-27,XGBoost,1,2019
2019-09-27,2019,9,18.7,18.646,18.790802028775214,2019-09-28,XGBoost,1,2019
2019-09-28,2019,9,18.646,18.524,18.566610167086125,2019-09-29,XGBoost,1,2019
2019-09-29,2019,9,18.524,18.51,18.3998135214448,2019-09-30,XGBoost,1,2019
2019-09-30,2019,9,18.51,18.632,18.49802173882723,2019-10-01,XGBoost,1,2019
2019-10-01,2019,10,18.632,18.482,18.689386230677368,2019-10-02,XGBoost,1,2019
2019-10-02,2019,10,18.482,18.24,18.334957233786582,2019-10-03,XGBoost,1,2019
2019-10-03,2019,10,18.24,18.024,18.044462820291518,2019-10-04,XGBoost,1,2019
2019-10-04,2019,10,18.024,17.814,17.799960221886636,2019-10-05,XGBoost,1,2019
2019-10-05,2019,10,17.814,17.632,17.61799137735367,2019-10-06,XGBoost,1,2019
2019-10-06,2019,10,17.632,17.446,17.44873762202263,2019-10-07,XGBoost,1,2019
2019-10-07,2019,10,17.446,17.32,17.285174285531046,2019-10-08,XGBoost,1,2019
2019-10-08,2019,10,17.32,17.244,17.234855889976025,2019-10-09,XGBoost,1,2019
2019-10-09,2019,10,17.244,17.192,17.184903108567,2019-10-10,XGBoost,1,2019
2019-10-10,2019,10,17.192,17.094,17.150512105047703,2019-10-11,XGBoost,1,2019
2019-10-11,2019,10,17.094,16.95,17.015474754810334,2019-10-12,XGBoost,1,2019
2019-10-12,2019,10,16.95,16.83,16.82647869437933,2019-10-13,XGBoost,1,2019
2019-10-13,2019,10,16.83,16.81,16.749917583465574,2019-10-14,XGBoost,1,2019
2019-10-14,2019,10,16.81,16.852,16.81950082298368,2019-10-15,XGBoost,1,2019
2019-10-15,2019,10,16.852,16.874,16.893713368147612,2019-10-16,XGBoost,1,2019
2019-10-16,2019,10,16.874,16.826,16.882194353431462,2019-10-17,XGBoost,1,2019
2019-10-17,2019,10,16.826,16.66,16.77044015622139,2019-10-18,XGBoost,1,2019
2019-10-18,2019,10,16.66,16.422,16.511842626929283,2019-10-19,XGBoost,1,2019
2019-10-19,2019,10,16.422,16.202,16.25300813627243,2019-10-20,XGBoost,1,2019
2019-10-20,2019,10,16.202,16.042,16.009476058602335,2019-10-21,XGBoost,1,2019
2019-10-21,2019,10,16.042,15.882,15.915511433601381,2019-10-22,XGBoost,1,2019
2019-10-22,2019,10,15.882,15.73,15.755511433601379,2019-10-23,XGBoost,1,2019
2019-10-23,2019,10,15.73,15.62,15.606685604453087,2019-10-24,XGBoost,1,2019
2019-10-24,2019,10,15.62,15.532,15.540124493539333,2019-10-25,XGBoost,1,2019
2019-10-25,2019,10,15.532,15.518,15.456297735095024,2019-10-26,XGBoost,1,2019
2019-10-26,2019,10,15.518,15.466,15.504657228320838,2019-10-27,XGBoost,1,2019
2019-10-27,2019,10,15.466,15.538,15.414037173599004,2019-10-28,XGBoost,1,2019
2019-10-28,2019,10,15.538,15.614,15.635228460013867,2019-10-29,XGBoost,1,2019
2019-10-29,2019,10,15.614,15.676,15.67437287786603,2019-10-30,XGBoost,1,2019
2019-10-30,2019,10,15.676,15.646,15.719506626039744,2019-10-31,XGBoost,1,2019
2019-10-31,2019,10,15.646,15.642,15.570332529306413,2019-11-01,XGBoost,1,2019
2019-11-01,2019,11,15.642,15.702,15.627484948381781,2019-11-02,XGBoost,1,2019
2019-11-02,2019,11,15.702,15.664,15.77496634465456,2019-11-03,XGBoost,1,2019
2019-11-03,2019,11,15.664,15.57,15.613567265808582,2019-11-04,XGBoost,1,2019
2019-11-04,2019,11,15.57,15.4,15.486676618158818,2019-11-05,XGBoost,1,2019
2019-11-05,2019,11,15.4,15.264,15.251815313100815,2019-11-06,XGBoost,1,2019
2019-11-06,2019,11,15.264,15.17,15.148103126823901,2019-11-07,XGBoost,1,2019
2019-11-07,2019,11,15.17,15.072,15.093129826784134,2019-11-08,XGBoost,1,2019
2019-11-08,2019,11,15.072,14.98,14.99506713014841,2019-11-09,XGBoost,1,2019
2019-11-09,2019,11,14.98,14.892,14.903067130148411,2019-11-10,XGBoost,1,2019
2019-11-10,2019,11,14.892,14.83,14.81856909674406,2019-11-11,XGBoost,1,2019
2019-11-11,2019,11,14.83,14.728,14.777747960686684,2019-11-12,XGBoost,1,2019
2019-11-12,2019,11,14.728,14.64,14.652096658825874,2019-11-13,XGBoost,1,2019
2019-11-13,2019,11,14.64,14.58,14.56739586532116,2019-11-14,XGBoost,1,2019
2019-11-14,2019,11,14.58,14.522,14.528208201676607,2019-11-15,XGBoost,1,2019
2019-11-15,2019,11,14.522,14.476,14.474831160277128,2019-11-16,XGBoost,1,2019
2019-11-16,2019,11,14.476,14.422,14.4287534134686,2019-11-17,XGBoost,1,2019
2019-11-17,2019,11,14.422,14.382,14.373626919209958,2019-11-18,XGBoost,1,2019
2019-11-18,2019,11,14.382,14.352,14.340263669162988,2019-11-19,XGBoost,1,2019
2019-11-19,2019,11,14.352,14.288,14.322359697937966,2019-11-20,XGBoost,1,2019
2019-11-20,2019,11,14.288,14.256,14.242606633633375,2019-11-21,XGBoost,1,2019
2019-11-21,2019,11,14.256,14.222,14.220600868523121,2019-11-22,XGBoost,1,2019
2019-11-22,2019,11,14.222,14.19,14.187128872543573,2019-11-23,XGBoost,1,2019
2019-11-23,2019,11,14.19,14.18,14.155128872543573,2019-11-24,XGBoost,1,2019
2019-11-24,2019,11,14.18,14.18,14.163504891395569,2019-11-25,XGBoost,1,2019
2019-11-25,2019,11,14.18,14.17,14.175190248358994,2019-11-26,XGBoost,1,2019
2019-11-26,2019,11,14.17,14.16,14.153504891395569,2019-11-27,XGBoost,1,2019
2019-11-27,2019,11,14.16,14.106,14.143504891395569,2019-11-28,XGBoost,1,2019
2019-11-28,2019,11,14.106,14.04,14.061747075378895,2019-11-29,XGBoost,1,2019
2019-11-29,2019,11,14.04,13.992,13.993976582735776,2019-11-30,XGBoost,1,2019
2019-11-30,2019,11,13.992,13.938,13.950342414349318,2019-12-01,XGBoost,1,2019
2019-12-01,2019,12,13.938,13.89,13.893219071358443,2019-12-02,XGBoost,1,2019
2019-12-02,2019,12,13.89,13.862,13.848342414349318,2019-12-03,XGBoost,1,2019
2019-12-03,2019,12,13.862,13.824,13.832972131937742,2019-12-04,XGBoost,1,2019
2019-12-04,2019,12,13.824,13.806,13.78974130281806,2019-12-05,XGBoost,1,2019
2019-12-05,2019,12,13.806,13.768,13.780289644509553,2019-12-06,XGBoost,1,2019
2019-12-06,2019,12,13.768,13.746,13.73374130281806,2019-12-07,XGBoost,1,2019
2019-12-07,2019,12,13.746,13.714,13.716972131937743,2019-12-08,XGBoost,1,2019
2019-12-08,2019,12,13.714,13.688,13.67974130281806,2019-12-09,XGBoost,1,2019
2019-12-09,2019,12,13.688,13.652,13.658972131937743,2019-12-10,XGBoost,1,2019
2019-12-10,2019,12,13.652,13.616,13.61774130281806,2019-12-11,XGBoost,1,2019
2019-12-11,2019,12,13.616,13.568,13.583412121593952,2019-12-12,XGBoost,1,2019
2019-12-12,2019,12,13.568,13.546,13.529540456861257,2019-12-13,XGBoost,1,2019
2019-12-13,2019,12,13.546,13.514,13.519144557327031,2019-12-14,XGBoost,1,2019
2019-12-14,2019,12,13.514,13.49,13.48191373938322,2019-12-15,XGBoost,1,2019
2019-12-15,2019,12,13.49,13.446,13.463144557327032,2019-12-16,XGBoost,1,2019
2019-12-16,2019,12,13.446,13.412,13.410556258171797,2019-12-17,XGBoost,1,2019
2019-12-17,2019,12,13.412,13.386,13.382446884632111,2019-12-18,XGBoost,1,2019
2019-12-18,2019,12,13.386,13.352,13.361677702575921,2019-12-19,XGBoost,1,2019
2019-12-19,2019,12,13.352,13.33,13.322446884632111,2019-12-20,XGBoost,1,2019
2019-12-20,2019,12,13.33,13.296,13.305677702575922,2019-12-21,XGBoost,1,2019
2019-12-21,2019,12,13.296,13.274,13.26644688463211,2019-12-22,XGBoost,1,2019
2019-12-22,2019,12,13.274,13.256,13.249677702575921,2019-12-23,XGBoost,1,2019
2019-12-23,2019,12,13.256,13.24,13.235732301086188,2019-12-24,XGBoost,1,2019
2019-12-24,2019,12,13.24,13.226,13.219732301086188,2019-12-25,XGBoost,1,2019
2019-12-25,2019,12,13.226,13.22,13.206386804789306,2019-12-26,XGBoost,1,2019
2019-12-26,2019,12,13.22,13.208,13.210704607218505,2019-12-27,XGBoost,1,2019
2019-12-27,2019,12,13.208,13.158,13.189086913496256,2019-12-28,XGBoost,1,2019
2019-12-28,2019,12,13.158,13.146,13.125604085803031,2019-12-29,XGBoost,1,2019
2019-12-29,2019,12,13.146,13.126,13.127086913496257,2019-12-30,XGBoost,1,2019
2019-12-30,2019,12,13.126,13.104,13.107086913496255,2019-12-31,XGBoost,1,2019
2019-12-31,2019,12,13.104,13.086,13.081769400924443,2020-01-01,XGBoost,1,2019
