Date,Year,Month,WL,y_true,y_pred,Target_Date,Model,Horizon,Fold_Year
2008-01-08,2008,1,13.76,13.57,13.76,2008-01-22,Persistence,14,2008
2008-01-09,2008,1,13.74,13.56,13.74,2008-01-23,Persistence,14,2008
2008-01-10,2008,1,13.73,13.56,13.73,2008-01-24,Persistence,14,2008
2008-01-11,2008,1,13.72,13.55,13.72,2008-01-25,Persistence,14,2008
2008-01-12,2008,1,13.71,13.55,13.71,2008-01-26,Persistence,14,2008
2008-01-13,2008,1,13.699,13.55,13.699,2008-01-27,Persistence,14,2008
2008-01-14,2008,1,13.67,13.58,13.67,2008-01-28,Persistence,14,2008
2008-01-15,2008,1,13.65,13.62,13.65,2008-01-29,Persistence,14,2008
2008-01-16,2008,1,13.63,13.66,13.63,2008-01-30,Persistence,14,2008
2008-01-17,2008,1,13.62,13.67,13.62,2008-01-31,Persistence,14,2008
2008-01-18,2008,1,13.61,13.66,13.61,2008-02-01,Persistence,14,2008
2008-01-19,2008,1,13.6,13.63,13.6,2008-02-02,Persistence,14,2008
2008-01-20,2008,1,13.59,13.61,13.59,2008-02-03,Persistence,14,2008
2008-01-21,2008,1,13.58,13.61,13.58,2008-02-04,Persistence,14,2008
2008-01-22,2008,1,13.57,13.61,13.57,2008-02-05,Persistence,14,2008
2008-01-23,2008,1,13.56,13.62,13.56,2008-02-06,Persistence,14,2008
2008-01-24,2008,1,13.56,13.63,13.56,2008-02-07,Persistence,14,2008
2008-01-25,2008,1,13.55,13.62,13.55,2008-02-08,Persistence,14,2008
2008-01-26,2008,1,13.55,13.59,13.55,2008-02-09,Persistence,14,2008
2008-01-27,2008,1,13.55,13.57,13.55,2008-02-10,Persistence,14,2008
2008-01-28,2008,1,13.58,13.55,13.58,2008-02-11,Persistence,14,2008
2008-01-29,2008,1,13.62,13.52,13.62,2008-02-12,Persistence,14,2008
2008-01-30,2008,1,13.66,13.5,13.66,2008-02-13,Persistence,14,2008
2008-01-31,2008,1,13.67,13.47,13.67,2008-02-14,Persistence,14,2008
2008-02-01,2008,2,13.66,13.46,13.66,2008-02-15,Persistence,14,2008
2008-02-02,2008,2,13.63,13.45,13.63,2008-02-16,Persistence,14,2008
2008-02-03,2008,2,13.61,13.44,13.61,2008-02-17,Persistence,14,2008
2008-02-04,2008,2,13.61,13.47,13.61,2008-02-18,Persistence,14,2008
2008-02-05,2008,2,13.61,13.51,13.61,2008-02-19,Persistence,14,2008
2008-02-06,2008,2,13.62,13.53,13.62,2008-02-20,Persistence,14,2008
2008-02-07,2008,2,13.63,13.54,13.63,2008-02-21,Persistence,14,2008
2008-02-08,2008,2,13.62,13.53,13.62,2008-02-22,Persistence,14,2008
2008-02-09,2008,2,13.59,13.51,13.59,2008-02-23,Persistence,14,2008
2008-02-10,2008,2,13.57,13.48,13.57,2008-02-24,Persistence,14,2008
2008-02-11,2008,2,13.55,13.45,13.55,2008-02-25,Persistence,14,2008
2008-02-12,2008,2,13.52,13.44,13.52,2008-02-26,Persistence,14,2008
2008-02-13,2008,2,13.5,13.43,13.5,2008-02-27,Persistence,14,2008
2008-02-14,2008,2,13.47,13.43,13.47,2008-02-28,Persistence,14,2008
2008-02-15,2008,2,13.46,13.43,13.46,2008-02-29,Persistence,14,2008
2008-02-16,2008,2,13.45,13.42,13.45,2008-03-01,Persistence,14,2008
2008-02-17,2008,2,13.44,13.41,13.44,2008-03-02,Persistence,14,2008
2008-02-18,2008,2,13.47,13.4,13.47,2008-03-03,Persistence,14,2008
2008-02-19,2008,2,13.51,13.41,13.51,2008-03-04,Persistence,14,2008
2008-02-20,2008,2,13.53,13.4,13.53,2008-03-05,Persistence,14,2008
2008-02-21,2008,2,13.54,13.43,13.54,2008-03-06,Persistence,14,2008
2008-02-22,2008,2,13.53,13.46,13.53,2008-03-07,Persistence,14,2008
2008-02-23,2008,2,13.51,13.45,13.51,2008-03-08,Persistence,14,2008
2008-02-24,2008,2,13.48,13.44,13.48,2008-03-09,Persistence,14,2008
2008-02-25,2008,2,13.45,13.42,13.45,2008-03-10,Persistence,14,2008
2008-02-26,2008,2,13.44,13.4,13.44,2008-03-11,Persistence,14,2008
2008-02-27,2008,2,13.43,13.39,13.43,2008-03-12,Persistence,14,2008
2008-02-28,2008,2,13.43,13.39,13.43,2008-03-13,Persistence,14,2008
2008-02-29,2008,2,13.43,13.39,13.43,2008-03-14,Persistence,14,2008
2008-03-01,2008,3,13.42,13.39,13.42,2008-03-15,Persistence,14,2008
2008-03-02,2008,3,13.41,13.39,13.41,2008-03-16,Persistence,14,2008
2008-03-03,2008,3,13.4,13.4,13.4,2008-03-17,Persistence,14,2008
2008-03-04,2008,3,13.41,13.42,13.41,2008-03-18,Persistence,14,2008
2008-03-05,2008,3,13.4,13.44,13.4,2008-03-19,Persistence,14,2008
2008-03-06,2008,3,13.43,13.46,13.43,2008-03-20,Persistence,14,2008
2008-03-07,2008,3,13.46,13.54,13.46,2008-03-21,Persistence,14,2008
2008-03-08,2008,3,13.45,13.66,13.45,2008-03-22,Persistence,14,2008
2008-03-09,2008,3,13.44,13.81,13.44,2008-03-23,Persistence,14,2008
2008-03-10,2008,3,13.42,13.91,13.42,2008-03-24,Persistence,14,2008
2008-03-11,2008,3,13.4,13.93,13.4,2008-03-25,Persistence,14,2008
2008-03-12,2008,3,13.39,13.93,13.39,2008-03-26,Persistence,14,2008
2008-03-13,2008,3,13.39,13.92,13.39,2008-03-27,Persistence,14,2008
2008-03-14,2008,3,13.39,13.94,13.39,2008-03-28,Persistence,14,2008
2008-03-15,2008,3,13.39,13.98,13.39,2008-03-29,Persistence,14,2008
2008-03-16,2008,3,13.39,14.05,13.39,2008-03-30,Persistence,14,2008
2008-03-17,2008,3,13.4,14.07,13.4,2008-03-31,Persistence,14,2008
2008-03-18,2008,3,13.42,14.09,13.42,2008-04-01,Persistence,14,2008
2008-03-19,2008,3,13.44,14.15,13.44,2008-04-02,Persistence,14,2008
2008-03-20,2008,3,13.46,14.2,13.46,2008-04-03,Persistence,14,2008
2008-03-21,2008,3,13.54,14.31,13.54,2008-04-04,Persistence,14,2008
2008-03-22,2008,3,13.66,14.53,13.66,2008-04-05,Persistence,14,2008
2008-03-23,2008,3,13.81,14.66,13.81,2008-04-06,Persistence,14,2008
2008-03-24,2008,3,13.91,14.67,13.91,2008-04-07,Persistence,14,2008
2008-03-25,2008,3,13.93,14.66,13.93,2008-04-08,Persistence,14,2008
2008-03-26,2008,3,13.93,14.6,13.93,2008-04-09,Persistence,14,2008
2008-03-27,2008,3,13.92,14.51,13.92,2008-04-10,Persistence,14,2008
2008-03-28,2008,3,13.94,14.46,13.94,2008-04-11,Persistence,14,2008
2008-03-29,2008,3,13.98,14.41,13.98,2008-04-12,Persistence,14,2008
2008-03-30,2008,3,14.05,14.38,14.05,2008-04-13,Persistence,14,2008
2008-03-31,2008,3,14.07,14.34,14.07,2008-04-14,Persistence,14,2008
2008-04-01,2008,4,14.09,14.27,14.09,2008-04-15,Persistence,14,2008
2008-04-02,2008,4,14.15,14.23,14.15,2008-04-16,Persistence,14,2008
2008-04-03,2008,4,14.2,14.23,14.2,2008-04-17,Persistence,14,2008
2008-04-04,2008,4,14.31,14.22,14.31,2008-04-18,Persistence,14,2008
2008-04-05,2008,4,14.53,14.28,14.53,2008-04-19,Persistence,14,2008
2008-04-06,2008,4,14.66,14.33,14.66,2008-04-20,Persistence,14,2008
2008-04-07,2008,4,14.67,14.41,14.67,2008-04-21,Persistence,14,2008
2008-04-08,2008,4,14.66,14.47,14.66,2008-04-22,Persistence,14,2008
2008-04-09,2008,4,14.6,14.52,14.6,2008-04-23,Persistence,14,2008
2008-04-10,2008,4,14.51,14.61,14.51,2008-04-24,Persistence,14,2008
2008-04-11,2008,4,14.46,14.87,14.46,2008-04-25,Persistence,14,2008
2008-04-12,2008,4,14.41,15.05,14.41,2008-04-26,Persistence,14,2008
2008-04-13,2008,4,14.38,15.06,14.38,2008-04-27,Persistence,14,2008
2008-04-14,2008,4,14.34,15.02,14.34,2008-04-28,Persistence,14,2008
2008-04-15,2008,4,14.27,14.99,14.27,2008-04-29,Persistence,14,2008
2008-04-16,2008,4,14.23,15.01,14.23,2008-04-30,Persistence,14,2008
2008-04-17,2008,4,14.23,15.01,14.23,2008-05-01,Persistence,14,2008
2008-04-18,2008,4,14.22,15.04,14.22,2008-05-02,Persistence,14,2008
2008-04-19,2008,4,14.28,15.31,14.28,2008-05-03,Persistence,14,2008
2008-04-20,2008,4,14.33,15.79,14.33,2008-05-04,Persistence,14,2008
2008-04-21,2008,4,14.41,15.93,14.41,2008-05-05,Persistence,14,2008
2008-04-22,2008,4,14.47,15.93,14.47,2008-05-06,Persistence,14,2008
2008-04-23,2008,4,14.52,15.92,14.52,2008-05-07,Persistence,14,2008
2008-04-24,2008,4,14.61,15.69,14.61,2008-05-08,Persistence,14,2008
2008-04-25,2008,4,14.87,15.61,14.87,2008-05-09,Persistence,14,2008
2008-04-26,2008,4,15.05,15.53,15.05,2008-05-10,Persistence,14,2008
2008-04-27,2008,4,15.06,15.51,15.06,2008-05-11,Persistence,14,2008
2008-04-28,2008,4,15.02,15.47,15.02,2008-05-12,Persistence,14,2008
2008-04-29,2008,4,14.99,15.4,14.99,2008-05-13,Persistence,14,2008
2008-04-30,2008,4,15.01,15.36,15.01,2008-05-14,Persistence,14,2008
2008-05-01,2008,5,15.01,15.35,15.01,2008-05-15,Persistence,14,2008
2008-05-02,2008,5,15.04,15.33,15.04,2008-05-16,Persistence,14,2008
2008-05-03,2008,5,15.31,15.31,15.31,2008-05-17,Persistence,14,2008
2008-05-04,2008,5,15.79,15.3,15.79,2008-05-18,Persistence,14,2008
2008-05-05,2008,5,15.93,15.23,15.93,2008-05-19,Persistence,14,2008
2008-05-06,2008,5,15.93,15.23,15.93,2008-05-20,Persistence,14,2008
2008-05-07,2008,5,15.92,15.26,15.92,2008-05-21,Persistence,14,2008
2008-05-08,2008,5,15.69,15.31,15.69,2008-05-22,Persistence,14,2008
2008-05-09,2008,5,15.61,15.36,15.61,2008-05-23,Persistence,14,2008
2008-05-10,2008,5,15.53,15.49,15.53,2008-05-24,Persistence,14,2008
2008-05-11,2008,5,15.51,15.6,15.51,2008-05-25,Persistence,14,2008
2008-05-12,2008,5,15.47,15.81,15.47,2008-05-26,Persistence,14,2008
2008-05-13,2008,5,15.4,15.88,15.4,2008-05-27,Persistence,14,2008
2008-05-14,2008,5,15.36,15.88,15.36,2008-05-28,Persistence,14,2008
2008-05-15,2008,5,15.35,15.85,15.35,2008-05-29,Persistence,14,2008
2008-05-16,2008,5,15.33,15.71,15.33,2008-05-30,Persistence,14,2008
2008-05-17,2008,5,15.31,15.77,15.31,2008-05-31,Persistence,14,2008
2008-05-18,2008,5,15.3,15.86,15.3,2008-06-01,Persistence,14,2008
2008-05-19,2008,5,15.23,16.05,15.23,2008-06-02,Persistence,14,2008
2008-05-20,2008,5,15.23,16.23,15.23,2008-06-03,Persistence,14,2008
2008-05-21,2008,5,15.26,16.41,15.26,2008-06-04,Persistence,14,2008
2008-05-22,2008,5,15.31,16.61,15.31,2008-06-05,Persistence,14,2008
2008-05-23,2008,5,15.36,16.72,15.36,2008-06-06,Persistence,14,2008
2008-05-24,2008,5,15.49,16.73,15.49,2008-06-07,Persistence,14,2008
2008-05-25,2008,5,15.6,16.72,15.6,2008-06-08,Persistence,14,2008
2008-05-26,2008,5,15.81,16.58,15.81,2008-06-09,Persistence,14,2008
2008-05-27,2008,5,15.88,16.53,15.88,2008-06-10,Persistence,14,2008
2008-05-28,2008,5,15.88,16.46,15.88,2008-06-11,Persistence,14,2008
2008-05-29,2008,5,15.85,16.6,15.85,2008-06-12,Persistence,14,2008
2008-05-30,2008,5,15.71,16.7,15.71,2008-06-13,Persistence,14,2008
2008-05-31,2008,5,15.77,16.86,15.77,2008-06-14,Persistence,14,2008
2008-06-01,2008,6,15.86,17.16,15.86,2008-06-15,Persistence,14,2008
2008-06-02,2008,6,16.05,17.51,16.05,2008-06-16,Persistence,14,2008
2008-06-03,2008,6,16.23,17.74,16.23,2008-06-17,Persistence,14,2008
2008-06-04,2008,6,16.41,17.93,16.41,2008-06-18,Persistence,14,2008
2008-06-05,2008,6,16.61,18.03,16.61,2008-06-19,Persistence,14,2008
2008-06-06,2008,6,16.72,18.14,16.72,2008-06-20,Persistence,14,2008
2008-06-07,2008,6,16.73,18.17,16.73,2008-06-21,Persistence,14,2008
2008-06-08,2008,6,16.72,18.22,16.72,2008-06-22,Persistence,14,2008
2008-06-09,2008,6,16.58,18.06,16.58,2008-06-23,Persistence,14,2008
2008-06-10,2008,6,16.53,18.05,16.53,2008-06-24,Persistence,14,2008
2008-06-11,2008,6,16.46,18.09,16.46,2008-06-25,Persistence,14,2008
2008-06-12,2008,6,16.6,18.12,16.6,2008-06-26,Persistence,14,2008
2008-06-13,2008,6,16.7,18.15,16.7,2008-06-27,Persistence,14,2008
2008-06-14,2008,6,16.86,18.2,16.86,2008-06-28,Persistence,14,2008
2008-06-15,2008,6,17.16,18.24,17.16,2008-06-29,Persistence,14,2008
2008-06-16,2008,6,17.51,18.25,17.51,2008-06-30,Persistence,14,2008
2008-06-17,2008,6,17.74,18.3,17.74,2008-07-01,Persistence,14,2008
2008-06-18,2008,6,17.93,18.39,17.93,2008-07-02,Persistence,14,2008
2008-06-19,2008,6,18.03,18.32,18.03,2008-07-03,Persistence,14,2008
2008-06-20,2008,6,18.14,18.34,18.14,2008-07-04,Persistence,14,2008
2008-06-21,2008,6,18.17,18.37,18.17,2008-07-05,Persistence,14,2008
2008-06-22,2008,6,18.22,18.34,18.22,2008-07-06,Persistence,14,2008
2008-06-23,2008,6,18.06,18.45,18.06,2008-07-07,Persistence,14,2008
2008-06-24,2008,6,18.05,18.59,18.05,2008-07-08,Persistence,14,2008
2008-06-25,2008,6,18.09,18.72,18.09,2008-07-09,Persistence,14,2008
2008-06-26,2008,6,18.12,18.82,18.12,2008-07-10,Persistence,14,2008
2008-06-27,2008,6,18.15,18.82,18.15,2008-07-11,Persistence,14,2008
2008-06-28,2008,6,18.2,18.59,18.2,2008-07-12,Persistence,14,2008
2008-06-29,2008,6,18.24,18.45,18.24,2008-07-13,Persistence,14,2008
2008-06-30,2008,6,18.25,18.37,18.25,2008-07-14,Persistence,14,2008
2008-07-01,2008,7,18.3,18.42,18.3,2008-07-15,Persistence,14,2008
2008-07-02,2008,7,18.39,18.49,18.39,2008-07-16,Persistence,14,2008
2008-07-03,2008,7,18.32,18.64,18.32,2008-07-17,Persistence,14,2008
2008-07-04,2008,7,18.34,18.75,18.34,2008-07-18,Persistence,14,2008
2008-07-05,2008,7,18.37,18.79,18.37,2008-07-19,Persistence,14,2008
2008-07-06,2008,7,18.34,18.87,18.34,2008-07-20,Persistence,14,2008
2008-07-07,2008,7,18.45,18.89,18.45,2008-07-21,Persistence,14,2008
2008-07-08,2008,7,18.59,19.06,18.59,2008-07-22,Persistence,14,2008
2008-07-09,2008,7,18.72,19.24,18.72,2008-07-23,Persistence,14,2008
2008-07-10,2008,7,18.82,19.34,18.82,2008-07-24,Persistence,14,2008
2008-07-11,2008,7,18.82,19.29,18.82,2008-07-25,Persistence,14,2008
2008-07-12,2008,7,18.59,19.17,18.59,2008-07-26,Persistence,14,2008
2008-07-13,2008,7,18.45,19.24,18.45,2008-07-27,Persistence,14,2008
2008-07-14,2008,7,18.37,19.26,18.37,2008-07-28,Persistence,14,2008
2008-07-15,2008,7,18.42,19.22,18.42,2008-07-29,Persistence,14,2008
2008-07-16,2008,7,18.49,19.17,18.49,2008-07-30,Persistence,14,2008
2008-07-17,2008,7,18.64,19.03,18.64,2008-07-31,Persistence,14,2008
2008-07-18,2008,7,18.75,18.94,18.75,2008-08-01,Persistence,14,2008
2008-07-19,2008,7,18.79,18.89,18.79,2008-08-02,Persistence,14,2008
2008-07-20,2008,7,18.87,18.8,18.87,2008-08-03,Persistence,14,2008
2008-07-21,2008,7,18.89,18.84,18.89,2008-08-04,Persistence,14,2008
2008-07-22,2008,7,19.06,18.77,19.06,2008-08-05,Persistence,14,2008
2008-07-23,2008,7,19.24,18.74,19.24,2008-08-06,Persistence,14,2008
2008-07-24,2008,7,19.34,18.73,19.34,2008-08-07,Persistence,14,2008
2008-07-25,2008,7,19.29,18.67,19.29,2008-08-08,Persistence,14,2008
2008-07-26,2008,7,19.17,18.65,19.17,2008-08-09,Persistence,14,2008
2008-07-27,2008,7,19.24,18.62,19.24,2008-08-10,Persistence,14,2008
2008-07-28,2008,7,19.26,18.59,19.26,2008-08-11,Persistence,14,2008
2008-07-29,2008,7,19.22,18.59,19.22,2008-08-12,Persistence,14,2008
2008-07-30,2008,7,19.17,18.7,19.17,2008-08-13,Persistence,14,2008
2008-07-31,2008,7,19.03,18.74,19.03,2008-08-14,Persistence,14,2008
2008-08-01,2008,8,18.94,18.74,18.94,2008-08-15,Persistence,14,2008
2008-08-02,2008,8,18.89,18.67,18.89,2008-08-16,Persistence,14,2008
2008-08-03,2008,8,18.8,18.78,18.8,2008-08-17,Persistence,14,2008
2008-08-04,2008,8,18.84,18.93,18.84,2008-08-18,Persistence,14,2008
2008-08-05,2008,8,18.77,19.07,18.77,2008-08-19,Persistence,14,2008
2008-08-06,2008,8,18.74,19.16,18.74,2008-08-20,Persistence,14,2008
2008-08-07,2008,8,18.73,19.29,18.73,2008-08-21,Persistence,14,2008
2008-08-08,2008,8,18.67,19.39,18.67,2008-08-22,Persistence,14,2008
2008-08-09,2008,8,18.65,19.39,18.65,2008-08-23,Persistence,14,2008
2008-08-10,2008,8,18.62,19.27,18.62,2008-08-24,Persistence,14,2008
2008-08-11,2008,8,18.59,19.19,18.59,2008-08-25,Persistence,14,2008
2008-08-12,2008,8,18.59,19.1,18.59,2008-08-26,Persistence,14,2008
2008-08-13,2008,8,18.7,19.09,18.7,2008-08-27,Persistence,14,2008
2008-08-14,2008,8,18.74,19.24,18.74,2008-08-28,Persistence,14,2008
2008-08-15,2008,8,18.74,19.27,18.74,2008-08-29,Persistence,14,2008
2008-08-16,2008,8,18.67,19.45,18.67,2008-08-30,Persistence,14,2008
2008-08-17,2008,8,18.78,19.63,18.78,2008-08-31,Persistence,14,2008
2008-08-18,2008,8,18.93,19.63,18.93,2008-09-01,Persistence,14,2008
2008-08-19,2008,8,19.07,19.61,19.07,2008-09-02,Persistence,14,2008
2008-08-20,2008,8,19.16,19.51,19.16,2008-09-03,Persistence,14,2008
2008-08-21,2008,8,19.29,19.56,19.29,2008-09-04,Persistence,14,2008
2008-08-22,2008,8,19.39,19.68,19.39,2008-09-05,Persistence,14,2008
2008-08-23,2008,8,19.39,19.73,19.39,2008-09-06,Persistence,14,2008
2008-08-24,2008,8,19.27,19.75,19.27,2008-09-07,Persistence,14,2008
2008-08-25,2008,8,19.19,19.64,19.19,2008-09-08,Persistence,14,2008
2008-08-26,2008,8,19.1,19.48,19.1,2008-09-09,Persistence,14,2008
2008-08-27,2008,8,19.09,19.33,19.09,2008-09-10,Persistence,14,2008
2008-08-28,2008,8,19.24,19.17,19.24,2008-09-11,Persistence,14,2008
2008-08-29,2008,8,19.27,19.01,19.27,2008-09-12,Persistence,14,2008
2008-08-30,2008,8,19.45,18.82,19.45,2008-09-13,Persistence,14,2008
2008-08-31,2008,8,19.63,18.6,19.63,2008-09-14,Persistence,14,2008
2008-09-01,2008,9,19.63,18.4,19.63,2008-09-15,Persistence,14,2008
2008-09-02,2008,9,19.61,18.3,19.61,2008-09-16,Persistence,14,2008
2008-09-03,2008,9,19.51,18.21,19.51,2008-09-17,Persistence,14,2008
2008-09-04,2008,9,19.56,18.04,19.56,2008-09-18,Persistence,14,2008
2008-09-05,2008,9,19.68,17.87,19.68,2008-09-19,Persistence,14,2008
2008-09-06,2008,9,19.73,17.74,19.73,2008-09-20,Persistence,14,2008
2008-09-07,2008,9,19.75,17.53,19.75,2008-09-21,Persistence,14,2008
2008-09-08,2008,9,19.64,17.45,19.64,2008-09-22,Persistence,14,2008
2008-09-09,2008,9,19.48,17.41,19.48,2008-09-23,Persistence,14,2008
2008-09-10,2008,9,19.33,17.35,19.33,2008-09-24,Persistence,14,2008
2008-09-11,2008,9,19.17,17.31,19.17,2008-09-25,Persistence,14,2008
2008-09-12,2008,9,19.01,17.21,19.01,2008-09-26,Persistence,14,2008
2008-09-13,2008,9,18.82,17.18,18.82,2008-09-27,Persistence,14,2008
2008-09-14,2008,9,18.6,17.12,18.6,2008-09-28,Persistence,14,2008
2008-09-15,2008,9,18.4,17.09,18.4,2008-09-29,Persistence,14,2008
2008-09-16,2008,9,18.3,17.08,18.3,2008-09-30,Persistence,14,2008
2008-09-17,2008,9,18.21,17.04,18.21,2008-10-01,Persistence,14,2008
2008-09-18,2008,9,18.04,17.0,18.04,2008-10-02,Persistence,14,2008
2008-09-19,2008,9,17.87,16.99,17.87,2008-10-03,Persistence,14,2008
2008-09-20,2008,9,17.74,16.88,17.74,2008-10-04,Persistence,14,2008
2008-09-21,2008,9,17.53,16.87,17.53,2008-10-05,Persistence,14,2008
2008-09-22,2008,9,17.45,16.95,17.45,2008-10-06,Persistence,14,2008
2008-09-23,2008,9,17.41,16.95,17.41,2008-10-07,Persistence,14,2008
2008-09-24,2008,9,17.35,16.9,17.35,2008-10-08,Persistence,14,2008
2008-09-25,2008,9,17.31,16.9,17.31,2008-10-09,Persistence,14,2008
2008-09-26,2008,9,17.21,16.89,17.21,2008-10-10,Persistence,14,2008
2008-09-27,2008,9,17.18,16.78,17.18,2008-10-11,Persistence,14,2008
2008-09-28,2008,9,17.12,16.71,17.12,2008-10-12,Persistence,14,2008
2008-09-29,2008,9,17.09,16.65,17.09,2008-10-13,Persistence,14,2008
2008-09-30,2008,9,17.08,16.56,17.08,2008-10-14,Persistence,14,2008
2008-10-01,2008,10,17.04,16.47,17.04,2008-10-15,Persistence,14,2008
2008-10-02,2008,10,17.0,16.45,17.0,2008-10-16,Persistence,14,2008
2008-10-03,2008,10,16.99,16.37,16.99,2008-10-17,Persistence,14,2008
2008-10-04,2008,10,16.88,16.26,16.88,2008-10-18,Persistence,14,2008
2008-10-05,2008,10,16.87,16.13,16.87,2008-10-19,Persistence,14,2008
2008-10-06,2008,10,16.95,15.99,16.95,2008-10-20,Persistence,14,2008
2008-10-07,2008,10,16.95,15.89,16.95,2008-10-21,Persistence,14,2008
2008-10-08,2008,10,16.9,15.8,16.9,2008-10-22,Persistence,14,2008
2008-10-09,2008,10,16.9,15.71,16.9,2008-10-23,Persistence,14,2008
2008-10-10,2008,10,16.89,15.63,16.89,2008-10-24,Persistence,14,2008
2008-10-11,2008,10,16.78,15.55,16.78,2008-10-25,Persistence,14,2008
2008-10-12,2008,10,16.71,15.47,16.71,2008-10-26,Persistence,14,2008
2008-10-13,2008,10,16.65,15.43,16.65,2008-10-27,Persistence,14,2008
2008-10-14,2008,10,16.56,15.41,16.56,2008-10-28,Persistence,14,2008
2008-10-15,2008,10,16.47,15.54,16.47,2008-10-29,Persistence,14,2008
2008-10-16,2008,10,16.45,15.72,16.45,2008-10-30,Persistence,14,2008
2008-10-17,2008,10,16.37,15.8,16.37,2008-10-31,Persistence,14,2008
2008-10-18,2008,10,16.26,15.9,16.26,2008-11-01,Persistence,14,2008
2008-10-19,2008,10,16.13,16.11,16.13,2008-11-02,Persistence,14,2008
2008-10-20,2008,10,15.99,16.26,15.99,2008-11-03,Persistence,14,2008
2008-10-21,2008,10,15.89,16.17,15.89,2008-11-04,Persistence,14,2008
2008-10-22,2008,10,15.8,15.95,15.8,2008-11-05,Persistence,14,2008
2008-10-23,2008,10,15.71,15.8,15.71,2008-11-06,Persistence,14,2008
2008-10-24,2008,10,15.63,15.64,15.63,2008-11-07,Persistence,14,2008
2008-10-25,2008,10,15.55,15.45,15.55,2008-11-08,Persistence,14,2008
2008-10-26,2008,10,15.47,15.31,15.47,2008-11-09,Persistence,14,2008
2008-10-27,2008,10,15.43,15.24,15.43,2008-11-10,Persistence,14,2008
2008-10-28,2008,10,15.41,15.17,15.41,2008-11-11,Persistence,14,2008
2008-10-29,2008,10,15.54,15.09,15.54,2008-11-12,Persistence,14,2008
2008-10-30,2008,10,15.72,15.04,15.72,2008-11-13,Persistence,14,2008
2008-10-31,2008,10,15.8,14.99,15.8,2008-11-14,Persistence,14,2008
2008-11-01,2008,11,15.9,14.94,15.9,2008-11-15,Persistence,14,2008
2008-11-02,2008,11,16.11,14.9,16.11,2008-11-16,Persistence,14,2008
2008-11-03,2008,11,16.26,14.85,16.26,2008-11-17,Persistence,14,2008
2008-11-04,2008,11,16.17,14.8,16.17,2008-11-18,Persistence,14,2008
2008-11-05,2008,11,15.95,14.78,15.95,2008-11-19,Persistence,14,2008
2008-11-06,2008,11,15.8,14.76,15.8,2008-11-20,Persistence,14,2008
2008-11-07,2008,11,15.64,14.72,15.64,2008-11-21,Persistence,14,2008
2008-11-08,2008,11,15.45,14.699,15.45,2008-11-22,Persistence,14,2008
2008-11-09,2008,11,15.31,14.67,15.31,2008-11-23,Persistence,14,2008
2008-11-10,2008,11,15.24,14.63,15.24,2008-11-24,Persistence,14,2008
2008-11-11,2008,11,15.17,14.59,15.17,2008-11-25,Persistence,14,2008
2008-11-12,2008,11,15.09,14.57,15.09,2008-11-26,Persistence,14,2008
2008-11-13,2008,11,15.04,14.54,15.04,2008-11-27,Persistence,14,2008
2008-11-14,2008,11,14.99,14.52,14.99,2008-11-28,Persistence,14,2008
2008-11-15,2008,11,14.94,14.5,14.94,2008-11-29,Persistence,14,2008
2008-11-16,2008,11,14.9,14.47,14.9,2008-11-30,Persistence,14,2008
2008-11-17,2008,11,14.85,14.45,14.85,2008-12-01,Persistence,14,2008
2008-11-18,2008,11,14.8,14.42,14.8,2008-12-02,Persistence,14,2008
2008-11-19,2008,11,14.78,14.39,14.78,2008-12-03,Persistence,14,2008
2008-11-20,2008,11,14.76,14.35,14.76,2008-12-04,Persistence,14,2008
2008-11-21,2008,11,14.72,14.33,14.72,2008-12-05,Persistence,14,2008
2008-11-22,2008,11,14.699,14.31,14.699,2008-12-06,Persistence,14,2008
2008-11-23,2008,11,14.67,14.27,14.67,2008-12-07,Persistence,14,2008
2008-11-24,2008,11,14.63,14.26,14.63,2008-12-08,Persistence,14,2008
2008-11-25,2008,11,14.59,14.24,14.59,2008-12-09,Persistence,14,2008
2008-11-26,2008,11,14.57,14.21,14.57,2008-12-10,Persistence,14,2008
2008-11-27,2008,11,14.54,14.2,14.54,2008-12-11,Persistence,14,2008
2008-11-28,2008,11,14.52,14.18,14.52,2008-12-12,Persistence,14,2008
2008-11-29,2008,11,14.5,14.17,14.5,2008-12-13,Persistence,14,2008
2008-11-30,2008,11,14.47,14.15,14.47,2008-12-14,Persistence,14,2008
2008-12-01,2008,12,14.45,14.13,14.45,2008-12-15,Persistence,14,2008
2008-12-02,2008,12,14.42,14.1,14.42,2008-12-16,Persistence,14,2008
2008-12-03,2008,12,14.39,14.08,14.39,2008-12-17,Persistence,14,2008
2008-12-04,2008,12,14.35,14.06,14.35,2008-12-18,Persistence,14,2008
2008-12-05,2008,12,14.33,14.04,14.33,2008-12-19,Persistence,14,2008
2008-12-06,2008,12,14.31,14.02,14.31,2008-12-20,Persistence,14,2008
2008-12-07,2008,12,14.27,14.0,14.27,2008-12-21,Persistence,14,2008
2008-12-08,2008,12,14.26,13.98,14.26,2008-12-22,Persistence,14,2008
2008-12-09,2008,12,14.24,13.97,14.24,2008-12-23,Persistence,14,2008
2008-12-10,2008,12,14.21,13.95,14.21,2008-12-24,Persistence,14,2008
2008-12-11,2008,12,14.2,13.93,14.2,2008-12-25,Persistence,14,2008
2008-12-12,2008,12,14.18,13.91,14.18,2008-12-26,Persistence,14,2008
2008-12-13,2008,12,14.17,13.89,14.17,2008-12-27,Persistence,14,2008
2008-12-14,2008,12,14.15,13.87,14.15,2008-12-28,Persistence,14,2008
2008-12-15,2008,12,14.13,13.85,14.13,2008-12-29,Persistence,14,2008
2008-12-16,2008,12,14.1,13.84,14.1,2008-12-30,Persistence,14,2008
2008-12-17,2008,12,14.08,13.83,14.08,2008-12-31,Persistence,14,2008
2008-12-18,2008,12,14.06,13.81,14.06,2009-01-01,Persistence,14,2008
2008-12-19,2008,12,14.04,13.79,14.04,2009-01-02,Persistence,14,2008
2008-12-20,2008,12,14.02,13.77,14.02,2009-01-03,Persistence,14,2008
2008-12-21,2008,12,14.0,13.75,14.0,2009-01-04,Persistence,14,2008
2008-12-22,2008,12,13.98,13.74,13.98,2009-01-05,Persistence,14,2008
2008-12-23,2008,12,13.97,13.73,13.97,2009-01-06,Persistence,14,2008
2008-12-24,2008,12,13.95,13.71,13.95,2009-01-07,Persistence,14,2008
2008-12-25,2008,12,13.93,13.69,13.93,2009-01-08,Persistence,14,2008
2008-12-26,2008,12,13.91,13.67,13.91,2009-01-09,Persistence,14,2008
2008-12-27,2008,12,13.89,13.66,13.89,2009-01-10,Persistence,14,2008
2008-12-28,2008,12,13.87,13.65,13.87,2009-01-11,Persistence,14,2008
2008-12-29,2008,12,13.85,13.64,13.85,2009-01-12,Persistence,14,2008
2008-12-30,2008,12,13.84,13.62,13.84,2009-01-13,Persistence,14,2008
2008-12-31,2008,12,13.83,13.6,13.83,2009-01-14,Persistence,14,2008
2009-01-01,2009,1,13.81,13.587,13.81,2009-01-15,Persistence,14,2009
2009-01-02,2009,1,13.79,13.56,13.79,2009-01-16,Persistence,14,2009
2009-01-03,2009,1,13.77,13.55,13.77,2009-01-17,Persistence,14,2009
2009-01-04,2009,1,13.75,13.54,13.75,2009-01-18,Persistence,14,2009
2009-01-05,2009,1,13.74,13.53,13.74,2009-01-19,Persistence,14,2009
2009-01-06,2009,1,13.73,13.51,13.73,2009-01-20,Persistence,14,2009
2009-01-07,2009,1,13.71,13.49,13.71,2009-01-21,Persistence,14,2009
2009-01-08,2009,1,13.69,13.47,13.69,2009-01-22,Persistence,14,2009
2009-01-09,2009,1,13.67,13.46,13.67,2009-01-23,Persistence,14,2009
2009-01-10,2009,1,13.66,13.45,13.66,2009-01-24,Persistence,14,2009
2009-01-11,2009,1,13.65,13.44,13.65,2009-01-25,Persistence,14,2009
2009-01-12,2009,1,13.64,13.43,13.64,2009-01-26,Persistence,14,2009
2009-01-13,2009,1,13.62,13.43,13.62,2009-01-27,Persistence,14,2009
2009-01-14,2009,1,13.6,13.42,13.6,2009-01-28,Persistence,14,2009
2009-01-15,2009,1,13.587,13.41,13.587,2009-01-29,Persistence,14,2009
2009-01-16,2009,1,13.56,13.4,13.56,2009-01-30,Persistence,14,2009
2009-01-17,2009,1,13.55,13.39,13.55,2009-01-31,Persistence,14,2009
2009-01-18,2009,1,13.54,13.37,13.54,2009-02-01,Persistence,14,2009
2009-01-19,2009,1,13.53,13.37,13.53,2009-02-02,Persistence,14,2009
2009-01-20,2009,1,13.51,13.36,13.51,2009-02-03,Persistence,14,2009
2009-01-21,2009,1,13.49,13.36,13.49,2009-02-04,Persistence,14,2009
2009-01-22,2009,1,13.47,13.36,13.47,2009-02-05,Persistence,14,2009
2009-01-23,2009,1,13.46,13.36,13.46,2009-02-06,Persistence,14,2009
2009-01-24,2009,1,13.45,13.36,13.45,2009-02-07,Persistence,14,2009
2009-01-25,2009,1,13.44,13.36,13.44,2009-02-08,Persistence,14,2009
2009-01-26,2009,1,13.43,13.35,13.43,2009-02-09,Persistence,14,2009
2009-01-27,2009,1,13.43,13.35,13.43,2009-02-10,Persistence,14,2009
2009-01-28,2009,1,13.42,13.34,13.42,2009-02-11,Persistence,14,2009
2009-01-29,2009,1,13.41,13.33,13.41,2009-02-12,Persistence,14,2009
2009-01-30,2009,1,13.4,13.31,13.4,2009-02-13,Persistence,14,2009
2009-01-31,2009,1,13.39,13.29,13.39,2009-02-14,Persistence,14,2009
2009-02-01,2009,2,13.37,13.27,13.37,2009-02-15,Persistence,14,2009
2009-02-02,2009,2,13.37,13.25,13.37,2009-02-16,Persistence,14,2009
2009-02-03,2009,2,13.36,13.23,13.36,2009-02-17,Persistence,14,2009
2009-02-04,2009,2,13.36,13.22,13.36,2009-02-18,Persistence,14,2009
2009-02-05,2009,2,13.36,13.21,13.36,2009-02-19,Persistence,14,2009
2009-02-06,2009,2,13.36,13.2,13.36,2009-02-20,Persistence,14,2009
2009-02-07,2009,2,13.36,13.19,13.36,2009-02-21,Persistence,14,2009
2009-02-08,2009,2,13.36,13.17,13.36,2009-02-22,Persistence,14,2009
2009-02-09,2009,2,13.35,13.15,13.35,2009-02-23,Persistence,14,2009
2009-02-10,2009,2,13.35,13.14,13.35,2009-02-24,Persistence,14,2009
2009-02-11,2009,2,13.34,13.13,13.34,2009-02-25,Persistence,14,2009
2009-02-12,2009,2,13.33,13.12,13.33,2009-02-26,Persistence,14,2009
2009-02-13,2009,2,13.31,13.11,13.31,2009-02-27,Persistence,14,2009
2009-02-14,2009,2,13.29,13.1,13.29,2009-02-28,Persistence,14,2009
2009-02-15,2009,2,13.27,13.12,13.27,2009-03-01,Persistence,14,2009
2009-02-16,2009,2,13.25,13.15,13.25,2009-03-02,Persistence,14,2009
2009-02-17,2009,2,13.23,13.17,13.23,2009-03-03,Persistence,14,2009
2009-02-18,2009,2,13.22,13.2,13.22,2009-03-04,Persistence,14,2009
2009-02-19,2009,2,13.21,13.26,13.21,2009-03-05,Persistence,14,2009
2009-02-20,2009,2,13.2,13.35,13.2,2009-03-06,Persistence,14,2009
2009-02-21,2009,2,13.19,13.45,13.19,2009-03-07,Persistence,14,2009
2009-02-22,2009,2,13.17,13.5,13.17,2009-03-08,Persistence,14,2009
2009-02-23,2009,2,13.15,13.52,13.15,2009-03-09,Persistence,14,2009
2009-02-24,2009,2,13.14,13.53,13.14,2009-03-10,Persistence,14,2009
2009-02-25,2009,2,13.13,13.5,13.13,2009-03-11,Persistence,14,2009
2009-02-26,2009,2,13.12,13.46,13.12,2009-03-12,Persistence,14,2009
2009-02-27,2009,2,13.11,13.44,13.11,2009-03-13,Persistence,14,2009
2009-02-28,2009,2,13.1,13.42,13.1,2009-03-14,Persistence,14,2009
2009-03-01,2009,3,13.12,13.39,13.12,2009-03-15,Persistence,14,2009
2009-03-02,2009,3,13.15,13.37,13.15,2009-03-16,Persistence,14,2009
2009-03-03,2009,3,13.17,13.38,13.17,2009-03-17,Persistence,14,2009
2009-03-04,2009,3,13.2,13.4,13.2,2009-03-18,Persistence,14,2009
2009-03-05,2009,3,13.26,13.43,13.26,2009-03-19,Persistence,14,2009
2009-03-06,2009,3,13.35,13.45,13.35,2009-03-20,Persistence,14,2009
2009-03-07,2009,3,13.45,13.46,13.45,2009-03-21,Persistence,14,2009
2009-03-08,2009,3,13.5,13.47,13.5,2009-03-22,Persistence,14,2009
2009-03-09,2009,3,13.52,13.47,13.52,2009-03-23,Persistence,14,2009
2009-03-10,2009,3,13.53,13.45,13.53,2009-03-24,Persistence,14,2009
2009-03-11,2009,3,13.5,13.43,13.5,2009-03-25,Persistence,14,2009
2009-03-12,2009,3,13.46,13.41,13.46,2009-03-26,Persistence,14,2009
2009-03-13,2009,3,13.44,13.4,13.44,2009-03-27,Persistence,14,2009
2009-03-14,2009,3,13.42,13.4,13.42,2009-03-28,Persistence,14,2009
2009-03-15,2009,3,13.39,13.39,13.39,2009-03-29,Persistence,14,2009
2009-03-16,2009,3,13.37,13.39,13.37,2009-03-30,Persistence,14,2009
2009-03-17,2009,3,13.38,13.39,13.38,2009-03-31,Persistence,14,2009
2009-03-18,2009,3,13.4,13.38,13.4,2009-04-01,Persistence,14,2009
2009-03-19,2009,3,13.43,13.39,13.43,2009-04-02,Persistence,14,2009
2009-03-20,2009,3,13.45,13.5,13.45,2009-04-03,Persistence,14,2009
2009-03-21,2009,3,13.46,13.54,13.46,2009-04-04,Persistence,14,2009
2009-03-22,2009,3,13.47,13.55,13.47,2009-04-05,Persistence,14,2009
2009-03-23,2009,3,13.47,13.54,13.47,2009-04-06,Persistence,14,2009
2009-03-24,2009,3,13.45,13.54,13.45,2009-04-07,Persistence,14,2009
2009-03-25,2009,3,13.43,13.6,13.43,2009-04-08,Persistence,14,2009
2009-03-26,2009,3,13.41,13.7,13.41,2009-04-09,Persistence,14,2009
2009-03-27,2009,3,13.4,13.82,13.4,2009-04-10,Persistence,14,2009
2009-03-28,2009,3,13.4,13.87,13.4,2009-04-11,Persistence,14,2009
2009-03-29,2009,3,13.39,13.89,13.39,2009-04-12,Persistence,14,2009
2009-03-30,2009,3,13.39,13.83,13.39,2009-04-13,Persistence,14,2009
2009-03-31,2009,3,13.39,13.85,13.39,2009-04-14,Persistence,14,2009
2009-04-01,2009,4,13.38,13.93,13.38,2009-04-15,Persistence,14,2009
2009-04-02,2009,4,13.39,13.99,13.39,2009-04-16,Persistence,14,2009
2009-04-03,2009,4,13.5,14.07,13.5,2009-04-17,Persistence,14,2009
2009-04-04,2009,4,13.54,14.16,13.54,2009-04-18,Persistence,14,2009
2009-04-05,2009,4,13.55,14.22,13.55,2009-04-19,Persistence,14,2009
2009-04-06,2009,4,13.54,14.28,13.54,2009-04-20,Persistence,14,2009
2009-04-07,2009,4,13.54,14.32,13.54,2009-04-21,Persistence,14,2009
2009-04-08,2009,4,13.6,14.3,13.6,2009-04-22,Persistence,14,2009
2009-04-09,2009,4,13.7,14.21,13.7,2009-04-23,Persistence,14,2009
2009-04-10,2009,4,13.82,14.28,13.82,2009-04-24,Persistence,14,2009
2009-04-11,2009,4,13.87,14.43,13.87,2009-04-25,Persistence,14,2009
2009-04-12,2009,4,13.89,14.63,13.89,2009-04-26,Persistence,14,2009
2009-04-13,2009,4,13.83,14.71,13.83,2009-04-27,Persistence,14,2009
2009-04-14,2009,4,13.85,14.71,13.85,2009-04-28,Persistence,14,2009
2009-04-15,2009,4,13.93,14.62,13.93,2009-04-29,Persistence,14,2009
2009-04-16,2009,4,13.99,14.73,13.99,2009-04-30,Persistence,14,2009
2009-04-17,2009,4,14.07,14.82,14.07,2009-05-01,Persistence,14,2009
2009-04-18,2009,4,14.16,14.91,14.16,2009-05-02,Persistence,14,2009
2009-04-19,2009,4,14.22,14.86,14.22,2009-05-03,Persistence,14,2009
2009-04-20,2009,4,14.28,14.85,14.28,2009-05-04,Persistence,14,2009
2009-04-21,2009,4,14.32,14.82,14.32,2009-05-05,Persistence,14,2009
2009-04-22,2009,4,14.3,14.77,14.3,2009-05-06,Persistence,14,2009
2009-04-23,2009,4,14.21,14.76,14.21,2009-05-07,Persistence,14,2009
2009-04-24,2009,4,14.28,14.74,14.28,2009-05-08,Persistence,14,2009
2009-04-25,2009,4,14.43,14.73,14.43,2009-05-09,Persistence,14,2009
2009-04-26,2009,4,14.63,14.71,14.63,2009-05-10,Persistence,14,2009
2009-04-27,2009,4,14.71,14.79,14.71,2009-05-11,Persistence,14,2009
2009-04-28,2009,4,14.71,14.87,14.71,2009-05-12,Persistence,14,2009
2009-04-29,2009,4,14.62,14.92,14.62,2009-05-13,Persistence,14,2009
2009-04-30,2009,4,14.73,14.95,14.73,2009-05-14,Persistence,14,2009
2009-05-01,2009,5,14.82,15.03,14.82,2009-05-15,Persistence,14,2009
2009-05-02,2009,5,14.91,15.11,14.91,2009-05-16,Persistence,14,2009
2009-05-03,2009,5,14.86,15.19,14.86,2009-05-17,Persistence,14,2009
2009-05-04,2009,5,14.85,15.22,14.85,2009-05-18,Persistence,14,2009
2009-05-05,2009,5,14.82,15.17,14.82,2009-05-19,Persistence,14,2009
2009-05-06,2009,5,14.77,14.99,14.77,2009-05-20,Persistence,14,2009
2009-05-07,2009,5,14.76,14.95,14.76,2009-05-21,Persistence,14,2009
2009-05-08,2009,5,14.74,14.91,14.74,2009-05-22,Persistence,14,2009
2009-05-09,2009,5,14.73,14.87,14.73,2009-05-23,Persistence,14,2009
2009-05-10,2009,5,14.71,14.8,14.71,2009-05-24,Persistence,14,2009
2009-05-11,2009,5,14.79,14.8,14.79,2009-05-25,Persistence,14,2009
2009-05-12,2009,5,14.87,14.83,14.87,2009-05-26,Persistence,14,2009
2009-05-13,2009,5,14.92,15.07,14.92,2009-05-27,Persistence,14,2009
2009-05-14,2009,5,14.95,16.29,14.95,2009-05-28,Persistence,14,2009
2009-05-15,2009,5,15.03,16.4,15.03,2009-05-29,Persistence,14,2009
2009-05-16,2009,5,15.11,16.2,15.11,2009-05-30,Persistence,14,2009
2009-05-17,2009,5,15.19,15.98,15.19,2009-05-31,Persistence,14,2009
2009-05-18,2009,5,15.22,15.93,15.22,2009-06-01,Persistence,14,2009
2009-05-19,2009,5,15.17,15.99,15.17,2009-06-02,Persistence,14,2009
2009-05-20,2009,5,14.99,16.05,14.99,2009-06-03,Persistence,14,2009
2009-05-21,2009,5,14.95,16.01,14.95,2009-06-04,Persistence,14,2009
2009-05-22,2009,5,14.91,15.92,14.91,2009-06-05,Persistence,14,2009
2009-05-23,2009,5,14.87,15.87,14.87,2009-06-06,Persistence,14,2009
2009-05-24,2009,5,14.8,15.85,14.8,2009-06-07,Persistence,14,2009
2009-05-25,2009,5,14.8,15.85,14.8,2009-06-08,Persistence,14,2009
2009-05-26,2009,5,14.83,15.82,14.83,2009-06-09,Persistence,14,2009
2009-05-27,2009,5,15.07,15.82,15.07,2009-06-10,Persistence,14,2009
2009-05-28,2009,5,16.29,15.75,16.29,2009-06-11,Persistence,14,2009
2009-05-29,2009,5,16.4,15.74,16.4,2009-06-12,Persistence,14,2009
2009-05-30,2009,5,16.2,15.82,16.2,2009-06-13,Persistence,14,2009
2009-05-31,2009,5,15.98,15.89,15.98,2009-06-14,Persistence,14,2009
2009-06-01,2009,6,15.93,16.06,15.93,2009-06-15,Persistence,14,2009
2009-06-02,2009,6,15.99,16.24,15.99,2009-06-16,Persistence,14,2009
2009-06-03,2009,6,16.05,16.46,16.05,2009-06-17,Persistence,14,2009
2009-06-04,2009,6,16.01,16.57,16.01,2009-06-18,Persistence,14,2009
2009-06-05,2009,6,15.92,16.57,15.92,2009-06-19,Persistence,14,2009
2009-06-06,2009,6,15.87,16.43,15.87,2009-06-20,Persistence,14,2009
2009-06-07,2009,6,15.85,16.26,15.85,2009-06-21,Persistence,14,2009
2009-06-08,2009,6,15.85,16.22,15.85,2009-06-22,Persistence,14,2009
2009-06-09,2009,6,15.82,16.11,15.82,2009-06-23,Persistence,14,2009
2009-06-10,2009,6,15.82,16.22,15.82,2009-06-24,Persistence,14,2009
2009-06-11,2009,6,15.75,16.27,15.75,2009-06-25,Persistence,14,2009
2009-06-12,2009,6,15.74,16.31,15.74,2009-06-26,Persistence,14,2009
2009-06-13,2009,6,15.82,16.22,15.82,2009-06-27,Persistence,14,2009
2009-06-14,2009,6,15.89,16.3,15.89,2009-06-28,Persistence,14,2009
2009-06-15,2009,6,16.06,16.67,16.06,2009-06-29,Persistence,14,2009
2009-06-16,2009,6,16.24,16.84,16.24,2009-06-30,Persistence,14,2009
2009-06-17,2009,6,16.46,17.07,16.46,2009-07-01,Persistence,14,2009
2009-06-18,2009,6,16.57,17.6,16.57,2009-07-02,Persistence,14,2009
2009-06-19,2009,6,16.57,17.98,16.57,2009-07-03,Persistence,14,2009
2009-06-20,2009,6,16.43,18.57,16.43,2009-07-04,Persistence,14,2009
2009-06-21,2009,6,16.26,18.67,16.26,2009-07-05,Persistence,14,2009
2009-06-22,2009,6,16.22,18.83,16.22,2009-07-06,Persistence,14,2009
2009-06-23,2009,6,16.11,18.91,16.11,2009-07-07,Persistence,14,2009
2009-06-24,2009,6,16.22,18.83,16.22,2009-07-08,Persistence,14,2009
2009-06-25,2009,6,16.27,18.57,16.27,2009-07-09,Persistence,14,2009
2009-06-26,2009,6,16.31,18.44,16.31,2009-07-10,Persistence,14,2009
2009-06-27,2009,6,16.22,18.32,16.22,2009-07-11,Persistence,14,2009
2009-06-28,2009,6,16.3,18.28,16.3,2009-07-12,Persistence,14,2009
2009-06-29,2009,6,16.67,18.25,16.67,2009-07-13,Persistence,14,2009
2009-06-30,2009,6,16.84,18.2,16.84,2009-07-14,Persistence,14,2009
2009-07-01,2009,7,17.07,18.17,17.07,2009-07-15,Persistence,14,2009
2009-07-02,2009,7,17.6,18.09,17.6,2009-07-16,Persistence,14,2009
2009-07-03,2009,7,17.98,17.99,17.98,2009-07-17,Persistence,14,2009
2009-07-04,2009,7,18.57,17.86,18.57,2009-07-18,Persistence,14,2009
2009-07-05,2009,7,18.67,17.74,18.67,2009-07-19,Persistence,14,2009
2009-07-06,2009,7,18.83,17.58,18.83,2009-07-20,Persistence,14,2009
2009-07-07,2009,7,18.91,17.39,18.91,2009-07-21,Persistence,14,2009
2009-07-08,2009,7,18.83,17.32,18.83,2009-07-22,Persistence,14,2009
2009-07-09,2009,7,18.57,17.27,18.57,2009-07-23,Persistence,14,2009
2009-07-10,2009,7,18.44,17.19,18.44,2009-07-24,Persistence,14,2009
2009-07-11,2009,7,18.32,17.16,18.32,2009-07-25,Persistence,14,2009
2009-07-12,2009,7,18.28,17.12,18.28,2009-07-26,Persistence,14,2009
2009-07-13,2009,7,18.25,17.12,18.25,2009-07-27,Persistence,14,2009
2009-07-14,2009,7,18.2,17.4,18.2,2009-07-28,Persistence,14,2009
2009-07-15,2009,7,18.17,17.72,18.17,2009-07-29,Persistence,14,2009
2009-07-16,2009,7,18.09,17.93,18.09,2009-07-30,Persistence,14,2009
2009-07-17,2009,7,17.99,18.15,17.99,2009-07-31,Persistence,14,2009
2009-07-18,2009,7,17.86,18.36,17.86,2009-08-01,Persistence,14,2009
2009-07-19,2009,7,17.74,18.42,17.74,2009-08-02,Persistence,14,2009
2009-07-20,2009,7,17.58,18.39,17.58,2009-08-03,Persistence,14,2009
2009-07-21,2009,7,17.39,18.33,17.39,2009-08-04,Persistence,14,2009
2009-07-22,2009,7,17.32,18.34,17.32,2009-08-05,Persistence,14,2009
2009-07-23,2009,7,17.27,18.39,17.27,2009-08-06,Persistence,14,2009
2009-07-24,2009,7,17.19,18.45,17.19,2009-08-07,Persistence,14,2009
2009-07-25,2009,7,17.16,18.42,17.16,2009-08-08,Persistence,14,2009
2009-07-26,2009,7,17.12,18.41,17.12,2009-08-09,Persistence,14,2009
2009-07-27,2009,7,17.12,18.36,17.12,2009-08-10,Persistence,14,2009
2009-07-28,2009,7,17.4,18.32,17.4,2009-08-11,Persistence,14,2009
2009-07-29,2009,7,17.72,18.25,17.72,2009-08-12,Persistence,14,2009
2009-07-30,2009,7,17.93,18.24,17.93,2009-08-13,Persistence,14,2009
2009-07-31,2009,7,18.15,18.4,18.15,2009-08-14,Persistence,14,2009
2009-08-01,2009,8,18.36,18.54,18.36,2009-08-15,Persistence,14,2009
2009-08-02,2009,8,18.42,18.55,18.42,2009-08-16,Persistence,14,2009
2009-08-03,2009,8,18.39,19.04,18.39,2009-08-17,Persistence,14,2009
2009-08-04,2009,8,18.33,19.27,18.33,2009-08-18,Persistence,14,2009
2009-08-05,2009,8,18.34,19.27,18.34,2009-08-19,Persistence,14,2009
2009-08-06,2009,8,18.39,19.15,18.39,2009-08-20,Persistence,14,2009
2009-08-07,2009,8,18.45,19.33,18.45,2009-08-21,Persistence,14,2009
2009-08-08,2009,8,18.42,19.4,18.42,2009-08-22,Persistence,14,2009
2009-08-09,2009,8,18.41,19.29,18.41,2009-08-23,Persistence,14,2009
2009-08-10,2009,8,18.36,19.23,18.36,2009-08-24,Persistence,14,2009
2009-08-11,2009,8,18.32,19.2,18.32,2009-08-25,Persistence,14,2009
2009-08-12,2009,8,18.25,19.19,18.25,2009-08-26,Persistence,14,2009
2009-08-13,2009,8,18.24,19.18,18.24,2009-08-27,Persistence,14,2009
2009-08-14,2009,8,18.4,19.16,18.4,2009-08-28,Persistence,14,2009
2009-08-15,2009,8,18.54,19.13,18.54,2009-08-29,Persistence,14,2009
2009-08-16,2009,8,18.55,19.03,18.55,2009-08-30,Persistence,14,2009
2009-08-17,2009,8,19.04,18.94,19.04,2009-08-31,Persistence,14,2009
2009-08-18,2009,8,19.27,18.79,19.27,2009-09-01,Persistence,14,2009
2009-08-19,2009,8,19.27,18.67,19.27,2009-09-02,Persistence,14,2009
2009-08-20,2009,8,19.15,18.55,19.15,2009-09-03,Persistence,14,2009
2009-08-21,2009,8,19.33,18.4,19.33,2009-09-04,Persistence,14,2009
2009-08-22,2009,8,19.4,18.29,19.4,2009-09-05,Persistence,14,2009
2009-08-23,2009,8,19.29,18.07,19.29,2009-09-06,Persistence,14,2009
2009-08-24,2009,8,19.23,17.96,19.23,2009-09-07,Persistence,14,2009
2009-08-25,2009,8,19.2,17.74,19.2,2009-09-08,Persistence,14,2009
2009-08-26,2009,8,19.19,17.61,19.19,2009-09-09,Persistence,14,2009
2009-08-27,2009,8,19.18,17.52,19.18,2009-09-10,Persistence,14,2009
2009-08-28,2009,8,19.16,17.31,19.16,2009-09-11,Persistence,14,2009
2009-08-29,2009,8,19.13,17.25,19.13,2009-09-12,Persistence,14,2009
2009-08-30,2009,8,19.03,17.14,19.03,2009-09-13,Persistence,14,2009
2009-08-31,2009,8,18.94,17.14,18.94,2009-09-14,Persistence,14,2009
2009-09-01,2009,9,18.79,17.07,18.79,2009-09-15,Persistence,14,2009
2009-09-02,2009,9,18.67,17.0,18.67,2009-09-16,Persistence,14,2009
2009-09-03,2009,9,18.55,16.94,18.55,2009-09-17,Persistence,14,2009
2009-09-04,2009,9,18.4,16.93,18.4,2009-09-18,Persistence,14,2009
2009-09-05,2009,9,18.29,16.99,18.29,2009-09-19,Persistence,14,2009
2009-09-06,2009,9,18.07,17.2,18.07,2009-09-20,Persistence,14,2009
2009-09-07,2009,9,17.96,17.3,17.96,2009-09-21,Persistence,14,2009
2009-09-08,2009,9,17.74,17.3,17.74,2009-09-22,Persistence,14,2009
2009-09-09,2009,9,17.61,17.23,17.61,2009-09-23,Persistence,14,2009
2009-09-10,2009,9,17.52,17.31,17.52,2009-09-24,Persistence,14,2009
2009-09-11,2009,9,17.31,17.51,17.31,2009-09-25,Persistence,14,2009
2009-09-12,2009,9,17.25,17.63,17.25,2009-09-26,Persistence,14,2009
2009-09-13,2009,9,17.14,17.65,17.14,2009-09-27,Persistence,14,2009
2009-09-14,2009,9,17.14,17.57,17.14,2009-09-28,Persistence,14,2009
2009-09-15,2009,9,17.07,17.46,17.07,2009-09-29,Persistence,14,2009
2009-09-16,2009,9,17.0,17.24,17.0,2009-09-30,Persistence,14,2009
2009-09-17,2009,9,16.94,17.12,16.94,2009-10-01,Persistence,14,2009
2009-09-18,2009,9,16.93,17.02,16.93,2009-10-02,Persistence,14,2009
2009-09-19,2009,9,16.99,16.92,16.99,2009-10-03,Persistence,14,2009
2009-09-20,2009,9,17.2,16.76,17.2,2009-10-04,Persistence,14,2009
2009-09-21,2009,9,17.3,16.62,17.3,2009-10-05,Persistence,14,2009
2009-09-22,2009,9,17.3,16.47,17.3,2009-10-06,Persistence,14,2009
2009-09-23,2009,9,17.23,16.36,17.23,2009-10-07,Persistence,14,2009
2009-09-24,2009,9,17.31,16.62,17.31,2009-10-08,Persistence,14,2009
2009-09-25,2009,9,17.51,17.56,17.51,2009-10-09,Persistence,14,2009
2009-09-26,2009,9,17.63,17.67,17.63,2009-10-10,Persistence,14,2009
2009-09-27,2009,9,17.65,17.41,17.65,2009-10-11,Persistence,14,2009
2009-09-28,2009,9,17.57,17.26,17.57,2009-10-12,Persistence,14,2009
2009-09-29,2009,9,17.46,17.14,17.46,2009-10-13,Persistence,14,2009
2009-09-30,2009,9,17.24,17.21,17.24,2009-10-14,Persistence,14,2009
2009-10-01,2009,10,17.12,17.33,17.12,2009-10-15,Persistence,14,2009
2009-10-02,2009,10,17.02,17.34,17.02,2009-10-16,Persistence,14,2009
2009-10-03,2009,10,16.92,17.25,16.92,2009-10-17,Persistence,14,2009
2009-10-04,2009,10,16.76,17.08,16.76,2009-10-18,Persistence,14,2009
2009-10-05,2009,10,16.62,16.9,16.62,2009-10-19,Persistence,14,2009
2009-10-06,2009,10,16.47,16.68,16.47,2009-10-20,Persistence,14,2009
2009-10-07,2009,10,16.36,16.48,16.36,2009-10-21,Persistence,14,2009
2009-10-08,2009,10,16.62,16.27,16.62,2009-10-22,Persistence,14,2009
2009-10-09,2009,10,17.56,16.16,17.56,2009-10-23,Persistence,14,2009
2009-10-10,2009,10,17.67,16.08,17.67,2009-10-24,Persistence,14,2009
2009-10-11,2009,10,17.41,16.0,17.41,2009-10-25,Persistence,14,2009
2009-10-12,2009,10,17.26,15.96,17.26,2009-10-26,Persistence,14,2009
2009-10-13,2009,10,17.14,15.93,17.14,2009-10-27,Persistence,14,2009
2009-10-14,2009,10,17.21,15.8,17.21,2009-10-28,Persistence,14,2009
2009-10-15,2009,10,17.33,15.73,17.33,2009-10-29,Persistence,14,2009
2009-10-16,2009,10,17.34,15.65,17.34,2009-10-30,Persistence,14,2009
2009-10-17,2009,10,17.25,15.58,17.25,2009-10-31,Persistence,14,2009
2009-10-18,2009,10,17.08,15.49,17.08,2009-11-01,Persistence,14,2009
2009-10-19,2009,10,16.9,15.42,16.9,2009-11-02,Persistence,14,2009
2009-10-20,2009,10,16.68,15.37,16.68,2009-11-03,Persistence,14,2009
2009-10-21,2009,10,16.48,15.28,16.48,2009-11-04,Persistence,14,2009
2009-10-22,2009,10,16.27,15.22,16.27,2009-11-05,Persistence,14,2009
2009-10-23,2009,10,16.16,15.17,16.16,2009-11-06,Persistence,14,2009
2009-10-24,2009,10,16.08,15.13,16.08,2009-11-07,Persistence,14,2009
2009-10-25,2009,10,16.0,15.07,16.0,2009-11-08,Persistence,14,2009
2009-10-26,2009,10,15.96,15.04,15.96,2009-11-09,Persistence,14,2009
2009-10-27,2009,10,15.93,15.01,15.93,2009-11-10,Persistence,14,2009
2009-10-28,2009,10,15.8,14.95,15.8,2009-11-11,Persistence,14,2009
2009-10-29,2009,10,15.73,14.9,15.73,2009-11-12,Persistence,14,2009
2009-10-30,2009,10,15.65,14.85,15.65,2009-11-13,Persistence,14,2009
2009-10-31,2009,10,15.58,14.8,15.58,2009-11-14,Persistence,14,2009
2009-11-01,2009,11,15.49,14.74,15.49,2009-11-15,Persistence,14,2009
2009-11-02,2009,11,15.42,14.7,15.42,2009-11-16,Persistence,14,2009
2009-11-03,2009,11,15.37,14.67,15.37,2009-11-17,Persistence,14,2009
2009-11-04,2009,11,15.28,14.63,15.28,2009-11-18,Persistence,14,2009
2009-11-05,2009,11,15.22,14.62,15.22,2009-11-19,Persistence,14,2009
2009-11-06,2009,11,15.17,14.6,15.17,2009-11-20,Persistence,14,2009
2009-11-07,2009,11,15.13,14.59,15.13,2009-11-21,Persistence,14,2009
2009-11-08,2009,11,15.07,14.57,15.07,2009-11-22,Persistence,14,2009
2009-11-09,2009,11,15.04,14.55,15.04,2009-11-23,Persistence,14,2009
2009-11-10,2009,11,15.01,14.63,15.01,2009-11-24,Persistence,14,2009
2009-11-11,2009,11,14.95,14.95,14.95,2009-11-25,Persistence,14,2009
2009-11-12,2009,11,14.9,15.0,14.9,2009-11-26,Persistence,14,2009
2009-11-13,2009,11,14.85,15.0,14.85,2009-11-27,Persistence,14,2009
2009-11-14,2009,11,14.8,14.87,14.8,2009-11-28,Persistence,14,2009
2009-11-15,2009,11,14.74,14.73,14.74,2009-11-29,Persistence,14,2009
2009-11-16,2009,11,14.7,14.64,14.7,2009-11-30,Persistence,14,2009
2009-11-17,2009,11,14.67,14.61,14.67,2009-12-01,Persistence,14,2009
2009-11-18,2009,11,14.63,14.52,14.63,2009-12-02,Persistence,14,2009
2009-11-19,2009,11,14.62,14.48,14.62,2009-12-03,Persistence,14,2009
2009-11-20,2009,11,14.6,14.4,14.6,2009-12-04,Persistence,14,2009
2009-11-21,2009,11,14.59,14.38,14.59,2009-12-05,Persistence,14,2009
2009-11-22,2009,11,14.57,14.35,14.57,2009-12-06,Persistence,14,2009
2009-11-23,2009,11,14.55,14.31,14.55,2009-12-07,Persistence,14,2009
2009-11-24,2009,11,14.63,14.29,14.63,2009-12-08,Persistence,14,2009
2009-11-25,2009,11,14.95,14.27,14.95,2009-12-09,Persistence,14,2009
2009-11-26,2009,11,15.0,14.25,15.0,2009-12-10,Persistence,14,2009
2009-11-27,2009,11,15.0,14.22,15.0,2009-12-11,Persistence,14,2009
2009-11-28,2009,11,14.87,14.2,14.87,2009-12-12,Persistence,14,2009
2009-11-29,2009,11,14.73,14.17,14.73,2009-12-13,Persistence,14,2009
2009-11-30,2009,11,14.64,14.16,14.64,2009-12-14,Persistence,14,2009
2009-12-01,2009,12,14.61,14.13,14.61,2009-12-15,Persistence,14,2009
2009-12-02,2009,12,14.52,14.12,14.52,2009-12-16,Persistence,14,2009
2009-12-03,2009,12,14.48,14.11,14.48,2009-12-17,Persistence,14,2009
2009-12-04,2009,12,14.4,14.07,14.4,2009-12-18,Persistence,14,2009
2009-12-05,2009,12,14.38,14.05,14.38,2009-12-19,Persistence,14,2009
2009-12-06,2009,12,14.35,14.01,14.35,2009-12-20,Persistence,14,2009
2009-12-07,2009,12,14.31,13.98,14.31,2009-12-21,Persistence,14,2009
2009-12-08,2009,12,14.29,13.96,14.29,2009-12-22,Persistence,14,2009
2009-12-09,2009,12,14.27,13.94,14.27,2009-12-23,Persistence,14,2009
2009-12-10,2009,12,14.25,13.92,14.25,2009-12-24,Persistence,14,2009
2009-12-11,2009,12,14.22,13.92,14.22,2009-12-25,Persistence,14,2009
2009-12-12,2009,12,14.2,13.91,14.2,2009-12-26,Persistence,14,2009
2009-12-13,2009,12,14.17,13.9,14.17,2009-12-27,Persistence,14,2009
2009-12-14,2009,12,14.16,13.89,14.16,2009-12-28,Persistence,14,2009
2009-12-15,2009,12,14.13,13.89,14.13,2009-12-29,Persistence,14,2009
2009-12-16,2009,12,14.12,13.88,14.12,2009-12-30,Persistence,14,2009
2009-12-17,2009,12,14.11,13.85,14.11,2009-12-31,Persistence,14,2009
2009-12-18,2009,12,14.07,13.83,14.07,2010-01-01,Persistence,14,2009
2009-12-19,2009,12,14.05,13.79,14.05,2010-01-02,Persistence,14,2009
2009-12-20,2009,12,14.01,13.76,14.01,2010-01-03,Persistence,14,2009
2009-12-21,2009,12,13.98,13.73,13.98,2010-01-04,Persistence,14,2009
2009-12-22,2009,12,13.96,13.71,13.96,2010-01-05,Persistence,14,2009
2009-12-23,2009,12,13.94,13.69,13.94,2010-01-06,Persistence,14,2009
2009-12-24,2009,12,13.92,13.67,13.92,2010-01-07,Persistence,14,2009
2009-12-25,2009,12,13.92,13.65,13.92,2010-01-08,Persistence,14,2009
2009-12-26,2009,12,13.91,13.63,13.91,2010-01-09,Persistence,14,2009
2009-12-27,2009,12,13.9,13.62,13.9,2010-01-10,Persistence,14,2009
2009-12-28,2009,12,13.89,13.6,13.89,2010-01-11,Persistence,14,2009
2009-12-29,2009,12,13.89,13.58,13.89,2010-01-12,Persistence,14,2009
2009-12-30,2009,12,13.88,13.56,13.88,2010-01-13,Persistence,14,2009
2009-12-31,2009,12,13.85,13.54,13.85,2010-01-14,Persistence,14,2009
2010-01-01,2010,1,13.83,13.53,13.83,2010-01-15,Persistence,14,2010
2010-01-02,2010,1,13.79,13.52,13.79,2010-01-16,Persistence,14,2010
2010-01-03,2010,1,13.76,13.5,13.76,2010-01-17,Persistence,14,2010
2010-01-04,2010,1,13.73,13.48,13.73,2010-01-18,Persistence,14,2010
2010-01-05,2010,1,13.71,13.46,13.71,2010-01-19,Persistence,14,2010
2010-01-06,2010,1,13.69,13.45,13.69,2010-01-20,Persistence,14,2010
2010-01-07,2010,1,13.67,13.43,13.67,2010-01-21,Persistence,14,2010
2010-01-08,2010,1,13.65,13.42,13.65,2010-01-22,Persistence,14,2010
2010-01-09,2010,1,13.63,13.41,13.63,2010-01-23,Persistence,14,2010
2010-01-10,2010,1,13.62,13.39,13.62,2010-01-24,Persistence,14,2010
2010-01-11,2010,1,13.6,13.37,13.6,2010-01-25,Persistence,14,2010
2010-01-12,2010,1,13.58,13.36,13.58,2010-01-26,Persistence,14,2010
2010-01-13,2010,1,13.56,13.35,13.56,2010-01-27,Persistence,14,2010
2010-01-14,2010,1,13.54,13.34,13.54,2010-01-28,Persistence,14,2010
2010-01-15,2010,1,13.53,13.32,13.53,2010-01-29,Persistence,14,2010
2010-01-16,2010,1,13.52,13.3,13.52,2010-01-30,Persistence,14,2010
2010-01-17,2010,1,13.5,13.28,13.5,2010-01-31,Persistence,14,2010
2010-01-18,2010,1,13.48,13.27,13.48,2010-02-01,Persistence,14,2010
2010-01-19,2010,1,13.46,13.25,13.46,2010-02-02,Persistence,14,2010
2010-01-20,2010,1,13.45,13.24,13.45,2010-02-03,Persistence,14,2010
2010-01-21,2010,1,13.43,13.22,13.43,2010-02-04,Persistence,14,2010
2010-01-22,2010,1,13.42,13.2,13.42,2010-02-05,Persistence,14,2010
2010-01-23,2010,1,13.41,13.19,13.41,2010-02-06,Persistence,14,2010
2010-01-24,2010,1,13.39,13.18,13.39,2010-02-07,Persistence,14,2010
2010-01-25,2010,1,13.37,13.17,13.37,2010-02-08,Persistence,14,2010
2010-01-26,2010,1,13.36,13.15,13.36,2010-02-09,Persistence,14,2010
2010-01-27,2010,1,13.35,13.14,13.35,2010-02-10,Persistence,14,2010
2010-01-28,2010,1,13.34,13.13,13.34,2010-02-11,Persistence,14,2010
2010-01-29,2010,1,13.32,13.11,13.32,2010-02-12,Persistence,14,2010
2010-01-30,2010,1,13.3,13.1,13.3,2010-02-13,Persistence,14,2010
2010-01-31,2010,1,13.28,13.09,13.28,2010-02-14,Persistence,14,2010
2010-02-01,2010,2,13.27,13.08,13.27,2010-02-15,Persistence,14,2010
2010-02-02,2010,2,13.25,13.08,13.25,2010-02-16,Persistence,14,2010
2010-02-03,2010,2,13.24,13.07,13.24,2010-02-17,Persistence,14,2010
2010-02-04,2010,2,13.22,13.06,13.22,2010-02-18,Persistence,14,2010
2010-02-05,2010,2,13.2,13.05,13.2,2010-02-19,Persistence,14,2010
2010-02-06,2010,2,13.19,13.05,13.19,2010-02-20,Persistence,14,2010
2010-02-07,2010,2,13.18,13.04,13.18,2010-02-21,Persistence,14,2010
2010-02-08,2010,2,13.17,13.03,13.17,2010-02-22,Persistence,14,2010
2010-02-09,2010,2,13.15,13.03,13.15,2010-02-23,Persistence,14,2010
2010-02-10,2010,2,13.14,13.03,13.14,2010-02-24,Persistence,14,2010
2010-02-11,2010,2,13.13,13.03,13.13,2010-02-25,Persistence,14,2010
2010-02-12,2010,2,13.11,13.03,13.11,2010-02-26,Persistence,14,2010
2010-02-13,2010,2,13.1,13.04,13.1,2010-02-27,Persistence,14,2010
2010-02-14,2010,2,13.09,13.04,13.09,2010-02-28,Persistence,14,2010
2010-02-15,2010,2,13.08,13.04,13.08,2010-03-01,Persistence,14,2010
2010-02-16,2010,2,13.08,13.04,13.08,2010-03-02,Persistence,14,2010
2010-02-17,2010,2,13.07,13.05,13.07,2010-03-03,Persistence,14,2010
2010-02-18,2010,2,13.06,13.05,13.06,2010-03-04,Persistence,14,2010
2010-02-19,2010,2,13.05,13.07,13.05,2010-03-05,Persistence,14,2010
2010-02-20,2010,2,13.05,13.1,13.05,2010-03-06,Persistence,14,2010
2010-02-21,2010,2,13.04,13.12,13.04,2010-03-07,Persistence,14,2010
2010-02-22,2010,2,13.03,13.14,13.03,2010-03-08,Persistence,14,2010
2010-02-23,2010,2,13.03,13.16,13.03,2010-03-09,Persistence,14,2010
2010-02-24,2010,2,13.03,13.19,13.03,2010-03-10,Persistence,14,2010
2010-02-25,2010,2,13.03,13.22,13.03,2010-03-11,Persistence,14,2010
2010-02-26,2010,2,13.03,13.27,13.03,2010-03-12,Persistence,14,2010
2010-02-27,2010,2,13.04,13.43,13.04,2010-03-13,Persistence,14,2010
2010-02-28,2010,2,13.04,13.55,13.04,2010-03-14,Persistence,14,2010
2010-03-01,2010,3,13.04,13.66,13.04,2010-03-15,Persistence,14,2010
2010-03-02,2010,3,13.04,13.7,13.04,2010-03-16,Persistence,14,2010
2010-03-03,2010,3,13.05,13.7,13.05,2010-03-17,Persistence,14,2010
2010-03-04,2010,3,13.05,13.64,13.05,2010-03-18,Persistence,14,2010
2010-03-05,2010,3,13.07,13.58,13.07,2010-03-19,Persistence,14,2010
2010-03-06,2010,3,13.1,13.53,13.1,2010-03-20,Persistence,14,2010
2010-03-07,2010,3,13.12,13.48,13.12,2010-03-21,Persistence,14,2010
2010-03-08,2010,3,13.14,13.46,13.14,2010-03-22,Persistence,14,2010
2010-03-09,2010,3,13.16,13.46,13.16,2010-03-23,Persistence,14,2010
2010-03-10,2010,3,13.19,13.46,13.19,2010-03-24,Persistence,14,2010
2010-03-11,2010,3,13.22,13.45,13.22,2010-03-25,Persistence,14,2010
2010-03-12,2010,3,13.27,13.45,13.27,2010-03-26,Persistence,14,2010
2010-03-13,2010,3,13.43,13.45,13.43,2010-03-27,Persistence,14,2010
2010-03-14,2010,3,13.55,13.53,13.55,2010-03-28,Persistence,14,2010
2010-03-15,2010,3,13.66,13.65,13.66,2010-03-29,Persistence,14,2010
2010-03-16,2010,3,13.7,13.77,13.7,2010-03-30,Persistence,14,2010
2010-03-17,2010,3,13.7,13.97,13.7,2010-03-31,Persistence,14,2010
2010-03-18,2010,3,13.64,14.42,13.64,2010-04-01,Persistence,14,2010
2010-03-19,2010,3,13.58,14.8,13.58,2010-04-02,Persistence,14,2010
2010-03-20,2010,3,13.53,15.07,13.53,2010-04-03,Persistence,14,2010
2010-03-21,2010,3,13.48,15.17,13.48,2010-04-04,Persistence,14,2010
2010-03-22,2010,3,13.46,15.17,13.46,2010-04-05,Persistence,14,2010
2010-03-23,2010,3,13.46,15.09,13.46,2010-04-06,Persistence,14,2010
2010-03-24,2010,3,13.46,15.16,13.46,2010-04-07,Persistence,14,2010
2010-03-25,2010,3,13.45,15.4,13.45,2010-04-08,Persistence,14,2010
2010-03-26,2010,3,13.45,15.57,13.45,2010-04-09,Persistence,14,2010
2010-03-27,2010,3,13.45,15.65,13.45,2010-04-10,Persistence,14,2010
2010-03-28,2010,3,13.53,15.65,13.53,2010-04-11,Persistence,14,2010
2010-03-29,2010,3,13.65,15.68,13.65,2010-04-12,Persistence,14,2010
2010-03-30,2010,3,13.77,15.78,13.77,2010-04-13,Persistence,14,2010
2010-03-31,2010,3,13.97,15.79,13.97,2010-04-14,Persistence,14,2010
2010-04-01,2010,4,14.42,15.69,14.42,2010-04-15,Persistence,14,2010
2010-04-02,2010,4,14.8,15.57,14.8,2010-04-16,Persistence,14,2010
2010-04-03,2010,4,15.07,15.56,15.07,2010-04-17,Persistence,14,2010
2010-04-04,2010,4,15.17,15.74,15.17,2010-04-18,Persistence,14,2010
2010-04-05,2010,4,15.17,15.74,15.17,2010-04-19,Persistence,14,2010
2010-04-06,2010,4,15.09,15.96,15.09,2010-04-20,Persistence,14,2010
2010-04-07,2010,4,15.16,16.21,15.16,2010-04-21,Persistence,14,2010
2010-04-08,2010,4,15.4,16.4,15.4,2010-04-22,Persistence,14,2010
2010-04-09,2010,4,15.57,16.48,15.57,2010-04-23,Persistence,14,2010
2010-04-10,2010,4,15.65,16.55,15.65,2010-04-24,Persistence,14,2010
2010-04-11,2010,4,15.65,16.55,15.65,2010-04-25,Persistence,14,2010
2010-04-12,2010,4,15.68,16.65,15.68,2010-04-26,Persistence,14,2010
2010-04-13,2010,4,15.78,17.43,15.78,2010-04-27,Persistence,14,2010
2010-04-14,2010,4,15.79,17.87,15.79,2010-04-28,Persistence,14,2010
2010-04-15,2010,4,15.69,17.98,15.69,2010-04-29,Persistence,14,2010
2010-04-16,2010,4,15.57,17.92,15.57,2010-04-30,Persistence,14,2010
2010-04-17,2010,4,15.56,17.69,15.56,2010-05-01,Persistence,14,2010
2010-04-18,2010,4,15.74,17.44,15.74,2010-05-02,Persistence,14,2010
2010-04-19,2010,4,15.74,17.03,15.74,2010-05-03,Persistence,14,2010
2010-04-20,2010,4,15.96,16.76,15.96,2010-05-04,Persistence,14,2010
2010-04-21,2010,4,16.21,16.5,16.21,2010-05-05,Persistence,14,2010
2010-04-22,2010,4,16.4,16.25,16.4,2010-05-06,Persistence,14,2010
2010-04-23,2010,4,16.48,16.09,16.48,2010-05-07,Persistence,14,2010
2010-04-24,2010,4,16.55,16.03,16.55,2010-05-08,Persistence,14,2010
2010-04-25,2010,4,16.55,16.12,16.55,2010-05-09,Persistence,14,2010
2010-04-26,2010,4,16.65,16.31,16.65,2010-05-10,Persistence,14,2010
2010-04-27,2010,4,17.43,16.33,17.43,2010-05-11,Persistence,14,2010
2010-04-28,2010,4,17.87,16.27,17.87,2010-05-12,Persistence,14,2010
2010-04-29,2010,4,17.98,16.24,17.98,2010-05-13,Persistence,14,2010
2010-04-30,2010,4,17.92,16.24,17.92,2010-05-14,Persistence,14,2010
2010-05-01,2010,5,17.69,16.33,17.69,2010-05-15,Persistence,14,2010
2010-05-02,2010,5,17.44,16.84,17.44,2010-05-16,Persistence,14,2010
2010-05-03,2010,5,17.03,17.47,17.03,2010-05-17,Persistence,14,2010
2010-05-04,2010,5,16.76,17.8,16.76,2010-05-18,Persistence,14,2010
2010-05-05,2010,5,16.5,17.97,16.5,2010-05-19,Persistence,14,2010
2010-05-06,2010,5,16.25,18.16,16.25,2010-05-20,Persistence,14,2010
2010-05-07,2010,5,16.09,18.2,16.09,2010-05-21,Persistence,14,2010
2010-05-08,2010,5,16.03,18.0,16.03,2010-05-22,Persistence,14,2010
2010-05-09,2010,5,16.12,17.65,16.12,2010-05-23,Persistence,14,2010
2010-05-10,2010,5,16.31,17.6,16.31,2010-05-24,Persistence,14,2010
2010-05-11,2010,5,16.33,17.7,16.33,2010-05-25,Persistence,14,2010
2010-05-12,2010,5,16.27,18.04,16.27,2010-05-26,Persistence,14,2010
2010-05-13,2010,5,16.24,18.18,16.24,2010-05-27,Persistence,14,2010
2010-05-14,2010,5,16.24,18.08,16.24,2010-05-28,Persistence,14,2010
2010-05-15,2010,5,16.33,17.84,16.33,2010-05-29,Persistence,14,2010
2010-05-16,2010,5,16.84,17.64,16.84,2010-05-30,Persistence,14,2010
2010-05-17,2010,5,17.47,17.58,17.47,2010-05-31,Persistence,14,2010
2010-05-18,2010,5,17.8,17.44,17.8,2010-06-01,Persistence,14,2010
2010-05-19,2010,5,17.97,17.38,17.97,2010-06-02,Persistence,14,2010
2010-05-20,2010,5,18.16,17.44,18.16,2010-06-03,Persistence,14,2010
2010-05-21,2010,5,18.2,17.41,18.2,2010-06-04,Persistence,14,2010
2010-05-22,2010,5,18.0,17.57,18.0,2010-06-05,Persistence,14,2010
2010-05-23,2010,5,17.65,17.76,17.65,2010-06-06,Persistence,14,2010
2010-05-24,2010,5,17.6,18.0,17.6,2010-06-07,Persistence,14,2010
2010-05-25,2010,5,17.7,18.2,17.7,2010-06-08,Persistence,14,2010
2010-05-26,2010,5,18.04,18.2,18.04,2010-06-09,Persistence,14,2010
2010-05-27,2010,5,18.18,18.33,18.18,2010-06-10,Persistence,14,2010
2010-05-28,2010,5,18.08,18.75,18.08,2010-06-11,Persistence,14,2010
2010-05-29,2010,5,17.84,18.93,17.84,2010-06-12,Persistence,14,2010
2010-05-30,2010,5,17.64,18.92,17.64,2010-06-13,Persistence,14,2010
2010-05-31,2010,5,17.58,18.65,17.58,2010-06-14,Persistence,14,2010
2010-06-01,2010,6,17.44,18.45,17.44,2010-06-15,Persistence,14,2010
2010-06-02,2010,6,17.38,18.34,17.38,2010-06-16,Persistence,14,2010
2010-06-03,2010,6,17.44,18.31,17.44,2010-06-17,Persistence,14,2010
2010-06-04,2010,6,17.41,18.32,17.41,2010-06-18,Persistence,14,2010
2010-06-05,2010,6,17.57,18.44,17.57,2010-06-19,Persistence,14,2010
2010-06-06,2010,6,17.76,18.44,17.76,2010-06-20,Persistence,14,2010
2010-06-07,2010,6,18.0,18.57,18.0,2010-06-21,Persistence,14,2010
2010-06-08,2010,6,18.2,18.55,18.2,2010-06-22,Persistence,14,2010
2010-06-09,2010,6,18.2,18.51,18.2,2010-06-23,Persistence,14,2010
2010-06-10,2010,6,18.33,18.61,18.33,2010-06-24,Persistence,14,2010
2010-06-11,2010,6,18.75,18.61,18.75,2010-06-25,Persistence,14,2010
2010-06-12,2010,6,18.93,18.65,18.93,2010-06-26,Persistence,14,2010
2010-06-13,2010,6,18.92,18.74,18.92,2010-06-27,Persistence,14,2010
2010-06-14,2010,6,18.65,19.31,18.65,2010-06-28,Persistence,14,2010
2010-06-15,2010,6,18.45,19.61,18.45,2010-06-29,Persistence,14,2010
2010-06-16,2010,6,18.34,19.59,18.34,2010-06-30,Persistence,14,2010
2010-06-17,2010,6,18.31,19.51,18.31,2010-07-01,Persistence,14,2010
2010-06-18,2010,6,18.32,19.47,18.32,2010-07-02,Persistence,14,2010
2010-06-19,2010,6,18.44,19.42,18.44,2010-07-03,Persistence,14,2010
2010-06-20,2010,6,18.44,19.45,18.44,2010-07-04,Persistence,14,2010
2010-06-21,2010,6,18.57,19.44,18.57,2010-07-05,Persistence,14,2010
2010-06-22,2010,6,18.55,19.35,18.55,2010-07-06,Persistence,14,2010
2010-06-23,2010,6,18.51,19.24,18.51,2010-07-07,Persistence,14,2010
2010-06-24,2010,6,18.61,19.08,18.61,2010-07-08,Persistence,14,2010
2010-06-25,2010,6,18.61,19.05,18.61,2010-07-09,Persistence,14,2010
2010-06-26,2010,6,18.65,19.05,18.65,2010-07-10,Persistence,14,2010
2010-06-27,2010,6,18.74,19.26,18.74,2010-07-11,Persistence,14,2010
2010-06-28,2010,6,19.31,19.42,19.31,2010-07-12,Persistence,14,2010
2010-06-29,2010,6,19.61,19.51,19.61,2010-07-13,Persistence,14,2010
2010-06-30,2010,6,19.59,19.52,19.59,2010-07-14,Persistence,14,2010
2010-07-01,2010,7,19.51,19.52,19.51,2010-07-15,Persistence,14,2010
2010-07-02,2010,7,19.47,19.44,19.47,2010-07-16,Persistence,14,2010
2010-07-03,2010,7,19.42,19.34,19.42,2010-07-17,Persistence,14,2010
2010-07-04,2010,7,19.45,19.31,19.45,2010-07-18,Persistence,14,2010
2010-07-05,2010,7,19.44,19.4,19.44,2010-07-19,Persistence,14,2010
2010-07-06,2010,7,19.35,19.52,19.35,2010-07-20,Persistence,14,2010
2010-07-07,2010,7,19.24,19.54,19.24,2010-07-21,Persistence,14,2010
2010-07-08,2010,7,19.08,19.67,19.08,2010-07-22,Persistence,14,2010
2010-07-09,2010,7,19.05,19.8,19.05,2010-07-23,Persistence,14,2010
2010-07-10,2010,7,19.05,19.78,19.05,2010-07-24,Persistence,14,2010
2010-07-11,2010,7,19.26,19.65,19.26,2010-07-25,Persistence,14,2010
2010-07-12,2010,7,19.42,19.47,19.42,2010-07-26,Persistence,14,2010
2010-07-13,2010,7,19.51,19.33,19.51,2010-07-27,Persistence,14,2010
2010-07-14,2010,7,19.52,19.29,19.52,2010-07-28,Persistence,14,2010
2010-07-15,2010,7,19.52,19.21,19.52,2010-07-29,Persistence,14,2010
2010-07-16,2010,7,19.44,19.17,19.44,2010-07-30,Persistence,14,2010
2010-07-17,2010,7,19.34,19.08,19.34,2010-07-31,Persistence,14,2010
2010-07-18,2010,7,19.31,19.07,19.31,2010-08-01,Persistence,14,2010
2010-07-19,2010,7,19.4,18.97,19.4,2010-08-02,Persistence,14,2010
2010-07-20,2010,7,19.52,18.9,19.52,2010-08-03,Persistence,14,2010
2010-07-21,2010,7,19.54,18.73,19.54,2010-08-04,Persistence,14,2010
2010-07-22,2010,7,19.67,18.68,19.67,2010-08-05,Persistence,14,2010
2010-07-23,2010,7,19.8,18.653,19.8,2010-08-06,Persistence,14,2010
2010-07-24,2010,7,19.78,18.62,19.78,2010-08-07,Persistence,14,2010
2010-07-25,2010,7,19.65,18.57,19.65,2010-08-08,Persistence,14,2010
2010-07-26,2010,7,19.47,18.54,19.47,2010-08-09,Persistence,14,2010
2010-07-27,2010,7,19.33,18.47,19.33,2010-08-10,Persistence,14,2010
2010-07-28,2010,7,19.29,18.38,19.29,2010-08-11,Persistence,14,2010
2010-07-29,2010,7,19.21,18.34,19.21,2010-08-12,Persistence,14,2010
2010-07-30,2010,7,19.17,18.28,19.17,2010-08-13,Persistence,14,2010
2010-07-31,2010,7,19.08,18.25,19.08,2010-08-14,Persistence,14,2010
2010-08-01,2010,8,19.07,18.18,19.07,2010-08-15,Persistence,14,2010
2010-08-02,2010,8,18.97,18.15,18.97,2010-08-16,Persistence,14,2010
2010-08-03,2010,8,18.9,18.14,18.9,2010-08-17,Persistence,14,2010
2010-08-04,2010,8,18.73,18.37,18.73,2010-08-18,Persistence,14,2010
2010-08-05,2010,8,18.68,18.5,18.68,2010-08-19,Persistence,14,2010
2010-08-06,2010,8,18.653,18.75,18.653,2010-08-20,Persistence,14,2010
2010-08-07,2010,8,18.62,18.79,18.62,2010-08-21,Persistence,14,2010
2010-08-08,2010,8,18.57,18.89,18.57,2010-08-22,Persistence,14,2010
2010-08-09,2010,8,18.54,19.05,18.54,2010-08-23,Persistence,14,2010
2010-08-10,2010,8,18.47,19.22,18.47,2010-08-24,Persistence,14,2010
2010-08-11,2010,8,18.38,19.37,18.38,2010-08-25,Persistence,14,2010
2010-08-12,2010,8,18.34,19.38,18.34,2010-08-26,Persistence,14,2010
2010-08-13,2010,8,18.28,19.35,18.28,2010-08-27,Persistence,14,2010
2010-08-14,2010,8,18.25,19.39,18.25,2010-08-28,Persistence,14,2010
2010-08-15,2010,8,18.18,19.52,18.18,2010-08-29,Persistence,14,2010
2010-08-16,2010,8,18.15,19.53,18.15,2010-08-30,Persistence,14,2010
2010-08-17,2010,8,18.14,19.53,18.14,2010-08-31,Persistence,14,2010
2010-08-18,2010,8,18.37,19.42,18.37,2010-09-01,Persistence,14,2010
2010-08-19,2010,8,18.5,19.33,18.5,2010-09-02,Persistence,14,2010
2010-08-20,2010,8,18.75,19.29,18.75,2010-09-03,Persistence,14,2010
2010-08-21,2010,8,18.79,19.2,18.79,2010-09-04,Persistence,14,2010
2010-08-22,2010,8,18.89,19.19,18.89,2010-09-05,Persistence,14,2010
2010-08-23,2010,8,19.05,19.19,19.05,2010-09-06,Persistence,14,2010
2010-08-24,2010,8,19.22,19.2,19.22,2010-09-07,Persistence,14,2010
2010-08-25,2010,8,19.37,19.12,19.37,2010-09-08,Persistence,14,2010
2010-08-26,2010,8,19.38,19.09,19.38,2010-09-09,Persistence,14,2010
2010-08-27,2010,8,19.35,19.17,19.35,2010-09-10,Persistence,14,2010
2010-08-28,2010,8,19.39,19.35,19.39,2010-09-11,Persistence,14,2010
2010-08-29,2010,8,19.52,19.61,19.52,2010-09-12,Persistence,14,2010
2010-08-30,2010,8,19.53,19.77,19.53,2010-09-13,Persistence,14,2010
2010-08-31,2010,8,19.53,19.78,19.53,2010-09-14,Persistence,14,2010
2010-09-01,2010,9,19.42,19.78,19.42,2010-09-15,Persistence,14,2010
2010-09-02,2010,9,19.33,19.78,19.33,2010-09-16,Persistence,14,2010
2010-09-03,2010,9,19.29,19.71,19.29,2010-09-17,Persistence,14,2010
2010-09-04,2010,9,19.2,19.55,19.2,2010-09-18,Persistence,14,2010
2010-09-05,2010,9,19.19,19.41,19.19,2010-09-19,Persistence,14,2010
2010-09-06,2010,9,19.19,19.3,19.19,2010-09-20,Persistence,14,2010
2010-09-07,2010,9,19.2,19.27,19.2,2010-09-21,Persistence,14,2010
2010-09-08,2010,9,19.12,19.25,19.12,2010-09-22,Persistence,14,2010
2010-09-09,2010,9,19.09,19.23,19.09,2010-09-23,Persistence,14,2010
2010-09-10,2010,9,19.17,19.18,19.17,2010-09-24,Persistence,14,2010
2010-09-11,2010,9,19.35,19.09,19.35,2010-09-25,Persistence,14,2010
2010-09-12,2010,9,19.61,19.0,19.61,2010-09-26,Persistence,14,2010
2010-09-13,2010,9,19.77,18.87,19.77,2010-09-27,Persistence,14,2010
2010-09-14,2010,9,19.78,18.75,19.78,2010-09-28,Persistence,14,2010
2010-09-15,2010,9,19.78,18.66,19.78,2010-09-29,Persistence,14,2010
2010-09-16,2010,9,19.78,18.61,19.78,2010-09-30,Persistence,14,2010
2010-11-08,2010,11,15.78,15.14,15.78,2010-11-22,Persistence,14,2010
2010-11-09,2010,11,15.74,15.12,15.74,2010-11-23,Persistence,14,2010
2010-11-10,2010,11,15.68,15.08,15.68,2010-11-24,Persistence,14,2010
2010-11-11,2010,11,15.6,15.05,15.6,2010-11-25,Persistence,14,2010
2010-11-12,2010,11,15.55,15.07,15.55,2010-11-26,Persistence,14,2010
2010-11-13,2010,11,15.5,15.09,15.5,2010-11-27,Persistence,14,2010
2010-11-14,2010,11,15.45,15.11,15.45,2010-11-28,Persistence,14,2010
2010-11-15,2010,11,15.4,15.11,15.4,2010-11-29,Persistence,14,2010
2010-11-16,2010,11,15.33,15.06,15.33,2010-11-30,Persistence,14,2010
2010-11-17,2010,11,15.29,15.01,15.29,2010-12-01,Persistence,14,2010
2010-11-18,2010,11,15.26,14.93,15.26,2010-12-02,Persistence,14,2010
2010-11-19,2010,11,15.23,14.897,15.23,2010-12-03,Persistence,14,2010
2010-11-20,2010,11,15.2,14.86,15.2,2010-12-04,Persistence,14,2010
2010-11-21,2010,11,15.17,14.82,15.17,2010-12-05,Persistence,14,2010
2010-11-22,2010,11,15.14,14.8,15.14,2010-12-06,Persistence,14,2010
2010-11-23,2010,11,15.12,14.79,15.12,2010-12-07,Persistence,14,2010
2010-11-24,2010,11,15.08,14.77,15.08,2010-12-08,Persistence,14,2010
2010-11-25,2010,11,15.05,14.74,15.05,2010-12-09,Persistence,14,2010
2010-11-26,2010,11,15.07,14.7,15.07,2010-12-10,Persistence,14,2010
2010-11-27,2010,11,15.09,14.66,15.09,2010-12-11,Persistence,14,2010
2010-11-28,2010,11,15.11,14.61,15.11,2010-12-12,Persistence,14,2010
2010-11-29,2010,11,15.11,14.57,15.11,2010-12-13,Persistence,14,2010
2010-11-30,2010,11,15.06,14.53,15.06,2010-12-14,Persistence,14,2010
2010-12-01,2010,12,15.01,14.5,15.01,2010-12-15,Persistence,14,2010
2010-12-02,2010,12,14.93,14.47,14.93,2010-12-16,Persistence,14,2010
2010-12-03,2010,12,14.897,14.45,14.897,2010-12-17,Persistence,14,2010
2010-12-04,2010,12,14.86,14.43,14.86,2010-12-18,Persistence,14,2010
2010-12-05,2010,12,14.82,14.41,14.82,2010-12-19,Persistence,14,2010
2010-12-06,2010,12,14.8,14.38,14.8,2010-12-20,Persistence,14,2010
2010-12-07,2010,12,14.79,14.36,14.79,2010-12-21,Persistence,14,2010
2010-12-08,2010,12,14.77,14.34,14.77,2010-12-22,Persistence,14,2010
2010-12-09,2010,12,14.74,14.33,14.74,2010-12-23,Persistence,14,2010
2010-12-10,2010,12,14.7,14.28,14.7,2010-12-24,Persistence,14,2010
2010-12-11,2010,12,14.66,14.27,14.66,2010-12-25,Persistence,14,2010
2010-12-12,2010,12,14.61,14.26,14.61,2010-12-26,Persistence,14,2010
2010-12-13,2010,12,14.57,14.24,14.57,2010-12-27,Persistence,14,2010
2010-12-14,2010,12,14.53,14.21,14.53,2010-12-28,Persistence,14,2010
2010-12-15,2010,12,14.5,14.17,14.5,2010-12-29,Persistence,14,2010
2010-12-16,2010,12,14.47,14.14,14.47,2010-12-30,Persistence,14,2010
2010-12-17,2010,12,14.45,14.1,14.45,2010-12-31,Persistence,14,2010
2010-12-18,2010,12,14.43,14.08,14.43,2011-01-01,Persistence,14,2010
2010-12-19,2010,12,14.41,14.06,14.41,2011-01-02,Persistence,14,2010
2010-12-20,2010,12,14.38,14.04,14.38,2011-01-03,Persistence,14,2010
2010-12-21,2010,12,14.36,14.03,14.36,2011-01-04,Persistence,14,2010
2010-12-22,2010,12,14.34,13.99,14.34,2011-01-05,Persistence,14,2010
2010-12-23,2010,12,14.33,13.96,14.33,2011-01-06,Persistence,14,2010
2010-12-24,2010,12,14.28,13.94,14.28,2011-01-07,Persistence,14,2010
2010-12-25,2010,12,14.27,13.92,14.27,2011-01-08,Persistence,14,2010
2010-12-26,2010,12,14.26,13.9,14.26,2011-01-09,Persistence,14,2010
2010-12-27,2010,12,14.24,13.88,14.24,2011-01-10,Persistence,14,2010
2010-12-28,2010,12,14.21,13.863,14.21,2011-01-11,Persistence,14,2010
2010-12-29,2010,12,14.17,13.84,14.17,2011-01-12,Persistence,14,2010
2010-12-30,2010,12,14.14,13.82,14.14,2011-01-13,Persistence,14,2010
2010-12-31,2010,12,14.1,13.798,14.1,2011-01-14,Persistence,14,2010
2011-01-01,2011,1,14.08,13.77,14.08,2011-01-15,Persistence,14,2011
2011-01-02,2011,1,14.06,13.75,14.06,2011-01-16,Persistence,14,2011
2011-01-03,2011,1,14.04,13.73,14.04,2011-01-17,Persistence,14,2011
2011-01-04,2011,1,14.03,13.71,14.03,2011-01-18,Persistence,14,2011
2011-01-05,2011,1,13.99,13.69,13.99,2011-01-19,Persistence,14,2011
2011-01-06,2011,1,13.96,13.68,13.96,2011-01-20,Persistence,14,2011
2011-01-07,2011,1,13.94,13.67,13.94,2011-01-21,Persistence,14,2011
2011-01-08,2011,1,13.92,13.65,13.92,2011-01-22,Persistence,14,2011
2011-01-09,2011,1,13.9,13.63,13.9,2011-01-23,Persistence,14,2011
2011-01-10,2011,1,13.88,13.63,13.88,2011-01-24,Persistence,14,2011
2011-01-11,2011,1,13.863,13.63,13.863,2011-01-25,Persistence,14,2011
2011-01-12,2011,1,13.84,13.61,13.84,2011-01-26,Persistence,14,2011
2011-01-13,2011,1,13.82,13.59,13.82,2011-01-27,Persistence,14,2011
2011-01-14,2011,1,13.798,13.56,13.798,2011-01-28,Persistence,14,2011
2011-01-15,2011,1,13.77,13.54,13.77,2011-01-29,Persistence,14,2011
2011-01-16,2011,1,13.75,13.52,13.75,2011-01-30,Persistence,14,2011
2011-01-17,2011,1,13.73,13.5,13.73,2011-01-31,Persistence,14,2011
2011-01-18,2011,1,13.71,13.48,13.71,2011-02-01,Persistence,14,2011
2011-01-19,2011,1,13.69,13.46,13.69,2011-02-02,Persistence,14,2011
2011-01-20,2011,1,13.68,13.44,13.68,2011-02-03,Persistence,14,2011
2011-01-21,2011,1,13.67,13.43,13.67,2011-02-04,Persistence,14,2011
2011-01-22,2011,1,13.65,13.42,13.65,2011-02-05,Persistence,14,2011
2011-01-23,2011,1,13.63,13.4,13.63,2011-02-06,Persistence,14,2011
2011-01-24,2011,1,13.63,13.39,13.63,2011-02-07,Persistence,14,2011
2011-01-25,2011,1,13.63,13.37,13.63,2011-02-08,Persistence,14,2011
2011-01-26,2011,1,13.61,13.36,13.61,2011-02-09,Persistence,14,2011
2011-01-27,2011,1,13.59,13.35,13.59,2011-02-10,Persistence,14,2011
2011-01-28,2011,1,13.56,13.33,13.56,2011-02-11,Persistence,14,2011
2011-01-29,2011,1,13.54,13.32,13.54,2011-02-12,Persistence,14,2011
2011-01-30,2011,1,13.52,13.31,13.52,2011-02-13,Persistence,14,2011
2011-01-31,2011,1,13.5,13.3,13.5,2011-02-14,Persistence,14,2011
2011-02-01,2011,2,13.48,13.3,13.48,2011-02-15,Persistence,14,2011
2011-02-02,2011,2,13.46,13.3,13.46,2011-02-16,Persistence,14,2011
2011-02-03,2011,2,13.44,13.32,13.44,2011-02-17,Persistence,14,2011
2011-02-04,2011,2,13.43,13.33,13.43,2011-02-18,Persistence,14,2011
2011-02-05,2011,2,13.42,13.34,13.42,2011-02-19,Persistence,14,2011
2011-02-06,2011,2,13.4,13.35,13.4,2011-02-20,Persistence,14,2011
2011-02-07,2011,2,13.39,13.34,13.39,2011-02-21,Persistence,14,2011
2011-02-08,2011,2,13.37,13.33,13.37,2011-02-22,Persistence,14,2011
2011-02-09,2011,2,13.36,13.32,13.36,2011-02-23,Persistence,14,2011
2011-02-10,2011,2,13.35,13.31,13.35,2011-02-24,Persistence,14,2011
2011-02-11,2011,2,13.33,13.36,13.33,2011-02-25,Persistence,14,2011
2011-02-12,2011,2,13.32,13.47,13.32,2011-02-26,Persistence,14,2011
2011-02-13,2011,2,13.31,13.56,13.31,2011-02-27,Persistence,14,2011
2011-02-14,2011,2,13.3,13.58,13.3,2011-02-28,Persistence,14,2011
2011-02-15,2011,2,13.3,13.56,13.3,2011-03-01,Persistence,14,2011
2011-02-16,2011,2,13.3,13.51,13.3,2011-03-02,Persistence,14,2011
2011-02-17,2011,2,13.32,13.44,13.32,2011-03-03,Persistence,14,2011
2011-02-18,2011,2,13.33,13.39,13.33,2011-03-04,Persistence,14,2011
2011-02-19,2011,2,13.34,13.34,13.34,2011-03-05,Persistence,14,2011
2011-02-20,2011,2,13.35,13.3,13.35,2011-03-06,Persistence,14,2011
2011-02-21,2011,2,13.34,13.28,13.34,2011-03-07,Persistence,14,2011
2011-02-22,2011,2,13.33,13.26,13.33,2011-03-08,Persistence,14,2011
2011-02-23,2011,2,13.32,13.24,13.32,2011-03-09,Persistence,14,2011
2011-02-24,2011,2,13.31,13.22,13.31,2011-03-10,Persistence,14,2011
2011-02-25,2011,2,13.36,13.21,13.36,2011-03-11,Persistence,14,2011
2011-02-26,2011,2,13.47,13.21,13.47,2011-03-12,Persistence,14,2011
2011-02-27,2011,2,13.56,13.22,13.56,2011-03-13,Persistence,14,2011
2011-02-28,2011,2,13.58,13.24,13.58,2011-03-14,Persistence,14,2011
2011-03-01,2011,3,13.56,13.27,13.56,2011-03-15,Persistence,14,2011
2011-03-02,2011,3,13.51,13.32,13.51,2011-03-16,Persistence,14,2011
2011-03-03,2011,3,13.44,13.34,13.44,2011-03-17,Persistence,14,2011
2011-03-04,2011,3,13.39,13.42,13.39,2011-03-18,Persistence,14,2011
2011-03-05,2011,3,13.34,13.56,13.34,2011-03-19,Persistence,14,2011
2011-03-06,2011,3,13.3,13.76,13.3,2011-03-20,Persistence,14,2011
2011-03-07,2011,3,13.28,13.84,13.28,2011-03-21,Persistence,14,2011
2011-03-08,2011,3,13.26,13.87,13.26,2011-03-22,Persistence,14,2011
2011-03-09,2011,3,13.24,13.87,13.24,2011-03-23,Persistence,14,2011
2011-03-10,2011,3,13.22,13.85,13.22,2011-03-24,Persistence,14,2011
2011-03-11,2011,3,13.21,13.81,13.21,2011-03-25,Persistence,14,2011
2011-03-12,2011,3,13.21,13.81,13.21,2011-03-26,Persistence,14,2011
2011-03-13,2011,3,13.22,14.19,13.22,2011-03-27,Persistence,14,2011
2011-03-14,2011,3,13.24,14.83,13.24,2011-03-28,Persistence,14,2011
2011-03-15,2011,3,13.27,14.99,13.27,2011-03-29,Persistence,14,2011
2011-03-16,2011,3,13.32,14.99,13.32,2011-03-30,Persistence,14,2011
2011-03-17,2011,3,13.34,14.98,13.34,2011-03-31,Persistence,14,2011
2011-03-18,2011,3,13.42,14.96,13.42,2011-04-01,Persistence,14,2011
2011-03-19,2011,3,13.56,14.96,13.56,2011-04-02,Persistence,14,2011
2011-03-20,2011,3,13.76,14.92,13.76,2011-04-03,Persistence,14,2011
2011-03-21,2011,3,13.84,14.83,13.84,2011-04-04,Persistence,14,2011
2011-03-22,2011,3,13.87,14.72,13.87,2011-04-05,Persistence,14,2011
2011-03-23,2011,3,13.87,14.62,13.87,2011-04-06,Persistence,14,2011
2011-03-24,2011,3,13.85,14.56,13.85,2011-04-07,Persistence,14,2011
2011-03-25,2011,3,13.81,14.51,13.81,2011-04-08,Persistence,14,2011
2011-03-26,2011,3,13.81,14.5,13.81,2011-04-09,Persistence,14,2011
2011-03-27,2011,3,14.19,14.5,14.19,2011-04-10,Persistence,14,2011
2011-03-28,2011,3,14.83,14.48,14.83,2011-04-11,Persistence,14,2011
2011-03-29,2011,3,14.99,14.45,14.99,2011-04-12,Persistence,14,2011
2011-03-30,2011,3,14.99,14.41,14.99,2011-04-13,Persistence,14,2011
2011-03-31,2011,3,14.98,14.43,14.98,2011-04-14,Persistence,14,2011
2011-04-01,2011,4,14.96,14.43,14.96,2011-04-15,Persistence,14,2011
2011-04-02,2011,4,14.96,14.42,14.96,2011-04-16,Persistence,14,2011
2011-04-03,2011,4,14.92,14.47,14.92,2011-04-17,Persistence,14,2011
2011-04-04,2011,4,14.83,14.52,14.83,2011-04-18,Persistence,14,2011
2011-04-05,2011,4,14.72,14.53,14.72,2011-04-19,Persistence,14,2011
2011-04-06,2011,4,14.62,14.53,14.62,2011-04-20,Persistence,14,2011
2011-04-07,2011,4,14.56,14.49,14.56,2011-04-21,Persistence,14,2011
2011-04-08,2011,4,14.51,14.52,14.51,2011-04-22,Persistence,14,2011
2011-04-09,2011,4,14.5,14.63,14.5,2011-04-23,Persistence,14,2011
2011-04-10,2011,4,14.5,14.66,14.5,2011-04-24,Persistence,14,2011
2011-04-11,2011,4,14.48,14.645,14.48,2011-04-25,Persistence,14,2011
2011-04-12,2011,4,14.45,14.71,14.45,2011-04-26,Persistence,14,2011
2011-04-13,2011,4,14.41,14.95,14.41,2011-04-27,Persistence,14,2011
2011-04-14,2011,4,14.43,15.28,14.43,2011-04-28,Persistence,14,2011
2011-04-15,2011,4,14.43,15.41,14.43,2011-04-29,Persistence,14,2011
2011-04-16,2011,4,14.42,15.41,14.42,2011-04-30,Persistence,14,2011
2011-04-17,2011,4,14.47,15.34,14.47,2011-05-01,Persistence,14,2011
2011-04-18,2011,4,14.52,15.3,14.52,2011-05-02,Persistence,14,2011
2011-04-19,2011,4,14.53,15.2,14.53,2011-05-03,Persistence,14,2011
2011-04-20,2011,4,14.53,15.15,14.53,2011-05-04,Persistence,14,2011
2011-04-21,2011,4,14.49,15.07,14.49,2011-05-05,Persistence,14,2011
2011-04-22,2011,4,14.52,15.02,14.52,2011-05-06,Persistence,14,2011
2011-04-23,2011,4,14.63,15.16,14.63,2011-05-07,Persistence,14,2011
2011-04-24,2011,4,14.66,15.26,14.66,2011-05-08,Persistence,14,2011
2011-04-25,2011,4,14.645,15.37,14.645,2011-05-09,Persistence,14,2011
2011-04-26,2011,4,14.71,15.48,14.71,2011-05-10,Persistence,14,2011
2011-04-27,2011,4,14.95,15.59,14.95,2011-05-11,Persistence,14,2011
2011-04-28,2011,4,15.28,15.63,15.28,2011-05-12,Persistence,14,2011
2011-04-29,2011,4,15.41,15.33,15.41,2011-05-13,Persistence,14,2011
2011-04-30,2011,4,15.41,15.31,15.41,2011-05-14,Persistence,14,2011
2011-05-01,2011,5,15.34,15.24,15.34,2011-05-15,Persistence,14,2011
2011-05-02,2011,5,15.3,15.36,15.3,2011-05-16,Persistence,14,2011
2011-05-03,2011,5,15.2,15.36,15.2,2011-05-17,Persistence,14,2011
2011-05-04,2011,5,15.15,15.34,15.15,2011-05-18,Persistence,14,2011
2011-05-05,2011,5,15.07,15.35,15.07,2011-05-19,Persistence,14,2011
2011-05-06,2011,5,15.02,15.35,15.02,2011-05-20,Persistence,14,2011
2011-05-07,2011,5,15.16,15.37,15.16,2011-05-21,Persistence,14,2011
2011-05-08,2011,5,15.26,15.36,15.26,2011-05-22,Persistence,14,2011
2011-05-09,2011,5,15.37,15.39,15.37,2011-05-23,Persistence,14,2011
2011-05-10,2011,5,15.48,15.5,15.48,2011-05-24,Persistence,14,2011
2011-05-11,2011,5,15.59,15.62,15.59,2011-05-25,Persistence,14,2011
2011-05-12,2011,5,15.63,15.73,15.63,2011-05-26,Persistence,14,2011
2011-05-13,2011,5,15.33,15.74,15.33,2011-05-27,Persistence,14,2011
2011-05-14,2011,5,15.31,15.81,15.31,2011-05-28,Persistence,14,2011
2011-05-15,2011,5,15.24,15.92,15.24,2011-05-29,Persistence,14,2011
2011-05-16,2011,5,15.36,16.28,15.36,2011-05-30,Persistence,14,2011
2011-05-17,2011,5,15.36,16.4,15.36,2011-05-31,Persistence,14,2011
2011-05-18,2011,5,15.34,16.35,15.34,2011-06-01,Persistence,14,2011
2011-05-19,2011,5,15.35,16.26,15.35,2011-06-02,Persistence,14,2011
2011-05-20,2011,5,15.35,16.22,15.35,2011-06-03,Persistence,14,2011
2011-05-21,2011,5,15.37,16.3,15.37,2011-06-04,Persistence,14,2011
2011-05-22,2011,5,15.36,16.49,15.36,2011-06-05,Persistence,14,2011
2011-05-23,2011,5,15.39,16.77,15.39,2011-06-06,Persistence,14,2011
2011-05-24,2011,5,15.5,17.21,15.5,2011-06-07,Persistence,14,2011
2011-05-25,2011,5,15.62,17.49,15.62,2011-06-08,Persistence,14,2011
2011-05-26,2011,5,15.73,17.59,15.73,2011-06-09,Persistence,14,2011
2011-05-27,2011,5,15.74,17.6,15.74,2011-06-10,Persistence,14,2011
2011-05-28,2011,5,15.81,17.6,15.81,2011-06-11,Persistence,14,2011
2011-05-29,2011,5,15.92,17.56,15.92,2011-06-12,Persistence,14,2011
2011-05-30,2011,5,16.28,17.39,16.28,2011-06-13,Persistence,14,2011
2011-05-31,2011,5,16.4,17.26,16.4,2011-06-14,Persistence,14,2011
2011-06-01,2011,6,16.35,17.16,16.35,2011-06-15,Persistence,14,2011
2011-06-02,2011,6,16.26,17.03,16.26,2011-06-16,Persistence,14,2011
2011-06-03,2011,6,16.22,17.05,16.22,2011-06-17,Persistence,14,2011
2011-06-04,2011,6,16.3,17.17,16.3,2011-06-18,Persistence,14,2011
2011-06-05,2011,6,16.49,17.2,16.49,2011-06-19,Persistence,14,2011
2011-06-06,2011,6,16.77,17.203,16.77,2011-06-20,Persistence,14,2011
2011-06-07,2011,6,17.21,17.19,17.21,2011-06-21,Persistence,14,2011
2011-06-08,2011,6,17.49,17.23,17.49,2011-06-22,Persistence,14,2011
2011-06-09,2011,6,17.59,17.33,17.59,2011-06-23,Persistence,14,2011
2011-06-10,2011,6,17.6,17.44,17.6,2011-06-24,Persistence,14,2011
2011-06-11,2011,6,17.6,17.46,17.6,2011-06-25,Persistence,14,2011
2011-06-12,2011,6,17.56,17.6,17.56,2011-06-26,Persistence,14,2011
2011-06-13,2011,6,17.39,17.75,17.39,2011-06-27,Persistence,14,2011
2011-06-14,2011,6,17.26,17.91,17.26,2011-06-28,Persistence,14,2011
2011-06-15,2011,6,17.16,17.93,17.16,2011-06-29,Persistence,14,2011
2011-06-16,2011,6,17.03,17.96,17.03,2011-06-30,Persistence,14,2011
2011-06-17,2011,6,17.05,18.08,17.05,2011-07-01,Persistence,14,2011
2011-06-18,2011,6,17.17,18.29,17.17,2011-07-02,Persistence,14,2011
2011-06-19,2011,6,17.2,18.47,17.2,2011-07-03,Persistence,14,2011
2011-06-20,2011,6,17.203,18.41,17.203,2011-07-04,Persistence,14,2011
2011-06-21,2011,6,17.19,18.43,17.19,2011-07-05,Persistence,14,2011
2011-06-22,2011,6,17.23,18.6,17.23,2011-07-06,Persistence,14,2011
2011-06-23,2011,6,17.33,18.84,17.33,2011-07-07,Persistence,14,2011
2011-06-24,2011,6,17.44,18.92,17.44,2011-07-08,Persistence,14,2011
2011-06-25,2011,6,17.46,18.99,17.46,2011-07-09,Persistence,14,2011
2011-06-26,2011,6,17.6,19.08,17.6,2011-07-10,Persistence,14,2011
2011-06-27,2011,6,17.75,19.13,17.75,2011-07-11,Persistence,14,2011
2011-06-28,2011,6,17.91,19.17,17.91,2011-07-12,Persistence,14,2011
2011-06-29,2011,6,17.93,19.24,17.93,2011-07-13,Persistence,14,2011
2011-06-30,2011,6,17.96,19.24,17.96,2011-07-14,Persistence,14,2011
2011-07-01,2011,7,18.08,19.28,18.08,2011-07-15,Persistence,14,2011
2011-07-02,2011,7,18.29,19.34,18.29,2011-07-16,Persistence,14,2011
2011-07-03,2011,7,18.47,19.4,18.47,2011-07-17,Persistence,14,2011
2011-07-04,2011,7,18.41,19.43,18.41,2011-07-18,Persistence,14,2011
2011-07-05,2011,7,18.43,19.48,18.43,2011-07-19,Persistence,14,2011
2011-07-06,2011,7,18.6,19.51,18.6,2011-07-20,Persistence,14,2011
2011-07-07,2011,7,18.84,19.57,18.84,2011-07-21,Persistence,14,2011
2011-07-08,2011,7,18.92,19.63,18.92,2011-07-22,Persistence,14,2011
2011-07-09,2011,7,18.99,19.64,18.99,2011-07-23,Persistence,14,2011
2011-07-10,2011,7,19.08,19.64,19.08,2011-07-24,Persistence,14,2011
2011-07-11,2011,7,19.13,19.65,19.13,2011-07-25,Persistence,14,2011
2011-07-12,2011,7,19.17,19.52,19.17,2011-07-26,Persistence,14,2011
2011-07-13,2011,7,19.24,19.41,19.24,2011-07-27,Persistence,14,2011
2011-07-14,2011,7,19.24,19.35,19.24,2011-07-28,Persistence,14,2011
2011-07-15,2011,7,19.28,19.22,19.28,2011-07-29,Persistence,14,2011
2011-07-16,2011,7,19.34,19.24,19.34,2011-07-30,Persistence,14,2011
2011-07-17,2011,7,19.4,19.25,19.4,2011-07-31,Persistence,14,2011
2011-09-08,2011,9,17.13,17.9,17.13,2011-09-22,Persistence,14,2011
2011-09-09,2011,9,17.1,17.78,17.1,2011-09-23,Persistence,14,2011
2011-09-10,2011,9,16.98,17.7,16.98,2011-09-24,Persistence,14,2011
2011-09-11,2011,9,17.0,17.62,17.0,2011-09-25,Persistence,14,2011
2011-09-12,2011,9,17.11,17.6,17.11,2011-09-26,Persistence,14,2011
2011-09-13,2011,9,17.19,17.84,17.19,2011-09-27,Persistence,14,2011
2011-09-14,2011,9,17.23,17.87,17.23,2011-09-28,Persistence,14,2011
2011-09-15,2011,9,17.24,17.89,17.24,2011-09-29,Persistence,14,2011
2011-09-16,2011,9,17.16,17.93,17.16,2011-09-30,Persistence,14,2011
2011-09-17,2011,9,17.25,17.99,17.25,2011-10-01,Persistence,14,2011
2011-09-18,2011,9,17.41,18.0,17.41,2011-10-02,Persistence,14,2011
2011-09-19,2011,9,17.71,17.98,17.71,2011-10-03,Persistence,14,2011
2011-09-20,2011,9,18.14,17.78,18.14,2011-10-04,Persistence,14,2011
2011-09-21,2011,9,18.09,17.66,18.09,2011-10-05,Persistence,14,2011
2011-09-22,2011,9,17.9,17.37,17.9,2011-10-06,Persistence,14,2011
2011-09-23,2011,9,17.78,17.11,17.78,2011-10-07,Persistence,14,2011
2011-09-24,2011,9,17.7,16.95,17.7,2011-10-08,Persistence,14,2011
2011-09-25,2011,9,17.62,16.81,17.62,2011-10-09,Persistence,14,2011
2011-09-26,2011,9,17.6,16.67,17.6,2011-10-10,Persistence,14,2011
2011-09-27,2011,9,17.84,16.57,17.84,2011-10-11,Persistence,14,2011
2011-09-28,2011,9,17.87,16.45,17.87,2011-10-12,Persistence,14,2011
2011-09-29,2011,9,17.89,16.42,17.89,2011-10-13,Persistence,14,2011
2011-09-30,2011,9,17.93,16.25,17.93,2011-10-14,Persistence,14,2011
2011-10-01,2011,10,17.99,16.13,17.99,2011-10-15,Persistence,14,2011
2011-10-02,2011,10,18.0,16.05,18.0,2011-10-16,Persistence,14,2011
2011-10-03,2011,10,17.98,15.94,17.98,2011-10-17,Persistence,14,2011
2011-10-04,2011,10,17.78,15.84,17.78,2011-10-18,Persistence,14,2011
2011-10-05,2011,10,17.66,15.82,17.66,2011-10-19,Persistence,14,2011
2011-10-06,2011,10,17.37,15.76,17.37,2011-10-20,Persistence,14,2011
2011-10-07,2011,10,17.11,15.7,17.11,2011-10-21,Persistence,14,2011
2011-10-08,2011,10,16.95,15.7,16.95,2011-10-22,Persistence,14,2011
2011-10-09,2011,10,16.81,15.68,16.81,2011-10-23,Persistence,14,2011
2011-10-10,2011,10,16.67,15.68,16.67,2011-10-24,Persistence,14,2011
2011-10-11,2011,10,16.57,15.66,16.57,2011-10-25,Persistence,14,2011
2011-10-12,2011,10,16.45,15.6,16.45,2011-10-26,Persistence,14,2011
2011-10-13,2011,10,16.42,15.52,16.42,2011-10-27,Persistence,14,2011
2011-10-14,2011,10,16.25,15.45,16.25,2011-10-28,Persistence,14,2011
2011-10-15,2011,10,16.13,15.42,16.13,2011-10-29,Persistence,14,2011
2011-10-16,2011,10,16.05,15.38,16.05,2011-10-30,Persistence,14,2011
2011-10-17,2011,10,15.94,15.35,15.94,2011-10-31,Persistence,14,2011
2011-10-18,2011,10,15.84,15.3,15.84,2011-11-01,Persistence,14,2011
2011-10-19,2011,10,15.82,15.22,15.82,2011-11-02,Persistence,14,2011
2011-10-20,2011,10,15.76,15.16,15.76,2011-11-03,Persistence,14,2011
2011-10-21,2011,10,15.7,15.1,15.7,2011-11-04,Persistence,14,2011
2011-10-22,2011,10,15.7,15.03,15.7,2011-11-05,Persistence,14,2011
2011-10-23,2011,10,15.68,14.98,15.68,2011-11-06,Persistence,14,2011
2011-10-24,2011,10,15.68,14.95,15.68,2011-11-07,Persistence,14,2011
2011-10-25,2011,10,15.66,14.9,15.66,2011-11-08,Persistence,14,2011
2011-10-26,2011,10,15.6,14.83,15.6,2011-11-09,Persistence,14,2011
2011-10-27,2011,10,15.52,14.77,15.52,2011-11-10,Persistence,14,2011
2011-10-28,2011,10,15.45,14.68,15.45,2011-11-11,Persistence,14,2011
2011-10-29,2011,10,15.42,14.6,15.42,2011-11-12,Persistence,14,2011
2011-10-30,2011,10,15.38,14.55,15.38,2011-11-13,Persistence,14,2011
2011-10-31,2011,10,15.35,14.5,15.35,2011-11-14,Persistence,14,2011
2011-11-01,2011,11,15.3,14.45,15.3,2011-11-15,Persistence,14,2011
2011-11-02,2011,11,15.22,14.41,15.22,2011-11-16,Persistence,14,2011
2011-11-03,2011,11,15.16,14.38,15.16,2011-11-17,Persistence,14,2011
2011-11-04,2011,11,15.1,14.32,15.1,2011-11-18,Persistence,14,2011
2011-11-05,2011,11,15.03,14.32,15.03,2011-11-19,Persistence,14,2011
2011-11-06,2011,11,14.98,14.31,14.98,2011-11-20,Persistence,14,2011
2011-11-07,2011,11,14.95,14.27,14.95,2011-11-21,Persistence,14,2011
2011-11-08,2011,11,14.9,14.24,14.9,2011-11-22,Persistence,14,2011
2011-11-09,2011,11,14.83,14.21,14.83,2011-11-23,Persistence,14,2011
2011-11-10,2011,11,14.77,14.2,14.77,2011-11-24,Persistence,14,2011
2011-11-11,2011,11,14.68,14.18,14.68,2011-11-25,Persistence,14,2011
2011-11-12,2011,11,14.6,14.16,14.6,2011-11-26,Persistence,14,2011
2011-11-13,2011,11,14.55,14.12,14.55,2011-11-27,Persistence,14,2011
2011-11-14,2011,11,14.5,14.08,14.5,2011-11-28,Persistence,14,2011
2011-11-15,2011,11,14.45,14.04,14.45,2011-11-29,Persistence,14,2011
2011-11-16,2011,11,14.41,14.0,14.41,2011-11-30,Persistence,14,2011
2011-11-17,2011,11,14.38,13.98,14.38,2011-12-01,Persistence,14,2011
2011-11-18,2011,11,14.32,13.96,14.32,2011-12-02,Persistence,14,2011
2011-11-19,2011,11,14.32,13.92,14.32,2011-12-03,Persistence,14,2011
2011-11-20,2011,11,14.31,13.88,14.31,2011-12-04,Persistence,14,2011
2011-11-21,2011,11,14.27,13.86,14.27,2011-12-05,Persistence,14,2011
2011-11-22,2011,11,14.24,13.84,14.24,2011-12-06,Persistence,14,2011
2011-11-23,2011,11,14.21,13.81,14.21,2011-12-07,Persistence,14,2011
2011-11-24,2011,11,14.2,13.78,14.2,2011-12-08,Persistence,14,2011
2011-11-25,2011,11,14.18,13.75,14.18,2011-12-09,Persistence,14,2011
2011-11-26,2011,11,14.16,13.72,14.16,2011-12-10,Persistence,14,2011
2011-11-27,2011,11,14.12,13.7,14.12,2011-12-11,Persistence,14,2011
2011-11-28,2011,11,14.08,13.69,14.08,2011-12-12,Persistence,14,2011
2011-11-29,2011,11,14.04,13.66,14.04,2011-12-13,Persistence,14,2011
2011-11-30,2011,11,14.0,13.64,14.0,2011-12-14,Persistence,14,2011
2011-12-01,2011,12,13.98,13.62,13.98,2011-12-15,Persistence,14,2011
2011-12-02,2011,12,13.96,13.6,13.96,2011-12-16,Persistence,14,2011
2011-12-03,2011,12,13.92,13.58,13.92,2011-12-17,Persistence,14,2011
2011-12-04,2011,12,13.88,13.58,13.88,2011-12-18,Persistence,14,2011
2011-12-05,2011,12,13.86,13.57,13.86,2011-12-19,Persistence,14,2011
2011-12-06,2011,12,13.84,13.56,13.84,2011-12-20,Persistence,14,2011
2011-12-07,2011,12,13.81,13.52,13.81,2011-12-21,Persistence,14,2011
2011-12-08,2011,12,13.78,13.5,13.78,2011-12-22,Persistence,14,2011
2011-12-09,2011,12,13.75,13.48,13.75,2011-12-23,Persistence,14,2011
2011-12-10,2011,12,13.72,13.46,13.72,2011-12-24,Persistence,14,2011
2011-12-11,2011,12,13.7,13.44,13.7,2011-12-25,Persistence,14,2011
2011-12-12,2011,12,13.69,13.42,13.69,2011-12-26,Persistence,14,2011
2011-12-13,2011,12,13.66,13.39,13.66,2011-12-27,Persistence,14,2011
2011-12-14,2011,12,13.64,13.37,13.64,2011-12-28,Persistence,14,2011
2011-12-15,2011,12,13.62,13.35,13.62,2011-12-29,Persistence,14,2011
2011-12-16,2011,12,13.6,13.33,13.6,2011-12-30,Persistence,14,2011
2011-12-17,2011,12,13.58,13.31,13.58,2011-12-31,Persistence,14,2011
2011-12-18,2011,12,13.58,13.28,13.58,2012-01-01,Persistence,14,2011
2011-12-19,2011,12,13.57,13.24,13.57,2012-01-02,Persistence,14,2011
2011-12-20,2011,12,13.56,13.22,13.56,2012-01-03,Persistence,14,2011
2011-12-21,2011,12,13.52,13.21,13.52,2012-01-04,Persistence,14,2011
2011-12-22,2011,12,13.5,13.2,13.5,2012-01-05,Persistence,14,2011
2011-12-23,2011,12,13.48,13.19,13.48,2012-01-06,Persistence,14,2011
2011-12-24,2011,12,13.46,13.18,13.46,2012-01-07,Persistence,14,2011
2011-12-25,2011,12,13.44,13.16,13.44,2012-01-08,Persistence,14,2011
2011-12-26,2011,12,13.42,13.15,13.42,2012-01-09,Persistence,14,2011
2011-12-27,2011,12,13.39,13.13,13.39,2012-01-10,Persistence,14,2011
2011-12-28,2011,12,13.37,13.12,13.37,2012-01-11,Persistence,14,2011
2011-12-29,2011,12,13.35,13.11,13.35,2012-01-12,Persistence,14,2011
2011-12-30,2011,12,13.33,13.1,13.33,2012-01-13,Persistence,14,2011
2011-12-31,2011,12,13.31,13.09,13.31,2012-01-14,Persistence,14,2011
2012-01-01,2012,1,13.28,13.08,13.28,2012-01-15,Persistence,14,2012
2012-01-02,2012,1,13.24,13.07,13.24,2012-01-16,Persistence,14,2012
2012-01-03,2012,1,13.22,13.05,13.22,2012-01-17,Persistence,14,2012
2012-01-04,2012,1,13.21,13.02,13.21,2012-01-18,Persistence,14,2012
2012-01-05,2012,1,13.2,13.0,13.2,2012-01-19,Persistence,14,2012
2012-01-06,2012,1,13.19,12.99,13.19,2012-01-20,Persistence,14,2012
2012-01-07,2012,1,13.18,12.99,13.18,2012-01-21,Persistence,14,2012
2012-01-08,2012,1,13.16,12.97,13.16,2012-01-22,Persistence,14,2012
2012-01-09,2012,1,13.15,12.95,13.15,2012-01-23,Persistence,14,2012
2012-01-10,2012,1,13.13,12.93,13.13,2012-01-24,Persistence,14,2012
2012-01-11,2012,1,13.12,12.91,13.12,2012-01-25,Persistence,14,2012
2012-01-12,2012,1,13.11,12.89,13.11,2012-01-26,Persistence,14,2012
2012-01-13,2012,1,13.1,12.87,13.1,2012-01-27,Persistence,14,2012
2012-01-14,2012,1,13.09,12.86,13.09,2012-01-28,Persistence,14,2012
2012-01-15,2012,1,13.08,12.86,13.08,2012-01-29,Persistence,14,2012
2012-01-16,2012,1,13.07,12.88,13.07,2012-01-30,Persistence,14,2012
2012-01-17,2012,1,13.05,12.88,13.05,2012-01-31,Persistence,14,2012
2012-01-18,2012,1,13.02,12.87,13.02,2012-02-01,Persistence,14,2012
2012-01-19,2012,1,13.0,12.85,13.0,2012-02-02,Persistence,14,2012
2012-01-20,2012,1,12.99,12.84,12.99,2012-02-03,Persistence,14,2012
2012-01-21,2012,1,12.99,12.82,12.99,2012-02-04,Persistence,14,2012
2012-01-22,2012,1,12.97,12.81,12.97,2012-02-05,Persistence,14,2012
2012-01-23,2012,1,12.95,12.79,12.95,2012-02-06,Persistence,14,2012
2012-01-24,2012,1,12.93,12.78,12.93,2012-02-07,Persistence,14,2012
2012-01-25,2012,1,12.91,12.77,12.91,2012-02-08,Persistence,14,2012
2012-01-26,2012,1,12.89,12.76,12.89,2012-02-09,Persistence,14,2012
2012-01-27,2012,1,12.87,12.75,12.87,2012-02-10,Persistence,14,2012
2012-01-28,2012,1,12.86,12.74,12.86,2012-02-11,Persistence,14,2012
2012-01-29,2012,1,12.86,12.73,12.86,2012-02-12,Persistence,14,2012
2012-01-30,2012,1,12.88,12.72,12.88,2012-02-13,Persistence,14,2012
2012-01-31,2012,1,12.88,12.71,12.88,2012-02-14,Persistence,14,2012
2012-02-01,2012,2,12.87,12.71,12.87,2012-02-15,Persistence,14,2012
2012-02-02,2012,2,12.85,12.71,12.85,2012-02-16,Persistence,14,2012
2012-02-03,2012,2,12.84,12.7,12.84,2012-02-17,Persistence,14,2012
2012-02-04,2012,2,12.82,12.7,12.82,2012-02-18,Persistence,14,2012
2012-02-05,2012,2,12.81,12.7,12.81,2012-02-19,Persistence,14,2012
2012-02-06,2012,2,12.79,12.72,12.79,2012-02-20,Persistence,14,2012
2012-02-07,2012,2,12.78,12.72,12.78,2012-02-21,Persistence,14,2012
2012-02-08,2012,2,12.77,12.7,12.77,2012-02-22,Persistence,14,2012
2012-02-09,2012,2,12.76,12.69,12.76,2012-02-23,Persistence,14,2012
2012-02-10,2012,2,12.75,12.66,12.75,2012-02-24,Persistence,14,2012
2012-02-11,2012,2,12.74,12.64,12.74,2012-02-25,Persistence,14,2012
2012-02-12,2012,2,12.73,12.62,12.73,2012-02-26,Persistence,14,2012
2012-02-13,2012,2,12.72,12.61,12.72,2012-02-27,Persistence,14,2012
2012-02-14,2012,2,12.71,12.63,12.71,2012-02-28,Persistence,14,2012
2012-02-15,2012,2,12.71,12.64,12.71,2012-02-29,Persistence,14,2012
2012-02-16,2012,2,12.71,12.64,12.71,2012-03-01,Persistence,14,2012
2012-02-17,2012,2,12.7,12.63,12.7,2012-03-02,Persistence,14,2012
2012-02-18,2012,2,12.7,12.62,12.7,2012-03-03,Persistence,14,2012
2012-02-19,2012,2,12.7,12.62,12.7,2012-03-04,Persistence,14,2012
2012-02-20,2012,2,12.72,12.66,12.72,2012-03-05,Persistence,14,2012
2012-02-21,2012,2,12.72,12.7,12.72,2012-03-06,Persistence,14,2012
2012-02-22,2012,2,12.7,12.73,12.7,2012-03-07,Persistence,14,2012
2012-02-23,2012,2,12.69,12.77,12.69,2012-03-08,Persistence,14,2012
2012-02-24,2012,2,12.66,12.81,12.66,2012-03-09,Persistence,14,2012
2012-02-25,2012,2,12.64,12.85,12.64,2012-03-10,Persistence,14,2012
2012-02-26,2012,2,12.62,12.88,12.62,2012-03-11,Persistence,14,2012
2012-02-27,2012,2,12.61,12.88,12.61,2012-03-12,Persistence,14,2012
2012-02-28,2012,2,12.63,12.87,12.63,2012-03-13,Persistence,14,2012
2012-02-29,2012,2,12.64,12.84,12.64,2012-03-14,Persistence,14,2012
2012-03-01,2012,3,12.64,12.84,12.64,2012-03-15,Persistence,14,2012
2012-03-02,2012,3,12.63,12.86,12.63,2012-03-16,Persistence,14,2012
2012-03-03,2012,3,12.62,12.94,12.62,2012-03-17,Persistence,14,2012
2012-03-04,2012,3,12.62,12.98,12.62,2012-03-18,Persistence,14,2012
2012-03-05,2012,3,12.66,13.0,12.66,2012-03-19,Persistence,14,2012
2012-03-06,2012,3,12.7,12.99,12.7,2012-03-20,Persistence,14,2012
2012-03-07,2012,3,12.73,12.95,12.73,2012-03-21,Persistence,14,2012
2012-03-08,2012,3,12.77,12.94,12.77,2012-03-22,Persistence,14,2012
2012-03-09,2012,3,12.81,12.94,12.81,2012-03-23,Persistence,14,2012
2012-03-10,2012,3,12.85,12.96,12.85,2012-03-24,Persistence,14,2012
2012-03-11,2012,3,12.88,12.98,12.88,2012-03-25,Persistence,14,2012
2012-03-12,2012,3,12.88,13.0,12.88,2012-03-26,Persistence,14,2012
2012-03-13,2012,3,12.87,13.01,12.87,2012-03-27,Persistence,14,2012
2012-03-14,2012,3,12.84,13.02,12.84,2012-03-28,Persistence,14,2012
2012-03-15,2012,3,12.84,13.04,12.84,2012-03-29,Persistence,14,2012
2012-03-16,2012,3,12.86,13.05,12.86,2012-03-30,Persistence,14,2012
2012-03-17,2012,3,12.94,13.1,12.94,2012-03-31,Persistence,14,2012
2012-03-18,2012,3,12.98,13.15,12.98,2012-04-01,Persistence,14,2012
2012-03-19,2012,3,13.0,13.19,13.0,2012-04-02,Persistence,14,2012
2012-03-20,2012,3,12.99,13.23,12.99,2012-04-03,Persistence,14,2012
2012-03-21,2012,3,12.95,13.24,12.95,2012-04-04,Persistence,14,2012
2012-03-22,2012,3,12.94,13.24,12.94,2012-04-05,Persistence,14,2012
2012-03-23,2012,3,12.94,13.4,12.94,2012-04-06,Persistence,14,2012
2012-03-24,2012,3,12.96,13.5,12.96,2012-04-07,Persistence,14,2012
2012-03-25,2012,3,12.98,13.62,12.98,2012-04-08,Persistence,14,2012
2012-03-26,2012,3,13.0,13.67,13.0,2012-04-09,Persistence,14,2012
2012-03-27,2012,3,13.01,13.68,13.01,2012-04-10,Persistence,14,2012
2012-03-28,2012,3,13.02,13.69,13.02,2012-04-11,Persistence,14,2012
2012-03-29,2012,3,13.04,13.74,13.04,2012-04-12,Persistence,14,2012
2012-03-30,2012,3,13.05,13.8,13.05,2012-04-13,Persistence,14,2012
2012-03-31,2012,3,13.1,13.89,13.1,2012-04-14,Persistence,14,2012
2012-04-01,2012,4,13.15,14.0,13.15,2012-04-15,Persistence,14,2012
2012-04-02,2012,4,13.19,14.13,13.19,2012-04-16,Persistence,14,2012
2012-04-03,2012,4,13.23,14.18,13.23,2012-04-17,Persistence,14,2012
2012-04-04,2012,4,13.24,14.18,13.24,2012-04-18,Persistence,14,2012
2012-04-05,2012,4,13.24,14.17,13.24,2012-04-19,Persistence,14,2012
2012-04-06,2012,4,13.4,14.35,13.4,2012-04-20,Persistence,14,2012
2012-04-07,2012,4,13.5,14.6,13.5,2012-04-21,Persistence,14,2012
2012-04-08,2012,4,13.62,14.87,13.62,2012-04-22,Persistence,14,2012
2012-04-09,2012,4,13.67,15.12,13.67,2012-04-23,Persistence,14,2012
2012-04-10,2012,4,13.68,15.17,13.68,2012-04-24,Persistence,14,2012
2012-04-11,2012,4,13.69,15.18,13.69,2012-04-25,Persistence,14,2012
2012-04-12,2012,4,13.74,15.19,13.74,2012-04-26,Persistence,14,2012
2012-04-13,2012,4,13.8,15.19,13.8,2012-04-27,Persistence,14,2012
2012-04-14,2012,4,13.89,15.12,13.89,2012-04-28,Persistence,14,2012
2012-04-15,2012,4,14.0,15.11,14.0,2012-04-29,Persistence,14,2012
2012-04-16,2012,4,14.13,15.29,14.13,2012-04-30,Persistence,14,2012
2012-04-17,2012,4,14.18,15.52,14.18,2012-05-01,Persistence,14,2012
2012-04-18,2012,4,14.18,15.59,14.18,2012-05-02,Persistence,14,2012
2012-04-19,2012,4,14.17,15.64,14.17,2012-05-03,Persistence,14,2012
2012-04-20,2012,4,14.35,15.79,14.35,2012-05-04,Persistence,14,2012
2012-04-21,2012,4,14.6,15.91,14.6,2012-05-05,Persistence,14,2012
2012-04-22,2012,4,14.87,16.04,14.87,2012-05-06,Persistence,14,2012
2012-04-23,2012,4,15.12,16.08,15.12,2012-05-07,Persistence,14,2012
2012-04-24,2012,4,15.17,16.04,15.17,2012-05-08,Persistence,14,2012
2012-04-25,2012,4,15.18,15.93,15.18,2012-05-09,Persistence,14,2012
2012-04-26,2012,4,15.19,15.79,15.19,2012-05-10,Persistence,14,2012
2012-04-27,2012,4,15.19,15.66,15.19,2012-05-11,Persistence,14,2012
2012-04-28,2012,4,15.12,15.52,15.12,2012-05-12,Persistence,14,2012
2012-04-29,2012,4,15.11,15.35,15.11,2012-05-13,Persistence,14,2012
2012-04-30,2012,4,15.29,15.22,15.29,2012-05-14,Persistence,14,2012
2012-05-01,2012,5,15.52,15.14,15.52,2012-05-15,Persistence,14,2012
2012-05-02,2012,5,15.59,15.1,15.59,2012-05-16,Persistence,14,2012
2012-05-03,2012,5,15.64,15.17,15.64,2012-05-17,Persistence,14,2012
2012-05-04,2012,5,15.79,15.26,15.79,2012-05-18,Persistence,14,2012
2012-05-05,2012,5,15.91,15.37,15.91,2012-05-19,Persistence,14,2012
2012-05-06,2012,5,16.04,15.6,16.04,2012-05-20,Persistence,14,2012
2012-05-07,2012,5,16.08,16.3,16.08,2012-05-21,Persistence,14,2012
2012-05-08,2012,5,16.04,16.64,16.04,2012-05-22,Persistence,14,2012
2012-05-09,2012,5,15.93,16.67,15.93,2012-05-23,Persistence,14,2012
2012-05-10,2012,5,15.79,16.5,15.79,2012-05-24,Persistence,14,2012
2012-05-11,2012,5,15.66,16.27,15.66,2012-05-25,Persistence,14,2012
2012-05-12,2012,5,15.52,16.14,15.52,2012-05-26,Persistence,14,2012
2012-05-13,2012,5,15.35,16.04,15.35,2012-05-27,Persistence,14,2012
2012-05-14,2012,5,15.22,16.03,15.22,2012-05-28,Persistence,14,2012
2012-05-15,2012,5,15.14,16.04,15.14,2012-05-29,Persistence,14,2012
2012-05-16,2012,5,15.1,16.06,15.1,2012-05-30,Persistence,14,2012
2012-05-17,2012,5,15.17,16.12,15.17,2012-05-31,Persistence,14,2012
2012-05-18,2012,5,15.26,16.2,15.26,2012-06-01,Persistence,14,2012
2012-05-19,2012,5,15.37,16.24,15.37,2012-06-02,Persistence,14,2012
2012-05-20,2012,5,15.6,16.27,15.6,2012-06-03,Persistence,14,2012
2012-05-21,2012,5,16.3,16.29,16.3,2012-06-04,Persistence,14,2012
2012-05-22,2012,5,16.64,16.47,16.64,2012-06-05,Persistence,14,2012
2012-05-23,2012,5,16.67,16.9,16.67,2012-06-06,Persistence,14,2012
2012-05-24,2012,5,16.5,17.25,16.5,2012-06-07,Persistence,14,2012
2012-05-25,2012,5,16.27,17.88,16.27,2012-06-08,Persistence,14,2012
2012-05-26,2012,5,16.14,18.28,16.14,2012-06-09,Persistence,14,2012
2012-05-27,2012,5,16.04,18.37,16.04,2012-06-10,Persistence,14,2012
2012-05-28,2012,5,16.03,18.34,16.03,2012-06-11,Persistence,14,2012
2012-05-29,2012,5,16.04,18.09,16.04,2012-06-12,Persistence,14,2012
2012-05-30,2012,5,16.06,17.88,16.06,2012-06-13,Persistence,14,2012
2012-05-31,2012,5,16.12,17.66,16.12,2012-06-14,Persistence,14,2012
2012-06-01,2012,6,16.2,17.97,16.2,2012-06-15,Persistence,14,2012
2012-06-02,2012,6,16.24,18.33,16.24,2012-06-16,Persistence,14,2012
2012-06-03,2012,6,16.27,18.56,16.27,2012-06-17,Persistence,14,2012
2012-06-04,2012,6,16.29,18.79,16.29,2012-06-18,Persistence,14,2012
2012-06-05,2012,6,16.47,18.89,16.47,2012-06-19,Persistence,14,2012
2012-06-06,2012,6,16.9,18.76,16.9,2012-06-20,Persistence,14,2012
2012-06-07,2012,6,17.25,18.48,17.25,2012-06-21,Persistence,14,2012
2012-06-08,2012,6,17.88,18.32,17.88,2012-06-22,Persistence,14,2012
2012-06-09,2012,6,18.28,18.29,18.28,2012-06-23,Persistence,14,2012
2012-06-10,2012,6,18.37,18.43,18.37,2012-06-24,Persistence,14,2012
2012-06-11,2012,6,18.34,18.57,18.34,2012-06-25,Persistence,14,2012
2012-06-12,2012,6,18.09,18.8,18.09,2012-06-26,Persistence,14,2012
2012-06-13,2012,6,17.88,19.58,17.88,2012-06-27,Persistence,14,2012
2012-06-14,2012,6,17.66,20.12,17.66,2012-06-28,Persistence,14,2012
2012-06-15,2012,6,17.97,20.43,17.97,2012-06-29,Persistence,14,2012
2012-06-16,2012,6,18.33,20.56,18.33,2012-06-30,Persistence,14,2012
2012-06-17,2012,6,18.56,20.56,18.56,2012-07-01,Persistence,14,2012
2012-06-18,2012,6,18.79,20.45,18.79,2012-07-02,Persistence,14,2012
2012-06-19,2012,6,18.89,20.09,18.89,2012-07-03,Persistence,14,2012
2012-06-20,2012,6,18.76,19.65,18.76,2012-07-04,Persistence,14,2012
2012-06-21,2012,6,18.48,19.27,18.48,2012-07-05,Persistence,14,2012
2012-06-22,2012,6,18.32,19.14,18.32,2012-07-06,Persistence,14,2012
2012-06-23,2012,6,18.29,19.25,18.29,2012-07-07,Persistence,14,2012
2012-06-24,2012,6,18.43,19.22,18.43,2012-07-08,Persistence,14,2012
2012-06-25,2012,6,18.57,19.13,18.57,2012-07-09,Persistence,14,2012
2012-06-26,2012,6,18.8,19.07,18.8,2012-07-10,Persistence,14,2012
2012-06-27,2012,6,19.58,19.04,19.58,2012-07-11,Persistence,14,2012
2012-06-28,2012,6,20.12,19.11,20.12,2012-07-12,Persistence,14,2012
2012-06-29,2012,6,20.43,19.18,20.43,2012-07-13,Persistence,14,2012
2012-06-30,2012,6,20.56,19.27,20.56,2012-07-14,Persistence,14,2012
2012-07-01,2012,7,20.56,19.31,20.56,2012-07-15,Persistence,14,2012
2012-07-02,2012,7,20.45,19.47,20.45,2012-07-16,Persistence,14,2012
2012-07-03,2012,7,20.09,19.79,20.09,2012-07-17,Persistence,14,2012
2012-07-04,2012,7,19.65,19.87,19.65,2012-07-18,Persistence,14,2012
2012-07-05,2012,7,19.27,19.84,19.27,2012-07-19,Persistence,14,2012
2012-07-06,2012,7,19.14,19.9,19.14,2012-07-20,Persistence,14,2012
2012-07-07,2012,7,19.25,19.98,19.25,2012-07-21,Persistence,14,2012
2012-07-08,2012,7,19.22,19.94,19.22,2012-07-22,Persistence,14,2012
2012-07-09,2012,7,19.13,19.85,19.13,2012-07-23,Persistence,14,2012
2012-07-10,2012,7,19.07,19.76,19.07,2012-07-24,Persistence,14,2012
2012-07-11,2012,7,19.04,19.67,19.04,2012-07-25,Persistence,14,2012
2012-07-12,2012,7,19.11,19.55,19.11,2012-07-26,Persistence,14,2012
2012-07-13,2012,7,19.18,19.52,19.18,2012-07-27,Persistence,14,2012
2012-07-14,2012,7,19.27,19.5,19.27,2012-07-28,Persistence,14,2012
2012-07-15,2012,7,19.31,19.44,19.31,2012-07-29,Persistence,14,2012
2012-07-16,2012,7,19.47,19.44,19.47,2012-07-30,Persistence,14,2012
2012-07-17,2012,7,19.79,19.4,19.79,2012-07-31,Persistence,14,2012
2012-07-18,2012,7,19.87,19.34,19.87,2012-08-01,Persistence,14,2012
2012-07-19,2012,7,19.84,19.3,19.84,2012-08-02,Persistence,14,2012
2012-07-20,2012,7,19.9,19.2,19.9,2012-08-03,Persistence,14,2012
2012-07-21,2012,7,19.98,19.19,19.98,2012-08-04,Persistence,14,2012
2012-07-22,2012,7,19.94,19.18,19.94,2012-08-05,Persistence,14,2012
2012-07-23,2012,7,19.85,19.18,19.85,2012-08-06,Persistence,14,2012
2012-07-24,2012,7,19.76,19.15,19.76,2012-08-07,Persistence,14,2012
2012-07-25,2012,7,19.67,19.12,19.67,2012-08-08,Persistence,14,2012
2012-07-26,2012,7,19.55,19.09,19.55,2012-08-09,Persistence,14,2012
2012-07-27,2012,7,19.52,19.03,19.52,2012-08-10,Persistence,14,2012
2012-07-28,2012,7,19.5,18.93,19.5,2012-08-11,Persistence,14,2012
2012-07-29,2012,7,19.44,18.83,19.44,2012-08-12,Persistence,14,2012
2012-07-30,2012,7,19.44,18.67,19.44,2012-08-13,Persistence,14,2012
2012-07-31,2012,7,19.4,18.62,19.4,2012-08-14,Persistence,14,2012
2012-08-01,2012,8,19.34,18.57,19.34,2012-08-15,Persistence,14,2012
2012-08-02,2012,8,19.3,18.44,19.3,2012-08-16,Persistence,14,2012
2012-08-03,2012,8,19.2,18.31,19.2,2012-08-17,Persistence,14,2012
2012-08-04,2012,8,19.19,18.2,19.19,2012-08-18,Persistence,14,2012
2012-08-05,2012,8,19.18,18.12,19.18,2012-08-19,Persistence,14,2012
2012-08-06,2012,8,19.18,18.05,19.18,2012-08-20,Persistence,14,2012
2012-08-07,2012,8,19.15,18.0,19.15,2012-08-21,Persistence,14,2012
2012-08-08,2012,8,19.12,18.16,19.12,2012-08-22,Persistence,14,2012
2012-08-09,2012,8,19.09,18.26,19.09,2012-08-23,Persistence,14,2012
2012-08-10,2012,8,19.03,18.45,19.03,2012-08-24,Persistence,14,2012
2012-08-11,2012,8,18.93,18.51,18.93,2012-08-25,Persistence,14,2012
2012-08-12,2012,8,18.83,18.7,18.83,2012-08-26,Persistence,14,2012
2012-08-13,2012,8,18.67,18.89,18.67,2012-08-27,Persistence,14,2012
2012-08-14,2012,8,18.62,19.04,18.62,2012-08-28,Persistence,14,2012
2012-08-15,2012,8,18.57,19.08,18.57,2012-08-29,Persistence,14,2012
2012-08-16,2012,8,18.44,19.08,18.44,2012-08-30,Persistence,14,2012
2012-08-17,2012,8,18.31,19.01,18.31,2012-08-31,Persistence,14,2012
2012-08-18,2012,8,18.2,18.89,18.2,2012-09-01,Persistence,14,2012
2012-08-19,2012,8,18.12,18.79,18.12,2012-09-02,Persistence,14,2012
2012-08-20,2012,8,18.05,18.81,18.05,2012-09-03,Persistence,14,2012
2012-08-21,2012,8,18.0,18.82,18.0,2012-09-04,Persistence,14,2012
2012-08-22,2012,8,18.16,18.74,18.16,2012-09-05,Persistence,14,2012
2012-08-23,2012,8,18.26,18.83,18.26,2012-09-06,Persistence,14,2012
2012-08-24,2012,8,18.45,18.87,18.45,2012-09-07,Persistence,14,2012
2012-08-25,2012,8,18.51,18.87,18.51,2012-09-08,Persistence,14,2012
2012-08-26,2012,8,18.7,18.72,18.7,2012-09-09,Persistence,14,2012
2012-08-27,2012,8,18.89,18.46,18.89,2012-09-10,Persistence,14,2012
2012-08-28,2012,8,19.04,18.2,19.04,2012-09-11,Persistence,14,2012
2012-08-29,2012,8,19.08,18.04,19.08,2012-09-12,Persistence,14,2012
2012-08-30,2012,8,19.08,17.92,19.08,2012-09-13,Persistence,14,2012
2012-08-31,2012,8,19.01,18.13,19.01,2012-09-14,Persistence,14,2012
2012-09-01,2012,9,18.89,18.19,18.89,2012-09-15,Persistence,14,2012
2012-09-02,2012,9,18.79,18.82,18.79,2012-09-16,Persistence,14,2012
2012-09-03,2012,9,18.81,19.13,18.81,2012-09-17,Persistence,14,2012
2012-09-04,2012,9,18.82,19.22,18.82,2012-09-18,Persistence,14,2012
2012-09-05,2012,9,18.74,19.24,18.74,2012-09-19,Persistence,14,2012
2012-09-06,2012,9,18.83,19.16,18.83,2012-09-20,Persistence,14,2012
2012-09-07,2012,9,18.87,19.28,18.87,2012-09-21,Persistence,14,2012
2012-09-08,2012,9,18.87,19.48,18.87,2012-09-22,Persistence,14,2012
2012-09-09,2012,9,18.72,19.66,18.72,2012-09-23,Persistence,14,2012
2012-09-10,2012,9,18.46,19.81,18.46,2012-09-24,Persistence,14,2012
2012-09-11,2012,9,18.2,20.08,18.2,2012-09-25,Persistence,14,2012
2012-09-12,2012,9,18.04,20.27,18.04,2012-09-26,Persistence,14,2012
2012-09-13,2012,9,17.92,20.45,17.92,2012-09-27,Persistence,14,2012
2012-09-14,2012,9,18.13,20.46,18.13,2012-09-28,Persistence,14,2012
2012-09-15,2012,9,18.19,20.37,18.19,2012-09-29,Persistence,14,2012
2012-09-16,2012,9,18.82,20.08,18.82,2012-09-30,Persistence,14,2012
2012-11-08,2012,11,15.26,14.56,15.26,2012-11-22,Persistence,14,2012
2012-11-09,2012,11,15.18,14.5,15.18,2012-11-23,Persistence,14,2012
2012-11-10,2012,11,15.09,14.45,15.09,2012-11-24,Persistence,14,2012
2012-11-11,2012,11,15.03,14.41,15.03,2012-11-25,Persistence,14,2012
2012-11-12,2012,11,15.03,14.38,15.03,2012-11-26,Persistence,14,2012
2012-11-13,2012,11,14.97,14.35,14.97,2012-11-27,Persistence,14,2012
2012-11-14,2012,11,14.92,14.34,14.92,2012-11-28,Persistence,14,2012
2012-11-15,2012,11,14.89,14.29,14.89,2012-11-29,Persistence,14,2012
2012-11-16,2012,11,14.85,14.24,14.85,2012-11-30,Persistence,14,2012
2012-11-17,2012,11,14.8,14.2,14.8,2012-12-01,Persistence,14,2012
2012-11-18,2012,11,14.76,14.17,14.76,2012-12-02,Persistence,14,2012
2012-11-19,2012,11,14.71,14.15,14.71,2012-12-03,Persistence,14,2012
2012-11-20,2012,11,14.66,14.13,14.66,2012-12-04,Persistence,14,2012
2012-11-21,2012,11,14.61,14.1,14.61,2012-12-05,Persistence,14,2012
2012-11-22,2012,11,14.56,14.07,14.56,2012-12-06,Persistence,14,2012
2012-11-23,2012,11,14.5,14.03,14.5,2012-12-07,Persistence,14,2012
2012-11-24,2012,11,14.45,13.99,14.45,2012-12-08,Persistence,14,2012
2012-11-25,2012,11,14.41,13.97,14.41,2012-12-09,Persistence,14,2012
2012-11-26,2012,11,14.38,13.94,14.38,2012-12-10,Persistence,14,2012
2012-11-27,2012,11,14.35,13.9,14.35,2012-12-11,Persistence,14,2012
2012-11-28,2012,11,14.34,13.87,14.34,2012-12-12,Persistence,14,2012
2012-11-29,2012,11,14.29,13.85,14.29,2012-12-13,Persistence,14,2012
2012-11-30,2012,11,14.24,13.83,14.24,2012-12-14,Persistence,14,2012
2012-12-01,2012,12,14.2,13.79,14.2,2012-12-15,Persistence,14,2012
2012-12-02,2012,12,14.17,13.76,14.17,2012-12-16,Persistence,14,2012
2012-12-03,2012,12,14.15,13.74,14.15,2012-12-17,Persistence,14,2012
2012-12-04,2012,12,14.13,13.72,14.13,2012-12-18,Persistence,14,2012
2012-12-05,2012,12,14.1,13.7,14.1,2012-12-19,Persistence,14,2012
2012-12-06,2012,12,14.07,13.67,14.07,2012-12-20,Persistence,14,2012
2012-12-07,2012,12,14.03,13.67,14.03,2012-12-21,Persistence,14,2012
2012-12-08,2012,12,13.99,13.66,13.99,2012-12-22,Persistence,14,2012
2012-12-09,2012,12,13.97,13.66,13.97,2012-12-23,Persistence,14,2012
2012-12-10,2012,12,13.94,13.63,13.94,2012-12-24,Persistence,14,2012
2012-12-11,2012,12,13.9,13.6,13.9,2012-12-25,Persistence,14,2012
2012-12-12,2012,12,13.87,13.56,13.87,2012-12-26,Persistence,14,2012
2012-12-13,2012,12,13.85,13.54,13.85,2012-12-27,Persistence,14,2012
2012-12-14,2012,12,13.83,13.51,13.83,2012-12-28,Persistence,14,2012
2012-12-15,2012,12,13.79,13.49,13.79,2012-12-29,Persistence,14,2012
2012-12-16,2012,12,13.76,13.45,13.76,2012-12-30,Persistence,14,2012
2012-12-17,2012,12,13.74,13.42,13.74,2012-12-31,Persistence,14,2012
2012-12-18,2012,12,13.72,13.4,13.72,2013-01-01,Persistence,14,2012
2012-12-19,2012,12,13.7,13.37,13.7,2013-01-02,Persistence,14,2012
2012-12-20,2012,12,13.67,13.33,13.67,2013-01-03,Persistence,14,2012
2012-12-21,2012,12,13.67,13.29,13.67,2013-01-04,Persistence,14,2012
2012-12-22,2012,12,13.66,13.25,13.66,2013-01-05,Persistence,14,2012
2012-12-23,2012,12,13.66,13.22,13.66,2013-01-06,Persistence,14,2012
2012-12-24,2012,12,13.63,13.2,13.63,2013-01-07,Persistence,14,2012
2012-12-25,2012,12,13.6,13.18,13.6,2013-01-08,Persistence,14,2012
2012-12-26,2012,12,13.56,13.16,13.56,2013-01-09,Persistence,14,2012
2012-12-27,2012,12,13.54,13.14,13.54,2013-01-10,Persistence,14,2012
2012-12-28,2012,12,13.51,13.13,13.51,2013-01-11,Persistence,14,2012
2012-12-29,2012,12,13.49,13.12,13.49,2013-01-12,Persistence,14,2012
2012-12-30,2012,12,13.45,13.1,13.45,2013-01-13,Persistence,14,2012
2012-12-31,2012,12,13.42,13.08,13.42,2013-01-14,Persistence,14,2012
2013-01-01,2013,1,13.4,13.07,13.4,2013-01-15,Persistence,14,2013
2013-01-02,2013,1,13.37,13.06,13.37,2013-01-16,Persistence,14,2013
2013-01-03,2013,1,13.33,13.04,13.33,2013-01-17,Persistence,14,2013
2013-01-04,2013,1,13.29,13.03,13.29,2013-01-18,Persistence,14,2013
2013-01-05,2013,1,13.25,13.01,13.25,2013-01-19,Persistence,14,2013
2013-01-06,2013,1,13.22,12.98,13.22,2013-01-20,Persistence,14,2013
2013-01-07,2013,1,13.2,12.95,13.2,2013-01-21,Persistence,14,2013
2013-01-08,2013,1,13.18,12.93,13.18,2013-01-22,Persistence,14,2013
2013-01-09,2013,1,13.16,12.91,13.16,2013-01-23,Persistence,14,2013
2013-01-10,2013,1,13.14,12.89,13.14,2013-01-24,Persistence,14,2013
2013-01-11,2013,1,13.13,12.87,13.13,2013-01-25,Persistence,14,2013
2013-01-12,2013,1,13.12,12.85,13.12,2013-01-26,Persistence,14,2013
2013-01-13,2013,1,13.1,12.83,13.1,2013-01-27,Persistence,14,2013
2013-01-14,2013,1,13.08,12.81,13.08,2013-01-28,Persistence,14,2013
2013-01-15,2013,1,13.07,12.8,13.07,2013-01-29,Persistence,14,2013
2013-01-16,2013,1,13.06,12.8,13.06,2013-01-30,Persistence,14,2013
2013-01-17,2013,1,13.04,12.79,13.04,2013-01-31,Persistence,14,2013
2013-01-18,2013,1,13.03,12.78,13.03,2013-02-01,Persistence,14,2013
2013-01-19,2013,1,13.01,12.76,13.01,2013-02-02,Persistence,14,2013
2013-01-20,2013,1,12.98,12.74,12.98,2013-02-03,Persistence,14,2013
2013-01-21,2013,1,12.95,12.73,12.95,2013-02-04,Persistence,14,2013
2013-01-22,2013,1,12.93,12.72,12.93,2013-02-05,Persistence,14,2013
2013-01-23,2013,1,12.91,12.7,12.91,2013-02-06,Persistence,14,2013
2013-01-24,2013,1,12.89,12.67,12.89,2013-02-07,Persistence,14,2013
2013-01-25,2013,1,12.87,12.65,12.87,2013-02-08,Persistence,14,2013
2013-01-26,2013,1,12.85,12.63,12.85,2013-02-09,Persistence,14,2013
2013-01-27,2013,1,12.83,12.61,12.83,2013-02-10,Persistence,14,2013
2013-01-28,2013,1,12.81,12.6,12.81,2013-02-11,Persistence,14,2013
2013-01-29,2013,1,12.8,12.58,12.8,2013-02-12,Persistence,14,2013
2013-01-30,2013,1,12.8,12.57,12.8,2013-02-13,Persistence,14,2013
2013-01-31,2013,1,12.79,12.56,12.79,2013-02-14,Persistence,14,2013
2013-02-01,2013,2,12.78,12.55,12.78,2013-02-15,Persistence,14,2013
2013-02-02,2013,2,12.76,12.53,12.76,2013-02-16,Persistence,14,2013
2013-02-03,2013,2,12.74,12.52,12.74,2013-02-17,Persistence,14,2013
2013-02-04,2013,2,12.73,12.52,12.73,2013-02-18,Persistence,14,2013
2013-02-05,2013,2,12.72,12.51,12.72,2013-02-19,Persistence,14,2013
2013-02-06,2013,2,12.7,12.53,12.7,2013-02-20,Persistence,14,2013
2013-02-07,2013,2,12.67,12.54,12.67,2013-02-21,Persistence,14,2013
2013-02-08,2013,2,12.65,12.53,12.65,2013-02-22,Persistence,14,2013
2013-02-09,2013,2,12.63,12.53,12.63,2013-02-23,Persistence,14,2013
2013-02-10,2013,2,12.61,12.52,12.61,2013-02-24,Persistence,14,2013
2013-02-11,2013,2,12.6,12.52,12.6,2013-02-25,Persistence,14,2013
2013-02-12,2013,2,12.58,12.53,12.58,2013-02-26,Persistence,14,2013
2013-02-13,2013,2,12.57,12.55,12.57,2013-02-27,Persistence,14,2013
2013-02-14,2013,2,12.56,12.59,12.56,2013-02-28,Persistence,14,2013
2013-02-15,2013,2,12.55,12.588,12.55,2013-03-01,Persistence,14,2013
2013-02-16,2013,2,12.53,12.57,12.53,2013-03-02,Persistence,14,2013
2013-02-17,2013,2,12.52,12.54,12.52,2013-03-03,Persistence,14,2013
2013-02-18,2013,2,12.52,12.52,12.52,2013-03-04,Persistence,14,2013
2013-02-19,2013,2,12.51,12.49,12.51,2013-03-05,Persistence,14,2013
2013-02-20,2013,2,12.53,12.46,12.53,2013-03-06,Persistence,14,2013
2013-02-21,2013,2,12.54,12.44,12.54,2013-03-07,Persistence,14,2013
2013-02-22,2013,2,12.53,12.42,12.53,2013-03-08,Persistence,14,2013
2013-02-23,2013,2,12.53,12.42,12.53,2013-03-09,Persistence,14,2013
2013-02-24,2013,2,12.52,12.41,12.52,2013-03-10,Persistence,14,2013
2013-02-25,2013,2,12.52,12.41,12.52,2013-03-11,Persistence,14,2013
2013-02-26,2013,2,12.53,12.42,12.53,2013-03-12,Persistence,14,2013
2013-02-27,2013,2,12.55,12.41,12.55,2013-03-13,Persistence,14,2013
2013-02-28,2013,2,12.59,12.4,12.59,2013-03-14,Persistence,14,2013
2013-03-01,2013,3,12.588,12.39,12.588,2013-03-15,Persistence,14,2013
2013-03-02,2013,3,12.57,12.38,12.57,2013-03-16,Persistence,14,2013
2013-03-03,2013,3,12.54,12.36,12.54,2013-03-17,Persistence,14,2013
2013-03-04,2013,3,12.52,12.35,12.52,2013-03-18,Persistence,14,2013
2013-03-05,2013,3,12.49,12.34,12.49,2013-03-19,Persistence,14,2013
2013-03-06,2013,3,12.46,12.33,12.46,2013-03-20,Persistence,14,2013
2013-03-07,2013,3,12.44,12.32,12.44,2013-03-21,Persistence,14,2013
2013-03-08,2013,3,12.42,12.33,12.42,2013-03-22,Persistence,14,2013
2013-03-09,2013,3,12.42,12.37,12.42,2013-03-23,Persistence,14,2013
2013-03-10,2013,3,12.41,12.41,12.41,2013-03-24,Persistence,14,2013
2013-03-11,2013,3,12.41,12.5,12.41,2013-03-25,Persistence,14,2013
2013-03-12,2013,3,12.42,12.54,12.42,2013-03-26,Persistence,14,2013
2013-03-13,2013,3,12.41,12.59,12.41,2013-03-27,Persistence,14,2013
2013-03-14,2013,3,12.4,12.65,12.4,2013-03-28,Persistence,14,2013
2013-03-15,2013,3,12.39,12.69,12.39,2013-03-29,Persistence,14,2013
2013-03-16,2013,3,12.38,12.71,12.38,2013-03-30,Persistence,14,2013
2013-03-17,2013,3,12.36,12.71,12.36,2013-03-31,Persistence,14,2013
2013-03-18,2013,3,12.35,12.69,12.35,2013-04-01,Persistence,14,2013
2013-03-19,2013,3,12.34,12.69,12.34,2013-04-02,Persistence,14,2013
2013-03-20,2013,3,12.33,12.73,12.33,2013-04-03,Persistence,14,2013
2013-03-21,2013,3,12.32,12.77,12.32,2013-04-04,Persistence,14,2013
2013-03-22,2013,3,12.33,12.77,12.33,2013-04-05,Persistence,14,2013
2013-03-23,2013,3,12.37,12.851,12.37,2013-04-06,Persistence,14,2013
2013-03-24,2013,3,12.41,12.896,12.41,2013-04-07,Persistence,14,2013
2013-03-25,2013,3,12.5,13.05,12.5,2013-04-08,Persistence,14,2013
2013-03-26,2013,3,12.54,13.19,12.54,2013-04-09,Persistence,14,2013
2013-03-27,2013,3,12.59,13.23,12.59,2013-04-10,Persistence,14,2013
2013-03-28,2013,3,12.65,13.23,12.65,2013-04-11,Persistence,14,2013
2013-03-29,2013,3,12.69,13.22,12.69,2013-04-12,Persistence,14,2013
2013-03-30,2013,3,12.71,13.33,12.71,2013-04-13,Persistence,14,2013
2013-03-31,2013,3,12.71,13.47,12.71,2013-04-14,Persistence,14,2013
2013-04-01,2013,4,12.69,13.5,12.69,2013-04-15,Persistence,14,2013
2013-04-02,2013,4,12.69,13.51,12.69,2013-04-16,Persistence,14,2013
2013-04-03,2013,4,12.73,13.48,12.73,2013-04-17,Persistence,14,2013
2013-04-04,2013,4,12.77,13.52,12.77,2013-04-18,Persistence,14,2013
2013-04-05,2013,4,12.77,13.81,12.77,2013-04-19,Persistence,14,2013
2013-04-06,2013,4,12.851,14.35,12.851,2013-04-20,Persistence,14,2013
2013-04-07,2013,4,12.896,14.55,12.896,2013-04-21,Persistence,14,2013
2013-04-08,2013,4,13.05,14.66,13.05,2013-04-22,Persistence,14,2013
2013-04-09,2013,4,13.19,14.58,13.19,2013-04-23,Persistence,14,2013
2013-04-10,2013,4,13.23,14.58,13.23,2013-04-24,Persistence,14,2013
2013-04-11,2013,4,13.23,14.45,13.23,2013-04-25,Persistence,14,2013
2013-04-12,2013,4,13.22,14.35,13.22,2013-04-26,Persistence,14,2013
2013-04-13,2013,4,13.33,14.26,13.33,2013-04-27,Persistence,14,2013
2013-04-14,2013,4,13.47,14.24,13.47,2013-04-28,Persistence,14,2013
2013-04-15,2013,4,13.5,14.2,13.5,2013-04-29,Persistence,14,2013
2013-04-16,2013,4,13.51,14.17,13.51,2013-04-30,Persistence,14,2013
2013-07-08,2013,7,19.2,19.11,19.2,2013-07-22,Persistence,14,2013
2013-07-09,2013,7,19.34,19.02,19.34,2013-07-23,Persistence,14,2013
2013-07-10,2013,7,19.47,19.04,19.47,2013-07-24,Persistence,14,2013
2013-07-11,2013,7,19.67,19.05,19.67,2013-07-25,Persistence,14,2013
2013-07-12,2013,7,19.68,19.11,19.68,2013-07-26,Persistence,14,2013
2013-07-13,2013,7,19.6,19.15,19.6,2013-07-27,Persistence,14,2013
2013-07-14,2013,7,19.46,19.14,19.46,2013-07-28,Persistence,14,2013
2013-07-15,2013,7,19.37,19.07,19.37,2013-07-29,Persistence,14,2013
2013-07-16,2013,7,19.3,19.0,19.3,2013-07-30,Persistence,14,2013
2013-07-17,2013,7,19.13,18.94,19.13,2013-07-31,Persistence,14,2013
2013-07-18,2013,7,19.087,18.86,19.087,2013-08-01,Persistence,14,2013
2013-07-19,2013,7,18.99,18.78,18.99,2013-08-02,Persistence,14,2013
2013-07-20,2013,7,19.09,18.76,19.09,2013-08-03,Persistence,14,2013
2013-07-21,2013,7,19.12,18.69,19.12,2013-08-04,Persistence,14,2013
2013-07-22,2013,7,19.11,18.52,19.11,2013-08-05,Persistence,14,2013
2013-07-23,2013,7,19.02,18.4,19.02,2013-08-06,Persistence,14,2013
2013-07-24,2013,7,19.04,18.45,19.04,2013-08-07,Persistence,14,2013
2013-07-25,2013,7,19.05,18.51,19.05,2013-08-08,Persistence,14,2013
2013-07-26,2013,7,19.11,18.49,19.11,2013-08-09,Persistence,14,2013
2013-07-27,2013,7,19.15,18.43,19.15,2013-08-10,Persistence,14,2013
2013-07-28,2013,7,19.14,18.51,19.14,2013-08-11,Persistence,14,2013
2013-07-29,2013,7,19.07,18.6,19.07,2013-08-12,Persistence,14,2013
2013-07-30,2013,7,19.0,18.64,19.0,2013-08-13,Persistence,14,2013
2013-07-31,2013,7,18.94,18.63,18.94,2013-08-14,Persistence,14,2013
2013-08-01,2013,8,18.86,18.56,18.86,2013-08-15,Persistence,14,2013
2013-08-02,2013,8,18.78,18.45,18.78,2013-08-16,Persistence,14,2013
2013-08-03,2013,8,18.76,18.36,18.76,2013-08-17,Persistence,14,2013
2013-08-04,2013,8,18.69,18.29,18.69,2013-08-18,Persistence,14,2013
2013-08-05,2013,8,18.52,18.22,18.52,2013-08-19,Persistence,14,2013
2013-08-06,2013,8,18.4,18.12,18.4,2013-08-20,Persistence,14,2013
2013-08-07,2013,8,18.45,18.0,18.45,2013-08-21,Persistence,14,2013
2013-08-08,2013,8,18.51,17.97,18.51,2013-08-22,Persistence,14,2013
2013-08-09,2013,8,18.49,17.92,18.49,2013-08-23,Persistence,14,2013
2013-08-10,2013,8,18.43,17.83,18.43,2013-08-24,Persistence,14,2013
2013-08-11,2013,8,18.51,17.67,18.51,2013-08-25,Persistence,14,2013
2013-08-12,2013,8,18.6,17.54,18.6,2013-08-26,Persistence,14,2013
2013-08-13,2013,8,18.64,17.47,18.64,2013-08-27,Persistence,14,2013
2013-08-14,2013,8,18.63,17.53,18.63,2013-08-28,Persistence,14,2013
2013-08-15,2013,8,18.56,17.6,18.56,2013-08-29,Persistence,14,2013
2013-08-16,2013,8,18.45,17.6,18.45,2013-08-30,Persistence,14,2013
2013-08-17,2013,8,18.36,17.62,18.36,2013-08-31,Persistence,14,2013
2013-08-18,2013,8,18.29,17.62,18.29,2013-09-01,Persistence,14,2013
2013-08-19,2013,8,18.22,17.64,18.22,2013-09-02,Persistence,14,2013
2013-08-20,2013,8,18.12,17.79,18.12,2013-09-03,Persistence,14,2013
2013-08-21,2013,8,18.0,17.9,18.0,2013-09-04,Persistence,14,2013
2013-08-22,2013,8,17.97,18.17,17.97,2013-09-05,Persistence,14,2013
2013-08-23,2013,8,17.92,18.49,17.92,2013-09-06,Persistence,14,2013
2013-08-24,2013,8,17.83,18.8,17.83,2013-09-07,Persistence,14,2013
2013-08-25,2013,8,17.67,19.3,17.67,2013-09-08,Persistence,14,2013
2013-08-26,2013,8,17.54,19.66,17.54,2013-09-09,Persistence,14,2013
2013-08-27,2013,8,17.47,19.9,17.47,2013-09-10,Persistence,14,2013
2013-08-28,2013,8,17.53,19.91,17.53,2013-09-11,Persistence,14,2013
2013-08-29,2013,8,17.6,19.79,17.6,2013-09-12,Persistence,14,2013
2013-08-30,2013,8,17.6,19.5,17.6,2013-09-13,Persistence,14,2013
2013-08-31,2013,8,17.62,19.19,17.62,2013-09-14,Persistence,14,2013
2013-09-01,2013,9,17.62,18.9,17.62,2013-09-15,Persistence,14,2013
2013-09-02,2013,9,17.64,18.62,17.64,2013-09-16,Persistence,14,2013
2013-09-03,2013,9,17.79,18.41,17.79,2013-09-17,Persistence,14,2013
2013-09-04,2013,9,17.9,18.12,17.9,2013-09-18,Persistence,14,2013
2013-09-05,2013,9,18.17,17.94,18.17,2013-09-19,Persistence,14,2013
2013-09-06,2013,9,18.49,17.76,18.49,2013-09-20,Persistence,14,2013
2013-09-07,2013,9,18.8,17.4,18.8,2013-09-21,Persistence,14,2013
2013-09-08,2013,9,19.3,17.3,19.3,2013-09-22,Persistence,14,2013
2013-09-09,2013,9,19.66,17.13,19.66,2013-09-23,Persistence,14,2013
2013-09-10,2013,9,19.9,17.01,19.9,2013-09-24,Persistence,14,2013
2013-09-11,2013,9,19.91,16.91,19.91,2013-09-25,Persistence,14,2013
2013-09-12,2013,9,19.79,16.82,19.79,2013-09-26,Persistence,14,2013
2013-09-13,2013,9,19.5,16.8,19.5,2013-09-27,Persistence,14,2013
2013-09-14,2013,9,19.19,16.81,19.19,2013-09-28,Persistence,14,2013
2013-09-15,2013,9,18.9,16.85,18.9,2013-09-29,Persistence,14,2013
2013-09-16,2013,9,18.62,16.87,18.62,2013-09-30,Persistence,14,2013
2013-09-17,2013,9,18.41,16.87,18.41,2013-10-01,Persistence,14,2013
2013-09-18,2013,9,18.12,16.84,18.12,2013-10-02,Persistence,14,2013
2013-09-19,2013,9,17.94,16.77,17.94,2013-10-03,Persistence,14,2013
2013-09-20,2013,9,17.76,16.68,17.76,2013-10-04,Persistence,14,2013
2013-09-21,2013,9,17.4,16.57,17.4,2013-10-05,Persistence,14,2013
2013-09-22,2013,9,17.3,16.51,17.3,2013-10-06,Persistence,14,2013
2013-09-23,2013,9,17.13,16.58,17.13,2013-10-07,Persistence,14,2013
2013-09-24,2013,9,17.01,16.63,17.01,2013-10-08,Persistence,14,2013
2013-09-25,2013,9,16.91,16.6,16.91,2013-10-09,Persistence,14,2013
2013-09-26,2013,9,16.82,16.55,16.82,2013-10-10,Persistence,14,2013
2013-09-27,2013,9,16.8,16.54,16.8,2013-10-11,Persistence,14,2013
2013-09-28,2013,9,16.81,16.59,16.81,2013-10-12,Persistence,14,2013
2013-09-29,2013,9,16.85,16.55,16.85,2013-10-13,Persistence,14,2013
2013-09-30,2013,9,16.87,16.48,16.87,2013-10-14,Persistence,14,2013
2013-10-01,2013,10,16.87,16.37,16.87,2013-10-15,Persistence,14,2013
2013-10-02,2013,10,16.84,16.37,16.84,2013-10-16,Persistence,14,2013
2013-10-03,2013,10,16.77,16.48,16.77,2013-10-17,Persistence,14,2013
2013-10-04,2013,10,16.68,16.37,16.68,2013-10-18,Persistence,14,2013
2013-10-05,2013,10,16.57,16.23,16.57,2013-10-19,Persistence,14,2013
2013-10-06,2013,10,16.51,16.0,16.51,2013-10-20,Persistence,14,2013
2013-10-07,2013,10,16.58,15.84,16.58,2013-10-21,Persistence,14,2013
2013-10-08,2013,10,16.63,15.74,16.63,2013-10-22,Persistence,14,2013
2013-10-09,2013,10,16.6,15.71,16.6,2013-10-23,Persistence,14,2013
2013-10-10,2013,10,16.55,15.68,16.55,2013-10-24,Persistence,14,2013
2013-10-11,2013,10,16.54,15.66,16.54,2013-10-25,Persistence,14,2013
2013-10-12,2013,10,16.59,15.71,16.59,2013-10-26,Persistence,14,2013
2013-10-13,2013,10,16.55,15.74,16.55,2013-10-27,Persistence,14,2013
2013-10-14,2013,10,16.48,15.82,16.48,2013-10-28,Persistence,14,2013
2013-10-15,2013,10,16.37,15.82,16.37,2013-10-29,Persistence,14,2013
2013-10-16,2013,10,16.37,15.74,16.37,2013-10-30,Persistence,14,2013
2013-10-17,2013,10,16.48,15.63,16.48,2013-10-31,Persistence,14,2013
2013-10-18,2013,10,16.37,15.52,16.37,2013-11-01,Persistence,14,2013
2013-10-19,2013,10,16.23,15.42,16.23,2013-11-02,Persistence,14,2013
2013-10-20,2013,10,16.0,15.4,16.0,2013-11-03,Persistence,14,2013
2013-10-21,2013,10,15.84,15.49,15.84,2013-11-04,Persistence,14,2013
2013-10-22,2013,10,15.74,15.57,15.74,2013-11-05,Persistence,14,2013
2013-10-23,2013,10,15.71,15.59,15.71,2013-11-06,Persistence,14,2013
2013-10-24,2013,10,15.68,15.54,15.68,2013-11-07,Persistence,14,2013
2013-10-25,2013,10,15.66,15.43,15.66,2013-11-08,Persistence,14,2013
2013-10-26,2013,10,15.71,15.34,15.71,2013-11-09,Persistence,14,2013
2013-10-27,2013,10,15.74,15.21,15.74,2013-11-10,Persistence,14,2013
2013-10-28,2013,10,15.82,15.09,15.82,2013-11-11,Persistence,14,2013
2013-10-29,2013,10,15.82,15.0,15.82,2013-11-12,Persistence,14,2013
2013-10-30,2013,10,15.74,14.91,15.74,2013-11-13,Persistence,14,2013
2013-10-31,2013,10,15.63,14.84,15.63,2013-11-14,Persistence,14,2013
2013-11-01,2013,11,15.52,14.72,15.52,2013-11-15,Persistence,14,2013
2013-11-02,2013,11,15.42,14.66,15.42,2013-11-16,Persistence,14,2013
2013-11-03,2013,11,15.4,14.58,15.4,2013-11-17,Persistence,14,2013
2013-11-04,2013,11,15.49,14.53,15.49,2013-11-18,Persistence,14,2013
2013-11-05,2013,11,15.57,14.44,15.57,2013-11-19,Persistence,14,2013
2013-11-06,2013,11,15.59,14.44,15.59,2013-11-20,Persistence,14,2013
2013-11-07,2013,11,15.54,14.38,15.54,2013-11-21,Persistence,14,2013
2013-11-08,2013,11,15.43,14.33,15.43,2013-11-22,Persistence,14,2013
2013-11-09,2013,11,15.34,14.27,15.34,2013-11-23,Persistence,14,2013
2013-11-10,2013,11,15.21,14.22,15.21,2013-11-24,Persistence,14,2013
2013-11-11,2013,11,15.09,14.17,15.09,2013-11-25,Persistence,14,2013
2013-11-12,2013,11,15.0,14.12,15.0,2013-11-26,Persistence,14,2013
2013-11-13,2013,11,14.91,14.08,14.91,2013-11-27,Persistence,14,2013
2013-11-14,2013,11,14.84,14.03,14.84,2013-11-28,Persistence,14,2013
2013-11-15,2013,11,14.72,13.99,14.72,2013-11-29,Persistence,14,2013
2013-11-16,2013,11,14.66,13.96,14.66,2013-11-30,Persistence,14,2013
2013-11-17,2013,11,14.58,13.92,14.58,2013-12-01,Persistence,14,2013
2013-11-18,2013,11,14.53,13.87,14.53,2013-12-02,Persistence,14,2013
2013-11-19,2013,11,14.44,13.82,14.44,2013-12-03,Persistence,14,2013
2013-11-20,2013,11,14.44,13.78,14.44,2013-12-04,Persistence,14,2013
2013-11-21,2013,11,14.38,13.76,14.38,2013-12-05,Persistence,14,2013
2013-11-22,2013,11,14.33,13.74,14.33,2013-12-06,Persistence,14,2013
2013-11-23,2013,11,14.27,13.7,14.27,2013-12-07,Persistence,14,2013
2013-11-24,2013,11,14.22,13.67,14.22,2013-12-08,Persistence,14,2013
2013-11-25,2013,11,14.17,13.64,14.17,2013-12-09,Persistence,14,2013
2013-11-26,2013,11,14.12,13.6,14.12,2013-12-10,Persistence,14,2013
2013-11-27,2013,11,14.08,13.56,14.08,2013-12-11,Persistence,14,2013
2013-11-28,2013,11,14.03,13.54,14.03,2013-12-12,Persistence,14,2013
2013-11-29,2013,11,13.99,13.51,13.99,2013-12-13,Persistence,14,2013
2013-11-30,2013,11,13.96,13.48,13.96,2013-12-14,Persistence,14,2013
2013-12-01,2013,12,13.92,13.45,13.92,2013-12-15,Persistence,14,2013
2013-12-02,2013,12,13.87,13.42,13.87,2013-12-16,Persistence,14,2013
2013-12-03,2013,12,13.82,13.4,13.82,2013-12-17,Persistence,14,2013
2013-12-04,2013,12,13.78,13.38,13.78,2013-12-18,Persistence,14,2013
2013-12-05,2013,12,13.76,13.36,13.76,2013-12-19,Persistence,14,2013
2013-12-06,2013,12,13.74,13.34,13.74,2013-12-20,Persistence,14,2013
2013-12-07,2013,12,13.7,13.32,13.7,2013-12-21,Persistence,14,2013
2013-12-08,2013,12,13.67,13.29,13.67,2013-12-22,Persistence,14,2013
2013-12-09,2013,12,13.64,13.26,13.64,2013-12-23,Persistence,14,2013
2013-12-10,2013,12,13.6,13.24,13.6,2013-12-24,Persistence,14,2013
2013-12-11,2013,12,13.56,13.21,13.56,2013-12-25,Persistence,14,2013
2013-12-12,2013,12,13.54,13.19,13.54,2013-12-26,Persistence,14,2013
2013-12-13,2013,12,13.51,13.17,13.51,2013-12-27,Persistence,14,2013
2013-12-14,2013,12,13.48,13.14,13.48,2013-12-28,Persistence,14,2013
2013-12-15,2013,12,13.45,13.12,13.45,2013-12-29,Persistence,14,2013
2013-12-16,2013,12,13.42,13.09,13.42,2013-12-30,Persistence,14,2013
2013-12-17,2013,12,13.4,13.06,13.4,2013-12-31,Persistence,14,2013
2013-12-18,2013,12,13.38,13.04,13.38,2014-01-01,Persistence,14,2013
2013-12-19,2013,12,13.36,13.02,13.36,2014-01-02,Persistence,14,2013
2013-12-20,2013,12,13.34,12.99,13.34,2014-01-03,Persistence,14,2013
2013-12-21,2013,12,13.32,12.97,13.32,2014-01-04,Persistence,14,2013
2013-12-22,2013,12,13.29,12.95,13.29,2014-01-05,Persistence,14,2013
2013-12-23,2013,12,13.26,12.93,13.26,2014-01-06,Persistence,14,2013
2013-12-24,2013,12,13.24,12.93,13.24,2014-01-07,Persistence,14,2013
2013-12-25,2013,12,13.21,12.92,13.21,2014-01-08,Persistence,14,2013
2013-12-26,2013,12,13.19,12.9,13.19,2014-01-09,Persistence,14,2013
2013-12-27,2013,12,13.17,12.88,13.17,2014-01-10,Persistence,14,2013
2013-12-28,2013,12,13.14,12.86,13.14,2014-01-11,Persistence,14,2013
2013-12-29,2013,12,13.12,12.83,13.12,2014-01-12,Persistence,14,2013
2013-12-30,2013,12,13.09,12.82,13.09,2014-01-13,Persistence,14,2013
2013-12-31,2013,12,13.06,12.8,13.06,2014-01-14,Persistence,14,2013
2014-01-01,2014,1,13.04,12.79,13.04,2014-01-15,Persistence,14,2014
2014-01-02,2014,1,13.02,12.77,13.02,2014-01-16,Persistence,14,2014
2014-01-03,2014,1,12.99,12.75,12.99,2014-01-17,Persistence,14,2014
2014-01-04,2014,1,12.97,12.73,12.97,2014-01-18,Persistence,14,2014
2014-01-05,2014,1,12.95,12.72,12.95,2014-01-19,Persistence,14,2014
2014-01-06,2014,1,12.93,12.7,12.93,2014-01-20,Persistence,14,2014
2014-01-07,2014,1,12.93,12.68,12.93,2014-01-21,Persistence,14,2014
2014-01-08,2014,1,12.92,12.66,12.92,2014-01-22,Persistence,14,2014
2014-01-09,2014,1,12.9,12.65,12.9,2014-01-23,Persistence,14,2014
2014-01-10,2014,1,12.88,12.64,12.88,2014-01-24,Persistence,14,2014
2014-01-11,2014,1,12.86,12.63,12.86,2014-01-25,Persistence,14,2014
2014-01-12,2014,1,12.83,12.62,12.83,2014-01-26,Persistence,14,2014
2014-01-13,2014,1,12.82,12.61,12.82,2014-01-27,Persistence,14,2014
2014-01-14,2014,1,12.8,12.59,12.8,2014-01-28,Persistence,14,2014
2014-01-15,2014,1,12.79,12.57,12.79,2014-01-29,Persistence,14,2014
2014-01-16,2014,1,12.77,12.55,12.77,2014-01-30,Persistence,14,2014
2014-01-17,2014,1,12.75,12.53,12.75,2014-01-31,Persistence,14,2014
2014-06-08,2014,6,16.32,16.9,16.32,2014-06-22,Persistence,14,2014
2014-06-09,2014,6,16.66,17.2,16.66,2014-06-23,Persistence,14,2014
2014-06-10,2014,6,16.88,17.49,16.88,2014-06-24,Persistence,14,2014
2014-06-11,2014,6,16.92,17.82,16.92,2014-06-25,Persistence,14,2014
2014-06-12,2014,6,16.92,18.14,16.92,2014-06-26,Persistence,14,2014
2014-06-13,2014,6,16.92,18.44,16.92,2014-06-27,Persistence,14,2014
2014-06-14,2014,6,16.97,18.56,16.97,2014-06-28,Persistence,14,2014
2014-06-15,2014,6,17.07,18.57,17.07,2014-06-29,Persistence,14,2014
2014-06-16,2014,6,17.21,18.57,17.21,2014-06-30,Persistence,14,2014
2014-06-17,2014,6,17.25,18.58,17.25,2014-07-01,Persistence,14,2014
2014-06-18,2014,6,17.19,18.5,17.19,2014-07-02,Persistence,14,2014
2014-06-19,2014,6,17.11,18.34,17.11,2014-07-03,Persistence,14,2014
2014-06-20,2014,6,16.99,18.362,16.99,2014-07-04,Persistence,14,2014
2014-06-21,2014,6,16.92,18.47,16.92,2014-07-05,Persistence,14,2014
2014-06-22,2014,6,16.9,18.59,16.9,2014-07-06,Persistence,14,2014
2014-06-23,2014,6,17.2,18.63,17.2,2014-07-07,Persistence,14,2014
2014-06-24,2014,6,17.49,18.66,17.49,2014-07-08,Persistence,14,2014
2014-06-25,2014,6,17.82,18.5,17.82,2014-07-09,Persistence,14,2014
2014-06-26,2014,6,18.14,18.49,18.14,2014-07-10,Persistence,14,2014
2014-06-27,2014,6,18.44,18.53,18.44,2014-07-11,Persistence,14,2014
2014-06-28,2014,6,18.56,18.48,18.56,2014-07-12,Persistence,14,2014
2014-06-29,2014,6,18.57,18.4,18.57,2014-07-13,Persistence,14,2014
2014-06-30,2014,6,18.57,18.46,18.57,2014-07-14,Persistence,14,2014
2014-07-01,2014,7,18.58,18.46,18.58,2014-07-15,Persistence,14,2014
2014-07-02,2014,7,18.5,18.4,18.5,2014-07-16,Persistence,14,2014
2014-07-03,2014,7,18.34,18.34,18.34,2014-07-17,Persistence,14,2014
2014-07-04,2014,7,18.362,18.35,18.362,2014-07-18,Persistence,14,2014
2014-07-05,2014,7,18.47,18.42,18.47,2014-07-19,Persistence,14,2014
2014-07-06,2014,7,18.59,18.53,18.59,2014-07-20,Persistence,14,2014
2014-07-07,2014,7,18.63,18.67,18.63,2014-07-21,Persistence,14,2014
2014-07-08,2014,7,18.66,18.88,18.66,2014-07-22,Persistence,14,2014
2014-07-09,2014,7,18.5,18.98,18.5,2014-07-23,Persistence,14,2014
2014-07-10,2014,7,18.49,18.97,18.49,2014-07-24,Persistence,14,2014
2014-07-11,2014,7,18.53,18.97,18.53,2014-07-25,Persistence,14,2014
2014-07-12,2014,7,18.48,18.91,18.48,2014-07-26,Persistence,14,2014
2014-07-13,2014,7,18.4,18.87,18.4,2014-07-27,Persistence,14,2014
2014-07-14,2014,7,18.46,18.75,18.46,2014-07-28,Persistence,14,2014
2014-07-15,2014,7,18.46,18.65,18.46,2014-07-29,Persistence,14,2014
2014-07-16,2014,7,18.4,18.58,18.4,2014-07-30,Persistence,14,2014
2014-07-17,2014,7,18.34,18.48,18.34,2014-07-31,Persistence,14,2014
2014-07-18,2014,7,18.35,18.41,18.35,2014-08-01,Persistence,14,2014
2014-07-19,2014,7,18.42,18.36,18.42,2014-08-02,Persistence,14,2014
2014-07-20,2014,7,18.53,18.3,18.53,2014-08-03,Persistence,14,2014
2014-07-21,2014,7,18.67,18.24,18.67,2014-08-04,Persistence,14,2014
2014-07-22,2014,7,18.88,18.22,18.88,2014-08-05,Persistence,14,2014
2014-07-23,2014,7,18.98,18.23,18.98,2014-08-06,Persistence,14,2014
2014-07-24,2014,7,18.97,18.23,18.97,2014-08-07,Persistence,14,2014
2014-07-25,2014,7,18.97,18.24,18.97,2014-08-08,Persistence,14,2014
2014-07-26,2014,7,18.91,18.17,18.91,2014-08-09,Persistence,14,2014
2014-07-27,2014,7,18.87,18.17,18.87,2014-08-10,Persistence,14,2014
2014-07-28,2014,7,18.75,18.24,18.75,2014-08-11,Persistence,14,2014
2014-07-29,2014,7,18.65,18.26,18.65,2014-08-12,Persistence,14,2014
2014-07-30,2014,7,18.58,18.28,18.58,2014-08-13,Persistence,14,2014
2014-07-31,2014,7,18.48,18.39,18.48,2014-08-14,Persistence,14,2014
2014-08-01,2014,8,18.41,18.58,18.41,2014-08-15,Persistence,14,2014
2014-08-02,2014,8,18.36,18.86,18.36,2014-08-16,Persistence,14,2014
2014-08-03,2014,8,18.3,19.42,18.3,2014-08-17,Persistence,14,2014
2014-08-04,2014,8,18.24,19.7,18.24,2014-08-18,Persistence,14,2014
2014-08-05,2014,8,18.22,19.82,18.22,2014-08-19,Persistence,14,2014
2014-08-06,2014,8,18.23,19.86,18.23,2014-08-20,Persistence,14,2014
2014-08-07,2014,8,18.23,19.86,18.23,2014-08-21,Persistence,14,2014
2014-08-08,2014,8,18.24,19.86,18.24,2014-08-22,Persistence,14,2014
2014-08-09,2014,8,18.17,19.81,18.17,2014-08-23,Persistence,14,2014
2014-08-10,2014,8,18.17,19.75,18.17,2014-08-24,Persistence,14,2014
2014-08-11,2014,8,18.24,19.79,18.24,2014-08-25,Persistence,14,2014
2014-08-12,2014,8,18.26,19.77,18.26,2014-08-26,Persistence,14,2014
2014-08-13,2014,8,18.28,19.92,18.28,2014-08-27,Persistence,14,2014
2014-08-14,2014,8,18.39,20.15,18.39,2014-08-28,Persistence,14,2014
2014-08-15,2014,8,18.58,20.21,18.58,2014-08-29,Persistence,14,2014
2014-08-16,2014,8,18.86,20.17,18.86,2014-08-30,Persistence,14,2014
2014-08-17,2014,8,19.42,20.02,19.42,2014-08-31,Persistence,14,2014
2014-08-18,2014,8,19.7,19.8,19.7,2014-09-01,Persistence,14,2014
2014-08-19,2014,8,19.82,19.58,19.82,2014-09-02,Persistence,14,2014
2014-08-20,2014,8,19.86,19.38,19.86,2014-09-03,Persistence,14,2014
2014-08-21,2014,8,19.86,19.16,19.86,2014-09-04,Persistence,14,2014
2014-08-22,2014,8,19.86,18.93,19.86,2014-09-05,Persistence,14,2014
2014-08-23,2014,8,19.81,18.74,19.81,2014-09-06,Persistence,14,2014
2014-08-24,2014,8,19.75,18.56,19.75,2014-09-07,Persistence,14,2014
2014-08-25,2014,8,19.79,18.42,19.79,2014-09-08,Persistence,14,2014
2014-08-26,2014,8,19.77,18.27,19.77,2014-09-09,Persistence,14,2014
2014-08-27,2014,8,19.92,18.15,19.92,2014-09-10,Persistence,14,2014
2014-08-28,2014,8,20.15,18.23,20.15,2014-09-11,Persistence,14,2014
2014-08-29,2014,8,20.21,18.24,20.21,2014-09-12,Persistence,14,2014
2014-08-30,2014,8,20.17,18.11,20.17,2014-09-13,Persistence,14,2014
2014-08-31,2014,8,20.02,18.1,20.02,2014-09-14,Persistence,14,2014
2014-09-01,2014,9,19.8,18.18,19.8,2014-09-15,Persistence,14,2014
2014-09-02,2014,9,19.58,18.25,19.58,2014-09-16,Persistence,14,2014
2014-09-03,2014,9,19.38,18.27,19.38,2014-09-17,Persistence,14,2014
2014-09-04,2014,9,19.16,18.22,19.16,2014-09-18,Persistence,14,2014
2014-09-05,2014,9,18.93,18.11,18.93,2014-09-19,Persistence,14,2014
2014-09-06,2014,9,18.74,18.01,18.74,2014-09-20,Persistence,14,2014
2014-09-07,2014,9,18.56,18.01,18.56,2014-09-21,Persistence,14,2014
2014-09-08,2014,9,18.42,18.75,18.42,2014-09-22,Persistence,14,2014
2014-09-09,2014,9,18.27,19.24,18.27,2014-09-23,Persistence,14,2014
2014-09-10,2014,9,18.15,19.3,18.15,2014-09-24,Persistence,14,2014
2014-09-11,2014,9,18.23,19.28,18.23,2014-09-25,Persistence,14,2014
2014-09-12,2014,9,18.24,19.17,18.24,2014-09-26,Persistence,14,2014
2014-09-13,2014,9,18.11,19.12,18.11,2014-09-27,Persistence,14,2014
2014-09-14,2014,9,18.1,19.11,18.1,2014-09-28,Persistence,14,2014
2014-09-15,2014,9,18.18,19.12,18.18,2014-09-29,Persistence,14,2014
2014-09-16,2014,9,18.25,19.07,18.25,2014-09-30,Persistence,14,2014
2014-09-17,2014,9,18.27,18.95,18.27,2014-10-01,Persistence,14,2014
2014-09-18,2014,9,18.22,18.85,18.22,2014-10-02,Persistence,14,2014
2014-09-19,2014,9,18.11,18.72,18.11,2014-10-03,Persistence,14,2014
2014-09-20,2014,9,18.01,18.58,18.01,2014-10-04,Persistence,14,2014
2014-09-21,2014,9,18.01,18.26,18.01,2014-10-05,Persistence,14,2014
2014-09-22,2014,9,18.75,18.0,18.75,2014-10-06,Persistence,14,2014
2014-09-23,2014,9,19.24,17.73,19.24,2014-10-07,Persistence,14,2014
2014-09-24,2014,9,19.3,17.54,19.3,2014-10-08,Persistence,14,2014
2014-09-25,2014,9,19.28,17.21,19.28,2014-10-09,Persistence,14,2014
2014-09-26,2014,9,19.17,17.04,19.17,2014-10-10,Persistence,14,2014
2014-09-27,2014,9,19.12,16.9,19.12,2014-10-11,Persistence,14,2014
2014-09-28,2014,9,19.11,16.79,19.11,2014-10-12,Persistence,14,2014
2014-09-29,2014,9,19.12,16.5,19.12,2014-10-13,Persistence,14,2014
2014-09-30,2014,9,19.07,16.39,19.07,2014-10-14,Persistence,14,2014
2014-10-01,2014,10,18.95,16.31,18.95,2014-10-15,Persistence,14,2014
2014-10-02,2014,10,18.85,16.19,18.85,2014-10-16,Persistence,14,2014
2014-10-03,2014,10,18.72,16.09,18.72,2014-10-17,Persistence,14,2014
2014-10-04,2014,10,18.58,16.01,18.58,2014-10-18,Persistence,14,2014
2014-10-05,2014,10,18.26,15.92,18.26,2014-10-19,Persistence,14,2014
2014-10-06,2014,10,18.0,15.81,18.0,2014-10-20,Persistence,14,2014
2014-10-07,2014,10,17.73,15.75,17.73,2014-10-21,Persistence,14,2014
2014-10-08,2014,10,17.54,15.72,17.54,2014-10-22,Persistence,14,2014
2014-10-09,2014,10,17.21,15.71,17.21,2014-10-23,Persistence,14,2014
2014-10-10,2014,10,17.04,15.62,17.04,2014-10-24,Persistence,14,2014
2014-10-11,2014,10,16.9,15.51,16.9,2014-10-25,Persistence,14,2014
2014-10-12,2014,10,16.79,15.44,16.79,2014-10-26,Persistence,14,2014
2014-10-13,2014,10,16.5,15.32,16.5,2014-10-27,Persistence,14,2014
2014-10-14,2014,10,16.39,15.21,16.39,2014-10-28,Persistence,14,2014
2014-10-15,2014,10,16.31,15.14,16.31,2014-10-29,Persistence,14,2014
2014-10-16,2014,10,16.19,15.08,16.19,2014-10-30,Persistence,14,2014
2014-10-17,2014,10,16.09,14.99,16.09,2014-10-31,Persistence,14,2014
2014-10-18,2014,10,16.01,14.92,16.01,2014-11-01,Persistence,14,2014
2014-10-19,2014,10,15.92,14.86,15.92,2014-11-02,Persistence,14,2014
2014-10-20,2014,10,15.81,14.82,15.81,2014-11-03,Persistence,14,2014
2014-10-21,2014,10,15.75,14.77,15.75,2014-11-04,Persistence,14,2014
2014-10-22,2014,10,15.72,14.7,15.72,2014-11-05,Persistence,14,2014
2014-10-23,2014,10,15.71,14.65,15.71,2014-11-06,Persistence,14,2014
2014-10-24,2014,10,15.62,14.55,15.62,2014-11-07,Persistence,14,2014
2014-10-25,2014,10,15.51,14.49,15.51,2014-11-08,Persistence,14,2014
2014-10-26,2014,10,15.44,14.43,15.44,2014-11-09,Persistence,14,2014
2014-10-27,2014,10,15.32,14.41,15.32,2014-11-10,Persistence,14,2014
2014-10-28,2014,10,15.21,14.35,15.21,2014-11-11,Persistence,14,2014
2014-10-29,2014,10,15.14,14.32,15.14,2014-11-12,Persistence,14,2014
2014-10-30,2014,10,15.08,14.28,15.08,2014-11-13,Persistence,14,2014
2014-10-31,2014,10,14.99,14.18,14.99,2014-11-14,Persistence,14,2014
2014-11-01,2014,11,14.92,14.09,14.92,2014-11-15,Persistence,14,2014
2014-11-02,2014,11,14.86,14.01,14.86,2014-11-16,Persistence,14,2014
2014-11-03,2014,11,14.82,14.0,14.82,2014-11-17,Persistence,14,2014
2014-11-04,2014,11,14.77,13.97,14.77,2014-11-18,Persistence,14,2014
2014-11-05,2014,11,14.7,13.94,14.7,2014-11-19,Persistence,14,2014
2014-11-06,2014,11,14.65,13.94,14.65,2014-11-20,Persistence,14,2014
2014-11-07,2014,11,14.55,13.93,14.55,2014-11-21,Persistence,14,2014
2014-11-08,2014,11,14.49,13.93,14.49,2014-11-22,Persistence,14,2014
2014-11-09,2014,11,14.43,13.91,14.43,2014-11-23,Persistence,14,2014
2014-11-10,2014,11,14.41,13.86,14.41,2014-11-24,Persistence,14,2014
2014-11-11,2014,11,14.35,13.83,14.35,2014-11-25,Persistence,14,2014
2014-11-12,2014,11,14.32,13.79,14.32,2014-11-26,Persistence,14,2014
2014-11-13,2014,11,14.28,13.75,14.28,2014-11-27,Persistence,14,2014
2014-11-14,2014,11,14.18,13.73,14.18,2014-11-28,Persistence,14,2014
2014-11-15,2014,11,14.09,13.7,14.09,2014-11-29,Persistence,14,2014
2014-11-16,2014,11,14.01,13.67,14.01,2014-11-30,Persistence,14,2014
2015-01-08,2015,1,12.65,12.386,12.65,2015-01-22,Persistence,14,2015
2015-01-09,2015,1,12.64,12.364,12.64,2015-01-23,Persistence,14,2015
2015-01-10,2015,1,12.618,12.346,12.618,2015-01-24,Persistence,14,2015
2015-01-11,2015,1,12.594,12.324,12.594,2015-01-25,Persistence,14,2015
2015-01-12,2015,1,12.58,12.314,12.58,2015-01-26,Persistence,14,2015
2015-01-13,2015,1,12.57,12.29,12.57,2015-01-27,Persistence,14,2015
2015-01-14,2015,1,12.56,12.274,12.56,2015-01-28,Persistence,14,2015
2015-01-15,2015,1,12.56,12.25,12.56,2015-01-29,Persistence,14,2015
2015-01-16,2015,1,12.544,12.24,12.544,2015-01-30,Persistence,14,2015
2015-01-17,2015,1,12.526,12.23,12.526,2015-01-31,Persistence,14,2015
2015-01-18,2015,1,12.51,12.21,12.51,2015-02-01,Persistence,14,2015
2015-01-19,2015,1,12.49,12.196,12.49,2015-02-02,Persistence,14,2015
2015-01-20,2015,1,12.448,12.18,12.448,2015-02-03,Persistence,14,2015
2015-01-21,2015,1,12.414,12.162,12.414,2015-02-04,Persistence,14,2015
2015-01-22,2015,1,12.386,12.15,12.386,2015-02-05,Persistence,14,2015
2015-01-23,2015,1,12.364,12.134,12.364,2015-02-06,Persistence,14,2015
2015-01-24,2015,1,12.346,12.12,12.346,2015-02-07,Persistence,14,2015
2015-01-25,2015,1,12.324,12.11,12.324,2015-02-08,Persistence,14,2015
2015-01-26,2015,1,12.314,12.1,12.314,2015-02-09,Persistence,14,2015
2015-01-27,2015,1,12.29,12.1,12.29,2015-02-10,Persistence,14,2015
2015-01-28,2015,1,12.274,12.1,12.274,2015-02-11,Persistence,14,2015
2015-01-29,2015,1,12.25,12.084,12.25,2015-02-12,Persistence,14,2015
2015-01-30,2015,1,12.24,12.066,12.24,2015-02-13,Persistence,14,2015
2015-01-31,2015,1,12.23,12.044,12.23,2015-02-14,Persistence,14,2015
2015-02-01,2015,2,12.21,12.026,12.21,2015-02-15,Persistence,14,2015
2015-02-02,2015,2,12.196,12.01,12.196,2015-02-16,Persistence,14,2015
2015-02-03,2015,2,12.18,12.01,12.18,2015-02-17,Persistence,14,2015
2015-02-04,2015,2,12.162,12.0,12.162,2015-02-18,Persistence,14,2015
2015-02-05,2015,2,12.15,11.994,12.15,2015-02-19,Persistence,14,2015
2015-02-06,2015,2,12.134,11.99,12.134,2015-02-20,Persistence,14,2015
2015-02-07,2015,2,12.12,11.986,12.12,2015-02-21,Persistence,14,2015
2015-02-08,2015,2,12.11,11.98,12.11,2015-02-22,Persistence,14,2015
2015-02-09,2015,2,12.1,11.97,12.1,2015-02-23,Persistence,14,2015
2015-02-10,2015,2,12.1,11.96,12.1,2015-02-24,Persistence,14,2015
2015-02-11,2015,2,12.1,11.95,12.1,2015-02-25,Persistence,14,2015
2015-02-12,2015,2,12.084,11.94,12.084,2015-02-26,Persistence,14,2015
2015-02-13,2015,2,12.066,11.94,12.066,2015-02-27,Persistence,14,2015
2015-02-14,2015,2,12.044,11.93,12.044,2015-02-28,Persistence,14,2015
2015-02-15,2015,2,12.026,11.93,12.026,2015-03-01,Persistence,14,2015
2015-02-16,2015,2,12.01,11.93,12.01,2015-03-02,Persistence,14,2015
2015-02-17,2015,2,12.01,11.92,12.01,2015-03-03,Persistence,14,2015
2015-02-18,2015,2,12.0,11.91,12.0,2015-03-04,Persistence,14,2015
2015-02-19,2015,2,11.994,11.91,11.994,2015-03-05,Persistence,14,2015
2015-02-20,2015,2,11.99,11.916,11.99,2015-03-06,Persistence,14,2015
2015-02-21,2015,2,11.986,11.936,11.986,2015-03-07,Persistence,14,2015
2015-02-22,2015,2,11.98,12.016,11.98,2015-03-08,Persistence,14,2015
2015-02-23,2015,2,11.97,12.182,11.97,2015-03-09,Persistence,14,2015
2015-02-24,2015,2,11.96,12.318,11.96,2015-03-10,Persistence,14,2015
2015-02-25,2015,2,11.95,12.384,11.95,2015-03-11,Persistence,14,2015
2015-02-26,2015,2,11.94,12.464,11.94,2015-03-12,Persistence,14,2015
2015-02-27,2015,2,11.94,12.606,11.94,2015-03-13,Persistence,14,2015
2015-02-28,2015,2,11.93,12.678,11.93,2015-03-14,Persistence,14,2015
2015-03-01,2015,3,11.93,12.646,11.93,2015-03-15,Persistence,14,2015
2015-03-02,2015,3,11.93,12.556,11.93,2015-03-16,Persistence,14,2015
2015-03-03,2015,3,11.92,12.448,11.92,2015-03-17,Persistence,14,2015
2015-03-04,2015,3,11.91,12.358,11.91,2015-03-18,Persistence,14,2015
2015-03-05,2015,3,11.91,12.29,11.91,2015-03-19,Persistence,14,2015
2015-03-06,2015,3,11.916,12.24,11.916,2015-03-20,Persistence,14,2015
2015-03-07,2015,3,11.936,12.204,11.936,2015-03-21,Persistence,14,2015
2015-03-08,2015,3,12.016,12.19,12.016,2015-03-22,Persistence,14,2015
2015-03-09,2015,3,12.182,12.18,12.182,2015-03-23,Persistence,14,2015
2015-03-10,2015,3,12.318,12.17,12.318,2015-03-24,Persistence,14,2015
2015-03-11,2015,3,12.384,12.198,12.384,2015-03-25,Persistence,14,2015
2015-03-12,2015,3,12.464,12.234,12.464,2015-03-26,Persistence,14,2015
2015-03-13,2015,3,12.606,12.318,12.606,2015-03-27,Persistence,14,2015
2015-03-14,2015,3,12.678,12.448,12.678,2015-03-28,Persistence,14,2015
2015-03-15,2015,3,12.646,12.49,12.646,2015-03-29,Persistence,14,2015
2015-03-16,2015,3,12.556,12.448,12.556,2015-03-30,Persistence,14,2015
2015-03-17,2015,3,12.448,12.41,12.448,2015-03-31,Persistence,14,2015
2015-03-18,2015,3,12.358,12.376,12.358,2015-04-01,Persistence,14,2015
2015-03-19,2015,3,12.29,12.35,12.29,2015-04-02,Persistence,14,2015
2015-03-20,2015,3,12.24,12.356,12.24,2015-04-03,Persistence,14,2015
2015-03-21,2015,3,12.204,12.376,12.204,2015-04-04,Persistence,14,2015
2015-03-22,2015,3,12.19,12.438,12.19,2015-04-05,Persistence,14,2015
2015-03-23,2015,3,12.18,12.57,12.18,2015-04-06,Persistence,14,2015
2015-03-24,2015,3,12.17,12.704,12.17,2015-04-07,Persistence,14,2015
2015-03-25,2015,3,12.198,12.868,12.198,2015-04-08,Persistence,14,2015
2015-03-26,2015,3,12.234,13.048,12.234,2015-04-09,Persistence,14,2015
2015-03-27,2015,3,12.318,13.236,12.318,2015-04-10,Persistence,14,2015
2015-03-28,2015,3,12.448,13.446,12.448,2015-04-11,Persistence,14,2015
2015-03-29,2015,3,12.49,13.716,12.49,2015-04-12,Persistence,14,2015
2015-03-30,2015,3,12.448,14.06,12.448,2015-04-13,Persistence,14,2015
2015-03-31,2015,3,12.41,14.13,12.41,2015-04-14,Persistence,14,2015
2015-04-01,2015,4,12.376,14.116,12.376,2015-04-15,Persistence,14,2015
2015-04-02,2015,4,12.35,14.1,12.35,2015-04-16,Persistence,14,2015
2015-04-03,2015,4,12.356,14.09,12.356,2015-04-17,Persistence,14,2015
2015-04-04,2015,4,12.376,14.022,12.376,2015-04-18,Persistence,14,2015
2015-04-05,2015,4,12.438,13.932,12.438,2015-04-19,Persistence,14,2015
2015-04-06,2015,4,12.57,13.816,12.57,2015-04-20,Persistence,14,2015
2015-04-07,2015,4,12.704,13.772,12.704,2015-04-21,Persistence,14,2015
2015-04-08,2015,4,12.868,13.742,12.868,2015-04-22,Persistence,14,2015
2015-04-09,2015,4,13.048,13.686,13.048,2015-04-23,Persistence,14,2015
2015-04-10,2015,4,13.236,13.836,13.236,2015-04-24,Persistence,14,2015
2015-04-11,2015,4,13.446,14.178,13.446,2015-04-25,Persistence,14,2015
2015-04-12,2015,4,13.716,14.512,13.716,2015-04-26,Persistence,14,2015
2015-04-13,2015,4,14.06,14.608,14.06,2015-04-27,Persistence,14,2015
2015-04-14,2015,4,14.13,14.526,14.13,2015-04-28,Persistence,14,2015
2015-04-15,2015,4,14.116,14.482,14.116,2015-04-29,Persistence,14,2015
2015-04-16,2015,4,14.1,14.484,14.1,2015-04-30,Persistence,14,2015
2015-04-17,2015,4,14.09,14.568,14.09,2015-05-01,Persistence,14,2015
2015-04-18,2015,4,14.022,14.67,14.022,2015-05-02,Persistence,14,2015
2015-04-19,2015,4,13.932,14.658,13.932,2015-05-03,Persistence,14,2015
2015-04-20,2015,4,13.816,14.582,13.816,2015-05-04,Persistence,14,2015
2015-04-21,2015,4,13.772,14.576,13.772,2015-05-05,Persistence,14,2015
2015-04-22,2015,4,13.742,14.464,13.742,2015-05-06,Persistence,14,2015
2015-04-23,2015,4,13.686,14.41,13.686,2015-05-07,Persistence,14,2015
2015-04-24,2015,4,13.836,14.402,13.836,2015-05-08,Persistence,14,2015
2015-04-25,2015,4,14.178,14.466,14.178,2015-05-09,Persistence,14,2015
2015-04-26,2015,4,14.512,14.534,14.512,2015-05-10,Persistence,14,2015
2015-04-27,2015,4,14.608,14.614,14.608,2015-05-11,Persistence,14,2015
2015-04-28,2015,4,14.526,14.626,14.526,2015-05-12,Persistence,14,2015
2015-04-29,2015,4,14.482,14.552,14.482,2015-05-13,Persistence,14,2015
2015-04-30,2015,4,14.484,14.448,14.484,2015-05-14,Persistence,14,2015
2015-05-01,2015,5,14.568,14.44,14.568,2015-05-15,Persistence,14,2015
2015-05-02,2015,5,14.67,14.44,14.67,2015-05-16,Persistence,14,2015
2015-05-03,2015,5,14.658,14.432,14.658,2015-05-17,Persistence,14,2015
2015-05-04,2015,5,14.582,14.528,14.582,2015-05-18,Persistence,14,2015
2015-05-05,2015,5,14.576,14.722,14.576,2015-05-19,Persistence,14,2015
2015-05-06,2015,5,14.464,14.9,14.464,2015-05-20,Persistence,14,2015
2015-05-07,2015,5,14.41,15.014,14.41,2015-05-21,Persistence,14,2015
2015-05-08,2015,5,14.402,15.238,14.402,2015-05-22,Persistence,14,2015
2015-05-09,2015,5,14.466,15.654,14.466,2015-05-23,Persistence,14,2015
2015-05-10,2015,5,14.534,16.064,14.534,2015-05-24,Persistence,14,2015
2015-05-11,2015,5,14.614,16.098,14.614,2015-05-25,Persistence,14,2015
2015-05-12,2015,5,14.626,16.02,14.626,2015-05-26,Persistence,14,2015
2015-05-13,2015,5,14.552,16.076,14.552,2015-05-27,Persistence,14,2015
2015-05-14,2015,5,14.448,16.258,14.448,2015-05-28,Persistence,14,2015
2015-05-15,2015,5,14.44,16.636,14.44,2015-05-29,Persistence,14,2015
2015-05-16,2015,5,14.44,16.838,14.44,2015-05-30,Persistence,14,2015
2015-05-17,2015,5,14.432,16.972,14.432,2015-05-31,Persistence,14,2015
2015-05-18,2015,5,14.528,17.046,14.528,2015-06-01,Persistence,14,2015
2015-05-19,2015,5,14.722,17.35,14.722,2015-06-02,Persistence,14,2015
2015-05-20,2015,5,14.9,17.53,14.9,2015-06-03,Persistence,14,2015
2015-05-21,2015,5,15.014,17.374,15.014,2015-06-04,Persistence,14,2015
2015-05-22,2015,5,15.238,17.218,15.238,2015-06-05,Persistence,14,2015
2015-05-23,2015,5,15.654,17.174,15.654,2015-06-06,Persistence,14,2015
2015-05-24,2015,5,16.064,17.52,16.064,2015-06-07,Persistence,14,2015
2015-05-25,2015,5,16.098,18.006,16.098,2015-06-08,Persistence,14,2015
2015-05-26,2015,5,16.02,18.222,16.02,2015-06-09,Persistence,14,2015
2015-05-27,2015,5,16.076,18.364,16.076,2015-06-10,Persistence,14,2015
2015-05-28,2015,5,16.258,18.794,16.258,2015-06-11,Persistence,14,2015
2015-05-29,2015,5,16.636,19.3,16.636,2015-06-12,Persistence,14,2015
2015-05-30,2015,5,16.838,19.474,16.838,2015-06-13,Persistence,14,2015
2015-05-31,2015,5,16.972,19.52,16.972,2015-06-14,Persistence,14,2015
2015-06-01,2015,6,17.046,19.384,17.046,2015-06-15,Persistence,14,2015
2015-06-02,2015,6,17.35,19.102,17.35,2015-06-16,Persistence,14,2015
2015-06-03,2015,6,17.53,18.802,17.53,2015-06-17,Persistence,14,2015
2015-06-04,2015,6,17.374,18.738,17.374,2015-06-18,Persistence,14,2015
2015-06-05,2015,6,17.218,18.816,17.218,2015-06-19,Persistence,14,2015
2015-06-06,2015,6,17.174,18.892,17.174,2015-06-20,Persistence,14,2015
2015-06-07,2015,6,17.52,18.748,17.52,2015-06-21,Persistence,14,2015
2015-06-08,2015,6,18.006,18.72,18.006,2015-06-22,Persistence,14,2015
2015-06-09,2015,6,18.222,18.692,18.222,2015-06-23,Persistence,14,2015
2015-06-10,2015,6,18.364,18.732,18.364,2015-06-24,Persistence,14,2015
2015-06-11,2015,6,18.794,18.762,18.794,2015-06-25,Persistence,14,2015
2015-06-12,2015,6,19.3,18.814,19.3,2015-06-26,Persistence,14,2015
2015-06-13,2015,6,19.474,18.72,19.474,2015-06-27,Persistence,14,2015
2015-06-14,2015,6,19.52,18.688,19.52,2015-06-28,Persistence,14,2015
2015-06-15,2015,6,19.384,18.646,19.384,2015-06-29,Persistence,14,2015
2015-06-16,2015,6,19.102,18.63,19.102,2015-06-30,Persistence,14,2015
2015-06-17,2015,6,18.802,18.628,18.802,2015-07-01,Persistence,14,2015
2015-06-18,2015,6,18.738,18.56,18.738,2015-07-02,Persistence,14,2015
2015-06-19,2015,6,18.816,18.664,18.816,2015-07-03,Persistence,14,2015
2015-06-20,2015,6,18.892,18.538,18.892,2015-07-04,Persistence,14,2015
2015-06-21,2015,6,18.748,18.512,18.748,2015-07-05,Persistence,14,2015
2015-06-22,2015,6,18.72,18.726,18.72,2015-07-06,Persistence,14,2015
2015-06-23,2015,6,18.692,18.792,18.692,2015-07-07,Persistence,14,2015
2015-06-24,2015,6,18.732,18.77,18.732,2015-07-08,Persistence,14,2015
2015-06-25,2015,6,18.762,18.698,18.762,2015-07-09,Persistence,14,2015
2015-06-26,2015,6,18.814,18.646,18.814,2015-07-10,Persistence,14,2015
2015-06-27,2015,6,18.72,18.528,18.72,2015-07-11,Persistence,14,2015
2015-06-28,2015,6,18.688,18.4,18.688,2015-07-12,Persistence,14,2015
2015-06-29,2015,6,18.646,18.25,18.646,2015-07-13,Persistence,14,2015
2015-06-30,2015,6,18.63,18.034,18.63,2015-07-14,Persistence,14,2015
2015-07-01,2015,7,18.628,17.82,18.628,2015-07-15,Persistence,14,2015
2015-07-02,2015,7,18.56,17.79,18.56,2015-07-16,Persistence,14,2015
2015-07-03,2015,7,18.664,17.872,18.664,2015-07-17,Persistence,14,2015
2015-07-04,2015,7,18.538,17.938,18.538,2015-07-18,Persistence,14,2015
2015-07-05,2015,7,18.512,17.964,18.512,2015-07-19,Persistence,14,2015
2015-07-06,2015,7,18.726,17.98,18.726,2015-07-20,Persistence,14,2015
2015-07-07,2015,7,18.792,17.994,18.792,2015-07-21,Persistence,14,2015
2015-07-08,2015,7,18.77,17.988,18.77,2015-07-22,Persistence,14,2015
2015-07-09,2015,7,18.698,17.912,18.698,2015-07-23,Persistence,14,2015
2015-07-10,2015,7,18.646,17.644,18.646,2015-07-24,Persistence,14,2015
2015-07-11,2015,7,18.528,17.514,18.528,2015-07-25,Persistence,14,2015
2015-07-12,2015,7,18.4,17.504,18.4,2015-07-26,Persistence,14,2015
2015-07-13,2015,7,18.25,17.614,18.25,2015-07-27,Persistence,14,2015
2015-07-14,2015,7,18.034,17.694,18.034,2015-07-28,Persistence,14,2015
2015-07-15,2015,7,17.82,17.69,17.82,2015-07-29,Persistence,14,2015
2015-07-16,2015,7,17.79,17.602,17.79,2015-07-30,Persistence,14,2015
2015-07-17,2015,7,17.872,17.518,17.872,2015-07-31,Persistence,14,2015
2015-07-18,2015,7,17.938,17.35,17.938,2015-08-01,Persistence,14,2015
2015-07-19,2015,7,17.964,16.992,17.964,2015-08-02,Persistence,14,2015
2015-07-20,2015,7,17.98,16.79,17.98,2015-08-03,Persistence,14,2015
2015-07-21,2015,7,17.994,16.66,17.994,2015-08-04,Persistence,14,2015
2015-07-22,2015,7,17.988,16.576,17.988,2015-08-05,Persistence,14,2015
2015-07-23,2015,7,17.912,16.552,17.912,2015-08-06,Persistence,14,2015
2015-07-24,2015,7,17.644,16.618,17.644,2015-08-07,Persistence,14,2015
2015-07-25,2015,7,17.514,16.874,17.514,2015-08-08,Persistence,14,2015
2015-07-26,2015,7,17.504,16.952,17.504,2015-08-09,Persistence,14,2015
2015-07-27,2015,7,17.614,16.99,17.614,2015-08-10,Persistence,14,2015
2015-07-28,2015,7,17.694,17.102,17.694,2015-08-11,Persistence,14,2015
2015-07-29,2015,7,17.69,17.162,17.69,2015-08-12,Persistence,14,2015
2015-07-30,2015,7,17.602,17.264,17.602,2015-08-13,Persistence,14,2015
2015-07-31,2015,7,17.518,17.342,17.518,2015-08-14,Persistence,14,2015
2015-08-01,2015,8,17.35,17.346,17.35,2015-08-15,Persistence,14,2015
2015-08-02,2015,8,16.992,17.43,16.992,2015-08-16,Persistence,14,2015
2015-08-03,2015,8,16.79,17.474,16.79,2015-08-17,Persistence,14,2015
2015-08-04,2015,8,16.66,17.598,16.66,2015-08-18,Persistence,14,2015
2015-08-05,2015,8,16.576,17.862,16.576,2015-08-19,Persistence,14,2015
2015-08-06,2015,8,16.552,18.216,16.552,2015-08-20,Persistence,14,2015
2015-08-07,2015,8,16.618,18.948,16.618,2015-08-21,Persistence,14,2015
2015-08-08,2015,8,16.874,19.578,16.874,2015-08-22,Persistence,14,2015
2015-08-09,2015,8,16.952,19.818,16.952,2015-08-23,Persistence,14,2015
2015-08-10,2015,8,16.99,19.94,16.99,2015-08-24,Persistence,14,2015
2015-08-11,2015,8,17.102,19.932,17.102,2015-08-25,Persistence,14,2015
2015-08-12,2015,8,17.162,19.82,17.162,2015-08-26,Persistence,14,2015
2015-08-13,2015,8,17.264,19.642,17.264,2015-08-27,Persistence,14,2015
2015-08-14,2015,8,17.342,19.514,17.342,2015-08-28,Persistence,14,2015
2015-08-15,2015,8,17.346,19.42,17.346,2015-08-29,Persistence,14,2015
2015-08-16,2015,8,17.43,19.382,17.43,2015-08-30,Persistence,14,2015
2015-08-17,2015,8,17.474,19.418,17.474,2015-08-31,Persistence,14,2015
2015-10-08,2015,10,16.838,15.416,16.838,2015-10-22,Persistence,14,2015
2015-10-09,2015,10,16.688,15.342,16.688,2015-10-23,Persistence,14,2015
2015-10-10,2015,10,16.572,15.266,16.572,2015-10-24,Persistence,14,2015
2015-10-11,2015,10,16.378,15.218,16.378,2015-10-25,Persistence,14,2015
2015-10-12,2015,10,16.288,15.14,16.288,2015-10-26,Persistence,14,2015
2015-10-13,2015,10,16.198,15.076,16.198,2015-10-27,Persistence,14,2015
2015-10-14,2015,10,16.134,14.988,16.134,2015-10-28,Persistence,14,2015
2015-10-15,2015,10,16.058,14.912,16.058,2015-10-29,Persistence,14,2015
2015-10-16,2015,10,15.994,14.9,15.994,2015-10-30,Persistence,14,2015
2015-10-17,2015,10,15.926,14.884,15.926,2015-10-31,Persistence,14,2015
2015-10-18,2015,10,15.858,14.832,15.858,2015-11-01,Persistence,14,2015
2015-10-19,2015,10,15.726,14.73,15.726,2015-11-02,Persistence,14,2015
2015-10-20,2015,10,15.618,14.658,15.618,2015-11-03,Persistence,14,2015
2015-10-21,2015,10,15.526,14.614,15.526,2015-11-04,Persistence,14,2015
2015-10-22,2015,10,15.416,14.536,15.416,2015-11-05,Persistence,14,2015
2015-10-23,2015,10,15.342,14.49,15.342,2015-11-06,Persistence,14,2015
2015-10-24,2015,10,15.266,14.454,15.266,2015-11-07,Persistence,14,2015
2015-10-25,2015,10,15.218,14.448,15.218,2015-11-08,Persistence,14,2015
2015-10-26,2015,10,15.14,14.43,15.14,2015-11-09,Persistence,14,2015
2015-10-27,2015,10,15.076,14.42,15.076,2015-11-10,Persistence,14,2015
2015-10-28,2015,10,14.988,14.41,14.988,2015-11-11,Persistence,14,2015
2015-10-29,2015,10,14.912,14.4,14.912,2015-11-12,Persistence,14,2015
2015-10-30,2015,10,14.9,14.39,14.9,2015-11-13,Persistence,14,2015
2015-10-31,2015,10,14.884,14.374,14.884,2015-11-14,Persistence,14,2015
2015-11-01,2015,11,14.832,14.352,14.832,2015-11-15,Persistence,14,2015
2015-11-02,2015,11,14.73,14.304,14.73,2015-11-16,Persistence,14,2015
2015-11-03,2015,11,14.658,14.212,14.658,2015-11-17,Persistence,14,2015
2015-11-04,2015,11,14.614,14.134,14.614,2015-11-18,Persistence,14,2015
2015-11-05,2015,11,14.536,14.066,14.536,2015-11-19,Persistence,14,2015
2015-11-06,2015,11,14.49,13.986,14.49,2015-11-20,Persistence,14,2015
2015-11-07,2015,11,14.454,13.958,14.454,2015-11-21,Persistence,14,2015
2015-11-08,2015,11,14.448,13.902,14.448,2015-11-22,Persistence,14,2015
2015-11-09,2015,11,14.43,13.858,14.43,2015-11-23,Persistence,14,2015
2015-11-10,2015,11,14.42,13.824,14.42,2015-11-24,Persistence,14,2015
2015-11-11,2015,11,14.41,13.79,14.41,2015-11-25,Persistence,14,2015
2015-11-12,2015,11,14.4,13.748,14.4,2015-11-26,Persistence,14,2015
2015-11-13,2015,11,14.39,13.71,14.39,2015-11-27,Persistence,14,2015
2015-11-14,2015,11,14.374,13.674,14.374,2015-11-28,Persistence,14,2015
2015-11-15,2015,11,14.352,13.644,14.352,2015-11-29,Persistence,14,2015
2015-11-16,2015,11,14.304,13.59,14.304,2015-11-30,Persistence,14,2015
2015-11-17,2015,11,14.212,13.538,14.212,2015-12-01,Persistence,14,2015
2015-11-18,2015,11,14.134,13.518,14.134,2015-12-02,Persistence,14,2015
2015-11-19,2015,11,14.066,13.494,14.066,2015-12-03,Persistence,14,2015
2015-11-20,2015,11,13.986,13.464,13.986,2015-12-04,Persistence,14,2015
2015-11-21,2015,11,13.958,13.44,13.958,2015-12-05,Persistence,14,2015
2015-11-22,2015,11,13.902,13.406,13.902,2015-12-06,Persistence,14,2015
2015-11-23,2015,11,13.858,13.384,13.858,2015-12-07,Persistence,14,2015
2015-11-24,2015,11,13.824,13.358,13.824,2015-12-08,Persistence,14,2015
2015-11-25,2015,11,13.79,13.33,13.79,2015-12-09,Persistence,14,2015
2015-11-26,2015,11,13.748,13.3,13.748,2015-12-10,Persistence,14,2015
2015-11-27,2015,11,13.71,13.276,13.71,2015-12-11,Persistence,14,2015
2015-11-28,2015,11,13.674,13.242,13.674,2015-12-12,Persistence,14,2015
2015-11-29,2015,11,13.644,13.21,13.644,2015-12-13,Persistence,14,2015
2015-11-30,2015,11,13.59,13.184,13.59,2015-12-14,Persistence,14,2015
2015-12-01,2015,12,13.538,13.158,13.538,2015-12-15,Persistence,14,2015
2015-12-02,2015,12,13.518,13.132,13.518,2015-12-16,Persistence,14,2015
2015-12-03,2015,12,13.494,13.11,13.494,2015-12-17,Persistence,14,2015
2015-12-04,2015,12,13.464,13.084,13.464,2015-12-18,Persistence,14,2015
2015-12-05,2015,12,13.44,13.066,13.44,2015-12-19,Persistence,14,2015
2015-12-06,2015,12,13.406,13.042,13.406,2015-12-20,Persistence,14,2015
2015-12-07,2015,12,13.384,13.03,13.384,2015-12-21,Persistence,14,2015
2015-12-08,2015,12,13.358,13.028,13.358,2015-12-22,Persistence,14,2015
2015-12-09,2015,12,13.33,12.998,13.33,2015-12-23,Persistence,14,2015
2015-12-10,2015,12,13.3,12.968,13.3,2015-12-24,Persistence,14,2015
2015-12-11,2015,12,13.276,12.944,13.276,2015-12-25,Persistence,14,2015
2015-12-12,2015,12,13.242,12.918,13.242,2015-12-26,Persistence,14,2015
2015-12-13,2015,12,13.21,12.88,13.21,2015-12-27,Persistence,14,2015
2015-12-14,2015,12,13.184,12.842,13.184,2015-12-28,Persistence,14,2015
2015-12-15,2015,12,13.158,12.826,13.158,2015-12-29,Persistence,14,2015
2015-12-16,2015,12,13.132,12.782,13.132,2015-12-30,Persistence,14,2015
2015-12-17,2015,12,13.11,12.75,13.11,2015-12-31,Persistence,14,2015
2015-12-18,2015,12,13.084,12.72,13.084,2016-01-01,Persistence,14,2015
2015-12-19,2015,12,13.066,12.69,13.066,2016-01-02,Persistence,14,2015
2015-12-20,2015,12,13.042,12.68,13.042,2016-01-03,Persistence,14,2015
2015-12-21,2015,12,13.03,12.662,13.03,2016-01-04,Persistence,14,2015
2015-12-22,2015,12,13.028,12.63,13.028,2016-01-05,Persistence,14,2015
2015-12-23,2015,12,12.998,12.606,12.998,2016-01-06,Persistence,14,2015
2015-12-24,2015,12,12.968,12.584,12.968,2016-01-07,Persistence,14,2015
2015-12-25,2015,12,12.944,12.566,12.944,2016-01-08,Persistence,14,2015
2015-12-26,2015,12,12.918,12.548,12.918,2016-01-09,Persistence,14,2015
2015-12-27,2015,12,12.88,12.526,12.88,2016-01-10,Persistence,14,2015
2015-12-28,2015,12,12.842,12.504,12.842,2016-01-11,Persistence,14,2015
2015-12-29,2015,12,12.826,12.482,12.826,2016-01-12,Persistence,14,2015
2015-12-30,2015,12,12.782,12.47,12.782,2016-01-13,Persistence,14,2015
2015-12-31,2015,12,12.75,12.46,12.75,2016-01-14,Persistence,14,2015
2016-01-01,2016,1,12.72,12.448,12.72,2016-01-15,Persistence,14,2016
2016-01-02,2016,1,12.69,12.428,12.69,2016-01-16,Persistence,14,2016
2016-01-03,2016,1,12.68,12.42,12.68,2016-01-17,Persistence,14,2016
2016-01-04,2016,1,12.662,12.42,12.662,2016-01-18,Persistence,14,2016
2016-01-05,2016,1,12.63,12.41,12.63,2016-01-19,Persistence,14,2016
2016-01-06,2016,1,12.606,12.392,12.606,2016-01-20,Persistence,14,2016
2016-01-07,2016,1,12.584,12.386,12.584,2016-01-21,Persistence,14,2016
2016-01-08,2016,1,12.566,12.37,12.566,2016-01-22,Persistence,14,2016
2016-01-09,2016,1,12.548,12.36,12.548,2016-01-23,Persistence,14,2016
2016-01-10,2016,1,12.526,12.346,12.526,2016-01-24,Persistence,14,2016
2016-01-11,2016,1,12.504,12.32,12.504,2016-01-25,Persistence,14,2016
2016-01-12,2016,1,12.482,12.296,12.482,2016-01-26,Persistence,14,2016
2016-01-13,2016,1,12.47,12.274,12.47,2016-01-27,Persistence,14,2016
2016-01-14,2016,1,12.46,12.25,12.46,2016-01-28,Persistence,14,2016
2016-01-15,2016,1,12.448,12.23,12.448,2016-01-29,Persistence,14,2016
2016-01-16,2016,1,12.428,12.22,12.428,2016-01-30,Persistence,14,2016
2016-01-17,2016,1,12.42,12.204,12.42,2016-01-31,Persistence,14,2016
2016-01-18,2016,1,12.42,12.19,12.42,2016-02-01,Persistence,14,2016
2016-01-19,2016,1,12.41,12.178,12.41,2016-02-02,Persistence,14,2016
2016-01-20,2016,1,12.392,12.158,12.392,2016-02-03,Persistence,14,2016
2016-01-21,2016,1,12.386,12.142,12.386,2016-02-04,Persistence,14,2016
2016-01-22,2016,1,12.37,12.124,12.37,2016-02-05,Persistence,14,2016
2016-01-23,2016,1,12.36,12.106,12.36,2016-02-06,Persistence,14,2016
2016-01-24,2016,1,12.346,12.09,12.346,2016-02-07,Persistence,14,2016
2016-01-25,2016,1,12.32,12.076,12.32,2016-02-08,Persistence,14,2016
2016-01-26,2016,1,12.296,12.06,12.296,2016-02-09,Persistence,14,2016
2016-01-27,2016,1,12.274,12.05,12.274,2016-02-10,Persistence,14,2016
2016-01-28,2016,1,12.25,12.04,12.25,2016-02-11,Persistence,14,2016
2016-01-29,2016,1,12.23,12.03,12.23,2016-02-12,Persistence,14,2016
2016-01-30,2016,1,12.22,12.02,12.22,2016-02-13,Persistence,14,2016
2016-01-31,2016,1,12.204,12.01,12.204,2016-02-14,Persistence,14,2016
2016-02-01,2016,2,12.19,12.01,12.19,2016-02-15,Persistence,14,2016
2016-02-02,2016,2,12.178,12.014,12.178,2016-02-16,Persistence,14,2016
2016-02-03,2016,2,12.158,12.026,12.158,2016-02-17,Persistence,14,2016
2016-02-04,2016,2,12.142,12.04,12.142,2016-02-18,Persistence,14,2016
2016-02-05,2016,2,12.124,12.054,12.124,2016-02-19,Persistence,14,2016
2016-02-06,2016,2,12.106,12.074,12.106,2016-02-20,Persistence,14,2016
2016-02-07,2016,2,12.09,12.08,12.09,2016-02-21,Persistence,14,2016
2016-02-08,2016,2,12.076,12.054,12.076,2016-02-22,Persistence,14,2016
2016-02-09,2016,2,12.06,12.032,12.06,2016-02-23,Persistence,14,2016
2016-02-10,2016,2,12.05,12.016,12.05,2016-02-24,Persistence,14,2016
2016-02-11,2016,2,12.04,12.0,12.04,2016-02-25,Persistence,14,2016
2016-02-12,2016,2,12.03,11.99,12.03,2016-02-26,Persistence,14,2016
2016-02-13,2016,2,12.02,11.99,12.02,2016-02-27,Persistence,14,2016
2016-02-14,2016,2,12.01,11.994,12.01,2016-02-28,Persistence,14,2016
2016-02-15,2016,2,12.01,12.034,12.01,2016-02-29,Persistence,14,2016
2016-02-16,2016,2,12.014,12.148,12.014,2016-03-01,Persistence,14,2016
2016-02-17,2016,2,12.026,12.56,12.026,2016-03-02,Persistence,14,2016
2016-02-18,2016,2,12.04,12.63,12.04,2016-03-03,Persistence,14,2016
2016-02-19,2016,2,12.054,12.586,12.054,2016-03-04,Persistence,14,2016
2016-02-20,2016,2,12.074,12.51,12.074,2016-03-05,Persistence,14,2016
2016-02-21,2016,2,12.08,12.412,12.08,2016-03-06,Persistence,14,2016
2016-02-22,2016,2,12.054,12.344,12.054,2016-03-07,Persistence,14,2016
2016-02-23,2016,2,12.032,12.282,12.032,2016-03-08,Persistence,14,2016
2016-02-24,2016,2,12.016,12.23,12.016,2016-03-09,Persistence,14,2016
2016-02-25,2016,2,12.0,12.204,12.0,2016-03-10,Persistence,14,2016
2016-02-26,2016,2,11.99,12.182,11.99,2016-03-11,Persistence,14,2016
2016-02-27,2016,2,11.99,12.16,11.99,2016-03-12,Persistence,14,2016
2016-02-28,2016,2,11.994,12.15,11.994,2016-03-13,Persistence,14,2016
2016-02-29,2016,2,12.034,12.15,12.034,2016-03-14,Persistence,14,2016
2016-03-01,2016,3,12.148,12.15,12.148,2016-03-15,Persistence,14,2016
2016-03-02,2016,3,12.56,12.2,12.56,2016-03-16,Persistence,14,2016
2016-03-03,2016,3,12.63,12.298,12.63,2016-03-17,Persistence,14,2016
2016-03-04,2016,3,12.586,12.452,12.586,2016-03-18,Persistence,14,2016
2016-03-05,2016,3,12.51,12.574,12.51,2016-03-19,Persistence,14,2016
2016-03-06,2016,3,12.412,12.606,12.412,2016-03-20,Persistence,14,2016
2016-03-07,2016,3,12.344,12.594,12.344,2016-03-21,Persistence,14,2016
2016-03-08,2016,3,12.282,12.592,12.282,2016-03-22,Persistence,14,2016
2016-03-09,2016,3,12.23,12.646,12.23,2016-03-23,Persistence,14,2016
2016-03-10,2016,3,12.204,12.782,12.204,2016-03-24,Persistence,14,2016
2016-03-11,2016,3,12.182,12.862,12.182,2016-03-25,Persistence,14,2016
2016-03-12,2016,3,12.16,12.864,12.16,2016-03-26,Persistence,14,2016
2016-03-13,2016,3,12.15,12.804,12.15,2016-03-27,Persistence,14,2016
2016-03-14,2016,3,12.15,12.764,12.15,2016-03-28,Persistence,14,2016
2016-03-15,2016,3,12.15,12.766,12.15,2016-03-29,Persistence,14,2016
2016-03-16,2016,3,12.2,12.808,12.2,2016-03-30,Persistence,14,2016
2016-03-17,2016,3,12.298,12.866,12.298,2016-03-31,Persistence,14,2016
2016-03-18,2016,3,12.452,12.944,12.452,2016-04-01,Persistence,14,2016
2016-03-19,2016,3,12.574,12.926,12.574,2016-04-02,Persistence,14,2016
2016-03-20,2016,3,12.606,12.852,12.606,2016-04-03,Persistence,14,2016
2016-03-21,2016,3,12.594,12.82,12.594,2016-04-04,Persistence,14,2016
2016-03-22,2016,3,12.592,12.822,12.592,2016-04-05,Persistence,14,2016
2016-03-23,2016,3,12.646,12.906,12.646,2016-04-06,Persistence,14,2016
2016-03-24,2016,3,12.782,13.04,12.782,2016-04-07,Persistence,14,2016
2016-03-25,2016,3,12.862,13.15,12.862,2016-04-08,Persistence,14,2016
2016-03-26,2016,3,12.864,13.178,12.864,2016-04-09,Persistence,14,2016
2016-03-27,2016,3,12.804,13.142,12.804,2016-04-10,Persistence,14,2016
2016-03-28,2016,3,12.764,13.142,12.764,2016-04-11,Persistence,14,2016
2016-03-29,2016,3,12.766,13.208,12.766,2016-04-12,Persistence,14,2016
2016-03-30,2016,3,12.808,13.42,12.808,2016-04-13,Persistence,14,2016
2016-03-31,2016,3,12.866,14.184,12.866,2016-04-14,Persistence,14,2016
2016-04-01,2016,4,12.944,14.704,12.944,2016-04-15,Persistence,14,2016
2016-04-02,2016,4,12.926,14.816,12.926,2016-04-16,Persistence,14,2016
2016-04-03,2016,4,12.852,14.734,12.852,2016-04-17,Persistence,14,2016
2016-04-04,2016,4,12.82,14.774,12.82,2016-04-18,Persistence,14,2016
2016-04-05,2016,4,12.822,15.016,12.822,2016-04-19,Persistence,14,2016
2016-04-06,2016,4,12.906,15.192,12.906,2016-04-20,Persistence,14,2016
2016-04-07,2016,4,13.04,15.23,13.04,2016-04-21,Persistence,14,2016
2016-04-08,2016,4,13.15,15.186,13.15,2016-04-22,Persistence,14,2016
2016-04-09,2016,4,13.178,15.128,13.178,2016-04-23,Persistence,14,2016
2016-04-10,2016,4,13.142,15.114,13.142,2016-04-24,Persistence,14,2016
2016-04-11,2016,4,13.142,15.264,13.142,2016-04-25,Persistence,14,2016
2016-04-12,2016,4,13.208,15.55,13.208,2016-04-26,Persistence,14,2016
2016-04-13,2016,4,13.42,15.79,13.42,2016-04-27,Persistence,14,2016
2016-04-14,2016,4,14.184,15.996,14.184,2016-04-28,Persistence,14,2016
2016-04-15,2016,4,14.704,16.216,14.704,2016-04-29,Persistence,14,2016
2016-04-16,2016,4,14.816,16.444,14.816,2016-04-30,Persistence,14,2016
2016-04-17,2016,4,14.734,16.428,14.734,2016-05-01,Persistence,14,2016
2016-04-18,2016,4,14.774,16.192,14.774,2016-05-02,Persistence,14,2016
2016-04-19,2016,4,15.016,16.034,15.016,2016-05-03,Persistence,14,2016
2016-04-20,2016,4,15.192,15.926,15.192,2016-05-04,Persistence,14,2016
2016-04-21,2016,4,15.23,16.1,15.23,2016-05-05,Persistence,14,2016
2016-04-22,2016,4,15.186,16.168,15.186,2016-05-06,Persistence,14,2016
2016-04-23,2016,4,15.128,16.124,15.128,2016-05-07,Persistence,14,2016
2016-04-24,2016,4,15.114,15.972,15.114,2016-05-08,Persistence,14,2016
2016-04-25,2016,4,15.264,15.786,15.264,2016-05-09,Persistence,14,2016
2016-04-26,2016,4,15.55,15.612,15.55,2016-05-10,Persistence,14,2016
2016-04-27,2016,4,15.79,15.442,15.79,2016-05-11,Persistence,14,2016
2016-04-28,2016,4,15.996,15.29,15.996,2016-05-12,Persistence,14,2016
2016-04-29,2016,4,16.216,15.238,16.216,2016-05-13,Persistence,14,2016
2016-04-30,2016,4,16.444,15.2,16.444,2016-05-14,Persistence,14,2016
2016-05-01,2016,5,16.428,15.176,16.428,2016-05-15,Persistence,14,2016
2016-05-02,2016,5,16.192,15.122,16.192,2016-05-16,Persistence,14,2016
2016-05-03,2016,5,16.034,15.138,16.034,2016-05-17,Persistence,14,2016
2016-05-04,2016,5,15.926,15.448,15.926,2016-05-18,Persistence,14,2016
2016-05-05,2016,5,16.1,15.846,16.1,2016-05-19,Persistence,14,2016
2016-05-06,2016,5,16.168,16.218,16.168,2016-05-20,Persistence,14,2016
2016-05-07,2016,5,16.124,16.294,16.124,2016-05-21,Persistence,14,2016
2016-05-08,2016,5,15.972,16.772,15.972,2016-05-22,Persistence,14,2016
2016-05-09,2016,5,15.786,17.27,15.786,2016-05-23,Persistence,14,2016
2016-05-10,2016,5,15.612,17.364,15.612,2016-05-24,Persistence,14,2016
2016-05-11,2016,5,15.442,17.14,15.442,2016-05-25,Persistence,14,2016
2016-05-12,2016,5,15.29,16.908,15.29,2016-05-26,Persistence,14,2016
2016-05-13,2016,5,15.238,16.748,15.238,2016-05-27,Persistence,14,2016
2016-05-14,2016,5,15.2,16.722,15.2,2016-05-28,Persistence,14,2016
2016-05-15,2016,5,15.176,16.72,15.176,2016-05-29,Persistence,14,2016
2016-05-16,2016,5,15.122,16.67,15.122,2016-05-30,Persistence,14,2016
2016-05-17,2016,5,15.138,16.542,15.138,2016-05-31,Persistence,14,2016
2016-05-18,2016,5,15.448,16.564,15.448,2016-06-01,Persistence,14,2016
2016-05-19,2016,5,15.846,16.7,15.846,2016-06-02,Persistence,14,2016
2016-05-20,2016,5,16.218,16.686,16.218,2016-06-03,Persistence,14,2016
2016-05-21,2016,5,16.294,16.504,16.294,2016-06-04,Persistence,14,2016
2016-05-22,2016,5,16.772,16.324,16.772,2016-06-05,Persistence,14,2016
2016-05-23,2016,5,17.27,16.216,17.27,2016-06-06,Persistence,14,2016
2016-05-24,2016,5,17.364,16.2,17.364,2016-06-07,Persistence,14,2016
2016-05-25,2016,5,17.14,16.188,17.14,2016-06-08,Persistence,14,2016
2016-05-26,2016,5,16.908,16.116,16.908,2016-06-09,Persistence,14,2016
2016-05-27,2016,5,16.748,16.072,16.748,2016-06-10,Persistence,14,2016
2016-05-28,2016,5,16.722,16.088,16.722,2016-06-11,Persistence,14,2016
2016-05-29,2016,5,16.72,16.04,16.72,2016-06-12,Persistence,14,2016
2016-05-30,2016,5,16.67,16.076,16.67,2016-06-13,Persistence,14,2016
2016-05-31,2016,5,16.542,16.138,16.542,2016-06-14,Persistence,14,2016
2016-06-01,2016,6,16.564,16.532,16.564,2016-06-15,Persistence,14,2016
2016-06-02,2016,6,16.7,17.31,16.7,2016-06-16,Persistence,14,2016
2016-06-03,2016,6,16.686,17.478,16.686,2016-06-17,Persistence,14,2016
2016-06-04,2016,6,16.504,17.466,16.504,2016-06-18,Persistence,14,2016
2016-06-05,2016,6,16.324,17.45,16.324,2016-06-19,Persistence,14,2016
2016-06-06,2016,6,16.216,17.544,16.216,2016-06-20,Persistence,14,2016
2016-06-07,2016,6,16.2,17.77,16.2,2016-06-21,Persistence,14,2016
2016-06-08,2016,6,16.188,18.074,16.188,2016-06-22,Persistence,14,2016
2016-06-09,2016,6,16.116,18.422,16.116,2016-06-23,Persistence,14,2016
2016-06-10,2016,6,16.072,18.676,16.072,2016-06-24,Persistence,14,2016
2016-06-11,2016,6,16.088,18.966,16.088,2016-06-25,Persistence,14,2016
2016-06-12,2016,6,16.04,19.296,16.04,2016-06-26,Persistence,14,2016
2016-06-13,2016,6,16.076,19.33,16.076,2016-06-27,Persistence,14,2016
2016-06-14,2016,6,16.138,19.136,16.138,2016-06-28,Persistence,14,2016
2016-06-15,2016,6,16.532,18.906,16.532,2016-06-29,Persistence,14,2016
2016-06-16,2016,6,17.31,18.676,17.31,2016-06-30,Persistence,14,2016
2016-06-17,2016,6,17.478,18.542,17.478,2016-07-01,Persistence,14,2016
2016-06-18,2016,6,17.466,18.478,17.466,2016-07-02,Persistence,14,2016
2016-06-19,2016,6,17.45,18.63,17.45,2016-07-03,Persistence,14,2016
2016-06-20,2016,6,17.544,18.756,17.544,2016-07-04,Persistence,14,2016
2016-06-21,2016,6,17.77,18.866,17.77,2016-07-05,Persistence,14,2016
2016-06-22,2016,6,18.074,19.154,18.074,2016-07-06,Persistence,14,2016
2016-06-23,2016,6,18.422,19.34,18.422,2016-07-07,Persistence,14,2016
2016-06-24,2016,6,18.676,19.522,18.676,2016-07-08,Persistence,14,2016
2016-06-25,2016,6,18.966,19.522,18.966,2016-07-09,Persistence,14,2016
2016-06-26,2016,6,19.296,19.454,19.296,2016-07-10,Persistence,14,2016
2016-06-27,2016,6,19.33,19.35,19.33,2016-07-11,Persistence,14,2016
2016-06-28,2016,6,19.136,19.256,19.136,2016-07-12,Persistence,14,2016
2016-06-29,2016,6,18.906,19.18,18.906,2016-07-13,Persistence,14,2016
2016-06-30,2016,6,18.676,19.12,18.676,2016-07-14,Persistence,14,2016
2016-07-01,2016,7,18.542,19.058,18.542,2016-07-15,Persistence,14,2016
2016-07-02,2016,7,18.478,18.988,18.478,2016-07-16,Persistence,14,2016
2016-07-03,2016,7,18.63,19.0,18.63,2016-07-17,Persistence,14,2016
2016-07-04,2016,7,18.756,19.076,18.756,2016-07-18,Persistence,14,2016
2016-07-05,2016,7,18.866,19.386,18.866,2016-07-19,Persistence,14,2016
2016-07-06,2016,7,19.154,19.448,19.154,2016-07-20,Persistence,14,2016
2016-07-07,2016,7,19.34,19.486,19.34,2016-07-21,Persistence,14,2016
2016-07-08,2016,7,19.522,19.626,19.522,2016-07-22,Persistence,14,2016
2016-07-09,2016,7,19.522,19.728,19.522,2016-07-23,Persistence,14,2016
2016-07-10,2016,7,19.454,19.908,19.454,2016-07-24,Persistence,14,2016
2016-07-11,2016,7,19.35,20.15,19.35,2016-07-25,Persistence,14,2016
2016-07-12,2016,7,19.256,20.334,19.256,2016-07-26,Persistence,14,2016
2016-07-13,2016,7,19.18,20.506,19.18,2016-07-27,Persistence,14,2016
2016-07-14,2016,7,19.12,20.654,19.12,2016-07-28,Persistence,14,2016
2016-07-15,2016,7,19.058,20.71,19.058,2016-07-29,Persistence,14,2016
2016-07-16,2016,7,18.988,20.648,18.988,2016-07-30,Persistence,14,2016
2016-07-17,2016,7,19.0,20.534,19.0,2016-07-31,Persistence,14,2016
2016-07-18,2016,7,19.076,20.322,19.076,2016-08-01,Persistence,14,2016
2016-07-19,2016,7,19.386,20.092,19.386,2016-08-02,Persistence,14,2016
2016-07-20,2016,7,19.448,19.742,19.448,2016-08-03,Persistence,14,2016
2016-07-21,2016,7,19.486,19.51,19.486,2016-08-04,Persistence,14,2016
2016-07-22,2016,7,19.626,19.332,19.626,2016-08-05,Persistence,14,2016
2016-07-23,2016,7,19.728,19.148,19.728,2016-08-06,Persistence,14,2016
2016-07-24,2016,7,19.908,18.956,19.908,2016-08-07,Persistence,14,2016
2016-07-25,2016,7,20.15,18.796,20.15,2016-08-08,Persistence,14,2016
2016-07-26,2016,7,20.334,18.62,20.334,2016-08-09,Persistence,14,2016
2016-07-27,2016,7,20.506,18.492,20.506,2016-08-10,Persistence,14,2016
2016-07-28,2016,7,20.654,18.35,20.654,2016-08-11,Persistence,14,2016
2016-07-29,2016,7,20.71,18.316,20.71,2016-08-12,Persistence,14,2016
2016-07-30,2016,7,20.648,18.22,20.648,2016-08-13,Persistence,14,2016
2016-07-31,2016,7,20.534,18.166,20.534,2016-08-14,Persistence,14,2016
2016-08-01,2016,8,20.322,18.1,20.322,2016-08-15,Persistence,14,2016
2016-08-02,2016,8,20.092,18.0,20.092,2016-08-16,Persistence,14,2016
2016-08-03,2016,8,19.742,17.936,19.742,2016-08-17,Persistence,14,2016
2016-08-04,2016,8,19.51,17.872,19.51,2016-08-18,Persistence,14,2016
2016-08-05,2016,8,19.332,17.87,19.332,2016-08-19,Persistence,14,2016
2016-08-06,2016,8,19.148,17.82,19.148,2016-08-20,Persistence,14,2016
2016-08-07,2016,8,18.956,17.69,18.956,2016-08-21,Persistence,14,2016
2016-08-08,2016,8,18.796,17.576,18.796,2016-08-22,Persistence,14,2016
2016-08-09,2016,8,18.62,17.472,18.62,2016-08-23,Persistence,14,2016
2016-08-10,2016,8,18.492,17.38,18.492,2016-08-24,Persistence,14,2016
2016-08-11,2016,8,18.35,17.298,18.35,2016-08-25,Persistence,14,2016
2016-08-12,2016,8,18.316,17.2,18.316,2016-08-26,Persistence,14,2016
2016-08-13,2016,8,18.22,17.09,18.22,2016-08-27,Persistence,14,2016
2016-08-14,2016,8,18.166,17.03,18.166,2016-08-28,Persistence,14,2016
2016-08-15,2016,8,18.1,16.97,18.1,2016-08-29,Persistence,14,2016
2016-08-16,2016,8,18.0,16.866,18.0,2016-08-30,Persistence,14,2016
2016-08-17,2016,8,17.936,16.828,17.936,2016-08-31,Persistence,14,2016
2016-08-18,2016,8,17.872,16.84,17.872,2016-09-01,Persistence,14,2016
2016-08-19,2016,8,17.87,16.844,17.87,2016-09-02,Persistence,14,2016
2016-08-20,2016,8,17.82,17.098,17.82,2016-09-03,Persistence,14,2016
2016-08-21,2016,8,17.69,17.356,17.69,2016-09-04,Persistence,14,2016
2016-08-22,2016,8,17.576,17.668,17.576,2016-09-05,Persistence,14,2016
2016-08-23,2016,8,17.472,17.73,17.472,2016-09-06,Persistence,14,2016
2016-08-24,2016,8,17.38,17.926,17.38,2016-09-07,Persistence,14,2016
2016-08-25,2016,8,17.298,18.186,17.298,2016-09-08,Persistence,14,2016
2016-08-26,2016,8,17.2,18.31,17.2,2016-09-09,Persistence,14,2016
2016-08-27,2016,8,17.09,18.368,17.09,2016-09-10,Persistence,14,2016
2016-08-28,2016,8,17.03,18.504,17.03,2016-09-11,Persistence,14,2016
2016-08-29,2016,8,16.97,18.554,16.97,2016-09-12,Persistence,14,2016
2016-08-30,2016,8,16.866,18.682,16.866,2016-09-13,Persistence,14,2016
2016-08-31,2016,8,16.828,18.84,16.828,2016-09-14,Persistence,14,2016
2016-09-01,2016,9,16.84,18.836,16.84,2016-09-15,Persistence,14,2016
2016-09-02,2016,9,16.844,18.63,16.844,2016-09-16,Persistence,14,2016
2016-09-03,2016,9,17.098,18.436,17.098,2016-09-17,Persistence,14,2016
2016-09-04,2016,9,17.356,18.226,17.356,2016-09-18,Persistence,14,2016
2016-09-05,2016,9,17.668,18.11,17.668,2016-09-19,Persistence,14,2016
2016-09-06,2016,9,17.73,17.95,17.73,2016-09-20,Persistence,14,2016
2016-09-07,2016,9,17.926,17.754,17.926,2016-09-21,Persistence,14,2016
2016-09-08,2016,9,18.186,17.796,18.186,2016-09-22,Persistence,14,2016
2016-09-09,2016,9,18.31,18.002,18.31,2016-09-23,Persistence,14,2016
2016-09-10,2016,9,18.368,18.078,18.368,2016-09-24,Persistence,14,2016
2016-09-11,2016,9,18.504,18.084,18.504,2016-09-25,Persistence,14,2016
2016-09-12,2016,9,18.554,18.27,18.554,2016-09-26,Persistence,14,2016
2016-09-13,2016,9,18.682,18.442,18.682,2016-09-27,Persistence,14,2016
2016-09-14,2016,9,18.84,18.49,18.84,2016-09-28,Persistence,14,2016
2016-09-15,2016,9,18.836,18.524,18.836,2016-09-29,Persistence,14,2016
2016-09-16,2016,9,18.63,18.696,18.63,2016-09-30,Persistence,14,2016
2016-09-17,2016,9,18.436,18.812,18.436,2016-10-01,Persistence,14,2016
2016-09-18,2016,9,18.226,18.796,18.226,2016-10-02,Persistence,14,2016
2016-09-19,2016,9,18.11,18.672,18.11,2016-10-03,Persistence,14,2016
2016-09-20,2016,9,17.95,18.43,17.95,2016-10-04,Persistence,14,2016
2016-09-21,2016,9,17.754,18.2,17.754,2016-10-05,Persistence,14,2016
2016-09-22,2016,9,17.796,18.006,17.796,2016-10-06,Persistence,14,2016
2016-09-23,2016,9,18.002,17.712,18.002,2016-10-07,Persistence,14,2016
2016-09-24,2016,9,18.078,17.48,18.078,2016-10-08,Persistence,14,2016
2016-09-25,2016,9,18.084,17.312,18.084,2016-10-09,Persistence,14,2016
2016-09-26,2016,9,18.27,17.246,18.27,2016-10-10,Persistence,14,2016
2016-09-27,2016,9,18.442,17.18,18.442,2016-10-11,Persistence,14,2016
2016-09-28,2016,9,18.49,17.136,18.49,2016-10-12,Persistence,14,2016
2016-09-29,2016,9,18.524,17.366,18.524,2016-10-13,Persistence,14,2016
2016-09-30,2016,9,18.696,17.964,18.696,2016-10-14,Persistence,14,2016
2016-10-01,2016,10,18.812,18.236,18.812,2016-10-15,Persistence,14,2016
2016-10-02,2016,10,18.796,18.48,18.796,2016-10-16,Persistence,14,2016
2016-10-03,2016,10,18.672,18.54,18.672,2016-10-17,Persistence,14,2016
2016-10-04,2016,10,18.43,18.54,18.43,2016-10-18,Persistence,14,2016
2016-10-05,2016,10,18.2,18.444,18.2,2016-10-19,Persistence,14,2016
2016-10-06,2016,10,18.006,18.192,18.006,2016-10-20,Persistence,14,2016
2016-10-07,2016,10,17.712,17.956,17.712,2016-10-21,Persistence,14,2016
2016-10-08,2016,10,17.48,17.57,17.48,2016-10-22,Persistence,14,2016
2016-10-09,2016,10,17.312,17.264,17.312,2016-10-23,Persistence,14,2016
2016-10-10,2016,10,17.246,16.99,17.246,2016-10-24,Persistence,14,2016
2016-10-11,2016,10,17.18,16.728,17.18,2016-10-25,Persistence,14,2016
2016-10-12,2016,10,17.136,16.54,17.136,2016-10-26,Persistence,14,2016
2016-10-13,2016,10,17.366,16.372,17.366,2016-10-27,Persistence,14,2016
2016-10-14,2016,10,17.964,16.204,17.964,2016-10-28,Persistence,14,2016
2016-10-15,2016,10,18.236,16.05,18.236,2016-10-29,Persistence,14,2016
2016-10-16,2016,10,18.48,15.93,18.48,2016-10-30,Persistence,14,2016
2016-10-17,2016,10,18.54,15.834,18.54,2016-10-31,Persistence,14,2016
2016-10-18,2016,10,18.54,15.736,18.54,2016-11-01,Persistence,14,2016
2016-10-19,2016,10,18.444,15.632,18.444,2016-11-02,Persistence,14,2016
2016-10-20,2016,10,18.192,15.542,18.192,2016-11-03,Persistence,14,2016
2016-10-21,2016,10,17.956,15.442,17.956,2016-11-04,Persistence,14,2016
2016-10-22,2016,10,17.57,15.358,17.57,2016-11-05,Persistence,14,2016
2016-10-23,2016,10,17.264,15.266,17.264,2016-11-06,Persistence,14,2016
2016-10-24,2016,10,16.99,15.182,16.99,2016-11-07,Persistence,14,2016
2016-10-25,2016,10,16.728,15.108,16.728,2016-11-08,Persistence,14,2016
2016-10-26,2016,10,16.54,15.048,16.54,2016-11-09,Persistence,14,2016
2016-10-27,2016,10,16.372,14.968,16.372,2016-11-10,Persistence,14,2016
2016-10-28,2016,10,16.204,14.926,16.204,2016-11-11,Persistence,14,2016
2016-10-29,2016,10,16.05,14.92,16.05,2016-11-12,Persistence,14,2016
2016-10-30,2016,10,15.93,14.904,15.93,2016-11-13,Persistence,14,2016
2016-10-31,2016,10,15.834,14.876,15.834,2016-11-14,Persistence,14,2016
2016-11-01,2016,11,15.736,14.85,15.736,2016-11-15,Persistence,14,2016
2016-11-02,2016,11,15.632,14.778,15.632,2016-11-16,Persistence,14,2016
2016-11-03,2016,11,15.542,14.7,15.542,2016-11-17,Persistence,14,2016
2016-11-04,2016,11,15.442,14.614,15.442,2016-11-18,Persistence,14,2016
2016-11-05,2016,11,15.358,14.548,15.358,2016-11-19,Persistence,14,2016
2016-11-06,2016,11,15.266,14.48,15.266,2016-11-20,Persistence,14,2016
2016-11-07,2016,11,15.182,14.434,15.182,2016-11-21,Persistence,14,2016
2016-11-08,2016,11,15.108,14.384,15.108,2016-11-22,Persistence,14,2016
2016-11-09,2016,11,15.048,14.296,15.048,2016-11-23,Persistence,14,2016
2016-11-10,2016,11,14.968,14.244,14.968,2016-11-24,Persistence,14,2016
2016-11-11,2016,11,14.926,14.2,14.926,2016-11-25,Persistence,14,2016
2016-11-12,2016,11,14.92,14.146,14.92,2016-11-26,Persistence,14,2016
2016-11-13,2016,11,14.904,14.09,14.904,2016-11-27,Persistence,14,2016
2016-11-14,2016,11,14.876,14.046,14.876,2016-11-28,Persistence,14,2016
2016-11-15,2016,11,14.85,14.02,14.85,2016-11-29,Persistence,14,2016
2016-11-16,2016,11,14.778,13.99,14.778,2016-11-30,Persistence,14,2016
2016-11-17,2016,11,14.7,13.958,14.7,2016-12-01,Persistence,14,2016
2016-11-18,2016,11,14.614,13.906,14.614,2016-12-02,Persistence,14,2016
2016-11-19,2016,11,14.548,13.87,14.548,2016-12-03,Persistence,14,2016
2016-11-20,2016,11,14.48,13.818,14.48,2016-12-04,Persistence,14,2016
2016-11-21,2016,11,14.434,13.786,14.434,2016-12-05,Persistence,14,2016
2016-11-22,2016,11,14.384,13.75,14.384,2016-12-06,Persistence,14,2016
2016-11-23,2016,11,14.296,13.698,14.296,2016-12-07,Persistence,14,2016
2016-11-24,2016,11,14.244,13.66,14.244,2016-12-08,Persistence,14,2016
2016-11-25,2016,11,14.2,13.63,14.2,2016-12-09,Persistence,14,2016
2016-11-26,2016,11,14.146,13.588,14.146,2016-12-10,Persistence,14,2016
2016-11-27,2016,11,14.09,13.56,14.09,2016-12-11,Persistence,14,2016
2016-11-28,2016,11,14.046,13.53,14.046,2016-12-12,Persistence,14,2016
2016-11-29,2016,11,14.02,13.498,14.02,2016-12-13,Persistence,14,2016
2016-11-30,2016,11,13.99,13.46,13.99,2016-12-14,Persistence,14,2016
2016-12-01,2016,12,13.958,13.43,13.958,2016-12-15,Persistence,14,2016
2016-12-02,2016,12,13.906,13.408,13.906,2016-12-16,Persistence,14,2016
2016-12-03,2016,12,13.87,13.38,13.87,2016-12-17,Persistence,14,2016
2016-12-04,2016,12,13.818,13.348,13.818,2016-12-18,Persistence,14,2016
2016-12-05,2016,12,13.786,13.32,13.786,2016-12-19,Persistence,14,2016
2016-12-06,2016,12,13.75,13.29,13.75,2016-12-20,Persistence,14,2016
2016-12-07,2016,12,13.698,13.268,13.698,2016-12-21,Persistence,14,2016
2016-12-08,2016,12,13.66,13.25,13.66,2016-12-22,Persistence,14,2016
2016-12-09,2016,12,13.63,13.218,13.63,2016-12-23,Persistence,14,2016
2016-12-10,2016,12,13.588,13.2,13.588,2016-12-24,Persistence,14,2016
2016-12-11,2016,12,13.56,13.16,13.56,2016-12-25,Persistence,14,2016
2016-12-12,2016,12,13.53,13.16,13.53,2016-12-26,Persistence,14,2016
2016-12-13,2016,12,13.498,13.15,13.498,2016-12-27,Persistence,14,2016
2016-12-14,2016,12,13.46,13.12,13.46,2016-12-28,Persistence,14,2016
2016-12-15,2016,12,13.43,13.11,13.43,2016-12-29,Persistence,14,2016
2016-12-16,2016,12,13.408,13.09,13.408,2016-12-30,Persistence,14,2016
2016-12-17,2016,12,13.38,13.08,13.38,2016-12-31,Persistence,14,2016
2016-12-18,2016,12,13.348,13.044,13.348,2017-01-01,Persistence,14,2016
2016-12-19,2016,12,13.32,13.02,13.32,2017-01-02,Persistence,14,2016
2016-12-20,2016,12,13.29,13.01,13.29,2017-01-03,Persistence,14,2016
2016-12-21,2016,12,13.268,13.0,13.268,2017-01-04,Persistence,14,2016
2016-12-22,2016,12,13.25,12.99,13.25,2017-01-05,Persistence,14,2016
2016-12-23,2016,12,13.218,12.98,13.218,2017-01-06,Persistence,14,2016
2016-12-24,2016,12,13.2,12.97,13.2,2017-01-07,Persistence,14,2016
2016-12-25,2016,12,13.16,12.93,13.16,2017-01-08,Persistence,14,2016
2016-12-26,2016,12,13.16,12.88,13.16,2017-01-09,Persistence,14,2016
2016-12-27,2016,12,13.15,12.84,13.15,2017-01-10,Persistence,14,2016
2016-12-28,2016,12,13.12,12.82,13.12,2017-01-11,Persistence,14,2016
2016-12-29,2016,12,13.11,12.79,13.11,2017-01-12,Persistence,14,2016
2016-12-30,2016,12,13.09,12.77,13.09,2017-01-13,Persistence,14,2016
2016-12-31,2016,12,13.08,12.75,13.08,2017-01-14,Persistence,14,2016
2017-01-01,2017,1,13.044,12.74,13.044,2017-01-15,Persistence,14,2017
2017-01-02,2017,1,13.02,12.72,13.02,2017-01-16,Persistence,14,2017
2017-01-03,2017,1,13.01,12.7,13.01,2017-01-17,Persistence,14,2017
2017-01-04,2017,1,13.0,12.67,13.0,2017-01-18,Persistence,14,2017
2017-01-05,2017,1,12.99,12.64,12.99,2017-01-19,Persistence,14,2017
2017-01-06,2017,1,12.98,12.63,12.98,2017-01-20,Persistence,14,2017
2017-01-07,2017,1,12.97,12.62,12.97,2017-01-21,Persistence,14,2017
2017-01-08,2017,1,12.93,12.61,12.93,2017-01-22,Persistence,14,2017
2017-01-09,2017,1,12.88,12.58,12.88,2017-01-23,Persistence,14,2017
2017-01-10,2017,1,12.84,12.58,12.84,2017-01-24,Persistence,14,2017
2017-01-11,2017,1,12.82,12.57,12.82,2017-01-25,Persistence,14,2017
2017-01-12,2017,1,12.79,12.54,12.79,2017-01-26,Persistence,14,2017
2017-01-13,2017,1,12.77,12.52,12.77,2017-01-27,Persistence,14,2017
2017-01-14,2017,1,12.75,12.5,12.75,2017-01-28,Persistence,14,2017
2017-01-15,2017,1,12.74,12.47,12.74,2017-01-29,Persistence,14,2017
2017-01-16,2017,1,12.72,12.45,12.72,2017-01-30,Persistence,14,2017
2017-01-17,2017,1,12.7,12.44,12.7,2017-01-31,Persistence,14,2017
2017-01-18,2017,1,12.67,12.43,12.67,2017-02-01,Persistence,14,2017
2017-01-19,2017,1,12.64,12.42,12.64,2017-02-02,Persistence,14,2017
2017-01-20,2017,1,12.63,12.41,12.63,2017-02-03,Persistence,14,2017
2017-01-21,2017,1,12.62,12.39,12.62,2017-02-04,Persistence,14,2017
2017-01-22,2017,1,12.61,12.38,12.61,2017-02-05,Persistence,14,2017
2017-01-23,2017,1,12.58,12.36,12.58,2017-02-06,Persistence,14,2017
2017-01-24,2017,1,12.58,12.34,12.58,2017-02-07,Persistence,14,2017
2017-01-25,2017,1,12.57,12.32,12.57,2017-02-08,Persistence,14,2017
2017-01-26,2017,1,12.54,12.3,12.54,2017-02-09,Persistence,14,2017
2017-01-27,2017,1,12.52,12.29,12.52,2017-02-10,Persistence,14,2017
2017-01-28,2017,1,12.5,12.27,12.5,2017-02-11,Persistence,14,2017
2017-01-29,2017,1,12.47,12.25,12.47,2017-02-12,Persistence,14,2017
2017-01-30,2017,1,12.45,12.24,12.45,2017-02-13,Persistence,14,2017
2017-01-31,2017,1,12.44,12.22,12.44,2017-02-14,Persistence,14,2017
2017-02-01,2017,2,12.43,12.21,12.43,2017-02-15,Persistence,14,2017
2017-02-02,2017,2,12.42,12.21,12.42,2017-02-16,Persistence,14,2017
2017-02-03,2017,2,12.41,12.19,12.41,2017-02-17,Persistence,14,2017
2017-02-04,2017,2,12.39,12.18,12.39,2017-02-18,Persistence,14,2017
2017-02-05,2017,2,12.38,12.178,12.38,2017-02-19,Persistence,14,2017
2017-02-06,2017,2,12.36,12.16,12.36,2017-02-20,Persistence,14,2017
2017-02-07,2017,2,12.34,12.16,12.34,2017-02-21,Persistence,14,2017
2017-02-08,2017,2,12.32,12.16,12.32,2017-02-22,Persistence,14,2017
2017-02-09,2017,2,12.3,12.15,12.3,2017-02-23,Persistence,14,2017
2017-02-10,2017,2,12.29,12.156,12.29,2017-02-24,Persistence,14,2017
2017-02-11,2017,2,12.27,12.178,12.27,2017-02-25,Persistence,14,2017
2017-02-12,2017,2,12.25,12.2,12.25,2017-02-26,Persistence,14,2017
2017-02-13,2017,2,12.24,12.21,12.24,2017-02-27,Persistence,14,2017
2017-02-14,2017,2,12.22,12.22,12.22,2017-02-28,Persistence,14,2017
2017-02-15,2017,2,12.21,12.23,12.21,2017-03-01,Persistence,14,2017
2017-02-16,2017,2,12.21,12.25,12.21,2017-03-02,Persistence,14,2017
2017-02-17,2017,2,12.19,12.268,12.19,2017-03-03,Persistence,14,2017
2017-02-18,2017,2,12.18,12.438,12.18,2017-03-04,Persistence,14,2017
2017-02-19,2017,2,12.178,12.496,12.178,2017-03-05,Persistence,14,2017
2017-02-20,2017,2,12.16,12.512,12.16,2017-03-06,Persistence,14,2017
2017-02-21,2017,2,12.16,12.434,12.16,2017-03-07,Persistence,14,2017
2017-02-22,2017,2,12.16,12.402,12.16,2017-03-08,Persistence,14,2017
2017-02-23,2017,2,12.15,12.344,12.15,2017-03-09,Persistence,14,2017
2017-02-24,2017,2,12.156,12.31,12.156,2017-03-10,Persistence,14,2017
2017-02-25,2017,2,12.178,12.292,12.178,2017-03-11,Persistence,14,2017
2017-02-26,2017,2,12.2,12.38,12.2,2017-03-12,Persistence,14,2017
2017-02-27,2017,2,12.21,12.602,12.21,2017-03-13,Persistence,14,2017
2017-02-28,2017,2,12.22,12.874,12.22,2017-03-14,Persistence,14,2017
2017-03-01,2017,3,12.23,12.986,12.23,2017-03-15,Persistence,14,2017
2017-03-02,2017,3,12.25,12.956,12.25,2017-03-16,Persistence,14,2017
2017-03-03,2017,3,12.268,12.878,12.268,2017-03-17,Persistence,14,2017
2017-03-04,2017,3,12.438,12.816,12.438,2017-03-18,Persistence,14,2017
2017-03-05,2017,3,12.496,12.83,12.496,2017-03-19,Persistence,14,2017
2017-03-06,2017,3,12.512,12.872,12.512,2017-03-20,Persistence,14,2017
2017-03-07,2017,3,12.434,12.986,12.434,2017-03-21,Persistence,14,2017
2017-03-08,2017,3,12.402,13.044,12.402,2017-03-22,Persistence,14,2017
2017-03-09,2017,3,12.344,12.99,12.344,2017-03-23,Persistence,14,2017
2017-03-10,2017,3,12.31,12.94,12.31,2017-03-24,Persistence,14,2017
2017-03-11,2017,3,12.292,12.87,12.292,2017-03-25,Persistence,14,2017
2017-03-12,2017,3,12.38,12.906,12.38,2017-03-26,Persistence,14,2017
2017-03-13,2017,3,12.602,12.826,12.602,2017-03-27,Persistence,14,2017
2017-03-14,2017,3,12.874,12.832,12.874,2017-03-28,Persistence,14,2017
2017-03-15,2017,3,12.986,12.96,12.986,2017-03-29,Persistence,14,2017
2017-03-16,2017,3,12.956,12.9,12.956,2017-03-30,Persistence,14,2017
2017-03-17,2017,3,12.878,12.88,12.878,2017-03-31,Persistence,14,2017
2017-03-18,2017,3,12.816,12.85,12.816,2017-04-01,Persistence,14,2017
2017-03-19,2017,3,12.83,12.9,12.83,2017-04-02,Persistence,14,2017
2017-03-20,2017,3,12.872,13.008,12.872,2017-04-03,Persistence,14,2017
2017-03-21,2017,3,12.986,13.236,12.986,2017-04-04,Persistence,14,2017
2017-03-22,2017,3,13.044,13.564,13.044,2017-04-05,Persistence,14,2017
2017-03-23,2017,3,12.99,13.764,12.99,2017-04-06,Persistence,14,2017
2017-03-24,2017,3,12.94,13.94,12.94,2017-04-07,Persistence,14,2017
2017-03-25,2017,3,12.87,14.118,12.87,2017-04-08,Persistence,14,2017
2017-03-26,2017,3,12.906,14.378,12.906,2017-04-09,Persistence,14,2017
2017-03-27,2017,3,12.826,14.62,12.826,2017-04-10,Persistence,14,2017
2017-03-28,2017,3,12.832,14.638,12.832,2017-04-11,Persistence,14,2017
2017-03-29,2017,3,12.96,14.502,12.96,2017-04-12,Persistence,14,2017
2017-03-30,2017,3,12.9,14.34,12.9,2017-04-13,Persistence,14,2017
2017-03-31,2017,3,12.88,14.16,12.88,2017-04-14,Persistence,14,2017
2017-04-01,2017,4,12.85,14.032,12.85,2017-04-15,Persistence,14,2017
2017-04-02,2017,4,12.9,14.254,12.9,2017-04-16,Persistence,14,2017
2017-04-03,2017,4,13.008,14.4,13.008,2017-04-17,Persistence,14,2017
2017-04-04,2017,4,13.236,14.454,13.236,2017-04-18,Persistence,14,2017
2017-04-05,2017,4,13.564,14.35,13.564,2017-04-19,Persistence,14,2017
2017-04-06,2017,4,13.764,14.192,13.764,2017-04-20,Persistence,14,2017
2017-04-07,2017,4,13.94,14.058,13.94,2017-04-21,Persistence,14,2017
2017-04-08,2017,4,14.118,14.138,14.118,2017-04-22,Persistence,14,2017
2017-04-09,2017,4,14.378,14.088,14.378,2017-04-23,Persistence,14,2017
2017-04-10,2017,4,14.62,14.1,14.62,2017-04-24,Persistence,14,2017
2017-04-11,2017,4,14.638,14.12,14.638,2017-04-25,Persistence,14,2017
2017-04-12,2017,4,14.502,14.066,14.502,2017-04-26,Persistence,14,2017
2017-04-13,2017,4,14.34,14.082,14.34,2017-04-27,Persistence,14,2017
2017-04-14,2017,4,14.16,14.19,14.16,2017-04-28,Persistence,14,2017
2017-04-15,2017,4,14.032,14.346,14.032,2017-04-29,Persistence,14,2017
2017-04-16,2017,4,14.254,14.57,14.254,2017-04-30,Persistence,14,2017
2017-04-17,2017,4,14.4,14.926,14.4,2017-05-01,Persistence,14,2017
2017-04-18,2017,4,14.454,15.76,14.454,2017-05-02,Persistence,14,2017
2017-04-19,2017,4,14.35,16.168,14.35,2017-05-03,Persistence,14,2017
2017-04-20,2017,4,14.192,16.404,14.192,2017-05-04,Persistence,14,2017
2017-04-21,2017,4,14.058,16.146,14.058,2017-05-05,Persistence,14,2017
2017-04-22,2017,4,14.138,15.996,14.138,2017-05-06,Persistence,14,2017
2017-04-23,2017,4,14.088,15.892,14.088,2017-05-07,Persistence,14,2017
2017-04-24,2017,4,14.1,15.9,14.1,2017-05-08,Persistence,14,2017
2017-04-25,2017,4,14.12,15.916,14.12,2017-05-09,Persistence,14,2017
2017-04-26,2017,4,14.066,15.872,14.066,2017-05-10,Persistence,14,2017
2017-04-27,2017,4,14.082,15.82,14.082,2017-05-11,Persistence,14,2017
2017-04-28,2017,4,14.19,15.89,14.19,2017-05-12,Persistence,14,2017
2017-04-29,2017,4,14.346,15.91,14.346,2017-05-13,Persistence,14,2017
2017-04-30,2017,4,14.57,15.88,14.57,2017-05-14,Persistence,14,2017
2017-05-01,2017,5,14.926,15.79,14.926,2017-05-15,Persistence,14,2017
2017-05-02,2017,5,15.76,15.484,15.76,2017-05-16,Persistence,14,2017
2017-05-03,2017,5,16.168,15.432,16.168,2017-05-17,Persistence,14,2017
2017-05-04,2017,5,16.404,15.376,16.404,2017-05-18,Persistence,14,2017
2017-05-05,2017,5,16.146,15.312,16.146,2017-05-19,Persistence,14,2017
2017-05-06,2017,5,15.996,15.28,15.996,2017-05-20,Persistence,14,2017
2017-05-07,2017,5,15.892,15.27,15.892,2017-05-21,Persistence,14,2017
2017-05-08,2017,5,15.9,15.25,15.9,2017-05-22,Persistence,14,2017
2017-05-09,2017,5,15.916,15.29,15.916,2017-05-23,Persistence,14,2017
2017-05-10,2017,5,15.872,15.25,15.872,2017-05-24,Persistence,14,2017
2017-05-11,2017,5,15.82,15.366,15.82,2017-05-25,Persistence,14,2017
2017-05-12,2017,5,15.89,15.596,15.89,2017-05-26,Persistence,14,2017
2017-05-13,2017,5,15.91,15.896,15.91,2017-05-27,Persistence,14,2017
2017-05-14,2017,5,15.88,16.098,15.88,2017-05-28,Persistence,14,2017
2017-05-15,2017,5,15.79,16.202,15.79,2017-05-29,Persistence,14,2017
2017-05-16,2017,5,15.484,16.21,15.484,2017-05-30,Persistence,14,2017
2017-05-17,2017,5,15.432,16.22,15.432,2017-05-31,Persistence,14,2017
2017-05-18,2017,5,15.376,16.28,15.376,2017-06-01,Persistence,14,2017
2017-05-19,2017,5,15.312,16.26,15.312,2017-06-02,Persistence,14,2017
2017-05-20,2017,5,15.28,16.28,15.28,2017-06-03,Persistence,14,2017
2017-05-21,2017,5,15.27,16.356,15.27,2017-06-04,Persistence,14,2017
2017-05-22,2017,5,15.25,16.904,15.25,2017-06-05,Persistence,14,2017
2017-05-23,2017,5,15.29,17.592,15.29,2017-06-06,Persistence,14,2017
2017-05-24,2017,5,15.25,17.82,15.25,2017-06-07,Persistence,14,2017
2017-05-25,2017,5,15.366,18.04,15.366,2017-06-08,Persistence,14,2017
2017-05-26,2017,5,15.596,18.014,15.596,2017-06-09,Persistence,14,2017
2017-05-27,2017,5,15.896,17.768,15.896,2017-06-10,Persistence,14,2017
2017-05-28,2017,5,16.098,17.418,16.098,2017-06-11,Persistence,14,2017
2017-05-29,2017,5,16.202,17.156,16.202,2017-06-12,Persistence,14,2017
2017-05-30,2017,5,16.21,16.942,16.21,2017-06-13,Persistence,14,2017
2017-05-31,2017,5,16.22,16.85,16.22,2017-06-14,Persistence,14,2017
2017-06-01,2017,6,16.28,16.9,16.28,2017-06-15,Persistence,14,2017
2017-06-02,2017,6,16.26,17.096,16.26,2017-06-16,Persistence,14,2017
2017-06-03,2017,6,16.28,17.286,16.28,2017-06-17,Persistence,14,2017
2017-06-04,2017,6,16.356,17.498,16.356,2017-06-18,Persistence,14,2017
2017-06-05,2017,6,16.904,17.826,16.904,2017-06-19,Persistence,14,2017
2017-06-06,2017,6,17.592,18.124,17.592,2017-06-20,Persistence,14,2017
2017-06-07,2017,6,17.82,18.396,17.82,2017-06-21,Persistence,14,2017
2017-06-08,2017,6,18.04,18.512,18.04,2017-06-22,Persistence,14,2017
2017-06-09,2017,6,18.014,18.53,18.014,2017-06-23,Persistence,14,2017
2017-06-10,2017,6,17.768,18.54,17.768,2017-06-24,Persistence,14,2017
2017-06-11,2017,6,17.418,18.53,17.418,2017-06-25,Persistence,14,2017
2017-06-12,2017,6,17.156,18.47,17.156,2017-06-26,Persistence,14,2017
2017-06-13,2017,6,16.942,18.264,16.942,2017-06-27,Persistence,14,2017
2017-06-14,2017,6,16.85,18.23,16.85,2017-06-28,Persistence,14,2017
2017-06-15,2017,6,16.9,18.082,16.9,2017-06-29,Persistence,14,2017
2017-06-16,2017,6,17.096,18.276,17.096,2017-06-30,Persistence,14,2017
2017-06-17,2017,6,17.286,18.43,17.286,2017-07-01,Persistence,14,2017
2017-06-18,2017,6,17.498,18.68,17.498,2017-07-02,Persistence,14,2017
2017-06-19,2017,6,17.826,18.856,17.826,2017-07-03,Persistence,14,2017
2017-06-20,2017,6,18.124,18.974,18.124,2017-07-04,Persistence,14,2017
2017-06-21,2017,6,18.396,19.154,18.396,2017-07-05,Persistence,14,2017
2017-06-22,2017,6,18.512,19.432,18.512,2017-07-06,Persistence,14,2017
2017-06-23,2017,6,18.53,19.73,18.53,2017-07-07,Persistence,14,2017
2017-06-24,2017,6,18.54,19.85,18.54,2017-07-08,Persistence,14,2017
2017-06-25,2017,6,18.53,19.86,18.53,2017-07-09,Persistence,14,2017
2017-06-26,2017,6,18.47,19.87,18.47,2017-07-10,Persistence,14,2017
2017-06-27,2017,6,18.264,20.166,18.264,2017-07-11,Persistence,14,2017
2017-06-28,2017,6,18.23,20.294,18.23,2017-07-12,Persistence,14,2017
2017-06-29,2017,6,18.082,20.34,18.082,2017-07-13,Persistence,14,2017
2017-06-30,2017,6,18.276,20.368,18.276,2017-07-14,Persistence,14,2017
2017-07-01,2017,7,18.43,20.264,18.43,2017-07-15,Persistence,14,2017
2017-07-02,2017,7,18.68,20.05,18.68,2017-07-16,Persistence,14,2017
2017-07-03,2017,7,18.856,19.724,18.856,2017-07-17,Persistence,14,2017
2017-07-04,2017,7,18.974,19.482,18.974,2017-07-18,Persistence,14,2017
2017-07-05,2017,7,19.154,19.216,19.154,2017-07-19,Persistence,14,2017
2017-07-06,2017,7,19.432,19.062,19.432,2017-07-20,Persistence,14,2017
2017-07-07,2017,7,19.73,18.93,19.73,2017-07-21,Persistence,14,2017
2017-07-08,2017,7,19.85,18.762,19.85,2017-07-22,Persistence,14,2017
2017-07-09,2017,7,19.86,18.694,19.86,2017-07-23,Persistence,14,2017
2017-07-10,2017,7,19.87,18.67,19.87,2017-07-24,Persistence,14,2017
2017-07-11,2017,7,20.166,18.674,20.166,2017-07-25,Persistence,14,2017
2017-07-12,2017,7,20.294,18.618,20.294,2017-07-26,Persistence,14,2017
2017-07-13,2017,7,20.34,18.554,20.34,2017-07-27,Persistence,14,2017
2017-07-14,2017,7,20.368,18.46,20.368,2017-07-28,Persistence,14,2017
2017-07-15,2017,7,20.264,18.392,20.264,2017-07-29,Persistence,14,2017
2017-07-16,2017,7,20.05,18.414,20.05,2017-07-30,Persistence,14,2017
2017-07-17,2017,7,19.724,18.434,19.724,2017-07-31,Persistence,14,2017
2017-07-18,2017,7,19.482,18.508,19.482,2017-08-01,Persistence,14,2017
2017-07-19,2017,7,19.216,18.472,19.216,2017-08-02,Persistence,14,2017
2017-07-20,2017,7,19.062,18.46,19.062,2017-08-03,Persistence,14,2017
2017-07-21,2017,7,18.93,18.472,18.93,2017-08-04,Persistence,14,2017
2017-07-22,2017,7,18.762,18.59,18.762,2017-08-05,Persistence,14,2017
2017-07-23,2017,7,18.694,18.624,18.694,2017-08-06,Persistence,14,2017
2017-07-24,2017,7,18.67,18.56,18.67,2017-08-07,Persistence,14,2017
2017-07-25,2017,7,18.674,18.526,18.674,2017-08-08,Persistence,14,2017
2017-07-26,2017,7,18.618,18.542,18.618,2017-08-09,Persistence,14,2017
2017-07-27,2017,7,18.554,18.696,18.554,2017-08-10,Persistence,14,2017
2017-07-28,2017,7,18.46,18.986,18.46,2017-08-11,Persistence,14,2017
2017-07-29,2017,7,18.392,19.608,18.392,2017-08-12,Persistence,14,2017
2017-07-30,2017,7,18.414,20.202,18.414,2017-08-13,Persistence,14,2017
2017-07-31,2017,7,18.434,20.728,18.434,2017-08-14,Persistence,14,2017
2017-08-01,2017,8,18.508,20.826,18.508,2017-08-15,Persistence,14,2017
2017-08-02,2017,8,18.472,20.83,18.472,2017-08-16,Persistence,14,2017
2017-08-03,2017,8,18.46,20.698,18.46,2017-08-17,Persistence,14,2017
2017-08-04,2017,8,18.472,20.476,18.472,2017-08-18,Persistence,14,2017
2017-08-05,2017,8,18.59,20.24,18.59,2017-08-19,Persistence,14,2017
2017-08-06,2017,8,18.624,20.048,18.624,2017-08-20,Persistence,14,2017
2017-08-07,2017,8,18.56,19.88,18.56,2017-08-21,Persistence,14,2017
2017-08-08,2017,8,18.526,19.73,18.526,2017-08-22,Persistence,14,2017
2017-08-09,2017,8,18.542,19.53,18.542,2017-08-23,Persistence,14,2017
2017-08-10,2017,8,18.696,19.436,18.696,2017-08-24,Persistence,14,2017
2017-08-11,2017,8,18.986,19.304,18.986,2017-08-25,Persistence,14,2017
2017-08-12,2017,8,19.608,19.136,19.608,2017-08-26,Persistence,14,2017
2017-08-13,2017,8,20.202,18.998,20.202,2017-08-27,Persistence,14,2017
2017-08-14,2017,8,20.728,18.972,20.728,2017-08-28,Persistence,14,2017
2017-08-15,2017,8,20.826,18.826,20.826,2017-08-29,Persistence,14,2017
2017-08-16,2017,8,20.83,18.72,20.83,2017-08-30,Persistence,14,2017
2017-08-17,2017,8,20.698,18.568,20.698,2017-08-31,Persistence,14,2017
2017-08-18,2017,8,20.476,18.472,20.476,2017-09-01,Persistence,14,2017
2017-08-19,2017,8,20.24,18.544,20.24,2017-09-02,Persistence,14,2017
2017-08-20,2017,8,20.048,18.576,20.048,2017-09-03,Persistence,14,2017
2017-08-21,2017,8,19.88,18.566,19.88,2017-09-04,Persistence,14,2017
2017-08-22,2017,8,19.73,18.58,19.73,2017-09-05,Persistence,14,2017
2017-08-23,2017,8,19.53,18.6,19.53,2017-09-06,Persistence,14,2017
2017-08-24,2017,8,19.436,18.65,19.436,2017-09-07,Persistence,14,2017
2017-08-25,2017,8,19.304,18.76,19.304,2017-09-08,Persistence,14,2017
2017-08-26,2017,8,19.136,18.892,19.136,2017-09-09,Persistence,14,2017
2017-08-27,2017,8,18.998,19.076,18.998,2017-09-10,Persistence,14,2017
2017-08-28,2017,8,18.972,19.334,18.972,2017-09-11,Persistence,14,2017
2017-08-29,2017,8,18.826,19.378,18.826,2017-09-12,Persistence,14,2017
2017-08-30,2017,8,18.72,19.256,18.72,2017-09-13,Persistence,14,2017
2017-08-31,2017,8,18.568,19.132,18.568,2017-09-14,Persistence,14,2017
2017-09-01,2017,9,18.472,19.008,18.472,2017-09-15,Persistence,14,2017
2017-09-02,2017,9,18.544,18.912,18.544,2017-09-16,Persistence,14,2017
2017-09-03,2017,9,18.576,18.732,18.576,2017-09-17,Persistence,14,2017
2017-09-04,2017,9,18.566,18.53,18.566,2017-09-18,Persistence,14,2017
2017-09-05,2017,9,18.58,18.356,18.58,2017-09-19,Persistence,14,2017
2017-09-06,2017,9,18.6,18.25,18.6,2017-09-20,Persistence,14,2017
2017-09-07,2017,9,18.65,18.158,18.65,2017-09-21,Persistence,14,2017
2017-09-08,2017,9,18.76,18.064,18.76,2017-09-22,Persistence,14,2017
2017-09-09,2017,9,18.892,18.072,18.892,2017-09-23,Persistence,14,2017
2017-09-10,2017,9,19.076,17.942,19.076,2017-09-24,Persistence,14,2017
2017-09-11,2017,9,19.334,17.866,19.334,2017-09-25,Persistence,14,2017
2017-09-12,2017,9,19.378,17.85,19.378,2017-09-26,Persistence,14,2017
2017-09-13,2017,9,19.256,17.95,19.256,2017-09-27,Persistence,14,2017
2017-09-14,2017,9,19.132,18.042,19.132,2017-09-28,Persistence,14,2017
2017-09-15,2017,9,19.008,18.05,19.008,2017-09-29,Persistence,14,2017
2017-09-16,2017,9,18.912,18.116,18.912,2017-09-30,Persistence,14,2017
2017-09-17,2017,9,18.732,18.238,18.732,2017-10-01,Persistence,14,2017
2017-09-18,2017,9,18.53,18.502,18.53,2017-10-02,Persistence,14,2017
2017-09-19,2017,9,18.356,18.55,18.356,2017-10-03,Persistence,14,2017
2017-09-20,2017,9,18.25,18.396,18.25,2017-10-04,Persistence,14,2017
2017-09-21,2017,9,18.158,18.226,18.158,2017-10-05,Persistence,14,2017
2017-09-22,2017,9,18.064,18.126,18.064,2017-10-06,Persistence,14,2017
2017-09-23,2017,9,18.072,18.162,18.072,2017-10-07,Persistence,14,2017
2017-09-24,2017,9,17.942,18.246,17.942,2017-10-08,Persistence,14,2017
2017-09-25,2017,9,17.866,18.308,17.866,2017-10-09,Persistence,14,2017
2017-09-26,2017,9,17.85,18.284,17.85,2017-10-10,Persistence,14,2017
2017-09-27,2017,9,17.95,18.066,17.95,2017-10-11,Persistence,14,2017
2017-09-28,2017,9,18.042,17.778,18.042,2017-10-12,Persistence,14,2017
2017-09-29,2017,9,18.05,17.504,18.05,2017-10-13,Persistence,14,2017
2017-09-30,2017,9,18.116,17.326,18.116,2017-10-14,Persistence,14,2017
2017-10-01,2017,10,18.238,17.092,18.238,2017-10-15,Persistence,14,2017
2017-10-02,2017,10,18.502,17.036,18.502,2017-10-16,Persistence,14,2017
2017-10-03,2017,10,18.55,16.998,18.55,2017-10-17,Persistence,14,2017
2017-10-04,2017,10,18.396,16.932,18.396,2017-10-18,Persistence,14,2017
2017-10-05,2017,10,18.226,16.896,18.226,2017-10-19,Persistence,14,2017
2017-10-06,2017,10,18.126,16.892,18.126,2017-10-20,Persistence,14,2017
2017-10-07,2017,10,18.162,17.158,18.162,2017-10-21,Persistence,14,2017
2017-10-08,2017,10,18.246,17.352,18.246,2017-10-22,Persistence,14,2017
2017-10-09,2017,10,18.308,17.182,18.308,2017-10-23,Persistence,14,2017
2017-10-10,2017,10,18.284,16.96,18.284,2017-10-24,Persistence,14,2017
2017-10-11,2017,10,18.066,16.774,18.066,2017-10-25,Persistence,14,2017
2017-10-12,2017,10,17.778,16.676,17.778,2017-10-26,Persistence,14,2017
2017-10-13,2017,10,17.504,16.664,17.504,2017-10-27,Persistence,14,2017
2017-10-14,2017,10,17.326,16.688,17.326,2017-10-28,Persistence,14,2017
2017-10-15,2017,10,17.092,16.834,17.092,2017-10-29,Persistence,14,2017
2017-10-16,2017,10,17.036,16.932,17.036,2017-10-30,Persistence,14,2017
2017-10-17,2017,10,16.998,16.996,16.998,2017-10-31,Persistence,14,2017
2017-10-18,2017,10,16.932,16.838,16.932,2017-11-01,Persistence,14,2017
2017-10-19,2017,10,16.896,16.544,16.896,2017-11-02,Persistence,14,2017
2017-10-20,2017,10,16.892,16.29,16.892,2017-11-03,Persistence,14,2017
2017-10-21,2017,10,17.158,16.114,17.158,2017-11-04,Persistence,14,2017
2017-10-22,2017,10,17.352,15.952,17.352,2017-11-05,Persistence,14,2017
2017-10-23,2017,10,17.182,15.828,17.182,2017-11-06,Persistence,14,2017
2017-10-24,2017,10,16.96,15.698,16.96,2017-11-07,Persistence,14,2017
2017-10-25,2017,10,16.774,15.656,16.774,2017-11-08,Persistence,14,2017
2017-10-26,2017,10,16.676,15.432,16.676,2017-11-09,Persistence,14,2017
2017-10-27,2017,10,16.664,15.32,16.664,2017-11-10,Persistence,14,2017
2017-10-28,2017,10,16.688,15.274,16.688,2017-11-11,Persistence,14,2017
2017-10-29,2017,10,16.834,15.268,16.834,2017-11-12,Persistence,14,2017
2017-10-30,2017,10,16.932,15.216,16.932,2017-11-13,Persistence,14,2017
2017-10-31,2017,10,16.996,15.152,16.996,2017-11-14,Persistence,14,2017
2017-11-01,2017,11,16.838,15.058,16.838,2017-11-15,Persistence,14,2017
2017-11-02,2017,11,16.544,15.004,16.544,2017-11-16,Persistence,14,2017
2017-11-03,2017,11,16.29,14.92,16.29,2017-11-17,Persistence,14,2017
2017-11-04,2017,11,16.114,14.872,16.114,2017-11-18,Persistence,14,2017
2017-11-05,2017,11,15.952,14.79,15.952,2017-11-19,Persistence,14,2017
2017-11-06,2017,11,15.828,14.736,15.828,2017-11-20,Persistence,14,2017
2017-11-07,2017,11,15.698,14.694,15.698,2017-11-21,Persistence,14,2017
2017-11-08,2017,11,15.656,14.616,15.656,2017-11-22,Persistence,14,2017
2017-11-09,2017,11,15.432,14.51,15.432,2017-11-23,Persistence,14,2017
2017-11-10,2017,11,15.32,14.412,15.32,2017-11-24,Persistence,14,2017
2017-11-11,2017,11,15.274,14.398,15.274,2017-11-25,Persistence,14,2017
2017-11-12,2017,11,15.268,14.324,15.268,2017-11-26,Persistence,14,2017
2017-11-13,2017,11,15.216,14.27,15.216,2017-11-27,Persistence,14,2017
2017-11-14,2017,11,15.152,14.27,15.152,2017-11-28,Persistence,14,2017
2017-11-15,2017,11,15.058,14.26,15.058,2017-11-29,Persistence,14,2017
2017-11-16,2017,11,15.004,14.226,15.004,2017-11-30,Persistence,14,2017
2017-11-17,2017,11,14.92,14.186,14.92,2017-12-01,Persistence,14,2017
2017-11-18,2017,11,14.872,14.164,14.872,2017-12-02,Persistence,14,2017
2017-11-19,2017,11,14.79,14.126,14.79,2017-12-03,Persistence,14,2017
2017-11-20,2017,11,14.736,14.104,14.736,2017-12-04,Persistence,14,2017
2017-11-21,2017,11,14.694,14.09,14.694,2017-12-05,Persistence,14,2017
2017-11-22,2017,11,14.616,14.08,14.616,2017-12-06,Persistence,14,2017
2017-11-23,2017,11,14.51,14.07,14.51,2017-12-07,Persistence,14,2017
2017-11-24,2017,11,14.412,14.05,14.412,2017-12-08,Persistence,14,2017
2017-11-25,2017,11,14.398,14.014,14.398,2017-12-09,Persistence,14,2017
2017-11-26,2017,11,14.324,13.96,14.324,2017-12-10,Persistence,14,2017
2017-11-27,2017,11,14.27,13.95,14.27,2017-12-11,Persistence,14,2017
2017-11-28,2017,11,14.27,13.922,14.27,2017-12-12,Persistence,14,2017
2017-11-29,2017,11,14.26,13.876,14.26,2017-12-13,Persistence,14,2017
2017-11-30,2017,11,14.226,13.844,14.226,2017-12-14,Persistence,14,2017
2017-12-01,2017,12,14.186,13.81,14.186,2017-12-15,Persistence,14,2017
2017-12-02,2017,12,14.164,13.79,14.164,2017-12-16,Persistence,14,2017
2017-12-03,2017,12,14.126,13.764,14.126,2017-12-17,Persistence,14,2017
2017-12-04,2017,12,14.104,13.732,14.104,2017-12-18,Persistence,14,2017
2017-12-05,2017,12,14.09,13.72,14.09,2017-12-19,Persistence,14,2017
2017-12-06,2017,12,14.08,13.71,14.08,2017-12-20,Persistence,14,2017
2017-12-07,2017,12,14.07,13.684,14.07,2017-12-21,Persistence,14,2017
2017-12-08,2017,12,14.05,13.65,14.05,2017-12-22,Persistence,14,2017
2017-12-09,2017,12,14.014,13.62,14.014,2017-12-23,Persistence,14,2017
2017-12-10,2017,12,13.96,13.61,13.96,2017-12-24,Persistence,14,2017
2017-12-11,2017,12,13.95,13.59,13.95,2017-12-25,Persistence,14,2017
2017-12-12,2017,12,13.922,13.554,13.922,2017-12-26,Persistence,14,2017
2017-12-13,2017,12,13.876,13.52,13.876,2017-12-27,Persistence,14,2017
2017-12-14,2017,12,13.844,13.504,13.844,2017-12-28,Persistence,14,2017
2017-12-15,2017,12,13.81,13.464,13.81,2017-12-29,Persistence,14,2017
2017-12-16,2017,12,13.79,13.45,13.79,2017-12-30,Persistence,14,2017
2017-12-17,2017,12,13.764,13.42,13.764,2017-12-31,Persistence,14,2017
2017-12-18,2017,12,13.732,13.394,13.732,2018-01-01,Persistence,14,2017
2017-12-19,2017,12,13.72,13.36,13.72,2018-01-02,Persistence,14,2017
2017-12-20,2017,12,13.71,13.34,13.71,2018-01-03,Persistence,14,2017
2017-12-21,2017,12,13.684,13.316,13.684,2018-01-04,Persistence,14,2017
2017-12-22,2017,12,13.65,13.286,13.65,2018-01-05,Persistence,14,2017
2017-12-23,2017,12,13.62,13.26,13.62,2018-01-06,Persistence,14,2017
2017-12-24,2017,12,13.61,13.234,13.61,2018-01-07,Persistence,14,2017
2017-12-25,2017,12,13.59,13.21,13.59,2018-01-08,Persistence,14,2017
2017-12-26,2017,12,13.554,13.186,13.554,2018-01-09,Persistence,14,2017
2017-12-27,2017,12,13.52,13.154,13.52,2018-01-10,Persistence,14,2017
2017-12-28,2017,12,13.504,13.13,13.504,2018-01-11,Persistence,14,2017
2017-12-29,2017,12,13.464,13.13,13.464,2018-01-12,Persistence,14,2017
2017-12-30,2017,12,13.45,13.12,13.45,2018-01-13,Persistence,14,2017
2017-12-31,2017,12,13.42,13.094,13.42,2018-01-14,Persistence,14,2017
2018-01-01,2018,1,13.394,13.066,13.394,2018-01-15,Persistence,14,2018
2018-01-02,2018,1,13.36,13.06,13.36,2018-01-16,Persistence,14,2018
2018-01-03,2018,1,13.34,13.05,13.34,2018-01-17,Persistence,14,2018
2018-01-04,2018,1,13.316,13.03,13.316,2018-01-18,Persistence,14,2018
2018-01-05,2018,1,13.286,13.03,13.286,2018-01-19,Persistence,14,2018
2018-01-06,2018,1,13.26,13.02,13.26,2018-01-20,Persistence,14,2018
2018-01-07,2018,1,13.234,12.986,13.234,2018-01-21,Persistence,14,2018
2018-01-08,2018,1,13.21,12.938,13.21,2018-01-22,Persistence,14,2018
2018-01-09,2018,1,13.186,12.92,13.186,2018-01-23,Persistence,14,2018
2018-01-10,2018,1,13.154,12.92,13.154,2018-01-24,Persistence,14,2018
2018-01-11,2018,1,13.13,12.91,13.13,2018-01-25,Persistence,14,2018
2018-01-12,2018,1,13.13,12.9,13.13,2018-01-26,Persistence,14,2018
2018-01-13,2018,1,13.12,12.88,13.12,2018-01-27,Persistence,14,2018
2018-01-14,2018,1,13.094,12.866,13.094,2018-01-28,Persistence,14,2018
2018-01-15,2018,1,13.066,12.84,13.066,2018-01-29,Persistence,14,2018
2018-01-16,2018,1,13.06,12.82,13.06,2018-01-30,Persistence,14,2018
2018-01-17,2018,1,13.05,12.81,13.05,2018-01-31,Persistence,14,2018
2018-01-18,2018,1,13.03,12.8,13.03,2018-02-01,Persistence,14,2018
2018-01-19,2018,1,13.03,12.79,13.03,2018-02-02,Persistence,14,2018
2018-01-20,2018,1,13.02,12.79,13.02,2018-02-03,Persistence,14,2018
2018-01-21,2018,1,12.986,12.78,12.986,2018-02-04,Persistence,14,2018
2018-01-22,2018,1,12.938,12.78,12.938,2018-02-05,Persistence,14,2018
2018-01-23,2018,1,12.92,12.77,12.92,2018-02-06,Persistence,14,2018
2018-01-24,2018,1,12.92,12.75,12.92,2018-02-07,Persistence,14,2018
2018-01-25,2018,1,12.91,12.73,12.91,2018-02-08,Persistence,14,2018
2018-01-26,2018,1,12.9,12.71,12.9,2018-02-09,Persistence,14,2018
2018-01-27,2018,1,12.88,12.7,12.88,2018-02-10,Persistence,14,2018
2018-01-28,2018,1,12.866,12.69,12.866,2018-02-11,Persistence,14,2018
2018-01-29,2018,1,12.84,12.69,12.84,2018-02-12,Persistence,14,2018
2018-01-30,2018,1,12.82,12.68,12.82,2018-02-13,Persistence,14,2018
2018-01-31,2018,1,12.81,12.68,12.81,2018-02-14,Persistence,14,2018
2018-02-01,2018,2,12.8,12.668,12.8,2018-02-15,Persistence,14,2018
2018-02-02,2018,2,12.79,12.57,12.79,2018-02-16,Persistence,14,2018
2018-02-03,2018,2,12.79,12.48,12.79,2018-02-17,Persistence,14,2018
2018-02-04,2018,2,12.78,12.4,12.78,2018-02-18,Persistence,14,2018
2018-02-05,2018,2,12.78,12.434,12.78,2018-02-19,Persistence,14,2018
2018-02-06,2018,2,12.77,12.44,12.77,2018-02-20,Persistence,14,2018
2018-02-07,2018,2,12.75,12.42,12.75,2018-02-21,Persistence,14,2018
2018-02-08,2018,2,12.73,12.398,12.73,2018-02-22,Persistence,14,2018
2018-02-09,2018,2,12.71,12.354,12.71,2018-02-23,Persistence,14,2018
2018-02-10,2018,2,12.7,12.34,12.7,2018-02-24,Persistence,14,2018
2018-02-11,2018,2,12.69,12.34,12.69,2018-02-25,Persistence,14,2018
2018-02-12,2018,2,12.69,12.34,12.69,2018-02-26,Persistence,14,2018
2018-02-13,2018,2,12.68,12.36,12.68,2018-02-27,Persistence,14,2018
2018-02-14,2018,2,12.68,12.38,12.68,2018-02-28,Persistence,14,2018
2018-02-15,2018,2,12.668,12.38,12.668,2018-03-01,Persistence,14,2018
2018-02-16,2018,2,12.57,12.38,12.57,2018-03-02,Persistence,14,2018
2018-02-17,2018,2,12.48,12.37,12.48,2018-03-03,Persistence,14,2018
2018-02-18,2018,2,12.4,12.35,12.4,2018-03-04,Persistence,14,2018
2018-02-19,2018,2,12.434,12.35,12.434,2018-03-05,Persistence,14,2018
2018-02-20,2018,2,12.44,12.35,12.44,2018-03-06,Persistence,14,2018
2018-02-21,2018,2,12.42,12.36,12.42,2018-03-07,Persistence,14,2018
2018-02-22,2018,2,12.398,12.372,12.398,2018-03-08,Persistence,14,2018
2018-02-23,2018,2,12.354,12.406,12.354,2018-03-09,Persistence,14,2018
2018-02-24,2018,2,12.34,12.41,12.34,2018-03-10,Persistence,14,2018
2018-02-25,2018,2,12.34,12.446,12.34,2018-03-11,Persistence,14,2018
2018-02-26,2018,2,12.34,12.474,12.34,2018-03-12,Persistence,14,2018
2018-02-27,2018,2,12.36,12.626,12.36,2018-03-13,Persistence,14,2018
2018-02-28,2018,2,12.38,12.664,12.38,2018-03-14,Persistence,14,2018
2018-03-01,2018,3,12.38,12.708,12.38,2018-03-15,Persistence,14,2018
2018-03-02,2018,3,12.38,12.734,12.38,2018-03-16,Persistence,14,2018
2018-03-03,2018,3,12.37,12.738,12.37,2018-03-17,Persistence,14,2018
2018-03-04,2018,3,12.35,12.686,12.35,2018-03-18,Persistence,14,2018
2018-03-05,2018,3,12.35,12.608,12.35,2018-03-19,Persistence,14,2018
2018-03-06,2018,3,12.35,12.518,12.35,2018-03-20,Persistence,14,2018
2018-03-07,2018,3,12.36,12.484,12.36,2018-03-21,Persistence,14,2018
2018-03-08,2018,3,12.372,12.444,12.372,2018-03-22,Persistence,14,2018
2018-03-09,2018,3,12.406,12.442,12.406,2018-03-23,Persistence,14,2018
2018-03-10,2018,3,12.41,12.478,12.41,2018-03-24,Persistence,14,2018
2018-03-11,2018,3,12.446,12.534,12.446,2018-03-25,Persistence,14,2018
2018-03-12,2018,3,12.474,12.63,12.474,2018-03-26,Persistence,14,2018
2018-03-13,2018,3,12.626,12.738,12.626,2018-03-27,Persistence,14,2018
2018-03-14,2018,3,12.664,12.76,12.664,2018-03-28,Persistence,14,2018
2018-03-15,2018,3,12.708,12.73,12.708,2018-03-29,Persistence,14,2018
2018-03-16,2018,3,12.734,12.734,12.734,2018-03-30,Persistence,14,2018
2018-03-17,2018,3,12.738,12.826,12.738,2018-03-31,Persistence,14,2018
2018-03-18,2018,3,12.686,12.95,12.686,2018-04-01,Persistence,14,2018
2018-03-19,2018,3,12.608,13.082,12.608,2018-04-02,Persistence,14,2018
2018-03-20,2018,3,12.518,13.124,12.518,2018-04-03,Persistence,14,2018
2018-03-21,2018,3,12.484,13.13,12.484,2018-04-04,Persistence,14,2018
2018-03-22,2018,3,12.444,13.13,12.444,2018-04-05,Persistence,14,2018
2018-03-23,2018,3,12.442,13.11,12.442,2018-04-06,Persistence,14,2018
2018-03-24,2018,3,12.478,13.084,12.478,2018-04-07,Persistence,14,2018
2018-03-25,2018,3,12.534,13.07,12.534,2018-04-08,Persistence,14,2018
2018-03-26,2018,3,12.63,13.07,12.63,2018-04-09,Persistence,14,2018
2018-03-27,2018,3,12.738,13.08,12.738,2018-04-10,Persistence,14,2018
2018-03-28,2018,3,12.76,13.068,12.76,2018-04-11,Persistence,14,2018
2018-03-29,2018,3,12.73,13.06,12.73,2018-04-12,Persistence,14,2018
2018-03-30,2018,3,12.734,13.088,12.734,2018-04-13,Persistence,14,2018
2018-03-31,2018,3,12.826,13.18,12.826,2018-04-14,Persistence,14,2018
2018-04-01,2018,4,12.95,13.328,12.95,2018-04-15,Persistence,14,2018
2018-04-02,2018,4,13.082,13.422,13.082,2018-04-16,Persistence,14,2018
2018-04-03,2018,4,13.124,13.462,13.124,2018-04-17,Persistence,14,2018
2018-04-04,2018,4,13.13,13.508,13.13,2018-04-18,Persistence,14,2018
2018-04-05,2018,4,13.13,13.58,13.13,2018-04-19,Persistence,14,2018
2018-04-06,2018,4,13.11,13.838,13.11,2018-04-20,Persistence,14,2018
2018-04-07,2018,4,13.084,14.13,13.084,2018-04-21,Persistence,14,2018
2018-04-08,2018,4,13.07,14.334,13.07,2018-04-22,Persistence,14,2018
2018-04-09,2018,4,13.07,14.368,13.07,2018-04-23,Persistence,14,2018
2018-04-10,2018,4,13.08,14.254,13.08,2018-04-24,Persistence,14,2018
2018-04-11,2018,4,13.068,14.12,13.068,2018-04-25,Persistence,14,2018
2018-04-12,2018,4,13.06,14.052,13.06,2018-04-26,Persistence,14,2018
2018-04-13,2018,4,13.088,14.024,13.088,2018-04-27,Persistence,14,2018
2018-04-14,2018,4,13.18,14.032,13.18,2018-04-28,Persistence,14,2018
2018-04-15,2018,4,13.328,14.128,13.328,2018-04-29,Persistence,14,2018
2018-04-16,2018,4,13.422,14.306,13.422,2018-04-30,Persistence,14,2018
2018-04-17,2018,4,13.462,14.402,13.462,2018-05-01,Persistence,14,2018
2018-04-18,2018,4,13.508,14.43,13.508,2018-05-02,Persistence,14,2018
2018-04-19,2018,4,13.58,14.434,13.58,2018-05-03,Persistence,14,2018
2018-04-20,2018,4,13.838,14.296,13.838,2018-05-04,Persistence,14,2018
2018-04-21,2018,4,14.13,14.228,14.13,2018-05-05,Persistence,14,2018
2018-04-22,2018,4,14.334,14.152,14.334,2018-05-06,Persistence,14,2018
2018-04-23,2018,4,14.368,14.14,14.368,2018-05-07,Persistence,14,2018
2018-04-24,2018,4,14.254,14.13,14.254,2018-05-08,Persistence,14,2018
2018-04-25,2018,4,14.12,14.166,14.12,2018-05-09,Persistence,14,2018
2018-04-26,2018,4,14.052,14.218,14.052,2018-05-10,Persistence,14,2018
2018-04-27,2018,4,14.024,14.42,14.024,2018-05-11,Persistence,14,2018
2018-04-28,2018,4,14.032,14.546,14.032,2018-05-12,Persistence,14,2018
2018-04-29,2018,4,14.128,14.56,14.128,2018-05-13,Persistence,14,2018
2018-04-30,2018,4,14.306,14.57,14.306,2018-05-14,Persistence,14,2018
2018-05-01,2018,5,14.402,14.588,14.402,2018-05-15,Persistence,14,2018
2018-05-02,2018,5,14.43,14.712,14.43,2018-05-16,Persistence,14,2018
2018-05-03,2018,5,14.434,14.972,14.434,2018-05-17,Persistence,14,2018
2018-05-04,2018,5,14.296,15.076,14.296,2018-05-18,Persistence,14,2018
2018-05-05,2018,5,14.228,14.988,14.228,2018-05-19,Persistence,14,2018
2018-05-06,2018,5,14.152,14.832,14.152,2018-05-20,Persistence,14,2018
2018-05-07,2018,5,14.14,14.72,14.14,2018-05-21,Persistence,14,2018
2018-05-08,2018,5,14.13,14.664,14.13,2018-05-22,Persistence,14,2018
2018-05-09,2018,5,14.166,14.632,14.166,2018-05-23,Persistence,14,2018
2018-05-10,2018,5,14.218,14.572,14.218,2018-05-24,Persistence,14,2018
2018-05-11,2018,5,14.42,14.564,14.42,2018-05-25,Persistence,14,2018
2018-05-12,2018,5,14.546,14.868,14.546,2018-05-26,Persistence,14,2018
2018-05-13,2018,5,14.56,15.12,14.56,2018-05-27,Persistence,14,2018
2018-05-14,2018,5,14.57,15.4,14.57,2018-05-28,Persistence,14,2018
2018-05-15,2018,5,14.588,15.656,14.588,2018-05-29,Persistence,14,2018
2018-05-16,2018,5,14.712,16.088,14.712,2018-05-30,Persistence,14,2018
2018-05-17,2018,5,14.972,16.376,14.972,2018-05-31,Persistence,14,2018
2018-05-18,2018,5,15.076,16.568,15.076,2018-06-01,Persistence,14,2018
2018-05-19,2018,5,14.988,16.72,14.988,2018-06-02,Persistence,14,2018
2018-05-20,2018,5,14.832,16.856,14.832,2018-06-03,Persistence,14,2018
2018-05-21,2018,5,14.72,16.764,14.72,2018-06-04,Persistence,14,2018
2018-05-22,2018,5,14.664,16.484,14.664,2018-06-05,Persistence,14,2018
2018-05-23,2018,5,14.632,16.262,14.632,2018-06-06,Persistence,14,2018
2018-05-24,2018,5,14.572,16.086,14.572,2018-06-07,Persistence,14,2018
2018-05-25,2018,5,14.564,15.96,14.564,2018-06-08,Persistence,14,2018
2018-05-26,2018,5,14.868,15.844,14.868,2018-06-09,Persistence,14,2018
2018-05-27,2018,5,15.12,15.79,15.12,2018-06-10,Persistence,14,2018
2018-05-28,2018,5,15.4,15.77,15.4,2018-06-11,Persistence,14,2018
2018-05-29,2018,5,15.656,15.77,15.656,2018-06-12,Persistence,14,2018
2018-05-30,2018,5,16.088,15.748,16.088,2018-06-13,Persistence,14,2018
2018-05-31,2018,5,16.376,15.71,16.376,2018-06-14,Persistence,14,2018
2018-06-01,2018,6,16.568,15.86,16.568,2018-06-15,Persistence,14,2018
2018-06-02,2018,6,16.72,16.182,16.72,2018-06-16,Persistence,14,2018
2018-06-03,2018,6,16.856,16.462,16.856,2018-06-17,Persistence,14,2018
2018-06-04,2018,6,16.764,16.95,16.764,2018-06-18,Persistence,14,2018
2018-06-05,2018,6,16.484,17.622,16.484,2018-06-19,Persistence,14,2018
2018-06-06,2018,6,16.262,17.992,16.262,2018-06-20,Persistence,14,2018
2018-06-07,2018,6,16.086,18.072,16.086,2018-06-21,Persistence,14,2018
2018-06-08,2018,6,15.96,18.1,15.96,2018-06-22,Persistence,14,2018
2018-06-09,2018,6,15.844,18.082,15.844,2018-06-23,Persistence,14,2018
2018-06-10,2018,6,15.79,18.018,15.79,2018-06-24,Persistence,14,2018
2018-06-11,2018,6,15.77,17.972,15.77,2018-06-25,Persistence,14,2018
2018-06-12,2018,6,15.77,18.062,15.77,2018-06-26,Persistence,14,2018
2018-06-13,2018,6,15.748,18.046,15.748,2018-06-27,Persistence,14,2018
2018-06-14,2018,6,15.71,17.948,15.71,2018-06-28,Persistence,14,2018
2018-06-15,2018,6,15.86,17.852,15.86,2018-06-29,Persistence,14,2018
2018-06-16,2018,6,16.182,17.804,16.182,2018-06-30,Persistence,14,2018
2018-06-17,2018,6,16.462,17.8,16.462,2018-07-01,Persistence,14,2018
2018-06-18,2018,6,16.95,18.078,16.95,2018-07-02,Persistence,14,2018
2018-06-19,2018,6,17.622,18.436,17.622,2018-07-03,Persistence,14,2018
2018-06-20,2018,6,17.992,18.504,17.992,2018-07-04,Persistence,14,2018
2018-06-21,2018,6,18.072,18.77,18.072,2018-07-05,Persistence,14,2018
2018-06-22,2018,6,18.1,19.164,18.1,2018-07-06,Persistence,14,2018
2018-06-23,2018,6,18.082,19.492,18.082,2018-07-07,Persistence,14,2018
2018-06-24,2018,6,18.018,19.494,18.018,2018-07-08,Persistence,14,2018
2018-06-25,2018,6,17.972,19.474,17.972,2018-07-09,Persistence,14,2018
2018-06-26,2018,6,18.062,19.38,18.062,2018-07-10,Persistence,14,2018
2018-06-27,2018,6,18.046,19.126,18.046,2018-07-11,Persistence,14,2018
2018-06-28,2018,6,17.948,18.892,17.948,2018-07-12,Persistence,14,2018
2018-06-29,2018,6,17.852,18.74,17.852,2018-07-13,Persistence,14,2018
2018-06-30,2018,6,17.804,18.71,17.804,2018-07-14,Persistence,14,2018
2018-07-01,2018,7,17.8,18.734,17.8,2018-07-15,Persistence,14,2018
2018-07-02,2018,7,18.078,18.8,18.078,2018-07-16,Persistence,14,2018
2018-07-03,2018,7,18.436,18.848,18.436,2018-07-17,Persistence,14,2018
2018-07-04,2018,7,18.504,18.832,18.504,2018-07-18,Persistence,14,2018
2018-07-05,2018,7,18.77,18.758,18.77,2018-07-19,Persistence,14,2018
2018-07-06,2018,7,19.164,18.672,19.164,2018-07-20,Persistence,14,2018
2018-07-07,2018,7,19.492,18.564,19.492,2018-07-21,Persistence,14,2018
2018-07-08,2018,7,19.494,18.48,19.494,2018-07-22,Persistence,14,2018
2018-07-09,2018,7,19.474,18.432,19.474,2018-07-23,Persistence,14,2018
2018-07-10,2018,7,19.38,18.416,19.38,2018-07-24,Persistence,14,2018
2018-07-11,2018,7,19.126,18.438,19.126,2018-07-25,Persistence,14,2018
2018-07-12,2018,7,18.892,18.41,18.892,2018-07-26,Persistence,14,2018
2018-07-13,2018,7,18.74,18.4,18.74,2018-07-27,Persistence,14,2018
2018-07-14,2018,7,18.71,18.41,18.71,2018-07-28,Persistence,14,2018
2018-07-15,2018,7,18.734,18.408,18.734,2018-07-29,Persistence,14,2018
2018-07-16,2018,7,18.8,18.39,18.8,2018-07-30,Persistence,14,2018
2018-07-17,2018,7,18.848,18.38,18.848,2018-07-31,Persistence,14,2018
2018-07-18,2018,7,18.832,18.442,18.832,2018-08-01,Persistence,14,2018
2018-07-19,2018,7,18.758,18.652,18.758,2018-08-02,Persistence,14,2018
2018-07-20,2018,7,18.672,18.936,18.672,2018-08-03,Persistence,14,2018
2018-07-21,2018,7,18.564,19.036,18.564,2018-08-04,Persistence,14,2018
2018-07-22,2018,7,18.48,19.112,18.48,2018-08-05,Persistence,14,2018
2018-07-23,2018,7,18.432,19.13,18.432,2018-08-06,Persistence,14,2018
2018-07-24,2018,7,18.416,19.186,18.416,2018-08-07,Persistence,14,2018
2018-07-25,2018,7,18.438,19.216,18.438,2018-08-08,Persistence,14,2018
2018-07-26,2018,7,18.41,19.184,18.41,2018-08-09,Persistence,14,2018
2018-07-27,2018,7,18.4,19.06,18.4,2018-08-10,Persistence,14,2018
2018-07-28,2018,7,18.41,18.906,18.41,2018-08-11,Persistence,14,2018
2018-07-29,2018,7,18.408,18.79,18.408,2018-08-12,Persistence,14,2018
2018-07-30,2018,7,18.39,18.76,18.39,2018-08-13,Persistence,14,2018
2018-07-31,2018,7,18.38,18.762,18.38,2018-08-14,Persistence,14,2018
2018-08-01,2018,8,18.442,18.83,18.442,2018-08-15,Persistence,14,2018
2018-08-02,2018,8,18.652,18.85,18.652,2018-08-16,Persistence,14,2018
2018-08-03,2018,8,18.936,18.848,18.936,2018-08-17,Persistence,14,2018
2018-08-04,2018,8,19.036,18.818,19.036,2018-08-18,Persistence,14,2018
2018-08-05,2018,8,19.112,18.738,19.112,2018-08-19,Persistence,14,2018
2018-08-06,2018,8,19.13,18.656,19.13,2018-08-20,Persistence,14,2018
2018-08-07,2018,8,19.186,18.538,19.186,2018-08-21,Persistence,14,2018
2018-08-08,2018,8,19.216,18.41,19.216,2018-08-22,Persistence,14,2018
2018-08-09,2018,8,19.184,18.294,19.184,2018-08-23,Persistence,14,2018
2018-08-10,2018,8,19.06,18.28,19.06,2018-08-24,Persistence,14,2018
2018-08-11,2018,8,18.906,18.26,18.906,2018-08-25,Persistence,14,2018
2018-08-12,2018,8,18.79,18.26,18.79,2018-08-26,Persistence,14,2018
2018-08-13,2018,8,18.76,18.27,18.76,2018-08-27,Persistence,14,2018
2018-08-14,2018,8,18.762,18.27,18.762,2018-08-28,Persistence,14,2018
2018-08-15,2018,8,18.83,18.29,18.83,2018-08-29,Persistence,14,2018
2018-08-16,2018,8,18.85,18.362,18.85,2018-08-30,Persistence,14,2018
2018-08-17,2018,8,18.848,18.474,18.848,2018-08-31,Persistence,14,2018
2018-08-18,2018,8,18.818,18.63,18.818,2018-09-01,Persistence,14,2018
2018-08-19,2018,8,18.738,18.694,18.738,2018-09-02,Persistence,14,2018
2018-08-20,2018,8,18.656,18.714,18.656,2018-09-03,Persistence,14,2018
2018-08-21,2018,8,18.538,18.854,18.538,2018-09-04,Persistence,14,2018
2018-08-22,2018,8,18.41,18.906,18.41,2018-09-05,Persistence,14,2018
2018-08-23,2018,8,18.294,18.866,18.294,2018-09-06,Persistence,14,2018
2018-08-24,2018,8,18.28,18.85,18.28,2018-09-07,Persistence,14,2018
2018-08-25,2018,8,18.26,18.82,18.26,2018-09-08,Persistence,14,2018
2018-08-26,2018,8,18.26,18.73,18.26,2018-09-09,Persistence,14,2018
2018-08-27,2018,8,18.27,18.642,18.27,2018-09-10,Persistence,14,2018
2018-08-28,2018,8,18.27,18.722,18.27,2018-09-11,Persistence,14,2018
2018-08-29,2018,8,18.29,19.06,18.29,2018-09-12,Persistence,14,2018
2018-08-30,2018,8,18.362,19.256,18.362,2018-09-13,Persistence,14,2018
2018-08-31,2018,8,18.474,19.28,18.474,2018-09-14,Persistence,14,2018
2018-09-01,2018,9,18.63,19.4,18.63,2018-09-15,Persistence,14,2018
2018-09-02,2018,9,18.694,19.504,18.694,2018-09-16,Persistence,14,2018
2018-09-03,2018,9,18.714,19.558,18.714,2018-09-17,Persistence,14,2018
2018-09-04,2018,9,18.854,19.558,18.854,2018-09-18,Persistence,14,2018
2018-09-05,2018,9,18.906,19.586,18.906,2018-09-19,Persistence,14,2018
2018-09-06,2018,9,18.866,19.54,18.866,2018-09-20,Persistence,14,2018
2018-09-07,2018,9,18.85,19.302,18.85,2018-09-21,Persistence,14,2018
2018-09-08,2018,9,18.82,19.098,18.82,2018-09-22,Persistence,14,2018
2018-09-09,2018,9,18.73,18.694,18.73,2018-09-23,Persistence,14,2018
2018-09-10,2018,9,18.642,18.364,18.642,2018-09-24,Persistence,14,2018
2018-09-11,2018,9,18.722,18.082,18.722,2018-09-25,Persistence,14,2018
2018-09-12,2018,9,19.06,17.994,19.06,2018-09-26,Persistence,14,2018
2018-09-13,2018,9,19.256,18.144,19.256,2018-09-27,Persistence,14,2018
2018-09-14,2018,9,19.28,18.276,19.28,2018-09-28,Persistence,14,2018
2018-09-15,2018,9,19.4,18.288,19.4,2018-09-29,Persistence,14,2018
2018-09-16,2018,9,19.504,18.182,19.504,2018-09-30,Persistence,14,2018
2018-09-17,2018,9,19.558,18.054,19.558,2018-10-01,Persistence,14,2018
2018-09-18,2018,9,19.558,17.942,19.558,2018-10-02,Persistence,14,2018
2018-09-19,2018,9,19.586,17.862,19.586,2018-10-03,Persistence,14,2018
2018-09-20,2018,9,19.54,17.782,19.54,2018-10-04,Persistence,14,2018
2018-09-21,2018,9,19.302,17.606,19.302,2018-10-05,Persistence,14,2018
2018-09-22,2018,9,19.098,17.488,19.098,2018-10-06,Persistence,14,2018
2018-09-23,2018,9,18.694,17.344,18.694,2018-10-07,Persistence,14,2018
2018-09-24,2018,9,18.364,17.208,18.364,2018-10-08,Persistence,14,2018
2018-09-25,2018,9,18.082,17.078,18.082,2018-10-09,Persistence,14,2018
2018-09-26,2018,9,17.994,16.894,17.994,2018-10-10,Persistence,14,2018
2018-09-27,2018,9,18.144,16.69,18.144,2018-10-11,Persistence,14,2018
2018-09-28,2018,9,18.276,16.56,18.276,2018-10-12,Persistence,14,2018
2018-09-29,2018,9,18.288,16.41,18.288,2018-10-13,Persistence,14,2018
2018-09-30,2018,9,18.182,16.272,18.182,2018-10-14,Persistence,14,2018
2018-10-01,2018,10,18.054,16.18,18.054,2018-10-15,Persistence,14,2018
2018-10-02,2018,10,17.942,16.074,17.942,2018-10-16,Persistence,14,2018
2018-10-03,2018,10,17.862,15.976,17.862,2018-10-17,Persistence,14,2018
2018-10-04,2018,10,17.782,15.882,17.782,2018-10-18,Persistence,14,2018
2018-10-05,2018,10,17.606,15.872,17.606,2018-10-19,Persistence,14,2018
2018-10-06,2018,10,17.488,15.97,17.488,2018-10-20,Persistence,14,2018
2018-10-07,2018,10,17.344,16.004,17.344,2018-10-21,Persistence,14,2018
2018-10-08,2018,10,17.208,15.892,17.208,2018-10-22,Persistence,14,2018
2018-10-09,2018,10,17.078,15.73,17.078,2018-10-23,Persistence,14,2018
2018-10-10,2018,10,16.894,15.526,16.894,2018-10-24,Persistence,14,2018
2018-10-11,2018,10,16.69,15.402,16.69,2018-10-25,Persistence,14,2018
2018-10-12,2018,10,16.56,15.408,16.56,2018-10-26,Persistence,14,2018
2018-10-13,2018,10,16.41,15.406,16.41,2018-10-27,Persistence,14,2018
2018-10-14,2018,10,16.272,15.262,16.272,2018-10-28,Persistence,14,2018
2018-10-15,2018,10,16.18,15.134,16.18,2018-10-29,Persistence,14,2018
2018-10-16,2018,10,16.074,15.036,16.074,2018-10-30,Persistence,14,2018
2018-10-17,2018,10,15.976,14.956,15.976,2018-10-31,Persistence,14,2018
2018-10-18,2018,10,15.882,14.87,15.882,2018-11-01,Persistence,14,2018
2018-10-19,2018,10,15.872,14.81,15.872,2018-11-02,Persistence,14,2018
2018-10-20,2018,10,15.97,14.724,15.97,2018-11-03,Persistence,14,2018
2018-10-21,2018,10,16.004,14.688,16.004,2018-11-04,Persistence,14,2018
2018-10-22,2018,10,15.892,14.596,15.892,2018-11-05,Persistence,14,2018
2018-10-23,2018,10,15.73,14.514,15.73,2018-11-06,Persistence,14,2018
2018-10-24,2018,10,15.526,14.494,15.526,2018-11-07,Persistence,14,2018
2018-10-25,2018,10,15.402,14.54,15.402,2018-11-08,Persistence,14,2018
2018-10-26,2018,10,15.408,14.51,15.408,2018-11-09,Persistence,14,2018
2018-10-27,2018,10,15.406,14.472,15.406,2018-11-10,Persistence,14,2018
2018-10-28,2018,10,15.262,14.44,15.262,2018-11-11,Persistence,14,2018
2018-10-29,2018,10,15.134,14.47,15.134,2018-11-12,Persistence,14,2018
2018-10-30,2018,10,15.036,14.5,15.036,2018-11-13,Persistence,14,2018
2018-10-31,2018,10,14.956,14.498,14.956,2018-11-14,Persistence,14,2018
2018-11-01,2018,11,14.87,14.406,14.87,2018-11-15,Persistence,14,2018
2018-11-02,2018,11,14.81,14.3,14.81,2018-11-16,Persistence,14,2018
2018-11-03,2018,11,14.724,14.238,14.724,2018-11-17,Persistence,14,2018
2018-11-04,2018,11,14.688,14.186,14.688,2018-11-18,Persistence,14,2018
2018-11-05,2018,11,14.596,14.132,14.596,2018-11-19,Persistence,14,2018
2018-11-06,2018,11,14.514,14.078,14.514,2018-11-20,Persistence,14,2018
2018-11-07,2018,11,14.494,14.056,14.494,2018-11-21,Persistence,14,2018
2018-11-08,2018,11,14.54,14.05,14.54,2018-11-22,Persistence,14,2018
2018-11-09,2018,11,14.51,14.072,14.51,2018-11-23,Persistence,14,2018
2018-11-10,2018,11,14.472,14.15,14.472,2018-11-24,Persistence,14,2018
2018-11-11,2018,11,14.44,14.196,14.44,2018-11-25,Persistence,14,2018
2018-11-12,2018,11,14.47,14.154,14.47,2018-11-26,Persistence,14,2018
2018-11-13,2018,11,14.5,14.044,14.5,2018-11-27,Persistence,14,2018
2018-11-14,2018,11,14.498,13.95,14.498,2018-11-28,Persistence,14,2018
2018-11-15,2018,11,14.406,13.88,14.406,2018-11-29,Persistence,14,2018
2018-11-16,2018,11,14.3,13.84,14.3,2018-11-30,Persistence,14,2018
2018-11-17,2018,11,14.238,13.836,14.238,2018-12-01,Persistence,14,2018
2018-11-18,2018,11,14.186,13.798,14.186,2018-12-02,Persistence,14,2018
2018-11-19,2018,11,14.132,13.746,14.132,2018-12-03,Persistence,14,2018
2018-11-20,2018,11,14.078,13.73,14.078,2018-12-04,Persistence,14,2018
2018-11-21,2018,11,14.056,13.676,14.056,2018-12-05,Persistence,14,2018
2018-11-22,2018,11,14.05,13.63,14.05,2018-12-06,Persistence,14,2018
2018-11-23,2018,11,14.072,13.58,14.072,2018-12-07,Persistence,14,2018
2018-11-24,2018,11,14.15,13.57,14.15,2018-12-08,Persistence,14,2018
2018-11-25,2018,11,14.196,13.522,14.196,2018-12-09,Persistence,14,2018
2018-11-26,2018,11,14.154,13.474,14.154,2018-12-10,Persistence,14,2018
2018-11-27,2018,11,14.044,13.456,14.044,2018-12-11,Persistence,14,2018
2018-11-28,2018,11,13.95,13.418,13.95,2018-12-12,Persistence,14,2018
2018-11-29,2018,11,13.88,13.372,13.88,2018-12-13,Persistence,14,2018
2018-11-30,2018,11,13.84,13.34,13.84,2018-12-14,Persistence,14,2018
2018-12-01,2018,12,13.836,13.312,13.836,2018-12-15,Persistence,14,2018
2018-12-02,2018,12,13.798,13.268,13.798,2018-12-16,Persistence,14,2018
2018-12-03,2018,12,13.746,13.246,13.746,2018-12-17,Persistence,14,2018
2018-12-04,2018,12,13.73,13.21,13.73,2018-12-18,Persistence,14,2018
2018-12-05,2018,12,13.676,13.202,13.676,2018-12-19,Persistence,14,2018
2018-12-06,2018,12,13.63,13.16,13.63,2018-12-20,Persistence,14,2018
2018-12-07,2018,12,13.58,13.15,13.58,2018-12-21,Persistence,14,2018
2018-12-08,2018,12,13.57,13.15,13.57,2018-12-22,Persistence,14,2018
2018-12-09,2018,12,13.522,13.14,13.522,2018-12-23,Persistence,14,2018
2018-12-10,2018,12,13.474,13.14,13.474,2018-12-24,Persistence,14,2018
2018-12-11,2018,12,13.456,13.116,13.456,2018-12-25,Persistence,14,2018
2018-12-12,2018,12,13.418,13.11,13.418,2018-12-26,Persistence,14,2018
2018-12-13,2018,12,13.372,13.11,13.372,2018-12-27,Persistence,14,2018
2018-12-14,2018,12,13.34,13.11,13.34,2018-12-28,Persistence,14,2018
2018-12-15,2018,12,13.312,13.1,13.312,2018-12-29,Persistence,14,2018
2018-12-16,2018,12,13.268,13.08,13.268,2018-12-30,Persistence,14,2018
2018-12-17,2018,12,13.246,13.02,13.246,2018-12-31,Persistence,14,2018
2018-12-18,2018,12,13.21,12.982,13.21,2019-01-01,Persistence,14,2018
2018-12-19,2018,12,13.202,12.934,13.202,2019-01-02,Persistence,14,2018
2018-12-20,2018,12,13.16,12.92,13.16,2019-01-03,Persistence,14,2018
2018-12-21,2018,12,13.15,12.902,13.15,2019-01-04,Persistence,14,2018
2018-12-22,2018,12,13.15,12.88,13.15,2019-01-05,Persistence,14,2018
2018-12-23,2018,12,13.14,12.844,13.14,2019-01-06,Persistence,14,2018
2018-12-24,2018,12,13.14,12.814,13.14,2019-01-07,Persistence,14,2018
2018-12-25,2018,12,13.116,12.786,13.116,2019-01-08,Persistence,14,2018
2018-12-26,2018,12,13.11,12.764,13.11,2019-01-09,Persistence,14,2018
2018-12-27,2018,12,13.11,12.736,13.11,2019-01-10,Persistence,14,2018
2018-12-28,2018,12,13.11,12.72,13.11,2019-01-11,Persistence,14,2018
2018-12-29,2018,12,13.1,12.704,13.1,2019-01-12,Persistence,14,2018
2018-12-30,2018,12,13.08,12.676,13.08,2019-01-13,Persistence,14,2018
2018-12-31,2018,12,13.02,12.654,13.02,2019-01-14,Persistence,14,2018
2019-01-01,2019,1,12.982,12.636,12.982,2019-01-15,Persistence,14,2019
2019-01-02,2019,1,12.934,12.604,12.934,2019-01-16,Persistence,14,2019
2019-01-03,2019,1,12.92,12.594,12.92,2019-01-17,Persistence,14,2019
2019-01-04,2019,1,12.902,12.574,12.902,2019-01-18,Persistence,14,2019
2019-01-05,2019,1,12.88,12.57,12.88,2019-01-19,Persistence,14,2019
2019-01-06,2019,1,12.844,12.542,12.844,2019-01-20,Persistence,14,2019
2019-01-07,2019,1,12.814,12.504,12.814,2019-01-21,Persistence,14,2019
2019-01-08,2019,1,12.786,12.486,12.786,2019-01-22,Persistence,14,2019
2019-01-09,2019,1,12.764,12.456,12.764,2019-01-23,Persistence,14,2019
2019-01-10,2019,1,12.736,12.436,12.736,2019-01-24,Persistence,14,2019
2019-01-11,2019,1,12.72,12.408,12.72,2019-01-25,Persistence,14,2019
2019-01-12,2019,1,12.704,12.364,12.704,2019-01-26,Persistence,14,2019
2019-01-13,2019,1,12.676,12.352,12.676,2019-01-27,Persistence,14,2019
2019-01-14,2019,1,12.654,12.35,12.654,2019-01-28,Persistence,14,2019
2019-01-15,2019,1,12.636,12.344,12.636,2019-01-29,Persistence,14,2019
2019-01-16,2019,1,12.604,12.326,12.604,2019-01-30,Persistence,14,2019
2019-01-17,2019,1,12.594,12.32,12.594,2019-01-31,Persistence,14,2019
2019-01-18,2019,1,12.574,12.304,12.574,2019-02-01,Persistence,14,2019
2019-01-19,2019,1,12.57,12.276,12.57,2019-02-02,Persistence,14,2019
2019-01-20,2019,1,12.542,12.264,12.542,2019-02-03,Persistence,14,2019
2019-01-21,2019,1,12.504,12.26,12.504,2019-02-04,Persistence,14,2019
2019-01-22,2019,1,12.486,12.246,12.486,2019-02-05,Persistence,14,2019
2019-01-23,2019,1,12.456,12.234,12.456,2019-02-06,Persistence,14,2019
2019-01-24,2019,1,12.436,12.228,12.436,2019-02-07,Persistence,14,2019
2019-01-25,2019,1,12.408,12.21,12.408,2019-02-08,Persistence,14,2019
2019-01-26,2019,1,12.364,12.208,12.364,2019-02-09,Persistence,14,2019
2019-01-27,2019,1,12.352,12.186,12.352,2019-02-10,Persistence,14,2019
2019-01-28,2019,1,12.35,12.174,12.35,2019-02-11,Persistence,14,2019
2019-01-29,2019,1,12.344,12.166,12.344,2019-02-12,Persistence,14,2019
2019-01-30,2019,1,12.326,12.15,12.326,2019-02-13,Persistence,14,2019
2019-01-31,2019,1,12.32,12.146,12.32,2019-02-14,Persistence,14,2019
2019-02-01,2019,2,12.304,12.142,12.304,2019-02-15,Persistence,14,2019
2019-02-02,2019,2,12.276,12.13,12.276,2019-02-16,Persistence,14,2019
2019-02-03,2019,2,12.264,12.12,12.264,2019-02-17,Persistence,14,2019
2019-02-04,2019,2,12.26,12.12,12.26,2019-02-18,Persistence,14,2019
2019-02-05,2019,2,12.246,12.12,12.246,2019-02-19,Persistence,14,2019
2019-02-06,2019,2,12.234,12.156,12.234,2019-02-20,Persistence,14,2019
2019-02-07,2019,2,12.228,12.17,12.228,2019-02-21,Persistence,14,2019
2019-02-08,2019,2,12.21,12.156,12.21,2019-02-22,Persistence,14,2019
2019-02-09,2019,2,12.208,12.14,12.208,2019-02-23,Persistence,14,2019
2019-02-10,2019,2,12.186,12.144,12.186,2019-02-24,Persistence,14,2019
2019-02-11,2019,2,12.174,12.144,12.174,2019-02-25,Persistence,14,2019
2019-02-12,2019,2,12.166,12.162,12.166,2019-02-26,Persistence,14,2019
2019-02-13,2019,2,12.15,12.212,12.15,2019-02-27,Persistence,14,2019
2019-02-14,2019,2,12.146,12.286,12.146,2019-02-28,Persistence,14,2019
2019-02-15,2019,2,12.142,12.31,12.142,2019-03-01,Persistence,14,2019
2019-02-16,2019,2,12.13,12.28,12.13,2019-03-02,Persistence,14,2019
2019-02-17,2019,2,12.12,12.26,12.12,2019-03-03,Persistence,14,2019
2019-02-18,2019,2,12.12,12.26,12.12,2019-03-04,Persistence,14,2019
2019-02-19,2019,2,12.12,12.27,12.12,2019-03-05,Persistence,14,2019
2019-02-20,2019,2,12.156,12.38,12.156,2019-03-06,Persistence,14,2019
2019-02-21,2019,2,12.17,12.5,12.17,2019-03-07,Persistence,14,2019
2019-02-22,2019,2,12.156,12.6,12.156,2019-03-08,Persistence,14,2019
2019-02-23,2019,2,12.14,12.66,12.14,2019-03-09,Persistence,14,2019
2019-02-24,2019,2,12.144,12.69,12.144,2019-03-10,Persistence,14,2019
2019-02-25,2019,2,12.144,12.65,12.144,2019-03-11,Persistence,14,2019
2019-02-26,2019,2,12.162,12.6,12.162,2019-03-12,Persistence,14,2019
2019-02-27,2019,2,12.212,12.57,12.212,2019-03-13,Persistence,14,2019
2019-02-28,2019,2,12.286,12.56,12.286,2019-03-14,Persistence,14,2019
2019-03-01,2019,3,12.31,12.56,12.31,2019-03-15,Persistence,14,2019
2019-03-02,2019,3,12.28,12.55,12.28,2019-03-16,Persistence,14,2019
2019-03-03,2019,3,12.26,12.53,12.26,2019-03-17,Persistence,14,2019
2019-03-04,2019,3,12.26,12.51,12.26,2019-03-18,Persistence,14,2019
2019-03-05,2019,3,12.27,12.47,12.27,2019-03-19,Persistence,14,2019
2019-03-06,2019,3,12.38,12.44,12.38,2019-03-20,Persistence,14,2019
2019-03-07,2019,3,12.5,12.42,12.5,2019-03-21,Persistence,14,2019
2019-03-08,2019,3,12.6,12.42,12.6,2019-03-22,Persistence,14,2019
2019-03-09,2019,3,12.66,12.414,12.66,2019-03-23,Persistence,14,2019
2019-03-10,2019,3,12.69,12.502,12.69,2019-03-24,Persistence,14,2019
2019-03-11,2019,3,12.65,12.648,12.65,2019-03-25,Persistence,14,2019
2019-03-12,2019,3,12.6,12.748,12.6,2019-03-26,Persistence,14,2019
2019-03-13,2019,3,12.57,12.808,12.57,2019-03-27,Persistence,14,2019
2019-03-14,2019,3,12.56,12.81,12.56,2019-03-28,Persistence,14,2019
2019-03-15,2019,3,12.56,12.814,12.56,2019-03-29,Persistence,14,2019
2019-03-16,2019,3,12.55,12.842,12.55,2019-03-30,Persistence,14,2019
2019-03-17,2019,3,12.53,12.796,12.53,2019-03-31,Persistence,14,2019
2019-03-18,2019,3,12.51,12.79,12.51,2019-04-01,Persistence,14,2019
2019-03-19,2019,3,12.47,12.836,12.47,2019-04-02,Persistence,14,2019
2019-03-20,2019,3,12.44,12.878,12.44,2019-04-03,Persistence,14,2019
2019-03-21,2019,3,12.42,12.946,12.42,2019-04-04,Persistence,14,2019
2019-03-22,2019,3,12.42,12.988,12.42,2019-04-05,Persistence,14,2019
2019-03-23,2019,3,12.414,12.99,12.414,2019-04-06,Persistence,14,2019
2019-03-24,2019,3,12.502,13.034,12.502,2019-04-07,Persistence,14,2019
2019-03-25,2019,3,12.648,13.046,12.648,2019-04-08,Persistence,14,2019
2019-03-26,2019,3,12.748,13.158,12.748,2019-04-09,Persistence,14,2019
2019-03-27,2019,3,12.808,13.33,12.808,2019-04-10,Persistence,14,2019
2019-03-28,2019,3,12.81,13.458,12.81,2019-04-11,Persistence,14,2019
2019-03-29,2019,3,12.814,13.464,12.814,2019-04-12,Persistence,14,2019
2019-03-30,2019,3,12.842,13.394,12.842,2019-04-13,Persistence,14,2019
2019-03-31,2019,3,12.796,13.32,12.796,2019-04-14,Persistence,14,2019
2019-04-01,2019,4,12.79,13.294,12.79,2019-04-15,Persistence,14,2019
2019-04-02,2019,4,12.836,13.292,12.836,2019-04-16,Persistence,14,2019
2019-04-03,2019,4,12.878,13.348,12.878,2019-04-17,Persistence,14,2019
2019-04-04,2019,4,12.946,13.352,12.946,2019-04-18,Persistence,14,2019
2019-04-05,2019,4,12.988,13.362,12.988,2019-04-19,Persistence,14,2019
2019-04-06,2019,4,12.99,13.4,12.99,2019-04-20,Persistence,14,2019
2019-04-07,2019,4,13.034,13.462,13.034,2019-04-21,Persistence,14,2019
2019-04-08,2019,4,13.046,13.514,13.046,2019-04-22,Persistence,14,2019
2019-04-09,2019,4,13.158,13.54,13.158,2019-04-23,Persistence,14,2019
2019-04-10,2019,4,13.33,13.562,13.33,2019-04-24,Persistence,14,2019
2019-04-11,2019,4,13.458,13.628,13.458,2019-04-25,Persistence,14,2019
2019-04-12,2019,4,13.464,13.786,13.464,2019-04-26,Persistence,14,2019
2019-04-13,2019,4,13.394,13.992,13.394,2019-04-27,Persistence,14,2019
2019-04-14,2019,4,13.32,13.92,13.32,2019-04-28,Persistence,14,2019
2019-04-15,2019,4,13.294,13.904,13.294,2019-04-29,Persistence,14,2019
2019-04-16,2019,4,13.292,13.862,13.292,2019-04-30,Persistence,14,2019
2019-04-17,2019,4,13.348,13.824,13.348,2019-05-01,Persistence,14,2019
2019-04-18,2019,4,13.352,13.908,13.352,2019-05-02,Persistence,14,2019
2019-04-19,2019,4,13.362,14.162,13.362,2019-05-03,Persistence,14,2019
2019-04-20,2019,4,13.4,14.46,13.4,2019-05-04,Persistence,14,2019
2019-04-21,2019,4,13.462,14.72,13.462,2019-05-05,Persistence,14,2019
2019-04-22,2019,4,13.514,15.0,13.514,2019-05-06,Persistence,14,2019
2019-04-23,2019,4,13.54,15.5,13.54,2019-05-07,Persistence,14,2019
2019-04-24,2019,4,13.562,15.932,13.562,2019-05-08,Persistence,14,2019
2019-04-25,2019,4,13.628,16.124,13.628,2019-05-09,Persistence,14,2019
2019-04-26,2019,4,13.786,16.268,13.786,2019-05-10,Persistence,14,2019
2019-04-27,2019,4,13.992,16.364,13.992,2019-05-11,Persistence,14,2019
2019-04-28,2019,4,13.92,16.478,13.92,2019-05-12,Persistence,14,2019
2019-04-29,2019,4,13.904,16.496,13.904,2019-05-13,Persistence,14,2019
2019-04-30,2019,4,13.862,16.356,13.862,2019-05-14,Persistence,14,2019
2019-05-01,2019,5,13.824,16.252,13.824,2019-05-15,Persistence,14,2019
2019-05-02,2019,5,13.908,16.37,13.908,2019-05-16,Persistence,14,2019
2019-05-03,2019,5,14.162,16.72,14.162,2019-05-17,Persistence,14,2019
2019-05-04,2019,5,14.46,17.118,14.46,2019-05-18,Persistence,14,2019
2019-05-05,2019,5,14.72,17.306,14.72,2019-05-19,Persistence,14,2019
2019-05-06,2019,5,15.0,17.172,15.0,2019-05-20,Persistence,14,2019
2019-05-07,2019,5,15.5,16.902,15.5,2019-05-21,Persistence,14,2019
2019-05-08,2019,5,15.932,16.704,15.932,2019-05-22,Persistence,14,2019
2019-05-09,2019,5,16.124,16.56,16.124,2019-05-23,Persistence,14,2019
2019-05-10,2019,5,16.268,16.438,16.268,2019-05-24,Persistence,14,2019
2019-05-11,2019,5,16.364,16.476,16.364,2019-05-25,Persistence,14,2019
2019-05-12,2019,5,16.478,16.62,16.478,2019-05-26,Persistence,14,2019
2019-05-13,2019,5,16.496,16.742,16.496,2019-05-27,Persistence,14,2019
2019-05-14,2019,5,16.356,16.706,16.356,2019-05-28,Persistence,14,2019
2019-05-15,2019,5,16.252,16.64,16.252,2019-05-29,Persistence,14,2019
2019-05-16,2019,5,16.37,16.544,16.37,2019-05-30,Persistence,14,2019
2019-05-17,2019,5,16.72,16.56,16.72,2019-05-31,Persistence,14,2019
2019-05-18,2019,5,17.118,16.58,17.118,2019-06-01,Persistence,14,2019
2019-05-19,2019,5,17.306,16.576,17.306,2019-06-02,Persistence,14,2019
2019-05-20,2019,5,17.172,16.548,17.172,2019-06-03,Persistence,14,2019
2019-05-21,2019,5,16.902,16.422,16.902,2019-06-04,Persistence,14,2019
2019-05-22,2019,5,16.704,16.222,16.704,2019-06-05,Persistence,14,2019
2019-05-23,2019,5,16.56,16.152,16.56,2019-06-06,Persistence,14,2019
2019-05-24,2019,5,16.438,16.03,16.438,2019-06-07,Persistence,14,2019
2019-05-25,2019,5,16.476,15.9,16.476,2019-06-08,Persistence,14,2019
2019-05-26,2019,5,16.62,15.832,16.62,2019-06-09,Persistence,14,2019
2019-05-27,2019,5,16.742,15.784,16.742,2019-06-10,Persistence,14,2019
2019-05-28,2019,5,16.706,15.89,16.706,2019-06-11,Persistence,14,2019
2019-05-29,2019,5,16.64,15.942,16.64,2019-06-12,Persistence,14,2019
2019-05-30,2019,5,16.544,15.982,16.544,2019-06-13,Persistence,14,2019
2019-05-31,2019,5,16.56,16.136,16.56,2019-06-14,Persistence,14,2019
2019-06-01,2019,6,16.58,16.408,16.58,2019-06-15,Persistence,14,2019
2019-06-02,2019,6,16.576,16.744,16.576,2019-06-16,Persistence,14,2019
2019-06-03,2019,6,16.548,16.956,16.548,2019-06-17,Persistence,14,2019
2019-06-04,2019,6,16.422,16.99,16.422,2019-06-18,Persistence,14,2019
2019-06-05,2019,6,16.222,17.012,16.222,2019-06-19,Persistence,14,2019
2019-06-06,2019,6,16.152,17.15,16.152,2019-06-20,Persistence,14,2019
2019-06-07,2019,6,16.03,17.032,16.03,2019-06-21,Persistence,14,2019
2019-06-08,2019,6,15.9,17.266,15.9,2019-06-22,Persistence,14,2019
2019-06-09,2019,6,15.832,17.604,15.832,2019-06-23,Persistence,14,2019
2019-06-10,2019,6,15.784,17.718,15.784,2019-06-24,Persistence,14,2019
2019-06-11,2019,6,15.89,17.672,15.89,2019-06-25,Persistence,14,2019
2019-06-12,2019,6,15.942,17.522,15.942,2019-06-26,Persistence,14,2019
2019-06-13,2019,6,15.982,17.914,15.982,2019-06-27,Persistence,14,2019
2019-06-14,2019,6,16.136,18.242,16.136,2019-06-28,Persistence,14,2019
2019-06-15,2019,6,16.408,18.308,16.408,2019-06-29,Persistence,14,2019
2019-06-16,2019,6,16.744,18.404,16.744,2019-06-30,Persistence,14,2019
2019-06-17,2019,6,16.956,18.428,16.956,2019-07-01,Persistence,14,2019
2019-06-18,2019,6,16.99,18.54,16.99,2019-07-02,Persistence,14,2019
2019-06-19,2019,6,17.012,18.66,17.012,2019-07-03,Persistence,14,2019
2019-06-20,2019,6,17.15,18.656,17.15,2019-07-04,Persistence,14,2019
2019-06-21,2019,6,17.032,18.486,17.032,2019-07-05,Persistence,14,2019
2019-06-22,2019,6,17.266,18.284,17.266,2019-07-06,Persistence,14,2019
2019-06-23,2019,6,17.604,18.162,17.604,2019-07-07,Persistence,14,2019
2019-06-24,2019,6,17.718,18.224,17.718,2019-07-08,Persistence,14,2019
2019-06-25,2019,6,17.672,18.354,17.672,2019-07-09,Persistence,14,2019
2019-06-26,2019,6,17.522,18.658,17.522,2019-07-10,Persistence,14,2019
2019-06-27,2019,6,17.914,18.998,17.914,2019-07-11,Persistence,14,2019
2019-06-28,2019,6,18.242,19.434,18.242,2019-07-12,Persistence,14,2019
2019-06-29,2019,6,18.308,19.956,18.308,2019-07-13,Persistence,14,2019
2019-06-30,2019,6,18.404,20.352,18.404,2019-07-14,Persistence,14,2019
2019-07-01,2019,7,18.428,20.718,18.428,2019-07-15,Persistence,14,2019
2019-07-02,2019,7,18.54,20.918,18.54,2019-07-16,Persistence,14,2019
2019-07-03,2019,7,18.66,21.108,18.66,2019-07-17,Persistence,14,2019
2019-07-04,2019,7,18.656,21.156,18.656,2019-07-18,Persistence,14,2019
2019-07-05,2019,7,18.486,21.07,18.486,2019-07-19,Persistence,14,2019
2019-07-06,2019,7,18.284,20.834,18.284,2019-07-20,Persistence,14,2019
2019-07-07,2019,7,18.162,20.548,18.162,2019-07-21,Persistence,14,2019
2019-07-08,2019,7,18.224,20.16,18.224,2019-07-22,Persistence,14,2019
2019-07-09,2019,7,18.354,19.898,18.354,2019-07-23,Persistence,14,2019
2019-07-10,2019,7,18.658,19.872,18.658,2019-07-24,Persistence,14,2019
2019-07-11,2019,7,18.998,19.988,18.998,2019-07-25,Persistence,14,2019
2019-07-12,2019,7,19.434,20.028,19.434,2019-07-26,Persistence,14,2019
2019-07-13,2019,7,19.956,19.842,19.956,2019-07-27,Persistence,14,2019
2019-07-14,2019,7,20.352,19.682,20.352,2019-07-28,Persistence,14,2019
2019-07-15,2019,7,20.718,19.574,20.718,2019-07-29,Persistence,14,2019
2019-07-16,2019,7,20.918,19.458,20.918,2019-07-30,Persistence,14,2019
2019-07-17,2019,7,21.108,19.27,21.108,2019-07-31,Persistence,14,2019
2019-07-18,2019,7,21.156,19.074,21.156,2019-08-01,Persistence,14,2019
2019-07-19,2019,7,21.07,18.96,21.07,2019-08-02,Persistence,14,2019
2019-07-20,2019,7,20.834,18.936,20.834,2019-08-03,Persistence,14,2019
2019-07-21,2019,7,20.548,18.932,20.548,2019-08-04,Persistence,14,2019
2019-07-22,2019,7,20.16,18.924,20.16,2019-08-05,Persistence,14,2019
2019-07-23,2019,7,19.898,18.916,19.898,2019-08-06,Persistence,14,2019
2019-07-24,2019,7,19.872,18.872,19.872,2019-08-07,Persistence,14,2019
2019-07-25,2019,7,19.988,18.832,19.988,2019-08-08,Persistence,14,2019
2019-07-26,2019,7,20.028,18.76,20.028,2019-08-09,Persistence,14,2019
2019-07-27,2019,7,19.842,18.718,19.842,2019-08-10,Persistence,14,2019
2019-07-28,2019,7,19.682,18.65,19.682,2019-08-11,Persistence,14,2019
2019-07-29,2019,7,19.574,18.512,19.574,2019-08-12,Persistence,14,2019
2019-07-30,2019,7,19.458,18.456,19.458,2019-08-13,Persistence,14,2019
2019-07-31,2019,7,19.27,18.366,19.27,2019-08-14,Persistence,14,2019
2019-08-01,2019,8,19.074,18.306,19.074,2019-08-15,Persistence,14,2019
2019-08-02,2019,8,18.96,18.292,18.96,2019-08-16,Persistence,14,2019
2019-08-03,2019,8,18.936,18.188,18.936,2019-08-17,Persistence,14,2019
2019-08-04,2019,8,18.932,18.132,18.932,2019-08-18,Persistence,14,2019
2019-08-05,2019,8,18.924,18.138,18.924,2019-08-19,Persistence,14,2019
2019-08-06,2019,8,18.916,18.108,18.916,2019-08-20,Persistence,14,2019
2019-08-07,2019,8,18.872,18.036,18.872,2019-08-21,Persistence,14,2019
2019-08-08,2019,8,18.832,17.972,18.832,2019-08-22,Persistence,14,2019
2019-08-09,2019,8,18.76,17.832,18.76,2019-08-23,Persistence,14,2019
2019-08-10,2019,8,18.718,17.728,18.718,2019-08-24,Persistence,14,2019
2019-08-11,2019,8,18.65,17.62,18.65,2019-08-25,Persistence,14,2019
2019-08-12,2019,8,18.512,17.682,18.512,2019-08-26,Persistence,14,2019
2019-08-13,2019,8,18.456,17.58,18.456,2019-08-27,Persistence,14,2019
2019-08-14,2019,8,18.366,17.418,18.366,2019-08-28,Persistence,14,2019
2019-08-15,2019,8,18.306,17.314,18.306,2019-08-29,Persistence,14,2019
2019-08-16,2019,8,18.292,17.15,18.292,2019-08-30,Persistence,14,2019
2019-08-17,2019,8,18.188,16.992,18.188,2019-08-31,Persistence,14,2019
2019-08-18,2019,8,18.132,16.926,18.132,2019-09-01,Persistence,14,2019
2019-08-19,2019,8,18.138,16.916,18.138,2019-09-02,Persistence,14,2019
2019-08-20,2019,8,18.108,16.888,18.108,2019-09-03,Persistence,14,2019
2019-08-21,2019,8,18.036,16.816,18.036,2019-09-04,Persistence,14,2019
2019-08-22,2019,8,17.972,16.794,17.972,2019-09-05,Persistence,14,2019
2019-08-23,2019,8,17.832,16.848,17.832,2019-09-06,Persistence,14,2019
2019-08-24,2019,8,17.728,16.85,17.728,2019-09-07,Persistence,14,2019
2019-08-25,2019,8,17.62,16.852,17.62,2019-09-08,Persistence,14,2019
2019-08-26,2019,8,17.682,16.93,17.682,2019-09-09,Persistence,14,2019
2019-08-27,2019,8,17.58,16.982,17.58,2019-09-10,Persistence,14,2019
2019-08-28,2019,8,17.418,17.002,17.418,2019-09-11,Persistence,14,2019
2019-08-29,2019,8,17.314,17.028,17.314,2019-09-12,Persistence,14,2019
2019-08-30,2019,8,17.15,17.14,17.15,2019-09-13,Persistence,14,2019
2019-08-31,2019,8,16.992,17.408,16.992,2019-09-14,Persistence,14,2019
2019-09-01,2019,9,16.926,17.814,16.926,2019-09-15,Persistence,14,2019
2019-09-02,2019,9,16.916,18.138,16.916,2019-09-16,Persistence,14,2019
2019-09-03,2019,9,16.888,18.27,16.888,2019-09-17,Persistence,14,2019
2019-09-04,2019,9,16.816,18.372,16.816,2019-09-18,Persistence,14,2019
2019-09-05,2019,9,16.794,18.598,16.794,2019-09-19,Persistence,14,2019
2019-09-06,2019,9,16.848,18.67,16.848,2019-09-20,Persistence,14,2019
2019-09-07,2019,9,16.85,18.716,16.85,2019-09-21,Persistence,14,2019
2019-09-08,2019,9,16.852,18.778,16.852,2019-09-22,Persistence,14,2019
2019-09-09,2019,9,16.93,18.808,16.93,2019-09-23,Persistence,14,2019
2019-09-10,2019,9,16.982,18.73,16.982,2019-09-24,Persistence,14,2019
2019-09-11,2019,9,17.002,18.614,17.002,2019-09-25,Persistence,14,2019
2019-09-12,2019,9,17.028,18.608,17.028,2019-09-26,Persistence,14,2019
2019-09-13,2019,9,17.14,18.7,17.14,2019-09-27,Persistence,14,2019
2019-09-14,2019,9,17.408,18.646,17.408,2019-09-28,Persistence,14,2019
2019-09-15,2019,9,17.814,18.524,17.814,2019-09-29,Persistence,14,2019
2019-09-16,2019,9,18.138,18.51,18.138,2019-09-30,Persistence,14,2019
2019-09-17,2019,9,18.27,18.632,18.27,2019-10-01,Persistence,14,2019
2019-09-18,2019,9,18.372,18.482,18.372,2019-10-02,Persistence,14,2019
2019-09-19,2019,9,18.598,18.24,18.598,2019-10-03,Persistence,14,2019
2019-09-20,2019,9,18.67,18.024,18.67,2019-10-04,Persistence,14,2019
2019-09-21,2019,9,18.716,17.814,18.716,2019-10-05,Persistence,14,2019
2019-09-22,2019,9,18.778,17.632,18.778,2019-10-06,Persistence,14,2019
2019-09-23,2019,9,18.808,17.446,18.808,2019-10-07,Persistence,14,2019
2019-09-24,2019,9,18.73,17.32,18.73,2019-10-08,Persistence,14,2019
2019-09-25,2019,9,18.614,17.244,18.614,2019-10-09,Persistence,14,2019
2019-09-26,2019,9,18.608,17.192,18.608,2019-10-10,Persistence,14,2019
2019-09-27,2019,9,18.7,17.094,18.7,2019-10-11,Persistence,14,2019
2019-09-28,2019,9,18.646,16.95,18.646,2019-10-12,Persistence,14,2019
2019-09-29,2019,9,18.524,16.83,18.524,2019-10-13,Persistence,14,2019
2019-09-30,2019,9,18.51,16.81,18.51,2019-10-14,Persistence,14,2019
2019-10-01,2019,10,18.632,16.852,18.632,2019-10-15,Persistence,14,2019
2019-10-02,2019,10,18.482,16.874,18.482,2019-10-16,Persistence,14,2019
2019-10-03,2019,10,18.24,16.826,18.24,2019-10-17,Persistence,14,2019
2019-10-04,2019,10,18.024,16.66,18.024,2019-10-18,Persistence,14,2019
2019-10-05,2019,10,17.814,16.422,17.814,2019-10-19,Persistence,14,2019
2019-10-06,2019,10,17.632,16.202,17.632,2019-10-20,Persistence,14,2019
2019-10-07,2019,10,17.446,16.042,17.446,2019-10-21,Persistence,14,2019
2019-10-08,2019,10,17.32,15.882,17.32,2019-10-22,Persistence,14,2019
2019-10-09,2019,10,17.244,15.73,17.244,2019-10-23,Persistence,14,2019
2019-10-10,2019,10,17.192,15.62,17.192,2019-10-24,Persistence,14,2019
2019-10-11,2019,10,17.094,15.532,17.094,2019-10-25,Persistence,14,2019
2019-10-12,2019,10,16.95,15.518,16.95,2019-10-26,Persistence,14,2019
2019-10-13,2019,10,16.83,15.466,16.83,2019-10-27,Persistence,14,2019
2019-10-14,2019,10,16.81,15.538,16.81,2019-10-28,Persistence,14,2019
2019-10-15,2019,10,16.852,15.614,16.852,2019-10-29,Persistence,14,2019
2019-10-16,2019,10,16.874,15.676,16.874,2019-10-30,Persistence,14,2019
2019-10-17,2019,10,16.826,15.646,16.826,2019-10-31,Persistence,14,2019
2019-10-18,2019,10,16.66,15.642,16.66,2019-11-01,Persistence,14,2019
2019-10-19,2019,10,16.422,15.702,16.422,2019-11-02,Persistence,14,2019
2019-10-20,2019,10,16.202,15.664,16.202,2019-11-03,Persistence,14,2019
2019-10-21,2019,10,16.042,15.57,16.042,2019-11-04,Persistence,14,2019
2019-10-22,2019,10,15.882,15.4,15.882,2019-11-05,Persistence,14,2019
2019-10-23,2019,10,15.73,15.264,15.73,2019-11-06,Persistence,14,2019
2019-10-24,2019,10,15.62,15.17,15.62,2019-11-07,Persistence,14,2019
2019-10-25,2019,10,15.532,15.072,15.532,2019-11-08,Persistence,14,2019
2019-10-26,2019,10,15.518,14.98,15.518,2019-11-09,Persistence,14,2019
2019-10-27,2019,10,15.466,14.892,15.466,2019-11-10,Persistence,14,2019
2019-10-28,2019,10,15.538,14.83,15.538,2019-11-11,Persistence,14,2019
2019-10-29,2019,10,15.614,14.728,15.614,2019-11-12,Persistence,14,2019
2019-10-30,2019,10,15.676,14.64,15.676,2019-11-13,Persistence,14,2019
2019-10-31,2019,10,15.646,14.58,15.646,2019-11-14,Persistence,14,2019
2019-11-01,2019,11,15.642,14.522,15.642,2019-11-15,Persistence,14,2019
2019-11-02,2019,11,15.702,14.476,15.702,2019-11-16,Persistence,14,2019
2019-11-03,2019,11,15.664,14.422,15.664,2019-11-17,Persistence,14,2019
2019-11-04,2019,11,15.57,14.382,15.57,2019-11-18,Persistence,14,2019
2019-11-05,2019,11,15.4,14.352,15.4,2019-11-19,Persistence,14,2019
2019-11-06,2019,11,15.264,14.288,15.264,2019-11-20,Persistence,14,2019
2019-11-07,2019,11,15.17,14.256,15.17,2019-11-21,Persistence,14,2019
2019-11-08,2019,11,15.072,14.222,15.072,2019-11-22,Persistence,14,2019
2019-11-09,2019,11,14.98,14.19,14.98,2019-11-23,Persistence,14,2019
2019-11-10,2019,11,14.892,14.18,14.892,2019-11-24,Persistence,14,2019
2019-11-11,2019,11,14.83,14.18,14.83,2019-11-25,Persistence,14,2019
2019-11-12,2019,11,14.728,14.17,14.728,2019-11-26,Persistence,14,2019
2019-11-13,2019,11,14.64,14.16,14.64,2019-11-27,Persistence,14,2019
2019-11-14,2019,11,14.58,14.106,14.58,2019-11-28,Persistence,14,2019
2019-11-15,2019,11,14.522,14.04,14.522,2019-11-29,Persistence,14,2019
2019-11-16,2019,11,14.476,13.992,14.476,2019-11-30,Persistence,14,2019
2019-11-17,2019,11,14.422,13.938,14.422,2019-12-01,Persistence,14,2019
2019-11-18,2019,11,14.382,13.89,14.382,2019-12-02,Persistence,14,2019
2019-11-19,2019,11,14.352,13.862,14.352,2019-12-03,Persistence,14,2019
2019-11-20,2019,11,14.288,13.824,14.288,2019-12-04,Persistence,14,2019
2019-11-21,2019,11,14.256,13.806,14.256,2019-12-05,Persistence,14,2019
2019-11-22,2019,11,14.222,13.768,14.222,2019-12-06,Persistence,14,2019
2019-11-23,2019,11,14.19,13.746,14.19,2019-12-07,Persistence,14,2019
2019-11-24,2019,11,14.18,13.714,14.18,2019-12-08,Persistence,14,2019
2019-11-25,2019,11,14.18,13.688,14.18,2019-12-09,Persistence,14,2019
2019-11-26,2019,11,14.17,13.652,14.17,2019-12-10,Persistence,14,2019
2019-11-27,2019,11,14.16,13.616,14.16,2019-12-11,Persistence,14,2019
2019-11-28,2019,11,14.106,13.568,14.106,2019-12-12,Persistence,14,2019
2019-11-29,2019,11,14.04,13.546,14.04,2019-12-13,Persistence,14,2019
2019-11-30,2019,11,13.992,13.514,13.992,2019-12-14,Persistence,14,2019
2019-12-01,2019,12,13.938,13.49,13.938,2019-12-15,Persistence,14,2019
2019-12-02,2019,12,13.89,13.446,13.89,2019-12-16,Persistence,14,2019
2019-12-03,2019,12,13.862,13.412,13.862,2019-12-17,Persistence,14,2019
2019-12-04,2019,12,13.824,13.386,13.824,2019-12-18,Persistence,14,2019
2019-12-05,2019,12,13.806,13.352,13.806,2019-12-19,Persistence,14,2019
2019-12-06,2019,12,13.768,13.33,13.768,2019-12-20,Persistence,14,2019
2019-12-07,2019,12,13.746,13.296,13.746,2019-12-21,Persistence,14,2019
2019-12-08,2019,12,13.714,13.274,13.714,2019-12-22,Persistence,14,2019
2019-12-09,2019,12,13.688,13.256,13.688,2019-12-23,Persistence,14,2019
2019-12-10,2019,12,13.652,13.24,13.652,2019-12-24,Persistence,14,2019
2019-12-11,2019,12,13.616,13.226,13.616,2019-12-25,Persistence,14,2019
2019-12-12,2019,12,13.568,13.22,13.568,2019-12-26,Persistence,14,2019
2019-12-13,2019,12,13.546,13.208,13.546,2019-12-27,Persistence,14,2019
2019-12-14,2019,12,13.514,13.158,13.514,2019-12-28,Persistence,14,2019
2019-12-15,2019,12,13.49,13.146,13.49,2019-12-29,Persistence,14,2019
2019-12-16,2019,12,13.446,13.126,13.446,2019-12-30,Persistence,14,2019
2019-12-17,2019,12,13.412,13.104,13.412,2019-12-31,Persistence,14,2019
2019-12-18,2019,12,13.386,13.086,13.386,2020-01-01,Persistence,14,2019
2019-12-19,2019,12,13.352,13.054,13.352,2020-01-02,Persistence,14,2019
2019-12-20,2019,12,13.33,13.04,13.33,2020-01-03,Persistence,14,2019
2019-12-21,2019,12,13.296,13.024,13.296,2020-01-04,Persistence,14,2019
2019-12-22,2019,12,13.274,13.002,13.274,2020-01-05,Persistence,14,2019
2019-12-23,2019,12,13.256,12.966,13.256,2020-01-06,Persistence,14,2019
2019-12-24,2019,12,13.24,12.944,13.24,2020-01-07,Persistence,14,2019
2019-12-25,2019,12,13.226,12.94,13.226,2020-01-08,Persistence,14,2019
2019-12-26,2019,12,13.22,12.94,13.22,2020-01-09,Persistence,14,2019
2019-12-27,2019,12,13.208,12.93,13.208,2020-01-10,Persistence,14,2019
2019-12-28,2019,12,13.158,12.93,13.158,2020-01-11,Persistence,14,2019
2019-12-29,2019,12,13.146,12.914,13.146,2020-01-12,Persistence,14,2019
2019-12-30,2019,12,13.126,12.9,13.126,2020-01-13,Persistence,14,2019
2019-12-31,2019,12,13.104,12.9,13.104,2020-01-14,Persistence,14,2019
