Date,Year,Month,WL,y_true,y_pred,Target_Date,Model,Horizon,Fold_Year
2008-01-08,2008,1,13.76,13.57,13.513166666666667,2008-01-22,Anomaly Persistence,14,2008
2008-01-09,2008,1,13.74,13.56,13.496833333333333,2008-01-23,Anomaly Persistence,14,2008
2008-01-10,2008,1,13.73,13.56,13.496999999999998,2008-01-24,Anomaly Persistence,14,2008
2008-01-11,2008,1,13.72,13.55,13.488416666666666,2008-01-25,Anomaly Persistence,14,2008
2008-01-12,2008,1,13.71,13.55,13.477333333333334,2008-01-26,Anomaly Persistence,14,2008
2008-01-13,2008,1,13.699,13.55,13.467416666666667,2008-01-27,Anomaly Persistence,14,2008
2008-01-14,2008,1,13.67,13.58,13.445333333333334,2008-01-28,Anomaly Persistence,14,2008
2008-01-15,2008,1,13.65,13.62,13.42725,2008-01-29,Anomaly Persistence,14,2008
2008-01-16,2008,1,13.63,13.66,13.4175,2008-01-30,Anomaly Persistence,14,2008
2008-01-17,2008,1,13.62,13.67,13.412833333333333,2008-01-31,Anomaly Persistence,14,2008
2008-01-18,2008,1,13.61,13.66,13.434272727272726,2008-02-01,Anomaly Persistence,14,2008
2008-01-19,2008,1,13.6,13.63,13.422045454545454,2008-02-02,Anomaly Persistence,14,2008
2008-01-20,2008,1,13.59,13.61,13.416757575757575,2008-02-03,Anomaly Persistence,14,2008
2008-01-21,2008,1,13.58,13.61,13.414454545454545,2008-02-04,Anomaly Persistence,14,2008
2008-01-22,2008,1,13.57,13.61,13.415000000000001,2008-02-05,Anomaly Persistence,14,2008
2008-01-23,2008,1,13.56,13.62,13.410136363636363,2008-02-06,Anomaly Persistence,14,2008
2008-01-24,2008,1,13.56,13.63,13.40968181818182,2008-02-07,Anomaly Persistence,14,2008
2008-01-25,2008,1,13.55,13.62,13.401363636363637,2008-02-08,Anomaly Persistence,14,2008
2008-01-26,2008,1,13.55,13.59,13.403424242424242,2008-02-09,Anomaly Persistence,14,2008
2008-01-27,2008,1,13.55,13.57,13.407166666666669,2008-02-10,Anomaly Persistence,14,2008
2008-01-28,2008,1,13.58,13.55,13.437333333333333,2008-02-11,Anomaly Persistence,14,2008
2008-01-29,2008,1,13.62,13.52,13.4755,2008-02-12,Anomaly Persistence,14,2008
2008-01-30,2008,1,13.66,13.5,13.509742424242424,2008-02-13,Anomaly Persistence,14,2008
2008-01-31,2008,1,13.67,13.47,13.516636363636364,2008-02-14,Anomaly Persistence,14,2008
2008-02-01,2008,2,13.66,13.46,13.483818181818181,2008-02-15,Anomaly Persistence,14,2008
2008-02-02,2008,2,13.63,13.45,13.454909090909089,2008-02-16,Anomaly Persistence,14,2008
2008-02-03,2008,2,13.61,13.44,13.434909090909091,2008-02-17,Anomaly Persistence,14,2008
2008-02-04,2008,2,13.61,13.47,13.440545454545454,2008-02-18,Anomaly Persistence,14,2008
2008-02-05,2008,2,13.61,13.51,13.455454545454543,2008-02-19,Anomaly Persistence,14,2008
2008-02-06,2008,2,13.62,13.53,13.48690909090909,2008-02-20,Anomaly Persistence,14,2008
2008-02-07,2008,2,13.63,13.54,13.50709090909091,2008-02-21,Anomaly Persistence,14,2008
2008-02-08,2008,2,13.62,13.53,13.497454545454547,2008-02-22,Anomaly Persistence,14,2008
2008-02-09,2008,2,13.59,13.51,13.468000000000002,2008-02-23,Anomaly Persistence,14,2008
2008-02-10,2008,2,13.57,13.48,13.448181818181817,2008-02-24,Anomaly Persistence,14,2008
2008-02-11,2008,2,13.55,13.45,13.43890909090909,2008-02-25,Anomaly Persistence,14,2008
2008-02-12,2008,2,13.52,13.44,13.431999999999997,2008-02-26,Anomaly Persistence,14,2008
2008-02-13,2008,2,13.5,13.43,13.440545454545456,2008-02-27,Anomaly Persistence,14,2008
2008-02-14,2008,2,13.47,13.43,13.43909090909091,2008-02-28,Anomaly Persistence,14,2008
2008-02-15,2008,2,13.46,13.43,13.445090909090911,2008-02-29,Anomaly Persistence,14,2008
2008-02-16,2008,2,13.45,13.42,13.455818181818184,2008-03-01,Anomaly Persistence,14,2008
2008-02-17,2008,2,13.44,13.41,13.486545454545455,2008-03-02,Anomaly Persistence,14,2008
2008-02-18,2008,2,13.47,13.4,13.53618181818182,2008-03-03,Anomaly Persistence,14,2008
2008-02-19,2008,2,13.51,13.41,13.573818181818181,2008-03-04,Anomaly Persistence,14,2008
2008-02-20,2008,2,13.53,13.4,13.597090909090907,2008-03-05,Anomaly Persistence,14,2008
2008-02-21,2008,2,13.54,13.43,13.61963636363636,2008-03-06,Anomaly Persistence,14,2008
2008-02-22,2008,2,13.53,13.46,13.639636363636361,2008-03-07,Anomaly Persistence,14,2008
2008-02-23,2008,2,13.51,13.45,13.651636363636364,2008-03-08,Anomaly Persistence,14,2008
2008-02-24,2008,2,13.48,13.44,13.643818181818181,2008-03-09,Anomaly Persistence,14,2008
2008-02-25,2008,2,13.45,13.42,13.617636363636365,2008-03-10,Anomaly Persistence,14,2008
2008-02-26,2008,2,13.44,13.4,13.612545454545456,2008-03-11,Anomaly Persistence,14,2008
2008-02-27,2008,2,13.43,13.39,13.64109090909091,2008-03-12,Anomaly Persistence,14,2008
2008-02-28,2008,2,13.43,13.39,13.667818181818179,2008-03-13,Anomaly Persistence,14,2008
2008-02-29,2008,2,13.43,13.39,13.677999999999999,2008-03-14,Anomaly Persistence,14,2008
2008-03-01,2008,3,13.42,13.39,13.65890909090909,2008-03-15,Anomaly Persistence,14,2008
2008-03-02,2008,3,13.41,13.39,13.610545454545456,2008-03-16,Anomaly Persistence,14,2008
2008-03-03,2008,3,13.4,13.4,13.586363636363638,2008-03-17,Anomaly Persistence,14,2008
2008-03-04,2008,3,13.41,13.42,13.60618181818182,2008-03-18,Anomaly Persistence,14,2008
2008-03-05,2008,3,13.4,13.44,13.601454545454548,2008-03-19,Anomaly Persistence,14,2008
2008-03-06,2008,3,13.43,13.46,13.628909090909092,2008-03-20,Anomaly Persistence,14,2008
2008-03-07,2008,3,13.46,13.54,13.648000000000001,2008-03-21,Anomaly Persistence,14,2008
2008-03-08,2008,3,13.45,13.66,13.627636363636363,2008-03-22,Anomaly Persistence,14,2008
2008-03-09,2008,3,13.44,13.81,13.630727272727274,2008-03-23,Anomaly Persistence,14,2008
2008-03-10,2008,3,13.42,13.91,13.647818181818183,2008-03-24,Anomaly Persistence,14,2008
2008-03-11,2008,3,13.4,13.93,13.65090909090909,2008-03-25,Anomaly Persistence,14,2008
2008-03-12,2008,3,13.39,13.93,13.642727272727273,2008-03-26,Anomaly Persistence,14,2008
2008-03-13,2008,3,13.39,13.92,13.680727272727275,2008-03-27,Anomaly Persistence,14,2008
2008-03-14,2008,3,13.39,13.94,13.703454545454544,2008-03-28,Anomaly Persistence,14,2008
2008-03-15,2008,3,13.39,13.98,13.719454545454544,2008-03-29,Anomaly Persistence,14,2008
2008-03-16,2008,3,13.39,14.05,13.757818181818182,2008-03-30,Anomaly Persistence,14,2008
2008-03-17,2008,3,13.4,14.07,13.821272727272726,2008-03-31,Anomaly Persistence,14,2008
2008-03-18,2008,3,13.42,14.09,13.895636363636363,2008-04-01,Anomaly Persistence,14,2008
2008-03-19,2008,3,13.44,14.15,13.958,2008-04-02,Anomaly Persistence,14,2008
2008-03-20,2008,3,13.46,14.2,14.00818181818182,2008-04-03,Anomaly Persistence,14,2008
2008-03-21,2008,3,13.54,14.31,14.12072727272727,2008-04-04,Anomaly Persistence,14,2008
2008-03-22,2008,3,13.66,14.53,14.272636363636364,2008-04-05,Anomaly Persistence,14,2008
2008-03-23,2008,3,13.81,14.66,14.46709090909091,2008-04-06,Anomaly Persistence,14,2008
2008-03-24,2008,3,13.91,14.67,14.617272727272727,2008-04-07,Anomaly Persistence,14,2008
2008-03-25,2008,3,13.93,14.66,14.706727272727274,2008-04-08,Anomaly Persistence,14,2008
2008-03-26,2008,3,13.93,14.6,14.729999999999999,2008-04-09,Anomaly Persistence,14,2008
2008-03-27,2008,3,13.92,14.51,14.663454545454545,2008-04-10,Anomaly Persistence,14,2008
2008-03-28,2008,3,13.94,14.46,14.652363636363637,2008-04-11,Anomaly Persistence,14,2008
2008-03-29,2008,3,13.98,14.41,14.70909090909091,2008-04-12,Anomaly Persistence,14,2008
2008-03-30,2008,3,14.05,14.38,14.782727272727273,2008-04-13,Anomaly Persistence,14,2008
2008-03-31,2008,3,14.07,14.34,14.822909090909093,2008-04-14,Anomaly Persistence,14,2008
2008-04-01,2008,4,14.09,14.27,14.848181818181818,2008-04-15,Anomaly Persistence,14,2008
2008-04-02,2008,4,14.15,14.23,14.895818181818182,2008-04-16,Anomaly Persistence,14,2008
2008-04-03,2008,4,14.2,14.23,14.939999999999998,2008-04-17,Anomaly Persistence,14,2008
2008-04-04,2008,4,14.31,14.22,15.03709090909091,2008-04-18,Anomaly Persistence,14,2008
2008-04-05,2008,4,14.53,14.28,15.321363636363635,2008-04-19,Anomaly Persistence,14,2008
2008-04-06,2008,4,14.66,14.33,15.476363636363637,2008-04-20,Anomaly Persistence,14,2008
2008-04-07,2008,4,14.67,14.41,15.485999999999999,2008-04-21,Anomaly Persistence,14,2008
2008-04-08,2008,4,14.66,14.47,15.393090909090908,2008-04-22,Anomaly Persistence,14,2008
2008-04-09,2008,4,14.6,14.52,15.297818181818183,2008-04-23,Anomaly Persistence,14,2008
2008-04-10,2008,4,14.51,14.61,15.222999999999999,2008-04-24,Anomaly Persistence,14,2008
2008-04-11,2008,4,14.46,14.87,15.259636363636364,2008-04-25,Anomaly Persistence,14,2008
2008-04-12,2008,4,14.41,15.05,15.342363636363636,2008-04-26,Anomaly Persistence,14,2008
2008-04-13,2008,4,14.38,15.06,15.36890909090909,2008-04-27,Anomaly Persistence,14,2008
2008-04-14,2008,4,14.34,15.02,15.291999999999998,2008-04-28,Anomaly Persistence,14,2008
2008-04-15,2008,4,14.27,14.99,15.200545454545454,2008-04-29,Anomaly Persistence,14,2008
2008-04-16,2008,4,14.23,15.01,15.274490909090908,2008-04-30,Anomaly Persistence,14,2008
2008-04-17,2008,4,14.23,15.01,15.347600000000002,2008-05-01,Anomaly Persistence,14,2008
2008-04-18,2008,4,14.22,15.04,15.308127272727274,2008-05-02,Anomaly Persistence,14,2008
2008-04-19,2008,4,14.28,15.31,15.280236363636362,2008-05-03,Anomaly Persistence,14,2008
2008-04-20,2008,4,14.33,15.79,15.244418181818181,2008-05-04,Anomaly Persistence,14,2008
2008-04-21,2008,4,14.41,15.93,15.237563636363637,2008-05-05,Anomaly Persistence,14,2008
2008-04-22,2008,4,14.47,15.93,15.323727272727274,2008-05-06,Anomaly Persistence,14,2008
2008-04-23,2008,4,14.52,15.92,15.37270909090909,2008-05-07,Anomaly Persistence,14,2008
2008-04-24,2008,4,14.61,15.69,15.431672727272726,2008-05-08,Anomaly Persistence,14,2008
2008-04-25,2008,4,14.87,15.61,15.608163636363635,2008-05-09,Anomaly Persistence,14,2008
2008-04-26,2008,4,15.05,15.53,15.640909090909092,2008-05-10,Anomaly Persistence,14,2008
2008-04-27,2008,4,15.06,15.51,15.569654545454547,2008-05-11,Anomaly Persistence,14,2008
2008-04-28,2008,4,15.02,15.47,15.430072727272728,2008-05-12,Anomaly Persistence,14,2008
2008-04-29,2008,4,14.99,15.4,15.294381818181817,2008-05-13,Anomaly Persistence,14,2008
2008-04-30,2008,4,15.01,15.36,15.1236,2008-05-14,Anomaly Persistence,14,2008
2008-05-01,2008,5,15.01,15.35,15.070599999999999,2008-05-15,Anomaly Persistence,14,2008
2008-05-02,2008,5,15.04,15.33,15.219399999999997,2008-05-16,Anomaly Persistence,14,2008
2008-05-03,2008,5,15.31,15.31,15.569,2008-05-17,Anomaly Persistence,14,2008
2008-05-04,2008,5,15.79,15.3,16.116,2008-05-18,Anomaly Persistence,14,2008
2008-05-05,2008,5,15.93,15.23,16.2838,2008-05-19,Anomaly Persistence,14,2008
2008-05-06,2008,5,15.93,15.23,16.2684,2008-05-20,Anomaly Persistence,14,2008
2008-05-07,2008,5,15.92,15.26,16.2662,2008-05-21,Anomaly Persistence,14,2008
2008-05-08,2008,5,15.69,15.31,16.1074,2008-05-22,Anomaly Persistence,14,2008
2008-05-09,2008,5,15.61,15.36,16.090600000000002,2008-05-23,Anomaly Persistence,14,2008
2008-05-10,2008,5,15.53,15.49,16.041800000000002,2008-05-24,Anomaly Persistence,14,2008
2008-05-11,2008,5,15.51,15.6,16.089199999999998,2008-05-25,Anomaly Persistence,14,2008
2008-05-12,2008,5,15.47,15.81,16.209400000000002,2008-05-26,Anomaly Persistence,14,2008
2008-05-13,2008,5,15.4,15.88,16.3568,2008-05-27,Anomaly Persistence,14,2008
2008-05-14,2008,5,15.36,15.88,16.4076,2008-05-28,Anomaly Persistence,14,2008
2008-05-15,2008,5,15.35,15.85,16.3928,2008-05-29,Anomaly Persistence,14,2008
2008-05-16,2008,5,15.33,15.71,16.270000000000003,2008-05-30,Anomaly Persistence,14,2008
2008-05-17,2008,5,15.31,15.77,16.142945454545455,2008-05-31,Anomaly Persistence,14,2008
2008-05-18,2008,5,15.3,15.86,16.087400000000002,2008-06-01,Anomaly Persistence,14,2008
2008-05-19,2008,5,15.23,16.05,16.048272727272725,2008-06-02,Anomaly Persistence,14,2008
2008-05-20,2008,5,15.23,16.23,16.017327272727275,2008-06-03,Anomaly Persistence,14,2008
2008-05-21,2008,5,15.26,16.41,16.023090909090904,2008-06-04,Anomaly Persistence,14,2008
2008-05-22,2008,5,15.31,16.61,16.085381818181823,2008-06-05,Anomaly Persistence,14,2008
2008-05-23,2008,5,15.36,16.72,16.185054545454545,2008-06-06,Anomaly Persistence,14,2008
2008-05-24,2008,5,15.49,16.73,16.396381818181816,2008-06-07,Anomaly Persistence,14,2008
2008-05-25,2008,5,15.6,16.72,16.525872727272727,2008-06-08,Anomaly Persistence,14,2008
2008-05-26,2008,5,15.81,16.58,16.670163636363633,2008-06-09,Anomaly Persistence,14,2008
2008-05-27,2008,5,15.88,16.53,16.627545454545455,2008-06-10,Anomaly Persistence,14,2008
2008-05-28,2008,5,15.88,16.46,16.59703636363637,2008-06-11,Anomaly Persistence,14,2008
2008-05-29,2008,5,15.85,16.6,16.493181818181817,2008-06-12,Anomaly Persistence,14,2008
2008-05-30,2008,5,15.71,16.7,16.31556363636364,2008-06-13,Anomaly Persistence,14,2008
2008-05-31,2008,5,15.77,16.86,16.41581818181818,2008-06-14,Anomaly Persistence,14,2008
2008-06-01,2008,6,15.86,17.16,16.626909090909088,2008-06-15,Anomaly Persistence,14,2008
2008-06-02,2008,6,16.05,17.51,16.948363636363638,2008-06-16,Anomaly Persistence,14,2008
2008-06-03,2008,6,16.23,17.74,17.259272727272727,2008-06-17,Anomaly Persistence,14,2008
2008-06-04,2008,6,16.41,17.93,17.55636363636364,2008-06-18,Anomaly Persistence,14,2008
2008-06-05,2008,6,16.61,18.03,17.738818181818182,2008-06-19,Anomaly Persistence,14,2008
2008-06-06,2008,6,16.72,18.14,17.727272727272727,2008-06-20,Anomaly Persistence,14,2008
2008-06-07,2008,6,16.73,18.17,17.636545454545455,2008-06-21,Anomaly Persistence,14,2008
2008-06-08,2008,6,16.72,18.22,17.602,2008-06-22,Anomaly Persistence,14,2008
2008-06-09,2008,6,16.58,18.06,17.50981818181818,2008-06-23,Anomaly Persistence,14,2008
2008-06-10,2008,6,16.53,18.05,17.474363636363638,2008-06-24,Anomaly Persistence,14,2008
2008-06-11,2008,6,16.46,18.09,17.45890909090909,2008-06-25,Anomaly Persistence,14,2008
2008-06-12,2008,6,16.6,18.12,17.725818181818184,2008-06-26,Anomaly Persistence,14,2008
2008-06-13,2008,6,16.7,18.15,18.02781818181818,2008-06-27,Anomaly Persistence,14,2008
2008-06-14,2008,6,16.86,18.2,18.239454545454546,2008-06-28,Anomaly Persistence,14,2008
2008-06-15,2008,6,17.16,18.24,18.436727272727275,2008-06-29,Anomaly Persistence,14,2008
2008-06-16,2008,6,17.51,18.25,18.61386363636364,2008-06-30,Anomaly Persistence,14,2008
2008-06-17,2008,6,17.74,18.3,18.839333333333332,2008-07-01,Anomaly Persistence,14,2008
2008-06-18,2008,6,17.93,18.39,18.983712121212122,2008-07-02,Anomaly Persistence,14,2008
2008-06-19,2008,6,18.03,18.32,19.0385,2008-07-03,Anomaly Persistence,14,2008
2008-06-20,2008,6,18.14,18.34,19.149272727272727,2008-07-04,Anomaly Persistence,14,2008
2008-06-21,2008,6,18.17,18.37,19.217772727272727,2008-07-05,Anomaly Persistence,14,2008
2008-06-22,2008,6,18.22,18.34,19.292393939393936,2008-07-06,Anomaly Persistence,14,2008
2008-06-23,2008,6,18.06,18.45,19.107484848484848,2008-07-07,Anomaly Persistence,14,2008
2008-06-24,2008,6,18.05,18.59,19.041090909090908,2008-07-08,Anomaly Persistence,14,2008
2008-06-25,2008,6,18.09,18.72,19.019454545454547,2008-07-09,Anomaly Persistence,14,2008
2008-06-26,2008,6,18.12,18.82,18.999333333333333,2008-07-10,Anomaly Persistence,14,2008
2008-06-27,2008,6,18.15,18.82,18.86881818181818,2008-07-11,Anomaly Persistence,14,2008
2008-06-28,2008,6,18.2,18.59,18.837681818181817,2008-07-12,Anomaly Persistence,14,2008
2008-06-29,2008,6,18.24,18.45,18.822530303030298,2008-07-13,Anomaly Persistence,14,2008
2008-06-30,2008,6,18.25,18.37,18.807833333333335,2008-07-14,Anomaly Persistence,14,2008
2008-07-01,2008,7,18.3,18.42,18.713,2008-07-15,Anomaly Persistence,14,2008
2008-07-02,2008,7,18.39,18.49,18.687166666666666,2008-07-16,Anomaly Persistence,14,2008
2008-07-03,2008,7,18.32,18.64,18.603416666666668,2008-07-17,Anomaly Persistence,14,2008
2008-07-04,2008,7,18.34,18.75,18.607166666666668,2008-07-18,Anomaly Persistence,14,2008
2008-07-05,2008,7,18.37,18.79,18.57766666666667,2008-07-19,Anomaly Persistence,14,2008
2008-07-06,2008,7,18.34,18.87,18.43366666666667,2008-07-20,Anomaly Persistence,14,2008
2008-07-07,2008,7,18.45,18.89,18.474,2008-07-21,Anomaly Persistence,14,2008
2008-07-08,2008,7,18.59,19.06,18.598666666666666,2008-07-22,Anomaly Persistence,14,2008
2008-07-09,2008,7,18.72,19.24,18.685333333333332,2008-07-23,Anomaly Persistence,14,2008
2008-07-10,2008,7,18.82,19.34,18.73916666666667,2008-07-24,Anomaly Persistence,14,2008
2008-07-11,2008,7,18.82,19.29,18.698333333333334,2008-07-25,Anomaly Persistence,14,2008
2008-07-12,2008,7,18.59,19.17,18.431833333333334,2008-07-26,Anomaly Persistence,14,2008
2008-07-13,2008,7,18.45,19.24,18.307333333333336,2008-07-27,Anomaly Persistence,14,2008
2008-07-14,2008,7,18.37,19.26,18.224333333333334,2008-07-28,Anomaly Persistence,14,2008
2008-07-15,2008,7,18.42,19.22,18.27316666666667,2008-07-29,Anomaly Persistence,14,2008
2008-07-16,2008,7,18.49,19.17,18.32833333333333,2008-07-30,Anomaly Persistence,14,2008
2008-07-17,2008,7,18.64,19.03,18.388719696969698,2008-07-31,Anomaly Persistence,14,2008
2008-07-18,2008,7,18.75,18.94,18.43501515151515,2008-08-01,Anomaly Persistence,14,2008
2008-07-19,2008,7,18.79,18.89,18.428742424242422,2008-08-02,Anomaly Persistence,14,2008
2008-07-20,2008,7,18.87,18.8,18.445757575757575,2008-08-03,Anomaly Persistence,14,2008
2008-07-21,2008,7,18.89,18.84,18.451424242424242,2008-08-04,Anomaly Persistence,14,2008
2008-07-22,2008,7,19.06,18.77,18.598878787878785,2008-08-05,Anomaly Persistence,14,2008
2008-07-23,2008,7,19.24,18.74,18.787030303030303,2008-08-06,Anomaly Persistence,14,2008
2008-07-24,2008,7,19.34,18.73,18.879136363636363,2008-08-07,Anomaly Persistence,14,2008
2008-07-25,2008,7,19.29,18.67,18.818848484848484,2008-08-08,Anomaly Persistence,14,2008
2008-07-26,2008,7,19.17,18.65,18.70230303030303,2008-08-09,Anomaly Persistence,14,2008
2008-07-27,2008,7,19.24,18.62,18.762499999999996,2008-08-10,Anomaly Persistence,14,2008
2008-07-28,2008,7,19.26,18.59,18.80451515151515,2008-08-11,Anomaly Persistence,14,2008
2008-07-29,2008,7,19.22,18.59,18.823045454545454,2008-08-12,Anomaly Persistence,14,2008
2008-07-30,2008,7,19.17,18.7,18.860424242424244,2008-08-13,Anomaly Persistence,14,2008
2008-07-31,2008,7,19.03,18.74,18.81690909090909,2008-08-14,Anomaly Persistence,14,2008
2008-08-01,2008,8,18.94,18.74,18.814000000000004,2008-08-15,Anomaly Persistence,14,2008
2008-08-02,2008,8,18.89,18.67,18.84672727272727,2008-08-16,Anomaly Persistence,14,2008
2008-08-03,2008,8,18.8,18.78,18.87709090909091,2008-08-17,Anomaly Persistence,14,2008
2008-08-04,2008,8,18.84,18.93,18.95709090909091,2008-08-18,Anomaly Persistence,14,2008
2008-08-05,2008,8,18.77,19.07,18.93281818181818,2008-08-19,Anomaly Persistence,14,2008
2008-08-06,2008,8,18.74,19.16,18.954363636363635,2008-08-20,Anomaly Persistence,14,2008
2008-08-07,2008,8,18.73,19.29,18.981454545454543,2008-08-21,Anomaly Persistence,14,2008
2008-08-08,2008,8,18.67,19.39,18.946,2008-08-22,Anomaly Persistence,14,2008
2008-08-09,2008,8,18.65,19.39,18.948363636363634,2008-08-23,Anomaly Persistence,14,2008
2008-08-10,2008,8,18.62,19.27,18.893636363636368,2008-08-24,Anomaly Persistence,14,2008
2008-08-11,2008,8,18.59,19.19,18.806727272727276,2008-08-25,Anomaly Persistence,14,2008
2008-08-12,2008,8,18.59,19.1,18.731090909090906,2008-08-26,Anomaly Persistence,14,2008
2008-08-13,2008,8,18.7,19.09,18.792363636363635,2008-08-27,Anomaly Persistence,14,2008
2008-08-14,2008,8,18.74,19.24,18.824181818181817,2008-08-28,Anomaly Persistence,14,2008
2008-08-15,2008,8,18.74,19.27,18.780181818181816,2008-08-29,Anomaly Persistence,14,2008
2008-08-16,2008,8,18.67,19.45,18.640909090909094,2008-08-30,Anomaly Persistence,14,2008
2008-08-17,2008,8,18.78,19.63,18.547818181818183,2008-08-31,Anomaly Persistence,14,2008
2008-08-18,2008,8,18.93,19.63,18.637636363636364,2008-09-01,Anomaly Persistence,14,2008
2008-08-19,2008,8,19.07,19.61,18.725818181818184,2008-09-02,Anomaly Persistence,14,2008
2008-08-20,2008,8,19.16,19.51,18.741999999999997,2008-09-03,Anomaly Persistence,14,2008
2008-08-21,2008,8,19.29,19.56,18.849636363636364,2008-09-04,Anomaly Persistence,14,2008
2008-08-22,2008,8,19.39,19.68,18.97381818181818,2008-09-05,Anomaly Persistence,14,2008
2008-08-23,2008,8,19.39,19.73,19.00218181818182,2008-09-06,Anomaly Persistence,14,2008
2008-08-24,2008,8,19.27,19.75,18.94654545454545,2008-09-07,Anomaly Persistence,14,2008
2008-08-25,2008,8,19.19,19.64,18.935636363636362,2008-09-08,Anomaly Persistence,14,2008
2008-08-26,2008,8,19.1,19.48,18.87454545454546,2008-09-09,Anomaly Persistence,14,2008
2008-08-27,2008,8,19.09,19.33,18.866545454545456,2008-09-10,Anomaly Persistence,14,2008
2008-08-28,2008,8,19.24,19.17,19.03272727272727,2008-09-11,Anomaly Persistence,14,2008
2008-08-29,2008,8,19.27,19.01,19.061090909090908,2008-09-12,Anomaly Persistence,14,2008
2008-08-30,2008,8,19.45,18.82,19.24309090909091,2008-09-13,Anomaly Persistence,14,2008
2008-08-31,2008,8,19.63,18.6,19.615090909090906,2008-09-14,Anomaly Persistence,14,2008
2008-09-01,2008,9,19.63,18.4,19.64963636363636,2008-09-15,Anomaly Persistence,14,2008
2008-09-02,2008,9,19.61,18.3,19.674363636363633,2008-09-16,Anomaly Persistence,14,2008
2008-09-03,2008,9,19.51,18.21,19.569272727272732,2008-09-17,Anomaly Persistence,14,2008
2008-09-04,2008,9,19.56,18.04,19.581818181818182,2008-09-18,Anomaly Persistence,14,2008
2008-09-05,2008,9,19.68,17.87,19.67981818181818,2008-09-19,Anomaly Persistence,14,2008
2008-09-06,2008,9,19.73,17.74,19.623272727272727,2008-09-20,Anomaly Persistence,14,2008
2008-09-07,2008,9,19.75,17.53,19.59690909090909,2008-09-21,Anomaly Persistence,14,2008
2008-09-08,2008,9,19.64,17.45,19.452,2008-09-22,Anomaly Persistence,14,2008
2008-09-09,2008,9,19.48,17.41,19.26890909090909,2008-09-23,Anomaly Persistence,14,2008
2008-09-10,2008,9,19.33,17.35,19.07490909090909,2008-09-24,Anomaly Persistence,14,2008
2008-09-11,2008,9,19.17,17.31,18.87963636363637,2008-09-25,Anomaly Persistence,14,2008
2008-09-12,2008,9,19.01,17.21,18.81527272727273,2008-09-26,Anomaly Persistence,14,2008
2008-09-13,2008,9,18.82,17.18,18.680363636363637,2008-09-27,Anomaly Persistence,14,2008
2008-09-14,2008,9,18.6,17.12,18.413636363636368,2008-09-28,Anomaly Persistence,14,2008
2008-09-15,2008,9,18.4,17.09,18.19290909090909,2008-09-29,Anomaly Persistence,14,2008
2008-09-16,2008,9,18.3,17.08,18.061636363636367,2008-09-30,Anomaly Persistence,14,2008
2008-09-17,2008,9,18.21,17.04,17.7932,2008-10-01,Anomaly Persistence,14,2008
2008-09-18,2008,9,18.04,17.0,17.545654545454543,2008-10-02,Anomaly Persistence,14,2008
2008-09-19,2008,9,17.87,16.99,17.24478181818182,2008-10-03,Anomaly Persistence,14,2008
2008-09-20,2008,9,17.74,16.88,17.01354545454545,2008-10-04,Anomaly Persistence,14,2008
2008-09-21,2008,9,17.53,16.87,16.645309090909095,2008-10-05,Anomaly Persistence,14,2008
2008-09-22,2008,9,17.45,16.95,16.456654545454544,2008-10-06,Anomaly Persistence,14,2008
2008-09-23,2008,9,17.41,16.95,16.37430909090909,2008-10-07,Anomaly Persistence,14,2008
2008-09-24,2008,9,17.35,16.9,16.336890909090908,2008-10-08,Anomaly Persistence,14,2008
2008-09-25,2008,9,17.31,16.9,16.223309090909087,2008-10-09,Anomaly Persistence,14,2008
2008-09-26,2008,9,17.21,16.89,15.931672727272726,2008-10-10,Anomaly Persistence,14,2008
2008-09-27,2008,9,17.18,16.78,15.756599999999999,2008-10-11,Anomaly Persistence,14,2008
2008-09-28,2008,9,17.12,16.71,15.595072727272726,2008-10-12,Anomaly Persistence,14,2008
2008-09-29,2008,9,17.09,16.65,15.550436363636365,2008-10-13,Anomaly Persistence,14,2008
2008-09-30,2008,9,17.08,16.56,15.55841818181818,2008-10-14,Anomaly Persistence,14,2008
2008-10-01,2008,10,17.04,16.47,15.714200000000002,2008-10-15,Anomaly Persistence,14,2008
2008-10-02,2008,10,17.0,16.45,15.755400000000002,2008-10-16,Anomaly Persistence,14,2008
2008-10-03,2008,10,16.99,16.37,15.7976,2008-10-17,Anomaly Persistence,14,2008
2008-10-04,2008,10,16.88,16.26,15.7836,2008-10-18,Anomaly Persistence,14,2008
2008-10-05,2008,10,16.87,16.13,15.8322,2008-10-19,Anomaly Persistence,14,2008
2008-10-06,2008,10,16.95,15.99,15.947,2008-10-20,Anomaly Persistence,14,2008
2008-10-07,2008,10,16.95,15.89,15.930400000000002,2008-10-21,Anomaly Persistence,14,2008
2008-10-08,2008,10,16.9,15.8,15.773599999999998,2008-10-22,Anomaly Persistence,14,2008
2008-10-09,2008,10,16.9,15.71,15.732199999999999,2008-10-23,Anomaly Persistence,14,2008
2008-10-10,2008,10,16.89,15.63,15.7492,2008-10-24,Anomaly Persistence,14,2008
2008-10-11,2008,10,16.78,15.55,15.6904,2008-10-25,Anomaly Persistence,14,2008
2008-10-12,2008,10,16.71,15.47,15.683400000000002,2008-10-26,Anomaly Persistence,14,2008
2008-10-13,2008,10,16.65,15.43,15.616999999999997,2008-10-27,Anomaly Persistence,14,2008
2008-10-14,2008,10,16.56,15.41,15.497200000000001,2008-10-28,Anomaly Persistence,14,2008
2008-10-15,2008,10,16.47,15.54,15.404999999999998,2008-10-29,Anomaly Persistence,14,2008
2008-10-16,2008,10,16.45,15.72,15.376599999999998,2008-10-30,Anomaly Persistence,14,2008
2008-10-17,2008,10,16.37,15.8,15.399072727272726,2008-10-31,Anomaly Persistence,14,2008
2008-10-18,2008,10,16.26,15.9,15.338233333333335,2008-11-01,Anomaly Persistence,14,2008
2008-10-19,2008,10,16.13,16.11,15.255066666666666,2008-11-02,Anomaly Persistence,14,2008
2008-10-20,2008,10,15.99,16.26,15.149133333333335,2008-11-03,Anomaly Persistence,14,2008
2008-10-21,2008,10,15.89,16.17,15.054533333333332,2008-11-04,Anomaly Persistence,14,2008
2008-10-22,2008,10,15.8,15.95,15.003933333333334,2008-11-05,Anomaly Persistence,14,2008
2008-10-23,2008,10,15.71,15.8,14.960400000000002,2008-11-06,Anomaly Persistence,14,2008
2008-10-24,2008,10,15.63,15.64,14.9189,2008-11-07,Anomaly Persistence,14,2008
2008-10-25,2008,10,15.55,15.45,14.822833333333335,2008-11-08,Anomaly Persistence,14,2008
2008-10-26,2008,10,15.47,15.31,14.733633333333334,2008-11-09,Anomaly Persistence,14,2008
2008-10-27,2008,10,15.43,15.24,14.684366666666667,2008-11-10,Anomaly Persistence,14,2008
2008-10-28,2008,10,15.41,15.17,14.651699999999998,2008-11-11,Anomaly Persistence,14,2008
2008-10-29,2008,10,15.54,15.09,14.764599999999998,2008-11-12,Anomaly Persistence,14,2008
2008-10-30,2008,10,15.72,15.04,14.925800000000002,2008-11-13,Anomaly Persistence,14,2008
2008-10-31,2008,10,15.8,14.99,14.927060606060607,2008-11-14,Anomaly Persistence,14,2008
2008-11-01,2008,11,15.9,14.94,15.019333333333332,2008-11-15,Anomaly Persistence,14,2008
2008-11-02,2008,11,16.11,14.9,15.237666666666666,2008-11-16,Anomaly Persistence,14,2008
2008-11-03,2008,11,16.26,14.85,15.3855,2008-11-17,Anomaly Persistence,14,2008
2008-11-04,2008,11,16.17,14.8,15.329,2008-11-18,Anomaly Persistence,14,2008
2008-11-05,2008,11,15.95,14.78,15.152666666666665,2008-11-19,Anomaly Persistence,14,2008
2008-11-06,2008,11,15.8,14.76,15.042666666666667,2008-11-20,Anomaly Persistence,14,2008
2008-11-07,2008,11,15.64,14.72,14.9105,2008-11-21,Anomaly Persistence,14,2008
2008-11-08,2008,11,15.45,14.699,14.765249999999998,2008-11-22,Anomaly Persistence,14,2008
2008-11-09,2008,11,15.31,14.67,14.668333333333333,2008-11-23,Anomaly Persistence,14,2008
2008-11-10,2008,11,15.24,14.63,14.668833333333332,2008-11-24,Anomaly Persistence,14,2008
2008-11-11,2008,11,15.17,14.59,14.617833333333332,2008-11-25,Anomaly Persistence,14,2008
2008-11-12,2008,11,15.09,14.57,14.543666666666665,2008-11-26,Anomaly Persistence,14,2008
2008-11-13,2008,11,15.04,14.54,14.49933333333333,2008-11-27,Anomaly Persistence,14,2008
2008-11-14,2008,11,14.99,14.52,14.471333333333336,2008-11-28,Anomaly Persistence,14,2008
2008-11-15,2008,11,14.94,14.5,14.432833333333335,2008-11-29,Anomaly Persistence,14,2008
2008-11-16,2008,11,14.9,14.47,14.452848484848484,2008-11-30,Anomaly Persistence,14,2008
2008-11-17,2008,11,14.85,14.45,14.411530303030302,2008-12-01,Anomaly Persistence,14,2008
2008-11-18,2008,11,14.8,14.42,14.371121212121214,2008-12-02,Anomaly Persistence,14,2008
2008-11-19,2008,11,14.78,14.39,14.353090909090911,2008-12-03,Anomaly Persistence,14,2008
2008-11-20,2008,11,14.76,14.35,14.338151515151514,2008-12-04,Anomaly Persistence,14,2008
2008-11-21,2008,11,14.72,14.33,14.307545454545457,2008-12-05,Anomaly Persistence,14,2008
2008-11-22,2008,11,14.699,14.31,14.294280303030304,2008-12-06,Anomaly Persistence,14,2008
2008-11-23,2008,11,14.67,14.27,14.26210606060606,2008-12-07,Anomaly Persistence,14,2008
2008-11-24,2008,11,14.63,14.26,14.187727272727276,2008-12-08,Anomaly Persistence,14,2008
2008-11-25,2008,11,14.59,14.24,14.141939393939396,2008-12-09,Anomaly Persistence,14,2008
2008-11-26,2008,11,14.57,14.21,14.127515151515151,2008-12-10,Anomaly Persistence,14,2008
2008-11-27,2008,11,14.54,14.2,14.111212121212121,2008-12-11,Anomaly Persistence,14,2008
2008-11-28,2008,11,14.52,14.18,14.10051515151515,2008-12-12,Anomaly Persistence,14,2008
2008-11-29,2008,11,14.5,14.17,14.097363636363637,2008-12-13,Anomaly Persistence,14,2008
2008-11-30,2008,11,14.47,14.15,14.032909090909092,2008-12-14,Anomaly Persistence,14,2008
2008-12-01,2008,12,14.45,14.13,14.026181818181819,2008-12-15,Anomaly Persistence,14,2008
2008-12-02,2008,12,14.42,14.1,14.010818181818182,2008-12-16,Anomaly Persistence,14,2008
2008-12-03,2008,12,14.39,14.08,13.991818181818182,2008-12-17,Anomaly Persistence,14,2008
2008-12-04,2008,12,14.35,14.06,13.961636363636364,2008-12-18,Anomaly Persistence,14,2008
2008-12-05,2008,12,14.33,14.04,13.944727272727272,2008-12-19,Anomaly Persistence,14,2008
2008-12-06,2008,12,14.31,14.02,13.928181818181818,2008-12-20,Anomaly Persistence,14,2008
2008-12-07,2008,12,14.27,14.0,13.9,2008-12-21,Anomaly Persistence,14,2008
2008-12-08,2008,12,14.26,13.98,13.900909090909089,2008-12-22,Anomaly Persistence,14,2008
2008-12-09,2008,12,14.24,13.97,13.895454545454545,2008-12-23,Anomaly Persistence,14,2008
2008-12-10,2008,12,14.21,13.95,13.875454545454549,2008-12-24,Anomaly Persistence,14,2008
2008-12-11,2008,12,14.2,13.93,13.874727272727272,2008-12-25,Anomaly Persistence,14,2008
2008-12-12,2008,12,14.18,13.91,13.866727272727271,2008-12-26,Anomaly Persistence,14,2008
2008-12-13,2008,12,14.17,13.89,13.860363636363635,2008-12-27,Anomaly Persistence,14,2008
2008-12-14,2008,12,14.15,13.87,13.846,2008-12-28,Anomaly Persistence,14,2008
2008-12-15,2008,12,14.13,13.85,13.83290909090909,2008-12-29,Anomaly Persistence,14,2008
2008-12-16,2008,12,14.1,13.84,13.79581818181818,2008-12-30,Anomaly Persistence,14,2008
2008-12-17,2008,12,14.08,13.83,13.880424242424242,2008-12-31,Anomaly Persistence,14,2008
2008-12-18,2008,12,14.06,13.81,13.78771212121212,2009-01-01,Anomaly Persistence,14,2008
2008-12-19,2008,12,14.04,13.79,13.76322727272727,2009-01-02,Anomaly Persistence,14,2008
2008-12-20,2008,12,14.02,13.77,13.747954545454546,2009-01-03,Anomaly Persistence,14,2008
2008-12-21,2008,12,14.0,13.75,13.726893939393939,2009-01-04,Anomaly Persistence,14,2008
2008-12-22,2008,12,13.98,13.74,13.70369696969697,2009-01-05,Anomaly Persistence,14,2008
2008-12-23,2008,12,13.97,13.73,13.691272727272729,2009-01-06,Anomaly Persistence,14,2008
2008-12-24,2008,12,13.95,13.71,13.673363636363634,2009-01-07,Anomaly Persistence,14,2008
2008-12-25,2008,12,13.93,13.69,13.652560606060606,2009-01-08,Anomaly Persistence,14,2008
2008-12-26,2008,12,13.91,13.67,13.631757575757577,2009-01-09,Anomaly Persistence,14,2008
2008-12-27,2008,12,13.89,13.66,13.612772727272729,2009-01-10,Anomaly Persistence,14,2008
2008-12-28,2008,12,13.87,13.65,13.597492424242425,2009-01-11,Anomaly Persistence,14,2008
2008-12-29,2008,12,13.85,13.64,13.582878787878787,2009-01-12,Anomaly Persistence,14,2008
2008-12-30,2008,12,13.84,13.62,13.587325757575757,2009-01-13,Anomaly Persistence,14,2008
2008-12-31,2008,12,13.83,13.6,13.478,2009-01-14,Anomaly Persistence,14,2008
2009-01-01,2009,1,13.81,13.587,13.536083333333334,2009-01-15,Anomaly Persistence,14,2009
2009-01-02,2009,1,13.79,13.56,13.527166666666666,2009-01-16,Anomaly Persistence,14,2009
2009-01-03,2009,1,13.77,13.55,13.511666666666667,2009-01-17,Anomaly Persistence,14,2009
2009-01-04,2009,1,13.75,13.54,13.492833333333335,2009-01-18,Anomaly Persistence,14,2009
2009-01-05,2009,1,13.74,13.53,13.491166666666668,2009-01-19,Anomaly Persistence,14,2009
2009-01-06,2009,1,13.73,13.51,13.484333333333332,2009-01-20,Anomaly Persistence,14,2009
2009-01-07,2009,1,13.71,13.49,13.462000000000002,2009-01-21,Anomaly Persistence,14,2009
2009-01-08,2009,1,13.69,13.47,13.443166666666666,2009-01-22,Anomaly Persistence,14,2009
2009-01-09,2009,1,13.67,13.46,13.426833333333333,2009-01-23,Anomaly Persistence,14,2009
2009-01-10,2009,1,13.66,13.45,13.426999999999998,2009-01-24,Anomaly Persistence,14,2009
2009-01-11,2009,1,13.65,13.44,13.418416666666666,2009-01-25,Anomaly Persistence,14,2009
2009-01-12,2009,1,13.64,13.43,13.407333333333334,2009-01-26,Anomaly Persistence,14,2009
2009-01-13,2009,1,13.62,13.43,13.388416666666666,2009-01-27,Anomaly Persistence,14,2009
2009-01-14,2009,1,13.6,13.42,13.375333333333334,2009-01-28,Anomaly Persistence,14,2009
2009-01-15,2009,1,13.587,13.41,13.36425,2009-01-29,Anomaly Persistence,14,2009
2009-01-16,2009,1,13.56,13.4,13.3475,2009-01-30,Anomaly Persistence,14,2009
2009-01-17,2009,1,13.55,13.39,13.342833333333335,2009-01-31,Anomaly Persistence,14,2009
2009-01-18,2009,1,13.54,13.37,13.364272727272725,2009-02-01,Anomaly Persistence,14,2009
2009-01-19,2009,1,13.53,13.37,13.352045454545454,2009-02-02,Anomaly Persistence,14,2009
2009-01-20,2009,1,13.51,13.36,13.336757575757575,2009-02-03,Anomaly Persistence,14,2009
2009-01-21,2009,1,13.49,13.36,13.324454545454545,2009-02-04,Anomaly Persistence,14,2009
2009-01-22,2009,1,13.47,13.36,13.315000000000001,2009-02-05,Anomaly Persistence,14,2009
2009-01-23,2009,1,13.46,13.36,13.310136363636364,2009-02-06,Anomaly Persistence,14,2009
2009-01-24,2009,1,13.45,13.36,13.299681818181819,2009-02-07,Anomaly Persistence,14,2009
2009-01-25,2009,1,13.44,13.36,13.291363636363636,2009-02-08,Anomaly Persistence,14,2009
2009-01-26,2009,1,13.43,13.35,13.28342424242424,2009-02-09,Anomaly Persistence,14,2009
2009-01-27,2009,1,13.43,13.35,13.287166666666668,2009-02-10,Anomaly Persistence,14,2009
2009-01-28,2009,1,13.42,13.34,13.277333333333333,2009-02-11,Anomaly Persistence,14,2009
2009-01-29,2009,1,13.41,13.33,13.265500000000001,2009-02-12,Anomaly Persistence,14,2009
2009-01-30,2009,1,13.4,13.31,13.249742424242424,2009-02-13,Anomaly Persistence,14,2009
2009-01-31,2009,1,13.39,13.29,13.236636363636364,2009-02-14,Anomaly Persistence,14,2009
2009-02-01,2009,2,13.37,13.27,13.19381818181818,2009-02-15,Anomaly Persistence,14,2009
2009-02-02,2009,2,13.37,13.25,13.194909090909087,2009-02-16,Anomaly Persistence,14,2009
2009-02-03,2009,2,13.36,13.23,13.184909090909091,2009-02-17,Anomaly Persistence,14,2009
2009-02-04,2009,2,13.36,13.22,13.190545454545454,2009-02-18,Anomaly Persistence,14,2009
2009-02-05,2009,2,13.36,13.21,13.205454545454543,2009-02-19,Anomaly Persistence,14,2009
2009-02-06,2009,2,13.36,13.2,13.226909090909091,2009-02-20,Anomaly Persistence,14,2009
2009-02-07,2009,2,13.36,13.19,13.23709090909091,2009-02-21,Anomaly Persistence,14,2009
2009-02-08,2009,2,13.36,13.17,13.237454545454547,2009-02-22,Anomaly Persistence,14,2009
2009-02-09,2009,2,13.35,13.15,13.228000000000002,2009-02-23,Anomaly Persistence,14,2009
2009-02-10,2009,2,13.35,13.14,13.228181818181817,2009-02-24,Anomaly Persistence,14,2009
2009-02-11,2009,2,13.34,13.13,13.22890909090909,2009-02-25,Anomaly Persistence,14,2009
2009-02-12,2009,2,13.33,13.12,13.241999999999997,2009-02-26,Anomaly Persistence,14,2009
2009-02-13,2009,2,13.31,13.11,13.250545454545456,2009-02-27,Anomaly Persistence,14,2009
2009-02-14,2009,2,13.29,13.1,13.259090909090908,2009-02-28,Anomaly Persistence,14,2009
2009-02-15,2009,2,13.27,13.12,13.25509090909091,2009-03-01,Anomaly Persistence,14,2009
2009-02-16,2009,2,13.25,13.15,13.255818181818185,2009-03-02,Anomaly Persistence,14,2009
2009-02-17,2009,2,13.23,13.17,13.276545454545456,2009-03-03,Anomaly Persistence,14,2009
2009-02-18,2009,2,13.22,13.2,13.28618181818182,2009-03-04,Anomaly Persistence,14,2009
2009-02-19,2009,2,13.21,13.26,13.273818181818182,2009-03-05,Anomaly Persistence,14,2009
2009-02-20,2009,2,13.2,13.35,13.267090909090907,2009-03-06,Anomaly Persistence,14,2009
2009-02-21,2009,2,13.19,13.45,13.26963636363636,2009-03-07,Anomaly Persistence,14,2009
2009-02-22,2009,2,13.17,13.5,13.279636363636362,2009-03-08,Anomaly Persistence,14,2009
2009-02-23,2009,2,13.15,13.52,13.291636363636364,2009-03-09,Anomaly Persistence,14,2009
2009-02-24,2009,2,13.14,13.53,13.303818181818182,2009-03-10,Anomaly Persistence,14,2009
2009-02-25,2009,2,13.13,13.5,13.297636363636366,2009-03-11,Anomaly Persistence,14,2009
2009-02-26,2009,2,13.12,13.46,13.292545454545456,2009-03-12,Anomaly Persistence,14,2009
2009-02-27,2009,2,13.11,13.44,13.321090909090909,2009-03-13,Anomaly Persistence,14,2009
2009-02-28,2009,2,13.1,13.42,13.337818181818179,2009-03-14,Anomaly Persistence,14,2009
2009-03-01,2009,3,13.12,13.39,13.367999999999999,2009-03-15,Anomaly Persistence,14,2009
2009-03-02,2009,3,13.15,13.37,13.38890909090909,2009-03-16,Anomaly Persistence,14,2009
2009-03-03,2009,3,13.17,13.38,13.370545454545455,2009-03-17,Anomaly Persistence,14,2009
2009-03-04,2009,3,13.2,13.4,13.386363636363637,2009-03-18,Anomaly Persistence,14,2009
2009-03-05,2009,3,13.26,13.43,13.45618181818182,2009-03-19,Anomaly Persistence,14,2009
2009-03-06,2009,3,13.35,13.45,13.551454545454547,2009-03-20,Anomaly Persistence,14,2009
2009-03-07,2009,3,13.45,13.46,13.648909090909092,2009-03-21,Anomaly Persistence,14,2009
2009-03-08,2009,3,13.5,13.47,13.688,2009-03-22,Anomaly Persistence,14,2009
2009-03-09,2009,3,13.52,13.47,13.697636363636363,2009-03-23,Anomaly Persistence,14,2009
2009-03-10,2009,3,13.53,13.45,13.720727272727274,2009-03-24,Anomaly Persistence,14,2009
2009-03-11,2009,3,13.5,13.43,13.727818181818183,2009-03-25,Anomaly Persistence,14,2009
2009-03-12,2009,3,13.46,13.41,13.710909090909091,2009-03-26,Anomaly Persistence,14,2009
2009-03-13,2009,3,13.44,13.4,13.692727272727272,2009-03-27,Anomaly Persistence,14,2009
2009-03-14,2009,3,13.42,13.4,13.710727272727274,2009-03-28,Anomaly Persistence,14,2009
2009-03-15,2009,3,13.39,13.39,13.703454545454544,2009-03-29,Anomaly Persistence,14,2009
2009-03-16,2009,3,13.37,13.39,13.699454545454543,2009-03-30,Anomaly Persistence,14,2009
2009-03-17,2009,3,13.38,13.39,13.747818181818182,2009-03-31,Anomaly Persistence,14,2009
2009-03-18,2009,3,13.4,13.38,13.821272727272726,2009-04-01,Anomaly Persistence,14,2009
2009-03-19,2009,3,13.43,13.39,13.905636363636363,2009-04-02,Anomaly Persistence,14,2009
2009-03-20,2009,3,13.45,13.5,13.968,2009-04-03,Anomaly Persistence,14,2009
2009-03-21,2009,3,13.46,13.54,14.00818181818182,2009-04-04,Anomaly Persistence,14,2009
2009-03-22,2009,3,13.47,13.55,14.050727272727272,2009-04-05,Anomaly Persistence,14,2009
2009-03-23,2009,3,13.47,13.54,14.082636363636365,2009-04-06,Anomaly Persistence,14,2009
2009-03-24,2009,3,13.45,13.54,14.107090909090909,2009-04-07,Anomaly Persistence,14,2009
2009-03-25,2009,3,13.43,13.6,14.137272727272727,2009-04-08,Anomaly Persistence,14,2009
2009-03-26,2009,3,13.41,13.7,14.186727272727275,2009-04-09,Anomaly Persistence,14,2009
2009-03-27,2009,3,13.4,13.82,14.2,2009-04-10,Anomaly Persistence,14,2009
2009-03-28,2009,3,13.4,13.87,14.143454545454546,2009-04-11,Anomaly Persistence,14,2009
2009-03-29,2009,3,13.39,13.89,14.102363636363638,2009-04-12,Anomaly Persistence,14,2009
2009-03-30,2009,3,13.39,13.83,14.119090909090911,2009-04-13,Anomaly Persistence,14,2009
2009-03-31,2009,3,13.39,13.85,14.122727272727273,2009-04-14,Anomaly Persistence,14,2009
2009-04-01,2009,4,13.38,13.93,14.132909090909093,2009-04-15,Anomaly Persistence,14,2009
2009-04-02,2009,4,13.39,13.99,14.148181818181818,2009-04-16,Anomaly Persistence,14,2009
2009-04-03,2009,4,13.5,14.07,14.245818181818182,2009-04-17,Anomaly Persistence,14,2009
2009-04-04,2009,4,13.54,14.16,14.279999999999998,2009-04-18,Anomaly Persistence,14,2009
2009-04-05,2009,4,13.55,14.22,14.27709090909091,2009-04-19,Anomaly Persistence,14,2009
2009-04-06,2009,4,13.54,14.28,14.331363636363635,2009-04-20,Anomaly Persistence,14,2009
2009-04-07,2009,4,13.54,14.32,14.356363636363636,2009-04-21,Anomaly Persistence,14,2009
2009-04-08,2009,4,13.6,14.3,14.415999999999999,2009-04-22,Anomaly Persistence,14,2009
2009-04-09,2009,4,13.7,14.21,14.433090909090907,2009-04-23,Anomaly Persistence,14,2009
2009-04-10,2009,4,13.82,14.28,14.517818181818184,2009-04-24,Anomaly Persistence,14,2009
2009-04-11,2009,4,13.87,14.43,14.582999999999998,2009-04-25,Anomaly Persistence,14,2009
2009-04-12,2009,4,13.89,14.63,14.689636363636364,2009-04-26,Anomaly Persistence,14,2009
2009-04-13,2009,4,13.83,14.71,14.762363636363636,2009-04-27,Anomaly Persistence,14,2009
2009-04-14,2009,4,13.85,14.71,14.83890909090909,2009-04-28,Anomaly Persistence,14,2009
2009-04-15,2009,4,13.93,14.62,14.881999999999998,2009-04-29,Anomaly Persistence,14,2009
2009-04-16,2009,4,13.99,14.73,14.920545454545454,2009-04-30,Anomaly Persistence,14,2009
2009-04-17,2009,4,14.07,14.82,15.114490909090907,2009-05-01,Anomaly Persistence,14,2009
2009-04-18,2009,4,14.16,14.91,15.277600000000001,2009-05-02,Anomaly Persistence,14,2009
2009-04-19,2009,4,14.22,14.86,15.308127272727274,2009-05-03,Anomaly Persistence,14,2009
2009-04-20,2009,4,14.28,14.85,15.280236363636362,2009-05-04,Anomaly Persistence,14,2009
2009-04-21,2009,4,14.32,14.82,15.234418181818182,2009-05-05,Anomaly Persistence,14,2009
2009-04-22,2009,4,14.3,14.77,15.127563636363638,2009-05-06,Anomaly Persistence,14,2009
2009-04-23,2009,4,14.21,14.76,15.063727272727274,2009-05-07,Anomaly Persistence,14,2009
2009-04-24,2009,4,14.28,14.74,15.13270909090909,2009-05-08,Anomaly Persistence,14,2009
2009-04-25,2009,4,14.43,14.73,15.251672727272727,2009-05-09,Anomaly Persistence,14,2009
2009-04-26,2009,4,14.63,14.71,15.368163636363636,2009-05-10,Anomaly Persistence,14,2009
2009-04-27,2009,4,14.71,14.79,15.300909090909093,2009-05-11,Anomaly Persistence,14,2009
2009-04-28,2009,4,14.71,14.87,15.219654545454548,2009-05-12,Anomaly Persistence,14,2009
2009-04-29,2009,4,14.62,14.92,15.030072727272728,2009-05-13,Anomaly Persistence,14,2009
2009-04-30,2009,4,14.73,14.95,15.034381818181817,2009-05-14,Anomaly Persistence,14,2009
2009-05-01,2009,5,14.82,15.03,14.9336,2009-05-15,Anomaly Persistence,14,2009
2009-05-02,2009,5,14.91,15.11,14.9706,2009-05-16,Anomaly Persistence,14,2009
2009-05-03,2009,5,14.86,15.19,15.039399999999997,2009-05-17,Anomaly Persistence,14,2009
2009-05-04,2009,5,14.85,15.22,15.109,2009-05-18,Anomaly Persistence,14,2009
2009-05-05,2009,5,14.82,15.17,15.145999999999999,2009-05-19,Anomaly Persistence,14,2009
2009-05-06,2009,5,14.77,14.99,15.123799999999997,2009-05-20,Anomaly Persistence,14,2009
2009-05-07,2009,5,14.76,14.95,15.098399999999998,2009-05-21,Anomaly Persistence,14,2009
2009-05-08,2009,5,14.74,14.91,15.086200000000002,2009-05-22,Anomaly Persistence,14,2009
2009-05-09,2009,5,14.73,14.87,15.147400000000001,2009-05-23,Anomaly Persistence,14,2009
2009-05-10,2009,5,14.71,14.8,15.190600000000003,2009-05-24,Anomaly Persistence,14,2009
2009-05-11,2009,5,14.79,14.8,15.3018,2009-05-25,Anomaly Persistence,14,2009
2009-05-12,2009,5,14.87,14.83,15.4492,2009-05-26,Anomaly Persistence,14,2009
2009-05-13,2009,5,14.92,15.07,15.659400000000002,2009-05-27,Anomaly Persistence,14,2009
2009-05-14,2009,5,14.95,16.29,15.9068,2009-05-28,Anomaly Persistence,14,2009
2009-05-15,2009,5,15.03,16.4,16.077599999999997,2009-05-29,Anomaly Persistence,14,2009
2009-05-16,2009,5,15.11,16.2,16.1528,2009-05-30,Anomaly Persistence,14,2009
2009-05-17,2009,5,15.19,15.98,16.130000000000003,2009-05-31,Anomaly Persistence,14,2009
2009-05-18,2009,5,15.22,15.93,16.052945454545455,2009-06-01,Anomaly Persistence,14,2009
2009-05-19,2009,5,15.17,15.99,15.957400000000003,2009-06-02,Anomaly Persistence,14,2009
2009-05-20,2009,5,14.99,16.05,15.808272727272726,2009-06-03,Anomaly Persistence,14,2009
2009-05-21,2009,5,14.95,16.01,15.737327272727274,2009-06-04,Anomaly Persistence,14,2009
2009-05-22,2009,5,14.91,15.92,15.673090909090906,2009-06-05,Anomaly Persistence,14,2009
2009-05-23,2009,5,14.87,15.87,15.64538181818182,2009-06-06,Anomaly Persistence,14,2009
2009-05-24,2009,5,14.8,15.85,15.625054545454546,2009-06-07,Anomaly Persistence,14,2009
2009-05-25,2009,5,14.8,15.85,15.706381818181818,2009-06-08,Anomaly Persistence,14,2009
2009-05-26,2009,5,14.83,15.82,15.755872727272726,2009-06-09,Anomaly Persistence,14,2009
2009-05-27,2009,5,15.07,15.82,15.930163636363634,2009-06-10,Anomaly Persistence,14,2009
2009-05-28,2009,5,16.29,15.75,17.037545454545455,2009-06-11,Anomaly Persistence,14,2009
2009-05-29,2009,5,16.4,15.74,17.117036363636366,2009-06-12,Anomaly Persistence,14,2009
2009-05-30,2009,5,16.2,15.82,16.84318181818182,2009-06-13,Anomaly Persistence,14,2009
2009-05-31,2009,5,15.98,15.89,16.585563636363638,2009-06-14,Anomaly Persistence,14,2009
2009-06-01,2009,6,15.93,16.06,16.575818181818182,2009-06-15,Anomaly Persistence,14,2009
2009-06-02,2009,6,15.99,16.24,16.75690909090909,2009-06-16,Anomaly Persistence,14,2009
2009-06-03,2009,6,16.05,16.46,16.948363636363638,2009-06-17,Anomaly Persistence,14,2009
2009-06-04,2009,6,16.01,16.57,17.039272727272728,2009-06-18,Anomaly Persistence,14,2009
2009-06-05,2009,6,15.92,16.57,17.06636363636364,2009-06-19,Anomaly Persistence,14,2009
2009-06-06,2009,6,15.87,16.43,16.99881818181818,2009-06-20,Anomaly Persistence,14,2009
2009-06-07,2009,6,15.85,16.26,16.85727272727273,2009-06-21,Anomaly Persistence,14,2009
2009-06-08,2009,6,15.85,16.22,16.756545454545453,2009-06-22,Anomaly Persistence,14,2009
2009-06-09,2009,6,15.82,16.11,16.702,2009-06-23,Anomaly Persistence,14,2009
2009-06-10,2009,6,15.82,16.22,16.74981818181818,2009-06-24,Anomaly Persistence,14,2009
2009-06-11,2009,6,15.75,16.27,16.694363636363637,2009-06-25,Anomaly Persistence,14,2009
2009-06-12,2009,6,15.74,16.31,16.73890909090909,2009-06-26,Anomaly Persistence,14,2009
2009-06-13,2009,6,15.82,16.22,16.945818181818183,2009-06-27,Anomaly Persistence,14,2009
2009-06-14,2009,6,15.89,16.3,17.21781818181818,2009-06-28,Anomaly Persistence,14,2009
2009-06-15,2009,6,16.06,16.67,17.439454545454545,2009-06-29,Anomaly Persistence,14,2009
2009-06-16,2009,6,16.24,16.84,17.516727272727273,2009-06-30,Anomaly Persistence,14,2009
2009-06-17,2009,6,16.46,17.07,17.56386363636364,2009-07-01,Anomaly Persistence,14,2009
2009-06-18,2009,6,16.57,17.6,17.669333333333334,2009-07-02,Anomaly Persistence,14,2009
2009-06-19,2009,6,16.57,17.98,17.623712121212122,2009-07-03,Anomaly Persistence,14,2009
2009-06-20,2009,6,16.43,18.57,17.438499999999998,2009-07-04,Anomaly Persistence,14,2009
2009-06-21,2009,6,16.26,18.67,17.269272727272728,2009-07-05,Anomaly Persistence,14,2009
2009-06-22,2009,6,16.22,18.83,17.267772727272725,2009-07-06,Anomaly Persistence,14,2009
2009-06-23,2009,6,16.11,18.91,17.182393939393936,2009-07-07,Anomaly Persistence,14,2009
2009-06-24,2009,6,16.22,18.83,17.267484848484848,2009-07-08,Anomaly Persistence,14,2009
2009-06-25,2009,6,16.27,18.57,17.261090909090907,2009-07-09,Anomaly Persistence,14,2009
2009-06-26,2009,6,16.31,18.44,17.239454545454546,2009-07-10,Anomaly Persistence,14,2009
2009-06-27,2009,6,16.22,18.32,17.09933333333333,2009-07-11,Anomaly Persistence,14,2009
2009-06-28,2009,6,16.3,18.28,17.018818181818183,2009-07-12,Anomaly Persistence,14,2009
2009-06-29,2009,6,16.67,18.25,17.30768181818182,2009-07-13,Anomaly Persistence,14,2009
2009-06-30,2009,6,16.84,18.2,17.4225303030303,2009-07-14,Anomaly Persistence,14,2009
2009-07-01,2009,7,17.07,18.17,17.627833333333335,2009-07-15,Anomaly Persistence,14,2009
2009-07-02,2009,7,17.6,18.09,18.013,2009-07-16,Anomaly Persistence,14,2009
2009-07-03,2009,7,17.98,17.99,18.277166666666666,2009-07-17,Anomaly Persistence,14,2009
2009-07-04,2009,7,18.57,17.86,18.853416666666668,2009-07-18,Anomaly Persistence,14,2009
2009-07-05,2009,7,18.67,17.74,18.93716666666667,2009-07-19,Anomaly Persistence,14,2009
2009-07-06,2009,7,18.83,17.58,19.037666666666667,2009-07-20,Anomaly Persistence,14,2009
2009-07-07,2009,7,18.91,17.39,19.00366666666667,2009-07-21,Anomaly Persistence,14,2009
2009-07-08,2009,7,18.83,17.32,18.854,2009-07-22,Anomaly Persistence,14,2009
2009-07-09,2009,7,18.57,17.27,18.578666666666667,2009-07-23,Anomaly Persistence,14,2009
2009-07-10,2009,7,18.44,17.19,18.405333333333335,2009-07-24,Anomaly Persistence,14,2009
2009-07-11,2009,7,18.32,17.16,18.23916666666667,2009-07-25,Anomaly Persistence,14,2009
2009-07-12,2009,7,18.28,17.12,18.158333333333335,2009-07-26,Anomaly Persistence,14,2009
2009-07-13,2009,7,18.25,17.12,18.091833333333334,2009-07-27,Anomaly Persistence,14,2009
2009-07-14,2009,7,18.2,17.4,18.057333333333336,2009-07-28,Anomaly Persistence,14,2009
2009-07-15,2009,7,18.17,17.72,18.024333333333335,2009-07-29,Anomaly Persistence,14,2009
2009-07-16,2009,7,18.09,17.93,17.943166666666666,2009-07-30,Anomaly Persistence,14,2009
2009-07-17,2009,7,17.99,18.15,17.82833333333333,2009-07-31,Anomaly Persistence,14,2009
2009-07-18,2009,7,17.86,18.36,17.608719696969697,2009-08-01,Anomaly Persistence,14,2009
2009-07-19,2009,7,17.74,18.42,17.425015151515147,2009-08-02,Anomaly Persistence,14,2009
2009-07-20,2009,7,17.58,18.39,17.21874242424242,2009-08-03,Anomaly Persistence,14,2009
2009-07-21,2009,7,17.39,18.33,16.965757575757575,2009-08-04,Anomaly Persistence,14,2009
2009-07-22,2009,7,17.32,18.34,16.88142424242424,2009-08-05,Anomaly Persistence,14,2009
2009-07-23,2009,7,17.27,18.39,16.808878787878786,2009-08-06,Anomaly Persistence,14,2009
2009-07-24,2009,7,17.19,18.45,16.737030303030306,2009-08-07,Anomaly Persistence,14,2009
2009-07-25,2009,7,17.16,18.42,16.699136363636363,2009-08-08,Anomaly Persistence,14,2009
2009-07-26,2009,7,17.12,18.41,16.648848484848486,2009-08-09,Anomaly Persistence,14,2009
2009-07-27,2009,7,17.12,18.36,16.65230303030303,2009-08-10,Anomaly Persistence,14,2009
2009-07-28,2009,7,17.4,18.32,16.922499999999996,2009-08-11,Anomaly Persistence,14,2009
2009-07-29,2009,7,17.72,18.25,17.26451515151515,2009-08-12,Anomaly Persistence,14,2009
2009-07-30,2009,7,17.93,18.24,17.533045454545455,2009-08-13,Anomaly Persistence,14,2009
2009-07-31,2009,7,18.15,18.4,17.84042424242424,2009-08-14,Anomaly Persistence,14,2009
2009-08-01,2009,8,18.36,18.54,18.146909090909087,2009-08-15,Anomaly Persistence,14,2009
2009-08-02,2009,8,18.42,18.55,18.294000000000004,2009-08-16,Anomaly Persistence,14,2009
2009-08-03,2009,8,18.39,19.04,18.34672727272727,2009-08-17,Anomaly Persistence,14,2009
2009-08-04,2009,8,18.33,19.27,18.407090909090908,2009-08-18,Anomaly Persistence,14,2009
2009-08-05,2009,8,18.34,19.27,18.45709090909091,2009-08-19,Anomaly Persistence,14,2009
2009-08-06,2009,8,18.39,19.15,18.552818181818182,2009-08-20,Anomaly Persistence,14,2009
2009-08-07,2009,8,18.45,19.33,18.664363636363635,2009-08-21,Anomaly Persistence,14,2009
2009-08-08,2009,8,18.42,19.4,18.671454545454544,2009-08-22,Anomaly Persistence,14,2009
2009-08-09,2009,8,18.41,19.29,18.686,2009-08-23,Anomaly Persistence,14,2009
2009-08-10,2009,8,18.36,19.23,18.658363636363635,2009-08-24,Anomaly Persistence,14,2009
2009-08-11,2009,8,18.32,19.2,18.593636363636367,2009-08-25,Anomaly Persistence,14,2009
2009-08-12,2009,8,18.25,19.19,18.466727272727276,2009-08-26,Anomaly Persistence,14,2009
2009-08-13,2009,8,18.24,19.18,18.381090909090904,2009-08-27,Anomaly Persistence,14,2009
2009-08-14,2009,8,18.4,19.16,18.492363636363635,2009-08-28,Anomaly Persistence,14,2009
2009-08-15,2009,8,18.54,19.13,18.624181818181818,2009-08-29,Anomaly Persistence,14,2009
2009-08-16,2009,8,18.55,19.03,18.59018181818182,2009-08-30,Anomaly Persistence,14,2009
2009-08-17,2009,8,19.04,18.94,19.01090909090909,2009-08-31,Anomaly Persistence,14,2009
2009-08-18,2009,8,19.27,18.79,19.03781818181818,2009-09-01,Anomaly Persistence,14,2009
2009-08-19,2009,8,19.27,18.67,18.977636363636364,2009-09-02,Anomaly Persistence,14,2009
2009-08-20,2009,8,19.15,18.55,18.805818181818182,2009-09-03,Anomaly Persistence,14,2009
2009-08-21,2009,8,19.33,18.4,18.911999999999995,2009-09-04,Anomaly Persistence,14,2009
2009-08-22,2009,8,19.4,18.29,18.959636363636363,2009-09-05,Anomaly Persistence,14,2009
2009-08-23,2009,8,19.29,18.07,18.87381818181818,2009-09-06,Anomaly Persistence,14,2009
2009-08-24,2009,8,19.23,17.96,18.84218181818182,2009-09-07,Anomaly Persistence,14,2009
2009-08-25,2009,8,19.2,17.74,18.87654545454545,2009-09-08,Anomaly Persistence,14,2009
2009-08-26,2009,8,19.19,17.61,18.935636363636362,2009-09-09,Anomaly Persistence,14,2009
2009-08-27,2009,8,19.18,17.52,18.954545454545457,2009-09-10,Anomaly Persistence,14,2009
2009-08-28,2009,8,19.16,17.31,18.936545454545456,2009-09-11,Anomaly Persistence,14,2009
2009-08-29,2009,8,19.13,17.25,18.922727272727272,2009-09-12,Anomaly Persistence,14,2009
2009-08-30,2009,8,19.03,17.14,18.82109090909091,2009-09-13,Anomaly Persistence,14,2009
2009-08-31,2009,8,18.94,17.14,18.73309090909091,2009-09-14,Anomaly Persistence,14,2009
2009-09-01,2009,9,18.79,17.07,18.775090909090906,2009-09-15,Anomaly Persistence,14,2009
2009-09-02,2009,9,18.67,17.0,18.689636363636364,2009-09-16,Anomaly Persistence,14,2009
2009-09-03,2009,9,18.55,16.94,18.614363636363635,2009-09-17,Anomaly Persistence,14,2009
2009-09-04,2009,9,18.4,16.93,18.45927272727273,2009-09-18,Anomaly Persistence,14,2009
2009-09-05,2009,9,18.29,16.99,18.311818181818182,2009-09-19,Anomaly Persistence,14,2009
2009-09-06,2009,9,18.07,17.2,18.06981818181818,2009-09-20,Anomaly Persistence,14,2009
2009-09-07,2009,9,17.96,17.3,17.853272727272728,2009-09-21,Anomaly Persistence,14,2009
2009-09-08,2009,9,17.74,17.3,17.58690909090909,2009-09-22,Anomaly Persistence,14,2009
2009-09-09,2009,9,17.61,17.23,17.422,2009-09-23,Anomaly Persistence,14,2009
2009-09-10,2009,9,17.52,17.31,17.30890909090909,2009-09-24,Anomaly Persistence,14,2009
2009-09-11,2009,9,17.31,17.51,17.054909090909092,2009-09-25,Anomaly Persistence,14,2009
2009-09-12,2009,9,17.25,17.63,16.959636363636367,2009-09-26,Anomaly Persistence,14,2009
2009-09-13,2009,9,17.14,17.65,16.94527272727273,2009-09-27,Anomaly Persistence,14,2009
2009-09-14,2009,9,17.14,17.57,17.000363636363637,2009-09-28,Anomaly Persistence,14,2009
2009-09-15,2009,9,17.07,17.46,16.883636363636366,2009-09-29,Anomaly Persistence,14,2009
2009-09-16,2009,9,17.0,17.24,16.79290909090909,2009-09-30,Anomaly Persistence,14,2009
2009-09-17,2009,9,16.94,17.12,16.701636363636368,2009-10-01,Anomaly Persistence,14,2009
2009-09-18,2009,9,16.93,17.02,16.513199999999998,2009-10-02,Anomaly Persistence,14,2009
2009-09-19,2009,9,16.99,16.92,16.495654545454542,2009-10-03,Anomaly Persistence,14,2009
2009-09-20,2009,9,17.2,16.76,16.57478181818182,2009-10-04,Anomaly Persistence,14,2009
2009-09-21,2009,9,17.3,16.62,16.573545454545453,2009-10-05,Anomaly Persistence,14,2009
2009-09-22,2009,9,17.3,16.47,16.415309090909094,2009-10-06,Anomaly Persistence,14,2009
2009-09-23,2009,9,17.23,16.36,16.236654545454545,2009-10-07,Anomaly Persistence,14,2009
2009-09-24,2009,9,17.31,16.62,16.27430909090909,2009-10-08,Anomaly Persistence,14,2009
2009-09-25,2009,9,17.51,17.56,16.496890909090908,2009-10-09,Anomaly Persistence,14,2009
2009-09-26,2009,9,17.63,17.67,16.543309090909087,2009-10-10,Anomaly Persistence,14,2009
2009-09-27,2009,9,17.65,17.41,16.371672727272724,2009-10-11,Anomaly Persistence,14,2009
2009-09-28,2009,9,17.57,17.26,16.1466,2009-10-12,Anomaly Persistence,14,2009
2009-09-29,2009,9,17.46,17.14,15.935072727272726,2009-10-13,Anomaly Persistence,14,2009
2009-09-30,2009,9,17.24,17.21,15.700436363636364,2009-10-14,Anomaly Persistence,14,2009
2009-10-01,2009,10,17.12,17.33,15.598418181818182,2009-10-15,Anomaly Persistence,14,2009
2009-10-02,2009,10,17.02,17.34,15.694200000000002,2009-10-16,Anomaly Persistence,14,2009
2009-10-03,2009,10,16.92,17.25,15.675400000000003,2009-10-17,Anomaly Persistence,14,2009
2009-10-04,2009,10,16.76,17.08,15.567600000000002,2009-10-18,Anomaly Persistence,14,2009
2009-10-05,2009,10,16.62,16.9,15.523600000000002,2009-10-19,Anomaly Persistence,14,2009
2009-10-06,2009,10,16.47,16.68,15.432199999999998,2009-10-20,Anomaly Persistence,14,2009
2009-10-07,2009,10,16.36,16.48,15.357,2009-10-21,Anomaly Persistence,14,2009
2009-10-08,2009,10,16.62,16.27,15.600400000000004,2009-10-22,Anomaly Persistence,14,2009
2009-10-09,2009,10,17.56,16.16,16.4336,2009-10-23,Anomaly Persistence,14,2009
2009-10-10,2009,10,17.67,16.08,16.502200000000002,2009-10-24,Anomaly Persistence,14,2009
2009-10-11,2009,10,17.41,16.0,16.269199999999998,2009-10-25,Anomaly Persistence,14,2009
2009-10-12,2009,10,17.26,15.96,16.1704,2009-10-26,Anomaly Persistence,14,2009
2009-10-13,2009,10,17.14,15.93,16.113400000000002,2009-10-27,Anomaly Persistence,14,2009
2009-10-14,2009,10,17.21,15.8,16.177,2009-10-28,Anomaly Persistence,14,2009
2009-10-15,2009,10,17.33,15.73,16.267200000000003,2009-10-29,Anomaly Persistence,14,2009
2009-10-16,2009,10,17.34,15.65,16.275,2009-10-30,Anomaly Persistence,14,2009
2009-10-17,2009,10,17.25,15.58,16.1766,2009-10-31,Anomaly Persistence,14,2009
2009-10-18,2009,10,17.08,15.49,16.109072727272725,2009-11-01,Anomaly Persistence,14,2009
2009-10-19,2009,10,16.9,15.42,15.978233333333332,2009-11-02,Anomaly Persistence,14,2009
2009-10-20,2009,10,16.68,15.37,15.805066666666667,2009-11-03,Anomaly Persistence,14,2009
2009-10-21,2009,10,16.48,15.28,15.639133333333335,2009-11-04,Anomaly Persistence,14,2009
2009-10-22,2009,10,16.27,15.22,15.43453333333333,2009-11-05,Anomaly Persistence,14,2009
2009-10-23,2009,10,16.16,15.17,15.363933333333334,2009-11-06,Anomaly Persistence,14,2009
2009-10-24,2009,10,16.08,15.13,15.3304,2009-11-07,Anomaly Persistence,14,2009
2009-10-25,2009,10,16.0,15.07,15.2889,2009-11-08,Anomaly Persistence,14,2009
2009-10-26,2009,10,15.96,15.04,15.232833333333335,2009-11-09,Anomaly Persistence,14,2009
2009-10-27,2009,10,15.93,15.01,15.193633333333333,2009-11-10,Anomaly Persistence,14,2009
2009-10-28,2009,10,15.8,14.95,15.054366666666668,2009-11-11,Anomaly Persistence,14,2009
2009-10-29,2009,10,15.73,14.9,14.971699999999998,2009-11-12,Anomaly Persistence,14,2009
2009-10-30,2009,10,15.65,14.85,14.8746,2009-11-13,Anomaly Persistence,14,2009
2009-10-31,2009,10,15.58,14.8,14.785800000000002,2009-11-14,Anomaly Persistence,14,2009
2009-11-01,2009,11,15.49,14.74,14.617060606060607,2009-11-15,Anomaly Persistence,14,2009
2009-11-02,2009,11,15.42,14.7,14.539333333333332,2009-11-16,Anomaly Persistence,14,2009
2009-11-03,2009,11,15.37,14.67,14.497666666666666,2009-11-17,Anomaly Persistence,14,2009
2009-11-04,2009,11,15.28,14.63,14.405499999999998,2009-11-18,Anomaly Persistence,14,2009
2009-11-05,2009,11,15.22,14.62,14.379,2009-11-19,Anomaly Persistence,14,2009
2009-11-06,2009,11,15.17,14.6,14.372666666666666,2009-11-20,Anomaly Persistence,14,2009
2009-11-07,2009,11,15.13,14.59,14.372666666666667,2009-11-21,Anomaly Persistence,14,2009
2009-11-08,2009,11,15.07,14.57,14.3405,2009-11-22,Anomaly Persistence,14,2009
2009-11-09,2009,11,15.04,14.55,14.355249999999998,2009-11-23,Anomaly Persistence,14,2009
2009-11-10,2009,11,15.01,14.63,14.368333333333332,2009-11-24,Anomaly Persistence,14,2009
2009-11-11,2009,11,14.95,14.95,14.378833333333331,2009-11-25,Anomaly Persistence,14,2009
2009-11-12,2009,11,14.9,15.0,14.347833333333332,2009-11-26,Anomaly Persistence,14,2009
2009-11-13,2009,11,14.85,15.0,14.303666666666665,2009-11-27,Anomaly Persistence,14,2009
2009-11-14,2009,11,14.8,14.87,14.259333333333332,2009-11-28,Anomaly Persistence,14,2009
2009-11-15,2009,11,14.74,14.73,14.221333333333336,2009-11-29,Anomaly Persistence,14,2009
2009-11-16,2009,11,14.7,14.64,14.192833333333335,2009-11-30,Anomaly Persistence,14,2009
2009-11-17,2009,11,14.67,14.61,14.222848484848484,2009-12-01,Anomaly Persistence,14,2009
2009-11-18,2009,11,14.63,14.52,14.191530303030303,2009-12-02,Anomaly Persistence,14,2009
2009-11-19,2009,11,14.62,14.48,14.191121212121212,2009-12-03,Anomaly Persistence,14,2009
2009-11-20,2009,11,14.6,14.4,14.173090909090911,2009-12-04,Anomaly Persistence,14,2009
2009-11-21,2009,11,14.59,14.38,14.168151515151514,2009-12-05,Anomaly Persistence,14,2009
2009-11-22,2009,11,14.57,14.35,14.157545454545456,2009-12-06,Anomaly Persistence,14,2009
2009-11-23,2009,11,14.55,14.31,14.145280303030304,2009-12-07,Anomaly Persistence,14,2009
2009-11-24,2009,11,14.63,14.29,14.22210606060606,2009-12-08,Anomaly Persistence,14,2009
2009-11-25,2009,11,14.95,14.27,14.507727272727275,2009-12-09,Anomaly Persistence,14,2009
2009-11-26,2009,11,15.0,14.25,14.551939393939396,2009-12-10,Anomaly Persistence,14,2009
2009-11-27,2009,11,15.0,14.22,14.557515151515151,2009-12-11,Anomaly Persistence,14,2009
2009-11-28,2009,11,14.87,14.2,14.441212121212121,2009-12-12,Anomaly Persistence,14,2009
2009-11-29,2009,11,14.73,14.17,14.310515151515151,2009-12-13,Anomaly Persistence,14,2009
2009-11-30,2009,11,14.64,14.16,14.237363636363638,2009-12-14,Anomaly Persistence,14,2009
2009-12-01,2009,12,14.61,14.13,14.17290909090909,2009-12-15,Anomaly Persistence,14,2009
2009-12-02,2009,12,14.52,14.12,14.096181818181819,2009-12-16,Anomaly Persistence,14,2009
2009-12-03,2009,12,14.48,14.11,14.070818181818183,2009-12-17,Anomaly Persistence,14,2009
2009-12-04,2009,12,14.4,14.07,14.001818181818182,2009-12-18,Anomaly Persistence,14,2009
2009-12-05,2009,12,14.38,14.05,13.991636363636365,2009-12-19,Anomaly Persistence,14,2009
2009-12-06,2009,12,14.35,14.01,13.964727272727272,2009-12-20,Anomaly Persistence,14,2009
2009-12-07,2009,12,14.31,13.98,13.928181818181818,2009-12-21,Anomaly Persistence,14,2009
2009-12-08,2009,12,14.29,13.96,13.92,2009-12-22,Anomaly Persistence,14,2009
2009-12-09,2009,12,14.27,13.94,13.910909090909088,2009-12-23,Anomaly Persistence,14,2009
2009-12-10,2009,12,14.25,13.92,13.905454545454544,2009-12-24,Anomaly Persistence,14,2009
2009-12-11,2009,12,14.22,13.92,13.885454545454548,2009-12-25,Anomaly Persistence,14,2009
2009-12-12,2009,12,14.2,13.91,13.874727272727272,2009-12-26,Anomaly Persistence,14,2009
2009-12-13,2009,12,14.17,13.9,13.856727272727271,2009-12-27,Anomaly Persistence,14,2009
2009-12-14,2009,12,14.16,13.89,13.850363636363635,2009-12-28,Anomaly Persistence,14,2009
2009-12-15,2009,12,14.13,13.89,13.826,2009-12-29,Anomaly Persistence,14,2009
2009-12-16,2009,12,14.12,13.88,13.82290909090909,2009-12-30,Anomaly Persistence,14,2009
2009-12-17,2009,12,14.11,13.85,13.80581818181818,2009-12-31,Anomaly Persistence,14,2009
2009-12-18,2009,12,14.07,13.83,13.778257575757575,2010-01-01,Anomaly Persistence,14,2009
2009-12-19,2009,12,14.05,13.79,13.749045454545454,2010-01-02,Anomaly Persistence,14,2009
2009-12-20,2009,12,14.01,13.76,13.713227272727272,2010-01-03,Anomaly Persistence,14,2009
2009-12-21,2009,12,13.98,13.73,13.689621212121212,2010-01-04,Anomaly Persistence,14,2009
2009-12-22,2009,12,13.96,13.71,13.664060606060607,2010-01-05,Anomaly Persistence,14,2009
2009-12-23,2009,12,13.94,13.69,13.642363636363637,2010-01-06,Anomaly Persistence,14,2009
2009-12-24,2009,12,13.92,13.67,13.624272727272727,2010-01-07,Anomaly Persistence,14,2009
2009-12-25,2009,12,13.92,13.65,13.622196969696969,2010-01-08,Anomaly Persistence,14,2009
2009-12-26,2009,12,13.91,13.63,13.61139393939394,2010-01-09,Anomaly Persistence,14,2009
2009-12-27,2009,12,13.9,13.62,13.600590909090911,2010-01-10,Anomaly Persistence,14,2009
2009-12-28,2009,12,13.89,13.6,13.595856060606062,2010-01-11,Anomaly Persistence,14,2009
2009-12-29,2009,12,13.89,13.58,13.601242424242425,2010-01-12,Anomaly Persistence,14,2009
2009-12-30,2009,12,13.88,13.56,13.59696212121212,2010-01-13,Anomaly Persistence,14,2009
2009-12-31,2009,12,13.85,13.54,13.578242424242424,2010-01-14,Anomaly Persistence,14,2009
2010-01-01,2010,1,13.83,13.53,13.556083333333333,2010-01-15,Anomaly Persistence,14,2010
2010-01-02,2010,1,13.79,13.52,13.527166666666666,2010-01-16,Anomaly Persistence,14,2010
2010-01-03,2010,1,13.76,13.5,13.501666666666667,2010-01-17,Anomaly Persistence,14,2010
2010-01-04,2010,1,13.73,13.48,13.472833333333336,2010-01-18,Anomaly Persistence,14,2010
2010-01-05,2010,1,13.71,13.46,13.461166666666669,2010-01-19,Anomaly Persistence,14,2010
2010-01-06,2010,1,13.69,13.45,13.444333333333331,2010-01-20,Anomaly Persistence,14,2010
2010-01-07,2010,1,13.67,13.43,13.422,2010-01-21,Anomaly Persistence,14,2010
2010-01-08,2010,1,13.65,13.42,13.403166666666667,2010-01-22,Anomaly Persistence,14,2010
2010-01-09,2010,1,13.63,13.41,13.386833333333334,2010-01-23,Anomaly Persistence,14,2010
2010-01-10,2010,1,13.62,13.39,13.386999999999997,2010-01-24,Anomaly Persistence,14,2010
2010-01-11,2010,1,13.6,13.37,13.368416666666665,2010-01-25,Anomaly Persistence,14,2010
2010-01-12,2010,1,13.58,13.36,13.347333333333333,2010-01-26,Anomaly Persistence,14,2010
2010-01-13,2010,1,13.56,13.35,13.328416666666667,2010-01-27,Anomaly Persistence,14,2010
2010-01-14,2010,1,13.54,13.34,13.315333333333333,2010-01-28,Anomaly Persistence,14,2010
2010-01-15,2010,1,13.53,13.32,13.30725,2010-01-29,Anomaly Persistence,14,2010
2010-01-16,2010,1,13.52,13.3,13.3075,2010-01-30,Anomaly Persistence,14,2010
2010-01-17,2010,1,13.5,13.28,13.292833333333334,2010-01-31,Anomaly Persistence,14,2010
2010-01-18,2010,1,13.48,13.27,13.304272727272727,2010-02-01,Anomaly Persistence,14,2010
2010-01-19,2010,1,13.46,13.25,13.282045454545456,2010-02-02,Anomaly Persistence,14,2010
2010-01-20,2010,1,13.45,13.24,13.276757575757575,2010-02-03,Anomaly Persistence,14,2010
2010-01-21,2010,1,13.43,13.22,13.264454545454544,2010-02-04,Anomaly Persistence,14,2010
2010-01-22,2010,1,13.42,13.2,13.265,2010-02-05,Anomaly Persistence,14,2010
2010-01-23,2010,1,13.41,13.19,13.260136363636363,2010-02-06,Anomaly Persistence,14,2010
2010-01-24,2010,1,13.39,13.18,13.23968181818182,2010-02-07,Anomaly Persistence,14,2010
2010-01-25,2010,1,13.37,13.17,13.221363636363636,2010-02-08,Anomaly Persistence,14,2010
2010-01-26,2010,1,13.36,13.15,13.21342424242424,2010-02-09,Anomaly Persistence,14,2010
2010-01-27,2010,1,13.35,13.14,13.207166666666668,2010-02-10,Anomaly Persistence,14,2010
2010-01-28,2010,1,13.34,13.13,13.197333333333333,2010-02-11,Anomaly Persistence,14,2010
2010-01-29,2010,1,13.32,13.11,13.175500000000001,2010-02-12,Anomaly Persistence,14,2010
2010-01-30,2010,1,13.3,13.1,13.149742424242424,2010-02-13,Anomaly Persistence,14,2010
2010-01-31,2010,1,13.28,13.09,13.126636363636363,2010-02-14,Anomaly Persistence,14,2010
2010-02-01,2010,2,13.27,13.08,13.09381818181818,2010-02-15,Anomaly Persistence,14,2010
2010-02-02,2010,2,13.25,13.08,13.074909090909088,2010-02-16,Anomaly Persistence,14,2010
2010-02-03,2010,2,13.24,13.07,13.064909090909092,2010-02-17,Anomaly Persistence,14,2010
2010-02-04,2010,2,13.22,13.06,13.050545454545455,2010-02-18,Anomaly Persistence,14,2010
2010-02-05,2010,2,13.2,13.05,13.045454545454543,2010-02-19,Anomaly Persistence,14,2010
2010-02-06,2010,2,13.19,13.05,13.056909090909091,2010-02-20,Anomaly Persistence,14,2010
2010-02-07,2010,2,13.18,13.04,13.05709090909091,2010-02-21,Anomaly Persistence,14,2010
2010-02-08,2010,2,13.17,13.03,13.047454545454547,2010-02-22,Anomaly Persistence,14,2010
2010-02-09,2010,2,13.15,13.03,13.028000000000002,2010-02-23,Anomaly Persistence,14,2010
2010-02-10,2010,2,13.14,13.03,13.018181818181818,2010-02-24,Anomaly Persistence,14,2010
2010-02-11,2010,2,13.13,13.03,13.01890909090909,2010-02-25,Anomaly Persistence,14,2010
2010-02-12,2010,2,13.11,13.03,13.021999999999997,2010-02-26,Anomaly Persistence,14,2010
2010-02-13,2010,2,13.1,13.04,13.040545454545455,2010-02-27,Anomaly Persistence,14,2010
2010-02-14,2010,2,13.09,13.04,13.059090909090909,2010-02-28,Anomaly Persistence,14,2010
2010-02-15,2010,2,13.08,13.04,13.06509090909091,2010-03-01,Anomaly Persistence,14,2010
2010-02-16,2010,2,13.08,13.04,13.085818181818185,2010-03-02,Anomaly Persistence,14,2010
2010-02-17,2010,2,13.07,13.05,13.116545454545456,2010-03-03,Anomaly Persistence,14,2010
2010-02-18,2010,2,13.06,13.05,13.12618181818182,2010-03-04,Anomaly Persistence,14,2010
2010-02-19,2010,2,13.05,13.07,13.113818181818182,2010-03-05,Anomaly Persistence,14,2010
2010-02-20,2010,2,13.05,13.1,13.117090909090908,2010-03-06,Anomaly Persistence,14,2010
2010-02-21,2010,2,13.04,13.12,13.11963636363636,2010-03-07,Anomaly Persistence,14,2010
2010-02-22,2010,2,13.03,13.14,13.139636363636361,2010-03-08,Anomaly Persistence,14,2010
2010-02-23,2010,2,13.03,13.16,13.171636363636363,2010-03-09,Anomaly Persistence,14,2010
2010-02-24,2010,2,13.03,13.19,13.19381818181818,2010-03-10,Anomaly Persistence,14,2010
2010-02-25,2010,2,13.03,13.22,13.197636363636365,2010-03-11,Anomaly Persistence,14,2010
2010-02-26,2010,2,13.03,13.27,13.202545454545456,2010-03-12,Anomaly Persistence,14,2010
2010-02-27,2010,2,13.04,13.43,13.251090909090909,2010-03-13,Anomaly Persistence,14,2010
2010-02-28,2010,2,13.04,13.55,13.277818181818178,2010-03-14,Anomaly Persistence,14,2010
2010-03-01,2010,3,13.04,13.66,13.287999999999998,2010-03-15,Anomaly Persistence,14,2010
2010-03-02,2010,3,13.04,13.7,13.278909090909089,2010-03-16,Anomaly Persistence,14,2010
2010-03-03,2010,3,13.05,13.7,13.250545454545456,2010-03-17,Anomaly Persistence,14,2010
2010-03-04,2010,3,13.05,13.64,13.236363636363638,2010-03-18,Anomaly Persistence,14,2010
2010-03-05,2010,3,13.07,13.58,13.26618181818182,2010-03-19,Anomaly Persistence,14,2010
2010-03-06,2010,3,13.1,13.53,13.301454545454547,2010-03-20,Anomaly Persistence,14,2010
2010-03-07,2010,3,13.12,13.48,13.318909090909091,2010-03-21,Anomaly Persistence,14,2010
2010-03-08,2010,3,13.14,13.46,13.328000000000001,2010-03-22,Anomaly Persistence,14,2010
2010-03-09,2010,3,13.16,13.46,13.337636363636364,2010-03-23,Anomaly Persistence,14,2010
2010-03-10,2010,3,13.19,13.46,13.380727272727274,2010-03-24,Anomaly Persistence,14,2010
2010-03-11,2010,3,13.22,13.45,13.447818181818183,2010-03-25,Anomaly Persistence,14,2010
2010-03-12,2010,3,13.27,13.45,13.52090909090909,2010-03-26,Anomaly Persistence,14,2010
2010-03-13,2010,3,13.43,13.45,13.682727272727272,2010-03-27,Anomaly Persistence,14,2010
2010-03-14,2010,3,13.55,13.53,13.840727272727275,2010-03-28,Anomaly Persistence,14,2010
2010-03-15,2010,3,13.66,13.65,13.973454545454544,2010-03-29,Anomaly Persistence,14,2010
2010-03-16,2010,3,13.7,13.77,14.029454545454543,2010-03-30,Anomaly Persistence,14,2010
2010-03-17,2010,3,13.7,13.97,14.067818181818181,2010-03-31,Anomaly Persistence,14,2010
2010-03-18,2010,3,13.64,14.42,14.061272727272726,2010-04-01,Anomaly Persistence,14,2010
2010-03-19,2010,3,13.58,14.8,14.055636363636363,2010-04-02,Anomaly Persistence,14,2010
2010-03-20,2010,3,13.53,15.07,14.048,2010-04-03,Anomaly Persistence,14,2010
2010-03-21,2010,3,13.48,15.17,14.02818181818182,2010-04-04,Anomaly Persistence,14,2010
2010-03-22,2010,3,13.46,15.17,14.040727272727272,2010-04-05,Anomaly Persistence,14,2010
2010-03-23,2010,3,13.46,15.09,14.072636363636365,2010-04-06,Anomaly Persistence,14,2010
2010-03-24,2010,3,13.46,15.16,14.11709090909091,2010-04-07,Anomaly Persistence,14,2010
2010-03-25,2010,3,13.45,15.4,14.157272727272726,2010-04-08,Anomaly Persistence,14,2010
2010-03-26,2010,3,13.45,15.57,14.226727272727274,2010-04-09,Anomaly Persistence,14,2010
2010-03-27,2010,3,13.45,15.65,14.249999999999998,2010-04-10,Anomaly Persistence,14,2010
2010-03-28,2010,3,13.53,15.65,14.273454545454545,2010-04-11,Anomaly Persistence,14,2010
2010-03-29,2010,3,13.65,15.68,14.362363636363638,2010-04-12,Anomaly Persistence,14,2010
2010-03-30,2010,3,13.77,15.78,14.49909090909091,2010-04-13,Anomaly Persistence,14,2010
2010-03-31,2010,3,13.97,15.79,14.702727272727273,2010-04-14,Anomaly Persistence,14,2010
2010-04-01,2010,4,14.42,15.69,15.172909090909092,2010-04-15,Anomaly Persistence,14,2010
2010-04-02,2010,4,14.8,15.57,15.558181818181819,2010-04-16,Anomaly Persistence,14,2010
2010-04-03,2010,4,15.07,15.56,15.815818181818182,2010-04-17,Anomaly Persistence,14,2010
2010-04-04,2010,4,15.17,15.74,15.909999999999998,2010-04-18,Anomaly Persistence,14,2010
2010-04-05,2010,4,15.17,15.74,15.89709090909091,2010-04-19,Anomaly Persistence,14,2010
2010-04-06,2010,4,15.09,15.96,15.881363636363636,2010-04-20,Anomaly Persistence,14,2010
2010-04-07,2010,4,15.16,16.21,15.976363636363637,2010-04-21,Anomaly Persistence,14,2010
2010-04-08,2010,4,15.4,16.4,16.216,2010-04-22,Anomaly Persistence,14,2010
2010-04-09,2010,4,15.57,16.48,16.30309090909091,2010-04-23,Anomaly Persistence,14,2010
2010-04-10,2010,4,15.65,16.55,16.347818181818184,2010-04-24,Anomaly Persistence,14,2010
2010-04-11,2010,4,15.65,16.55,16.363,2010-04-25,Anomaly Persistence,14,2010
2010-04-12,2010,4,15.68,16.65,16.479636363636363,2010-04-26,Anomaly Persistence,14,2010
2010-04-13,2010,4,15.78,17.43,16.712363636363634,2010-04-27,Anomaly Persistence,14,2010
2010-04-14,2010,4,15.79,17.87,16.77890909090909,2010-04-28,Anomaly Persistence,14,2010
2010-04-15,2010,4,15.69,17.98,16.641999999999996,2010-04-29,Anomaly Persistence,14,2010
2010-04-16,2010,4,15.57,17.92,16.500545454545453,2010-04-30,Anomaly Persistence,14,2010
2010-04-17,2010,4,15.56,17.69,16.604490909090906,2010-05-01,Anomaly Persistence,14,2010
2010-04-18,2010,4,15.74,17.44,16.8576,2010-05-02,Anomaly Persistence,14,2010
2010-04-19,2010,4,15.74,17.03,16.828127272727272,2010-05-03,Anomaly Persistence,14,2010
2010-04-20,2010,4,15.96,16.76,16.960236363636362,2010-05-04,Anomaly Persistence,14,2010
2010-04-21,2010,4,16.21,16.5,17.124418181818182,2010-05-05,Anomaly Persistence,14,2010
2010-04-22,2010,4,16.4,16.25,17.227563636363634,2010-05-06,Anomaly Persistence,14,2010
2010-04-23,2010,4,16.48,16.09,17.333727272727273,2010-05-07,Anomaly Persistence,14,2010
2010-04-24,2010,4,16.55,16.03,17.40270909090909,2010-05-08,Anomaly Persistence,14,2010
2010-04-25,2010,4,16.55,16.12,17.371672727272728,2010-05-09,Anomaly Persistence,14,2010
2010-04-26,2010,4,16.65,16.31,17.388163636363636,2010-05-10,Anomaly Persistence,14,2010
2010-04-27,2010,4,17.43,16.33,18.020909090909093,2010-05-11,Anomaly Persistence,14,2010
2010-04-28,2010,4,17.87,16.27,18.37965454545455,2010-05-12,Anomaly Persistence,14,2010
2010-04-29,2010,4,17.98,16.24,18.39007272727273,2010-05-13,Anomaly Persistence,14,2010
2010-04-30,2010,4,17.92,16.24,18.22438181818182,2010-05-14,Anomaly Persistence,14,2010
2010-05-01,2010,5,17.69,16.33,17.803600000000003,2010-05-15,Anomaly Persistence,14,2010
2010-05-02,2010,5,17.44,16.84,17.5006,2010-05-16,Anomaly Persistence,14,2010
2010-05-03,2010,5,17.03,17.47,17.2094,2010-05-17,Anomaly Persistence,14,2010
2010-05-04,2010,5,16.76,17.8,17.019000000000002,2010-05-18,Anomaly Persistence,14,2010
2010-05-05,2010,5,16.5,17.97,16.826,2010-05-19,Anomaly Persistence,14,2010
2010-05-06,2010,5,16.25,18.16,16.6038,2010-05-20,Anomaly Persistence,14,2010
2010-05-07,2010,5,16.09,18.2,16.428399999999996,2010-05-21,Anomaly Persistence,14,2010
2010-05-08,2010,5,16.03,18.0,16.376200000000004,2010-05-22,Anomaly Persistence,14,2010
2010-05-09,2010,5,16.12,17.65,16.5374,2010-05-23,Anomaly Persistence,14,2010
2010-05-10,2010,5,16.31,17.6,16.7906,2010-05-24,Anomaly Persistence,14,2010
2010-05-11,2010,5,16.33,17.7,16.8418,2010-05-25,Anomaly Persistence,14,2010
2010-05-12,2010,5,16.27,18.04,16.8492,2010-05-26,Anomaly Persistence,14,2010
2010-05-13,2010,5,16.24,18.18,16.9794,2010-05-27,Anomaly Persistence,14,2010
2010-05-14,2010,5,16.24,18.08,17.1968,2010-05-28,Anomaly Persistence,14,2010
2010-05-15,2010,5,16.33,17.84,17.377599999999997,2010-05-29,Anomaly Persistence,14,2010
2010-05-16,2010,5,16.84,17.64,17.8828,2010-05-30,Anomaly Persistence,14,2010
2010-05-17,2010,5,17.47,17.58,18.41,2010-05-31,Anomaly Persistence,14,2010
2010-05-18,2010,5,17.8,17.44,18.632945454545457,2010-06-01,Anomaly Persistence,14,2010
2010-05-19,2010,5,17.97,17.38,18.757400000000004,2010-06-02,Anomaly Persistence,14,2010
2010-05-20,2010,5,18.16,17.44,18.978272727272724,2010-06-03,Anomaly Persistence,14,2010
2010-05-21,2010,5,18.2,17.41,18.987327272727274,2010-06-04,Anomaly Persistence,14,2010
2010-05-22,2010,5,18.0,17.57,18.763090909090906,2010-06-05,Anomaly Persistence,14,2010
2010-05-23,2010,5,17.65,17.76,18.42538181818182,2010-06-06,Anomaly Persistence,14,2010
2010-05-24,2010,5,17.6,18.0,18.425054545454547,2010-06-07,Anomaly Persistence,14,2010
2010-05-25,2010,5,17.7,18.2,18.606381818181816,2010-06-08,Anomaly Persistence,14,2010
2010-05-26,2010,5,18.04,18.2,18.965872727272725,2010-06-09,Anomaly Persistence,14,2010
2010-05-27,2010,5,18.18,18.33,19.040163636363634,2010-06-10,Anomaly Persistence,14,2010
2010-05-28,2010,5,18.08,18.75,18.827545454545454,2010-06-11,Anomaly Persistence,14,2010
2010-05-29,2010,5,17.84,18.93,18.557036363636367,2010-06-12,Anomaly Persistence,14,2010
2010-05-30,2010,5,17.64,18.92,18.28318181818182,2010-06-13,Anomaly Persistence,14,2010
2010-05-31,2010,5,17.58,18.65,18.185563636363636,2010-06-14,Anomaly Persistence,14,2010
2010-06-01,2010,6,17.44,18.45,18.085818181818183,2010-06-15,Anomaly Persistence,14,2010
2010-06-02,2010,6,17.38,18.34,18.146909090909087,2010-06-16,Anomaly Persistence,14,2010
2010-06-03,2010,6,17.44,18.31,18.33836363636364,2010-06-17,Anomaly Persistence,14,2010
2010-06-04,2010,6,17.41,18.32,18.439272727272726,2010-06-18,Anomaly Persistence,14,2010
2010-06-05,2010,6,17.57,18.44,18.71636363636364,2010-06-19,Anomaly Persistence,14,2010
2010-06-06,2010,6,17.76,18.44,18.888818181818184,2010-06-20,Anomaly Persistence,14,2010
2010-06-07,2010,6,18.0,18.57,19.007272727272728,2010-06-21,Anomaly Persistence,14,2010
2010-06-08,2010,6,18.2,18.55,19.106545454545454,2010-06-22,Anomaly Persistence,14,2010
2010-06-09,2010,6,18.2,18.51,19.082,2010-06-23,Anomaly Persistence,14,2010
2010-06-10,2010,6,18.33,18.61,19.25981818181818,2010-06-24,Anomaly Persistence,14,2010
2010-06-11,2010,6,18.75,18.61,19.694363636363637,2010-06-25,Anomaly Persistence,14,2010
2010-06-12,2010,6,18.93,18.65,19.928909090909087,2010-06-26,Anomaly Persistence,14,2010
2010-06-13,2010,6,18.92,18.74,20.045818181818184,2010-06-27,Anomaly Persistence,14,2010
2010-06-14,2010,6,18.65,19.31,19.97781818181818,2010-06-28,Anomaly Persistence,14,2010
2010-06-15,2010,6,18.45,19.61,19.829454545454546,2010-06-29,Anomaly Persistence,14,2010
2010-06-16,2010,6,18.34,19.59,19.616727272727275,2010-06-30,Anomaly Persistence,14,2010
2010-06-17,2010,6,18.31,19.51,19.413863636363637,2010-07-01,Anomaly Persistence,14,2010
2010-06-18,2010,6,18.32,19.47,19.419333333333334,2010-07-02,Anomaly Persistence,14,2010
2010-06-19,2010,6,18.44,19.42,19.493712121212123,2010-07-03,Anomaly Persistence,14,2010
2010-06-20,2010,6,18.44,19.45,19.4485,2010-07-04,Anomaly Persistence,14,2010
2010-06-21,2010,6,18.57,19.44,19.579272727272727,2010-07-05,Anomaly Persistence,14,2010
2010-06-22,2010,6,18.55,19.35,19.597772727272726,2010-07-06,Anomaly Persistence,14,2010
2010-06-23,2010,6,18.51,19.24,19.58239393939394,2010-07-07,Anomaly Persistence,14,2010
2010-06-24,2010,6,18.61,19.08,19.65748484848485,2010-07-08,Anomaly Persistence,14,2010
2010-06-25,2010,6,18.61,19.05,19.601090909090907,2010-07-09,Anomaly Persistence,14,2010
2010-06-26,2010,6,18.65,19.05,19.579454545454546,2010-07-10,Anomaly Persistence,14,2010
2010-06-27,2010,6,18.74,19.26,19.61933333333333,2010-07-11,Anomaly Persistence,14,2010
2010-06-28,2010,6,19.31,19.42,20.02881818181818,2010-07-12,Anomaly Persistence,14,2010
2010-06-29,2010,6,19.61,19.51,20.247681818181817,2010-07-13,Anomaly Persistence,14,2010
2010-06-30,2010,6,19.59,19.52,20.1725303030303,2010-07-14,Anomaly Persistence,14,2010
2010-07-01,2010,7,19.51,19.52,20.067833333333336,2010-07-15,Anomaly Persistence,14,2010
2010-07-02,2010,7,19.47,19.44,19.883,2010-07-16,Anomaly Persistence,14,2010
2010-07-03,2010,7,19.42,19.34,19.717166666666667,2010-07-17,Anomaly Persistence,14,2010
2010-07-04,2010,7,19.45,19.31,19.733416666666667,2010-07-18,Anomaly Persistence,14,2010
2010-07-05,2010,7,19.44,19.4,19.70716666666667,2010-07-19,Anomaly Persistence,14,2010
2010-07-06,2010,7,19.35,19.52,19.55766666666667,2010-07-20,Anomaly Persistence,14,2010
2010-07-07,2010,7,19.24,19.54,19.33366666666667,2010-07-21,Anomaly Persistence,14,2010
2010-07-08,2010,7,19.08,19.67,19.104,2010-07-22,Anomaly Persistence,14,2010
2010-07-09,2010,7,19.05,19.8,19.058666666666667,2010-07-23,Anomaly Persistence,14,2010
2010-07-10,2010,7,19.05,19.78,19.015333333333334,2010-07-24,Anomaly Persistence,14,2010
2010-07-11,2010,7,19.26,19.65,19.17916666666667,2010-07-25,Anomaly Persistence,14,2010
2010-07-12,2010,7,19.42,19.47,19.298333333333336,2010-07-26,Anomaly Persistence,14,2010
2010-07-13,2010,7,19.51,19.33,19.351833333333335,2010-07-27,Anomaly Persistence,14,2010
2010-07-14,2010,7,19.52,19.29,19.377333333333336,2010-07-28,Anomaly Persistence,14,2010
2010-07-15,2010,7,19.52,19.21,19.374333333333333,2010-07-29,Anomaly Persistence,14,2010
2010-07-16,2010,7,19.44,19.17,19.293166666666668,2010-07-30,Anomaly Persistence,14,2010
2010-07-17,2010,7,19.34,19.08,19.17833333333333,2010-07-31,Anomaly Persistence,14,2010
2010-07-18,2010,7,19.31,19.07,19.058719696969696,2010-08-01,Anomaly Persistence,14,2010
2010-07-19,2010,7,19.4,18.97,19.085015151515147,2010-08-02,Anomaly Persistence,14,2010
2010-07-20,2010,7,19.52,18.9,19.158742424242423,2010-08-03,Anomaly Persistence,14,2010
2010-07-21,2010,7,19.54,18.73,19.115757575757574,2010-08-04,Anomaly Persistence,14,2010
2010-07-22,2010,7,19.67,18.68,19.231424242424243,2010-08-05,Anomaly Persistence,14,2010
2010-07-23,2010,7,19.8,18.653,19.338878787878787,2010-08-06,Anomaly Persistence,14,2010
2010-07-24,2010,7,19.78,18.62,19.327030303030305,2010-08-07,Anomaly Persistence,14,2010
2010-07-25,2010,7,19.65,18.57,19.18913636363636,2010-08-08,Anomaly Persistence,14,2010
2010-07-26,2010,7,19.47,18.54,18.998848484848484,2010-08-09,Anomaly Persistence,14,2010
2010-07-27,2010,7,19.33,18.47,18.86230303030303,2010-08-10,Anomaly Persistence,14,2010
2010-07-28,2010,7,19.29,18.38,18.812499999999996,2010-08-11,Anomaly Persistence,14,2010
2010-07-29,2010,7,19.21,18.34,18.75451515151515,2010-08-12,Anomaly Persistence,14,2010
2010-07-30,2010,7,19.17,18.28,18.773045454545457,2010-08-13,Anomaly Persistence,14,2010
2010-07-31,2010,7,19.08,18.25,18.77042424242424,2010-08-14,Anomaly Persistence,14,2010
2010-08-01,2010,8,19.07,18.18,18.856909090909088,2010-08-15,Anomaly Persistence,14,2010
2010-08-02,2010,8,18.97,18.15,18.844,2010-08-16,Anomaly Persistence,14,2010
2010-08-03,2010,8,18.9,18.14,18.85672727272727,2010-08-17,Anomaly Persistence,14,2010
2010-08-04,2010,8,18.73,18.37,18.80709090909091,2010-08-18,Anomaly Persistence,14,2010
2010-08-05,2010,8,18.68,18.5,18.797090909090908,2010-08-19,Anomaly Persistence,14,2010
2010-08-06,2010,8,18.653,18.75,18.81581818181818,2010-08-20,Anomaly Persistence,14,2010
2010-08-07,2010,8,18.62,18.79,18.834363636363637,2010-08-21,Anomaly Persistence,14,2010
2010-08-08,2010,8,18.57,18.89,18.821454545454543,2010-08-22,Anomaly Persistence,14,2010
2010-08-09,2010,8,18.54,19.05,18.816,2010-08-23,Anomaly Persistence,14,2010
2010-08-10,2010,8,18.47,19.22,18.768363636363635,2010-08-24,Anomaly Persistence,14,2010
2010-08-11,2010,8,18.38,19.37,18.653636363636366,2010-08-25,Anomaly Persistence,14,2010
2010-08-12,2010,8,18.34,19.38,18.556727272727276,2010-08-26,Anomaly Persistence,14,2010
2010-08-13,2010,8,18.28,19.35,18.421090909090907,2010-08-27,Anomaly Persistence,14,2010
2010-08-14,2010,8,18.25,19.39,18.342363636363636,2010-08-28,Anomaly Persistence,14,2010
2010-08-15,2010,8,18.18,19.52,18.264181818181818,2010-08-29,Anomaly Persistence,14,2010
2010-08-16,2010,8,18.15,19.53,18.190181818181816,2010-08-30,Anomaly Persistence,14,2010
2010-08-17,2010,8,18.14,19.53,18.110909090909093,2010-08-31,Anomaly Persistence,14,2010
2010-08-18,2010,8,18.37,19.42,18.137818181818183,2010-09-01,Anomaly Persistence,14,2010
2010-08-19,2010,8,18.5,19.33,18.207636363636365,2010-09-02,Anomaly Persistence,14,2010
2010-08-20,2010,8,18.75,19.29,18.405818181818184,2010-09-03,Anomaly Persistence,14,2010
2010-08-21,2010,8,18.79,19.2,18.371999999999996,2010-09-04,Anomaly Persistence,14,2010
2010-08-22,2010,8,18.89,19.19,18.449636363636365,2010-09-05,Anomaly Persistence,14,2010
2010-08-23,2010,8,19.05,19.19,18.63381818181818,2010-09-06,Anomaly Persistence,14,2010
2010-08-24,2010,8,19.22,19.2,18.83218181818182,2010-09-07,Anomaly Persistence,14,2010
2010-08-25,2010,8,19.37,19.12,19.046545454545452,2010-09-08,Anomaly Persistence,14,2010
2010-08-26,2010,8,19.38,19.09,19.12563636363636,2010-09-09,Anomaly Persistence,14,2010
2010-08-27,2010,8,19.35,19.17,19.12454545454546,2010-09-10,Anomaly Persistence,14,2010
2010-08-28,2010,8,19.39,19.35,19.166545454545457,2010-09-11,Anomaly Persistence,14,2010
2010-08-29,2010,8,19.52,19.61,19.312727272727273,2010-09-12,Anomaly Persistence,14,2010
2010-08-30,2010,8,19.53,19.77,19.32109090909091,2010-09-13,Anomaly Persistence,14,2010
2010-08-31,2010,8,19.53,19.78,19.32309090909091,2010-09-14,Anomaly Persistence,14,2010
2010-09-01,2010,9,19.42,19.78,19.40509090909091,2010-09-15,Anomaly Persistence,14,2010
2010-09-02,2010,9,19.33,19.78,19.34963636363636,2010-09-16,Anomaly Persistence,14,2010
2010-09-03,2010,9,19.29,19.71,19.354363636363633,2010-09-17,Anomaly Persistence,14,2010
2010-09-04,2010,9,19.2,19.55,19.25927272727273,2010-09-18,Anomaly Persistence,14,2010
2010-09-05,2010,9,19.19,19.41,19.211818181818185,2010-09-19,Anomaly Persistence,14,2010
2010-09-06,2010,9,19.19,19.3,19.189818181818183,2010-09-20,Anomaly Persistence,14,2010
2010-09-07,2010,9,19.2,19.27,19.093272727272726,2010-09-21,Anomaly Persistence,14,2010
2010-09-08,2010,9,19.12,19.25,18.96690909090909,2010-09-22,Anomaly Persistence,14,2010
2010-09-09,2010,9,19.09,19.23,18.902,2010-09-23,Anomaly Persistence,14,2010
2010-09-10,2010,9,19.17,19.18,18.958909090909092,2010-09-24,Anomaly Persistence,14,2010
2010-09-11,2010,9,19.35,19.09,19.094909090909095,2010-09-25,Anomaly Persistence,14,2010
2010-09-12,2010,9,19.61,19.0,19.319636363636366,2010-09-26,Anomaly Persistence,14,2010
2010-09-13,2010,9,19.77,18.87,19.57527272727273,2010-09-27,Anomaly Persistence,14,2010
2010-09-14,2010,9,19.78,18.75,19.640363636363638,2010-09-28,Anomaly Persistence,14,2010
2010-09-15,2010,9,19.78,18.66,19.593636363636367,2010-09-29,Anomaly Persistence,14,2010
2010-09-16,2010,9,19.78,18.61,19.572909090909093,2010-09-30,Anomaly Persistence,14,2010
2010-11-08,2010,11,15.78,15.14,15.0505,2010-11-22,Anomaly Persistence,14,2010
2010-11-09,2010,11,15.74,15.12,15.05525,2010-11-23,Anomaly Persistence,14,2010
2010-11-10,2010,11,15.68,15.08,15.038333333333332,2010-11-24,Anomaly Persistence,14,2010
2010-11-11,2010,11,15.6,15.05,15.028833333333331,2010-11-25,Anomaly Persistence,14,2010
2010-11-12,2010,11,15.55,15.07,14.997833333333332,2010-11-26,Anomaly Persistence,14,2010
2010-11-13,2010,11,15.5,15.09,14.953666666666665,2010-11-27,Anomaly Persistence,14,2010
2010-11-14,2010,11,15.45,15.11,14.90933333333333,2010-11-28,Anomaly Persistence,14,2010
2010-11-15,2010,11,15.4,15.11,14.881333333333336,2010-11-29,Anomaly Persistence,14,2010
2010-11-16,2010,11,15.33,15.06,14.822833333333335,2010-11-30,Anomaly Persistence,14,2010
2010-11-17,2010,11,15.29,15.01,14.842848484848483,2010-12-01,Anomaly Persistence,14,2010
2010-11-18,2010,11,15.26,14.93,14.821530303030302,2010-12-02,Anomaly Persistence,14,2010
2010-11-19,2010,11,15.23,14.897,14.801121212121213,2010-12-03,Anomaly Persistence,14,2010
2010-11-20,2010,11,15.2,14.86,14.77309090909091,2010-12-04,Anomaly Persistence,14,2010
2010-11-21,2010,11,15.17,14.82,14.748151515151514,2010-12-05,Anomaly Persistence,14,2010
2010-11-22,2010,11,15.14,14.8,14.727545454545456,2010-12-06,Anomaly Persistence,14,2010
2010-11-23,2010,11,15.12,14.79,14.715280303030303,2010-12-07,Anomaly Persistence,14,2010
2010-11-24,2010,11,15.08,14.77,14.67210606060606,2010-12-08,Anomaly Persistence,14,2010
2010-11-25,2010,11,15.05,14.74,14.607727272727276,2010-12-09,Anomaly Persistence,14,2010
2010-11-26,2010,11,15.07,14.7,14.621939393939396,2010-12-10,Anomaly Persistence,14,2010
2010-11-27,2010,11,15.09,14.66,14.647515151515151,2010-12-11,Anomaly Persistence,14,2010
2010-11-28,2010,11,15.11,14.61,14.681212121212122,2010-12-12,Anomaly Persistence,14,2010
2010-11-29,2010,11,15.11,14.57,14.69051515151515,2010-12-13,Anomaly Persistence,14,2010
2010-11-30,2010,11,15.06,14.53,14.657363636363637,2010-12-14,Anomaly Persistence,14,2010
2010-12-01,2010,12,15.01,14.5,14.572909090909091,2010-12-15,Anomaly Persistence,14,2010
2010-12-02,2010,12,14.93,14.47,14.506181818181819,2010-12-16,Anomaly Persistence,14,2010
2010-12-03,2010,12,14.897,14.45,14.487818181818183,2010-12-17,Anomaly Persistence,14,2010
2010-12-04,2010,12,14.86,14.43,14.461818181818181,2010-12-18,Anomaly Persistence,14,2010
2010-12-05,2010,12,14.82,14.41,14.431636363636365,2010-12-19,Anomaly Persistence,14,2010
2010-12-06,2010,12,14.8,14.38,14.414727272727273,2010-12-20,Anomaly Persistence,14,2010
2010-12-07,2010,12,14.79,14.36,14.408181818181816,2010-12-21,Anomaly Persistence,14,2010
2010-12-08,2010,12,14.77,14.34,14.4,2010-12-22,Anomaly Persistence,14,2010
2010-12-09,2010,12,14.74,14.33,14.380909090909089,2010-12-23,Anomaly Persistence,14,2010
2010-12-10,2010,12,14.7,14.28,14.355454545454544,2010-12-24,Anomaly Persistence,14,2010
2010-12-11,2010,12,14.66,14.27,14.325454545454548,2010-12-25,Anomaly Persistence,14,2010
2010-12-12,2010,12,14.61,14.26,14.284727272727272,2010-12-26,Anomaly Persistence,14,2010
2010-12-13,2010,12,14.57,14.24,14.256727272727272,2010-12-27,Anomaly Persistence,14,2010
2010-12-14,2010,12,14.53,14.21,14.220363636363635,2010-12-28,Anomaly Persistence,14,2010
2010-12-15,2010,12,14.5,14.17,14.196,2010-12-29,Anomaly Persistence,14,2010
2010-12-16,2010,12,14.47,14.14,14.17290909090909,2010-12-30,Anomaly Persistence,14,2010
2010-12-17,2010,12,14.45,14.1,14.14581818181818,2010-12-31,Anomaly Persistence,14,2010
2010-12-18,2010,12,14.43,14.08,14.138257575757574,2011-01-01,Anomaly Persistence,14,2010
2010-12-19,2010,12,14.41,14.06,14.109045454545454,2011-01-02,Anomaly Persistence,14,2010
2010-12-20,2010,12,14.38,14.04,14.083227272727273,2011-01-03,Anomaly Persistence,14,2010
2010-12-21,2010,12,14.36,14.03,14.069621212121211,2011-01-04,Anomaly Persistence,14,2010
2010-12-22,2010,12,14.34,13.99,14.044060606060606,2011-01-05,Anomaly Persistence,14,2010
2010-12-23,2010,12,14.33,13.96,14.032363636363637,2011-01-06,Anomaly Persistence,14,2010
2010-12-24,2010,12,14.28,13.94,13.984272727272726,2011-01-07,Anomaly Persistence,14,2010
2010-12-25,2010,12,14.27,13.92,13.972196969696968,2011-01-08,Anomaly Persistence,14,2010
2010-12-26,2010,12,14.26,13.9,13.96139393939394,2011-01-09,Anomaly Persistence,14,2010
2010-12-27,2010,12,14.24,13.88,13.940590909090911,2011-01-10,Anomaly Persistence,14,2010
2010-12-28,2010,12,14.21,13.863,13.915856060606062,2011-01-11,Anomaly Persistence,14,2010
2010-12-29,2010,12,14.17,13.84,13.881242424242425,2011-01-12,Anomaly Persistence,14,2010
2010-12-30,2010,12,14.14,13.82,13.85696212121212,2011-01-13,Anomaly Persistence,14,2010
2010-12-31,2010,12,14.1,13.798,13.828242424242424,2011-01-14,Anomaly Persistence,14,2010
2011-01-01,2011,1,14.08,13.77,13.806083333333333,2011-01-15,Anomaly Persistence,14,2011
2011-01-02,2011,1,14.06,13.75,13.797166666666667,2011-01-16,Anomaly Persistence,14,2011
2011-01-03,2011,1,14.04,13.73,13.781666666666666,2011-01-17,Anomaly Persistence,14,2011
2011-01-04,2011,1,14.03,13.71,13.772833333333335,2011-01-18,Anomaly Persistence,14,2011
2011-01-05,2011,1,13.99,13.69,13.741166666666668,2011-01-19,Anomaly Persistence,14,2011
2011-01-06,2011,1,13.96,13.68,13.714333333333332,2011-01-20,Anomaly Persistence,14,2011
2011-01-07,2011,1,13.94,13.67,13.692,2011-01-21,Anomaly Persistence,14,2011
2011-01-08,2011,1,13.92,13.65,13.673166666666667,2011-01-22,Anomaly Persistence,14,2011
2011-01-09,2011,1,13.9,13.63,13.656833333333333,2011-01-23,Anomaly Persistence,14,2011
2011-01-10,2011,1,13.88,13.63,13.646999999999998,2011-01-24,Anomaly Persistence,14,2011
2011-01-11,2011,1,13.863,13.63,13.631416666666665,2011-01-25,Anomaly Persistence,14,2011
2011-01-12,2011,1,13.84,13.61,13.607333333333333,2011-01-26,Anomaly Persistence,14,2011
2011-01-13,2011,1,13.82,13.59,13.588416666666667,2011-01-27,Anomaly Persistence,14,2011
2011-01-14,2011,1,13.798,13.56,13.573333333333334,2011-01-28,Anomaly Persistence,14,2011
2011-01-15,2011,1,13.77,13.54,13.54725,2011-01-29,Anomaly Persistence,14,2011
2011-01-16,2011,1,13.75,13.52,13.5375,2011-01-30,Anomaly Persistence,14,2011
2011-01-17,2011,1,13.73,13.5,13.522833333333335,2011-01-31,Anomaly Persistence,14,2011
2011-01-18,2011,1,13.71,13.48,13.534272727272727,2011-02-01,Anomaly Persistence,14,2011
2011-01-19,2011,1,13.69,13.46,13.512045454545454,2011-02-02,Anomaly Persistence,14,2011
2011-01-20,2011,1,13.68,13.44,13.506757575757575,2011-02-03,Anomaly Persistence,14,2011
2011-01-21,2011,1,13.67,13.43,13.504454545454545,2011-02-04,Anomaly Persistence,14,2011
2011-01-22,2011,1,13.65,13.42,13.495000000000001,2011-02-05,Anomaly Persistence,14,2011
2011-01-23,2011,1,13.63,13.4,13.480136363636364,2011-02-06,Anomaly Persistence,14,2011
2011-01-24,2011,1,13.63,13.39,13.47968181818182,2011-02-07,Anomaly Persistence,14,2011
2011-01-25,2011,1,13.63,13.37,13.481363636363637,2011-02-08,Anomaly Persistence,14,2011
2011-01-26,2011,1,13.61,13.36,13.46342424242424,2011-02-09,Anomaly Persistence,14,2011
2011-01-27,2011,1,13.59,13.35,13.447166666666668,2011-02-10,Anomaly Persistence,14,2011
2011-01-28,2011,1,13.56,13.33,13.417333333333334,2011-02-11,Anomaly Persistence,14,2011
2011-01-29,2011,1,13.54,13.32,13.3955,2011-02-12,Anomaly Persistence,14,2011
2011-01-30,2011,1,13.52,13.31,13.369742424242423,2011-02-13,Anomaly Persistence,14,2011
2011-01-31,2011,1,13.5,13.3,13.346636363636364,2011-02-14,Anomaly Persistence,14,2011
2011-02-01,2011,2,13.48,13.3,13.303818181818182,2011-02-15,Anomaly Persistence,14,2011
2011-02-02,2011,2,13.46,13.3,13.284909090909089,2011-02-16,Anomaly Persistence,14,2011
2011-02-03,2011,2,13.44,13.32,13.264909090909091,2011-02-17,Anomaly Persistence,14,2011
2011-02-04,2011,2,13.43,13.33,13.260545454545454,2011-02-18,Anomaly Persistence,14,2011
2011-02-05,2011,2,13.42,13.34,13.265454545454544,2011-02-19,Anomaly Persistence,14,2011
2011-02-06,2011,2,13.4,13.35,13.266909090909092,2011-02-20,Anomaly Persistence,14,2011
2011-02-07,2011,2,13.39,13.34,13.26709090909091,2011-02-21,Anomaly Persistence,14,2011
2011-02-08,2011,2,13.37,13.33,13.247454545454547,2011-02-22,Anomaly Persistence,14,2011
2011-02-09,2011,2,13.36,13.32,13.238000000000001,2011-02-23,Anomaly Persistence,14,2011
2011-02-10,2011,2,13.35,13.31,13.228181818181817,2011-02-24,Anomaly Persistence,14,2011
2011-02-11,2011,2,13.33,13.36,13.21890909090909,2011-02-25,Anomaly Persistence,14,2011
2011-02-12,2011,2,13.32,13.47,13.231999999999998,2011-02-26,Anomaly Persistence,14,2011
2011-02-13,2011,2,13.31,13.56,13.250545454545456,2011-02-27,Anomaly Persistence,14,2011
2011-02-14,2011,2,13.3,13.58,13.26909090909091,2011-02-28,Anomaly Persistence,14,2011
2011-02-15,2011,2,13.3,13.56,13.285090909090911,2011-03-01,Anomaly Persistence,14,2011
2011-02-16,2011,2,13.3,13.51,13.305818181818186,2011-03-02,Anomaly Persistence,14,2011
2011-02-17,2011,2,13.32,13.44,13.366545454545456,2011-03-03,Anomaly Persistence,14,2011
2011-02-18,2011,2,13.33,13.39,13.39618181818182,2011-03-04,Anomaly Persistence,14,2011
2011-02-19,2011,2,13.34,13.34,13.403818181818181,2011-03-05,Anomaly Persistence,14,2011
2011-02-20,2011,2,13.35,13.3,13.417090909090907,2011-03-06,Anomaly Persistence,14,2011
2011-02-21,2011,2,13.34,13.28,13.41963636363636,2011-03-07,Anomaly Persistence,14,2011
2011-02-22,2011,2,13.33,13.26,13.439636363636362,2011-03-08,Anomaly Persistence,14,2011
2011-02-23,2011,2,13.32,13.24,13.461636363636364,2011-03-09,Anomaly Persistence,14,2011
2011-02-24,2011,2,13.31,13.22,13.473818181818181,2011-03-10,Anomaly Persistence,14,2011
2011-02-25,2011,2,13.36,13.21,13.527636363636365,2011-03-11,Anomaly Persistence,14,2011
2011-02-26,2011,2,13.47,13.21,13.642545454545457,2011-03-12,Anomaly Persistence,14,2011
2011-02-27,2011,2,13.56,13.22,13.77109090909091,2011-03-13,Anomaly Persistence,14,2011
2011-02-28,2011,2,13.58,13.24,13.81781818181818,2011-03-14,Anomaly Persistence,14,2011
2011-03-01,2011,3,13.56,13.27,13.808,2011-03-15,Anomaly Persistence,14,2011
2011-03-02,2011,3,13.51,13.32,13.74890909090909,2011-03-16,Anomaly Persistence,14,2011
2011-03-03,2011,3,13.44,13.34,13.640545454545455,2011-03-17,Anomaly Persistence,14,2011
2011-03-04,2011,3,13.39,13.42,13.576363636363638,2011-03-18,Anomaly Persistence,14,2011
2011-03-05,2011,3,13.34,13.56,13.53618181818182,2011-03-19,Anomaly Persistence,14,2011
2011-03-06,2011,3,13.3,13.76,13.501454545454548,2011-03-20,Anomaly Persistence,14,2011
2011-03-07,2011,3,13.28,13.84,13.478909090909092,2011-03-21,Anomaly Persistence,14,2011
2011-03-08,2011,3,13.26,13.87,13.448,2011-03-22,Anomaly Persistence,14,2011
2011-03-09,2011,3,13.24,13.87,13.417636363636364,2011-03-23,Anomaly Persistence,14,2011
2011-03-10,2011,3,13.22,13.85,13.410727272727275,2011-03-24,Anomaly Persistence,14,2011
2011-03-11,2011,3,13.21,13.81,13.437818181818184,2011-03-25,Anomaly Persistence,14,2011
2011-03-12,2011,3,13.21,13.81,13.460909090909091,2011-03-26,Anomaly Persistence,14,2011
2011-03-13,2011,3,13.22,14.19,13.472727272727273,2011-03-27,Anomaly Persistence,14,2011
2011-03-14,2011,3,13.24,14.83,13.530727272727274,2011-03-28,Anomaly Persistence,14,2011
2011-03-15,2011,3,13.27,14.99,13.583454545454543,2011-03-29,Anomaly Persistence,14,2011
2011-03-16,2011,3,13.32,14.99,13.649454545454544,2011-03-30,Anomaly Persistence,14,2011
2011-03-17,2011,3,13.34,14.98,13.707818181818181,2011-03-31,Anomaly Persistence,14,2011
2011-03-18,2011,3,13.42,14.96,13.841272727272726,2011-04-01,Anomaly Persistence,14,2011
2011-03-19,2011,3,13.56,14.96,14.035636363636364,2011-04-02,Anomaly Persistence,14,2011
2011-03-20,2011,3,13.76,14.92,14.278,2011-04-03,Anomaly Persistence,14,2011
2011-03-21,2011,3,13.84,14.83,14.388181818181819,2011-04-04,Anomaly Persistence,14,2011
2011-03-22,2011,3,13.87,14.72,14.45072727272727,2011-04-05,Anomaly Persistence,14,2011
2011-03-23,2011,3,13.87,14.62,14.482636363636363,2011-04-06,Anomaly Persistence,14,2011
2011-03-24,2011,3,13.85,14.56,14.507090909090909,2011-04-07,Anomaly Persistence,14,2011
2011-03-25,2011,3,13.81,14.51,14.517272727272728,2011-04-08,Anomaly Persistence,14,2011
2011-03-26,2011,3,13.81,14.5,14.586727272727275,2011-04-09,Anomaly Persistence,14,2011
2011-03-27,2011,3,14.19,14.5,14.989999999999998,2011-04-10,Anomaly Persistence,14,2011
2011-03-28,2011,3,14.83,14.48,15.573454545454545,2011-04-11,Anomaly Persistence,14,2011
2011-03-29,2011,3,14.99,14.45,15.702363636363637,2011-04-12,Anomaly Persistence,14,2011
2011-03-30,2011,3,14.99,14.41,15.71909090909091,2011-04-13,Anomaly Persistence,14,2011
2011-03-31,2011,3,14.98,14.43,15.712727272727273,2011-04-14,Anomaly Persistence,14,2011
2011-04-01,2011,4,14.96,14.43,15.712909090909093,2011-04-15,Anomaly Persistence,14,2011
2011-04-02,2011,4,14.96,14.42,15.718181818181819,2011-04-16,Anomaly Persistence,14,2011
2011-04-03,2011,4,14.92,14.47,15.665818181818182,2011-04-17,Anomaly Persistence,14,2011
2011-04-04,2011,4,14.83,14.52,15.569999999999999,2011-04-18,Anomaly Persistence,14,2011
2011-04-05,2011,4,14.72,14.53,15.44709090909091,2011-04-19,Anomaly Persistence,14,2011
2011-04-06,2011,4,14.62,14.53,15.411363636363635,2011-04-20,Anomaly Persistence,14,2011
2011-04-07,2011,4,14.56,14.49,15.376363636363637,2011-04-21,Anomaly Persistence,14,2011
2011-04-08,2011,4,14.51,14.52,15.325999999999999,2011-04-22,Anomaly Persistence,14,2011
2011-04-09,2011,4,14.5,14.63,15.233090909090908,2011-04-23,Anomaly Persistence,14,2011
2011-04-10,2011,4,14.5,14.66,15.197818181818183,2011-04-24,Anomaly Persistence,14,2011
2011-04-11,2011,4,14.48,14.645,15.193,2011-04-25,Anomaly Persistence,14,2011
2011-04-12,2011,4,14.45,14.71,15.249636363636363,2011-04-26,Anomaly Persistence,14,2011
2011-04-13,2011,4,14.41,14.95,15.342363636363636,2011-04-27,Anomaly Persistence,14,2011
2011-04-14,2011,4,14.43,15.28,15.41890909090909,2011-04-28,Anomaly Persistence,14,2011
2011-04-15,2011,4,14.43,15.41,15.381999999999998,2011-04-29,Anomaly Persistence,14,2011
2011-04-16,2011,4,14.42,15.41,15.350545454545454,2011-04-30,Anomaly Persistence,14,2011
2011-04-17,2011,4,14.47,15.34,15.514490909090908,2011-05-01,Anomaly Persistence,14,2011
2011-04-18,2011,4,14.52,15.3,15.6376,2011-05-02,Anomaly Persistence,14,2011
2011-04-19,2011,4,14.53,15.2,15.618127272727273,2011-05-03,Anomaly Persistence,14,2011
2011-04-20,2011,4,14.53,15.15,15.530236363636362,2011-05-04,Anomaly Persistence,14,2011
2011-04-21,2011,4,14.49,15.07,15.404418181818182,2011-05-05,Anomaly Persistence,14,2011
2011-04-22,2011,4,14.52,15.02,15.347563636363637,2011-05-06,Anomaly Persistence,14,2011
2011-04-23,2011,4,14.63,15.16,15.483727272727274,2011-05-07,Anomaly Persistence,14,2011
2011-04-24,2011,4,14.66,15.26,15.512709090909091,2011-05-08,Anomaly Persistence,14,2011
2011-04-25,2011,4,14.645,15.37,15.466672727272726,2011-05-09,Anomaly Persistence,14,2011
2011-04-26,2011,4,14.71,15.48,15.448163636363637,2011-05-10,Anomaly Persistence,14,2011
2011-04-27,2011,4,14.95,15.59,15.540909090909091,2011-05-11,Anomaly Persistence,14,2011
2011-04-28,2011,4,15.28,15.63,15.789654545454546,2011-05-12,Anomaly Persistence,14,2011
2011-04-29,2011,4,15.41,15.33,15.820072727272729,2011-05-13,Anomaly Persistence,14,2011
2011-04-30,2011,4,15.41,15.31,15.714381818181817,2011-05-14,Anomaly Persistence,14,2011
2011-05-01,2011,5,15.34,15.24,15.4536,2011-05-15,Anomaly Persistence,14,2011
2011-05-02,2011,5,15.3,15.36,15.3606,2011-05-16,Anomaly Persistence,14,2011
2011-05-03,2011,5,15.2,15.36,15.379399999999997,2011-05-17,Anomaly Persistence,14,2011
2011-05-04,2011,5,15.15,15.34,15.409,2011-05-18,Anomaly Persistence,14,2011
2011-05-05,2011,5,15.07,15.35,15.395999999999999,2011-05-19,Anomaly Persistence,14,2011
2011-05-06,2011,5,15.02,15.35,15.373799999999997,2011-05-20,Anomaly Persistence,14,2011
2011-05-07,2011,5,15.16,15.37,15.498399999999998,2011-05-21,Anomaly Persistence,14,2011
2011-05-08,2011,5,15.26,15.36,15.606200000000001,2011-05-22,Anomaly Persistence,14,2011
2011-05-09,2011,5,15.37,15.39,15.7874,2011-05-23,Anomaly Persistence,14,2011
2011-05-10,2011,5,15.48,15.5,15.960600000000003,2011-05-24,Anomaly Persistence,14,2011
2011-05-11,2011,5,15.59,15.62,16.1018,2011-05-25,Anomaly Persistence,14,2011
2011-05-12,2011,5,15.63,15.73,16.209200000000003,2011-05-26,Anomaly Persistence,14,2011
2011-05-13,2011,5,15.33,15.74,16.0694,2011-05-27,Anomaly Persistence,14,2011
2011-05-14,2011,5,15.31,15.81,16.266800000000003,2011-05-28,Anomaly Persistence,14,2011
2011-05-15,2011,5,15.24,15.92,16.287599999999998,2011-05-29,Anomaly Persistence,14,2011
2011-05-16,2011,5,15.36,16.28,16.4028,2011-05-30,Anomaly Persistence,14,2011
2011-05-17,2011,5,15.36,16.4,16.3,2011-05-31,Anomaly Persistence,14,2011
2011-05-18,2011,5,15.34,16.35,16.172945454545456,2011-06-01,Anomaly Persistence,14,2011
2011-05-19,2011,5,15.35,16.26,16.137400000000003,2011-06-02,Anomaly Persistence,14,2011
2011-05-20,2011,5,15.35,16.22,16.168272727272726,2011-06-03,Anomaly Persistence,14,2011
2011-05-21,2011,5,15.37,16.3,16.157327272727272,2011-06-04,Anomaly Persistence,14,2011
2011-05-22,2011,5,15.36,16.49,16.123090909090905,2011-06-05,Anomaly Persistence,14,2011
2011-05-23,2011,5,15.39,16.77,16.16538181818182,2011-06-06,Anomaly Persistence,14,2011
2011-05-24,2011,5,15.5,17.21,16.325054545454545,2011-06-07,Anomaly Persistence,14,2011
2011-05-25,2011,5,15.62,17.49,16.526381818181818,2011-06-08,Anomaly Persistence,14,2011
2011-05-26,2011,5,15.73,17.59,16.655872727272726,2011-06-09,Anomaly Persistence,14,2011
2011-05-27,2011,5,15.74,17.6,16.600163636363632,2011-06-10,Anomaly Persistence,14,2011
2011-05-28,2011,5,15.81,17.6,16.557545454545455,2011-06-11,Anomaly Persistence,14,2011
2011-05-29,2011,5,15.92,17.56,16.63703636363637,2011-06-12,Anomaly Persistence,14,2011
2011-05-30,2011,5,16.28,17.39,16.92318181818182,2011-06-13,Anomaly Persistence,14,2011
2011-05-31,2011,5,16.4,17.26,17.005563636363636,2011-06-14,Anomaly Persistence,14,2011
2011-06-01,2011,6,16.35,17.16,16.995818181818183,2011-06-15,Anomaly Persistence,14,2011
2011-06-02,2011,6,16.26,17.03,17.02690909090909,2011-06-16,Anomaly Persistence,14,2011
2011-06-03,2011,6,16.22,17.05,17.118363636363636,2011-06-17,Anomaly Persistence,14,2011
2011-06-04,2011,6,16.3,17.17,17.329272727272727,2011-06-18,Anomaly Persistence,14,2011
2011-06-05,2011,6,16.49,17.2,17.636363636363637,2011-06-19,Anomaly Persistence,14,2011
2011-06-06,2011,6,16.77,17.203,17.898818181818182,2011-06-20,Anomaly Persistence,14,2011
2011-06-07,2011,6,17.21,17.19,18.21727272727273,2011-06-21,Anomaly Persistence,14,2011
2011-06-08,2011,6,17.49,17.23,18.396545454545453,2011-06-22,Anomaly Persistence,14,2011
2011-06-09,2011,6,17.59,17.33,18.472,2011-06-23,Anomaly Persistence,14,2011
2011-06-10,2011,6,17.6,17.44,18.529818181818182,2011-06-24,Anomaly Persistence,14,2011
2011-06-11,2011,6,17.6,17.46,18.544363636363638,2011-06-25,Anomaly Persistence,14,2011
2011-06-12,2011,6,17.56,17.6,18.558909090909086,2011-06-26,Anomaly Persistence,14,2011
2011-06-13,2011,6,17.39,17.75,18.515818181818183,2011-06-27,Anomaly Persistence,14,2011
2011-06-14,2011,6,17.26,17.91,18.587818181818182,2011-06-28,Anomaly Persistence,14,2011
2011-06-15,2011,6,17.16,17.93,18.539454545454547,2011-06-29,Anomaly Persistence,14,2011
2011-06-16,2011,6,17.03,17.96,18.306727272727276,2011-06-30,Anomaly Persistence,14,2011
2011-06-17,2011,6,17.05,18.08,18.15386363636364,2011-07-01,Anomaly Persistence,14,2011
2011-06-18,2011,6,17.17,18.29,18.269333333333336,2011-07-02,Anomaly Persistence,14,2011
2011-06-19,2011,6,17.2,18.47,18.25371212121212,2011-07-03,Anomaly Persistence,14,2011
2011-06-20,2011,6,17.203,18.41,18.211499999999997,2011-07-04,Anomaly Persistence,14,2011
2011-06-21,2011,6,17.19,18.43,18.199272727272728,2011-07-05,Anomaly Persistence,14,2011
2011-06-22,2011,6,17.23,18.6,18.277772727272726,2011-07-06,Anomaly Persistence,14,2011
2011-06-23,2011,6,17.33,18.84,18.402393939393935,2011-07-07,Anomaly Persistence,14,2011
2011-06-24,2011,6,17.44,18.92,18.48748484848485,2011-07-08,Anomaly Persistence,14,2011
2011-06-25,2011,6,17.46,18.99,18.451090909090908,2011-07-09,Anomaly Persistence,14,2011
2011-06-26,2011,6,17.6,19.08,18.52945454545455,2011-07-10,Anomaly Persistence,14,2011
2011-06-27,2011,6,17.75,19.13,18.62933333333333,2011-07-11,Anomaly Persistence,14,2011
2011-06-28,2011,6,17.91,19.17,18.628818181818183,2011-07-12,Anomaly Persistence,14,2011
2011-06-29,2011,6,17.93,19.24,18.567681818181818,2011-07-13,Anomaly Persistence,14,2011
2011-06-30,2011,6,17.96,19.24,18.5425303030303,2011-07-14,Anomaly Persistence,14,2011
2011-07-01,2011,7,18.08,19.28,18.637833333333333,2011-07-15,Anomaly Persistence,14,2011
2011-07-02,2011,7,18.29,19.34,18.703,2011-07-16,Anomaly Persistence,14,2011
2011-07-03,2011,7,18.47,19.4,18.767166666666665,2011-07-17,Anomaly Persistence,14,2011
2011-07-04,2011,7,18.41,19.43,18.693416666666668,2011-07-18,Anomaly Persistence,14,2011
2011-07-05,2011,7,18.43,19.48,18.697166666666668,2011-07-19,Anomaly Persistence,14,2011
2011-07-06,2011,7,18.6,19.51,18.80766666666667,2011-07-20,Anomaly Persistence,14,2011
2011-07-07,2011,7,18.84,19.57,18.93366666666667,2011-07-21,Anomaly Persistence,14,2011
2011-07-08,2011,7,18.92,19.63,18.944000000000003,2011-07-22,Anomaly Persistence,14,2011
2011-07-09,2011,7,18.99,19.64,18.998666666666665,2011-07-23,Anomaly Persistence,14,2011
2011-07-10,2011,7,19.08,19.64,19.045333333333332,2011-07-24,Anomaly Persistence,14,2011
2011-07-11,2011,7,19.13,19.65,19.049166666666668,2011-07-25,Anomaly Persistence,14,2011
2011-07-12,2011,7,19.17,19.52,19.048333333333336,2011-07-26,Anomaly Persistence,14,2011
2011-07-13,2011,7,19.24,19.41,19.081833333333332,2011-07-27,Anomaly Persistence,14,2011
2011-07-14,2011,7,19.24,19.35,19.097333333333335,2011-07-28,Anomaly Persistence,14,2011
2011-07-15,2011,7,19.28,19.22,19.134333333333334,2011-07-29,Anomaly Persistence,14,2011
2011-07-16,2011,7,19.34,19.24,19.193166666666666,2011-07-30,Anomaly Persistence,14,2011
2011-07-17,2011,7,19.4,19.25,19.23833333333333,2011-07-31,Anomaly Persistence,14,2011
2011-09-08,2011,9,17.13,17.9,16.97690909090909,2011-09-22,Anomaly Persistence,14,2011
2011-09-09,2011,9,17.1,17.78,16.912000000000003,2011-09-23,Anomaly Persistence,14,2011
2011-09-10,2011,9,16.98,17.7,16.76890909090909,2011-09-24,Anomaly Persistence,14,2011
2011-09-11,2011,9,17.0,17.62,16.744909090909093,2011-09-25,Anomaly Persistence,14,2011
2011-09-12,2011,9,17.11,17.6,16.819636363636366,2011-09-26,Anomaly Persistence,14,2011
2011-09-13,2011,9,17.19,17.84,16.99527272727273,2011-09-27,Anomaly Persistence,14,2011
2011-09-14,2011,9,17.23,17.87,17.090363636363637,2011-09-28,Anomaly Persistence,14,2011
2011-09-15,2011,9,17.24,17.89,17.053636363636365,2011-09-29,Anomaly Persistence,14,2011
2011-09-16,2011,9,17.16,17.93,16.952909090909092,2011-09-30,Anomaly Persistence,14,2011
2011-09-17,2011,9,17.25,17.99,17.011636363636367,2011-10-01,Anomaly Persistence,14,2011
2011-09-18,2011,9,17.41,18.0,16.993199999999998,2011-10-02,Anomaly Persistence,14,2011
2011-09-19,2011,9,17.71,17.98,17.215654545454544,2011-10-03,Anomaly Persistence,14,2011
2011-09-20,2011,9,18.14,17.78,17.51478181818182,2011-10-04,Anomaly Persistence,14,2011
2011-09-21,2011,9,18.09,17.66,17.363545454545452,2011-10-05,Anomaly Persistence,14,2011
2011-09-22,2011,9,17.9,17.37,17.015309090909092,2011-10-06,Anomaly Persistence,14,2011
2011-09-23,2011,9,17.78,17.11,16.786654545454546,2011-10-07,Anomaly Persistence,14,2011
2011-09-24,2011,9,17.7,16.95,16.66430909090909,2011-10-08,Anomaly Persistence,14,2011
2011-09-25,2011,9,17.62,16.81,16.606890909090907,2011-10-09,Anomaly Persistence,14,2011
2011-09-26,2011,9,17.6,16.67,16.51330909090909,2011-10-10,Anomaly Persistence,14,2011
2011-09-27,2011,9,17.84,16.57,16.561672727272725,2011-10-11,Anomaly Persistence,14,2011
2011-09-28,2011,9,17.87,16.45,16.4466,2011-10-12,Anomaly Persistence,14,2011
2011-09-29,2011,9,17.89,16.42,16.365072727272725,2011-10-13,Anomaly Persistence,14,2011
2011-09-30,2011,9,17.93,16.25,16.390436363636365,2011-10-14,Anomaly Persistence,14,2011
2011-10-01,2011,10,17.99,16.13,16.46841818181818,2011-10-15,Anomaly Persistence,14,2011
2011-10-02,2011,10,18.0,16.05,16.674200000000003,2011-10-16,Anomaly Persistence,14,2011
2011-10-03,2011,10,17.98,15.94,16.735400000000002,2011-10-17,Anomaly Persistence,14,2011
2011-10-04,2011,10,17.78,15.84,16.587600000000002,2011-10-18,Anomaly Persistence,14,2011
2011-10-05,2011,10,17.66,15.82,16.5636,2011-10-19,Anomaly Persistence,14,2011
2011-10-06,2011,10,17.37,15.76,16.3322,2011-10-20,Anomaly Persistence,14,2011
2011-10-07,2011,10,17.11,15.7,16.107,2011-10-21,Anomaly Persistence,14,2011
2011-10-08,2011,10,16.95,15.7,15.930400000000002,2011-10-22,Anomaly Persistence,14,2011
2011-10-09,2011,10,16.81,15.68,15.683599999999998,2011-10-23,Anomaly Persistence,14,2011
2011-10-10,2011,10,16.67,15.68,15.502200000000002,2011-10-24,Anomaly Persistence,14,2011
2011-10-11,2011,10,16.57,15.66,15.4292,2011-10-25,Anomaly Persistence,14,2011
2011-10-12,2011,10,16.45,15.6,15.360399999999998,2011-10-26,Anomaly Persistence,14,2011
2011-10-13,2011,10,16.42,15.52,15.393400000000003,2011-10-27,Anomaly Persistence,14,2011
2011-10-14,2011,10,16.25,15.45,15.216999999999999,2011-10-28,Anomaly Persistence,14,2011
2011-10-15,2011,10,16.13,15.42,15.067200000000001,2011-10-29,Anomaly Persistence,14,2011
2011-10-16,2011,10,16.05,15.38,14.985,2011-10-30,Anomaly Persistence,14,2011
2011-10-17,2011,10,15.94,15.35,14.866599999999998,2011-10-31,Anomaly Persistence,14,2011
2011-10-18,2011,10,15.84,15.3,14.869072727272725,2011-11-01,Anomaly Persistence,14,2011
2011-10-19,2011,10,15.82,15.22,14.898233333333334,2011-11-02,Anomaly Persistence,14,2011
2011-10-20,2011,10,15.76,15.16,14.885066666666667,2011-11-03,Anomaly Persistence,14,2011
2011-10-21,2011,10,15.7,15.1,14.859133333333334,2011-11-04,Anomaly Persistence,14,2011
2011-10-22,2011,10,15.7,15.03,14.86453333333333,2011-11-05,Anomaly Persistence,14,2011
2011-10-23,2011,10,15.68,14.98,14.883933333333333,2011-11-06,Anomaly Persistence,14,2011
2011-10-24,2011,10,15.68,14.95,14.9304,2011-11-07,Anomaly Persistence,14,2011
2011-10-25,2011,10,15.66,14.9,14.9489,2011-11-08,Anomaly Persistence,14,2011
2011-10-26,2011,10,15.6,14.83,14.872833333333334,2011-11-09,Anomaly Persistence,14,2011
2011-10-27,2011,10,15.52,14.77,14.783633333333333,2011-11-10,Anomaly Persistence,14,2011
2011-10-28,2011,10,15.45,14.68,14.704366666666667,2011-11-11,Anomaly Persistence,14,2011
2011-10-29,2011,10,15.42,14.6,14.661699999999998,2011-11-12,Anomaly Persistence,14,2011
2011-10-30,2011,10,15.38,14.55,14.6046,2011-11-13,Anomaly Persistence,14,2011
2011-10-31,2011,10,15.35,14.5,14.555800000000001,2011-11-14,Anomaly Persistence,14,2011
2011-11-01,2011,11,15.3,14.45,14.427060606060607,2011-11-15,Anomaly Persistence,14,2011
2011-11-02,2011,11,15.22,14.41,14.339333333333332,2011-11-16,Anomaly Persistence,14,2011
2011-11-03,2011,11,15.16,14.38,14.287666666666667,2011-11-17,Anomaly Persistence,14,2011
2011-11-04,2011,11,15.1,14.32,14.225499999999998,2011-11-18,Anomaly Persistence,14,2011
2011-11-05,2011,11,15.03,14.32,14.188999999999998,2011-11-19,Anomaly Persistence,14,2011
2011-11-06,2011,11,14.98,14.31,14.182666666666666,2011-11-20,Anomaly Persistence,14,2011
2011-11-07,2011,11,14.95,14.27,14.192666666666666,2011-11-21,Anomaly Persistence,14,2011
2011-11-08,2011,11,14.9,14.24,14.1705,2011-11-22,Anomaly Persistence,14,2011
2011-11-09,2011,11,14.83,14.21,14.145249999999999,2011-11-23,Anomaly Persistence,14,2011
2011-11-10,2011,11,14.77,14.2,14.128333333333332,2011-11-24,Anomaly Persistence,14,2011
2011-11-11,2011,11,14.68,14.18,14.108833333333331,2011-11-25,Anomaly Persistence,14,2011
2011-11-12,2011,11,14.6,14.16,14.047833333333331,2011-11-26,Anomaly Persistence,14,2011
2011-11-13,2011,11,14.55,14.12,14.003666666666666,2011-11-27,Anomaly Persistence,14,2011
2011-11-14,2011,11,14.5,14.08,13.959333333333332,2011-11-28,Anomaly Persistence,14,2011
2011-11-15,2011,11,14.45,14.04,13.931333333333335,2011-11-29,Anomaly Persistence,14,2011
2011-11-16,2011,11,14.41,14.0,13.902833333333335,2011-11-30,Anomaly Persistence,14,2011
2011-11-17,2011,11,14.38,13.98,13.932848484848485,2011-12-01,Anomaly Persistence,14,2011
2011-11-18,2011,11,14.32,13.96,13.881530303030303,2011-12-02,Anomaly Persistence,14,2011
2011-11-19,2011,11,14.32,13.92,13.891121212121213,2011-12-03,Anomaly Persistence,14,2011
2011-11-20,2011,11,14.31,13.88,13.883090909090912,2011-12-04,Anomaly Persistence,14,2011
2011-11-21,2011,11,14.27,13.86,13.848151515151514,2011-12-05,Anomaly Persistence,14,2011
2011-11-22,2011,11,14.24,13.84,13.827545454545456,2011-12-06,Anomaly Persistence,14,2011
2011-11-23,2011,11,14.21,13.81,13.805280303030305,2011-12-07,Anomaly Persistence,14,2011
2011-11-24,2011,11,14.2,13.78,13.79210606060606,2011-12-08,Anomaly Persistence,14,2011
2011-11-25,2011,11,14.18,13.75,13.737727272727275,2011-12-09,Anomaly Persistence,14,2011
2011-11-26,2011,11,14.16,13.72,13.711939393939396,2011-12-10,Anomaly Persistence,14,2011
2011-11-27,2011,11,14.12,13.7,13.67751515151515,2011-12-11,Anomaly Persistence,14,2011
2011-11-28,2011,11,14.08,13.69,13.651212121212122,2011-12-12,Anomaly Persistence,14,2011
2011-11-29,2011,11,14.04,13.66,13.62051515151515,2011-12-13,Anomaly Persistence,14,2011
2011-11-30,2011,11,14.0,13.64,13.597363636363637,2011-12-14,Anomaly Persistence,14,2011
2011-12-01,2011,12,13.98,13.62,13.542909090909092,2011-12-15,Anomaly Persistence,14,2011
2011-12-02,2011,12,13.96,13.6,13.53618181818182,2011-12-16,Anomaly Persistence,14,2011
2011-12-03,2011,12,13.92,13.58,13.510818181818182,2011-12-17,Anomaly Persistence,14,2011
2011-12-04,2011,12,13.88,13.58,13.481818181818182,2011-12-18,Anomaly Persistence,14,2011
2011-12-05,2011,12,13.86,13.57,13.471636363636364,2011-12-19,Anomaly Persistence,14,2011
2011-12-06,2011,12,13.84,13.56,13.454727272727272,2011-12-20,Anomaly Persistence,14,2011
2011-12-07,2011,12,13.81,13.52,13.428181818181818,2011-12-21,Anomaly Persistence,14,2011
2011-12-08,2011,12,13.78,13.5,13.41,2011-12-22,Anomaly Persistence,14,2011
2011-12-09,2011,12,13.75,13.48,13.390909090909089,2011-12-23,Anomaly Persistence,14,2011
2011-12-10,2011,12,13.72,13.46,13.375454545454545,2011-12-24,Anomaly Persistence,14,2011
2011-12-11,2011,12,13.7,13.44,13.365454545454547,2011-12-25,Anomaly Persistence,14,2011
2011-12-12,2011,12,13.69,13.42,13.364727272727272,2011-12-26,Anomaly Persistence,14,2011
2011-12-13,2011,12,13.66,13.39,13.346727272727271,2011-12-27,Anomaly Persistence,14,2011
2011-12-14,2011,12,13.64,13.37,13.330363636363636,2011-12-28,Anomaly Persistence,14,2011
2011-12-15,2011,12,13.62,13.35,13.315999999999999,2011-12-29,Anomaly Persistence,14,2011
2011-12-16,2011,12,13.6,13.33,13.30290909090909,2011-12-30,Anomaly Persistence,14,2011
2011-12-17,2011,12,13.58,13.31,13.275818181818181,2011-12-31,Anomaly Persistence,14,2011
2011-12-18,2011,12,13.58,13.28,13.288257575757575,2012-01-01,Anomaly Persistence,14,2011
2011-12-19,2011,12,13.57,13.24,13.269045454545454,2012-01-02,Anomaly Persistence,14,2011
2011-12-20,2011,12,13.56,13.22,13.263227272727272,2012-01-03,Anomaly Persistence,14,2011
2011-12-21,2011,12,13.52,13.21,13.229621212121211,2012-01-04,Anomaly Persistence,14,2011
2011-12-22,2011,12,13.5,13.2,13.204060606060606,2012-01-05,Anomaly Persistence,14,2011
2011-12-23,2011,12,13.48,13.19,13.182363636363638,2012-01-06,Anomaly Persistence,14,2011
2011-12-24,2011,12,13.46,13.18,13.164272727272728,2012-01-07,Anomaly Persistence,14,2011
2011-12-25,2011,12,13.44,13.16,13.142196969696968,2012-01-08,Anomaly Persistence,14,2011
2011-12-26,2011,12,13.42,13.15,13.12139393939394,2012-01-09,Anomaly Persistence,14,2011
2011-12-27,2011,12,13.39,13.13,13.090590909090912,2012-01-10,Anomaly Persistence,14,2011
2011-12-28,2011,12,13.37,13.12,13.07585606060606,2012-01-11,Anomaly Persistence,14,2011
2011-12-29,2011,12,13.35,13.11,13.061242424242424,2012-01-12,Anomaly Persistence,14,2011
2011-12-30,2011,12,13.33,13.1,13.04696212121212,2012-01-13,Anomaly Persistence,14,2011
2011-12-31,2011,12,13.31,13.09,13.038242424242425,2012-01-14,Anomaly Persistence,14,2011
2012-01-01,2012,1,13.28,13.08,13.006083333333333,2012-01-15,Anomaly Persistence,14,2012
2012-01-02,2012,1,13.24,13.07,12.977166666666667,2012-01-16,Anomaly Persistence,14,2012
2012-01-03,2012,1,13.22,13.05,12.961666666666668,2012-01-17,Anomaly Persistence,14,2012
2012-01-04,2012,1,13.21,13.02,12.952833333333336,2012-01-18,Anomaly Persistence,14,2012
2012-01-05,2012,1,13.2,13.0,12.951166666666667,2012-01-19,Anomaly Persistence,14,2012
2012-01-06,2012,1,13.19,12.99,12.944333333333331,2012-01-20,Anomaly Persistence,14,2012
2012-01-07,2012,1,13.18,12.99,12.932,2012-01-21,Anomaly Persistence,14,2012
2012-01-08,2012,1,13.16,12.97,12.913166666666667,2012-01-22,Anomaly Persistence,14,2012
2012-01-09,2012,1,13.15,12.95,12.906833333333333,2012-01-23,Anomaly Persistence,14,2012
2012-01-10,2012,1,13.13,12.93,12.896999999999998,2012-01-24,Anomaly Persistence,14,2012
2012-01-11,2012,1,13.12,12.91,12.888416666666664,2012-01-25,Anomaly Persistence,14,2012
2012-01-12,2012,1,13.11,12.89,12.877333333333333,2012-01-26,Anomaly Persistence,14,2012
2012-01-13,2012,1,13.1,12.87,12.868416666666667,2012-01-27,Anomaly Persistence,14,2012
2012-01-14,2012,1,13.09,12.86,12.865333333333334,2012-01-28,Anomaly Persistence,14,2012
2012-01-15,2012,1,13.08,12.86,12.85725,2012-01-29,Anomaly Persistence,14,2012
2012-01-16,2012,1,13.07,12.88,12.8575,2012-01-30,Anomaly Persistence,14,2012
2012-01-17,2012,1,13.05,12.88,12.842833333333335,2012-01-31,Anomaly Persistence,14,2012
2012-01-18,2012,1,13.02,12.87,12.844272727272726,2012-02-01,Anomaly Persistence,14,2012
2012-01-19,2012,1,13.0,12.85,12.822045454545455,2012-02-02,Anomaly Persistence,14,2012
2012-01-20,2012,1,12.99,12.84,12.816757575757576,2012-02-03,Anomaly Persistence,14,2012
2012-01-21,2012,1,12.99,12.82,12.824454545454545,2012-02-04,Anomaly Persistence,14,2012
2012-01-22,2012,1,12.97,12.81,12.815000000000001,2012-02-05,Anomaly Persistence,14,2012
2012-01-23,2012,1,12.95,12.79,12.800136363636362,2012-02-06,Anomaly Persistence,14,2012
2012-01-24,2012,1,12.93,12.78,12.77968181818182,2012-02-07,Anomaly Persistence,14,2012
2012-01-25,2012,1,12.91,12.77,12.761363636363637,2012-02-08,Anomaly Persistence,14,2012
2012-01-26,2012,1,12.89,12.76,12.743424242424242,2012-02-09,Anomaly Persistence,14,2012
2012-01-27,2012,1,12.87,12.75,12.727166666666667,2012-02-10,Anomaly Persistence,14,2012
2012-01-28,2012,1,12.86,12.74,12.717333333333332,2012-02-11,Anomaly Persistence,14,2012
2012-01-29,2012,1,12.86,12.73,12.7155,2012-02-12,Anomaly Persistence,14,2012
2012-01-30,2012,1,12.88,12.72,12.729742424242424,2012-02-13,Anomaly Persistence,14,2012
2012-01-31,2012,1,12.88,12.71,12.726636363636365,2012-02-14,Anomaly Persistence,14,2012
2012-02-01,2012,2,12.87,12.71,12.69381818181818,2012-02-15,Anomaly Persistence,14,2012
2012-02-02,2012,2,12.85,12.71,12.674909090909088,2012-02-16,Anomaly Persistence,14,2012
2012-02-03,2012,2,12.84,12.7,12.664909090909092,2012-02-17,Anomaly Persistence,14,2012
2012-02-04,2012,2,12.82,12.7,12.650545454545455,2012-02-18,Anomaly Persistence,14,2012
2012-02-05,2012,2,12.81,12.7,12.655454545454544,2012-02-19,Anomaly Persistence,14,2012
2012-02-06,2012,2,12.79,12.72,12.65690909090909,2012-02-20,Anomaly Persistence,14,2012
2012-02-07,2012,2,12.78,12.72,12.65709090909091,2012-02-21,Anomaly Persistence,14,2012
2012-02-08,2012,2,12.77,12.7,12.647454545454547,2012-02-22,Anomaly Persistence,14,2012
2012-02-09,2012,2,12.76,12.69,12.638000000000002,2012-02-23,Anomaly Persistence,14,2012
2012-02-10,2012,2,12.75,12.66,12.628181818181817,2012-02-24,Anomaly Persistence,14,2012
2012-02-11,2012,2,12.74,12.64,12.62890909090909,2012-02-25,Anomaly Persistence,14,2012
2012-02-12,2012,2,12.73,12.62,12.641999999999998,2012-02-26,Anomaly Persistence,14,2012
2012-02-13,2012,2,12.72,12.61,12.660545454545456,2012-02-27,Anomaly Persistence,14,2012
2012-02-14,2012,2,12.71,12.63,12.67909090909091,2012-02-28,Anomaly Persistence,14,2012
2012-02-15,2012,2,12.71,12.64,12.695090909090911,2012-02-29,Anomaly Persistence,14,2012
2012-02-16,2012,2,12.71,12.64,12.715818181818186,2012-03-01,Anomaly Persistence,14,2012
2012-02-17,2012,2,12.7,12.63,12.746545454545455,2012-03-02,Anomaly Persistence,14,2012
2012-02-18,2012,2,12.7,12.62,12.766181818181819,2012-03-03,Anomaly Persistence,14,2012
2012-02-19,2012,2,12.7,12.62,12.76381818181818,2012-03-04,Anomaly Persistence,14,2012
2012-02-20,2012,2,12.72,12.66,12.787090909090908,2012-03-05,Anomaly Persistence,14,2012
2012-02-21,2012,2,12.72,12.7,12.799636363636361,2012-03-06,Anomaly Persistence,14,2012
2012-02-22,2012,2,12.7,12.73,12.809636363636361,2012-03-07,Anomaly Persistence,14,2012
2012-02-23,2012,2,12.69,12.77,12.831636363636363,2012-03-08,Anomaly Persistence,14,2012
2012-02-24,2012,2,12.66,12.81,12.823818181818181,2012-03-09,Anomaly Persistence,14,2012
2012-02-25,2012,2,12.64,12.85,12.807636363636366,2012-03-10,Anomaly Persistence,14,2012
2012-02-26,2012,2,12.62,12.88,12.792545454545456,2012-03-11,Anomaly Persistence,14,2012
2012-02-27,2012,2,12.61,12.88,12.821090909090909,2012-03-12,Anomaly Persistence,14,2012
2012-02-28,2012,2,12.63,12.87,12.86781818181818,2012-03-13,Anomaly Persistence,14,2012
2012-02-29,2012,2,12.64,12.84,12.888,2012-03-14,Anomaly Persistence,14,2012
2012-03-01,2012,3,12.64,12.84,12.87890909090909,2012-03-15,Anomaly Persistence,14,2012
2012-03-02,2012,3,12.63,12.86,12.830545454545456,2012-03-16,Anomaly Persistence,14,2012
2012-03-03,2012,3,12.62,12.94,12.806363636363637,2012-03-17,Anomaly Persistence,14,2012
2012-03-04,2012,3,12.62,12.98,12.81618181818182,2012-03-18,Anomaly Persistence,14,2012
2012-03-05,2012,3,12.66,13.0,12.861454545454547,2012-03-19,Anomaly Persistence,14,2012
2012-03-06,2012,3,12.7,12.99,12.898909090909092,2012-03-20,Anomaly Persistence,14,2012
2012-03-07,2012,3,12.73,12.95,12.918000000000001,2012-03-21,Anomaly Persistence,14,2012
2012-03-08,2012,3,12.77,12.94,12.947636363636363,2012-03-22,Anomaly Persistence,14,2012
2012-03-09,2012,3,12.81,12.94,13.000727272727275,2012-03-23,Anomaly Persistence,14,2012
2012-03-10,2012,3,12.85,12.96,13.077818181818182,2012-03-24,Anomaly Persistence,14,2012
2012-03-11,2012,3,12.88,12.98,13.13090909090909,2012-03-25,Anomaly Persistence,14,2012
2012-03-12,2012,3,12.88,13.0,13.132727272727273,2012-03-26,Anomaly Persistence,14,2012
2012-03-13,2012,3,12.87,13.01,13.160727272727273,2012-03-27,Anomaly Persistence,14,2012
2012-03-14,2012,3,12.84,13.02,13.153454545454544,2012-03-28,Anomaly Persistence,14,2012
2012-03-15,2012,3,12.84,13.04,13.169454545454544,2012-03-29,Anomaly Persistence,14,2012
2012-03-16,2012,3,12.86,13.05,13.227818181818181,2012-03-30,Anomaly Persistence,14,2012
2012-03-17,2012,3,12.94,13.1,13.361272727272725,2012-03-31,Anomaly Persistence,14,2012
2012-03-18,2012,3,12.98,13.15,13.455636363636364,2012-04-01,Anomaly Persistence,14,2012
2012-03-19,2012,3,13.0,13.19,13.518,2012-04-02,Anomaly Persistence,14,2012
2012-03-20,2012,3,12.99,13.23,13.538181818181819,2012-04-03,Anomaly Persistence,14,2012
2012-03-21,2012,3,12.95,13.24,13.53072727272727,2012-04-04,Anomaly Persistence,14,2012
2012-03-22,2012,3,12.94,13.24,13.552636363636363,2012-04-05,Anomaly Persistence,14,2012
2012-03-23,2012,3,12.94,13.4,13.597090909090909,2012-04-06,Anomaly Persistence,14,2012
2012-03-24,2012,3,12.96,13.5,13.667272727272728,2012-04-07,Anomaly Persistence,14,2012
2012-03-25,2012,3,12.98,13.62,13.756727272727275,2012-04-08,Anomaly Persistence,14,2012
2012-03-26,2012,3,13.0,13.67,13.799999999999999,2012-04-09,Anomaly Persistence,14,2012
2012-03-27,2012,3,13.01,13.68,13.753454545454545,2012-04-10,Anomaly Persistence,14,2012
2012-03-28,2012,3,13.02,13.69,13.732363636363637,2012-04-11,Anomaly Persistence,14,2012
2012-03-29,2012,3,13.04,13.74,13.76909090909091,2012-04-12,Anomaly Persistence,14,2012
2012-03-30,2012,3,13.05,13.8,13.782727272727273,2012-04-13,Anomaly Persistence,14,2012
2012-03-31,2012,3,13.1,13.89,13.852909090909092,2012-04-14,Anomaly Persistence,14,2012
2012-04-01,2012,4,13.15,14.0,13.908181818181818,2012-04-15,Anomaly Persistence,14,2012
2012-04-02,2012,4,13.19,14.13,13.935818181818181,2012-04-16,Anomaly Persistence,14,2012
2012-04-03,2012,4,13.23,14.18,13.969999999999999,2012-04-17,Anomaly Persistence,14,2012
2012-04-04,2012,4,13.24,14.18,13.96709090909091,2012-04-18,Anomaly Persistence,14,2012
2012-04-05,2012,4,13.24,14.17,14.031363636363636,2012-04-19,Anomaly Persistence,14,2012
2012-04-06,2012,4,13.4,14.35,14.216363636363637,2012-04-20,Anomaly Persistence,14,2012
2012-04-07,2012,4,13.5,14.6,14.315999999999999,2012-04-21,Anomaly Persistence,14,2012
2012-04-08,2012,4,13.62,14.87,14.353090909090907,2012-04-22,Anomaly Persistence,14,2012
2012-04-09,2012,4,13.67,15.12,14.367818181818183,2012-04-23,Anomaly Persistence,14,2012
2012-04-10,2012,4,13.68,15.17,14.392999999999999,2012-04-24,Anomaly Persistence,14,2012
2012-04-11,2012,4,13.69,15.18,14.489636363636363,2012-04-25,Anomaly Persistence,14,2012
2012-04-12,2012,4,13.74,15.19,14.672363636363636,2012-04-26,Anomaly Persistence,14,2012
2012-04-13,2012,4,13.8,15.19,14.78890909090909,2012-04-27,Anomaly Persistence,14,2012
2012-04-14,2012,4,13.89,15.12,14.841999999999999,2012-04-28,Anomaly Persistence,14,2012
2012-04-15,2012,4,14.0,15.11,14.930545454545454,2012-04-29,Anomaly Persistence,14,2012
2012-04-16,2012,4,14.13,15.29,15.174490909090908,2012-04-30,Anomaly Persistence,14,2012
2012-04-17,2012,4,14.18,15.52,15.297600000000001,2012-05-01,Anomaly Persistence,14,2012
2012-04-18,2012,4,14.18,15.59,15.268127272727273,2012-05-02,Anomaly Persistence,14,2012
2012-04-19,2012,4,14.17,15.64,15.170236363636363,2012-05-03,Anomaly Persistence,14,2012
2012-04-20,2012,4,14.35,15.79,15.264418181818181,2012-05-04,Anomaly Persistence,14,2012
2012-04-21,2012,4,14.6,15.91,15.427563636363637,2012-05-05,Anomaly Persistence,14,2012
2012-04-22,2012,4,14.87,16.04,15.723727272727272,2012-05-06,Anomaly Persistence,14,2012
2012-04-23,2012,4,15.12,16.08,15.97270909090909,2012-05-07,Anomaly Persistence,14,2012
2012-04-24,2012,4,15.17,16.04,15.991672727272727,2012-05-08,Anomaly Persistence,14,2012
2012-04-25,2012,4,15.18,15.93,15.918163636363635,2012-05-09,Anomaly Persistence,14,2012
2012-04-26,2012,4,15.19,15.79,15.780909090909091,2012-05-10,Anomaly Persistence,14,2012
2012-04-27,2012,4,15.19,15.66,15.699654545454546,2012-05-11,Anomaly Persistence,14,2012
2012-04-28,2012,4,15.12,15.52,15.530072727272728,2012-05-12,Anomaly Persistence,14,2012
2012-04-29,2012,4,15.11,15.35,15.414381818181816,2012-05-13,Anomaly Persistence,14,2012
2012-04-30,2012,4,15.29,15.22,15.403599999999999,2012-05-14,Anomaly Persistence,14,2012
2012-05-01,2012,5,15.52,15.14,15.580599999999999,2012-05-15,Anomaly Persistence,14,2012
2012-05-02,2012,5,15.59,15.1,15.769399999999997,2012-05-16,Anomaly Persistence,14,2012
2012-05-03,2012,5,15.64,15.17,15.899000000000001,2012-05-17,Anomaly Persistence,14,2012
2012-05-04,2012,5,15.79,15.26,16.116,2012-05-18,Anomaly Persistence,14,2012
2012-05-05,2012,5,15.91,15.37,16.263799999999996,2012-05-19,Anomaly Persistence,14,2012
2012-05-06,2012,5,16.04,15.6,16.3784,2012-05-20,Anomaly Persistence,14,2012
2012-05-07,2012,5,16.08,16.3,16.4262,2012-05-21,Anomaly Persistence,14,2012
2012-05-08,2012,5,16.04,16.64,16.4574,2012-05-22,Anomaly Persistence,14,2012
2012-05-09,2012,5,15.93,16.67,16.410600000000002,2012-05-23,Anomaly Persistence,14,2012
2012-05-10,2012,5,15.79,16.5,16.3018,2012-05-24,Anomaly Persistence,14,2012
2012-05-11,2012,5,15.66,16.27,16.2392,2012-05-25,Anomaly Persistence,14,2012
2012-05-12,2012,5,15.52,16.14,16.2594,2012-05-26,Anomaly Persistence,14,2012
2012-05-13,2012,5,15.35,16.04,16.306800000000003,2012-05-27,Anomaly Persistence,14,2012
2012-05-14,2012,5,15.22,16.03,16.2676,2012-05-28,Anomaly Persistence,14,2012
2012-05-15,2012,5,15.14,16.04,16.1828,2012-05-29,Anomaly Persistence,14,2012
2012-05-16,2012,5,15.1,16.06,16.04,2012-05-30,Anomaly Persistence,14,2012
2012-05-17,2012,5,15.17,16.12,16.002945454545454,2012-05-31,Anomaly Persistence,14,2012
2012-05-18,2012,5,15.26,16.2,16.047400000000003,2012-06-01,Anomaly Persistence,14,2012
2012-05-19,2012,5,15.37,16.24,16.188272727272725,2012-06-02,Anomaly Persistence,14,2012
2012-05-20,2012,5,15.6,16.27,16.387327272727276,2012-06-03,Anomaly Persistence,14,2012
2012-05-21,2012,5,16.3,16.29,17.063090909090906,2012-06-04,Anomaly Persistence,14,2012
2012-05-22,2012,5,16.64,16.47,17.41538181818182,2012-06-05,Anomaly Persistence,14,2012
2012-05-23,2012,5,16.67,16.9,17.495054545454547,2012-06-06,Anomaly Persistence,14,2012
2012-05-24,2012,5,16.5,17.25,17.406381818181817,2012-06-07,Anomaly Persistence,14,2012
2012-05-25,2012,5,16.27,17.88,17.195872727272725,2012-06-08,Anomaly Persistence,14,2012
2012-05-26,2012,5,16.14,18.28,17.000163636363634,2012-06-09,Anomaly Persistence,14,2012
2012-05-27,2012,5,16.04,18.37,16.787545454545455,2012-06-10,Anomaly Persistence,14,2012
2012-05-28,2012,5,16.03,18.34,16.74703636363637,2012-06-11,Anomaly Persistence,14,2012
2012-05-29,2012,5,16.04,18.09,16.68318181818182,2012-06-12,Anomaly Persistence,14,2012
2012-05-30,2012,5,16.06,17.88,16.665563636363636,2012-06-13,Anomaly Persistence,14,2012
2012-05-31,2012,5,16.12,17.66,16.765818181818183,2012-06-14,Anomaly Persistence,14,2012
2012-06-01,2012,6,16.2,17.97,16.966909090909088,2012-06-15,Anomaly Persistence,14,2012
2012-06-02,2012,6,16.24,18.33,17.138363636363636,2012-06-16,Anomaly Persistence,14,2012
2012-06-03,2012,6,16.27,18.56,17.299272727272726,2012-06-17,Anomaly Persistence,14,2012
2012-06-04,2012,6,16.29,18.79,17.436363636363637,2012-06-18,Anomaly Persistence,14,2012
2012-06-05,2012,6,16.47,18.89,17.59881818181818,2012-06-19,Anomaly Persistence,14,2012
2012-06-06,2012,6,16.9,18.76,17.907272727272726,2012-06-20,Anomaly Persistence,14,2012
2012-06-07,2012,6,17.25,18.48,18.156545454545455,2012-06-21,Anomaly Persistence,14,2012
2012-06-08,2012,6,17.88,18.32,18.762,2012-06-22,Anomaly Persistence,14,2012
2012-06-09,2012,6,18.28,18.29,19.209818181818182,2012-06-23,Anomaly Persistence,14,2012
2012-06-10,2012,6,18.37,18.43,19.314363636363638,2012-06-24,Anomaly Persistence,14,2012
2012-06-11,2012,6,18.34,18.57,19.338909090909087,2012-06-25,Anomaly Persistence,14,2012
2012-06-12,2012,6,18.09,18.8,19.215818181818182,2012-06-26,Anomaly Persistence,14,2012
2012-06-13,2012,6,17.88,19.58,19.20781818181818,2012-06-27,Anomaly Persistence,14,2012
2012-06-14,2012,6,17.66,20.12,19.039454545454547,2012-06-28,Anomaly Persistence,14,2012
2012-06-15,2012,6,17.97,20.43,19.246727272727274,2012-06-29,Anomaly Persistence,14,2012
2012-06-16,2012,6,18.33,20.56,19.433863636363636,2012-06-30,Anomaly Persistence,14,2012
2012-06-17,2012,6,18.56,20.56,19.659333333333333,2012-07-01,Anomaly Persistence,14,2012
2012-06-18,2012,6,18.79,20.45,19.84371212121212,2012-07-02,Anomaly Persistence,14,2012
2012-06-19,2012,6,18.89,20.09,19.8985,2012-07-03,Anomaly Persistence,14,2012
2012-06-20,2012,6,18.76,19.65,19.769272727272728,2012-07-04,Anomaly Persistence,14,2012
2012-06-21,2012,6,18.48,19.27,19.527772727272726,2012-07-05,Anomaly Persistence,14,2012
2012-06-22,2012,6,18.32,19.14,19.392393939393937,2012-07-06,Anomaly Persistence,14,2012
2012-06-23,2012,6,18.29,19.25,19.33748484848485,2012-07-07,Anomaly Persistence,14,2012
2012-06-24,2012,6,18.43,19.22,19.421090909090907,2012-07-08,Anomaly Persistence,14,2012
2012-06-25,2012,6,18.57,19.13,19.499454545454547,2012-07-09,Anomaly Persistence,14,2012
2012-06-26,2012,6,18.8,19.07,19.679333333333332,2012-07-10,Anomaly Persistence,14,2012
2012-06-27,2012,6,19.58,19.04,20.29881818181818,2012-07-11,Anomaly Persistence,14,2012
2012-06-28,2012,6,20.12,19.11,20.75768181818182,2012-07-12,Anomaly Persistence,14,2012
2012-06-29,2012,6,20.43,19.18,21.0125303030303,2012-07-13,Anomaly Persistence,14,2012
2012-06-30,2012,6,20.56,19.27,21.117833333333333,2012-07-14,Anomaly Persistence,14,2012
2012-07-01,2012,7,20.56,19.31,20.973,2012-07-15,Anomaly Persistence,14,2012
2012-07-02,2012,7,20.45,19.47,20.747166666666665,2012-07-16,Anomaly Persistence,14,2012
2012-07-03,2012,7,20.09,19.79,20.373416666666667,2012-07-17,Anomaly Persistence,14,2012
2012-07-04,2012,7,19.65,19.87,19.917166666666667,2012-07-18,Anomaly Persistence,14,2012
2012-07-05,2012,7,19.27,19.84,19.477666666666668,2012-07-19,Anomaly Persistence,14,2012
2012-07-06,2012,7,19.14,19.9,19.23366666666667,2012-07-20,Anomaly Persistence,14,2012
2012-07-07,2012,7,19.25,19.98,19.274,2012-07-21,Anomaly Persistence,14,2012
2012-07-08,2012,7,19.22,19.94,19.228666666666665,2012-07-22,Anomaly Persistence,14,2012
2012-07-09,2012,7,19.13,19.85,19.095333333333333,2012-07-23,Anomaly Persistence,14,2012
2012-07-10,2012,7,19.07,19.76,18.98916666666667,2012-07-24,Anomaly Persistence,14,2012
2012-07-11,2012,7,19.04,19.67,18.918333333333333,2012-07-25,Anomaly Persistence,14,2012
2012-07-12,2012,7,19.11,19.55,18.951833333333333,2012-07-26,Anomaly Persistence,14,2012
2012-07-13,2012,7,19.18,19.52,19.037333333333336,2012-07-27,Anomaly Persistence,14,2012
2012-07-14,2012,7,19.27,19.5,19.124333333333333,2012-07-28,Anomaly Persistence,14,2012
2012-07-15,2012,7,19.31,19.44,19.163166666666665,2012-07-29,Anomaly Persistence,14,2012
2012-07-16,2012,7,19.47,19.44,19.30833333333333,2012-07-30,Anomaly Persistence,14,2012
2012-07-17,2012,7,19.79,19.4,19.538719696969697,2012-07-31,Anomaly Persistence,14,2012
2012-07-18,2012,7,19.87,19.34,19.55501515151515,2012-08-01,Anomaly Persistence,14,2012
2012-07-19,2012,7,19.84,19.3,19.478742424242423,2012-08-02,Anomaly Persistence,14,2012
2012-07-20,2012,7,19.9,19.2,19.475757575757573,2012-08-03,Anomaly Persistence,14,2012
2012-07-21,2012,7,19.98,19.19,19.54142424242424,2012-08-04,Anomaly Persistence,14,2012
2012-07-22,2012,7,19.94,19.18,19.478878787878788,2012-08-05,Anomaly Persistence,14,2012
2012-07-23,2012,7,19.85,19.18,19.397030303030306,2012-08-06,Anomaly Persistence,14,2012
2012-07-24,2012,7,19.76,19.15,19.299136363636364,2012-08-07,Anomaly Persistence,14,2012
2012-07-25,2012,7,19.67,19.12,19.198848484848487,2012-08-08,Anomaly Persistence,14,2012
2012-07-26,2012,7,19.55,19.09,19.08230303030303,2012-08-09,Anomaly Persistence,14,2012
2012-07-27,2012,7,19.52,19.03,19.042499999999997,2012-08-10,Anomaly Persistence,14,2012
2012-07-28,2012,7,19.5,18.93,19.04451515151515,2012-08-11,Anomaly Persistence,14,2012
2012-07-29,2012,7,19.44,18.83,19.043045454545457,2012-08-12,Anomaly Persistence,14,2012
2012-07-30,2012,7,19.44,18.67,19.130424242424244,2012-08-13,Anomaly Persistence,14,2012
2012-07-31,2012,7,19.4,18.62,19.186909090909086,2012-08-14,Anomaly Persistence,14,2012
2012-08-01,2012,8,19.34,18.57,19.214000000000002,2012-08-15,Anomaly Persistence,14,2012
2012-08-02,2012,8,19.3,18.44,19.25672727272727,2012-08-16,Anomaly Persistence,14,2012
2012-08-03,2012,8,19.2,18.31,19.27709090909091,2012-08-17,Anomaly Persistence,14,2012
2012-08-04,2012,8,19.19,18.2,19.30709090909091,2012-08-18,Anomaly Persistence,14,2012
2012-08-05,2012,8,19.18,18.12,19.34281818181818,2012-08-19,Anomaly Persistence,14,2012
2012-08-06,2012,8,19.18,18.05,19.394363636363636,2012-08-20,Anomaly Persistence,14,2012
2012-08-07,2012,8,19.15,18.0,19.40145454545454,2012-08-21,Anomaly Persistence,14,2012
2012-08-08,2012,8,19.12,18.16,19.396,2012-08-22,Anomaly Persistence,14,2012
2012-08-09,2012,8,19.09,18.26,19.388363636363636,2012-08-23,Anomaly Persistence,14,2012
2012-08-10,2012,8,19.03,18.45,19.303636363636368,2012-08-24,Anomaly Persistence,14,2012
2012-08-11,2012,8,18.93,18.51,19.146727272727276,2012-08-25,Anomaly Persistence,14,2012
2012-08-12,2012,8,18.83,18.7,18.971090909090904,2012-08-26,Anomaly Persistence,14,2012
2012-08-13,2012,8,18.67,18.89,18.762363636363638,2012-08-27,Anomaly Persistence,14,2012
2012-08-14,2012,8,18.62,19.04,18.70418181818182,2012-08-28,Anomaly Persistence,14,2012
2012-08-15,2012,8,18.57,19.08,18.610181818181818,2012-08-29,Anomaly Persistence,14,2012
2012-08-16,2012,8,18.44,19.08,18.410909090909094,2012-08-30,Anomaly Persistence,14,2012
2012-08-17,2012,8,18.31,19.01,18.07781818181818,2012-08-31,Anomaly Persistence,14,2012
2012-08-18,2012,8,18.2,18.89,17.907636363636364,2012-09-01,Anomaly Persistence,14,2012
2012-08-19,2012,8,18.12,18.79,17.775818181818185,2012-09-02,Anomaly Persistence,14,2012
2012-08-20,2012,8,18.05,18.81,17.631999999999998,2012-09-03,Anomaly Persistence,14,2012
2012-08-21,2012,8,18.0,18.82,17.559636363636365,2012-09-04,Anomaly Persistence,14,2012
2012-08-22,2012,8,18.16,18.74,17.74381818181818,2012-09-05,Anomaly Persistence,14,2012
2012-08-23,2012,8,18.26,18.83,17.872181818181822,2012-09-06,Anomaly Persistence,14,2012
2012-08-24,2012,8,18.45,18.87,18.12654545454545,2012-09-07,Anomaly Persistence,14,2012
2012-08-25,2012,8,18.51,18.87,18.255636363636363,2012-09-08,Anomaly Persistence,14,2012
2012-08-26,2012,8,18.7,18.72,18.474545454545456,2012-09-09,Anomaly Persistence,14,2012
2012-08-27,2012,8,18.89,18.46,18.666545454545457,2012-09-10,Anomaly Persistence,14,2012
2012-08-28,2012,8,19.04,18.2,18.832727272727272,2012-09-11,Anomaly Persistence,14,2012
2012-08-29,2012,8,19.08,18.04,18.871090909090906,2012-09-12,Anomaly Persistence,14,2012
2012-08-30,2012,8,19.08,17.92,18.87309090909091,2012-09-13,Anomaly Persistence,14,2012
2012-08-31,2012,8,19.01,18.13,18.99509090909091,2012-09-14,Anomaly Persistence,14,2012
2012-09-01,2012,9,18.89,18.19,18.909636363636363,2012-09-15,Anomaly Persistence,14,2012
2012-09-02,2012,9,18.79,18.82,18.854363636363633,2012-09-16,Anomaly Persistence,14,2012
2012-09-03,2012,9,18.81,19.13,18.86927272727273,2012-09-17,Anomaly Persistence,14,2012
2012-09-04,2012,9,18.82,19.22,18.841818181818184,2012-09-18,Anomaly Persistence,14,2012
2012-09-05,2012,9,18.74,19.24,18.73981818181818,2012-09-19,Anomaly Persistence,14,2012
2012-09-06,2012,9,18.83,19.16,18.723272727272725,2012-09-20,Anomaly Persistence,14,2012
2012-09-07,2012,9,18.87,19.28,18.71690909090909,2012-09-21,Anomaly Persistence,14,2012
2012-09-08,2012,9,18.87,19.48,18.682000000000002,2012-09-22,Anomaly Persistence,14,2012
2012-09-09,2012,9,18.72,19.66,18.50890909090909,2012-09-23,Anomaly Persistence,14,2012
2012-09-10,2012,9,18.46,19.81,18.204909090909094,2012-09-24,Anomaly Persistence,14,2012
2012-09-11,2012,9,18.2,20.08,17.909636363636366,2012-09-25,Anomaly Persistence,14,2012
2012-09-12,2012,9,18.04,20.27,17.84527272727273,2012-09-26,Anomaly Persistence,14,2012
2012-09-13,2012,9,17.92,20.45,17.78036363636364,2012-09-27,Anomaly Persistence,14,2012
2012-09-14,2012,9,18.13,20.46,17.943636363636365,2012-09-28,Anomaly Persistence,14,2012
2012-09-15,2012,9,18.19,20.37,17.982909090909093,2012-09-29,Anomaly Persistence,14,2012
2012-09-16,2012,9,18.82,20.08,18.581636363636367,2012-09-30,Anomaly Persistence,14,2012
2012-11-08,2012,11,15.26,14.56,14.575249999999999,2012-11-22,Anomaly Persistence,14,2012
2012-11-09,2012,11,15.18,14.5,14.538333333333332,2012-11-23,Anomaly Persistence,14,2012
2012-11-10,2012,11,15.09,14.45,14.518833333333331,2012-11-24,Anomaly Persistence,14,2012
2012-11-11,2012,11,15.03,14.41,14.477833333333331,2012-11-25,Anomaly Persistence,14,2012
2012-11-12,2012,11,15.03,14.38,14.483666666666664,2012-11-26,Anomaly Persistence,14,2012
2012-11-13,2012,11,14.97,14.35,14.429333333333332,2012-11-27,Anomaly Persistence,14,2012
2012-11-14,2012,11,14.92,14.34,14.401333333333335,2012-11-28,Anomaly Persistence,14,2012
2012-11-15,2012,11,14.89,14.29,14.382833333333336,2012-11-29,Anomaly Persistence,14,2012
2012-11-16,2012,11,14.85,14.24,14.402848484848484,2012-11-30,Anomaly Persistence,14,2012
2012-11-17,2012,11,14.8,14.2,14.361530303030303,2012-12-01,Anomaly Persistence,14,2012
2012-11-18,2012,11,14.76,14.17,14.331121212121213,2012-12-02,Anomaly Persistence,14,2012
2012-11-19,2012,11,14.71,14.15,14.283090909090912,2012-12-03,Anomaly Persistence,14,2012
2012-11-20,2012,11,14.66,14.13,14.238151515151515,2012-12-04,Anomaly Persistence,14,2012
2012-11-21,2012,11,14.61,14.1,14.197545454545455,2012-12-05,Anomaly Persistence,14,2012
2012-11-22,2012,11,14.56,14.07,14.155280303030304,2012-12-06,Anomaly Persistence,14,2012
2012-11-23,2012,11,14.5,14.03,14.09210606060606,2012-12-07,Anomaly Persistence,14,2012
2012-11-24,2012,11,14.45,13.99,14.007727272727275,2012-12-08,Anomaly Persistence,14,2012
2012-11-25,2012,11,14.41,13.97,13.961939393939396,2012-12-09,Anomaly Persistence,14,2012
2012-11-26,2012,11,14.38,13.94,13.937515151515152,2012-12-10,Anomaly Persistence,14,2012
2012-11-27,2012,11,14.35,13.9,13.921212121212122,2012-12-11,Anomaly Persistence,14,2012
2012-11-28,2012,11,14.34,13.87,13.92051515151515,2012-12-12,Anomaly Persistence,14,2012
2012-11-29,2012,11,14.29,13.85,13.887363636363636,2012-12-13,Anomaly Persistence,14,2012
2012-11-30,2012,11,14.24,13.83,13.802909090909091,2012-12-14,Anomaly Persistence,14,2012
2012-12-01,2012,12,14.2,13.79,13.776181818181819,2012-12-15,Anomaly Persistence,14,2012
2012-12-02,2012,12,14.17,13.76,13.760818181818182,2012-12-16,Anomaly Persistence,14,2012
2012-12-03,2012,12,14.15,13.74,13.751818181818182,2012-12-17,Anomaly Persistence,14,2012
2012-12-04,2012,12,14.13,13.72,13.741636363636365,2012-12-18,Anomaly Persistence,14,2012
2012-12-05,2012,12,14.1,13.7,13.714727272727272,2012-12-19,Anomaly Persistence,14,2012
2012-12-06,2012,12,14.07,13.67,13.688181818181818,2012-12-20,Anomaly Persistence,14,2012
2012-12-07,2012,12,14.03,13.67,13.66,2012-12-21,Anomaly Persistence,14,2012
2012-12-08,2012,12,13.99,13.66,13.630909090909089,2012-12-22,Anomaly Persistence,14,2012
2012-12-09,2012,12,13.97,13.66,13.625454545454545,2012-12-23,Anomaly Persistence,14,2012
2012-12-10,2012,12,13.94,13.63,13.605454545454547,2012-12-24,Anomaly Persistence,14,2012
2012-12-11,2012,12,13.9,13.6,13.574727272727273,2012-12-25,Anomaly Persistence,14,2012
2012-12-12,2012,12,13.87,13.56,13.55672727272727,2012-12-26,Anomaly Persistence,14,2012
2012-12-13,2012,12,13.85,13.54,13.540363636363635,2012-12-27,Anomaly Persistence,14,2012
2012-12-14,2012,12,13.83,13.51,13.526,2012-12-28,Anomaly Persistence,14,2012
2012-12-15,2012,12,13.79,13.49,13.49290909090909,2012-12-29,Anomaly Persistence,14,2012
2012-12-16,2012,12,13.76,13.45,13.45581818181818,2012-12-30,Anomaly Persistence,14,2012
2012-12-17,2012,12,13.74,13.42,13.540424242424242,2012-12-31,Anomaly Persistence,14,2012
2012-12-18,2012,12,13.72,13.4,13.44771212121212,2013-01-01,Anomaly Persistence,14,2012
2012-12-19,2012,12,13.7,13.37,13.42322727272727,2013-01-02,Anomaly Persistence,14,2012
2012-12-20,2012,12,13.67,13.33,13.397954545454546,2013-01-03,Anomaly Persistence,14,2012
2012-12-21,2012,12,13.67,13.29,13.396893939393939,2013-01-04,Anomaly Persistence,14,2012
2012-12-22,2012,12,13.66,13.25,13.38369696969697,2013-01-05,Anomaly Persistence,14,2012
2012-12-23,2012,12,13.66,13.22,13.381272727272728,2013-01-06,Anomaly Persistence,14,2012
2012-12-24,2012,12,13.63,13.2,13.353363636363635,2013-01-07,Anomaly Persistence,14,2012
2012-12-25,2012,12,13.6,13.18,13.322560606060605,2013-01-08,Anomaly Persistence,14,2012
2012-12-26,2012,12,13.56,13.16,13.281757575757577,2013-01-09,Anomaly Persistence,14,2012
2012-12-27,2012,12,13.54,13.14,13.262772727272727,2013-01-10,Anomaly Persistence,14,2012
2012-12-28,2012,12,13.51,13.13,13.237492424242426,2013-01-11,Anomaly Persistence,14,2012
2012-12-29,2012,12,13.49,13.12,13.222878787878788,2013-01-12,Anomaly Persistence,14,2012
2012-12-30,2012,12,13.45,13.1,13.197325757575756,2013-01-13,Anomaly Persistence,14,2012
2012-12-31,2012,12,13.42,13.08,13.068,2013-01-14,Anomaly Persistence,14,2012
2013-01-01,2013,1,13.4,13.07,13.126083333333334,2013-01-15,Anomaly Persistence,14,2013
2013-01-02,2013,1,13.37,13.06,13.107166666666666,2013-01-16,Anomaly Persistence,14,2013
2013-01-03,2013,1,13.33,13.04,13.071666666666667,2013-01-17,Anomaly Persistence,14,2013
2013-01-04,2013,1,13.29,13.03,13.032833333333334,2013-01-18,Anomaly Persistence,14,2013
2013-01-05,2013,1,13.25,13.01,13.001166666666668,2013-01-19,Anomaly Persistence,14,2013
2013-01-06,2013,1,13.22,12.98,12.974333333333332,2013-01-20,Anomaly Persistence,14,2013
2013-01-07,2013,1,13.2,12.95,12.952,2013-01-21,Anomaly Persistence,14,2013
2013-01-08,2013,1,13.18,12.93,12.933166666666667,2013-01-22,Anomaly Persistence,14,2013
2013-01-09,2013,1,13.16,12.91,12.916833333333333,2013-01-23,Anomaly Persistence,14,2013
2013-01-10,2013,1,13.14,12.89,12.906999999999998,2013-01-24,Anomaly Persistence,14,2013
2013-01-11,2013,1,13.13,12.87,12.898416666666666,2013-01-25,Anomaly Persistence,14,2013
2013-01-12,2013,1,13.12,12.85,12.887333333333332,2013-01-26,Anomaly Persistence,14,2013
2013-01-13,2013,1,13.1,12.83,12.868416666666667,2013-01-27,Anomaly Persistence,14,2013
2013-01-14,2013,1,13.08,12.81,12.855333333333334,2013-01-28,Anomaly Persistence,14,2013
2013-01-15,2013,1,13.07,12.8,12.84725,2013-01-29,Anomaly Persistence,14,2013
2013-01-16,2013,1,13.06,12.8,12.8475,2013-01-30,Anomaly Persistence,14,2013
2013-01-17,2013,1,13.04,12.79,12.832833333333333,2013-01-31,Anomaly Persistence,14,2013
2013-01-18,2013,1,13.03,12.78,12.854272727272726,2013-02-01,Anomaly Persistence,14,2013
2013-01-19,2013,1,13.01,12.76,12.832045454545455,2013-02-02,Anomaly Persistence,14,2013
2013-01-20,2013,1,12.98,12.74,12.806757575757576,2013-02-03,Anomaly Persistence,14,2013
2013-01-21,2013,1,12.95,12.73,12.784454545454544,2013-02-04,Anomaly Persistence,14,2013
2013-01-22,2013,1,12.93,12.72,12.775,2013-02-05,Anomaly Persistence,14,2013
2013-01-23,2013,1,12.91,12.7,12.760136363636363,2013-02-06,Anomaly Persistence,14,2013
2013-01-24,2013,1,12.89,12.67,12.73968181818182,2013-02-07,Anomaly Persistence,14,2013
2013-01-25,2013,1,12.87,12.65,12.721363636363636,2013-02-08,Anomaly Persistence,14,2013
2013-01-26,2013,1,12.85,12.63,12.70342424242424,2013-02-09,Anomaly Persistence,14,2013
2013-01-27,2013,1,12.83,12.61,12.687166666666668,2013-02-10,Anomaly Persistence,14,2013
2013-01-28,2013,1,12.81,12.6,12.667333333333334,2013-02-11,Anomaly Persistence,14,2013
2013-01-29,2013,1,12.8,12.58,12.655500000000002,2013-02-12,Anomaly Persistence,14,2013
2013-01-30,2013,1,12.8,12.57,12.649742424242424,2013-02-13,Anomaly Persistence,14,2013
2013-01-31,2013,1,12.79,12.56,12.636636363636363,2013-02-14,Anomaly Persistence,14,2013
2013-02-01,2013,2,12.78,12.55,12.60381818181818,2013-02-15,Anomaly Persistence,14,2013
2013-02-02,2013,2,12.76,12.53,12.584909090909088,2013-02-16,Anomaly Persistence,14,2013
2013-02-03,2013,2,12.74,12.52,12.564909090909092,2013-02-17,Anomaly Persistence,14,2013
2013-02-04,2013,2,12.73,12.52,12.560545454545455,2013-02-18,Anomaly Persistence,14,2013
2013-02-05,2013,2,12.72,12.51,12.565454545454545,2013-02-19,Anomaly Persistence,14,2013
2013-02-06,2013,2,12.7,12.53,12.56690909090909,2013-02-20,Anomaly Persistence,14,2013
2013-02-07,2013,2,12.67,12.54,12.54709090909091,2013-02-21,Anomaly Persistence,14,2013
2013-02-08,2013,2,12.65,12.53,12.527454545454548,2013-02-22,Anomaly Persistence,14,2013
2013-02-09,2013,2,12.63,12.53,12.508000000000003,2013-02-23,Anomaly Persistence,14,2013
2013-02-10,2013,2,12.61,12.52,12.488181818181816,2013-02-24,Anomaly Persistence,14,2013
2013-02-11,2013,2,12.6,12.52,12.48890909090909,2013-02-25,Anomaly Persistence,14,2013
2013-02-12,2013,2,12.58,12.53,12.491999999999997,2013-02-26,Anomaly Persistence,14,2013
2013-02-13,2013,2,12.57,12.55,12.510545454545456,2013-02-27,Anomaly Persistence,14,2013
2013-02-14,2013,2,12.56,12.59,12.52909090909091,2013-02-28,Anomaly Persistence,14,2013
2013-02-15,2013,2,12.55,12.588,12.535090909090911,2013-03-01,Anomaly Persistence,14,2013
2013-02-16,2013,2,12.53,12.57,12.535818181818184,2013-03-02,Anomaly Persistence,14,2013
2013-02-17,2013,2,12.52,12.54,12.566545454545455,2013-03-03,Anomaly Persistence,14,2013
2013-02-18,2013,2,12.52,12.52,12.586181818181819,2013-03-04,Anomaly Persistence,14,2013
2013-02-19,2013,2,12.51,12.49,12.573818181818181,2013-03-05,Anomaly Persistence,14,2013
2013-02-20,2013,2,12.53,12.46,12.597090909090907,2013-03-06,Anomaly Persistence,14,2013
2013-02-21,2013,2,12.54,12.44,12.61963636363636,2013-03-07,Anomaly Persistence,14,2013
2013-02-22,2013,2,12.53,12.42,12.639636363636361,2013-03-08,Anomaly Persistence,14,2013
2013-02-23,2013,2,12.53,12.42,12.671636363636363,2013-03-09,Anomaly Persistence,14,2013
2013-02-24,2013,2,12.52,12.41,12.68381818181818,2013-03-10,Anomaly Persistence,14,2013
2013-02-25,2013,2,12.52,12.41,12.687636363636365,2013-03-11,Anomaly Persistence,14,2013
2013-02-26,2013,2,12.53,12.42,12.702545454545456,2013-03-12,Anomaly Persistence,14,2013
2013-02-27,2013,2,12.55,12.41,12.76109090909091,2013-03-13,Anomaly Persistence,14,2013
2013-02-28,2013,2,12.59,12.4,12.827818181818179,2013-03-14,Anomaly Persistence,14,2013
2013-03-01,2013,3,12.588,12.39,12.835999999999999,2013-03-15,Anomaly Persistence,14,2013
2013-03-02,2013,3,12.57,12.38,12.80890909090909,2013-03-16,Anomaly Persistence,14,2013
2013-03-03,2013,3,12.54,12.36,12.740545454545455,2013-03-17,Anomaly Persistence,14,2013
2013-03-04,2013,3,12.52,12.35,12.706363636363637,2013-03-18,Anomaly Persistence,14,2013
2013-03-05,2013,3,12.49,12.34,12.68618181818182,2013-03-19,Anomaly Persistence,14,2013
2013-03-06,2013,3,12.46,12.33,12.661454545454548,2013-03-20,Anomaly Persistence,14,2013
2013-03-07,2013,3,12.44,12.32,12.638909090909092,2013-03-21,Anomaly Persistence,14,2013
2013-03-08,2013,3,12.42,12.33,12.608,2013-03-22,Anomaly Persistence,14,2013
2013-03-09,2013,3,12.42,12.37,12.597636363636363,2013-03-23,Anomaly Persistence,14,2013
2013-03-10,2013,3,12.41,12.41,12.600727272727275,2013-03-24,Anomaly Persistence,14,2013
2013-03-11,2013,3,12.41,12.5,12.637818181818183,2013-03-25,Anomaly Persistence,14,2013
2013-03-12,2013,3,12.42,12.54,12.67090909090909,2013-03-26,Anomaly Persistence,14,2013
2013-03-13,2013,3,12.41,12.59,12.662727272727272,2013-03-27,Anomaly Persistence,14,2013
2013-03-14,2013,3,12.4,12.65,12.690727272727274,2013-03-28,Anomaly Persistence,14,2013
2013-03-15,2013,3,12.39,12.69,12.703454545454544,2013-03-29,Anomaly Persistence,14,2013
2013-03-16,2013,3,12.38,12.71,12.709454545454545,2013-03-30,Anomaly Persistence,14,2013
2013-03-17,2013,3,12.36,12.71,12.727818181818181,2013-03-31,Anomaly Persistence,14,2013
2013-03-18,2013,3,12.35,12.69,12.771272727272725,2013-04-01,Anomaly Persistence,14,2013
2013-03-19,2013,3,12.34,12.69,12.815636363636363,2013-04-02,Anomaly Persistence,14,2013
2013-03-20,2013,3,12.33,12.73,12.848,2013-04-03,Anomaly Persistence,14,2013
2013-03-21,2013,3,12.32,12.77,12.868181818181819,2013-04-04,Anomaly Persistence,14,2013
2013-03-22,2013,3,12.33,12.77,12.910727272727271,2013-04-05,Anomaly Persistence,14,2013
2013-03-23,2013,3,12.37,12.851,12.982636363636363,2013-04-06,Anomaly Persistence,14,2013
2013-03-24,2013,3,12.41,12.896,13.06709090909091,2013-04-07,Anomaly Persistence,14,2013
2013-03-25,2013,3,12.5,13.05,13.207272727272727,2013-04-08,Anomaly Persistence,14,2013
2013-03-26,2013,3,12.54,13.19,13.316727272727274,2013-04-09,Anomaly Persistence,14,2013
2013-03-27,2013,3,12.59,13.23,13.389999999999999,2013-04-10,Anomaly Persistence,14,2013
2013-03-28,2013,3,12.65,13.23,13.393454545454546,2013-04-11,Anomaly Persistence,14,2013
2013-03-29,2013,3,12.69,13.22,13.402363636363637,2013-04-12,Anomaly Persistence,14,2013
2013-03-30,2013,3,12.71,13.33,13.439090909090911,2013-04-13,Anomaly Persistence,14,2013
2013-03-31,2013,3,12.71,13.47,13.442727272727273,2013-04-14,Anomaly Persistence,14,2013
2013-04-01,2013,4,12.69,13.5,13.442909090909092,2013-04-15,Anomaly Persistence,14,2013
2013-04-02,2013,4,12.69,13.51,13.448181818181817,2013-04-16,Anomaly Persistence,14,2013
2013-04-03,2013,4,12.73,13.48,13.475818181818182,2013-04-17,Anomaly Persistence,14,2013
2013-04-04,2013,4,12.77,13.52,13.509999999999998,2013-04-18,Anomaly Persistence,14,2013
2013-04-05,2013,4,12.77,13.81,13.49709090909091,2013-04-19,Anomaly Persistence,14,2013
2013-04-06,2013,4,12.851,14.35,13.642363636363637,2013-04-20,Anomaly Persistence,14,2013
2013-04-07,2013,4,12.896,14.55,13.712363636363637,2013-04-21,Anomaly Persistence,14,2013
2013-04-08,2013,4,13.05,14.66,13.866,2013-04-22,Anomaly Persistence,14,2013
2013-04-09,2013,4,13.19,14.58,13.923090909090908,2013-04-23,Anomaly Persistence,14,2013
2013-04-10,2013,4,13.23,14.58,13.927818181818184,2013-04-24,Anomaly Persistence,14,2013
2013-04-11,2013,4,13.23,14.45,13.943,2013-04-25,Anomaly Persistence,14,2013
2013-04-12,2013,4,13.22,14.35,14.019636363636364,2013-04-26,Anomaly Persistence,14,2013
2013-04-13,2013,4,13.33,14.26,14.262363636363636,2013-04-27,Anomaly Persistence,14,2013
2013-04-14,2013,4,13.47,14.24,14.45890909090909,2013-04-28,Anomaly Persistence,14,2013
2013-04-15,2013,4,13.5,14.2,14.451999999999998,2013-04-29,Anomaly Persistence,14,2013
2013-04-16,2013,4,13.51,14.17,14.440545454545454,2013-04-30,Anomaly Persistence,14,2013
2013-07-08,2013,7,19.2,19.11,19.224,2013-07-22,Anomaly Persistence,14,2013
2013-07-09,2013,7,19.34,19.02,19.348666666666666,2013-07-23,Anomaly Persistence,14,2013
2013-07-10,2013,7,19.47,19.04,19.435333333333332,2013-07-24,Anomaly Persistence,14,2013
2013-07-11,2013,7,19.67,19.05,19.58916666666667,2013-07-25,Anomaly Persistence,14,2013
2013-07-12,2013,7,19.68,19.11,19.558333333333334,2013-07-26,Anomaly Persistence,14,2013
2013-07-13,2013,7,19.6,19.15,19.441833333333335,2013-07-27,Anomaly Persistence,14,2013
2013-07-14,2013,7,19.46,19.14,19.317333333333337,2013-07-28,Anomaly Persistence,14,2013
2013-07-15,2013,7,19.37,19.07,19.224333333333334,2013-07-29,Anomaly Persistence,14,2013
2013-07-16,2013,7,19.3,19.0,19.153166666666667,2013-07-30,Anomaly Persistence,14,2013
2013-07-17,2013,7,19.13,18.94,18.96833333333333,2013-07-31,Anomaly Persistence,14,2013
2013-07-18,2013,7,19.087,18.86,18.835719696969697,2013-08-01,Anomaly Persistence,14,2013
2013-07-19,2013,7,18.99,18.78,18.675015151515147,2013-08-02,Anomaly Persistence,14,2013
2013-07-20,2013,7,19.09,18.76,18.728742424242423,2013-08-03,Anomaly Persistence,14,2013
2013-07-21,2013,7,19.12,18.69,18.695757575757575,2013-08-04,Anomaly Persistence,14,2013
2013-07-22,2013,7,19.11,18.52,18.67142424242424,2013-08-05,Anomaly Persistence,14,2013
2013-07-23,2013,7,19.02,18.4,18.558878787878786,2013-08-06,Anomaly Persistence,14,2013
2013-07-24,2013,7,19.04,18.45,18.587030303030303,2013-08-07,Anomaly Persistence,14,2013
2013-07-25,2013,7,19.05,18.51,18.589136363636364,2013-08-08,Anomaly Persistence,14,2013
2013-07-26,2013,7,19.11,18.49,18.638848484848484,2013-08-09,Anomaly Persistence,14,2013
2013-07-27,2013,7,19.15,18.43,18.68230303030303,2013-08-10,Anomaly Persistence,14,2013
2013-07-28,2013,7,19.14,18.51,18.662499999999998,2013-08-11,Anomaly Persistence,14,2013
2013-07-29,2013,7,19.07,18.6,18.61451515151515,2013-08-12,Anomaly Persistence,14,2013
2013-07-30,2013,7,19.0,18.64,18.603045454545455,2013-08-13,Anomaly Persistence,14,2013
2013-07-31,2013,7,18.94,18.63,18.630424242424244,2013-08-14,Anomaly Persistence,14,2013
2013-08-01,2013,8,18.86,18.56,18.646909090909087,2013-08-15,Anomaly Persistence,14,2013
2013-08-02,2013,8,18.78,18.45,18.654000000000003,2013-08-16,Anomaly Persistence,14,2013
2013-08-03,2013,8,18.76,18.36,18.716727272727272,2013-08-17,Anomaly Persistence,14,2013
2013-08-04,2013,8,18.69,18.29,18.76709090909091,2013-08-18,Anomaly Persistence,14,2013
2013-08-05,2013,8,18.52,18.22,18.637090909090908,2013-08-19,Anomaly Persistence,14,2013
2013-08-06,2013,8,18.4,18.12,18.56281818181818,2013-08-20,Anomaly Persistence,14,2013
2013-08-07,2013,8,18.45,18.0,18.664363636363635,2013-08-21,Anomaly Persistence,14,2013
2013-08-08,2013,8,18.51,17.97,18.761454545454544,2013-08-22,Anomaly Persistence,14,2013
2013-08-09,2013,8,18.49,17.92,18.766,2013-08-23,Anomaly Persistence,14,2013
2013-08-10,2013,8,18.43,17.83,18.728363636363635,2013-08-24,Anomaly Persistence,14,2013
2013-08-11,2013,8,18.51,17.67,18.78363636363637,2013-08-25,Anomaly Persistence,14,2013
2013-08-12,2013,8,18.6,17.54,18.816727272727277,2013-08-26,Anomaly Persistence,14,2013
2013-08-13,2013,8,18.64,17.47,18.781090909090906,2013-08-27,Anomaly Persistence,14,2013
2013-08-14,2013,8,18.63,17.53,18.722363636363635,2013-08-28,Anomaly Persistence,14,2013
2013-08-15,2013,8,18.56,17.6,18.644181818181817,2013-08-29,Anomaly Persistence,14,2013
2013-08-16,2013,8,18.45,17.6,18.490181818181817,2013-08-30,Anomaly Persistence,14,2013
2013-08-17,2013,8,18.36,17.62,18.330909090909092,2013-08-31,Anomaly Persistence,14,2013
2013-08-18,2013,8,18.29,17.62,18.05781818181818,2013-09-01,Anomaly Persistence,14,2013
2013-08-19,2013,8,18.22,17.64,17.927636363636363,2013-09-02,Anomaly Persistence,14,2013
2013-08-20,2013,8,18.12,17.79,17.775818181818185,2013-09-03,Anomaly Persistence,14,2013
2013-08-21,2013,8,18.0,17.9,17.581999999999997,2013-09-04,Anomaly Persistence,14,2013
2013-08-22,2013,8,17.97,18.17,17.529636363636364,2013-09-05,Anomaly Persistence,14,2013
2013-08-23,2013,8,17.92,18.49,17.503818181818183,2013-09-06,Anomaly Persistence,14,2013
2013-08-24,2013,8,17.83,18.8,17.44218181818182,2013-09-07,Anomaly Persistence,14,2013
2013-08-25,2013,8,17.67,19.3,17.346545454545453,2013-09-08,Anomaly Persistence,14,2013
2013-08-26,2013,8,17.54,19.66,17.28563636363636,2013-09-09,Anomaly Persistence,14,2013
2013-08-27,2013,8,17.47,19.9,17.244545454545456,2013-09-10,Anomaly Persistence,14,2013
2013-08-28,2013,8,17.53,19.91,17.306545454545457,2013-09-11,Anomaly Persistence,14,2013
2013-08-29,2013,8,17.6,19.79,17.392727272727274,2013-09-12,Anomaly Persistence,14,2013
2013-08-30,2013,8,17.6,19.5,17.39109090909091,2013-09-13,Anomaly Persistence,14,2013
2013-08-31,2013,8,17.62,19.19,17.41309090909091,2013-09-14,Anomaly Persistence,14,2013
2013-09-01,2013,9,17.62,18.9,17.605090909090908,2013-09-15,Anomaly Persistence,14,2013
2013-09-02,2013,9,17.64,18.62,17.659636363636363,2013-09-16,Anomaly Persistence,14,2013
2013-09-03,2013,9,17.79,18.41,17.854363636363633,2013-09-17,Anomaly Persistence,14,2013
2013-09-04,2013,9,17.9,18.12,17.95927272727273,2013-09-18,Anomaly Persistence,14,2013
2013-09-05,2013,9,18.17,17.94,18.191818181818185,2013-09-19,Anomaly Persistence,14,2013
2013-09-06,2013,9,18.49,17.76,18.48981818181818,2013-09-20,Anomaly Persistence,14,2013
2013-09-07,2013,9,18.8,17.4,18.693272727272728,2013-09-21,Anomaly Persistence,14,2013
2013-09-08,2013,9,19.3,17.3,19.14690909090909,2013-09-22,Anomaly Persistence,14,2013
2013-09-09,2013,9,19.66,17.13,19.472,2013-09-23,Anomaly Persistence,14,2013
2013-09-10,2013,9,19.9,17.01,19.68890909090909,2013-09-24,Anomaly Persistence,14,2013
2013-09-11,2013,9,19.91,16.91,19.654909090909094,2013-09-25,Anomaly Persistence,14,2013
2013-09-12,2013,9,19.79,16.82,19.499636363636366,2013-09-26,Anomaly Persistence,14,2013
2013-09-13,2013,9,19.5,16.8,19.30527272727273,2013-09-27,Anomaly Persistence,14,2013
2013-09-14,2013,9,19.19,16.81,19.050363636363638,2013-09-28,Anomaly Persistence,14,2013
2013-09-15,2013,9,18.9,16.85,18.713636363636365,2013-09-29,Anomaly Persistence,14,2013
2013-09-16,2013,9,18.62,16.87,18.412909090909093,2013-09-30,Anomaly Persistence,14,2013
2013-09-17,2013,9,18.41,16.87,18.171636363636367,2013-10-01,Anomaly Persistence,14,2013
2013-09-18,2013,9,18.12,16.84,17.7032,2013-10-02,Anomaly Persistence,14,2013
2013-09-19,2013,9,17.94,16.77,17.445654545454545,2013-10-03,Anomaly Persistence,14,2013
2013-09-20,2013,9,17.76,16.68,17.13478181818182,2013-10-04,Anomaly Persistence,14,2013
2013-09-21,2013,9,17.4,16.57,16.67354545454545,2013-10-05,Anomaly Persistence,14,2013
2013-09-22,2013,9,17.3,16.51,16.415309090909094,2013-10-06,Anomaly Persistence,14,2013
2013-09-23,2013,9,17.13,16.58,16.136654545454544,2013-10-07,Anomaly Persistence,14,2013
2013-09-24,2013,9,17.01,16.63,15.974309090909092,2013-10-08,Anomaly Persistence,14,2013
2013-09-25,2013,9,16.91,16.6,15.896890909090907,2013-10-09,Anomaly Persistence,14,2013
2013-09-26,2013,9,16.82,16.55,15.733309090909088,2013-10-10,Anomaly Persistence,14,2013
2013-09-27,2013,9,16.8,16.54,15.521672727272726,2013-10-11,Anomaly Persistence,14,2013
2013-09-28,2013,9,16.81,16.59,15.386599999999998,2013-10-12,Anomaly Persistence,14,2013
2013-09-29,2013,9,16.85,16.55,15.325072727272726,2013-10-13,Anomaly Persistence,14,2013
2013-09-30,2013,9,16.87,16.48,15.330436363636366,2013-10-14,Anomaly Persistence,14,2013
2013-10-01,2013,10,16.87,16.37,15.348418181818182,2013-10-15,Anomaly Persistence,14,2013
2013-10-02,2013,10,16.84,16.37,15.514200000000002,2013-10-16,Anomaly Persistence,14,2013
2013-10-03,2013,10,16.77,16.48,15.525400000000001,2013-10-17,Anomaly Persistence,14,2013
2013-10-04,2013,10,16.68,16.37,15.4876,2013-10-18,Anomaly Persistence,14,2013
2013-10-05,2013,10,16.57,16.23,15.473600000000001,2013-10-19,Anomaly Persistence,14,2013
2013-10-06,2013,10,16.51,16.0,15.4722,2013-10-20,Anomaly Persistence,14,2013
2013-10-07,2013,10,16.58,15.84,15.576999999999998,2013-10-21,Anomaly Persistence,14,2013
2013-10-08,2013,10,16.63,15.74,15.610400000000002,2013-10-22,Anomaly Persistence,14,2013
2013-10-09,2013,10,16.6,15.71,15.473600000000001,2013-10-23,Anomaly Persistence,14,2013
2013-10-10,2013,10,16.55,15.68,15.382200000000001,2013-10-24,Anomaly Persistence,14,2013
2013-10-11,2013,10,16.54,15.66,15.399199999999999,2013-10-25,Anomaly Persistence,14,2013
2013-10-12,2013,10,16.59,15.71,15.500399999999999,2013-10-26,Anomaly Persistence,14,2013
2013-10-13,2013,10,16.55,15.74,15.523400000000002,2013-10-27,Anomaly Persistence,14,2013
2013-10-14,2013,10,16.48,15.82,15.447,2013-10-28,Anomaly Persistence,14,2013
2013-10-15,2013,10,16.37,15.82,15.307200000000003,2013-10-29,Anomaly Persistence,14,2013
2013-10-16,2013,10,16.37,15.74,15.305,2013-10-30,Anomaly Persistence,14,2013
2013-10-17,2013,10,16.48,15.63,15.4066,2013-10-31,Anomaly Persistence,14,2013
2013-10-18,2013,10,16.37,15.52,15.399072727272726,2013-11-01,Anomaly Persistence,14,2013
2013-10-19,2013,10,16.23,15.42,15.308233333333334,2013-11-02,Anomaly Persistence,14,2013
2013-10-20,2013,10,16.0,15.4,15.125066666666667,2013-11-03,Anomaly Persistence,14,2013
2013-10-21,2013,10,15.84,15.49,14.999133333333335,2013-11-04,Anomaly Persistence,14,2013
2013-10-22,2013,10,15.74,15.57,14.904533333333331,2013-11-05,Anomaly Persistence,14,2013
2013-10-23,2013,10,15.71,15.59,14.913933333333334,2013-11-06,Anomaly Persistence,14,2013
2013-10-24,2013,10,15.68,15.54,14.9304,2013-11-07,Anomaly Persistence,14,2013
2013-10-25,2013,10,15.66,15.43,14.9489,2013-11-08,Anomaly Persistence,14,2013
2013-10-26,2013,10,15.71,15.34,14.982833333333335,2013-11-09,Anomaly Persistence,14,2013
2013-10-27,2013,10,15.74,15.21,15.003633333333333,2013-11-10,Anomaly Persistence,14,2013
2013-10-28,2013,10,15.82,15.09,15.074366666666668,2013-11-11,Anomaly Persistence,14,2013
2013-10-29,2013,10,15.82,15.0,15.061699999999998,2013-11-12,Anomaly Persistence,14,2013
2013-10-30,2013,10,15.74,14.91,14.964599999999999,2013-11-13,Anomaly Persistence,14,2013
2013-10-31,2013,10,15.63,14.84,14.835800000000003,2013-11-14,Anomaly Persistence,14,2013
2013-11-01,2013,11,15.52,14.72,14.647060606060606,2013-11-15,Anomaly Persistence,14,2013
2013-11-02,2013,11,15.42,14.66,14.539333333333332,2013-11-16,Anomaly Persistence,14,2013
2013-11-03,2013,11,15.4,14.58,14.527666666666667,2013-11-17,Anomaly Persistence,14,2013
2013-11-04,2013,11,15.49,14.53,14.615499999999999,2013-11-18,Anomaly Persistence,14,2013
2013-11-05,2013,11,15.57,14.44,14.729,2013-11-19,Anomaly Persistence,14,2013
2013-11-06,2013,11,15.59,14.44,14.792666666666666,2013-11-20,Anomaly Persistence,14,2013
2013-11-07,2013,11,15.54,14.38,14.782666666666666,2013-11-21,Anomaly Persistence,14,2013
2013-11-08,2013,11,15.43,14.33,14.7005,2013-11-22,Anomaly Persistence,14,2013
2013-11-09,2013,11,15.34,14.27,14.655249999999999,2013-11-23,Anomaly Persistence,14,2013
2013-11-10,2013,11,15.21,14.22,14.568333333333333,2013-11-24,Anomaly Persistence,14,2013
2013-11-11,2013,11,15.09,14.17,14.518833333333331,2013-11-25,Anomaly Persistence,14,2013
2013-11-12,2013,11,15.0,14.12,14.447833333333332,2013-11-26,Anomaly Persistence,14,2013
2013-11-13,2013,11,14.91,14.08,14.363666666666665,2013-11-27,Anomaly Persistence,14,2013
2013-11-14,2013,11,14.84,14.03,14.299333333333331,2013-11-28,Anomaly Persistence,14,2013
2013-11-15,2013,11,14.72,13.99,14.201333333333336,2013-11-29,Anomaly Persistence,14,2013
2013-11-16,2013,11,14.66,13.96,14.152833333333335,2013-11-30,Anomaly Persistence,14,2013
2013-11-17,2013,11,14.58,13.92,14.132848484848484,2013-12-01,Anomaly Persistence,14,2013
2013-11-18,2013,11,14.53,13.87,14.091530303030302,2013-12-02,Anomaly Persistence,14,2013
2013-11-19,2013,11,14.44,13.82,14.011121212121212,2013-12-03,Anomaly Persistence,14,2013
2013-11-20,2013,11,14.44,13.78,14.013090909090911,2013-12-04,Anomaly Persistence,14,2013
2013-11-21,2013,11,14.38,13.76,13.958151515151515,2013-12-05,Anomaly Persistence,14,2013
2013-11-22,2013,11,14.33,13.74,13.917545454545456,2013-12-06,Anomaly Persistence,14,2013
2013-11-23,2013,11,14.27,13.7,13.865280303030303,2013-12-07,Anomaly Persistence,14,2013
2013-11-24,2013,11,14.22,13.67,13.81210606060606,2013-12-08,Anomaly Persistence,14,2013
2013-11-25,2013,11,14.17,13.64,13.727727272727275,2013-12-09,Anomaly Persistence,14,2013
2013-11-26,2013,11,14.12,13.6,13.671939393939395,2013-12-10,Anomaly Persistence,14,2013
2013-11-27,2013,11,14.08,13.56,13.637515151515151,2013-12-11,Anomaly Persistence,14,2013
2013-11-28,2013,11,14.03,13.54,13.601212121212122,2013-12-12,Anomaly Persistence,14,2013
2013-11-29,2013,11,13.99,13.51,13.570515151515151,2013-12-13,Anomaly Persistence,14,2013
2013-11-30,2013,11,13.96,13.48,13.557363636363638,2013-12-14,Anomaly Persistence,14,2013
2013-12-01,2013,12,13.92,13.45,13.482909090909091,2013-12-15,Anomaly Persistence,14,2013
2013-12-02,2013,12,13.87,13.42,13.446181818181818,2013-12-16,Anomaly Persistence,14,2013
2013-12-03,2013,12,13.82,13.4,13.410818181818183,2013-12-17,Anomaly Persistence,14,2013
2013-12-04,2013,12,13.78,13.38,13.381818181818181,2013-12-18,Anomaly Persistence,14,2013
2013-12-05,2013,12,13.76,13.36,13.371636363636364,2013-12-19,Anomaly Persistence,14,2013
2013-12-06,2013,12,13.74,13.34,13.354727272727272,2013-12-20,Anomaly Persistence,14,2013
2013-12-07,2013,12,13.7,13.32,13.318181818181817,2013-12-21,Anomaly Persistence,14,2013
2013-12-08,2013,12,13.67,13.29,13.3,2013-12-22,Anomaly Persistence,14,2013
2013-12-09,2013,12,13.64,13.26,13.28090909090909,2013-12-23,Anomaly Persistence,14,2013
2013-12-10,2013,12,13.6,13.24,13.255454545454544,2013-12-24,Anomaly Persistence,14,2013
2013-12-11,2013,12,13.56,13.21,13.225454545454548,2013-12-25,Anomaly Persistence,14,2013
2013-12-12,2013,12,13.54,13.19,13.214727272727272,2013-12-26,Anomaly Persistence,14,2013
2013-12-13,2013,12,13.51,13.17,13.196727272727271,2013-12-27,Anomaly Persistence,14,2013
2013-12-14,2013,12,13.48,13.14,13.170363636363636,2013-12-28,Anomaly Persistence,14,2013
2013-12-15,2013,12,13.45,13.12,13.145999999999999,2013-12-29,Anomaly Persistence,14,2013
2013-12-16,2013,12,13.42,13.09,13.12290909090909,2013-12-30,Anomaly Persistence,14,2013
2013-12-17,2013,12,13.4,13.06,13.095818181818181,2013-12-31,Anomaly Persistence,14,2013
2013-12-18,2013,12,13.38,13.04,13.088257575757575,2014-01-01,Anomaly Persistence,14,2013
2013-12-19,2013,12,13.36,13.02,13.059045454545453,2014-01-02,Anomaly Persistence,14,2013
2013-12-20,2013,12,13.34,12.99,13.043227272727272,2014-01-03,Anomaly Persistence,14,2013
2013-12-21,2013,12,13.32,12.97,13.029621212121212,2014-01-04,Anomaly Persistence,14,2013
2013-12-22,2013,12,13.29,12.95,12.994060606060605,2014-01-05,Anomaly Persistence,14,2013
2013-12-23,2013,12,13.26,12.93,12.962363636363637,2014-01-06,Anomaly Persistence,14,2013
2013-12-24,2013,12,13.24,12.93,12.944272727272727,2014-01-07,Anomaly Persistence,14,2013
2013-12-25,2013,12,13.21,12.92,12.91219696969697,2014-01-08,Anomaly Persistence,14,2013
2013-12-26,2013,12,13.19,12.9,12.89139393939394,2014-01-09,Anomaly Persistence,14,2013
2013-12-27,2013,12,13.17,12.88,12.870590909090911,2014-01-10,Anomaly Persistence,14,2013
2013-12-28,2013,12,13.14,12.86,12.845856060606062,2014-01-11,Anomaly Persistence,14,2013
2013-12-29,2013,12,13.12,12.83,12.831242424242424,2014-01-12,Anomaly Persistence,14,2013
2013-12-30,2013,12,13.09,12.82,12.80696212121212,2014-01-13,Anomaly Persistence,14,2013
2013-12-31,2013,12,13.06,12.8,12.788242424242425,2014-01-14,Anomaly Persistence,14,2013
2014-01-01,2014,1,13.04,12.79,12.766083333333333,2014-01-15,Anomaly Persistence,14,2014
2014-01-02,2014,1,13.02,12.77,12.757166666666667,2014-01-16,Anomaly Persistence,14,2014
2014-01-03,2014,1,12.99,12.75,12.731666666666667,2014-01-17,Anomaly Persistence,14,2014
2014-01-04,2014,1,12.97,12.73,12.712833333333336,2014-01-18,Anomaly Persistence,14,2014
2014-01-05,2014,1,12.95,12.72,12.701166666666667,2014-01-19,Anomaly Persistence,14,2014
2014-01-06,2014,1,12.93,12.7,12.684333333333331,2014-01-20,Anomaly Persistence,14,2014
2014-01-07,2014,1,12.93,12.68,12.682,2014-01-21,Anomaly Persistence,14,2014
2014-01-08,2014,1,12.92,12.66,12.673166666666667,2014-01-22,Anomaly Persistence,14,2014
2014-01-09,2014,1,12.9,12.65,12.656833333333333,2014-01-23,Anomaly Persistence,14,2014
2014-01-10,2014,1,12.88,12.64,12.646999999999998,2014-01-24,Anomaly Persistence,14,2014
2014-01-11,2014,1,12.86,12.63,12.628416666666665,2014-01-25,Anomaly Persistence,14,2014
2014-01-12,2014,1,12.83,12.62,12.597333333333333,2014-01-26,Anomaly Persistence,14,2014
2014-01-13,2014,1,12.82,12.61,12.588416666666667,2014-01-27,Anomaly Persistence,14,2014
2014-01-14,2014,1,12.8,12.59,12.575333333333335,2014-01-28,Anomaly Persistence,14,2014
2014-01-15,2014,1,12.79,12.57,12.56725,2014-01-29,Anomaly Persistence,14,2014
2014-01-16,2014,1,12.77,12.55,12.5575,2014-01-30,Anomaly Persistence,14,2014
2014-01-17,2014,1,12.75,12.53,12.542833333333334,2014-01-31,Anomaly Persistence,14,2014
2014-06-08,2014,6,16.32,16.9,17.226545454545455,2014-06-22,Anomaly Persistence,14,2014
2014-06-09,2014,6,16.66,17.2,17.542,2014-06-23,Anomaly Persistence,14,2014
2014-06-10,2014,6,16.88,17.49,17.80981818181818,2014-06-24,Anomaly Persistence,14,2014
2014-06-11,2014,6,16.92,17.82,17.864363636363638,2014-06-25,Anomaly Persistence,14,2014
2014-06-12,2014,6,16.92,18.14,17.91890909090909,2014-06-26,Anomaly Persistence,14,2014
2014-06-13,2014,6,16.92,18.44,18.045818181818184,2014-06-27,Anomaly Persistence,14,2014
2014-06-14,2014,6,16.97,18.56,18.29781818181818,2014-06-28,Anomaly Persistence,14,2014
2014-06-15,2014,6,17.07,18.57,18.449454545454547,2014-06-29,Anomaly Persistence,14,2014
2014-06-16,2014,6,17.21,18.57,18.486727272727276,2014-06-30,Anomaly Persistence,14,2014
2014-06-17,2014,6,17.25,18.58,18.353863636363638,2014-07-01,Anomaly Persistence,14,2014
2014-06-18,2014,6,17.19,18.5,18.289333333333335,2014-07-02,Anomaly Persistence,14,2014
2014-06-19,2014,6,17.11,18.34,18.16371212121212,2014-07-03,Anomaly Persistence,14,2014
2014-06-20,2014,6,16.99,18.362,17.998499999999996,2014-07-04,Anomaly Persistence,14,2014
2014-06-21,2014,6,16.92,18.47,17.92927272727273,2014-07-05,Anomaly Persistence,14,2014
2014-06-22,2014,6,16.9,18.59,17.947772727272724,2014-07-06,Anomaly Persistence,14,2014
2014-06-23,2014,6,17.2,18.63,18.272393939393936,2014-07-07,Anomaly Persistence,14,2014
2014-06-24,2014,6,17.49,18.66,18.537484848484848,2014-07-08,Anomaly Persistence,14,2014
2014-06-25,2014,6,17.82,18.5,18.811090909090908,2014-07-09,Anomaly Persistence,14,2014
2014-06-26,2014,6,18.14,18.49,19.069454545454548,2014-07-10,Anomaly Persistence,14,2014
2014-06-27,2014,6,18.44,18.53,19.319333333333333,2014-07-11,Anomaly Persistence,14,2014
2014-06-28,2014,6,18.56,18.48,19.27881818181818,2014-07-12,Anomaly Persistence,14,2014
2014-06-29,2014,6,18.57,18.4,19.20768181818182,2014-07-13,Anomaly Persistence,14,2014
2014-06-30,2014,6,18.57,18.46,19.1525303030303,2014-07-14,Anomaly Persistence,14,2014
2014-07-01,2014,7,18.58,18.46,19.137833333333333,2014-07-15,Anomaly Persistence,14,2014
2014-07-02,2014,7,18.5,18.4,18.913,2014-07-16,Anomaly Persistence,14,2014
2014-07-03,2014,7,18.34,18.34,18.637166666666666,2014-07-17,Anomaly Persistence,14,2014
2014-07-04,2014,7,18.362,18.35,18.645416666666666,2014-07-18,Anomaly Persistence,14,2014
2014-07-05,2014,7,18.47,18.42,18.737166666666667,2014-07-19,Anomaly Persistence,14,2014
2014-07-06,2014,7,18.59,18.53,18.797666666666668,2014-07-20,Anomaly Persistence,14,2014
2014-07-07,2014,7,18.63,18.67,18.72366666666667,2014-07-21,Anomaly Persistence,14,2014
2014-07-08,2014,7,18.66,18.88,18.684,2014-07-22,Anomaly Persistence,14,2014
2014-07-09,2014,7,18.5,18.98,18.508666666666667,2014-07-23,Anomaly Persistence,14,2014
2014-07-10,2014,7,18.49,18.97,18.455333333333332,2014-07-24,Anomaly Persistence,14,2014
2014-07-11,2014,7,18.53,18.97,18.44916666666667,2014-07-25,Anomaly Persistence,14,2014
2014-07-12,2014,7,18.48,18.91,18.358333333333334,2014-07-26,Anomaly Persistence,14,2014
2014-07-13,2014,7,18.4,18.87,18.241833333333332,2014-07-27,Anomaly Persistence,14,2014
2014-07-14,2014,7,18.46,18.75,18.317333333333337,2014-07-28,Anomaly Persistence,14,2014
2014-07-15,2014,7,18.46,18.65,18.314333333333334,2014-07-29,Anomaly Persistence,14,2014
2014-07-16,2014,7,18.4,18.58,18.253166666666665,2014-07-30,Anomaly Persistence,14,2014
2014-07-17,2014,7,18.34,18.48,18.17833333333333,2014-07-31,Anomaly Persistence,14,2014
2014-07-18,2014,7,18.35,18.41,18.0987196969697,2014-08-01,Anomaly Persistence,14,2014
2014-07-19,2014,7,18.42,18.36,18.10501515151515,2014-08-02,Anomaly Persistence,14,2014
2014-07-20,2014,7,18.53,18.3,18.168742424242424,2014-08-03,Anomaly Persistence,14,2014
2014-07-21,2014,7,18.67,18.24,18.245757575757576,2014-08-04,Anomaly Persistence,14,2014
2014-07-22,2014,7,18.88,18.22,18.44142424242424,2014-08-05,Anomaly Persistence,14,2014
2014-07-23,2014,7,18.98,18.23,18.518878787878787,2014-08-06,Anomaly Persistence,14,2014
2014-07-24,2014,7,18.97,18.23,18.517030303030303,2014-08-07,Anomaly Persistence,14,2014
2014-07-25,2014,7,18.97,18.24,18.50913636363636,2014-08-08,Anomaly Persistence,14,2014
2014-07-26,2014,7,18.91,18.17,18.438848484848485,2014-08-09,Anomaly Persistence,14,2014
2014-07-27,2014,7,18.87,18.17,18.40230303030303,2014-08-10,Anomaly Persistence,14,2014
2014-07-28,2014,7,18.75,18.24,18.272499999999997,2014-08-11,Anomaly Persistence,14,2014
2014-07-29,2014,7,18.65,18.26,18.194515151515148,2014-08-12,Anomaly Persistence,14,2014
2014-07-30,2014,7,18.58,18.28,18.183045454545454,2014-08-13,Anomaly Persistence,14,2014
2014-07-31,2014,7,18.48,18.39,18.170424242424243,2014-08-14,Anomaly Persistence,14,2014
2014-08-01,2014,8,18.41,18.58,18.196909090909088,2014-08-15,Anomaly Persistence,14,2014
2014-08-02,2014,8,18.36,18.86,18.234,2014-08-16,Anomaly Persistence,14,2014
2014-08-03,2014,8,18.3,19.42,18.25672727272727,2014-08-17,Anomaly Persistence,14,2014
2014-08-04,2014,8,18.24,19.7,18.317090909090908,2014-08-18,Anomaly Persistence,14,2014
2014-08-05,2014,8,18.22,19.82,18.337090909090907,2014-08-19,Anomaly Persistence,14,2014
2014-08-06,2014,8,18.23,19.86,18.392818181818182,2014-08-20,Anomaly Persistence,14,2014
2014-08-07,2014,8,18.23,19.86,18.444363636363637,2014-08-21,Anomaly Persistence,14,2014
2014-08-08,2014,8,18.24,19.86,18.49145454545454,2014-08-22,Anomaly Persistence,14,2014
2014-08-09,2014,8,18.17,19.81,18.446,2014-08-23,Anomaly Persistence,14,2014
2014-08-10,2014,8,18.17,19.75,18.468363636363637,2014-08-24,Anomaly Persistence,14,2014
2014-08-11,2014,8,18.24,19.79,18.513636363636365,2014-08-25,Anomaly Persistence,14,2014
2014-08-12,2014,8,18.26,19.77,18.476727272727278,2014-08-26,Anomaly Persistence,14,2014
2014-08-13,2014,8,18.28,19.92,18.421090909090907,2014-08-27,Anomaly Persistence,14,2014
2014-08-14,2014,8,18.39,20.15,18.482363636363637,2014-08-28,Anomaly Persistence,14,2014
2014-08-15,2014,8,18.58,20.21,18.664181818181817,2014-08-29,Anomaly Persistence,14,2014
2014-08-16,2014,8,18.86,20.17,18.900181818181817,2014-08-30,Anomaly Persistence,14,2014
2014-08-17,2014,8,19.42,20.02,19.390909090909094,2014-08-31,Anomaly Persistence,14,2014
2014-08-18,2014,8,19.7,19.8,19.46781818181818,2014-09-01,Anomaly Persistence,14,2014
2014-08-19,2014,8,19.82,19.58,19.527636363636365,2014-09-02,Anomaly Persistence,14,2014
2014-08-20,2014,8,19.86,19.38,19.515818181818183,2014-09-03,Anomaly Persistence,14,2014
2014-08-21,2014,8,19.86,19.16,19.441999999999997,2014-09-04,Anomaly Persistence,14,2014
2014-08-22,2014,8,19.86,18.93,19.419636363636364,2014-09-05,Anomaly Persistence,14,2014
2014-08-23,2014,8,19.81,18.74,19.39381818181818,2014-09-06,Anomaly Persistence,14,2014
2014-08-24,2014,8,19.75,18.56,19.36218181818182,2014-09-07,Anomaly Persistence,14,2014
2014-08-25,2014,8,19.79,18.42,19.46654545454545,2014-09-08,Anomaly Persistence,14,2014
2014-08-26,2014,8,19.77,18.27,19.51563636363636,2014-09-09,Anomaly Persistence,14,2014
2014-08-27,2014,8,19.92,18.15,19.69454545454546,2014-09-10,Anomaly Persistence,14,2014
2014-08-28,2014,8,20.15,18.23,19.926545454545455,2014-09-11,Anomaly Persistence,14,2014
2014-08-29,2014,8,20.21,18.24,20.002727272727274,2014-09-12,Anomaly Persistence,14,2014
2014-08-30,2014,8,20.17,18.11,19.96109090909091,2014-09-13,Anomaly Persistence,14,2014
2014-08-31,2014,8,20.02,18.1,19.81309090909091,2014-09-14,Anomaly Persistence,14,2014
2014-09-01,2014,9,19.8,18.18,19.785090909090908,2014-09-15,Anomaly Persistence,14,2014
2014-09-02,2014,9,19.58,18.25,19.59963636363636,2014-09-16,Anomaly Persistence,14,2014
2014-09-03,2014,9,19.38,18.27,19.444363636363633,2014-09-17,Anomaly Persistence,14,2014
2014-09-04,2014,9,19.16,18.22,19.21927272727273,2014-09-18,Anomaly Persistence,14,2014
2014-09-05,2014,9,18.93,18.11,18.951818181818183,2014-09-19,Anomaly Persistence,14,2014
2014-09-06,2014,9,18.74,18.01,18.73981818181818,2014-09-20,Anomaly Persistence,14,2014
2014-09-07,2014,9,18.56,18.01,18.453272727272726,2014-09-21,Anomaly Persistence,14,2014
2014-09-08,2014,9,18.42,18.75,18.266909090909092,2014-09-22,Anomaly Persistence,14,2014
2014-09-09,2014,9,18.27,19.24,18.082,2014-09-23,Anomaly Persistence,14,2014
2014-09-10,2014,9,18.15,19.3,17.93890909090909,2014-09-24,Anomaly Persistence,14,2014
2014-09-11,2014,9,18.23,19.28,17.974909090909094,2014-09-25,Anomaly Persistence,14,2014
2014-09-12,2014,9,18.24,19.17,17.949636363636365,2014-09-26,Anomaly Persistence,14,2014
2014-09-13,2014,9,18.11,19.12,17.91527272727273,2014-09-27,Anomaly Persistence,14,2014
2014-09-14,2014,9,18.1,19.11,17.96036363636364,2014-09-28,Anomaly Persistence,14,2014
2014-09-15,2014,9,18.18,19.12,17.993636363636366,2014-09-29,Anomaly Persistence,14,2014
2014-09-16,2014,9,18.25,19.07,18.04290909090909,2014-09-30,Anomaly Persistence,14,2014
2014-09-17,2014,9,18.27,18.95,18.031636363636366,2014-10-01,Anomaly Persistence,14,2014
2014-09-18,2014,9,18.22,18.85,17.803199999999997,2014-10-02,Anomaly Persistence,14,2014
2014-09-19,2014,9,18.11,18.72,17.615654545454543,2014-10-03,Anomaly Persistence,14,2014
2014-09-20,2014,9,18.01,18.58,17.38478181818182,2014-10-04,Anomaly Persistence,14,2014
2014-09-21,2014,9,18.01,18.26,17.283545454545454,2014-10-05,Anomaly Persistence,14,2014
2014-09-22,2014,9,18.75,18.0,17.865309090909093,2014-10-06,Anomaly Persistence,14,2014
2014-09-23,2014,9,19.24,17.73,18.246654545454543,2014-10-07,Anomaly Persistence,14,2014
2014-09-24,2014,9,19.3,17.54,18.26430909090909,2014-10-08,Anomaly Persistence,14,2014
2014-09-25,2014,9,19.28,17.21,18.266890909090908,2014-10-09,Anomaly Persistence,14,2014
2014-09-26,2014,9,19.17,17.04,18.08330909090909,2014-10-10,Anomaly Persistence,14,2014
2014-09-27,2014,9,19.12,16.9,17.841672727272726,2014-10-11,Anomaly Persistence,14,2014
2014-09-28,2014,9,19.11,16.79,17.6866,2014-10-12,Anomaly Persistence,14,2014
2014-09-29,2014,9,19.12,16.5,17.595072727272726,2014-10-13,Anomaly Persistence,14,2014
2014-09-30,2014,9,19.07,16.39,17.530436363636365,2014-10-14,Anomaly Persistence,14,2014
2014-10-01,2014,10,18.95,16.31,17.42841818181818,2014-10-15,Anomaly Persistence,14,2014
2014-10-02,2014,10,18.85,16.19,17.524200000000004,2014-10-16,Anomaly Persistence,14,2014
2014-10-03,2014,10,18.72,16.09,17.4754,2014-10-17,Anomaly Persistence,14,2014
2014-10-04,2014,10,18.58,16.01,17.3876,2014-10-18,Anomaly Persistence,14,2014
2014-10-05,2014,10,18.26,15.92,17.163600000000002,2014-10-19,Anomaly Persistence,14,2014
2014-10-06,2014,10,18.0,15.81,16.9622,2014-10-20,Anomaly Persistence,14,2014
2014-10-07,2014,10,17.73,15.75,16.727,2014-10-21,Anomaly Persistence,14,2014
2014-10-08,2014,10,17.54,15.72,16.520400000000002,2014-10-22,Anomaly Persistence,14,2014
2014-10-09,2014,10,17.21,15.71,16.0836,2014-10-23,Anomaly Persistence,14,2014
2014-10-10,2014,10,17.04,15.62,15.8722,2014-10-24,Anomaly Persistence,14,2014
2014-10-11,2014,10,16.9,15.51,15.759199999999998,2014-10-25,Anomaly Persistence,14,2014
2014-10-12,2014,10,16.79,15.44,15.700399999999998,2014-10-26,Anomaly Persistence,14,2014
2014-10-13,2014,10,16.5,15.32,15.473400000000002,2014-10-27,Anomaly Persistence,14,2014
2014-10-14,2014,10,16.39,15.21,15.357,2014-10-28,Anomaly Persistence,14,2014
2014-10-15,2014,10,16.31,15.14,15.247200000000001,2014-10-29,Anomaly Persistence,14,2014
2014-10-16,2014,10,16.19,15.08,15.125,2014-10-30,Anomaly Persistence,14,2014
2014-10-17,2014,10,16.09,14.99,15.016599999999999,2014-10-31,Anomaly Persistence,14,2014
2014-10-18,2014,10,16.01,14.92,15.039072727272726,2014-11-01,Anomaly Persistence,14,2014
2014-10-19,2014,10,15.92,14.86,14.998233333333333,2014-11-02,Anomaly Persistence,14,2014
2014-10-20,2014,10,15.81,14.82,14.935066666666668,2014-11-03,Anomaly Persistence,14,2014
2014-10-21,2014,10,15.75,14.77,14.909133333333335,2014-11-04,Anomaly Persistence,14,2014
2014-10-22,2014,10,15.72,14.7,14.884533333333332,2014-11-05,Anomaly Persistence,14,2014
2014-10-23,2014,10,15.71,14.65,14.913933333333334,2014-11-06,Anomaly Persistence,14,2014
2014-10-24,2014,10,15.62,14.55,14.8704,2014-11-07,Anomaly Persistence,14,2014
2014-10-25,2014,10,15.51,14.49,14.7989,2014-11-08,Anomaly Persistence,14,2014
2014-10-26,2014,10,15.44,14.43,14.712833333333334,2014-11-09,Anomaly Persistence,14,2014
2014-10-27,2014,10,15.32,14.41,14.583633333333333,2014-11-10,Anomaly Persistence,14,2014
2014-10-28,2014,10,15.21,14.35,14.464366666666669,2014-11-11,Anomaly Persistence,14,2014
2014-10-29,2014,10,15.14,14.32,14.381699999999999,2014-11-12,Anomaly Persistence,14,2014
2014-10-30,2014,10,15.08,14.28,14.304599999999999,2014-11-13,Anomaly Persistence,14,2014
2014-10-31,2014,10,14.99,14.18,14.195800000000002,2014-11-14,Anomaly Persistence,14,2014
2014-11-01,2014,11,14.92,14.09,14.047060606060606,2014-11-15,Anomaly Persistence,14,2014
2014-11-02,2014,11,14.86,14.01,13.979333333333331,2014-11-16,Anomaly Persistence,14,2014
2014-11-03,2014,11,14.82,14.0,13.947666666666667,2014-11-17,Anomaly Persistence,14,2014
2014-11-04,2014,11,14.77,13.97,13.895499999999998,2014-11-18,Anomaly Persistence,14,2014
2014-11-05,2014,11,14.7,13.94,13.858999999999998,2014-11-19,Anomaly Persistence,14,2014
2014-11-06,2014,11,14.65,13.94,13.852666666666666,2014-11-20,Anomaly Persistence,14,2014
2014-11-07,2014,11,14.55,13.93,13.792666666666667,2014-11-21,Anomaly Persistence,14,2014
2014-11-08,2014,11,14.49,13.93,13.7605,2014-11-22,Anomaly Persistence,14,2014
2014-11-09,2014,11,14.43,13.91,13.745249999999999,2014-11-23,Anomaly Persistence,14,2014
2014-11-10,2014,11,14.41,13.86,13.768333333333333,2014-11-24,Anomaly Persistence,14,2014
2014-11-11,2014,11,14.35,13.83,13.778833333333331,2014-11-25,Anomaly Persistence,14,2014
2014-11-12,2014,11,14.32,13.79,13.767833333333332,2014-11-26,Anomaly Persistence,14,2014
2014-11-13,2014,11,14.28,13.75,13.733666666666664,2014-11-27,Anomaly Persistence,14,2014
2014-11-14,2014,11,14.18,13.73,13.639333333333331,2014-11-28,Anomaly Persistence,14,2014
2014-11-15,2014,11,14.09,13.7,13.571333333333335,2014-11-29,Anomaly Persistence,14,2014
2014-11-16,2014,11,14.01,13.67,13.502833333333335,2014-11-30,Anomaly Persistence,14,2014
2015-01-08,2015,1,12.65,12.386,12.403166666666667,2015-01-22,Anomaly Persistence,14,2015
2015-01-09,2015,1,12.64,12.364,12.396833333333333,2015-01-23,Anomaly Persistence,14,2015
2015-01-10,2015,1,12.618,12.346,12.384999999999998,2015-01-24,Anomaly Persistence,14,2015
2015-01-11,2015,1,12.594,12.324,12.362416666666665,2015-01-25,Anomaly Persistence,14,2015
2015-01-12,2015,1,12.58,12.314,12.347333333333333,2015-01-26,Anomaly Persistence,14,2015
2015-01-13,2015,1,12.57,12.29,12.338416666666667,2015-01-27,Anomaly Persistence,14,2015
2015-01-14,2015,1,12.56,12.274,12.335333333333335,2015-01-28,Anomaly Persistence,14,2015
2015-01-15,2015,1,12.56,12.25,12.337250000000001,2015-01-29,Anomaly Persistence,14,2015
2015-01-16,2015,1,12.544,12.24,12.3315,2015-01-30,Anomaly Persistence,14,2015
2015-01-17,2015,1,12.526,12.23,12.318833333333334,2015-01-31,Anomaly Persistence,14,2015
2015-01-18,2015,1,12.51,12.21,12.334272727272726,2015-02-01,Anomaly Persistence,14,2015
2015-01-19,2015,1,12.49,12.196,12.312045454545455,2015-02-02,Anomaly Persistence,14,2015
2015-01-20,2015,1,12.448,12.18,12.274757575757576,2015-02-03,Anomaly Persistence,14,2015
2015-01-21,2015,1,12.414,12.162,12.248454545454544,2015-02-04,Anomaly Persistence,14,2015
2015-01-22,2015,1,12.386,12.15,12.231,2015-02-05,Anomaly Persistence,14,2015
2015-01-23,2015,1,12.364,12.134,12.214136363636364,2015-02-06,Anomaly Persistence,14,2015
2015-01-24,2015,1,12.346,12.12,12.19568181818182,2015-02-07,Anomaly Persistence,14,2015
2015-01-25,2015,1,12.324,12.11,12.175363636363636,2015-02-08,Anomaly Persistence,14,2015
2015-01-26,2015,1,12.314,12.1,12.167424242424241,2015-02-09,Anomaly Persistence,14,2015
2015-01-27,2015,1,12.29,12.1,12.147166666666667,2015-02-10,Anomaly Persistence,14,2015
2015-01-28,2015,1,12.274,12.1,12.131333333333332,2015-02-11,Anomaly Persistence,14,2015
2015-01-29,2015,1,12.25,12.084,12.105500000000001,2015-02-12,Anomaly Persistence,14,2015
2015-01-30,2015,1,12.24,12.066,12.089742424242424,2015-02-13,Anomaly Persistence,14,2015
2015-01-31,2015,1,12.23,12.044,12.076636363636364,2015-02-14,Anomaly Persistence,14,2015
2015-02-01,2015,2,12.21,12.026,12.033818181818182,2015-02-15,Anomaly Persistence,14,2015
2015-02-02,2015,2,12.196,12.01,12.020909090909088,2015-02-16,Anomaly Persistence,14,2015
2015-02-03,2015,2,12.18,12.01,12.004909090909091,2015-02-17,Anomaly Persistence,14,2015
2015-02-04,2015,2,12.162,12.0,11.992545454545455,2015-02-18,Anomaly Persistence,14,2015
2015-02-05,2015,2,12.15,11.994,11.995454545454544,2015-02-19,Anomaly Persistence,14,2015
2015-02-06,2015,2,12.134,11.99,12.000909090909092,2015-02-20,Anomaly Persistence,14,2015
2015-02-07,2015,2,12.12,11.986,11.99709090909091,2015-02-21,Anomaly Persistence,14,2015
2015-02-08,2015,2,12.11,11.98,11.987454545454547,2015-02-22,Anomaly Persistence,14,2015
2015-02-09,2015,2,12.1,11.97,11.978000000000002,2015-02-23,Anomaly Persistence,14,2015
2015-02-10,2015,2,12.1,11.96,11.978181818181817,2015-02-24,Anomaly Persistence,14,2015
2015-02-11,2015,2,12.1,11.95,11.98890909090909,2015-02-25,Anomaly Persistence,14,2015
2015-02-12,2015,2,12.084,11.94,11.995999999999997,2015-02-26,Anomaly Persistence,14,2015
2015-02-13,2015,2,12.066,11.94,12.006545454545456,2015-02-27,Anomaly Persistence,14,2015
2015-02-14,2015,2,12.044,11.93,12.01309090909091,2015-02-28,Anomaly Persistence,14,2015
2015-02-15,2015,2,12.026,11.93,12.01109090909091,2015-03-01,Anomaly Persistence,14,2015
2015-02-16,2015,2,12.01,11.93,12.015818181818185,2015-03-02,Anomaly Persistence,14,2015
2015-02-17,2015,2,12.01,11.92,12.056545454545455,2015-03-03,Anomaly Persistence,14,2015
2015-02-18,2015,2,12.0,11.91,12.06618181818182,2015-03-04,Anomaly Persistence,14,2015
2015-02-19,2015,2,11.994,11.91,12.057818181818181,2015-03-05,Anomaly Persistence,14,2015
2015-02-20,2015,2,11.99,11.916,12.057090909090908,2015-03-06,Anomaly Persistence,14,2015
2015-02-21,2015,2,11.986,11.936,12.065636363636361,2015-03-07,Anomaly Persistence,14,2015
2015-02-22,2015,2,11.98,12.016,12.089636363636362,2015-03-08,Anomaly Persistence,14,2015
2015-02-23,2015,2,11.97,12.182,12.111636363636364,2015-03-09,Anomaly Persistence,14,2015
2015-02-24,2015,2,11.96,12.318,12.123818181818182,2015-03-10,Anomaly Persistence,14,2015
2015-02-25,2015,2,11.95,12.384,12.117636363636365,2015-03-11,Anomaly Persistence,14,2015
2015-02-26,2015,2,11.94,12.464,12.112545454545456,2015-03-12,Anomaly Persistence,14,2015
2015-02-27,2015,2,11.94,12.606,12.15109090909091,2015-03-13,Anomaly Persistence,14,2015
2015-02-28,2015,2,11.93,12.678,12.167818181818179,2015-03-14,Anomaly Persistence,14,2015
2015-03-01,2015,3,11.93,12.646,12.177999999999999,2015-03-15,Anomaly Persistence,14,2015
2015-03-02,2015,3,11.93,12.556,12.16890909090909,2015-03-16,Anomaly Persistence,14,2015
2015-03-03,2015,3,11.92,12.448,12.120545454545455,2015-03-17,Anomaly Persistence,14,2015
2015-03-04,2015,3,11.91,12.358,12.096363636363638,2015-03-18,Anomaly Persistence,14,2015
2015-03-05,2015,3,11.91,12.29,12.10618181818182,2015-03-19,Anomaly Persistence,14,2015
2015-03-06,2015,3,11.916,12.24,12.117454545454548,2015-03-20,Anomaly Persistence,14,2015
2015-03-07,2015,3,11.936,12.204,12.134909090909092,2015-03-21,Anomaly Persistence,14,2015
2015-03-08,2015,3,12.016,12.19,12.204,2015-03-22,Anomaly Persistence,14,2015
2015-03-09,2015,3,12.182,12.18,12.359636363636364,2015-03-23,Anomaly Persistence,14,2015
2015-03-10,2015,3,12.318,12.17,12.508727272727274,2015-03-24,Anomaly Persistence,14,2015
2015-03-11,2015,3,12.384,12.198,12.611818181818183,2015-03-25,Anomaly Persistence,14,2015
2015-03-12,2015,3,12.464,12.234,12.71490909090909,2015-03-26,Anomaly Persistence,14,2015
2015-03-13,2015,3,12.606,12.318,12.858727272727272,2015-03-27,Anomaly Persistence,14,2015
2015-03-14,2015,3,12.678,12.448,12.968727272727275,2015-03-28,Anomaly Persistence,14,2015
2015-03-15,2015,3,12.646,12.49,12.959454545454545,2015-03-29,Anomaly Persistence,14,2015
2015-03-16,2015,3,12.556,12.448,12.885454545454543,2015-03-30,Anomaly Persistence,14,2015
2015-03-17,2015,3,12.448,12.41,12.815818181818182,2015-03-31,Anomaly Persistence,14,2015
2015-03-18,2015,3,12.358,12.376,12.779272727272726,2015-04-01,Anomaly Persistence,14,2015
2015-03-19,2015,3,12.29,12.35,12.765636363636363,2015-04-02,Anomaly Persistence,14,2015
2015-03-20,2015,3,12.24,12.356,12.758000000000001,2015-04-03,Anomaly Persistence,14,2015
2015-03-21,2015,3,12.204,12.376,12.75218181818182,2015-04-04,Anomaly Persistence,14,2015
2015-03-22,2015,3,12.19,12.438,12.770727272727271,2015-04-05,Anomaly Persistence,14,2015
2015-03-23,2015,3,12.18,12.57,12.792636363636364,2015-04-06,Anomaly Persistence,14,2015
2015-03-24,2015,3,12.17,12.704,12.82709090909091,2015-04-07,Anomaly Persistence,14,2015
2015-03-25,2015,3,12.198,12.868,12.905272727272727,2015-04-08,Anomaly Persistence,14,2015
2015-03-26,2015,3,12.234,13.048,13.010727272727275,2015-04-09,Anomaly Persistence,14,2015
2015-03-27,2015,3,12.318,13.236,13.117999999999999,2015-04-10,Anomaly Persistence,14,2015
2015-03-28,2015,3,12.448,13.446,13.191454545454546,2015-04-11,Anomaly Persistence,14,2015
2015-03-29,2015,3,12.49,13.716,13.202363636363637,2015-04-12,Anomaly Persistence,14,2015
2015-03-30,2015,3,12.448,14.06,13.17709090909091,2015-04-13,Anomaly Persistence,14,2015
2015-03-31,2015,3,12.41,14.13,13.142727272727273,2015-04-14,Anomaly Persistence,14,2015
2015-04-01,2015,4,12.376,14.116,13.128909090909092,2015-04-15,Anomaly Persistence,14,2015
2015-04-02,2015,4,12.35,14.1,13.108181818181817,2015-04-16,Anomaly Persistence,14,2015
2015-04-03,2015,4,12.356,14.09,13.101818181818182,2015-04-17,Anomaly Persistence,14,2015
2015-04-04,2015,4,12.376,14.022,13.115999999999998,2015-04-18,Anomaly Persistence,14,2015
2015-04-05,2015,4,12.438,13.932,13.16509090909091,2015-04-19,Anomaly Persistence,14,2015
2015-04-06,2015,4,12.57,13.816,13.361363636363636,2015-04-20,Anomaly Persistence,14,2015
2015-04-07,2015,4,12.704,13.772,13.520363636363637,2015-04-21,Anomaly Persistence,14,2015
2015-04-08,2015,4,12.868,13.742,13.684,2015-04-22,Anomaly Persistence,14,2015
2015-04-09,2015,4,13.048,13.686,13.781090909090908,2015-04-23,Anomaly Persistence,14,2015
2015-04-10,2015,4,13.236,13.836,13.933818181818184,2015-04-24,Anomaly Persistence,14,2015
2015-04-11,2015,4,13.446,14.178,14.158999999999999,2015-04-25,Anomaly Persistence,14,2015
2015-04-12,2015,4,13.716,14.512,14.515636363636363,2015-04-26,Anomaly Persistence,14,2015
2015-04-13,2015,4,14.06,14.608,14.992363636363637,2015-04-27,Anomaly Persistence,14,2015
2015-04-14,2015,4,14.13,14.526,15.11890909090909,2015-04-28,Anomaly Persistence,14,2015
2015-04-15,2015,4,14.116,14.482,15.067999999999998,2015-04-29,Anomaly Persistence,14,2015
2015-04-16,2015,4,14.1,14.484,15.030545454545454,2015-04-30,Anomaly Persistence,14,2015
2015-04-17,2015,4,14.09,14.568,15.134490909090907,2015-05-01,Anomaly Persistence,14,2015
2015-04-18,2015,4,14.022,14.67,15.139600000000002,2015-05-02,Anomaly Persistence,14,2015
2015-04-19,2015,4,13.932,14.658,15.020127272727274,2015-05-03,Anomaly Persistence,14,2015
2015-04-20,2015,4,13.816,14.582,14.816236363636364,2015-05-04,Anomaly Persistence,14,2015
2015-04-21,2015,4,13.772,14.576,14.686418181818182,2015-05-05,Anomaly Persistence,14,2015
2015-04-22,2015,4,13.742,14.464,14.569563636363638,2015-05-06,Anomaly Persistence,14,2015
2015-04-23,2015,4,13.686,14.41,14.539727272727273,2015-05-07,Anomaly Persistence,14,2015
2015-04-24,2015,4,13.836,14.402,14.688709090909091,2015-05-08,Anomaly Persistence,14,2015
2015-04-25,2015,4,14.178,14.466,14.999672727272728,2015-05-09,Anomaly Persistence,14,2015
2015-04-26,2015,4,14.512,14.534,15.250163636363636,2015-05-10,Anomaly Persistence,14,2015
2015-04-27,2015,4,14.608,14.614,15.198909090909092,2015-05-11,Anomaly Persistence,14,2015
2015-04-28,2015,4,14.526,14.626,15.035654545454546,2015-05-12,Anomaly Persistence,14,2015
2015-04-29,2015,4,14.482,14.552,14.892072727272728,2015-05-13,Anomaly Persistence,14,2015
2015-04-30,2015,4,14.484,14.448,14.788381818181817,2015-05-14,Anomaly Persistence,14,2015
2015-05-01,2015,5,14.568,14.44,14.6816,2015-05-15,Anomaly Persistence,14,2015
2015-05-02,2015,5,14.67,14.44,14.730599999999999,2015-05-16,Anomaly Persistence,14,2015
2015-05-03,2015,5,14.658,14.432,14.837399999999997,2015-05-17,Anomaly Persistence,14,2015
2015-05-04,2015,5,14.582,14.528,14.841000000000001,2015-05-18,Anomaly Persistence,14,2015
2015-05-05,2015,5,14.576,14.722,14.902,2015-05-19,Anomaly Persistence,14,2015
2015-05-06,2015,5,14.464,14.9,14.817799999999998,2015-05-20,Anomaly Persistence,14,2015
2015-05-07,2015,5,14.41,15.014,14.748399999999998,2015-05-21,Anomaly Persistence,14,2015
2015-05-08,2015,5,14.402,15.238,14.7482,2015-05-22,Anomaly Persistence,14,2015
2015-05-09,2015,5,14.466,15.654,14.8834,2015-05-23,Anomaly Persistence,14,2015
2015-05-10,2015,5,14.534,16.064,15.014600000000003,2015-05-24,Anomaly Persistence,14,2015
2015-05-11,2015,5,14.614,16.098,15.125800000000002,2015-05-25,Anomaly Persistence,14,2015
2015-05-12,2015,5,14.626,16.02,15.2052,2015-05-26,Anomaly Persistence,14,2015
2015-05-13,2015,5,14.552,16.076,15.291400000000001,2015-05-27,Anomaly Persistence,14,2015
2015-05-14,2015,5,14.448,16.258,15.404800000000002,2015-05-28,Anomaly Persistence,14,2015
2015-05-15,2015,5,14.44,16.636,15.487599999999999,2015-05-29,Anomaly Persistence,14,2015
2015-05-16,2015,5,14.44,16.838,15.4828,2015-05-30,Anomaly Persistence,14,2015
2015-05-17,2015,5,14.432,16.972,15.372000000000002,2015-05-31,Anomaly Persistence,14,2015
2015-05-18,2015,5,14.528,17.046,15.360945454545455,2015-06-01,Anomaly Persistence,14,2015
2015-05-19,2015,5,14.722,17.35,15.509400000000003,2015-06-02,Anomaly Persistence,14,2015
2015-05-20,2015,5,14.9,17.53,15.718272727272726,2015-06-03,Anomaly Persistence,14,2015
2015-05-21,2015,5,15.014,17.374,15.801327272727274,2015-06-04,Anomaly Persistence,14,2015
2015-05-22,2015,5,15.238,17.218,16.001090909090905,2015-06-05,Anomaly Persistence,14,2015
2015-05-23,2015,5,15.654,17.174,16.42938181818182,2015-06-06,Anomaly Persistence,14,2015
2015-05-24,2015,5,16.064,17.52,16.889054545454545,2015-06-07,Anomaly Persistence,14,2015
2015-05-25,2015,5,16.098,18.006,17.004381818181816,2015-06-08,Anomaly Persistence,14,2015
2015-05-26,2015,5,16.02,18.222,16.945872727272725,2015-06-09,Anomaly Persistence,14,2015
2015-05-27,2015,5,16.076,18.364,16.936163636363634,2015-06-10,Anomaly Persistence,14,2015
2015-05-28,2015,5,16.258,18.794,17.005545454545455,2015-06-11,Anomaly Persistence,14,2015
2015-05-29,2015,5,16.636,19.3,17.353036363636367,2015-06-12,Anomaly Persistence,14,2015
2015-05-30,2015,5,16.838,19.474,17.48118181818182,2015-06-13,Anomaly Persistence,14,2015
2015-05-31,2015,5,16.972,19.52,17.57756363636364,2015-06-14,Anomaly Persistence,14,2015
2015-06-01,2015,6,17.046,19.384,17.69181818181818,2015-06-15,Anomaly Persistence,14,2015
2015-06-02,2015,6,17.35,19.102,18.11690909090909,2015-06-16,Anomaly Persistence,14,2015
2015-06-03,2015,6,17.53,18.802,18.42836363636364,2015-06-17,Anomaly Persistence,14,2015
2015-06-04,2015,6,17.374,18.738,18.403272727272725,2015-06-18,Anomaly Persistence,14,2015
2015-06-05,2015,6,17.218,18.816,18.364363636363638,2015-06-19,Anomaly Persistence,14,2015
2015-06-06,2015,6,17.174,18.892,18.302818181818182,2015-06-20,Anomaly Persistence,14,2015
2015-06-07,2015,6,17.52,18.748,18.527272727272727,2015-06-21,Anomaly Persistence,14,2015
2015-06-08,2015,6,18.006,18.72,18.912545454545455,2015-06-22,Anomaly Persistence,14,2015
2015-06-09,2015,6,18.222,18.692,19.104000000000003,2015-06-23,Anomaly Persistence,14,2015
2015-06-10,2015,6,18.364,18.732,19.29381818181818,2015-06-24,Anomaly Persistence,14,2015
2015-06-11,2015,6,18.794,18.762,19.738363636363637,2015-06-25,Anomaly Persistence,14,2015
2015-06-12,2015,6,19.3,18.814,20.29890909090909,2015-06-26,Anomaly Persistence,14,2015
2015-06-13,2015,6,19.474,18.72,20.599818181818183,2015-06-27,Anomaly Persistence,14,2015
2015-06-14,2015,6,19.52,18.688,20.84781818181818,2015-06-28,Anomaly Persistence,14,2015
2015-06-15,2015,6,19.384,18.646,20.763454545454547,2015-06-29,Anomaly Persistence,14,2015
2015-06-16,2015,6,19.102,18.63,20.378727272727275,2015-06-30,Anomaly Persistence,14,2015
2015-06-17,2015,6,18.802,18.628,19.905863636363637,2015-07-01,Anomaly Persistence,14,2015
2015-06-18,2015,6,18.738,18.56,19.837333333333333,2015-07-02,Anomaly Persistence,14,2015
2015-06-19,2015,6,18.816,18.664,19.86971212121212,2015-07-03,Anomaly Persistence,14,2015
2015-06-20,2015,6,18.892,18.538,19.900499999999997,2015-07-04,Anomaly Persistence,14,2015
2015-06-21,2015,6,18.748,18.512,19.757272727272728,2015-07-05,Anomaly Persistence,14,2015
2015-06-22,2015,6,18.72,18.726,19.767772727272725,2015-07-06,Anomaly Persistence,14,2015
2015-06-23,2015,6,18.692,18.792,19.764393939393937,2015-07-07,Anomaly Persistence,14,2015
2015-06-24,2015,6,18.732,18.77,19.77948484848485,2015-07-08,Anomaly Persistence,14,2015
2015-06-25,2015,6,18.762,18.698,19.753090909090908,2015-07-09,Anomaly Persistence,14,2015
2015-06-26,2015,6,18.814,18.646,19.743454545454547,2015-07-10,Anomaly Persistence,14,2015
2015-06-27,2015,6,18.72,18.528,19.59933333333333,2015-07-11,Anomaly Persistence,14,2015
2015-06-28,2015,6,18.688,18.4,19.40681818181818,2015-07-12,Anomaly Persistence,14,2015
2015-06-29,2015,6,18.646,18.25,19.28368181818182,2015-07-13,Anomaly Persistence,14,2015
2015-06-30,2015,6,18.63,18.034,19.2125303030303,2015-07-14,Anomaly Persistence,14,2015
2015-07-01,2015,7,18.628,17.82,19.185833333333335,2015-07-15,Anomaly Persistence,14,2015
2015-07-02,2015,7,18.56,17.79,18.973,2015-07-16,Anomaly Persistence,14,2015
2015-07-03,2015,7,18.664,17.872,18.961166666666667,2015-07-17,Anomaly Persistence,14,2015
2015-07-04,2015,7,18.538,17.938,18.821416666666668,2015-07-18,Anomaly Persistence,14,2015
2015-07-05,2015,7,18.512,17.964,18.77916666666667,2015-07-19,Anomaly Persistence,14,2015
2015-07-06,2015,7,18.726,17.98,18.933666666666667,2015-07-20,Anomaly Persistence,14,2015
2015-07-07,2015,7,18.792,17.994,18.885666666666673,2015-07-21,Anomaly Persistence,14,2015
2015-07-08,2015,7,18.77,17.988,18.794,2015-07-22,Anomaly Persistence,14,2015
2015-07-09,2015,7,18.698,17.912,18.706666666666667,2015-07-23,Anomaly Persistence,14,2015
2015-07-10,2015,7,18.646,17.644,18.611333333333334,2015-07-24,Anomaly Persistence,14,2015
2015-07-11,2015,7,18.528,17.514,18.447166666666668,2015-07-25,Anomaly Persistence,14,2015
2015-07-12,2015,7,18.4,17.504,18.278333333333332,2015-07-26,Anomaly Persistence,14,2015
2015-07-13,2015,7,18.25,17.614,18.091833333333334,2015-07-27,Anomaly Persistence,14,2015
2015-07-14,2015,7,18.034,17.694,17.891333333333336,2015-07-28,Anomaly Persistence,14,2015
2015-07-15,2015,7,17.82,17.69,17.674333333333333,2015-07-29,Anomaly Persistence,14,2015
2015-07-16,2015,7,17.79,17.602,17.643166666666666,2015-07-30,Anomaly Persistence,14,2015
2015-07-17,2015,7,17.872,17.518,17.71033333333333,2015-07-31,Anomaly Persistence,14,2015
2015-07-18,2015,7,17.938,17.35,17.686719696969696,2015-08-01,Anomaly Persistence,14,2015
2015-07-19,2015,7,17.964,16.992,17.649015151515147,2015-08-02,Anomaly Persistence,14,2015
2015-07-20,2015,7,17.98,16.79,17.618742424242424,2015-08-03,Anomaly Persistence,14,2015
2015-07-21,2015,7,17.994,16.66,17.569757575757574,2015-08-04,Anomaly Persistence,14,2015
2015-07-22,2015,7,17.988,16.576,17.54942424242424,2015-08-05,Anomaly Persistence,14,2015
2015-07-23,2015,7,17.912,16.552,17.450878787878786,2015-08-06,Anomaly Persistence,14,2015
2015-07-24,2015,7,17.644,16.618,17.191030303030303,2015-08-07,Anomaly Persistence,14,2015
2015-07-25,2015,7,17.514,16.874,17.053136363636362,2015-08-08,Anomaly Persistence,14,2015
2015-07-26,2015,7,17.504,16.952,17.032848484848486,2015-08-09,Anomaly Persistence,14,2015
2015-07-27,2015,7,17.614,16.99,17.14630303030303,2015-08-10,Anomaly Persistence,14,2015
2015-07-28,2015,7,17.694,17.102,17.216499999999996,2015-08-11,Anomaly Persistence,14,2015
2015-07-29,2015,7,17.69,17.162,17.23451515151515,2015-08-12,Anomaly Persistence,14,2015
2015-07-30,2015,7,17.602,17.264,17.205045454545456,2015-08-13,Anomaly Persistence,14,2015
2015-07-31,2015,7,17.518,17.342,17.208424242424243,2015-08-14,Anomaly Persistence,14,2015
2015-08-01,2015,8,17.35,17.346,17.13690909090909,2015-08-15,Anomaly Persistence,14,2015
2015-08-02,2015,8,16.992,17.43,16.866000000000003,2015-08-16,Anomaly Persistence,14,2015
2015-08-03,2015,8,16.79,17.474,16.74672727272727,2015-08-17,Anomaly Persistence,14,2015
2015-08-04,2015,8,16.66,17.598,16.73709090909091,2015-08-18,Anomaly Persistence,14,2015
2015-08-05,2015,8,16.576,17.862,16.69309090909091,2015-08-19,Anomaly Persistence,14,2015
2015-08-06,2015,8,16.552,18.216,16.71481818181818,2015-08-20,Anomaly Persistence,14,2015
2015-08-07,2015,8,16.618,18.948,16.832363636363635,2015-08-21,Anomaly Persistence,14,2015
2015-08-08,2015,8,16.874,19.578,17.12545454545454,2015-08-22,Anomaly Persistence,14,2015
2015-08-09,2015,8,16.952,19.818,17.228,2015-08-23,Anomaly Persistence,14,2015
2015-08-10,2015,8,16.99,19.94,17.288363636363634,2015-08-24,Anomaly Persistence,14,2015
2015-08-11,2015,8,17.102,19.932,17.375636363636367,2015-08-25,Anomaly Persistence,14,2015
2015-08-12,2015,8,17.162,19.82,17.378727272727275,2015-08-26,Anomaly Persistence,14,2015
2015-08-13,2015,8,17.264,19.642,17.405090909090905,2015-08-27,Anomaly Persistence,14,2015
2015-08-14,2015,8,17.342,19.514,17.434363636363635,2015-08-28,Anomaly Persistence,14,2015
2015-08-15,2015,8,17.346,19.42,17.43018181818182,2015-08-29,Anomaly Persistence,14,2015
2015-08-16,2015,8,17.43,19.382,17.470181818181818,2015-08-30,Anomaly Persistence,14,2015
2015-08-17,2015,8,17.474,19.418,17.444909090909093,2015-08-31,Anomaly Persistence,14,2015
2015-10-08,2015,10,16.838,15.416,15.818400000000004,2015-10-22,Anomaly Persistence,14,2015
2015-10-09,2015,10,16.688,15.342,15.561599999999999,2015-10-23,Anomaly Persistence,14,2015
2015-10-10,2015,10,16.572,15.266,15.4042,2015-10-24,Anomaly Persistence,14,2015
2015-10-11,2015,10,16.378,15.218,15.2372,2015-10-25,Anomaly Persistence,14,2015
2015-10-12,2015,10,16.288,15.14,15.1984,2015-10-26,Anomaly Persistence,14,2015
2015-10-13,2015,10,16.198,15.076,15.171400000000002,2015-10-27,Anomaly Persistence,14,2015
2015-10-14,2015,10,16.134,14.988,15.100999999999999,2015-10-28,Anomaly Persistence,14,2015
2015-10-15,2015,10,16.058,14.912,14.995200000000002,2015-10-29,Anomaly Persistence,14,2015
2015-10-16,2015,10,15.994,14.9,14.928999999999998,2015-10-30,Anomaly Persistence,14,2015
2015-10-17,2015,10,15.926,14.884,14.852599999999999,2015-10-31,Anomaly Persistence,14,2015
2015-10-18,2015,10,15.858,14.832,14.887072727272725,2015-11-01,Anomaly Persistence,14,2015
2015-10-19,2015,10,15.726,14.73,14.804233333333334,2015-11-02,Anomaly Persistence,14,2015
2015-10-20,2015,10,15.618,14.658,14.743066666666667,2015-11-03,Anomaly Persistence,14,2015
2015-10-21,2015,10,15.526,14.614,14.685133333333335,2015-11-04,Anomaly Persistence,14,2015
2015-10-22,2015,10,15.416,14.536,14.580533333333332,2015-11-05,Anomaly Persistence,14,2015
2015-10-23,2015,10,15.342,14.49,14.545933333333334,2015-11-06,Anomaly Persistence,14,2015
2015-10-24,2015,10,15.266,14.454,14.5164,2015-11-07,Anomaly Persistence,14,2015
2015-10-25,2015,10,15.218,14.448,14.5069,2015-11-08,Anomaly Persistence,14,2015
2015-10-26,2015,10,15.14,14.43,14.412833333333335,2015-11-09,Anomaly Persistence,14,2015
2015-10-27,2015,10,15.076,14.42,14.339633333333333,2015-11-10,Anomaly Persistence,14,2015
2015-10-28,2015,10,14.988,14.41,14.242366666666667,2015-11-11,Anomaly Persistence,14,2015
2015-10-29,2015,10,14.912,14.4,14.153699999999999,2015-11-12,Anomaly Persistence,14,2015
2015-10-30,2015,10,14.9,14.39,14.1246,2015-11-13,Anomaly Persistence,14,2015
2015-10-31,2015,10,14.884,14.374,14.089800000000002,2015-11-14,Anomaly Persistence,14,2015
2015-11-01,2015,11,14.832,14.352,13.959060606060607,2015-11-15,Anomaly Persistence,14,2015
2015-11-02,2015,11,14.73,14.304,13.849333333333332,2015-11-16,Anomaly Persistence,14,2015
2015-11-03,2015,11,14.658,14.212,13.785666666666666,2015-11-17,Anomaly Persistence,14,2015
2015-11-04,2015,11,14.614,14.134,13.7395,2015-11-18,Anomaly Persistence,14,2015
2015-11-05,2015,11,14.536,14.066,13.694999999999999,2015-11-19,Anomaly Persistence,14,2015
2015-11-06,2015,11,14.49,13.986,13.692666666666666,2015-11-20,Anomaly Persistence,14,2015
2015-11-07,2015,11,14.454,13.958,13.696666666666667,2015-11-21,Anomaly Persistence,14,2015
2015-11-08,2015,11,14.448,13.902,13.7185,2015-11-22,Anomaly Persistence,14,2015
2015-11-09,2015,11,14.43,13.858,13.745249999999999,2015-11-23,Anomaly Persistence,14,2015
2015-11-10,2015,11,14.42,13.824,13.778333333333332,2015-11-24,Anomaly Persistence,14,2015
2015-11-11,2015,11,14.41,13.79,13.838833333333332,2015-11-25,Anomaly Persistence,14,2015
2015-11-12,2015,11,14.4,13.748,13.847833333333332,2015-11-26,Anomaly Persistence,14,2015
2015-11-13,2015,11,14.39,13.71,13.843666666666666,2015-11-27,Anomaly Persistence,14,2015
2015-11-14,2015,11,14.374,13.674,13.833333333333332,2015-11-28,Anomaly Persistence,14,2015
2015-11-15,2015,11,14.352,13.644,13.833333333333336,2015-11-29,Anomaly Persistence,14,2015
2015-11-16,2015,11,14.304,13.59,13.796833333333336,2015-11-30,Anomaly Persistence,14,2015
2015-11-17,2015,11,14.212,13.538,13.764848484848484,2015-12-01,Anomaly Persistence,14,2015
2015-11-18,2015,11,14.134,13.518,13.695530303030303,2015-12-02,Anomaly Persistence,14,2015
2015-11-19,2015,11,14.066,13.494,13.637121212121214,2015-12-03,Anomaly Persistence,14,2015
2015-11-20,2015,11,13.986,13.464,13.559090909090912,2015-12-04,Anomaly Persistence,14,2015
2015-11-21,2015,11,13.958,13.44,13.536151515151515,2015-12-05,Anomaly Persistence,14,2015
2015-11-22,2015,11,13.902,13.406,13.489545454545455,2015-12-06,Anomaly Persistence,14,2015
2015-11-23,2015,11,13.858,13.384,13.453280303030304,2015-12-07,Anomaly Persistence,14,2015
2015-11-24,2015,11,13.824,13.358,13.41610606060606,2015-12-08,Anomaly Persistence,14,2015
2015-11-25,2015,11,13.79,13.33,13.347727272727274,2015-12-09,Anomaly Persistence,14,2015
2015-11-26,2015,11,13.748,13.3,13.299939393939395,2015-12-10,Anomaly Persistence,14,2015
2015-11-27,2015,11,13.71,13.276,13.267515151515152,2015-12-11,Anomaly Persistence,14,2015
2015-11-28,2015,11,13.674,13.242,13.245212121212122,2015-12-12,Anomaly Persistence,14,2015
2015-11-29,2015,11,13.644,13.21,13.224515151515151,2015-12-13,Anomaly Persistence,14,2015
2015-11-30,2015,11,13.59,13.184,13.187363636363637,2015-12-14,Anomaly Persistence,14,2015
2015-12-01,2015,12,13.538,13.158,13.100909090909092,2015-12-15,Anomaly Persistence,14,2015
2015-12-02,2015,12,13.518,13.132,13.09418181818182,2015-12-16,Anomaly Persistence,14,2015
2015-12-03,2015,12,13.494,13.11,13.084818181818182,2015-12-17,Anomaly Persistence,14,2015
2015-12-04,2015,12,13.464,13.084,13.065818181818182,2015-12-18,Anomaly Persistence,14,2015
2015-12-05,2015,12,13.44,13.066,13.051636363636364,2015-12-19,Anomaly Persistence,14,2015
2015-12-06,2015,12,13.406,13.042,13.020727272727273,2015-12-20,Anomaly Persistence,14,2015
2015-12-07,2015,12,13.384,13.03,13.002181818181818,2015-12-21,Anomaly Persistence,14,2015
2015-12-08,2015,12,13.358,13.028,12.988000000000001,2015-12-22,Anomaly Persistence,14,2015
2015-12-09,2015,12,13.33,12.998,12.970909090909089,2015-12-23,Anomaly Persistence,14,2015
2015-12-10,2015,12,13.3,12.968,12.955454545454545,2015-12-24,Anomaly Persistence,14,2015
2015-12-11,2015,12,13.276,12.944,12.941454545454548,2015-12-25,Anomaly Persistence,14,2015
2015-12-12,2015,12,13.242,12.918,12.916727272727274,2015-12-26,Anomaly Persistence,14,2015
2015-12-13,2015,12,13.21,12.88,12.896727272727272,2015-12-27,Anomaly Persistence,14,2015
2015-12-14,2015,12,13.184,12.842,12.874363636363634,2015-12-28,Anomaly Persistence,14,2015
2015-12-15,2015,12,13.158,12.826,12.854,2015-12-29,Anomaly Persistence,14,2015
2015-12-16,2015,12,13.132,12.782,12.83490909090909,2015-12-30,Anomaly Persistence,14,2015
2015-12-17,2015,12,13.11,12.75,12.80581818181818,2015-12-31,Anomaly Persistence,14,2015
2015-12-18,2015,12,13.084,12.72,12.792257575757574,2016-01-01,Anomaly Persistence,14,2015
2015-12-19,2015,12,13.066,12.69,12.765045454545454,2016-01-02,Anomaly Persistence,14,2015
2015-12-20,2015,12,13.042,12.68,12.745227272727272,2016-01-03,Anomaly Persistence,14,2015
2015-12-21,2015,12,13.03,12.662,12.739621212121211,2016-01-04,Anomaly Persistence,14,2015
2015-12-22,2015,12,13.028,12.63,12.732060606060607,2016-01-05,Anomaly Persistence,14,2015
2015-12-23,2015,12,12.998,12.606,12.700363636363637,2016-01-06,Anomaly Persistence,14,2015
2015-12-24,2015,12,12.968,12.584,12.672272727272727,2016-01-07,Anomaly Persistence,14,2015
2015-12-25,2015,12,12.944,12.566,12.64619696969697,2016-01-08,Anomaly Persistence,14,2015
2015-12-26,2015,12,12.918,12.548,12.61939393939394,2016-01-09,Anomaly Persistence,14,2015
2015-12-27,2015,12,12.88,12.526,12.580590909090912,2016-01-10,Anomaly Persistence,14,2015
2015-12-28,2015,12,12.842,12.504,12.547856060606062,2016-01-11,Anomaly Persistence,14,2015
2015-12-29,2015,12,12.826,12.482,12.537242424242425,2016-01-12,Anomaly Persistence,14,2015
2015-12-30,2015,12,12.782,12.47,12.49896212121212,2016-01-13,Anomaly Persistence,14,2015
2015-12-31,2015,12,12.75,12.46,12.478242424242424,2016-01-14,Anomaly Persistence,14,2015
2016-01-01,2016,1,12.72,12.448,12.446083333333334,2016-01-15,Anomaly Persistence,14,2016
2016-01-02,2016,1,12.69,12.428,12.427166666666666,2016-01-16,Anomaly Persistence,14,2016
2016-01-03,2016,1,12.68,12.42,12.421666666666667,2016-01-17,Anomaly Persistence,14,2016
2016-01-04,2016,1,12.662,12.42,12.404833333333336,2016-01-18,Anomaly Persistence,14,2016
2016-01-05,2016,1,12.63,12.41,12.381166666666669,2016-01-19,Anomaly Persistence,14,2016
2016-01-06,2016,1,12.606,12.392,12.360333333333331,2016-01-20,Anomaly Persistence,14,2016
2016-01-07,2016,1,12.584,12.386,12.336,2016-01-21,Anomaly Persistence,14,2016
2016-01-08,2016,1,12.566,12.37,12.319166666666668,2016-01-22,Anomaly Persistence,14,2016
2016-01-09,2016,1,12.548,12.36,12.304833333333333,2016-01-23,Anomaly Persistence,14,2016
2016-01-10,2016,1,12.526,12.346,12.292999999999997,2016-01-24,Anomaly Persistence,14,2016
2016-01-11,2016,1,12.504,12.32,12.272416666666665,2016-01-25,Anomaly Persistence,14,2016
2016-01-12,2016,1,12.482,12.296,12.249333333333333,2016-01-26,Anomaly Persistence,14,2016
2016-01-13,2016,1,12.47,12.274,12.238416666666668,2016-01-27,Anomaly Persistence,14,2016
2016-01-14,2016,1,12.46,12.25,12.235333333333335,2016-01-28,Anomaly Persistence,14,2016
2016-01-15,2016,1,12.448,12.23,12.22525,2016-01-29,Anomaly Persistence,14,2016
2016-01-16,2016,1,12.428,12.22,12.2155,2016-01-30,Anomaly Persistence,14,2016
2016-01-17,2016,1,12.42,12.204,12.212833333333334,2016-01-31,Anomaly Persistence,14,2016
2016-01-18,2016,1,12.42,12.19,12.244272727272726,2016-02-01,Anomaly Persistence,14,2016
2016-01-19,2016,1,12.41,12.178,12.232045454545455,2016-02-02,Anomaly Persistence,14,2016
2016-01-20,2016,1,12.392,12.158,12.218757575757575,2016-02-03,Anomaly Persistence,14,2016
2016-01-21,2016,1,12.386,12.142,12.220454545454544,2016-02-04,Anomaly Persistence,14,2016
2016-01-22,2016,1,12.37,12.124,12.215,2016-02-05,Anomaly Persistence,14,2016
2016-01-23,2016,1,12.36,12.106,12.210136363636362,2016-02-06,Anomaly Persistence,14,2016
2016-01-24,2016,1,12.346,12.09,12.19568181818182,2016-02-07,Anomaly Persistence,14,2016
2016-01-25,2016,1,12.32,12.076,12.171363636363637,2016-02-08,Anomaly Persistence,14,2016
2016-01-26,2016,1,12.296,12.06,12.14942424242424,2016-02-09,Anomaly Persistence,14,2016
2016-01-27,2016,1,12.274,12.05,12.131166666666667,2016-02-10,Anomaly Persistence,14,2016
2016-01-28,2016,1,12.25,12.04,12.107333333333333,2016-02-11,Anomaly Persistence,14,2016
2016-01-29,2016,1,12.23,12.03,12.085500000000001,2016-02-12,Anomaly Persistence,14,2016
2016-01-30,2016,1,12.22,12.02,12.069742424242424,2016-02-13,Anomaly Persistence,14,2016
2016-01-31,2016,1,12.204,12.01,12.050636363636364,2016-02-14,Anomaly Persistence,14,2016
2016-02-01,2016,2,12.19,12.01,12.01381818181818,2016-02-15,Anomaly Persistence,14,2016
2016-02-02,2016,2,12.178,12.014,12.002909090909089,2016-02-16,Anomaly Persistence,14,2016
2016-02-03,2016,2,12.158,12.026,11.982909090909091,2016-02-17,Anomaly Persistence,14,2016
2016-02-04,2016,2,12.142,12.04,11.972545454545454,2016-02-18,Anomaly Persistence,14,2016
2016-02-05,2016,2,12.124,12.054,11.969454545454544,2016-02-19,Anomaly Persistence,14,2016
2016-02-06,2016,2,12.106,12.074,11.972909090909091,2016-02-20,Anomaly Persistence,14,2016
2016-02-07,2016,2,12.09,12.08,11.96709090909091,2016-02-21,Anomaly Persistence,14,2016
2016-02-08,2016,2,12.076,12.054,11.953454545454548,2016-02-22,Anomaly Persistence,14,2016
2016-02-09,2016,2,12.06,12.032,11.938000000000002,2016-02-23,Anomaly Persistence,14,2016
2016-02-10,2016,2,12.05,12.016,11.928181818181818,2016-02-24,Anomaly Persistence,14,2016
2016-02-11,2016,2,12.04,12.0,11.92890909090909,2016-02-25,Anomaly Persistence,14,2016
2016-02-12,2016,2,12.03,11.99,11.941999999999997,2016-02-26,Anomaly Persistence,14,2016
2016-02-13,2016,2,12.02,11.99,11.960545454545455,2016-02-27,Anomaly Persistence,14,2016
2016-02-14,2016,2,12.01,11.994,11.979090909090909,2016-02-28,Anomaly Persistence,14,2016
2016-02-15,2016,2,12.01,12.034,11.99509090909091,2016-02-29,Anomaly Persistence,14,2016
2016-02-16,2016,2,12.014,12.148,12.019818181818184,2016-03-01,Anomaly Persistence,14,2016
2016-02-17,2016,2,12.026,12.56,12.072545454545455,2016-03-02,Anomaly Persistence,14,2016
2016-02-18,2016,2,12.04,12.63,12.106181818181819,2016-03-03,Anomaly Persistence,14,2016
2016-02-19,2016,2,12.054,12.586,12.117818181818182,2016-03-04,Anomaly Persistence,14,2016
2016-02-20,2016,2,12.074,12.51,12.141090909090908,2016-03-05,Anomaly Persistence,14,2016
2016-02-21,2016,2,12.08,12.412,12.159636363636361,2016-03-06,Anomaly Persistence,14,2016
2016-02-22,2016,2,12.054,12.344,12.163636363636362,2016-03-07,Anomaly Persistence,14,2016
2016-02-23,2016,2,12.032,12.282,12.173636363636364,2016-03-08,Anomaly Persistence,14,2016
2016-02-24,2016,2,12.016,12.23,12.179818181818181,2016-03-09,Anomaly Persistence,14,2016
2016-02-25,2016,2,12.0,12.204,12.167636363636365,2016-03-10,Anomaly Persistence,14,2016
2016-02-26,2016,2,11.99,12.182,12.162545454545457,2016-03-11,Anomaly Persistence,14,2016
2016-02-27,2016,2,11.99,12.16,12.20109090909091,2016-03-12,Anomaly Persistence,14,2016
2016-02-28,2016,2,11.994,12.15,12.231818181818179,2016-03-13,Anomaly Persistence,14,2016
2016-02-29,2016,2,12.034,12.15,12.282,2016-03-14,Anomaly Persistence,14,2016
2016-03-01,2016,3,12.148,12.15,12.38690909090909,2016-03-15,Anomaly Persistence,14,2016
2016-03-02,2016,3,12.56,12.2,12.760545454545456,2016-03-16,Anomaly Persistence,14,2016
2016-03-03,2016,3,12.63,12.298,12.816363636363638,2016-03-17,Anomaly Persistence,14,2016
2016-03-04,2016,3,12.586,12.452,12.78218181818182,2016-03-18,Anomaly Persistence,14,2016
2016-03-05,2016,3,12.51,12.574,12.711454545454547,2016-03-19,Anomaly Persistence,14,2016
2016-03-06,2016,3,12.412,12.606,12.610909090909093,2016-03-20,Anomaly Persistence,14,2016
2016-03-07,2016,3,12.344,12.594,12.532,2016-03-21,Anomaly Persistence,14,2016
2016-03-08,2016,3,12.282,12.592,12.459636363636363,2016-03-22,Anomaly Persistence,14,2016
2016-03-09,2016,3,12.23,12.646,12.420727272727275,2016-03-23,Anomaly Persistence,14,2016
2016-03-10,2016,3,12.204,12.782,12.431818181818183,2016-03-24,Anomaly Persistence,14,2016
2016-03-11,2016,3,12.182,12.862,12.43290909090909,2016-03-25,Anomaly Persistence,14,2016
2016-03-12,2016,3,12.16,12.864,12.412727272727272,2016-03-26,Anomaly Persistence,14,2016
2016-03-13,2016,3,12.15,12.804,12.440727272727274,2016-03-27,Anomaly Persistence,14,2016
2016-03-14,2016,3,12.15,12.764,12.463454545454544,2016-03-28,Anomaly Persistence,14,2016
2016-03-15,2016,3,12.15,12.766,12.479454545454544,2016-03-29,Anomaly Persistence,14,2016
2016-03-16,2016,3,12.2,12.808,12.567818181818181,2016-03-30,Anomaly Persistence,14,2016
2016-03-17,2016,3,12.298,12.866,12.719272727272726,2016-03-31,Anomaly Persistence,14,2016
2016-03-18,2016,3,12.452,12.944,12.927636363636363,2016-04-01,Anomaly Persistence,14,2016
2016-03-19,2016,3,12.574,12.926,13.092,2016-04-02,Anomaly Persistence,14,2016
2016-03-20,2016,3,12.606,12.852,13.154181818181819,2016-04-03,Anomaly Persistence,14,2016
2016-03-21,2016,3,12.594,12.82,13.17472727272727,2016-04-04,Anomaly Persistence,14,2016
2016-03-22,2016,3,12.592,12.822,13.204636363636364,2016-04-05,Anomaly Persistence,14,2016
2016-03-23,2016,3,12.646,12.906,13.30309090909091,2016-04-06,Anomaly Persistence,14,2016
2016-03-24,2016,3,12.782,13.04,13.489272727272727,2016-04-07,Anomaly Persistence,14,2016
2016-03-25,2016,3,12.862,13.15,13.638727272727275,2016-04-08,Anomaly Persistence,14,2016
2016-03-26,2016,3,12.864,13.178,13.664,2016-04-09,Anomaly Persistence,14,2016
2016-03-27,2016,3,12.804,13.142,13.547454545454546,2016-04-10,Anomaly Persistence,14,2016
2016-03-28,2016,3,12.764,13.142,13.476363636363637,2016-04-11,Anomaly Persistence,14,2016
2016-03-29,2016,3,12.766,13.208,13.49509090909091,2016-04-12,Anomaly Persistence,14,2016
2016-03-30,2016,3,12.808,13.42,13.540727272727272,2016-04-13,Anomaly Persistence,14,2016
2016-03-31,2016,3,12.866,14.184,13.618909090909092,2016-04-14,Anomaly Persistence,14,2016
2016-04-01,2016,4,12.944,14.704,13.702181818181819,2016-04-15,Anomaly Persistence,14,2016
2016-04-02,2016,4,12.926,14.816,13.671818181818182,2016-04-16,Anomaly Persistence,14,2016
2016-04-03,2016,4,12.852,14.734,13.591999999999999,2016-04-17,Anomaly Persistence,14,2016
2016-04-04,2016,4,12.82,14.774,13.54709090909091,2016-04-18,Anomaly Persistence,14,2016
2016-04-05,2016,4,12.822,15.016,13.613363636363635,2016-04-19,Anomaly Persistence,14,2016
2016-04-06,2016,4,12.906,15.192,13.722363636363637,2016-04-20,Anomaly Persistence,14,2016
2016-04-07,2016,4,13.04,15.23,13.855999999999998,2016-04-21,Anomaly Persistence,14,2016
2016-04-08,2016,4,13.15,15.186,13.883090909090908,2016-04-22,Anomaly Persistence,14,2016
2016-04-09,2016,4,13.178,15.128,13.875818181818184,2016-04-23,Anomaly Persistence,14,2016
2016-04-10,2016,4,13.142,15.114,13.854999999999999,2016-04-24,Anomaly Persistence,14,2016
2016-04-11,2016,4,13.142,15.264,13.941636363636363,2016-04-25,Anomaly Persistence,14,2016
2016-04-12,2016,4,13.208,15.55,14.140363636363636,2016-04-26,Anomaly Persistence,14,2016
2016-04-13,2016,4,13.42,15.79,14.40890909090909,2016-04-27,Anomaly Persistence,14,2016
2016-04-14,2016,4,14.184,15.996,15.135999999999997,2016-04-28,Anomaly Persistence,14,2016
2016-04-15,2016,4,14.704,16.216,15.634545454545455,2016-04-29,Anomaly Persistence,14,2016
2016-04-16,2016,4,14.816,16.444,15.860490909090908,2016-04-30,Anomaly Persistence,14,2016
2016-04-17,2016,4,14.734,16.428,15.851600000000001,2016-05-01,Anomaly Persistence,14,2016
2016-04-18,2016,4,14.774,16.192,15.862127272727273,2016-05-02,Anomaly Persistence,14,2016
2016-04-19,2016,4,15.016,16.034,16.016236363636363,2016-05-03,Anomaly Persistence,14,2016
2016-04-20,2016,4,15.192,15.926,16.10641818181818,2016-05-04,Anomaly Persistence,14,2016
2016-04-21,2016,4,15.23,16.1,16.05756363636364,2016-05-05,Anomaly Persistence,14,2016
2016-04-22,2016,4,15.186,16.168,16.039727272727273,2016-05-06,Anomaly Persistence,14,2016
2016-04-23,2016,4,15.128,16.124,15.980709090909091,2016-05-07,Anomaly Persistence,14,2016
2016-04-24,2016,4,15.114,15.972,15.935672727272728,2016-05-08,Anomaly Persistence,14,2016
2016-04-25,2016,4,15.264,15.786,16.002163636363633,2016-05-09,Anomaly Persistence,14,2016
2016-04-26,2016,4,15.55,15.612,16.14090909090909,2016-05-10,Anomaly Persistence,14,2016
2016-04-27,2016,4,15.79,15.442,16.299654545454544,2016-05-11,Anomaly Persistence,14,2016
2016-04-28,2016,4,15.996,15.29,16.40607272727273,2016-05-12,Anomaly Persistence,14,2016
2016-04-29,2016,4,16.216,15.238,16.520381818181818,2016-05-13,Anomaly Persistence,14,2016
2016-04-30,2016,4,16.444,15.2,16.5576,2016-05-14,Anomaly Persistence,14,2016
2016-05-01,2016,5,16.428,15.176,16.488599999999998,2016-05-15,Anomaly Persistence,14,2016
2016-05-02,2016,5,16.192,15.122,16.371399999999998,2016-05-16,Anomaly Persistence,14,2016
2016-05-03,2016,5,16.034,15.138,16.293,2016-05-17,Anomaly Persistence,14,2016
2016-05-04,2016,5,15.926,15.448,16.252,2016-05-18,Anomaly Persistence,14,2016
2016-05-05,2016,5,16.1,15.846,16.4538,2016-05-19,Anomaly Persistence,14,2016
2016-05-06,2016,5,16.168,16.218,16.5064,2016-05-20,Anomaly Persistence,14,2016
2016-05-07,2016,5,16.124,16.294,16.4702,2016-05-21,Anomaly Persistence,14,2016
2016-05-08,2016,5,15.972,16.772,16.389400000000002,2016-05-22,Anomaly Persistence,14,2016
2016-05-09,2016,5,15.786,17.27,16.266600000000004,2016-05-23,Anomaly Persistence,14,2016
2016-05-10,2016,5,15.612,17.364,16.123800000000003,2016-05-24,Anomaly Persistence,14,2016
2016-05-11,2016,5,15.442,17.14,16.0212,2016-05-25,Anomaly Persistence,14,2016
2016-05-12,2016,5,15.29,16.908,16.029400000000003,2016-05-26,Anomaly Persistence,14,2016
2016-05-13,2016,5,15.238,16.748,16.1948,2016-05-27,Anomaly Persistence,14,2016
2016-05-14,2016,5,15.2,16.722,16.2476,2016-05-28,Anomaly Persistence,14,2016
2016-05-15,2016,5,15.176,16.72,16.2188,2016-05-29,Anomaly Persistence,14,2016
2016-05-16,2016,5,15.122,16.67,16.062,2016-05-30,Anomaly Persistence,14,2016
2016-05-17,2016,5,15.138,16.542,15.970945454545454,2016-05-31,Anomaly Persistence,14,2016
2016-05-18,2016,5,15.448,16.564,16.235400000000006,2016-06-01,Anomaly Persistence,14,2016
2016-05-19,2016,5,15.846,16.7,16.664272727272724,2016-06-02,Anomaly Persistence,14,2016
2016-05-20,2016,5,16.218,16.686,17.005327272727275,2016-06-03,Anomaly Persistence,14,2016
2016-05-21,2016,5,16.294,16.504,17.057090909090906,2016-06-04,Anomaly Persistence,14,2016
2016-05-22,2016,5,16.772,16.324,17.54738181818182,2016-06-05,Anomaly Persistence,14,2016
2016-05-23,2016,5,17.27,16.216,18.095054545454545,2016-06-06,Anomaly Persistence,14,2016
2016-05-24,2016,5,17.364,16.2,18.270381818181818,2016-06-07,Anomaly Persistence,14,2016
2016-05-25,2016,5,17.14,16.188,18.065872727272726,2016-06-08,Anomaly Persistence,14,2016
2016-05-26,2016,5,16.908,16.116,17.768163636363635,2016-06-09,Anomaly Persistence,14,2016
2016-05-27,2016,5,16.748,16.072,17.495545454545457,2016-06-10,Anomaly Persistence,14,2016
2016-05-28,2016,5,16.722,16.088,17.43903636363637,2016-06-11,Anomaly Persistence,14,2016
2016-05-29,2016,5,16.72,16.04,17.36318181818182,2016-06-12,Anomaly Persistence,14,2016
2016-05-30,2016,5,16.67,16.076,17.27556363636364,2016-06-13,Anomaly Persistence,14,2016
2016-05-31,2016,5,16.542,16.138,17.187818181818184,2016-06-14,Anomaly Persistence,14,2016
2016-06-01,2016,6,16.564,16.532,17.33090909090909,2016-06-15,Anomaly Persistence,14,2016
2016-06-02,2016,6,16.7,17.31,17.598363636363636,2016-06-16,Anomaly Persistence,14,2016
2016-06-03,2016,6,16.686,17.478,17.715272727272726,2016-06-17,Anomaly Persistence,14,2016
2016-06-04,2016,6,16.504,17.466,17.65036363636364,2016-06-18,Anomaly Persistence,14,2016
2016-06-05,2016,6,16.324,17.45,17.452818181818184,2016-06-19,Anomaly Persistence,14,2016
2016-06-06,2016,6,16.216,17.544,17.22327272727273,2016-06-20,Anomaly Persistence,14,2016
2016-06-07,2016,6,16.2,17.77,17.106545454545454,2016-06-21,Anomaly Persistence,14,2016
2016-06-08,2016,6,16.188,18.074,17.07,2016-06-22,Anomaly Persistence,14,2016
2016-06-09,2016,6,16.116,18.422,17.04581818181818,2016-06-23,Anomaly Persistence,14,2016
2016-06-10,2016,6,16.072,18.676,17.016363636363636,2016-06-24,Anomaly Persistence,14,2016
2016-06-11,2016,6,16.088,18.966,17.08690909090909,2016-06-25,Anomaly Persistence,14,2016
2016-06-12,2016,6,16.04,19.296,17.16581818181818,2016-06-26,Anomaly Persistence,14,2016
2016-06-13,2016,6,16.076,19.33,17.40381818181818,2016-06-27,Anomaly Persistence,14,2016
2016-06-14,2016,6,16.138,19.136,17.517454545454548,2016-06-28,Anomaly Persistence,14,2016
2016-06-15,2016,6,16.532,18.906,17.808727272727275,2016-06-29,Anomaly Persistence,14,2016
2016-06-16,2016,6,17.31,18.676,18.413863636363637,2016-06-30,Anomaly Persistence,14,2016
2016-06-17,2016,6,17.478,18.542,18.577333333333335,2016-07-01,Anomaly Persistence,14,2016
2016-06-18,2016,6,17.466,18.478,18.519712121212123,2016-07-02,Anomaly Persistence,14,2016
2016-06-19,2016,6,17.45,18.63,18.458499999999997,2016-07-03,Anomaly Persistence,14,2016
2016-06-20,2016,6,17.544,18.756,18.553272727272727,2016-07-04,Anomaly Persistence,14,2016
2016-06-21,2016,6,17.77,18.866,18.817772727272725,2016-07-05,Anomaly Persistence,14,2016
2016-06-22,2016,6,18.074,19.154,19.14639393939394,2016-07-06,Anomaly Persistence,14,2016
2016-06-23,2016,6,18.422,19.34,19.46948484848485,2016-07-07,Anomaly Persistence,14,2016
2016-06-24,2016,6,18.676,19.522,19.667090909090906,2016-07-08,Anomaly Persistence,14,2016
2016-06-25,2016,6,18.966,19.522,19.895454545454548,2016-07-09,Anomaly Persistence,14,2016
2016-06-26,2016,6,19.296,19.454,20.17533333333333,2016-07-10,Anomaly Persistence,14,2016
2016-06-27,2016,6,19.33,19.35,20.04881818181818,2016-07-11,Anomaly Persistence,14,2016
2016-06-28,2016,6,19.136,19.256,19.773681818181817,2016-07-12,Anomaly Persistence,14,2016
2016-06-29,2016,6,18.906,19.18,19.4885303030303,2016-07-13,Anomaly Persistence,14,2016
2016-06-30,2016,6,18.676,19.12,19.233833333333333,2016-07-14,Anomaly Persistence,14,2016
2016-07-01,2016,7,18.542,19.058,18.955000000000002,2016-07-15,Anomaly Persistence,14,2016
2016-07-02,2016,7,18.478,18.988,18.775166666666667,2016-07-16,Anomaly Persistence,14,2016
2016-07-03,2016,7,18.63,19.0,18.913416666666667,2016-07-17,Anomaly Persistence,14,2016
2016-07-04,2016,7,18.756,19.076,19.02316666666667,2016-07-18,Anomaly Persistence,14,2016
2016-07-05,2016,7,18.866,19.386,19.073666666666668,2016-07-19,Anomaly Persistence,14,2016
2016-07-06,2016,7,19.154,19.448,19.24766666666667,2016-07-20,Anomaly Persistence,14,2016
2016-07-07,2016,7,19.34,19.486,19.364,2016-07-21,Anomaly Persistence,14,2016
2016-07-08,2016,7,19.522,19.626,19.530666666666665,2016-07-22,Anomaly Persistence,14,2016
2016-07-09,2016,7,19.522,19.728,19.487333333333332,2016-07-23,Anomaly Persistence,14,2016
2016-07-10,2016,7,19.454,19.908,19.37316666666667,2016-07-24,Anomaly Persistence,14,2016
2016-07-11,2016,7,19.35,20.15,19.228333333333335,2016-07-25,Anomaly Persistence,14,2016
2016-07-12,2016,7,19.256,20.334,19.097833333333334,2016-07-26,Anomaly Persistence,14,2016
2016-07-13,2016,7,19.18,20.506,19.037333333333336,2016-07-27,Anomaly Persistence,14,2016
2016-07-14,2016,7,19.12,20.654,18.974333333333334,2016-07-28,Anomaly Persistence,14,2016
2016-07-15,2016,7,19.058,20.71,18.911166666666666,2016-07-29,Anomaly Persistence,14,2016
2016-07-16,2016,7,18.988,20.648,18.82633333333333,2016-07-30,Anomaly Persistence,14,2016
2016-07-17,2016,7,19.0,20.534,18.748719696969697,2016-07-31,Anomaly Persistence,14,2016
2016-07-18,2016,7,19.076,20.322,18.76101515151515,2016-08-01,Anomaly Persistence,14,2016
2016-07-19,2016,7,19.386,20.092,19.024742424242422,2016-08-02,Anomaly Persistence,14,2016
2016-07-20,2016,7,19.448,19.742,19.023757575757575,2016-08-03,Anomaly Persistence,14,2016
2016-07-21,2016,7,19.486,19.51,19.047424242424242,2016-08-04,Anomaly Persistence,14,2016
2016-07-22,2016,7,19.626,19.332,19.164878787878788,2016-08-05,Anomaly Persistence,14,2016
2016-07-23,2016,7,19.728,19.148,19.275030303030306,2016-08-06,Anomaly Persistence,14,2016
2016-07-24,2016,7,19.908,18.956,19.447136363636364,2016-08-07,Anomaly Persistence,14,2016
2016-07-25,2016,7,20.15,18.796,19.678848484848483,2016-08-08,Anomaly Persistence,14,2016
2016-07-26,2016,7,20.334,18.62,19.86630303030303,2016-08-09,Anomaly Persistence,14,2016
2016-07-27,2016,7,20.506,18.492,20.028499999999998,2016-08-10,Anomaly Persistence,14,2016
2016-07-28,2016,7,20.654,18.35,20.19851515151515,2016-08-11,Anomaly Persistence,14,2016
2016-07-29,2016,7,20.71,18.316,20.313045454545456,2016-08-12,Anomaly Persistence,14,2016
2016-07-30,2016,7,20.648,18.22,20.338424242424242,2016-08-13,Anomaly Persistence,14,2016
2016-07-31,2016,7,20.534,18.166,20.320909090909087,2016-08-14,Anomaly Persistence,14,2016
2016-08-01,2016,8,20.322,18.1,20.196,2016-08-15,Anomaly Persistence,14,2016
2016-08-02,2016,8,20.092,18.0,20.04872727272727,2016-08-16,Anomaly Persistence,14,2016
2016-08-03,2016,8,19.742,17.936,19.81909090909091,2016-08-17,Anomaly Persistence,14,2016
2016-08-04,2016,8,19.51,17.872,19.62709090909091,2016-08-18,Anomaly Persistence,14,2016
2016-08-05,2016,8,19.332,17.87,19.494818181818182,2016-08-19,Anomaly Persistence,14,2016
2016-08-06,2016,8,19.148,17.82,19.362363636363636,2016-08-20,Anomaly Persistence,14,2016
2016-08-07,2016,8,18.956,17.69,19.207454545454542,2016-08-21,Anomaly Persistence,14,2016
2016-08-08,2016,8,18.796,17.576,19.072,2016-08-22,Anomaly Persistence,14,2016
2016-08-09,2016,8,18.62,17.472,18.918363636363637,2016-08-23,Anomaly Persistence,14,2016
2016-08-10,2016,8,18.492,17.38,18.765636363636368,2016-08-24,Anomaly Persistence,14,2016
2016-08-11,2016,8,18.35,17.298,18.566727272727277,2016-08-25,Anomaly Persistence,14,2016
2016-08-12,2016,8,18.316,17.2,18.457090909090905,2016-08-26,Anomaly Persistence,14,2016
2016-08-13,2016,8,18.22,17.09,18.312363636363635,2016-08-27,Anomaly Persistence,14,2016
2016-08-14,2016,8,18.166,17.03,18.25018181818182,2016-08-28,Anomaly Persistence,14,2016
2016-08-15,2016,8,18.1,16.97,18.14018181818182,2016-08-29,Anomaly Persistence,14,2016
2016-08-16,2016,8,18.0,16.866,17.970909090909092,2016-08-30,Anomaly Persistence,14,2016
2016-08-17,2016,8,17.936,16.828,17.703818181818182,2016-08-31,Anomaly Persistence,14,2016
2016-08-18,2016,8,17.872,16.84,17.579636363636364,2016-09-01,Anomaly Persistence,14,2016
2016-08-19,2016,8,17.87,16.844,17.525818181818185,2016-09-02,Anomaly Persistence,14,2016
2016-08-20,2016,8,17.82,17.098,17.401999999999997,2016-09-03,Anomaly Persistence,14,2016
2016-08-21,2016,8,17.69,17.356,17.249636363636366,2016-09-04,Anomaly Persistence,14,2016
2016-08-22,2016,8,17.576,17.668,17.15981818181818,2016-09-05,Anomaly Persistence,14,2016
2016-08-23,2016,8,17.472,17.73,17.084181818181822,2016-09-06,Anomaly Persistence,14,2016
2016-08-24,2016,8,17.38,17.926,17.05654545454545,2016-09-07,Anomaly Persistence,14,2016
2016-08-25,2016,8,17.298,18.186,17.04363636363636,2016-09-08,Anomaly Persistence,14,2016
2016-08-26,2016,8,17.2,18.31,16.974545454545456,2016-09-09,Anomaly Persistence,14,2016
2016-08-27,2016,8,17.09,18.368,16.866545454545456,2016-09-10,Anomaly Persistence,14,2016
2016-08-28,2016,8,17.03,18.504,16.822727272727274,2016-09-11,Anomaly Persistence,14,2016
2016-08-29,2016,8,16.97,18.554,16.761090909090907,2016-09-12,Anomaly Persistence,14,2016
2016-08-30,2016,8,16.866,18.682,16.65909090909091,2016-09-13,Anomaly Persistence,14,2016
2016-08-31,2016,8,16.828,18.84,16.813090909090906,2016-09-14,Anomaly Persistence,14,2016
2016-09-01,2016,9,16.84,18.836,16.859636363636362,2016-09-15,Anomaly Persistence,14,2016
2016-09-02,2016,9,16.844,18.63,16.908363636363635,2016-09-16,Anomaly Persistence,14,2016
2016-09-03,2016,9,17.098,18.436,17.15727272727273,2016-09-17,Anomaly Persistence,14,2016
2016-09-04,2016,9,17.356,18.226,17.377818181818185,2016-09-18,Anomaly Persistence,14,2016
2016-09-05,2016,9,17.668,18.11,17.66781818181818,2016-09-19,Anomaly Persistence,14,2016
2016-09-06,2016,9,17.73,17.95,17.623272727272727,2016-09-20,Anomaly Persistence,14,2016
2016-09-07,2016,9,17.926,17.754,17.77290909090909,2016-09-21,Anomaly Persistence,14,2016
2016-09-08,2016,9,18.186,17.796,17.998,2016-09-22,Anomaly Persistence,14,2016
2016-09-09,2016,9,18.31,18.002,18.09890909090909,2016-09-23,Anomaly Persistence,14,2016
2016-09-10,2016,9,18.368,18.078,18.112909090909092,2016-09-24,Anomaly Persistence,14,2016
2016-09-11,2016,9,18.504,18.084,18.21363636363637,2016-09-25,Anomaly Persistence,14,2016
2016-09-12,2016,9,18.554,18.27,18.359272727272728,2016-09-26,Anomaly Persistence,14,2016
2016-09-13,2016,9,18.682,18.442,18.542363636363635,2016-09-27,Anomaly Persistence,14,2016
2016-09-14,2016,9,18.84,18.49,18.653636363636366,2016-09-28,Anomaly Persistence,14,2016
2016-09-15,2016,9,18.836,18.524,18.62890909090909,2016-09-29,Anomaly Persistence,14,2016
2016-09-16,2016,9,18.63,18.696,18.391636363636366,2016-09-30,Anomaly Persistence,14,2016
2016-09-17,2016,9,18.436,18.812,18.019199999999998,2016-10-01,Anomaly Persistence,14,2016
2016-09-18,2016,9,18.226,18.796,17.731654545454543,2016-10-02,Anomaly Persistence,14,2016
2016-09-19,2016,9,18.11,18.672,17.48478181818182,2016-10-03,Anomaly Persistence,14,2016
2016-09-20,2016,9,17.95,18.43,17.22354545454545,2016-10-04,Anomaly Persistence,14,2016
2016-09-21,2016,9,17.754,18.2,16.869309090909095,2016-10-05,Anomaly Persistence,14,2016
2016-09-22,2016,9,17.796,18.006,16.802654545454544,2016-10-06,Anomaly Persistence,14,2016
2016-09-23,2016,9,18.002,17.712,16.96630909090909,2016-10-07,Anomaly Persistence,14,2016
2016-09-24,2016,9,18.078,17.48,17.064890909090906,2016-10-08,Anomaly Persistence,14,2016
2016-09-25,2016,9,18.084,17.312,16.997309090909088,2016-10-09,Anomaly Persistence,14,2016
2016-09-26,2016,9,18.27,17.246,16.991672727272725,2016-10-10,Anomaly Persistence,14,2016
2016-09-27,2016,9,18.442,17.18,17.0186,2016-10-11,Anomaly Persistence,14,2016
2016-09-28,2016,9,18.49,17.136,16.965072727272723,2016-10-12,Anomaly Persistence,14,2016
2016-09-29,2016,9,18.524,17.366,16.984436363636366,2016-10-13,Anomaly Persistence,14,2016
2016-09-30,2016,9,18.696,17.964,17.174418181818183,2016-10-14,Anomaly Persistence,14,2016
2016-10-01,2016,10,18.812,18.236,17.486200000000004,2016-10-15,Anomaly Persistence,14,2016
2016-10-02,2016,10,18.796,18.48,17.5514,2016-10-16,Anomaly Persistence,14,2016
2016-10-03,2016,10,18.672,18.54,17.4796,2016-10-17,Anomaly Persistence,14,2016
2016-10-04,2016,10,18.43,18.54,17.3336,2016-10-18,Anomaly Persistence,14,2016
2016-10-05,2016,10,18.2,18.444,17.1622,2016-10-19,Anomaly Persistence,14,2016
2016-10-06,2016,10,18.006,18.192,17.003,2016-10-20,Anomaly Persistence,14,2016
2016-10-07,2016,10,17.712,17.956,16.692400000000003,2016-10-21,Anomaly Persistence,14,2016
2016-10-08,2016,10,17.48,17.57,16.3536,2016-10-22,Anomaly Persistence,14,2016
2016-10-09,2016,10,17.312,17.264,16.1442,2016-10-23,Anomaly Persistence,14,2016
2016-10-10,2016,10,17.246,16.99,16.105199999999996,2016-10-24,Anomaly Persistence,14,2016
2016-10-11,2016,10,17.18,16.728,16.0904,2016-10-25,Anomaly Persistence,14,2016
2016-10-12,2016,10,17.136,16.54,16.1094,2016-10-26,Anomaly Persistence,14,2016
2016-10-13,2016,10,17.366,16.372,16.333,2016-10-27,Anomaly Persistence,14,2016
2016-10-14,2016,10,17.964,16.204,16.901200000000003,2016-10-28,Anomaly Persistence,14,2016
2016-10-15,2016,10,18.236,16.05,17.171,2016-10-29,Anomaly Persistence,14,2016
2016-10-16,2016,10,18.48,15.93,17.406599999999997,2016-10-30,Anomaly Persistence,14,2016
2016-10-17,2016,10,18.54,15.834,17.569072727272726,2016-10-31,Anomaly Persistence,14,2016
2016-10-18,2016,10,18.54,15.736,17.618233333333333,2016-11-01,Anomaly Persistence,14,2016
2016-10-19,2016,10,18.444,15.632,17.569066666666664,2016-11-02,Anomaly Persistence,14,2016
2016-10-20,2016,10,18.192,15.542,17.351133333333337,2016-11-03,Anomaly Persistence,14,2016
2016-10-21,2016,10,17.956,15.442,17.12053333333333,2016-11-04,Anomaly Persistence,14,2016
2016-10-22,2016,10,17.57,15.358,16.773933333333332,2016-11-05,Anomaly Persistence,14,2016
2016-10-23,2016,10,17.264,15.266,16.514400000000002,2016-11-06,Anomaly Persistence,14,2016
2016-10-24,2016,10,16.99,15.182,16.2789,2016-11-07,Anomaly Persistence,14,2016
2016-10-25,2016,10,16.728,15.108,16.000833333333336,2016-11-08,Anomaly Persistence,14,2016
2016-10-26,2016,10,16.54,15.048,15.803633333333332,2016-11-09,Anomaly Persistence,14,2016
2016-10-27,2016,10,16.372,14.968,15.626366666666668,2016-11-10,Anomaly Persistence,14,2016
2016-10-28,2016,10,16.204,14.926,15.445699999999999,2016-11-11,Anomaly Persistence,14,2016
2016-10-29,2016,10,16.05,14.92,15.2746,2016-11-12,Anomaly Persistence,14,2016
2016-10-30,2016,10,15.93,14.904,15.135800000000001,2016-11-13,Anomaly Persistence,14,2016
2016-10-31,2016,10,15.834,14.876,14.961060606060606,2016-11-14,Anomaly Persistence,14,2016
2016-11-01,2016,11,15.736,14.85,14.855333333333332,2016-11-15,Anomaly Persistence,14,2016
2016-11-02,2016,11,15.632,14.778,14.759666666666666,2016-11-16,Anomaly Persistence,14,2016
2016-11-03,2016,11,15.542,14.7,14.667499999999999,2016-11-17,Anomaly Persistence,14,2016
2016-11-04,2016,11,15.442,14.614,14.600999999999999,2016-11-18,Anomaly Persistence,14,2016
2016-11-05,2016,11,15.358,14.548,14.560666666666666,2016-11-19,Anomaly Persistence,14,2016
2016-11-06,2016,11,15.266,14.48,14.508666666666667,2016-11-20,Anomaly Persistence,14,2016
2016-11-07,2016,11,15.182,14.434,14.4525,2016-11-21,Anomaly Persistence,14,2016
2016-11-08,2016,11,15.108,14.384,14.42325,2016-11-22,Anomaly Persistence,14,2016
2016-11-09,2016,11,15.048,14.296,14.406333333333333,2016-11-23,Anomaly Persistence,14,2016
2016-11-10,2016,11,14.968,14.244,14.396833333333332,2016-11-24,Anomaly Persistence,14,2016
2016-11-11,2016,11,14.926,14.2,14.373833333333332,2016-11-25,Anomaly Persistence,14,2016
2016-11-12,2016,11,14.92,14.146,14.373666666666665,2016-11-26,Anomaly Persistence,14,2016
2016-11-13,2016,11,14.904,14.09,14.363333333333332,2016-11-27,Anomaly Persistence,14,2016
2016-11-14,2016,11,14.876,14.046,14.357333333333335,2016-11-28,Anomaly Persistence,14,2016
2016-11-15,2016,11,14.85,14.02,14.342833333333335,2016-11-29,Anomaly Persistence,14,2016
2016-11-16,2016,11,14.778,13.99,14.330848484848485,2016-11-30,Anomaly Persistence,14,2016
2016-11-17,2016,11,14.7,13.958,14.261530303030302,2016-12-01,Anomaly Persistence,14,2016
2016-11-18,2016,11,14.614,13.906,14.185121212121214,2016-12-02,Anomaly Persistence,14,2016
2016-11-19,2016,11,14.548,13.87,14.121090909090912,2016-12-03,Anomaly Persistence,14,2016
2016-11-20,2016,11,14.48,13.818,14.058151515151515,2016-12-04,Anomaly Persistence,14,2016
2016-11-21,2016,11,14.434,13.786,14.021545454545455,2016-12-05,Anomaly Persistence,14,2016
2016-11-22,2016,11,14.384,13.75,13.979280303030304,2016-12-06,Anomaly Persistence,14,2016
2016-11-23,2016,11,14.296,13.698,13.88810606060606,2016-12-07,Anomaly Persistence,14,2016
2016-11-24,2016,11,14.244,13.66,13.801727272727275,2016-12-08,Anomaly Persistence,14,2016
2016-11-25,2016,11,14.2,13.63,13.751939393939395,2016-12-09,Anomaly Persistence,14,2016
2016-11-26,2016,11,14.146,13.588,13.703515151515152,2016-12-10,Anomaly Persistence,14,2016
2016-11-27,2016,11,14.09,13.56,13.661212121212122,2016-12-11,Anomaly Persistence,14,2016
2016-11-28,2016,11,14.046,13.53,13.62651515151515,2016-12-12,Anomaly Persistence,14,2016
2016-11-29,2016,11,14.02,13.498,13.617363636363637,2016-12-13,Anomaly Persistence,14,2016
2016-11-30,2016,11,13.99,13.46,13.552909090909091,2016-12-14,Anomaly Persistence,14,2016
2016-12-01,2016,12,13.958,13.43,13.53418181818182,2016-12-15,Anomaly Persistence,14,2016
2016-12-02,2016,12,13.906,13.408,13.496818181818183,2016-12-16,Anomaly Persistence,14,2016
2016-12-03,2016,12,13.87,13.38,13.47181818181818,2016-12-17,Anomaly Persistence,14,2016
2016-12-04,2016,12,13.818,13.348,13.429636363636364,2016-12-18,Anomaly Persistence,14,2016
2016-12-05,2016,12,13.786,13.32,13.400727272727272,2016-12-19,Anomaly Persistence,14,2016
2016-12-06,2016,12,13.75,13.29,13.368181818181817,2016-12-20,Anomaly Persistence,14,2016
2016-12-07,2016,12,13.698,13.268,13.328000000000001,2016-12-21,Anomaly Persistence,14,2016
2016-12-08,2016,12,13.66,13.25,13.300909090909089,2016-12-22,Anomaly Persistence,14,2016
2016-12-09,2016,12,13.63,13.218,13.285454545454545,2016-12-23,Anomaly Persistence,14,2016
2016-12-10,2016,12,13.588,13.2,13.253454545454547,2016-12-24,Anomaly Persistence,14,2016
2016-12-11,2016,12,13.56,13.16,13.234727272727273,2016-12-25,Anomaly Persistence,14,2016
2016-12-12,2016,12,13.53,13.16,13.21672727272727,2016-12-26,Anomaly Persistence,14,2016
2016-12-13,2016,12,13.498,13.15,13.188363636363635,2016-12-27,Anomaly Persistence,14,2016
2016-12-14,2016,12,13.46,13.12,13.156,2016-12-28,Anomaly Persistence,14,2016
2016-12-15,2016,12,13.43,13.11,13.13290909090909,2016-12-29,Anomaly Persistence,14,2016
2016-12-16,2016,12,13.408,13.09,13.10381818181818,2016-12-30,Anomaly Persistence,14,2016
2016-12-17,2016,12,13.38,13.08,13.180424242424243,2016-12-31,Anomaly Persistence,14,2016
2016-12-18,2016,12,13.348,13.044,13.07571212121212,2017-01-01,Anomaly Persistence,14,2016
2016-12-19,2016,12,13.32,13.02,13.043227272727272,2017-01-02,Anomaly Persistence,14,2016
2016-12-20,2016,12,13.29,13.01,13.017954545454545,2017-01-03,Anomaly Persistence,14,2016
2016-12-21,2016,12,13.268,13.0,12.99489393939394,2017-01-04,Anomaly Persistence,14,2016
2016-12-22,2016,12,13.25,12.99,12.97369696969697,2017-01-05,Anomaly Persistence,14,2016
2016-12-23,2016,12,13.218,12.98,12.939272727272728,2017-01-06,Anomaly Persistence,14,2016
2016-12-24,2016,12,13.2,12.97,12.923363636363634,2017-01-07,Anomaly Persistence,14,2016
2016-12-25,2016,12,13.16,12.93,12.882560606060606,2017-01-08,Anomaly Persistence,14,2016
2016-12-26,2016,12,13.16,12.88,12.881757575757577,2017-01-09,Anomaly Persistence,14,2016
2016-12-27,2016,12,13.15,12.84,12.872772727272729,2017-01-10,Anomaly Persistence,14,2016
2016-12-28,2016,12,13.12,12.82,12.847492424242425,2017-01-11,Anomaly Persistence,14,2016
2016-12-29,2016,12,13.11,12.79,12.842878787878787,2017-01-12,Anomaly Persistence,14,2016
2016-12-30,2016,12,13.09,12.77,12.837325757575757,2017-01-13,Anomaly Persistence,14,2016
2016-12-31,2016,12,13.08,12.75,12.728,2017-01-14,Anomaly Persistence,14,2016
2017-01-01,2017,1,13.044,12.74,12.770083333333334,2017-01-15,Anomaly Persistence,14,2017
2017-01-02,2017,1,13.02,12.72,12.757166666666667,2017-01-16,Anomaly Persistence,14,2017
2017-01-03,2017,1,13.01,12.7,12.751666666666667,2017-01-17,Anomaly Persistence,14,2017
2017-01-04,2017,1,13.0,12.67,12.742833333333335,2017-01-18,Anomaly Persistence,14,2017
2017-01-05,2017,1,12.99,12.64,12.741166666666668,2017-01-19,Anomaly Persistence,14,2017
2017-01-06,2017,1,12.98,12.63,12.734333333333332,2017-01-20,Anomaly Persistence,14,2017
2017-01-07,2017,1,12.97,12.62,12.722000000000001,2017-01-21,Anomaly Persistence,14,2017
2017-01-08,2017,1,12.93,12.61,12.683166666666667,2017-01-22,Anomaly Persistence,14,2017
2017-01-09,2017,1,12.88,12.58,12.636833333333334,2017-01-23,Anomaly Persistence,14,2017
2017-01-10,2017,1,12.84,12.58,12.606999999999998,2017-01-24,Anomaly Persistence,14,2017
2017-01-11,2017,1,12.82,12.57,12.588416666666665,2017-01-25,Anomaly Persistence,14,2017
2017-01-12,2017,1,12.79,12.54,12.557333333333332,2017-01-26,Anomaly Persistence,14,2017
2017-01-13,2017,1,12.77,12.52,12.538416666666667,2017-01-27,Anomaly Persistence,14,2017
2017-01-14,2017,1,12.75,12.5,12.525333333333334,2017-01-28,Anomaly Persistence,14,2017
2017-01-15,2017,1,12.74,12.47,12.51725,2017-01-29,Anomaly Persistence,14,2017
2017-01-16,2017,1,12.72,12.45,12.5075,2017-01-30,Anomaly Persistence,14,2017
2017-01-17,2017,1,12.7,12.44,12.492833333333333,2017-01-31,Anomaly Persistence,14,2017
2017-01-18,2017,1,12.67,12.43,12.494272727272726,2017-02-01,Anomaly Persistence,14,2017
2017-01-19,2017,1,12.64,12.42,12.462045454545455,2017-02-02,Anomaly Persistence,14,2017
2017-01-20,2017,1,12.63,12.41,12.456757575757576,2017-02-03,Anomaly Persistence,14,2017
2017-01-21,2017,1,12.62,12.39,12.454454545454544,2017-02-04,Anomaly Persistence,14,2017
2017-01-22,2017,1,12.61,12.38,12.455,2017-02-05,Anomaly Persistence,14,2017
2017-01-23,2017,1,12.58,12.36,12.430136363636363,2017-02-06,Anomaly Persistence,14,2017
2017-01-24,2017,1,12.58,12.34,12.42968181818182,2017-02-07,Anomaly Persistence,14,2017
2017-01-25,2017,1,12.57,12.32,12.421363636363637,2017-02-08,Anomaly Persistence,14,2017
2017-01-26,2017,1,12.54,12.3,12.39342424242424,2017-02-09,Anomaly Persistence,14,2017
2017-01-27,2017,1,12.52,12.29,12.377166666666668,2017-02-10,Anomaly Persistence,14,2017
2017-01-28,2017,1,12.5,12.27,12.357333333333333,2017-02-11,Anomaly Persistence,14,2017
2017-01-29,2017,1,12.47,12.25,12.325500000000002,2017-02-12,Anomaly Persistence,14,2017
2017-01-30,2017,1,12.45,12.24,12.299742424242423,2017-02-13,Anomaly Persistence,14,2017
2017-01-31,2017,1,12.44,12.22,12.286636363636363,2017-02-14,Anomaly Persistence,14,2017
2017-02-01,2017,2,12.43,12.21,12.25381818181818,2017-02-15,Anomaly Persistence,14,2017
2017-02-02,2017,2,12.42,12.21,12.244909090909088,2017-02-16,Anomaly Persistence,14,2017
2017-02-03,2017,2,12.41,12.19,12.234909090909092,2017-02-17,Anomaly Persistence,14,2017
2017-02-04,2017,2,12.39,12.18,12.220545454545455,2017-02-18,Anomaly Persistence,14,2017
2017-02-05,2017,2,12.38,12.178,12.225454545454545,2017-02-19,Anomaly Persistence,14,2017
2017-02-06,2017,2,12.36,12.16,12.226909090909091,2017-02-20,Anomaly Persistence,14,2017
2017-02-07,2017,2,12.34,12.16,12.21709090909091,2017-02-21,Anomaly Persistence,14,2017
2017-02-08,2017,2,12.32,12.16,12.197454545454548,2017-02-22,Anomaly Persistence,14,2017
2017-02-09,2017,2,12.3,12.15,12.178000000000003,2017-02-23,Anomaly Persistence,14,2017
2017-02-10,2017,2,12.29,12.156,12.168181818181816,2017-02-24,Anomaly Persistence,14,2017
2017-02-11,2017,2,12.27,12.178,12.15890909090909,2017-02-25,Anomaly Persistence,14,2017
2017-02-12,2017,2,12.25,12.2,12.161999999999997,2017-02-26,Anomaly Persistence,14,2017
2017-02-13,2017,2,12.24,12.21,12.180545454545456,2017-02-27,Anomaly Persistence,14,2017
2017-02-14,2017,2,12.22,12.22,12.18909090909091,2017-02-28,Anomaly Persistence,14,2017
2017-02-15,2017,2,12.21,12.23,12.195090909090911,2017-03-01,Anomaly Persistence,14,2017
2017-02-16,2017,2,12.21,12.25,12.215818181818186,2017-03-02,Anomaly Persistence,14,2017
2017-02-17,2017,2,12.19,12.268,12.236545454545455,2017-03-03,Anomaly Persistence,14,2017
2017-02-18,2017,2,12.18,12.438,12.24618181818182,2017-03-04,Anomaly Persistence,14,2017
2017-02-19,2017,2,12.178,12.496,12.241818181818182,2017-03-05,Anomaly Persistence,14,2017
2017-02-20,2017,2,12.16,12.512,12.227090909090908,2017-03-06,Anomaly Persistence,14,2017
2017-02-21,2017,2,12.16,12.434,12.239636363636361,2017-03-07,Anomaly Persistence,14,2017
2017-02-22,2017,2,12.16,12.402,12.269636363636362,2017-03-08,Anomaly Persistence,14,2017
2017-02-23,2017,2,12.15,12.344,12.291636363636364,2017-03-09,Anomaly Persistence,14,2017
2017-02-24,2017,2,12.156,12.31,12.319818181818182,2017-03-10,Anomaly Persistence,14,2017
2017-02-25,2017,2,12.178,12.292,12.345636363636366,2017-03-11,Anomaly Persistence,14,2017
2017-02-26,2017,2,12.2,12.38,12.372545454545456,2017-03-12,Anomaly Persistence,14,2017
2017-02-27,2017,2,12.21,12.602,12.42109090909091,2017-03-13,Anomaly Persistence,14,2017
2017-02-28,2017,2,12.22,12.874,12.45781818181818,2017-03-14,Anomaly Persistence,14,2017
2017-03-01,2017,3,12.23,12.986,12.478,2017-03-15,Anomaly Persistence,14,2017
2017-03-02,2017,3,12.25,12.956,12.48890909090909,2017-03-16,Anomaly Persistence,14,2017
2017-03-03,2017,3,12.268,12.878,12.468545454545456,2017-03-17,Anomaly Persistence,14,2017
2017-03-04,2017,3,12.438,12.816,12.624363636363638,2017-03-18,Anomaly Persistence,14,2017
2017-03-05,2017,3,12.496,12.83,12.69218181818182,2017-03-19,Anomaly Persistence,14,2017
2017-03-06,2017,3,12.512,12.872,12.713454545454548,2017-03-20,Anomaly Persistence,14,2017
2017-03-07,2017,3,12.434,12.986,12.632909090909092,2017-03-21,Anomaly Persistence,14,2017
2017-03-08,2017,3,12.402,13.044,12.59,2017-03-22,Anomaly Persistence,14,2017
2017-03-09,2017,3,12.344,12.99,12.521636363636363,2017-03-23,Anomaly Persistence,14,2017
2017-03-10,2017,3,12.31,12.94,12.500727272727275,2017-03-24,Anomaly Persistence,14,2017
2017-03-11,2017,3,12.292,12.87,12.519818181818183,2017-03-25,Anomaly Persistence,14,2017
2017-03-12,2017,3,12.38,12.906,12.63090909090909,2017-03-26,Anomaly Persistence,14,2017
2017-03-13,2017,3,12.602,12.826,12.854727272727272,2017-03-27,Anomaly Persistence,14,2017
2017-03-14,2017,3,12.874,12.832,13.164727272727275,2017-03-28,Anomaly Persistence,14,2017
2017-03-15,2017,3,12.986,12.96,13.299454545454545,2017-03-29,Anomaly Persistence,14,2017
2017-03-16,2017,3,12.956,12.9,13.285454545454543,2017-03-30,Anomaly Persistence,14,2017
2017-03-17,2017,3,12.878,12.88,13.245818181818182,2017-03-31,Anomaly Persistence,14,2017
2017-03-18,2017,3,12.816,12.85,13.237272727272726,2017-04-01,Anomaly Persistence,14,2017
2017-03-19,2017,3,12.83,12.9,13.305636363636363,2017-04-02,Anomaly Persistence,14,2017
2017-03-20,2017,3,12.872,13.008,13.39,2017-04-03,Anomaly Persistence,14,2017
2017-03-21,2017,3,12.986,13.236,13.53418181818182,2017-04-04,Anomaly Persistence,14,2017
2017-03-22,2017,3,13.044,13.564,13.624727272727272,2017-04-05,Anomaly Persistence,14,2017
2017-03-23,2017,3,12.99,13.764,13.602636363636364,2017-04-06,Anomaly Persistence,14,2017
2017-03-24,2017,3,12.94,13.94,13.597090909090909,2017-04-07,Anomaly Persistence,14,2017
2017-03-25,2017,3,12.87,14.118,13.577272727272726,2017-04-08,Anomaly Persistence,14,2017
2017-03-26,2017,3,12.906,14.378,13.682727272727275,2017-04-09,Anomaly Persistence,14,2017
2017-03-27,2017,3,12.826,14.62,13.626,2017-04-10,Anomaly Persistence,14,2017
2017-03-28,2017,3,12.832,14.638,13.575454545454546,2017-04-11,Anomaly Persistence,14,2017
2017-03-29,2017,3,12.96,14.502,13.672363636363638,2017-04-12,Anomaly Persistence,14,2017
2017-03-30,2017,3,12.9,14.34,13.62909090909091,2017-04-13,Anomaly Persistence,14,2017
2017-03-31,2017,3,12.88,14.16,13.612727272727273,2017-04-14,Anomaly Persistence,14,2017
2017-04-01,2017,4,12.85,14.032,13.602909090909092,2017-04-15,Anomaly Persistence,14,2017
2017-04-02,2017,4,12.9,14.254,13.658181818181818,2017-04-16,Anomaly Persistence,14,2017
2017-04-03,2017,4,13.008,14.4,13.75381818181818,2017-04-17,Anomaly Persistence,14,2017
2017-04-04,2017,4,13.236,14.454,13.975999999999999,2017-04-18,Anomaly Persistence,14,2017
2017-04-05,2017,4,13.564,14.35,14.29109090909091,2017-04-19,Anomaly Persistence,14,2017
2017-04-06,2017,4,13.764,14.192,14.555363636363635,2017-04-20,Anomaly Persistence,14,2017
2017-04-07,2017,4,13.94,14.058,14.756363636363636,2017-04-21,Anomaly Persistence,14,2017
2017-04-08,2017,4,14.118,14.138,14.934,2017-04-22,Anomaly Persistence,14,2017
2017-04-09,2017,4,14.378,14.088,15.111090909090908,2017-04-23,Anomaly Persistence,14,2017
2017-04-10,2017,4,14.62,14.1,15.317818181818183,2017-04-24,Anomaly Persistence,14,2017
2017-04-11,2017,4,14.638,14.12,15.350999999999999,2017-04-25,Anomaly Persistence,14,2017
2017-04-12,2017,4,14.502,14.066,15.301636363636364,2017-04-26,Anomaly Persistence,14,2017
2017-04-13,2017,4,14.34,14.082,15.272363636363636,2017-04-27,Anomaly Persistence,14,2017
2017-04-14,2017,4,14.16,14.19,15.14890909090909,2017-04-28,Anomaly Persistence,14,2017
2017-04-15,2017,4,14.032,14.346,14.983999999999998,2017-04-29,Anomaly Persistence,14,2017
2017-04-16,2017,4,14.254,14.57,15.184545454545454,2017-04-30,Anomaly Persistence,14,2017
2017-04-17,2017,4,14.4,14.926,15.444490909090907,2017-05-01,Anomaly Persistence,14,2017
2017-04-18,2017,4,14.454,15.76,15.571600000000002,2017-05-02,Anomaly Persistence,14,2017
2017-04-19,2017,4,14.35,16.168,15.438127272727273,2017-05-03,Anomaly Persistence,14,2017
2017-04-20,2017,4,14.192,16.404,15.192236363636363,2017-05-04,Anomaly Persistence,14,2017
2017-04-21,2017,4,14.058,16.146,14.972418181818181,2017-05-05,Anomaly Persistence,14,2017
2017-04-22,2017,4,14.138,15.996,14.965563636363637,2017-05-06,Anomaly Persistence,14,2017
2017-04-23,2017,4,14.088,15.892,14.941727272727272,2017-05-07,Anomaly Persistence,14,2017
2017-04-24,2017,4,14.1,15.9,14.95270909090909,2017-05-08,Anomaly Persistence,14,2017
2017-04-25,2017,4,14.12,15.916,14.941672727272726,2017-05-09,Anomaly Persistence,14,2017
2017-04-26,2017,4,14.066,15.872,14.804163636363636,2017-05-10,Anomaly Persistence,14,2017
2017-04-27,2017,4,14.082,15.82,14.672909090909092,2017-05-11,Anomaly Persistence,14,2017
2017-04-28,2017,4,14.19,15.89,14.699654545454546,2017-05-12,Anomaly Persistence,14,2017
2017-04-29,2017,4,14.346,15.91,14.756072727272729,2017-05-13,Anomaly Persistence,14,2017
2017-04-30,2017,4,14.57,15.88,14.874381818181817,2017-05-14,Anomaly Persistence,14,2017
2017-05-01,2017,5,14.926,15.79,15.0396,2017-05-15,Anomaly Persistence,14,2017
2017-05-02,2017,5,15.76,15.484,15.820599999999999,2017-05-16,Anomaly Persistence,14,2017
2017-05-03,2017,5,16.168,15.432,16.347399999999997,2017-05-17,Anomaly Persistence,14,2017
2017-05-04,2017,5,16.404,15.376,16.663,2017-05-18,Anomaly Persistence,14,2017
2017-05-05,2017,5,16.146,15.312,16.472,2017-05-19,Anomaly Persistence,14,2017
2017-05-06,2017,5,15.996,15.28,16.3498,2017-05-20,Anomaly Persistence,14,2017
2017-05-07,2017,5,15.892,15.27,16.230399999999996,2017-05-21,Anomaly Persistence,14,2017
2017-05-08,2017,5,15.9,15.25,16.2462,2017-05-22,Anomaly Persistence,14,2017
2017-05-09,2017,5,15.916,15.29,16.3334,2017-05-23,Anomaly Persistence,14,2017
2017-05-10,2017,5,15.872,15.25,16.352600000000002,2017-05-24,Anomaly Persistence,14,2017
2017-05-11,2017,5,15.82,15.366,16.3318,2017-05-25,Anomaly Persistence,14,2017
2017-05-12,2017,5,15.89,15.596,16.4692,2017-05-26,Anomaly Persistence,14,2017
2017-05-13,2017,5,15.91,15.896,16.6494,2017-05-27,Anomaly Persistence,14,2017
2017-05-14,2017,5,15.88,16.098,16.836800000000004,2017-05-28,Anomaly Persistence,14,2017
2017-05-15,2017,5,15.79,16.202,16.8376,2017-05-29,Anomaly Persistence,14,2017
2017-05-16,2017,5,15.484,16.21,16.5268,2017-05-30,Anomaly Persistence,14,2017
2017-05-17,2017,5,15.432,16.22,16.372,2017-05-31,Anomaly Persistence,14,2017
2017-05-18,2017,5,15.376,16.28,16.208945454545454,2017-06-01,Anomaly Persistence,14,2017
2017-05-19,2017,5,15.312,16.26,16.099400000000003,2017-06-02,Anomaly Persistence,14,2017
2017-05-20,2017,5,15.28,16.28,16.098272727272725,2017-06-03,Anomaly Persistence,14,2017
2017-05-21,2017,5,15.27,16.356,16.057327272727274,2017-06-04,Anomaly Persistence,14,2017
2017-05-22,2017,5,15.25,16.904,16.013090909090906,2017-06-05,Anomaly Persistence,14,2017
2017-05-23,2017,5,15.29,17.592,16.06538181818182,2017-06-06,Anomaly Persistence,14,2017
2017-05-24,2017,5,15.25,17.82,16.075054545454545,2017-06-07,Anomaly Persistence,14,2017
2017-05-25,2017,5,15.366,18.04,16.272381818181817,2017-06-08,Anomaly Persistence,14,2017
2017-05-26,2017,5,15.596,18.014,16.521872727272726,2017-06-09,Anomaly Persistence,14,2017
2017-05-27,2017,5,15.896,17.768,16.756163636363635,2017-06-10,Anomaly Persistence,14,2017
2017-05-28,2017,5,16.098,17.418,16.845545454545455,2017-06-11,Anomaly Persistence,14,2017
2017-05-29,2017,5,16.202,17.156,16.91903636363637,2017-06-12,Anomaly Persistence,14,2017
2017-05-30,2017,5,16.21,16.942,16.85318181818182,2017-06-13,Anomaly Persistence,14,2017
2017-05-31,2017,5,16.22,16.85,16.825563636363636,2017-06-14,Anomaly Persistence,14,2017
2017-06-01,2017,6,16.28,16.9,16.925818181818183,2017-06-15,Anomaly Persistence,14,2017
2017-06-02,2017,6,16.26,17.096,17.02690909090909,2017-06-16,Anomaly Persistence,14,2017
2017-06-03,2017,6,16.28,17.286,17.17836363636364,2017-06-17,Anomaly Persistence,14,2017
2017-06-04,2017,6,16.356,17.498,17.385272727272728,2017-06-18,Anomaly Persistence,14,2017
2017-06-05,2017,6,16.904,17.826,18.050363636363638,2017-06-19,Anomaly Persistence,14,2017
2017-06-06,2017,6,17.592,18.124,18.72081818181818,2017-06-20,Anomaly Persistence,14,2017
2017-06-07,2017,6,17.82,18.396,18.827272727272728,2017-06-21,Anomaly Persistence,14,2017
2017-06-08,2017,6,18.04,18.512,18.946545454545454,2017-06-22,Anomaly Persistence,14,2017
2017-06-09,2017,6,18.014,18.53,18.896,2017-06-23,Anomaly Persistence,14,2017
2017-06-10,2017,6,17.768,18.54,18.69781818181818,2017-06-24,Anomaly Persistence,14,2017
2017-06-11,2017,6,17.418,18.53,18.362363636363636,2017-06-25,Anomaly Persistence,14,2017
2017-06-12,2017,6,17.156,18.47,18.154909090909086,2017-06-26,Anomaly Persistence,14,2017
2017-06-13,2017,6,16.942,18.264,18.067818181818183,2017-06-27,Anomaly Persistence,14,2017
2017-06-14,2017,6,16.85,18.23,18.177818181818182,2017-06-28,Anomaly Persistence,14,2017
2017-06-15,2017,6,16.9,18.082,18.279454545454545,2017-06-29,Anomaly Persistence,14,2017
2017-06-16,2017,6,17.096,18.276,18.372727272727275,2017-06-30,Anomaly Persistence,14,2017
2017-06-17,2017,6,17.286,18.43,18.38986363636364,2017-07-01,Anomaly Persistence,14,2017
2017-06-18,2017,6,17.498,18.68,18.597333333333335,2017-07-02,Anomaly Persistence,14,2017
2017-06-19,2017,6,17.826,18.856,18.879712121212123,2017-07-03,Anomaly Persistence,14,2017
2017-06-20,2017,6,18.124,18.974,19.132499999999997,2017-07-04,Anomaly Persistence,14,2017
2017-06-21,2017,6,18.396,19.154,19.405272727272727,2017-07-05,Anomaly Persistence,14,2017
2017-06-22,2017,6,18.512,19.432,19.559772727272726,2017-07-06,Anomaly Persistence,14,2017
2017-06-23,2017,6,18.53,19.73,19.602393939393938,2017-07-07,Anomaly Persistence,14,2017
2017-06-24,2017,6,18.54,19.85,19.58748484848485,2017-07-08,Anomaly Persistence,14,2017
2017-06-25,2017,6,18.53,19.86,19.52109090909091,2017-07-09,Anomaly Persistence,14,2017
2017-06-26,2017,6,18.47,19.87,19.399454545454546,2017-07-10,Anomaly Persistence,14,2017
2017-06-27,2017,6,18.264,20.166,19.14333333333333,2017-07-11,Anomaly Persistence,14,2017
2017-06-28,2017,6,18.23,20.294,18.948818181818183,2017-07-12,Anomaly Persistence,14,2017
2017-06-29,2017,6,18.082,20.34,18.71968181818182,2017-07-13,Anomaly Persistence,14,2017
2017-06-30,2017,6,18.276,20.368,18.8585303030303,2017-07-14,Anomaly Persistence,14,2017
2017-07-01,2017,7,18.43,20.264,18.987833333333334,2017-07-15,Anomaly Persistence,14,2017
2017-07-02,2017,7,18.68,20.05,19.093,2017-07-16,Anomaly Persistence,14,2017
2017-07-03,2017,7,18.856,19.724,19.153166666666667,2017-07-17,Anomaly Persistence,14,2017
2017-07-04,2017,7,18.974,19.482,19.257416666666668,2017-07-18,Anomaly Persistence,14,2017
2017-07-05,2017,7,19.154,19.216,19.421166666666668,2017-07-19,Anomaly Persistence,14,2017
2017-07-06,2017,7,19.432,19.062,19.639666666666667,2017-07-20,Anomaly Persistence,14,2017
2017-07-07,2017,7,19.73,18.93,19.82366666666667,2017-07-21,Anomaly Persistence,14,2017
2017-07-08,2017,7,19.85,18.762,19.874000000000002,2017-07-22,Anomaly Persistence,14,2017
2017-07-09,2017,7,19.86,18.694,19.868666666666666,2017-07-23,Anomaly Persistence,14,2017
2017-07-10,2017,7,19.87,18.67,19.835333333333335,2017-07-24,Anomaly Persistence,14,2017
2017-07-11,2017,7,20.166,18.674,20.08516666666667,2017-07-25,Anomaly Persistence,14,2017
2017-07-12,2017,7,20.294,18.618,20.172333333333334,2017-07-26,Anomaly Persistence,14,2017
2017-07-13,2017,7,20.34,18.554,20.181833333333334,2017-07-27,Anomaly Persistence,14,2017
2017-07-14,2017,7,20.368,18.46,20.225333333333335,2017-07-28,Anomaly Persistence,14,2017
2017-07-15,2017,7,20.264,18.392,20.118333333333332,2017-07-29,Anomaly Persistence,14,2017
2017-07-16,2017,7,20.05,18.414,19.903166666666667,2017-07-30,Anomaly Persistence,14,2017
2017-07-17,2017,7,19.724,18.434,19.56233333333333,2017-07-31,Anomaly Persistence,14,2017
2017-07-18,2017,7,19.482,18.508,19.230719696969697,2017-08-01,Anomaly Persistence,14,2017
2017-07-19,2017,7,19.216,18.472,18.90101515151515,2017-08-02,Anomaly Persistence,14,2017
2017-07-20,2017,7,19.062,18.46,18.700742424242424,2017-08-03,Anomaly Persistence,14,2017
2017-07-21,2017,7,18.93,18.472,18.505757575757574,2017-08-04,Anomaly Persistence,14,2017
2017-07-22,2017,7,18.762,18.59,18.32342424242424,2017-08-05,Anomaly Persistence,14,2017
2017-07-23,2017,7,18.694,18.624,18.232878787878786,2017-08-06,Anomaly Persistence,14,2017
2017-07-24,2017,7,18.67,18.56,18.217030303030306,2017-08-07,Anomaly Persistence,14,2017
2017-07-25,2017,7,18.674,18.526,18.213136363636362,2017-08-08,Anomaly Persistence,14,2017
2017-07-26,2017,7,18.618,18.542,18.146848484848483,2017-08-09,Anomaly Persistence,14,2017
2017-07-27,2017,7,18.554,18.696,18.08630303030303,2017-08-10,Anomaly Persistence,14,2017
2017-07-28,2017,7,18.46,18.986,17.982499999999998,2017-08-11,Anomaly Persistence,14,2017
2017-07-29,2017,7,18.392,19.608,17.93651515151515,2017-08-12,Anomaly Persistence,14,2017
2017-07-30,2017,7,18.414,20.202,18.017045454545457,2017-08-13,Anomaly Persistence,14,2017
2017-07-31,2017,7,18.434,20.728,18.124424242424244,2017-08-14,Anomaly Persistence,14,2017
2017-08-01,2017,8,18.508,20.826,18.294909090909087,2017-08-15,Anomaly Persistence,14,2017
2017-08-02,2017,8,18.472,20.83,18.346000000000004,2017-08-16,Anomaly Persistence,14,2017
2017-08-03,2017,8,18.46,20.698,18.41672727272727,2017-08-17,Anomaly Persistence,14,2017
2017-08-04,2017,8,18.472,20.476,18.54909090909091,2017-08-18,Anomaly Persistence,14,2017
2017-08-05,2017,8,18.59,20.24,18.70709090909091,2017-08-19,Anomaly Persistence,14,2017
2017-08-06,2017,8,18.624,20.048,18.78681818181818,2017-08-20,Anomaly Persistence,14,2017
2017-08-07,2017,8,18.56,19.88,18.774363636363635,2017-08-21,Anomaly Persistence,14,2017
2017-08-08,2017,8,18.526,19.73,18.777454545454543,2017-08-22,Anomaly Persistence,14,2017
2017-08-09,2017,8,18.542,19.53,18.818,2017-08-23,Anomaly Persistence,14,2017
2017-08-10,2017,8,18.696,19.436,18.994363636363637,2017-08-24,Anomaly Persistence,14,2017
2017-08-11,2017,8,18.986,19.304,19.259636363636368,2017-08-25,Anomaly Persistence,14,2017
2017-08-12,2017,8,19.608,19.136,19.824727272727277,2017-08-26,Anomaly Persistence,14,2017
2017-08-13,2017,8,20.202,18.998,20.343090909090908,2017-08-27,Anomaly Persistence,14,2017
2017-08-14,2017,8,20.728,18.972,20.820363636363638,2017-08-28,Anomaly Persistence,14,2017
2017-08-15,2017,8,20.826,18.826,20.91018181818182,2017-08-29,Anomaly Persistence,14,2017
2017-08-16,2017,8,20.83,18.72,20.870181818181816,2017-08-30,Anomaly Persistence,14,2017
2017-08-17,2017,8,20.698,18.568,20.668909090909093,2017-08-31,Anomaly Persistence,14,2017
2017-08-18,2017,8,20.476,18.472,20.24381818181818,2017-09-01,Anomaly Persistence,14,2017
2017-08-19,2017,8,20.24,18.544,19.947636363636363,2017-09-02,Anomaly Persistence,14,2017
2017-08-20,2017,8,20.048,18.576,19.703818181818182,2017-09-03,Anomaly Persistence,14,2017
2017-08-21,2017,8,19.88,18.566,19.461999999999996,2017-09-04,Anomaly Persistence,14,2017
2017-08-22,2017,8,19.73,18.58,19.289636363636365,2017-09-05,Anomaly Persistence,14,2017
2017-08-23,2017,8,19.53,18.6,19.113818181818182,2017-09-06,Anomaly Persistence,14,2017
2017-08-24,2017,8,19.436,18.65,19.04818181818182,2017-09-07,Anomaly Persistence,14,2017
2017-08-25,2017,8,19.304,18.76,18.98054545454545,2017-09-08,Anomaly Persistence,14,2017
2017-08-26,2017,8,19.136,18.892,18.88163636363636,2017-09-09,Anomaly Persistence,14,2017
2017-08-27,2017,8,18.998,19.076,18.772545454545458,2017-09-10,Anomaly Persistence,14,2017
2017-08-28,2017,8,18.972,19.334,18.748545454545457,2017-09-11,Anomaly Persistence,14,2017
2017-08-29,2017,8,18.826,19.378,18.618727272727273,2017-09-12,Anomaly Persistence,14,2017
2017-08-30,2017,8,18.72,19.256,18.511090909090907,2017-09-13,Anomaly Persistence,14,2017
2017-08-31,2017,8,18.568,19.132,18.361090909090912,2017-09-14,Anomaly Persistence,14,2017
2017-09-01,2017,9,18.472,19.008,18.45709090909091,2017-09-15,Anomaly Persistence,14,2017
2017-09-02,2017,9,18.544,18.912,18.563636363636363,2017-09-16,Anomaly Persistence,14,2017
2017-09-03,2017,9,18.576,18.732,18.640363636363634,2017-09-17,Anomaly Persistence,14,2017
2017-09-04,2017,9,18.566,18.53,18.62527272727273,2017-09-18,Anomaly Persistence,14,2017
2017-09-05,2017,9,18.58,18.356,18.60181818181818,2017-09-19,Anomaly Persistence,14,2017
2017-09-06,2017,9,18.6,18.25,18.599818181818183,2017-09-20,Anomaly Persistence,14,2017
2017-09-07,2017,9,18.65,18.158,18.543272727272726,2017-09-21,Anomaly Persistence,14,2017
2017-09-08,2017,9,18.76,18.064,18.60690909090909,2017-09-22,Anomaly Persistence,14,2017
2017-09-09,2017,9,18.892,18.072,18.704,2017-09-23,Anomaly Persistence,14,2017
2017-09-10,2017,9,19.076,17.942,18.86490909090909,2017-09-24,Anomaly Persistence,14,2017
2017-09-11,2017,9,19.334,17.866,19.078909090909093,2017-09-25,Anomaly Persistence,14,2017
2017-09-12,2017,9,19.378,17.85,19.087636363636367,2017-09-26,Anomaly Persistence,14,2017
2017-09-13,2017,9,19.256,17.95,19.06127272727273,2017-09-27,Anomaly Persistence,14,2017
2017-09-14,2017,9,19.132,18.042,18.99236363636364,2017-09-28,Anomaly Persistence,14,2017
2017-09-15,2017,9,19.008,18.05,18.821636363636365,2017-09-29,Anomaly Persistence,14,2017
2017-09-16,2017,9,18.912,18.116,18.70490909090909,2017-09-30,Anomaly Persistence,14,2017
2017-09-17,2017,9,18.732,18.238,18.493636363636366,2017-10-01,Anomaly Persistence,14,2017
2017-09-18,2017,9,18.53,18.502,18.1132,2017-10-02,Anomaly Persistence,14,2017
2017-09-19,2017,9,18.356,18.55,17.861654545454545,2017-10-03,Anomaly Persistence,14,2017
2017-09-20,2017,9,18.25,18.396,17.62478181818182,2017-10-04,Anomaly Persistence,14,2017
2017-09-21,2017,9,18.158,18.226,17.431545454545454,2017-10-05,Anomaly Persistence,14,2017
2017-09-22,2017,9,18.064,18.126,17.179309090909094,2017-10-06,Anomaly Persistence,14,2017
2017-09-23,2017,9,18.072,18.162,17.078654545454544,2017-10-07,Anomaly Persistence,14,2017
2017-09-24,2017,9,17.942,18.246,16.90630909090909,2017-10-08,Anomaly Persistence,14,2017
2017-09-25,2017,9,17.866,18.308,16.852890909090906,2017-10-09,Anomaly Persistence,14,2017
2017-09-26,2017,9,17.85,18.284,16.76330909090909,2017-10-10,Anomaly Persistence,14,2017
2017-09-27,2017,9,17.95,18.066,16.671672727272725,2017-10-11,Anomaly Persistence,14,2017
2017-09-28,2017,9,18.042,17.778,16.6186,2017-10-12,Anomaly Persistence,14,2017
2017-09-29,2017,9,18.05,17.504,16.525072727272725,2017-10-13,Anomaly Persistence,14,2017
2017-09-30,2017,9,18.116,17.326,16.576436363636365,2017-10-14,Anomaly Persistence,14,2017
2017-10-01,2017,10,18.238,17.092,16.71641818181818,2017-10-15,Anomaly Persistence,14,2017
2017-10-02,2017,10,18.502,17.036,17.1762,2017-10-16,Anomaly Persistence,14,2017
2017-10-03,2017,10,18.55,16.998,17.305400000000002,2017-10-17,Anomaly Persistence,14,2017
2017-10-04,2017,10,18.396,16.932,17.2036,2017-10-18,Anomaly Persistence,14,2017
2017-10-05,2017,10,18.226,16.896,17.1296,2017-10-19,Anomaly Persistence,14,2017
2017-10-06,2017,10,18.126,16.892,17.0882,2017-10-20,Anomaly Persistence,14,2017
2017-10-07,2017,10,18.162,17.158,17.159,2017-10-21,Anomaly Persistence,14,2017
2017-10-08,2017,10,18.246,17.352,17.2264,2017-10-22,Anomaly Persistence,14,2017
2017-10-09,2017,10,18.308,17.182,17.1816,2017-10-23,Anomaly Persistence,14,2017
2017-10-10,2017,10,18.284,16.96,17.1162,2017-10-24,Anomaly Persistence,14,2017
2017-10-11,2017,10,18.066,16.774,16.925199999999997,2017-10-25,Anomaly Persistence,14,2017
2017-10-12,2017,10,17.778,16.676,16.688399999999998,2017-10-26,Anomaly Persistence,14,2017
2017-10-13,2017,10,17.504,16.664,16.477400000000003,2017-10-27,Anomaly Persistence,14,2017
2017-10-14,2017,10,17.326,16.688,16.293,2017-10-28,Anomaly Persistence,14,2017
2017-10-15,2017,10,17.092,16.834,16.029200000000003,2017-10-29,Anomaly Persistence,14,2017
2017-10-16,2017,10,17.036,16.932,15.971,2017-10-30,Anomaly Persistence,14,2017
2017-10-17,2017,10,16.998,16.996,15.9246,2017-10-31,Anomaly Persistence,14,2017
2017-10-18,2017,10,16.932,16.838,15.961072727272724,2017-11-01,Anomaly Persistence,14,2017
2017-10-19,2017,10,16.896,16.544,15.974233333333334,2017-11-02,Anomaly Persistence,14,2017
2017-10-20,2017,10,16.892,16.29,16.017066666666665,2017-11-03,Anomaly Persistence,14,2017
2017-10-21,2017,10,17.158,16.114,16.317133333333338,2017-11-04,Anomaly Persistence,14,2017
2017-10-22,2017,10,17.352,15.952,16.51653333333333,2017-11-05,Anomaly Persistence,14,2017
2017-10-23,2017,10,17.182,15.828,16.385933333333334,2017-11-06,Anomaly Persistence,14,2017
2017-10-24,2017,10,16.96,15.698,16.2104,2017-11-07,Anomaly Persistence,14,2017
2017-10-25,2017,10,16.774,15.656,16.0629,2017-11-08,Anomaly Persistence,14,2017
2017-10-26,2017,10,16.676,15.432,15.948833333333333,2017-11-09,Anomaly Persistence,14,2017
2017-10-27,2017,10,16.664,15.32,15.927633333333334,2017-11-10,Anomaly Persistence,14,2017
2017-10-28,2017,10,16.688,15.274,15.942366666666667,2017-11-11,Anomaly Persistence,14,2017
2017-10-29,2017,10,16.834,15.268,16.075699999999998,2017-11-12,Anomaly Persistence,14,2017
2017-10-30,2017,10,16.932,15.216,16.156599999999997,2017-11-13,Anomaly Persistence,14,2017
2017-10-31,2017,10,16.996,15.152,16.2018,2017-11-14,Anomaly Persistence,14,2017
2017-11-01,2017,11,16.838,15.058,15.965060606060607,2017-11-15,Anomaly Persistence,14,2017
2017-11-02,2017,11,16.544,15.004,15.663333333333332,2017-11-16,Anomaly Persistence,14,2017
2017-11-03,2017,11,16.29,14.92,15.417666666666666,2017-11-17,Anomaly Persistence,14,2017
2017-11-04,2017,11,16.114,14.872,15.2395,2017-11-18,Anomaly Persistence,14,2017
2017-11-05,2017,11,15.952,14.79,15.110999999999999,2017-11-19,Anomaly Persistence,14,2017
2017-11-06,2017,11,15.828,14.736,15.030666666666665,2017-11-20,Anomaly Persistence,14,2017
2017-11-07,2017,11,15.698,14.694,14.940666666666667,2017-11-21,Anomaly Persistence,14,2017
2017-11-08,2017,11,15.656,14.616,14.9265,2017-11-22,Anomaly Persistence,14,2017
2017-11-09,2017,11,15.432,14.51,14.74725,2017-11-23,Anomaly Persistence,14,2017
2017-11-10,2017,11,15.32,14.412,14.678333333333333,2017-11-24,Anomaly Persistence,14,2017
2017-11-11,2017,11,15.274,14.398,14.70283333333333,2017-11-25,Anomaly Persistence,14,2017
2017-11-12,2017,11,15.268,14.324,14.715833333333332,2017-11-26,Anomaly Persistence,14,2017
2017-11-13,2017,11,15.216,14.27,14.669666666666664,2017-11-27,Anomaly Persistence,14,2017
2017-11-14,2017,11,15.152,14.27,14.61133333333333,2017-11-28,Anomaly Persistence,14,2017
2017-11-15,2017,11,15.058,14.26,14.539333333333335,2017-11-29,Anomaly Persistence,14,2017
2017-11-16,2017,11,15.004,14.226,14.496833333333335,2017-11-30,Anomaly Persistence,14,2017
2017-11-17,2017,11,14.92,14.186,14.472848484848484,2017-12-01,Anomaly Persistence,14,2017
2017-11-18,2017,11,14.872,14.164,14.433530303030302,2017-12-02,Anomaly Persistence,14,2017
2017-11-19,2017,11,14.79,14.126,14.361121212121212,2017-12-03,Anomaly Persistence,14,2017
2017-11-20,2017,11,14.736,14.104,14.309090909090912,2017-12-04,Anomaly Persistence,14,2017
2017-11-21,2017,11,14.694,14.09,14.272151515151515,2017-12-05,Anomaly Persistence,14,2017
2017-11-22,2017,11,14.616,14.08,14.203545454545456,2017-12-06,Anomaly Persistence,14,2017
2017-11-23,2017,11,14.51,14.07,14.105280303030304,2017-12-07,Anomaly Persistence,14,2017
2017-11-24,2017,11,14.412,14.05,14.00410606060606,2017-12-08,Anomaly Persistence,14,2017
2017-11-25,2017,11,14.398,14.014,13.955727272727275,2017-12-09,Anomaly Persistence,14,2017
2017-11-26,2017,11,14.324,13.96,13.875939393939396,2017-12-10,Anomaly Persistence,14,2017
2017-11-27,2017,11,14.27,13.95,13.82751515151515,2017-12-11,Anomaly Persistence,14,2017
2017-11-28,2017,11,14.27,13.922,13.841212121212122,2017-12-12,Anomaly Persistence,14,2017
2017-11-29,2017,11,14.26,13.876,13.84051515151515,2017-12-13,Anomaly Persistence,14,2017
2017-11-30,2017,11,14.226,13.844,13.823363636363638,2017-12-14,Anomaly Persistence,14,2017
2017-12-01,2017,12,14.186,13.81,13.748909090909091,2017-12-15,Anomaly Persistence,14,2017
2017-12-02,2017,12,14.164,13.79,13.740181818181819,2017-12-16,Anomaly Persistence,14,2017
2017-12-03,2017,12,14.126,13.764,13.716818181818182,2017-12-17,Anomaly Persistence,14,2017
2017-12-04,2017,12,14.104,13.732,13.70581818181818,2017-12-18,Anomaly Persistence,14,2017
2017-12-05,2017,12,14.09,13.72,13.701636363636364,2017-12-19,Anomaly Persistence,14,2017
2017-12-06,2017,12,14.08,13.71,13.694727272727272,2017-12-20,Anomaly Persistence,14,2017
2017-12-07,2017,12,14.07,13.684,13.688181818181818,2017-12-21,Anomaly Persistence,14,2017
2017-12-08,2017,12,14.05,13.65,13.680000000000001,2017-12-22,Anomaly Persistence,14,2017
2017-12-09,2017,12,14.014,13.62,13.654909090909088,2017-12-23,Anomaly Persistence,14,2017
2017-12-10,2017,12,13.96,13.61,13.615454545454545,2017-12-24,Anomaly Persistence,14,2017
2017-12-11,2017,12,13.95,13.59,13.615454545454547,2017-12-25,Anomaly Persistence,14,2017
2017-12-12,2017,12,13.922,13.554,13.596727272727273,2017-12-26,Anomaly Persistence,14,2017
2017-12-13,2017,12,13.876,13.52,13.56272727272727,2017-12-27,Anomaly Persistence,14,2017
2017-12-14,2017,12,13.844,13.504,13.534363636363635,2017-12-28,Anomaly Persistence,14,2017
2017-12-15,2017,12,13.81,13.464,13.506,2017-12-29,Anomaly Persistence,14,2017
2017-12-16,2017,12,13.79,13.45,13.49290909090909,2017-12-30,Anomaly Persistence,14,2017
2017-12-17,2017,12,13.764,13.42,13.45981818181818,2017-12-31,Anomaly Persistence,14,2017
2017-12-18,2017,12,13.732,13.394,13.440257575757574,2018-01-01,Anomaly Persistence,14,2017
2017-12-19,2017,12,13.72,13.36,13.419045454545454,2018-01-02,Anomaly Persistence,14,2017
2017-12-20,2017,12,13.71,13.34,13.413227272727273,2018-01-03,Anomaly Persistence,14,2017
2017-12-21,2017,12,13.684,13.316,13.39362121212121,2018-01-04,Anomaly Persistence,14,2017
2017-12-22,2017,12,13.65,13.286,13.354060606060607,2018-01-05,Anomaly Persistence,14,2017
2017-12-23,2017,12,13.62,13.26,13.322363636363637,2018-01-06,Anomaly Persistence,14,2017
2017-12-24,2017,12,13.61,13.234,13.314272727272726,2018-01-07,Anomaly Persistence,14,2017
2017-12-25,2017,12,13.59,13.21,13.292196969696969,2018-01-08,Anomaly Persistence,14,2017
2017-12-26,2017,12,13.554,13.186,13.25539393939394,2018-01-09,Anomaly Persistence,14,2017
2017-12-27,2017,12,13.52,13.154,13.22059090909091,2018-01-10,Anomaly Persistence,14,2017
2017-12-28,2017,12,13.504,13.13,13.20985606060606,2018-01-11,Anomaly Persistence,14,2017
2017-12-29,2017,12,13.464,13.13,13.175242424242425,2018-01-12,Anomaly Persistence,14,2017
2017-12-30,2017,12,13.45,13.12,13.16696212121212,2018-01-13,Anomaly Persistence,14,2017
2017-12-31,2017,12,13.42,13.094,13.148242424242424,2018-01-14,Anomaly Persistence,14,2017
2018-01-01,2018,1,13.394,13.066,13.120083333333334,2018-01-15,Anomaly Persistence,14,2018
2018-01-02,2018,1,13.36,13.06,13.097166666666666,2018-01-16,Anomaly Persistence,14,2018
2018-01-03,2018,1,13.34,13.05,13.081666666666667,2018-01-17,Anomaly Persistence,14,2018
2018-01-04,2018,1,13.316,13.03,13.058833333333336,2018-01-18,Anomaly Persistence,14,2018
2018-01-05,2018,1,13.286,13.03,13.037166666666668,2018-01-19,Anomaly Persistence,14,2018
2018-01-06,2018,1,13.26,13.02,13.014333333333331,2018-01-20,Anomaly Persistence,14,2018
2018-01-07,2018,1,13.234,12.986,12.986,2018-01-21,Anomaly Persistence,14,2018
2018-01-08,2018,1,13.21,12.938,12.963166666666668,2018-01-22,Anomaly Persistence,14,2018
2018-01-09,2018,1,13.186,12.92,12.942833333333333,2018-01-23,Anomaly Persistence,14,2018
2018-01-10,2018,1,13.154,12.92,12.920999999999998,2018-01-24,Anomaly Persistence,14,2018
2018-01-11,2018,1,13.13,12.91,12.898416666666666,2018-01-25,Anomaly Persistence,14,2018
2018-01-12,2018,1,13.13,12.9,12.897333333333334,2018-01-26,Anomaly Persistence,14,2018
2018-01-13,2018,1,13.12,12.88,12.888416666666666,2018-01-27,Anomaly Persistence,14,2018
2018-01-14,2018,1,13.094,12.866,12.869333333333334,2018-01-28,Anomaly Persistence,14,2018
2018-01-15,2018,1,13.066,12.84,12.843250000000001,2018-01-29,Anomaly Persistence,14,2018
2018-01-16,2018,1,13.06,12.82,12.8475,2018-01-30,Anomaly Persistence,14,2018
2018-01-17,2018,1,13.05,12.81,12.842833333333335,2018-01-31,Anomaly Persistence,14,2018
2018-01-18,2018,1,13.03,12.8,12.854272727272726,2018-02-01,Anomaly Persistence,14,2018
2018-01-19,2018,1,13.03,12.79,12.852045454545454,2018-02-02,Anomaly Persistence,14,2018
2018-01-20,2018,1,13.02,12.79,12.846757575757575,2018-02-03,Anomaly Persistence,14,2018
2018-01-21,2018,1,12.986,12.78,12.820454545454545,2018-02-04,Anomaly Persistence,14,2018
2018-01-22,2018,1,12.938,12.78,12.783000000000001,2018-02-05,Anomaly Persistence,14,2018
2018-01-23,2018,1,12.92,12.77,12.770136363636363,2018-02-06,Anomaly Persistence,14,2018
2018-01-24,2018,1,12.92,12.75,12.76968181818182,2018-02-07,Anomaly Persistence,14,2018
2018-01-25,2018,1,12.91,12.73,12.761363636363637,2018-02-08,Anomaly Persistence,14,2018
2018-01-26,2018,1,12.9,12.71,12.753424242424241,2018-02-09,Anomaly Persistence,14,2018
2018-01-27,2018,1,12.88,12.7,12.737166666666669,2018-02-10,Anomaly Persistence,14,2018
2018-01-28,2018,1,12.866,12.69,12.723333333333333,2018-02-11,Anomaly Persistence,14,2018
2018-01-29,2018,1,12.84,12.69,12.695500000000001,2018-02-12,Anomaly Persistence,14,2018
2018-01-30,2018,1,12.82,12.68,12.669742424242424,2018-02-13,Anomaly Persistence,14,2018
2018-01-31,2018,1,12.81,12.68,12.656636363636364,2018-02-14,Anomaly Persistence,14,2018
2018-02-01,2018,2,12.8,12.668,12.623818181818182,2018-02-15,Anomaly Persistence,14,2018
2018-02-02,2018,2,12.79,12.57,12.614909090909087,2018-02-16,Anomaly Persistence,14,2018
2018-02-03,2018,2,12.79,12.48,12.61490909090909,2018-02-17,Anomaly Persistence,14,2018
2018-02-04,2018,2,12.78,12.4,12.610545454545454,2018-02-18,Anomaly Persistence,14,2018
2018-02-05,2018,2,12.78,12.434,12.625454545454543,2018-02-19,Anomaly Persistence,14,2018
2018-02-06,2018,2,12.77,12.44,12.636909090909091,2018-02-20,Anomaly Persistence,14,2018
2018-02-07,2018,2,12.75,12.42,12.62709090909091,2018-02-21,Anomaly Persistence,14,2018
2018-02-08,2018,2,12.73,12.398,12.607454545454548,2018-02-22,Anomaly Persistence,14,2018
2018-02-09,2018,2,12.71,12.354,12.588000000000003,2018-02-23,Anomaly Persistence,14,2018
2018-02-10,2018,2,12.7,12.34,12.578181818181816,2018-02-24,Anomaly Persistence,14,2018
2018-02-11,2018,2,12.69,12.34,12.57890909090909,2018-02-25,Anomaly Persistence,14,2018
2018-02-12,2018,2,12.69,12.34,12.601999999999997,2018-02-26,Anomaly Persistence,14,2018
2018-02-13,2018,2,12.68,12.36,12.620545454545455,2018-02-27,Anomaly Persistence,14,2018
2018-02-14,2018,2,12.68,12.38,12.649090909090908,2018-02-28,Anomaly Persistence,14,2018
2018-02-15,2018,2,12.668,12.38,12.65309090909091,2018-03-01,Anomaly Persistence,14,2018
2018-02-16,2018,2,12.57,12.38,12.575818181818185,2018-03-02,Anomaly Persistence,14,2018
2018-02-17,2018,2,12.48,12.37,12.526545454545456,2018-03-03,Anomaly Persistence,14,2018
2018-02-18,2018,2,12.4,12.35,12.46618181818182,2018-03-04,Anomaly Persistence,14,2018
2018-02-19,2018,2,12.434,12.35,12.49781818181818,2018-03-05,Anomaly Persistence,14,2018
2018-02-20,2018,2,12.44,12.35,12.507090909090907,2018-03-06,Anomaly Persistence,14,2018
2018-02-21,2018,2,12.42,12.36,12.49963636363636,2018-03-07,Anomaly Persistence,14,2018
2018-02-22,2018,2,12.398,12.372,12.507636363636362,2018-03-08,Anomaly Persistence,14,2018
2018-02-23,2018,2,12.354,12.406,12.495636363636363,2018-03-09,Anomaly Persistence,14,2018
2018-02-24,2018,2,12.34,12.41,12.50381818181818,2018-03-10,Anomaly Persistence,14,2018
2018-02-25,2018,2,12.34,12.446,12.507636363636365,2018-03-11,Anomaly Persistence,14,2018
2018-02-26,2018,2,12.34,12.474,12.512545454545457,2018-03-12,Anomaly Persistence,14,2018
2018-02-27,2018,2,12.36,12.626,12.571090909090909,2018-03-13,Anomaly Persistence,14,2018
2018-02-28,2018,2,12.38,12.664,12.61781818181818,2018-03-14,Anomaly Persistence,14,2018
2018-03-01,2018,3,12.38,12.708,12.628,2018-03-15,Anomaly Persistence,14,2018
2018-03-02,2018,3,12.38,12.734,12.61890909090909,2018-03-16,Anomaly Persistence,14,2018
2018-03-03,2018,3,12.37,12.738,12.570545454545455,2018-03-17,Anomaly Persistence,14,2018
2018-03-04,2018,3,12.35,12.686,12.536363636363637,2018-03-18,Anomaly Persistence,14,2018
2018-03-05,2018,3,12.35,12.608,12.54618181818182,2018-03-19,Anomaly Persistence,14,2018
2018-03-06,2018,3,12.35,12.518,12.551454545454547,2018-03-20,Anomaly Persistence,14,2018
2018-03-07,2018,3,12.36,12.484,12.558909090909092,2018-03-21,Anomaly Persistence,14,2018
2018-03-08,2018,3,12.372,12.444,12.56,2018-03-22,Anomaly Persistence,14,2018
2018-03-09,2018,3,12.406,12.442,12.583636363636364,2018-03-23,Anomaly Persistence,14,2018
2018-03-10,2018,3,12.41,12.478,12.600727272727275,2018-03-24,Anomaly Persistence,14,2018
2018-03-11,2018,3,12.446,12.534,12.673818181818183,2018-03-25,Anomaly Persistence,14,2018
2018-03-12,2018,3,12.474,12.63,12.72490909090909,2018-03-26,Anomaly Persistence,14,2018
2018-03-13,2018,3,12.626,12.738,12.878727272727271,2018-03-27,Anomaly Persistence,14,2018
2018-03-14,2018,3,12.664,12.76,12.954727272727274,2018-03-28,Anomaly Persistence,14,2018
2018-03-15,2018,3,12.708,12.73,13.021454545454544,2018-03-29,Anomaly Persistence,14,2018
2018-03-16,2018,3,12.734,12.734,13.063454545454544,2018-03-30,Anomaly Persistence,14,2018
2018-03-17,2018,3,12.738,12.826,13.105818181818181,2018-03-31,Anomaly Persistence,14,2018
2018-03-18,2018,3,12.686,12.95,13.107272727272726,2018-04-01,Anomaly Persistence,14,2018
2018-03-19,2018,3,12.608,13.082,13.083636363636364,2018-04-02,Anomaly Persistence,14,2018
2018-03-20,2018,3,12.518,13.124,13.036000000000001,2018-04-03,Anomaly Persistence,14,2018
2018-03-21,2018,3,12.484,13.13,13.032181818181819,2018-04-04,Anomaly Persistence,14,2018
2018-03-22,2018,3,12.444,13.13,13.024727272727272,2018-04-05,Anomaly Persistence,14,2018
2018-03-23,2018,3,12.442,13.11,13.054636363636364,2018-04-06,Anomaly Persistence,14,2018
2018-03-24,2018,3,12.478,13.084,13.13509090909091,2018-04-07,Anomaly Persistence,14,2018
2018-03-25,2018,3,12.534,13.07,13.241272727272728,2018-04-08,Anomaly Persistence,14,2018
2018-03-26,2018,3,12.63,13.07,13.406727272727275,2018-04-09,Anomaly Persistence,14,2018
2018-03-27,2018,3,12.738,13.08,13.537999999999998,2018-04-10,Anomaly Persistence,14,2018
2018-03-28,2018,3,12.76,13.068,13.503454545454545,2018-04-11,Anomaly Persistence,14,2018
2018-03-29,2018,3,12.73,13.06,13.442363636363638,2018-04-12,Anomaly Persistence,14,2018
2018-03-30,2018,3,12.734,13.088,13.46309090909091,2018-04-13,Anomaly Persistence,14,2018
2018-03-31,2018,3,12.826,13.18,13.558727272727273,2018-04-14,Anomaly Persistence,14,2018
2018-04-01,2018,4,12.95,13.328,13.702909090909092,2018-04-15,Anomaly Persistence,14,2018
2018-04-02,2018,4,13.082,13.422,13.840181818181819,2018-04-16,Anomaly Persistence,14,2018
2018-04-03,2018,4,13.124,13.462,13.869818181818182,2018-04-17,Anomaly Persistence,14,2018
2018-04-04,2018,4,13.13,13.508,13.87,2018-04-18,Anomaly Persistence,14,2018
2018-04-05,2018,4,13.13,13.58,13.85709090909091,2018-04-19,Anomaly Persistence,14,2018
2018-04-06,2018,4,13.11,13.838,13.901363636363635,2018-04-20,Anomaly Persistence,14,2018
2018-04-07,2018,4,13.084,14.13,13.900363636363636,2018-04-21,Anomaly Persistence,14,2018
2018-04-08,2018,4,13.07,14.334,13.886,2018-04-22,Anomaly Persistence,14,2018
2018-04-09,2018,4,13.07,14.368,13.803090909090908,2018-04-23,Anomaly Persistence,14,2018
2018-04-10,2018,4,13.08,14.254,13.777818181818184,2018-04-24,Anomaly Persistence,14,2018
2018-04-11,2018,4,13.068,14.12,13.780999999999999,2018-04-25,Anomaly Persistence,14,2018
2018-04-12,2018,4,13.06,14.052,13.859636363636364,2018-04-26,Anomaly Persistence,14,2018
2018-04-13,2018,4,13.088,14.024,14.020363636363635,2018-04-27,Anomaly Persistence,14,2018
2018-04-14,2018,4,13.18,14.032,14.16890909090909,2018-04-28,Anomaly Persistence,14,2018
2018-04-15,2018,4,13.328,14.128,14.279999999999998,2018-04-29,Anomaly Persistence,14,2018
2018-04-16,2018,4,13.422,14.306,14.352545454545455,2018-04-30,Anomaly Persistence,14,2018
2018-04-17,2018,4,13.462,14.402,14.506490909090907,2018-05-01,Anomaly Persistence,14,2018
2018-04-18,2018,4,13.508,14.43,14.6256,2018-05-02,Anomaly Persistence,14,2018
2018-04-19,2018,4,13.58,14.434,14.668127272727274,2018-05-03,Anomaly Persistence,14,2018
2018-04-20,2018,4,13.838,14.296,14.838236363636362,2018-05-04,Anomaly Persistence,14,2018
2018-04-21,2018,4,14.13,14.228,15.044418181818182,2018-05-05,Anomaly Persistence,14,2018
2018-04-22,2018,4,14.334,14.152,15.161563636363637,2018-05-06,Anomaly Persistence,14,2018
2018-04-23,2018,4,14.368,14.14,15.221727272727273,2018-05-07,Anomaly Persistence,14,2018
2018-04-24,2018,4,14.254,14.13,15.10670909090909,2018-05-08,Anomaly Persistence,14,2018
2018-04-25,2018,4,14.12,14.166,14.941672727272726,2018-05-09,Anomaly Persistence,14,2018
2018-04-26,2018,4,14.052,14.218,14.790163636363635,2018-05-10,Anomaly Persistence,14,2018
2018-04-27,2018,4,14.024,14.42,14.61490909090909,2018-05-11,Anomaly Persistence,14,2018
2018-04-28,2018,4,14.032,14.546,14.541654545454547,2018-05-12,Anomaly Persistence,14,2018
2018-04-29,2018,4,14.128,14.56,14.538072727272729,2018-05-13,Anomaly Persistence,14,2018
2018-04-30,2018,4,14.306,14.57,14.610381818181816,2018-05-14,Anomaly Persistence,14,2018
2018-05-01,2018,5,14.402,14.588,14.5156,2018-05-15,Anomaly Persistence,14,2018
2018-05-02,2018,5,14.43,14.712,14.490599999999999,2018-05-16,Anomaly Persistence,14,2018
2018-05-03,2018,5,14.434,14.972,14.613399999999997,2018-05-17,Anomaly Persistence,14,2018
2018-05-04,2018,5,14.296,15.076,14.555,2018-05-18,Anomaly Persistence,14,2018
2018-05-05,2018,5,14.228,14.988,14.553999999999998,2018-05-19,Anomaly Persistence,14,2018
2018-05-06,2018,5,14.152,14.832,14.505799999999997,2018-05-20,Anomaly Persistence,14,2018
2018-05-07,2018,5,14.14,14.72,14.478399999999999,2018-05-21,Anomaly Persistence,14,2018
2018-05-08,2018,5,14.13,14.664,14.476200000000002,2018-05-22,Anomaly Persistence,14,2018
2018-05-09,2018,5,14.166,14.632,14.583400000000001,2018-05-23,Anomaly Persistence,14,2018
2018-05-10,2018,5,14.218,14.572,14.698600000000003,2018-05-24,Anomaly Persistence,14,2018
2018-05-11,2018,5,14.42,14.564,14.9318,2018-05-25,Anomaly Persistence,14,2018
2018-05-12,2018,5,14.546,14.868,15.1252,2018-05-26,Anomaly Persistence,14,2018
2018-05-13,2018,5,14.56,15.12,15.299400000000002,2018-05-27,Anomaly Persistence,14,2018
2018-05-14,2018,5,14.57,15.4,15.526800000000001,2018-05-28,Anomaly Persistence,14,2018
2018-05-15,2018,5,14.588,15.656,15.635599999999998,2018-05-29,Anomaly Persistence,14,2018
2018-05-16,2018,5,14.712,16.088,15.7548,2018-05-30,Anomaly Persistence,14,2018
2018-05-17,2018,5,14.972,16.376,15.912,2018-05-31,Anomaly Persistence,14,2018
2018-05-18,2018,5,15.076,16.568,15.908945454545455,2018-06-01,Anomaly Persistence,14,2018
2018-05-19,2018,5,14.988,16.72,15.775400000000003,2018-06-02,Anomaly Persistence,14,2018
2018-05-20,2018,5,14.832,16.856,15.650272727272727,2018-06-03,Anomaly Persistence,14,2018
2018-05-21,2018,5,14.72,16.764,15.507327272727276,2018-06-04,Anomaly Persistence,14,2018
2018-05-22,2018,5,14.664,16.484,15.427090909090905,2018-06-05,Anomaly Persistence,14,2018
2018-05-23,2018,5,14.632,16.262,15.40738181818182,2018-06-06,Anomaly Persistence,14,2018
2018-05-24,2018,5,14.572,16.086,15.397054545454544,2018-06-07,Anomaly Persistence,14,2018
2018-05-25,2018,5,14.564,15.96,15.470381818181817,2018-06-08,Anomaly Persistence,14,2018
2018-05-26,2018,5,14.868,15.844,15.793872727272726,2018-06-09,Anomaly Persistence,14,2018
2018-05-27,2018,5,15.12,15.79,15.980163636363633,2018-06-10,Anomaly Persistence,14,2018
2018-05-28,2018,5,15.4,15.77,16.147545454545458,2018-06-11,Anomaly Persistence,14,2018
2018-05-29,2018,5,15.656,15.77,16.373036363636366,2018-06-12,Anomaly Persistence,14,2018
2018-05-30,2018,5,16.088,15.748,16.73118181818182,2018-06-13,Anomaly Persistence,14,2018
2018-05-31,2018,5,16.376,15.71,16.98156363636364,2018-06-14,Anomaly Persistence,14,2018
2018-06-01,2018,6,16.568,15.86,17.213818181818183,2018-06-15,Anomaly Persistence,14,2018
2018-06-02,2018,6,16.72,16.182,17.486909090909087,2018-06-16,Anomaly Persistence,14,2018
2018-06-03,2018,6,16.856,16.462,17.75436363636364,2018-06-17,Anomaly Persistence,14,2018
2018-06-04,2018,6,16.764,16.95,17.793272727272726,2018-06-18,Anomaly Persistence,14,2018
2018-06-05,2018,6,16.484,17.622,17.63036363636364,2018-06-19,Anomaly Persistence,14,2018
2018-06-06,2018,6,16.262,17.992,17.390818181818183,2018-06-20,Anomaly Persistence,14,2018
2018-06-07,2018,6,16.086,18.072,17.093272727272726,2018-06-21,Anomaly Persistence,14,2018
2018-06-08,2018,6,15.96,18.1,16.866545454545456,2018-06-22,Anomaly Persistence,14,2018
2018-06-09,2018,6,15.844,18.082,16.726,2018-06-23,Anomaly Persistence,14,2018
2018-06-10,2018,6,15.79,18.018,16.71981818181818,2018-06-24,Anomaly Persistence,14,2018
2018-06-11,2018,6,15.77,17.972,16.714363636363636,2018-06-25,Anomaly Persistence,14,2018
2018-06-12,2018,6,15.77,18.062,16.768909090909087,2018-06-26,Anomaly Persistence,14,2018
2018-06-13,2018,6,15.748,18.046,16.87381818181818,2018-06-27,Anomaly Persistence,14,2018
2018-06-14,2018,6,15.71,17.948,17.03781818181818,2018-06-28,Anomaly Persistence,14,2018
2018-06-15,2018,6,15.86,17.852,17.239454545454546,2018-06-29,Anomaly Persistence,14,2018
2018-06-16,2018,6,16.182,17.804,17.458727272727273,2018-06-30,Anomaly Persistence,14,2018
2018-06-17,2018,6,16.462,17.8,17.565863636363638,2018-07-01,Anomaly Persistence,14,2018
2018-06-18,2018,6,16.95,18.078,18.049333333333333,2018-07-02,Anomaly Persistence,14,2018
2018-06-19,2018,6,17.622,18.436,18.675712121212122,2018-07-03,Anomaly Persistence,14,2018
2018-06-20,2018,6,17.992,18.504,19.0005,2018-07-04,Anomaly Persistence,14,2018
2018-06-21,2018,6,18.072,18.77,19.081272727272726,2018-07-05,Anomaly Persistence,14,2018
2018-06-22,2018,6,18.1,19.164,19.147772727272727,2018-07-06,Anomaly Persistence,14,2018
2018-06-23,2018,6,18.082,19.492,19.154393939393938,2018-07-07,Anomaly Persistence,14,2018
2018-06-24,2018,6,18.018,19.494,19.06548484848485,2018-07-08,Anomaly Persistence,14,2018
2018-06-25,2018,6,17.972,19.474,18.96309090909091,2018-07-09,Anomaly Persistence,14,2018
2018-06-26,2018,6,18.062,19.38,18.99145454545455,2018-07-10,Anomaly Persistence,14,2018
2018-06-27,2018,6,18.046,19.126,18.92533333333333,2018-07-11,Anomaly Persistence,14,2018
2018-06-28,2018,6,17.948,18.892,18.666818181818183,2018-07-12,Anomaly Persistence,14,2018
2018-06-29,2018,6,17.852,18.74,18.48968181818182,2018-07-13,Anomaly Persistence,14,2018
2018-06-30,2018,6,17.804,18.71,18.3865303030303,2018-07-14,Anomaly Persistence,14,2018
2018-07-01,2018,7,17.8,18.734,18.357833333333335,2018-07-15,Anomaly Persistence,14,2018
2018-07-02,2018,7,18.078,18.8,18.491,2018-07-16,Anomaly Persistence,14,2018
2018-07-03,2018,7,18.436,18.848,18.733166666666666,2018-07-17,Anomaly Persistence,14,2018
2018-07-04,2018,7,18.504,18.832,18.78741666666667,2018-07-18,Anomaly Persistence,14,2018
2018-07-05,2018,7,18.77,18.758,19.037166666666668,2018-07-19,Anomaly Persistence,14,2018
2018-07-06,2018,7,19.164,18.672,19.37166666666667,2018-07-20,Anomaly Persistence,14,2018
2018-07-07,2018,7,19.492,18.564,19.585666666666672,2018-07-21,Anomaly Persistence,14,2018
2018-07-08,2018,7,19.494,18.48,19.518,2018-07-22,Anomaly Persistence,14,2018
2018-07-09,2018,7,19.474,18.432,19.482666666666667,2018-07-23,Anomaly Persistence,14,2018
2018-07-10,2018,7,19.38,18.416,19.345333333333333,2018-07-24,Anomaly Persistence,14,2018
2018-07-11,2018,7,19.126,18.438,19.04516666666667,2018-07-25,Anomaly Persistence,14,2018
2018-07-12,2018,7,18.892,18.41,18.770333333333333,2018-07-26,Anomaly Persistence,14,2018
2018-07-13,2018,7,18.74,18.4,18.581833333333332,2018-07-27,Anomaly Persistence,14,2018
2018-07-14,2018,7,18.71,18.41,18.567333333333337,2018-07-28,Anomaly Persistence,14,2018
2018-07-15,2018,7,18.734,18.408,18.588333333333335,2018-07-29,Anomaly Persistence,14,2018
2018-07-16,2018,7,18.8,18.39,18.653166666666667,2018-07-30,Anomaly Persistence,14,2018
2018-07-17,2018,7,18.848,18.38,18.68633333333333,2018-07-31,Anomaly Persistence,14,2018
2018-07-18,2018,7,18.832,18.442,18.580719696969698,2018-08-01,Anomaly Persistence,14,2018
2018-07-19,2018,7,18.758,18.652,18.443015151515148,2018-08-02,Anomaly Persistence,14,2018
2018-07-20,2018,7,18.672,18.936,18.310742424242424,2018-08-03,Anomaly Persistence,14,2018
2018-07-21,2018,7,18.564,19.036,18.139757575757574,2018-08-04,Anomaly Persistence,14,2018
2018-07-22,2018,7,18.48,19.112,18.04142424242424,2018-08-05,Anomaly Persistence,14,2018
2018-07-23,2018,7,18.432,19.13,17.970878787878785,2018-08-06,Anomaly Persistence,14,2018
2018-07-24,2018,7,18.416,19.186,17.963030303030305,2018-08-07,Anomaly Persistence,14,2018
2018-07-25,2018,7,18.438,19.216,17.97713636363636,2018-08-08,Anomaly Persistence,14,2018
2018-07-26,2018,7,18.41,19.184,17.938848484848485,2018-08-09,Anomaly Persistence,14,2018
2018-07-27,2018,7,18.4,19.06,17.93230303030303,2018-08-10,Anomaly Persistence,14,2018
2018-07-28,2018,7,18.41,18.906,17.932499999999997,2018-08-11,Anomaly Persistence,14,2018
2018-07-29,2018,7,18.408,18.79,17.95251515151515,2018-08-12,Anomaly Persistence,14,2018
2018-07-30,2018,7,18.39,18.76,17.993045454545456,2018-08-13,Anomaly Persistence,14,2018
2018-07-31,2018,7,18.38,18.762,18.07042424242424,2018-08-14,Anomaly Persistence,14,2018
2018-08-01,2018,8,18.442,18.83,18.228909090909088,2018-08-15,Anomaly Persistence,14,2018
2018-08-02,2018,8,18.652,18.85,18.526000000000003,2018-08-16,Anomaly Persistence,14,2018
2018-08-03,2018,8,18.936,18.848,18.89272727272727,2018-08-17,Anomaly Persistence,14,2018
2018-08-04,2018,8,19.036,18.818,19.11309090909091,2018-08-18,Anomaly Persistence,14,2018
2018-08-05,2018,8,19.112,18.738,19.229090909090907,2018-08-19,Anomaly Persistence,14,2018
2018-08-06,2018,8,19.13,18.656,19.29281818181818,2018-08-20,Anomaly Persistence,14,2018
2018-08-07,2018,8,19.186,18.538,19.400363636363636,2018-08-21,Anomaly Persistence,14,2018
2018-08-08,2018,8,19.216,18.41,19.467454545454544,2018-08-22,Anomaly Persistence,14,2018
2018-08-09,2018,8,19.184,18.294,19.46,2018-08-23,Anomaly Persistence,14,2018
2018-08-10,2018,8,19.06,18.28,19.358363636363634,2018-08-24,Anomaly Persistence,14,2018
2018-08-11,2018,8,18.906,18.26,19.179636363636366,2018-08-25,Anomaly Persistence,14,2018
2018-08-12,2018,8,18.79,18.26,19.006727272727275,2018-08-26,Anomaly Persistence,14,2018
2018-08-13,2018,8,18.76,18.27,18.901090909090907,2018-08-27,Anomaly Persistence,14,2018
2018-08-14,2018,8,18.762,18.27,18.854363636363637,2018-08-28,Anomaly Persistence,14,2018
2018-08-15,2018,8,18.83,18.29,18.914181818181817,2018-08-29,Anomaly Persistence,14,2018
2018-08-16,2018,8,18.85,18.362,18.89018181818182,2018-08-30,Anomaly Persistence,14,2018
2018-08-17,2018,8,18.848,18.474,18.81890909090909,2018-08-31,Anomaly Persistence,14,2018
2018-08-18,2018,8,18.818,18.63,18.585818181818183,2018-09-01,Anomaly Persistence,14,2018
2018-08-19,2018,8,18.738,18.694,18.445636363636364,2018-09-02,Anomaly Persistence,14,2018
2018-08-20,2018,8,18.656,18.714,18.311818181818182,2018-09-03,Anomaly Persistence,14,2018
2018-08-21,2018,8,18.538,18.854,18.119999999999997,2018-09-04,Anomaly Persistence,14,2018
2018-08-22,2018,8,18.41,18.906,17.969636363636365,2018-09-05,Anomaly Persistence,14,2018
2018-08-23,2018,8,18.294,18.866,17.87781818181818,2018-09-06,Anomaly Persistence,14,2018
2018-08-24,2018,8,18.28,18.85,17.89218181818182,2018-09-07,Anomaly Persistence,14,2018
2018-08-25,2018,8,18.26,18.82,17.936545454545453,2018-09-08,Anomaly Persistence,14,2018
2018-08-26,2018,8,18.26,18.73,18.005636363636363,2018-09-09,Anomaly Persistence,14,2018
2018-08-27,2018,8,18.27,18.642,18.044545454545457,2018-09-10,Anomaly Persistence,14,2018
2018-08-28,2018,8,18.27,18.722,18.046545454545456,2018-09-11,Anomaly Persistence,14,2018
2018-08-29,2018,8,18.29,19.06,18.082727272727272,2018-09-12,Anomaly Persistence,14,2018
2018-08-30,2018,8,18.362,19.256,18.153090909090906,2018-09-13,Anomaly Persistence,14,2018
2018-08-31,2018,8,18.474,19.28,18.26709090909091,2018-09-14,Anomaly Persistence,14,2018
2018-09-01,2018,9,18.63,19.4,18.615090909090906,2018-09-15,Anomaly Persistence,14,2018
2018-09-02,2018,9,18.694,19.504,18.71363636363636,2018-09-16,Anomaly Persistence,14,2018
2018-09-03,2018,9,18.714,19.558,18.778363636363633,2018-09-17,Anomaly Persistence,14,2018
2018-09-04,2018,9,18.854,19.558,18.91327272727273,2018-09-18,Anomaly Persistence,14,2018
2018-09-05,2018,9,18.906,19.586,18.927818181818182,2018-09-19,Anomaly Persistence,14,2018
2018-09-06,2018,9,18.866,19.54,18.86581818181818,2018-09-20,Anomaly Persistence,14,2018
2018-09-07,2018,9,18.85,19.302,18.74327272727273,2018-09-21,Anomaly Persistence,14,2018
2018-09-08,2018,9,18.82,19.098,18.66690909090909,2018-09-22,Anomaly Persistence,14,2018
2018-09-09,2018,9,18.73,18.694,18.542,2018-09-23,Anomaly Persistence,14,2018
2018-09-10,2018,9,18.642,18.364,18.43090909090909,2018-09-24,Anomaly Persistence,14,2018
2018-09-11,2018,9,18.722,18.082,18.466909090909095,2018-09-25,Anomaly Persistence,14,2018
2018-09-12,2018,9,19.06,17.994,18.769636363636366,2018-09-26,Anomaly Persistence,14,2018
2018-09-13,2018,9,19.256,18.144,19.06127272727273,2018-09-27,Anomaly Persistence,14,2018
2018-09-14,2018,9,19.28,18.276,19.140363636363638,2018-09-28,Anomaly Persistence,14,2018
2018-09-15,2018,9,19.4,18.288,19.213636363636365,2018-09-29,Anomaly Persistence,14,2018
2018-09-16,2018,9,19.504,18.182,19.296909090909093,2018-09-30,Anomaly Persistence,14,2018
2018-09-17,2018,9,19.558,18.054,19.319636363636366,2018-10-01,Anomaly Persistence,14,2018
2018-09-18,2018,9,19.558,17.942,19.141199999999998,2018-10-02,Anomaly Persistence,14,2018
2018-09-19,2018,9,19.586,17.862,19.091654545454542,2018-10-03,Anomaly Persistence,14,2018
2018-09-20,2018,9,19.54,17.782,18.91478181818182,2018-10-04,Anomaly Persistence,14,2018
2018-09-21,2018,9,19.302,17.606,18.575545454545452,2018-10-05,Anomaly Persistence,14,2018
2018-09-22,2018,9,19.098,17.488,18.213309090909092,2018-10-06,Anomaly Persistence,14,2018
2018-09-23,2018,9,18.694,17.344,17.700654545454544,2018-10-07,Anomaly Persistence,14,2018
2018-09-24,2018,9,18.364,17.208,17.32830909090909,2018-10-08,Anomaly Persistence,14,2018
2018-09-25,2018,9,18.082,17.078,17.068890909090907,2018-10-09,Anomaly Persistence,14,2018
2018-09-26,2018,9,17.994,16.894,16.907309090909088,2018-10-10,Anomaly Persistence,14,2018
2018-09-27,2018,9,18.144,16.69,16.865672727272724,2018-10-11,Anomaly Persistence,14,2018
2018-09-28,2018,9,18.276,16.56,16.8526,2018-10-12,Anomaly Persistence,14,2018
2018-09-29,2018,9,18.288,16.41,16.763072727272725,2018-10-13,Anomaly Persistence,14,2018
2018-09-30,2018,9,18.182,16.272,16.642436363636364,2018-10-14,Anomaly Persistence,14,2018
2018-10-01,2018,10,18.054,16.18,16.53241818181818,2018-10-15,Anomaly Persistence,14,2018
2018-10-02,2018,10,17.942,16.074,16.616200000000003,2018-10-16,Anomaly Persistence,14,2018
2018-10-03,2018,10,17.862,15.976,16.6174,2018-10-17,Anomaly Persistence,14,2018
2018-10-04,2018,10,17.782,15.882,16.5896,2018-10-18,Anomaly Persistence,14,2018
2018-10-05,2018,10,17.606,15.872,16.509600000000002,2018-10-19,Anomaly Persistence,14,2018
2018-10-06,2018,10,17.488,15.97,16.4502,2018-10-20,Anomaly Persistence,14,2018
2018-10-07,2018,10,17.344,16.004,16.341,2018-10-21,Anomaly Persistence,14,2018
2018-10-08,2018,10,17.208,15.892,16.1884,2018-10-22,Anomaly Persistence,14,2018
2018-10-09,2018,10,17.078,15.73,15.9516,2018-10-23,Anomaly Persistence,14,2018
2018-10-10,2018,10,16.894,15.526,15.726199999999999,2018-10-24,Anomaly Persistence,14,2018
2018-10-11,2018,10,16.69,15.402,15.5492,2018-10-25,Anomaly Persistence,14,2018
2018-10-12,2018,10,16.56,15.408,15.470399999999998,2018-10-26,Anomaly Persistence,14,2018
2018-10-13,2018,10,16.41,15.406,15.383400000000002,2018-10-27,Anomaly Persistence,14,2018
2018-10-14,2018,10,16.272,15.262,15.238999999999997,2018-10-28,Anomaly Persistence,14,2018
2018-10-15,2018,10,16.18,15.134,15.117200000000002,2018-10-29,Anomaly Persistence,14,2018
2018-10-16,2018,10,16.074,15.036,15.009,2018-10-30,Anomaly Persistence,14,2018
2018-10-17,2018,10,15.976,14.956,14.9026,2018-10-31,Anomaly Persistence,14,2018
2018-10-18,2018,10,15.882,14.87,14.911072727272725,2018-11-01,Anomaly Persistence,14,2018
2018-10-19,2018,10,15.872,14.81,14.950233333333333,2018-11-02,Anomaly Persistence,14,2018
2018-10-20,2018,10,15.97,14.724,15.095066666666668,2018-11-03,Anomaly Persistence,14,2018
2018-10-21,2018,10,16.004,14.688,15.163133333333336,2018-11-04,Anomaly Persistence,14,2018
2018-10-22,2018,10,15.892,14.596,15.05653333333333,2018-11-05,Anomaly Persistence,14,2018
2018-10-23,2018,10,15.73,14.514,14.933933333333334,2018-11-06,Anomaly Persistence,14,2018
2018-10-24,2018,10,15.526,14.494,14.7764,2018-11-07,Anomaly Persistence,14,2018
2018-10-25,2018,10,15.402,14.54,14.6909,2018-11-08,Anomaly Persistence,14,2018
2018-10-26,2018,10,15.408,14.51,14.680833333333334,2018-11-09,Anomaly Persistence,14,2018
2018-10-27,2018,10,15.406,14.472,14.669633333333334,2018-11-10,Anomaly Persistence,14,2018
2018-10-28,2018,10,15.262,14.44,14.516366666666668,2018-11-11,Anomaly Persistence,14,2018
2018-10-29,2018,10,15.134,14.47,14.375699999999998,2018-11-12,Anomaly Persistence,14,2018
2018-10-30,2018,10,15.036,14.5,14.260599999999998,2018-11-13,Anomaly Persistence,14,2018
2018-10-31,2018,10,14.956,14.498,14.161800000000001,2018-11-14,Anomaly Persistence,14,2018
2018-11-01,2018,11,14.87,14.406,13.997060606060606,2018-11-15,Anomaly Persistence,14,2018
2018-11-02,2018,11,14.81,14.3,13.929333333333332,2018-11-16,Anomaly Persistence,14,2018
2018-11-03,2018,11,14.724,14.238,13.851666666666667,2018-11-17,Anomaly Persistence,14,2018
2018-11-04,2018,11,14.688,14.186,13.8135,2018-11-18,Anomaly Persistence,14,2018
2018-11-05,2018,11,14.596,14.132,13.754999999999999,2018-11-19,Anomaly Persistence,14,2018
2018-11-06,2018,11,14.514,14.078,13.716666666666665,2018-11-20,Anomaly Persistence,14,2018
2018-11-07,2018,11,14.494,14.056,13.736666666666666,2018-11-21,Anomaly Persistence,14,2018
2018-11-08,2018,11,14.54,14.05,13.8105,2018-11-22,Anomaly Persistence,14,2018
2018-11-09,2018,11,14.51,14.072,13.825249999999999,2018-11-23,Anomaly Persistence,14,2018
2018-11-10,2018,11,14.472,14.15,13.830333333333332,2018-11-24,Anomaly Persistence,14,2018
2018-11-11,2018,11,14.44,14.196,13.868833333333331,2018-11-25,Anomaly Persistence,14,2018
2018-11-12,2018,11,14.47,14.154,13.917833333333332,2018-11-26,Anomaly Persistence,14,2018
2018-11-13,2018,11,14.5,14.044,13.953666666666665,2018-11-27,Anomaly Persistence,14,2018
2018-11-14,2018,11,14.498,13.95,13.957333333333331,2018-11-28,Anomaly Persistence,14,2018
2018-11-15,2018,11,14.406,13.88,13.887333333333336,2018-11-29,Anomaly Persistence,14,2018
2018-11-16,2018,11,14.3,13.84,13.792833333333336,2018-11-30,Anomaly Persistence,14,2018
2018-11-17,2018,11,14.238,13.836,13.790848484848484,2018-12-01,Anomaly Persistence,14,2018
2018-11-18,2018,11,14.186,13.798,13.747530303030302,2018-12-02,Anomaly Persistence,14,2018
2018-11-19,2018,11,14.132,13.746,13.703121212121212,2018-12-03,Anomaly Persistence,14,2018
2018-11-20,2018,11,14.078,13.73,13.651090909090911,2018-12-04,Anomaly Persistence,14,2018
2018-11-21,2018,11,14.056,13.676,13.634151515151514,2018-12-05,Anomaly Persistence,14,2018
2018-11-22,2018,11,14.05,13.63,13.637545454545457,2018-12-06,Anomaly Persistence,14,2018
2018-11-23,2018,11,14.072,13.58,13.667280303030303,2018-12-07,Anomaly Persistence,14,2018
2018-11-24,2018,11,14.15,13.57,13.74210606060606,2018-12-08,Anomaly Persistence,14,2018
2018-11-25,2018,11,14.196,13.522,13.753727272727275,2018-12-09,Anomaly Persistence,14,2018
2018-11-26,2018,11,14.154,13.474,13.705939393939396,2018-12-10,Anomaly Persistence,14,2018
2018-11-27,2018,11,14.044,13.456,13.601515151515152,2018-12-11,Anomaly Persistence,14,2018
2018-11-28,2018,11,13.95,13.418,13.521212121212121,2018-12-12,Anomaly Persistence,14,2018
2018-11-29,2018,11,13.88,13.372,13.460515151515152,2018-12-13,Anomaly Persistence,14,2018
2018-11-30,2018,11,13.84,13.34,13.437363636363637,2018-12-14,Anomaly Persistence,14,2018
2018-12-01,2018,12,13.836,13.312,13.398909090909092,2018-12-15,Anomaly Persistence,14,2018
2018-12-02,2018,12,13.798,13.268,13.37418181818182,2018-12-16,Anomaly Persistence,14,2018
2018-12-03,2018,12,13.746,13.246,13.336818181818183,2018-12-17,Anomaly Persistence,14,2018
2018-12-04,2018,12,13.73,13.21,13.331818181818182,2018-12-18,Anomaly Persistence,14,2018
2018-12-05,2018,12,13.676,13.202,13.287636363636365,2018-12-19,Anomaly Persistence,14,2018
2018-12-06,2018,12,13.63,13.16,13.244727272727273,2018-12-20,Anomaly Persistence,14,2018
2018-12-07,2018,12,13.58,13.15,13.198181818181817,2018-12-21,Anomaly Persistence,14,2018
2018-12-08,2018,12,13.57,13.15,13.200000000000001,2018-12-22,Anomaly Persistence,14,2018
2018-12-09,2018,12,13.522,13.14,13.16290909090909,2018-12-23,Anomaly Persistence,14,2018
2018-12-10,2018,12,13.474,13.14,13.129454545454545,2018-12-24,Anomaly Persistence,14,2018
2018-12-11,2018,12,13.456,13.116,13.121454545454547,2018-12-25,Anomaly Persistence,14,2018
2018-12-12,2018,12,13.418,13.11,13.092727272727272,2018-12-26,Anomaly Persistence,14,2018
2018-12-13,2018,12,13.372,13.11,13.058727272727271,2018-12-27,Anomaly Persistence,14,2018
2018-12-14,2018,12,13.34,13.11,13.030363636363635,2018-12-28,Anomaly Persistence,14,2018
2018-12-15,2018,12,13.312,13.1,13.008,2018-12-29,Anomaly Persistence,14,2018
2018-12-16,2018,12,13.268,13.08,12.97090909090909,2018-12-30,Anomaly Persistence,14,2018
2018-12-17,2018,12,13.246,13.02,12.941818181818181,2018-12-31,Anomaly Persistence,14,2018
2018-12-18,2018,12,13.21,12.982,12.918257575757575,2019-01-01,Anomaly Persistence,14,2018
2018-12-19,2018,12,13.202,12.934,12.901045454545454,2019-01-02,Anomaly Persistence,14,2018
2018-12-20,2018,12,13.16,12.92,12.863227272727272,2019-01-03,Anomaly Persistence,14,2018
2018-12-21,2018,12,13.15,12.902,12.859621212121212,2019-01-04,Anomaly Persistence,14,2018
2018-12-22,2018,12,13.15,12.88,12.854060606060607,2019-01-05,Anomaly Persistence,14,2018
2018-12-23,2018,12,13.14,12.844,12.842363636363638,2019-01-06,Anomaly Persistence,14,2018
2018-12-24,2018,12,13.14,12.814,12.844272727272728,2019-01-07,Anomaly Persistence,14,2018
2018-12-25,2018,12,13.116,12.786,12.818196969696968,2019-01-08,Anomaly Persistence,14,2018
2018-12-26,2018,12,13.11,12.764,12.81139393939394,2019-01-09,Anomaly Persistence,14,2018
2018-12-27,2018,12,13.11,12.736,12.81059090909091,2019-01-10,Anomaly Persistence,14,2018
2018-12-28,2018,12,13.11,12.72,12.81585606060606,2019-01-11,Anomaly Persistence,14,2018
2018-12-29,2018,12,13.1,12.704,12.811242424242424,2019-01-12,Anomaly Persistence,14,2018
2018-12-30,2018,12,13.08,12.676,12.79696212121212,2019-01-13,Anomaly Persistence,14,2018
2018-12-31,2018,12,13.02,12.654,12.748242424242424,2019-01-14,Anomaly Persistence,14,2018
2019-01-01,2019,1,12.982,12.636,12.708083333333333,2019-01-15,Anomaly Persistence,14,2019
2019-01-02,2019,1,12.934,12.604,12.671166666666666,2019-01-16,Anomaly Persistence,14,2019
2019-01-03,2019,1,12.92,12.594,12.661666666666667,2019-01-17,Anomaly Persistence,14,2019
2019-01-04,2019,1,12.902,12.574,12.644833333333334,2019-01-18,Anomaly Persistence,14,2019
2019-01-05,2019,1,12.88,12.57,12.631166666666669,2019-01-19,Anomaly Persistence,14,2019
2019-01-06,2019,1,12.844,12.542,12.598333333333331,2019-01-20,Anomaly Persistence,14,2019
2019-01-07,2019,1,12.814,12.504,12.566,2019-01-21,Anomaly Persistence,14,2019
2019-01-08,2019,1,12.786,12.486,12.539166666666667,2019-01-22,Anomaly Persistence,14,2019
2019-01-09,2019,1,12.764,12.456,12.520833333333332,2019-01-23,Anomaly Persistence,14,2019
2019-01-10,2019,1,12.736,12.436,12.502999999999998,2019-01-24,Anomaly Persistence,14,2019
2019-01-11,2019,1,12.72,12.408,12.488416666666666,2019-01-25,Anomaly Persistence,14,2019
2019-01-12,2019,1,12.704,12.364,12.471333333333334,2019-01-26,Anomaly Persistence,14,2019
2019-01-13,2019,1,12.676,12.352,12.444416666666667,2019-01-27,Anomaly Persistence,14,2019
2019-01-14,2019,1,12.654,12.35,12.429333333333334,2019-01-28,Anomaly Persistence,14,2019
2019-01-15,2019,1,12.636,12.344,12.41325,2019-01-29,Anomaly Persistence,14,2019
2019-01-16,2019,1,12.604,12.326,12.391499999999999,2019-01-30,Anomaly Persistence,14,2019
2019-01-17,2019,1,12.594,12.32,12.386833333333334,2019-01-31,Anomaly Persistence,14,2019
2019-01-18,2019,1,12.574,12.304,12.398272727272726,2019-02-01,Anomaly Persistence,14,2019
2019-01-19,2019,1,12.57,12.276,12.392045454545455,2019-02-02,Anomaly Persistence,14,2019
2019-01-20,2019,1,12.542,12.264,12.368757575757575,2019-02-03,Anomaly Persistence,14,2019
2019-01-21,2019,1,12.504,12.26,12.338454545454544,2019-02-04,Anomaly Persistence,14,2019
2019-01-22,2019,1,12.486,12.246,12.331000000000001,2019-02-05,Anomaly Persistence,14,2019
2019-01-23,2019,1,12.456,12.234,12.306136363636362,2019-02-06,Anomaly Persistence,14,2019
2019-01-24,2019,1,12.436,12.228,12.28568181818182,2019-02-07,Anomaly Persistence,14,2019
2019-01-25,2019,1,12.408,12.21,12.259363636363636,2019-02-08,Anomaly Persistence,14,2019
2019-01-26,2019,1,12.364,12.208,12.217424242424242,2019-02-09,Anomaly Persistence,14,2019
2019-01-27,2019,1,12.352,12.186,12.209166666666668,2019-02-10,Anomaly Persistence,14,2019
2019-01-28,2019,1,12.35,12.174,12.207333333333333,2019-02-11,Anomaly Persistence,14,2019
2019-01-29,2019,1,12.344,12.166,12.1995,2019-02-12,Anomaly Persistence,14,2019
2019-01-30,2019,1,12.326,12.15,12.175742424242424,2019-02-13,Anomaly Persistence,14,2019
2019-01-31,2019,1,12.32,12.146,12.166636363636364,2019-02-14,Anomaly Persistence,14,2019
2019-02-01,2019,2,12.304,12.142,12.127818181818181,2019-02-15,Anomaly Persistence,14,2019
2019-02-02,2019,2,12.276,12.13,12.100909090909088,2019-02-16,Anomaly Persistence,14,2019
2019-02-03,2019,2,12.264,12.12,12.088909090909091,2019-02-17,Anomaly Persistence,14,2019
2019-02-04,2019,2,12.26,12.12,12.090545454545454,2019-02-18,Anomaly Persistence,14,2019
2019-02-05,2019,2,12.246,12.12,12.091454545454544,2019-02-19,Anomaly Persistence,14,2019
2019-02-06,2019,2,12.234,12.156,12.100909090909092,2019-02-20,Anomaly Persistence,14,2019
2019-02-07,2019,2,12.228,12.17,12.10509090909091,2019-02-21,Anomaly Persistence,14,2019
2019-02-08,2019,2,12.21,12.156,12.087454545454548,2019-02-22,Anomaly Persistence,14,2019
2019-02-09,2019,2,12.208,12.14,12.086000000000002,2019-02-23,Anomaly Persistence,14,2019
2019-02-10,2019,2,12.186,12.144,12.064181818181817,2019-02-24,Anomaly Persistence,14,2019
2019-02-11,2019,2,12.174,12.144,12.06290909090909,2019-02-25,Anomaly Persistence,14,2019
2019-02-12,2019,2,12.166,12.162,12.077999999999998,2019-02-26,Anomaly Persistence,14,2019
2019-02-13,2019,2,12.15,12.212,12.090545454545456,2019-02-27,Anomaly Persistence,14,2019
2019-02-14,2019,2,12.146,12.286,12.11509090909091,2019-02-28,Anomaly Persistence,14,2019
2019-02-15,2019,2,12.142,12.31,12.12709090909091,2019-03-01,Anomaly Persistence,14,2019
2019-02-16,2019,2,12.13,12.28,12.135818181818186,2019-03-02,Anomaly Persistence,14,2019
2019-02-17,2019,2,12.12,12.26,12.166545454545455,2019-03-03,Anomaly Persistence,14,2019
2019-02-18,2019,2,12.12,12.26,12.186181818181819,2019-03-04,Anomaly Persistence,14,2019
2019-02-19,2019,2,12.12,12.27,12.18381818181818,2019-03-05,Anomaly Persistence,14,2019
2019-02-20,2019,2,12.156,12.38,12.223090909090908,2019-03-06,Anomaly Persistence,14,2019
2019-02-21,2019,2,12.17,12.5,12.24963636363636,2019-03-07,Anomaly Persistence,14,2019
2019-02-22,2019,2,12.156,12.6,12.265636363636363,2019-03-08,Anomaly Persistence,14,2019
2019-02-23,2019,2,12.14,12.66,12.281636363636364,2019-03-09,Anomaly Persistence,14,2019
2019-02-24,2019,2,12.144,12.69,12.307818181818181,2019-03-10,Anomaly Persistence,14,2019
2019-02-25,2019,2,12.144,12.65,12.311636363636365,2019-03-11,Anomaly Persistence,14,2019
2019-02-26,2019,2,12.162,12.6,12.334545454545458,2019-03-12,Anomaly Persistence,14,2019
2019-02-27,2019,2,12.212,12.57,12.42309090909091,2019-03-13,Anomaly Persistence,14,2019
2019-02-28,2019,2,12.286,12.56,12.523818181818179,2019-03-14,Anomaly Persistence,14,2019
2019-03-01,2019,3,12.31,12.56,12.558,2019-03-15,Anomaly Persistence,14,2019
2019-03-02,2019,3,12.28,12.55,12.518909090909089,2019-03-16,Anomaly Persistence,14,2019
2019-03-03,2019,3,12.26,12.53,12.460545454545455,2019-03-17,Anomaly Persistence,14,2019
2019-03-04,2019,3,12.26,12.51,12.446363636363637,2019-03-18,Anomaly Persistence,14,2019
2019-03-05,2019,3,12.27,12.47,12.46618181818182,2019-03-19,Anomaly Persistence,14,2019
2019-03-06,2019,3,12.38,12.44,12.581454545454548,2019-03-20,Anomaly Persistence,14,2019
2019-03-07,2019,3,12.5,12.42,12.698909090909092,2019-03-21,Anomaly Persistence,14,2019
2019-03-08,2019,3,12.6,12.42,12.788,2019-03-22,Anomaly Persistence,14,2019
2019-03-09,2019,3,12.66,12.414,12.837636363636364,2019-03-23,Anomaly Persistence,14,2019
2019-03-10,2019,3,12.69,12.502,12.880727272727274,2019-03-24,Anomaly Persistence,14,2019
2019-03-11,2019,3,12.65,12.648,12.877818181818183,2019-03-25,Anomaly Persistence,14,2019
2019-03-12,2019,3,12.6,12.748,12.85090909090909,2019-03-26,Anomaly Persistence,14,2019
2019-03-13,2019,3,12.57,12.808,12.822727272727272,2019-03-27,Anomaly Persistence,14,2019
2019-03-14,2019,3,12.56,12.81,12.850727272727275,2019-03-28,Anomaly Persistence,14,2019
2019-03-15,2019,3,12.56,12.814,12.873454545454544,2019-03-29,Anomaly Persistence,14,2019
2019-03-16,2019,3,12.55,12.842,12.879454545454545,2019-03-30,Anomaly Persistence,14,2019
2019-03-17,2019,3,12.53,12.796,12.897818181818181,2019-03-31,Anomaly Persistence,14,2019
2019-03-18,2019,3,12.51,12.79,12.931272727272725,2019-04-01,Anomaly Persistence,14,2019
2019-03-19,2019,3,12.47,12.836,12.945636363636364,2019-04-02,Anomaly Persistence,14,2019
2019-03-20,2019,3,12.44,12.878,12.958,2019-04-03,Anomaly Persistence,14,2019
2019-03-21,2019,3,12.42,12.946,12.968181818181819,2019-04-04,Anomaly Persistence,14,2019
2019-03-22,2019,3,12.42,12.988,13.000727272727271,2019-04-05,Anomaly Persistence,14,2019
2019-03-23,2019,3,12.414,12.99,13.026636363636364,2019-04-06,Anomaly Persistence,14,2019
2019-03-24,2019,3,12.502,13.034,13.15909090909091,2019-04-07,Anomaly Persistence,14,2019
2019-03-25,2019,3,12.648,13.046,13.355272727272727,2019-04-08,Anomaly Persistence,14,2019
2019-03-26,2019,3,12.748,13.158,13.524727272727274,2019-04-09,Anomaly Persistence,14,2019
2019-03-27,2019,3,12.808,13.33,13.607999999999999,2019-04-10,Anomaly Persistence,14,2019
2019-03-28,2019,3,12.81,13.458,13.553454545454546,2019-04-11,Anomaly Persistence,14,2019
2019-03-29,2019,3,12.814,13.464,13.526363636363637,2019-04-12,Anomaly Persistence,14,2019
2019-03-30,2019,3,12.842,13.394,13.57109090909091,2019-04-13,Anomaly Persistence,14,2019
2019-03-31,2019,3,12.796,13.32,13.528727272727272,2019-04-14,Anomaly Persistence,14,2019
2019-04-01,2019,4,12.79,13.294,13.542909090909092,2019-04-15,Anomaly Persistence,14,2019
2019-04-02,2019,4,12.836,13.292,13.594181818181818,2019-04-16,Anomaly Persistence,14,2019
2019-04-03,2019,4,12.878,13.348,13.623818181818182,2019-04-17,Anomaly Persistence,14,2019
2019-04-04,2019,4,12.946,13.352,13.685999999999998,2019-04-18,Anomaly Persistence,14,2019
2019-04-05,2019,4,12.988,13.362,13.71509090909091,2019-04-19,Anomaly Persistence,14,2019
2019-04-06,2019,4,12.99,13.4,13.781363636363636,2019-04-20,Anomaly Persistence,14,2019
2019-04-07,2019,4,13.034,13.462,13.850363636363637,2019-04-21,Anomaly Persistence,14,2019
2019-04-08,2019,4,13.046,13.514,13.861999999999998,2019-04-22,Anomaly Persistence,14,2019
2019-04-09,2019,4,13.158,13.54,13.891090909090908,2019-04-23,Anomaly Persistence,14,2019
2019-04-10,2019,4,13.33,13.562,14.027818181818184,2019-04-24,Anomaly Persistence,14,2019
2019-04-11,2019,4,13.458,13.628,14.171,2019-04-25,Anomaly Persistence,14,2019
2019-04-12,2019,4,13.464,13.786,14.263636363636364,2019-04-26,Anomaly Persistence,14,2019
2019-04-13,2019,4,13.394,13.992,14.326363636363636,2019-04-27,Anomaly Persistence,14,2019
2019-04-14,2019,4,13.32,13.92,14.30890909090909,2019-04-28,Anomaly Persistence,14,2019
2019-04-15,2019,4,13.294,13.904,14.245999999999999,2019-04-29,Anomaly Persistence,14,2019
2019-04-16,2019,4,13.292,13.862,14.222545454545454,2019-04-30,Anomaly Persistence,14,2019
2019-04-17,2019,4,13.348,13.824,14.392490909090908,2019-05-01,Anomaly Persistence,14,2019
2019-04-18,2019,4,13.352,13.908,14.469600000000002,2019-05-02,Anomaly Persistence,14,2019
2019-04-19,2019,4,13.362,14.162,14.450127272727274,2019-05-03,Anomaly Persistence,14,2019
2019-04-20,2019,4,13.4,14.46,14.400236363636363,2019-05-04,Anomaly Persistence,14,2019
2019-04-21,2019,4,13.462,14.72,14.376418181818181,2019-05-05,Anomaly Persistence,14,2019
2019-04-22,2019,4,13.514,15.0,14.341563636363636,2019-05-06,Anomaly Persistence,14,2019
2019-04-23,2019,4,13.54,15.5,14.393727272727272,2019-05-07,Anomaly Persistence,14,2019
2019-04-24,2019,4,13.562,15.932,14.41470909090909,2019-05-08,Anomaly Persistence,14,2019
2019-04-25,2019,4,13.628,16.124,14.449672727272727,2019-05-09,Anomaly Persistence,14,2019
2019-04-26,2019,4,13.786,16.268,14.524163636363635,2019-05-10,Anomaly Persistence,14,2019
2019-04-27,2019,4,13.992,16.364,14.582909090909093,2019-05-11,Anomaly Persistence,14,2019
2019-04-28,2019,4,13.92,16.478,14.429654545454547,2019-05-12,Anomaly Persistence,14,2019
2019-04-29,2019,4,13.904,16.496,14.314072727272729,2019-05-13,Anomaly Persistence,14,2019
2019-04-30,2019,4,13.862,16.356,14.166381818181817,2019-05-14,Anomaly Persistence,14,2019
2019-05-01,2019,5,13.824,16.252,13.9376,2019-05-15,Anomaly Persistence,14,2019
2019-05-02,2019,5,13.908,16.37,13.968599999999999,2019-05-16,Anomaly Persistence,14,2019
2019-05-03,2019,5,14.162,16.72,14.341399999999998,2019-05-17,Anomaly Persistence,14,2019
2019-05-04,2019,5,14.46,17.118,14.719000000000001,2019-05-18,Anomaly Persistence,14,2019
2019-05-05,2019,5,14.72,17.306,15.046,2019-05-19,Anomaly Persistence,14,2019
2019-05-06,2019,5,15.0,17.172,15.353799999999998,2019-05-20,Anomaly Persistence,14,2019
2019-05-07,2019,5,15.5,16.902,15.838399999999998,2019-05-21,Anomaly Persistence,14,2019
2019-05-08,2019,5,15.932,16.704,16.278200000000002,2019-05-22,Anomaly Persistence,14,2019
2019-05-09,2019,5,16.124,16.56,16.5414,2019-05-23,Anomaly Persistence,14,2019
2019-05-10,2019,5,16.268,16.438,16.748600000000003,2019-05-24,Anomaly Persistence,14,2019
2019-05-11,2019,5,16.364,16.476,16.8758,2019-05-25,Anomaly Persistence,14,2019
2019-05-12,2019,5,16.478,16.62,17.0572,2019-05-26,Anomaly Persistence,14,2019
2019-05-13,2019,5,16.496,16.742,17.2354,2019-05-27,Anomaly Persistence,14,2019
2019-05-14,2019,5,16.356,16.706,17.312800000000003,2019-05-28,Anomaly Persistence,14,2019
2019-05-15,2019,5,16.252,16.64,17.299599999999998,2019-05-29,Anomaly Persistence,14,2019
2019-05-16,2019,5,16.37,16.544,17.4128,2019-05-30,Anomaly Persistence,14,2019
2019-05-17,2019,5,16.72,16.56,17.66,2019-05-31,Anomaly Persistence,14,2019
2019-05-18,2019,5,17.118,16.58,17.950945454545455,2019-06-01,Anomaly Persistence,14,2019
2019-05-19,2019,5,17.306,16.576,18.093400000000003,2019-06-02,Anomaly Persistence,14,2019
2019-05-20,2019,5,17.172,16.548,17.990272727272725,2019-06-03,Anomaly Persistence,14,2019
2019-05-21,2019,5,16.902,16.422,17.689327272727276,2019-06-04,Anomaly Persistence,14,2019
2019-05-22,2019,5,16.704,16.222,17.467090909090906,2019-06-05,Anomaly Persistence,14,2019
2019-05-23,2019,5,16.56,16.152,17.33538181818182,2019-06-06,Anomaly Persistence,14,2019
2019-05-24,2019,5,16.438,16.03,17.263054545454544,2019-06-07,Anomaly Persistence,14,2019
2019-05-25,2019,5,16.476,15.9,17.382381818181816,2019-06-08,Anomaly Persistence,14,2019
2019-05-26,2019,5,16.62,15.832,17.545872727272727,2019-06-09,Anomaly Persistence,14,2019
2019-05-27,2019,5,16.742,15.784,17.602163636363635,2019-06-10,Anomaly Persistence,14,2019
2019-05-28,2019,5,16.706,15.89,17.453545454545456,2019-06-11,Anomaly Persistence,14,2019
2019-05-29,2019,5,16.64,15.942,17.357036363636368,2019-06-12,Anomaly Persistence,14,2019
2019-05-30,2019,5,16.544,15.982,17.18718181818182,2019-06-13,Anomaly Persistence,14,2019
2019-05-31,2019,5,16.56,16.136,17.165563636363636,2019-06-14,Anomaly Persistence,14,2019
2019-06-01,2019,6,16.58,16.408,17.22581818181818,2019-06-15,Anomaly Persistence,14,2019
2019-06-02,2019,6,16.576,16.744,17.34290909090909,2019-06-16,Anomaly Persistence,14,2019
2019-06-03,2019,6,16.548,16.956,17.446363636363635,2019-06-17,Anomaly Persistence,14,2019
2019-06-04,2019,6,16.422,16.99,17.451272727272727,2019-06-18,Anomaly Persistence,14,2019
2019-06-05,2019,6,16.222,17.012,17.36836363636364,2019-06-19,Anomaly Persistence,14,2019
2019-06-06,2019,6,16.152,17.15,17.280818181818184,2019-06-20,Anomaly Persistence,14,2019
2019-06-07,2019,6,16.03,17.032,17.03727272727273,2019-06-21,Anomaly Persistence,14,2019
2019-06-08,2019,6,15.9,17.266,16.806545454545457,2019-06-22,Anomaly Persistence,14,2019
2019-06-09,2019,6,15.832,17.604,16.714000000000002,2019-06-23,Anomaly Persistence,14,2019
2019-06-10,2019,6,15.784,17.718,16.713818181818183,2019-06-24,Anomaly Persistence,14,2019
2019-06-11,2019,6,15.89,17.672,16.834363636363637,2019-06-25,Anomaly Persistence,14,2019
2019-06-12,2019,6,15.942,17.522,16.940909090909088,2019-06-26,Anomaly Persistence,14,2019
2019-06-13,2019,6,15.982,17.914,17.107818181818182,2019-06-27,Anomaly Persistence,14,2019
2019-06-14,2019,6,16.136,18.242,17.46381818181818,2019-06-28,Anomaly Persistence,14,2019
2019-06-15,2019,6,16.408,18.308,17.787454545454548,2019-06-29,Anomaly Persistence,14,2019
2019-06-16,2019,6,16.744,18.404,18.020727272727274,2019-06-30,Anomaly Persistence,14,2019
2019-06-17,2019,6,16.956,18.428,18.059863636363637,2019-07-01,Anomaly Persistence,14,2019
2019-06-18,2019,6,16.99,18.54,18.089333333333332,2019-07-02,Anomaly Persistence,14,2019
2019-06-19,2019,6,17.012,18.66,18.065712121212123,2019-07-03,Anomaly Persistence,14,2019
2019-06-20,2019,6,17.15,18.656,18.158499999999997,2019-07-04,Anomaly Persistence,14,2019
2019-06-21,2019,6,17.032,18.486,18.041272727272727,2019-07-05,Anomaly Persistence,14,2019
2019-06-22,2019,6,17.266,18.284,18.313772727272724,2019-07-06,Anomaly Persistence,14,2019
2019-06-23,2019,6,17.604,18.162,18.676393939393936,2019-07-07,Anomaly Persistence,14,2019
2019-06-24,2019,6,17.718,18.224,18.76548484848485,2019-07-08,Anomaly Persistence,14,2019
2019-06-25,2019,6,17.672,18.354,18.663090909090908,2019-07-09,Anomaly Persistence,14,2019
2019-06-26,2019,6,17.522,18.658,18.451454545454546,2019-07-10,Anomaly Persistence,14,2019
2019-06-27,2019,6,17.914,18.998,18.793333333333333,2019-07-11,Anomaly Persistence,14,2019
2019-06-28,2019,6,18.242,19.434,18.960818181818183,2019-07-12,Anomaly Persistence,14,2019
2019-06-29,2019,6,18.308,19.956,18.945681818181818,2019-07-13,Anomaly Persistence,14,2019
2019-06-30,2019,6,18.404,20.352,18.9865303030303,2019-07-14,Anomaly Persistence,14,2019
2019-07-01,2019,7,18.428,20.718,18.985833333333336,2019-07-15,Anomaly Persistence,14,2019
2019-07-02,2019,7,18.54,20.918,18.953,2019-07-16,Anomaly Persistence,14,2019
2019-07-03,2019,7,18.66,21.108,18.957166666666666,2019-07-17,Anomaly Persistence,14,2019
2019-07-04,2019,7,18.656,21.156,18.939416666666666,2019-07-18,Anomaly Persistence,14,2019
2019-07-05,2019,7,18.486,21.07,18.75316666666667,2019-07-19,Anomaly Persistence,14,2019
2019-07-06,2019,7,18.284,20.834,18.491666666666667,2019-07-20,Anomaly Persistence,14,2019
2019-07-07,2019,7,18.162,20.548,18.25566666666667,2019-07-21,Anomaly Persistence,14,2019
2019-07-08,2019,7,18.224,20.16,18.248,2019-07-22,Anomaly Persistence,14,2019
2019-07-09,2019,7,18.354,19.898,18.362666666666666,2019-07-23,Anomaly Persistence,14,2019
2019-07-10,2019,7,18.658,19.872,18.623333333333335,2019-07-24,Anomaly Persistence,14,2019
2019-07-11,2019,7,18.998,19.988,18.91716666666667,2019-07-25,Anomaly Persistence,14,2019
2019-07-12,2019,7,19.434,20.028,19.312333333333335,2019-07-26,Anomaly Persistence,14,2019
2019-07-13,2019,7,19.956,19.842,19.797833333333333,2019-07-27,Anomaly Persistence,14,2019
2019-07-14,2019,7,20.352,19.682,20.209333333333337,2019-07-28,Anomaly Persistence,14,2019
2019-07-15,2019,7,20.718,19.574,20.572333333333333,2019-07-29,Anomaly Persistence,14,2019
2019-07-16,2019,7,20.918,19.458,20.771166666666666,2019-07-30,Anomaly Persistence,14,2019
2019-07-17,2019,7,21.108,19.27,20.94633333333333,2019-07-31,Anomaly Persistence,14,2019
2019-07-18,2019,7,21.156,19.074,20.904719696969696,2019-08-01,Anomaly Persistence,14,2019
2019-07-19,2019,7,21.07,18.96,20.75501515151515,2019-08-02,Anomaly Persistence,14,2019
2019-07-20,2019,7,20.834,18.936,20.472742424242423,2019-08-03,Anomaly Persistence,14,2019
2019-07-21,2019,7,20.548,18.932,20.123757575757573,2019-08-04,Anomaly Persistence,14,2019
2019-07-22,2019,7,20.16,18.924,19.72142424242424,2019-08-05,Anomaly Persistence,14,2019
2019-07-23,2019,7,19.898,18.916,19.436878787878786,2019-08-06,Anomaly Persistence,14,2019
2019-07-24,2019,7,19.872,18.872,19.419030303030304,2019-08-07,Anomaly Persistence,14,2019
2019-07-25,2019,7,19.988,18.832,19.527136363636362,2019-08-08,Anomaly Persistence,14,2019
2019-07-26,2019,7,20.028,18.76,19.556848484848484,2019-08-09,Anomaly Persistence,14,2019
2019-07-27,2019,7,19.842,18.718,19.37430303030303,2019-08-10,Anomaly Persistence,14,2019
2019-07-28,2019,7,19.682,18.65,19.204499999999996,2019-08-11,Anomaly Persistence,14,2019
2019-07-29,2019,7,19.574,18.512,19.11851515151515,2019-08-12,Anomaly Persistence,14,2019
2019-07-30,2019,7,19.458,18.456,19.061045454545454,2019-08-13,Anomaly Persistence,14,2019
2019-07-31,2019,7,19.27,18.366,18.960424242424242,2019-08-14,Anomaly Persistence,14,2019
2019-08-01,2019,8,19.074,18.306,18.86090909090909,2019-08-15,Anomaly Persistence,14,2019
2019-08-02,2019,8,18.96,18.292,18.834000000000003,2019-08-16,Anomaly Persistence,14,2019
2019-08-03,2019,8,18.936,18.188,18.89272727272727,2019-08-17,Anomaly Persistence,14,2019
2019-08-04,2019,8,18.932,18.132,19.009090909090908,2019-08-18,Anomaly Persistence,14,2019
2019-08-05,2019,8,18.924,18.138,19.041090909090908,2019-08-19,Anomaly Persistence,14,2019
2019-08-06,2019,8,18.916,18.108,19.078818181818182,2019-08-20,Anomaly Persistence,14,2019
2019-08-07,2019,8,18.872,18.036,19.086363636363636,2019-08-21,Anomaly Persistence,14,2019
2019-08-08,2019,8,18.832,17.972,19.083454545454543,2019-08-22,Anomaly Persistence,14,2019
2019-08-09,2019,8,18.76,17.832,19.036,2019-08-23,Anomaly Persistence,14,2019
2019-08-10,2019,8,18.718,17.728,19.016363636363636,2019-08-24,Anomaly Persistence,14,2019
2019-08-11,2019,8,18.65,17.62,18.923636363636366,2019-08-25,Anomaly Persistence,14,2019
2019-08-12,2019,8,18.512,17.682,18.728727272727276,2019-08-26,Anomaly Persistence,14,2019
2019-08-13,2019,8,18.456,17.58,18.597090909090905,2019-08-27,Anomaly Persistence,14,2019
2019-08-14,2019,8,18.366,17.418,18.458363636363636,2019-08-28,Anomaly Persistence,14,2019
2019-08-15,2019,8,18.306,17.314,18.39018181818182,2019-08-29,Anomaly Persistence,14,2019
2019-08-16,2019,8,18.292,17.15,18.33218181818182,2019-08-30,Anomaly Persistence,14,2019
2019-08-17,2019,8,18.188,16.992,18.15890909090909,2019-08-31,Anomaly Persistence,14,2019
2019-08-18,2019,8,18.132,16.926,17.899818181818183,2019-09-01,Anomaly Persistence,14,2019
2019-08-19,2019,8,18.138,16.916,17.845636363636366,2019-09-02,Anomaly Persistence,14,2019
2019-08-20,2019,8,18.108,16.888,17.763818181818184,2019-09-03,Anomaly Persistence,14,2019
2019-08-21,2019,8,18.036,16.816,17.618,2019-09-04,Anomaly Persistence,14,2019
2019-08-22,2019,8,17.972,16.794,17.531636363636366,2019-09-05,Anomaly Persistence,14,2019
2019-08-23,2019,8,17.832,16.848,17.41581818181818,2019-09-06,Anomaly Persistence,14,2019
2019-08-24,2019,8,17.728,16.85,17.340181818181822,2019-09-07,Anomaly Persistence,14,2019
2019-08-25,2019,8,17.62,16.852,17.296545454545452,2019-09-08,Anomaly Persistence,14,2019
2019-08-26,2019,8,17.682,16.93,17.42763636363636,2019-09-09,Anomaly Persistence,14,2019
2019-08-27,2019,8,17.58,16.982,17.354545454545455,2019-09-10,Anomaly Persistence,14,2019
2019-08-28,2019,8,17.418,17.002,17.194545454545455,2019-09-11,Anomaly Persistence,14,2019
2019-08-29,2019,8,17.314,17.028,17.106727272727273,2019-09-12,Anomaly Persistence,14,2019
2019-08-30,2019,8,17.15,17.14,16.941090909090907,2019-09-13,Anomaly Persistence,14,2019
2019-08-31,2019,8,16.992,17.408,16.78509090909091,2019-09-14,Anomaly Persistence,14,2019
2019-09-01,2019,9,16.926,17.814,16.911090909090905,2019-09-15,Anomaly Persistence,14,2019
2019-09-02,2019,9,16.916,18.138,16.935636363636362,2019-09-16,Anomaly Persistence,14,2019
2019-09-03,2019,9,16.888,18.27,16.952363636363636,2019-09-17,Anomaly Persistence,14,2019
2019-09-04,2019,9,16.816,18.372,16.87527272727273,2019-09-18,Anomaly Persistence,14,2019
2019-09-05,2019,9,16.794,18.598,16.815818181818184,2019-09-19,Anomaly Persistence,14,2019
2019-09-06,2019,9,16.848,18.67,16.84781818181818,2019-09-20,Anomaly Persistence,14,2019
2019-09-07,2019,9,16.85,18.716,16.74327272727273,2019-09-21,Anomaly Persistence,14,2019
2019-09-08,2019,9,16.852,18.778,16.69890909090909,2019-09-22,Anomaly Persistence,14,2019
2019-09-09,2019,9,16.93,18.808,16.742,2019-09-23,Anomaly Persistence,14,2019
2019-09-10,2019,9,16.982,18.73,16.77090909090909,2019-09-24,Anomaly Persistence,14,2019
2019-09-11,2019,9,17.002,18.614,16.746909090909092,2019-09-25,Anomaly Persistence,14,2019
2019-09-12,2019,9,17.028,18.608,16.737636363636366,2019-09-26,Anomaly Persistence,14,2019
2019-09-13,2019,9,17.14,18.7,16.94527272727273,2019-09-27,Anomaly Persistence,14,2019
2019-09-14,2019,9,17.408,18.646,17.268363636363638,2019-09-28,Anomaly Persistence,14,2019
2019-09-15,2019,9,17.814,18.524,17.627636363636366,2019-09-29,Anomaly Persistence,14,2019
2019-09-16,2019,9,18.138,18.51,17.930909090909093,2019-09-30,Anomaly Persistence,14,2019
2019-09-17,2019,9,18.27,18.632,18.031636363636366,2019-10-01,Anomaly Persistence,14,2019
2019-09-18,2019,9,18.372,18.482,17.955199999999998,2019-10-02,Anomaly Persistence,14,2019
2019-09-19,2019,9,18.598,18.24,18.103654545454543,2019-10-03,Anomaly Persistence,14,2019
2019-09-20,2019,9,18.67,18.024,18.04478181818182,2019-10-04,Anomaly Persistence,14,2019
2019-09-21,2019,9,18.716,17.814,17.989545454545453,2019-10-05,Anomaly Persistence,14,2019
2019-09-22,2019,9,18.778,17.632,17.893309090909092,2019-10-06,Anomaly Persistence,14,2019
2019-09-23,2019,9,18.808,17.446,17.814654545454545,2019-10-07,Anomaly Persistence,14,2019
2019-09-24,2019,9,18.73,17.32,17.69430909090909,2019-10-08,Anomaly Persistence,14,2019
2019-09-25,2019,9,18.614,17.244,17.600890909090907,2019-10-09,Anomaly Persistence,14,2019
2019-09-26,2019,9,18.608,17.192,17.52130909090909,2019-10-10,Anomaly Persistence,14,2019
2019-09-27,2019,9,18.7,17.094,17.421672727272725,2019-10-11,Anomaly Persistence,14,2019
2019-09-28,2019,9,18.646,16.95,17.2226,2019-10-12,Anomaly Persistence,14,2019
2019-09-29,2019,9,18.524,16.83,16.999072727272726,2019-10-13,Anomaly Persistence,14,2019
2019-09-30,2019,9,18.51,16.81,16.970436363636367,2019-10-14,Anomaly Persistence,14,2019
2019-10-01,2019,10,18.632,16.852,17.110418181818183,2019-10-15,Anomaly Persistence,14,2019
2019-10-02,2019,10,18.482,16.874,17.156200000000002,2019-10-16,Anomaly Persistence,14,2019
2019-10-03,2019,10,18.24,16.826,16.9954,2019-10-17,Anomaly Persistence,14,2019
2019-10-04,2019,10,18.024,16.66,16.8316,2019-10-18,Anomaly Persistence,14,2019
2019-10-05,2019,10,17.814,16.422,16.7176,2019-10-19,Anomaly Persistence,14,2019
2019-10-06,2019,10,17.632,16.202,16.5942,2019-10-20,Anomaly Persistence,14,2019
2019-10-07,2019,10,17.446,16.042,16.443,2019-10-21,Anomaly Persistence,14,2019
2019-10-08,2019,10,17.32,15.882,16.300400000000003,2019-10-22,Anomaly Persistence,14,2019
2019-10-09,2019,10,17.244,15.73,16.1176,2019-10-23,Anomaly Persistence,14,2019
2019-10-10,2019,10,17.192,15.62,16.0242,2019-10-24,Anomaly Persistence,14,2019
2019-10-11,2019,10,17.094,15.532,15.9532,2019-10-25,Anomaly Persistence,14,2019
2019-10-12,2019,10,16.95,15.518,15.860399999999998,2019-10-26,Anomaly Persistence,14,2019
2019-10-13,2019,10,16.83,15.466,15.8034,2019-10-27,Anomaly Persistence,14,2019
2019-10-14,2019,10,16.81,15.538,15.776999999999997,2019-10-28,Anomaly Persistence,14,2019
2019-10-15,2019,10,16.852,15.614,15.789200000000003,2019-10-29,Anomaly Persistence,14,2019
2019-10-16,2019,10,16.874,15.676,15.808999999999997,2019-10-30,Anomaly Persistence,14,2019
2019-10-17,2019,10,16.826,15.646,15.7526,2019-10-31,Anomaly Persistence,14,2019
2019-10-18,2019,10,16.66,15.642,15.689072727272725,2019-11-01,Anomaly Persistence,14,2019
2019-10-19,2019,10,16.422,15.702,15.500233333333334,2019-11-02,Anomaly Persistence,14,2019
2019-10-20,2019,10,16.202,15.664,15.327066666666669,2019-11-03,Anomaly Persistence,14,2019
2019-10-21,2019,10,16.042,15.57,15.201133333333336,2019-11-04,Anomaly Persistence,14,2019
2019-10-22,2019,10,15.882,15.4,15.04653333333333,2019-11-05,Anomaly Persistence,14,2019
2019-10-23,2019,10,15.73,15.264,14.933933333333334,2019-11-06,Anomaly Persistence,14,2019
2019-10-24,2019,10,15.62,15.17,14.8704,2019-11-07,Anomaly Persistence,14,2019
2019-10-25,2019,10,15.532,15.072,14.8209,2019-11-08,Anomaly Persistence,14,2019
2019-10-26,2019,10,15.518,14.98,14.790833333333335,2019-11-09,Anomaly Persistence,14,2019
2019-10-27,2019,10,15.466,14.892,14.729633333333332,2019-11-10,Anomaly Persistence,14,2019
2019-10-28,2019,10,15.538,14.83,14.792366666666668,2019-11-11,Anomaly Persistence,14,2019
2019-10-29,2019,10,15.614,14.728,14.855699999999999,2019-11-12,Anomaly Persistence,14,2019
2019-10-30,2019,10,15.676,14.64,14.900599999999999,2019-11-13,Anomaly Persistence,14,2019
2019-10-31,2019,10,15.646,14.58,14.851800000000003,2019-11-14,Anomaly Persistence,14,2019
2019-11-01,2019,11,15.642,14.522,14.769060606060606,2019-11-15,Anomaly Persistence,14,2019
2019-11-02,2019,11,15.702,14.476,14.821333333333332,2019-11-16,Anomaly Persistence,14,2019
2019-11-03,2019,11,15.664,14.422,14.791666666666666,2019-11-17,Anomaly Persistence,14,2019
2019-11-04,2019,11,15.57,14.382,14.6955,2019-11-18,Anomaly Persistence,14,2019
2019-11-05,2019,11,15.4,14.352,14.559,2019-11-19,Anomaly Persistence,14,2019
2019-11-06,2019,11,15.264,14.288,14.466666666666665,2019-11-20,Anomaly Persistence,14,2019
2019-11-07,2019,11,15.17,14.256,14.412666666666667,2019-11-21,Anomaly Persistence,14,2019
2019-11-08,2019,11,15.072,14.222,14.3425,2019-11-22,Anomaly Persistence,14,2019
2019-11-09,2019,11,14.98,14.19,14.29525,2019-11-23,Anomaly Persistence,14,2019
2019-11-10,2019,11,14.892,14.18,14.250333333333332,2019-11-24,Anomaly Persistence,14,2019
2019-11-11,2019,11,14.83,14.18,14.258833333333332,2019-11-25,Anomaly Persistence,14,2019
2019-11-12,2019,11,14.728,14.17,14.175833333333332,2019-11-26,Anomaly Persistence,14,2019
2019-11-13,2019,11,14.64,14.16,14.093666666666666,2019-11-27,Anomaly Persistence,14,2019
2019-11-14,2019,11,14.58,14.106,14.039333333333332,2019-11-28,Anomaly Persistence,14,2019
2019-11-15,2019,11,14.522,14.04,14.003333333333336,2019-11-29,Anomaly Persistence,14,2019
2019-11-16,2019,11,14.476,13.992,13.968833333333336,2019-11-30,Anomaly Persistence,14,2019
2019-11-17,2019,11,14.422,13.938,13.974848484848485,2019-12-01,Anomaly Persistence,14,2019
2019-11-18,2019,11,14.382,13.89,13.943530303030302,2019-12-02,Anomaly Persistence,14,2019
2019-11-19,2019,11,14.352,13.862,13.923121212121213,2019-12-03,Anomaly Persistence,14,2019
2019-11-20,2019,11,14.288,13.824,13.861090909090912,2019-12-04,Anomaly Persistence,14,2019
2019-11-21,2019,11,14.256,13.806,13.834151515151515,2019-12-05,Anomaly Persistence,14,2019
2019-11-22,2019,11,14.222,13.768,13.809545454545455,2019-12-06,Anomaly Persistence,14,2019
2019-11-23,2019,11,14.19,13.746,13.785280303030303,2019-12-07,Anomaly Persistence,14,2019
2019-11-24,2019,11,14.18,13.714,13.77210606060606,2019-12-08,Anomaly Persistence,14,2019
2019-11-25,2019,11,14.18,13.688,13.737727272727275,2019-12-09,Anomaly Persistence,14,2019
2019-11-26,2019,11,14.17,13.652,13.721939393939396,2019-12-10,Anomaly Persistence,14,2019
2019-11-27,2019,11,14.16,13.616,13.717515151515151,2019-12-11,Anomaly Persistence,14,2019
2019-11-28,2019,11,14.106,13.568,13.677212121212122,2019-12-12,Anomaly Persistence,14,2019
2019-11-29,2019,11,14.04,13.546,13.62051515151515,2019-12-13,Anomaly Persistence,14,2019
2019-11-30,2019,11,13.992,13.514,13.589363636363638,2019-12-14,Anomaly Persistence,14,2019
2019-12-01,2019,12,13.938,13.49,13.500909090909092,2019-12-15,Anomaly Persistence,14,2019
2019-12-02,2019,12,13.89,13.446,13.46618181818182,2019-12-16,Anomaly Persistence,14,2019
2019-12-03,2019,12,13.862,13.412,13.452818181818182,2019-12-17,Anomaly Persistence,14,2019
2019-12-04,2019,12,13.824,13.386,13.425818181818181,2019-12-18,Anomaly Persistence,14,2019
2019-12-05,2019,12,13.806,13.352,13.417636363636364,2019-12-19,Anomaly Persistence,14,2019
2019-12-06,2019,12,13.768,13.33,13.382727272727273,2019-12-20,Anomaly Persistence,14,2019
2019-12-07,2019,12,13.746,13.296,13.364181818181818,2019-12-21,Anomaly Persistence,14,2019
2019-12-08,2019,12,13.714,13.274,13.344000000000001,2019-12-22,Anomaly Persistence,14,2019
2019-12-09,2019,12,13.688,13.256,13.32890909090909,2019-12-23,Anomaly Persistence,14,2019
2019-12-10,2019,12,13.652,13.24,13.307454545454544,2019-12-24,Anomaly Persistence,14,2019
2019-12-11,2019,12,13.616,13.226,13.281454545454547,2019-12-25,Anomaly Persistence,14,2019
2019-12-12,2019,12,13.568,13.22,13.242727272727272,2019-12-26,Anomaly Persistence,14,2019
2019-12-13,2019,12,13.546,13.208,13.23272727272727,2019-12-27,Anomaly Persistence,14,2019
2019-12-14,2019,12,13.514,13.158,13.204363636363635,2019-12-28,Anomaly Persistence,14,2019
2019-12-15,2019,12,13.49,13.146,13.186,2019-12-29,Anomaly Persistence,14,2019
2019-12-16,2019,12,13.446,13.126,13.14890909090909,2019-12-30,Anomaly Persistence,14,2019
2019-12-17,2019,12,13.412,13.104,13.107818181818182,2019-12-31,Anomaly Persistence,14,2019
2019-12-18,2019,12,13.386,13.086,13.094257575757574,2020-01-01,Anomaly Persistence,14,2019
2019-12-19,2019,12,13.352,13.054,13.051045454545454,2020-01-02,Anomaly Persistence,14,2019
2019-12-20,2019,12,13.33,13.04,13.033227272727272,2020-01-03,Anomaly Persistence,14,2019
2019-12-21,2019,12,13.296,13.024,13.005621212121211,2020-01-04,Anomaly Persistence,14,2019
2019-12-22,2019,12,13.274,13.002,12.978060606060605,2020-01-05,Anomaly Persistence,14,2019
2019-12-23,2019,12,13.256,12.966,12.958363636363638,2020-01-06,Anomaly Persistence,14,2019
2019-12-24,2019,12,13.24,12.944,12.944272727272727,2020-01-07,Anomaly Persistence,14,2019
2019-12-25,2019,12,13.226,12.94,12.92819696969697,2020-01-08,Anomaly Persistence,14,2019
2019-12-26,2019,12,13.22,12.94,12.92139393939394,2020-01-09,Anomaly Persistence,14,2019
2019-12-27,2019,12,13.208,12.93,12.908590909090911,2020-01-10,Anomaly Persistence,14,2019
2019-12-28,2019,12,13.158,12.93,12.86385606060606,2020-01-11,Anomaly Persistence,14,2019
2019-12-29,2019,12,13.146,12.914,12.857242424242425,2020-01-12,Anomaly Persistence,14,2019
2019-12-30,2019,12,13.126,12.9,12.84296212121212,2020-01-13,Anomaly Persistence,14,2019
2019-12-31,2019,12,13.104,12.9,12.832242424242423,2020-01-14,Anomaly Persistence,14,2019
