Date,Year,Month,WL,y_true,y_pred,Target_Date,Model,Horizon,Fold_Year
2008-01-08,2008,1,13.76,13.65,13.620000000000003,2008-01-15,Persistence+Trend,7,2008
2008-01-09,2008,1,13.74,13.63,13.600000000000003,2008-01-16,Persistence+Trend,7,2008
2008-01-10,2008,1,13.73,13.62,13.660000000000002,2008-01-17,Persistence+Trend,7,2008
2008-01-11,2008,1,13.72,13.61,13.650000000000002,2008-01-18,Persistence+Trend,7,2008
2008-01-12,2008,1,13.71,13.6,13.640000000000002,2008-01-19,Persistence+Trend,7,2008
2008-01-13,2008,1,13.699,13.59,13.621999999999993,2008-01-20,Persistence+Trend,7,2008
2008-01-14,2008,1,13.67,13.58,13.467,2008-01-21,Persistence+Trend,7,2008
2008-01-15,2008,1,13.65,13.57,13.510000000000003,2008-01-22,Persistence+Trend,7,2008
2008-01-16,2008,1,13.63,13.56,13.490000000000004,2008-01-23,Persistence+Trend,7,2008
2008-01-17,2008,1,13.62,13.56,13.549999999999988,2008-01-24,Persistence+Trend,7,2008
2008-01-18,2008,1,13.61,13.55,13.540000000000001,2008-01-25,Persistence+Trend,7,2008
2008-01-19,2008,1,13.6,13.55,13.530000000000001,2008-01-26,Persistence+Trend,7,2008
2008-01-20,2008,1,13.59,13.55,13.520000000000001,2008-01-27,Persistence+Trend,7,2008
2008-01-21,2008,1,13.58,13.58,13.510000000000002,2008-01-28,Persistence+Trend,7,2008
2008-01-22,2008,1,13.57,13.62,13.500000000000002,2008-01-29,Persistence+Trend,7,2008
2008-01-23,2008,1,13.56,13.66,13.490000000000002,2008-01-30,Persistence+Trend,7,2008
2008-01-24,2008,1,13.56,13.67,13.56,2008-01-31,Persistence+Trend,7,2008
2008-01-25,2008,1,13.55,13.66,13.480000000000002,2008-02-01,Persistence+Trend,7,2008
2008-01-26,2008,1,13.55,13.63,13.55,2008-02-02,Persistence+Trend,7,2008
2008-01-27,2008,1,13.55,13.61,13.55,2008-02-03,Persistence+Trend,7,2008
2008-01-28,2008,1,13.58,13.61,13.789999999999996,2008-02-04,Persistence+Trend,7,2008
2008-01-29,2008,1,13.62,13.61,13.899999999999993,2008-02-05,Persistence+Trend,7,2008
2008-01-30,2008,1,13.66,13.62,13.940000000000007,2008-02-06,Persistence+Trend,7,2008
2008-01-31,2008,1,13.67,13.63,13.739999999999998,2008-02-07,Persistence+Trend,7,2008
2008-02-01,2008,2,13.66,13.62,13.590000000000002,2008-02-08,Persistence+Trend,7,2008
2008-02-02,2008,2,13.63,13.59,13.420000000000005,2008-02-09,Persistence+Trend,7,2008
2008-02-03,2008,2,13.61,13.57,13.46999999999999,2008-02-10,Persistence+Trend,7,2008
2008-02-04,2008,2,13.61,13.55,13.61,2008-02-11,Persistence+Trend,7,2008
2008-02-05,2008,2,13.61,13.52,13.61,2008-02-12,Persistence+Trend,7,2008
2008-02-06,2008,2,13.62,13.5,13.689999999999998,2008-02-13,Persistence+Trend,7,2008
2008-02-07,2008,2,13.63,13.47,13.700000000000012,2008-02-14,Persistence+Trend,7,2008
2008-02-08,2008,2,13.62,13.46,13.549999999999988,2008-02-15,Persistence+Trend,7,2008
2008-02-09,2008,2,13.59,13.45,13.380000000000004,2008-02-16,Persistence+Trend,7,2008
2008-02-10,2008,2,13.57,13.44,13.430000000000003,2008-02-17,Persistence+Trend,7,2008
2008-02-11,2008,2,13.55,13.47,13.410000000000004,2008-02-18,Persistence+Trend,7,2008
2008-02-12,2008,2,13.52,13.51,13.309999999999992,2008-02-19,Persistence+Trend,7,2008
2008-02-13,2008,2,13.5,13.53,13.360000000000003,2008-02-20,Persistence+Trend,7,2008
2008-02-14,2008,2,13.47,13.54,13.260000000000005,2008-02-21,Persistence+Trend,7,2008
2008-02-15,2008,2,13.46,13.53,13.390000000000002,2008-02-22,Persistence+Trend,7,2008
2008-02-16,2008,2,13.45,13.51,13.379999999999988,2008-02-23,Persistence+Trend,7,2008
2008-02-17,2008,2,13.44,13.48,13.370000000000001,2008-02-24,Persistence+Trend,7,2008
2008-02-18,2008,2,13.47,13.45,13.680000000000009,2008-02-25,Persistence+Trend,7,2008
2008-02-19,2008,2,13.51,13.44,13.789999999999994,2008-02-26,Persistence+Trend,7,2008
2008-02-20,2008,2,13.53,13.43,13.669999999999996,2008-02-27,Persistence+Trend,7,2008
2008-02-21,2008,2,13.54,13.43,13.609999999999998,2008-02-28,Persistence+Trend,7,2008
2008-02-22,2008,2,13.53,13.43,13.46,2008-02-29,Persistence+Trend,7,2008
2008-02-23,2008,2,13.51,13.42,13.370000000000003,2008-03-01,Persistence+Trend,7,2008
2008-02-24,2008,2,13.48,13.41,13.270000000000005,2008-03-02,Persistence+Trend,7,2008
2008-02-25,2008,2,13.45,13.4,13.239999999999991,2008-03-03,Persistence+Trend,7,2008
2008-02-26,2008,2,13.44,13.41,13.370000000000001,2008-03-04,Persistence+Trend,7,2008
2008-02-27,2008,2,13.43,13.4,13.360000000000001,2008-03-05,Persistence+Trend,7,2008
2008-02-28,2008,2,13.43,13.43,13.43,2008-03-06,Persistence+Trend,7,2008
2008-02-29,2008,2,13.43,13.46,13.43,2008-03-07,Persistence+Trend,7,2008
2008-03-01,2008,3,13.42,13.45,13.350000000000001,2008-03-08,Persistence+Trend,7,2008
2008-03-02,2008,3,13.41,13.44,13.340000000000002,2008-03-09,Persistence+Trend,7,2008
2008-03-03,2008,3,13.4,13.42,13.330000000000002,2008-03-10,Persistence+Trend,7,2008
2008-03-04,2008,3,13.41,13.4,13.479999999999999,2008-03-11,Persistence+Trend,7,2008
2008-03-05,2008,3,13.4,13.39,13.330000000000002,2008-03-12,Persistence+Trend,7,2008
2008-03-06,2008,3,13.43,13.39,13.639999999999995,2008-03-13,Persistence+Trend,7,2008
2008-03-07,2008,3,13.46,13.39,13.670000000000009,2008-03-14,Persistence+Trend,7,2008
2008-03-08,2008,3,13.45,13.39,13.379999999999988,2008-03-15,Persistence+Trend,7,2008
2008-03-09,2008,3,13.44,13.39,13.370000000000001,2008-03-16,Persistence+Trend,7,2008
2008-03-10,2008,3,13.42,13.4,13.280000000000003,2008-03-17,Persistence+Trend,7,2008
2008-03-11,2008,3,13.4,13.42,13.260000000000003,2008-03-18,Persistence+Trend,7,2008
2008-03-12,2008,3,13.39,13.44,13.320000000000002,2008-03-19,Persistence+Trend,7,2008
2008-03-13,2008,3,13.39,13.46,13.39,2008-03-20,Persistence+Trend,7,2008
2008-03-14,2008,3,13.39,13.54,13.39,2008-03-21,Persistence+Trend,7,2008
2008-03-15,2008,3,13.39,13.66,13.39,2008-03-22,Persistence+Trend,7,2008
2008-03-16,2008,3,13.39,13.81,13.39,2008-03-23,Persistence+Trend,7,2008
2008-03-17,2008,3,13.4,13.91,13.469999999999999,2008-03-24,Persistence+Trend,7,2008
2008-03-18,2008,3,13.42,13.93,13.559999999999997,2008-03-25,Persistence+Trend,7,2008
2008-03-19,2008,3,13.44,13.93,13.579999999999997,2008-03-26,Persistence+Trend,7,2008
2008-03-20,2008,3,13.46,13.92,13.60000000000001,2008-03-27,Persistence+Trend,7,2008
2008-03-21,2008,3,13.54,13.94,14.099999999999987,2008-03-28,Persistence+Trend,7,2008
2008-03-22,2008,3,13.66,13.98,14.500000000000007,2008-03-29,Persistence+Trend,7,2008
2008-03-23,2008,3,13.81,14.05,14.860000000000003,2008-03-30,Persistence+Trend,7,2008
2008-03-24,2008,3,13.91,14.07,14.609999999999998,2008-03-31,Persistence+Trend,7,2008
2008-03-25,2008,3,13.93,14.09,14.069999999999997,2008-04-01,Persistence+Trend,7,2008
2008-03-26,2008,3,13.93,14.15,13.93,2008-04-02,Persistence+Trend,7,2008
2008-03-27,2008,3,13.92,14.2,13.850000000000001,2008-04-03,Persistence+Trend,7,2008
2008-03-28,2008,3,13.94,14.31,14.079999999999997,2008-04-04,Persistence+Trend,7,2008
2008-03-29,2008,3,13.98,14.53,14.260000000000007,2008-04-05,Persistence+Trend,7,2008
2008-03-30,2008,3,14.05,14.66,14.540000000000003,2008-04-06,Persistence+Trend,7,2008
2008-03-31,2008,3,14.07,14.67,14.209999999999997,2008-04-07,Persistence+Trend,7,2008
2008-04-01,2008,4,14.09,14.66,14.229999999999997,2008-04-08,Persistence+Trend,7,2008
2008-04-02,2008,4,14.15,14.6,14.570000000000004,2008-04-09,Persistence+Trend,7,2008
2008-04-03,2008,4,14.2,14.51,14.549999999999992,2008-04-10,Persistence+Trend,7,2008
2008-04-04,2008,4,14.31,14.46,15.080000000000009,2008-04-11,Persistence+Trend,7,2008
2008-04-05,2008,4,14.53,14.41,16.069999999999993,2008-04-12,Persistence+Trend,7,2008
2008-04-06,2008,4,14.66,14.38,15.570000000000006,2008-04-13,Persistence+Trend,7,2008
2008-04-07,2008,4,14.67,14.34,14.739999999999998,2008-04-14,Persistence+Trend,7,2008
2008-04-08,2008,4,14.66,14.27,14.590000000000002,2008-04-15,Persistence+Trend,7,2008
2008-04-09,2008,4,14.6,14.23,14.179999999999996,2008-04-16,Persistence+Trend,7,2008
2008-04-10,2008,4,14.51,14.23,13.88,2008-04-17,Persistence+Trend,7,2008
2008-04-11,2008,4,14.46,14.22,14.110000000000008,2008-04-18,Persistence+Trend,7,2008
2008-04-12,2008,4,14.41,14.28,14.059999999999995,2008-04-19,Persistence+Trend,7,2008
2008-04-13,2008,4,14.38,14.33,14.170000000000005,2008-04-20,Persistence+Trend,7,2008
2008-04-14,2008,4,14.34,14.41,14.059999999999993,2008-04-21,Persistence+Trend,7,2008
2008-04-15,2008,4,14.27,14.47,13.779999999999998,2008-04-22,Persistence+Trend,7,2008
2008-04-16,2008,4,14.23,14.52,13.950000000000006,2008-04-23,Persistence+Trend,7,2008
2008-04-17,2008,4,14.23,14.61,14.23,2008-04-24,Persistence+Trend,7,2008
2008-04-18,2008,4,14.22,14.87,14.150000000000002,2008-04-25,Persistence+Trend,7,2008
2008-04-19,2008,4,14.28,15.05,14.69999999999999,2008-04-26,Persistence+Trend,7,2008
2008-04-20,2008,4,14.33,15.06,14.680000000000005,2008-04-27,Persistence+Trend,7,2008
2008-04-21,2008,4,14.41,15.02,14.97,2008-04-28,Persistence+Trend,7,2008
2008-04-22,2008,4,14.47,14.99,14.890000000000004,2008-04-29,Persistence+Trend,7,2008
2008-04-23,2008,4,14.52,15.01,14.869999999999992,2008-04-30,Persistence+Trend,7,2008
2008-04-24,2008,4,14.61,15.01,15.239999999999998,2008-05-01,Persistence+Trend,7,2008
2008-04-25,2008,4,14.87,15.04,16.689999999999998,2008-05-02,Persistence+Trend,7,2008
2008-04-26,2008,4,15.05,15.31,16.31000000000001,2008-05-03,Persistence+Trend,7,2008
2008-04-27,2008,4,15.06,15.79,15.129999999999999,2008-05-04,Persistence+Trend,7,2008
2008-04-28,2008,4,15.02,15.93,14.739999999999993,2008-05-05,Persistence+Trend,7,2008
2008-04-29,2008,4,14.99,15.93,14.780000000000005,2008-05-06,Persistence+Trend,7,2008
2008-04-30,2008,4,15.01,15.92,15.149999999999997,2008-05-07,Persistence+Trend,7,2008
2008-05-01,2008,5,15.01,15.69,15.01,2008-05-08,Persistence+Trend,7,2008
2008-05-02,2008,5,15.04,15.61,15.249999999999995,2008-05-09,Persistence+Trend,7,2008
2008-05-03,2008,5,15.31,15.53,17.20000000000001,2008-05-10,Persistence+Trend,7,2008
2008-05-04,2008,5,15.79,15.51,19.14999999999999,2008-05-11,Persistence+Trend,7,2008
2008-05-05,2008,5,15.93,15.47,16.910000000000004,2008-05-12,Persistence+Trend,7,2008
2008-05-06,2008,5,15.93,15.4,15.93,2008-05-13,Persistence+Trend,7,2008
2008-05-07,2008,5,15.92,15.36,15.850000000000001,2008-05-14,Persistence+Trend,7,2008
2008-05-08,2008,5,15.69,15.35,14.079999999999997,2008-05-15,Persistence+Trend,7,2008
2008-05-09,2008,5,15.61,15.33,15.049999999999999,2008-05-16,Persistence+Trend,7,2008
2008-05-10,2008,5,15.53,15.31,14.969999999999999,2008-05-17,Persistence+Trend,7,2008
2008-05-11,2008,5,15.51,15.3,15.370000000000003,2008-05-18,Persistence+Trend,7,2008
2008-05-12,2008,5,15.47,15.23,15.190000000000007,2008-05-19,Persistence+Trend,7,2008
2008-05-13,2008,5,15.4,15.23,14.909999999999998,2008-05-20,Persistence+Trend,7,2008
2008-05-14,2008,5,15.36,15.26,15.079999999999993,2008-05-21,Persistence+Trend,7,2008
2008-05-15,2008,5,15.35,15.31,15.280000000000001,2008-05-22,Persistence+Trend,7,2008
2008-05-16,2008,5,15.33,15.36,15.190000000000003,2008-05-23,Persistence+Trend,7,2008
2008-05-17,2008,5,15.31,15.49,15.170000000000003,2008-05-24,Persistence+Trend,7,2008
2008-05-18,2008,5,15.3,15.6,15.230000000000002,2008-05-25,Persistence+Trend,7,2008
2008-05-19,2008,5,15.23,15.81,14.739999999999998,2008-05-26,Persistence+Trend,7,2008
2008-05-20,2008,5,15.23,15.88,15.23,2008-05-27,Persistence+Trend,7,2008
2008-05-21,2008,5,15.26,15.88,15.469999999999995,2008-05-28,Persistence+Trend,7,2008
2008-05-22,2008,5,15.31,15.85,15.660000000000005,2008-05-29,Persistence+Trend,7,2008
2008-05-23,2008,5,15.36,15.71,15.709999999999992,2008-05-30,Persistence+Trend,7,2008
2008-05-24,2008,5,15.49,15.77,16.400000000000006,2008-05-31,Persistence+Trend,7,2008
2008-05-25,2008,5,15.6,15.86,16.369999999999997,2008-06-01,Persistence+Trend,7,2008
2008-05-26,2008,5,15.81,16.05,17.28000000000001,2008-06-02,Persistence+Trend,7,2008
2008-05-27,2008,5,15.88,16.23,16.370000000000005,2008-06-03,Persistence+Trend,7,2008
2008-05-28,2008,5,15.88,16.41,15.88,2008-06-04,Persistence+Trend,7,2008
2008-05-29,2008,5,15.85,16.61,15.639999999999992,2008-06-05,Persistence+Trend,7,2008
2008-05-30,2008,5,15.71,16.72,14.73000000000001,2008-06-06,Persistence+Trend,7,2008
2008-05-31,2008,5,15.77,16.73,16.18999999999999,2008-06-07,Persistence+Trend,7,2008
2008-06-01,2008,6,15.86,16.72,16.49,2008-06-08,Persistence+Trend,7,2008
2008-06-02,2008,6,16.05,16.58,17.38000000000001,2008-06-09,Persistence+Trend,7,2008
2008-06-03,2008,6,16.23,16.53,17.49,2008-06-10,Persistence+Trend,7,2008
2008-06-04,2008,6,16.41,16.46,17.669999999999998,2008-06-11,Persistence+Trend,7,2008
2008-06-05,2008,6,16.61,16.6,18.009999999999994,2008-06-12,Persistence+Trend,7,2008
2008-06-06,2008,6,16.72,16.7,17.489999999999995,2008-06-13,Persistence+Trend,7,2008
2008-06-07,2008,6,16.73,16.86,16.80000000000001,2008-06-14,Persistence+Trend,7,2008
2008-06-08,2008,6,16.72,17.16,16.649999999999988,2008-06-15,Persistence+Trend,7,2008
2008-06-09,2008,6,16.58,17.51,15.599999999999994,2008-06-16,Persistence+Trend,7,2008
2008-06-10,2008,6,16.53,17.74,16.18000000000002,2008-06-17,Persistence+Trend,7,2008
2008-06-11,2008,6,16.46,17.93,15.969999999999999,2008-06-18,Persistence+Trend,7,2008
2008-06-12,2008,6,16.6,18.03,17.580000000000005,2008-06-19,Persistence+Trend,7,2008
2008-06-13,2008,6,16.7,18.14,17.399999999999984,2008-06-20,Persistence+Trend,7,2008
2008-06-14,2008,6,16.86,18.17,17.98,2008-06-21,Persistence+Trend,7,2008
2008-06-15,2008,6,17.16,18.22,19.260000000000005,2008-06-22,Persistence+Trend,7,2008
2008-06-16,2008,6,17.51,18.06,19.96000000000001,2008-06-23,Persistence+Trend,7,2008
2008-06-17,2008,6,17.74,18.05,19.349999999999977,2008-06-24,Persistence+Trend,7,2008
2008-06-18,2008,6,17.93,18.09,19.26000000000001,2008-06-25,Persistence+Trend,7,2008
2008-06-19,2008,6,18.03,18.12,18.73000000000001,2008-06-26,Persistence+Trend,7,2008
2008-06-20,2008,6,18.14,18.15,18.909999999999997,2008-06-27,Persistence+Trend,7,2008
2008-06-21,2008,6,18.17,18.2,18.38000000000001,2008-06-28,Persistence+Trend,7,2008
2008-06-22,2008,6,18.22,18.24,18.56999999999998,2008-06-29,Persistence+Trend,7,2008
2008-06-23,2008,6,18.06,18.25,16.939999999999998,2008-06-30,Persistence+Trend,7,2008
2008-06-24,2008,6,18.05,18.3,17.980000000000015,2008-07-01,Persistence+Trend,7,2008
2008-06-25,2008,6,18.09,18.39,18.369999999999994,2008-07-02,Persistence+Trend,7,2008
2008-06-26,2008,6,18.12,18.32,18.33000000000001,2008-07-03,Persistence+Trend,7,2008
2008-06-27,2008,6,18.15,18.34,18.35999999999998,2008-07-04,Persistence+Trend,7,2008
2008-06-28,2008,6,18.2,18.37,18.550000000000004,2008-07-05,Persistence+Trend,7,2008
2008-06-29,2008,6,18.24,18.34,18.519999999999992,2008-07-06,Persistence+Trend,7,2008
2008-06-30,2008,6,18.25,18.45,18.32000000000001,2008-07-07,Persistence+Trend,7,2008
2008-07-01,2008,7,18.3,18.59,18.650000000000006,2008-07-08,Persistence+Trend,7,2008
2008-07-02,2008,7,18.39,18.72,19.02,2008-07-09,Persistence+Trend,7,2008
2008-07-03,2008,7,18.32,18.82,17.83,2008-07-10,Persistence+Trend,7,2008
2008-07-04,2008,7,18.34,18.82,18.479999999999997,2008-07-11,Persistence+Trend,7,2008
2008-07-05,2008,7,18.37,18.59,18.58000000000001,2008-07-12,Persistence+Trend,7,2008
2008-07-06,2008,7,18.34,18.45,18.129999999999992,2008-07-13,Persistence+Trend,7,2008
2008-07-07,2008,7,18.45,18.37,19.219999999999995,2008-07-14,Persistence+Trend,7,2008
2008-07-08,2008,7,18.59,18.42,19.570000000000004,2008-07-15,Persistence+Trend,7,2008
2008-07-09,2008,7,18.72,18.49,19.629999999999992,2008-07-16,Persistence+Trend,7,2008
2008-07-10,2008,7,18.82,18.64,19.52000000000001,2008-07-17,Persistence+Trend,7,2008
2008-07-11,2008,7,18.82,18.75,18.82,2008-07-18,Persistence+Trend,7,2008
2008-07-12,2008,7,18.59,18.79,16.979999999999997,2008-07-19,Persistence+Trend,7,2008
2008-07-13,2008,7,18.45,18.87,17.469999999999995,2008-07-20,Persistence+Trend,7,2008
2008-07-14,2008,7,18.37,18.89,17.810000000000013,2008-07-21,Persistence+Trend,7,2008
2008-07-15,2008,7,18.42,19.06,18.770000000000007,2008-07-22,Persistence+Trend,7,2008
2008-07-16,2008,7,18.49,19.24,18.979999999999976,2008-07-23,Persistence+Trend,7,2008
2008-07-17,2008,7,18.64,19.34,19.690000000000015,2008-07-24,Persistence+Trend,7,2008
2008-07-18,2008,7,18.75,19.29,19.519999999999996,2008-07-25,Persistence+Trend,7,2008
2008-07-19,2008,7,18.79,19.17,19.069999999999993,2008-07-26,Persistence+Trend,7,2008
2008-07-20,2008,7,18.87,19.24,19.430000000000014,2008-07-27,Persistence+Trend,7,2008
2008-07-21,2008,7,18.89,19.26,19.029999999999998,2008-07-28,Persistence+Trend,7,2008
2008-07-22,2008,7,19.06,19.22,20.249999999999986,2008-07-29,Persistence+Trend,7,2008
2008-07-23,2008,7,19.24,19.17,20.499999999999996,2008-07-30,Persistence+Trend,7,2008
2008-07-24,2008,7,19.34,19.03,20.04000000000001,2008-07-31,Persistence+Trend,7,2008
2008-07-25,2008,7,19.29,18.94,18.939999999999994,2008-08-01,Persistence+Trend,7,2008
2008-07-26,2008,7,19.17,18.89,18.33000000000002,2008-08-02,Persistence+Trend,7,2008
2008-07-27,2008,7,19.24,18.8,19.729999999999976,2008-08-03,Persistence+Trend,7,2008
2008-07-28,2008,7,19.26,18.84,19.400000000000023,2008-08-04,Persistence+Trend,7,2008
2008-07-29,2008,7,19.22,18.77,18.93999999999998,2008-08-05,Persistence+Trend,7,2008
2008-07-30,2008,7,19.17,18.74,18.82000000000002,2008-08-06,Persistence+Trend,7,2008
2008-07-31,2008,7,19.03,18.73,18.049999999999997,2008-08-07,Persistence+Trend,7,2008
2008-08-01,2008,8,18.94,18.67,18.310000000000002,2008-08-08,Persistence+Trend,7,2008
2008-08-02,2008,8,18.89,18.65,18.539999999999996,2008-08-09,Persistence+Trend,7,2008
2008-08-03,2008,8,18.8,18.62,18.17,2008-08-10,Persistence+Trend,7,2008
2008-08-04,2008,8,18.84,18.59,19.119999999999994,2008-08-11,Persistence+Trend,7,2008
2008-08-05,2008,8,18.77,18.59,18.279999999999998,2008-08-12,Persistence+Trend,7,2008
2008-08-06,2008,8,18.74,18.7,18.52999999999999,2008-08-13,Persistence+Trend,7,2008
2008-08-07,2008,8,18.73,18.74,18.660000000000014,2008-08-14,Persistence+Trend,7,2008
2008-08-08,2008,8,18.67,18.74,18.25000000000001,2008-08-15,Persistence+Trend,7,2008
2008-08-09,2008,8,18.65,18.67,18.509999999999977,2008-08-16,Persistence+Trend,7,2008
2008-08-10,2008,8,18.62,18.78,18.410000000000018,2008-08-17,Persistence+Trend,7,2008
2008-08-11,2008,8,18.59,18.93,18.379999999999992,2008-08-18,Persistence+Trend,7,2008
2008-08-12,2008,8,18.59,19.07,18.59,2008-08-19,Persistence+Trend,7,2008
2008-08-13,2008,8,18.7,19.16,19.469999999999995,2008-08-20,Persistence+Trend,7,2008
2008-08-14,2008,8,18.74,19.29,19.019999999999992,2008-08-21,Persistence+Trend,7,2008
2008-08-15,2008,8,18.74,19.39,18.74,2008-08-22,Persistence+Trend,7,2008
2008-08-16,2008,8,18.67,19.39,18.180000000000025,2008-08-23,Persistence+Trend,7,2008
2008-08-17,2008,8,18.78,19.27,19.549999999999997,2008-08-24,Persistence+Trend,7,2008
2008-08-18,2008,8,18.93,19.19,19.97999999999999,2008-08-25,Persistence+Trend,7,2008
2008-08-19,2008,8,19.07,19.1,20.050000000000004,2008-08-26,Persistence+Trend,7,2008
2008-08-20,2008,8,19.16,19.09,19.79,2008-08-27,Persistence+Trend,7,2008
2008-08-21,2008,8,19.29,19.24,20.199999999999992,2008-08-28,Persistence+Trend,7,2008
2008-08-22,2008,8,19.39,19.27,20.09000000000001,2008-08-29,Persistence+Trend,7,2008
2008-08-23,2008,8,19.39,19.45,19.39,2008-08-30,Persistence+Trend,7,2008
2008-08-24,2008,8,19.27,19.63,18.429999999999993,2008-08-31,Persistence+Trend,7,2008
2008-08-25,2008,8,19.19,19.63,18.630000000000013,2008-09-01,Persistence+Trend,7,2008
2008-08-26,2008,8,19.1,19.61,18.470000000000002,2008-09-02,Persistence+Trend,7,2008
2008-08-27,2008,8,19.09,19.51,19.01999999999999,2008-09-03,Persistence+Trend,7,2008
2008-08-28,2008,8,19.24,19.56,20.28999999999999,2008-09-04,Persistence+Trend,7,2008
2008-08-29,2008,8,19.27,19.68,19.480000000000008,2008-09-05,Persistence+Trend,7,2008
2008-08-30,2008,8,19.45,19.73,20.709999999999997,2008-09-06,Persistence+Trend,7,2008
2008-08-31,2008,8,19.63,19.75,20.889999999999997,2008-09-07,Persistence+Trend,7,2008
2008-09-01,2008,9,19.63,19.64,19.63,2008-09-08,Persistence+Trend,7,2008
2008-09-02,2008,9,19.61,19.48,19.470000000000002,2008-09-09,Persistence+Trend,7,2008
2008-09-03,2008,9,19.51,19.33,18.810000000000016,2008-09-10,Persistence+Trend,7,2008
2008-09-04,2008,9,19.56,19.17,19.90999999999998,2008-09-11,Persistence+Trend,7,2008
2008-09-05,2008,9,19.68,19.01,20.520000000000007,2008-09-12,Persistence+Trend,7,2008
2008-09-06,2008,9,19.73,18.82,20.080000000000005,2008-09-13,Persistence+Trend,7,2008
2008-09-07,2008,9,19.75,18.6,19.889999999999997,2008-09-14,Persistence+Trend,7,2008
2008-09-08,2008,9,19.64,18.4,18.870000000000005,2008-09-15,Persistence+Trend,7,2008
2008-09-09,2008,9,19.48,18.3,18.36,2008-09-16,Persistence+Trend,7,2008
2008-09-10,2008,9,19.33,18.21,18.279999999999983,2008-09-17,Persistence+Trend,7,2008
2008-09-11,2008,9,19.17,18.04,18.050000000000026,2008-09-18,Persistence+Trend,7,2008
2008-09-12,2008,9,19.01,17.87,17.89,2008-09-19,Persistence+Trend,7,2008
2008-09-13,2008,9,18.82,17.74,17.48999999999999,2008-09-20,Persistence+Trend,7,2008
2008-09-14,2008,9,18.6,17.53,17.06000000000001,2008-09-21,Persistence+Trend,7,2008
2008-09-15,2008,9,18.4,17.45,16.99999999999998,2008-09-22,Persistence+Trend,7,2008
2008-09-16,2008,9,18.3,17.41,17.600000000000016,2008-09-23,Persistence+Trend,7,2008
2008-09-17,2008,9,18.21,17.35,17.580000000000002,2008-09-24,Persistence+Trend,7,2008
2008-09-18,2008,9,18.04,17.31,16.849999999999987,2008-09-25,Persistence+Trend,7,2008
2008-09-19,2008,9,17.87,17.21,16.680000000000014,2008-09-26,Persistence+Trend,7,2008
2008-09-20,2008,9,17.74,17.18,16.82999999999998,2008-09-27,Persistence+Trend,7,2008
2008-09-21,2008,9,17.53,17.12,16.06000000000002,2008-09-28,Persistence+Trend,7,2008
2008-09-22,2008,9,17.45,17.09,16.889999999999986,2008-09-29,Persistence+Trend,7,2008
2008-09-23,2008,9,17.41,17.08,17.130000000000006,2008-09-30,Persistence+Trend,7,2008
2008-09-24,2008,9,17.35,17.04,16.93000000000001,2008-10-01,Persistence+Trend,7,2008
2008-09-25,2008,9,17.31,17.0,17.02999999999998,2008-10-02,Persistence+Trend,7,2008
2008-09-26,2008,9,17.21,16.99,16.510000000000016,2008-10-03,Persistence+Trend,7,2008
2008-09-27,2008,9,17.18,16.88,16.96999999999999,2008-10-04,Persistence+Trend,7,2008
2008-09-28,2008,9,17.12,16.87,16.70000000000001,2008-10-05,Persistence+Trend,7,2008
2008-09-29,2008,9,17.09,16.95,16.879999999999992,2008-10-06,Persistence+Trend,7,2008
2008-09-30,2008,9,17.08,16.95,17.009999999999987,2008-10-07,Persistence+Trend,7,2008
2008-10-01,2008,10,17.04,16.9,16.760000000000005,2008-10-08,Persistence+Trend,7,2008
2008-10-02,2008,10,17.0,16.9,16.720000000000006,2008-10-09,Persistence+Trend,7,2008
2008-10-03,2008,10,16.99,16.89,16.919999999999987,2008-10-10,Persistence+Trend,7,2008
2008-10-04,2008,10,16.88,16.78,16.110000000000003,2008-10-11,Persistence+Trend,7,2008
2008-10-05,2008,10,16.87,16.71,16.800000000000015,2008-10-12,Persistence+Trend,7,2008
2008-10-06,2008,10,16.95,16.65,17.509999999999987,2008-10-13,Persistence+Trend,7,2008
2008-10-07,2008,10,16.95,16.56,16.95,2008-10-14,Persistence+Trend,7,2008
2008-10-08,2008,10,16.9,16.47,16.549999999999994,2008-10-15,Persistence+Trend,7,2008
2008-10-09,2008,10,16.9,16.45,16.9,2008-10-16,Persistence+Trend,7,2008
2008-10-10,2008,10,16.89,16.37,16.820000000000014,2008-10-17,Persistence+Trend,7,2008
2008-10-11,2008,10,16.78,16.26,16.010000000000005,2008-10-18,Persistence+Trend,7,2008
2008-10-12,2008,10,16.71,16.13,16.22,2008-10-19,Persistence+Trend,7,2008
2008-10-13,2008,10,16.65,15.99,16.229999999999983,2008-10-20,Persistence+Trend,7,2008
2008-10-14,2008,10,16.56,15.89,15.93,2008-10-21,Persistence+Trend,7,2008
2008-10-15,2008,10,16.47,15.8,15.84,2008-10-22,Persistence+Trend,7,2008
2008-10-16,2008,10,16.45,15.71,16.310000000000002,2008-10-23,Persistence+Trend,7,2008
2008-10-17,2008,10,16.37,15.63,15.810000000000013,2008-10-24,Persistence+Trend,7,2008
2008-10-18,2008,10,16.26,15.55,15.490000000000006,2008-10-25,Persistence+Trend,7,2008
2008-10-19,2008,10,16.13,15.47,15.219999999999981,2008-10-26,Persistence+Trend,7,2008
2008-10-20,2008,10,15.99,15.43,15.010000000000009,2008-10-27,Persistence+Trend,7,2008
2008-10-21,2008,10,15.89,15.41,15.190000000000003,2008-10-28,Persistence+Trend,7,2008
2008-10-22,2008,10,15.8,15.54,15.170000000000002,2008-10-29,Persistence+Trend,7,2008
2008-10-23,2008,10,15.71,15.72,15.080000000000002,2008-10-30,Persistence+Trend,7,2008
2008-10-24,2008,10,15.63,15.8,15.07,2008-10-31,Persistence+Trend,7,2008
2008-10-25,2008,10,15.55,15.9,14.99,2008-11-01,Persistence+Trend,7,2008
2008-10-26,2008,10,15.47,16.11,14.91,2008-11-02,Persistence+Trend,7,2008
2008-10-27,2008,10,15.43,16.26,15.149999999999993,2008-11-03,Persistence+Trend,7,2008
2008-10-28,2008,10,15.41,16.17,15.270000000000003,2008-11-04,Persistence+Trend,7,2008
2008-10-29,2008,10,15.54,15.95,16.449999999999992,2008-11-05,Persistence+Trend,7,2008
2008-10-30,2008,10,15.72,15.8,16.98000000000001,2008-11-06,Persistence+Trend,7,2008
2008-10-31,2008,10,15.8,15.64,16.36,2008-11-07,Persistence+Trend,7,2008
2008-11-01,2008,11,15.9,15.45,16.599999999999998,2008-11-08,Persistence+Trend,7,2008
2008-11-02,2008,11,16.11,15.31,17.57999999999999,2008-11-09,Persistence+Trend,7,2008
2008-11-03,2008,11,16.26,15.24,17.310000000000016,2008-11-10,Persistence+Trend,7,2008
2008-11-04,2008,11,16.17,15.17,15.540000000000003,2008-11-11,Persistence+Trend,7,2008
2008-11-05,2008,11,15.95,15.09,14.409999999999982,2008-11-12,Persistence+Trend,7,2008
2008-11-06,2008,11,15.8,15.04,14.75000000000001,2008-11-13,Persistence+Trend,7,2008
2008-11-07,2008,11,15.64,14.99,14.52,2008-11-14,Persistence+Trend,7,2008
2008-11-08,2008,11,15.45,14.94,14.11999999999999,2008-11-15,Persistence+Trend,7,2008
2008-11-09,2008,11,15.31,14.9,14.330000000000009,2008-11-16,Persistence+Trend,7,2008
2008-11-10,2008,11,15.24,14.85,14.749999999999998,2008-11-17,Persistence+Trend,7,2008
2008-11-11,2008,11,15.17,14.8,14.679999999999998,2008-11-18,Persistence+Trend,7,2008
2008-11-12,2008,11,15.09,14.78,14.53,2008-11-19,Persistence+Trend,7,2008
2008-11-13,2008,11,15.04,14.76,14.689999999999994,2008-11-20,Persistence+Trend,7,2008
2008-11-14,2008,11,14.99,14.72,14.640000000000008,2008-11-21,Persistence+Trend,7,2008
2008-11-15,2008,11,14.94,14.699,14.589999999999995,2008-11-22,Persistence+Trend,7,2008
2008-11-16,2008,11,14.9,14.67,14.620000000000006,2008-11-23,Persistence+Trend,7,2008
2008-11-17,2008,11,14.85,14.63,14.499999999999995,2008-11-24,Persistence+Trend,7,2008
2008-11-18,2008,11,14.8,14.59,14.450000000000008,2008-11-25,Persistence+Trend,7,2008
2008-11-19,2008,11,14.78,14.57,14.63999999999999,2008-11-26,Persistence+Trend,7,2008
2008-11-20,2008,11,14.76,14.54,14.620000000000003,2008-11-27,Persistence+Trend,7,2008
2008-11-21,2008,11,14.72,14.52,14.440000000000007,2008-11-28,Persistence+Trend,7,2008
2008-11-22,2008,11,14.699,14.5,14.551999999999994,2008-11-29,Persistence+Trend,7,2008
2008-11-23,2008,11,14.67,14.47,14.467,2008-11-30,Persistence+Trend,7,2008
2008-11-24,2008,11,14.63,14.45,14.350000000000007,2008-12-01,Persistence+Trend,7,2008
2008-11-25,2008,11,14.59,14.42,14.309999999999993,2008-12-02,Persistence+Trend,7,2008
2008-11-26,2008,11,14.57,14.39,14.430000000000003,2008-12-03,Persistence+Trend,7,2008
2008-11-27,2008,11,14.54,14.35,14.329999999999991,2008-12-04,Persistence+Trend,7,2008
2008-11-28,2008,11,14.52,14.33,14.380000000000003,2008-12-05,Persistence+Trend,7,2008
2008-11-29,2008,11,14.5,14.31,14.360000000000003,2008-12-06,Persistence+Trend,7,2008
2008-11-30,2008,11,14.47,14.27,14.260000000000005,2008-12-07,Persistence+Trend,7,2008
2008-12-01,2008,12,14.45,14.26,14.30999999999999,2008-12-08,Persistence+Trend,7,2008
2008-12-02,2008,12,14.42,14.24,14.210000000000004,2008-12-09,Persistence+Trend,7,2008
2008-12-03,2008,12,14.39,14.21,14.180000000000005,2008-12-10,Persistence+Trend,7,2008
2008-12-04,2008,12,14.35,14.2,14.069999999999993,2008-12-11,Persistence+Trend,7,2008
2008-12-05,2008,12,14.33,14.18,14.190000000000003,2008-12-12,Persistence+Trend,7,2008
2008-12-06,2008,12,14.31,14.17,14.170000000000003,2008-12-13,Persistence+Trend,7,2008
2008-12-07,2008,12,14.27,14.15,13.989999999999993,2008-12-14,Persistence+Trend,7,2008
2008-12-08,2008,12,14.26,14.13,14.190000000000001,2008-12-15,Persistence+Trend,7,2008
2008-12-09,2008,12,14.24,14.1,14.100000000000003,2008-12-16,Persistence+Trend,7,2008
2008-12-10,2008,12,14.21,14.08,14.000000000000005,2008-12-17,Persistence+Trend,7,2008
2008-12-11,2008,12,14.2,14.06,14.129999999999988,2008-12-18,Persistence+Trend,7,2008
2008-12-12,2008,12,14.18,14.04,14.040000000000003,2008-12-19,Persistence+Trend,7,2008
2008-12-13,2008,12,14.17,14.02,14.100000000000001,2008-12-20,Persistence+Trend,7,2008
2008-12-14,2008,12,14.15,14.0,14.010000000000003,2008-12-21,Persistence+Trend,7,2008
2008-12-15,2008,12,14.13,13.98,13.990000000000004,2008-12-22,Persistence+Trend,7,2008
2008-12-16,2008,12,14.1,13.97,13.889999999999992,2008-12-23,Persistence+Trend,7,2008
2008-12-17,2008,12,14.08,13.95,13.940000000000003,2008-12-24,Persistence+Trend,7,2008
2008-12-18,2008,12,14.06,13.93,13.920000000000003,2008-12-25,Persistence+Trend,7,2008
2008-12-19,2008,12,14.04,13.91,13.89999999999999,2008-12-26,Persistence+Trend,7,2008
2008-12-20,2008,12,14.02,13.89,13.880000000000003,2008-12-27,Persistence+Trend,7,2008
2008-12-21,2008,12,14.0,13.87,13.860000000000003,2008-12-28,Persistence+Trend,7,2008
2008-12-22,2008,12,13.98,13.85,13.840000000000003,2008-12-29,Persistence+Trend,7,2008
2008-12-23,2008,12,13.97,13.84,13.900000000000002,2008-12-30,Persistence+Trend,7,2008
2008-12-24,2008,12,13.95,13.83,13.80999999999999,2008-12-31,Persistence+Trend,7,2008
2008-12-25,2008,12,13.93,13.81,13.790000000000003,2009-01-01,Persistence+Trend,7,2008
2008-12-26,2008,12,13.91,13.79,13.770000000000003,2009-01-02,Persistence+Trend,7,2008
2008-12-27,2008,12,13.89,13.77,13.750000000000004,2009-01-03,Persistence+Trend,7,2008
2008-12-28,2008,12,13.87,13.75,13.72999999999999,2009-01-04,Persistence+Trend,7,2008
2008-12-29,2008,12,13.85,13.74,13.710000000000003,2009-01-05,Persistence+Trend,7,2008
2008-12-30,2008,12,13.84,13.73,13.770000000000001,2009-01-06,Persistence+Trend,7,2008
2008-12-31,2008,12,13.83,13.71,13.760000000000002,2009-01-07,Persistence+Trend,7,2008
2009-01-01,2009,1,13.81,13.69,13.670000000000003,2009-01-08,Persistence+Trend,7,2009
2009-01-02,2009,1,13.79,13.67,13.64999999999999,2009-01-09,Persistence+Trend,7,2009
2009-01-03,2009,1,13.77,13.66,13.630000000000003,2009-01-10,Persistence+Trend,7,2009
2009-01-04,2009,1,13.75,13.65,13.610000000000003,2009-01-11,Persistence+Trend,7,2009
2009-01-05,2009,1,13.74,13.64,13.670000000000002,2009-01-12,Persistence+Trend,7,2009
2009-01-06,2009,1,13.73,13.62,13.660000000000002,2009-01-13,Persistence+Trend,7,2009
2009-01-07,2009,1,13.71,13.6,13.570000000000004,2009-01-14,Persistence+Trend,7,2009
2009-01-08,2009,1,13.69,13.587,13.54999999999999,2009-01-15,Persistence+Trend,7,2009
2009-01-09,2009,1,13.67,13.56,13.530000000000003,2009-01-16,Persistence+Trend,7,2009
2009-01-10,2009,1,13.66,13.55,13.590000000000002,2009-01-17,Persistence+Trend,7,2009
2009-01-11,2009,1,13.65,13.54,13.580000000000002,2009-01-18,Persistence+Trend,7,2009
2009-01-12,2009,1,13.64,13.53,13.570000000000002,2009-01-19,Persistence+Trend,7,2009
2009-01-13,2009,1,13.62,13.51,13.47999999999999,2009-01-20,Persistence+Trend,7,2009
2009-01-14,2009,1,13.6,13.49,13.460000000000003,2009-01-21,Persistence+Trend,7,2009
2009-01-15,2009,1,13.587,13.47,13.496,2009-01-22,Persistence+Trend,7,2009
2009-01-16,2009,1,13.56,13.46,13.371000000000006,2009-01-23,Persistence+Trend,7,2009
2009-01-17,2009,1,13.55,13.45,13.480000000000002,2009-01-24,Persistence+Trend,7,2009
2009-01-18,2009,1,13.54,13.44,13.469999999999988,2009-01-25,Persistence+Trend,7,2009
2009-01-19,2009,1,13.53,13.43,13.46,2009-01-26,Persistence+Trend,7,2009
2009-01-20,2009,1,13.51,13.43,13.370000000000003,2009-01-27,Persistence+Trend,7,2009
2009-01-21,2009,1,13.49,13.42,13.350000000000003,2009-01-28,Persistence+Trend,7,2009
2009-01-22,2009,1,13.47,13.41,13.330000000000004,2009-01-29,Persistence+Trend,7,2009
2009-01-23,2009,1,13.46,13.4,13.390000000000002,2009-01-30,Persistence+Trend,7,2009
2009-01-24,2009,1,13.45,13.39,13.379999999999988,2009-01-31,Persistence+Trend,7,2009
2009-01-25,2009,1,13.44,13.37,13.370000000000001,2009-02-01,Persistence+Trend,7,2009
2009-01-26,2009,1,13.43,13.37,13.360000000000001,2009-02-02,Persistence+Trend,7,2009
2009-01-27,2009,1,13.43,13.36,13.43,2009-02-03,Persistence+Trend,7,2009
2009-01-28,2009,1,13.42,13.36,13.350000000000001,2009-02-04,Persistence+Trend,7,2009
2009-01-29,2009,1,13.41,13.36,13.340000000000002,2009-02-05,Persistence+Trend,7,2009
2009-01-30,2009,1,13.4,13.36,13.330000000000002,2009-02-06,Persistence+Trend,7,2009
2009-01-31,2009,1,13.39,13.36,13.320000000000002,2009-02-07,Persistence+Trend,7,2009
2009-02-01,2009,2,13.37,13.36,13.22999999999999,2009-02-08,Persistence+Trend,7,2009
2009-02-02,2009,2,13.37,13.35,13.37,2009-02-09,Persistence+Trend,7,2009
2009-02-03,2009,2,13.36,13.35,13.290000000000001,2009-02-10,Persistence+Trend,7,2009
2009-02-04,2009,2,13.36,13.34,13.36,2009-02-11,Persistence+Trend,7,2009
2009-02-05,2009,2,13.36,13.33,13.36,2009-02-12,Persistence+Trend,7,2009
2009-02-06,2009,2,13.36,13.31,13.36,2009-02-13,Persistence+Trend,7,2009
2009-02-07,2009,2,13.36,13.29,13.36,2009-02-14,Persistence+Trend,7,2009
2009-02-08,2009,2,13.36,13.27,13.36,2009-02-15,Persistence+Trend,7,2009
2009-02-09,2009,2,13.35,13.25,13.280000000000001,2009-02-16,Persistence+Trend,7,2009
2009-02-10,2009,2,13.35,13.23,13.35,2009-02-17,Persistence+Trend,7,2009
2009-02-11,2009,2,13.34,13.22,13.270000000000001,2009-02-18,Persistence+Trend,7,2009
2009-02-12,2009,2,13.33,13.21,13.260000000000002,2009-02-19,Persistence+Trend,7,2009
2009-02-13,2009,2,13.31,13.2,13.170000000000003,2009-02-20,Persistence+Trend,7,2009
2009-02-14,2009,2,13.29,13.19,13.14999999999999,2009-02-21,Persistence+Trend,7,2009
2009-02-15,2009,2,13.27,13.17,13.130000000000003,2009-02-22,Persistence+Trend,7,2009
2009-02-16,2009,2,13.25,13.15,13.110000000000003,2009-02-23,Persistence+Trend,7,2009
2009-02-17,2009,2,13.23,13.14,13.090000000000003,2009-02-24,Persistence+Trend,7,2009
2009-02-18,2009,2,13.22,13.13,13.150000000000002,2009-02-25,Persistence+Trend,7,2009
2009-02-19,2009,2,13.21,13.12,13.140000000000002,2009-02-26,Persistence+Trend,7,2009
2009-02-20,2009,2,13.2,13.11,13.129999999999988,2009-02-27,Persistence+Trend,7,2009
2009-02-21,2009,2,13.19,13.1,13.120000000000001,2009-02-28,Persistence+Trend,7,2009
2009-02-22,2009,2,13.17,13.12,13.030000000000003,2009-03-01,Persistence+Trend,7,2009
2009-02-23,2009,2,13.15,13.15,13.010000000000003,2009-03-02,Persistence+Trend,7,2009
2009-02-24,2009,2,13.14,13.17,13.070000000000002,2009-03-03,Persistence+Trend,7,2009
2009-02-25,2009,2,13.13,13.2,13.060000000000002,2009-03-04,Persistence+Trend,7,2009
2009-02-26,2009,2,13.12,13.26,13.049999999999988,2009-03-05,Persistence+Trend,7,2009
2009-02-27,2009,2,13.11,13.35,13.040000000000001,2009-03-06,Persistence+Trend,7,2009
2009-02-28,2009,2,13.1,13.45,13.030000000000001,2009-03-07,Persistence+Trend,7,2009
2009-03-01,2009,3,13.12,13.5,13.259999999999996,2009-03-08,Persistence+Trend,7,2009
2009-03-02,2009,3,13.15,13.52,13.360000000000008,2009-03-09,Persistence+Trend,7,2009
2009-03-03,2009,3,13.17,13.53,13.309999999999997,2009-03-10,Persistence+Trend,7,2009
2009-03-04,2009,3,13.2,13.5,13.409999999999995,2009-03-11,Persistence+Trend,7,2009
2009-03-05,2009,3,13.26,13.46,13.680000000000003,2009-03-12,Persistence+Trend,7,2009
2009-03-06,2009,3,13.35,13.44,13.979999999999999,2009-03-13,Persistence+Trend,7,2009
2009-03-07,2009,3,13.45,13.42,14.149999999999997,2009-03-14,Persistence+Trend,7,2009
2009-03-08,2009,3,13.5,13.39,13.850000000000005,2009-03-15,Persistence+Trend,7,2009
2009-03-09,2009,3,13.52,13.37,13.659999999999997,2009-03-16,Persistence+Trend,7,2009
2009-03-10,2009,3,13.53,13.38,13.599999999999998,2009-03-17,Persistence+Trend,7,2009
2009-03-11,2009,3,13.5,13.4,13.290000000000004,2009-03-18,Persistence+Trend,7,2009
2009-03-12,2009,3,13.46,13.43,13.180000000000007,2009-03-19,Persistence+Trend,7,2009
2009-03-13,2009,3,13.44,13.45,13.29999999999999,2009-03-20,Persistence+Trend,7,2009
2009-03-14,2009,3,13.42,13.46,13.280000000000003,2009-03-21,Persistence+Trend,7,2009
2009-03-15,2009,3,13.39,13.47,13.180000000000005,2009-03-22,Persistence+Trend,7,2009
2009-03-16,2009,3,13.37,13.47,13.22999999999999,2009-03-23,Persistence+Trend,7,2009
2009-03-17,2009,3,13.38,13.45,13.450000000000012,2009-03-24,Persistence+Trend,7,2009
2009-03-18,2009,3,13.4,13.43,13.539999999999997,2009-03-25,Persistence+Trend,7,2009
2009-03-19,2009,3,13.43,13.41,13.639999999999995,2009-03-26,Persistence+Trend,7,2009
2009-03-20,2009,3,13.45,13.4,13.589999999999996,2009-03-27,Persistence+Trend,7,2009
2009-03-21,2009,3,13.46,13.4,13.530000000000012,2009-03-28,Persistence+Trend,7,2009
2009-03-22,2009,3,13.47,13.39,13.54,2009-03-29,Persistence+Trend,7,2009
2009-03-23,2009,3,13.47,13.39,13.47,2009-03-30,Persistence+Trend,7,2009
2009-03-24,2009,3,13.45,13.39,13.30999999999999,2009-03-31,Persistence+Trend,7,2009
2009-03-25,2009,3,13.43,13.38,13.290000000000003,2009-04-01,Persistence+Trend,7,2009
2009-03-26,2009,3,13.41,13.39,13.270000000000003,2009-04-02,Persistence+Trend,7,2009
2009-03-27,2009,3,13.4,13.5,13.330000000000002,2009-04-03,Persistence+Trend,7,2009
2009-03-28,2009,3,13.4,13.54,13.4,2009-04-04,Persistence+Trend,7,2009
2009-03-29,2009,3,13.39,13.55,13.320000000000002,2009-04-05,Persistence+Trend,7,2009
2009-03-30,2009,3,13.39,13.54,13.39,2009-04-06,Persistence+Trend,7,2009
2009-03-31,2009,3,13.39,13.54,13.39,2009-04-07,Persistence+Trend,7,2009
2009-04-01,2009,4,13.38,13.6,13.310000000000002,2009-04-08,Persistence+Trend,7,2009
2009-04-02,2009,4,13.39,13.7,13.459999999999999,2009-04-09,Persistence+Trend,7,2009
2009-04-03,2009,4,13.5,13.82,14.269999999999996,2009-04-10,Persistence+Trend,7,2009
2009-04-04,2009,4,13.54,13.87,13.819999999999993,2009-04-11,Persistence+Trend,7,2009
2009-04-05,2009,4,13.55,13.89,13.620000000000012,2009-04-12,Persistence+Trend,7,2009
2009-04-06,2009,4,13.54,13.83,13.469999999999988,2009-04-13,Persistence+Trend,7,2009
2009-04-07,2009,4,13.54,13.85,13.54,2009-04-14,Persistence+Trend,7,2009
2009-04-08,2009,4,13.6,13.93,14.020000000000003,2009-04-15,Persistence+Trend,7,2009
2009-04-09,2009,4,13.7,13.99,14.399999999999997,2009-04-16,Persistence+Trend,7,2009
2009-04-10,2009,4,13.82,14.07,14.660000000000007,2009-04-17,Persistence+Trend,7,2009
2009-04-11,2009,4,13.87,14.16,14.219999999999992,2009-04-18,Persistence+Trend,7,2009
2009-04-12,2009,4,13.89,14.22,14.03000000000001,2009-04-19,Persistence+Trend,7,2009
2009-04-13,2009,4,13.83,14.28,13.409999999999997,2009-04-20,Persistence+Trend,7,2009
2009-04-14,2009,4,13.85,14.32,13.989999999999997,2009-04-21,Persistence+Trend,7,2009
2009-04-15,2009,4,13.93,14.3,14.49,2009-04-22,Persistence+Trend,7,2009
2009-04-16,2009,4,13.99,14.21,14.410000000000004,2009-04-23,Persistence+Trend,7,2009
2009-04-17,2009,4,14.07,14.28,14.63,2009-04-24,Persistence+Trend,7,2009
2009-04-18,2009,4,14.16,14.43,14.79,2009-04-25,Persistence+Trend,7,2009
2009-04-19,2009,4,14.22,14.63,14.640000000000004,2009-04-26,Persistence+Trend,7,2009
2009-04-20,2009,4,14.28,14.71,14.69999999999999,2009-04-27,Persistence+Trend,7,2009
2009-04-21,2009,4,14.32,14.71,14.600000000000007,2009-04-28,Persistence+Trend,7,2009
2009-04-22,2009,4,14.3,14.62,14.160000000000004,2009-04-29,Persistence+Trend,7,2009
2009-04-23,2009,4,14.21,14.73,13.580000000000002,2009-04-30,Persistence+Trend,7,2009
2009-04-24,2009,4,14.28,14.82,14.769999999999989,2009-05-01,Persistence+Trend,7,2009
2009-04-25,2009,4,14.43,14.91,15.480000000000002,2009-05-02,Persistence+Trend,7,2009
2009-04-26,2009,4,14.63,14.86,16.03000000000001,2009-05-03,Persistence+Trend,7,2009
2009-04-27,2009,4,14.71,14.85,15.270000000000001,2009-05-04,Persistence+Trend,7,2009
2009-04-28,2009,4,14.71,14.82,14.71,2009-05-05,Persistence+Trend,7,2009
2009-04-29,2009,4,14.62,14.77,13.989999999999988,2009-05-06,Persistence+Trend,7,2009
2009-04-30,2009,4,14.73,14.76,15.500000000000009,2009-05-07,Persistence+Trend,7,2009
2009-05-01,2009,5,14.82,14.74,15.45,2009-05-08,Persistence+Trend,7,2009
2009-05-02,2009,5,14.91,14.73,15.54,2009-05-09,Persistence+Trend,7,2009
2009-05-03,2009,5,14.86,14.71,14.509999999999994,2009-05-10,Persistence+Trend,7,2009
2009-05-04,2009,5,14.85,14.79,14.780000000000001,2009-05-11,Persistence+Trend,7,2009
2009-05-05,2009,5,14.82,14.87,14.610000000000005,2009-05-12,Persistence+Trend,7,2009
2009-05-06,2009,5,14.77,14.92,14.419999999999995,2009-05-13,Persistence+Trend,7,2009
2009-05-07,2009,5,14.76,14.95,14.690000000000001,2009-05-14,Persistence+Trend,7,2009
2009-05-08,2009,5,14.74,15.03,14.600000000000003,2009-05-15,Persistence+Trend,7,2009
2009-05-09,2009,5,14.73,15.11,14.660000000000002,2009-05-16,Persistence+Trend,7,2009
2009-05-10,2009,5,14.71,15.19,14.570000000000004,2009-05-17,Persistence+Trend,7,2009
2009-05-11,2009,5,14.79,15.22,15.349999999999987,2009-05-18,Persistence+Trend,7,2009
2009-05-12,2009,5,14.87,15.17,15.43,2009-05-19,Persistence+Trend,7,2009
2009-05-13,2009,5,14.92,14.99,15.270000000000005,2009-05-20,Persistence+Trend,7,2009
2009-05-14,2009,5,14.95,14.95,15.159999999999995,2009-05-21,Persistence+Trend,7,2009
2009-05-15,2009,5,15.03,14.91,15.59,2009-05-22,Persistence+Trend,7,2009
2009-05-16,2009,5,15.11,14.87,15.67,2009-05-23,Persistence+Trend,7,2009
2009-05-17,2009,5,15.19,14.8,15.75,2009-05-24,Persistence+Trend,7,2009
2009-05-18,2009,5,15.22,14.8,15.430000000000009,2009-05-25,Persistence+Trend,7,2009
2009-05-19,2009,5,15.17,14.83,14.819999999999995,2009-05-26,Persistence+Trend,7,2009
2009-05-20,2009,5,14.99,15.07,13.730000000000002,2009-05-27,Persistence+Trend,7,2009
2009-05-21,2009,5,14.95,16.29,14.669999999999993,2009-05-28,Persistence+Trend,7,2009
2009-05-22,2009,5,14.91,16.4,14.630000000000006,2009-05-29,Persistence+Trend,7,2009
2009-05-23,2009,5,14.87,16.2,14.589999999999993,2009-05-30,Persistence+Trend,7,2009
2009-05-24,2009,5,14.8,15.98,14.310000000000011,2009-05-31,Persistence+Trend,7,2009
2009-05-25,2009,5,14.8,15.93,14.8,2009-06-01,Persistence+Trend,7,2009
2009-05-26,2009,5,14.83,15.99,15.039999999999996,2009-06-02,Persistence+Trend,7,2009
2009-05-27,2009,5,15.07,16.05,16.75,2009-06-03,Persistence+Trend,7,2009
2009-05-28,2009,5,16.29,16.01,24.82999999999999,2009-06-04,Persistence+Trend,7,2009
2009-05-29,2009,5,16.4,15.92,17.169999999999995,2009-06-05,Persistence+Trend,7,2009
2009-05-30,2009,5,16.2,15.87,14.800000000000004,2009-06-06,Persistence+Trend,7,2009
2009-05-31,2009,5,15.98,15.85,14.440000000000008,2009-06-07,Persistence+Trend,7,2009
2009-06-01,2009,6,15.93,15.85,15.579999999999995,2009-06-08,Persistence+Trend,7,2009
2009-06-02,2009,6,15.99,15.82,16.410000000000004,2009-06-09,Persistence+Trend,7,2009
2009-06-03,2009,6,16.05,15.82,16.470000000000006,2009-06-10,Persistence+Trend,7,2009
2009-06-04,2009,6,16.01,15.75,15.730000000000008,2009-06-11,Persistence+Trend,7,2009
2009-06-05,2009,6,15.92,15.74,15.289999999999988,2009-06-12,Persistence+Trend,7,2009
2009-06-06,2009,6,15.87,15.82,15.519999999999994,2009-06-13,Persistence+Trend,7,2009
2009-06-07,2009,6,15.85,15.89,15.710000000000003,2009-06-14,Persistence+Trend,7,2009
2009-06-08,2009,6,15.85,16.06,15.85,2009-06-15,Persistence+Trend,7,2009
2009-06-09,2009,6,15.82,16.24,15.610000000000005,2009-06-16,Persistence+Trend,7,2009
2009-06-10,2009,6,15.82,16.46,15.82,2009-06-17,Persistence+Trend,7,2009
2009-06-11,2009,6,15.75,16.57,15.259999999999998,2009-06-18,Persistence+Trend,7,2009
2009-06-12,2009,6,15.74,16.57,15.670000000000002,2009-06-19,Persistence+Trend,7,2009
2009-06-13,2009,6,15.82,16.43,16.380000000000003,2009-06-20,Persistence+Trend,7,2009
2009-06-14,2009,6,15.89,16.26,16.380000000000003,2009-06-21,Persistence+Trend,7,2009
2009-06-15,2009,6,16.06,16.22,17.249999999999986,2009-06-22,Persistence+Trend,7,2009
2009-06-16,2009,6,16.24,16.11,17.499999999999996,2009-06-23,Persistence+Trend,7,2009
2009-06-17,2009,6,16.46,16.22,18.000000000000018,2009-06-24,Persistence+Trend,7,2009
2009-06-18,2009,6,16.57,16.27,17.339999999999996,2009-06-25,Persistence+Trend,7,2009
2009-06-19,2009,6,16.57,16.31,16.57,2009-06-26,Persistence+Trend,7,2009
2009-06-20,2009,6,16.43,16.22,15.449999999999996,2009-06-27,Persistence+Trend,7,2009
2009-06-21,2009,6,16.26,16.3,15.070000000000014,2009-06-28,Persistence+Trend,7,2009
2009-06-22,2009,6,16.22,16.67,15.93999999999998,2009-06-29,Persistence+Trend,7,2009
2009-06-23,2009,6,16.11,16.84,15.340000000000003,2009-06-30,Persistence+Trend,7,2009
2009-06-24,2009,6,16.22,17.07,16.989999999999995,2009-07-01,Persistence+Trend,7,2009
2009-06-25,2009,6,16.27,17.6,16.620000000000005,2009-07-02,Persistence+Trend,7,2009
2009-06-26,2009,6,16.31,17.98,16.589999999999993,2009-07-03,Persistence+Trend,7,2009
2009-06-27,2009,6,16.22,18.57,15.59,2009-07-04,Persistence+Trend,7,2009
2009-06-28,2009,6,16.3,18.67,16.860000000000014,2009-07-05,Persistence+Trend,7,2009
2009-06-29,2009,6,16.67,18.83,19.26000000000001,2009-07-06,Persistence+Trend,7,2009
2009-06-30,2009,6,16.84,18.91,18.029999999999987,2009-07-07,Persistence+Trend,7,2009
2009-07-01,2009,7,17.07,18.83,18.680000000000003,2009-07-08,Persistence+Trend,7,2009
2009-07-02,2009,7,17.6,18.57,21.31000000000001,2009-07-09,Persistence+Trend,7,2009
2009-07-03,2009,7,17.98,18.44,20.639999999999993,2009-07-10,Persistence+Trend,7,2009
2009-07-04,2009,7,18.57,18.32,22.7,2009-07-11,Persistence+Trend,7,2009
2009-07-05,2009,7,18.67,18.28,19.37000000000001,2009-07-12,Persistence+Trend,7,2009
2009-07-06,2009,7,18.83,18.25,19.949999999999974,2009-07-13,Persistence+Trend,7,2009
2009-07-07,2009,7,18.91,18.2,19.470000000000013,2009-07-14,Persistence+Trend,7,2009
2009-07-08,2009,7,18.83,18.17,18.269999999999985,2009-07-15,Persistence+Trend,7,2009
2009-07-09,2009,7,18.57,18.09,16.750000000000014,2009-07-16,Persistence+Trend,7,2009
2009-07-10,2009,7,18.44,17.99,17.53000000000001,2009-07-17,Persistence+Trend,7,2009
2009-07-11,2009,7,18.32,17.86,17.479999999999993,2009-07-18,Persistence+Trend,7,2009
2009-07-12,2009,7,18.28,17.74,18.000000000000007,2009-07-19,Persistence+Trend,7,2009
2009-07-13,2009,7,18.25,17.58,18.039999999999992,2009-07-20,Persistence+Trend,7,2009
2009-07-14,2009,7,18.2,17.39,17.849999999999994,2009-07-21,Persistence+Trend,7,2009
2009-07-15,2009,7,18.17,17.32,17.96000000000002,2009-07-22,Persistence+Trend,7,2009
2009-07-16,2009,7,18.09,17.27,17.529999999999987,2009-07-23,Persistence+Trend,7,2009
2009-07-17,2009,7,17.99,17.19,17.28999999999999,2009-07-24,Persistence+Trend,7,2009
2009-07-18,2009,7,17.86,17.16,16.950000000000006,2009-07-25,Persistence+Trend,7,2009
2009-07-19,2009,7,17.74,17.12,16.89999999999999,2009-07-26,Persistence+Trend,7,2009
2009-07-20,2009,7,17.58,17.12,16.459999999999997,2009-07-27,Persistence+Trend,7,2009
2009-07-21,2009,7,17.39,17.4,16.060000000000016,2009-07-28,Persistence+Trend,7,2009
2009-07-22,2009,7,17.32,17.72,16.83,2009-07-29,Persistence+Trend,7,2009
2009-07-23,2009,7,17.27,17.93,16.919999999999995,2009-07-30,Persistence+Trend,7,2009
2009-07-24,2009,7,17.19,18.15,16.630000000000013,2009-07-31,Persistence+Trend,7,2009
2009-07-25,2009,7,17.16,18.36,16.949999999999992,2009-08-01,Persistence+Trend,7,2009
2009-07-26,2009,7,17.12,18.42,16.840000000000007,2009-08-02,Persistence+Trend,7,2009
2009-07-27,2009,7,17.12,18.39,17.12,2009-08-03,Persistence+Trend,7,2009
2009-07-28,2009,7,17.4,18.33,19.35999999999998,2009-08-04,Persistence+Trend,7,2009
2009-07-29,2009,7,17.72,18.34,19.96,2009-08-05,Persistence+Trend,7,2009
2009-07-30,2009,7,17.93,18.39,19.400000000000006,2009-08-06,Persistence+Trend,7,2009
2009-07-31,2009,7,18.15,18.45,19.68999999999999,2009-08-07,Persistence+Trend,7,2009
2009-08-01,2009,8,18.36,18.42,19.830000000000005,2009-08-08,Persistence+Trend,7,2009
2009-08-02,2009,8,18.42,18.41,18.840000000000018,2009-08-09,Persistence+Trend,7,2009
2009-08-03,2009,8,18.39,18.36,18.179999999999993,2009-08-10,Persistence+Trend,7,2009
2009-08-04,2009,8,18.33,18.32,17.909999999999982,2009-08-11,Persistence+Trend,7,2009
2009-08-05,2009,8,18.34,18.25,18.41000000000001,2009-08-12,Persistence+Trend,7,2009
2009-08-06,2009,8,18.39,18.24,18.740000000000006,2009-08-13,Persistence+Trend,7,2009
2009-08-07,2009,8,18.45,18.4,18.86999999999999,2009-08-14,Persistence+Trend,7,2009
2009-08-08,2009,8,18.42,18.54,18.21000000000002,2009-08-15,Persistence+Trend,7,2009
2009-08-09,2009,8,18.41,18.55,18.33999999999999,2009-08-16,Persistence+Trend,7,2009
2009-08-10,2009,8,18.36,19.04,18.009999999999994,2009-08-17,Persistence+Trend,7,2009
2009-08-11,2009,8,18.32,19.27,18.040000000000006,2009-08-18,Persistence+Trend,7,2009
2009-08-12,2009,8,18.25,19.27,17.759999999999998,2009-08-19,Persistence+Trend,7,2009
2009-08-13,2009,8,18.24,19.15,18.169999999999987,2009-08-20,Persistence+Trend,7,2009
2009-08-14,2009,8,18.4,19.33,19.52,2009-08-21,Persistence+Trend,7,2009
2009-08-15,2009,8,18.54,19.4,19.520000000000003,2009-08-22,Persistence+Trend,7,2009
2009-08-16,2009,8,18.55,19.29,18.62000000000001,2009-08-23,Persistence+Trend,7,2009
2009-08-17,2009,8,19.04,19.23,22.469999999999988,2009-08-24,Persistence+Trend,7,2009
2009-08-18,2009,8,19.27,19.2,20.880000000000003,2009-08-25,Persistence+Trend,7,2009
2009-08-19,2009,8,19.27,19.19,19.27,2009-08-26,Persistence+Trend,7,2009
2009-08-20,2009,8,19.15,19.18,18.30999999999999,2009-08-27,Persistence+Trend,7,2009
2009-08-21,2009,8,19.33,19.16,20.589999999999996,2009-08-28,Persistence+Trend,7,2009
2009-08-22,2009,8,19.4,19.13,19.89,2009-08-29,Persistence+Trend,7,2009
2009-08-23,2009,8,19.29,19.03,18.520000000000003,2009-08-30,Persistence+Trend,7,2009
2009-08-24,2009,8,19.23,18.94,18.81000000000001,2009-08-31,Persistence+Trend,7,2009
2009-08-25,2009,8,19.2,18.79,18.98999999999999,2009-09-01,Persistence+Trend,7,2009
2009-08-26,2009,8,19.19,18.67,19.120000000000015,2009-09-02,Persistence+Trend,7,2009
2009-08-27,2009,8,19.18,18.55,19.10999999999999,2009-09-03,Persistence+Trend,7,2009
2009-08-28,2009,8,19.16,18.4,19.020000000000003,2009-09-04,Persistence+Trend,7,2009
2009-08-29,2009,8,19.13,18.29,18.91999999999999,2009-09-05,Persistence+Trend,7,2009
2009-08-30,2009,8,19.03,18.07,18.330000000000016,2009-09-06,Persistence+Trend,7,2009
2009-08-31,2009,8,18.94,17.96,18.310000000000002,2009-09-07,Persistence+Trend,7,2009
2009-09-01,2009,9,18.79,17.74,17.739999999999984,2009-09-08,Persistence+Trend,7,2009
2009-09-02,2009,9,18.67,17.61,17.83000000000002,2009-09-09,Persistence+Trend,7,2009
2009-09-03,2009,9,18.55,17.52,17.709999999999994,2009-09-10,Persistence+Trend,7,2009
2009-09-04,2009,9,18.4,17.31,17.349999999999984,2009-09-11,Persistence+Trend,7,2009
2009-09-05,2009,9,18.29,17.25,17.520000000000003,2009-09-12,Persistence+Trend,7,2009
2009-09-06,2009,9,18.07,17.14,16.53000000000001,2009-09-13,Persistence+Trend,7,2009
2009-09-07,2009,9,17.96,17.14,17.190000000000005,2009-09-14,Persistence+Trend,7,2009
2009-09-08,2009,9,17.74,17.07,16.19999999999998,2009-09-15,Persistence+Trend,7,2009
2009-09-09,2009,9,17.61,17.0,16.700000000000006,2009-09-16,Persistence+Trend,7,2009
2009-09-10,2009,9,17.52,16.94,16.89,2009-09-17,Persistence+Trend,7,2009
2009-09-11,2009,9,17.31,16.93,15.839999999999993,2009-09-18,Persistence+Trend,7,2009
2009-09-12,2009,9,17.25,16.99,16.83000000000001,2009-09-19,Persistence+Trend,7,2009
2009-09-13,2009,9,17.14,17.2,16.370000000000005,2009-09-20,Persistence+Trend,7,2009
2009-09-14,2009,9,17.14,17.3,17.14,2009-09-21,Persistence+Trend,7,2009
2009-09-15,2009,9,17.07,17.3,16.58,2009-09-22,Persistence+Trend,7,2009
2009-09-16,2009,9,17.0,17.23,16.509999999999998,2009-09-23,Persistence+Trend,7,2009
2009-09-17,2009,9,16.94,17.31,16.52000000000001,2009-09-24,Persistence+Trend,7,2009
2009-09-18,2009,9,16.93,17.51,16.85999999999999,2009-09-25,Persistence+Trend,7,2009
2009-09-19,2009,9,16.99,17.63,17.40999999999999,2009-09-26,Persistence+Trend,7,2009
2009-09-20,2009,9,17.2,17.65,18.670000000000005,2009-09-27,Persistence+Trend,7,2009
2009-09-21,2009,9,17.3,17.57,18.00000000000001,2009-09-28,Persistence+Trend,7,2009
2009-09-22,2009,9,17.3,17.46,17.3,2009-09-29,Persistence+Trend,7,2009
2009-09-23,2009,9,17.23,17.24,16.74,2009-09-30,Persistence+Trend,7,2009
2009-09-24,2009,9,17.31,17.12,17.869999999999987,2009-10-01,Persistence+Trend,7,2009
2009-09-25,2009,9,17.51,17.02,18.91000000000002,2009-10-02,Persistence+Trend,7,2009
2009-09-26,2009,9,17.63,16.92,18.46999999999998,2009-10-03,Persistence+Trend,7,2009
2009-09-27,2009,9,17.65,16.76,17.789999999999996,2009-10-04,Persistence+Trend,7,2009
2009-09-28,2009,9,17.57,16.62,17.010000000000012,2009-10-05,Persistence+Trend,7,2009
2009-09-29,2009,9,17.46,16.47,16.690000000000005,2009-10-06,Persistence+Trend,7,2009
2009-09-30,2009,9,17.24,16.36,15.699999999999982,2009-10-07,Persistence+Trend,7,2009
2009-10-01,2009,10,17.12,16.62,16.28000000000002,2009-10-08,Persistence+Trend,7,2009
2009-10-02,2009,10,17.02,17.56,16.31999999999999,2009-10-09,Persistence+Trend,7,2009
2009-10-03,2009,10,16.92,17.67,16.220000000000017,2009-10-10,Persistence+Trend,7,2009
2009-10-04,2009,10,16.76,17.41,15.64,2009-10-11,Persistence+Trend,7,2009
2009-10-05,2009,10,16.62,17.26,15.639999999999997,2009-10-12,Persistence+Trend,7,2009
2009-10-06,2009,10,16.47,17.14,15.419999999999984,2009-10-13,Persistence+Trend,7,2009
2009-10-07,2009,10,16.36,17.21,15.590000000000003,2009-10-14,Persistence+Trend,7,2009
2009-10-08,2009,10,16.62,17.33,18.440000000000012,2009-10-15,Persistence+Trend,7,2009
2009-10-09,2009,10,17.56,17.34,24.139999999999983,2009-10-16,Persistence+Trend,7,2009
2009-10-10,2009,10,17.67,17.25,18.440000000000023,2009-10-17,Persistence+Trend,7,2009
2009-10-11,2009,10,17.41,17.08,15.58999999999999,2009-10-18,Persistence+Trend,7,2009
2009-10-12,2009,10,17.26,16.9,16.21000000000001,2009-10-19,Persistence+Trend,7,2009
2009-10-13,2009,10,17.14,16.68,16.299999999999994,2009-10-20,Persistence+Trend,7,2009
2009-10-14,2009,10,17.21,16.48,17.700000000000003,2009-10-21,Persistence+Trend,7,2009
2009-10-15,2009,10,17.33,16.27,18.16999999999998,2009-10-22,Persistence+Trend,7,2009
2009-10-16,2009,10,17.34,16.16,17.41000000000001,2009-10-23,Persistence+Trend,7,2009
2009-10-17,2009,10,17.25,16.08,16.62,2009-10-24,Persistence+Trend,7,2009
2009-10-18,2009,10,17.08,16.0,15.889999999999986,2009-10-25,Persistence+Trend,7,2009
2009-10-19,2009,10,16.9,15.96,15.64,2009-10-26,Persistence+Trend,7,2009
2009-10-20,2009,10,16.68,15.93,15.140000000000008,2009-10-27,Persistence+Trend,7,2009
2009-10-21,2009,10,16.48,15.8,15.080000000000005,2009-10-28,Persistence+Trend,7,2009
2009-10-22,2009,10,16.27,15.73,14.799999999999994,2009-10-29,Persistence+Trend,7,2009
2009-10-23,2009,10,16.16,15.65,15.390000000000004,2009-10-30,Persistence+Trend,7,2009
2009-10-24,2009,10,16.08,15.58,15.519999999999985,2009-10-31,Persistence+Trend,7,2009
2009-10-25,2009,10,16.0,15.49,15.440000000000012,2009-11-01,Persistence+Trend,7,2009
2009-10-26,2009,10,15.96,15.42,15.680000000000007,2009-11-02,Persistence+Trend,7,2009
2009-10-27,2009,10,15.93,15.37,15.719999999999992,2009-11-03,Persistence+Trend,7,2009
2009-10-28,2009,10,15.8,15.28,14.890000000000008,2009-11-04,Persistence+Trend,7,2009
2009-10-29,2009,10,15.73,15.22,15.239999999999998,2009-11-05,Persistence+Trend,7,2009
2009-10-30,2009,10,15.65,15.17,15.09,2009-11-06,Persistence+Trend,7,2009
2009-10-31,2009,10,15.58,15.13,15.089999999999998,2009-11-07,Persistence+Trend,7,2009
2009-11-01,2009,11,15.49,15.07,14.860000000000001,2009-11-08,Persistence+Trend,7,2009
2009-11-02,2009,11,15.42,15.04,14.929999999999998,2009-11-09,Persistence+Trend,7,2009
2009-11-03,2009,11,15.37,15.01,15.019999999999994,2009-11-10,Persistence+Trend,7,2009
2009-11-04,2009,11,15.28,14.95,14.65,2009-11-11,Persistence+Trend,7,2009
2009-11-05,2009,11,15.22,14.9,14.80000000000001,2009-11-12,Persistence+Trend,7,2009
2009-11-06,2009,11,15.17,14.85,14.819999999999995,2009-11-13,Persistence+Trend,7,2009
2009-11-07,2009,11,15.13,14.8,14.850000000000007,2009-11-14,Persistence+Trend,7,2009
2009-11-08,2009,11,15.07,14.74,14.649999999999997,2009-11-15,Persistence+Trend,7,2009
2009-11-09,2009,11,15.04,14.7,14.829999999999991,2009-11-16,Persistence+Trend,7,2009
2009-11-10,2009,11,15.01,14.67,14.800000000000004,2009-11-17,Persistence+Trend,7,2009
2009-11-11,2009,11,14.95,14.63,14.529999999999996,2009-11-18,Persistence+Trend,7,2009
2009-11-12,2009,11,14.9,14.62,14.550000000000008,2009-11-19,Persistence+Trend,7,2009
2009-11-13,2009,11,14.85,14.6,14.499999999999995,2009-11-20,Persistence+Trend,7,2009
2009-11-14,2009,11,14.8,14.59,14.450000000000008,2009-11-21,Persistence+Trend,7,2009
2009-11-15,2009,11,14.74,14.57,14.319999999999997,2009-11-22,Persistence+Trend,7,2009
2009-11-16,2009,11,14.7,14.55,14.419999999999993,2009-11-23,Persistence+Trend,7,2009
2009-11-17,2009,11,14.67,14.63,14.460000000000004,2009-11-24,Persistence+Trend,7,2009
2009-11-18,2009,11,14.63,14.95,14.350000000000007,2009-11-25,Persistence+Trend,7,2009
2009-11-19,2009,11,14.62,15.0,14.549999999999988,2009-11-26,Persistence+Trend,7,2009
2009-11-20,2009,11,14.6,15.0,14.460000000000003,2009-11-27,Persistence+Trend,7,2009
2009-11-21,2009,11,14.59,14.87,14.520000000000001,2009-11-28,Persistence+Trend,7,2009
2009-11-22,2009,11,14.57,14.73,14.430000000000003,2009-11-29,Persistence+Trend,7,2009
2009-11-23,2009,11,14.55,14.64,14.410000000000004,2009-11-30,Persistence+Trend,7,2009
2009-11-24,2009,11,14.63,14.61,15.190000000000001,2009-12-01,Persistence+Trend,7,2009
2009-11-25,2009,11,14.95,14.52,17.18999999999999,2009-12-02,Persistence+Trend,7,2009
2009-11-26,2009,11,15.0,14.48,15.350000000000005,2009-12-03,Persistence+Trend,7,2009
2009-11-27,2009,11,15.0,14.4,15.0,2009-12-04,Persistence+Trend,7,2009
2009-11-28,2009,11,14.87,14.38,13.959999999999994,2009-12-05,Persistence+Trend,7,2009
2009-11-29,2009,11,14.73,14.35,13.750000000000009,2009-12-06,Persistence+Trend,7,2009
2009-11-30,2009,11,14.64,14.31,14.010000000000002,2009-12-07,Persistence+Trend,7,2009
2009-12-01,2009,12,14.61,14.29,14.399999999999991,2009-12-08,Persistence+Trend,7,2009
2009-12-02,2009,12,14.52,14.27,13.89,2009-12-09,Persistence+Trend,7,2009
2009-12-03,2009,12,14.48,14.25,14.200000000000006,2009-12-10,Persistence+Trend,7,2009
2009-12-04,2009,12,14.4,14.22,13.84,2009-12-11,Persistence+Trend,7,2009
2009-12-05,2009,12,14.38,14.2,14.240000000000004,2009-12-12,Persistence+Trend,7,2009
2009-12-06,2009,12,14.35,14.17,14.139999999999992,2009-12-13,Persistence+Trend,7,2009
2009-12-07,2009,12,14.31,14.16,14.030000000000006,2009-12-14,Persistence+Trend,7,2009
2009-12-08,2009,12,14.29,14.13,14.14999999999999,2009-12-15,Persistence+Trend,7,2009
2009-12-09,2009,12,14.27,14.12,14.130000000000003,2009-12-16,Persistence+Trend,7,2009
2009-12-10,2009,12,14.25,14.11,14.110000000000003,2009-12-17,Persistence+Trend,7,2009
2009-12-11,2009,12,14.22,14.07,14.010000000000005,2009-12-18,Persistence+Trend,7,2009
2009-12-12,2009,12,14.2,14.05,14.05999999999999,2009-12-19,Persistence+Trend,7,2009
2009-12-13,2009,12,14.17,14.01,13.960000000000004,2009-12-20,Persistence+Trend,7,2009
2009-12-14,2009,12,14.16,13.98,14.090000000000002,2009-12-21,Persistence+Trend,7,2009
2009-12-15,2009,12,14.13,13.96,13.920000000000005,2009-12-22,Persistence+Trend,7,2009
2009-12-16,2009,12,14.12,13.94,14.049999999999988,2009-12-23,Persistence+Trend,7,2009
2009-12-17,2009,12,14.11,13.92,14.040000000000001,2009-12-24,Persistence+Trend,7,2009
2009-12-18,2009,12,14.07,13.92,13.790000000000006,2009-12-25,Persistence+Trend,7,2009
2009-12-19,2009,12,14.05,13.91,13.910000000000004,2009-12-26,Persistence+Trend,7,2009
2009-12-20,2009,12,14.01,13.9,13.729999999999993,2009-12-27,Persistence+Trend,7,2009
2009-12-21,2009,12,13.98,13.89,13.770000000000005,2009-12-28,Persistence+Trend,7,2009
2009-12-22,2009,12,13.96,13.89,13.820000000000004,2009-12-29,Persistence+Trend,7,2009
2009-12-23,2009,12,13.94,13.88,13.79999999999999,2009-12-30,Persistence+Trend,7,2009
2009-12-24,2009,12,13.92,13.85,13.780000000000003,2009-12-31,Persistence+Trend,7,2009
2009-12-25,2009,12,13.92,13.83,13.92,2010-01-01,Persistence+Trend,7,2009
2009-12-26,2009,12,13.91,13.79,13.840000000000002,2010-01-02,Persistence+Trend,7,2009
2009-12-27,2009,12,13.9,13.76,13.830000000000002,2010-01-03,Persistence+Trend,7,2009
2009-12-28,2009,12,13.89,13.73,13.820000000000002,2010-01-04,Persistence+Trend,7,2009
2009-12-29,2009,12,13.89,13.71,13.89,2010-01-05,Persistence+Trend,7,2009
2009-12-30,2009,12,13.88,13.69,13.810000000000002,2010-01-06,Persistence+Trend,7,2009
2009-12-31,2009,12,13.85,13.67,13.639999999999992,2010-01-07,Persistence+Trend,7,2009
2010-01-01,2010,1,13.83,13.65,13.690000000000003,2010-01-08,Persistence+Trend,7,2010
2010-01-02,2010,1,13.79,13.63,13.509999999999993,2010-01-09,Persistence+Trend,7,2010
2010-01-03,2010,1,13.76,13.62,13.550000000000004,2010-01-10,Persistence+Trend,7,2010
2010-01-04,2010,1,13.73,13.6,13.520000000000005,2010-01-11,Persistence+Trend,7,2010
2010-01-05,2010,1,13.71,13.58,13.570000000000004,2010-01-12,Persistence+Trend,7,2010
2010-01-06,2010,1,13.69,13.56,13.54999999999999,2010-01-13,Persistence+Trend,7,2010
2010-01-07,2010,1,13.67,13.54,13.530000000000003,2010-01-14,Persistence+Trend,7,2010
2010-01-08,2010,1,13.65,13.53,13.510000000000003,2010-01-15,Persistence+Trend,7,2010
2010-01-09,2010,1,13.63,13.52,13.490000000000004,2010-01-16,Persistence+Trend,7,2010
2010-01-10,2010,1,13.62,13.5,13.549999999999988,2010-01-17,Persistence+Trend,7,2010
2010-01-11,2010,1,13.6,13.48,13.460000000000003,2010-01-18,Persistence+Trend,7,2010
2010-01-12,2010,1,13.58,13.46,13.440000000000003,2010-01-19,Persistence+Trend,7,2010
2010-01-13,2010,1,13.56,13.45,13.420000000000003,2010-01-20,Persistence+Trend,7,2010
2010-01-14,2010,1,13.54,13.43,13.39999999999999,2010-01-21,Persistence+Trend,7,2010
2010-01-15,2010,1,13.53,13.42,13.46,2010-01-22,Persistence+Trend,7,2010
2010-01-16,2010,1,13.52,13.41,13.450000000000001,2010-01-23,Persistence+Trend,7,2010
2010-01-17,2010,1,13.5,13.39,13.360000000000003,2010-01-24,Persistence+Trend,7,2010
2010-01-18,2010,1,13.48,13.37,13.340000000000003,2010-01-25,Persistence+Trend,7,2010
2010-01-19,2010,1,13.46,13.36,13.320000000000004,2010-01-26,Persistence+Trend,7,2010
2010-01-20,2010,1,13.45,13.35,13.379999999999988,2010-01-27,Persistence+Trend,7,2010
2010-01-21,2010,1,13.43,13.34,13.290000000000003,2010-01-28,Persistence+Trend,7,2010
2010-01-22,2010,1,13.42,13.32,13.350000000000001,2010-01-29,Persistence+Trend,7,2010
2010-01-23,2010,1,13.41,13.3,13.340000000000002,2010-01-30,Persistence+Trend,7,2010
2010-01-24,2010,1,13.39,13.28,13.250000000000004,2010-01-31,Persistence+Trend,7,2010
2010-01-25,2010,1,13.37,13.27,13.22999999999999,2010-02-01,Persistence+Trend,7,2010
2010-01-26,2010,1,13.36,13.25,13.290000000000001,2010-02-02,Persistence+Trend,7,2010
2010-01-27,2010,1,13.35,13.24,13.280000000000001,2010-02-03,Persistence+Trend,7,2010
2010-01-28,2010,1,13.34,13.22,13.270000000000001,2010-02-04,Persistence+Trend,7,2010
2010-01-29,2010,1,13.32,13.2,13.180000000000003,2010-02-05,Persistence+Trend,7,2010
2010-01-30,2010,1,13.3,13.19,13.160000000000004,2010-02-06,Persistence+Trend,7,2010
2010-01-31,2010,1,13.28,13.18,13.13999999999999,2010-02-07,Persistence+Trend,7,2010
2010-02-01,2010,2,13.27,13.17,13.200000000000001,2010-02-08,Persistence+Trend,7,2010
2010-02-02,2010,2,13.25,13.15,13.110000000000003,2010-02-09,Persistence+Trend,7,2010
2010-02-03,2010,2,13.24,13.14,13.170000000000002,2010-02-10,Persistence+Trend,7,2010
2010-02-04,2010,2,13.22,13.13,13.080000000000004,2010-02-11,Persistence+Trend,7,2010
2010-02-05,2010,2,13.2,13.11,13.05999999999999,2010-02-12,Persistence+Trend,7,2010
2010-02-06,2010,2,13.19,13.1,13.120000000000001,2010-02-13,Persistence+Trend,7,2010
2010-02-07,2010,2,13.18,13.09,13.110000000000001,2010-02-14,Persistence+Trend,7,2010
2010-02-08,2010,2,13.17,13.08,13.100000000000001,2010-02-15,Persistence+Trend,7,2010
2010-02-09,2010,2,13.15,13.08,13.010000000000003,2010-02-16,Persistence+Trend,7,2010
2010-02-10,2010,2,13.14,13.07,13.070000000000002,2010-02-17,Persistence+Trend,7,2010
2010-02-11,2010,2,13.13,13.06,13.060000000000002,2010-02-18,Persistence+Trend,7,2010
2010-02-12,2010,2,13.11,13.05,12.96999999999999,2010-02-19,Persistence+Trend,7,2010
2010-02-13,2010,2,13.1,13.05,13.030000000000001,2010-02-20,Persistence+Trend,7,2010
2010-02-14,2010,2,13.09,13.04,13.020000000000001,2010-02-21,Persistence+Trend,7,2010
2010-02-15,2010,2,13.08,13.03,13.010000000000002,2010-02-22,Persistence+Trend,7,2010
2010-02-16,2010,2,13.08,13.03,13.08,2010-02-23,Persistence+Trend,7,2010
2010-02-17,2010,2,13.07,13.03,13.000000000000002,2010-02-24,Persistence+Trend,7,2010
2010-02-18,2010,2,13.06,13.03,12.990000000000002,2010-02-25,Persistence+Trend,7,2010
2010-02-19,2010,2,13.05,13.03,12.980000000000002,2010-02-26,Persistence+Trend,7,2010
2010-02-20,2010,2,13.05,13.04,13.05,2010-02-27,Persistence+Trend,7,2010
2010-02-21,2010,2,13.04,13.04,12.969999999999988,2010-02-28,Persistence+Trend,7,2010
2010-02-22,2010,2,13.03,13.04,12.96,2010-03-01,Persistence+Trend,7,2010
2010-02-23,2010,2,13.03,13.04,13.03,2010-03-02,Persistence+Trend,7,2010
2010-02-24,2010,2,13.03,13.05,13.03,2010-03-03,Persistence+Trend,7,2010
2010-02-25,2010,2,13.03,13.05,13.03,2010-03-04,Persistence+Trend,7,2010
2010-02-26,2010,2,13.03,13.07,13.03,2010-03-05,Persistence+Trend,7,2010
2010-02-27,2010,2,13.04,13.1,13.109999999999998,2010-03-06,Persistence+Trend,7,2010
2010-02-28,2010,2,13.04,13.12,13.04,2010-03-07,Persistence+Trend,7,2010
2010-03-01,2010,3,13.04,13.14,13.04,2010-03-08,Persistence+Trend,7,2010
2010-03-02,2010,3,13.04,13.16,13.04,2010-03-09,Persistence+Trend,7,2010
2010-03-03,2010,3,13.05,13.19,13.120000000000012,2010-03-10,Persistence+Trend,7,2010
2010-03-04,2010,3,13.05,13.22,13.05,2010-03-11,Persistence+Trend,7,2010
2010-03-05,2010,3,13.07,13.27,13.209999999999997,2010-03-12,Persistence+Trend,7,2010
2010-03-06,2010,3,13.1,13.43,13.309999999999995,2010-03-13,Persistence+Trend,7,2010
2010-03-07,2010,3,13.12,13.55,13.259999999999996,2010-03-14,Persistence+Trend,7,2010
2010-03-08,2010,3,13.14,13.66,13.28000000000001,2010-03-15,Persistence+Trend,7,2010
2010-03-09,2010,3,13.16,13.7,13.299999999999997,2010-03-16,Persistence+Trend,7,2010
2010-03-10,2010,3,13.19,13.7,13.399999999999995,2010-03-17,Persistence+Trend,7,2010
2010-03-11,2010,3,13.22,13.64,13.430000000000009,2010-03-18,Persistence+Trend,7,2010
2010-03-12,2010,3,13.27,13.58,13.619999999999992,2010-03-19,Persistence+Trend,7,2010
2010-03-13,2010,3,13.43,13.53,14.55,2010-03-20,Persistence+Trend,7,2010
2010-03-14,2010,3,13.55,13.48,14.390000000000008,2010-03-21,Persistence+Trend,7,2010
2010-03-15,2010,3,13.66,13.46,14.429999999999996,2010-03-22,Persistence+Trend,7,2010
2010-03-16,2010,3,13.7,13.46,13.979999999999993,2010-03-23,Persistence+Trend,7,2010
2010-03-17,2010,3,13.7,13.46,13.7,2010-03-24,Persistence+Trend,7,2010
2010-03-18,2010,3,13.64,13.45,13.22000000000001,2010-03-25,Persistence+Trend,7,2010
2010-03-19,2010,3,13.58,13.45,13.159999999999997,2010-03-26,Persistence+Trend,7,2010
2010-03-20,2010,3,13.53,13.45,13.179999999999994,2010-03-27,Persistence+Trend,7,2010
2010-03-21,2010,3,13.48,13.53,13.130000000000008,2010-03-28,Persistence+Trend,7,2010
2010-03-22,2010,3,13.46,13.65,13.320000000000004,2010-03-29,Persistence+Trend,7,2010
2010-03-23,2010,3,13.46,13.77,13.46,2010-03-30,Persistence+Trend,7,2010
2010-03-24,2010,3,13.46,13.97,13.46,2010-03-31,Persistence+Trend,7,2010
2010-03-25,2010,3,13.45,14.42,13.379999999999988,2010-04-01,Persistence+Trend,7,2010
2010-03-26,2010,3,13.45,14.8,13.45,2010-04-02,Persistence+Trend,7,2010
2010-03-27,2010,3,13.45,15.07,13.45,2010-04-03,Persistence+Trend,7,2010
2010-03-28,2010,3,13.53,15.17,14.09,2010-04-04,Persistence+Trend,7,2010
2010-03-29,2010,3,13.65,15.17,14.490000000000007,2010-04-05,Persistence+Trend,7,2010
2010-03-30,2010,3,13.77,15.09,14.609999999999994,2010-04-06,Persistence+Trend,7,2010
2010-03-31,2010,3,13.97,15.16,15.370000000000008,2010-04-07,Persistence+Trend,7,2010
2010-04-01,2010,4,14.42,15.4,17.569999999999993,2010-04-08,Persistence+Trend,7,2010
2010-04-02,2010,4,14.8,15.57,17.460000000000008,2010-04-09,Persistence+Trend,7,2010
2010-04-03,2010,4,15.07,15.65,16.959999999999997,2010-04-10,Persistence+Trend,7,2010
2010-04-04,2010,4,15.17,15.65,15.869999999999997,2010-04-11,Persistence+Trend,7,2010
2010-04-05,2010,4,15.17,15.68,15.17,2010-04-12,Persistence+Trend,7,2010
2010-04-06,2010,4,15.09,15.78,14.53,2010-04-13,Persistence+Trend,7,2010
2010-04-07,2010,4,15.16,15.79,15.650000000000002,2010-04-14,Persistence+Trend,7,2010
2010-04-08,2010,4,15.4,15.69,17.080000000000002,2010-04-15,Persistence+Trend,7,2010
2010-04-09,2010,4,15.57,15.57,16.759999999999998,2010-04-16,Persistence+Trend,7,2010
2010-04-10,2010,4,15.65,15.56,16.21,2010-04-17,Persistence+Trend,7,2010
2010-04-11,2010,4,15.65,15.74,15.65,2010-04-18,Persistence+Trend,7,2010
2010-04-12,2010,4,15.68,15.74,15.889999999999995,2010-04-19,Persistence+Trend,7,2010
2010-04-13,2010,4,15.78,15.96,16.479999999999997,2010-04-20,Persistence+Trend,7,2010
2010-04-14,2010,4,15.79,16.21,15.859999999999998,2010-04-21,Persistence+Trend,7,2010
2010-04-15,2010,4,15.69,16.4,14.990000000000002,2010-04-22,Persistence+Trend,7,2010
2010-04-16,2010,4,15.57,16.48,14.730000000000006,2010-04-23,Persistence+Trend,7,2010
2010-04-17,2010,4,15.56,16.55,15.490000000000002,2010-04-24,Persistence+Trend,7,2010
2010-04-18,2010,4,15.74,16.55,17.0,2010-04-25,Persistence+Trend,7,2010
2010-04-19,2010,4,15.74,16.65,15.74,2010-04-26,Persistence+Trend,7,2010
2010-04-20,2010,4,15.96,17.43,17.500000000000007,2010-04-27,Persistence+Trend,7,2010
2010-04-21,2010,4,16.21,17.87,17.96,2010-04-28,Persistence+Trend,7,2010
2010-04-22,2010,4,16.4,17.98,17.729999999999983,2010-04-29,Persistence+Trend,7,2010
2010-04-23,2010,4,16.48,17.92,17.040000000000013,2010-04-30,Persistence+Trend,7,2010
2010-04-24,2010,4,16.55,17.69,17.040000000000003,2010-05-01,Persistence+Trend,7,2010
2010-04-25,2010,4,16.55,17.44,16.55,2010-05-02,Persistence+Trend,7,2010
2010-04-26,2010,4,16.65,17.03,17.349999999999984,2010-05-03,Persistence+Trend,7,2010
2010-04-27,2010,4,17.43,16.76,22.890000000000008,2010-05-04,Persistence+Trend,7,2010
2010-04-28,2010,4,17.87,16.5,20.95000000000001,2010-05-05,Persistence+Trend,7,2010
2010-04-29,2010,4,17.98,16.25,18.749999999999996,2010-05-06,Persistence+Trend,7,2010
2010-04-30,2010,4,17.92,16.09,17.50000000000001,2010-05-07,Persistence+Trend,7,2010
2010-05-01,2010,5,17.69,16.03,16.08,2010-05-08,Persistence+Trend,7,2010
2010-05-02,2010,5,17.44,16.12,15.690000000000001,2010-05-09,Persistence+Trend,7,2010
2010-05-03,2010,5,17.03,16.31,14.16,2010-05-10,Persistence+Trend,7,2010
2010-05-04,2010,5,16.76,16.33,14.870000000000005,2010-05-11,Persistence+Trend,7,2010
2010-05-05,2010,5,16.5,16.27,14.679999999999989,2010-05-12,Persistence+Trend,7,2010
2010-05-06,2010,5,16.25,16.24,14.5,2010-05-13,Persistence+Trend,7,2010
2010-05-07,2010,5,16.09,16.24,14.969999999999999,2010-05-14,Persistence+Trend,7,2010
2010-05-08,2010,5,16.03,16.33,15.61000000000001,2010-05-15,Persistence+Trend,7,2010
2010-05-09,2010,5,16.12,16.84,16.75,2010-05-16,Persistence+Trend,7,2010
2010-05-10,2010,5,16.31,17.47,17.639999999999983,2010-05-17,Persistence+Trend,7,2010
2010-05-11,2010,5,16.33,17.8,16.469999999999995,2010-05-18,Persistence+Trend,7,2010
2010-05-12,2010,5,16.27,17.97,15.850000000000009,2010-05-19,Persistence+Trend,7,2010
2010-05-13,2010,5,16.24,18.16,16.02999999999999,2010-05-20,Persistence+Trend,7,2010
2010-05-14,2010,5,16.24,18.2,16.24,2010-05-21,Persistence+Trend,7,2010
2010-05-15,2010,5,16.33,18.0,16.959999999999997,2010-05-22,Persistence+Trend,7,2010
2010-05-16,2010,5,16.84,17.65,20.41000000000001,2010-05-23,Persistence+Trend,7,2010
2010-05-17,2010,5,17.47,17.6,21.879999999999992,2010-05-24,Persistence+Trend,7,2010
2010-05-18,2010,5,17.8,17.7,20.110000000000014,2010-05-25,Persistence+Trend,7,2010
2010-05-19,2010,5,17.97,18.04,19.159999999999986,2010-05-26,Persistence+Trend,7,2010
2010-05-20,2010,5,18.16,18.18,19.49000000000001,2010-05-27,Persistence+Trend,7,2010
2010-05-21,2010,5,18.2,18.08,18.479999999999993,2010-05-28,Persistence+Trend,7,2010
2010-05-22,2010,5,18.0,17.84,16.600000000000005,2010-05-29,Persistence+Trend,7,2010
2010-05-23,2010,5,17.65,17.64,15.199999999999989,2010-05-30,Persistence+Trend,7,2010
2010-05-24,2010,5,17.6,17.58,17.25000000000002,2010-05-31,Persistence+Trend,7,2010
2010-05-25,2010,5,17.7,17.44,18.399999999999984,2010-06-01,Persistence+Trend,7,2010
2010-05-26,2010,5,18.04,17.38,20.419999999999998,2010-06-02,Persistence+Trend,7,2010
2010-05-27,2010,5,18.18,17.44,19.160000000000004,2010-06-03,Persistence+Trend,7,2010
2010-05-28,2010,5,18.08,17.41,17.37999999999999,2010-06-04,Persistence+Trend,7,2010
2010-05-29,2010,5,17.84,17.57,16.16000000000001,2010-06-05,Persistence+Trend,7,2010
2010-05-30,2010,5,17.64,17.76,16.240000000000006,2010-06-06,Persistence+Trend,7,2010
2010-05-31,2010,5,17.58,18.0,17.159999999999982,2010-06-07,Persistence+Trend,7,2010
2010-06-01,2010,6,17.44,18.2,16.460000000000022,2010-06-08,Persistence+Trend,7,2010
2010-06-02,2010,6,17.38,18.2,16.959999999999983,2010-06-09,Persistence+Trend,7,2010
2010-06-03,2010,6,17.44,18.33,17.860000000000017,2010-06-10,Persistence+Trend,7,2010
2010-06-04,2010,6,17.41,18.75,17.199999999999992,2010-06-11,Persistence+Trend,7,2010
2010-06-05,2010,6,17.57,18.93,18.69,2010-06-12,Persistence+Trend,7,2010
2010-06-06,2010,6,17.76,18.92,19.09000000000001,2010-06-13,Persistence+Trend,7,2010
2010-06-07,2010,6,18.0,18.65,19.67999999999999,2010-06-14,Persistence+Trend,7,2010
2010-06-08,2010,6,18.2,18.45,19.599999999999994,2010-06-15,Persistence+Trend,7,2010
2010-06-09,2010,6,18.2,18.34,18.2,2010-06-16,Persistence+Trend,7,2010
2010-06-10,2010,6,18.33,18.31,19.23999999999999,2010-06-17,Persistence+Trend,7,2010
2010-06-11,2010,6,18.75,18.32,21.690000000000012,2010-06-18,Persistence+Trend,7,2010
2010-06-12,2010,6,18.93,18.44,20.189999999999998,2010-06-19,Persistence+Trend,7,2010
2010-06-13,2010,6,18.92,18.44,18.850000000000016,2010-06-20,Persistence+Trend,7,2010
2010-06-14,2010,6,18.65,18.57,16.759999999999977,2010-06-21,Persistence+Trend,7,2010
2010-06-15,2010,6,18.45,18.55,17.050000000000004,2010-06-22,Persistence+Trend,7,2010
2010-06-16,2010,6,18.34,18.51,17.570000000000004,2010-06-23,Persistence+Trend,7,2010
2010-06-17,2010,6,18.31,18.61,18.09999999999999,2010-06-24,Persistence+Trend,7,2010
2010-06-18,2010,6,18.32,18.61,18.39000000000001,2010-06-25,Persistence+Trend,7,2010
2010-06-19,2010,6,18.44,18.65,19.28000000000001,2010-06-26,Persistence+Trend,7,2010
2010-06-20,2010,6,18.44,18.74,18.44,2010-06-27,Persistence+Trend,7,2010
2010-06-21,2010,6,18.57,19.31,19.479999999999993,2010-06-28,Persistence+Trend,7,2010
2010-06-22,2010,6,18.55,19.61,18.410000000000004,2010-06-29,Persistence+Trend,7,2010
2010-06-23,2010,6,18.51,19.59,18.230000000000008,2010-06-30,Persistence+Trend,7,2010
2010-06-24,2010,6,18.61,19.51,19.309999999999985,2010-07-01,Persistence+Trend,7,2010
2010-06-25,2010,6,18.61,19.47,18.61,2010-07-02,Persistence+Trend,7,2010
2010-06-26,2010,6,18.65,19.42,18.929999999999993,2010-07-03,Persistence+Trend,7,2010
2010-06-27,2010,6,18.74,19.45,19.369999999999997,2010-07-04,Persistence+Trend,7,2010
2010-06-28,2010,6,19.31,19.44,23.3,2010-07-05,Persistence+Trend,7,2010
2010-06-29,2010,6,19.61,19.35,21.710000000000004,2010-07-06,Persistence+Trend,7,2010
2010-06-30,2010,6,19.59,19.24,19.450000000000003,2010-07-07,Persistence+Trend,7,2010
2010-07-01,2010,7,19.51,19.08,18.950000000000014,2010-07-08,Persistence+Trend,7,2010
2010-07-02,2010,7,19.47,19.05,19.18999999999998,2010-07-09,Persistence+Trend,7,2010
2010-07-03,2010,7,19.42,19.05,19.07000000000002,2010-07-10,Persistence+Trend,7,2010
2010-07-04,2010,7,19.45,19.26,19.659999999999982,2010-07-11,Persistence+Trend,7,2010
2010-07-05,2010,7,19.44,19.42,19.370000000000015,2010-07-12,Persistence+Trend,7,2010
2010-07-06,2010,7,19.35,19.51,18.720000000000002,2010-07-13,Persistence+Trend,7,2010
2010-07-07,2010,7,19.24,19.52,18.469999999999978,2010-07-14,Persistence+Trend,7,2010
2010-07-08,2010,7,19.08,19.52,17.959999999999997,2010-07-15,Persistence+Trend,7,2010
2010-07-09,2010,7,19.05,19.44,18.840000000000018,2010-07-16,Persistence+Trend,7,2010
2010-07-10,2010,7,19.05,19.34,19.05,2010-07-17,Persistence+Trend,7,2010
2010-07-11,2010,7,19.26,19.31,20.730000000000008,2010-07-18,Persistence+Trend,7,2010
2010-07-12,2010,7,19.42,19.4,20.540000000000003,2010-07-19,Persistence+Trend,7,2010
2010-07-13,2010,7,19.51,19.52,20.14,2010-07-20,Persistence+Trend,7,2010
2010-07-14,2010,7,19.52,19.54,19.589999999999986,2010-07-21,Persistence+Trend,7,2010
2010-07-15,2010,7,19.52,19.67,19.52,2010-07-22,Persistence+Trend,7,2010
2010-07-16,2010,7,19.44,19.8,18.880000000000013,2010-07-23,Persistence+Trend,7,2010
2010-07-17,2010,7,19.34,19.78,18.63999999999999,2010-07-24,Persistence+Trend,7,2010
2010-07-18,2010,7,19.31,19.65,19.09999999999999,2010-07-25,Persistence+Trend,7,2010
2010-07-19,2010,7,19.4,19.47,20.029999999999998,2010-07-26,Persistence+Trend,7,2010
2010-07-20,2010,7,19.52,19.33,20.360000000000007,2010-07-27,Persistence+Trend,7,2010
2010-07-21,2010,7,19.54,19.29,19.679999999999996,2010-07-28,Persistence+Trend,7,2010
2010-07-22,2010,7,19.67,19.21,20.58000000000002,2010-07-29,Persistence+Trend,7,2010
2010-07-23,2010,7,19.8,19.17,20.709999999999994,2010-07-30,Persistence+Trend,7,2010
2010-07-24,2010,7,19.78,19.08,19.640000000000004,2010-07-31,Persistence+Trend,7,2010
2010-07-25,2010,7,19.65,19.07,18.73999999999998,2010-08-01,Persistence+Trend,7,2010
2010-07-26,2010,7,19.47,18.97,18.21,2010-08-02,Persistence+Trend,7,2010
2010-07-27,2010,7,19.33,18.9,18.349999999999994,2010-08-03,Persistence+Trend,7,2010
2010-07-28,2010,7,19.29,18.73,19.010000000000005,2010-08-04,Persistence+Trend,7,2010
2010-07-29,2010,7,19.21,18.68,18.650000000000013,2010-08-05,Persistence+Trend,7,2010
2010-07-30,2010,7,19.17,18.653,18.890000000000008,2010-08-06,Persistence+Trend,7,2010
2010-07-31,2010,7,19.08,18.62,18.449999999999974,2010-08-07,Persistence+Trend,7,2010
2010-08-01,2010,8,19.07,18.57,19.000000000000014,2010-08-08,Persistence+Trend,7,2010
2010-08-02,2010,8,18.97,18.54,18.26999999999999,2010-08-09,Persistence+Trend,7,2010
2010-08-03,2010,8,18.9,18.47,18.409999999999997,2010-08-10,Persistence+Trend,7,2010
2010-08-04,2010,8,18.73,18.38,17.540000000000013,2010-08-11,Persistence+Trend,7,2010
2010-08-05,2010,8,18.68,18.34,18.329999999999995,2010-08-12,Persistence+Trend,7,2010
2010-08-06,2010,8,18.653,18.28,18.46399999999999,2010-08-13,Persistence+Trend,7,2010
2010-08-07,2010,8,18.62,18.25,18.389000000000017,2010-08-14,Persistence+Trend,7,2010
2010-08-08,2010,8,18.57,18.18,18.219999999999995,2010-08-15,Persistence+Trend,7,2010
2010-08-09,2010,8,18.54,18.15,18.32999999999999,2010-08-16,Persistence+Trend,7,2010
2010-08-10,2010,8,18.47,18.14,17.979999999999997,2010-08-17,Persistence+Trend,7,2010
2010-08-11,2010,8,18.38,18.37,17.75,2010-08-18,Persistence+Trend,7,2010
2010-08-12,2010,8,18.34,18.5,18.060000000000006,2010-08-19,Persistence+Trend,7,2010
2010-08-13,2010,8,18.28,18.75,17.86000000000001,2010-08-20,Persistence+Trend,7,2010
2010-08-14,2010,8,18.25,18.79,18.039999999999992,2010-08-21,Persistence+Trend,7,2010
2010-08-15,2010,8,18.18,18.89,17.689999999999998,2010-08-22,Persistence+Trend,7,2010
2010-08-16,2010,8,18.15,19.05,17.93999999999999,2010-08-23,Persistence+Trend,7,2010
2010-08-17,2010,8,18.14,19.22,18.070000000000014,2010-08-24,Persistence+Trend,7,2010
2010-08-18,2010,8,18.37,19.37,19.980000000000004,2010-08-25,Persistence+Trend,7,2010
2010-08-19,2010,8,18.5,19.38,19.409999999999993,2010-08-26,Persistence+Trend,7,2010
2010-08-20,2010,8,18.75,19.35,20.5,2010-08-27,Persistence+Trend,7,2010
2010-08-21,2010,8,18.79,19.39,19.069999999999993,2010-08-28,Persistence+Trend,7,2010
2010-08-22,2010,8,18.89,19.52,19.59000000000001,2010-08-29,Persistence+Trend,7,2010
2010-08-23,2010,8,19.05,19.53,20.17,2010-08-30,Persistence+Trend,7,2010
2010-08-24,2010,8,19.22,19.53,20.409999999999986,2010-08-31,Persistence+Trend,7,2010
2010-08-25,2010,8,19.37,19.42,20.420000000000016,2010-09-01,Persistence+Trend,7,2010
2010-08-26,2010,8,19.38,19.33,19.449999999999985,2010-09-02,Persistence+Trend,7,2010
2010-08-27,2010,8,19.35,19.29,19.14000000000002,2010-09-03,Persistence+Trend,7,2010
2010-08-28,2010,8,19.39,19.2,19.669999999999995,2010-09-04,Persistence+Trend,7,2010
2010-08-29,2010,8,19.52,19.19,20.429999999999993,2010-09-05,Persistence+Trend,7,2010
2010-08-30,2010,8,19.53,19.19,19.600000000000012,2010-09-06,Persistence+Trend,7,2010
2010-08-31,2010,8,19.53,19.2,19.53,2010-09-07,Persistence+Trend,7,2010
2010-09-01,2010,9,19.42,19.12,18.650000000000006,2010-09-08,Persistence+Trend,7,2010
2010-09-02,2010,9,19.33,19.09,18.699999999999974,2010-09-09,Persistence+Trend,7,2010
2010-09-03,2010,9,19.29,19.17,19.010000000000005,2010-09-10,Persistence+Trend,7,2010
2010-09-04,2010,9,19.2,19.35,18.57,2010-09-11,Persistence+Trend,7,2010
2010-09-05,2010,9,19.19,19.61,19.120000000000015,2010-09-12,Persistence+Trend,7,2010
2010-09-06,2010,9,19.19,19.77,19.19,2010-09-13,Persistence+Trend,7,2010
2010-09-07,2010,9,19.2,19.78,19.269999999999985,2010-09-14,Persistence+Trend,7,2010
2010-09-08,2010,9,19.12,19.78,18.560000000000013,2010-09-15,Persistence+Trend,7,2010
2010-09-09,2010,9,19.09,19.78,18.879999999999992,2010-09-16,Persistence+Trend,7,2010
2010-09-10,2010,9,19.17,19.71,19.730000000000015,2010-09-17,Persistence+Trend,7,2010
2010-09-11,2010,9,19.35,19.55,20.61,2010-09-18,Persistence+Trend,7,2010
2010-09-12,2010,9,19.61,19.41,21.429999999999986,2010-09-19,Persistence+Trend,7,2010
2010-09-13,2010,9,19.77,19.3,20.89,2010-09-20,Persistence+Trend,7,2010
2010-09-14,2010,9,19.78,19.27,19.850000000000012,2010-09-21,Persistence+Trend,7,2010
2010-09-15,2010,9,19.78,19.25,19.78,2010-09-22,Persistence+Trend,7,2010
2010-09-16,2010,9,19.78,19.23,19.78,2010-09-23,Persistence+Trend,7,2010
2010-09-17,2010,9,19.71,19.18,19.22,2010-09-24,Persistence+Trend,7,2010
2010-09-18,2010,9,19.55,19.09,18.43,2010-09-25,Persistence+Trend,7,2010
2010-09-19,2010,9,19.41,19.0,18.429999999999996,2010-09-26,Persistence+Trend,7,2010
2010-09-20,2010,9,19.3,18.87,18.530000000000005,2010-09-27,Persistence+Trend,7,2010
2010-09-21,2010,9,19.27,18.75,19.05999999999999,2010-09-28,Persistence+Trend,7,2010
2010-09-22,2010,9,19.25,18.66,19.110000000000003,2010-09-29,Persistence+Trend,7,2010
2010-09-23,2010,9,19.23,18.61,19.090000000000003,2010-09-30,Persistence+Trend,7,2010
2010-11-08,2010,11,15.78,15.4,15.289999999999997,2010-11-15,Persistence+Trend,7,2010
2010-11-09,2010,11,15.74,15.33,15.460000000000006,2010-11-16,Persistence+Trend,7,2010
2010-11-10,2010,11,15.68,15.29,15.259999999999996,2010-11-17,Persistence+Trend,7,2010
2010-11-11,2010,11,15.6,15.26,15.04,2010-11-18,Persistence+Trend,7,2010
2010-11-12,2010,11,15.55,15.23,15.200000000000008,2010-11-19,Persistence+Trend,7,2010
2010-11-13,2010,11,15.5,15.2,15.149999999999995,2010-11-20,Persistence+Trend,7,2010
2010-11-14,2010,11,15.45,15.17,15.099999999999994,2010-11-21,Persistence+Trend,7,2010
2010-11-15,2010,11,15.4,15.14,15.050000000000008,2010-11-22,Persistence+Trend,7,2010
2010-11-16,2010,11,15.33,15.12,14.839999999999998,2010-11-23,Persistence+Trend,7,2010
2010-11-17,2010,11,15.29,15.08,15.009999999999993,2010-11-24,Persistence+Trend,7,2010
2010-11-18,2010,11,15.26,15.05,15.050000000000004,2010-11-25,Persistence+Trend,7,2010
2010-11-19,2010,11,15.23,15.07,15.020000000000005,2010-11-26,Persistence+Trend,7,2010
2010-11-20,2010,11,15.2,15.09,14.989999999999991,2010-11-27,Persistence+Trend,7,2010
2010-11-21,2010,11,15.17,15.11,14.960000000000004,2010-11-28,Persistence+Trend,7,2010
2010-11-22,2010,11,15.14,15.11,14.930000000000005,2010-11-29,Persistence+Trend,7,2010
2010-11-23,2010,11,15.12,15.06,14.97999999999999,2010-11-30,Persistence+Trend,7,2010
2010-11-24,2010,11,15.08,15.01,14.800000000000006,2010-12-01,Persistence+Trend,7,2010
2010-11-25,2010,11,15.05,14.93,14.840000000000005,2010-12-02,Persistence+Trend,7,2010
2010-11-26,2010,11,15.07,14.897,15.209999999999997,2010-12-03,Persistence+Trend,7,2010
2010-11-27,2010,11,15.09,14.86,15.229999999999997,2010-12-04,Persistence+Trend,7,2010
2010-11-28,2010,11,15.11,14.82,15.249999999999996,2010-12-05,Persistence+Trend,7,2010
2010-11-29,2010,11,15.11,14.8,15.11,2010-12-06,Persistence+Trend,7,2010
2010-11-30,2010,11,15.06,14.79,14.710000000000008,2010-12-07,Persistence+Trend,7,2010
2010-12-01,2010,12,15.01,14.77,14.659999999999995,2010-12-08,Persistence+Trend,7,2010
2010-12-02,2010,12,14.93,14.74,14.37,2010-12-09,Persistence+Trend,7,2010
2010-12-03,2010,12,14.897,14.7,14.666000000000004,2010-12-10,Persistence+Trend,7,2010
2010-12-04,2010,12,14.86,14.66,14.600999999999994,2010-12-11,Persistence+Trend,7,2010
2010-12-05,2010,12,14.82,14.61,14.540000000000006,2010-12-12,Persistence+Trend,7,2010
2010-12-06,2010,12,14.8,14.57,14.660000000000004,2010-12-13,Persistence+Trend,7,2010
2010-12-07,2010,12,14.79,14.53,14.719999999999988,2010-12-14,Persistence+Trend,7,2010
2010-12-08,2010,12,14.77,14.5,14.630000000000003,2010-12-15,Persistence+Trend,7,2010
2010-12-09,2010,12,14.74,14.47,14.530000000000005,2010-12-16,Persistence+Trend,7,2010
2010-12-10,2010,12,14.7,14.45,14.419999999999993,2010-12-17,Persistence+Trend,7,2010
2010-12-11,2010,12,14.66,14.43,14.380000000000006,2010-12-18,Persistence+Trend,7,2010
2010-12-12,2010,12,14.61,14.41,14.259999999999994,2010-12-19,Persistence+Trend,7,2010
2010-12-13,2010,12,14.57,14.38,14.290000000000006,2010-12-20,Persistence+Trend,7,2010
2010-12-14,2010,12,14.53,14.36,14.249999999999993,2010-12-21,Persistence+Trend,7,2010
2010-12-15,2010,12,14.5,14.34,14.290000000000004,2010-12-22,Persistence+Trend,7,2010
2010-12-16,2010,12,14.47,14.33,14.260000000000005,2010-12-23,Persistence+Trend,7,2010
2010-12-17,2010,12,14.45,14.28,14.30999999999999,2010-12-24,Persistence+Trend,7,2010
2010-12-18,2010,12,14.43,14.27,14.290000000000003,2010-12-25,Persistence+Trend,7,2010
2010-12-19,2010,12,14.41,14.26,14.270000000000003,2010-12-26,Persistence+Trend,7,2010
2010-12-20,2010,12,14.38,14.24,14.170000000000005,2010-12-27,Persistence+Trend,7,2010
2010-12-21,2010,12,14.36,14.21,14.21999999999999,2010-12-28,Persistence+Trend,7,2010
2010-12-22,2010,12,14.34,14.17,14.200000000000003,2010-12-29,Persistence+Trend,7,2010
2010-12-23,2010,12,14.33,14.14,14.260000000000002,2010-12-30,Persistence+Trend,7,2010
2010-12-24,2010,12,14.28,14.1,13.929999999999994,2010-12-31,Persistence+Trend,7,2010
2010-12-25,2010,12,14.27,14.08,14.200000000000001,2011-01-01,Persistence+Trend,7,2010
2010-12-26,2010,12,14.26,14.06,14.190000000000001,2011-01-02,Persistence+Trend,7,2010
2010-12-27,2010,12,14.24,14.04,14.100000000000003,2011-01-03,Persistence+Trend,7,2010
2010-12-28,2010,12,14.21,14.03,14.000000000000005,2011-01-04,Persistence+Trend,7,2010
2010-12-29,2010,12,14.17,13.99,13.889999999999993,2011-01-05,Persistence+Trend,7,2010
2010-12-30,2010,12,14.14,13.96,13.930000000000005,2011-01-06,Persistence+Trend,7,2010
2010-12-31,2010,12,14.1,13.94,13.819999999999993,2011-01-07,Persistence+Trend,7,2010
2011-01-01,2011,1,14.08,13.92,13.940000000000003,2011-01-08,Persistence+Trend,7,2011
2011-01-02,2011,1,14.06,13.9,13.920000000000003,2011-01-09,Persistence+Trend,7,2011
2011-01-03,2011,1,14.04,13.88,13.89999999999999,2011-01-10,Persistence+Trend,7,2011
2011-01-04,2011,1,14.03,13.863,13.96,2011-01-11,Persistence+Trend,7,2011
2011-01-05,2011,1,13.99,13.84,13.710000000000006,2011-01-12,Persistence+Trend,7,2011
2011-01-06,2011,1,13.96,13.82,13.750000000000005,2011-01-13,Persistence+Trend,7,2011
2011-01-07,2011,1,13.94,13.798,13.79999999999999,2011-01-14,Persistence+Trend,7,2011
2011-01-08,2011,1,13.92,13.77,13.780000000000003,2011-01-15,Persistence+Trend,7,2011
2011-01-09,2011,1,13.9,13.75,13.760000000000003,2011-01-16,Persistence+Trend,7,2011
2011-01-10,2011,1,13.88,13.73,13.740000000000004,2011-01-17,Persistence+Trend,7,2011
2011-01-11,2011,1,13.863,13.71,13.743999999999991,2011-01-18,Persistence+Trend,7,2011
2011-01-12,2011,1,13.84,13.69,13.679000000000002,2011-01-19,Persistence+Trend,7,2011
2011-01-13,2011,1,13.82,13.68,13.680000000000003,2011-01-20,Persistence+Trend,7,2011
2011-01-14,2011,1,13.798,13.67,13.643999999999998,2011-01-21,Persistence+Trend,7,2011
2011-01-15,2011,1,13.77,13.65,13.573999999999996,2011-01-22,Persistence+Trend,7,2011
2011-01-16,2011,1,13.75,13.63,13.610000000000003,2011-01-23,Persistence+Trend,7,2011
2011-01-17,2011,1,13.73,13.63,13.590000000000003,2011-01-24,Persistence+Trend,7,2011
2011-01-18,2011,1,13.71,13.63,13.570000000000004,2011-01-25,Persistence+Trend,7,2011
2011-01-19,2011,1,13.69,13.61,13.54999999999999,2011-01-26,Persistence+Trend,7,2011
2011-01-20,2011,1,13.68,13.59,13.610000000000001,2011-01-27,Persistence+Trend,7,2011
2011-01-21,2011,1,13.67,13.56,13.600000000000001,2011-01-28,Persistence+Trend,7,2011
2011-01-22,2011,1,13.65,13.54,13.510000000000003,2011-01-29,Persistence+Trend,7,2011
2011-01-23,2011,1,13.63,13.52,13.490000000000004,2011-01-30,Persistence+Trend,7,2011
2011-01-24,2011,1,13.63,13.5,13.63,2011-01-31,Persistence+Trend,7,2011
2011-01-25,2011,1,13.63,13.48,13.63,2011-02-01,Persistence+Trend,7,2011
2011-01-26,2011,1,13.61,13.46,13.46999999999999,2011-02-02,Persistence+Trend,7,2011
2011-01-27,2011,1,13.59,13.44,13.450000000000003,2011-02-03,Persistence+Trend,7,2011
2011-01-28,2011,1,13.56,13.43,13.350000000000005,2011-02-04,Persistence+Trend,7,2011
2011-01-29,2011,1,13.54,13.42,13.39999999999999,2011-02-05,Persistence+Trend,7,2011
2011-01-30,2011,1,13.52,13.4,13.380000000000003,2011-02-06,Persistence+Trend,7,2011
2011-01-31,2011,1,13.5,13.39,13.360000000000003,2011-02-07,Persistence+Trend,7,2011
2011-02-01,2011,2,13.48,13.37,13.340000000000003,2011-02-08,Persistence+Trend,7,2011
2011-02-02,2011,2,13.46,13.36,13.320000000000004,2011-02-09,Persistence+Trend,7,2011
2011-02-03,2011,2,13.44,13.35,13.29999999999999,2011-02-10,Persistence+Trend,7,2011
2011-02-04,2011,2,13.43,13.33,13.360000000000001,2011-02-11,Persistence+Trend,7,2011
2011-02-05,2011,2,13.42,13.32,13.350000000000001,2011-02-12,Persistence+Trend,7,2011
2011-02-06,2011,2,13.4,13.31,13.260000000000003,2011-02-13,Persistence+Trend,7,2011
2011-02-07,2011,2,13.39,13.3,13.320000000000002,2011-02-14,Persistence+Trend,7,2011
2011-02-08,2011,2,13.37,13.3,13.22999999999999,2011-02-15,Persistence+Trend,7,2011
2011-02-09,2011,2,13.36,13.3,13.290000000000001,2011-02-16,Persistence+Trend,7,2011
2011-02-10,2011,2,13.35,13.32,13.280000000000001,2011-02-17,Persistence+Trend,7,2011
2011-02-11,2011,2,13.33,13.33,13.190000000000003,2011-02-18,Persistence+Trend,7,2011
2011-02-12,2011,2,13.32,13.34,13.250000000000002,2011-02-19,Persistence+Trend,7,2011
2011-02-13,2011,2,13.31,13.35,13.240000000000002,2011-02-20,Persistence+Trend,7,2011
2011-02-14,2011,2,13.3,13.34,13.230000000000002,2011-02-21,Persistence+Trend,7,2011
2011-02-15,2011,2,13.3,13.33,13.3,2011-02-22,Persistence+Trend,7,2011
2011-02-16,2011,2,13.3,13.32,13.3,2011-02-23,Persistence+Trend,7,2011
2011-02-17,2011,2,13.32,13.31,13.459999999999997,2011-02-24,Persistence+Trend,7,2011
2011-02-18,2011,2,13.33,13.36,13.399999999999999,2011-02-25,Persistence+Trend,7,2011
2011-02-19,2011,2,13.34,13.47,13.409999999999998,2011-02-26,Persistence+Trend,7,2011
2011-02-20,2011,2,13.35,13.56,13.419999999999998,2011-02-27,Persistence+Trend,7,2011
2011-02-21,2011,2,13.34,13.58,13.270000000000001,2011-02-28,Persistence+Trend,7,2011
2011-02-22,2011,2,13.33,13.56,13.260000000000002,2011-03-01,Persistence+Trend,7,2011
2011-02-23,2011,2,13.32,13.51,13.250000000000002,2011-03-02,Persistence+Trend,7,2011
2011-02-24,2011,2,13.31,13.44,13.240000000000002,2011-03-03,Persistence+Trend,7,2011
2011-02-25,2011,2,13.36,13.39,13.709999999999992,2011-03-04,Persistence+Trend,7,2011
2011-02-26,2011,2,13.47,13.34,14.240000000000009,2011-03-05,Persistence+Trend,7,2011
2011-02-27,2011,2,13.56,13.3,14.19,2011-03-06,Persistence+Trend,7,2011
2011-02-28,2011,2,13.58,13.28,13.719999999999997,2011-03-07,Persistence+Trend,7,2011
2011-03-01,2011,3,13.56,13.26,13.420000000000003,2011-03-08,Persistence+Trend,7,2011
2011-03-02,2011,3,13.51,13.24,13.159999999999995,2011-03-09,Persistence+Trend,7,2011
2011-03-03,2011,3,13.44,13.22,12.949999999999998,2011-03-10,Persistence+Trend,7,2011
2011-03-04,2011,3,13.39,13.21,13.040000000000008,2011-03-11,Persistence+Trend,7,2011
2011-03-05,2011,3,13.34,13.21,12.989999999999995,2011-03-12,Persistence+Trend,7,2011
2011-03-06,2011,3,13.3,13.22,13.020000000000007,2011-03-13,Persistence+Trend,7,2011
2011-03-07,2011,3,13.28,13.24,13.13999999999999,2011-03-14,Persistence+Trend,7,2011
2011-03-08,2011,3,13.26,13.27,13.120000000000003,2011-03-15,Persistence+Trend,7,2011
2011-03-09,2011,3,13.24,13.32,13.100000000000003,2011-03-16,Persistence+Trend,7,2011
2011-03-10,2011,3,13.22,13.34,13.080000000000004,2011-03-17,Persistence+Trend,7,2011
2011-03-11,2011,3,13.21,13.42,13.140000000000002,2011-03-18,Persistence+Trend,7,2011
2011-03-12,2011,3,13.21,13.56,13.21,2011-03-19,Persistence+Trend,7,2011
2011-03-13,2011,3,13.22,13.76,13.29,2011-03-20,Persistence+Trend,7,2011
2011-03-14,2011,3,13.24,13.84,13.379999999999997,2011-03-21,Persistence+Trend,7,2011
2011-03-15,2011,3,13.27,13.87,13.479999999999995,2011-03-22,Persistence+Trend,7,2011
2011-03-16,2011,3,13.32,13.87,13.670000000000005,2011-03-23,Persistence+Trend,7,2011
2011-03-17,2011,3,13.34,13.85,13.479999999999997,2011-03-24,Persistence+Trend,7,2011
2011-03-18,2011,3,13.42,13.81,13.98,2011-03-25,Persistence+Trend,7,2011
2011-03-19,2011,3,13.56,13.81,14.540000000000004,2011-03-26,Persistence+Trend,7,2011
2011-03-20,2011,3,13.76,14.19,15.159999999999995,2011-03-27,Persistence+Trend,7,2011
2011-03-21,2011,3,13.84,14.83,14.4,2011-03-28,Persistence+Trend,7,2011
2011-03-22,2011,3,13.87,14.99,14.079999999999995,2011-03-29,Persistence+Trend,7,2011
2011-03-23,2011,3,13.87,14.99,13.87,2011-03-30,Persistence+Trend,7,2011
2011-03-24,2011,3,13.85,14.98,13.710000000000003,2011-03-31,Persistence+Trend,7,2011
2011-03-25,2011,3,13.81,14.96,13.530000000000006,2011-04-01,Persistence+Trend,7,2011
2011-03-26,2011,3,13.81,14.96,13.81,2011-04-02,Persistence+Trend,7,2011
2011-03-27,2011,3,14.19,14.92,16.849999999999994,2011-04-03,Persistence+Trend,7,2011
2011-03-28,2011,3,14.83,14.83,19.310000000000002,2011-04-04,Persistence+Trend,7,2011
2011-03-29,2011,3,14.99,14.72,16.11,2011-04-05,Persistence+Trend,7,2011
2011-03-30,2011,3,14.99,14.62,14.99,2011-04-06,Persistence+Trend,7,2011
2011-03-31,2011,3,14.98,14.56,14.910000000000002,2011-04-07,Persistence+Trend,7,2011
2011-04-01,2011,4,14.96,14.51,14.820000000000004,2011-04-08,Persistence+Trend,7,2011
2011-04-02,2011,4,14.96,14.5,14.96,2011-04-09,Persistence+Trend,7,2011
2011-04-03,2011,4,14.92,14.5,14.639999999999993,2011-04-10,Persistence+Trend,7,2011
2011-04-04,2011,4,14.83,14.48,14.200000000000001,2011-04-11,Persistence+Trend,7,2011
2011-04-05,2011,4,14.72,14.45,13.950000000000005,2011-04-12,Persistence+Trend,7,2011
2011-04-06,2011,4,14.62,14.41,13.91999999999999,2011-04-13,Persistence+Trend,7,2011
2011-04-07,2011,4,14.56,14.43,14.14000000000001,2011-04-14,Persistence+Trend,7,2011
2011-04-08,2011,4,14.51,14.43,14.159999999999995,2011-04-15,Persistence+Trend,7,2011
2011-04-09,2011,4,14.5,14.42,14.430000000000001,2011-04-16,Persistence+Trend,7,2011
2011-04-10,2011,4,14.5,14.47,14.5,2011-04-17,Persistence+Trend,7,2011
2011-04-11,2011,4,14.48,14.52,14.340000000000003,2011-04-18,Persistence+Trend,7,2011
2011-04-12,2011,4,14.45,14.53,14.239999999999991,2011-04-19,Persistence+Trend,7,2011
2011-04-13,2011,4,14.41,14.53,14.130000000000006,2011-04-20,Persistence+Trend,7,2011
2011-04-14,2011,4,14.43,14.49,14.569999999999997,2011-04-21,Persistence+Trend,7,2011
2011-04-15,2011,4,14.43,14.52,14.43,2011-04-22,Persistence+Trend,7,2011
2011-04-16,2011,4,14.42,14.63,14.350000000000001,2011-04-23,Persistence+Trend,7,2011
2011-04-17,2011,4,14.47,14.66,14.820000000000006,2011-04-24,Persistence+Trend,7,2011
2011-04-18,2011,4,14.52,14.645,14.869999999999992,2011-04-25,Persistence+Trend,7,2011
2011-04-19,2011,4,14.53,14.71,14.599999999999998,2011-04-26,Persistence+Trend,7,2011
2011-04-20,2011,4,14.53,14.95,14.53,2011-04-27,Persistence+Trend,7,2011
2011-04-21,2011,4,14.49,15.28,14.210000000000006,2011-04-28,Persistence+Trend,7,2011
2011-04-22,2011,4,14.52,15.41,14.729999999999995,2011-04-29,Persistence+Trend,7,2011
2011-04-23,2011,4,14.63,15.41,15.40000000000001,2011-04-30,Persistence+Trend,7,2011
2011-04-24,2011,4,14.66,15.34,14.869999999999996,2011-05-01,Persistence+Trend,7,2011
2011-04-25,2011,4,14.645,15.3,14.539999999999996,2011-05-02,Persistence+Trend,7,2011
2011-04-26,2011,4,14.71,15.2,15.16500000000001,2011-05-03,Persistence+Trend,7,2011
2011-04-27,2011,4,14.95,15.15,16.62999999999999,2011-05-04,Persistence+Trend,7,2011
2011-04-28,2011,4,15.28,15.07,17.59,2011-05-05,Persistence+Trend,7,2011
2011-04-29,2011,4,15.41,15.02,16.320000000000007,2011-05-06,Persistence+Trend,7,2011
2011-04-30,2011,4,15.41,15.16,15.41,2011-05-07,Persistence+Trend,7,2011
2011-05-01,2011,5,15.34,15.26,14.849999999999998,2011-05-08,Persistence+Trend,7,2011
2011-05-02,2011,5,15.3,15.37,15.020000000000007,2011-05-09,Persistence+Trend,7,2011
2011-05-03,2011,5,15.2,15.48,14.49999999999999,2011-05-10,Persistence+Trend,7,2011
2011-05-04,2011,5,15.15,15.59,14.800000000000008,2011-05-11,Persistence+Trend,7,2011
2011-05-05,2011,5,15.07,15.63,14.51,2011-05-12,Persistence+Trend,7,2011
2011-05-06,2011,5,15.02,15.33,14.669999999999995,2011-05-13,Persistence+Trend,7,2011
2011-05-07,2011,5,15.16,15.31,16.140000000000004,2011-05-14,Persistence+Trend,7,2011
2011-05-08,2011,5,15.26,15.24,15.959999999999997,2011-05-15,Persistence+Trend,7,2011
2011-05-09,2011,5,15.37,15.36,16.139999999999993,2011-05-16,Persistence+Trend,7,2011
2011-05-10,2011,5,15.48,15.36,16.250000000000007,2011-05-17,Persistence+Trend,7,2011
2011-05-11,2011,5,15.59,15.34,16.359999999999996,2011-05-18,Persistence+Trend,7,2011
2011-05-12,2011,5,15.63,15.35,15.910000000000007,2011-05-19,Persistence+Trend,7,2011
2011-05-13,2011,5,15.33,15.35,13.229999999999995,2011-05-20,Persistence+Trend,7,2011
2011-05-14,2011,5,15.31,15.37,15.170000000000003,2011-05-21,Persistence+Trend,7,2011
2011-05-15,2011,5,15.24,15.36,14.749999999999998,2011-05-22,Persistence+Trend,7,2011
2011-05-16,2011,5,15.36,15.39,16.199999999999996,2011-05-23,Persistence+Trend,7,2011
2011-05-17,2011,5,15.36,15.5,15.36,2011-05-24,Persistence+Trend,7,2011
2011-05-18,2011,5,15.34,15.62,15.200000000000003,2011-05-25,Persistence+Trend,7,2011
2011-05-19,2011,5,15.35,15.73,15.419999999999998,2011-05-26,Persistence+Trend,7,2011
2011-05-20,2011,5,15.35,15.74,15.35,2011-05-27,Persistence+Trend,7,2011
2011-05-21,2011,5,15.37,15.81,15.509999999999996,2011-05-28,Persistence+Trend,7,2011
2011-05-22,2011,5,15.36,15.92,15.290000000000001,2011-05-29,Persistence+Trend,7,2011
2011-05-23,2011,5,15.39,16.28,15.600000000000009,2011-05-30,Persistence+Trend,7,2011
2011-05-24,2011,5,15.5,16.4,16.269999999999996,2011-05-31,Persistence+Trend,7,2011
2011-05-25,2011,5,15.62,16.35,16.459999999999994,2011-06-01,Persistence+Trend,7,2011
2011-05-26,2011,5,15.73,16.26,16.500000000000007,2011-06-02,Persistence+Trend,7,2011
2011-05-27,2011,5,15.74,16.22,15.809999999999999,2011-06-03,Persistence+Trend,7,2011
2011-05-28,2011,5,15.81,16.3,16.300000000000004,2011-06-04,Persistence+Trend,7,2011
2011-05-29,2011,5,15.92,16.49,16.689999999999998,2011-06-05,Persistence+Trend,7,2011
2011-05-30,2011,5,16.28,16.77,18.80000000000001,2011-06-06,Persistence+Trend,7,2011
2011-05-31,2011,5,16.4,17.21,17.23999999999998,2011-06-07,Persistence+Trend,7,2011
2011-06-01,2011,6,16.35,17.49,16.00000000000002,2011-06-08,Persistence+Trend,7,2011
2011-06-02,2011,6,16.26,17.59,15.630000000000003,2011-06-09,Persistence+Trend,7,2011
2011-06-03,2011,6,16.22,17.6,15.93999999999998,2011-06-10,Persistence+Trend,7,2011
2011-06-04,2011,6,16.3,17.6,16.860000000000014,2011-06-11,Persistence+Trend,7,2011
2011-06-05,2011,6,16.49,17.56,17.819999999999983,2011-06-12,Persistence+Trend,7,2011
2011-06-06,2011,6,16.77,17.39,18.730000000000008,2011-06-13,Persistence+Trend,7,2011
2011-06-07,2011,6,17.21,17.26,20.29000000000001,2011-06-14,Persistence+Trend,7,2011
2011-06-08,2011,6,17.49,17.16,19.44999999999998,2011-06-15,Persistence+Trend,7,2011
2011-06-09,2011,6,17.59,17.03,18.29000000000001,2011-06-16,Persistence+Trend,7,2011
2011-06-10,2011,6,17.6,17.05,17.670000000000012,2011-06-17,Persistence+Trend,7,2011
2011-06-11,2011,6,17.6,17.17,17.6,2011-06-18,Persistence+Trend,7,2011
2011-06-12,2011,6,17.56,17.2,17.27999999999998,2011-06-19,Persistence+Trend,7,2011
2011-06-13,2011,6,17.39,17.203,16.200000000000014,2011-06-20,Persistence+Trend,7,2011
2011-06-14,2011,6,17.26,17.19,16.35000000000001,2011-06-21,Persistence+Trend,7,2011
2011-06-15,2011,6,17.16,17.23,16.45999999999999,2011-06-22,Persistence+Trend,7,2011
2011-06-16,2011,6,17.03,17.33,16.120000000000008,2011-06-23,Persistence+Trend,7,2011
2011-06-17,2011,6,17.05,17.44,17.189999999999998,2011-06-24,Persistence+Trend,7,2011
2011-06-18,2011,6,17.17,17.46,18.01000000000001,2011-06-25,Persistence+Trend,7,2011
2011-06-19,2011,6,17.2,17.6,17.409999999999982,2011-06-26,Persistence+Trend,7,2011
2011-06-20,2011,6,17.203,17.75,17.224,2011-06-27,Persistence+Trend,7,2011
2011-06-21,2011,6,17.19,17.91,17.099000000000014,2011-06-28,Persistence+Trend,7,2011
2011-06-22,2011,6,17.23,17.93,17.509999999999994,2011-06-29,Persistence+Trend,7,2011
2011-06-23,2011,6,17.33,17.96,18.029999999999983,2011-06-30,Persistence+Trend,7,2011
2011-06-24,2011,6,17.44,18.08,18.210000000000022,2011-07-01,Persistence+Trend,7,2011
2011-06-25,2011,6,17.46,18.29,17.599999999999998,2011-07-02,Persistence+Trend,7,2011
2011-06-26,2011,6,17.6,18.47,18.580000000000005,2011-07-03,Persistence+Trend,7,2011
2011-06-27,2011,6,17.75,18.41,18.79999999999999,2011-07-04,Persistence+Trend,7,2011
2011-06-28,2011,6,17.91,18.43,19.03,2011-07-05,Persistence+Trend,7,2011
2011-06-29,2011,6,17.93,18.6,18.069999999999997,2011-07-06,Persistence+Trend,7,2011
2011-06-30,2011,6,17.96,18.84,18.17000000000001,2011-07-07,Persistence+Trend,7,2011
2011-07-01,2011,7,18.08,18.92,18.91999999999998,2011-07-08,Persistence+Trend,7,2011
2011-07-02,2011,7,18.29,18.99,19.760000000000005,2011-07-09,Persistence+Trend,7,2011
2011-07-03,2011,7,18.47,19.08,19.729999999999997,2011-07-10,Persistence+Trend,7,2011
2011-07-04,2011,7,18.41,19.13,17.99000000000001,2011-07-11,Persistence+Trend,7,2011
2011-07-05,2011,7,18.43,19.17,18.569999999999997,2011-07-12,Persistence+Trend,7,2011
2011-07-06,2011,7,18.6,19.24,19.790000000000013,2011-07-13,Persistence+Trend,7,2011
2011-07-07,2011,7,18.84,19.24,20.51999999999999,2011-07-14,Persistence+Trend,7,2011
2011-07-08,2011,7,18.92,19.28,19.480000000000015,2011-07-15,Persistence+Trend,7,2011
2011-07-09,2011,7,18.99,19.34,19.479999999999976,2011-07-16,Persistence+Trend,7,2011
2011-07-10,2011,7,19.08,19.4,19.709999999999997,2011-07-17,Persistence+Trend,7,2011
2011-07-11,2011,7,19.13,19.43,19.480000000000004,2011-07-18,Persistence+Trend,7,2011
2011-07-12,2011,7,19.17,19.48,19.45000000000002,2011-07-19,Persistence+Trend,7,2011
2011-07-13,2011,7,19.24,19.51,19.729999999999976,2011-07-20,Persistence+Trend,7,2011
2011-07-14,2011,7,19.24,19.57,19.24,2011-07-21,Persistence+Trend,7,2011
2011-07-15,2011,7,19.28,19.63,19.56000000000002,2011-07-22,Persistence+Trend,7,2011
2011-07-16,2011,7,19.34,19.64,19.75999999999999,2011-07-23,Persistence+Trend,7,2011
2011-07-17,2011,7,19.4,19.64,19.81999999999999,2011-07-24,Persistence+Trend,7,2011
2011-07-18,2011,7,19.43,19.65,19.640000000000008,2011-07-25,Persistence+Trend,7,2011
2011-07-19,2011,7,19.48,19.52,19.830000000000005,2011-07-26,Persistence+Trend,7,2011
2011-07-20,2011,7,19.51,19.41,19.72000000000001,2011-07-27,Persistence+Trend,7,2011
2011-07-21,2011,7,19.57,19.35,19.98999999999999,2011-07-28,Persistence+Trend,7,2011
2011-07-22,2011,7,19.63,19.22,20.04999999999999,2011-07-29,Persistence+Trend,7,2011
2011-07-23,2011,7,19.64,19.24,19.71000000000001,2011-07-30,Persistence+Trend,7,2011
2011-07-24,2011,7,19.64,19.25,19.64,2011-07-31,Persistence+Trend,7,2011
2011-09-08,2011,9,17.13,17.24,17.269999999999996,2011-09-15,Persistence+Trend,7,2011
2011-09-09,2011,9,17.1,17.16,16.89000000000002,2011-09-16,Persistence+Trend,7,2011
2011-09-10,2011,9,16.98,17.25,16.139999999999993,2011-09-17,Persistence+Trend,7,2011
2011-09-11,2011,9,17.0,17.41,17.139999999999997,2011-09-18,Persistence+Trend,7,2011
2011-09-12,2011,9,17.11,17.71,17.879999999999995,2011-09-19,Persistence+Trend,7,2011
2011-09-13,2011,9,17.19,18.14,17.750000000000014,2011-09-20,Persistence+Trend,7,2011
2011-09-14,2011,9,17.23,18.09,17.509999999999994,2011-09-21,Persistence+Trend,7,2011
2011-09-15,2011,9,17.24,17.9,17.309999999999985,2011-09-22,Persistence+Trend,7,2011
2011-09-16,2011,9,17.16,17.78,16.600000000000012,2011-09-23,Persistence+Trend,7,2011
2011-09-17,2011,9,17.25,17.7,17.88,2011-09-24,Persistence+Trend,7,2011
2011-09-18,2011,9,17.41,17.62,18.53,2011-09-25,Persistence+Trend,7,2011
2011-09-19,2011,9,17.71,17.6,19.810000000000006,2011-09-26,Persistence+Trend,7,2011
2011-09-20,2011,9,18.14,17.84,21.15,2011-09-27,Persistence+Trend,7,2011
2011-09-21,2011,9,18.09,17.87,17.739999999999995,2011-09-28,Persistence+Trend,7,2011
2011-09-22,2011,9,17.9,17.89,16.56999999999999,2011-09-29,Persistence+Trend,7,2011
2011-09-23,2011,9,17.78,17.93,16.94000000000002,2011-09-30,Persistence+Trend,7,2011
2011-09-24,2011,9,17.7,17.99,17.139999999999986,2011-10-01,Persistence+Trend,7,2011
2011-09-25,2011,9,17.62,18.0,17.060000000000013,2011-10-02,Persistence+Trend,7,2011
2011-09-26,2011,9,17.6,17.98,17.460000000000004,2011-10-03,Persistence+Trend,7,2011
2011-09-27,2011,9,17.84,17.78,19.51999999999999,2011-10-04,Persistence+Trend,7,2011
2011-09-28,2011,9,17.87,17.66,18.08000000000001,2011-10-05,Persistence+Trend,7,2011
2011-09-29,2011,9,17.89,17.37,18.029999999999998,2011-10-06,Persistence+Trend,7,2011
2011-09-30,2011,9,17.93,17.11,18.209999999999994,2011-10-07,Persistence+Trend,7,2011
2011-10-01,2011,10,17.99,16.95,18.40999999999999,2011-10-08,Persistence+Trend,7,2011
2011-10-02,2011,10,18.0,16.81,18.07000000000001,2011-10-09,Persistence+Trend,7,2011
2011-10-03,2011,10,17.98,16.67,17.840000000000003,2011-10-10,Persistence+Trend,7,2011
2011-10-04,2011,10,17.78,16.57,16.380000000000006,2011-10-11,Persistence+Trend,7,2011
2011-10-05,2011,10,17.66,16.45,16.819999999999993,2011-10-12,Persistence+Trend,7,2011
2011-10-06,2011,10,17.37,16.42,15.340000000000007,2011-10-13,Persistence+Trend,7,2011
2011-10-07,2011,10,17.11,16.25,15.289999999999988,2011-10-14,Persistence+Trend,7,2011
2011-10-08,2011,10,16.95,16.13,15.829999999999998,2011-10-15,Persistence+Trend,7,2011
2011-10-09,2011,10,16.81,16.05,15.829999999999995,2011-10-16,Persistence+Trend,7,2011
2011-10-10,2011,10,16.67,15.94,15.690000000000023,2011-10-17,Persistence+Trend,7,2011
2011-10-11,2011,10,16.57,15.84,15.86999999999999,2011-10-18,Persistence+Trend,7,2011
2011-10-12,2011,10,16.45,15.82,15.609999999999992,2011-10-19,Persistence+Trend,7,2011
2011-10-13,2011,10,16.42,15.76,16.21000000000002,2011-10-20,Persistence+Trend,7,2011
2011-10-14,2011,10,16.25,15.7,15.059999999999988,2011-10-21,Persistence+Trend,7,2011
2011-10-15,2011,10,16.13,15.7,15.289999999999992,2011-10-22,Persistence+Trend,7,2011
2011-10-16,2011,10,16.05,15.68,15.490000000000013,2011-10-23,Persistence+Trend,7,2011
2011-10-17,2011,10,15.94,15.68,15.169999999999991,2011-10-24,Persistence+Trend,7,2011
2011-10-18,2011,10,15.84,15.66,15.140000000000002,2011-10-25,Persistence+Trend,7,2011
2011-10-19,2011,10,15.82,15.6,15.680000000000003,2011-10-26,Persistence+Trend,7,2011
2011-10-20,2011,10,15.76,15.52,15.339999999999996,2011-10-27,Persistence+Trend,7,2011
2011-10-21,2011,10,15.7,15.45,15.279999999999996,2011-10-28,Persistence+Trend,7,2011
2011-10-22,2011,10,15.7,15.42,15.7,2011-10-29,Persistence+Trend,7,2011
2011-10-23,2011,10,15.68,15.38,15.540000000000003,2011-10-30,Persistence+Trend,7,2011
2011-10-24,2011,10,15.68,15.35,15.68,2011-10-31,Persistence+Trend,7,2011
2011-10-25,2011,10,15.66,15.3,15.520000000000003,2011-11-01,Persistence+Trend,7,2011
2011-10-26,2011,10,15.6,15.22,15.179999999999996,2011-11-02,Persistence+Trend,7,2011
2011-10-27,2011,10,15.52,15.16,14.959999999999999,2011-11-03,Persistence+Trend,7,2011
2011-10-28,2011,10,15.45,15.1,14.959999999999997,2011-11-04,Persistence+Trend,7,2011
2011-10-29,2011,10,15.42,15.03,15.210000000000004,2011-11-05,Persistence+Trend,7,2011
2011-10-30,2011,10,15.38,14.98,15.100000000000007,2011-11-06,Persistence+Trend,7,2011
2011-10-31,2011,10,15.35,14.95,15.139999999999992,2011-11-07,Persistence+Trend,7,2011
2011-11-01,2011,11,15.3,14.9,14.950000000000008,2011-11-08,Persistence+Trend,7,2011
2011-11-02,2011,11,15.22,14.83,14.66,2011-11-09,Persistence+Trend,7,2011
2011-11-03,2011,11,15.16,14.77,14.739999999999997,2011-11-10,Persistence+Trend,7,2011
2011-11-04,2011,11,15.1,14.68,14.679999999999996,2011-11-11,Persistence+Trend,7,2011
2011-11-05,2011,11,15.03,14.6,14.539999999999997,2011-11-12,Persistence+Trend,7,2011
2011-11-06,2011,11,14.98,14.55,14.630000000000008,2011-11-13,Persistence+Trend,7,2011
2011-11-07,2011,11,14.95,14.5,14.739999999999991,2011-11-14,Persistence+Trend,7,2011
2011-11-08,2011,11,14.9,14.45,14.550000000000008,2011-11-15,Persistence+Trend,7,2011
2011-11-09,2011,11,14.83,14.41,14.339999999999998,2011-11-16,Persistence+Trend,7,2011
2011-11-10,2011,11,14.77,14.38,14.349999999999996,2011-11-17,Persistence+Trend,7,2011
2011-11-11,2011,11,14.68,14.32,14.05,2011-11-18,Persistence+Trend,7,2011
2011-11-12,2011,11,14.6,14.32,14.04,2011-11-19,Persistence+Trend,7,2011
2011-11-13,2011,11,14.55,14.31,14.200000000000008,2011-11-20,Persistence+Trend,7,2011
2011-11-14,2011,11,14.5,14.27,14.149999999999995,2011-11-21,Persistence+Trend,7,2011
2011-11-15,2011,11,14.45,14.24,14.099999999999994,2011-11-22,Persistence+Trend,7,2011
2011-11-16,2011,11,14.41,14.21,14.130000000000006,2011-11-23,Persistence+Trend,7,2011
2011-11-17,2011,11,14.38,14.2,14.170000000000005,2011-11-24,Persistence+Trend,7,2011
2011-11-18,2011,11,14.32,14.18,13.899999999999997,2011-11-25,Persistence+Trend,7,2011
2011-11-19,2011,11,14.32,14.16,14.32,2011-11-26,Persistence+Trend,7,2011
2011-11-20,2011,11,14.31,14.12,14.240000000000002,2011-11-27,Persistence+Trend,7,2011
2011-11-21,2011,11,14.27,14.08,13.989999999999993,2011-11-28,Persistence+Trend,7,2011
2011-11-22,2011,11,14.24,14.04,14.030000000000005,2011-11-29,Persistence+Trend,7,2011
2011-11-23,2011,11,14.21,14.0,14.000000000000005,2011-11-30,Persistence+Trend,7,2011
2011-11-24,2011,11,14.2,13.98,14.129999999999988,2011-12-01,Persistence+Trend,7,2011
2011-11-25,2011,11,14.18,13.96,14.040000000000003,2011-12-02,Persistence+Trend,7,2011
2011-11-26,2011,11,14.16,13.92,14.020000000000003,2011-12-03,Persistence+Trend,7,2011
2011-11-27,2011,11,14.12,13.88,13.839999999999993,2011-12-04,Persistence+Trend,7,2011
2011-11-28,2011,11,14.08,13.86,13.800000000000006,2011-12-05,Persistence+Trend,7,2011
2011-11-29,2011,11,14.04,13.84,13.759999999999993,2011-12-06,Persistence+Trend,7,2011
2011-11-30,2011,11,14.0,13.81,13.720000000000006,2011-12-07,Persistence+Trend,7,2011
2011-12-01,2011,12,13.98,13.78,13.840000000000003,2011-12-08,Persistence+Trend,7,2011
2011-12-02,2011,12,13.96,13.75,13.820000000000004,2011-12-09,Persistence+Trend,7,2011
2011-12-03,2011,12,13.92,13.72,13.639999999999993,2011-12-10,Persistence+Trend,7,2011
2011-12-04,2011,12,13.88,13.7,13.600000000000007,2011-12-11,Persistence+Trend,7,2011
2011-12-05,2011,12,13.86,13.69,13.71999999999999,2011-12-12,Persistence+Trend,7,2011
2011-12-06,2011,12,13.84,13.66,13.700000000000003,2011-12-13,Persistence+Trend,7,2011
2011-12-07,2011,12,13.81,13.64,13.600000000000005,2011-12-14,Persistence+Trend,7,2011
2011-12-08,2011,12,13.78,13.62,13.569999999999991,2011-12-15,Persistence+Trend,7,2011
2011-12-09,2011,12,13.75,13.6,13.540000000000004,2011-12-16,Persistence+Trend,7,2011
2011-12-10,2011,12,13.72,13.58,13.510000000000005,2011-12-17,Persistence+Trend,7,2011
2011-12-11,2011,12,13.7,13.58,13.55999999999999,2011-12-18,Persistence+Trend,7,2011
2011-12-12,2011,12,13.69,13.57,13.620000000000001,2011-12-19,Persistence+Trend,7,2011
2011-12-13,2011,12,13.66,13.56,13.450000000000005,2011-12-20,Persistence+Trend,7,2011
2011-12-14,2011,12,13.64,13.52,13.500000000000004,2011-12-21,Persistence+Trend,7,2011
2011-12-15,2011,12,13.62,13.5,13.47999999999999,2011-12-22,Persistence+Trend,7,2011
2011-12-16,2011,12,13.6,13.48,13.460000000000003,2011-12-23,Persistence+Trend,7,2011
2011-12-17,2011,12,13.58,13.46,13.440000000000003,2011-12-24,Persistence+Trend,7,2011
2011-12-18,2011,12,13.58,13.44,13.58,2011-12-25,Persistence+Trend,7,2011
2011-12-19,2011,12,13.57,13.42,13.500000000000002,2011-12-26,Persistence+Trend,7,2011
2011-12-20,2011,12,13.56,13.39,13.490000000000002,2011-12-27,Persistence+Trend,7,2011
2011-12-21,2011,12,13.52,13.37,13.239999999999993,2011-12-28,Persistence+Trend,7,2011
2011-12-22,2011,12,13.5,13.35,13.360000000000003,2011-12-29,Persistence+Trend,7,2011
2011-12-23,2011,12,13.48,13.33,13.340000000000003,2011-12-30,Persistence+Trend,7,2011
2011-12-24,2011,12,13.46,13.31,13.320000000000004,2011-12-31,Persistence+Trend,7,2011
2011-12-25,2011,12,13.44,13.28,13.29999999999999,2012-01-01,Persistence+Trend,7,2011
2011-12-26,2011,12,13.42,13.24,13.280000000000003,2012-01-02,Persistence+Trend,7,2011
2011-12-27,2011,12,13.39,13.22,13.180000000000005,2012-01-03,Persistence+Trend,7,2011
2011-12-28,2011,12,13.37,13.21,13.22999999999999,2012-01-04,Persistence+Trend,7,2011
2011-12-29,2011,12,13.35,13.2,13.210000000000003,2012-01-05,Persistence+Trend,7,2011
2011-12-30,2011,12,13.33,13.19,13.190000000000003,2012-01-06,Persistence+Trend,7,2011
2011-12-31,2011,12,13.31,13.18,13.170000000000003,2012-01-07,Persistence+Trend,7,2011
2012-01-01,2012,1,13.28,13.16,13.069999999999991,2012-01-08,Persistence+Trend,7,2012
2012-01-02,2012,1,13.24,13.15,12.960000000000006,2012-01-09,Persistence+Trend,7,2012
2012-01-03,2012,1,13.22,13.13,13.080000000000004,2012-01-10,Persistence+Trend,7,2012
2012-01-04,2012,1,13.21,13.12,13.140000000000002,2012-01-11,Persistence+Trend,7,2012
2012-01-05,2012,1,13.2,13.11,13.129999999999988,2012-01-12,Persistence+Trend,7,2012
2012-01-06,2012,1,13.19,13.1,13.120000000000001,2012-01-13,Persistence+Trend,7,2012
2012-01-07,2012,1,13.18,13.09,13.110000000000001,2012-01-14,Persistence+Trend,7,2012
2012-01-08,2012,1,13.16,13.08,13.020000000000003,2012-01-15,Persistence+Trend,7,2012
2012-01-09,2012,1,13.15,13.07,13.080000000000002,2012-01-16,Persistence+Trend,7,2012
2012-01-10,2012,1,13.13,13.05,12.990000000000004,2012-01-17,Persistence+Trend,7,2012
2012-01-11,2012,1,13.12,13.02,13.049999999999988,2012-01-18,Persistence+Trend,7,2012
2012-01-12,2012,1,13.11,13.0,13.040000000000001,2012-01-19,Persistence+Trend,7,2012
2012-01-13,2012,1,13.1,12.99,13.030000000000001,2012-01-20,Persistence+Trend,7,2012
2012-01-14,2012,1,13.09,12.99,13.020000000000001,2012-01-21,Persistence+Trend,7,2012
2012-01-15,2012,1,13.08,12.97,13.010000000000002,2012-01-22,Persistence+Trend,7,2012
2012-01-16,2012,1,13.07,12.95,13.000000000000002,2012-01-23,Persistence+Trend,7,2012
2012-01-17,2012,1,13.05,12.93,12.910000000000004,2012-01-24,Persistence+Trend,7,2012
2012-01-18,2012,1,13.02,12.91,12.809999999999992,2012-01-25,Persistence+Trend,7,2012
2012-01-19,2012,1,13.0,12.89,12.860000000000003,2012-01-26,Persistence+Trend,7,2012
2012-01-20,2012,1,12.99,12.87,12.920000000000002,2012-01-27,Persistence+Trend,7,2012
2012-01-21,2012,1,12.99,12.86,12.99,2012-01-28,Persistence+Trend,7,2012
2012-01-22,2012,1,12.97,12.86,12.830000000000004,2012-01-29,Persistence+Trend,7,2012
2012-01-23,2012,1,12.95,12.88,12.80999999999999,2012-01-30,Persistence+Trend,7,2012
2012-01-24,2012,1,12.93,12.88,12.790000000000003,2012-01-31,Persistence+Trend,7,2012
2012-01-25,2012,1,12.91,12.87,12.770000000000003,2012-02-01,Persistence+Trend,7,2012
2012-01-26,2012,1,12.89,12.85,12.750000000000004,2012-02-02,Persistence+Trend,7,2012
2012-01-27,2012,1,12.87,12.84,12.72999999999999,2012-02-03,Persistence+Trend,7,2012
2012-01-28,2012,1,12.86,12.82,12.790000000000001,2012-02-04,Persistence+Trend,7,2012
2012-01-29,2012,1,12.86,12.81,12.86,2012-02-05,Persistence+Trend,7,2012
2012-01-30,2012,1,12.88,12.79,13.02000000000001,2012-02-06,Persistence+Trend,7,2012
2012-01-31,2012,1,12.88,12.78,12.88,2012-02-07,Persistence+Trend,7,2012
2012-02-01,2012,2,12.87,12.77,12.799999999999988,2012-02-08,Persistence+Trend,7,2012
2012-02-02,2012,2,12.85,12.76,12.710000000000003,2012-02-09,Persistence+Trend,7,2012
2012-02-03,2012,2,12.84,12.75,12.770000000000001,2012-02-10,Persistence+Trend,7,2012
2012-02-04,2012,2,12.82,12.74,12.680000000000003,2012-02-11,Persistence+Trend,7,2012
2012-02-05,2012,2,12.81,12.73,12.740000000000002,2012-02-12,Persistence+Trend,7,2012
2012-02-06,2012,2,12.79,12.72,12.64999999999999,2012-02-13,Persistence+Trend,7,2012
2012-02-07,2012,2,12.78,12.71,12.71,2012-02-14,Persistence+Trend,7,2012
2012-02-08,2012,2,12.77,12.71,12.700000000000001,2012-02-15,Persistence+Trend,7,2012
2012-02-09,2012,2,12.76,12.71,12.690000000000001,2012-02-16,Persistence+Trend,7,2012
2012-02-10,2012,2,12.75,12.7,12.680000000000001,2012-02-17,Persistence+Trend,7,2012
2012-02-11,2012,2,12.74,12.7,12.670000000000002,2012-02-18,Persistence+Trend,7,2012
2012-02-12,2012,2,12.73,12.7,12.660000000000002,2012-02-19,Persistence+Trend,7,2012
2012-02-13,2012,2,12.72,12.72,12.650000000000002,2012-02-20,Persistence+Trend,7,2012
2012-02-14,2012,2,12.71,12.72,12.640000000000002,2012-02-21,Persistence+Trend,7,2012
2012-02-15,2012,2,12.71,12.7,12.71,2012-02-22,Persistence+Trend,7,2012
2012-02-16,2012,2,12.71,12.69,12.71,2012-02-23,Persistence+Trend,7,2012
2012-02-17,2012,2,12.7,12.66,12.629999999999988,2012-02-24,Persistence+Trend,7,2012
2012-02-18,2012,2,12.7,12.64,12.7,2012-02-25,Persistence+Trend,7,2012
2012-02-19,2012,2,12.7,12.62,12.7,2012-02-26,Persistence+Trend,7,2012
2012-02-20,2012,2,12.72,12.61,12.86000000000001,2012-02-27,Persistence+Trend,7,2012
2012-02-21,2012,2,12.72,12.63,12.72,2012-02-28,Persistence+Trend,7,2012
2012-02-22,2012,2,12.7,12.64,12.55999999999999,2012-02-29,Persistence+Trend,7,2012
2012-02-23,2012,2,12.69,12.64,12.620000000000001,2012-03-01,Persistence+Trend,7,2012
2012-02-24,2012,2,12.66,12.63,12.450000000000005,2012-03-02,Persistence+Trend,7,2012
2012-02-25,2012,2,12.64,12.62,12.500000000000004,2012-03-03,Persistence+Trend,7,2012
2012-02-26,2012,2,12.62,12.62,12.47999999999999,2012-03-04,Persistence+Trend,7,2012
2012-02-27,2012,2,12.61,12.66,12.540000000000001,2012-03-05,Persistence+Trend,7,2012
2012-02-28,2012,2,12.63,12.7,12.77000000000001,2012-03-06,Persistence+Trend,7,2012
2012-02-29,2012,2,12.64,12.73,12.709999999999999,2012-03-07,Persistence+Trend,7,2012
2012-03-01,2012,3,12.64,12.77,12.64,2012-03-08,Persistence+Trend,7,2012
2012-03-02,2012,3,12.63,12.81,12.560000000000002,2012-03-09,Persistence+Trend,7,2012
2012-03-03,2012,3,12.62,12.85,12.549999999999988,2012-03-10,Persistence+Trend,7,2012
2012-03-04,2012,3,12.62,12.88,12.62,2012-03-11,Persistence+Trend,7,2012
2012-03-05,2012,3,12.66,12.88,12.940000000000007,2012-03-12,Persistence+Trend,7,2012
2012-03-06,2012,3,12.7,12.87,12.979999999999993,2012-03-13,Persistence+Trend,7,2012
2012-03-07,2012,3,12.73,12.84,12.940000000000008,2012-03-14,Persistence+Trend,7,2012
2012-03-08,2012,3,12.77,12.84,13.049999999999994,2012-03-15,Persistence+Trend,7,2012
2012-03-09,2012,3,12.81,12.86,13.090000000000007,2012-03-16,Persistence+Trend,7,2012
2012-03-10,2012,3,12.85,12.94,13.129999999999994,2012-03-17,Persistence+Trend,7,2012
2012-03-11,2012,3,12.88,12.98,13.090000000000009,2012-03-18,Persistence+Trend,7,2012
2012-03-12,2012,3,12.88,13.0,12.88,2012-03-19,Persistence+Trend,7,2012
2012-03-13,2012,3,12.87,12.99,12.799999999999988,2012-03-20,Persistence+Trend,7,2012
2012-03-14,2012,3,12.84,12.95,12.630000000000004,2012-03-21,Persistence+Trend,7,2012
2012-03-15,2012,3,12.84,12.94,12.84,2012-03-22,Persistence+Trend,7,2012
2012-03-16,2012,3,12.86,12.94,12.999999999999996,2012-03-23,Persistence+Trend,7,2012
2012-03-17,2012,3,12.94,12.96,13.5,2012-03-24,Persistence+Trend,7,2012
2012-03-18,2012,3,12.98,12.98,13.260000000000007,2012-03-25,Persistence+Trend,7,2012
2012-03-19,2012,3,13.0,13.0,13.139999999999997,2012-03-26,Persistence+Trend,7,2012
2012-03-20,2012,3,12.99,13.01,12.920000000000002,2012-03-27,Persistence+Trend,7,2012
2012-03-21,2012,3,12.95,13.02,12.669999999999993,2012-03-28,Persistence+Trend,7,2012
2012-03-22,2012,3,12.94,13.04,12.870000000000001,2012-03-29,Persistence+Trend,7,2012
2012-03-23,2012,3,12.94,13.05,12.94,2012-03-30,Persistence+Trend,7,2012
2012-03-24,2012,3,12.96,13.1,13.10000000000001,2012-03-31,Persistence+Trend,7,2012
2012-03-25,2012,3,12.98,13.15,13.119999999999997,2012-04-01,Persistence+Trend,7,2012
2012-03-26,2012,3,13.0,13.19,13.139999999999997,2012-04-02,Persistence+Trend,7,2012
2012-03-27,2012,3,13.01,13.23,13.079999999999998,2012-04-03,Persistence+Trend,7,2012
2012-03-28,2012,3,13.02,13.24,13.089999999999998,2012-04-04,Persistence+Trend,7,2012
2012-03-29,2012,3,13.04,13.24,13.179999999999996,2012-04-05,Persistence+Trend,7,2012
2012-03-30,2012,3,13.05,13.4,13.120000000000012,2012-04-06,Persistence+Trend,7,2012
2012-03-31,2012,3,13.1,13.5,13.449999999999992,2012-04-07,Persistence+Trend,7,2012
2012-04-01,2012,4,13.15,13.62,13.500000000000005,2012-04-08,Persistence+Trend,7,2012
2012-04-02,2012,4,13.19,13.67,13.469999999999994,2012-04-09,Persistence+Trend,7,2012
2012-04-03,2012,4,13.23,13.68,13.510000000000007,2012-04-10,Persistence+Trend,7,2012
2012-04-04,2012,4,13.24,13.69,13.309999999999999,2012-04-11,Persistence+Trend,7,2012
2012-04-05,2012,4,13.24,13.74,13.24,2012-04-12,Persistence+Trend,7,2012
2012-04-06,2012,4,13.4,13.8,14.520000000000001,2012-04-13,Persistence+Trend,7,2012
2012-04-07,2012,4,13.5,13.89,14.199999999999998,2012-04-14,Persistence+Trend,7,2012
2012-04-08,2012,4,13.62,14.0,14.459999999999994,2012-04-15,Persistence+Trend,7,2012
2012-04-09,2012,4,13.67,14.13,14.020000000000005,2012-04-16,Persistence+Trend,7,2012
2012-04-10,2012,4,13.68,14.18,13.749999999999998,2012-04-17,Persistence+Trend,7,2012
2012-04-11,2012,4,13.69,14.18,13.759999999999998,2012-04-18,Persistence+Trend,7,2012
2012-04-12,2012,4,13.74,14.17,14.090000000000005,2012-04-19,Persistence+Trend,7,2012
2012-04-13,2012,4,13.8,14.35,14.220000000000004,2012-04-20,Persistence+Trend,7,2012
2012-04-14,2012,4,13.89,14.6,14.52,2012-04-21,Persistence+Trend,7,2012
2012-04-15,2012,4,14.0,14.87,14.769999999999996,2012-04-22,Persistence+Trend,7,2012
2012-04-16,2012,4,14.13,15.12,15.040000000000006,2012-04-23,Persistence+Trend,7,2012
2012-04-17,2012,4,14.18,15.17,14.529999999999992,2012-04-24,Persistence+Trend,7,2012
2012-04-18,2012,4,14.18,15.18,14.18,2012-04-25,Persistence+Trend,7,2012
2012-04-19,2012,4,14.17,15.19,14.100000000000001,2012-04-26,Persistence+Trend,7,2012
2012-04-20,2012,4,14.35,15.19,15.609999999999998,2012-04-27,Persistence+Trend,7,2012
2012-04-21,2012,4,14.6,15.12,16.35,2012-04-28,Persistence+Trend,7,2012
2012-04-22,2012,4,14.87,15.11,16.759999999999998,2012-04-29,Persistence+Trend,7,2012
2012-04-23,2012,4,15.12,15.29,16.869999999999997,2012-04-30,Persistence+Trend,7,2012
2012-04-24,2012,4,15.17,15.52,15.520000000000005,2012-05-01,Persistence+Trend,7,2012
2012-04-25,2012,4,15.18,15.59,15.249999999999998,2012-05-02,Persistence+Trend,7,2012
2012-04-26,2012,4,15.19,15.64,15.259999999999998,2012-05-03,Persistence+Trend,7,2012
2012-04-27,2012,4,15.19,15.79,15.19,2012-05-04,Persistence+Trend,7,2012
2012-04-28,2012,4,15.12,15.91,14.629999999999997,2012-05-05,Persistence+Trend,7,2012
2012-04-29,2012,4,15.11,16.04,15.040000000000001,2012-05-06,Persistence+Trend,7,2012
2012-04-30,2012,4,15.29,16.08,16.549999999999997,2012-05-07,Persistence+Trend,7,2012
2012-05-01,2012,5,15.52,16.04,17.130000000000003,2012-05-08,Persistence+Trend,7,2012
2012-05-02,2012,5,15.59,15.93,16.080000000000002,2012-05-09,Persistence+Trend,7,2012
2012-05-03,2012,5,15.64,15.79,15.990000000000006,2012-05-10,Persistence+Trend,7,2012
2012-05-04,2012,5,15.79,15.66,16.83999999999999,2012-05-11,Persistence+Trend,7,2012
2012-05-05,2012,5,15.91,15.52,16.750000000000007,2012-05-12,Persistence+Trend,7,2012
2012-05-06,2012,5,16.04,15.35,16.949999999999992,2012-05-13,Persistence+Trend,7,2012
2012-05-07,2012,5,16.08,15.22,16.359999999999992,2012-05-14,Persistence+Trend,7,2012
2012-05-08,2012,5,16.04,15.14,15.760000000000005,2012-05-15,Persistence+Trend,7,2012
2012-05-09,2012,5,15.93,15.1,15.160000000000004,2012-05-16,Persistence+Trend,7,2012
2012-05-10,2012,5,15.79,15.17,14.809999999999995,2012-05-17,Persistence+Trend,7,2012
2012-05-11,2012,5,15.66,15.26,14.750000000000007,2012-05-18,Persistence+Trend,7,2012
2012-05-12,2012,5,15.52,15.37,14.539999999999996,2012-05-19,Persistence+Trend,7,2012
2012-05-13,2012,5,15.35,15.6,14.16,2012-05-20,Persistence+Trend,7,2012
2012-05-14,2012,5,15.22,16.3,14.310000000000008,2012-05-21,Persistence+Trend,7,2012
2012-05-15,2012,5,15.14,16.64,14.58,2012-05-22,Persistence+Trend,7,2012
2012-05-16,2012,5,15.1,16.67,14.819999999999993,2012-05-23,Persistence+Trend,7,2012
2012-05-17,2012,5,15.17,16.5,15.660000000000002,2012-05-24,Persistence+Trend,7,2012
2012-05-18,2012,5,15.26,16.27,15.889999999999999,2012-05-25,Persistence+Trend,7,2012
2012-05-19,2012,5,15.37,16.14,16.139999999999993,2012-05-26,Persistence+Trend,7,2012
2012-05-20,2012,5,15.6,16.04,17.21,2012-05-27,Persistence+Trend,7,2012
2012-05-21,2012,5,16.3,16.03,21.20000000000001,2012-05-28,Persistence+Trend,7,2012
2012-05-22,2012,5,16.64,16.04,19.02,2012-05-29,Persistence+Trend,7,2012
2012-05-23,2012,5,16.67,16.06,16.88000000000001,2012-05-30,Persistence+Trend,7,2012
2012-05-24,2012,5,16.5,16.12,15.309999999999988,2012-05-31,Persistence+Trend,7,2012
2012-05-25,2012,5,16.27,16.2,14.659999999999997,2012-06-01,Persistence+Trend,7,2012
2012-05-26,2012,5,16.14,16.24,15.230000000000008,2012-06-02,Persistence+Trend,7,2012
2012-05-27,2012,5,16.04,16.27,15.33999999999999,2012-06-03,Persistence+Trend,7,2012
2012-05-28,2012,5,16.03,16.29,15.960000000000015,2012-06-04,Persistence+Trend,7,2012
2012-05-29,2012,5,16.04,16.47,16.109999999999985,2012-06-05,Persistence+Trend,7,2012
2012-05-30,2012,5,16.06,16.9,16.199999999999996,2012-06-06,Persistence+Trend,7,2012
2012-05-31,2012,5,16.12,17.25,16.540000000000017,2012-06-07,Persistence+Trend,7,2012
2012-06-01,2012,6,16.2,17.88,16.759999999999987,2012-06-08,Persistence+Trend,7,2012
2012-06-02,2012,6,16.24,18.28,16.519999999999992,2012-06-09,Persistence+Trend,7,2012
2012-06-03,2012,6,16.27,18.37,16.480000000000008,2012-06-10,Persistence+Trend,7,2012
2012-06-04,2012,6,16.29,18.34,16.429999999999996,2012-06-11,Persistence+Trend,7,2012
2012-06-05,2012,6,16.47,18.09,17.729999999999997,2012-06-12,Persistence+Trend,7,2012
2012-06-06,2012,6,16.9,17.88,19.909999999999997,2012-06-13,Persistence+Trend,7,2012
2012-06-07,2012,6,17.25,17.66,19.70000000000001,2012-06-14,Persistence+Trend,7,2012
2012-06-08,2012,6,17.88,17.97,22.289999999999992,2012-06-15,Persistence+Trend,7,2012
2012-06-09,2012,6,18.28,18.33,21.080000000000016,2012-06-16,Persistence+Trend,7,2012
2012-06-10,2012,6,18.37,18.56,19.0,2012-06-17,Persistence+Trend,7,2012
2012-06-11,2012,6,18.34,18.79,18.129999999999992,2012-06-18,Persistence+Trend,7,2012
2012-06-12,2012,6,18.09,18.89,16.34,2012-06-19,Persistence+Trend,7,2012
2012-06-13,2012,6,17.88,18.76,16.409999999999993,2012-06-20,Persistence+Trend,7,2012
2012-06-14,2012,6,17.66,18.48,16.120000000000008,2012-06-21,Persistence+Trend,7,2012
2012-06-15,2012,6,17.97,18.32,20.13999999999999,2012-06-22,Persistence+Trend,7,2012
2012-06-16,2012,6,18.33,18.29,20.849999999999994,2012-06-23,Persistence+Trend,7,2012
2012-06-17,2012,6,18.56,18.43,20.17,2012-06-24,Persistence+Trend,7,2012
2012-06-18,2012,6,18.79,18.57,20.400000000000002,2012-06-25,Persistence+Trend,7,2012
2012-06-19,2012,6,18.89,18.8,19.59000000000001,2012-06-26,Persistence+Trend,7,2012
2012-06-20,2012,6,18.76,19.58,17.85000000000001,2012-06-27,Persistence+Trend,7,2012
2012-06-21,2012,6,18.48,20.12,16.519999999999992,2012-06-28,Persistence+Trend,7,2012
2012-06-22,2012,6,18.32,20.43,17.2,2012-06-29,Persistence+Trend,7,2012
2012-06-23,2012,6,18.29,20.56,18.07999999999999,2012-06-30,Persistence+Trend,7,2012
2012-06-24,2012,6,18.43,20.56,19.410000000000004,2012-07-01,Persistence+Trend,7,2012
2012-06-25,2012,6,18.57,20.45,19.550000000000004,2012-07-02,Persistence+Trend,7,2012
2012-06-26,2012,6,18.8,20.09,20.410000000000004,2012-07-03,Persistence+Trend,7,2012
2012-06-27,2012,6,19.58,19.65,25.03999999999998,2012-07-04,Persistence+Trend,7,2012
2012-06-28,2012,6,20.12,19.27,23.90000000000002,2012-07-05,Persistence+Trend,7,2012
2012-06-29,2012,6,20.43,19.14,22.59999999999999,2012-07-06,Persistence+Trend,7,2012
2012-06-30,2012,6,20.56,19.25,21.46999999999999,2012-07-07,Persistence+Trend,7,2012
2012-07-01,2012,7,20.56,19.22,20.56,2012-07-08,Persistence+Trend,7,2012
2012-07-02,2012,7,20.45,19.13,19.680000000000003,2012-07-09,Persistence+Trend,7,2012
2012-07-03,2012,7,20.09,19.07,17.570000000000004,2012-07-10,Persistence+Trend,7,2012
2012-07-04,2012,7,19.65,19.04,16.56999999999999,2012-07-11,Persistence+Trend,7,2012
2012-07-05,2012,7,19.27,19.11,16.610000000000007,2012-07-12,Persistence+Trend,7,2012
2012-07-06,2012,7,19.14,19.18,18.230000000000008,2012-07-13,Persistence+Trend,7,2012
2012-07-07,2012,7,19.25,19.27,20.019999999999996,2012-07-14,Persistence+Trend,7,2012
2012-07-08,2012,7,19.22,19.31,19.00999999999999,2012-07-15,Persistence+Trend,7,2012
2012-07-09,2012,7,19.13,19.47,18.5,2012-07-16,Persistence+Trend,7,2012
2012-07-10,2012,7,19.07,19.79,18.65000000000001,2012-07-17,Persistence+Trend,7,2012
2012-07-11,2012,7,19.04,19.87,18.82999999999999,2012-07-18,Persistence+Trend,7,2012
2012-07-12,2012,7,19.11,19.84,19.6,2012-07-19,Persistence+Trend,7,2012
2012-07-13,2012,7,19.18,19.9,19.67,2012-07-20,Persistence+Trend,7,2012
2012-07-14,2012,7,19.27,19.98,19.9,2012-07-21,Persistence+Trend,7,2012
2012-07-15,2012,7,19.31,19.94,19.589999999999993,2012-07-22,Persistence+Trend,7,2012
2012-07-16,2012,7,19.47,19.85,20.59,2012-07-23,Persistence+Trend,7,2012
2012-07-17,2012,7,19.79,19.76,22.03,2012-07-24,Persistence+Trend,7,2012
2012-07-18,2012,7,19.87,19.67,20.430000000000014,2012-07-25,Persistence+Trend,7,2012
2012-07-19,2012,7,19.84,19.55,19.629999999999992,2012-07-26,Persistence+Trend,7,2012
2012-07-20,2012,7,19.9,19.52,20.31999999999999,2012-07-27,Persistence+Trend,7,2012
2012-07-21,2012,7,19.98,19.5,20.540000000000013,2012-07-28,Persistence+Trend,7,2012
2012-07-22,2012,7,19.94,19.44,19.660000000000007,2012-07-29,Persistence+Trend,7,2012
2012-07-23,2012,7,19.85,19.44,19.220000000000002,2012-07-30,Persistence+Trend,7,2012
2012-07-24,2012,7,19.76,19.4,19.130000000000003,2012-07-31,Persistence+Trend,7,2012
2012-07-25,2012,7,19.67,19.34,19.040000000000003,2012-08-01,Persistence+Trend,7,2012
2012-07-26,2012,7,19.55,19.3,18.709999999999994,2012-08-02,Persistence+Trend,7,2012
2012-07-27,2012,7,19.52,19.2,19.30999999999999,2012-08-03,Persistence+Trend,7,2012
2012-07-28,2012,7,19.5,19.19,19.360000000000003,2012-08-04,Persistence+Trend,7,2012
2012-07-29,2012,7,19.44,19.18,19.02000000000001,2012-08-05,Persistence+Trend,7,2012
2012-07-30,2012,7,19.44,19.18,19.44,2012-08-06,Persistence+Trend,7,2012
2012-07-31,2012,7,19.4,19.15,19.11999999999998,2012-08-07,Persistence+Trend,7,2012
2012-08-01,2012,8,19.34,19.12,18.92000000000001,2012-08-08,Persistence+Trend,7,2012
2012-08-02,2012,8,19.3,19.09,19.020000000000007,2012-08-09,Persistence+Trend,7,2012
2012-08-03,2012,8,19.2,19.03,18.49999999999999,2012-08-10,Persistence+Trend,7,2012
2012-08-04,2012,8,19.19,18.93,19.120000000000015,2012-08-11,Persistence+Trend,7,2012
2012-08-05,2012,8,19.18,18.83,19.10999999999999,2012-08-12,Persistence+Trend,7,2012
2012-08-06,2012,8,19.18,18.67,19.18,2012-08-13,Persistence+Trend,7,2012
2012-08-07,2012,8,19.15,18.62,18.93999999999999,2012-08-14,Persistence+Trend,7,2012
2012-08-08,2012,8,19.12,18.57,18.910000000000018,2012-08-15,Persistence+Trend,7,2012
2012-08-09,2012,8,19.09,18.44,18.879999999999992,2012-08-16,Persistence+Trend,7,2012
2012-08-10,2012,8,19.03,18.31,18.61000000000001,2012-08-17,Persistence+Trend,7,2012
2012-08-11,2012,8,18.93,18.2,18.22999999999999,2012-08-18,Persistence+Trend,7,2012
2012-08-12,2012,8,18.83,18.12,18.12999999999999,2012-08-19,Persistence+Trend,7,2012
2012-08-13,2012,8,18.67,18.05,17.550000000000026,2012-08-20,Persistence+Trend,7,2012
2012-08-14,2012,8,18.62,18.0,18.269999999999996,2012-08-21,Persistence+Trend,7,2012
2012-08-15,2012,8,18.57,18.16,18.219999999999995,2012-08-22,Persistence+Trend,7,2012
2012-08-16,2012,8,18.44,18.26,17.53000000000001,2012-08-23,Persistence+Trend,7,2012
2012-08-17,2012,8,18.31,18.45,17.39999999999998,2012-08-24,Persistence+Trend,7,2012
2012-08-18,2012,8,18.2,18.51,17.430000000000003,2012-08-25,Persistence+Trend,7,2012
2012-08-19,2012,8,18.12,18.7,17.560000000000013,2012-08-26,Persistence+Trend,7,2012
2012-08-20,2012,8,18.05,18.89,17.56,2012-08-27,Persistence+Trend,7,2012
2012-08-21,2012,8,18.0,19.04,17.649999999999995,2012-08-28,Persistence+Trend,7,2012
2012-08-22,2012,8,18.16,19.08,19.28,2012-08-29,Persistence+Trend,7,2012
2012-08-23,2012,8,18.26,19.08,18.96000000000001,2012-08-30,Persistence+Trend,7,2012
2012-08-24,2012,8,18.45,19.01,19.779999999999983,2012-08-31,Persistence+Trend,7,2012
2012-08-25,2012,8,18.51,18.89,18.930000000000017,2012-09-01,Persistence+Trend,7,2012
2012-08-26,2012,8,18.7,18.79,20.029999999999983,2012-09-02,Persistence+Trend,7,2012
2012-08-27,2012,8,18.89,18.81,20.22000000000001,2012-09-03,Persistence+Trend,7,2012
2012-08-28,2012,8,19.04,18.82,20.08999999999999,2012-09-04,Persistence+Trend,7,2012
2012-08-29,2012,8,19.08,18.74,19.359999999999992,2012-09-05,Persistence+Trend,7,2012
2012-08-30,2012,8,19.08,18.83,19.08,2012-09-06,Persistence+Trend,7,2012
2012-08-31,2012,8,19.01,18.87,18.520000000000024,2012-09-07,Persistence+Trend,7,2012
2012-09-01,2012,9,18.89,18.87,18.049999999999994,2012-09-08,Persistence+Trend,7,2012
2012-09-02,2012,9,18.79,18.72,18.08999999999999,2012-09-09,Persistence+Trend,7,2012
2012-09-03,2012,9,18.81,18.46,18.949999999999996,2012-09-10,Persistence+Trend,7,2012
2012-09-04,2012,9,18.82,18.2,18.89000000000001,2012-09-11,Persistence+Trend,7,2012
2012-09-05,2012,9,18.74,18.04,18.179999999999986,2012-09-12,Persistence+Trend,7,2012
2012-09-06,2012,9,18.83,17.92,19.459999999999997,2012-09-13,Persistence+Trend,7,2012
2012-09-07,2012,9,18.87,18.13,19.15000000000002,2012-09-14,Persistence+Trend,7,2012
2012-09-08,2012,9,18.87,18.19,18.87,2012-09-15,Persistence+Trend,7,2012
2012-09-09,2012,9,18.72,18.82,17.669999999999984,2012-09-16,Persistence+Trend,7,2012
2012-09-10,2012,9,18.46,19.13,16.640000000000015,2012-09-17,Persistence+Trend,7,2012
2012-09-11,2012,9,18.2,19.22,16.37999999999999,2012-09-18,Persistence+Trend,7,2012
2012-09-12,2012,9,18.04,19.24,16.919999999999998,2012-09-19,Persistence+Trend,7,2012
2012-09-13,2012,9,17.92,19.16,17.08000000000002,2012-09-20,Persistence+Trend,7,2012
2012-09-14,2012,9,18.13,19.28,19.59999999999998,2012-09-21,Persistence+Trend,7,2012
2012-09-15,2012,9,18.19,19.48,18.610000000000017,2012-09-22,Persistence+Trend,7,2012
2012-09-16,2012,9,18.82,19.66,23.229999999999993,2012-09-23,Persistence+Trend,7,2012
2012-09-17,2012,9,19.13,19.81,21.29999999999999,2012-09-24,Persistence+Trend,7,2012
2012-09-18,2012,9,19.22,20.08,19.849999999999998,2012-09-25,Persistence+Trend,7,2012
2012-09-19,2012,9,19.24,20.27,19.379999999999995,2012-09-26,Persistence+Trend,7,2012
2012-09-20,2012,9,19.16,20.45,18.600000000000012,2012-09-27,Persistence+Trend,7,2012
2012-09-21,2012,9,19.28,20.46,20.120000000000008,2012-09-28,Persistence+Trend,7,2012
2012-09-22,2012,9,19.48,20.37,20.879999999999995,2012-09-29,Persistence+Trend,7,2012
2012-09-23,2012,9,19.66,20.08,20.919999999999998,2012-09-30,Persistence+Trend,7,2012
2012-11-08,2012,11,15.26,14.89,14.909999999999995,2012-11-15,Persistence+Trend,7,2012
2012-11-09,2012,11,15.18,14.85,14.62,2012-11-16,Persistence+Trend,7,2012
2012-11-10,2012,11,15.09,14.8,14.46,2012-11-17,Persistence+Trend,7,2012
2012-11-11,2012,11,15.03,14.76,14.609999999999996,2012-11-18,Persistence+Trend,7,2012
2012-11-12,2012,11,15.03,14.71,15.03,2012-11-19,Persistence+Trend,7,2012
2012-11-13,2012,11,14.97,14.66,14.55000000000001,2012-11-20,Persistence+Trend,7,2012
2012-11-14,2012,11,14.92,14.61,14.569999999999995,2012-11-21,Persistence+Trend,7,2012
2012-11-15,2012,11,14.89,14.56,14.680000000000005,2012-11-22,Persistence+Trend,7,2012
2012-11-16,2012,11,14.85,14.5,14.569999999999993,2012-11-23,Persistence+Trend,7,2012
2012-11-17,2012,11,14.8,14.45,14.450000000000008,2012-11-24,Persistence+Trend,7,2012
2012-11-18,2012,11,14.76,14.41,14.479999999999993,2012-11-25,Persistence+Trend,7,2012
2012-11-19,2012,11,14.71,14.38,14.360000000000008,2012-11-26,Persistence+Trend,7,2012
2012-11-20,2012,11,14.66,14.35,14.309999999999995,2012-11-27,Persistence+Trend,7,2012
2012-11-21,2012,11,14.61,14.34,14.259999999999994,2012-11-28,Persistence+Trend,7,2012
2012-11-22,2012,11,14.56,14.29,14.210000000000008,2012-11-29,Persistence+Trend,7,2012
2012-11-23,2012,11,14.5,14.24,14.079999999999997,2012-11-30,Persistence+Trend,7,2012
2012-11-24,2012,11,14.45,14.2,14.099999999999994,2012-12-01,Persistence+Trend,7,2012
2012-11-25,2012,11,14.41,14.17,14.130000000000006,2012-12-02,Persistence+Trend,7,2012
2012-11-26,2012,11,14.38,14.15,14.170000000000005,2012-12-03,Persistence+Trend,7,2012
2012-11-27,2012,11,14.35,14.13,14.139999999999992,2012-12-04,Persistence+Trend,7,2012
2012-11-28,2012,11,14.34,14.1,14.270000000000001,2012-12-05,Persistence+Trend,7,2012
2012-11-29,2012,11,14.29,14.07,13.939999999999994,2012-12-06,Persistence+Trend,7,2012
2012-11-30,2012,11,14.24,14.03,13.890000000000008,2012-12-07,Persistence+Trend,7,2012
2012-12-01,2012,12,14.2,13.99,13.919999999999993,2012-12-08,Persistence+Trend,7,2012
2012-12-02,2012,12,14.17,13.97,13.960000000000004,2012-12-09,Persistence+Trend,7,2012
2012-12-03,2012,12,14.15,13.94,14.010000000000003,2012-12-10,Persistence+Trend,7,2012
2012-12-04,2012,12,14.13,13.9,13.990000000000004,2012-12-11,Persistence+Trend,7,2012
2012-12-05,2012,12,14.1,13.87,13.889999999999992,2012-12-12,Persistence+Trend,7,2012
2012-12-06,2012,12,14.07,13.85,13.860000000000005,2012-12-13,Persistence+Trend,7,2012
2012-12-07,2012,12,14.03,13.83,13.749999999999993,2012-12-14,Persistence+Trend,7,2012
2012-12-08,2012,12,13.99,13.79,13.710000000000006,2012-12-15,Persistence+Trend,7,2012
2012-12-09,2012,12,13.97,13.76,13.830000000000004,2012-12-16,Persistence+Trend,7,2012
2012-12-10,2012,12,13.94,13.74,13.729999999999992,2012-12-17,Persistence+Trend,7,2012
2012-12-11,2012,12,13.9,13.72,13.620000000000006,2012-12-18,Persistence+Trend,7,2012
2012-12-12,2012,12,13.87,13.7,13.659999999999991,2012-12-19,Persistence+Trend,7,2012
2012-12-13,2012,12,13.85,13.67,13.710000000000003,2012-12-20,Persistence+Trend,7,2012
2012-12-14,2012,12,13.83,13.67,13.690000000000003,2012-12-21,Persistence+Trend,7,2012
2012-12-15,2012,12,13.79,13.66,13.509999999999993,2012-12-22,Persistence+Trend,7,2012
2012-12-16,2012,12,13.76,13.66,13.550000000000004,2012-12-23,Persistence+Trend,7,2012
2012-12-17,2012,12,13.74,13.63,13.600000000000003,2012-12-24,Persistence+Trend,7,2012
2012-12-18,2012,12,13.72,13.6,13.580000000000004,2012-12-25,Persistence+Trend,7,2012
2012-12-19,2012,12,13.7,13.56,13.55999999999999,2012-12-26,Persistence+Trend,7,2012
2012-12-20,2012,12,13.67,13.54,13.460000000000004,2012-12-27,Persistence+Trend,7,2012
2012-12-21,2012,12,13.67,13.51,13.67,2012-12-28,Persistence+Trend,7,2012
2012-12-22,2012,12,13.66,13.49,13.590000000000002,2012-12-29,Persistence+Trend,7,2012
2012-12-23,2012,12,13.66,13.45,13.66,2012-12-30,Persistence+Trend,7,2012
2012-12-24,2012,12,13.63,13.42,13.420000000000005,2012-12-31,Persistence+Trend,7,2012
2012-12-25,2012,12,13.6,13.4,13.389999999999992,2013-01-01,Persistence+Trend,7,2012
2012-12-26,2012,12,13.56,13.37,13.280000000000006,2013-01-02,Persistence+Trend,7,2012
2012-12-27,2012,12,13.54,13.33,13.39999999999999,2013-01-03,Persistence+Trend,7,2012
2012-12-28,2012,12,13.51,13.29,13.300000000000004,2013-01-04,Persistence+Trend,7,2012
2012-12-29,2012,12,13.49,13.25,13.350000000000003,2013-01-05,Persistence+Trend,7,2012
2012-12-30,2012,12,13.45,13.22,13.169999999999993,2013-01-06,Persistence+Trend,7,2012
2012-12-31,2012,12,13.42,13.2,13.210000000000004,2013-01-07,Persistence+Trend,7,2012
2013-01-01,2013,1,13.4,13.18,13.260000000000003,2013-01-08,Persistence+Trend,7,2013
2013-01-02,2013,1,13.37,13.16,13.159999999999991,2013-01-09,Persistence+Trend,7,2013
2013-01-03,2013,1,13.33,13.14,13.050000000000006,2013-01-10,Persistence+Trend,7,2013
2013-01-04,2013,1,13.29,13.13,13.009999999999993,2013-01-11,Persistence+Trend,7,2013
2013-01-05,2013,1,13.25,13.12,12.970000000000006,2013-01-12,Persistence+Trend,7,2013
2013-01-06,2013,1,13.22,13.1,13.010000000000005,2013-01-13,Persistence+Trend,7,2013
2013-01-07,2013,1,13.2,13.08,13.05999999999999,2013-01-14,Persistence+Trend,7,2013
2013-01-08,2013,1,13.18,13.07,13.040000000000003,2013-01-15,Persistence+Trend,7,2013
2013-01-09,2013,1,13.16,13.06,13.020000000000003,2013-01-16,Persistence+Trend,7,2013
2013-01-10,2013,1,13.14,13.04,13.000000000000004,2013-01-17,Persistence+Trend,7,2013
2013-01-11,2013,1,13.13,13.03,13.060000000000002,2013-01-18,Persistence+Trend,7,2013
2013-01-12,2013,1,13.12,13.01,13.049999999999988,2013-01-19,Persistence+Trend,7,2013
2013-01-13,2013,1,13.1,12.98,12.960000000000003,2013-01-20,Persistence+Trend,7,2013
2013-01-14,2013,1,13.08,12.95,12.940000000000003,2013-01-21,Persistence+Trend,7,2013
2013-01-15,2013,1,13.07,12.93,13.000000000000002,2013-01-22,Persistence+Trend,7,2013
2013-01-16,2013,1,13.06,12.91,12.990000000000002,2013-01-23,Persistence+Trend,7,2013
2013-01-17,2013,1,13.04,12.89,12.89999999999999,2013-01-24,Persistence+Trend,7,2013
2013-01-18,2013,1,13.03,12.87,12.96,2013-01-25,Persistence+Trend,7,2013
2013-01-19,2013,1,13.01,12.85,12.870000000000003,2013-01-26,Persistence+Trend,7,2013
2013-01-20,2013,1,12.98,12.83,12.770000000000005,2013-01-27,Persistence+Trend,7,2013
2013-01-21,2013,1,12.95,12.81,12.739999999999991,2013-01-28,Persistence+Trend,7,2013
2013-01-22,2013,1,12.93,12.8,12.790000000000003,2013-01-29,Persistence+Trend,7,2013
2013-01-23,2013,1,12.91,12.8,12.770000000000003,2013-01-30,Persistence+Trend,7,2013
2013-01-24,2013,1,12.89,12.79,12.750000000000004,2013-01-31,Persistence+Trend,7,2013
2013-01-25,2013,1,12.87,12.78,12.72999999999999,2013-02-01,Persistence+Trend,7,2013
2013-01-26,2013,1,12.85,12.76,12.710000000000003,2013-02-02,Persistence+Trend,7,2013
2013-01-27,2013,1,12.83,12.74,12.690000000000003,2013-02-03,Persistence+Trend,7,2013
2013-01-28,2013,1,12.81,12.73,12.670000000000003,2013-02-04,Persistence+Trend,7,2013
2013-01-29,2013,1,12.8,12.72,12.730000000000002,2013-02-05,Persistence+Trend,7,2013
2013-01-30,2013,1,12.8,12.7,12.8,2013-02-06,Persistence+Trend,7,2013
2013-01-31,2013,1,12.79,12.67,12.719999999999988,2013-02-07,Persistence+Trend,7,2013
2013-02-01,2013,2,12.78,12.65,12.71,2013-02-08,Persistence+Trend,7,2013
2013-02-02,2013,2,12.76,12.63,12.620000000000003,2013-02-09,Persistence+Trend,7,2013
2013-02-03,2013,2,12.74,12.61,12.600000000000003,2013-02-10,Persistence+Trend,7,2013
2013-02-04,2013,2,12.73,12.6,12.660000000000002,2013-02-11,Persistence+Trend,7,2013
2013-02-05,2013,2,12.72,12.58,12.650000000000002,2013-02-12,Persistence+Trend,7,2013
2013-02-06,2013,2,12.7,12.57,12.55999999999999,2013-02-13,Persistence+Trend,7,2013
2013-02-07,2013,2,12.67,12.56,12.460000000000004,2013-02-14,Persistence+Trend,7,2013
2013-02-08,2013,2,12.65,12.55,12.510000000000003,2013-02-15,Persistence+Trend,7,2013
2013-02-09,2013,2,12.63,12.53,12.490000000000004,2013-02-16,Persistence+Trend,7,2013
2013-02-10,2013,2,12.61,12.52,12.46999999999999,2013-02-17,Persistence+Trend,7,2013
2013-02-11,2013,2,12.6,12.52,12.530000000000001,2013-02-18,Persistence+Trend,7,2013
2013-02-12,2013,2,12.58,12.51,12.440000000000003,2013-02-19,Persistence+Trend,7,2013
2013-02-13,2013,2,12.57,12.53,12.500000000000002,2013-02-20,Persistence+Trend,7,2013
2013-02-14,2013,2,12.56,12.54,12.490000000000002,2013-02-21,Persistence+Trend,7,2013
2013-02-15,2013,2,12.55,12.53,12.480000000000002,2013-02-22,Persistence+Trend,7,2013
2013-02-16,2013,2,12.53,12.53,12.38999999999999,2013-02-23,Persistence+Trend,7,2013
2013-02-17,2013,2,12.52,12.52,12.450000000000001,2013-02-24,Persistence+Trend,7,2013
2013-02-18,2013,2,12.52,12.52,12.52,2013-02-25,Persistence+Trend,7,2013
2013-02-19,2013,2,12.51,12.53,12.440000000000001,2013-02-26,Persistence+Trend,7,2013
2013-02-20,2013,2,12.53,12.55,12.669999999999996,2013-02-27,Persistence+Trend,7,2013
2013-02-21,2013,2,12.54,12.59,12.609999999999998,2013-02-28,Persistence+Trend,7,2013
2013-02-22,2013,2,12.53,12.588,12.46,2013-03-01,Persistence+Trend,7,2013
2013-02-23,2013,2,12.53,12.57,12.53,2013-03-02,Persistence+Trend,7,2013
2013-02-24,2013,2,12.52,12.54,12.450000000000001,2013-03-03,Persistence+Trend,7,2013
2013-02-25,2013,2,12.52,12.52,12.52,2013-03-04,Persistence+Trend,7,2013
2013-02-26,2013,2,12.53,12.49,12.599999999999998,2013-03-05,Persistence+Trend,7,2013
2013-02-27,2013,2,12.55,12.46,12.69000000000001,2013-03-06,Persistence+Trend,7,2013
2013-02-28,2013,2,12.59,12.44,12.869999999999994,2013-03-07,Persistence+Trend,7,2013
2013-03-01,2013,3,12.588,12.42,12.573999999999995,2013-03-08,Persistence+Trend,7,2013
2013-03-02,2013,3,12.57,12.42,12.444000000000008,2013-03-09,Persistence+Trend,7,2013
2013-03-03,2013,3,12.54,12.41,12.329999999999991,2013-03-10,Persistence+Trend,7,2013
2013-03-04,2013,3,12.52,12.41,12.380000000000003,2013-03-11,Persistence+Trend,7,2013
2013-03-05,2013,3,12.49,12.42,12.280000000000005,2013-03-12,Persistence+Trend,7,2013
2013-03-06,2013,3,12.46,12.41,12.250000000000005,2013-03-13,Persistence+Trend,7,2013
2013-03-07,2013,3,12.44,12.4,12.29999999999999,2013-03-14,Persistence+Trend,7,2013
2013-03-08,2013,3,12.42,12.39,12.280000000000003,2013-03-15,Persistence+Trend,7,2013
2013-03-09,2013,3,12.42,12.38,12.42,2013-03-16,Persistence+Trend,7,2013
2013-03-10,2013,3,12.41,12.36,12.340000000000002,2013-03-17,Persistence+Trend,7,2013
2013-03-11,2013,3,12.41,12.35,12.41,2013-03-18,Persistence+Trend,7,2013
2013-03-12,2013,3,12.42,12.34,12.489999999999998,2013-03-19,Persistence+Trend,7,2013
2013-03-13,2013,3,12.41,12.33,12.340000000000002,2013-03-20,Persistence+Trend,7,2013
2013-03-14,2013,3,12.4,12.32,12.330000000000002,2013-03-21,Persistence+Trend,7,2013
2013-03-15,2013,3,12.39,12.33,12.320000000000002,2013-03-22,Persistence+Trend,7,2013
2013-03-16,2013,3,12.38,12.37,12.310000000000002,2013-03-23,Persistence+Trend,7,2013
2013-03-17,2013,3,12.36,12.41,12.21999999999999,2013-03-24,Persistence+Trend,7,2013
2013-03-18,2013,3,12.35,12.5,12.280000000000001,2013-03-25,Persistence+Trend,7,2013
2013-03-19,2013,3,12.34,12.54,12.270000000000001,2013-03-26,Persistence+Trend,7,2013
2013-03-20,2013,3,12.33,12.59,12.260000000000002,2013-03-27,Persistence+Trend,7,2013
2013-03-21,2013,3,12.32,12.65,12.250000000000002,2013-03-28,Persistence+Trend,7,2013
2013-03-22,2013,3,12.33,12.69,12.399999999999999,2013-03-29,Persistence+Trend,7,2013
2013-03-23,2013,3,12.37,12.71,12.649999999999993,2013-03-30,Persistence+Trend,7,2013
2013-03-24,2013,3,12.41,12.71,12.690000000000007,2013-03-31,Persistence+Trend,7,2013
2013-03-25,2013,3,12.5,12.69,13.129999999999999,2013-04-01,Persistence+Trend,7,2013
2013-03-26,2013,3,12.54,12.69,12.819999999999993,2013-04-02,Persistence+Trend,7,2013
2013-03-27,2013,3,12.59,12.73,12.940000000000005,2013-04-03,Persistence+Trend,7,2013
2013-03-28,2013,3,12.65,12.77,13.070000000000004,2013-04-04,Persistence+Trend,7,2013
2013-03-29,2013,3,12.69,12.77,12.969999999999994,2013-04-05,Persistence+Trend,7,2013
2013-03-30,2013,3,12.71,12.851,12.85000000000001,2013-04-06,Persistence+Trend,7,2013
2013-03-31,2013,3,12.71,12.896,12.71,2013-04-07,Persistence+Trend,7,2013
2013-04-01,2013,4,12.69,13.05,12.54999999999999,2013-04-08,Persistence+Trend,7,2013
2013-04-02,2013,4,12.69,13.19,12.69,2013-04-09,Persistence+Trend,7,2013
2013-04-03,2013,4,12.73,13.23,13.010000000000007,2013-04-10,Persistence+Trend,7,2013
2013-04-04,2013,4,12.77,13.23,13.049999999999994,2013-04-11,Persistence+Trend,7,2013
2013-04-05,2013,4,12.77,13.22,12.77,2013-04-12,Persistence+Trend,7,2013
2013-04-06,2013,4,12.851,13.33,13.41800000000001,2013-04-13,Persistence+Trend,7,2013
2013-04-07,2013,4,12.896,13.47,13.211,2013-04-14,Persistence+Trend,7,2013
2013-04-08,2013,4,13.05,13.5,14.128,2013-04-15,Persistence+Trend,7,2013
2013-04-09,2013,4,13.19,13.51,14.169999999999991,2013-04-16,Persistence+Trend,7,2013
2013-04-10,2013,4,13.23,13.48,13.510000000000007,2013-04-17,Persistence+Trend,7,2013
2013-04-11,2013,4,13.23,13.52,13.23,2013-04-18,Persistence+Trend,7,2013
2013-04-12,2013,4,13.22,13.81,13.150000000000002,2013-04-19,Persistence+Trend,7,2013
2013-04-13,2013,4,13.33,14.35,14.099999999999996,2013-04-20,Persistence+Trend,7,2013
2013-04-14,2013,4,13.47,14.55,14.450000000000005,2013-04-21,Persistence+Trend,7,2013
2013-04-15,2013,4,13.5,14.66,13.709999999999996,2013-04-22,Persistence+Trend,7,2013
2013-04-16,2013,4,13.51,14.58,13.579999999999998,2013-04-23,Persistence+Trend,7,2013
2013-04-17,2013,4,13.48,14.58,13.270000000000005,2013-04-24,Persistence+Trend,7,2013
2013-04-18,2013,4,13.52,14.45,13.799999999999994,2013-04-25,Persistence+Trend,7,2013
2013-04-19,2013,4,13.81,14.35,15.840000000000007,2013-04-26,Persistence+Trend,7,2013
2013-04-20,2013,4,14.35,14.26,18.129999999999995,2013-04-27,Persistence+Trend,7,2013
2013-04-21,2013,4,14.55,14.24,15.950000000000008,2013-04-28,Persistence+Trend,7,2013
2013-04-22,2013,4,14.66,14.2,15.429999999999996,2013-04-29,Persistence+Trend,7,2013
2013-04-23,2013,4,14.58,14.17,14.02,2013-04-30,Persistence+Trend,7,2013
2013-07-08,2013,7,19.2,19.37,20.670000000000005,2013-07-15,Persistence+Trend,7,2013
2013-07-09,2013,7,19.34,19.3,20.320000000000004,2013-07-16,Persistence+Trend,7,2013
2013-07-10,2013,7,19.47,19.13,20.379999999999992,2013-07-17,Persistence+Trend,7,2013
2013-07-11,2013,7,19.67,19.087,21.07000000000002,2013-07-18,Persistence+Trend,7,2013
2013-07-12,2013,7,19.68,18.99,19.749999999999986,2013-07-19,Persistence+Trend,7,2013
2013-07-13,2013,7,19.6,19.09,19.040000000000013,2013-07-20,Persistence+Trend,7,2013
2013-07-14,2013,7,19.46,19.12,18.479999999999997,2013-07-21,Persistence+Trend,7,2013
2013-07-15,2013,7,19.37,19.11,18.740000000000002,2013-07-22,Persistence+Trend,7,2013
2013-07-16,2013,7,19.3,19.02,18.81,2013-07-23,Persistence+Trend,7,2013
2013-07-17,2013,7,19.13,19.04,17.939999999999987,2013-07-24,Persistence+Trend,7,2013
2013-07-18,2013,7,19.087,19.05,18.786000000000005,2013-07-25,Persistence+Trend,7,2013
2013-07-19,2013,7,18.99,19.11,18.31099999999999,2013-07-26,Persistence+Trend,7,2013
2013-07-20,2013,7,19.09,19.15,19.79000000000001,2013-07-27,Persistence+Trend,7,2013
2013-07-21,2013,7,19.12,19.14,19.33000000000001,2013-07-28,Persistence+Trend,7,2013
2013-07-22,2013,7,19.11,19.07,19.03999999999999,2013-07-29,Persistence+Trend,7,2013
2013-07-23,2013,7,19.02,19.0,18.39,2013-07-30,Persistence+Trend,7,2013
2013-07-24,2013,7,19.04,18.94,19.179999999999996,2013-07-31,Persistence+Trend,7,2013
2013-07-25,2013,7,19.05,18.86,19.12000000000001,2013-08-01,Persistence+Trend,7,2013
2013-07-26,2013,7,19.11,18.78,19.52999999999999,2013-08-02,Persistence+Trend,7,2013
2013-07-27,2013,7,19.15,18.76,19.429999999999993,2013-08-03,Persistence+Trend,7,2013
2013-07-28,2013,7,19.14,18.69,19.070000000000014,2013-08-04,Persistence+Trend,7,2013
2013-07-29,2013,7,19.07,18.52,18.58,2013-08-05,Persistence+Trend,7,2013
2013-07-30,2013,7,19.0,18.4,18.509999999999998,2013-08-06,Persistence+Trend,7,2013
2013-07-31,2013,7,18.94,18.45,18.52000000000001,2013-08-07,Persistence+Trend,7,2013
2013-08-01,2013,8,18.86,18.51,18.299999999999986,2013-08-08,Persistence+Trend,7,2013
2013-08-02,2013,8,18.78,18.49,18.220000000000013,2013-08-09,Persistence+Trend,7,2013
2013-08-03,2013,8,18.76,18.43,18.620000000000005,2013-08-10,Persistence+Trend,7,2013
2013-08-04,2013,8,18.69,18.51,18.2,2013-08-11,Persistence+Trend,7,2013
2013-08-05,2013,8,18.52,18.6,17.329999999999988,2013-08-12,Persistence+Trend,7,2013
2013-08-06,2013,8,18.4,18.64,17.55999999999999,2013-08-13,Persistence+Trend,7,2013
2013-08-07,2013,8,18.45,18.63,18.800000000000004,2013-08-14,Persistence+Trend,7,2013
2013-08-08,2013,8,18.51,18.56,18.930000000000017,2013-08-15,Persistence+Trend,7,2013
2013-08-09,2013,8,18.49,18.45,18.349999999999977,2013-08-16,Persistence+Trend,7,2013
2013-08-10,2013,8,18.43,18.36,18.01000000000001,2013-08-17,Persistence+Trend,7,2013
2013-08-11,2013,8,18.51,18.29,19.070000000000014,2013-08-18,Persistence+Trend,7,2013
2013-08-12,2013,8,18.6,18.22,19.23,2013-08-19,Persistence+Trend,7,2013
2013-08-13,2013,8,18.64,18.12,18.919999999999995,2013-08-20,Persistence+Trend,7,2013
2013-08-14,2013,8,18.63,18.0,18.559999999999988,2013-08-21,Persistence+Trend,7,2013
2013-08-15,2013,8,18.56,17.97,18.069999999999997,2013-08-22,Persistence+Trend,7,2013
2013-08-16,2013,8,18.45,17.92,17.680000000000003,2013-08-23,Persistence+Trend,7,2013
2013-08-17,2013,8,18.36,17.83,17.73,2013-08-24,Persistence+Trend,7,2013
2013-08-18,2013,8,18.29,17.67,17.799999999999997,2013-08-25,Persistence+Trend,7,2013
2013-08-19,2013,8,18.22,17.54,17.729999999999997,2013-08-26,Persistence+Trend,7,2013
2013-08-20,2013,8,18.12,17.47,17.420000000000016,2013-08-27,Persistence+Trend,7,2013
2013-08-21,2013,8,18.0,17.53,17.159999999999993,2013-08-28,Persistence+Trend,7,2013
2013-08-22,2013,8,17.97,17.6,17.75999999999999,2013-08-29,Persistence+Trend,7,2013
2013-08-23,2013,8,17.92,17.6,17.57000000000002,2013-08-30,Persistence+Trend,7,2013
2013-08-24,2013,8,17.83,17.62,17.199999999999974,2013-08-31,Persistence+Trend,7,2013
2013-08-25,2013,8,17.67,17.62,16.550000000000026,2013-09-01,Persistence+Trend,7,2013
2013-08-26,2013,8,17.54,17.64,16.62999999999998,2013-09-02,Persistence+Trend,7,2013
2013-08-27,2013,8,17.47,17.79,16.979999999999997,2013-09-03,Persistence+Trend,7,2013
2013-08-28,2013,8,17.53,17.9,17.950000000000017,2013-09-04,Persistence+Trend,7,2013
2013-08-29,2013,8,17.6,18.17,18.090000000000003,2013-09-05,Persistence+Trend,7,2013
2013-08-30,2013,8,17.6,18.49,17.6,2013-09-06,Persistence+Trend,7,2013
2013-08-31,2013,8,17.62,18.8,17.759999999999998,2013-09-07,Persistence+Trend,7,2013
2013-09-01,2013,9,17.62,19.3,17.62,2013-09-08,Persistence+Trend,7,2013
2013-09-02,2013,9,17.64,19.66,17.779999999999998,2013-09-09,Persistence+Trend,7,2013
2013-09-03,2013,9,17.79,19.9,18.83999999999999,2013-09-10,Persistence+Trend,7,2013
2013-09-04,2013,9,17.9,19.91,18.669999999999995,2013-09-11,Persistence+Trend,7,2013
2013-09-05,2013,9,18.17,19.79,20.060000000000024,2013-09-12,Persistence+Trend,7,2013
2013-09-06,2013,9,18.49,19.5,20.729999999999976,2013-09-13,Persistence+Trend,7,2013
2013-09-07,2013,9,18.8,19.19,20.970000000000017,2013-09-14,Persistence+Trend,7,2013
2013-09-08,2013,9,19.3,18.9,22.8,2013-09-15,Persistence+Trend,7,2013
2013-09-09,2013,9,19.66,18.62,22.179999999999996,2013-09-16,Persistence+Trend,7,2013
2013-09-10,2013,9,19.9,18.41,21.579999999999988,2013-09-17,Persistence+Trend,7,2013
2013-09-11,2013,9,19.91,18.12,19.98000000000001,2013-09-18,Persistence+Trend,7,2013
2013-09-12,2013,9,19.79,17.94,18.949999999999992,2013-09-19,Persistence+Trend,7,2013
2013-09-13,2013,9,19.5,17.76,17.470000000000006,2013-09-20,Persistence+Trend,7,2013
2013-09-14,2013,9,19.19,17.4,17.02000000000001,2013-09-21,Persistence+Trend,7,2013
2013-09-15,2013,9,18.9,17.3,16.86999999999998,2013-09-22,Persistence+Trend,7,2013
2013-09-16,2013,9,18.62,17.13,16.660000000000018,2013-09-23,Persistence+Trend,7,2013
2013-09-17,2013,9,18.41,17.01,16.939999999999994,2013-09-24,Persistence+Trend,7,2013
2013-09-18,2013,9,18.12,16.91,16.090000000000007,2013-09-25,Persistence+Trend,7,2013
2013-09-19,2013,9,17.94,16.82,16.680000000000003,2013-09-26,Persistence+Trend,7,2013
2013-09-20,2013,9,17.76,16.8,16.500000000000004,2013-09-27,Persistence+Trend,7,2013
2013-09-21,2013,9,17.4,16.81,14.879999999999978,2013-09-28,Persistence+Trend,7,2013
2013-09-22,2013,9,17.3,16.85,16.600000000000016,2013-09-29,Persistence+Trend,7,2013
2013-09-23,2013,9,17.13,16.87,15.939999999999987,2013-09-30,Persistence+Trend,7,2013
2013-09-24,2013,9,17.01,16.87,16.17000000000002,2013-10-01,Persistence+Trend,7,2013
2013-09-25,2013,9,16.91,16.84,16.20999999999999,2013-10-02,Persistence+Trend,7,2013
2013-09-26,2013,9,16.82,16.77,16.19,2013-10-03,Persistence+Trend,7,2013
2013-09-27,2013,9,16.8,16.68,16.660000000000004,2013-10-04,Persistence+Trend,7,2013
2013-09-28,2013,9,16.81,16.57,16.879999999999985,2013-10-05,Persistence+Trend,7,2013
2013-09-29,2013,9,16.85,16.51,17.13000000000002,2013-10-06,Persistence+Trend,7,2013
2013-09-30,2013,9,16.87,16.58,17.009999999999998,2013-10-07,Persistence+Trend,7,2013
2013-10-01,2013,10,16.87,16.63,16.87,2013-10-08,Persistence+Trend,7,2013
2013-10-02,2013,10,16.84,16.6,16.629999999999992,2013-10-09,Persistence+Trend,7,2013
2013-10-03,2013,10,16.77,16.55,16.279999999999998,2013-10-10,Persistence+Trend,7,2013
2013-10-04,2013,10,16.68,16.54,16.05,2013-10-11,Persistence+Trend,7,2013
2013-10-05,2013,10,16.57,16.59,15.800000000000004,2013-10-12,Persistence+Trend,7,2013
2013-10-06,2013,10,16.51,16.55,16.09000000000001,2013-10-13,Persistence+Trend,7,2013
2013-10-07,2013,10,16.58,16.48,17.069999999999975,2013-10-14,Persistence+Trend,7,2013
2013-10-08,2013,10,16.63,16.37,16.980000000000004,2013-10-15,Persistence+Trend,7,2013
2013-10-09,2013,10,16.6,16.37,16.39000000000002,2013-10-16,Persistence+Trend,7,2013
2013-10-10,2013,10,16.55,16.48,16.199999999999996,2013-10-17,Persistence+Trend,7,2013
2013-10-11,2013,10,16.54,16.37,16.469999999999988,2013-10-18,Persistence+Trend,7,2013
2013-10-12,2013,10,16.59,16.23,16.940000000000005,2013-10-19,Persistence+Trend,7,2013
2013-10-13,2013,10,16.55,16.0,16.270000000000007,2013-10-20,Persistence+Trend,7,2013
2013-10-14,2013,10,16.48,15.84,15.989999999999998,2013-10-21,Persistence+Trend,7,2013
2013-10-15,2013,10,16.37,15.74,15.600000000000005,2013-10-22,Persistence+Trend,7,2013
2013-10-16,2013,10,16.37,15.71,16.37,2013-10-23,Persistence+Trend,7,2013
2013-10-17,2013,10,16.48,15.68,17.249999999999996,2013-10-24,Persistence+Trend,7,2013
2013-10-18,2013,10,16.37,15.66,15.600000000000005,2013-10-25,Persistence+Trend,7,2013
2013-10-19,2013,10,16.23,15.71,15.249999999999996,2013-10-26,Persistence+Trend,7,2013
2013-10-20,2013,10,16.0,15.74,14.389999999999997,2013-10-27,Persistence+Trend,7,2013
2013-10-21,2013,10,15.84,15.82,14.719999999999999,2013-10-28,Persistence+Trend,7,2013
2013-10-22,2013,10,15.74,15.82,15.040000000000003,2013-10-29,Persistence+Trend,7,2013
2013-10-23,2013,10,15.71,15.74,15.500000000000005,2013-10-30,Persistence+Trend,7,2013
2013-10-24,2013,10,15.68,15.63,15.469999999999992,2013-10-31,Persistence+Trend,7,2013
2013-10-25,2013,10,15.66,15.52,15.520000000000003,2013-11-01,Persistence+Trend,7,2013
2013-10-26,2013,10,15.71,15.42,16.060000000000006,2013-11-02,Persistence+Trend,7,2013
2013-10-27,2013,10,15.74,15.4,15.949999999999996,2013-11-03,Persistence+Trend,7,2013
2013-10-28,2013,10,15.82,15.49,16.380000000000003,2013-11-04,Persistence+Trend,7,2013
2013-10-29,2013,10,15.82,15.57,15.82,2013-11-05,Persistence+Trend,7,2013
2013-10-30,2013,10,15.74,15.59,15.18,2013-11-06,Persistence+Trend,7,2013
2013-10-31,2013,10,15.63,15.54,14.860000000000005,2013-11-07,Persistence+Trend,7,2013
2013-11-01,2013,11,15.52,15.43,14.749999999999991,2013-11-08,Persistence+Trend,7,2013
2013-11-02,2013,11,15.42,15.34,14.720000000000002,2013-11-09,Persistence+Trend,7,2013
2013-11-03,2013,11,15.4,15.21,15.260000000000003,2013-11-10,Persistence+Trend,7,2013
2013-11-04,2013,11,15.49,15.09,16.119999999999997,2013-11-11,Persistence+Trend,7,2013
2013-11-05,2013,11,15.57,15.0,16.130000000000003,2013-11-12,Persistence+Trend,7,2013
2013-11-06,2013,11,15.59,14.91,15.729999999999997,2013-11-13,Persistence+Trend,7,2013
2013-11-07,2013,11,15.54,14.84,15.189999999999994,2013-11-14,Persistence+Trend,7,2013
2013-11-08,2013,11,15.43,14.72,14.660000000000004,2013-11-15,Persistence+Trend,7,2013
2013-11-09,2013,11,15.34,14.66,14.71,2013-11-16,Persistence+Trend,7,2013
2013-11-10,2013,11,15.21,14.58,14.300000000000008,2013-11-17,Persistence+Trend,7,2013
2013-11-11,2013,11,15.09,14.53,14.249999999999993,2013-11-18,Persistence+Trend,7,2013
2013-11-12,2013,11,15.0,14.44,14.370000000000001,2013-11-19,Persistence+Trend,7,2013
2013-11-13,2013,11,14.91,14.44,14.280000000000001,2013-11-20,Persistence+Trend,7,2013
2013-11-14,2013,11,14.84,14.38,14.349999999999998,2013-11-21,Persistence+Trend,7,2013
2013-11-15,2013,11,14.72,14.33,13.880000000000006,2013-11-22,Persistence+Trend,7,2013
2013-11-16,2013,11,14.66,14.27,14.239999999999997,2013-11-23,Persistence+Trend,7,2013
2013-11-17,2013,11,14.58,14.22,14.02,2013-11-24,Persistence+Trend,7,2013
2013-11-18,2013,11,14.53,14.17,14.179999999999994,2013-11-25,Persistence+Trend,7,2013
2013-11-19,2013,11,14.44,14.12,13.81,2013-11-26,Persistence+Trend,7,2013
2013-11-20,2013,11,14.44,14.08,14.44,2013-11-27,Persistence+Trend,7,2013
2013-11-21,2013,11,14.38,14.03,13.96000000000001,2013-11-28,Persistence+Trend,7,2013
2013-11-22,2013,11,14.33,13.99,13.979999999999995,2013-11-29,Persistence+Trend,7,2013
2013-11-23,2013,11,14.27,13.96,13.849999999999996,2013-11-30,Persistence+Trend,7,2013
2013-11-24,2013,11,14.22,13.92,13.870000000000008,2013-12-01,Persistence+Trend,7,2013
2013-11-25,2013,11,14.17,13.87,13.819999999999995,2013-12-02,Persistence+Trend,7,2013
2013-11-26,2013,11,14.12,13.82,13.769999999999994,2013-12-03,Persistence+Trend,7,2013
2013-11-27,2013,11,14.08,13.78,13.800000000000006,2013-12-04,Persistence+Trend,7,2013
2013-11-28,2013,11,14.03,13.76,13.679999999999994,2013-12-05,Persistence+Trend,7,2013
2013-11-29,2013,11,13.99,13.74,13.710000000000006,2013-12-06,Persistence+Trend,7,2013
2013-11-30,2013,11,13.96,13.7,13.750000000000005,2013-12-07,Persistence+Trend,7,2013
2013-12-01,2013,12,13.92,13.67,13.639999999999993,2013-12-08,Persistence+Trend,7,2013
2013-12-02,2013,12,13.87,13.64,13.519999999999994,2013-12-09,Persistence+Trend,7,2013
2013-12-03,2013,12,13.82,13.6,13.470000000000008,2013-12-10,Persistence+Trend,7,2013
2013-12-04,2013,12,13.78,13.56,13.499999999999993,2013-12-11,Persistence+Trend,7,2013
2013-12-05,2013,12,13.76,13.54,13.620000000000003,2013-12-12,Persistence+Trend,7,2013
2013-12-06,2013,12,13.74,13.51,13.600000000000003,2013-12-13,Persistence+Trend,7,2013
2013-12-07,2013,12,13.7,13.48,13.419999999999993,2013-12-14,Persistence+Trend,7,2013
2013-12-08,2013,12,13.67,13.45,13.460000000000004,2013-12-15,Persistence+Trend,7,2013
2013-12-09,2013,12,13.64,13.42,13.430000000000005,2013-12-16,Persistence+Trend,7,2013
2013-12-10,2013,12,13.6,13.4,13.319999999999993,2013-12-17,Persistence+Trend,7,2013
2013-12-11,2013,12,13.56,13.38,13.280000000000006,2013-12-18,Persistence+Trend,7,2013
2013-12-12,2013,12,13.54,13.36,13.39999999999999,2013-12-19,Persistence+Trend,7,2013
2013-12-13,2013,12,13.51,13.34,13.300000000000004,2013-12-20,Persistence+Trend,7,2013
2013-12-14,2013,12,13.48,13.32,13.270000000000005,2013-12-21,Persistence+Trend,7,2013
2013-12-15,2013,12,13.45,13.29,13.239999999999991,2013-12-22,Persistence+Trend,7,2013
2013-12-16,2013,12,13.42,13.26,13.210000000000004,2013-12-23,Persistence+Trend,7,2013
2013-12-17,2013,12,13.4,13.24,13.260000000000003,2013-12-24,Persistence+Trend,7,2013
2013-12-18,2013,12,13.38,13.21,13.240000000000004,2013-12-25,Persistence+Trend,7,2013
2013-12-19,2013,12,13.36,13.19,13.21999999999999,2013-12-26,Persistence+Trend,7,2013
2013-12-20,2013,12,13.34,13.17,13.200000000000003,2013-12-27,Persistence+Trend,7,2013
2013-12-21,2013,12,13.32,13.14,13.180000000000003,2013-12-28,Persistence+Trend,7,2013
2013-12-22,2013,12,13.29,13.12,13.079999999999991,2013-12-29,Persistence+Trend,7,2013
2013-12-23,2013,12,13.26,13.09,13.050000000000004,2013-12-30,Persistence+Trend,7,2013
2013-12-24,2013,12,13.24,13.06,13.100000000000003,2013-12-31,Persistence+Trend,7,2013
2013-12-25,2013,12,13.21,13.04,13.000000000000005,2014-01-01,Persistence+Trend,7,2013
2013-12-26,2013,12,13.19,13.02,13.04999999999999,2014-01-02,Persistence+Trend,7,2013
2013-12-27,2013,12,13.17,12.99,13.030000000000003,2014-01-03,Persistence+Trend,7,2013
2013-12-28,2013,12,13.14,12.97,12.930000000000005,2014-01-04,Persistence+Trend,7,2013
2013-12-29,2013,12,13.12,12.95,12.97999999999999,2014-01-05,Persistence+Trend,7,2013
2013-12-30,2013,12,13.09,12.93,12.880000000000004,2014-01-06,Persistence+Trend,7,2013
2013-12-31,2013,12,13.06,12.93,12.850000000000005,2014-01-07,Persistence+Trend,7,2013
2014-01-01,2014,1,13.04,12.92,12.89999999999999,2014-01-08,Persistence+Trend,7,2014
2014-01-02,2014,1,13.02,12.9,12.880000000000003,2014-01-09,Persistence+Trend,7,2014
2014-01-03,2014,1,12.99,12.88,12.780000000000005,2014-01-10,Persistence+Trend,7,2014
2014-01-04,2014,1,12.97,12.86,12.830000000000004,2014-01-11,Persistence+Trend,7,2014
2014-01-05,2014,1,12.95,12.83,12.80999999999999,2014-01-12,Persistence+Trend,7,2014
2014-01-06,2014,1,12.93,12.82,12.790000000000003,2014-01-13,Persistence+Trend,7,2014
2014-01-07,2014,1,12.93,12.8,12.93,2014-01-14,Persistence+Trend,7,2014
2014-01-08,2014,1,12.92,12.79,12.850000000000001,2014-01-15,Persistence+Trend,7,2014
2014-01-09,2014,1,12.9,12.77,12.760000000000003,2014-01-16,Persistence+Trend,7,2014
2014-01-10,2014,1,12.88,12.75,12.740000000000004,2014-01-17,Persistence+Trend,7,2014
2014-01-11,2014,1,12.86,12.73,12.71999999999999,2014-01-18,Persistence+Trend,7,2014
2014-01-12,2014,1,12.83,12.72,12.620000000000005,2014-01-19,Persistence+Trend,7,2014
2014-01-13,2014,1,12.82,12.7,12.750000000000002,2014-01-20,Persistence+Trend,7,2014
2014-01-14,2014,1,12.8,12.68,12.660000000000004,2014-01-21,Persistence+Trend,7,2014
2014-01-15,2014,1,12.79,12.66,12.719999999999988,2014-01-22,Persistence+Trend,7,2014
2014-01-16,2014,1,12.77,12.65,12.630000000000003,2014-01-23,Persistence+Trend,7,2014
2014-01-17,2014,1,12.75,12.64,12.610000000000003,2014-01-24,Persistence+Trend,7,2014
2014-01-18,2014,1,12.73,12.63,12.590000000000003,2014-01-25,Persistence+Trend,7,2014
2014-01-19,2014,1,12.72,12.62,12.650000000000002,2014-01-26,Persistence+Trend,7,2014
2014-01-20,2014,1,12.7,12.61,12.55999999999999,2014-01-27,Persistence+Trend,7,2014
2014-01-21,2014,1,12.68,12.59,12.540000000000003,2014-01-28,Persistence+Trend,7,2014
2014-01-22,2014,1,12.66,12.57,12.520000000000003,2014-01-29,Persistence+Trend,7,2014
2014-01-23,2014,1,12.65,12.55,12.580000000000002,2014-01-30,Persistence+Trend,7,2014
2014-01-24,2014,1,12.64,12.53,12.570000000000002,2014-01-31,Persistence+Trend,7,2014
2014-06-08,2014,6,16.32,17.07,17.160000000000007,2014-06-15,Persistence+Trend,7,2014
2014-06-09,2014,6,16.66,17.21,19.04,2014-06-16,Persistence+Trend,7,2014
2014-06-10,2014,6,16.88,17.25,18.41999999999999,2014-06-17,Persistence+Trend,7,2014
2014-06-11,2014,6,16.92,17.19,17.20000000000002,2014-06-18,Persistence+Trend,7,2014
2014-06-12,2014,6,16.92,17.11,16.92,2014-06-19,Persistence+Trend,7,2014
2014-06-13,2014,6,16.92,16.99,16.92,2014-06-20,Persistence+Trend,7,2014
2014-06-14,2014,6,16.97,16.92,17.31999999999998,2014-06-21,Persistence+Trend,7,2014
2014-06-15,2014,6,17.07,16.9,17.77000000000001,2014-06-22,Persistence+Trend,7,2014
2014-06-16,2014,6,17.21,17.2,18.190000000000005,2014-06-23,Persistence+Trend,7,2014
2014-06-17,2014,6,17.25,17.49,17.529999999999994,2014-06-24,Persistence+Trend,7,2014
2014-06-18,2014,6,17.19,17.82,16.77000000000001,2014-06-25,Persistence+Trend,7,2014
2014-06-19,2014,6,17.11,18.14,16.549999999999986,2014-06-26,Persistence+Trend,7,2014
2014-06-20,2014,6,16.99,18.44,16.14999999999999,2014-06-27,Persistence+Trend,7,2014
2014-06-21,2014,6,16.92,18.56,16.430000000000025,2014-06-28,Persistence+Trend,7,2014
2014-06-22,2014,6,16.9,18.57,16.759999999999977,2014-06-29,Persistence+Trend,7,2014
2014-06-23,2014,6,17.2,18.57,19.300000000000004,2014-06-30,Persistence+Trend,7,2014
2014-06-24,2014,6,17.49,18.58,19.519999999999992,2014-07-01,Persistence+Trend,7,2014
2014-06-25,2014,6,17.82,18.5,20.130000000000013,2014-07-02,Persistence+Trend,7,2014
2014-06-26,2014,6,18.14,18.34,20.380000000000003,2014-07-03,Persistence+Trend,7,2014
2014-06-27,2014,6,18.44,18.362,20.540000000000006,2014-07-04,Persistence+Trend,7,2014
2014-06-28,2014,6,18.56,18.47,19.39999999999998,2014-07-05,Persistence+Trend,7,2014
2014-06-29,2014,6,18.57,18.59,18.64000000000001,2014-07-06,Persistence+Trend,7,2014
2014-06-30,2014,6,18.57,18.63,18.57,2014-07-07,Persistence+Trend,7,2014
2014-07-01,2014,7,18.58,18.66,18.649999999999984,2014-07-08,Persistence+Trend,7,2014
2014-07-02,2014,7,18.5,18.5,17.940000000000012,2014-07-09,Persistence+Trend,7,2014
2014-07-03,2014,7,18.34,18.49,17.22,2014-07-10,Persistence+Trend,7,2014
2014-07-04,2014,7,18.362,18.53,18.515999999999988,2014-07-11,Persistence+Trend,7,2014
2014-07-05,2014,7,18.47,18.48,19.226000000000003,2014-07-12,Persistence+Trend,7,2014
2014-07-06,2014,7,18.59,18.4,19.430000000000007,2014-07-13,Persistence+Trend,7,2014
2014-07-07,2014,7,18.63,18.46,18.909999999999993,2014-07-14,Persistence+Trend,7,2014
2014-07-08,2014,7,18.66,18.46,18.870000000000008,2014-07-15,Persistence+Trend,7,2014
2014-07-09,2014,7,18.5,18.4,17.38,2014-07-16,Persistence+Trend,7,2014
2014-07-10,2014,7,18.49,18.34,18.419999999999987,2014-07-17,Persistence+Trend,7,2014
2014-07-11,2014,7,18.53,18.35,18.81000000000002,2014-07-18,Persistence+Trend,7,2014
2014-07-12,2014,7,18.48,18.42,18.129999999999995,2014-07-19,Persistence+Trend,7,2014
2014-07-13,2014,7,18.4,18.53,17.839999999999986,2014-07-20,Persistence+Trend,7,2014
2014-07-14,2014,7,18.46,18.67,18.880000000000017,2014-07-21,Persistence+Trend,7,2014
2014-07-15,2014,7,18.46,18.88,18.46,2014-07-22,Persistence+Trend,7,2014
2014-07-16,2014,7,18.4,18.98,17.979999999999983,2014-07-23,Persistence+Trend,7,2014
2014-07-17,2014,7,18.34,18.97,17.92000000000001,2014-07-24,Persistence+Trend,7,2014
2014-07-18,2014,7,18.35,18.97,18.420000000000012,2014-07-25,Persistence+Trend,7,2014
2014-07-19,2014,7,18.42,18.91,18.910000000000004,2014-07-26,Persistence+Trend,7,2014
2014-07-20,2014,7,18.53,18.87,19.299999999999997,2014-07-27,Persistence+Trend,7,2014
2014-07-21,2014,7,18.67,18.75,19.650000000000006,2014-07-28,Persistence+Trend,7,2014
2014-07-22,2014,7,18.88,18.65,20.34999999999998,2014-07-29,Persistence+Trend,7,2014
2014-07-23,2014,7,18.98,18.58,19.68000000000001,2014-07-30,Persistence+Trend,7,2014
2014-07-24,2014,7,18.97,18.48,18.899999999999988,2014-07-31,Persistence+Trend,7,2014
2014-07-25,2014,7,18.97,18.41,18.97,2014-08-01,Persistence+Trend,7,2014
2014-07-26,2014,7,18.91,18.36,18.49000000000001,2014-08-02,Persistence+Trend,7,2014
2014-07-27,2014,7,18.87,18.3,18.590000000000007,2014-08-03,Persistence+Trend,7,2014
2014-07-28,2014,7,18.75,18.24,17.909999999999993,2014-08-04,Persistence+Trend,7,2014
2014-07-29,2014,7,18.65,18.22,17.94999999999999,2014-08-05,Persistence+Trend,7,2014
2014-07-30,2014,7,18.58,18.23,18.089999999999996,2014-08-06,Persistence+Trend,7,2014
2014-07-31,2014,7,18.48,18.23,17.780000000000015,2014-08-07,Persistence+Trend,7,2014
2014-08-01,2014,8,18.41,18.24,17.919999999999998,2014-08-08,Persistence+Trend,7,2014
2014-08-02,2014,8,18.36,18.17,18.009999999999994,2014-08-09,Persistence+Trend,7,2014
2014-08-03,2014,8,18.3,18.17,17.88000000000001,2014-08-10,Persistence+Trend,7,2014
2014-08-04,2014,8,18.24,18.24,17.819999999999983,2014-08-11,Persistence+Trend,7,2014
2014-08-05,2014,8,18.22,18.26,18.080000000000002,2014-08-12,Persistence+Trend,7,2014
2014-08-06,2014,8,18.23,18.28,18.30000000000001,2014-08-13,Persistence+Trend,7,2014
2014-08-07,2014,8,18.23,18.39,18.23,2014-08-14,Persistence+Trend,7,2014
2014-08-08,2014,8,18.24,18.58,18.309999999999985,2014-08-15,Persistence+Trend,7,2014
2014-08-09,2014,8,18.17,18.86,17.680000000000025,2014-08-16,Persistence+Trend,7,2014
2014-08-10,2014,8,18.17,19.42,18.17,2014-08-17,Persistence+Trend,7,2014
2014-08-11,2014,8,18.24,19.7,18.729999999999976,2014-08-18,Persistence+Trend,7,2014
2014-08-12,2014,8,18.26,19.82,18.400000000000023,2014-08-19,Persistence+Trend,7,2014
2014-08-13,2014,8,18.28,19.86,18.419999999999998,2014-08-20,Persistence+Trend,7,2014
2014-08-14,2014,8,18.39,19.86,19.159999999999997,2014-08-21,Persistence+Trend,7,2014
2014-08-15,2014,8,18.58,19.86,19.909999999999982,2014-08-22,Persistence+Trend,7,2014
2014-08-16,2014,8,18.86,19.81,20.820000000000007,2014-08-23,Persistence+Trend,7,2014
2014-08-17,2014,8,19.42,19.75,23.340000000000018,2014-08-24,Persistence+Trend,7,2014
2014-08-18,2014,8,19.7,19.79,21.659999999999982,2014-08-25,Persistence+Trend,7,2014
2014-08-19,2014,8,19.82,19.77,20.660000000000007,2014-08-26,Persistence+Trend,7,2014
2014-08-20,2014,8,19.86,19.92,20.139999999999993,2014-08-27,Persistence+Trend,7,2014
2014-08-21,2014,8,19.86,20.15,19.86,2014-08-28,Persistence+Trend,7,2014
2014-08-22,2014,8,19.86,20.21,19.86,2014-08-29,Persistence+Trend,7,2014
2014-08-23,2014,8,19.81,20.17,19.459999999999994,2014-08-30,Persistence+Trend,7,2014
2014-08-24,2014,8,19.75,20.02,19.33000000000001,2014-08-31,Persistence+Trend,7,2014
2014-08-25,2014,8,19.79,19.8,20.069999999999993,2014-09-01,Persistence+Trend,7,2014
2014-08-26,2014,8,19.77,19.58,19.630000000000003,2014-09-02,Persistence+Trend,7,2014
2014-08-27,2014,8,19.92,19.38,20.970000000000017,2014-09-03,Persistence+Trend,7,2014
2014-08-28,2014,8,20.15,19.16,21.759999999999977,2014-09-04,Persistence+Trend,7,2014
2014-08-29,2014,8,20.21,18.93,20.630000000000017,2014-09-05,Persistence+Trend,7,2014
2014-08-30,2014,8,20.17,18.74,19.890000000000008,2014-09-06,Persistence+Trend,7,2014
2014-08-31,2014,8,20.02,18.56,18.969999999999985,2014-09-07,Persistence+Trend,7,2014
2014-09-01,2014,9,19.8,18.42,18.26000000000001,2014-09-08,Persistence+Trend,7,2014
2014-09-02,2014,9,19.58,18.27,18.03999999999998,2014-09-09,Persistence+Trend,7,2014
2014-09-03,2014,9,19.38,18.15,17.980000000000004,2014-09-10,Persistence+Trend,7,2014
2014-09-04,2014,9,19.16,18.23,17.620000000000008,2014-09-11,Persistence+Trend,7,2014
2014-09-05,2014,9,18.93,18.24,17.319999999999997,2014-09-12,Persistence+Trend,7,2014
2014-09-06,2014,9,18.74,18.11,17.40999999999999,2014-09-13,Persistence+Trend,7,2014
2014-09-07,2014,9,18.56,18.1,17.3,2014-09-14,Persistence+Trend,7,2014
2014-09-08,2014,9,18.42,18.18,17.440000000000023,2014-09-15,Persistence+Trend,7,2014
2014-09-09,2014,9,18.27,18.25,17.219999999999985,2014-09-16,Persistence+Trend,7,2014
2014-09-10,2014,9,18.15,18.27,17.30999999999999,2014-09-17,Persistence+Trend,7,2014
2014-09-11,2014,9,18.23,18.22,18.790000000000013,2014-09-18,Persistence+Trend,7,2014
2014-09-12,2014,9,18.24,18.11,18.309999999999985,2014-09-19,Persistence+Trend,7,2014
2014-09-13,2014,9,18.11,18.01,17.200000000000006,2014-09-20,Persistence+Trend,7,2014
2014-09-14,2014,9,18.1,18.01,18.030000000000015,2014-09-21,Persistence+Trend,7,2014
2014-09-15,2014,9,18.18,18.75,18.739999999999988,2014-09-22,Persistence+Trend,7,2014
2014-09-16,2014,9,18.25,19.24,18.740000000000002,2014-09-23,Persistence+Trend,7,2014
2014-09-17,2014,9,18.27,19.3,18.409999999999997,2014-09-24,Persistence+Trend,7,2014
2014-09-18,2014,9,18.22,19.28,17.869999999999994,2014-09-25,Persistence+Trend,7,2014
2014-09-19,2014,9,18.11,19.17,17.340000000000003,2014-09-26,Persistence+Trend,7,2014
2014-09-20,2014,9,18.01,19.12,17.310000000000016,2014-09-27,Persistence+Trend,7,2014
2014-09-21,2014,9,18.01,19.11,18.01,2014-09-28,Persistence+Trend,7,2014
2014-09-22,2014,9,18.75,19.12,23.92999999999999,2014-09-29,Persistence+Trend,7,2014
2014-09-23,2014,9,19.24,19.07,22.669999999999987,2014-09-30,Persistence+Trend,7,2014
2014-09-24,2014,9,19.3,18.95,19.720000000000017,2014-10-01,Persistence+Trend,7,2014
2014-09-25,2014,9,19.28,18.85,19.140000000000004,2014-10-02,Persistence+Trend,7,2014
2014-09-26,2014,9,19.17,18.72,18.400000000000006,2014-10-03,Persistence+Trend,7,2014
2014-09-27,2014,9,19.12,18.58,18.769999999999996,2014-10-04,Persistence+Trend,7,2014
2014-09-28,2014,9,19.11,18.26,19.03999999999999,2014-10-05,Persistence+Trend,7,2014
2014-09-29,2014,9,19.12,18.0,19.190000000000012,2014-10-06,Persistence+Trend,7,2014
2014-09-30,2014,9,19.07,17.73,18.719999999999995,2014-10-07,Persistence+Trend,7,2014
2014-10-01,2014,10,18.95,17.54,18.109999999999992,2014-10-08,Persistence+Trend,7,2014
2014-10-02,2014,10,18.85,17.21,18.150000000000016,2014-10-09,Persistence+Trend,7,2014
2014-10-03,2014,10,18.72,17.04,17.80999999999998,2014-10-10,Persistence+Trend,7,2014
2014-10-04,2014,10,18.58,16.9,17.599999999999994,2014-10-11,Persistence+Trend,7,2014
2014-10-05,2014,10,18.26,16.79,16.020000000000024,2014-10-12,Persistence+Trend,7,2014
2014-10-06,2014,10,18.0,16.5,16.17999999999999,2014-10-13,Persistence+Trend,7,2014
2014-10-07,2014,10,17.73,16.39,15.840000000000003,2014-10-14,Persistence+Trend,7,2014
2014-10-08,2014,10,17.54,16.31,16.20999999999999,2014-10-15,Persistence+Trend,7,2014
2014-10-09,2014,10,17.21,16.19,14.900000000000013,2014-10-16,Persistence+Trend,7,2014
2014-10-10,2014,10,17.04,16.09,15.849999999999987,2014-10-17,Persistence+Trend,7,2014
2014-10-11,2014,10,16.9,16.01,15.919999999999995,2014-10-18,Persistence+Trend,7,2014
2014-10-12,2014,10,16.79,15.92,16.020000000000003,2014-10-19,Persistence+Trend,7,2014
2014-10-13,2014,10,16.5,15.81,14.470000000000006,2014-10-20,Persistence+Trend,7,2014
2014-10-14,2014,10,16.39,15.75,15.620000000000005,2014-10-21,Persistence+Trend,7,2014
2014-10-15,2014,10,16.31,15.72,15.749999999999986,2014-10-22,Persistence+Trend,7,2014
2014-10-16,2014,10,16.19,15.71,15.35000000000002,2014-10-23,Persistence+Trend,7,2014
2014-10-17,2014,10,16.09,15.62,15.38999999999999,2014-10-24,Persistence+Trend,7,2014
2014-10-18,2014,10,16.01,15.51,15.450000000000014,2014-10-25,Persistence+Trend,7,2014
2014-10-19,2014,10,15.92,15.44,15.289999999999988,2014-10-26,Persistence+Trend,7,2014
2014-10-20,2014,10,15.81,15.32,15.040000000000004,2014-10-27,Persistence+Trend,7,2014
2014-10-21,2014,10,15.75,15.21,15.329999999999997,2014-10-28,Persistence+Trend,7,2014
2014-10-22,2014,10,15.72,15.14,15.510000000000005,2014-10-29,Persistence+Trend,7,2014
2014-10-23,2014,10,15.71,15.08,15.640000000000002,2014-10-30,Persistence+Trend,7,2014
2014-10-24,2014,10,15.62,14.99,14.989999999999988,2014-10-31,Persistence+Trend,7,2014
2014-10-25,2014,10,15.51,14.92,14.740000000000004,2014-11-01,Persistence+Trend,7,2014
2014-10-26,2014,10,15.44,14.86,14.949999999999998,2014-11-02,Persistence+Trend,7,2014
2014-10-27,2014,10,15.32,14.82,14.480000000000006,2014-11-03,Persistence+Trend,7,2014
2014-10-28,2014,10,15.21,14.77,14.440000000000005,2014-11-04,Persistence+Trend,7,2014
2014-10-29,2014,10,15.14,14.7,14.649999999999999,2014-11-05,Persistence+Trend,7,2014
2014-10-30,2014,10,15.08,14.65,14.659999999999997,2014-11-06,Persistence+Trend,7,2014
2014-10-31,2014,10,14.99,14.55,14.360000000000001,2014-11-07,Persistence+Trend,7,2014
2014-11-01,2014,11,14.92,14.49,14.429999999999998,2014-11-08,Persistence+Trend,7,2014
2014-11-02,2014,11,14.86,14.43,14.439999999999996,2014-11-09,Persistence+Trend,7,2014
2014-11-03,2014,11,14.82,14.41,14.540000000000006,2014-11-10,Persistence+Trend,7,2014
2014-11-04,2014,11,14.77,14.35,14.419999999999995,2014-11-11,Persistence+Trend,7,2014
2014-11-05,2014,11,14.7,14.32,14.209999999999997,2014-11-12,Persistence+Trend,7,2014
2014-11-06,2014,11,14.65,14.28,14.300000000000008,2014-11-13,Persistence+Trend,7,2014
2014-11-07,2014,11,14.55,14.18,13.850000000000003,2014-11-14,Persistence+Trend,7,2014
2014-11-08,2014,11,14.49,14.09,14.069999999999997,2014-11-15,Persistence+Trend,7,2014
2014-11-09,2014,11,14.43,14.01,14.009999999999996,2014-11-16,Persistence+Trend,7,2014
2014-11-10,2014,11,14.41,14.0,14.270000000000003,2014-11-17,Persistence+Trend,7,2014
2014-11-11,2014,11,14.35,13.97,13.929999999999996,2014-11-18,Persistence+Trend,7,2014
2014-11-12,2014,11,14.32,13.94,14.110000000000005,2014-11-19,Persistence+Trend,7,2014
2014-11-13,2014,11,14.28,13.94,13.999999999999993,2014-11-20,Persistence+Trend,7,2014
2014-11-14,2014,11,14.18,13.93,13.480000000000002,2014-11-21,Persistence+Trend,7,2014
2014-11-15,2014,11,14.09,13.93,13.46,2014-11-22,Persistence+Trend,7,2014
2014-11-16,2014,11,14.01,13.91,13.45,2014-11-23,Persistence+Trend,7,2014
2014-11-17,2014,11,14.0,13.86,13.930000000000001,2014-11-24,Persistence+Trend,7,2014
2014-11-18,2014,11,13.97,13.83,13.760000000000005,2014-11-25,Persistence+Trend,7,2014
2014-11-19,2014,11,13.94,13.79,13.729999999999992,2014-11-26,Persistence+Trend,7,2014
2014-11-20,2014,11,13.94,13.75,13.94,2014-11-27,Persistence+Trend,7,2014
2014-11-21,2014,11,13.93,13.73,13.860000000000001,2014-11-28,Persistence+Trend,7,2014
2014-11-22,2014,11,13.93,13.7,13.93,2014-11-29,Persistence+Trend,7,2014
2014-11-23,2014,11,13.91,13.67,13.770000000000003,2014-11-30,Persistence+Trend,7,2014
2015-01-08,2015,1,12.65,12.56,12.552000000000005,2015-01-15,Persistence+Trend,7,2015
2015-01-09,2015,1,12.64,12.544,12.570000000000002,2015-01-16,Persistence+Trend,7,2015
2015-01-10,2015,1,12.618,12.526,12.463999999999999,2015-01-17,Persistence+Trend,7,2015
2015-01-11,2015,1,12.594,12.51,12.425999999999993,2015-01-18,Persistence+Trend,7,2015
2015-01-12,2015,1,12.58,12.49,12.482000000000005,2015-01-19,Persistence+Trend,7,2015
2015-01-13,2015,1,12.57,12.448,12.500000000000002,2015-01-20,Persistence+Trend,7,2015
2015-01-14,2015,1,12.56,12.414,12.490000000000002,2015-01-21,Persistence+Trend,7,2015
2015-01-15,2015,1,12.56,12.386,12.56,2015-01-22,Persistence+Trend,7,2015
2015-01-16,2015,1,12.544,12.364,12.432,2015-01-23,Persistence+Trend,7,2015
2015-01-17,2015,1,12.526,12.346,12.399999999999995,2015-01-24,Persistence+Trend,7,2015
2015-01-18,2015,1,12.51,12.324,12.398,2015-01-25,Persistence+Trend,7,2015
2015-01-19,2015,1,12.49,12.314,12.350000000000003,2015-01-26,Persistence+Trend,7,2015
2015-01-20,2015,1,12.448,12.29,12.154000000000002,2015-01-27,Persistence+Trend,7,2015
2015-01-21,2015,1,12.414,12.274,12.175999999999995,2015-01-28,Persistence+Trend,7,2015
2015-01-22,2015,1,12.386,12.25,12.189999999999996,2015-01-29,Persistence+Trend,7,2015
2015-01-23,2015,1,12.364,12.24,12.210000000000012,2015-01-30,Persistence+Trend,7,2015
2015-01-24,2015,1,12.346,12.23,12.219999999999995,2015-01-31,Persistence+Trend,7,2015
2015-01-25,2015,1,12.324,12.21,12.169999999999998,2015-02-01,Persistence+Trend,7,2015
2015-01-26,2015,1,12.314,12.196,12.244000000000002,2015-02-02,Persistence+Trend,7,2015
2015-01-27,2015,1,12.29,12.18,12.121999999999993,2015-02-03,Persistence+Trend,7,2015
2015-01-28,2015,1,12.274,12.162,12.161999999999999,2015-02-04,Persistence+Trend,7,2015
2015-01-29,2015,1,12.25,12.15,12.082000000000006,2015-02-05,Persistence+Trend,7,2015
2015-01-30,2015,1,12.24,12.134,12.170000000000002,2015-02-06,Persistence+Trend,7,2015
2015-01-31,2015,1,12.23,12.12,12.160000000000002,2015-02-07,Persistence+Trend,7,2015
2015-02-01,2015,2,12.21,12.11,12.070000000000004,2015-02-08,Persistence+Trend,7,2015
2015-02-02,2015,2,12.196,12.1,12.097999999999992,2015-02-09,Persistence+Trend,7,2015
2015-02-03,2015,2,12.18,12.1,12.068,2015-02-10,Persistence+Trend,7,2015
2015-02-04,2015,2,12.162,12.1,12.036000000000008,2015-02-11,Persistence+Trend,7,2015
2015-02-05,2015,2,12.15,12.084,12.065999999999997,2015-02-12,Persistence+Trend,7,2015
2015-02-06,2015,2,12.134,12.066,12.022,2015-02-13,Persistence+Trend,7,2015
2015-02-07,2015,2,12.12,12.044,12.021999999999991,2015-02-14,Persistence+Trend,7,2015
2015-02-08,2015,2,12.11,12.026,12.040000000000001,2015-02-15,Persistence+Trend,7,2015
2015-02-09,2015,2,12.1,12.01,12.030000000000001,2015-02-16,Persistence+Trend,7,2015
2015-02-10,2015,2,12.1,12.01,12.1,2015-02-17,Persistence+Trend,7,2015
2015-02-11,2015,2,12.1,12.0,12.1,2015-02-18,Persistence+Trend,7,2015
2015-02-12,2015,2,12.084,11.994,11.972,2015-02-19,Persistence+Trend,7,2015
2015-02-13,2015,2,12.066,11.99,11.940000000000008,2015-02-20,Persistence+Trend,7,2015
2015-02-14,2015,2,12.044,11.986,11.889999999999999,2015-02-21,Persistence+Trend,7,2015
2015-02-15,2015,2,12.026,11.98,11.899999999999995,2015-02-22,Persistence+Trend,7,2015
2015-02-16,2015,2,12.01,11.97,11.898,2015-02-23,Persistence+Trend,7,2015
2015-02-17,2015,2,12.01,11.96,12.01,2015-02-24,Persistence+Trend,7,2015
2015-02-18,2015,2,12.0,11.95,11.930000000000001,2015-02-25,Persistence+Trend,7,2015
2015-02-19,2015,2,11.994,11.94,11.951999999999998,2015-02-26,Persistence+Trend,7,2015
2015-02-20,2015,2,11.99,11.94,11.962000000000003,2015-02-27,Persistence+Trend,7,2015
2015-02-21,2015,2,11.986,11.93,11.958000000000004,2015-02-28,Persistence+Trend,7,2015
2015-02-22,2015,2,11.98,11.93,11.937999999999999,2015-03-01,Persistence+Trend,7,2015
2015-02-23,2015,2,11.97,11.93,11.900000000000002,2015-03-02,Persistence+Trend,7,2015
2015-02-24,2015,2,11.96,11.92,11.890000000000002,2015-03-03,Persistence+Trend,7,2015
2015-02-25,2015,2,11.95,11.91,11.879999999999988,2015-03-04,Persistence+Trend,7,2015
2015-02-26,2015,2,11.94,11.91,11.870000000000001,2015-03-05,Persistence+Trend,7,2015
2015-02-27,2015,2,11.94,11.916,11.94,2015-03-06,Persistence+Trend,7,2015
2015-02-28,2015,2,11.93,11.936,11.860000000000001,2015-03-07,Persistence+Trend,7,2015
2015-03-01,2015,3,11.93,12.016,11.93,2015-03-08,Persistence+Trend,7,2015
2015-03-02,2015,3,11.93,12.182,11.93,2015-03-09,Persistence+Trend,7,2015
2015-03-03,2015,3,11.92,12.318,11.850000000000001,2015-03-10,Persistence+Trend,7,2015
2015-03-04,2015,3,11.91,12.384,11.840000000000002,2015-03-11,Persistence+Trend,7,2015
2015-03-05,2015,3,11.91,12.464,11.91,2015-03-12,Persistence+Trend,7,2015
2015-03-06,2015,3,11.916,12.606,11.958000000000002,2015-03-13,Persistence+Trend,7,2015
2015-03-07,2015,3,11.936,12.678,12.075999999999997,2015-03-14,Persistence+Trend,7,2015
2015-03-08,2015,3,12.016,12.646,12.576,2015-03-15,Persistence+Trend,7,2015
2015-03-09,2015,3,12.182,12.556,13.344000000000003,2015-03-16,Persistence+Trend,7,2015
2015-03-10,2015,3,12.318,12.448,13.269999999999994,2015-03-17,Persistence+Trend,7,2015
2015-03-11,2015,3,12.384,12.358,12.846000000000005,2015-03-18,Persistence+Trend,7,2015
2015-03-12,2015,3,12.464,12.29,13.024000000000001,2015-03-19,Persistence+Trend,7,2015
2015-03-13,2015,3,12.606,12.24,13.599999999999996,2015-03-20,Persistence+Trend,7,2015
2015-03-14,2015,3,12.678,12.204,13.182000000000007,2015-03-21,Persistence+Trend,7,2015
2015-03-15,2015,3,12.646,12.19,12.422,2015-03-22,Persistence+Trend,7,2015
2015-03-16,2015,3,12.556,12.18,11.925999999999988,2015-03-23,Persistence+Trend,7,2015
2015-03-17,2015,3,12.448,12.17,11.692000000000009,2015-03-24,Persistence+Trend,7,2015
2015-03-18,2015,3,12.358,12.198,11.728000000000002,2015-03-25,Persistence+Trend,7,2015
2015-03-19,2015,3,12.29,12.234,11.81399999999999,2015-03-26,Persistence+Trend,7,2015
2015-03-20,2015,3,12.24,12.318,11.890000000000008,2015-03-27,Persistence+Trend,7,2015
2015-03-21,2015,3,12.204,12.448,11.952000000000004,2015-03-28,Persistence+Trend,7,2015
2015-03-22,2015,3,12.19,12.49,12.091999999999992,2015-03-29,Persistence+Trend,7,2015
2015-03-23,2015,3,12.18,12.448,12.110000000000001,2015-03-30,Persistence+Trend,7,2015
2015-03-24,2015,3,12.17,12.41,12.100000000000001,2015-03-31,Persistence+Trend,7,2015
2015-03-25,2015,3,12.198,12.376,12.394000000000004,2015-04-01,Persistence+Trend,7,2015
2015-03-26,2015,3,12.234,12.35,12.485999999999997,2015-04-02,Persistence+Trend,7,2015
2015-03-27,2015,3,12.318,12.356,12.905999999999997,2015-04-03,Persistence+Trend,7,2015
2015-03-28,2015,3,12.448,12.376,13.358000000000006,2015-04-04,Persistence+Trend,7,2015
2015-03-29,2015,3,12.49,12.438,12.783999999999999,2015-04-05,Persistence+Trend,7,2015
2015-03-30,2015,3,12.448,12.57,12.154000000000002,2015-04-06,Persistence+Trend,7,2015
2015-03-31,2015,3,12.41,12.704,12.143999999999998,2015-04-07,Persistence+Trend,7,2015
2015-04-01,2015,4,12.376,12.868,12.137999999999995,2015-04-08,Persistence+Trend,7,2015
2015-04-02,2015,4,12.35,13.048,12.168000000000001,2015-04-09,Persistence+Trend,7,2015
2015-04-03,2015,4,12.356,13.236,12.398000000000001,2015-04-10,Persistence+Trend,7,2015
2015-04-04,2015,4,12.376,13.446,12.515999999999996,2015-04-11,Persistence+Trend,7,2015
2015-04-05,2015,4,12.438,13.716,12.872000000000009,2015-04-12,Persistence+Trend,7,2015
2015-04-06,2015,4,12.57,14.06,13.493999999999998,2015-04-13,Persistence+Trend,7,2015
2015-04-07,2015,4,12.704,14.13,13.642000000000003,2015-04-14,Persistence+Trend,7,2015
2015-04-08,2015,4,12.868,14.116,14.015999999999998,2015-04-15,Persistence+Trend,7,2015
2015-04-09,2015,4,13.048,14.1,14.307999999999998,2015-04-16,Persistence+Trend,7,2015
2015-04-10,2015,4,13.236,14.09,14.552000000000005,2015-04-17,Persistence+Trend,7,2015
2015-04-11,2015,4,13.446,14.022,14.915999999999993,2015-04-18,Persistence+Trend,7,2015
2015-04-12,2015,4,13.716,13.932,15.605999999999996,2015-04-19,Persistence+Trend,7,2015
2015-04-13,2015,4,14.06,13.816,16.46800000000001,2015-04-20,Persistence+Trend,7,2015
2015-04-14,2015,4,14.13,13.772,14.620000000000003,2015-04-21,Persistence+Trend,7,2015
2015-04-15,2015,4,14.116,13.742,14.017999999999992,2015-04-22,Persistence+Trend,7,2015
2015-04-16,2015,4,14.1,13.686,13.988,2015-04-23,Persistence+Trend,7,2015
2015-04-17,2015,4,14.09,13.836,14.020000000000001,2015-04-24,Persistence+Trend,7,2015
2015-04-18,2015,4,14.022,14.178,13.546000000000003,2015-04-25,Persistence+Trend,7,2015
2015-04-19,2015,4,13.932,14.512,13.302000000000001,2015-04-26,Persistence+Trend,7,2015
2015-04-20,2015,4,13.816,14.608,13.004000000000003,2015-04-27,Persistence+Trend,7,2015
2015-04-21,2015,4,13.772,14.526,13.463999999999997,2015-04-28,Persistence+Trend,7,2015
2015-04-22,2015,4,13.742,14.482,13.532000000000005,2015-04-29,Persistence+Trend,7,2015
2015-04-23,2015,4,13.686,14.484,13.293999999999993,2015-04-30,Persistence+Trend,7,2015
2015-04-24,2015,4,13.836,14.568,14.886000000000003,2015-05-01,Persistence+Trend,7,2015
2015-04-25,2015,4,14.178,14.67,16.572000000000003,2015-05-02,Persistence+Trend,7,2015
2015-04-26,2015,4,14.512,14.658,16.849999999999998,2015-05-03,Persistence+Trend,7,2015
2015-04-27,2015,4,14.608,14.582,15.280000000000001,2015-05-04,Persistence+Trend,7,2015
2015-04-28,2015,4,14.526,14.576,13.951999999999995,2015-05-05,Persistence+Trend,7,2015
2015-04-29,2015,4,14.482,14.464,14.173999999999996,2015-05-06,Persistence+Trend,7,2015
2015-04-30,2015,4,14.484,14.41,14.498000000000005,2015-05-07,Persistence+Trend,7,2015
2015-05-01,2015,5,14.568,14.402,15.155999999999997,2015-05-08,Persistence+Trend,7,2015
2015-05-02,2015,5,14.67,14.466,15.384000000000002,2015-05-09,Persistence+Trend,7,2015
2015-05-03,2015,5,14.658,14.534,14.573999999999996,2015-05-10,Persistence+Trend,7,2015
2015-05-04,2015,5,14.582,14.614,14.05000000000001,2015-05-11,Persistence+Trend,7,2015
2015-05-05,2015,5,14.576,14.626,14.533999999999999,2015-05-12,Persistence+Trend,7,2015
2015-05-06,2015,5,14.464,14.552,13.68,2015-05-13,Persistence+Trend,7,2015
2015-05-07,2015,5,14.41,14.448,14.031999999999998,2015-05-14,Persistence+Trend,7,2015
2015-05-08,2015,5,14.402,14.44,14.345999999999993,2015-05-15,Persistence+Trend,7,2015
2015-05-09,2015,5,14.466,14.44,14.914,2015-05-16,Persistence+Trend,7,2015
2015-05-10,2015,5,14.534,14.432,15.01000000000001,2015-05-17,Persistence+Trend,7,2015
2015-05-11,2015,5,14.614,14.528,15.174000000000001,2015-05-18,Persistence+Trend,7,2015
2015-05-12,2015,5,14.626,14.722,14.70999999999999,2015-05-19,Persistence+Trend,7,2015
2015-05-13,2015,5,14.552,14.9,14.034,2015-05-20,Persistence+Trend,7,2015
2015-05-14,2015,5,14.448,15.014,13.720000000000006,2015-05-21,Persistence+Trend,7,2015
2015-05-15,2015,5,14.44,15.238,14.383999999999993,2015-05-22,Persistence+Trend,7,2015
2015-05-16,2015,5,14.44,15.654,14.44,2015-05-23,Persistence+Trend,7,2015
2015-05-17,2015,5,14.432,16.064,14.376000000000007,2015-05-24,Persistence+Trend,7,2015
2015-05-18,2015,5,14.528,16.098,15.200000000000001,2015-05-25,Persistence+Trend,7,2015
2015-05-19,2015,5,14.722,16.02,16.07999999999999,2015-05-26,Persistence+Trend,7,2015
2015-05-20,2015,5,14.9,16.076,16.146000000000008,2015-05-27,Persistence+Trend,7,2015
2015-05-21,2015,5,15.014,16.258,15.811999999999992,2015-05-28,Persistence+Trend,7,2015
2015-05-22,2015,5,15.238,16.636,16.806,2015-05-29,Persistence+Trend,7,2015
2015-05-23,2015,5,15.654,16.838,18.566000000000003,2015-05-30,Persistence+Trend,7,2015
2015-05-24,2015,5,16.064,16.972,18.934,2015-05-31,Persistence+Trend,7,2015
2015-05-25,2015,5,16.098,17.046,16.33599999999999,2015-06-01,Persistence+Trend,7,2015
2015-05-26,2015,5,16.02,17.35,15.474000000000004,2015-06-02,Persistence+Trend,7,2015
2015-05-27,2015,5,16.076,17.53,16.468000000000007,2015-06-03,Persistence+Trend,7,2015
2015-05-28,2015,5,16.258,17.374,17.53199999999999,2015-06-04,Persistence+Trend,7,2015
2015-05-29,2015,5,16.636,17.218,19.282,2015-06-05,Persistence+Trend,7,2015
2015-05-30,2015,5,16.838,17.174,18.252000000000013,2015-06-06,Persistence+Trend,7,2015
2015-05-31,2015,5,16.972,17.52,17.910000000000004,2015-06-07,Persistence+Trend,7,2015
2015-06-01,2015,6,17.046,18.006,17.563999999999986,2015-06-08,Persistence+Trend,7,2015
2015-06-02,2015,6,17.35,18.222,19.478000000000016,2015-06-09,Persistence+Trend,7,2015
2015-06-03,2015,6,17.53,18.364,18.79,2015-06-10,Persistence+Trend,7,2015
2015-06-04,2015,6,17.374,18.794,16.281999999999982,2015-06-11,Persistence+Trend,7,2015
2015-06-05,2015,6,17.218,19.3,16.12600000000001,2015-06-12,Persistence+Trend,7,2015
2015-06-06,2015,6,17.174,19.474,16.865999999999996,2015-06-13,Persistence+Trend,7,2015
2015-06-07,2015,6,17.52,19.52,19.942,2015-06-14,Persistence+Trend,7,2015
2015-06-08,2015,6,18.006,19.384,21.408000000000005,2015-06-15,Persistence+Trend,7,2015
2015-06-09,2015,6,18.222,19.102,19.73400000000001,2015-06-16,Persistence+Trend,7,2015
2015-06-10,2015,6,18.364,18.802,19.357999999999997,2015-06-17,Persistence+Trend,7,2015
2015-06-11,2015,6,18.794,18.738,21.804,2015-06-18,Persistence+Trend,7,2015
2015-06-12,2015,6,19.3,18.816,22.842000000000002,2015-06-19,Persistence+Trend,7,2015
2015-06-13,2015,6,19.474,18.892,20.691999999999997,2015-06-20,Persistence+Trend,7,2015
2015-06-14,2015,6,19.52,18.748,19.841999999999995,2015-06-21,Persistence+Trend,7,2015
2015-06-15,2015,6,19.384,18.72,18.432000000000006,2015-06-22,Persistence+Trend,7,2015
2015-06-16,2015,6,19.102,18.692,17.128,2015-06-23,Persistence+Trend,7,2015
2015-06-17,2015,6,18.802,18.732,16.701999999999995,2015-06-24,Persistence+Trend,7,2015
2015-06-18,2015,6,18.738,18.762,18.29,2015-06-25,Persistence+Trend,7,2015
2015-06-19,2015,6,18.816,18.814,19.361999999999995,2015-06-26,Persistence+Trend,7,2015
2015-06-20,2015,6,18.892,18.72,19.424000000000003,2015-06-27,Persistence+Trend,7,2015
2015-06-21,2015,6,18.748,18.688,17.740000000000013,2015-06-28,Persistence+Trend,7,2015
2015-06-22,2015,6,18.72,18.646,18.523999999999983,2015-06-29,Persistence+Trend,7,2015
2015-06-23,2015,6,18.692,18.63,18.49600000000001,2015-06-30,Persistence+Trend,7,2015
2015-06-24,2015,6,18.732,18.628,19.011999999999993,2015-07-01,Persistence+Trend,7,2015
2015-06-25,2015,6,18.762,18.56,18.97200000000001,2015-07-02,Persistence+Trend,7,2015
2015-06-26,2015,6,18.814,18.664,19.177999999999997,2015-07-03,Persistence+Trend,7,2015
2015-06-27,2015,6,18.72,18.538,18.06199999999999,2015-07-04,Persistence+Trend,7,2015
2015-06-28,2015,6,18.688,18.512,18.464,2015-07-05,Persistence+Trend,7,2015
2015-06-29,2015,6,18.646,18.726,18.352000000000015,2015-07-06,Persistence+Trend,7,2015
2015-06-30,2015,6,18.63,18.792,18.517999999999986,2015-07-07,Persistence+Trend,7,2015
2015-07-01,2015,7,18.628,18.77,18.614000000000008,2015-07-08,Persistence+Trend,7,2015
2015-07-02,2015,7,18.56,18.698,18.08399999999999,2015-07-09,Persistence+Trend,7,2015
2015-07-03,2015,7,18.664,18.646,19.39200000000002,2015-07-10,Persistence+Trend,7,2015
2015-07-04,2015,7,18.538,18.528,17.65599999999999,2015-07-11,Persistence+Trend,7,2015
2015-07-05,2015,7,18.512,18.4,18.330000000000002,2015-07-12,Persistence+Trend,7,2015
2015-07-06,2015,7,18.726,18.25,20.22399999999999,2015-07-13,Persistence+Trend,7,2015
2015-07-07,2015,7,18.792,18.034,19.25400000000002,2015-07-14,Persistence+Trend,7,2015
2015-07-08,2015,7,18.77,17.82,18.615999999999985,2015-07-15,Persistence+Trend,7,2015
2015-07-09,2015,7,18.698,17.79,18.194000000000006,2015-07-16,Persistence+Trend,7,2015
2015-07-10,2015,7,18.646,17.872,18.282000000000004,2015-07-17,Persistence+Trend,7,2015
2015-07-11,2015,7,18.528,17.938,17.701999999999984,2015-07-18,Persistence+Trend,7,2015
2015-07-12,2015,7,18.4,17.964,17.503999999999998,2015-07-19,Persistence+Trend,7,2015
2015-07-13,2015,7,18.25,17.98,17.20000000000001,2015-07-20,Persistence+Trend,7,2015
2015-07-14,2015,7,18.034,17.994,16.52199999999999,2015-07-21,Persistence+Trend,7,2015
2015-07-15,2015,7,17.82,17.988,16.32200000000001,2015-07-22,Persistence+Trend,7,2015
2015-07-16,2015,7,17.79,17.912,17.57999999999999,2015-07-23,Persistence+Trend,7,2015
2015-07-17,2015,7,17.872,17.644,18.446000000000005,2015-07-24,Persistence+Trend,7,2015
2015-07-18,2015,7,17.938,17.514,18.39999999999999,2015-07-25,Persistence+Trend,7,2015
2015-07-19,2015,7,17.964,17.504,18.145999999999997,2015-07-26,Persistence+Trend,7,2015
2015-07-20,2015,7,17.98,17.614,18.092000000000013,2015-07-27,Persistence+Trend,7,2015
2015-07-21,2015,7,17.994,17.694,18.091999999999995,2015-07-28,Persistence+Trend,7,2015
2015-07-22,2015,7,17.988,17.69,17.945999999999998,2015-07-29,Persistence+Trend,7,2015
2015-07-23,2015,7,17.912,17.602,17.379999999999995,2015-07-30,Persistence+Trend,7,2015
2015-07-24,2015,7,17.644,17.518,15.767999999999994,2015-07-31,Persistence+Trend,7,2015
2015-07-25,2015,7,17.514,17.35,16.604000000000006,2015-08-01,Persistence+Trend,7,2015
2015-07-26,2015,7,17.504,16.992,17.434000000000015,2015-08-02,Persistence+Trend,7,2015
2015-07-27,2015,7,17.614,16.79,18.383999999999997,2015-08-03,Persistence+Trend,7,2015
2015-07-28,2015,7,17.694,16.66,18.253999999999987,2015-08-04,Persistence+Trend,7,2015
2015-07-29,2015,7,17.69,16.576,17.662000000000017,2015-08-05,Persistence+Trend,7,2015
2015-07-30,2015,7,17.602,16.552,16.985999999999994,2015-08-06,Persistence+Trend,7,2015
2015-07-31,2015,7,17.518,16.618,16.930000000000003,2015-08-07,Persistence+Trend,7,2015
2015-08-01,2015,8,17.35,16.874,16.174000000000007,2015-08-08,Persistence+Trend,7,2015
2015-08-02,2015,8,16.992,16.952,14.485999999999997,2015-08-09,Persistence+Trend,7,2015
2015-08-03,2015,8,16.79,16.99,15.375999999999987,2015-08-10,Persistence+Trend,7,2015
2015-08-04,2015,8,16.66,17.102,15.750000000000007,2015-08-11,Persistence+Trend,7,2015
2015-08-05,2015,8,16.576,17.162,15.988000000000003,2015-08-12,Persistence+Trend,7,2015
2015-08-06,2015,8,16.552,17.264,16.383999999999993,2015-08-13,Persistence+Trend,7,2015
2015-08-07,2015,8,16.618,17.342,17.07999999999999,2015-08-14,Persistence+Trend,7,2015
2015-08-08,2015,8,16.874,17.346,18.666,2015-08-15,Persistence+Trend,7,2015
2015-08-09,2015,8,16.952,17.43,17.498000000000022,2015-08-16,Persistence+Trend,7,2015
2015-08-10,2015,8,16.99,17.474,17.255999999999975,2015-08-17,Persistence+Trend,7,2015
2015-08-11,2015,8,17.102,17.598,17.886000000000013,2015-08-18,Persistence+Trend,7,2015
2015-08-12,2015,8,17.162,17.862,17.58199999999999,2015-08-19,Persistence+Trend,7,2015
2015-08-13,2015,8,17.264,18.216,17.978,2015-08-20,Persistence+Trend,7,2015
2015-08-14,2015,8,17.342,18.948,17.887999999999995,2015-08-21,Persistence+Trend,7,2015
2015-08-15,2015,8,17.346,19.578,17.37400000000001,2015-08-22,Persistence+Trend,7,2015
2015-08-16,2015,8,17.43,19.818,18.017999999999997,2015-08-23,Persistence+Trend,7,2015
2015-08-17,2015,8,17.474,19.94,17.782000000000004,2015-08-24,Persistence+Trend,7,2015
2015-08-18,2015,8,17.598,19.932,18.46599999999999,2015-08-25,Persistence+Trend,7,2015
2015-08-19,2015,8,17.862,19.82,19.709999999999994,2015-08-26,Persistence+Trend,7,2015
2015-08-20,2015,8,18.216,19.642,20.69400000000002,2015-08-27,Persistence+Trend,7,2015
2015-08-21,2015,8,18.948,19.514,24.071999999999996,2015-08-28,Persistence+Trend,7,2015
2015-08-22,2015,8,19.578,19.42,23.987999999999992,2015-08-29,Persistence+Trend,7,2015
2015-08-23,2015,8,19.818,19.382,21.498000000000015,2015-08-30,Persistence+Trend,7,2015
2015-08-24,2015,8,19.94,19.418,20.794,2015-08-31,Persistence+Trend,7,2015
2015-10-08,2015,10,16.838,16.058,15.536000000000001,2015-10-15,Persistence+Trend,7,2015
2015-10-09,2015,10,16.688,15.994,15.637999999999984,2015-10-16,Persistence+Trend,7,2015
2015-10-10,2015,10,16.572,15.926,15.760000000000002,2015-10-17,Persistence+Trend,7,2015
2015-10-11,2015,10,16.378,15.858,15.020000000000007,2015-10-18,Persistence+Trend,7,2015
2015-10-12,2015,10,16.288,15.726,15.658000000000001,2015-10-19,Persistence+Trend,7,2015
2015-10-13,2015,10,16.198,15.618,15.568000000000001,2015-10-20,Persistence+Trend,7,2015
2015-10-14,2015,10,16.134,15.526,15.686,2015-10-21,Persistence+Trend,7,2015
2015-10-15,2015,10,16.058,15.416,15.525999999999996,2015-10-22,Persistence+Trend,7,2015
2015-10-16,2015,10,15.994,15.342,15.546,2015-10-23,Persistence+Trend,7,2015
2015-10-17,2015,10,15.926,15.266,15.450000000000003,2015-10-24,Persistence+Trend,7,2015
2015-10-18,2015,10,15.858,15.218,15.382000000000003,2015-10-25,Persistence+Trend,7,2015
2015-10-19,2015,10,15.726,15.14,14.802000000000003,2015-10-26,Persistence+Trend,7,2015
2015-10-20,2015,10,15.618,15.076,14.861999999999997,2015-10-27,Persistence+Trend,7,2015
2015-10-21,2015,10,15.526,14.988,14.881999999999996,2015-10-28,Persistence+Trend,7,2015
2015-10-22,2015,10,15.416,14.912,14.646000000000004,2015-10-29,Persistence+Trend,7,2015
2015-10-23,2015,10,15.342,14.9,14.824000000000002,2015-10-30,Persistence+Trend,7,2015
2015-10-24,2015,10,15.266,14.884,14.733999999999996,2015-10-31,Persistence+Trend,7,2015
2015-10-25,2015,10,15.218,14.832,14.882,2015-11-01,Persistence+Trend,7,2015
2015-10-26,2015,10,15.14,14.73,14.594000000000005,2015-11-02,Persistence+Trend,7,2015
2015-10-27,2015,10,15.076,14.658,14.628,2015-11-03,Persistence+Trend,7,2015
2015-10-28,2015,10,14.988,14.614,14.371999999999993,2015-11-04,Persistence+Trend,7,2015
2015-10-29,2015,10,14.912,14.536,14.38000000000001,2015-11-05,Persistence+Trend,7,2015
2015-10-30,2015,10,14.9,14.49,14.815999999999997,2015-11-06,Persistence+Trend,7,2015
2015-10-31,2015,10,14.884,14.454,14.772,2015-11-07,Persistence+Trend,7,2015
2015-11-01,2015,11,14.832,14.448,14.468000000000004,2015-11-08,Persistence+Trend,7,2015
2015-11-02,2015,11,14.73,14.43,14.015999999999998,2015-11-09,Persistence+Trend,7,2015
2015-11-03,2015,11,14.658,14.42,14.153999999999993,2015-11-10,Persistence+Trend,7,2015
2015-11-04,2015,11,14.614,14.41,14.30600000000001,2015-11-11,Persistence+Trend,7,2015
2015-11-05,2015,11,14.536,14.4,13.989999999999991,2015-11-12,Persistence+Trend,7,2015
2015-11-06,2015,11,14.49,14.39,14.168000000000005,2015-11-13,Persistence+Trend,7,2015
2015-11-07,2015,11,14.454,14.374,14.202000000000004,2015-11-14,Persistence+Trend,7,2015
2015-11-08,2015,11,14.448,14.352,14.405999999999999,2015-11-15,Persistence+Trend,7,2015
2015-11-09,2015,11,14.43,14.304,14.303999999999995,2015-11-16,Persistence+Trend,7,2015
2015-11-10,2015,11,14.42,14.212,14.350000000000001,2015-11-17,Persistence+Trend,7,2015
2015-11-11,2015,11,14.41,14.134,14.340000000000002,2015-11-18,Persistence+Trend,7,2015
2015-11-12,2015,11,14.4,14.066,14.330000000000002,2015-11-19,Persistence+Trend,7,2015
2015-11-13,2015,11,14.39,13.986,14.320000000000002,2015-11-20,Persistence+Trend,7,2015
2015-11-14,2015,11,14.374,13.958,14.262,2015-11-21,Persistence+Trend,7,2015
2015-11-15,2015,11,14.352,13.902,14.197999999999999,2015-11-22,Persistence+Trend,7,2015
2015-11-16,2015,11,14.304,13.858,13.968,2015-11-23,Persistence+Trend,7,2015
2015-11-17,2015,11,14.212,13.824,13.567999999999996,2015-11-24,Persistence+Trend,7,2015
2015-11-18,2015,11,14.134,13.79,13.588000000000005,2015-11-25,Persistence+Trend,7,2015
2015-11-19,2015,11,14.066,13.748,13.590000000000003,2015-11-26,Persistence+Trend,7,2015
2015-11-20,2015,11,13.986,13.71,13.426,2015-11-27,Persistence+Trend,7,2015
2015-11-21,2015,11,13.958,13.674,13.761999999999997,2015-11-28,Persistence+Trend,7,2015
2015-11-22,2015,11,13.902,13.644,13.509999999999993,2015-11-29,Persistence+Trend,7,2015
2015-11-23,2015,11,13.858,13.59,13.55000000000001,2015-11-30,Persistence+Trend,7,2015
2015-11-24,2015,11,13.824,13.538,13.585999999999995,2015-12-01,Persistence+Trend,7,2015
2015-11-25,2015,11,13.79,13.518,13.551999999999994,2015-12-02,Persistence+Trend,7,2015
2015-11-26,2015,11,13.748,13.494,13.454,2015-12-03,Persistence+Trend,7,2015
2015-11-27,2015,11,13.71,13.464,13.444000000000011,2015-12-04,Persistence+Trend,7,2015
2015-11-28,2015,11,13.674,13.44,13.42199999999999,2015-12-05,Persistence+Trend,7,2015
2015-11-29,2015,11,13.644,13.406,13.434000000000005,2015-12-06,Persistence+Trend,7,2015
2015-11-30,2015,11,13.59,13.384,13.211999999999998,2015-12-07,Persistence+Trend,7,2015
2015-12-01,2015,12,13.538,13.358,13.174000000000003,2015-12-08,Persistence+Trend,7,2015
2015-12-02,2015,12,13.518,13.33,13.378000000000004,2015-12-09,Persistence+Trend,7,2015
2015-12-03,2015,12,13.494,13.3,13.325999999999993,2015-12-10,Persistence+Trend,7,2015
2015-12-04,2015,12,13.464,13.276,13.254000000000005,2015-12-11,Persistence+Trend,7,2015
2015-12-05,2015,12,13.44,13.242,13.271999999999993,2015-12-12,Persistence+Trend,7,2015
2015-12-06,2015,12,13.406,13.21,13.168000000000008,2015-12-13,Persistence+Trend,7,2015
2015-12-07,2015,12,13.384,13.184,13.229999999999999,2015-12-14,Persistence+Trend,7,2015
2015-12-08,2015,12,13.358,13.158,13.176000000000002,2015-12-15,Persistence+Trend,7,2015
2015-12-09,2015,12,13.33,13.132,13.133999999999997,2015-12-16,Persistence+Trend,7,2015
2015-12-10,2015,12,13.3,13.11,13.090000000000005,2015-12-17,Persistence+Trend,7,2015
2015-12-11,2015,12,13.276,13.084,13.107999999999993,2015-12-18,Persistence+Trend,7,2015
2015-12-12,2015,12,13.242,13.066,13.004000000000008,2015-12-19,Persistence+Trend,7,2015
2015-12-13,2015,12,13.21,13.042,12.986,2015-12-20,Persistence+Trend,7,2015
2015-12-14,2015,12,13.184,13.03,13.001999999999988,2015-12-21,Persistence+Trend,7,2015
2015-12-15,2015,12,13.158,13.028,12.976,2015-12-22,Persistence+Trend,7,2015
2015-12-16,2015,12,13.132,12.998,12.950000000000001,2015-12-23,Persistence+Trend,7,2015
2015-12-17,2015,12,13.11,12.968,12.955999999999998,2015-12-24,Persistence+Trend,7,2015
2015-12-18,2015,12,13.084,12.944,12.902000000000001,2015-12-25,Persistence+Trend,7,2015
2015-12-19,2015,12,13.066,12.918,12.940000000000008,2015-12-26,Persistence+Trend,7,2015
2015-12-20,2015,12,13.042,12.88,12.873999999999993,2015-12-27,Persistence+Trend,7,2015
2015-12-21,2015,12,13.03,12.842,12.945999999999996,2015-12-28,Persistence+Trend,7,2015
2015-12-22,2015,12,13.028,12.826,13.014000000000008,2015-12-29,Persistence+Trend,7,2015
2015-12-23,2015,12,12.998,12.782,12.787999999999991,2015-12-30,Persistence+Trend,7,2015
2015-12-24,2015,12,12.968,12.75,12.758000000000004,2015-12-31,Persistence+Trend,7,2015
2015-12-25,2015,12,12.944,12.72,12.776000000000007,2016-01-01,Persistence+Trend,7,2015
2015-12-26,2015,12,12.918,12.69,12.735999999999988,2016-01-02,Persistence+Trend,7,2015
2015-12-27,2015,12,12.88,12.68,12.614000000000011,2016-01-03,Persistence+Trend,7,2015
2015-12-28,2015,12,12.842,12.662,12.575999999999999,2016-01-04,Persistence+Trend,7,2015
2015-12-29,2015,12,12.826,12.63,12.714,2016-01-05,Persistence+Trend,7,2015
2015-12-30,2015,12,12.782,12.606,12.473999999999997,2016-01-06,Persistence+Trend,7,2015
2015-12-31,2015,12,12.75,12.584,12.526,2016-01-07,Persistence+Trend,7,2015
2016-01-01,2016,1,12.72,12.566,12.510000000000005,2016-01-08,Persistence+Trend,7,2016
2016-01-02,2016,1,12.69,12.548,12.479999999999992,2016-01-09,Persistence+Trend,7,2016
2016-01-03,2016,1,12.68,12.526,12.610000000000001,2016-01-10,Persistence+Trend,7,2016
2016-01-04,2016,1,12.662,12.504,12.536000000000008,2016-01-11,Persistence+Trend,7,2016
2016-01-05,2016,1,12.63,12.482,12.406,2016-01-12,Persistence+Trend,7,2016
2016-01-06,2016,1,12.606,12.47,12.437999999999994,2016-01-13,Persistence+Trend,7,2016
2016-01-07,2016,1,12.584,12.46,12.429999999999998,2016-01-14,Persistence+Trend,7,2016
2016-01-08,2016,1,12.566,12.448,12.440000000000008,2016-01-15,Persistence+Trend,7,2016
2016-01-09,2016,1,12.548,12.428,12.421999999999995,2016-01-16,Persistence+Trend,7,2016
2016-01-10,2016,1,12.526,12.42,12.371999999999998,2016-01-17,Persistence+Trend,7,2016
2016-01-11,2016,1,12.504,12.42,12.349999999999998,2016-01-18,Persistence+Trend,7,2016
2016-01-12,2016,1,12.482,12.41,12.327999999999998,2016-01-19,Persistence+Trend,7,2016
2016-01-13,2016,1,12.47,12.392,12.38600000000001,2016-01-20,Persistence+Trend,7,2016
2016-01-14,2016,1,12.46,12.386,12.390000000000002,2016-01-21,Persistence+Trend,7,2016
2016-01-15,2016,1,12.448,12.37,12.363999999999997,2016-01-22,Persistence+Trend,7,2016
2016-01-16,2016,1,12.428,12.36,12.288000000000004,2016-01-23,Persistence+Trend,7,2016
2016-01-17,2016,1,12.42,12.346,12.363999999999994,2016-01-24,Persistence+Trend,7,2016
2016-01-18,2016,1,12.42,12.32,12.42,2016-01-25,Persistence+Trend,7,2016
2016-01-19,2016,1,12.41,12.296,12.340000000000002,2016-01-26,Persistence+Trend,7,2016
2016-01-20,2016,1,12.392,12.274,12.265999999999995,2016-01-27,Persistence+Trend,7,2016
2016-01-21,2016,1,12.386,12.25,12.343999999999998,2016-01-28,Persistence+Trend,7,2016
2016-01-22,2016,1,12.37,12.23,12.258,2016-01-29,Persistence+Trend,7,2016
2016-01-23,2016,1,12.36,12.22,12.290000000000001,2016-01-30,Persistence+Trend,7,2016
2016-01-24,2016,1,12.346,12.204,12.248000000000005,2016-01-31,Persistence+Trend,7,2016
2016-01-25,2016,1,12.32,12.19,12.138000000000002,2016-02-01,Persistence+Trend,7,2016
2016-01-26,2016,1,12.296,12.178,12.127999999999993,2016-02-02,Persistence+Trend,7,2016
2016-01-27,2016,1,12.274,12.158,12.119999999999997,2016-02-03,Persistence+Trend,7,2016
2016-01-28,2016,1,12.25,12.142,12.082000000000006,2016-02-04,Persistence+Trend,7,2016
2016-01-29,2016,1,12.23,12.124,12.090000000000003,2016-02-05,Persistence+Trend,7,2016
2016-01-30,2016,1,12.22,12.106,12.150000000000002,2016-02-06,Persistence+Trend,7,2016
2016-01-31,2016,1,12.204,12.09,12.092,2016-02-07,Persistence+Trend,7,2016
2016-02-01,2016,2,12.19,12.076,12.091999999999992,2016-02-08,Persistence+Trend,7,2016
2016-02-02,2016,2,12.178,12.06,12.09400000000001,2016-02-09,Persistence+Trend,7,2016
2016-02-03,2016,2,12.158,12.05,12.01799999999999,2016-02-10,Persistence+Trend,7,2016
2016-02-04,2016,2,12.142,12.04,12.03,2016-02-11,Persistence+Trend,7,2016
2016-02-05,2016,2,12.124,12.03,11.998000000000008,2016-02-12,Persistence+Trend,7,2016
2016-02-06,2016,2,12.106,12.02,11.979999999999995,2016-02-13,Persistence+Trend,7,2016
2016-02-07,2016,2,12.09,12.01,11.978,2016-02-14,Persistence+Trend,7,2016
2016-02-08,2016,2,12.076,12.01,11.978000000000005,2016-02-15,Persistence+Trend,7,2016
2016-02-09,2016,2,12.06,12.014,11.948,2016-02-16,Persistence+Trend,7,2016
2016-02-10,2016,2,12.05,12.026,11.980000000000002,2016-02-17,Persistence+Trend,7,2016
2016-02-11,2016,2,12.04,12.04,11.969999999999988,2016-02-18,Persistence+Trend,7,2016
2016-02-12,2016,2,12.03,12.054,11.96,2016-02-19,Persistence+Trend,7,2016
2016-02-13,2016,2,12.02,12.074,11.950000000000001,2016-02-20,Persistence+Trend,7,2016
2016-02-14,2016,2,12.01,12.08,11.940000000000001,2016-02-21,Persistence+Trend,7,2016
2016-02-15,2016,2,12.01,12.054,12.01,2016-02-22,Persistence+Trend,7,2016
2016-02-16,2016,2,12.014,12.032,12.041999999999996,2016-02-23,Persistence+Trend,7,2016
2016-02-17,2016,2,12.026,12.016,12.110000000000003,2016-02-24,Persistence+Trend,7,2016
2016-02-18,2016,2,12.04,12.0,12.137999999999995,2016-02-25,Persistence+Trend,7,2016
2016-02-19,2016,2,12.054,11.99,12.152000000000008,2016-02-26,Persistence+Trend,7,2016
2016-02-20,2016,2,12.074,11.99,12.213999999999997,2016-02-27,Persistence+Trend,7,2016
2016-02-21,2016,2,12.08,11.994,12.122000000000002,2016-02-28,Persistence+Trend,7,2016
2016-02-22,2016,2,12.054,12.034,11.872000000000002,2016-02-29,Persistence+Trend,7,2016
2016-02-23,2016,2,12.032,12.148,11.877999999999998,2016-03-01,Persistence+Trend,7,2016
2016-02-24,2016,2,12.016,12.56,11.904,2016-03-02,Persistence+Trend,7,2016
2016-02-25,2016,2,12.0,12.63,11.888,2016-03-03,Persistence+Trend,7,2016
2016-02-26,2016,2,11.99,12.586,11.920000000000002,2016-03-04,Persistence+Trend,7,2016
2016-02-27,2016,2,11.99,12.51,11.99,2016-03-05,Persistence+Trend,7,2016
2016-02-28,2016,2,11.994,12.412,12.021999999999997,2016-03-06,Persistence+Trend,7,2016
2016-02-29,2016,2,12.034,12.344,12.314000000000007,2016-03-07,Persistence+Trend,7,2016
2016-03-01,2016,3,12.148,12.282,12.945999999999993,2016-03-08,Persistence+Trend,7,2016
2016-03-02,2016,3,12.56,12.23,15.444000000000006,2016-03-09,Persistence+Trend,7,2016
2016-03-03,2016,3,12.63,12.204,13.120000000000003,2016-03-10,Persistence+Trend,7,2016
2016-03-04,2016,3,12.586,12.182,12.277999999999997,2016-03-11,Persistence+Trend,7,2016
2016-03-05,2016,3,12.51,12.16,11.977999999999996,2016-03-12,Persistence+Trend,7,2016
2016-03-06,2016,3,12.412,12.15,11.726000000000008,2016-03-13,Persistence+Trend,7,2016
2016-03-07,2016,3,12.344,12.15,11.86799999999999,2016-03-14,Persistence+Trend,7,2016
2016-03-08,2016,3,12.282,12.15,11.848000000000004,2016-03-15,Persistence+Trend,7,2016
2016-03-09,2016,3,12.23,12.2,11.866000000000003,2016-03-16,Persistence+Trend,7,2016
2016-03-10,2016,3,12.204,12.298,12.022000000000002,2016-03-17,Persistence+Trend,7,2016
2016-03-11,2016,3,12.182,12.452,12.027999999999999,2016-03-18,Persistence+Trend,7,2016
2016-03-12,2016,3,12.16,12.574,12.005999999999998,2016-03-19,Persistence+Trend,7,2016
2016-03-13,2016,3,12.15,12.606,12.080000000000002,2016-03-20,Persistence+Trend,7,2016
2016-03-14,2016,3,12.15,12.594,12.15,2016-03-21,Persistence+Trend,7,2016
2016-03-15,2016,3,12.15,12.592,12.15,2016-03-22,Persistence+Trend,7,2016
2016-03-16,2016,3,12.2,12.646,12.549999999999992,2016-03-23,Persistence+Trend,7,2016
2016-03-17,2016,3,12.298,12.782,12.984000000000005,2016-03-24,Persistence+Trend,7,2016
2016-03-18,2016,3,12.452,12.862,13.53,2016-03-25,Persistence+Trend,7,2016
2016-03-19,2016,3,12.574,12.864,13.427999999999999,2016-03-26,Persistence+Trend,7,2016
2016-03-20,2016,3,12.606,12.804,12.83,2016-03-27,Persistence+Trend,7,2016
2016-03-21,2016,3,12.594,12.764,12.509999999999996,2016-03-28,Persistence+Trend,7,2016
2016-03-22,2016,3,12.592,12.766,12.578000000000008,2016-03-29,Persistence+Trend,7,2016
2016-03-23,2016,3,12.646,12.808,13.024000000000003,2016-03-30,Persistence+Trend,7,2016
2016-03-24,2016,3,12.782,12.866,13.733999999999995,2016-03-31,Persistence+Trend,7,2016
2016-03-25,2016,3,12.862,12.944,13.422,2016-04-01,Persistence+Trend,7,2016
2016-03-26,2016,3,12.864,12.926,12.878000000000005,2016-04-02,Persistence+Trend,7,2016
2016-03-27,2016,3,12.804,12.852,12.383999999999997,2016-04-03,Persistence+Trend,7,2016
2016-03-28,2016,3,12.764,12.82,12.483999999999993,2016-04-04,Persistence+Trend,7,2016
2016-03-29,2016,3,12.766,12.822,12.780000000000005,2016-04-05,Persistence+Trend,7,2016
2016-03-30,2016,3,12.808,12.906,13.101999999999999,2016-04-06,Persistence+Trend,7,2016
2016-03-31,2016,3,12.866,13.04,13.271999999999998,2016-04-07,Persistence+Trend,7,2016
2016-04-01,2016,4,12.944,13.15,13.490000000000009,2016-04-08,Persistence+Trend,7,2016
2016-04-02,2016,4,12.926,13.178,12.799999999999995,2016-04-09,Persistence+Trend,7,2016
2016-04-03,2016,4,12.852,13.142,12.334000000000001,2016-04-10,Persistence+Trend,7,2016
2016-04-04,2016,4,12.82,13.142,12.596,2016-04-11,Persistence+Trend,7,2016
2016-04-05,2016,4,12.822,13.208,12.835999999999991,2016-04-12,Persistence+Trend,7,2016
2016-04-06,2016,4,12.906,13.42,13.49400000000001,2016-04-13,Persistence+Trend,7,2016
2016-04-07,2016,4,13.04,14.184,13.977999999999989,2016-04-14,Persistence+Trend,7,2016
2016-04-08,2016,4,13.15,14.704,13.920000000000009,2016-04-15,Persistence+Trend,7,2016
2016-04-09,2016,4,13.178,14.816,13.374000000000004,2016-04-16,Persistence+Trend,7,2016
2016-04-10,2016,4,13.142,14.734,12.88999999999999,2016-04-17,Persistence+Trend,7,2016
2016-04-11,2016,4,13.142,14.774,13.142,2016-04-18,Persistence+Trend,7,2016
2016-04-12,2016,4,13.208,15.016,13.670000000000005,2016-04-19,Persistence+Trend,7,2016
2016-04-13,2016,4,13.42,15.192,14.903999999999998,2016-04-20,Persistence+Trend,7,2016
2016-04-14,2016,4,14.184,15.23,19.531999999999996,2016-04-21,Persistence+Trend,7,2016
2016-04-15,2016,4,14.704,15.186,18.34400000000001,2016-04-22,Persistence+Trend,7,2016
2016-04-16,2016,4,14.816,15.128,15.600000000000001,2016-04-23,Persistence+Trend,7,2016
2016-04-17,2016,4,14.734,15.114,14.159999999999995,2016-04-24,Persistence+Trend,7,2016
2016-04-18,2016,4,14.774,15.264,15.053999999999993,2016-04-25,Persistence+Trend,7,2016
2016-04-19,2016,4,15.016,15.55,16.710000000000008,2016-04-26,Persistence+Trend,7,2016
2016-04-20,2016,4,15.192,15.79,16.424,2016-04-27,Persistence+Trend,7,2016
2016-04-21,2016,4,15.23,15.996,15.496000000000002,2016-04-28,Persistence+Trend,7,2016
2016-04-22,2016,4,15.186,16.216,14.877999999999997,2016-04-29,Persistence+Trend,7,2016
2016-04-23,2016,4,15.128,16.444,14.722000000000001,2016-04-30,Persistence+Trend,7,2016
2016-04-24,2016,4,15.114,16.428,15.016000000000005,2016-05-01,Persistence+Trend,7,2016
2016-04-25,2016,4,15.264,16.192,16.31399999999999,2016-05-02,Persistence+Trend,7,2016
2016-04-26,2016,4,15.55,16.034,17.55200000000001,2016-05-03,Persistence+Trend,7,2016
2016-04-27,2016,4,15.79,15.926,17.469999999999988,2016-05-04,Persistence+Trend,7,2016
2016-04-28,2016,4,15.996,16.1,17.43800000000001,2016-05-05,Persistence+Trend,7,2016
2016-04-29,2016,4,16.216,16.168,17.756000000000007,2016-05-06,Persistence+Trend,7,2016
2016-04-30,2016,4,16.444,16.124,18.039999999999985,2016-05-07,Persistence+Trend,7,2016
2016-05-01,2016,5,16.428,15.972,16.316000000000013,2016-05-08,Persistence+Trend,7,2016
2016-05-02,2016,5,16.192,15.786,14.539999999999996,2016-05-09,Persistence+Trend,7,2016
2016-05-03,2016,5,16.034,15.612,14.92799999999999,2016-05-10,Persistence+Trend,7,2016
2016-05-04,2016,5,15.926,15.442,15.170000000000009,2016-05-11,Persistence+Trend,7,2016
2016-05-05,2016,5,16.1,15.29,17.318000000000012,2016-05-12,Persistence+Trend,7,2016
2016-05-06,2016,5,16.168,15.238,16.643999999999984,2016-05-13,Persistence+Trend,7,2016
2016-05-07,2016,5,16.124,15.2,15.815999999999995,2016-05-14,Persistence+Trend,7,2016
2016-05-08,2016,5,15.972,15.176,14.908000000000005,2016-05-15,Persistence+Trend,7,2016
2016-05-09,2016,5,15.786,15.122,14.484,2016-05-16,Persistence+Trend,7,2016
2016-05-10,2016,5,15.612,15.138,14.394000000000004,2016-05-17,Persistence+Trend,7,2016
2016-05-11,2016,5,15.442,15.448,14.252,2016-05-18,Persistence+Trend,7,2016
2016-05-12,2016,5,15.29,15.846,14.225999999999992,2016-05-19,Persistence+Trend,7,2016
2016-05-13,2016,5,15.238,16.218,14.874000000000002,2016-05-20,Persistence+Trend,7,2016
2016-05-14,2016,5,15.2,16.294,14.933999999999997,2016-05-21,Persistence+Trend,7,2016
2016-05-15,2016,5,15.176,16.772,15.008000000000006,2016-05-22,Persistence+Trend,7,2016
2016-05-16,2016,5,15.122,17.27,14.743999999999998,2016-05-23,Persistence+Trend,7,2016
2016-05-17,2016,5,15.138,17.364,15.25,2016-05-24,Persistence+Trend,7,2016
2016-05-18,2016,5,15.448,17.14,17.618000000000002,2016-05-25,Persistence+Trend,7,2016
2016-05-19,2016,5,15.846,16.908,18.631999999999998,2016-05-26,Persistence+Trend,7,2016
2016-05-20,2016,5,16.218,16.748,18.822,2016-05-27,Persistence+Trend,7,2016
2016-05-21,2016,5,16.294,16.722,16.826000000000004,2016-05-28,Persistence+Trend,7,2016
2016-05-22,2016,5,16.772,16.72,20.117999999999984,2016-05-29,Persistence+Trend,7,2016
2016-05-23,2016,5,17.27,16.67,20.756000000000007,2016-05-30,Persistence+Trend,7,2016
2016-05-24,2016,5,17.364,16.542,18.02200000000001,2016-05-31,Persistence+Trend,7,2016
2016-05-25,2016,5,17.14,16.564,15.572,2016-06-01,Persistence+Trend,7,2016
2016-05-26,2016,5,16.908,16.7,15.284000000000006,2016-06-02,Persistence+Trend,7,2016
2016-05-27,2016,5,16.748,16.686,15.628,2016-06-03,Persistence+Trend,7,2016
2016-05-28,2016,5,16.722,16.504,16.540000000000003,2016-06-04,Persistence+Trend,7,2016
2016-05-29,2016,5,16.72,16.324,16.70599999999998,2016-06-05,Persistence+Trend,7,2016
2016-05-30,2016,5,16.67,16.216,16.32000000000002,2016-06-06,Persistence+Trend,7,2016
2016-05-31,2016,5,16.542,16.2,15.646,2016-06-07,Persistence+Trend,7,2016
2016-06-01,2016,6,16.564,16.188,16.71799999999999,2016-06-08,Persistence+Trend,7,2016
2016-06-02,2016,6,16.7,16.116,17.651999999999994,2016-06-09,Persistence+Trend,7,2016
2016-06-03,2016,6,16.686,16.072,16.588000000000005,2016-06-10,Persistence+Trend,7,2016
2016-06-04,2016,6,16.504,16.088,15.230000000000011,2016-06-11,Persistence+Trend,7,2016
2016-06-05,2016,6,16.324,16.04,15.064000000000004,2016-06-12,Persistence+Trend,7,2016
2016-06-06,2016,6,16.216,16.076,15.459999999999997,2016-06-13,Persistence+Trend,7,2016
2016-06-07,2016,6,16.2,16.138,16.087999999999987,2016-06-14,Persistence+Trend,7,2016
2016-06-08,2016,6,16.188,16.532,16.103999999999996,2016-06-15,Persistence+Trend,7,2016
2016-06-09,2016,6,16.116,17.31,15.612000000000005,2016-06-16,Persistence+Trend,7,2016
2016-06-10,2016,6,16.072,17.478,15.763999999999996,2016-06-17,Persistence+Trend,7,2016
2016-06-11,2016,6,16.088,17.466,16.200000000000014,2016-06-18,Persistence+Trend,7,2016
2016-06-12,2016,6,16.04,17.45,15.703999999999986,2016-06-19,Persistence+Trend,7,2016
2016-06-13,2016,6,16.076,17.544,16.32800000000001,2016-06-20,Persistence+Trend,7,2016
2016-06-14,2016,6,16.138,17.77,16.57200000000001,2016-06-21,Persistence+Trend,7,2016
2016-06-15,2016,6,16.532,18.074,19.28999999999999,2016-06-22,Persistence+Trend,7,2016
2016-06-16,2016,6,17.31,18.422,22.75599999999999,2016-06-23,Persistence+Trend,7,2016
2016-06-17,2016,6,17.478,18.676,18.65400000000002,2016-06-24,Persistence+Trend,7,2016
2016-06-18,2016,6,17.466,18.966,17.381999999999998,2016-06-25,Persistence+Trend,7,2016
2016-06-19,2016,6,17.45,19.296,17.337999999999987,2016-06-26,Persistence+Trend,7,2016
2016-06-20,2016,6,17.544,19.33,18.20200000000001,2016-06-27,Persistence+Trend,7,2016
2016-06-21,2016,6,17.77,19.136,19.351999999999993,2016-06-28,Persistence+Trend,7,2016
2016-06-22,2016,6,18.074,18.906,20.202000000000016,2016-06-29,Persistence+Trend,7,2016
2016-06-23,2016,6,18.422,18.676,20.857999999999993,2016-06-30,Persistence+Trend,7,2016
2016-06-24,2016,6,18.676,18.542,20.453999999999983,2016-07-01,Persistence+Trend,7,2016
2016-06-25,2016,6,18.966,18.478,20.99600000000002,2016-07-02,Persistence+Trend,7,2016
2016-06-26,2016,6,19.296,18.63,21.605999999999987,2016-07-03,Persistence+Trend,7,2016
2016-06-27,2016,6,19.33,18.756,19.56799999999999,2016-07-04,Persistence+Trend,7,2016
2016-06-28,2016,6,19.136,18.866,17.778000000000006,2016-07-05,Persistence+Trend,7,2016
2016-06-29,2016,6,18.906,19.154,17.295999999999996,2016-07-06,Persistence+Trend,7,2016
2016-06-30,2016,6,18.676,19.34,17.065999999999995,2016-07-07,Persistence+Trend,7,2016
2016-07-01,2016,7,18.542,19.522,17.604000000000024,2016-07-08,Persistence+Trend,7,2016
2016-07-02,2016,7,18.478,19.522,18.03,2016-07-09,Persistence+Trend,7,2016
2016-07-03,2016,7,18.63,19.454,19.69399999999998,2016-07-10,Persistence+Trend,7,2016
2016-07-04,2016,7,18.756,19.35,19.63800000000001,2016-07-11,Persistence+Trend,7,2016
2016-07-05,2016,7,18.866,19.256,19.635999999999996,2016-07-12,Persistence+Trend,7,2016
2016-07-06,2016,7,19.154,19.18,21.17,2016-07-13,Persistence+Trend,7,2016
2016-07-07,2016,7,19.34,19.12,20.642,2016-07-14,Persistence+Trend,7,2016
2016-07-08,2016,7,19.522,19.058,20.79599999999999,2016-07-15,Persistence+Trend,7,2016
2016-07-09,2016,7,19.522,18.988,19.522,2016-07-16,Persistence+Trend,7,2016
2016-07-10,2016,7,19.454,19.0,18.978000000000016,2016-07-17,Persistence+Trend,7,2016
2016-07-11,2016,7,19.35,19.076,18.622000000000007,2016-07-18,Persistence+Trend,7,2016
2016-07-12,2016,7,19.256,19.386,18.597999999999992,2016-07-19,Persistence+Trend,7,2016
2016-07-13,2016,7,19.18,19.448,18.647999999999996,2016-07-20,Persistence+Trend,7,2016
2016-07-14,2016,7,19.12,19.486,18.70000000000001,2016-07-21,Persistence+Trend,7,2016
2016-07-15,2016,7,19.058,19.626,18.62399999999999,2016-07-22,Persistence+Trend,7,2016
2016-07-16,2016,7,18.988,19.728,18.497999999999998,2016-07-23,Persistence+Trend,7,2016
2016-07-17,2016,7,19.0,19.908,19.084000000000003,2016-07-24,Persistence+Trend,7,2016
2016-07-18,2016,7,19.076,20.15,19.608000000000004,2016-07-25,Persistence+Trend,7,2016
2016-07-19,2016,7,19.386,20.334,21.55599999999999,2016-07-26,Persistence+Trend,7,2016
2016-07-20,2016,7,19.448,20.506,19.88200000000001,2016-07-27,Persistence+Trend,7,2016
2016-07-21,2016,7,19.486,20.654,19.752000000000002,2016-07-28,Persistence+Trend,7,2016
2016-07-22,2016,7,19.626,20.71,20.606000000000005,2016-07-29,Persistence+Trend,7,2016
2016-07-23,2016,7,19.728,20.648,20.442000000000004,2016-07-30,Persistence+Trend,7,2016
2016-07-24,2016,7,19.908,20.534,21.168,2016-07-31,Persistence+Trend,7,2016
2016-07-25,2016,7,20.15,20.322,21.84399999999998,2016-08-01,Persistence+Trend,7,2016
2016-07-26,2016,7,20.334,20.092,21.622000000000007,2016-08-02,Persistence+Trend,7,2016
2016-07-27,2016,7,20.506,19.742,21.710000000000004,2016-08-03,Persistence+Trend,7,2016
2016-07-28,2016,7,20.654,19.51,21.689999999999998,2016-08-04,Persistence+Trend,7,2016
2016-07-29,2016,7,20.71,19.332,21.102000000000007,2016-08-05,Persistence+Trend,7,2016
2016-07-30,2016,7,20.648,19.148,20.21399999999999,2016-08-06,Persistence+Trend,7,2016
2016-07-31,2016,7,20.534,18.956,19.735999999999994,2016-08-07,Persistence+Trend,7,2016
2016-08-01,2016,8,20.322,18.796,18.838,2016-08-08,Persistence+Trend,7,2016
2016-08-02,2016,8,20.092,18.62,18.481999999999996,2016-08-09,Persistence+Trend,7,2016
2016-08-03,2016,8,19.742,18.492,17.292000000000016,2016-08-10,Persistence+Trend,7,2016
2016-08-04,2016,8,19.51,18.35,17.886000000000006,2016-08-11,Persistence+Trend,7,2016
2016-08-05,2016,8,19.332,18.316,18.085999999999995,2016-08-12,Persistence+Trend,7,2016
2016-08-06,2016,8,19.148,18.22,17.859999999999992,2016-08-13,Persistence+Trend,7,2016
2016-08-07,2016,8,18.956,18.166,17.612,2016-08-14,Persistence+Trend,7,2016
2016-08-08,2016,8,18.796,18.1,17.676,2016-08-15,Persistence+Trend,7,2016
2016-08-09,2016,8,18.62,18.0,17.388000000000012,2016-08-16,Persistence+Trend,7,2016
2016-08-10,2016,8,18.492,17.936,17.596,2016-08-17,Persistence+Trend,7,2016
2016-08-11,2016,8,18.35,17.872,17.356000000000005,2016-08-18,Persistence+Trend,7,2016
2016-08-12,2016,8,18.316,17.87,18.07799999999998,2016-08-19,Persistence+Trend,7,2016
2016-08-13,2016,8,18.22,17.82,17.548,2016-08-20,Persistence+Trend,7,2016
2016-08-14,2016,8,18.166,17.69,17.78800000000001,2016-08-21,Persistence+Trend,7,2016
2016-08-15,2016,8,18.1,17.576,17.63800000000001,2016-08-22,Persistence+Trend,7,2016
2016-08-16,2016,8,18.0,17.472,17.29999999999999,2016-08-23,Persistence+Trend,7,2016
2016-08-17,2016,8,17.936,17.38,17.488,2016-08-24,Persistence+Trend,7,2016
2016-08-18,2016,8,17.872,17.298,17.424,2016-08-25,Persistence+Trend,7,2016
2016-08-19,2016,8,17.87,17.2,17.85600000000001,2016-08-26,Persistence+Trend,7,2016
2016-08-20,2016,8,17.82,17.09,17.469999999999995,2016-08-27,Persistence+Trend,7,2016
2016-08-21,2016,8,17.69,17.03,16.78000000000001,2016-08-28,Persistence+Trend,7,2016
2016-08-22,2016,8,17.576,16.97,16.777999999999995,2016-08-29,Persistence+Trend,7,2016
2016-08-23,2016,8,17.472,16.866,16.744000000000007,2016-08-30,Persistence+Trend,7,2016
2016-08-24,2016,8,17.38,16.828,16.735999999999983,2016-08-31,Persistence+Trend,7,2016
2016-08-25,2016,8,17.298,16.84,16.723999999999993,2016-09-01,Persistence+Trend,7,2016
2016-08-26,2016,8,17.2,16.844,16.514000000000006,2016-09-02,Persistence+Trend,7,2016
2016-08-27,2016,8,17.09,17.098,16.320000000000004,2016-09-03,Persistence+Trend,7,2016
2016-08-28,2016,8,17.03,17.356,16.61000000000001,2016-09-04,Persistence+Trend,7,2016
2016-08-29,2016,8,16.97,17.668,16.549999999999983,2016-09-05,Persistence+Trend,7,2016
2016-08-30,2016,8,16.866,17.73,16.138000000000005,2016-09-06,Persistence+Trend,7,2016
2016-08-31,2016,8,16.828,17.926,16.561999999999998,2016-09-07,Persistence+Trend,7,2016
2016-09-01,2016,9,16.84,18.186,16.924000000000003,2016-09-08,Persistence+Trend,7,2016
2016-09-02,2016,9,16.844,18.31,16.87200000000001,2016-09-09,Persistence+Trend,7,2016
2016-09-03,2016,9,17.098,18.368,18.875999999999983,2016-09-10,Persistence+Trend,7,2016
2016-09-04,2016,9,17.356,18.504,19.16200000000002,2016-09-11,Persistence+Trend,7,2016
2016-09-05,2016,9,17.668,18.554,19.851999999999983,2016-09-12,Persistence+Trend,7,2016
2016-09-06,2016,9,17.73,18.682,18.16400000000001,2016-09-13,Persistence+Trend,7,2016
2016-09-07,2016,9,17.926,18.84,19.297999999999984,2016-09-14,Persistence+Trend,7,2016
2016-09-08,2016,9,18.186,18.836,20.00600000000001,2016-09-15,Persistence+Trend,7,2016
2016-09-09,2016,9,18.31,18.63,19.17799999999999,2016-09-16,Persistence+Trend,7,2016
2016-09-10,2016,9,18.368,18.436,18.773999999999997,2016-09-17,Persistence+Trend,7,2016
2016-09-11,2016,9,18.504,18.226,19.45600000000002,2016-09-18,Persistence+Trend,7,2016
2016-09-12,2016,9,18.554,18.11,18.90399999999998,2016-09-19,Persistence+Trend,7,2016
2016-09-13,2016,9,18.682,17.95,19.578,2016-09-20,Persistence+Trend,7,2016
2016-09-14,2016,9,18.84,17.754,19.94600000000001,2016-09-21,Persistence+Trend,7,2016
2016-09-15,2016,9,18.836,17.796,18.80799999999999,2016-09-22,Persistence+Trend,7,2016
2016-09-16,2016,9,18.63,18.002,17.188000000000002,2016-09-23,Persistence+Trend,7,2016
2016-09-17,2016,9,18.436,18.078,17.078000000000007,2016-09-24,Persistence+Trend,7,2016
2016-09-18,2016,9,18.226,18.084,16.755999999999993,2016-09-25,Persistence+Trend,7,2016
2016-09-19,2016,9,18.11,18.27,17.298000000000002,2016-09-26,Persistence+Trend,7,2016
2016-09-20,2016,9,17.95,18.442,16.83,2016-09-27,Persistence+Trend,7,2016
2016-09-21,2016,9,17.754,18.49,16.382000000000016,2016-09-28,Persistence+Trend,7,2016
2016-09-22,2016,9,17.796,18.524,18.089999999999986,2016-09-29,Persistence+Trend,7,2016
2016-09-23,2016,9,18.002,18.696,19.443999999999996,2016-09-30,Persistence+Trend,7,2016
2016-09-24,2016,9,18.078,18.812,18.610000000000003,2016-10-01,Persistence+Trend,7,2016
2016-09-25,2016,9,18.084,18.796,18.126,2016-10-02,Persistence+Trend,7,2016
2016-09-26,2016,9,18.27,18.672,19.572,2016-10-03,Persistence+Trend,7,2016
2016-09-27,2016,9,18.442,18.43,19.646000000000004,2016-10-04,Persistence+Trend,7,2016
2016-09-28,2016,9,18.49,18.2,18.825999999999986,2016-10-05,Persistence+Trend,7,2016
2016-09-29,2016,9,18.524,18.006,18.762000000000018,2016-10-06,Persistence+Trend,7,2016
2016-09-30,2016,9,18.696,17.712,19.900000000000006,2016-10-07,Persistence+Trend,7,2016
2016-10-01,2016,10,18.812,17.48,19.624,2016-10-08,Persistence+Trend,7,2016
2016-10-02,2016,10,18.796,17.312,18.683999999999987,2016-10-09,Persistence+Trend,7,2016
2016-10-03,2016,10,18.672,17.246,17.80400000000001,2016-10-10,Persistence+Trend,7,2016
2016-10-04,2016,10,18.43,17.18,16.735999999999994,2016-10-11,Persistence+Trend,7,2016
2016-10-05,2016,10,18.2,17.136,16.589999999999996,2016-10-12,Persistence+Trend,7,2016
2016-10-06,2016,10,18.006,17.366,16.648000000000007,2016-10-13,Persistence+Trend,7,2016
2016-10-07,2016,10,17.712,17.964,15.653999999999996,2016-10-14,Persistence+Trend,7,2016
2016-10-08,2016,10,17.48,18.236,15.856000000000005,2016-10-15,Persistence+Trend,7,2016
2016-10-09,2016,10,17.312,18.48,16.136000000000006,2016-10-16,Persistence+Trend,7,2016
2016-10-10,2016,10,17.246,18.54,16.78399999999998,2016-10-17,Persistence+Trend,7,2016
2016-10-11,2016,10,17.18,18.54,16.718000000000007,2016-10-18,Persistence+Trend,7,2016
2016-10-12,2016,10,17.136,18.444,16.827999999999996,2016-10-19,Persistence+Trend,7,2016
2016-10-13,2016,10,17.366,18.192,18.976000000000003,2016-10-20,Persistence+Trend,7,2016
2016-10-14,2016,10,17.964,17.956,22.14999999999999,2016-10-21,Persistence+Trend,7,2016
2016-10-15,2016,10,18.236,17.57,20.140000000000015,2016-10-22,Persistence+Trend,7,2016
2016-10-16,2016,10,18.48,17.264,20.188,2016-10-23,Persistence+Trend,7,2016
2016-10-17,2016,10,18.54,16.99,18.95999999999999,2016-10-24,Persistence+Trend,7,2016
2016-10-18,2016,10,18.54,16.728,18.54,2016-10-25,Persistence+Trend,7,2016
2016-10-19,2016,10,18.444,16.54,17.772,2016-10-26,Persistence+Trend,7,2016
2016-10-20,2016,10,18.192,16.372,16.428000000000008,2016-10-27,Persistence+Trend,7,2016
2016-10-21,2016,10,17.956,16.204,16.303999999999995,2016-10-28,Persistence+Trend,7,2016
2016-10-22,2016,10,17.57,16.05,14.868000000000006,2016-10-29,Persistence+Trend,7,2016
2016-10-23,2016,10,17.264,15.93,15.121999999999993,2016-10-30,Persistence+Trend,7,2016
2016-10-24,2016,10,16.99,15.834,15.071999999999992,2016-10-31,Persistence+Trend,7,2016
2016-10-25,2016,10,16.728,15.736,14.894000000000023,2016-11-01,Persistence+Trend,7,2016
2016-10-26,2016,10,16.54,15.632,15.223999999999982,2016-11-02,Persistence+Trend,7,2016
2016-10-27,2016,10,16.372,15.542,15.196000000000005,2016-11-03,Persistence+Trend,7,2016
2016-10-28,2016,10,16.204,15.442,15.028000000000006,2016-11-04,Persistence+Trend,7,2016
2016-10-29,2016,10,16.05,15.358,14.972000000000001,2016-11-05,Persistence+Trend,7,2016
2016-10-30,2016,10,15.93,15.266,15.089999999999993,2016-11-06,Persistence+Trend,7,2016
2016-10-31,2016,10,15.834,15.182,15.161999999999999,2016-11-07,Persistence+Trend,7,2016
2016-11-01,2016,11,15.736,15.108,15.050000000000008,2016-11-08,Persistence+Trend,7,2016
2016-11-02,2016,11,15.632,15.048,14.903999999999993,2016-11-09,Persistence+Trend,7,2016
2016-11-03,2016,11,15.542,14.968,14.912,2016-11-10,Persistence+Trend,7,2016
2016-11-04,2016,11,15.442,14.926,14.742000000000003,2016-11-11,Persistence+Trend,7,2016
2016-11-05,2016,11,15.358,14.92,14.770000000000003,2016-11-12,Persistence+Trend,7,2016
2016-11-06,2016,11,15.266,14.904,14.621999999999996,2016-11-13,Persistence+Trend,7,2016
2016-11-07,2016,11,15.182,14.876,14.594000000000003,2016-11-14,Persistence+Trend,7,2016
2016-11-08,2016,11,15.108,14.85,14.590000000000002,2016-11-15,Persistence+Trend,7,2016
2016-11-09,2016,11,15.048,14.778,14.627999999999997,2016-11-16,Persistence+Trend,7,2016
2016-11-10,2016,11,14.968,14.7,14.408,2016-11-17,Persistence+Trend,7,2016
2016-11-11,2016,11,14.926,14.614,14.632000000000001,2016-11-18,Persistence+Trend,7,2016
2016-11-12,2016,11,14.92,14.548,14.877999999999998,2016-11-19,Persistence+Trend,7,2016
2016-11-13,2016,11,14.904,14.48,14.792,2016-11-20,Persistence+Trend,7,2016
2016-11-14,2016,11,14.876,14.434,14.679999999999996,2016-11-21,Persistence+Trend,7,2016
2016-11-15,2016,11,14.85,14.384,14.668000000000001,2016-11-22,Persistence+Trend,7,2016
2016-11-16,2016,11,14.778,14.296,14.274000000000006,2016-11-23,Persistence+Trend,7,2016
2016-11-17,2016,11,14.7,14.244,14.153999999999991,2016-11-24,Persistence+Trend,7,2016
2016-11-18,2016,11,14.614,14.2,14.012000000000011,2016-11-25,Persistence+Trend,7,2016
2016-11-19,2016,11,14.548,14.146,14.085999999999995,2016-11-26,Persistence+Trend,7,2016
2016-11-20,2016,11,14.48,14.09,14.004000000000003,2016-11-27,Persistence+Trend,7,2016
2016-11-21,2016,11,14.434,14.046,14.111999999999991,2016-11-28,Persistence+Trend,7,2016
2016-11-22,2016,11,14.384,14.02,14.034000000000008,2016-11-29,Persistence+Trend,7,2016
2016-11-23,2016,11,14.296,13.99,13.679999999999993,2016-11-30,Persistence+Trend,7,2016
2016-11-24,2016,11,14.244,13.958,13.880000000000003,2016-12-01,Persistence+Trend,7,2016
2016-11-25,2016,11,14.2,13.906,13.891999999999996,2016-12-02,Persistence+Trend,7,2016
2016-11-26,2016,11,14.146,13.87,13.768000000000011,2016-12-03,Persistence+Trend,7,2016
2016-11-27,2016,11,14.09,13.818,13.697999999999993,2016-12-04,Persistence+Trend,7,2016
2016-11-28,2016,11,14.046,13.786,13.737999999999996,2016-12-05,Persistence+Trend,7,2016
2016-11-29,2016,11,14.02,13.75,13.838000000000001,2016-12-06,Persistence+Trend,7,2016
2016-11-30,2016,11,13.99,13.698,13.780000000000005,2016-12-07,Persistence+Trend,7,2016
2016-12-01,2016,12,13.958,13.66,13.734,2016-12-08,Persistence+Trend,7,2016
2016-12-02,2016,12,13.906,13.63,13.542000000000003,2016-12-09,Persistence+Trend,7,2016
2016-12-03,2016,12,13.87,13.588,13.61799999999999,2016-12-10,Persistence+Trend,7,2016
2016-12-04,2016,12,13.818,13.56,13.454000000000002,2016-12-11,Persistence+Trend,7,2016
2016-12-05,2016,12,13.786,13.53,13.562,2016-12-12,Persistence+Trend,7,2016
2016-12-06,2016,12,13.75,13.498,13.498000000000003,2016-12-13,Persistence+Trend,7,2016
2016-12-07,2016,12,13.698,13.46,13.334000000000003,2016-12-14,Persistence+Trend,7,2016
2016-12-08,2016,12,13.66,13.43,13.393999999999998,2016-12-15,Persistence+Trend,7,2016
2016-12-09,2016,12,13.63,13.408,13.420000000000005,2016-12-16,Persistence+Trend,7,2016
2016-12-10,2016,12,13.588,13.38,13.293999999999988,2016-12-17,Persistence+Trend,7,2016
2016-12-11,2016,12,13.56,13.348,13.36400000000001,2016-12-18,Persistence+Trend,7,2016
2016-12-12,2016,12,13.53,13.32,13.319999999999991,2016-12-19,Persistence+Trend,7,2016
2016-12-13,2016,12,13.498,13.29,13.274,2016-12-20,Persistence+Trend,7,2016
2016-12-14,2016,12,13.46,13.268,13.194000000000011,2016-12-21,Persistence+Trend,7,2016
2016-12-15,2016,12,13.43,13.25,13.219999999999992,2016-12-22,Persistence+Trend,7,2016
2016-12-16,2016,12,13.408,13.218,13.253999999999998,2016-12-23,Persistence+Trend,7,2016
2016-12-17,2016,12,13.38,13.2,13.18400000000001,2016-12-24,Persistence+Trend,7,2016
2016-12-18,2016,12,13.348,13.16,13.124,2016-12-25,Persistence+Trend,7,2016
2016-12-19,2016,12,13.32,13.16,13.123999999999997,2016-12-26,Persistence+Trend,7,2016
2016-12-20,2016,12,13.29,13.15,13.079999999999991,2016-12-27,Persistence+Trend,7,2016
2016-12-21,2016,12,13.268,13.12,13.114000000000011,2016-12-28,Persistence+Trend,7,2016
2016-12-22,2016,12,13.25,13.11,13.123999999999995,2016-12-29,Persistence+Trend,7,2016
2016-12-23,2016,12,13.218,13.09,12.994,2016-12-30,Persistence+Trend,7,2016
2016-12-24,2016,12,13.2,13.08,13.073999999999995,2016-12-31,Persistence+Trend,7,2016
2016-12-25,2016,12,13.16,13.044,12.880000000000006,2017-01-01,Persistence+Trend,7,2016
2016-12-26,2016,12,13.16,13.02,13.16,2017-01-02,Persistence+Trend,7,2016
2016-12-27,2016,12,13.15,13.01,13.080000000000002,2017-01-03,Persistence+Trend,7,2016
2016-12-28,2016,12,13.12,13.0,12.909999999999991,2017-01-04,Persistence+Trend,7,2016
2016-12-29,2016,12,13.11,12.99,13.040000000000001,2017-01-05,Persistence+Trend,7,2016
2016-12-30,2016,12,13.09,12.98,12.950000000000003,2017-01-06,Persistence+Trend,7,2016
2016-12-31,2016,12,13.08,12.97,13.010000000000002,2017-01-07,Persistence+Trend,7,2016
2017-01-01,2017,1,13.044,12.93,12.792000000000003,2017-01-08,Persistence+Trend,7,2017
2017-01-02,2017,1,13.02,12.88,12.851999999999993,2017-01-09,Persistence+Trend,7,2017
2017-01-03,2017,1,13.01,12.84,12.940000000000001,2017-01-10,Persistence+Trend,7,2017
2017-01-04,2017,1,13.0,12.82,12.930000000000001,2017-01-11,Persistence+Trend,7,2017
2017-01-05,2017,1,12.99,12.79,12.920000000000002,2017-01-12,Persistence+Trend,7,2017
2017-01-06,2017,1,12.98,12.77,12.910000000000002,2017-01-13,Persistence+Trend,7,2017
2017-01-07,2017,1,12.97,12.75,12.900000000000002,2017-01-14,Persistence+Trend,7,2017
2017-01-08,2017,1,12.93,12.74,12.649999999999993,2017-01-15,Persistence+Trend,7,2017
2017-01-09,2017,1,12.88,12.72,12.530000000000008,2017-01-16,Persistence+Trend,7,2017
2017-01-10,2017,1,12.84,12.7,12.559999999999993,2017-01-17,Persistence+Trend,7,2017
2017-01-11,2017,1,12.82,12.67,12.680000000000003,2017-01-18,Persistence+Trend,7,2017
2017-01-12,2017,1,12.79,12.64,12.579999999999991,2017-01-19,Persistence+Trend,7,2017
2017-01-13,2017,1,12.77,12.63,12.630000000000003,2017-01-20,Persistence+Trend,7,2017
2017-01-14,2017,1,12.75,12.62,12.610000000000003,2017-01-21,Persistence+Trend,7,2017
2017-01-15,2017,1,12.74,12.61,12.670000000000002,2017-01-22,Persistence+Trend,7,2017
2017-01-16,2017,1,12.72,12.58,12.580000000000004,2017-01-23,Persistence+Trend,7,2017
2017-01-17,2017,1,12.7,12.58,12.55999999999999,2017-01-24,Persistence+Trend,7,2017
2017-01-18,2017,1,12.67,12.57,12.460000000000004,2017-01-25,Persistence+Trend,7,2017
2017-01-19,2017,1,12.64,12.54,12.430000000000005,2017-01-26,Persistence+Trend,7,2017
2017-01-20,2017,1,12.63,12.52,12.560000000000002,2017-01-27,Persistence+Trend,7,2017
2017-01-21,2017,1,12.62,12.5,12.549999999999988,2017-01-28,Persistence+Trend,7,2017
2017-01-22,2017,1,12.61,12.47,12.540000000000001,2017-01-29,Persistence+Trend,7,2017
2017-01-23,2017,1,12.58,12.45,12.370000000000005,2017-01-30,Persistence+Trend,7,2017
2017-01-24,2017,1,12.58,12.44,12.58,2017-01-31,Persistence+Trend,7,2017
2017-01-25,2017,1,12.57,12.43,12.500000000000002,2017-02-01,Persistence+Trend,7,2017
2017-01-26,2017,1,12.54,12.42,12.329999999999991,2017-02-02,Persistence+Trend,7,2017
2017-01-27,2017,1,12.52,12.41,12.380000000000003,2017-02-03,Persistence+Trend,7,2017
2017-01-28,2017,1,12.5,12.39,12.360000000000003,2017-02-04,Persistence+Trend,7,2017
2017-01-29,2017,1,12.47,12.38,12.260000000000005,2017-02-05,Persistence+Trend,7,2017
2017-01-30,2017,1,12.45,12.36,12.30999999999999,2017-02-06,Persistence+Trend,7,2017
2017-01-31,2017,1,12.44,12.34,12.370000000000001,2017-02-07,Persistence+Trend,7,2017
2017-02-01,2017,2,12.43,12.32,12.360000000000001,2017-02-08,Persistence+Trend,7,2017
2017-02-02,2017,2,12.42,12.3,12.350000000000001,2017-02-09,Persistence+Trend,7,2017
2017-02-03,2017,2,12.41,12.29,12.340000000000002,2017-02-10,Persistence+Trend,7,2017
2017-02-04,2017,2,12.39,12.27,12.250000000000004,2017-02-11,Persistence+Trend,7,2017
2017-02-05,2017,2,12.38,12.25,12.310000000000002,2017-02-12,Persistence+Trend,7,2017
2017-02-06,2017,2,12.36,12.24,12.21999999999999,2017-02-13,Persistence+Trend,7,2017
2017-02-07,2017,2,12.34,12.22,12.200000000000003,2017-02-14,Persistence+Trend,7,2017
2017-02-08,2017,2,12.32,12.21,12.180000000000003,2017-02-15,Persistence+Trend,7,2017
2017-02-09,2017,2,12.3,12.21,12.160000000000004,2017-02-16,Persistence+Trend,7,2017
2017-02-10,2017,2,12.29,12.19,12.219999999999988,2017-02-17,Persistence+Trend,7,2017
2017-02-11,2017,2,12.27,12.18,12.130000000000003,2017-02-18,Persistence+Trend,7,2017
2017-02-12,2017,2,12.25,12.178,12.110000000000003,2017-02-19,Persistence+Trend,7,2017
2017-02-13,2017,2,12.24,12.16,12.170000000000002,2017-02-20,Persistence+Trend,7,2017
2017-02-14,2017,2,12.22,12.16,12.080000000000004,2017-02-21,Persistence+Trend,7,2017
2017-02-15,2017,2,12.21,12.16,12.140000000000002,2017-02-22,Persistence+Trend,7,2017
2017-02-16,2017,2,12.21,12.15,12.21,2017-02-23,Persistence+Trend,7,2017
2017-02-17,2017,2,12.19,12.156,12.04999999999999,2017-02-24,Persistence+Trend,7,2017
2017-02-18,2017,2,12.18,12.178,12.110000000000001,2017-02-25,Persistence+Trend,7,2017
2017-02-19,2017,2,12.178,12.2,12.164000000000009,2017-02-26,Persistence+Trend,7,2017
2017-02-20,2017,2,12.16,12.21,12.033999999999995,2017-02-27,Persistence+Trend,7,2017
2017-02-21,2017,2,12.16,12.22,12.16,2017-02-28,Persistence+Trend,7,2017
2017-02-22,2017,2,12.16,12.23,12.16,2017-03-01,Persistence+Trend,7,2017
2017-02-23,2017,2,12.15,12.25,12.080000000000002,2017-03-02,Persistence+Trend,7,2017
2017-02-24,2017,2,12.156,12.268,12.198000000000002,2017-03-03,Persistence+Trend,7,2017
2017-02-25,2017,2,12.178,12.438,12.332000000000003,2017-03-04,Persistence+Trend,7,2017
2017-02-26,2017,2,12.2,12.496,12.353999999999989,2017-03-05,Persistence+Trend,7,2017
2017-02-27,2017,2,12.21,12.512,12.280000000000012,2017-03-06,Persistence+Trend,7,2017
2017-02-28,2017,2,12.22,12.434,12.29,2017-03-07,Persistence+Trend,7,2017
2017-03-01,2017,3,12.23,12.402,12.299999999999999,2017-03-08,Persistence+Trend,7,2017
2017-03-02,2017,3,12.25,12.344,12.389999999999997,2017-03-09,Persistence+Trend,7,2017
2017-03-03,2017,3,12.268,12.31,12.394000000000005,2017-03-10,Persistence+Trend,7,2017
2017-03-04,2017,3,12.438,12.292,13.628,2017-03-11,Persistence+Trend,7,2017
2017-03-05,2017,3,12.496,12.38,12.902,2017-03-12,Persistence+Trend,7,2017
2017-03-06,2017,3,12.512,12.602,12.624,2017-03-13,Persistence+Trend,7,2017
2017-03-07,2017,3,12.434,12.874,11.887999999999991,2017-03-14,Persistence+Trend,7,2017
2017-03-08,2017,3,12.402,12.986,12.177999999999999,2017-03-15,Persistence+Trend,7,2017
2017-03-09,2017,3,12.344,12.956,11.938,2017-03-16,Persistence+Trend,7,2017
2017-03-10,2017,3,12.31,12.878,12.072000000000008,2017-03-17,Persistence+Trend,7,2017
2017-03-11,2017,3,12.292,12.816,12.165999999999995,2017-03-18,Persistence+Trend,7,2017
2017-03-12,2017,3,12.38,12.83,12.996000000000008,2017-03-19,Persistence+Trend,7,2017
2017-03-13,2017,3,12.602,12.872,14.155999999999997,2017-03-20,Persistence+Trend,7,2017
2017-03-14,2017,3,12.874,12.986,14.778000000000002,2017-03-21,Persistence+Trend,7,2017
2017-03-15,2017,3,12.986,13.044,13.770000000000001,2017-03-22,Persistence+Trend,7,2017
2017-03-16,2017,3,12.956,12.99,12.745999999999992,2017-03-23,Persistence+Trend,7,2017
2017-03-17,2017,3,12.878,12.94,12.332000000000004,2017-03-24,Persistence+Trend,7,2017
2017-03-18,2017,3,12.816,12.87,12.382000000000005,2017-03-25,Persistence+Trend,7,2017
2017-03-19,2017,3,12.83,12.906,12.927999999999995,2017-03-26,Persistence+Trend,7,2017
2017-03-20,2017,3,12.872,12.826,13.165999999999999,2017-03-27,Persistence+Trend,7,2017
2017-03-21,2017,3,12.986,12.832,13.784000000000006,2017-03-28,Persistence+Trend,7,2017
2017-03-22,2017,3,13.044,12.96,13.45,2017-03-29,Persistence+Trend,7,2017
2017-03-23,2017,3,12.99,12.9,12.611999999999998,2017-03-30,Persistence+Trend,7,2017
2017-03-24,2017,3,12.94,12.88,12.589999999999995,2017-03-31,Persistence+Trend,7,2017
2017-03-25,2017,3,12.87,12.85,12.379999999999997,2017-04-01,Persistence+Trend,7,2017
2017-03-26,2017,3,12.906,12.9,13.15800000000001,2017-04-02,Persistence+Trend,7,2017
2017-03-27,2017,3,12.826,13.008,12.266,2017-04-03,Persistence+Trend,7,2017
2017-03-28,2017,3,12.832,13.236,12.874000000000002,2017-04-04,Persistence+Trend,7,2017
2017-03-29,2017,3,12.96,13.564,13.856000000000002,2017-04-05,Persistence+Trend,7,2017
2017-03-30,2017,3,12.9,13.764,12.479999999999997,2017-04-06,Persistence+Trend,7,2017
2017-03-31,2017,3,12.88,13.94,12.740000000000004,2017-04-07,Persistence+Trend,7,2017
2017-04-01,2017,4,12.85,14.118,12.639999999999992,2017-04-08,Persistence+Trend,7,2017
2017-04-02,2017,4,12.9,14.378,13.250000000000005,2017-04-09,Persistence+Trend,7,2017
2017-04-03,2017,4,13.008,14.62,13.76399999999999,2017-04-10,Persistence+Trend,7,2017
2017-04-04,2017,4,13.236,14.638,14.832000000000011,2017-04-11,Persistence+Trend,7,2017
2017-04-05,2017,4,13.564,14.502,15.859999999999996,2017-04-12,Persistence+Trend,7,2017
2017-04-06,2017,4,13.764,14.34,15.163999999999994,2017-04-13,Persistence+Trend,7,2017
2017-04-07,2017,4,13.94,14.16,15.172,2017-04-14,Persistence+Trend,7,2017
2017-04-08,2017,4,14.118,14.032,15.364000000000006,2017-04-15,Persistence+Trend,7,2017
2017-04-09,2017,4,14.378,14.254,16.198,2017-04-16,Persistence+Trend,7,2017
2017-04-10,2017,4,14.62,14.4,16.313999999999993,2017-04-17,Persistence+Trend,7,2017
2017-04-11,2017,4,14.638,14.454,14.764000000000005,2017-04-18,Persistence+Trend,7,2017
2017-04-12,2017,4,14.502,14.35,13.550000000000006,2017-04-19,Persistence+Trend,7,2017
2017-04-13,2017,4,14.34,14.192,13.205999999999994,2017-04-20,Persistence+Trend,7,2017
2017-04-14,2017,4,14.16,14.058,12.900000000000002,2017-04-21,Persistence+Trend,7,2017
2017-04-15,2017,4,14.032,14.138,13.136,2017-04-22,Persistence+Trend,7,2017
2017-04-16,2017,4,14.254,14.088,15.807999999999996,2017-04-23,Persistence+Trend,7,2017
2017-04-17,2017,4,14.4,14.1,15.422000000000006,2017-04-24,Persistence+Trend,7,2017
2017-04-18,2017,4,14.454,14.12,14.832000000000003,2017-04-25,Persistence+Trend,7,2017
2017-04-19,2017,4,14.35,14.066,13.621999999999993,2017-04-26,Persistence+Trend,7,2017
2017-04-20,2017,4,14.192,14.082,13.086000000000004,2017-04-27,Persistence+Trend,7,2017
2017-04-21,2017,4,14.058,14.19,13.119999999999997,2017-04-28,Persistence+Trend,7,2017
2017-04-22,2017,4,14.138,14.346,14.698,2017-04-29,Persistence+Trend,7,2017
2017-04-23,2017,4,14.088,14.57,13.737999999999994,2017-04-30,Persistence+Trend,7,2017
2017-04-24,2017,4,14.1,14.926,14.184000000000003,2017-05-01,Persistence+Trend,7,2017
2017-04-25,2017,4,14.12,15.76,14.259999999999996,2017-05-02,Persistence+Trend,7,2017
2017-04-26,2017,4,14.066,16.168,13.688000000000011,2017-05-03,Persistence+Trend,7,2017
2017-04-27,2017,4,14.082,16.404,14.194,2017-05-04,Persistence+Trend,7,2017
2017-04-28,2017,4,14.19,16.146,14.94599999999999,2017-05-05,Persistence+Trend,7,2017
2017-04-29,2017,4,14.346,15.996,15.438000000000004,2017-05-06,Persistence+Trend,7,2017
2017-04-30,2017,4,14.57,15.892,16.138,2017-05-07,Persistence+Trend,7,2017
2017-05-01,2017,5,14.926,15.9,17.418,2017-05-08,Persistence+Trend,7,2017
2017-05-02,2017,5,15.76,15.916,21.598,2017-05-09,Persistence+Trend,7,2017
2017-05-03,2017,5,16.168,15.872,19.023999999999994,2017-05-10,Persistence+Trend,7,2017
2017-05-04,2017,5,16.404,15.82,18.056000000000004,2017-05-11,Persistence+Trend,7,2017
2017-05-05,2017,5,16.146,15.89,14.340000000000007,2017-05-12,Persistence+Trend,7,2017
2017-05-06,2017,5,15.996,15.91,14.945999999999998,2017-05-13,Persistence+Trend,7,2017
2017-05-07,2017,5,15.892,15.88,15.163999999999993,2017-05-14,Persistence+Trend,7,2017
2017-05-08,2017,5,15.9,15.79,15.956000000000007,2017-05-15,Persistence+Trend,7,2017
2017-05-09,2017,5,15.916,15.484,16.028,2017-05-16,Persistence+Trend,7,2017
2017-05-10,2017,5,15.872,15.432,15.563999999999997,2017-05-17,Persistence+Trend,7,2017
2017-05-11,2017,5,15.82,15.376,15.456000000000003,2017-05-18,Persistence+Trend,7,2017
2017-05-12,2017,5,15.89,15.312,16.380000000000003,2017-05-19,Persistence+Trend,7,2017
2017-05-13,2017,5,15.91,15.28,16.049999999999997,2017-05-20,Persistence+Trend,7,2017
2017-05-14,2017,5,15.88,15.27,15.670000000000005,2017-05-21,Persistence+Trend,7,2017
2017-05-15,2017,5,15.79,15.25,15.159999999999988,2017-05-22,Persistence+Trend,7,2017
2017-05-16,2017,5,15.484,15.29,13.342000000000006,2017-05-23,Persistence+Trend,7,2017
2017-05-17,2017,5,15.432,15.25,15.068000000000003,2017-05-24,Persistence+Trend,7,2017
2017-05-18,2017,5,15.376,15.366,14.983999999999993,2017-05-25,Persistence+Trend,7,2017
2017-05-19,2017,5,15.312,15.596,14.863999999999999,2017-05-26,Persistence+Trend,7,2017
2017-05-20,2017,5,15.28,15.896,15.056,2017-05-27,Persistence+Trend,7,2017
2017-05-21,2017,5,15.27,16.098,15.200000000000001,2017-05-28,Persistence+Trend,7,2017
2017-05-22,2017,5,15.25,16.202,15.110000000000003,2017-05-29,Persistence+Trend,7,2017
2017-05-23,2017,5,15.29,16.21,15.569999999999993,2017-05-30,Persistence+Trend,7,2017
2017-05-24,2017,5,15.25,16.22,14.970000000000006,2017-05-31,Persistence+Trend,7,2017
2017-05-25,2017,5,15.366,16.28,16.177999999999997,2017-06-01,Persistence+Trend,7,2017
2017-05-26,2017,5,15.596,16.26,17.206000000000003,2017-06-02,Persistence+Trend,7,2017
2017-05-27,2017,5,15.896,16.28,17.996000000000006,2017-06-03,Persistence+Trend,7,2017
2017-05-28,2017,5,16.098,16.356,17.511999999999986,2017-06-04,Persistence+Trend,7,2017
2017-05-29,2017,5,16.202,16.904,16.93000000000002,2017-06-05,Persistence+Trend,7,2017
2017-05-30,2017,5,16.21,17.592,16.265999999999995,2017-06-06,Persistence+Trend,7,2017
2017-05-31,2017,5,16.22,17.82,16.289999999999985,2017-06-07,Persistence+Trend,7,2017
2017-06-01,2017,6,16.28,18.04,16.700000000000017,2017-06-08,Persistence+Trend,7,2017
2017-06-02,2017,6,16.26,18.014,16.120000000000005,2017-06-09,Persistence+Trend,7,2017
2017-06-03,2017,6,16.28,17.768,16.419999999999998,2017-06-10,Persistence+Trend,7,2017
2017-06-04,2017,6,16.356,17.418,16.888000000000005,2017-06-11,Persistence+Trend,7,2017
2017-06-05,2017,6,16.904,17.156,20.739999999999988,2017-06-12,Persistence+Trend,7,2017
2017-06-06,2017,6,17.592,16.942,22.40799999999999,2017-06-13,Persistence+Trend,7,2017
2017-06-07,2017,6,17.82,16.85,19.41600000000001,2017-06-14,Persistence+Trend,7,2017
2017-06-08,2017,6,18.04,16.9,19.57999999999999,2017-06-15,Persistence+Trend,7,2017
2017-06-09,2017,6,18.014,17.096,17.832,2017-06-16,Persistence+Trend,7,2017
2017-06-10,2017,6,17.768,17.286,16.04600000000001,2017-06-17,Persistence+Trend,7,2017
2017-06-11,2017,6,17.418,17.498,14.96799999999999,2017-06-18,Persistence+Trend,7,2017
2017-06-12,2017,6,17.156,17.826,15.321999999999996,2017-06-19,Persistence+Trend,7,2017
2017-06-13,2017,6,16.942,18.124,15.44400000000001,2017-06-20,Persistence+Trend,7,2017
2017-06-14,2017,6,16.85,18.396,16.20600000000001,2017-06-21,Persistence+Trend,7,2017
2017-06-15,2017,6,16.9,18.512,17.24999999999998,2017-06-22,Persistence+Trend,7,2017
2017-06-16,2017,6,17.096,18.53,18.46800000000001,2017-06-23,Persistence+Trend,7,2017
2017-06-17,2017,6,17.286,18.54,18.61600000000001,2017-06-24,Persistence+Trend,7,2017
2017-06-18,2017,6,17.498,18.53,18.982,2017-06-25,Persistence+Trend,7,2017
2017-06-19,2017,6,17.826,18.47,20.121999999999996,2017-06-26,Persistence+Trend,7,2017
2017-06-20,2017,6,18.124,18.264,20.209999999999987,2017-06-27,Persistence+Trend,7,2017
2017-06-21,2017,6,18.396,18.23,20.300000000000015,2017-06-28,Persistence+Trend,7,2017
2017-06-22,2017,6,18.512,18.082,19.323999999999998,2017-06-29,Persistence+Trend,7,2017
2017-06-23,2017,6,18.53,18.276,18.656000000000006,2017-06-30,Persistence+Trend,7,2017
2017-06-24,2017,6,18.54,18.43,18.609999999999985,2017-07-01,Persistence+Trend,7,2017
2017-06-25,2017,6,18.53,18.68,18.460000000000015,2017-07-02,Persistence+Trend,7,2017
2017-06-26,2017,6,18.47,18.856,18.049999999999983,2017-07-03,Persistence+Trend,7,2017
2017-06-27,2017,6,18.264,18.974,16.822000000000003,2017-07-04,Persistence+Trend,7,2017
2017-06-28,2017,6,18.23,19.154,17.992000000000008,2017-07-05,Persistence+Trend,7,2017
2017-06-29,2017,6,18.082,19.432,17.046000000000003,2017-07-06,Persistence+Trend,7,2017
2017-06-30,2017,6,18.276,19.73,19.633999999999993,2017-07-07,Persistence+Trend,7,2017
2017-07-01,2017,7,18.43,19.85,19.508,2017-07-08,Persistence+Trend,7,2017
2017-07-02,2017,7,18.68,19.86,20.43,2017-07-09,Persistence+Trend,7,2017
2017-07-03,2017,7,18.856,19.87,20.088000000000015,2017-07-10,Persistence+Trend,7,2017
2017-07-04,2017,7,18.974,20.166,19.79999999999999,2017-07-11,Persistence+Trend,7,2017
2017-07-05,2017,7,19.154,20.294,20.413999999999998,2017-07-12,Persistence+Trend,7,2017
2017-07-06,2017,7,19.432,20.34,21.37799999999999,2017-07-13,Persistence+Trend,7,2017
2017-07-07,2017,7,19.73,20.368,21.816000000000013,2017-07-14,Persistence+Trend,7,2017
2017-07-08,2017,7,19.85,20.264,20.69000000000001,2017-07-15,Persistence+Trend,7,2017
2017-07-09,2017,7,19.86,20.05,19.929999999999986,2017-07-16,Persistence+Trend,7,2017
2017-07-10,2017,7,19.87,19.724,19.940000000000012,2017-07-17,Persistence+Trend,7,2017
2017-07-11,2017,7,20.166,19.482,22.237999999999996,2017-07-18,Persistence+Trend,7,2017
2017-07-12,2017,7,20.294,19.216,21.19,2017-07-19,Persistence+Trend,7,2017
2017-07-13,2017,7,20.34,19.062,20.661999999999995,2017-07-20,Persistence+Trend,7,2017
2017-07-14,2017,7,20.368,18.93,20.56399999999999,2017-07-21,Persistence+Trend,7,2017
2017-07-15,2017,7,20.264,18.762,19.536000000000005,2017-07-22,Persistence+Trend,7,2017
2017-07-16,2017,7,20.05,18.694,18.55200000000001,2017-07-23,Persistence+Trend,7,2017
2017-07-17,2017,7,19.724,18.67,17.441999999999997,2017-07-24,Persistence+Trend,7,2017
2017-07-18,2017,7,19.482,18.674,17.787999999999993,2017-07-25,Persistence+Trend,7,2017
2017-07-19,2017,7,19.216,18.618,17.354000000000013,2017-07-26,Persistence+Trend,7,2017
2017-07-20,2017,7,19.062,18.554,17.984,2017-07-27,Persistence+Trend,7,2017
2017-07-21,2017,7,18.93,18.46,18.00599999999999,2017-07-28,Persistence+Trend,7,2017
2017-07-22,2017,7,18.762,18.392,17.586000000000006,2017-07-29,Persistence+Trend,7,2017
2017-07-23,2017,7,18.694,18.414,18.21799999999999,2017-07-30,Persistence+Trend,7,2017
2017-07-24,2017,7,18.67,18.434,18.50200000000002,2017-07-31,Persistence+Trend,7,2017
2017-07-25,2017,7,18.674,18.508,18.701999999999984,2017-08-01,Persistence+Trend,7,2017
2017-07-26,2017,7,18.618,18.472,18.225999999999992,2017-08-02,Persistence+Trend,7,2017
2017-07-27,2017,7,18.554,18.46,18.105999999999998,2017-08-03,Persistence+Trend,7,2017
2017-07-28,2017,7,18.46,18.472,17.802000000000017,2017-08-04,Persistence+Trend,7,2017
2017-07-29,2017,7,18.392,18.59,17.91599999999999,2017-08-05,Persistence+Trend,7,2017
2017-07-30,2017,7,18.414,18.624,18.568000000000016,2017-08-06,Persistence+Trend,7,2017
2017-07-31,2017,7,18.434,18.56,18.573999999999998,2017-08-07,Persistence+Trend,7,2017
2017-08-01,2017,8,18.508,18.526,19.025999999999986,2017-08-08,Persistence+Trend,7,2017
2017-08-02,2017,8,18.472,18.542,18.220000000000017,2017-08-09,Persistence+Trend,7,2017
2017-08-03,2017,8,18.46,18.696,18.375999999999998,2017-08-10,Persistence+Trend,7,2017
2017-08-04,2017,8,18.472,18.986,18.556000000000004,2017-08-11,Persistence+Trend,7,2017
2017-08-05,2017,8,18.59,19.608,19.41599999999999,2017-08-12,Persistence+Trend,7,2017
2017-08-06,2017,8,18.624,20.202,18.86199999999999,2017-08-13,Persistence+Trend,7,2017
2017-08-07,2017,8,18.56,20.728,18.112,2017-08-14,Persistence+Trend,7,2017
2017-08-08,2017,8,18.526,20.826,18.288000000000007,2017-08-15,Persistence+Trend,7,2017
2017-08-09,2017,8,18.542,20.83,18.654000000000014,2017-08-16,Persistence+Trend,7,2017
2017-08-10,2017,8,18.696,20.698,19.774,2017-08-17,Persistence+Trend,7,2017
2017-08-11,2017,8,18.986,20.476,21.015999999999995,2017-08-18,Persistence+Trend,7,2017
2017-08-12,2017,8,19.608,20.24,23.962,2017-08-19,Persistence+Trend,7,2017
2017-08-13,2017,8,20.202,20.048,24.36000000000001,2017-08-20,Persistence+Trend,7,2017
2017-08-14,2017,8,20.728,19.88,24.41,2017-08-21,Persistence+Trend,7,2017
2017-08-15,2017,8,20.826,19.73,21.511999999999993,2017-08-22,Persistence+Trend,7,2017
2017-08-16,2017,8,20.83,19.53,20.857999999999983,2017-08-23,Persistence+Trend,7,2017
2017-08-17,2017,8,20.698,19.436,19.774000000000015,2017-08-24,Persistence+Trend,7,2017
2017-08-18,2017,8,20.476,19.304,18.92199999999999,2017-08-25,Persistence+Trend,7,2017
2017-08-19,2017,8,20.24,19.136,18.587999999999994,2017-08-26,Persistence+Trend,7,2017
2017-08-20,2017,8,20.048,18.998,18.703999999999997,2017-08-27,Persistence+Trend,7,2017
2017-08-21,2017,8,19.88,18.972,18.704000000000004,2017-08-28,Persistence+Trend,7,2017
2017-08-22,2017,8,19.73,18.826,18.68000000000001,2017-08-29,Persistence+Trend,7,2017
2017-08-23,2017,8,19.53,18.72,18.130000000000006,2017-08-30,Persistence+Trend,7,2017
2017-08-24,2017,8,19.436,18.568,18.77799999999999,2017-08-31,Persistence+Trend,7,2017
2017-08-25,2017,8,19.304,18.472,18.37999999999999,2017-09-01,Persistence+Trend,7,2017
2017-08-26,2017,8,19.136,18.544,17.960000000000004,2017-09-02,Persistence+Trend,7,2017
2017-08-27,2017,8,18.998,18.576,18.032000000000014,2017-09-03,Persistence+Trend,7,2017
2017-08-28,2017,8,18.972,18.566,18.790000000000003,2017-09-04,Persistence+Trend,7,2017
2017-08-29,2017,8,18.826,18.58,17.803999999999995,2017-09-05,Persistence+Trend,7,2017
2017-08-30,2017,8,18.72,18.6,17.977999999999987,2017-09-06,Persistence+Trend,7,2017
2017-08-31,2017,8,18.568,18.65,17.50400000000002,2017-09-07,Persistence+Trend,7,2017
2017-09-01,2017,9,18.472,18.76,17.8,2017-09-08,Persistence+Trend,7,2017
2017-09-02,2017,9,18.544,18.892,19.047999999999995,2017-09-09,Persistence+Trend,7,2017
2017-09-03,2017,9,18.576,19.076,18.8,2017-09-10,Persistence+Trend,7,2017
2017-09-04,2017,9,18.566,19.334,18.495999999999988,2017-09-11,Persistence+Trend,7,2017
2017-09-05,2017,9,18.58,19.378,18.677999999999994,2017-09-12,Persistence+Trend,7,2017
2017-09-06,2017,9,18.6,19.256,18.740000000000023,2017-09-13,Persistence+Trend,7,2017
2017-09-07,2017,9,18.65,19.132,18.99999999999998,2017-09-14,Persistence+Trend,7,2017
2017-09-08,2017,9,18.76,19.008,19.530000000000022,2017-09-15,Persistence+Trend,7,2017
2017-09-09,2017,9,18.892,18.912,19.815999999999985,2017-09-16,Persistence+Trend,7,2017
2017-09-10,2017,9,19.076,18.732,20.364000000000008,2017-09-17,Persistence+Trend,7,2017
2017-09-11,2017,9,19.334,18.53,21.139999999999993,2017-09-18,Persistence+Trend,7,2017
2017-09-12,2017,9,19.378,18.356,19.686000000000003,2017-09-19,Persistence+Trend,7,2017
2017-09-13,2017,9,19.256,18.25,18.402,2017-09-20,Persistence+Trend,7,2017
2017-09-14,2017,9,19.132,18.158,18.26400000000001,2017-09-21,Persistence+Trend,7,2017
2017-09-15,2017,9,19.008,18.064,18.139999999999983,2017-09-22,Persistence+Trend,7,2017
2017-09-16,2017,9,18.912,18.072,18.24,2017-09-23,Persistence+Trend,7,2017
2017-09-17,2017,9,18.732,17.942,17.472,2017-09-24,Persistence+Trend,7,2017
2017-09-18,2017,9,18.53,17.866,17.116000000000014,2017-09-25,Persistence+Trend,7,2017
2017-09-19,2017,9,18.356,17.85,17.138000000000005,2017-09-26,Persistence+Trend,7,2017
2017-09-20,2017,9,18.25,17.95,17.50799999999999,2017-09-27,Persistence+Trend,7,2017
2017-09-21,2017,9,18.158,18.042,17.51400000000001,2017-09-28,Persistence+Trend,7,2017
2017-09-22,2017,9,18.064,18.05,17.40599999999999,2017-09-29,Persistence+Trend,7,2017
2017-09-23,2017,9,18.072,18.116,18.127999999999993,2017-09-30,Persistence+Trend,7,2017
2017-09-24,2017,9,17.942,18.238,17.032000000000007,2017-10-01,Persistence+Trend,7,2017
2017-09-25,2017,9,17.866,18.502,17.333999999999996,2017-10-02,Persistence+Trend,7,2017
2017-09-26,2017,9,17.85,18.55,17.738000000000014,2017-10-03,Persistence+Trend,7,2017
2017-09-27,2017,9,17.95,18.396,18.649999999999984,2017-10-04,Persistence+Trend,7,2017
2017-09-28,2017,9,18.042,18.226,18.686000000000018,2017-10-05,Persistence+Trend,7,2017
2017-09-29,2017,9,18.05,18.126,18.105999999999995,2017-10-06,Persistence+Trend,7,2017
2017-09-30,2017,9,18.116,18.162,18.577999999999992,2017-10-07,Persistence+Trend,7,2017
2017-10-01,2017,10,18.238,18.246,19.092,2017-10-08,Persistence+Trend,7,2017
2017-10-02,2017,10,18.502,18.308,20.349999999999994,2017-10-09,Persistence+Trend,7,2017
2017-10-03,2017,10,18.55,18.284,18.886000000000013,2017-10-10,Persistence+Trend,7,2017
2017-10-04,2017,10,18.396,18.066,17.318,2017-10-11,Persistence+Trend,7,2017
2017-10-05,2017,10,18.226,17.778,17.035999999999987,2017-10-12,Persistence+Trend,7,2017
2017-10-06,2017,10,18.126,17.504,17.426000000000016,2017-10-13,Persistence+Trend,7,2017
2017-10-07,2017,10,18.162,17.326,18.413999999999984,2017-10-14,Persistence+Trend,7,2017
2017-10-08,2017,10,18.246,17.092,18.833999999999996,2017-10-15,Persistence+Trend,7,2017
2017-10-09,2017,10,18.308,17.036,18.742000000000008,2017-10-16,Persistence+Trend,7,2017
2017-10-10,2017,10,18.284,16.998,18.115999999999993,2017-10-17,Persistence+Trend,7,2017
2017-10-11,2017,10,18.066,16.932,16.54,2017-10-18,Persistence+Trend,7,2017
2017-10-12,2017,10,17.778,16.896,15.761999999999997,2017-10-19,Persistence+Trend,7,2017
2017-10-13,2017,10,17.504,16.892,15.58600000000002,2017-10-20,Persistence+Trend,7,2017
2017-10-14,2017,10,17.326,17.158,16.079999999999995,2017-10-21,Persistence+Trend,7,2017
2017-10-15,2017,10,17.092,17.352,15.453999999999986,2017-10-22,Persistence+Trend,7,2017
2017-10-16,2017,10,17.036,17.182,16.64400000000002,2017-10-23,Persistence+Trend,7,2017
2017-10-17,2017,10,16.998,16.96,16.732,2017-10-24,Persistence+Trend,7,2017
2017-10-18,2017,10,16.932,16.774,16.46999999999998,2017-10-25,Persistence+Trend,7,2017
2017-10-19,2017,10,16.896,16.676,16.644000000000016,2017-10-26,Persistence+Trend,7,2017
2017-10-20,2017,10,16.892,16.664,16.86399999999999,2017-10-27,Persistence+Trend,7,2017
2017-10-21,2017,10,17.158,16.688,19.020000000000014,2017-10-28,Persistence+Trend,7,2017
2017-10-22,2017,10,17.352,16.834,18.709999999999994,2017-10-29,Persistence+Trend,7,2017
2017-10-23,2017,10,17.182,16.932,15.991999999999987,2017-10-30,Persistence+Trend,7,2017
2017-10-24,2017,10,16.96,16.996,15.406000000000017,2017-10-31,Persistence+Trend,7,2017
2017-10-25,2017,10,16.774,16.838,15.472000000000001,2017-11-01,Persistence+Trend,7,2017
2017-10-26,2017,10,16.676,16.544,15.98999999999998,2017-11-02,Persistence+Trend,7,2017
2017-10-27,2017,10,16.664,16.29,16.580000000000023,2017-11-03,Persistence+Trend,7,2017
2017-10-28,2017,10,16.688,16.114,16.85599999999998,2017-11-04,Persistence+Trend,7,2017
2017-10-29,2017,10,16.834,15.952,17.856000000000005,2017-11-05,Persistence+Trend,7,2017
2017-10-30,2017,10,16.932,15.828,17.61799999999999,2017-11-06,Persistence+Trend,7,2017
2017-10-31,2017,10,16.996,15.698,17.444,2017-11-07,Persistence+Trend,7,2017
2017-11-01,2017,11,16.838,15.656,15.732000000000017,2017-11-08,Persistence+Trend,7,2017
2017-11-02,2017,11,16.544,15.432,14.485999999999997,2017-11-09,Persistence+Trend,7,2017
2017-11-03,2017,11,16.29,15.32,14.51199999999999,2017-11-10,Persistence+Trend,7,2017
2017-11-04,2017,11,16.114,15.274,14.882000000000012,2017-11-11,Persistence+Trend,7,2017
2017-11-05,2017,11,15.952,15.268,14.817999999999994,2017-11-12,Persistence+Trend,7,2017
2017-11-06,2017,11,15.828,15.216,14.959999999999996,2017-11-13,Persistence+Trend,7,2017
2017-11-07,2017,11,15.698,15.152,14.788000000000007,2017-11-14,Persistence+Trend,7,2017
2017-11-08,2017,11,15.656,15.058,15.362000000000002,2017-11-15,Persistence+Trend,7,2017
2017-11-09,2017,11,15.432,15.004,13.863999999999999,2017-11-16,Persistence+Trend,7,2017
2017-11-10,2017,11,15.32,14.92,14.536,2017-11-17,Persistence+Trend,7,2017
2017-11-11,2017,11,15.274,14.872,14.951999999999991,2017-11-18,Persistence+Trend,7,2017
2017-11-12,2017,11,15.268,14.79,15.226000000000012,2017-11-19,Persistence+Trend,7,2017
2017-11-13,2017,11,15.216,14.736,14.85199999999999,2017-11-20,Persistence+Trend,7,2017
2017-11-14,2017,11,15.152,14.694,14.703999999999999,2017-11-21,Persistence+Trend,7,2017
2017-11-15,2017,11,15.058,14.616,14.400000000000004,2017-11-22,Persistence+Trend,7,2017
2017-11-16,2017,11,15.004,14.51,14.625999999999998,2017-11-23,Persistence+Trend,7,2017
2017-11-17,2017,11,14.92,14.412,14.332000000000003,2017-11-24,Persistence+Trend,7,2017
2017-11-18,2017,11,14.872,14.398,14.536,2017-11-25,Persistence+Trend,7,2017
2017-11-19,2017,11,14.79,14.324,14.215999999999994,2017-11-26,Persistence+Trend,7,2017
2017-11-20,2017,11,14.736,14.27,14.358000000000011,2017-11-27,Persistence+Trend,7,2017
2017-11-21,2017,11,14.694,14.27,14.400000000000002,2017-11-28,Persistence+Trend,7,2017
2017-11-22,2017,11,14.616,14.26,14.069999999999991,2017-11-29,Persistence+Trend,7,2017
2017-11-23,2017,11,14.51,14.226,13.768,2017-11-30,Persistence+Trend,7,2017
2017-11-24,2017,11,14.412,14.186,13.726000000000008,2017-12-01,Persistence+Trend,7,2017
2017-11-25,2017,11,14.398,14.164,14.299999999999992,2017-12-02,Persistence+Trend,7,2017
2017-11-26,2017,11,14.324,14.126,13.806000000000001,2017-12-03,Persistence+Trend,7,2017
2017-11-27,2017,11,14.27,14.104,13.891999999999998,2017-12-04,Persistence+Trend,7,2017
2017-11-28,2017,11,14.27,14.09,14.27,2017-12-05,Persistence+Trend,7,2017
2017-11-29,2017,11,14.26,14.08,14.190000000000001,2017-12-06,Persistence+Trend,7,2017
2017-11-30,2017,11,14.226,14.07,13.988000000000008,2017-12-07,Persistence+Trend,7,2017
2017-12-01,2017,12,14.186,14.05,13.905999999999993,2017-12-08,Persistence+Trend,7,2017
2017-12-02,2017,12,14.164,14.014,14.009999999999998,2017-12-09,Persistence+Trend,7,2017
2017-12-03,2017,12,14.126,13.96,13.859999999999998,2017-12-10,Persistence+Trend,7,2017
2017-12-04,2017,12,14.104,13.95,13.949999999999998,2017-12-11,Persistence+Trend,7,2017
2017-12-05,2017,12,14.09,13.922,13.992000000000004,2017-12-12,Persistence+Trend,7,2017
2017-12-06,2017,12,14.08,13.876,14.010000000000002,2017-12-13,Persistence+Trend,7,2017
2017-12-07,2017,12,14.07,13.844,14.000000000000002,2017-12-14,Persistence+Trend,7,2017
2017-12-08,2017,12,14.05,13.81,13.910000000000004,2017-12-15,Persistence+Trend,7,2017
2017-12-09,2017,12,14.014,13.79,13.76199999999999,2017-12-16,Persistence+Trend,7,2017
2017-12-10,2017,12,13.96,13.764,13.582000000000011,2017-12-17,Persistence+Trend,7,2017
2017-12-11,2017,12,13.95,13.732,13.879999999999988,2017-12-18,Persistence+Trend,7,2017
2017-12-12,2017,12,13.922,13.72,13.72600000000001,2017-12-19,Persistence+Trend,7,2017
2017-12-13,2017,12,13.876,13.71,13.553999999999991,2017-12-20,Persistence+Trend,7,2017
2017-12-14,2017,12,13.844,13.684,13.62,2017-12-21,Persistence+Trend,7,2017
2017-12-15,2017,12,13.81,13.65,13.572000000000008,2017-12-22,Persistence+Trend,7,2017
2017-12-16,2017,12,13.79,13.62,13.64999999999999,2017-12-23,Persistence+Trend,7,2017
2017-12-17,2017,12,13.764,13.61,13.582,2017-12-24,Persistence+Trend,7,2017
2017-12-18,2017,12,13.732,13.59,13.508,2017-12-25,Persistence+Trend,7,2017
2017-12-19,2017,12,13.72,13.554,13.63600000000001,2017-12-26,Persistence+Trend,7,2017
2017-12-20,2017,12,13.71,13.52,13.640000000000002,2017-12-27,Persistence+Trend,7,2017
2017-12-21,2017,12,13.684,13.504,13.501999999999988,2017-12-28,Persistence+Trend,7,2017
2017-12-22,2017,12,13.65,13.464,13.412000000000008,2017-12-29,Persistence+Trend,7,2017
2017-12-23,2017,12,13.62,13.45,13.409999999999991,2017-12-30,Persistence+Trend,7,2017
2017-12-24,2017,12,13.61,13.42,13.540000000000001,2017-12-31,Persistence+Trend,7,2017
2017-12-25,2017,12,13.59,13.394,13.450000000000003,2018-01-01,Persistence+Trend,7,2017
2017-12-26,2017,12,13.554,13.36,13.302000000000003,2018-01-02,Persistence+Trend,7,2017
2017-12-27,2017,12,13.52,13.34,13.281999999999995,2018-01-03,Persistence+Trend,7,2017
2017-12-28,2017,12,13.504,13.316,13.392,2018-01-04,Persistence+Trend,7,2017
2017-12-29,2017,12,13.464,13.286,13.184000000000006,2018-01-05,Persistence+Trend,7,2017
2017-12-30,2017,12,13.45,13.26,13.351999999999991,2018-01-06,Persistence+Trend,7,2017
2017-12-31,2017,12,13.42,13.234,13.210000000000004,2018-01-07,Persistence+Trend,7,2017
2018-01-01,2018,1,13.394,13.21,13.212000000000002,2018-01-08,Persistence+Trend,7,2018
2018-01-02,2018,1,13.36,13.186,13.121999999999995,2018-01-09,Persistence+Trend,7,2018
2018-01-03,2018,1,13.34,13.154,13.200000000000003,2018-01-10,Persistence+Trend,7,2018
2018-01-04,2018,1,13.316,13.13,13.148000000000007,2018-01-11,Persistence+Trend,7,2018
2018-01-05,2018,1,13.286,13.13,13.075999999999992,2018-01-12,Persistence+Trend,7,2018
2018-01-06,2018,1,13.26,13.12,13.078000000000001,2018-01-13,Persistence+Trend,7,2018
2018-01-07,2018,1,13.234,13.094,13.052000000000001,2018-01-14,Persistence+Trend,7,2018
2018-01-08,2018,1,13.21,13.066,13.042000000000007,2018-01-15,Persistence+Trend,7,2018
2018-01-09,2018,1,13.186,13.06,13.017999999999994,2018-01-16,Persistence+Trend,7,2018
2018-01-10,2018,1,13.154,13.05,12.93,2018-01-17,Persistence+Trend,7,2018
2018-01-11,2018,1,13.13,13.03,12.962000000000007,2018-01-18,Persistence+Trend,7,2018
2018-01-12,2018,1,13.13,13.03,13.13,2018-01-19,Persistence+Trend,7,2018
2018-01-13,2018,1,13.12,13.02,13.049999999999988,2018-01-20,Persistence+Trend,7,2018
2018-01-14,2018,1,13.094,12.986,12.912,2018-01-21,Persistence+Trend,7,2018
2018-01-15,2018,1,13.066,12.938,12.87000000000001,2018-01-22,Persistence+Trend,7,2018
2018-01-16,2018,1,13.06,12.92,13.017999999999999,2018-01-23,Persistence+Trend,7,2018
2018-01-17,2018,1,13.05,12.92,12.980000000000002,2018-01-24,Persistence+Trend,7,2018
2018-01-18,2018,1,13.03,12.91,12.88999999999999,2018-01-25,Persistence+Trend,7,2018
2018-01-19,2018,1,13.03,12.9,13.03,2018-01-26,Persistence+Trend,7,2018
2018-01-20,2018,1,13.02,12.88,12.950000000000001,2018-01-27,Persistence+Trend,7,2018
2018-01-21,2018,1,12.986,12.866,12.748000000000008,2018-01-28,Persistence+Trend,7,2018
2018-01-22,2018,1,12.938,12.84,12.602,2018-01-29,Persistence+Trend,7,2018
2018-01-23,2018,1,12.92,12.82,12.793999999999995,2018-01-30,Persistence+Trend,7,2018
2018-01-24,2018,1,12.92,12.81,12.92,2018-01-31,Persistence+Trend,7,2018
2018-01-25,2018,1,12.91,12.8,12.840000000000002,2018-02-01,Persistence+Trend,7,2018
2018-01-26,2018,1,12.9,12.79,12.830000000000002,2018-02-02,Persistence+Trend,7,2018
2018-01-27,2018,1,12.88,12.79,12.740000000000004,2018-02-03,Persistence+Trend,7,2018
2018-01-28,2018,1,12.866,12.78,12.767999999999992,2018-02-04,Persistence+Trend,7,2018
2018-01-29,2018,1,12.84,12.78,12.658000000000001,2018-02-05,Persistence+Trend,7,2018
2018-01-30,2018,1,12.82,12.77,12.680000000000003,2018-02-06,Persistence+Trend,7,2018
2018-01-31,2018,1,12.81,12.75,12.740000000000002,2018-02-07,Persistence+Trend,7,2018
2018-02-01,2018,2,12.8,12.73,12.730000000000002,2018-02-08,Persistence+Trend,7,2018
2018-02-02,2018,2,12.79,12.71,12.719999999999988,2018-02-09,Persistence+Trend,7,2018
2018-02-03,2018,2,12.79,12.7,12.79,2018-02-10,Persistence+Trend,7,2018
2018-02-04,2018,2,12.78,12.69,12.71,2018-02-11,Persistence+Trend,7,2018
2018-02-05,2018,2,12.78,12.69,12.78,2018-02-12,Persistence+Trend,7,2018
2018-02-06,2018,2,12.77,12.68,12.700000000000001,2018-02-13,Persistence+Trend,7,2018
2018-02-07,2018,2,12.75,12.68,12.610000000000003,2018-02-14,Persistence+Trend,7,2018
2018-02-08,2018,2,12.73,12.668,12.590000000000003,2018-02-15,Persistence+Trend,7,2018
2018-02-09,2018,2,12.71,12.57,12.570000000000004,2018-02-16,Persistence+Trend,7,2018
2018-02-10,2018,2,12.7,12.48,12.629999999999988,2018-02-17,Persistence+Trend,7,2018
2018-02-11,2018,2,12.69,12.4,12.620000000000001,2018-02-18,Persistence+Trend,7,2018
2018-02-12,2018,2,12.69,12.434,12.69,2018-02-19,Persistence+Trend,7,2018
2018-02-13,2018,2,12.68,12.44,12.610000000000001,2018-02-20,Persistence+Trend,7,2018
2018-02-14,2018,2,12.68,12.42,12.68,2018-02-21,Persistence+Trend,7,2018
2018-02-15,2018,2,12.668,12.398,12.583999999999996,2018-02-22,Persistence+Trend,7,2018
2018-02-16,2018,2,12.57,12.354,11.884000000000007,2018-02-23,Persistence+Trend,7,2018
2018-02-17,2018,2,12.48,12.34,11.850000000000001,2018-02-24,Persistence+Trend,7,2018
2018-02-18,2018,2,12.4,12.34,11.84,2018-02-25,Persistence+Trend,7,2018
2018-02-19,2018,2,12.434,12.34,12.671999999999992,2018-02-26,Persistence+Trend,7,2018
2018-02-20,2018,2,12.44,12.36,12.482000000000001,2018-02-27,Persistence+Trend,7,2018
2018-02-21,2018,2,12.42,12.38,12.280000000000003,2018-02-28,Persistence+Trend,7,2018
2018-02-22,2018,2,12.398,12.38,12.243999999999998,2018-03-01,Persistence+Trend,7,2018
2018-02-23,2018,2,12.354,12.38,12.045999999999996,2018-03-02,Persistence+Trend,7,2018
2018-02-24,2018,2,12.34,12.37,12.242000000000004,2018-03-03,Persistence+Trend,7,2018
2018-02-25,2018,2,12.34,12.35,12.34,2018-03-04,Persistence+Trend,7,2018
2018-02-26,2018,2,12.34,12.35,12.34,2018-03-05,Persistence+Trend,7,2018
2018-02-27,2018,2,12.36,12.35,12.499999999999996,2018-03-06,Persistence+Trend,7,2018
2018-02-28,2018,2,12.38,12.36,12.52000000000001,2018-03-07,Persistence+Trend,7,2018
2018-03-01,2018,3,12.38,12.372,12.38,2018-03-08,Persistence+Trend,7,2018
2018-03-02,2018,3,12.38,12.406,12.38,2018-03-09,Persistence+Trend,7,2018
2018-03-03,2018,3,12.37,12.41,12.299999999999988,2018-03-10,Persistence+Trend,7,2018
2018-03-04,2018,3,12.35,12.446,12.210000000000003,2018-03-11,Persistence+Trend,7,2018
2018-03-05,2018,3,12.35,12.474,12.35,2018-03-12,Persistence+Trend,7,2018
2018-03-06,2018,3,12.35,12.626,12.35,2018-03-13,Persistence+Trend,7,2018
2018-03-07,2018,3,12.36,12.664,12.429999999999998,2018-03-14,Persistence+Trend,7,2018
2018-03-08,2018,3,12.372,12.708,12.456000000000003,2018-03-15,Persistence+Trend,7,2018
2018-03-09,2018,3,12.406,12.734,12.644000000000005,2018-03-16,Persistence+Trend,7,2018
2018-03-10,2018,3,12.41,12.738,12.437999999999997,2018-03-17,Persistence+Trend,7,2018
2018-03-11,2018,3,12.446,12.686,12.697999999999997,2018-03-18,Persistence+Trend,7,2018
2018-03-12,2018,3,12.474,12.608,12.670000000000003,2018-03-19,Persistence+Trend,7,2018
2018-03-13,2018,3,12.626,12.518,13.689999999999994,2018-03-20,Persistence+Trend,7,2018
2018-03-14,2018,3,12.664,12.484,12.930000000000001,2018-03-21,Persistence+Trend,7,2018
2018-03-15,2018,3,12.708,12.444,13.016000000000004,2018-03-22,Persistence+Trend,7,2018
2018-03-16,2018,3,12.734,12.442,12.915999999999999,2018-03-23,Persistence+Trend,7,2018
2018-03-17,2018,3,12.738,12.478,12.765999999999996,2018-03-24,Persistence+Trend,7,2018
2018-03-18,2018,3,12.686,12.534,12.322000000000003,2018-03-25,Persistence+Trend,7,2018
2018-03-19,2018,3,12.608,12.63,12.062000000000005,2018-03-26,Persistence+Trend,7,2018
2018-03-20,2018,3,12.518,12.738,11.888000000000002,2018-03-27,Persistence+Trend,7,2018
2018-03-21,2018,3,12.484,12.76,12.245999999999995,2018-03-28,Persistence+Trend,7,2018
2018-03-22,2018,3,12.444,12.73,12.164000000000007,2018-03-29,Persistence+Trend,7,2018
2018-03-23,2018,3,12.442,12.734,12.427999999999995,2018-03-30,Persistence+Trend,7,2018
2018-03-24,2018,3,12.478,12.826,12.729999999999997,2018-03-31,Persistence+Trend,7,2018
2018-03-25,2018,3,12.534,12.95,12.926000000000007,2018-04-01,Persistence+Trend,7,2018
2018-03-26,2018,3,12.63,13.082,13.302000000000001,2018-04-02,Persistence+Trend,7,2018
2018-03-27,2018,3,12.738,13.124,13.493999999999991,2018-04-03,Persistence+Trend,7,2018
2018-03-28,2018,3,12.76,13.13,12.914000000000001,2018-04-04,Persistence+Trend,7,2018
2018-03-29,2018,3,12.73,13.13,12.520000000000005,2018-04-05,Persistence+Trend,7,2018
2018-03-30,2018,3,12.734,13.11,12.761999999999997,2018-04-06,Persistence+Trend,7,2018
2018-03-31,2018,3,12.826,13.084,13.470000000000004,2018-04-07,Persistence+Trend,7,2018
2018-04-01,2018,4,12.95,13.07,13.81799999999999,2018-04-08,Persistence+Trend,7,2018
2018-04-02,2018,4,13.082,13.07,14.00600000000001,2018-04-09,Persistence+Trend,7,2018
2018-04-03,2018,4,13.124,13.08,13.418,2018-04-10,Persistence+Trend,7,2018
2018-04-04,2018,4,13.13,13.068,13.172000000000002,2018-04-11,Persistence+Trend,7,2018
2018-04-05,2018,4,13.13,13.06,13.13,2018-04-12,Persistence+Trend,7,2018
2018-04-06,2018,4,13.11,13.088,12.96999999999999,2018-04-13,Persistence+Trend,7,2018
2018-04-07,2018,4,13.084,13.18,12.902000000000001,2018-04-14,Persistence+Trend,7,2018
2018-04-08,2018,4,13.07,13.328,12.972000000000005,2018-04-15,Persistence+Trend,7,2018
2018-04-09,2018,4,13.07,13.422,13.07,2018-04-16,Persistence+Trend,7,2018
2018-04-10,2018,4,13.08,13.462,13.149999999999999,2018-04-17,Persistence+Trend,7,2018
2018-04-11,2018,4,13.068,13.508,12.983999999999996,2018-04-18,Persistence+Trend,7,2018
2018-04-12,2018,4,13.06,13.58,13.004000000000007,2018-04-19,Persistence+Trend,7,2018
2018-04-13,2018,4,13.088,13.838,13.28399999999999,2018-04-20,Persistence+Trend,7,2018
2018-04-14,2018,4,13.18,14.13,13.824000000000003,2018-04-21,Persistence+Trend,7,2018
2018-04-15,2018,4,13.328,14.334,14.363999999999997,2018-04-22,Persistence+Trend,7,2018
2018-04-16,2018,4,13.422,14.368,14.080000000000009,2018-04-23,Persistence+Trend,7,2018
2018-04-17,2018,4,13.462,14.254,13.741999999999994,2018-04-24,Persistence+Trend,7,2018
2018-04-18,2018,4,13.508,14.12,13.829999999999995,2018-04-25,Persistence+Trend,7,2018
2018-04-19,2018,4,13.58,14.052,14.084000000000007,2018-04-26,Persistence+Trend,7,2018
2018-04-20,2018,4,13.838,14.024,15.643999999999993,2018-04-27,Persistence+Trend,7,2018
2018-04-21,2018,4,14.13,14.032,16.174000000000014,2018-04-28,Persistence+Trend,7,2018
2018-04-22,2018,4,14.334,14.128,15.761999999999992,2018-04-29,Persistence+Trend,7,2018
2018-04-23,2018,4,14.368,14.306,14.606000000000005,2018-04-30,Persistence+Trend,7,2018
2018-04-24,2018,4,14.254,14.402,13.455999999999994,2018-05-01,Persistence+Trend,7,2018
2018-04-25,2018,4,14.12,14.43,13.181999999999997,2018-05-02,Persistence+Trend,7,2018
2018-04-26,2018,4,14.052,14.434,13.576000000000002,2018-05-03,Persistence+Trend,7,2018
2018-04-27,2018,4,14.024,14.296,13.827999999999996,2018-05-04,Persistence+Trend,7,2018
2018-04-28,2018,4,14.032,14.228,14.088000000000006,2018-05-05,Persistence+Trend,7,2018
2018-04-29,2018,4,14.128,14.152,14.8,2018-05-06,Persistence+Trend,7,2018
2018-04-30,2018,4,14.306,14.14,15.551999999999992,2018-05-07,Persistence+Trend,7,2018
2018-05-01,2018,5,14.402,14.13,15.074,2018-05-08,Persistence+Trend,7,2018
2018-05-02,2018,5,14.43,14.166,14.626000000000003,2018-05-09,Persistence+Trend,7,2018
2018-05-03,2018,5,14.434,14.218,14.461999999999996,2018-05-10,Persistence+Trend,7,2018
2018-05-04,2018,5,14.296,14.42,13.33,2018-05-11,Persistence+Trend,7,2018
2018-05-05,2018,5,14.228,14.546,13.752000000000002,2018-05-12,Persistence+Trend,7,2018
2018-05-06,2018,5,14.152,14.56,13.619999999999996,2018-05-13,Persistence+Trend,7,2018
2018-05-07,2018,5,14.14,14.57,14.05600000000001,2018-05-14,Persistence+Trend,7,2018
2018-05-08,2018,5,14.13,14.588,14.060000000000002,2018-05-15,Persistence+Trend,7,2018
2018-05-09,2018,5,14.166,14.712,14.417999999999997,2018-05-16,Persistence+Trend,7,2018
2018-05-10,2018,5,14.218,14.972,14.581999999999997,2018-05-17,Persistence+Trend,7,2018
2018-05-11,2018,5,14.42,15.076,15.834,2018-05-18,Persistence+Trend,7,2018
2018-05-12,2018,5,14.546,14.988,15.427999999999995,2018-05-19,Persistence+Trend,7,2018
2018-05-13,2018,5,14.56,14.832,14.658000000000008,2018-05-20,Persistence+Trend,7,2018
2018-05-14,2018,5,14.57,14.72,14.639999999999999,2018-05-21,Persistence+Trend,7,2018
2018-05-15,2018,5,14.588,14.664,14.713999999999992,2018-05-22,Persistence+Trend,7,2018
2018-05-16,2018,5,14.712,14.632,15.580000000000004,2018-05-23,Persistence+Trend,7,2018
2018-05-17,2018,5,14.972,14.572,16.791999999999998,2018-05-24,Persistence+Trend,7,2018
2018-05-18,2018,5,15.076,14.564,15.804000000000007,2018-05-25,Persistence+Trend,7,2018
2018-05-19,2018,5,14.988,14.868,14.371999999999993,2018-05-26,Persistence+Trend,7,2018
2018-05-20,2018,5,14.832,15.12,13.740000000000009,2018-05-27,Persistence+Trend,7,2018
2018-05-21,2018,5,14.72,15.4,13.936,2018-05-28,Persistence+Trend,7,2018
2018-05-22,2018,5,14.664,15.656,14.271999999999993,2018-05-29,Persistence+Trend,7,2018
2018-05-23,2018,5,14.632,16.088,14.408,2018-05-30,Persistence+Trend,7,2018
2018-05-24,2018,5,14.572,16.376,14.151999999999996,2018-05-31,Persistence+Trend,7,2018
2018-05-25,2018,5,14.564,16.568,14.508000000000006,2018-06-01,Persistence+Trend,7,2018
2018-05-26,2018,5,14.868,16.72,16.996000000000002,2018-06-02,Persistence+Trend,7,2018
2018-05-27,2018,5,15.12,16.856,16.883999999999993,2018-06-03,Persistence+Trend,7,2018
2018-05-28,2018,5,15.4,16.764,17.360000000000007,2018-06-04,Persistence+Trend,7,2018
2018-05-29,2018,5,15.656,16.484,17.448,2018-06-05,Persistence+Trend,7,2018
2018-05-30,2018,5,16.088,16.262,19.112000000000002,2018-06-06,Persistence+Trend,7,2018
2018-05-31,2018,5,16.376,16.086,18.392000000000003,2018-06-07,Persistence+Trend,7,2018
2018-06-01,2018,6,16.568,15.96,17.912000000000003,2018-06-08,Persistence+Trend,7,2018
2018-06-02,2018,6,16.72,15.844,17.78399999999998,2018-06-09,Persistence+Trend,7,2018
2018-06-03,2018,6,16.856,15.79,17.80800000000002,2018-06-10,Persistence+Trend,7,2018
2018-06-04,2018,6,16.764,15.77,16.119999999999983,2018-06-11,Persistence+Trend,7,2018
2018-06-05,2018,6,16.484,15.77,14.524000000000019,2018-06-12,Persistence+Trend,7,2018
2018-06-06,2018,6,16.262,15.748,14.707999999999991,2018-06-13,Persistence+Trend,7,2018
2018-06-07,2018,6,16.086,15.71,14.853999999999985,2018-06-14,Persistence+Trend,7,2018
2018-06-08,2018,6,15.96,15.86,15.078000000000017,2018-06-15,Persistence+Trend,7,2018
2018-06-09,2018,6,15.844,16.182,15.03199999999999,2018-06-16,Persistence+Trend,7,2018
2018-06-10,2018,6,15.79,16.462,15.411999999999997,2018-06-17,Persistence+Trend,7,2018
2018-06-11,2018,6,15.77,16.95,15.630000000000003,2018-06-18,Persistence+Trend,7,2018
2018-06-12,2018,6,15.77,17.622,15.77,2018-06-19,Persistence+Trend,7,2018
2018-06-13,2018,6,15.748,17.992,15.593999999999998,2018-06-20,Persistence+Trend,7,2018
2018-06-14,2018,6,15.71,18.072,15.444000000000011,2018-06-21,Persistence+Trend,7,2018
2018-06-15,2018,6,15.86,18.1,16.90999999999999,2018-06-22,Persistence+Trend,7,2018
2018-06-16,2018,6,16.182,18.082,18.435999999999993,2018-06-23,Persistence+Trend,7,2018
2018-06-17,2018,6,16.462,18.018,18.422000000000008,2018-06-24,Persistence+Trend,7,2018
2018-06-18,2018,6,16.95,17.972,20.365999999999996,2018-06-25,Persistence+Trend,7,2018
2018-06-19,2018,6,17.622,18.062,22.326000000000004,2018-06-26,Persistence+Trend,7,2018
2018-06-20,2018,6,17.992,18.046,20.582000000000008,2018-06-27,Persistence+Trend,7,2018
2018-06-21,2018,6,18.072,17.948,18.631999999999987,2018-06-28,Persistence+Trend,7,2018
2018-06-22,2018,6,18.1,17.852,18.296000000000017,2018-06-29,Persistence+Trend,7,2018
2018-06-23,2018,6,18.082,17.804,17.955999999999996,2018-06-30,Persistence+Trend,7,2018
2018-06-24,2018,6,18.018,17.8,17.57,2018-07-01,Persistence+Trend,7,2018
2018-06-25,2018,6,17.972,18.078,17.650000000000006,2018-07-02,Persistence+Trend,7,2018
2018-06-26,2018,6,18.062,18.436,18.692,2018-07-03,Persistence+Trend,7,2018
2018-06-27,2018,6,18.046,18.504,17.933999999999987,2018-07-04,Persistence+Trend,7,2018
2018-06-28,2018,6,17.948,18.77,17.262000000000008,2018-07-05,Persistence+Trend,7,2018
2018-06-29,2018,6,17.852,19.164,17.18,2018-07-06,Persistence+Trend,7,2018
2018-06-30,2018,6,17.804,19.492,17.467999999999986,2018-07-07,Persistence+Trend,7,2018
2018-07-01,2018,7,17.8,19.494,17.772000000000016,2018-07-08,Persistence+Trend,7,2018
2018-07-02,2018,7,18.078,19.474,20.02399999999999,2018-07-09,Persistence+Trend,7,2018
2018-07-03,2018,7,18.436,19.38,20.942000000000004,2018-07-10,Persistence+Trend,7,2018
2018-07-04,2018,7,18.504,19.126,18.98000000000001,2018-07-11,Persistence+Trend,7,2018
2018-07-05,2018,7,18.77,18.892,20.631999999999987,2018-07-12,Persistence+Trend,7,2018
2018-07-06,2018,7,19.164,18.74,21.922000000000015,2018-07-13,Persistence+Trend,7,2018
2018-07-07,2018,7,19.492,18.71,21.787999999999997,2018-07-14,Persistence+Trend,7,2018
2018-07-08,2018,7,19.494,18.734,19.507999999999992,2018-07-15,Persistence+Trend,7,2018
2018-07-09,2018,7,19.474,18.8,19.334000000000003,2018-07-16,Persistence+Trend,7,2018
2018-07-10,2018,7,19.38,18.848,18.72199999999999,2018-07-17,Persistence+Trend,7,2018
2018-07-11,2018,7,19.126,18.832,17.348000000000017,2018-07-18,Persistence+Trend,7,2018
2018-07-12,2018,7,18.892,18.758,17.253999999999987,2018-07-19,Persistence+Trend,7,2018
2018-07-13,2018,7,18.74,18.672,17.67599999999999,2018-07-20,Persistence+Trend,7,2018
2018-07-14,2018,7,18.71,18.564,18.500000000000018,2018-07-21,Persistence+Trend,7,2018
2018-07-15,2018,7,18.734,18.48,18.902000000000008,2018-07-22,Persistence+Trend,7,2018
2018-07-16,2018,7,18.8,18.432,19.261999999999993,2018-07-23,Persistence+Trend,7,2018
2018-07-17,2018,7,18.848,18.416,19.183999999999987,2018-07-24,Persistence+Trend,7,2018
2018-07-18,2018,7,18.832,18.438,18.720000000000013,2018-07-25,Persistence+Trend,7,2018
2018-07-19,2018,7,18.758,18.41,18.239999999999988,2018-07-26,Persistence+Trend,7,2018
2018-07-20,2018,7,18.672,18.4,18.07000000000001,2018-07-27,Persistence+Trend,7,2018
2018-07-21,2018,7,18.564,18.41,17.807999999999996,2018-07-28,Persistence+Trend,7,2018
2018-07-22,2018,7,18.48,18.408,17.892000000000003,2018-07-29,Persistence+Trend,7,2018
2018-07-23,2018,7,18.432,18.39,18.095999999999986,2018-07-30,Persistence+Trend,7,2018
2018-07-24,2018,7,18.416,18.38,18.304000000000013,2018-07-31,Persistence+Trend,7,2018
2018-07-25,2018,7,18.438,18.442,18.591999999999988,2018-08-01,Persistence+Trend,7,2018
2018-07-26,2018,7,18.41,18.652,18.21400000000001,2018-08-02,Persistence+Trend,7,2018
2018-07-27,2018,7,18.4,18.936,18.329999999999988,2018-08-03,Persistence+Trend,7,2018
2018-07-28,2018,7,18.41,19.036,18.48000000000001,2018-08-04,Persistence+Trend,7,2018
2018-07-29,2018,7,18.408,19.112,18.39400000000001,2018-08-05,Persistence+Trend,7,2018
2018-07-30,2018,7,18.39,19.13,18.263999999999996,2018-08-06,Persistence+Trend,7,2018
2018-07-31,2018,7,18.38,19.186,18.309999999999988,2018-08-07,Persistence+Trend,7,2018
2018-08-01,2018,8,18.442,19.216,18.87600000000001,2018-08-08,Persistence+Trend,7,2018
2018-08-02,2018,8,18.652,19.184,20.122000000000007,2018-08-09,Persistence+Trend,7,2018
2018-08-03,2018,8,18.936,19.06,20.923999999999992,2018-08-10,Persistence+Trend,7,2018
2018-08-04,2018,8,19.036,18.906,19.73600000000001,2018-08-11,Persistence+Trend,7,2018
2018-08-05,2018,8,19.112,18.79,19.643999999999977,2018-08-12,Persistence+Trend,7,2018
2018-08-06,2018,8,19.13,18.76,19.256000000000004,2018-08-13,Persistence+Trend,7,2018
2018-08-07,2018,8,19.186,18.762,19.578000000000007,2018-08-14,Persistence+Trend,7,2018
2018-08-08,2018,8,19.216,18.83,19.42600000000001,2018-08-15,Persistence+Trend,7,2018
2018-08-09,2018,8,19.184,18.85,18.96,2018-08-16,Persistence+Trend,7,2018
2018-08-10,2018,8,19.06,18.848,18.191999999999982,2018-08-17,Persistence+Trend,7,2018
2018-08-11,2018,8,18.906,18.818,17.828,2018-08-18,Persistence+Trend,7,2018
2018-08-12,2018,8,18.79,18.738,17.978,2018-08-19,Persistence+Trend,7,2018
2018-08-13,2018,8,18.76,18.656,18.55000000000002,2018-08-20,Persistence+Trend,7,2018
2018-08-14,2018,8,18.762,18.538,18.775999999999993,2018-08-21,Persistence+Trend,7,2018
2018-08-15,2018,8,18.83,18.41,19.305999999999983,2018-08-22,Persistence+Trend,7,2018
2018-08-16,2018,8,18.85,18.294,18.990000000000023,2018-08-23,Persistence+Trend,7,2018
2018-08-17,2018,8,18.848,18.28,18.833999999999982,2018-08-24,Persistence+Trend,7,2018
2018-08-18,2018,8,18.818,18.26,18.60800000000002,2018-08-25,Persistence+Trend,7,2018
2018-08-19,2018,8,18.738,18.26,18.177999999999987,2018-08-26,Persistence+Trend,7,2018
2018-08-20,2018,8,18.656,18.27,18.081999999999994,2018-08-27,Persistence+Trend,7,2018
2018-08-21,2018,8,18.538,18.27,17.71200000000001,2018-08-28,Persistence+Trend,7,2018
2018-08-22,2018,8,18.41,18.29,17.514,2018-08-29,Persistence+Trend,7,2018
2018-08-23,2018,8,18.294,18.362,17.482000000000003,2018-08-30,Persistence+Trend,7,2018
2018-08-24,2018,8,18.28,18.474,18.182000000000006,2018-08-31,Persistence+Trend,7,2018
2018-08-25,2018,8,18.26,18.63,18.120000000000005,2018-09-01,Persistence+Trend,7,2018
2018-08-26,2018,8,18.26,18.694,18.26,2018-09-02,Persistence+Trend,7,2018
2018-08-27,2018,8,18.27,18.714,18.339999999999986,2018-09-03,Persistence+Trend,7,2018
2018-08-28,2018,8,18.27,18.854,18.27,2018-09-04,Persistence+Trend,7,2018
2018-08-29,2018,8,18.29,18.906,18.429999999999996,2018-09-05,Persistence+Trend,7,2018
2018-08-30,2018,8,18.362,18.866,18.865999999999993,2018-09-06,Persistence+Trend,7,2018
2018-08-31,2018,8,18.474,18.85,19.258000000000013,2018-09-07,Persistence+Trend,7,2018
2018-09-01,2018,9,18.63,18.82,19.72199999999999,2018-09-08,Persistence+Trend,7,2018
2018-09-02,2018,9,18.694,18.73,19.142,2018-09-09,Persistence+Trend,7,2018
2018-09-03,2018,9,18.714,18.642,18.853999999999996,2018-09-10,Persistence+Trend,7,2018
2018-09-04,2018,9,18.854,18.722,19.834000000000003,2018-09-11,Persistence+Trend,7,2018
2018-09-05,2018,9,18.906,19.06,19.269999999999996,2018-09-12,Persistence+Trend,7,2018
2018-09-06,2018,9,18.866,19.256,18.586000000000006,2018-09-13,Persistence+Trend,7,2018
2018-09-07,2018,9,18.85,19.28,18.738000000000014,2018-09-14,Persistence+Trend,7,2018
2018-09-08,2018,9,18.82,19.4,18.609999999999992,2018-09-15,Persistence+Trend,7,2018
2018-09-09,2018,9,18.73,19.504,18.1,2018-09-16,Persistence+Trend,7,2018
2018-09-10,2018,9,18.642,19.558,18.025999999999993,2018-09-17,Persistence+Trend,7,2018
2018-09-11,2018,9,18.722,19.558,19.282000000000014,2018-09-18,Persistence+Trend,7,2018
2018-09-12,2018,9,19.06,19.586,21.42599999999998,2018-09-19,Persistence+Trend,7,2018
2018-09-13,2018,9,19.256,19.54,20.62800000000001,2018-09-20,Persistence+Trend,7,2018
2018-09-14,2018,9,19.28,19.302,19.448000000000008,2018-09-21,Persistence+Trend,7,2018
2018-09-15,2018,9,19.4,19.098,20.23999999999998,2018-09-22,Persistence+Trend,7,2018
2018-09-16,2018,9,19.504,18.694,20.23200000000002,2018-09-23,Persistence+Trend,7,2018
2018-09-17,2018,9,19.558,18.364,19.93599999999999,2018-09-24,Persistence+Trend,7,2018
2018-09-18,2018,9,19.558,18.082,19.558,2018-09-25,Persistence+Trend,7,2018
2018-09-19,2018,9,19.586,17.994,19.78199999999999,2018-09-26,Persistence+Trend,7,2018
2018-09-20,2018,9,19.54,18.144,19.218000000000004,2018-09-27,Persistence+Trend,7,2018
2018-09-21,2018,9,19.302,18.276,17.636000000000003,2018-09-28,Persistence+Trend,7,2018
2018-09-22,2018,9,19.098,18.288,17.669999999999995,2018-09-29,Persistence+Trend,7,2018
2018-09-23,2018,9,18.694,18.182,15.866,2018-09-30,Persistence+Trend,7,2018
2018-09-24,2018,9,18.364,18.054,16.054000000000013,2018-10-01,Persistence+Trend,7,2018
2018-09-25,2018,9,18.082,17.942,16.108,2018-10-02,Persistence+Trend,7,2018
2018-09-26,2018,9,17.994,17.862,17.377999999999993,2018-10-03,Persistence+Trend,7,2018
2018-09-27,2018,9,18.144,17.782,19.19399999999999,2018-10-04,Persistence+Trend,7,2018
2018-09-28,2018,9,18.276,17.606,19.20000000000001,2018-10-05,Persistence+Trend,7,2018
2018-09-29,2018,9,18.288,17.488,18.372000000000003,2018-10-06,Persistence+Trend,7,2018
2018-09-30,2018,9,18.182,17.344,17.439999999999987,2018-10-07,Persistence+Trend,7,2018
2018-10-01,2018,10,18.054,17.208,17.157999999999998,2018-10-08,Persistence+Trend,7,2018
2018-10-02,2018,10,17.942,17.078,17.158000000000012,2018-10-09,Persistence+Trend,7,2018
2018-10-03,2018,10,17.862,16.894,17.301999999999985,2018-10-10,Persistence+Trend,7,2018
2018-10-04,2018,10,17.782,16.69,17.222000000000012,2018-10-11,Persistence+Trend,7,2018
2018-10-05,2018,10,17.606,16.56,16.374000000000013,2018-10-12,Persistence+Trend,7,2018
2018-10-06,2018,10,17.488,16.41,16.661999999999985,2018-10-13,Persistence+Trend,7,2018
2018-10-07,2018,10,17.344,16.272,16.336000000000013,2018-10-14,Persistence+Trend,7,2018
2018-10-08,2018,10,17.208,16.18,16.25599999999998,2018-10-15,Persistence+Trend,7,2018
2018-10-09,2018,10,17.078,16.074,16.168000000000006,2018-10-16,Persistence+Trend,7,2018
2018-10-10,2018,10,16.894,15.976,15.605999999999991,2018-10-17,Persistence+Trend,7,2018
2018-10-11,2018,10,16.69,15.882,15.262000000000022,2018-10-18,Persistence+Trend,7,2018
2018-10-12,2018,10,16.56,15.872,15.64999999999998,2018-10-19,Persistence+Trend,7,2018
2018-10-13,2018,10,16.41,15.97,15.36000000000001,2018-10-20,Persistence+Trend,7,2018
2018-10-14,2018,10,16.272,16.004,15.305999999999987,2018-10-21,Persistence+Trend,7,2018
2018-10-15,2018,10,16.18,15.892,15.536000000000008,2018-10-22,Persistence+Trend,7,2018
2018-10-16,2018,10,16.074,15.73,15.332000000000015,2018-10-23,Persistence+Trend,7,2018
2018-10-17,2018,10,15.976,15.526,15.289999999999996,2018-10-24,Persistence+Trend,7,2018
2018-10-18,2018,10,15.882,15.402,15.223999999999991,2018-10-25,Persistence+Trend,7,2018
2018-10-19,2018,10,15.872,15.408,15.802000000000001,2018-10-26,Persistence+Trend,7,2018
2018-10-20,2018,10,15.97,15.406,16.656000000000006,2018-10-27,Persistence+Trend,7,2018
2018-10-21,2018,10,16.004,15.262,16.242000000000004,2018-10-28,Persistence+Trend,7,2018
2018-10-22,2018,10,15.892,15.134,15.107999999999986,2018-10-29,Persistence+Trend,7,2018
2018-10-23,2018,10,15.73,15.036,14.596000000000007,2018-10-30,Persistence+Trend,7,2018
2018-10-24,2018,10,15.526,14.956,14.097999999999995,2018-10-31,Persistence+Trend,7,2018
2018-10-25,2018,10,15.402,14.87,14.533999999999995,2018-11-01,Persistence+Trend,7,2018
2018-10-26,2018,10,15.408,14.81,15.450000000000001,2018-11-02,Persistence+Trend,7,2018
2018-10-27,2018,10,15.406,14.724,15.392000000000008,2018-11-03,Persistence+Trend,7,2018
2018-10-28,2018,10,15.262,14.688,14.254,2018-11-04,Persistence+Trend,7,2018
2018-10-29,2018,10,15.134,14.596,14.238,2018-11-05,Persistence+Trend,7,2018
2018-10-30,2018,10,15.036,14.514,14.349999999999994,2018-11-06,Persistence+Trend,7,2018
2018-10-31,2018,10,14.956,14.494,14.395999999999999,2018-11-07,Persistence+Trend,7,2018
2018-11-01,2018,11,14.87,14.54,14.267999999999997,2018-11-08,Persistence+Trend,7,2018
2018-11-02,2018,11,14.81,14.51,14.39000000000001,2018-11-09,Persistence+Trend,7,2018
2018-11-03,2018,11,14.724,14.472,14.121999999999998,2018-11-10,Persistence+Trend,7,2018
2018-11-04,2018,11,14.688,14.44,14.436000000000003,2018-11-11,Persistence+Trend,7,2018
2018-11-05,2018,11,14.596,14.47,13.951999999999996,2018-11-12,Persistence+Trend,7,2018
2018-11-06,2018,11,14.514,14.5,13.939999999999994,2018-11-13,Persistence+Trend,7,2018
2018-11-07,2018,11,14.494,14.498,14.354000000000003,2018-11-14,Persistence+Trend,7,2018
2018-11-08,2018,11,14.54,14.406,14.861999999999995,2018-11-15,Persistence+Trend,7,2018
2018-11-09,2018,11,14.51,14.3,14.300000000000004,2018-11-16,Persistence+Trend,7,2018
2018-11-10,2018,11,14.472,14.238,14.205999999999998,2018-11-17,Persistence+Trend,7,2018
2018-11-11,2018,11,14.44,14.186,14.216,2018-11-18,Persistence+Trend,7,2018
2018-11-12,2018,11,14.47,14.132,14.680000000000009,2018-11-19,Persistence+Trend,7,2018
2018-11-13,2018,11,14.5,14.078,14.709999999999996,2018-11-20,Persistence+Trend,7,2018
2018-11-14,2018,11,14.498,14.056,14.483999999999995,2018-11-21,Persistence+Trend,7,2018
2018-11-15,2018,11,14.406,14.05,13.76200000000001,2018-11-22,Persistence+Trend,7,2018
2018-11-16,2018,11,14.3,14.072,13.558000000000002,2018-11-23,Persistence+Trend,7,2018
2018-11-17,2018,11,14.238,14.15,13.803999999999991,2018-11-24,Persistence+Trend,7,2018
2018-11-18,2018,11,14.186,14.196,13.822000000000003,2018-11-25,Persistence+Trend,7,2018
2018-11-19,2018,11,14.132,14.154,13.753999999999998,2018-11-26,Persistence+Trend,7,2018
2018-11-20,2018,11,14.078,14.044,13.699999999999998,2018-11-27,Persistence+Trend,7,2018
2018-11-21,2018,11,14.056,13.95,13.901999999999997,2018-11-28,Persistence+Trend,7,2018
2018-11-22,2018,11,14.05,13.88,14.008000000000012,2018-11-29,Persistence+Trend,7,2018
2018-11-23,2018,11,14.072,13.84,14.225999999999988,2018-11-30,Persistence+Trend,7,2018
2018-11-24,2018,11,14.15,13.836,14.696000000000009,2018-12-01,Persistence+Trend,7,2018
2018-11-25,2018,11,14.196,13.798,14.517999999999995,2018-12-02,Persistence+Trend,7,2018
2018-11-26,2018,11,14.154,13.746,13.860000000000001,2018-12-03,Persistence+Trend,7,2018
2018-11-27,2018,11,14.044,13.73,13.274000000000004,2018-12-04,Persistence+Trend,7,2018
2018-11-28,2018,11,13.95,13.676,13.291999999999991,2018-12-05,Persistence+Trend,7,2018
2018-11-29,2018,11,13.88,13.63,13.390000000000011,2018-12-06,Persistence+Trend,7,2018
2018-11-30,2018,11,13.84,13.58,13.559999999999993,2018-12-07,Persistence+Trend,7,2018
2018-12-01,2018,12,13.836,13.57,13.808000000000003,2018-12-08,Persistence+Trend,7,2018
2018-12-02,2018,12,13.798,13.522,13.531999999999998,2018-12-09,Persistence+Trend,7,2018
2018-12-03,2018,12,13.746,13.474,13.382000000000003,2018-12-10,Persistence+Trend,7,2018
2018-12-04,2018,12,13.73,13.456,13.618,2018-12-11,Persistence+Trend,7,2018
2018-12-05,2018,12,13.676,13.418,13.297999999999998,2018-12-12,Persistence+Trend,7,2018
2018-12-06,2018,12,13.63,13.372,13.308000000000005,2018-12-13,Persistence+Trend,7,2018
2018-12-07,2018,12,13.58,13.34,13.229999999999995,2018-12-14,Persistence+Trend,7,2018
2018-12-08,2018,12,13.57,13.312,13.500000000000002,2018-12-15,Persistence+Trend,7,2018
2018-12-09,2018,12,13.522,13.268,13.186,2018-12-16,Persistence+Trend,7,2018
2018-12-10,2018,12,13.474,13.246,13.138,2018-12-17,Persistence+Trend,7,2018
2018-12-11,2018,12,13.456,13.21,13.329999999999995,2018-12-18,Persistence+Trend,7,2018
2018-12-12,2018,12,13.418,13.202,13.151999999999997,2018-12-19,Persistence+Trend,7,2018
2018-12-13,2018,12,13.372,13.16,13.050000000000004,2018-12-20,Persistence+Trend,7,2018
2018-12-14,2018,12,13.34,13.15,13.116,2018-12-21,Persistence+Trend,7,2018
2018-12-15,2018,12,13.312,13.15,13.115999999999996,2018-12-22,Persistence+Trend,7,2018
2018-12-16,2018,12,13.268,13.14,12.96000000000001,2018-12-23,Persistence+Trend,7,2018
2018-12-17,2018,12,13.246,13.14,13.091999999999999,2018-12-24,Persistence+Trend,7,2018
2018-12-18,2018,12,13.21,13.116,12.958000000000004,2018-12-25,Persistence+Trend,7,2018
2018-12-19,2018,12,13.202,13.11,13.145999999999994,2018-12-26,Persistence+Trend,7,2018
2018-12-20,2018,12,13.16,13.11,12.866000000000001,2018-12-27,Persistence+Trend,7,2018
2018-12-21,2018,12,13.15,13.11,13.080000000000002,2018-12-28,Persistence+Trend,7,2018
2018-12-22,2018,12,13.15,13.1,13.15,2018-12-29,Persistence+Trend,7,2018
2018-12-23,2018,12,13.14,13.08,13.070000000000002,2018-12-30,Persistence+Trend,7,2018
2018-12-24,2018,12,13.14,13.02,13.14,2018-12-31,Persistence+Trend,7,2018
2018-12-25,2018,12,13.116,12.982,12.947999999999993,2019-01-01,Persistence+Trend,7,2018
2018-12-26,2018,12,13.11,12.934,13.067999999999998,2019-01-02,Persistence+Trend,7,2018
2018-12-27,2018,12,13.11,12.92,13.11,2019-01-03,Persistence+Trend,7,2018
2018-12-28,2018,12,13.11,12.902,13.11,2019-01-04,Persistence+Trend,7,2018
2018-12-29,2018,12,13.1,12.88,13.030000000000001,2019-01-05,Persistence+Trend,7,2018
2018-12-30,2018,12,13.08,12.844,12.940000000000003,2019-01-06,Persistence+Trend,7,2018
2018-12-31,2018,12,13.02,12.814,12.599999999999996,2019-01-07,Persistence+Trend,7,2018
2019-01-01,2019,1,12.982,12.786,12.715999999999998,2019-01-08,Persistence+Trend,7,2019
2019-01-02,2019,1,12.934,12.764,12.597999999999999,2019-01-09,Persistence+Trend,7,2019
2019-01-03,2019,1,12.92,12.736,12.822000000000005,2019-01-10,Persistence+Trend,7,2019
2019-01-04,2019,1,12.902,12.72,12.775999999999994,2019-01-11,Persistence+Trend,7,2019
2019-01-05,2019,1,12.88,12.704,12.726000000000012,2019-01-12,Persistence+Trend,7,2019
2019-01-06,2019,1,12.844,12.676,12.59199999999999,2019-01-13,Persistence+Trend,7,2019
2019-01-07,2019,1,12.814,12.654,12.604000000000005,2019-01-14,Persistence+Trend,7,2019
2019-01-08,2019,1,12.786,12.636,12.589999999999996,2019-01-15,Persistence+Trend,7,2019
2019-01-09,2019,1,12.764,12.604,12.609999999999998,2019-01-16,Persistence+Trend,7,2019
2019-01-10,2019,1,12.736,12.594,12.54000000000001,2019-01-17,Persistence+Trend,7,2019
2019-01-11,2019,1,12.72,12.574,12.608,2019-01-18,Persistence+Trend,7,2019
2019-01-12,2019,1,12.704,12.57,12.592,2019-01-19,Persistence+Trend,7,2019
2019-01-13,2019,1,12.676,12.542,12.479999999999997,2019-01-20,Persistence+Trend,7,2019
2019-01-14,2019,1,12.654,12.504,12.499999999999998,2019-01-21,Persistence+Trend,7,2019
2019-01-15,2019,1,12.636,12.486,12.509999999999994,2019-01-22,Persistence+Trend,7,2019
2019-01-16,2019,1,12.604,12.456,12.379999999999999,2019-01-23,Persistence+Trend,7,2019
2019-01-17,2019,1,12.594,12.436,12.524000000000001,2019-01-24,Persistence+Trend,7,2019
2019-01-18,2019,1,12.574,12.408,12.434000000000003,2019-01-25,Persistence+Trend,7,2019
2019-01-19,2019,1,12.57,12.364,12.542000000000003,2019-01-26,Persistence+Trend,7,2019
2019-01-20,2019,1,12.542,12.352,12.345999999999997,2019-01-27,Persistence+Trend,7,2019
2019-01-21,2019,1,12.504,12.35,12.237999999999998,2019-01-28,Persistence+Trend,7,2019
2019-01-22,2019,1,12.486,12.344,12.360000000000008,2019-01-29,Persistence+Trend,7,2019
2019-01-23,2019,1,12.456,12.326,12.245999999999992,2019-01-30,Persistence+Trend,7,2019
2019-01-24,2019,1,12.436,12.32,12.296000000000003,2019-01-31,Persistence+Trend,7,2019
2019-01-25,2019,1,12.408,12.304,12.211999999999996,2019-02-01,Persistence+Trend,7,2019
2019-01-26,2019,1,12.364,12.276,12.05600000000001,2019-02-02,Persistence+Trend,7,2019
2019-01-27,2019,1,12.352,12.264,12.267999999999997,2019-02-03,Persistence+Trend,7,2019
2019-01-28,2019,1,12.35,12.26,12.335999999999995,2019-02-04,Persistence+Trend,7,2019
2019-01-29,2019,1,12.344,12.246,12.301999999999998,2019-02-05,Persistence+Trend,7,2019
2019-01-30,2019,1,12.326,12.234,12.200000000000008,2019-02-06,Persistence+Trend,7,2019
2019-01-31,2019,1,12.32,12.228,12.277999999999999,2019-02-07,Persistence+Trend,7,2019
2019-02-01,2019,2,12.304,12.21,12.192,2019-02-08,Persistence+Trend,7,2019
2019-02-02,2019,2,12.276,12.208,12.079999999999997,2019-02-09,Persistence+Trend,7,2019
2019-02-03,2019,2,12.264,12.186,12.179999999999996,2019-02-10,Persistence+Trend,7,2019
2019-02-04,2019,2,12.26,12.174,12.232000000000003,2019-02-11,Persistence+Trend,7,2019
2019-02-05,2019,2,12.246,12.166,12.148000000000005,2019-02-12,Persistence+Trend,7,2019
2019-02-06,2019,2,12.234,12.15,12.149999999999997,2019-02-13,Persistence+Trend,7,2019
2019-02-07,2019,2,12.228,12.146,12.185999999999998,2019-02-14,Persistence+Trend,7,2019
2019-02-08,2019,2,12.21,12.142,12.084000000000009,2019-02-15,Persistence+Trend,7,2019
2019-02-09,2019,2,12.208,12.13,12.193999999999996,2019-02-16,Persistence+Trend,7,2019
2019-02-10,2019,2,12.186,12.12,12.031999999999998,2019-02-17,Persistence+Trend,7,2019
2019-02-11,2019,2,12.174,12.12,12.089999999999996,2019-02-18,Persistence+Trend,7,2019
2019-02-12,2019,2,12.166,12.12,12.110000000000007,2019-02-19,Persistence+Trend,7,2019
2019-02-13,2019,2,12.15,12.156,12.038,2019-02-20,Persistence+Trend,7,2019
2019-02-14,2019,2,12.146,12.17,12.118000000000004,2019-02-21,Persistence+Trend,7,2019
2019-02-15,2019,2,12.142,12.156,12.11399999999999,2019-02-22,Persistence+Trend,7,2019
2019-02-16,2019,2,12.13,12.14,12.04600000000001,2019-02-23,Persistence+Trend,7,2019
2019-02-17,2019,2,12.12,12.144,12.049999999999988,2019-02-24,Persistence+Trend,7,2019
2019-02-18,2019,2,12.12,12.144,12.12,2019-02-25,Persistence+Trend,7,2019
2019-02-19,2019,2,12.12,12.162,12.12,2019-02-26,Persistence+Trend,7,2019
2019-02-20,2019,2,12.156,12.212,12.40800000000001,2019-02-27,Persistence+Trend,7,2019
2019-02-21,2019,2,12.17,12.286,12.267999999999995,2019-02-28,Persistence+Trend,7,2019
2019-02-22,2019,2,12.156,12.31,12.058000000000005,2019-03-01,Persistence+Trend,7,2019
2019-02-23,2019,2,12.14,12.28,12.028,2019-03-02,Persistence+Trend,7,2019
2019-02-24,2019,2,12.144,12.26,12.171999999999997,2019-03-03,Persistence+Trend,7,2019
2019-02-25,2019,2,12.144,12.26,12.144,2019-03-04,Persistence+Trend,7,2019
2019-02-26,2019,2,12.162,12.27,12.288000000000006,2019-03-05,Persistence+Trend,7,2019
2019-02-27,2019,2,12.212,12.38,12.561999999999992,2019-03-06,Persistence+Trend,7,2019
2019-02-28,2019,2,12.286,12.5,12.803999999999998,2019-03-07,Persistence+Trend,7,2019
2019-03-01,2019,3,12.31,12.6,12.478000000000007,2019-03-08,Persistence+Trend,7,2019
2019-03-02,2019,3,12.28,12.66,12.069999999999991,2019-03-09,Persistence+Trend,7,2019
2019-03-03,2019,3,12.26,12.69,12.120000000000003,2019-03-10,Persistence+Trend,7,2019
2019-03-04,2019,3,12.26,12.65,12.26,2019-03-11,Persistence+Trend,7,2019
2019-03-05,2019,3,12.27,12.6,12.339999999999998,2019-03-12,Persistence+Trend,7,2019
2019-03-06,2019,3,12.38,12.57,13.15000000000001,2019-03-13,Persistence+Trend,7,2019
2019-03-07,2019,3,12.5,12.56,13.339999999999995,2019-03-14,Persistence+Trend,7,2019
2019-03-08,2019,3,12.6,12.56,13.299999999999997,2019-03-15,Persistence+Trend,7,2019
2019-03-09,2019,3,12.66,12.55,13.080000000000004,2019-03-16,Persistence+Trend,7,2019
2019-03-10,2019,3,12.69,12.53,12.899999999999995,2019-03-17,Persistence+Trend,7,2019
2019-03-11,2019,3,12.65,12.51,12.370000000000006,2019-03-18,Persistence+Trend,7,2019
2019-03-12,2019,3,12.6,12.47,12.249999999999995,2019-03-19,Persistence+Trend,7,2019
2019-03-13,2019,3,12.57,12.44,12.360000000000005,2019-03-20,Persistence+Trend,7,2019
2019-03-14,2019,3,12.56,12.42,12.490000000000002,2019-03-21,Persistence+Trend,7,2019
2019-03-15,2019,3,12.56,12.42,12.56,2019-03-22,Persistence+Trend,7,2019
2019-03-16,2019,3,12.55,12.414,12.480000000000002,2019-03-23,Persistence+Trend,7,2019
2019-03-17,2019,3,12.53,12.502,12.38999999999999,2019-03-24,Persistence+Trend,7,2019
2019-03-18,2019,3,12.51,12.648,12.370000000000003,2019-03-25,Persistence+Trend,7,2019
2019-03-19,2019,3,12.47,12.748,12.190000000000007,2019-03-26,Persistence+Trend,7,2019
2019-03-20,2019,3,12.44,12.808,12.229999999999992,2019-03-27,Persistence+Trend,7,2019
2019-03-21,2019,3,12.42,12.81,12.280000000000003,2019-03-28,Persistence+Trend,7,2019
2019-03-22,2019,3,12.42,12.814,12.42,2019-03-29,Persistence+Trend,7,2019
2019-03-23,2019,3,12.414,12.842,12.371999999999998,2019-03-30,Persistence+Trend,7,2019
2019-03-24,2019,3,12.502,12.796,13.118000000000007,2019-03-31,Persistence+Trend,7,2019
2019-03-25,2019,3,12.648,12.79,13.669999999999993,2019-04-01,Persistence+Trend,7,2019
2019-03-26,2019,3,12.748,12.836,13.447999999999997,2019-04-02,Persistence+Trend,7,2019
2019-03-27,2019,3,12.808,12.878,13.228000000000003,2019-04-03,Persistence+Trend,7,2019
2019-03-28,2019,3,12.81,12.946,12.824000000000005,2019-04-04,Persistence+Trend,7,2019
2019-03-29,2019,3,12.814,12.988,12.841999999999997,2019-04-05,Persistence+Trend,7,2019
2019-03-30,2019,3,12.842,12.99,13.038000000000004,2019-04-06,Persistence+Trend,7,2019
2019-03-31,2019,3,12.796,13.034,12.473999999999991,2019-04-07,Persistence+Trend,7,2019
2019-04-01,2019,4,12.79,13.046,12.747999999999998,2019-04-08,Persistence+Trend,7,2019
2019-04-02,2019,4,12.836,13.158,13.158000000000008,2019-04-09,Persistence+Trend,7,2019
2019-04-03,2019,4,12.878,13.33,13.171999999999999,2019-04-10,Persistence+Trend,7,2019
2019-04-04,2019,4,12.946,13.458,13.421999999999997,2019-04-11,Persistence+Trend,7,2019
2019-04-05,2019,4,12.988,13.464,13.281999999999998,2019-04-12,Persistence+Trend,7,2019
2019-04-06,2019,4,12.99,13.394,13.004000000000005,2019-04-13,Persistence+Trend,7,2019
2019-04-07,2019,4,13.034,13.32,13.342000000000004,2019-04-14,Persistence+Trend,7,2019
2019-04-08,2019,4,13.046,13.294,13.12999999999999,2019-04-15,Persistence+Trend,7,2019
2019-04-09,2019,4,13.158,13.292,13.942,2019-04-16,Persistence+Trend,7,2019
2019-04-10,2019,4,13.33,13.348,14.534000000000004,2019-04-17,Persistence+Trend,7,2019
2019-04-11,2019,4,13.458,13.352,14.354000000000001,2019-04-18,Persistence+Trend,7,2019
2019-04-12,2019,4,13.464,13.362,13.506000000000002,2019-04-19,Persistence+Trend,7,2019
2019-04-13,2019,4,13.394,13.4,12.903999999999998,2019-04-20,Persistence+Trend,7,2019
2019-04-14,2019,4,13.32,13.462,12.802000000000001,2019-04-21,Persistence+Trend,7,2019
2019-04-15,2019,4,13.294,13.514,13.112000000000002,2019-04-22,Persistence+Trend,7,2019
2019-04-16,2019,4,13.292,13.54,13.277999999999995,2019-04-23,Persistence+Trend,7,2019
2019-04-17,2019,4,13.348,13.562,13.740000000000007,2019-04-24,Persistence+Trend,7,2019
2019-04-18,2019,4,13.352,13.628,13.379999999999997,2019-04-25,Persistence+Trend,7,2019
2019-04-19,2019,4,13.362,13.786,13.431999999999999,2019-04-26,Persistence+Trend,7,2019
2019-04-20,2019,4,13.4,13.992,13.666000000000002,2019-04-27,Persistence+Trend,7,2019
2019-04-21,2019,4,13.462,13.92,13.895999999999995,2019-04-28,Persistence+Trend,7,2019
2019-04-22,2019,4,13.514,13.904,13.877999999999997,2019-04-29,Persistence+Trend,7,2019
2019-04-23,2019,4,13.54,13.862,13.721999999999998,2019-04-30,Persistence+Trend,7,2019
2019-04-24,2019,4,13.562,13.824,13.716000000000001,2019-05-01,Persistence+Trend,7,2019
2019-04-25,2019,4,13.628,13.908,14.090000000000005,2019-05-02,Persistence+Trend,7,2019
2019-04-26,2019,4,13.786,14.162,14.891999999999996,2019-05-03,Persistence+Trend,7,2019
2019-04-27,2019,4,13.992,14.46,15.43400000000001,2019-05-04,Persistence+Trend,7,2019
2019-04-28,2019,4,13.92,14.72,13.415999999999993,2019-05-05,Persistence+Trend,7,2019
2019-04-29,2019,4,13.904,15.0,13.792,2019-05-06,Persistence+Trend,7,2019
2019-04-30,2019,4,13.862,15.5,13.568000000000001,2019-05-07,Persistence+Trend,7,2019
2019-05-01,2019,5,13.824,15.932,13.557999999999998,2019-05-08,Persistence+Trend,7,2019
2019-05-02,2019,5,13.908,16.124,14.495999999999997,2019-05-09,Persistence+Trend,7,2019
2019-05-03,2019,5,14.162,16.268,15.94000000000001,2019-05-10,Persistence+Trend,7,2019
2019-05-04,2019,5,14.46,16.364,16.546,2019-05-11,Persistence+Trend,7,2019
2019-05-05,2019,5,14.72,16.478,16.54,2019-05-12,Persistence+Trend,7,2019
2019-05-06,2019,5,15.0,16.496,16.959999999999994,2019-05-13,Persistence+Trend,7,2019
2019-05-07,2019,5,15.5,16.356,19.0,2019-05-14,Persistence+Trend,7,2019
2019-05-08,2019,5,15.932,16.252,18.956000000000003,2019-05-15,Persistence+Trend,7,2019
2019-05-09,2019,5,16.124,16.37,17.46799999999999,2019-05-16,Persistence+Trend,7,2019
2019-05-10,2019,5,16.268,16.72,17.276000000000014,2019-05-17,Persistence+Trend,7,2019
2019-05-11,2019,5,16.364,17.118,17.036,2019-05-18,Persistence+Trend,7,2019
2019-05-12,2019,5,16.478,17.306,17.276000000000007,2019-05-19,Persistence+Trend,7,2019
2019-05-13,2019,5,16.496,17.172,16.62199999999998,2019-05-20,Persistence+Trend,7,2019
2019-05-14,2019,5,16.356,16.902,15.376000000000023,2019-05-21,Persistence+Trend,7,2019
2019-05-15,2019,5,16.252,16.704,15.52399999999998,2019-05-22,Persistence+Trend,7,2019
2019-05-16,2019,5,16.37,16.56,17.196000000000016,2019-05-23,Persistence+Trend,7,2019
2019-05-17,2019,5,16.72,16.438,19.169999999999984,2019-05-24,Persistence+Trend,7,2019
2019-05-18,2019,5,17.118,16.476,19.903999999999996,2019-05-25,Persistence+Trend,7,2019
2019-05-19,2019,5,17.306,16.62,18.622000000000018,2019-05-26,Persistence+Trend,7,2019
2019-05-20,2019,5,17.172,16.742,16.233999999999998,2019-05-27,Persistence+Trend,7,2019
2019-05-21,2019,5,16.902,16.706,15.012000000000004,2019-05-28,Persistence+Trend,7,2019
2019-05-22,2019,5,16.704,16.64,15.317999999999998,2019-05-29,Persistence+Trend,7,2019
2019-05-23,2019,5,16.56,16.544,15.551999999999985,2019-05-30,Persistence+Trend,7,2019
2019-05-24,2019,5,16.438,16.56,15.584,2019-05-31,Persistence+Trend,7,2019
2019-05-25,2019,5,16.476,16.58,16.742,2019-06-01,Persistence+Trend,7,2019
2019-05-26,2019,5,16.62,16.576,17.628000000000014,2019-06-02,Persistence+Trend,7,2019
2019-05-27,2019,5,16.742,16.548,17.596,2019-06-03,Persistence+Trend,7,2019
2019-05-28,2019,5,16.706,16.422,16.45399999999999,2019-06-04,Persistence+Trend,7,2019
2019-05-29,2019,5,16.64,16.222,16.178000000000008,2019-06-05,Persistence+Trend,7,2019
2019-05-30,2019,5,16.544,16.152,15.872,2019-06-06,Persistence+Trend,7,2019
2019-05-31,2019,5,16.56,16.03,16.671999999999986,2019-06-07,Persistence+Trend,7,2019
2019-06-01,2019,6,16.58,15.9,16.719999999999995,2019-06-08,Persistence+Trend,7,2019
2019-06-02,2019,6,16.576,15.832,16.548000000000016,2019-06-09,Persistence+Trend,7,2019
2019-06-03,2019,6,16.548,15.784,16.351999999999983,2019-06-10,Persistence+Trend,7,2019
2019-06-04,2019,6,16.422,15.89,15.540000000000017,2019-06-11,Persistence+Trend,7,2019
2019-06-05,2019,6,16.222,15.942,14.822000000000006,2019-06-12,Persistence+Trend,7,2019
2019-06-06,2019,6,16.152,15.982,15.661999999999999,2019-06-13,Persistence+Trend,7,2019
2019-06-07,2019,6,16.03,16.136,15.176000000000002,2019-06-14,Persistence+Trend,7,2019
2019-06-08,2019,6,15.9,16.408,14.989999999999995,2019-06-15,Persistence+Trend,7,2019
2019-06-09,2019,6,15.832,16.744,15.356000000000003,2019-06-16,Persistence+Trend,7,2019
2019-06-10,2019,6,15.784,16.956,15.448,2019-06-17,Persistence+Trend,7,2019
2019-06-11,2019,6,15.89,16.99,16.631999999999998,2019-06-18,Persistence+Trend,7,2019
2019-06-12,2019,6,15.942,17.012,16.305999999999997,2019-06-19,Persistence+Trend,7,2019
2019-06-13,2019,6,15.982,17.15,16.261999999999993,2019-06-20,Persistence+Trend,7,2019
2019-06-14,2019,6,16.136,17.032,17.214,2019-06-21,Persistence+Trend,7,2019
2019-06-15,2019,6,16.408,17.266,18.312000000000015,2019-06-22,Persistence+Trend,7,2019
2019-06-16,2019,6,16.744,17.604,19.09599999999999,2019-06-23,Persistence+Trend,7,2019
2019-06-17,2019,6,16.956,17.718,18.439999999999998,2019-06-24,Persistence+Trend,7,2019
2019-06-18,2019,6,16.99,17.672,17.22799999999999,2019-06-25,Persistence+Trend,7,2019
2019-06-19,2019,6,17.012,17.522,17.166000000000015,2019-06-26,Persistence+Trend,7,2019
2019-06-20,2019,6,17.15,17.914,18.115999999999985,2019-06-27,Persistence+Trend,7,2019
2019-06-21,2019,6,17.032,18.242,16.20600000000001,2019-06-28,Persistence+Trend,7,2019
2019-06-22,2019,6,17.266,18.308,18.903999999999986,2019-06-29,Persistence+Trend,7,2019
2019-06-23,2019,6,17.604,18.404,19.970000000000006,2019-06-30,Persistence+Trend,7,2019
2019-06-24,2019,6,17.718,18.428,18.516000000000005,2019-07-01,Persistence+Trend,7,2019
2019-06-25,2019,6,17.672,18.54,17.350000000000005,2019-07-02,Persistence+Trend,7,2019
2019-06-26,2019,6,17.522,18.66,16.471999999999984,2019-07-03,Persistence+Trend,7,2019
2019-06-27,2019,6,17.914,18.656,20.658000000000023,2019-07-04,Persistence+Trend,7,2019
2019-06-28,2019,6,18.242,18.486,20.537999999999997,2019-07-05,Persistence+Trend,7,2019
2019-06-29,2019,6,18.308,18.284,18.769999999999992,2019-07-06,Persistence+Trend,7,2019
2019-06-30,2019,6,18.404,18.162,19.076,2019-07-07,Persistence+Trend,7,2019
2019-07-01,2019,7,18.428,18.224,18.596000000000007,2019-07-08,Persistence+Trend,7,2019
2019-07-02,2019,7,18.54,18.354,19.323999999999987,2019-07-09,Persistence+Trend,7,2019
2019-07-03,2019,7,18.66,18.658,19.500000000000007,2019-07-10,Persistence+Trend,7,2019
2019-07-04,2019,7,18.656,18.998,18.62799999999999,2019-07-11,Persistence+Trend,7,2019
2019-07-05,2019,7,18.486,19.434,17.296000000000014,2019-07-12,Persistence+Trend,7,2019
2019-07-06,2019,7,18.284,19.956,16.869999999999987,2019-07-13,Persistence+Trend,7,2019
2019-07-07,2019,7,18.162,20.352,17.308,2019-07-14,Persistence+Trend,7,2019
2019-07-08,2019,7,18.224,20.718,18.65800000000001,2019-07-15,Persistence+Trend,7,2019
2019-07-09,2019,7,18.354,20.918,19.263999999999992,2019-07-16,Persistence+Trend,7,2019
2019-07-10,2019,7,18.658,21.108,20.786000000000016,2019-07-17,Persistence+Trend,7,2019
2019-07-11,2019,7,18.998,21.156,21.378,2019-07-18,Persistence+Trend,7,2019
2019-07-12,2019,7,19.434,21.07,22.486,2019-07-19,Persistence+Trend,7,2019
2019-07-13,2019,7,19.956,20.834,23.60999999999999,2019-07-20,Persistence+Trend,7,2019
2019-07-14,2019,7,20.352,20.548,23.124000000000006,2019-07-21,Persistence+Trend,7,2019
2019-07-15,2019,7,20.718,20.16,23.279999999999998,2019-07-22,Persistence+Trend,7,2019
2019-07-16,2019,7,20.918,19.898,22.317999999999994,2019-07-23,Persistence+Trend,7,2019
2019-07-17,2019,7,21.108,19.872,22.43800000000001,2019-07-24,Persistence+Trend,7,2019
2019-07-18,2019,7,21.156,19.988,21.491999999999987,2019-07-25,Persistence+Trend,7,2019
2019-07-19,2019,7,21.07,20.028,20.46800000000001,2019-07-26,Persistence+Trend,7,2019
2019-07-20,2019,7,20.834,19.842,19.181999999999995,2019-07-27,Persistence+Trend,7,2019
2019-07-21,2019,7,20.548,19.682,18.54599999999999,2019-07-28,Persistence+Trend,7,2019
2019-07-22,2019,7,20.16,19.574,17.444000000000013,2019-07-29,Persistence+Trend,7,2019
2019-07-23,2019,7,19.898,19.458,18.063999999999997,2019-07-30,Persistence+Trend,7,2019
2019-07-24,2019,7,19.872,19.27,19.69,2019-07-31,Persistence+Trend,7,2019
2019-07-25,2019,7,19.988,19.074,20.799999999999997,2019-08-01,Persistence+Trend,7,2019
2019-07-26,2019,7,20.028,18.96,20.307999999999993,2019-08-02,Persistence+Trend,7,2019
2019-07-27,2019,7,19.842,18.936,18.54,2019-08-03,Persistence+Trend,7,2019
2019-07-28,2019,7,19.682,18.932,18.561999999999998,2019-08-04,Persistence+Trend,7,2019
2019-07-29,2019,7,19.574,18.924,18.818000000000023,2019-08-05,Persistence+Trend,7,2019
2019-07-30,2019,7,19.458,18.916,18.645999999999976,2019-08-06,Persistence+Trend,7,2019
2019-07-31,2019,7,19.27,18.872,17.954000000000008,2019-08-07,Persistence+Trend,7,2019
2019-08-01,2019,8,19.074,18.832,17.702000000000016,2019-08-08,Persistence+Trend,7,2019
2019-08-02,2019,8,18.96,18.76,18.161999999999995,2019-08-09,Persistence+Trend,7,2019
2019-08-03,2019,8,18.936,18.718,18.767999999999994,2019-08-10,Persistence+Trend,7,2019
2019-08-04,2019,8,18.932,18.65,18.90399999999999,2019-08-11,Persistence+Trend,7,2019
2019-08-05,2019,8,18.924,18.512,18.868000000000006,2019-08-12,Persistence+Trend,7,2019
2019-08-06,2019,8,18.916,18.456,18.860000000000007,2019-08-13,Persistence+Trend,7,2019
2019-08-07,2019,8,18.872,18.366,18.563999999999997,2019-08-14,Persistence+Trend,7,2019
2019-08-08,2019,8,18.832,18.306,18.552000000000007,2019-08-15,Persistence+Trend,7,2019
2019-08-09,2019,8,18.76,18.292,18.256000000000007,2019-08-16,Persistence+Trend,7,2019
2019-08-10,2019,8,18.718,18.188,18.42399999999999,2019-08-17,Persistence+Trend,7,2019
2019-08-11,2019,8,18.65,18.132,18.17399999999999,2019-08-18,Persistence+Trend,7,2019
2019-08-12,2019,8,18.512,18.138,17.546000000000014,2019-08-19,Persistence+Trend,7,2019
2019-08-13,2019,8,18.456,18.108,18.063999999999993,2019-08-20,Persistence+Trend,7,2019
2019-08-14,2019,8,18.366,18.036,17.736,2019-08-21,Persistence+Trend,7,2019
2019-08-15,2019,8,18.306,17.972,17.88600000000001,2019-08-22,Persistence+Trend,7,2019
2019-08-16,2019,8,18.292,17.832,18.194000000000006,2019-08-23,Persistence+Trend,7,2019
2019-08-17,2019,8,18.188,17.728,17.45999999999998,2019-08-24,Persistence+Trend,7,2019
2019-08-18,2019,8,18.132,17.62,17.74000000000002,2019-08-25,Persistence+Trend,7,2019
2019-08-19,2019,8,18.138,17.682,18.180000000000003,2019-08-26,Persistence+Trend,7,2019
2019-08-20,2019,8,18.108,17.58,17.897999999999993,2019-08-27,Persistence+Trend,7,2019
2019-08-21,2019,8,18.036,17.418,17.532000000000007,2019-08-28,Persistence+Trend,7,2019
2019-08-22,2019,8,17.972,17.314,17.524,2019-08-29,Persistence+Trend,7,2019
2019-08-23,2019,8,17.832,17.15,16.851999999999997,2019-08-30,Persistence+Trend,7,2019
2019-08-24,2019,8,17.728,16.992,17.000000000000007,2019-08-31,Persistence+Trend,7,2019
2019-08-25,2019,8,17.62,16.926,16.863999999999997,2019-09-01,Persistence+Trend,7,2019
2019-08-26,2019,8,17.682,16.916,18.115999999999982,2019-09-02,Persistence+Trend,7,2019
2019-08-27,2019,8,17.58,16.888,16.865999999999996,2019-09-03,Persistence+Trend,7,2019
2019-08-28,2019,8,17.418,16.816,16.284000000000006,2019-09-04,Persistence+Trend,7,2019
2019-08-29,2019,8,17.314,16.794,16.586000000000006,2019-09-05,Persistence+Trend,7,2019
2019-08-30,2019,8,17.15,16.848,16.00199999999999,2019-09-06,Persistence+Trend,7,2019
2019-08-31,2019,8,16.992,16.85,15.886000000000017,2019-09-07,Persistence+Trend,7,2019
2019-09-01,2019,9,16.926,16.852,16.46399999999998,2019-09-08,Persistence+Trend,7,2019
2019-09-02,2019,9,16.916,16.93,16.846000000000014,2019-09-09,Persistence+Trend,7,2019
2019-09-03,2019,9,16.888,16.982,16.69200000000001,2019-09-10,Persistence+Trend,7,2019
2019-09-04,2019,9,16.816,17.002,16.31199999999998,2019-09-11,Persistence+Trend,7,2019
2019-09-05,2019,9,16.794,17.028,16.64000000000001,2019-09-12,Persistence+Trend,7,2019
2019-09-06,2019,9,16.848,17.14,17.22599999999999,2019-09-13,Persistence+Trend,7,2019
2019-09-07,2019,9,16.85,17.408,16.86400000000002,2019-09-14,Persistence+Trend,7,2019
2019-09-08,2019,9,16.852,17.814,16.865999999999993,2019-09-15,Persistence+Trend,7,2019
2019-09-09,2019,9,16.93,18.138,17.475999999999996,2019-09-16,Persistence+Trend,7,2019
2019-09-10,2019,9,16.982,18.27,17.345999999999997,2019-09-17,Persistence+Trend,7,2019
2019-09-11,2019,9,17.002,18.372,17.141999999999996,2019-09-18,Persistence+Trend,7,2019
2019-09-12,2019,9,17.028,18.598,17.209999999999997,2019-09-19,Persistence+Trend,7,2019
2019-09-13,2019,9,17.14,18.67,17.924000000000014,2019-09-20,Persistence+Trend,7,2019
2019-09-14,2019,9,17.408,18.716,19.284000000000006,2019-09-21,Persistence+Trend,7,2019
2019-09-15,2019,9,17.814,18.778,20.65599999999999,2019-09-22,Persistence+Trend,7,2019
2019-09-16,2019,9,18.138,18.808,20.406000000000013,2019-09-23,Persistence+Trend,7,2019
2019-09-17,2019,9,18.27,18.73,19.193999999999985,2019-09-24,Persistence+Trend,7,2019
2019-09-18,2019,9,18.372,18.614,19.086000000000002,2019-09-25,Persistence+Trend,7,2019
2019-09-19,2019,9,18.598,18.608,20.179999999999993,2019-09-26,Persistence+Trend,7,2019
2019-09-20,2019,9,18.67,18.7,19.17400000000002,2019-09-27,Persistence+Trend,7,2019
2019-09-21,2019,9,18.716,18.646,19.037999999999997,2019-09-28,Persistence+Trend,7,2019
2019-09-22,2019,9,18.778,18.524,19.211999999999982,2019-09-29,Persistence+Trend,7,2019
2019-09-23,2019,9,18.808,18.51,19.018000000000008,2019-09-30,Persistence+Trend,7,2019
2019-09-24,2019,9,18.73,18.632,18.184000000000005,2019-10-01,Persistence+Trend,7,2019
2019-09-25,2019,9,18.614,18.482,17.802000000000003,2019-10-02,Persistence+Trend,7,2019
2019-09-26,2019,9,18.608,18.24,18.566,2019-10-03,Persistence+Trend,7,2019
2019-09-27,2019,9,18.7,18.024,19.34399999999999,2019-10-04,Persistence+Trend,7,2019
2019-09-28,2019,9,18.646,17.814,18.26800000000001,2019-10-05,Persistence+Trend,7,2019
2019-09-29,2019,9,18.524,17.632,17.67,2019-10-06,Persistence+Trend,7,2019
2019-09-30,2019,9,18.51,17.446,18.412000000000006,2019-10-07,Persistence+Trend,7,2019
2019-10-01,2019,10,18.632,17.32,19.486,2019-10-08,Persistence+Trend,7,2019
2019-10-02,2019,10,18.482,17.244,17.431999999999984,2019-10-09,Persistence+Trend,7,2019
2019-10-03,2019,10,18.24,17.192,16.545999999999992,2019-10-10,Persistence+Trend,7,2019
2019-10-04,2019,10,18.024,17.094,16.512000000000018,2019-10-11,Persistence+Trend,7,2019
2019-10-05,2019,10,17.814,16.95,16.343999999999994,2019-10-12,Persistence+Trend,7,2019
2019-10-06,2019,10,17.632,16.83,16.35800000000001,2019-10-13,Persistence+Trend,7,2019
2019-10-07,2019,10,17.446,16.81,16.144000000000002,2019-10-14,Persistence+Trend,7,2019
2019-10-08,2019,10,17.32,16.852,16.43799999999999,2019-10-15,Persistence+Trend,7,2019
2019-10-09,2019,10,17.244,16.874,16.711999999999996,2019-10-16,Persistence+Trend,7,2019
2019-10-10,2019,10,17.192,16.826,16.828000000000003,2019-10-17,Persistence+Trend,7,2019
2019-10-11,2019,10,17.094,16.66,16.40800000000001,2019-10-18,Persistence+Trend,7,2019
2019-10-12,2019,10,16.95,16.422,15.941999999999986,2019-10-19,Persistence+Trend,7,2019
2019-10-13,2019,10,16.83,16.202,15.989999999999991,2019-10-20,Persistence+Trend,7,2019
2019-10-14,2019,10,16.81,16.042,16.67,2019-10-21,Persistence+Trend,7,2019
2019-10-15,2019,10,16.852,15.882,17.14600000000001,2019-10-22,Persistence+Trend,7,2019
2019-10-16,2019,10,16.874,15.73,17.027999999999988,2019-10-23,Persistence+Trend,7,2019
2019-10-17,2019,10,16.826,15.62,16.490000000000013,2019-10-24,Persistence+Trend,7,2019
2019-10-18,2019,10,16.66,15.532,15.497999999999998,2019-10-25,Persistence+Trend,7,2019
2019-10-19,2019,10,16.422,15.518,14.756000000000004,2019-10-26,Persistence+Trend,7,2019
2019-10-20,2019,10,16.202,15.466,14.66200000000001,2019-10-27,Persistence+Trend,7,2019
2019-10-21,2019,10,16.042,15.538,14.922,2019-10-28,Persistence+Trend,7,2019
2019-10-22,2019,10,15.882,15.614,14.761999999999986,2019-10-29,Persistence+Trend,7,2019
2019-10-23,2019,10,15.73,15.676,14.666000000000006,2019-10-30,Persistence+Trend,7,2019
2019-10-24,2019,10,15.62,15.646,14.84999999999999,2019-10-31,Persistence+Trend,7,2019
2019-10-25,2019,10,15.532,15.642,14.916000000000006,2019-11-01,Persistence+Trend,7,2019
2019-10-26,2019,10,15.518,15.702,15.420000000000005,2019-11-02,Persistence+Trend,7,2019
2019-10-27,2019,10,15.466,15.664,15.10199999999999,2019-11-03,Persistence+Trend,7,2019
2019-10-28,2019,10,15.538,15.57,16.04200000000001,2019-11-04,Persistence+Trend,7,2019
2019-10-29,2019,10,15.614,15.4,16.146000000000004,2019-11-05,Persistence+Trend,7,2019
2019-10-30,2019,10,15.676,15.264,16.109999999999996,2019-11-06,Persistence+Trend,7,2019
2019-10-31,2019,10,15.646,15.17,15.436000000000005,2019-11-07,Persistence+Trend,7,2019
2019-11-01,2019,11,15.642,15.072,15.61399999999999,2019-11-08,Persistence+Trend,7,2019
2019-11-02,2019,11,15.702,14.98,16.122000000000003,2019-11-09,Persistence+Trend,7,2019
2019-11-03,2019,11,15.664,14.892,15.397999999999998,2019-11-10,Persistence+Trend,7,2019
2019-11-04,2019,11,15.57,14.83,14.912000000000004,2019-11-11,Persistence+Trend,7,2019
2019-11-05,2019,11,15.4,14.728,14.21,2019-11-12,Persistence+Trend,7,2019
2019-11-06,2019,11,15.264,14.64,14.311999999999992,2019-11-13,Persistence+Trend,7,2019
2019-11-07,2019,11,15.17,14.58,14.512000000000004,2019-11-14,Persistence+Trend,7,2019
2019-11-08,2019,11,15.072,14.522,14.385999999999994,2019-11-15,Persistence+Trend,7,2019
2019-11-09,2019,11,14.98,14.476,14.33600000000001,2019-11-16,Persistence+Trend,7,2019
2019-11-10,2019,11,14.892,14.422,14.275999999999993,2019-11-17,Persistence+Trend,7,2019
2019-11-11,2019,11,14.83,14.382,14.396000000000004,2019-11-18,Persistence+Trend,7,2019
2019-11-12,2019,11,14.728,14.352,14.013999999999998,2019-11-19,Persistence+Trend,7,2019
2019-11-13,2019,11,14.64,14.288,14.024000000000006,2019-11-20,Persistence+Trend,7,2019
2019-11-14,2019,11,14.58,14.256,14.159999999999997,2019-11-21,Persistence+Trend,7,2019
2019-11-15,2019,11,14.522,14.222,14.116000000000001,2019-11-22,Persistence+Trend,7,2019
2019-11-16,2019,11,14.476,14.19,14.154000000000005,2019-11-23,Persistence+Trend,7,2019
2019-11-17,2019,11,14.422,14.18,14.043999999999999,2019-11-24,Persistence+Trend,7,2019
2019-11-18,2019,11,14.382,14.18,14.101999999999993,2019-11-25,Persistence+Trend,7,2019
2019-11-19,2019,11,14.352,14.17,14.142000000000005,2019-11-26,Persistence+Trend,7,2019
2019-11-20,2019,11,14.288,14.16,13.84,2019-11-27,Persistence+Trend,7,2019
2019-11-21,2019,11,14.256,14.106,14.032,2019-11-28,Persistence+Trend,7,2019
2019-11-22,2019,11,14.222,14.04,13.983999999999995,2019-11-29,Persistence+Trend,7,2019
2019-11-23,2019,11,14.19,13.992,13.966,2019-11-30,Persistence+Trend,7,2019
2019-11-24,2019,11,14.18,13.938,14.110000000000001,2019-12-01,Persistence+Trend,7,2019
2019-11-25,2019,11,14.18,13.89,14.18,2019-12-02,Persistence+Trend,7,2019
2019-11-26,2019,11,14.17,13.862,14.100000000000001,2019-12-03,Persistence+Trend,7,2019
2019-11-27,2019,11,14.16,13.824,14.090000000000002,2019-12-04,Persistence+Trend,7,2019
2019-11-28,2019,11,14.106,13.806,13.727999999999998,2019-12-05,Persistence+Trend,7,2019
2019-11-29,2019,11,14.04,13.768,13.577999999999994,2019-12-06,Persistence+Trend,7,2019
2019-11-30,2019,11,13.992,13.746,13.656000000000013,2019-12-07,Persistence+Trend,7,2019
2019-12-01,2019,12,13.938,13.714,13.559999999999999,2019-12-08,Persistence+Trend,7,2019
2019-12-02,2019,12,13.89,13.688,13.554,2019-12-09,Persistence+Trend,7,2019
2019-12-03,2019,12,13.862,13.652,13.665999999999997,2019-12-10,Persistence+Trend,7,2019
2019-12-04,2019,12,13.824,13.616,13.557999999999998,2019-12-11,Persistence+Trend,7,2019
2019-12-05,2019,12,13.806,13.568,13.679999999999994,2019-12-12,Persistence+Trend,7,2019
2019-12-06,2019,12,13.768,13.546,13.502000000000011,2019-12-13,Persistence+Trend,7,2019
2019-12-07,2019,12,13.746,13.514,13.591999999999999,2019-12-14,Persistence+Trend,7,2019
2019-12-08,2019,12,13.714,13.49,13.49,2019-12-15,Persistence+Trend,7,2019
2019-12-09,2019,12,13.688,13.446,13.506000000000002,2019-12-16,Persistence+Trend,7,2019
2019-12-10,2019,12,13.652,13.412,13.39999999999999,2019-12-17,Persistence+Trend,7,2019
2019-12-11,2019,12,13.616,13.386,13.364000000000003,2019-12-18,Persistence+Trend,7,2019
2019-12-12,2019,12,13.568,13.352,13.232,2019-12-19,Persistence+Trend,7,2019
2019-12-13,2019,12,13.546,13.33,13.391999999999998,2019-12-20,Persistence+Trend,7,2019
2019-12-14,2019,12,13.514,13.296,13.29,2019-12-21,Persistence+Trend,7,2019
2019-12-15,2019,12,13.49,13.274,13.322000000000006,2019-12-22,Persistence+Trend,7,2019
2019-12-16,2019,12,13.446,13.256,13.137999999999996,2019-12-23,Persistence+Trend,7,2019
2019-12-17,2019,12,13.412,13.24,13.174000000000008,2019-12-24,Persistence+Trend,7,2019
2019-12-18,2019,12,13.386,13.226,13.203999999999988,2019-12-25,Persistence+Trend,7,2019
2019-12-19,2019,12,13.352,13.22,13.114000000000008,2019-12-26,Persistence+Trend,7,2019
2019-12-20,2019,12,13.33,13.208,13.175999999999998,2019-12-27,Persistence+Trend,7,2019
2019-12-21,2019,12,13.296,13.158,13.057999999999995,2019-12-28,Persistence+Trend,7,2019
2019-12-22,2019,12,13.274,13.146,13.119999999999997,2019-12-29,Persistence+Trend,7,2019
2019-12-23,2019,12,13.256,13.126,13.130000000000008,2019-12-30,Persistence+Trend,7,2019
2019-12-24,2019,12,13.24,13.104,13.128,2019-12-31,Persistence+Trend,7,2019
2019-12-25,2019,12,13.226,13.086,13.128000000000005,2020-01-01,Persistence+Trend,7,2019
2019-12-26,2019,12,13.22,13.054,13.177999999999999,2020-01-02,Persistence+Trend,7,2019
2019-12-27,2019,12,13.208,13.04,13.123999999999997,2020-01-03,Persistence+Trend,7,2019
2019-12-28,2019,12,13.158,13.024,12.807999999999995,2020-01-04,Persistence+Trend,7,2019
2019-12-29,2019,12,13.146,13.002,13.06200000000001,2020-01-05,Persistence+Trend,7,2019
2019-12-30,2019,12,13.126,12.966,12.98599999999999,2020-01-06,Persistence+Trend,7,2019
2019-12-31,2019,12,13.104,12.944,12.949999999999998,2020-01-07,Persistence+Trend,7,2019
