Date,Year,Month,WL,y_true,y_pred,Target_Date,Model,Horizon,Fold_Year
2008-01-08,2008,1,13.76,13.72,13.682869257628917,2008-01-11,LSTM,3,2008
2008-01-09,2008,1,13.74,13.71,13.661244762837887,2008-01-12,LSTM,3,2008
2008-01-10,2008,1,13.73,13.699,13.656864311099053,2008-01-13,LSTM,3,2008
2008-01-11,2008,1,13.72,13.67,13.649194897413254,2008-01-14,LSTM,3,2008
2008-01-12,2008,1,13.71,13.65,13.63963607609272,2008-01-15,LSTM,3,2008
2008-01-13,2008,1,13.699,13.63,13.629079378187656,2008-01-16,LSTM,3,2008
2008-01-14,2008,1,13.67,13.62,13.5913707447052,2008-01-17,LSTM,3,2008
2008-01-15,2008,1,13.65,13.61,13.57333397269249,2008-01-18,LSTM,3,2008
2008-01-16,2008,1,13.63,13.6,13.554964331090451,2008-01-19,LSTM,3,2008
2008-01-17,2008,1,13.62,13.59,13.54902947962284,2008-01-20,LSTM,3,2008
2008-01-18,2008,1,13.61,13.58,13.540665835738181,2008-01-21,LSTM,3,2008
2008-01-19,2008,1,13.6,13.57,13.53095450848341,2008-01-22,LSTM,3,2008
2008-01-20,2008,1,13.59,13.56,13.522486198842525,2008-01-23,LSTM,3,2008
2008-01-21,2008,1,13.58,13.56,13.513944560587406,2008-01-24,LSTM,3,2008
2008-01-22,2008,1,13.57,13.55,13.504944555163384,2008-01-25,LSTM,3,2008
2008-01-23,2008,1,13.56,13.55,13.49553388863802,2008-01-26,LSTM,3,2008
2008-01-24,2008,1,13.56,13.55,13.502010872066021,2008-01-27,LSTM,3,2008
2008-01-25,2008,1,13.55,13.58,13.48786694854498,2008-01-28,LSTM,3,2008
2008-01-26,2008,1,13.55,13.62,13.493323075771332,2008-01-29,LSTM,3,2008
2008-01-27,2008,1,13.55,13.66,13.49662369042635,2008-01-30,LSTM,3,2008
2008-01-28,2008,1,13.58,13.67,13.537318183034659,2008-01-31,LSTM,3,2008
2008-01-29,2008,1,13.62,13.66,13.574772248864173,2008-02-01,LSTM,3,2008
2008-01-30,2008,1,13.66,13.63,13.609385322630406,2008-02-02,LSTM,3,2008
2008-01-31,2008,1,13.67,13.61,13.604275887906551,2008-02-03,LSTM,3,2008
2008-02-01,2008,2,13.66,13.61,13.594151411056519,2008-02-04,LSTM,3,2008
2008-02-02,2008,2,13.63,13.61,13.555259456038476,2008-02-05,LSTM,3,2008
2008-02-03,2008,2,13.61,13.62,13.54352972716093,2008-02-06,LSTM,3,2008
2008-02-04,2008,2,13.61,13.63,13.560528912246227,2008-02-07,LSTM,3,2008
2008-02-05,2008,2,13.61,13.62,13.560293533504009,2008-02-08,LSTM,3,2008
2008-02-06,2008,2,13.62,13.59,13.571640363782643,2008-02-09,LSTM,3,2008
2008-02-07,2008,2,13.63,13.57,13.580703665614129,2008-02-10,LSTM,3,2008
2008-02-08,2008,2,13.62,13.55,13.560524704754352,2008-02-11,LSTM,3,2008
2008-02-09,2008,2,13.59,13.52,13.51381277680397,2008-02-12,LSTM,3,2008
2008-02-10,2008,2,13.57,13.5,13.499962620139122,2008-02-13,LSTM,3,2008
2008-02-11,2008,2,13.55,13.47,13.4811897829175,2008-02-14,LSTM,3,2008
2008-02-12,2008,2,13.52,13.46,13.439450603425502,2008-02-15,LSTM,3,2008
2008-02-13,2008,2,13.5,13.45,13.42444110661745,2008-02-16,LSTM,3,2008
2008-02-14,2008,2,13.47,13.44,13.3874567386508,2008-02-17,LSTM,3,2008
2008-02-15,2008,2,13.46,13.47,13.392692550122739,2008-02-18,LSTM,3,2008
2008-02-16,2008,2,13.45,13.51,13.389045429229736,2008-02-19,LSTM,3,2008
2008-02-17,2008,2,13.44,13.53,13.377960594892501,2008-02-20,LSTM,3,2008
2008-02-18,2008,2,13.47,13.54,13.444705470725895,2008-02-21,LSTM,3,2008
2008-02-19,2008,2,13.51,13.53,13.484224254488945,2008-02-22,LSTM,3,2008
2008-02-20,2008,2,13.53,13.51,13.48167164131999,2008-02-23,LSTM,3,2008
2008-02-21,2008,2,13.54,13.48,13.492457763254642,2008-02-24,LSTM,3,2008
2008-02-22,2008,2,13.53,13.45,13.473966574966907,2008-02-25,LSTM,3,2008
2008-02-23,2008,2,13.51,13.44,13.444227488934994,2008-02-26,LSTM,3,2008
2008-02-24,2008,2,13.48,13.43,13.403970505595208,2008-02-27,LSTM,3,2008
2008-02-25,2008,2,13.45,13.43,13.370734271407127,2008-02-28,LSTM,3,2008
2008-02-26,2008,2,13.44,13.43,13.383836946040391,2008-02-29,LSTM,3,2008
2008-02-27,2008,2,13.43,13.42,13.378055494576692,2008-03-01,LSTM,3,2008
2008-02-28,2008,2,13.43,13.41,13.388906464278698,2008-03-02,LSTM,3,2008
2008-02-29,2008,2,13.43,13.4,13.393620789349079,2008-03-03,LSTM,3,2008
2008-03-01,2008,3,13.42,13.41,13.368216650635004,2008-03-04,LSTM,3,2008
2008-03-02,2008,3,13.41,13.4,13.35922949001193,2008-03-05,LSTM,3,2008
2008-03-03,2008,3,13.4,13.43,13.353403938561678,2008-03-06,LSTM,3,2008
2008-03-04,2008,3,13.41,13.46,13.394933628700674,2008-03-07,LSTM,3,2008
2008-03-05,2008,3,13.4,13.45,13.356672377884388,2008-03-08,LSTM,3,2008
2008-03-06,2008,3,13.43,13.44,13.437911196909845,2008-03-09,LSTM,3,2008
2008-03-07,2008,3,13.46,13.42,13.455198538061232,2008-03-10,LSTM,3,2008
2008-03-08,2008,3,13.45,13.4,13.394138426333665,2008-03-11,LSTM,3,2008
2008-03-09,2008,3,13.44,13.39,13.39932375267148,2008-03-12,LSTM,3,2008
2008-03-10,2008,3,13.42,13.39,13.371442379504442,2008-03-13,LSTM,3,2008
2008-03-11,2008,3,13.4,13.39,13.348753040283919,2008-03-14,LSTM,3,2008
2008-03-12,2008,3,13.39,13.39,13.362421191632748,2008-03-15,LSTM,3,2008
2008-03-13,2008,3,13.39,13.39,13.387925485484303,2008-03-16,LSTM,3,2008
2008-03-14,2008,3,13.39,13.4,13.3886678683199,2008-03-17,LSTM,3,2008
2008-03-15,2008,3,13.39,13.42,13.388679843731225,2008-03-18,LSTM,3,2008
2008-03-16,2008,3,13.39,13.44,13.391212436007336,2008-03-19,LSTM,3,2008
2008-03-17,2008,3,13.4,13.46,13.416521545127035,2008-03-20,LSTM,3,2008
2008-03-18,2008,3,13.42,13.54,13.449497563838959,2008-03-21,LSTM,3,2008
2008-03-19,2008,3,13.44,13.66,13.465385234504938,2008-03-22,LSTM,3,2008
2008-03-20,2008,3,13.46,13.81,13.4905495262146,2008-03-23,LSTM,3,2008
2008-03-21,2008,3,13.54,13.91,13.676756375432014,2008-03-24,LSTM,3,2008
2008-03-22,2008,3,13.66,13.93,13.819532442688942,2008-03-25,LSTM,3,2008
2008-03-23,2008,3,13.81,13.93,14.038702276945115,2008-03-26,LSTM,3,2008
2008-03-24,2008,3,13.91,13.92,13.997356597185135,2008-03-27,LSTM,3,2008
2008-03-25,2008,3,13.93,13.94,13.907645315229892,2008-03-28,LSTM,3,2008
2008-03-26,2008,3,13.93,13.98,14.089437239170074,2008-03-29,LSTM,3,2008
2008-03-27,2008,3,13.92,14.05,14.097929818630218,2008-03-30,LSTM,3,2008
2008-03-28,2008,3,13.94,14.07,14.163941653966903,2008-03-31,LSTM,3,2008
2008-03-29,2008,3,13.98,14.09,14.147633175849915,2008-04-01,LSTM,3,2008
2008-03-30,2008,3,14.05,14.15,14.193646359443665,2008-04-02,LSTM,3,2008
2008-03-31,2008,3,14.07,14.2,14.064419591035694,2008-04-03,LSTM,3,2008
2008-04-01,2008,4,14.09,14.31,14.174835804998875,2008-04-04,LSTM,3,2008
2008-04-02,2008,4,14.15,14.53,14.352545836567879,2008-04-05,LSTM,3,2008
2008-04-03,2008,4,14.2,14.66,14.322898750007152,2008-04-06,LSTM,3,2008
2008-04-04,2008,4,14.31,14.67,14.562404779195786,2008-04-07,LSTM,3,2008
2008-04-05,2008,4,14.53,14.66,14.995183675289153,2008-04-08,LSTM,3,2008
2008-04-06,2008,4,14.66,14.6,14.729833986461163,2008-04-09,LSTM,3,2008
2008-04-07,2008,4,14.67,14.51,14.50996158838272,2008-04-10,LSTM,3,2008
2008-04-08,2008,4,14.66,14.46,14.71672885850072,2008-04-11,LSTM,3,2008
2008-04-09,2008,4,14.6,14.41,14.639055462926626,2008-04-12,LSTM,3,2008
2008-04-10,2008,4,14.51,14.38,14.515036377813667,2008-04-13,LSTM,3,2008
2008-04-11,2008,4,14.46,14.34,14.497174668163062,2008-04-14,LSTM,3,2008
2008-04-12,2008,4,14.41,14.27,14.45711039736867,2008-04-15,LSTM,3,2008
2008-04-13,2008,4,14.38,14.23,14.445388329327107,2008-04-16,LSTM,3,2008
2008-04-14,2008,4,14.34,14.23,14.395450931191444,2008-04-17,LSTM,3,2008
2008-04-15,2008,4,14.27,14.22,14.243155261948704,2008-04-18,LSTM,3,2008
2008-04-16,2008,4,14.23,14.28,14.235065666511655,2008-04-19,LSTM,3,2008
2008-04-17,2008,4,14.23,14.33,14.37691735804081,2008-04-20,LSTM,3,2008
2008-04-18,2008,4,14.22,14.41,14.356673644185067,2008-04-21,LSTM,3,2008
2008-04-19,2008,4,14.28,14.47,14.51365357518196,2008-04-22,LSTM,3,2008
2008-04-20,2008,4,14.33,14.52,14.455024780631065,2008-04-23,LSTM,3,2008
2008-04-21,2008,4,14.41,14.61,14.605885479450226,2008-04-24,LSTM,3,2008
2008-04-22,2008,4,14.47,14.87,14.600732327699662,2008-04-25,LSTM,3,2008
2008-04-23,2008,4,14.52,15.05,14.668638978600502,2008-04-26,LSTM,3,2008
2008-04-24,2008,4,14.61,15.06,14.817133680582046,2008-04-27,LSTM,3,2008
2008-04-25,2008,4,14.87,15.02,15.302336896657943,2008-04-28,LSTM,3,2008
2008-04-26,2008,4,15.05,14.99,15.160885992646218,2008-04-29,LSTM,3,2008
2008-04-27,2008,4,15.06,15.01,14.698685256242753,2008-04-30,LSTM,3,2008
2008-04-28,2008,4,15.02,15.01,14.956707444489002,2008-05-01,LSTM,3,2008
2008-04-29,2008,4,14.99,15.04,14.968845026344061,2008-05-02,LSTM,3,2008
2008-04-30,2008,4,15.01,15.31,15.103428932130337,2008-05-03,LSTM,3,2008
2008-05-01,2008,5,15.01,15.79,15.131432438492775,2008-05-04,LSTM,3,2008
2008-05-02,2008,5,15.04,15.93,15.205171176195144,2008-05-05,LSTM,3,2008
2008-05-03,2008,5,15.31,15.93,15.997568187713624,2008-05-06,LSTM,3,2008
2008-05-04,2008,5,15.79,15.92,16.501075901985168,2008-05-07,LSTM,3,2008
2008-05-05,2008,5,15.93,15.69,16.231327526569366,2008-05-08,LSTM,3,2008
2008-05-06,2008,5,15.93,15.61,16.202823721170425,2008-05-09,LSTM,3,2008
2008-05-07,2008,5,15.92,15.53,16.430670721530916,2008-05-10,LSTM,3,2008
2008-05-08,2008,5,15.69,15.51,15.52350545167923,2008-05-11,LSTM,3,2008
2008-05-09,2008,5,15.61,15.47,15.217102870941162,2008-05-12,LSTM,3,2008
2008-05-10,2008,5,15.53,15.4,15.221099256277084,2008-05-13,LSTM,3,2008
2008-05-11,2008,5,15.51,15.36,15.550718991309404,2008-05-14,LSTM,3,2008
2008-05-12,2008,5,15.47,15.35,15.545218252837659,2008-05-15,LSTM,3,2008
2008-05-13,2008,5,15.4,15.33,15.560755082964898,2008-05-16,LSTM,3,2008
2008-05-14,2008,5,15.36,15.31,15.657357469797134,2008-05-17,LSTM,3,2008
2008-05-15,2008,5,15.35,15.3,15.640811151266098,2008-05-18,LSTM,3,2008
2008-05-16,2008,5,15.33,15.23,15.616722391843796,2008-05-19,LSTM,3,2008
2008-05-17,2008,5,15.31,15.23,15.5965149974823,2008-05-20,LSTM,3,2008
2008-05-18,2008,5,15.3,15.26,15.627232539653779,2008-05-21,LSTM,3,2008
2008-05-19,2008,5,15.23,15.31,15.490749697685242,2008-05-22,LSTM,3,2008
2008-05-20,2008,5,15.23,15.36,15.586615722179413,2008-05-23,LSTM,3,2008
2008-05-21,2008,5,15.26,15.49,15.673049280643463,2008-05-24,LSTM,3,2008
2008-05-22,2008,5,15.31,15.6,15.698913899660111,2008-05-25,LSTM,3,2008
2008-05-23,2008,5,15.36,15.81,15.685571238994598,2008-05-26,LSTM,3,2008
2008-05-24,2008,5,15.49,15.88,15.809788426160813,2008-05-27,LSTM,3,2008
2008-05-25,2008,5,15.6,15.88,15.751317745447158,2008-05-28,LSTM,3,2008
2008-05-26,2008,5,15.81,15.85,16.357773361206057,2008-05-29,LSTM,3,2008
2008-05-27,2008,5,15.88,15.71,15.956585322618485,2008-05-30,LSTM,3,2008
2008-05-28,2008,5,15.88,15.77,15.92390923306346,2008-05-31,LSTM,3,2008
2008-05-29,2008,5,15.85,15.86,15.78152955174446,2008-06-01,LSTM,3,2008
2008-05-30,2008,5,15.71,16.05,15.32573937535286,2008-06-02,LSTM,3,2008
2008-05-31,2008,5,15.77,16.23,15.887754094302654,2008-06-03,LSTM,3,2008
2008-06-01,2008,6,15.86,16.41,16.156719700098037,2008-06-04,LSTM,3,2008
2008-06-02,2008,6,16.05,16.61,16.785523581504822,2008-06-05,LSTM,3,2008
2008-06-03,2008,6,16.23,16.72,16.761226456165314,2008-06-06,LSTM,3,2008
2008-06-04,2008,6,16.41,16.73,16.752937290668488,2008-06-07,LSTM,3,2008
2008-06-05,2008,6,16.61,16.72,16.842132107019424,2008-06-08,LSTM,3,2008
2008-06-06,2008,6,16.72,16.58,16.699609502479433,2008-06-09,LSTM,3,2008
2008-06-07,2008,6,16.73,16.53,16.676249399334193,2008-06-10,LSTM,3,2008
2008-06-08,2008,6,16.72,16.46,17.037775785923003,2008-06-11,LSTM,3,2008
2008-06-09,2008,6,16.58,16.6,16.665276171565054,2008-06-12,LSTM,3,2008
2008-06-10,2008,6,16.53,16.7,16.596060714423658,2008-06-13,LSTM,3,2008
2008-06-11,2008,6,16.46,16.86,16.497078488618136,2008-06-14,LSTM,3,2008
2008-06-12,2008,6,16.6,17.16,16.805624267458917,2008-06-15,LSTM,3,2008
2008-06-13,2008,6,16.7,17.51,16.78498966693878,2008-06-16,LSTM,3,2008
2008-06-14,2008,6,16.86,17.74,17.159994468688964,2008-06-17,LSTM,3,2008
2008-06-15,2008,6,17.16,17.93,17.679979059696198,2008-06-18,LSTM,3,2008
2008-06-16,2008,6,17.51,18.03,18.145875880718233,2008-06-19,LSTM,3,2008
2008-06-17,2008,6,17.74,18.14,18.131928166151045,2008-06-20,LSTM,3,2008
2008-06-18,2008,6,17.93,18.17,18.217583857774734,2008-06-21,LSTM,3,2008
2008-06-19,2008,6,18.03,18.22,18.17787968993187,2008-06-22,LSTM,3,2008
2008-06-20,2008,6,18.14,18.06,18.255768611431122,2008-06-23,LSTM,3,2008
2008-06-21,2008,6,18.17,18.05,18.20754471614957,2008-06-24,LSTM,3,2008
2008-06-22,2008,6,18.22,18.09,18.348986492753028,2008-06-25,LSTM,3,2008
2008-06-23,2008,6,18.06,18.12,17.886666116714476,2008-06-26,LSTM,3,2008
2008-06-24,2008,6,18.05,18.15,18.19649423956871,2008-06-27,LSTM,3,2008
2008-06-25,2008,6,18.09,18.2,18.221625220179558,2008-06-28,LSTM,3,2008
2008-06-26,2008,6,18.12,18.24,18.199788982868196,2008-06-29,LSTM,3,2008
2008-06-27,2008,6,18.15,18.25,18.2400549441576,2008-06-30,LSTM,3,2008
2008-06-28,2008,6,18.2,18.3,18.323988032341003,2008-07-01,LSTM,3,2008
2008-06-29,2008,6,18.24,18.39,18.362574910521506,2008-07-02,LSTM,3,2008
2008-06-30,2008,6,18.25,18.32,18.27583339996636,2008-07-03,LSTM,3,2008
2008-07-01,2008,7,18.3,18.34,18.386646653711797,2008-07-04,LSTM,3,2008
2008-07-02,2008,7,18.39,18.37,18.634724333286286,2008-07-05,LSTM,3,2008
2008-07-03,2008,7,18.32,18.34,18.228295705914498,2008-07-06,LSTM,3,2008
2008-07-04,2008,7,18.34,18.45,18.408720266222954,2008-07-07,LSTM,3,2008
2008-07-05,2008,7,18.37,18.59,18.462389546334744,2008-07-08,LSTM,3,2008
2008-07-06,2008,7,18.34,18.72,18.301269311606884,2008-07-09,LSTM,3,2008
2008-07-07,2008,7,18.45,18.82,18.6686783850193,2008-07-10,LSTM,3,2008
2008-07-08,2008,7,18.59,18.82,18.974040892124176,2008-07-11,LSTM,3,2008
2008-07-09,2008,7,18.72,18.59,19.097786755561827,2008-07-12,LSTM,3,2008
2008-07-10,2008,7,18.82,18.45,19.144330925941468,2008-07-13,LSTM,3,2008
2008-07-11,2008,7,18.82,18.37,18.80959111329168,2008-07-14,LSTM,3,2008
2008-07-12,2008,7,18.59,18.42,18.285278644561767,2008-07-15,LSTM,3,2008
2008-07-13,2008,7,18.45,18.49,18.493003927916288,2008-07-16,LSTM,3,2008
2008-07-14,2008,7,18.37,18.64,18.403142905682326,2008-07-17,LSTM,3,2008
2008-07-15,2008,7,18.42,18.75,18.548682523965837,2008-07-18,LSTM,3,2008
2008-07-16,2008,7,18.49,18.79,18.616844838261603,2008-07-19,LSTM,3,2008
2008-07-17,2008,7,18.64,18.87,19.10658954024315,2008-07-20,LSTM,3,2008
2008-07-18,2008,7,18.75,18.89,19.12376517057419,2008-07-21,LSTM,3,2008
2008-07-19,2008,7,18.79,19.06,18.89099973529577,2008-07-22,LSTM,3,2008
2008-07-20,2008,7,18.87,19.24,19.0845074903965,2008-07-23,LSTM,3,2008
2008-07-21,2008,7,18.89,19.34,18.883879456538708,2008-07-24,LSTM,3,2008
2008-07-22,2008,7,19.06,19.29,19.487906960248946,2008-07-25,LSTM,3,2008
2008-07-23,2008,7,19.24,19.17,19.5714491212368,2008-07-26,LSTM,3,2008
2008-07-24,2008,7,19.34,19.24,19.503552924990654,2008-07-27,LSTM,3,2008
2008-07-25,2008,7,19.29,19.26,19.026796766519546,2008-07-28,LSTM,3,2008
2008-07-26,2008,7,19.17,19.22,18.854534817934038,2008-07-29,LSTM,3,2008
2008-07-27,2008,7,19.24,19.17,19.275287667065857,2008-07-30,LSTM,3,2008
2008-07-28,2008,7,19.26,19.03,19.176240490972997,2008-07-31,LSTM,3,2008
2008-07-29,2008,7,19.22,18.94,19.05134400844574,2008-08-01,LSTM,3,2008
2008-07-30,2008,7,19.17,18.89,19.025840250849726,2008-08-02,LSTM,3,2008
2008-07-31,2008,7,19.03,18.8,18.79166480779648,2008-08-03,LSTM,3,2008
2008-08-01,2008,8,18.94,18.84,18.767151134610177,2008-08-04,LSTM,3,2008
2008-08-02,2008,8,18.89,18.77,18.74403224825859,2008-08-05,LSTM,3,2008
2008-08-03,2008,8,18.8,18.74,18.569120305776597,2008-08-06,LSTM,3,2008
2008-08-04,2008,8,18.84,18.73,18.78043503701687,2008-08-07,LSTM,3,2008
2008-08-05,2008,8,18.77,18.67,18.56888851940632,2008-08-08,LSTM,3,2008
2008-08-06,2008,8,18.74,18.65,18.616669108867644,2008-08-09,LSTM,3,2008
2008-08-07,2008,8,18.73,18.62,18.66881081789732,2008-08-10,LSTM,3,2008
2008-08-08,2008,8,18.67,18.59,18.541292710304262,2008-08-11,LSTM,3,2008
2008-08-09,2008,8,18.65,18.59,18.59886203482747,2008-08-12,LSTM,3,2008
2008-08-10,2008,8,18.62,18.7,18.55544264137745,2008-08-13,LSTM,3,2008
2008-08-11,2008,8,18.59,18.74,18.52745692074299,2008-08-14,LSTM,3,2008
2008-08-12,2008,8,18.59,18.74,18.597218650076538,2008-08-15,LSTM,3,2008
2008-08-13,2008,8,18.7,18.67,19.016043972969054,2008-08-16,LSTM,3,2008
2008-08-14,2008,8,18.74,18.78,18.872469460368155,2008-08-17,LSTM,3,2008
2008-08-15,2008,8,18.74,18.93,18.74428526289761,2008-08-18,LSTM,3,2008
2008-08-16,2008,8,18.67,19.07,18.56617817848921,2008-08-19,LSTM,3,2008
2008-08-17,2008,8,18.78,19.16,19.05391591668129,2008-08-20,LSTM,3,2008
2008-08-18,2008,8,18.93,19.29,19.398367278575897,2008-08-21,LSTM,3,2008
2008-08-19,2008,8,19.07,19.39,19.419770665168762,2008-08-22,LSTM,3,2008
2008-08-20,2008,8,19.16,19.39,19.31354883670807,2008-08-23,LSTM,3,2008
2008-08-21,2008,8,19.29,19.27,19.43972823858261,2008-08-24,LSTM,3,2008
2008-08-22,2008,8,19.39,19.19,19.432515877634287,2008-08-25,LSTM,3,2008
2008-08-23,2008,8,19.39,19.1,19.210841640233994,2008-08-26,LSTM,3,2008
2008-08-24,2008,8,19.27,19.09,18.898914326429367,2008-08-27,LSTM,3,2008
2008-08-25,2008,8,19.19,19.24,18.9358516061306,2008-08-28,LSTM,3,2008
2008-08-26,2008,8,19.1,19.27,18.87456396818161,2008-08-29,LSTM,3,2008
2008-08-27,2008,8,19.09,19.45,18.967830773591995,2008-08-30,LSTM,3,2008
2008-08-28,2008,8,19.24,19.63,19.389282455444334,2008-08-31,LSTM,3,2008
2008-08-29,2008,8,19.27,19.63,19.18584351658821,2008-09-01,LSTM,3,2008
2008-08-30,2008,8,19.45,19.61,19.741406780481338,2008-09-02,LSTM,3,2008
2008-08-31,2008,8,19.63,19.51,19.8560095924139,2008-09-03,LSTM,3,2008
2008-09-01,2008,9,19.63,19.56,19.44229807436466,2008-09-04,LSTM,3,2008
2008-09-02,2008,9,19.61,19.68,19.262479231357574,2008-09-05,LSTM,3,2008
2008-09-03,2008,9,19.51,19.73,19.116846302747728,2008-09-06,LSTM,3,2008
2008-09-04,2008,9,19.56,19.75,19.376535487771033,2008-09-07,LSTM,3,2008
2008-09-05,2008,9,19.68,19.64,19.63482698455453,2008-09-08,LSTM,3,2008
2008-09-06,2008,9,19.73,19.48,19.481296177506447,2008-09-09,LSTM,3,2008
2008-09-07,2008,9,19.75,19.33,19.448928982019424,2008-09-10,LSTM,3,2008
2008-09-08,2008,9,19.64,19.17,19.24473895072937,2008-09-11,LSTM,3,2008
2008-09-09,2008,9,19.48,19.01,18.974414746761322,2008-09-12,LSTM,3,2008
2008-09-10,2008,9,19.33,18.82,18.841129677295683,2008-09-13,LSTM,3,2008
2008-09-11,2008,9,19.17,18.6,18.695947004556658,2008-09-14,LSTM,3,2008
2008-09-12,2008,9,19.01,18.4,18.590134063959123,2008-09-15,LSTM,3,2008
2008-09-13,2008,9,18.82,18.3,18.399643666744232,2008-09-16,LSTM,3,2008
2008-09-14,2008,9,18.6,18.21,18.155109441280366,2008-09-17,LSTM,3,2008
2008-09-15,2008,9,18.4,18.04,17.98703064918518,2008-09-18,LSTM,3,2008
2008-09-16,2008,9,18.3,17.87,18.057914543151856,2008-09-19,LSTM,3,2008
2008-09-17,2008,9,18.21,17.74,18.03650524377823,2008-09-20,LSTM,3,2008
2008-09-18,2008,9,18.04,17.53,17.747078486680984,2008-09-21,LSTM,3,2008
2008-09-19,2008,9,17.87,17.45,17.529992128610612,2008-09-22,LSTM,3,2008
2008-09-20,2008,9,17.74,17.41,17.486286779642104,2008-09-23,LSTM,3,2008
2008-09-21,2008,9,17.53,17.35,17.168290882110597,2008-09-24,LSTM,3,2008
2008-09-22,2008,9,17.45,17.31,17.27603272795677,2008-09-25,LSTM,3,2008
2008-09-23,2008,9,17.41,17.21,17.39788683488965,2008-09-26,LSTM,3,2008
2008-09-24,2008,9,17.35,17.18,17.326943597197534,2008-09-27,LSTM,3,2008
2008-09-25,2008,9,17.31,17.12,17.319954638779162,2008-09-28,LSTM,3,2008
2008-09-26,2008,9,17.21,17.09,17.150557301044465,2008-09-29,LSTM,3,2008
2008-09-27,2008,9,17.18,17.08,17.195918171033263,2008-09-30,LSTM,3,2008
2008-09-28,2008,9,17.12,17.04,17.127749204523862,2008-10-01,LSTM,3,2008
2008-09-29,2008,9,17.09,17.0,17.082933976929635,2008-10-02,LSTM,3,2008
2008-09-30,2008,9,17.08,16.99,17.04820183470845,2008-10-03,LSTM,3,2008
2008-10-01,2008,10,17.04,16.88,16.8967628711462,2008-10-04,LSTM,3,2008
2008-10-02,2008,10,17.0,16.87,16.81170730292797,2008-10-05,LSTM,3,2008
2008-10-03,2008,10,16.99,16.95,16.83960402548313,2008-10-06,LSTM,3,2008
2008-10-04,2008,10,16.88,16.95,16.612889235019683,2008-10-07,LSTM,3,2008
2008-10-05,2008,10,16.87,16.9,16.70821438252926,2008-10-08,LSTM,3,2008
2008-10-06,2008,10,16.95,16.9,16.871340264379977,2008-10-09,LSTM,3,2008
2008-10-07,2008,10,16.95,16.89,16.653450620174407,2008-10-10,LSTM,3,2008
2008-10-08,2008,10,16.9,16.78,16.596876317262648,2008-10-11,LSTM,3,2008
2008-10-09,2008,10,16.9,16.71,16.677511700987814,2008-10-12,LSTM,3,2008
2008-10-10,2008,10,16.89,16.65,16.696094944477082,2008-10-13,LSTM,3,2008
2008-10-11,2008,10,16.78,16.56,16.422904222011567,2008-10-14,LSTM,3,2008
2008-10-12,2008,10,16.71,16.47,16.407220146656037,2008-10-15,LSTM,3,2008
2008-10-13,2008,10,16.65,16.45,16.437534937262534,2008-10-16,LSTM,3,2008
2008-10-14,2008,10,16.56,16.37,16.32290054619312,2008-10-17,LSTM,3,2008
2008-10-15,2008,10,16.47,16.26,16.28804460287094,2008-10-18,LSTM,3,2008
2008-10-16,2008,10,16.45,16.13,16.321546387672424,2008-10-19,LSTM,3,2008
2008-10-17,2008,10,16.37,15.99,16.123754928708077,2008-10-20,LSTM,3,2008
2008-10-18,2008,10,16.26,15.89,15.979188481569292,2008-10-21,LSTM,3,2008
2008-10-19,2008,10,16.13,15.8,15.921596993803977,2008-10-22,LSTM,3,2008
2008-10-20,2008,10,15.99,15.71,15.789485355615616,2008-10-23,LSTM,3,2008
2008-10-21,2008,10,15.89,15.63,15.710146471261979,2008-10-24,LSTM,3,2008
2008-10-22,2008,10,15.8,15.55,15.626387256383897,2008-10-25,LSTM,3,2008
2008-10-23,2008,10,15.71,15.47,15.521848744750024,2008-10-26,LSTM,3,2008
2008-10-24,2008,10,15.63,15.43,15.449944441318513,2008-10-27,LSTM,3,2008
2008-10-25,2008,10,15.55,15.41,15.381732988357545,2008-10-28,LSTM,3,2008
2008-10-26,2008,10,15.47,15.54,15.302678616046906,2008-10-29,LSTM,3,2008
2008-10-27,2008,10,15.43,15.72,15.297753967642784,2008-10-30,LSTM,3,2008
2008-10-28,2008,10,15.41,15.8,15.309265348911286,2008-10-31,LSTM,3,2008
2008-10-29,2008,10,15.54,15.9,15.600762230306863,2008-11-01,LSTM,3,2008
2008-10-30,2008,10,15.72,16.11,15.759036311209202,2008-11-02,LSTM,3,2008
2008-10-31,2008,10,15.8,16.26,15.565553057193757,2008-11-03,LSTM,3,2008
2008-11-01,2008,11,15.9,16.17,15.699189031124115,2008-11-04,LSTM,3,2008
2008-11-02,2008,11,16.11,15.95,15.904646188616752,2008-11-05,LSTM,3,2008
2008-11-03,2008,11,16.26,15.8,15.947019288539888,2008-11-06,LSTM,3,2008
2008-11-04,2008,11,16.17,15.64,15.763116521835329,2008-11-07,LSTM,3,2008
2008-11-05,2008,11,15.95,15.45,15.635957849025726,2008-11-08,LSTM,3,2008
2008-11-06,2008,11,15.8,15.31,15.591371420025826,2008-11-09,LSTM,3,2008
2008-11-07,2008,11,15.64,15.24,15.493050649166108,2008-11-10,LSTM,3,2008
2008-11-08,2008,11,15.45,15.17,15.255349335074424,2008-11-11,LSTM,3,2008
2008-11-09,2008,11,15.31,15.09,15.131297720074654,2008-11-12,LSTM,3,2008
2008-11-10,2008,11,15.24,15.04,15.06228921353817,2008-11-13,LSTM,3,2008
2008-11-11,2008,11,15.17,14.99,14.948862789273262,2008-11-14,LSTM,3,2008
2008-11-12,2008,11,15.09,14.94,14.840184670090675,2008-11-15,LSTM,3,2008
2008-11-13,2008,11,15.04,14.9,14.832687311768531,2008-11-16,LSTM,3,2008
2008-11-14,2008,11,14.99,14.85,14.822004219293595,2008-11-17,LSTM,3,2008
2008-11-15,2008,11,14.94,14.8,14.78747451543808,2008-11-18,LSTM,3,2008
2008-11-16,2008,11,14.9,14.78,14.764516913890839,2008-11-19,LSTM,3,2008
2008-11-17,2008,11,14.85,14.76,14.71535656452179,2008-11-20,LSTM,3,2008
2008-11-18,2008,11,14.8,14.72,14.664706873893739,2008-11-21,LSTM,3,2008
2008-11-19,2008,11,14.78,14.699,14.670030831098556,2008-11-22,LSTM,3,2008
2008-11-20,2008,11,14.76,14.67,14.662595743536949,2008-11-23,LSTM,3,2008
2008-11-21,2008,11,14.72,14.63,14.603516043424607,2008-11-24,LSTM,3,2008
2008-11-22,2008,11,14.699,14.59,14.590868397593498,2008-11-25,LSTM,3,2008
2008-11-23,2008,11,14.67,14.57,14.566019510924816,2008-11-26,LSTM,3,2008
2008-11-24,2008,11,14.63,14.54,14.513519738912583,2008-11-27,LSTM,3,2008
2008-11-25,2008,11,14.59,14.52,14.469774384200573,2008-11-28,LSTM,3,2008
2008-11-26,2008,11,14.57,14.5,14.462285034060478,2008-11-29,LSTM,3,2008
2008-11-27,2008,11,14.54,14.47,14.432942644655704,2008-11-30,LSTM,3,2008
2008-11-28,2008,11,14.52,14.45,14.413751353025436,2008-12-01,LSTM,3,2008
2008-11-29,2008,11,14.5,14.42,14.398997962474823,2008-12-02,LSTM,3,2008
2008-11-30,2008,11,14.47,14.39,14.364113264977933,2008-12-03,LSTM,3,2008
2008-12-01,2008,12,14.45,14.35,14.34779034256935,2008-12-04,LSTM,3,2008
2008-12-02,2008,12,14.42,14.33,14.316638661623001,2008-12-05,LSTM,3,2008
2008-12-03,2008,12,14.39,14.31,14.283972754478455,2008-12-06,LSTM,3,2008
2008-12-04,2008,12,14.35,14.27,14.240380322933197,2008-12-07,LSTM,3,2008
2008-12-05,2008,12,14.33,14.26,14.227139213979244,2008-12-08,LSTM,3,2008
2008-12-06,2008,12,14.31,14.24,14.213460666537285,2008-12-09,LSTM,3,2008
2008-12-07,2008,12,14.27,14.21,14.162712719738483,2008-12-10,LSTM,3,2008
2008-12-08,2008,12,14.26,14.2,14.162697630226612,2008-12-11,LSTM,3,2008
2008-12-09,2008,12,14.24,14.18,14.148083692193032,2008-12-12,LSTM,3,2008
2008-12-10,2008,12,14.21,14.17,14.110393255054952,2008-12-13,LSTM,3,2008
2008-12-11,2008,12,14.2,14.15,14.109166276454925,2008-12-14,LSTM,3,2008
2008-12-12,2008,12,14.18,14.13,14.090579226911068,2008-12-15,LSTM,3,2008
2008-12-13,2008,12,14.17,14.1,14.083105063140392,2008-12-16,LSTM,3,2008
2008-12-14,2008,12,14.15,14.08,14.062364087998867,2008-12-17,LSTM,3,2008
2008-12-15,2008,12,14.13,14.06,14.040553999245168,2008-12-18,LSTM,3,2008
2008-12-16,2008,12,14.1,14.04,14.007414704561233,2008-12-19,LSTM,3,2008
2008-12-17,2008,12,14.08,14.02,13.989891679883003,2008-12-20,LSTM,3,2008
2008-12-18,2008,12,14.06,14.0,13.97233990341425,2008-12-21,LSTM,3,2008
2008-12-19,2008,12,14.04,13.98,13.95172158718109,2008-12-22,LSTM,3,2008
2008-12-20,2008,12,14.02,13.97,13.932042580544948,2008-12-23,LSTM,3,2008
2008-12-21,2008,12,14.0,13.95,13.912738293409348,2008-12-24,LSTM,3,2008
2008-12-22,2008,12,13.98,13.93,13.893546845316887,2008-12-25,LSTM,3,2008
2008-12-23,2008,12,13.97,13.91,13.888869636952878,2008-12-26,LSTM,3,2008
2008-12-24,2008,12,13.95,13.89,13.86681721061468,2008-12-27,LSTM,3,2008
2008-12-25,2008,12,13.93,13.87,13.84534000635147,2008-12-28,LSTM,3,2008
2008-12-26,2008,12,13.91,13.85,13.826463404893875,2008-12-29,LSTM,3,2008
2008-12-27,2008,12,13.89,13.84,13.806766278445721,2008-12-30,LSTM,3,2008
2008-12-28,2008,12,13.87,13.83,13.786932068765163,2008-12-31,LSTM,3,2008
2008-12-29,2008,12,13.85,13.81,13.766986256837844,2009-01-01,LSTM,3,2008
2008-12-30,2008,12,13.84,13.79,13.761736396849155,2009-01-02,LSTM,3,2008
2008-12-31,2008,12,13.83,13.77,13.754351431429386,2009-01-03,LSTM,3,2008
2009-01-01,2009,1,13.81,13.75,13.755451959967614,2009-01-04,LSTM,3,2009
2009-01-02,2009,1,13.79,13.74,13.73748569279909,2009-01-05,LSTM,3,2009
2009-01-03,2009,1,13.77,13.73,13.720508262962102,2009-01-06,LSTM,3,2009
2009-01-04,2009,1,13.75,13.71,13.701252099126577,2009-01-07,LSTM,3,2009
2009-01-05,2009,1,13.74,13.69,13.695572035163641,2009-01-08,LSTM,3,2009
2009-01-06,2009,1,13.73,13.67,13.686291902810336,2009-01-09,LSTM,3,2009
2009-01-07,2009,1,13.71,13.66,13.66185910537839,2009-01-10,LSTM,3,2009
2009-01-08,2009,1,13.69,13.65,13.643725609928369,2009-01-11,LSTM,3,2009
2009-01-09,2009,1,13.67,13.64,13.626589624285698,2009-01-12,LSTM,3,2009
2009-01-10,2009,1,13.66,13.62,13.62113907918334,2009-01-13,LSTM,3,2009
2009-01-11,2009,1,13.65,13.6,13.612158627808094,2009-01-14,LSTM,3,2009
2009-01-12,2009,1,13.64,13.587,13.601271543055773,2009-01-15,LSTM,3,2009
2009-01-13,2009,1,13.62,13.56,13.578685476332902,2009-01-16,LSTM,3,2009
2009-01-14,2009,1,13.6,13.55,13.560229218006134,2009-01-17,LSTM,3,2009
2009-01-15,2009,1,13.587,13.54,13.552591147542,2009-01-18,LSTM,3,2009
2009-01-16,2009,1,13.56,13.53,13.520296228528023,2009-01-19,LSTM,3,2009
2009-01-17,2009,1,13.55,13.51,13.515483769774438,2009-01-20,LSTM,3,2009
2009-01-18,2009,1,13.54,13.49,13.508926016241311,2009-01-21,LSTM,3,2009
2009-01-19,2009,1,13.53,13.47,13.496782875359058,2009-01-22,LSTM,3,2009
2009-01-20,2009,1,13.51,13.46,13.474056801050901,2009-01-23,LSTM,3,2009
2009-01-21,2009,1,13.49,13.45,13.45516077592969,2009-01-24,LSTM,3,2009
2009-01-22,2009,1,13.47,13.44,13.437415362596512,2009-01-25,LSTM,3,2009
2009-01-23,2009,1,13.46,13.43,13.432518330439926,2009-01-26,LSTM,3,2009
2009-01-24,2009,1,13.45,13.43,13.4231837939471,2009-01-27,LSTM,3,2009
2009-01-25,2009,1,13.44,13.42,13.412097922116518,2009-01-28,LSTM,3,2009
2009-01-26,2009,1,13.43,13.41,13.403603595048189,2009-01-29,LSTM,3,2009
2009-01-27,2009,1,13.43,13.4,13.411802590191364,2009-01-30,LSTM,3,2009
2009-01-28,2009,1,13.42,13.39,13.398003598749638,2009-01-31,LSTM,3,2009
2009-01-29,2009,1,13.41,13.37,13.387605018764734,2009-02-01,LSTM,3,2009
2009-01-30,2009,1,13.4,13.37,13.38060516268015,2009-02-02,LSTM,3,2009
2009-01-31,2009,1,13.39,13.36,13.37131536692381,2009-02-03,LSTM,3,2009
2009-02-01,2009,2,13.37,13.36,13.34507508471608,2009-02-04,LSTM,3,2009
2009-02-02,2009,2,13.37,13.36,13.35806126229465,2009-02-05,LSTM,3,2009
2009-02-03,2009,2,13.36,13.36,13.344707892872393,2009-02-06,LSTM,3,2009
2009-02-04,2009,2,13.36,13.36,13.349151533693075,2009-02-07,LSTM,3,2009
2009-02-05,2009,2,13.36,13.36,13.35497391609475,2009-02-08,LSTM,3,2009
2009-02-06,2009,2,13.36,13.35,13.355039957109838,2009-02-09,LSTM,3,2009
2009-02-07,2009,2,13.36,13.35,13.357842256445437,2009-02-10,LSTM,3,2009
2009-02-08,2009,2,13.36,13.34,13.360517528620548,2009-02-11,LSTM,3,2009
2009-02-09,2009,2,13.35,13.33,13.340959549322724,2009-02-12,LSTM,3,2009
2009-02-10,2009,2,13.35,13.31,13.351580562558956,2009-02-13,LSTM,3,2009
2009-02-11,2009,2,13.34,13.29,13.335070903096348,2009-02-14,LSTM,3,2009
2009-02-12,2009,2,13.33,13.27,13.322220394778997,2009-02-15,LSTM,3,2009
2009-02-13,2009,2,13.31,13.25,13.29437908757478,2009-02-16,LSTM,3,2009
2009-02-14,2009,2,13.29,13.23,13.272641434296965,2009-02-17,LSTM,3,2009
2009-02-15,2009,2,13.27,13.22,13.25397970944643,2009-02-18,LSTM,3,2009
2009-02-16,2009,2,13.25,13.21,13.233250072225928,2009-02-19,LSTM,3,2009
2009-02-17,2009,2,13.23,13.2,13.212430318370462,2009-02-20,LSTM,3,2009
2009-02-18,2009,2,13.22,13.19,13.213286784272642,2009-02-21,LSTM,3,2009
2009-02-19,2009,2,13.21,13.17,13.206602462604643,2009-02-22,LSTM,3,2009
2009-02-20,2009,2,13.2,13.15,13.196684028301387,2009-02-23,LSTM,3,2009
2009-02-21,2009,2,13.19,13.14,13.18965484731365,2009-02-24,LSTM,3,2009
2009-02-22,2009,2,13.17,13.13,13.159027578383684,2009-02-25,LSTM,3,2009
2009-02-23,2009,2,13.15,13.12,13.138920137286187,2009-02-26,LSTM,3,2009
2009-02-24,2009,2,13.14,13.11,13.145829215515406,2009-02-27,LSTM,3,2009
2009-02-25,2009,2,13.13,13.1,13.139318415075541,2009-02-28,LSTM,3,2009
2009-02-26,2009,2,13.12,13.12,13.12833545345813,2009-03-01,LSTM,3,2009
2009-02-27,2009,2,13.11,13.15,13.120592927224934,2009-03-02,LSTM,3,2009
2009-02-28,2009,2,13.1,13.17,13.11324764918536,2009-03-03,LSTM,3,2009
2009-03-01,2009,3,13.12,13.2,13.168575952649116,2009-03-04,LSTM,3,2009
2009-03-02,2009,3,13.15,13.26,13.194088572263718,2009-03-05,LSTM,3,2009
2009-03-03,2009,3,13.17,13.35,13.196165260002017,2009-03-06,LSTM,3,2009
2009-03-04,2009,3,13.2,13.45,13.242453322559594,2009-03-07,LSTM,3,2009
2009-03-05,2009,3,13.26,13.5,13.317856924831867,2009-03-08,LSTM,3,2009
2009-03-06,2009,3,13.35,13.52,13.391542802006006,2009-03-09,LSTM,3,2009
2009-03-07,2009,3,13.45,13.53,13.413680058717727,2009-03-10,LSTM,3,2009
2009-03-08,2009,3,13.5,13.5,13.362357661128044,2009-03-11,LSTM,3,2009
2009-03-09,2009,3,13.52,13.46,13.415626105368137,2009-03-12,LSTM,3,2009
2009-03-10,2009,3,13.53,13.44,13.501996888518333,2009-03-13,LSTM,3,2009
2009-03-11,2009,3,13.5,13.42,13.477889591827989,2009-03-14,LSTM,3,2009
2009-03-12,2009,3,13.46,13.39,13.464081994760782,2009-03-15,LSTM,3,2009
2009-03-13,2009,3,13.44,13.37,13.478953814655542,2009-03-16,LSTM,3,2009
2009-03-14,2009,3,13.42,13.38,13.444174761027098,2009-03-17,LSTM,3,2009
2009-03-15,2009,3,13.39,13.4,13.37728605080396,2009-03-18,LSTM,3,2009
2009-03-16,2009,3,13.37,13.43,13.369728687689639,2009-03-19,LSTM,3,2009
2009-03-17,2009,3,13.38,13.45,13.436061480194331,2009-03-20,LSTM,3,2009
2009-03-18,2009,3,13.4,13.46,13.459243276715279,2009-03-21,LSTM,3,2009
2009-03-19,2009,3,13.43,13.47,13.491938796192407,2009-03-22,LSTM,3,2009
2009-03-20,2009,3,13.45,13.47,13.503366549313068,2009-03-23,LSTM,3,2009
2009-03-21,2009,3,13.46,13.45,13.523974790275098,2009-03-24,LSTM,3,2009
2009-03-22,2009,3,13.47,13.43,13.5660588529706,2009-03-25,LSTM,3,2009
2009-03-23,2009,3,13.47,13.41,13.573689506649972,2009-03-26,LSTM,3,2009
2009-03-24,2009,3,13.45,13.4,13.505735178291797,2009-03-27,LSTM,3,2009
2009-03-25,2009,3,13.43,13.4,13.469252869784832,2009-03-28,LSTM,3,2009
2009-03-26,2009,3,13.41,13.39,13.443815152943134,2009-03-29,LSTM,3,2009
2009-03-27,2009,3,13.4,13.39,13.447476515173912,2009-03-30,LSTM,3,2009
2009-03-28,2009,3,13.4,13.39,13.466991746425629,2009-03-31,LSTM,3,2009
2009-03-29,2009,3,13.39,13.38,13.436936210244895,2009-04-01,LSTM,3,2009
2009-03-30,2009,3,13.39,13.39,13.450116704553366,2009-04-02,LSTM,3,2009
2009-03-31,2009,3,13.39,13.5,13.461129769086838,2009-04-03,LSTM,3,2009
2009-04-01,2009,4,13.38,13.54,13.433228285163642,2009-04-04,LSTM,3,2009
2009-04-02,2009,4,13.39,13.55,13.475191383957863,2009-04-05,LSTM,3,2009
2009-04-03,2009,4,13.5,13.54,13.677242174744606,2009-04-06,LSTM,3,2009
2009-04-04,2009,4,13.54,13.54,13.558663955852388,2009-04-07,LSTM,3,2009
2009-04-05,2009,4,13.55,13.6,13.63068309724331,2009-04-08,LSTM,3,2009
2009-04-06,2009,4,13.54,13.7,13.687040024399757,2009-04-09,LSTM,3,2009
2009-04-07,2009,4,13.54,13.82,13.73215454161167,2009-04-10,LSTM,3,2009
2009-04-08,2009,4,13.6,13.87,13.8931107878685,2009-04-11,LSTM,3,2009
2009-04-09,2009,4,13.7,13.89,13.986284297704696,2009-04-12,LSTM,3,2009
2009-04-10,2009,4,13.82,13.83,14.039291657209397,2009-04-13,LSTM,3,2009
2009-04-11,2009,4,13.87,13.85,13.91200805351138,2009-04-14,LSTM,3,2009
2009-04-12,2009,4,13.89,13.93,14.015992476940156,2009-04-15,LSTM,3,2009
2009-04-13,2009,4,13.83,13.99,13.864851089119911,2009-04-16,LSTM,3,2009
2009-04-14,2009,4,13.85,14.07,14.198593354225158,2009-04-17,LSTM,3,2009
2009-04-15,2009,4,13.93,14.16,14.351027988195419,2009-04-18,LSTM,3,2009
2009-04-16,2009,4,13.99,14.22,14.231715177893639,2009-04-19,LSTM,3,2009
2009-04-17,2009,4,14.07,14.28,14.303936429023743,2009-04-20,LSTM,3,2009
2009-04-18,2009,4,14.16,14.32,14.403160471320152,2009-04-21,LSTM,3,2009
2009-04-19,2009,4,14.22,14.3,14.376503722071648,2009-04-22,LSTM,3,2009
2009-04-20,2009,4,14.28,14.21,14.462145699858665,2009-04-23,LSTM,3,2009
2009-04-21,2009,4,14.32,14.28,14.495896674394608,2009-04-24,LSTM,3,2009
2009-04-22,2009,4,14.3,14.43,14.474519881606103,2009-04-25,LSTM,3,2009
2009-04-23,2009,4,14.21,14.63,14.161105557382108,2009-04-26,LSTM,3,2009
2009-04-24,2009,4,14.28,14.71,14.711889355182647,2009-04-27,LSTM,3,2009
2009-04-25,2009,4,14.43,14.71,14.855201684236526,2009-04-28,LSTM,3,2009
2009-04-26,2009,4,14.63,14.62,14.991949056386948,2009-04-29,LSTM,3,2009
2009-04-27,2009,4,14.71,14.73,14.697702501006425,2009-04-30,LSTM,3,2009
2009-04-28,2009,4,14.71,14.82,14.703273640517146,2009-05-01,LSTM,3,2009
2009-04-29,2009,4,14.62,14.91,14.593982736468314,2009-05-02,LSTM,3,2009
2009-04-30,2009,4,14.73,14.86,15.124389182329178,2009-05-03,LSTM,3,2009
2009-05-01,2009,5,14.82,14.85,15.072374082803726,2009-05-04,LSTM,3,2009
2009-05-02,2009,5,14.91,14.82,15.106086168289185,2009-05-05,LSTM,3,2009
2009-05-03,2009,5,14.86,14.77,14.813700687736272,2009-05-06,LSTM,3,2009
2009-05-04,2009,5,14.85,14.76,15.017357191443443,2009-05-07,LSTM,3,2009
2009-05-05,2009,5,14.82,14.74,15.012114427685738,2009-05-08,LSTM,3,2009
2009-05-06,2009,5,14.77,14.73,14.862085406184196,2009-05-09,LSTM,3,2009
2009-05-07,2009,5,14.76,14.71,14.924237543940544,2009-05-10,LSTM,3,2009
2009-05-08,2009,5,14.74,14.79,14.910798137784004,2009-05-11,LSTM,3,2009
2009-05-09,2009,5,14.73,14.87,14.927982460260392,2009-05-12,LSTM,3,2009
2009-05-10,2009,5,14.71,14.92,14.88820380628109,2009-05-13,LSTM,3,2009
2009-05-11,2009,5,14.79,14.95,15.157253720760345,2009-05-14,LSTM,3,2009
2009-05-12,2009,5,14.87,15.03,15.12064143538475,2009-05-15,LSTM,3,2009
2009-05-13,2009,5,14.92,15.11,15.116895658969879,2009-05-16,LSTM,3,2009
2009-05-14,2009,5,14.95,15.19,15.220113468170165,2009-05-17,LSTM,3,2009
2009-05-15,2009,5,15.03,15.22,15.45612475156784,2009-05-18,LSTM,3,2009
2009-05-16,2009,5,15.11,15.17,15.383782521486282,2009-05-19,LSTM,3,2009
2009-05-17,2009,5,15.19,14.99,15.3461558842659,2009-05-20,LSTM,3,2009
2009-05-18,2009,5,15.22,14.95,15.316823543310166,2009-05-21,LSTM,3,2009
2009-05-19,2009,5,15.17,14.91,15.239109223783016,2009-05-22,LSTM,3,2009
2009-05-20,2009,5,14.99,14.87,14.707959076166153,2009-05-23,LSTM,3,2009
2009-05-21,2009,5,14.95,14.8,14.89355111196637,2009-05-24,LSTM,3,2009
2009-05-22,2009,5,14.91,14.8,15.026888828575611,2009-05-25,LSTM,3,2009
2009-05-23,2009,5,14.87,14.83,15.147856528759002,2009-05-26,LSTM,3,2009
2009-05-24,2009,5,14.8,15.07,15.090356725454331,2009-05-27,LSTM,3,2009
2009-05-25,2009,5,14.8,16.29,15.355905640125275,2009-05-28,LSTM,3,2009
2009-05-26,2009,5,14.83,16.4,15.42706312417984,2009-05-29,LSTM,3,2009
2009-05-27,2009,5,15.07,16.2,15.960641033649445,2009-05-30,LSTM,3,2009
2009-05-28,2009,5,16.29,15.98,16.365578816235065,2009-05-31,LSTM,3,2009
2009-05-29,2009,5,16.4,15.93,15.801730358600615,2009-06-01,LSTM,3,2009
2009-05-30,2009,5,16.2,15.99,16.227619319036602,2009-06-02,LSTM,3,2009
2009-05-31,2009,5,15.98,16.05,15.753375540971756,2009-06-03,LSTM,3,2009
2009-06-01,2009,6,15.93,16.01,15.995118066966533,2009-06-04,LSTM,3,2009
2009-06-02,2009,6,15.99,15.92,16.17146248161793,2009-06-05,LSTM,3,2009
2009-06-03,2009,6,16.05,15.87,16.411994415521622,2009-06-06,LSTM,3,2009
2009-06-04,2009,6,16.01,15.85,16.071934839934112,2009-06-07,LSTM,3,2009
2009-06-05,2009,6,15.92,15.85,15.98667535007,2009-06-08,LSTM,3,2009
2009-06-06,2009,6,15.87,15.82,16.081507767438886,2009-06-09,LSTM,3,2009
2009-06-07,2009,6,15.85,15.82,16.17123747467995,2009-06-10,LSTM,3,2009
2009-06-08,2009,6,15.85,15.75,16.343878334760667,2009-06-11,LSTM,3,2009
2009-06-09,2009,6,15.82,15.74,16.315187669992447,2009-06-12,LSTM,3,2009
2009-06-10,2009,6,15.82,15.82,16.47296447277069,2009-06-13,LSTM,3,2009
2009-06-11,2009,6,15.75,15.89,16.089796513319016,2009-06-14,LSTM,3,2009
2009-06-12,2009,6,15.74,16.06,16.239544590711596,2009-06-15,LSTM,3,2009
2009-06-13,2009,6,15.82,16.24,16.626765913963318,2009-06-16,LSTM,3,2009
2009-06-14,2009,6,15.89,16.46,16.65421093940735,2009-06-17,LSTM,3,2009
2009-06-15,2009,6,16.06,16.57,17.017924485206603,2009-06-18,LSTM,3,2009
2009-06-16,2009,6,16.24,16.57,16.930528154373167,2009-06-19,LSTM,3,2009
2009-06-17,2009,6,16.46,16.43,17.058162055015565,2009-06-20,LSTM,3,2009
2009-06-18,2009,6,16.57,16.26,16.806980751156807,2009-06-21,LSTM,3,2009
2009-06-19,2009,6,16.57,16.22,16.794883526563645,2009-06-22,LSTM,3,2009
2009-06-20,2009,6,16.43,16.11,16.536849163770675,2009-06-23,LSTM,3,2009
2009-06-21,2009,6,16.26,16.22,16.279526271149518,2009-06-24,LSTM,3,2009
2009-06-22,2009,6,16.22,16.27,16.558094621896743,2009-06-25,LSTM,3,2009
2009-06-23,2009,6,16.11,16.31,16.096874704249203,2009-06-26,LSTM,3,2009
2009-06-24,2009,6,16.22,16.22,16.586063714027404,2009-06-27,LSTM,3,2009
2009-06-25,2009,6,16.27,16.3,16.550360847711563,2009-06-28,LSTM,3,2009
2009-06-26,2009,6,16.31,16.67,16.708272454738616,2009-06-29,LSTM,3,2009
2009-06-27,2009,6,16.22,16.84,16.497413129806517,2009-06-30,LSTM,3,2009
2009-06-28,2009,6,16.3,17.07,17.36683349609375,2009-07-01,LSTM,3,2009
2009-06-29,2009,6,16.67,17.6,17.815745635032656,2009-07-02,LSTM,3,2009
2009-06-30,2009,6,16.84,17.98,17.199128266572952,2009-07-03,LSTM,3,2009
2009-07-01,2009,7,17.07,18.57,17.639811165332794,2009-07-04,LSTM,3,2009
2009-07-02,2009,7,17.6,18.67,18.337044632434846,2009-07-05,LSTM,3,2009
2009-07-03,2009,7,17.98,18.83,18.061746608018876,2009-07-06,LSTM,3,2009
2009-07-04,2009,7,18.57,18.91,18.61434346035123,2009-07-07,LSTM,3,2009
2009-07-05,2009,7,18.67,18.83,18.256211025714876,2009-07-08,LSTM,3,2009
2009-07-06,2009,7,18.83,18.57,18.957326399087904,2009-07-09,LSTM,3,2009
2009-07-07,2009,7,18.91,18.44,18.958054207116366,2009-07-10,LSTM,3,2009
2009-07-08,2009,7,18.83,18.32,18.47190915226936,2009-07-11,LSTM,3,2009
2009-07-09,2009,7,18.57,18.28,18.30333176970482,2009-07-12,LSTM,3,2009
2009-07-10,2009,7,18.44,18.25,18.653894814252855,2009-07-13,LSTM,3,2009
2009-07-11,2009,7,18.32,18.2,18.408154904544354,2009-07-14,LSTM,3,2009
2009-07-12,2009,7,18.28,18.17,18.410521401762963,2009-07-15,LSTM,3,2009
2009-07-13,2009,7,18.25,18.09,18.296734910458326,2009-07-16,LSTM,3,2009
2009-07-14,2009,7,18.2,17.99,18.163816247880458,2009-07-17,LSTM,3,2009
2009-07-15,2009,7,18.17,17.86,18.11940906763077,2009-07-18,LSTM,3,2009
2009-07-16,2009,7,18.09,17.74,18.017220687270164,2009-07-19,LSTM,3,2009
2009-07-17,2009,7,17.99,17.58,17.919155707359312,2009-07-20,LSTM,3,2009
2009-07-18,2009,7,17.86,17.39,17.808322035372257,2009-07-21,LSTM,3,2009
2009-07-19,2009,7,17.74,17.32,17.73300923058763,2009-07-22,LSTM,3,2009
2009-07-20,2009,7,17.58,17.27,17.560827555060385,2009-07-23,LSTM,3,2009
2009-07-21,2009,7,17.39,17.19,17.392401917241514,2009-07-24,LSTM,3,2009
2009-07-22,2009,7,17.32,17.16,17.446255452632904,2009-07-25,LSTM,3,2009
2009-07-23,2009,7,17.27,17.12,17.3061003652215,2009-07-26,LSTM,3,2009
2009-07-24,2009,7,17.19,17.12,17.163975583910943,2009-07-27,LSTM,3,2009
2009-07-25,2009,7,17.16,17.4,17.168756165392697,2009-07-28,LSTM,3,2009
2009-07-26,2009,7,17.12,17.72,17.105377891920508,2009-07-29,LSTM,3,2009
2009-07-27,2009,7,17.12,17.93,17.131158930137754,2009-07-30,LSTM,3,2009
2009-07-28,2009,7,17.4,18.15,18.227485263347624,2009-07-31,LSTM,3,2009
2009-07-29,2009,7,17.72,18.36,18.756152362823485,2009-08-01,LSTM,3,2009
2009-07-30,2009,7,17.93,18.42,18.96529644012451,2009-08-02,LSTM,3,2009
2009-07-31,2009,7,18.15,18.39,19.05640729665756,2009-08-03,LSTM,3,2009
2009-08-01,2009,8,18.36,18.33,19.09065412044525,2009-08-04,LSTM,3,2009
2009-08-02,2009,8,18.42,18.34,18.685272527933122,2009-08-05,LSTM,3,2009
2009-08-03,2009,8,18.39,18.39,18.457011252045632,2009-08-06,LSTM,3,2009
2009-08-04,2009,8,18.33,18.45,18.325060639921574,2009-08-07,LSTM,3,2009
2009-08-05,2009,8,18.34,18.42,18.41945566624403,2009-08-08,LSTM,3,2009
2009-08-06,2009,8,18.39,18.41,18.642644538879395,2009-08-09,LSTM,3,2009
2009-08-07,2009,8,18.45,18.36,18.7526624917984,2009-08-10,LSTM,3,2009
2009-08-08,2009,8,18.42,18.32,18.536474464535715,2009-08-11,LSTM,3,2009
2009-08-09,2009,8,18.41,18.25,18.560048300623894,2009-08-12,LSTM,3,2009
2009-08-10,2009,8,18.36,18.24,18.424527183771133,2009-08-13,LSTM,3,2009
2009-08-11,2009,8,18.32,18.4,18.41079646319151,2009-08-14,LSTM,3,2009
2009-08-12,2009,8,18.25,18.54,18.219989355653524,2009-08-15,LSTM,3,2009
2009-08-13,2009,8,18.24,18.55,18.282183239012955,2009-08-16,LSTM,3,2009
2009-08-14,2009,8,18.4,19.04,18.887322270870207,2009-08-17,LSTM,3,2009
2009-08-15,2009,8,18.54,19.27,19.103654005527495,2009-08-18,LSTM,3,2009
2009-08-16,2009,8,18.55,19.27,18.68051998615265,2009-08-19,LSTM,3,2009
2009-08-17,2009,8,19.04,19.15,20.016422905921935,2009-08-20,LSTM,3,2009
2009-08-18,2009,8,19.27,19.33,19.718910027742385,2009-08-21,LSTM,3,2009
2009-08-19,2009,8,19.27,19.4,19.330442741960287,2009-08-22,LSTM,3,2009
2009-08-20,2009,8,19.15,19.29,19.05962331742048,2009-08-23,LSTM,3,2009
2009-08-21,2009,8,19.33,19.23,19.605789022445677,2009-08-24,LSTM,3,2009
2009-08-22,2009,8,19.4,19.2,19.53900478184223,2009-08-25,LSTM,3,2009
2009-08-23,2009,8,19.29,19.19,18.972316213846206,2009-08-26,LSTM,3,2009
2009-08-24,2009,8,19.23,19.18,19.193346175849438,2009-08-27,LSTM,3,2009
2009-08-25,2009,8,19.2,19.16,19.30554952919483,2009-08-28,LSTM,3,2009
2009-08-26,2009,8,19.19,19.13,19.308730165064336,2009-08-29,LSTM,3,2009
2009-08-27,2009,8,19.18,19.03,19.29291228234768,2009-08-30,LSTM,3,2009
2009-08-28,2009,8,19.16,18.94,19.21028137564659,2009-08-31,LSTM,3,2009
2009-08-29,2009,8,19.13,18.79,19.091415030062198,2009-09-01,LSTM,3,2009
2009-08-30,2009,8,19.03,18.67,18.881182460784913,2009-09-02,LSTM,3,2009
2009-08-31,2009,8,18.94,18.55,18.797427403330804,2009-09-03,LSTM,3,2009
2009-09-01,2009,9,18.79,18.4,18.56960905432701,2009-09-04,LSTM,3,2009
2009-09-02,2009,9,18.67,18.29,18.47776207149029,2009-09-05,LSTM,3,2009
2009-09-03,2009,9,18.55,18.07,18.392723682522774,2009-09-06,LSTM,3,2009
2009-09-04,2009,9,18.4,17.96,18.201072880625723,2009-09-07,LSTM,3,2009
2009-09-05,2009,9,18.29,17.74,18.137416549921035,2009-09-08,LSTM,3,2009
2009-09-06,2009,9,18.07,17.61,17.809268094301224,2009-09-09,LSTM,3,2009
2009-09-07,2009,9,17.96,17.52,17.802300057411195,2009-09-10,LSTM,3,2009
2009-09-08,2009,9,17.74,17.31,17.502185245752333,2009-09-11,LSTM,3,2009
2009-09-09,2009,9,17.61,17.25,17.457212329506874,2009-09-12,LSTM,3,2009
2009-09-10,2009,9,17.52,17.14,17.454377558529377,2009-09-13,LSTM,3,2009
2009-09-11,2009,9,17.31,17.14,17.043231157064437,2009-09-14,LSTM,3,2009
2009-09-12,2009,9,17.25,17.07,17.188666865229607,2009-09-15,LSTM,3,2009
2009-09-13,2009,9,17.14,17.0,17.06388090491295,2009-09-16,LSTM,3,2009
2009-09-14,2009,9,17.14,16.94,17.195374063551427,2009-09-17,LSTM,3,2009
2009-09-15,2009,9,17.07,16.93,17.071233425806277,2009-09-18,LSTM,3,2009
2009-09-16,2009,9,17.0,16.99,16.969005707651377,2009-09-19,LSTM,3,2009
2009-09-17,2009,9,16.94,17.2,16.910809992402793,2009-09-20,LSTM,3,2009
2009-09-18,2009,9,16.93,17.3,16.994188919961452,2009-09-21,LSTM,3,2009
2009-09-19,2009,9,16.99,17.3,17.129520734548567,2009-09-22,LSTM,3,2009
2009-09-20,2009,9,17.2,17.23,17.660749506950378,2009-09-23,LSTM,3,2009
2009-09-21,2009,9,17.3,17.31,17.52020810842514,2009-09-24,LSTM,3,2009
2009-09-22,2009,9,17.3,17.51,17.444265443086625,2009-09-25,LSTM,3,2009
2009-09-23,2009,9,17.23,17.63,17.326637673676014,2009-09-26,LSTM,3,2009
2009-09-24,2009,9,17.31,17.65,17.671818075180052,2009-09-27,LSTM,3,2009
2009-09-25,2009,9,17.51,17.57,17.85125101566315,2009-09-28,LSTM,3,2009
2009-09-26,2009,9,17.63,17.46,17.66049638494849,2009-09-29,LSTM,3,2009
2009-09-27,2009,9,17.65,17.24,17.72167226821184,2009-09-30,LSTM,3,2009
2009-09-28,2009,9,17.57,17.12,17.539869397580624,2009-10-01,LSTM,3,2009
2009-09-29,2009,9,17.46,17.02,17.443722584322096,2009-10-02,LSTM,3,2009
2009-09-30,2009,9,17.24,16.92,16.828944554328917,2009-10-03,LSTM,3,2009
2009-10-01,2009,10,17.12,16.76,16.897247846126557,2009-10-04,LSTM,3,2009
2009-10-02,2009,10,17.02,16.62,16.971082687824964,2009-10-05,LSTM,3,2009
2009-10-03,2009,10,16.92,16.47,16.864966524839403,2009-10-06,LSTM,3,2009
2009-10-04,2009,10,16.76,16.36,16.441732743978502,2009-10-07,LSTM,3,2009
2009-10-05,2009,10,16.62,16.62,16.281149442195893,2009-10-08,LSTM,3,2009
2009-10-06,2009,10,16.47,17.56,16.11406809210777,2009-10-09,LSTM,3,2009
2009-10-07,2009,10,16.36,17.67,16.08945988178253,2009-10-10,LSTM,3,2009
2009-10-08,2009,10,16.62,17.41,17.045057500600816,2009-10-11,LSTM,3,2009
2009-10-09,2009,10,17.56,17.26,17.448825714588164,2009-10-12,LSTM,3,2009
2009-10-10,2009,10,17.67,17.14,17.286106241941454,2009-10-13,LSTM,3,2009
2009-10-11,2009,10,17.41,17.21,16.81788608789444,2009-10-14,LSTM,3,2009
2009-10-12,2009,10,17.26,17.33,16.940037409067155,2009-10-15,LSTM,3,2009
2009-10-13,2009,10,17.14,17.34,17.286622017025948,2009-10-16,LSTM,3,2009
2009-10-14,2009,10,17.21,17.25,17.459462351202966,2009-10-17,LSTM,3,2009
2009-10-15,2009,10,17.33,17.08,17.281402150094507,2009-10-18,LSTM,3,2009
2009-10-16,2009,10,17.34,16.9,17.122694578170776,2009-10-19,LSTM,3,2009
2009-10-17,2009,10,17.25,16.68,16.923463612794876,2009-10-20,LSTM,3,2009
2009-10-18,2009,10,17.08,16.48,16.654369013309477,2009-10-21,LSTM,3,2009
2009-10-19,2009,10,16.9,16.27,16.455210083723067,2009-10-22,LSTM,3,2009
2009-10-20,2009,10,16.68,16.16,16.192016147375107,2009-10-23,LSTM,3,2009
2009-10-21,2009,10,16.48,16.08,16.004249374866486,2009-10-24,LSTM,3,2009
2009-10-22,2009,10,16.27,16.0,15.7516575050354,2009-10-25,LSTM,3,2009
2009-10-23,2009,10,16.16,15.96,15.809362117052078,2009-10-26,LSTM,3,2009
2009-10-24,2009,10,16.08,15.93,15.878970013856886,2009-10-27,LSTM,3,2009
2009-10-25,2009,10,16.0,15.8,15.801986366510391,2009-10-28,LSTM,3,2009
2009-10-26,2009,10,15.96,15.73,15.803573153018952,2009-10-29,LSTM,3,2009
2009-10-27,2009,10,15.93,15.65,15.774800308346748,2009-10-30,LSTM,3,2009
2009-10-28,2009,10,15.8,15.58,15.527097898721696,2009-10-31,LSTM,3,2009
2009-10-29,2009,10,15.73,15.49,15.511595900654793,2009-11-01,LSTM,3,2009
2009-10-30,2009,10,15.65,15.42,15.433194929361344,2009-11-02,LSTM,3,2009
2009-10-31,2009,10,15.58,15.37,15.367351295351982,2009-11-03,LSTM,3,2009
2009-11-01,2009,11,15.49,15.28,15.27153719007969,2009-11-04,LSTM,3,2009
2009-11-02,2009,11,15.42,15.22,15.219739450216293,2009-11-05,LSTM,3,2009
2009-11-03,2009,11,15.37,15.17,15.194919149279594,2009-11-06,LSTM,3,2009
2009-11-04,2009,11,15.28,15.13,15.07205547273159,2009-11-07,LSTM,3,2009
2009-11-05,2009,11,15.22,15.07,15.036592603921891,2009-11-08,LSTM,3,2009
2009-11-06,2009,11,15.17,15.04,15.017910538315773,2009-11-09,LSTM,3,2009
2009-11-07,2009,11,15.13,15.01,14.992186118960381,2009-11-10,LSTM,3,2009
2009-11-08,2009,11,15.07,14.95,14.905675314068795,2009-11-11,LSTM,3,2009
2009-11-09,2009,11,15.04,14.9,14.918526896238326,2009-11-12,LSTM,3,2009
2009-11-10,2009,11,15.01,14.85,14.91634747594595,2009-11-13,LSTM,3,2009
2009-11-11,2009,11,14.95,14.8,14.799347949028014,2009-11-14,LSTM,3,2009
2009-11-12,2009,11,14.9,14.74,14.754866847395897,2009-11-15,LSTM,3,2009
2009-11-13,2009,11,14.85,14.7,14.713636538386345,2009-11-16,LSTM,3,2009
2009-11-14,2009,11,14.8,14.67,14.660348358750344,2009-11-17,LSTM,3,2009
2009-11-15,2009,11,14.74,14.63,14.58588947892189,2009-11-18,LSTM,3,2009
2009-11-16,2009,11,14.7,14.62,14.567939561605453,2009-11-19,LSTM,3,2009
2009-11-17,2009,11,14.67,14.6,14.561676619648933,2009-11-20,LSTM,3,2009
2009-11-18,2009,11,14.63,14.59,14.507729818224908,2009-11-21,LSTM,3,2009
2009-11-19,2009,11,14.62,14.57,14.530448491573333,2009-11-22,LSTM,3,2009
2009-11-20,2009,11,14.6,14.55,14.512518821656704,2009-11-23,LSTM,3,2009
2009-11-21,2009,11,14.59,14.63,14.509401697814464,2009-11-24,LSTM,3,2009
2009-11-22,2009,11,14.57,14.95,14.484667673408985,2009-11-25,LSTM,3,2009
2009-11-23,2009,11,14.55,15.0,14.461581501364709,2009-11-26,LSTM,3,2009
2009-11-24,2009,11,14.63,15.0,14.601538156270982,2009-11-27,LSTM,3,2009
2009-11-25,2009,11,14.95,14.87,14.845244941115379,2009-11-28,LSTM,3,2009
2009-11-26,2009,11,15.0,14.73,14.856757283210754,2009-11-29,LSTM,3,2009
2009-11-27,2009,11,15.0,14.64,14.77211782336235,2009-11-30,LSTM,3,2009
2009-11-28,2009,11,14.87,14.61,14.572786952257156,2009-12-01,LSTM,3,2009
2009-11-29,2009,11,14.73,14.52,14.448988537788392,2009-12-02,LSTM,3,2009
2009-11-30,2009,11,14.64,14.48,14.408304601311684,2009-12-03,LSTM,3,2009
2009-12-01,2009,12,14.61,14.4,14.49673187047243,2009-12-04,LSTM,3,2009
2009-12-02,2009,12,14.52,14.38,14.397718180418014,2009-12-05,LSTM,3,2009
2009-12-03,2009,12,14.48,14.35,14.382516305446625,2009-12-06,LSTM,3,2009
2009-12-04,2009,12,14.4,14.31,14.296669641137123,2009-12-07,LSTM,3,2009
2009-12-05,2009,12,14.38,14.29,14.29696309298277,2009-12-08,LSTM,3,2009
2009-12-06,2009,12,14.35,14.27,14.265400832891464,2009-12-09,LSTM,3,2009
2009-12-07,2009,12,14.31,14.25,14.207185273468495,2009-12-10,LSTM,3,2009
2009-12-08,2009,12,14.29,14.22,14.202788435816764,2009-12-11,LSTM,3,2009
2009-12-09,2009,12,14.27,14.2,14.187393289506435,2009-12-12,LSTM,3,2009
2009-12-10,2009,12,14.25,14.17,14.167233802378178,2009-12-13,LSTM,3,2009
2009-12-11,2009,12,14.22,14.16,14.13279486566782,2009-12-14,LSTM,3,2009
2009-12-12,2009,12,14.2,14.13,14.119981092214584,2009-12-15,LSTM,3,2009
2009-12-13,2009,12,14.17,14.12,14.088700061738491,2009-12-16,LSTM,3,2009
2009-12-14,2009,12,14.16,14.11,14.087663810551167,2009-12-17,LSTM,3,2009
2009-12-15,2009,12,14.13,14.07,14.050760713517667,2009-12-18,LSTM,3,2009
2009-12-16,2009,12,14.12,14.05,14.047972331643104,2009-12-19,LSTM,3,2009
2009-12-17,2009,12,14.11,14.01,14.045243614017963,2009-12-20,LSTM,3,2009
2009-12-18,2009,12,14.07,13.98,13.98785691678524,2009-12-21,LSTM,3,2009
2009-12-19,2009,12,14.05,13.96,13.978397357463837,2009-12-22,LSTM,3,2009
2009-12-20,2009,12,14.01,13.94,13.936021665334701,2009-12-23,LSTM,3,2009
2009-12-21,2009,12,13.98,13.92,13.906951110363007,2009-12-24,LSTM,3,2009
2009-12-22,2009,12,13.96,13.92,13.89450153619051,2009-12-25,LSTM,3,2009
2009-12-23,2009,12,13.94,13.91,13.872808808982372,2009-12-26,LSTM,3,2009
2009-12-24,2009,12,13.92,13.9,13.852446368038654,2009-12-27,LSTM,3,2009
2009-12-25,2009,12,13.92,13.89,13.862754589021206,2009-12-28,LSTM,3,2009
2009-12-26,2009,12,13.91,13.89,13.85171255454421,2009-12-29,LSTM,3,2009
2009-12-27,2009,12,13.9,13.88,13.842228581756354,2009-12-30,LSTM,3,2009
2009-12-28,2009,12,13.89,13.85,13.837318270802498,2009-12-31,LSTM,3,2009
2009-12-29,2009,12,13.89,13.83,13.844376492649317,2010-01-01,LSTM,3,2009
2009-12-30,2009,12,13.88,13.79,13.831699785888196,2010-01-02,LSTM,3,2009
2009-12-31,2009,12,13.85,13.76,13.792478656768798,2010-01-03,LSTM,3,2009
2010-01-01,2010,1,13.83,13.73,13.762420656085014,2010-01-04,LSTM,3,2010
2010-01-02,2010,1,13.79,13.71,13.712309145331382,2010-01-05,LSTM,3,2010
2010-01-03,2010,1,13.76,13.69,13.68358722537756,2010-01-06,LSTM,3,2010
2010-01-04,2010,1,13.73,13.67,13.655473906099797,2010-01-07,LSTM,3,2010
2010-01-05,2010,1,13.71,13.65,13.639686889052392,2010-01-08,LSTM,3,2010
2010-01-06,2010,1,13.69,13.63,13.620605813860893,2010-01-09,LSTM,3,2010
2010-01-07,2010,1,13.67,13.62,13.6004768294096,2010-01-10,LSTM,3,2010
2010-01-08,2010,1,13.65,13.6,13.581060321629048,2010-01-11,LSTM,3,2010
2010-01-09,2010,1,13.63,13.58,13.56193592876196,2010-01-12,LSTM,3,2010
2010-01-10,2010,1,13.62,13.56,13.557998797744512,2010-01-13,LSTM,3,2010
2010-01-11,2010,1,13.6,13.54,13.533985508978366,2010-01-14,LSTM,3,2010
2010-01-12,2010,1,13.58,13.53,13.513230057358742,2010-01-15,LSTM,3,2010
2010-01-13,2010,1,13.56,13.52,13.494070028364659,2010-01-16,LSTM,3,2010
2010-01-14,2010,1,13.54,13.5,13.474274740517139,2010-01-17,LSTM,3,2010
2010-01-15,2010,1,13.53,13.48,13.470043859183788,2010-01-18,LSTM,3,2010
2010-01-16,2010,1,13.52,13.46,13.461093981266021,2010-01-19,LSTM,3,2010
2010-01-17,2010,1,13.5,13.45,13.435371272265911,2010-01-20,LSTM,3,2010
2010-01-18,2010,1,13.48,13.43,13.415468770563603,2010-01-21,LSTM,3,2010
2010-01-19,2010,1,13.46,13.42,13.396301313340665,2010-01-22,LSTM,3,2010
2010-01-20,2010,1,13.45,13.41,13.392263960838317,2010-01-23,LSTM,3,2010
2010-01-21,2010,1,13.43,13.39,13.367279112637043,2010-01-24,LSTM,3,2010
2010-01-22,2010,1,13.42,13.37,13.362385870963335,2010-01-25,LSTM,3,2010
2010-01-23,2010,1,13.41,13.36,13.353533308804035,2010-01-26,LSTM,3,2010
2010-01-24,2010,1,13.39,13.35,13.32807476386428,2010-01-27,LSTM,3,2010
2010-01-25,2010,1,13.37,13.34,13.308307493925094,2010-01-28,LSTM,3,2010
2010-01-26,2010,1,13.36,13.32,13.305320177823305,2010-01-29,LSTM,3,2010
2010-01-27,2010,1,13.35,13.3,13.29586819037795,2010-01-30,LSTM,3,2010
2010-01-28,2010,1,13.34,13.28,13.286420837193727,2010-01-31,LSTM,3,2010
2010-01-29,2010,1,13.32,13.27,13.26054028019309,2010-02-01,LSTM,3,2010
2010-01-30,2010,1,13.3,13.25,13.24065834954381,2010-02-02,LSTM,3,2010
2010-01-31,2010,1,13.28,13.24,13.221666815429925,2010-02-03,LSTM,3,2010
2010-02-01,2010,2,13.27,13.22,13.218753517121076,2010-02-04,LSTM,3,2010
2010-02-02,2010,2,13.25,13.2,13.192540004849434,2010-02-05,LSTM,3,2010
2010-02-03,2010,2,13.24,13.19,13.18896312057972,2010-02-06,LSTM,3,2010
2010-02-04,2010,2,13.22,13.18,13.163329337984324,2010-02-07,LSTM,3,2010
2010-02-05,2010,2,13.2,13.17,13.143441953510045,2010-02-08,LSTM,3,2010
2010-02-06,2010,2,13.19,13.15,13.142003475278615,2010-02-09,LSTM,3,2010
2010-02-07,2010,2,13.18,13.14,13.133549977391958,2010-02-10,LSTM,3,2010
2010-02-08,2010,2,13.17,13.13,13.123918311744928,2010-02-11,LSTM,3,2010
2010-02-09,2010,2,13.15,13.11,13.097579324245453,2010-02-12,LSTM,3,2010
2010-02-10,2010,2,13.14,13.1,13.096157252192498,2010-02-13,LSTM,3,2010
2010-02-11,2010,2,13.13,13.09,13.088688955754042,2010-02-14,LSTM,3,2010
2010-02-12,2010,2,13.11,13.08,13.061327748596668,2010-02-15,LSTM,3,2010
2010-02-13,2010,2,13.1,13.08,13.06088022366166,2010-02-16,LSTM,3,2010
2010-02-14,2010,2,13.09,13.07,13.053102292269468,2010-02-17,LSTM,3,2010
2010-02-15,2010,2,13.08,13.06,13.043947523385286,2010-02-18,LSTM,3,2010
2010-02-16,2010,2,13.08,13.05,13.057483058348298,2010-02-19,LSTM,3,2010
2010-02-17,2010,2,13.07,13.05,13.039313932582736,2010-02-20,LSTM,3,2010
2010-02-18,2010,2,13.06,13.04,13.03015061043203,2010-02-21,LSTM,3,2010
2010-02-19,2010,2,13.05,13.03,13.023952537402511,2010-02-22,LSTM,3,2010
2010-02-20,2010,2,13.05,13.03,13.038591929897667,2010-02-23,LSTM,3,2010
2010-02-21,2010,2,13.04,13.03,13.019876562952994,2010-02-24,LSTM,3,2010
2010-02-22,2010,2,13.03,13.03,13.011272477656602,2010-02-25,LSTM,3,2010
2010-02-23,2010,2,13.03,13.03,13.026622489532455,2010-02-26,LSTM,3,2010
2010-02-24,2010,2,13.03,13.04,13.031969708362594,2010-02-27,LSTM,3,2010
2010-02-25,2010,2,13.03,13.04,13.035871545989066,2010-02-28,LSTM,3,2010
2010-02-26,2010,2,13.03,13.04,13.040548649355769,2010-03-01,LSTM,3,2010
2010-02-27,2010,2,13.04,13.04,13.066961561292409,2010-03-02,LSTM,3,2010
2010-02-28,2010,2,13.04,13.05,13.057586117610334,2010-03-03,LSTM,3,2010
2010-03-01,2010,3,13.04,13.05,13.065335822254418,2010-03-04,LSTM,3,2010
2010-03-02,2010,3,13.04,13.07,13.069311949387192,2010-03-05,LSTM,3,2010
2010-03-03,2010,3,13.05,13.1,13.097741502523423,2010-03-06,LSTM,3,2010
2010-03-04,2010,3,13.05,13.12,13.085626485943795,2010-03-07,LSTM,3,2010
2010-03-05,2010,3,13.07,13.14,13.14342205196619,2010-03-08,LSTM,3,2010
2010-03-06,2010,3,13.1,13.16,13.192097334563732,2010-03-09,LSTM,3,2010
2010-03-07,2010,3,13.12,13.19,13.196034516096114,2010-03-10,LSTM,3,2010
2010-03-08,2010,3,13.14,13.22,13.226197547614575,2010-03-11,LSTM,3,2010
2010-03-09,2010,3,13.16,13.27,13.253937739729881,2010-03-12,LSTM,3,2010
2010-03-10,2010,3,13.19,13.43,13.303778322935104,2010-03-13,LSTM,3,2010
2010-03-11,2010,3,13.22,13.55,13.332112447619439,2010-03-14,LSTM,3,2010
2010-03-12,2010,3,13.27,13.66,13.412544656991958,2010-03-15,LSTM,3,2010
2010-03-13,2010,3,13.43,13.7,13.716041617393493,2010-03-16,LSTM,3,2010
2010-03-14,2010,3,13.55,13.7,13.502120903879405,2010-03-17,LSTM,3,2010
2010-03-15,2010,3,13.66,13.64,13.603738657981157,2010-03-18,LSTM,3,2010
2010-03-16,2010,3,13.7,13.58,13.557019662857055,2010-03-19,LSTM,3,2010
2010-03-17,2010,3,13.7,13.53,13.672851019352674,2010-03-20,LSTM,3,2010
2010-03-18,2010,3,13.64,13.48,13.644820495843888,2010-03-21,LSTM,3,2010
2010-03-19,2010,3,13.58,13.46,13.583493111114949,2010-03-22,LSTM,3,2010
2010-03-20,2010,3,13.53,13.46,13.572181394994258,2010-03-23,LSTM,3,2010
2010-03-21,2010,3,13.48,13.46,13.512515715807677,2010-03-24,LSTM,3,2010
2010-03-22,2010,3,13.46,13.45,13.509103025346995,2010-03-25,LSTM,3,2010
2010-03-23,2010,3,13.46,13.45,13.534720337986947,2010-03-26,LSTM,3,2010
2010-03-24,2010,3,13.46,13.45,13.52459727883339,2010-03-27,LSTM,3,2010
2010-03-25,2010,3,13.45,13.53,13.502519898861646,2010-03-28,LSTM,3,2010
2010-03-26,2010,3,13.45,13.65,13.531058777868747,2010-03-29,LSTM,3,2010
2010-03-27,2010,3,13.45,13.77,13.545224142074584,2010-03-30,LSTM,3,2010
2010-03-28,2010,3,13.53,13.97,13.749132423400878,2010-03-31,LSTM,3,2010
2010-03-29,2010,3,13.65,14.42,13.865158686041832,2010-04-01,LSTM,3,2010
2010-03-30,2010,3,13.77,14.8,13.836184148192405,2010-04-02,LSTM,3,2010
2010-03-31,2010,3,13.97,15.07,14.250431240797043,2010-04-03,LSTM,3,2010
2010-04-01,2010,4,14.42,15.17,14.842970592975616,2010-04-04,LSTM,3,2010
2010-04-02,2010,4,14.8,15.17,15.039180326461793,2010-04-05,LSTM,3,2010
2010-04-03,2010,4,15.07,15.09,15.170648820400238,2010-04-06,LSTM,3,2010
2010-04-04,2010,4,15.17,15.16,15.008949888944626,2010-04-07,LSTM,3,2010
2010-04-05,2010,4,15.17,15.4,15.113325374275446,2010-04-08,LSTM,3,2010
2010-04-06,2010,4,15.09,15.57,14.881702717542648,2010-04-09,LSTM,3,2010
2010-04-07,2010,4,15.16,15.65,14.98274629175663,2010-04-10,LSTM,3,2010
2010-04-08,2010,4,15.4,15.65,15.249968805909157,2010-04-11,LSTM,3,2010
2010-04-09,2010,4,15.57,15.68,15.289510555267334,2010-04-12,LSTM,3,2010
2010-04-10,2010,4,15.65,15.78,15.405186572670937,2010-04-13,LSTM,3,2010
2010-04-11,2010,4,15.65,15.79,15.48109237253666,2010-04-14,LSTM,3,2010
2010-04-12,2010,4,15.68,15.69,15.596533410549164,2010-04-15,LSTM,3,2010
2010-04-13,2010,4,15.78,15.57,15.629010944366454,2010-04-16,LSTM,3,2010
2010-04-14,2010,4,15.79,15.56,15.613686391115188,2010-04-17,LSTM,3,2010
2010-04-15,2010,4,15.69,15.74,15.537197458148002,2010-04-18,LSTM,3,2010
2010-04-16,2010,4,15.57,15.74,15.164716012477875,2010-04-19,LSTM,3,2010
2010-04-17,2010,4,15.56,15.96,15.227536109685898,2010-04-20,LSTM,3,2010
2010-04-18,2010,4,15.74,16.21,15.91559976875782,2010-04-21,LSTM,3,2010
2010-04-19,2010,4,15.74,16.4,15.447980513572693,2010-04-22,LSTM,3,2010
2010-04-20,2010,4,15.96,16.48,16.144385597705842,2010-04-23,LSTM,3,2010
2010-04-21,2010,4,16.21,16.55,16.14857064843178,2010-04-24,LSTM,3,2010
2010-04-22,2010,4,16.4,16.55,16.190603324770926,2010-04-25,LSTM,3,2010
2010-04-23,2010,4,16.48,16.65,15.998174231052399,2010-04-26,LSTM,3,2010
2010-04-24,2010,4,16.55,17.43,16.08284251689911,2010-04-27,LSTM,3,2010
2010-04-25,2010,4,16.55,17.87,16.222061026096345,2010-04-28,LSTM,3,2010
2010-04-26,2010,4,16.65,17.98,16.379678511619566,2010-04-29,LSTM,3,2010
2010-04-27,2010,4,17.43,17.92,17.507363446354866,2010-04-30,LSTM,3,2010
2010-04-28,2010,4,17.87,17.69,17.359138901233674,2010-05-01,LSTM,3,2010
2010-04-29,2010,4,17.98,17.44,17.27277515411377,2010-05-02,LSTM,3,2010
2010-04-30,2010,4,17.92,17.03,17.100918097496034,2010-05-03,LSTM,3,2010
2010-05-01,2010,5,17.69,16.76,17.073901834487916,2010-05-04,LSTM,3,2010
2010-05-02,2010,5,17.44,16.5,16.90372938156128,2010-05-05,LSTM,3,2010
2010-05-03,2010,5,17.03,16.25,16.558860062360765,2010-05-06,LSTM,3,2010
2010-05-04,2010,5,16.76,16.09,16.351376632452013,2010-05-07,LSTM,3,2010
2010-05-05,2010,5,16.5,16.03,16.152086228132248,2010-05-08,LSTM,3,2010
2010-05-06,2010,5,16.25,16.12,15.847497940063477,2010-05-09,LSTM,3,2010
2010-05-07,2010,5,16.09,16.31,15.777948048114776,2010-05-10,LSTM,3,2010
2010-05-08,2010,5,16.03,16.33,15.92059140533209,2010-05-11,LSTM,3,2010
2010-05-09,2010,5,16.12,16.27,16.248253862261773,2010-05-12,LSTM,3,2010
2010-05-10,2010,5,16.31,16.24,16.38123926281929,2010-05-13,LSTM,3,2010
2010-05-11,2010,5,16.33,16.24,16.034458624124525,2010-05-14,LSTM,3,2010
2010-05-12,2010,5,16.27,16.33,15.647935230731964,2010-05-15,LSTM,3,2010
2010-05-13,2010,5,16.24,16.84,16.019856920242308,2010-05-16,LSTM,3,2010
2010-05-14,2010,5,16.24,17.47,16.309528751075266,2010-05-17,LSTM,3,2010
2010-05-15,2010,5,16.33,17.8,16.796588914394377,2010-05-18,LSTM,3,2010
2010-05-16,2010,5,16.84,17.97,17.39428510904312,2010-05-19,LSTM,3,2010
2010-05-17,2010,5,17.47,18.16,17.553128839731215,2010-05-20,LSTM,3,2010
2010-05-18,2010,5,17.8,18.2,17.51014988422394,2010-05-21,LSTM,3,2010
2010-05-19,2010,5,17.97,18.0,17.538788975477217,2010-05-22,LSTM,3,2010
2010-05-20,2010,5,18.16,17.65,17.607830617427826,2010-05-23,LSTM,3,2010
2010-05-21,2010,5,18.2,17.6,17.439777505397796,2010-05-24,LSTM,3,2010
2010-05-22,2010,5,18.0,17.7,17.53028777241707,2010-05-25,LSTM,3,2010
2010-05-23,2010,5,17.65,18.04,17.272080624103545,2010-05-26,LSTM,3,2010
2010-05-24,2010,5,17.6,18.18,17.953627890348436,2010-05-27,LSTM,3,2010
2010-05-25,2010,5,17.7,18.08,18.311834168434142,2010-05-28,LSTM,3,2010
2010-05-26,2010,5,18.04,17.84,18.75470522880554,2010-05-29,LSTM,3,2010
2010-05-27,2010,5,18.18,17.64,18.61328931927681,2010-05-30,LSTM,3,2010
2010-05-28,2010,5,18.08,17.58,17.993214206695555,2010-05-31,LSTM,3,2010
2010-05-29,2010,5,17.84,17.44,17.777994685024023,2010-06-01,LSTM,3,2010
2010-05-30,2010,5,17.64,17.38,17.76111709266901,2010-06-02,LSTM,3,2010
2010-05-31,2010,5,17.58,17.44,18.019292579889296,2010-06-03,LSTM,3,2010
2010-06-01,2010,6,17.44,17.41,17.567834603190423,2010-06-04,LSTM,3,2010
2010-06-02,2010,6,17.38,17.57,17.41459807112813,2010-06-05,LSTM,3,2010
2010-06-03,2010,6,17.44,17.76,17.63487735629082,2010-06-06,LSTM,3,2010
2010-06-04,2010,6,17.41,18.0,17.430106207579374,2010-06-07,LSTM,3,2010
2010-06-05,2010,6,17.57,18.2,17.92176569223404,2010-06-08,LSTM,3,2010
2010-06-06,2010,6,17.76,18.2,18.33265889644623,2010-06-09,LSTM,3,2010
2010-06-07,2010,6,18.0,18.33,18.52990233898163,2010-06-10,LSTM,3,2010
2010-06-08,2010,6,18.2,18.75,18.58607308268547,2010-06-11,LSTM,3,2010
2010-06-09,2010,6,18.2,18.93,18.162003540247678,2010-06-12,LSTM,3,2010
2010-06-10,2010,6,18.33,18.92,18.467751340866087,2010-06-13,LSTM,3,2010
2010-06-11,2010,6,18.75,18.65,19.263948500156403,2010-06-14,LSTM,3,2010
2010-06-12,2010,6,18.93,18.45,18.98197026208043,2010-06-15,LSTM,3,2010
2010-06-13,2010,6,18.92,18.34,18.56540508389473,2010-06-16,LSTM,3,2010
2010-06-14,2010,6,18.65,18.31,18.25355660319328,2010-06-17,LSTM,3,2010
2010-06-15,2010,6,18.45,18.32,18.55504686832428,2010-06-18,LSTM,3,2010
2010-06-16,2010,6,18.34,18.44,18.625480797290802,2010-06-19,LSTM,3,2010
2010-06-17,2010,6,18.31,18.44,18.49339033424854,2010-06-20,LSTM,3,2010
2010-06-18,2010,6,18.32,18.57,18.325058656912297,2010-06-21,LSTM,3,2010
2010-06-19,2010,6,18.44,18.55,18.67662927746773,2010-06-22,LSTM,3,2010
2010-06-20,2010,6,18.44,18.51,18.410745518803598,2010-06-23,LSTM,3,2010
2010-06-21,2010,6,18.57,18.61,18.888623930215836,2010-06-24,LSTM,3,2010
2010-06-22,2010,6,18.55,18.61,18.54342336272821,2010-06-25,LSTM,3,2010
2010-06-23,2010,6,18.51,18.65,18.42960020363331,2010-06-26,LSTM,3,2010
2010-06-24,2010,6,18.61,18.74,18.841623336672782,2010-06-27,LSTM,3,2010
2010-06-25,2010,6,18.61,19.31,18.603407308589667,2010-06-28,LSTM,3,2010
2010-06-26,2010,6,18.65,19.61,18.698023544251917,2010-06-29,LSTM,3,2010
2010-06-27,2010,6,18.74,19.59,18.928224747776984,2010-06-30,LSTM,3,2010
2010-06-28,2010,6,19.31,19.51,20.14540153503418,2010-07-01,LSTM,3,2010
2010-06-29,2010,6,19.61,19.47,19.905062631368637,2010-07-02,LSTM,3,2010
2010-06-30,2010,6,19.59,19.42,19.375429149866104,2010-07-03,LSTM,3,2010
2010-07-01,2010,7,19.51,19.45,19.1114544069767,2010-07-04,LSTM,3,2010
2010-07-02,2010,7,19.47,19.44,19.21631604552269,2010-07-05,LSTM,3,2010
2010-07-03,2010,7,19.42,19.35,19.095083339214327,2010-07-06,LSTM,3,2010
2010-07-04,2010,7,19.45,19.24,19.205341067910194,2010-07-07,LSTM,3,2010
2010-07-05,2010,7,19.44,19.08,19.358803974986078,2010-07-08,LSTM,3,2010
2010-07-06,2010,7,19.35,19.05,19.19541304409504,2010-07-09,LSTM,3,2010
2010-07-07,2010,7,19.24,19.05,19.060594415068625,2010-07-10,LSTM,3,2010
2010-07-08,2010,7,19.08,19.26,18.836491184234617,2010-07-11,LSTM,3,2010
2010-07-09,2010,7,19.05,19.42,18.982172864675523,2010-07-12,LSTM,3,2010
2010-07-10,2010,7,19.05,19.51,19.002775176614524,2010-07-13,LSTM,3,2010
2010-07-11,2010,7,19.26,19.52,19.751552621126176,2010-07-14,LSTM,3,2010
2010-07-12,2010,7,19.42,19.52,19.88132814884186,2010-07-15,LSTM,3,2010
2010-07-13,2010,7,19.51,19.44,19.70604651629925,2010-07-16,LSTM,3,2010
2010-07-14,2010,7,19.52,19.34,19.45842614814639,2010-07-17,LSTM,3,2010
2010-07-15,2010,7,19.52,19.31,19.380022723674774,2010-07-18,LSTM,3,2010
2010-07-16,2010,7,19.44,19.4,19.172297956943513,2010-07-19,LSTM,3,2010
2010-07-17,2010,7,19.34,19.52,19.106148224473,2010-07-20,LSTM,3,2010
2010-07-18,2010,7,19.31,19.54,19.247539417296647,2010-07-21,LSTM,3,2010
2010-07-19,2010,7,19.4,19.67,19.52898091971874,2010-07-22,LSTM,3,2010
2010-07-20,2010,7,19.52,19.8,19.749313120245933,2010-07-23,LSTM,3,2010
2010-07-21,2010,7,19.54,19.78,19.543874977352097,2010-07-24,LSTM,3,2010
2010-07-22,2010,7,19.67,19.65,19.839871330261232,2010-07-25,LSTM,3,2010
2010-07-23,2010,7,19.8,19.47,19.9179441139102,2010-07-26,LSTM,3,2010
2010-07-24,2010,7,19.78,19.33,19.56063724935055,2010-07-27,LSTM,3,2010
2010-07-25,2010,7,19.65,19.29,19.2797650039196,2010-07-28,LSTM,3,2010
2010-07-26,2010,7,19.47,19.21,19.081771583557128,2010-07-29,LSTM,3,2010
2010-07-27,2010,7,19.33,19.17,19.05312244772911,2010-07-30,LSTM,3,2010
2010-07-28,2010,7,19.29,19.08,19.19574648976326,2010-07-31,LSTM,3,2010
2010-07-29,2010,7,19.21,19.07,19.032386533021928,2010-08-01,LSTM,3,2010
2010-07-30,2010,7,19.17,18.97,19.008072612881662,2010-08-02,LSTM,3,2010
2010-07-31,2010,7,19.08,18.9,18.86884184360504,2010-08-03,LSTM,3,2010
2010-08-01,2010,8,19.07,18.73,18.952928796112538,2010-08-04,LSTM,3,2010
2010-08-02,2010,8,18.97,18.68,18.784818561077117,2010-08-05,LSTM,3,2010
2010-08-03,2010,8,18.9,18.653,18.740334117412566,2010-08-06,LSTM,3,2010
2010-08-04,2010,8,18.73,18.62,18.461505274772644,2010-08-07,LSTM,3,2010
2010-08-05,2010,8,18.68,18.57,18.5404838848114,2010-08-08,LSTM,3,2010
2010-08-06,2010,8,18.653,18.54,18.581735964000224,2010-08-09,LSTM,3,2010
2010-08-07,2010,8,18.62,18.47,18.534073139429093,2010-08-10,LSTM,3,2010
2010-08-08,2010,8,18.57,18.38,18.452778488099575,2010-08-11,LSTM,3,2010
2010-08-09,2010,8,18.54,18.34,18.460146405696868,2010-08-12,LSTM,3,2010
2010-08-10,2010,8,18.47,18.28,18.352646836340426,2010-08-13,LSTM,3,2010
2010-08-11,2010,8,18.38,18.25,18.243658651709556,2010-08-14,LSTM,3,2010
2010-08-12,2010,8,18.34,18.18,18.276149217188358,2010-08-15,LSTM,3,2010
2010-08-13,2010,8,18.28,18.15,18.20008075118065,2010-08-16,LSTM,3,2010
2010-08-14,2010,8,18.25,18.14,18.203492753207684,2010-08-17,LSTM,3,2010
2010-08-15,2010,8,18.18,18.37,18.089880355000496,2010-08-18,LSTM,3,2010
2010-08-16,2010,8,18.15,18.5,18.104734981060027,2010-08-19,LSTM,3,2010
2010-08-17,2010,8,18.14,18.75,18.16007457613945,2010-08-20,LSTM,3,2010
2010-08-18,2010,8,18.37,18.79,19.10021721839905,2010-08-21,LSTM,3,2010
2010-08-19,2010,8,18.5,18.89,19.04541027545929,2010-08-22,LSTM,3,2010
2010-08-20,2010,8,18.75,19.05,19.4477396607399,2010-08-23,LSTM,3,2010
2010-08-21,2010,8,18.79,19.22,19.04709545612335,2010-08-24,LSTM,3,2010
2010-08-22,2010,8,18.89,19.37,19.11424067556858,2010-08-25,LSTM,3,2010
2010-08-23,2010,8,19.05,19.38,19.227616983652116,2010-08-26,LSTM,3,2010
2010-08-24,2010,8,19.22,19.35,19.34904503941536,2010-08-27,LSTM,3,2010
2010-08-25,2010,8,19.37,19.39,19.47468452423811,2010-08-28,LSTM,3,2010
2010-08-26,2010,8,19.38,19.52,19.31665787577629,2010-08-29,LSTM,3,2010
2010-08-27,2010,8,19.35,19.53,19.18512681722641,2010-08-30,LSTM,3,2010
2010-08-28,2010,8,19.39,19.53,19.30405910998583,2010-08-31,LSTM,3,2010
2010-08-29,2010,8,19.52,19.42,19.49923433035612,2010-09-01,LSTM,3,2010
2010-08-30,2010,8,19.53,19.33,19.345903663635255,2010-09-02,LSTM,3,2010
2010-08-31,2010,8,19.53,19.29,19.369828327298166,2010-09-03,LSTM,3,2010
2010-09-01,2010,9,19.42,19.2,19.087618036270143,2010-09-04,LSTM,3,2010
2010-09-02,2010,9,19.33,19.19,19.015686767101286,2010-09-05,LSTM,3,2010
2010-09-03,2010,9,19.29,19.19,19.103331350684165,2010-09-06,LSTM,3,2010
2010-09-04,2010,9,19.2,19.2,18.910504949092864,2010-09-07,LSTM,3,2010
2010-09-05,2010,9,19.19,19.12,19.055063637495042,2010-09-08,LSTM,3,2010
2010-09-06,2010,9,19.19,19.09,19.096126514077188,2010-09-09,LSTM,3,2010
2010-09-07,2010,9,19.2,19.17,19.129711133241653,2010-09-10,LSTM,3,2010
2010-09-08,2010,9,19.12,19.35,18.885726894140245,2010-09-11,LSTM,3,2010
2010-09-09,2010,9,19.09,19.61,18.946099665164947,2010-09-12,LSTM,3,2010
2010-09-10,2010,9,19.17,19.77,19.278691133558752,2010-09-13,LSTM,3,2010
2010-09-11,2010,9,19.35,19.78,19.47905639410019,2010-09-14,LSTM,3,2010
2010-09-12,2010,9,19.61,19.78,19.820376530885696,2010-09-15,LSTM,3,2010
2010-09-13,2010,9,19.77,19.78,19.95634332716465,2010-09-16,LSTM,3,2010
2010-09-14,2010,9,19.78,19.71,19.68928488224745,2010-09-17,LSTM,3,2010
2010-09-15,2010,9,19.78,19.55,19.583026244044305,2010-09-18,LSTM,3,2010
2010-09-16,2010,9,19.78,19.41,19.552372275590898,2010-09-19,LSTM,3,2010
2010-09-17,2010,9,19.71,19.3,19.344983479976655,2010-09-20,LSTM,3,2010
2010-09-18,2010,9,19.55,19.27,19.00070379972458,2010-09-21,LSTM,3,2010
2010-09-19,2010,9,19.41,19.25,18.82588944196701,2010-09-22,LSTM,3,2010
2010-09-20,2010,9,19.3,19.23,18.80592076778412,2010-09-23,LSTM,3,2010
2010-09-21,2010,9,19.27,19.18,18.926703859567642,2010-09-24,LSTM,3,2010
2010-09-22,2010,9,19.25,19.09,18.937798231840134,2010-09-25,LSTM,3,2010
2010-09-23,2010,9,19.23,19.0,18.932556282281876,2010-09-26,LSTM,3,2010
2010-09-24,2010,9,19.18,18.87,18.857199691534042,2010-09-27,LSTM,3,2010
2010-09-25,2010,9,19.09,18.75,18.702752497196197,2010-09-28,LSTM,3,2010
2010-09-26,2010,9,19.0,18.66,18.605641037225723,2010-09-29,LSTM,3,2010
2010-09-27,2010,9,18.87,18.61,18.395985449552537,2010-09-30,LSTM,3,2010
2010-11-08,2010,11,15.78,15.6,15.497501640319824,2010-11-11,LSTM,3,2010
2010-11-09,2010,11,15.74,15.55,15.493637999296189,2010-11-12,LSTM,3,2010
2010-11-10,2010,11,15.68,15.5,15.413735173940658,2010-11-13,LSTM,3,2010
2010-11-11,2010,11,15.6,15.45,15.311363554000854,2010-11-14,LSTM,3,2010
2010-11-12,2010,11,15.55,15.4,15.318375828862191,2010-11-15,LSTM,3,2010
2010-11-13,2010,11,15.5,15.33,15.281104639172554,2010-11-16,LSTM,3,2010
2010-11-14,2010,11,15.45,15.29,15.230183792114257,2010-11-17,LSTM,3,2010
2010-11-15,2010,11,15.4,15.26,15.185576358437539,2010-11-18,LSTM,3,2010
2010-11-16,2010,11,15.33,15.23,15.101825194358826,2010-11-19,LSTM,3,2010
2010-11-17,2010,11,15.29,15.2,15.101931774020194,2010-11-20,LSTM,3,2010
2010-11-18,2010,11,15.26,15.17,15.093916276693344,2010-11-21,LSTM,3,2010
2010-11-19,2010,11,15.23,15.14,15.058450724482537,2010-11-22,LSTM,3,2010
2010-11-20,2010,11,15.2,15.12,15.0295941054821,2010-11-23,LSTM,3,2010
2010-11-21,2010,11,15.17,15.08,15.004592461585998,2010-11-24,LSTM,3,2010
2010-11-22,2010,11,15.14,15.05,14.982392891645432,2010-11-25,LSTM,3,2010
2010-11-23,2010,11,15.12,15.07,14.987932260036468,2010-11-26,LSTM,3,2010
2010-11-24,2010,11,15.08,15.09,14.93265040397644,2010-11-27,LSTM,3,2010
2010-11-25,2010,11,15.05,15.11,14.919865685701371,2010-11-28,LSTM,3,2010
2010-11-26,2010,11,15.07,15.11,15.041313618123532,2010-11-29,LSTM,3,2010
2010-11-27,2010,11,15.09,15.06,15.076751365475356,2010-11-30,LSTM,3,2010
2010-11-28,2010,11,15.11,15.01,15.102177920415997,2010-12-01,LSTM,3,2010
2010-11-29,2010,11,15.11,14.93,15.078381103128194,2010-12-02,LSTM,3,2010
2010-11-30,2010,11,15.06,14.897,14.952466671764851,2010-12-03,LSTM,3,2010
2010-12-01,2010,12,15.01,14.86,14.8954261636734,2010-12-04,LSTM,3,2010
2010-12-02,2010,12,14.93,14.82,14.784621037840843,2010-12-05,LSTM,3,2010
2010-12-03,2010,12,14.897,14.8,14.788942702233792,2010-12-06,LSTM,3,2010
2010-12-04,2010,12,14.86,14.79,14.764098100960254,2010-12-07,LSTM,3,2010
2010-12-05,2010,12,14.82,14.77,14.70960237056017,2010-12-08,LSTM,3,2010
2010-12-06,2010,12,14.8,14.74,14.721257458627225,2010-12-09,LSTM,3,2010
2010-12-07,2010,12,14.79,14.7,14.749038350731134,2010-12-10,LSTM,3,2010
2010-12-08,2010,12,14.77,14.66,14.730107389837503,2010-12-11,LSTM,3,2010
2010-12-09,2010,12,14.74,14.61,14.688118530213833,2010-12-12,LSTM,3,2010
2010-12-10,2010,12,14.7,14.57,14.634135124087333,2010-12-13,LSTM,3,2010
2010-12-11,2010,12,14.66,14.53,14.59076415359974,2010-12-14,LSTM,3,2010
2010-12-12,2010,12,14.61,14.5,14.526279055178165,2010-12-15,LSTM,3,2010
2010-12-13,2010,12,14.57,14.47,14.489818811118603,2010-12-16,LSTM,3,2010
2010-12-14,2010,12,14.53,14.45,14.452903798520564,2010-12-17,LSTM,3,2010
2010-12-15,2010,12,14.5,14.43,14.431292064487934,2010-12-18,LSTM,3,2010
2010-12-16,2010,12,14.47,14.41,14.405260482132435,2010-12-19,LSTM,3,2010
2010-12-17,2010,12,14.45,14.38,14.395297069847583,2010-12-20,LSTM,3,2010
2010-12-18,2010,12,14.43,14.36,14.380582157820463,2010-12-21,LSTM,3,2010
2010-12-19,2010,12,14.41,14.34,14.360557705014944,2010-12-22,LSTM,3,2010
2010-12-20,2010,12,14.38,14.33,14.32077904894948,2010-12-23,LSTM,3,2010
2010-12-21,2010,12,14.36,14.28,14.307122361510991,2010-12-24,LSTM,3,2010
2010-12-22,2010,12,14.34,14.27,14.291028540730476,2010-12-25,LSTM,3,2010
2010-12-23,2010,12,14.33,14.26,14.28932725444436,2010-12-26,LSTM,3,2010
2010-12-24,2010,12,14.28,14.24,14.203210836946964,2010-12-27,LSTM,3,2010
2010-12-25,2010,12,14.27,14.21,14.21543795660138,2010-12-28,LSTM,3,2010
2010-12-26,2010,12,14.26,14.17,14.222143003940582,2010-12-29,LSTM,3,2010
2010-12-27,2010,12,14.24,14.14,14.187740726172924,2010-12-30,LSTM,3,2010
2010-12-28,2010,12,14.21,14.1,14.146730518937112,2010-12-31,LSTM,3,2010
2010-12-29,2010,12,14.17,14.08,14.097294105291367,2011-01-01,LSTM,3,2010
2010-12-30,2010,12,14.14,14.06,14.073160290122033,2011-01-02,LSTM,3,2010
2010-12-31,2010,12,14.1,14.04,14.027212707698345,2011-01-03,LSTM,3,2010
2011-01-01,2011,1,14.08,14.03,14.037303263247013,2011-01-04,LSTM,3,2011
2011-01-02,2011,1,14.06,13.99,14.015518998205662,2011-01-05,LSTM,3,2011
2011-01-03,2011,1,14.04,13.96,13.993984420746564,2011-01-06,LSTM,3,2011
2011-01-04,2011,1,14.03,13.94,13.986370219588279,2011-01-07,LSTM,3,2011
2011-01-05,2011,1,13.99,13.92,13.945520983785391,2011-01-08,LSTM,3,2011
2011-01-06,2011,1,13.96,13.9,13.921632579565049,2011-01-09,LSTM,3,2011
2011-01-07,2011,1,13.94,13.88,13.906225173324346,2011-01-10,LSTM,3,2011
2011-01-08,2011,1,13.92,13.863,13.88377920359373,2011-01-11,LSTM,3,2011
2011-01-09,2011,1,13.9,13.84,13.863330272585154,2011-01-12,LSTM,3,2011
2011-01-10,2011,1,13.88,13.82,13.844171916246415,2011-01-13,LSTM,3,2011
2011-01-11,2011,1,13.863,13.798,13.826710770010948,2011-01-14,LSTM,3,2011
2011-01-12,2011,1,13.84,13.77,13.804709248393774,2011-01-15,LSTM,3,2011
2011-01-13,2011,1,13.82,13.75,13.787277742922306,2011-01-16,LSTM,3,2011
2011-01-14,2011,1,13.798,13.73,13.765857886105776,2011-01-17,LSTM,3,2011
2011-01-15,2011,1,13.77,13.71,13.738417920172214,2011-01-18,LSTM,3,2011
2011-01-16,2011,1,13.75,13.69,13.720540827140212,2011-01-19,LSTM,3,2011
2011-01-17,2011,1,13.73,13.68,13.699633566215635,2011-01-20,LSTM,3,2011
2011-01-18,2011,1,13.71,13.67,13.6787023088336,2011-01-21,LSTM,3,2011
2011-01-19,2011,1,13.69,13.65,13.658941586092114,2011-01-22,LSTM,3,2011
2011-01-20,2011,1,13.68,13.63,13.649748625531792,2011-01-23,LSTM,3,2011
2011-01-21,2011,1,13.67,13.63,13.637358496040106,2011-01-24,LSTM,3,2011
2011-01-22,2011,1,13.65,13.63,13.616242019087077,2011-01-25,LSTM,3,2011
2011-01-23,2011,1,13.63,13.61,13.598826884403826,2011-01-26,LSTM,3,2011
2011-01-24,2011,1,13.63,13.59,13.602711108624936,2011-01-27,LSTM,3,2011
2011-01-25,2011,1,13.63,13.56,13.59772274374962,2011-01-28,LSTM,3,2011
2011-01-26,2011,1,13.61,13.54,13.573918954133987,2011-01-29,LSTM,3,2011
2011-01-27,2011,1,13.59,13.52,13.558810139223933,2011-01-30,LSTM,3,2011
2011-01-28,2011,1,13.56,13.5,13.53090388275683,2011-01-31,LSTM,3,2011
2011-01-29,2011,1,13.54,13.48,13.51435226291418,2011-02-01,LSTM,3,2011
2011-01-30,2011,1,13.52,13.46,13.493179388791322,2011-02-02,LSTM,3,2011
2011-01-31,2011,1,13.5,13.44,13.471210062503815,2011-02-03,LSTM,3,2011
2011-02-01,2011,2,13.48,13.43,13.449789726659656,2011-02-04,LSTM,3,2011
2011-02-02,2011,2,13.46,13.42,13.429184396788479,2011-02-05,LSTM,3,2011
2011-02-03,2011,2,13.44,13.4,13.408417562544345,2011-02-06,LSTM,3,2011
2011-02-04,2011,2,13.43,13.39,13.399955841079354,2011-02-07,LSTM,3,2011
2011-02-05,2011,2,13.42,13.37,13.387504922300577,2011-02-08,LSTM,3,2011
2011-02-06,2011,2,13.4,13.36,13.364182663708926,2011-02-09,LSTM,3,2011
2011-02-07,2011,2,13.39,13.35,13.358017242848874,2011-02-10,LSTM,3,2011
2011-02-08,2011,2,13.37,13.33,13.334596673846244,2011-02-11,LSTM,3,2011
2011-02-09,2011,2,13.36,13.32,13.327934265732765,2011-02-12,LSTM,3,2011
2011-02-10,2011,2,13.35,13.31,13.317178460210561,2011-02-13,LSTM,3,2011
2011-02-11,2011,2,13.33,13.3,13.29339239180088,2011-02-14,LSTM,3,2011
2011-02-12,2011,2,13.32,13.3,13.287952501028776,2011-02-15,LSTM,3,2011
2011-02-13,2011,2,13.31,13.3,13.27753841266036,2011-02-16,LSTM,3,2011
2011-02-14,2011,2,13.3,13.32,13.266538485139609,2011-02-17,LSTM,3,2011
2011-02-15,2011,2,13.3,13.33,13.272339531406761,2011-02-18,LSTM,3,2011
2011-02-16,2011,2,13.3,13.34,13.271682572737337,2011-02-19,LSTM,3,2011
2011-02-17,2011,2,13.32,13.35,13.309118026569486,2011-02-20,LSTM,3,2011
2011-02-18,2011,2,13.33,13.34,13.309108145460486,2011-02-21,LSTM,3,2011
2011-02-19,2011,2,13.34,13.33,13.320348601937294,2011-02-22,LSTM,3,2011
2011-02-20,2011,2,13.35,13.32,13.333370121568441,2011-02-23,LSTM,3,2011
2011-02-21,2011,2,13.34,13.31,13.308085378408432,2011-02-24,LSTM,3,2011
2011-02-22,2011,2,13.33,13.36,13.300567086711526,2011-02-25,LSTM,3,2011
2011-02-23,2011,2,13.32,13.47,13.292507888451219,2011-02-26,LSTM,3,2011
2011-02-24,2011,2,13.31,13.56,13.283854860290885,2011-02-27,LSTM,3,2011
2011-02-25,2011,2,13.36,13.58,13.405979216694831,2011-02-28,LSTM,3,2011
2011-02-26,2011,2,13.47,13.56,13.636420295834542,2011-03-01,LSTM,3,2011
2011-02-27,2011,2,13.56,13.51,13.640036513507367,2011-03-02,LSTM,3,2011
2011-02-28,2011,2,13.58,13.44,13.501454221010208,2011-03-03,LSTM,3,2011
2011-03-01,2011,3,13.56,13.39,13.500890781581402,2011-03-04,LSTM,3,2011
2011-03-02,2011,3,13.51,13.34,13.446178654432297,2011-03-05,LSTM,3,2011
2011-03-03,2011,3,13.44,13.3,13.377440305948257,2011-03-06,LSTM,3,2011
2011-03-04,2011,3,13.39,13.28,13.383696494493634,2011-03-07,LSTM,3,2011
2011-03-05,2011,3,13.34,13.26,13.348553777821362,2011-03-08,LSTM,3,2011
2011-03-06,2011,3,13.3,13.24,13.310626818984748,2011-03-09,LSTM,3,2011
2011-03-07,2011,3,13.28,13.22,13.297980938777327,2011-03-10,LSTM,3,2011
2011-03-08,2011,3,13.26,13.21,13.275018594451248,2011-03-11,LSTM,3,2011
2011-03-09,2011,3,13.24,13.21,13.250249025188387,2011-03-12,LSTM,3,2011
2011-03-10,2011,3,13.22,13.22,13.229591748937965,2011-03-13,LSTM,3,2011
2011-03-11,2011,3,13.21,13.24,13.228965035676957,2011-03-14,LSTM,3,2011
2011-03-12,2011,3,13.21,13.27,13.241873490661384,2011-03-15,LSTM,3,2011
2011-03-13,2011,3,13.22,13.32,13.263442245572806,2011-03-16,LSTM,3,2011
2011-03-14,2011,3,13.24,13.34,13.29387805774808,2011-03-17,LSTM,3,2011
2011-03-15,2011,3,13.27,13.42,13.338047612905502,2011-03-18,LSTM,3,2011
2011-03-16,2011,3,13.32,13.56,13.419915072321892,2011-03-19,LSTM,3,2011
2011-03-17,2011,3,13.34,13.76,13.38863877594471,2011-03-20,LSTM,3,2011
2011-03-18,2011,3,13.42,13.84,13.5779759567976,2011-03-21,LSTM,3,2011
2011-03-19,2011,3,13.56,13.87,13.83145329117775,2011-03-22,LSTM,3,2011
2011-03-20,2011,3,13.76,13.87,14.084717253446579,2011-03-23,LSTM,3,2011
2011-03-21,2011,3,13.84,13.85,13.809458876177668,2011-03-24,LSTM,3,2011
2011-03-22,2011,3,13.87,13.81,13.780369731485843,2011-03-25,LSTM,3,2011
2011-03-23,2011,3,13.87,13.81,13.93641286611557,2011-03-26,LSTM,3,2011
2011-03-24,2011,3,13.85,14.19,13.916938161849975,2011-03-27,LSTM,3,2011
2011-03-25,2011,3,13.81,14.83,13.793759924769402,2011-03-28,LSTM,3,2011
2011-03-26,2011,3,13.81,14.99,13.87931496411562,2011-03-29,LSTM,3,2011
2011-03-27,2011,3,14.19,14.99,14.661287131309509,2011-03-30,LSTM,3,2011
2011-03-28,2011,3,14.83,14.98,14.996241481900215,2011-03-31,LSTM,3,2011
2011-03-29,2011,3,14.99,14.96,14.690883835554123,2011-04-01,LSTM,3,2011
2011-03-30,2011,3,14.99,14.96,15.104257656037808,2011-04-02,LSTM,3,2011
2011-03-31,2011,3,14.98,14.92,15.287075530290604,2011-04-03,LSTM,3,2011
2011-04-01,2011,4,14.96,14.83,15.21238472223282,2011-04-04,LSTM,3,2011
2011-04-02,2011,4,14.96,14.72,15.214819959402085,2011-04-05,LSTM,3,2011
2011-04-03,2011,4,14.92,14.62,15.211563659906387,2011-04-06,LSTM,3,2011
2011-04-04,2011,4,14.83,14.56,14.873077070266008,2011-04-07,LSTM,3,2011
2011-04-05,2011,4,14.72,14.51,14.774050195962191,2011-04-08,LSTM,3,2011
2011-04-06,2011,4,14.62,14.5,14.711188818216323,2011-04-09,LSTM,3,2011
2011-04-07,2011,4,14.56,14.5,14.673729856908322,2011-04-10,LSTM,3,2011
2011-04-08,2011,4,14.51,14.48,14.643872166275978,2011-04-11,LSTM,3,2011
2011-04-09,2011,4,14.5,14.45,14.649909794330597,2011-04-12,LSTM,3,2011
2011-04-10,2011,4,14.5,14.41,14.67890952527523,2011-04-13,LSTM,3,2011
2011-04-11,2011,4,14.48,14.43,14.608765314817429,2011-04-14,LSTM,3,2011
2011-04-12,2011,4,14.45,14.43,14.541772191226482,2011-04-15,LSTM,3,2011
2011-04-13,2011,4,14.41,14.42,14.488160896897316,2011-04-16,LSTM,3,2011
2011-04-14,2011,4,14.43,14.47,14.572070829868316,2011-04-17,LSTM,3,2011
2011-04-15,2011,4,14.43,14.52,14.566391416192054,2011-04-18,LSTM,3,2011
2011-04-16,2011,4,14.42,14.53,14.548142938017845,2011-04-19,LSTM,3,2011
2011-04-17,2011,4,14.47,14.53,14.635133804082871,2011-04-20,LSTM,3,2011
2011-04-18,2011,4,14.52,14.49,14.648078639507293,2011-04-21,LSTM,3,2011
2011-04-19,2011,4,14.53,14.52,14.624507679343223,2011-04-22,LSTM,3,2011
2011-04-20,2011,4,14.53,14.63,14.71063998222351,2011-04-23,LSTM,3,2011
2011-04-21,2011,4,14.49,14.66,14.603531544804573,2011-04-24,LSTM,3,2011
2011-04-22,2011,4,14.52,14.645,14.745385770201683,2011-04-25,LSTM,3,2011
2011-04-23,2011,4,14.63,14.71,14.841643397808076,2011-04-26,LSTM,3,2011
2011-04-24,2011,4,14.66,14.95,14.631151093021035,2011-04-27,LSTM,3,2011
2011-04-25,2011,4,14.645,15.28,14.73131283044815,2011-04-28,LSTM,3,2011
2011-04-26,2011,4,14.71,15.41,14.98221304178238,2011-04-29,LSTM,3,2011
2011-04-27,2011,4,14.95,15.41,15.398655635118484,2011-04-30,LSTM,3,2011
2011-04-28,2011,4,15.28,15.34,15.978092758655547,2011-05-01,LSTM,3,2011
2011-04-29,2011,4,15.41,15.3,15.457511629760265,2011-05-02,LSTM,3,2011
2011-04-30,2011,4,15.41,15.2,15.358719624429941,2011-05-03,LSTM,3,2011
2011-05-01,2011,5,15.34,15.15,15.336957101859152,2011-05-04,LSTM,3,2011
2011-05-02,2011,5,15.3,15.07,15.268470830470324,2011-05-05,LSTM,3,2011
2011-05-03,2011,5,15.2,15.02,15.168131437897681,2011-05-06,LSTM,3,2011
2011-05-04,2011,5,15.15,15.16,15.039082349836827,2011-05-07,LSTM,3,2011
2011-05-05,2011,5,15.07,15.26,14.951341502070427,2011-05-08,LSTM,3,2011
2011-05-06,2011,5,15.02,15.37,15.037350200563669,2011-05-09,LSTM,3,2011
2011-05-07,2011,5,15.16,15.48,15.564147863388062,2011-05-10,LSTM,3,2011
2011-05-08,2011,5,15.26,15.59,15.483740711808204,2011-05-11,LSTM,3,2011
2011-05-09,2011,5,15.37,15.63,15.697043324708938,2011-05-12,LSTM,3,2011
2011-05-10,2011,5,15.48,15.33,15.64400307416916,2011-05-13,LSTM,3,2011
2011-05-11,2011,5,15.59,15.31,15.661786142885685,2011-05-14,LSTM,3,2011
2011-05-12,2011,5,15.63,15.24,15.503720809817315,2011-05-15,LSTM,3,2011
2011-05-13,2011,5,15.33,15.36,15.112353401184082,2011-05-16,LSTM,3,2011
2011-05-14,2011,5,15.31,15.36,14.908693996667862,2011-05-17,LSTM,3,2011
2011-05-15,2011,5,15.24,15.34,15.004692276716233,2011-05-18,LSTM,3,2011
2011-05-16,2011,5,15.36,15.35,15.525167942643165,2011-05-19,LSTM,3,2011
2011-05-17,2011,5,15.36,15.35,15.225035444498062,2011-05-20,LSTM,3,2011
2011-05-18,2011,5,15.34,15.37,15.531139608621597,2011-05-21,LSTM,3,2011
2011-05-19,2011,5,15.35,15.36,15.725254094600677,2011-05-22,LSTM,3,2011
2011-05-20,2011,5,15.35,15.39,15.756675934791565,2011-05-23,LSTM,3,2011
2011-05-21,2011,5,15.37,15.5,15.800799603462218,2011-05-24,LSTM,3,2011
2011-05-22,2011,5,15.36,15.62,15.853439823389053,2011-05-25,LSTM,3,2011
2011-05-23,2011,5,15.39,15.73,15.932916655540467,2011-05-26,LSTM,3,2011
2011-05-24,2011,5,15.5,15.74,15.980768978595734,2011-05-27,LSTM,3,2011
2011-05-25,2011,5,15.62,15.81,15.89437925338745,2011-05-28,LSTM,3,2011
2011-05-26,2011,5,15.73,15.92,15.851842563152314,2011-05-29,LSTM,3,2011
2011-05-27,2011,5,15.74,16.28,15.542884310483933,2011-05-30,LSTM,3,2011
2011-05-28,2011,5,15.81,16.4,15.967833829522133,2011-05-31,LSTM,3,2011
2011-05-29,2011,5,15.92,16.35,16.0132961627841,2011-06-01,LSTM,3,2011
2011-05-30,2011,5,16.28,16.26,16.770562975406648,2011-06-02,LSTM,3,2011
2011-05-31,2011,5,16.4,16.22,16.413477182015775,2011-06-03,LSTM,3,2011
2011-06-01,2011,6,16.35,16.3,15.994759416580202,2011-06-04,LSTM,3,2011
2011-06-02,2011,6,16.26,16.49,16.047187069654466,2011-06-05,LSTM,3,2011
2011-06-03,2011,6,16.22,16.77,16.322164775133132,2011-06-06,LSTM,3,2011
2011-06-04,2011,6,16.3,17.21,16.969319808483124,2011-06-07,LSTM,3,2011
2011-06-05,2011,6,16.49,17.49,17.301832785606383,2011-06-08,LSTM,3,2011
2011-06-06,2011,6,16.77,17.59,17.504740376472473,2011-06-09,LSTM,3,2011
2011-06-07,2011,6,17.21,17.6,18.12576409339905,2011-06-10,LSTM,3,2011
2011-06-08,2011,6,17.49,17.6,17.849807431697844,2011-06-11,LSTM,3,2011
2011-06-09,2011,6,17.59,17.56,17.609519295543432,2011-06-12,LSTM,3,2011
2011-06-10,2011,6,17.6,17.39,17.557941565662624,2011-06-13,LSTM,3,2011
2011-06-11,2011,6,17.6,17.26,17.98818344473839,2011-06-14,LSTM,3,2011
2011-06-12,2011,6,17.56,17.16,17.938432542085646,2011-06-15,LSTM,3,2011
2011-06-13,2011,6,17.39,17.03,17.736286445856095,2011-06-16,LSTM,3,2011
2011-06-14,2011,6,17.26,17.05,17.577739367485048,2011-06-17,LSTM,3,2011
2011-06-15,2011,6,17.16,17.17,17.188435364365578,2011-06-18,LSTM,3,2011
2011-06-16,2011,6,17.03,17.2,16.937404728233815,2011-06-19,LSTM,3,2011
2011-06-17,2011,6,17.05,17.203,17.2305801987648,2011-06-20,LSTM,3,2011
2011-06-18,2011,6,17.17,17.19,17.50854976296425,2011-06-21,LSTM,3,2011
2011-06-19,2011,6,17.2,17.23,17.31783166974783,2011-06-22,LSTM,3,2011
2011-06-20,2011,6,17.203,17.33,17.315210385501384,2011-06-23,LSTM,3,2011
2011-06-21,2011,6,17.19,17.44,17.412163856029512,2011-06-24,LSTM,3,2011
2011-06-22,2011,6,17.23,17.46,17.629917274713517,2011-06-25,LSTM,3,2011
2011-06-23,2011,6,17.33,17.6,17.742506401538847,2011-06-26,LSTM,3,2011
2011-06-24,2011,6,17.44,17.75,17.74185478925705,2011-06-27,LSTM,3,2011
2011-06-25,2011,6,17.46,17.91,17.468806918747724,2011-06-28,LSTM,3,2011
2011-06-26,2011,6,17.6,17.93,17.979132837057115,2011-06-29,LSTM,3,2011
2011-06-27,2011,6,17.75,17.96,18.197312861680984,2011-06-30,LSTM,3,2011
2011-06-28,2011,6,17.91,18.08,18.376378450393677,2011-07-01,LSTM,3,2011
2011-06-29,2011,6,17.93,18.29,18.020454451739788,2011-07-02,LSTM,3,2011
2011-06-30,2011,6,17.96,18.47,17.960712866079994,2011-07-03,LSTM,3,2011
2011-07-01,2011,7,18.08,18.41,18.353434221744536,2011-07-04,LSTM,3,2011
2011-07-02,2011,7,18.29,18.43,18.786236026287078,2011-07-05,LSTM,3,2011
2011-07-03,2011,7,18.47,18.6,18.89484775185585,2011-07-06,LSTM,3,2011
2011-07-04,2011,7,18.41,18.84,18.339681576788426,2011-07-07,LSTM,3,2011
2011-07-05,2011,7,18.43,18.92,18.43969515647739,2011-07-08,LSTM,3,2011
2011-07-06,2011,7,18.6,18.99,18.978142029047014,2011-07-09,LSTM,3,2011
2011-07-07,2011,7,18.84,19.08,19.201909210681915,2011-07-10,LSTM,3,2011
2011-07-08,2011,7,18.92,19.13,19.099707020521166,2011-07-11,LSTM,3,2011
2011-07-09,2011,7,18.99,19.17,19.125560661554335,2011-07-12,LSTM,3,2011
2011-07-10,2011,7,19.08,19.24,19.25083866894245,2011-07-13,LSTM,3,2011
2011-07-11,2011,7,19.13,19.24,19.184454036056994,2011-07-14,LSTM,3,2011
2011-07-12,2011,7,19.17,19.28,19.165671363081785,2011-07-15,LSTM,3,2011
2011-07-13,2011,7,19.24,19.34,19.313711223900317,2011-07-16,LSTM,3,2011
2011-07-14,2011,7,19.24,19.4,19.19891123265028,2011-07-17,LSTM,3,2011
2011-07-15,2011,7,19.28,19.43,19.30080373838544,2011-07-18,LSTM,3,2011
2011-07-16,2011,7,19.34,19.48,19.43535799920559,2011-07-19,LSTM,3,2011
2011-07-17,2011,7,19.4,19.51,19.50704505443573,2011-07-20,LSTM,3,2011
2011-07-18,2011,7,19.43,19.57,19.464928798675537,2011-07-21,LSTM,3,2011
2011-07-19,2011,7,19.48,19.63,19.545100222826004,2011-07-22,LSTM,3,2011
2011-07-20,2011,7,19.51,19.64,19.542260157167913,2011-07-23,LSTM,3,2011
2011-07-21,2011,7,19.57,19.64,19.650199025571347,2011-07-24,LSTM,3,2011
2011-07-22,2011,7,19.63,19.65,19.713959572017192,2011-07-25,LSTM,3,2011
2011-07-23,2011,7,19.64,19.52,19.626363333649934,2011-07-26,LSTM,3,2011
2011-07-24,2011,7,19.64,19.41,19.593739065676928,2011-07-27,LSTM,3,2011
2011-07-25,2011,7,19.65,19.35,19.63866271879524,2011-07-28,LSTM,3,2011
2011-07-26,2011,7,19.52,19.22,19.346337829232215,2011-07-29,LSTM,3,2011
2011-07-27,2011,7,19.41,19.24,19.27125160753727,2011-07-30,LSTM,3,2011
2011-07-28,2011,7,19.35,19.25,19.2853998452425,2011-07-31,LSTM,3,2011
2011-09-08,2011,9,17.13,17.0,17.22753879159689,2011-09-11,LSTM,3,2011
2011-09-09,2011,9,17.1,17.11,17.163411988317968,2011-09-12,LSTM,3,2011
2011-09-10,2011,9,16.98,17.19,16.898556846678257,2011-09-13,LSTM,3,2011
2011-09-11,2011,9,17.0,17.23,17.19613839685917,2011-09-14,LSTM,3,2011
2011-09-12,2011,9,17.11,17.24,17.54162241578102,2011-09-15,LSTM,3,2011
2011-09-13,2011,9,17.19,17.16,17.428310500979425,2011-09-16,LSTM,3,2011
2011-09-14,2011,9,17.23,17.25,17.436060275435448,2011-09-17,LSTM,3,2011
2011-09-15,2011,9,17.24,17.41,17.483655204772948,2011-09-18,LSTM,3,2011
2011-09-16,2011,9,17.16,17.71,17.20645661637187,2011-09-19,LSTM,3,2011
2011-09-17,2011,9,17.25,18.14,17.66204944252968,2011-09-20,LSTM,3,2011
2011-09-18,2011,9,17.41,18.09,17.802289370298386,2011-09-21,LSTM,3,2011
2011-09-19,2011,9,17.71,17.9,18.129153958559037,2011-09-22,LSTM,3,2011
2011-09-20,2011,9,18.14,17.78,18.540727182626725,2011-09-23,LSTM,3,2011
2011-09-21,2011,9,18.09,17.7,18.130241472423076,2011-09-24,LSTM,3,2011
2011-09-22,2011,9,17.9,17.62,17.773475238680838,2011-09-25,LSTM,3,2011
2011-09-23,2011,9,17.78,17.6,17.865657171905042,2011-09-26,LSTM,3,2011
2011-09-24,2011,9,17.7,17.84,17.834409248828887,2011-09-27,LSTM,3,2011
2011-09-25,2011,9,17.62,17.87,17.678948777616025,2011-09-28,LSTM,3,2011
2011-09-26,2011,9,17.6,17.89,17.716262398660184,2011-09-29,LSTM,3,2011
2011-09-27,2011,9,17.84,17.93,18.356827881336212,2011-09-30,LSTM,3,2011
2011-09-28,2011,9,17.87,17.99,17.830341461002828,2011-10-01,LSTM,3,2011
2011-09-29,2011,9,17.89,18.0,17.82270865082741,2011-10-02,LSTM,3,2011
2011-09-30,2011,9,17.93,17.98,18.04856025457382,2011-10-03,LSTM,3,2011
2011-10-01,2011,10,17.99,17.78,18.09437087714672,2011-10-04,LSTM,3,2011
2011-10-02,2011,10,18.0,17.66,17.893839426338673,2011-10-05,LSTM,3,2011
2011-10-03,2011,10,17.98,17.37,17.821628581285477,2011-10-06,LSTM,3,2011
2011-10-04,2011,10,17.78,17.11,17.28843906402588,2011-10-07,LSTM,3,2011
2011-10-05,2011,10,17.66,16.95,17.376134309768677,2011-10-08,LSTM,3,2011
2011-10-06,2011,10,17.37,16.81,16.869171555042268,2011-10-09,LSTM,3,2011
2011-10-07,2011,10,17.11,16.67,16.670161918401718,2011-10-10,LSTM,3,2011
2011-10-08,2011,10,16.95,16.57,16.646215242147445,2011-10-11,LSTM,3,2011
2011-10-09,2011,10,16.81,16.45,16.572992978096007,2011-10-12,LSTM,3,2011
2011-10-10,2011,10,16.67,16.42,16.42663681328297,2011-10-13,LSTM,3,2011
2011-10-11,2011,10,16.57,16.25,16.408310331106186,2011-10-14,LSTM,3,2011
2011-10-12,2011,10,16.45,16.13,16.33603550195694,2011-10-15,LSTM,3,2011
2011-10-13,2011,10,16.42,16.05,16.489917358458044,2011-10-16,LSTM,3,2011
2011-10-14,2011,10,16.25,15.94,16.16279684752226,2011-10-17,LSTM,3,2011
2011-10-15,2011,10,16.13,15.84,16.001964275836944,2011-10-18,LSTM,3,2011
2011-10-16,2011,10,16.05,15.82,16.019958679750562,2011-10-19,LSTM,3,2011
2011-10-17,2011,10,15.94,15.76,15.861867929399013,2011-10-20,LSTM,3,2011
2011-10-18,2011,10,15.84,15.7,15.71281483411789,2011-10-21,LSTM,3,2011
2011-10-19,2011,10,15.82,15.7,15.756746455729008,2011-10-22,LSTM,3,2011
2011-10-20,2011,10,15.76,15.68,15.612718636393547,2011-10-23,LSTM,3,2011
2011-10-21,2011,10,15.7,15.68,15.532283750176429,2011-10-24,LSTM,3,2011
2011-10-22,2011,10,15.7,15.66,15.57744166702032,2011-10-25,LSTM,3,2011
2011-10-23,2011,10,15.68,15.6,15.538617722988128,2011-10-26,LSTM,3,2011
2011-10-24,2011,10,15.68,15.52,15.52992404282093,2011-10-27,LSTM,3,2011
2011-10-25,2011,10,15.66,15.45,15.490698162317276,2011-10-28,LSTM,3,2011
2011-10-26,2011,10,15.6,15.42,15.416298022866249,2011-10-29,LSTM,3,2011
2011-10-27,2011,10,15.52,15.38,15.370459799170494,2011-10-30,LSTM,3,2011
2011-10-28,2011,10,15.45,15.35,15.341827292740344,2011-10-31,LSTM,3,2011
2011-10-29,2011,10,15.42,15.3,15.340097276568413,2011-11-01,LSTM,3,2011
2011-10-30,2011,10,15.38,15.22,15.297446151375771,2011-11-02,LSTM,3,2011
2011-10-31,2011,10,15.35,15.16,15.270045234262943,2011-11-03,LSTM,3,2011
2011-11-01,2011,11,15.3,15.1,15.214227209985257,2011-11-04,LSTM,3,2011
2011-11-02,2011,11,15.22,15.03,15.125546464025975,2011-11-05,LSTM,3,2011
2011-11-03,2011,11,15.16,14.98,15.078289050459862,2011-11-06,LSTM,3,2011
2011-11-04,2011,11,15.1,14.95,15.021645492315292,2011-11-07,LSTM,3,2011
2011-11-05,2011,11,15.03,14.9,14.93327862650156,2011-11-08,LSTM,3,2011
2011-11-06,2011,11,14.98,14.83,14.885438996851445,2011-11-09,LSTM,3,2011
2011-11-07,2011,11,14.95,14.77,14.88208236247301,2011-11-10,LSTM,3,2011
2011-11-08,2011,11,14.9,14.68,14.828341276943684,2011-11-11,LSTM,3,2011
2011-11-09,2011,11,14.83,14.6,14.735892215669155,2011-11-12,LSTM,3,2011
2011-11-10,2011,11,14.77,14.55,14.672851052582264,2011-11-13,LSTM,3,2011
2011-11-11,2011,11,14.68,14.5,14.560891911685466,2011-11-14,LSTM,3,2011
2011-11-12,2011,11,14.6,14.45,14.45335610806942,2011-11-15,LSTM,3,2011
2011-11-13,2011,11,14.55,14.41,14.415243047475816,2011-11-16,LSTM,3,2011
2011-11-14,2011,11,14.5,14.38,14.378817223012447,2011-11-17,LSTM,3,2011
2011-11-15,2011,11,14.45,14.32,14.329875913262367,2011-11-18,LSTM,3,2011
2011-11-16,2011,11,14.41,14.32,14.301038611531258,2011-11-19,LSTM,3,2011
2011-11-17,2011,11,14.38,14.31,14.290687096416951,2011-11-20,LSTM,3,2011
2011-11-18,2011,11,14.32,14.27,14.21934541285038,2011-11-21,LSTM,3,2011
2011-11-19,2011,11,14.32,14.24,14.245963714718819,2011-11-22,LSTM,3,2011
2011-11-20,2011,11,14.31,14.21,14.246965875327588,2011-11-23,LSTM,3,2011
2011-11-21,2011,11,14.27,14.2,14.180281725227832,2011-11-24,LSTM,3,2011
2011-11-22,2011,11,14.24,14.18,14.151398604512215,2011-11-25,LSTM,3,2011
2011-11-23,2011,11,14.21,14.16,14.121652378737927,2011-11-26,LSTM,3,2011
2011-11-24,2011,11,14.2,14.12,14.122420874238014,2011-11-27,LSTM,3,2011
2011-11-25,2011,11,14.18,14.08,14.088592402935028,2011-11-28,LSTM,3,2011
2011-11-26,2011,11,14.16,14.04,14.068202804625034,2011-11-29,LSTM,3,2011
2011-11-27,2011,11,14.12,14.0,14.018030705749988,2011-11-30,LSTM,3,2011
2011-11-28,2011,11,14.08,13.98,13.97442615956068,2011-12-01,LSTM,3,2011
2011-11-29,2011,11,14.04,13.96,13.934429937005042,2011-12-02,LSTM,3,2011
2011-11-30,2011,11,14.0,13.92,13.892978392541409,2011-12-03,LSTM,3,2011
2011-12-01,2011,12,13.98,13.88,13.88101394802332,2011-12-04,LSTM,3,2011
2011-12-02,2011,12,13.96,13.86,13.863630316257478,2011-12-05,LSTM,3,2011
2011-12-03,2011,12,13.92,13.84,13.814723661243915,2011-12-06,LSTM,3,2011
2011-12-04,2011,12,13.88,13.81,13.773695190548898,2011-12-07,LSTM,3,2011
2011-12-05,2011,12,13.86,13.78,13.762249716222286,2011-12-08,LSTM,3,2011
2011-12-06,2011,12,13.84,13.75,13.744119059443474,2011-12-09,LSTM,3,2011
2011-12-07,2011,12,13.81,13.72,13.70987774193287,2011-12-10,LSTM,3,2011
2011-12-08,2011,12,13.78,13.7,13.680350429117679,2011-12-11,LSTM,3,2011
2011-12-09,2011,12,13.75,13.69,13.651929087936878,2011-12-12,LSTM,3,2011
2011-12-10,2011,12,13.72,13.66,13.623044477105141,2011-12-13,LSTM,3,2011
2011-12-11,2011,12,13.7,13.64,13.6072193428874,2011-12-14,LSTM,3,2011
2011-12-12,2011,12,13.69,13.62,13.60244414448738,2011-12-15,LSTM,3,2011
2011-12-13,2011,12,13.66,13.6,13.566459085643292,2011-12-16,LSTM,3,2011
2011-12-14,2011,12,13.64,13.58,13.549799680113793,2011-12-17,LSTM,3,2011
2011-12-15,2011,12,13.62,13.58,13.532118911743163,2011-12-18,LSTM,3,2011
2011-12-16,2011,12,13.6,13.57,13.51300120204687,2011-12-19,LSTM,3,2011
2011-12-17,2011,12,13.58,13.56,13.494292566478252,2011-12-20,LSTM,3,2011
2011-12-18,2011,12,13.58,13.52,13.50292495071888,2011-12-21,LSTM,3,2011
2011-12-19,2011,12,13.57,13.5,13.489837161898613,2011-12-22,LSTM,3,2011
2011-12-20,2011,12,13.56,13.48,13.480306019484997,2011-12-23,LSTM,3,2011
2011-12-21,2011,12,13.52,13.46,13.433538508117199,2011-12-24,LSTM,3,2011
2011-12-22,2011,12,13.5,13.44,13.420259609818459,2011-12-25,LSTM,3,2011
2011-12-23,2011,12,13.48,13.42,13.402218389809132,2011-12-26,LSTM,3,2011
2011-12-24,2011,12,13.46,13.39,13.38243054509163,2011-12-27,LSTM,3,2011
2011-12-25,2011,12,13.44,13.37,13.362885820269584,2011-12-28,LSTM,3,2011
2011-12-26,2011,12,13.42,13.35,13.343667944967747,2011-12-29,LSTM,3,2011
2011-12-27,2011,12,13.39,13.33,13.3119678491354,2011-12-30,LSTM,3,2011
2011-12-28,2011,12,13.37,13.31,13.295794824957847,2011-12-31,LSTM,3,2011
2011-12-29,2011,12,13.35,13.28,13.276806472241878,2012-01-01,LSTM,3,2011
2011-12-30,2011,12,13.33,13.24,13.257262134850025,2012-01-02,LSTM,3,2011
2011-12-31,2011,12,13.31,13.22,13.238059481084347,2012-01-03,LSTM,3,2011
2012-01-01,2012,1,13.28,13.21,13.209482214152812,2012-01-04,LSTM,3,2012
2012-01-02,2012,1,13.24,13.2,13.163125892877579,2012-01-05,LSTM,3,2012
2012-01-03,2012,1,13.22,13.19,13.166432750672103,2012-01-06,LSTM,3,2012
2012-01-04,2012,1,13.21,13.18,13.170583150386811,2012-01-07,LSTM,3,2012
2012-01-05,2012,1,13.2,13.16,13.15328515022993,2012-01-08,LSTM,3,2012
2012-01-06,2012,1,13.19,13.15,13.141094534248113,2012-01-09,LSTM,3,2012
2012-01-07,2012,1,13.18,13.13,13.133790228813886,2012-01-10,LSTM,3,2012
2012-01-08,2012,1,13.16,13.12,13.101482719033957,2012-01-11,LSTM,3,2012
2012-01-09,2012,1,13.15,13.11,13.107846693694592,2012-01-12,LSTM,3,2012
2012-01-10,2012,1,13.13,13.1,13.075145782083274,2012-01-13,LSTM,3,2012
2012-01-11,2012,1,13.12,13.09,13.077334496080875,2012-01-14,LSTM,3,2012
2012-01-12,2012,1,13.11,13.08,13.07006690338254,2012-01-15,LSTM,3,2012
2012-01-13,2012,1,13.1,13.07,13.05682941749692,2012-01-16,LSTM,3,2012
2012-01-14,2012,1,13.09,13.05,13.047876492291689,2012-01-17,LSTM,3,2012
2012-01-15,2012,1,13.08,13.02,13.038429113030434,2012-01-18,LSTM,3,2012
2012-01-16,2012,1,13.07,13.0,13.029357757121325,2012-01-19,LSTM,3,2012
2012-01-17,2012,1,13.05,12.99,12.993864353001118,2012-01-20,LSTM,3,2012
2012-01-18,2012,1,13.02,12.99,12.953292031288147,2012-01-21,LSTM,3,2012
2012-01-19,2012,1,13.0,12.97,12.949631486088037,2012-01-22,LSTM,3,2012
2012-01-20,2012,1,12.99,12.95,12.955115811675787,2012-01-23,LSTM,3,2012
2012-01-21,2012,1,12.99,12.93,12.967634260430932,2012-01-24,LSTM,3,2012
2012-01-22,2012,1,12.97,12.91,12.910927837044001,2012-01-25,LSTM,3,2012
2012-01-23,2012,1,12.95,12.89,12.893425454199313,2012-01-26,LSTM,3,2012
2012-01-24,2012,1,12.93,12.87,12.880900223106146,2012-01-27,LSTM,3,2012
2012-01-25,2012,1,12.91,12.86,12.8601568749547,2012-01-28,LSTM,3,2012
2012-01-26,2012,1,12.89,12.86,12.839182763695717,2012-01-29,LSTM,3,2012
2012-01-27,2012,1,12.87,12.88,12.81893593341112,2012-01-30,LSTM,3,2012
2012-01-28,2012,1,12.86,12.88,12.825097203850746,2012-01-31,LSTM,3,2012
2012-01-29,2012,1,12.86,12.87,12.843181795105338,2012-02-01,LSTM,3,2012
2012-01-30,2012,1,12.88,12.85,12.892674910016359,2012-02-02,LSTM,3,2012
2012-01-31,2012,1,12.88,12.84,12.847904295772315,2012-02-03,LSTM,3,2012
2012-02-01,2012,2,12.87,12.82,12.82590178668499,2012-02-04,LSTM,3,2012
2012-02-02,2012,2,12.85,12.81,12.798460921645164,2012-02-05,LSTM,3,2012
2012-02-03,2012,2,12.84,12.79,12.80956860460341,2012-02-06,LSTM,3,2012
2012-02-04,2012,2,12.82,12.78,12.772751569449902,2012-02-07,LSTM,3,2012
2012-02-05,2012,2,12.81,12.77,12.776971881687642,2012-02-08,LSTM,3,2012
2012-02-06,2012,2,12.79,12.76,12.743320074826478,2012-02-09,LSTM,3,2012
2012-02-07,2012,2,12.78,12.75,12.74961098909378,2012-02-10,LSTM,3,2012
2012-02-08,2012,2,12.77,12.74,12.74344173118472,2012-02-11,LSTM,3,2012
2012-02-09,2012,2,12.76,12.73,12.731388200297951,2012-02-12,LSTM,3,2012
2012-02-10,2012,2,12.75,12.72,12.72343423962593,2012-02-13,LSTM,3,2012
2012-02-11,2012,2,12.74,12.71,12.71480932250619,2012-02-14,LSTM,3,2012
2012-02-12,2012,2,12.73,12.71,12.706846039295197,2012-02-15,LSTM,3,2012
2012-02-13,2012,2,12.72,12.71,12.697868573740125,2012-02-16,LSTM,3,2012
2012-02-14,2012,2,12.71,12.7,12.689329908266664,2012-02-17,LSTM,3,2012
2012-02-15,2012,2,12.71,12.7,12.712667413791642,2012-02-18,LSTM,3,2012
2012-02-16,2012,2,12.71,12.7,12.715328696221114,2012-02-19,LSTM,3,2012
2012-02-17,2012,2,12.7,12.72,12.68112841323018,2012-02-20,LSTM,3,2012
2012-02-18,2012,2,12.7,12.72,12.707218602113425,2012-02-21,LSTM,3,2012
2012-02-19,2012,2,12.7,12.7,12.713472811318933,2012-02-22,LSTM,3,2012
2012-02-20,2012,2,12.72,12.69,12.768940911889077,2012-02-23,LSTM,3,2012
2012-02-21,2012,2,12.72,12.66,12.719041527335067,2012-02-24,LSTM,3,2012
2012-02-22,2012,2,12.7,12.64,12.662413441389798,2012-02-25,LSTM,3,2012
2012-02-23,2012,2,12.69,12.62,12.684287082459777,2012-02-26,LSTM,3,2012
2012-02-24,2012,2,12.66,12.61,12.61990126952529,2012-02-27,LSTM,3,2012
2012-02-25,2012,2,12.64,12.63,12.61733105532825,2012-02-28,LSTM,3,2012
2012-02-26,2012,2,12.62,12.64,12.60305319622159,2012-02-29,LSTM,3,2012
2012-02-27,2012,2,12.61,12.64,12.614112011753022,2012-03-01,LSTM,3,2012
2012-02-28,2012,2,12.63,12.63,12.702808615863324,2012-03-02,LSTM,3,2012
2012-02-29,2012,2,12.64,12.62,12.679672613143921,2012-03-03,LSTM,3,2012
2012-03-01,2012,3,12.64,12.62,12.663085026070476,2012-03-04,LSTM,3,2012
2012-03-02,2012,3,12.63,12.66,12.641639197357,2012-03-05,LSTM,3,2012
2012-03-03,2012,3,12.62,12.7,12.638769526854157,2012-03-06,LSTM,3,2012
2012-03-04,2012,3,12.62,12.73,12.66993489012122,2012-03-07,LSTM,3,2012
2012-03-05,2012,3,12.66,12.77,12.787078637480736,2012-03-08,LSTM,3,2012
2012-03-06,2012,3,12.7,12.81,12.799503517150878,2012-03-09,LSTM,3,2012
2012-03-07,2012,3,12.73,12.85,12.796665083169938,2012-03-10,LSTM,3,2012
2012-03-08,2012,3,12.77,12.88,12.862101827263832,2012-03-11,LSTM,3,2012
2012-03-09,2012,3,12.81,12.88,12.89286701887846,2012-03-12,LSTM,3,2012
2012-03-10,2012,3,12.85,12.87,12.925056448578834,2012-03-13,LSTM,3,2012
2012-03-11,2012,3,12.88,12.84,12.933823970258237,2012-03-14,LSTM,3,2012
2012-03-12,2012,3,12.88,12.84,12.884000098444522,2012-03-15,LSTM,3,2012
2012-03-13,2012,3,12.87,12.86,12.89056079916656,2012-03-16,LSTM,3,2012
2012-03-14,2012,3,12.84,12.94,12.833090073112398,2012-03-17,LSTM,3,2012
2012-03-15,2012,3,12.84,12.98,12.9177143612504,2012-03-18,LSTM,3,2012
2012-03-16,2012,3,12.86,13.0,12.989814028739929,2012-03-19,LSTM,3,2012
2012-03-17,2012,3,12.94,12.99,13.145958724021911,2012-03-20,LSTM,3,2012
2012-03-18,2012,3,12.98,12.95,13.075447763800621,2012-03-21,LSTM,3,2012
2012-03-19,2012,3,13.0,12.94,13.063690096139908,2012-03-22,LSTM,3,2012
2012-03-20,2012,3,12.99,12.94,13.025750769078732,2012-03-23,LSTM,3,2012
2012-03-21,2012,3,12.95,12.96,12.939809368737041,2012-03-24,LSTM,3,2012
2012-03-22,2012,3,12.94,12.98,13.016603330671787,2012-03-25,LSTM,3,2012
2012-03-23,2012,3,12.94,13.0,13.06826107442379,2012-03-26,LSTM,3,2012
2012-03-24,2012,3,12.96,13.01,13.112424931526185,2012-03-27,LSTM,3,2012
2012-03-25,2012,3,12.98,13.02,13.11617916405201,2012-03-28,LSTM,3,2012
2012-03-26,2012,3,13.0,13.04,13.135853186249733,2012-03-29,LSTM,3,2012
2012-03-27,2012,3,13.01,13.05,13.1338599345088,2012-03-30,LSTM,3,2012
2012-03-28,2012,3,13.02,13.1,13.162308488488197,2012-03-31,LSTM,3,2012
2012-03-29,2012,3,13.04,13.15,13.211082466840743,2012-04-01,LSTM,3,2012
2012-03-30,2012,3,13.05,13.19,13.197777259349824,2012-04-02,LSTM,3,2012
2012-03-31,2012,3,13.1,13.23,13.325538834929466,2012-04-03,LSTM,3,2012
2012-04-01,2012,4,13.15,13.24,13.348731631040573,2012-04-04,LSTM,3,2012
2012-04-02,2012,4,13.19,13.24,13.361161875128746,2012-04-05,LSTM,3,2012
2012-04-03,2012,4,13.23,13.4,13.417957495450974,2012-04-06,LSTM,3,2012
2012-04-04,2012,4,13.24,13.5,13.3782365077734,2012-04-07,LSTM,3,2012
2012-04-05,2012,4,13.24,13.62,13.40968347132206,2012-04-08,LSTM,3,2012
2012-04-06,2012,4,13.4,13.67,13.798103207349778,2012-04-09,LSTM,3,2012
2012-04-07,2012,4,13.5,13.68,13.678837463259697,2012-04-10,LSTM,3,2012
2012-04-08,2012,4,13.62,13.69,13.854184503555297,2012-04-11,LSTM,3,2012
2012-04-09,2012,4,13.67,13.74,13.727596489787102,2012-04-12,LSTM,3,2012
2012-04-10,2012,4,13.68,13.8,13.804451838433742,2012-04-13,LSTM,3,2012
2012-04-11,2012,4,13.69,13.89,13.975405337810516,2012-04-14,LSTM,3,2012
2012-04-12,2012,4,13.74,14.0,14.094245692491532,2012-04-15,LSTM,3,2012
2012-04-13,2012,4,13.8,14.13,14.070301699638367,2012-04-16,LSTM,3,2012
2012-04-14,2012,4,13.89,14.18,14.147861137390137,2012-04-17,LSTM,3,2012
2012-04-15,2012,4,14.0,14.18,14.234034299850464,2012-04-18,LSTM,3,2012
2012-04-16,2012,4,14.13,14.17,14.412960414886475,2012-04-19,LSTM,3,2012
2012-04-17,2012,4,14.18,14.35,14.170410579368472,2012-04-20,LSTM,3,2012
2012-04-18,2012,4,14.18,14.6,14.28471324622631,2012-04-21,LSTM,3,2012
2012-04-19,2012,4,14.17,14.87,14.410668147802353,2012-04-22,LSTM,3,2012
2012-04-20,2012,4,14.35,15.12,14.777181988954544,2012-04-23,LSTM,3,2012
2012-04-21,2012,4,14.6,15.17,15.05635986328125,2012-04-24,LSTM,3,2012
2012-04-22,2012,4,14.87,15.18,15.330585951805114,2012-04-25,LSTM,3,2012
2012-04-23,2012,4,15.12,15.19,15.532333339452743,2012-04-26,LSTM,3,2012
2012-04-24,2012,4,15.17,15.19,15.114082122296095,2012-04-27,LSTM,3,2012
2012-04-25,2012,4,15.18,15.12,14.968928374648094,2012-04-28,LSTM,3,2012
2012-04-26,2012,4,15.19,15.11,15.120574737489223,2012-04-29,LSTM,3,2012
2012-04-27,2012,4,15.19,15.29,15.098493272960186,2012-04-30,LSTM,3,2012
2012-04-28,2012,4,15.12,15.52,14.947166259288787,2012-05-01,LSTM,3,2012
2012-04-29,2012,4,15.11,15.59,15.05938800111413,2012-05-02,LSTM,3,2012
2012-04-30,2012,4,15.29,15.64,15.818626978397369,2012-05-03,LSTM,3,2012
2012-05-01,2012,5,15.52,15.79,15.88496204137802,2012-05-04,LSTM,3,2012
2012-05-02,2012,5,15.59,15.91,15.45112193763256,2012-05-05,LSTM,3,2012
2012-05-03,2012,5,15.64,16.04,15.37990222811699,2012-05-06,LSTM,3,2012
2012-05-04,2012,5,15.79,16.08,15.779178276620804,2012-05-07,LSTM,3,2012
2012-05-05,2012,5,15.91,16.04,15.885971136242151,2012-05-08,LSTM,3,2012
2012-05-06,2012,5,16.04,15.93,16.125537187755107,2012-05-09,LSTM,3,2012
2012-05-07,2012,5,16.08,15.79,16.1770746204257,2012-05-10,LSTM,3,2012
2012-05-08,2012,5,16.04,15.66,16.50552312374115,2012-05-11,LSTM,3,2012
2012-05-09,2012,5,15.93,15.52,16.37291377067566,2012-05-12,LSTM,3,2012
2012-05-10,2012,5,15.79,15.35,15.929838263392448,2012-05-13,LSTM,3,2012
2012-05-11,2012,5,15.66,15.22,15.506653044223786,2012-05-14,LSTM,3,2012
2012-05-12,2012,5,15.52,15.14,15.08538626551628,2012-05-15,LSTM,3,2012
2012-05-13,2012,5,15.35,15.1,15.02205348610878,2012-05-16,LSTM,3,2012
2012-05-14,2012,5,15.22,15.17,14.98437683403492,2012-05-17,LSTM,3,2012
2012-05-15,2012,5,15.14,15.26,15.02083639740944,2012-05-18,LSTM,3,2012
2012-05-16,2012,5,15.1,15.37,15.167103758454322,2012-05-19,LSTM,3,2012
2012-05-17,2012,5,15.17,15.6,15.706796987056732,2012-05-20,LSTM,3,2012
2012-05-18,2012,5,15.26,16.3,15.689097354412079,2012-05-21,LSTM,3,2012
2012-05-19,2012,5,15.37,16.64,15.857550854682922,2012-05-22,LSTM,3,2012
2012-05-20,2012,5,15.6,16.67,16.252208864688875,2012-05-23,LSTM,3,2012
2012-05-21,2012,5,16.3,16.5,16.66996939778328,2012-05-24,LSTM,3,2012
2012-05-22,2012,5,16.64,16.27,16.758033587932587,2012-05-25,LSTM,3,2012
2012-05-23,2012,5,16.67,16.14,16.6850326769799,2012-05-26,LSTM,3,2012
2012-05-24,2012,5,16.5,16.04,16.218718379735947,2012-05-27,LSTM,3,2012
2012-05-25,2012,5,16.27,16.03,15.899055142402648,2012-05-28,LSTM,3,2012
2012-05-26,2012,5,16.14,16.04,16.1384138692962,2012-05-29,LSTM,3,2012
2012-05-27,2012,5,16.04,16.06,16.127212301790713,2012-05-30,LSTM,3,2012
2012-05-28,2012,5,16.03,16.12,15.978730513453485,2012-05-31,LSTM,3,2012
2012-05-29,2012,5,16.04,16.2,15.945312061309814,2012-06-01,LSTM,3,2012
2012-05-30,2012,5,16.06,16.24,15.743515459299086,2012-06-02,LSTM,3,2012
2012-05-31,2012,5,16.12,16.27,16.350528548359872,2012-06-03,LSTM,3,2012
2012-06-01,2012,6,16.2,16.29,16.69315306544304,2012-06-04,LSTM,3,2012
2012-06-02,2012,6,16.24,16.47,16.798151841163634,2012-06-05,LSTM,3,2012
2012-06-03,2012,6,16.27,16.9,16.98085488796234,2012-06-06,LSTM,3,2012
2012-06-04,2012,6,16.29,17.25,17.049101271629333,2012-06-07,LSTM,3,2012
2012-06-05,2012,6,16.47,17.88,17.279704780578612,2012-06-08,LSTM,3,2012
2012-06-06,2012,6,16.9,18.28,17.584956312179564,2012-06-09,LSTM,3,2012
2012-06-07,2012,6,17.25,18.37,17.70799845457077,2012-06-10,LSTM,3,2012
2012-06-08,2012,6,17.88,18.34,18.518189256191253,2012-06-11,LSTM,3,2012
2012-06-09,2012,6,18.28,18.09,18.289180746972562,2012-06-12,LSTM,3,2012
2012-06-10,2012,6,18.37,17.88,18.06865119457245,2012-06-13,LSTM,3,2012
2012-06-11,2012,6,18.34,17.66,17.840432670116424,2012-06-14,LSTM,3,2012
2012-06-12,2012,6,18.09,17.97,17.393713858127594,2012-06-15,LSTM,3,2012
2012-06-13,2012,6,17.88,18.33,17.494520639181136,2012-06-16,LSTM,3,2012
2012-06-14,2012,6,17.66,18.56,17.566977199018,2012-06-17,LSTM,3,2012
2012-06-15,2012,6,17.97,18.79,18.560120196342467,2012-06-18,LSTM,3,2012
2012-06-16,2012,6,18.33,18.89,18.89153082847595,2012-06-19,LSTM,3,2012
2012-06-17,2012,6,18.56,18.76,19.125119981765746,2012-06-20,LSTM,3,2012
2012-06-18,2012,6,18.79,18.48,19.280263193845748,2012-06-21,LSTM,3,2012
2012-06-19,2012,6,18.89,18.32,19.116408943533898,2012-06-22,LSTM,3,2012
2012-06-20,2012,6,18.76,18.29,18.437247732877733,2012-06-23,LSTM,3,2012
2012-06-21,2012,6,18.48,18.43,18.24272627711296,2012-06-24,LSTM,3,2012
2012-06-22,2012,6,18.32,18.57,18.26906308874488,2012-06-25,LSTM,3,2012
2012-06-23,2012,6,18.29,18.8,18.517271258831023,2012-06-26,LSTM,3,2012
2012-06-24,2012,6,18.43,19.58,18.770185701847076,2012-06-27,LSTM,3,2012
2012-06-25,2012,6,18.57,20.12,18.88077954173088,2012-06-28,LSTM,3,2012
2012-06-26,2012,6,18.8,20.43,19.277795213460923,2012-06-29,LSTM,3,2012
2012-06-27,2012,6,19.58,20.56,20.35944332361221,2012-06-30,LSTM,3,2012
2012-06-28,2012,6,20.12,20.56,20.57771160721779,2012-07-01,LSTM,3,2012
2012-06-29,2012,6,20.43,20.45,20.555734522938728,2012-07-02,LSTM,3,2012
2012-06-30,2012,6,20.56,20.09,20.13013189792633,2012-07-03,LSTM,3,2012
2012-07-01,2012,7,20.56,19.65,19.747314867973326,2012-07-04,LSTM,3,2012
2012-07-02,2012,7,20.45,19.27,19.495522809028625,2012-07-05,LSTM,3,2012
2012-07-03,2012,7,20.09,19.14,19.338741030693054,2012-07-06,LSTM,3,2012
2012-07-04,2012,7,19.65,19.25,19.16636657118797,2012-07-07,LSTM,3,2012
2012-07-05,2012,7,19.27,19.22,18.78293107867241,2012-07-08,LSTM,3,2012
2012-07-06,2012,7,19.14,19.13,19.00363486945629,2012-07-09,LSTM,3,2012
2012-07-07,2012,7,19.25,19.07,19.305894162505865,2012-07-10,LSTM,3,2012
2012-07-08,2012,7,19.22,19.04,19.032909737229346,2012-07-11,LSTM,3,2012
2012-07-09,2012,7,19.13,19.11,18.884073545336722,2012-07-12,LSTM,3,2012
2012-07-10,2012,7,19.07,19.18,18.931625865101815,2012-07-13,LSTM,3,2012
2012-07-11,2012,7,19.04,19.27,18.961154849231242,2012-07-14,LSTM,3,2012
2012-07-12,2012,7,19.11,19.31,19.186090082526206,2012-07-15,LSTM,3,2012
2012-07-13,2012,7,19.18,19.47,19.213659856766462,2012-07-16,LSTM,3,2012
2012-07-14,2012,7,19.27,19.79,19.312222641408443,2012-07-17,LSTM,3,2012
2012-07-15,2012,7,19.31,19.87,19.277396814376115,2012-07-18,LSTM,3,2012
2012-07-16,2012,7,19.47,19.84,19.575941168963908,2012-07-19,LSTM,3,2012
2012-07-17,2012,7,19.79,19.9,20.09311143398285,2012-07-20,LSTM,3,2012
2012-07-18,2012,7,19.87,19.98,19.796704183220864,2012-07-21,LSTM,3,2012
2012-07-19,2012,7,19.84,19.94,19.59108675658703,2012-07-22,LSTM,3,2012
2012-07-20,2012,7,19.9,19.85,19.838665628433226,2012-07-23,LSTM,3,2012
2012-07-21,2012,7,19.98,19.76,19.921811062395573,2012-07-24,LSTM,3,2012
2012-07-22,2012,7,19.94,19.67,19.670372548103334,2012-07-25,LSTM,3,2012
2012-07-23,2012,7,19.85,19.55,19.58954075574875,2012-07-26,LSTM,3,2012
2012-07-24,2012,7,19.76,19.52,19.561627919077875,2012-07-27,LSTM,3,2012
2012-07-25,2012,7,19.67,19.5,19.474526939988138,2012-07-28,LSTM,3,2012
2012-07-26,2012,7,19.55,19.44,19.282952922582627,2012-07-29,LSTM,3,2012
2012-07-27,2012,7,19.52,19.44,19.39193390727043,2012-07-30,LSTM,3,2012
2012-07-28,2012,7,19.5,19.4,19.38100817799568,2012-07-31,LSTM,3,2012
2012-07-29,2012,7,19.44,19.34,19.26183560729027,2012-08-01,LSTM,3,2012
2012-07-30,2012,7,19.44,19.3,19.372232685387136,2012-08-02,LSTM,3,2012
2012-07-31,2012,7,19.4,19.2,19.29048261195421,2012-08-03,LSTM,3,2012
2012-08-01,2012,8,19.34,19.19,19.21100140750408,2012-08-04,LSTM,3,2012
2012-08-02,2012,8,19.3,19.18,19.223391483724118,2012-08-05,LSTM,3,2012
2012-08-03,2012,8,19.2,19.18,19.0175141364336,2012-08-06,LSTM,3,2012
2012-08-04,2012,8,19.19,19.15,19.16118191048503,2012-08-07,LSTM,3,2012
2012-08-05,2012,8,19.18,19.12,19.14451899036765,2012-08-08,LSTM,3,2012
2012-08-06,2012,8,19.18,19.09,19.141070884019136,2012-08-09,LSTM,3,2012
2012-08-07,2012,8,19.15,19.03,19.079242394864558,2012-08-10,LSTM,3,2012
2012-08-08,2012,8,19.12,18.93,19.075203238874675,2012-08-11,LSTM,3,2012
2012-08-09,2012,8,19.09,18.83,19.07425837047398,2012-08-12,LSTM,3,2012
2012-08-10,2012,8,19.03,18.67,18.948391034007074,2012-08-13,LSTM,3,2012
2012-08-11,2012,8,18.93,18.62,18.76589881658554,2012-08-14,LSTM,3,2012
2012-08-12,2012,8,18.83,18.57,18.66734458684921,2012-08-15,LSTM,3,2012
2012-08-13,2012,8,18.67,18.44,18.40515358567238,2012-08-16,LSTM,3,2012
2012-08-14,2012,8,18.62,18.31,18.519520821869374,2012-08-17,LSTM,3,2012
2012-08-15,2012,8,18.57,18.2,18.444288946390152,2012-08-18,LSTM,3,2012
2012-08-16,2012,8,18.44,18.12,18.198614078164102,2012-08-19,LSTM,3,2012
2012-08-17,2012,8,18.31,18.05,18.068824080228804,2012-08-20,LSTM,3,2012
2012-08-18,2012,8,18.2,18.0,17.991914850473403,2012-08-21,LSTM,3,2012
2012-08-19,2012,8,18.12,18.16,17.947654972672463,2012-08-22,LSTM,3,2012
2012-08-20,2012,8,18.05,18.26,17.898447427153588,2012-08-23,LSTM,3,2012
2012-08-21,2012,8,18.0,18.45,17.87191590666771,2012-08-24,LSTM,3,2012
2012-08-22,2012,8,18.16,18.51,18.55172899723053,2012-08-25,LSTM,3,2012
2012-08-23,2012,8,18.26,18.7,18.63235787510872,2012-08-26,LSTM,3,2012
2012-08-24,2012,8,18.45,18.89,19.003754091262817,2012-08-27,LSTM,3,2012
2012-08-25,2012,8,18.51,19.04,18.78075469493866,2012-08-28,LSTM,3,2012
2012-08-26,2012,8,18.7,19.08,19.146839809417724,2012-08-29,LSTM,3,2012
2012-08-27,2012,8,18.89,19.08,19.234966858625413,2012-08-30,LSTM,3,2012
2012-08-28,2012,8,19.04,19.01,19.27266676068306,2012-08-31,LSTM,3,2012
2012-08-29,2012,8,19.08,18.89,19.1415416765213,2012-09-01,LSTM,3,2012
2012-08-30,2012,8,19.08,18.79,19.046544311493633,2012-09-02,LSTM,3,2012
2012-08-31,2012,8,19.01,18.81,18.834451327323915,2012-09-03,LSTM,3,2012
2012-09-01,2012,9,18.89,18.82,18.638592764139176,2012-09-04,LSTM,3,2012
2012-09-02,2012,9,18.79,18.74,18.636379846334457,2012-09-05,LSTM,3,2012
2012-09-03,2012,9,18.81,18.83,18.898384322822093,2012-09-06,LSTM,3,2012
2012-09-04,2012,9,18.82,18.87,18.840512899383903,2012-09-07,LSTM,3,2012
2012-09-05,2012,9,18.74,18.87,18.569158678650854,2012-09-08,LSTM,3,2012
2012-09-06,2012,9,18.83,18.72,19.09158997416496,2012-09-09,LSTM,3,2012
2012-09-07,2012,9,18.87,18.46,19.07540001988411,2012-09-10,LSTM,3,2012
2012-09-08,2012,9,18.87,18.2,18.936260918974877,2012-09-11,LSTM,3,2012
2012-09-09,2012,9,18.72,18.04,18.436663271188735,2012-09-12,LSTM,3,2012
2012-09-10,2012,9,18.46,17.92,17.896582267284394,2012-09-13,LSTM,3,2012
2012-09-11,2012,9,18.2,18.13,17.619652819633483,2012-09-14,LSTM,3,2012
2012-09-12,2012,9,18.04,18.19,17.698818423748016,2012-09-15,LSTM,3,2012
2012-09-13,2012,9,17.92,18.82,17.73376013159752,2012-09-16,LSTM,3,2012
2012-09-14,2012,9,18.13,19.13,18.31578967452049,2012-09-17,LSTM,3,2012
2012-09-15,2012,9,18.19,19.22,18.226783408373596,2012-09-18,LSTM,3,2012
2012-09-16,2012,9,18.82,19.24,19.423895485401154,2012-09-19,LSTM,3,2012
2012-09-17,2012,9,19.13,19.16,19.365409393906592,2012-09-20,LSTM,3,2012
2012-09-18,2012,9,19.22,19.28,19.279081245213746,2012-09-21,LSTM,3,2012
2012-09-19,2012,9,19.24,19.48,19.110103254914282,2012-09-22,LSTM,3,2012
2012-09-20,2012,9,19.16,19.66,18.863181207180023,2012-09-23,LSTM,3,2012
2012-09-21,2012,9,19.28,19.81,19.300661907270552,2012-09-24,LSTM,3,2012
2012-09-22,2012,9,19.48,20.08,19.263962100744248,2012-09-25,LSTM,3,2012
2012-09-23,2012,9,19.66,20.27,19.38103676199913,2012-09-26,LSTM,3,2012
2012-09-24,2012,9,19.81,20.45,19.636421737670897,2012-09-27,LSTM,3,2012
2012-09-25,2012,9,20.08,20.46,20.07148970004171,2012-09-28,LSTM,3,2012
2012-09-26,2012,9,20.27,20.37,20.20962923809886,2012-09-29,LSTM,3,2012
2012-09-27,2012,9,20.45,20.08,20.341986459493636,2012-09-30,LSTM,3,2012
2012-11-08,2012,11,15.26,15.03,15.088317329287529,2012-11-11,LSTM,3,2012
2012-11-09,2012,11,15.18,15.03,14.998230003118515,2012-11-12,LSTM,3,2012
2012-11-10,2012,11,15.09,14.97,14.879001256227493,2012-11-13,LSTM,3,2012
2012-11-11,2012,11,15.03,14.92,14.833748726844787,2012-11-14,LSTM,3,2012
2012-11-12,2012,11,15.03,14.89,14.943097023963928,2012-11-15,LSTM,3,2012
2012-11-13,2012,11,14.97,14.85,14.834787712693215,2012-11-16,LSTM,3,2012
2012-11-14,2012,11,14.92,14.8,14.769754974246025,2012-11-17,LSTM,3,2012
2012-11-15,2012,11,14.89,14.76,14.796359158456326,2012-11-18,LSTM,3,2012
2012-11-16,2012,11,14.85,14.71,14.755343726277351,2012-11-19,LSTM,3,2012
2012-11-17,2012,11,14.8,14.66,14.682793836295605,2012-11-20,LSTM,3,2012
2012-11-18,2012,11,14.76,14.61,14.649408148825168,2012-11-21,LSTM,3,2012
2012-11-19,2012,11,14.71,14.56,14.590410827696324,2012-11-22,LSTM,3,2012
2012-11-20,2012,11,14.66,14.5,14.534042719602585,2012-11-23,LSTM,3,2012
2012-11-21,2012,11,14.61,14.45,14.48547855079174,2012-11-24,LSTM,3,2012
2012-11-22,2012,11,14.56,14.41,14.435467389822007,2012-11-25,LSTM,3,2012
2012-11-23,2012,11,14.5,14.38,14.372050270438194,2012-11-26,LSTM,3,2012
2012-11-24,2012,11,14.45,14.35,14.328713719546794,2012-11-27,LSTM,3,2012
2012-11-25,2012,11,14.41,14.34,14.300587478876114,2012-11-28,LSTM,3,2012
2012-11-26,2012,11,14.38,14.29,14.27839617162943,2012-11-29,LSTM,3,2012
2012-11-27,2012,11,14.35,14.24,14.24928100258112,2012-11-30,LSTM,3,2012
2012-11-28,2012,11,14.34,14.2,14.257050182819366,2012-12-01,LSTM,3,2012
2012-11-29,2012,11,14.29,14.17,14.174939171373843,2012-12-02,LSTM,3,2012
2012-11-30,2012,11,14.24,14.15,14.122229715585709,2012-12-03,LSTM,3,2012
2012-12-01,2012,12,14.2,14.13,14.102648277580737,2012-12-04,LSTM,3,2012
2012-12-02,2012,12,14.17,14.1,14.0808407497406,2012-12-05,LSTM,3,2012
2012-12-03,2012,12,14.15,14.07,14.06673830896616,2012-12-06,LSTM,3,2012
2012-12-04,2012,12,14.13,14.03,14.044884760975838,2012-12-07,LSTM,3,2012
2012-12-05,2012,12,14.1,13.99,14.002971990406513,2012-12-08,LSTM,3,2012
2012-12-06,2012,12,14.07,13.97,13.975736096203327,2012-12-09,LSTM,3,2012
2012-12-07,2012,12,14.03,13.94,13.933996795415878,2012-12-10,LSTM,3,2012
2012-12-08,2012,12,13.99,13.9,13.896088143587113,2012-12-11,LSTM,3,2012
2012-12-09,2012,12,13.97,13.87,13.894759574234486,2012-12-12,LSTM,3,2012
2012-12-10,2012,12,13.94,13.85,13.85710828244686,2012-12-13,LSTM,3,2012
2012-12-11,2012,12,13.9,13.83,13.804221065342427,2012-12-14,LSTM,3,2012
2012-12-12,2012,12,13.87,13.79,13.786674144566058,2012-12-15,LSTM,3,2012
2012-12-13,2012,12,13.85,13.76,13.779319866001606,2012-12-16,LSTM,3,2012
2012-12-14,2012,12,13.83,13.74,13.75698909342289,2012-12-17,LSTM,3,2012
2012-12-15,2012,12,13.79,13.72,13.697480925321578,2012-12-18,LSTM,3,2012
2012-12-16,2012,12,13.76,13.7,13.678713971972465,2012-12-19,LSTM,3,2012
2012-12-17,2012,12,13.74,13.67,13.67523209542036,2012-12-20,LSTM,3,2012
2012-12-18,2012,12,13.72,13.67,13.65228416889906,2012-12-21,LSTM,3,2012
2012-12-19,2012,12,13.7,13.66,13.629401516914367,2012-12-22,LSTM,3,2012
2012-12-20,2012,12,13.67,13.66,13.591066030859947,2012-12-23,LSTM,3,2012
2012-12-21,2012,12,13.67,13.63,13.625987125635147,2012-12-24,LSTM,3,2012
2012-12-22,2012,12,13.66,13.6,13.608834035545588,2012-12-25,LSTM,3,2012
2012-12-23,2012,12,13.66,13.56,13.614650595784187,2012-12-26,LSTM,3,2012
2012-12-24,2012,12,13.63,13.54,13.548579868972302,2012-12-27,LSTM,3,2012
2012-12-25,2012,12,13.6,13.51,13.52278353124857,2012-12-28,LSTM,3,2012
2012-12-26,2012,12,13.56,13.49,13.486485478878022,2012-12-29,LSTM,3,2012
2012-12-27,2012,12,13.54,13.45,13.484780252873897,2012-12-30,LSTM,3,2012
2012-12-28,2012,12,13.51,13.42,13.446102241277694,2012-12-31,LSTM,3,2012
2012-12-29,2012,12,13.49,13.4,13.429430713653565,2013-01-01,LSTM,3,2012
2012-12-30,2012,12,13.45,13.37,13.375587445497512,2013-01-02,LSTM,3,2012
2012-12-31,2012,12,13.42,13.33,13.353823734521866,2013-01-03,LSTM,3,2012
2013-01-01,2013,1,13.4,13.29,13.363058929890395,2013-01-04,LSTM,3,2013
2013-01-02,2013,1,13.37,13.25,13.322665392309426,2013-01-05,LSTM,3,2013
2013-01-03,2013,1,13.33,13.22,13.27362871721387,2013-01-06,LSTM,3,2013
2013-01-04,2013,1,13.29,13.2,13.235728179067372,2013-01-07,LSTM,3,2013
2013-01-05,2013,1,13.25,13.18,13.19813023135066,2013-01-08,LSTM,3,2013
2013-01-06,2013,1,13.22,13.16,13.175640193074942,2013-01-09,LSTM,3,2013
2013-01-07,2013,1,13.2,13.14,13.164856527745723,2013-01-10,LSTM,3,2013
2013-01-08,2013,1,13.18,13.13,13.145052861720323,2013-01-11,LSTM,3,2013
2013-01-09,2013,1,13.16,13.12,13.12530295535922,2013-01-12,LSTM,3,2013
2013-01-10,2013,1,13.14,13.1,13.107121485620738,2013-01-13,LSTM,3,2013
2013-01-11,2013,1,13.13,13.08,13.108418543934823,2013-01-14,LSTM,3,2013
2013-01-12,2013,1,13.12,13.07,13.099914367198943,2013-01-15,LSTM,3,2013
2013-01-13,2013,1,13.1,13.06,13.068798737972974,2013-01-16,LSTM,3,2013
2013-01-14,2013,1,13.08,13.04,13.049820942729712,2013-01-17,LSTM,3,2013
2013-01-15,2013,1,13.07,13.03,13.052638260349632,2013-01-18,LSTM,3,2013
2013-01-16,2013,1,13.06,13.01,13.04425155505538,2013-01-19,LSTM,3,2013
2013-01-17,2013,1,13.04,12.98,13.012615290433168,2013-01-20,LSTM,3,2013
2013-01-18,2013,1,13.03,12.95,13.014270732849836,2013-01-21,LSTM,3,2013
2013-01-19,2013,1,13.01,12.93,12.988201560676098,2013-01-22,LSTM,3,2013
2013-01-20,2013,1,12.98,12.91,12.946939877718687,2013-01-23,LSTM,3,2013
2013-01-21,2013,1,12.95,12.89,12.918617185950279,2013-01-24,LSTM,3,2013
2013-01-22,2013,1,12.93,12.87,12.910909377336502,2013-01-25,LSTM,3,2013
2013-01-23,2013,1,12.91,12.85,12.892784163206816,2013-01-26,LSTM,3,2013
2013-01-24,2013,1,12.89,12.83,12.871928305700422,2013-01-27,LSTM,3,2013
2013-01-25,2013,1,12.87,12.81,12.854393094666301,2013-01-28,LSTM,3,2013
2013-01-26,2013,1,12.85,12.8,12.83714021872729,2013-01-29,LSTM,3,2013
2013-01-27,2013,1,12.83,12.8,12.819184812642634,2013-01-30,LSTM,3,2013
2013-01-28,2013,1,12.81,12.79,12.800578317083419,2013-01-31,LSTM,3,2013
2013-01-29,2013,1,12.8,12.78,12.804350263625384,2013-02-01,LSTM,3,2013
2013-01-30,2013,1,12.8,12.76,12.820579429343343,2013-02-02,LSTM,3,2013
2013-01-31,2013,1,12.79,12.74,12.800325045324861,2013-02-03,LSTM,3,2013
2013-02-01,2013,2,12.78,12.73,12.79095989625901,2013-02-04,LSTM,3,2013
2013-02-02,2013,2,12.76,12.72,12.762603552304208,2013-02-05,LSTM,3,2013
2013-02-03,2013,2,12.74,12.7,12.743024788107723,2013-02-06,LSTM,3,2013
2013-02-04,2013,2,12.73,12.67,12.74815096102655,2013-02-07,LSTM,3,2013
2013-02-05,2013,2,12.72,12.65,12.741018892526627,2013-02-08,LSTM,3,2013
2013-02-06,2013,2,12.7,12.63,12.708102938532829,2013-02-09,LSTM,3,2013
2013-02-07,2013,2,12.67,12.61,12.6660527587682,2013-02-10,LSTM,3,2013
2013-02-08,2013,2,12.65,12.6,12.661532045900822,2013-02-11,LSTM,3,2013
2013-02-09,2013,2,12.63,12.58,12.64635259948671,2013-02-12,LSTM,3,2013
2013-02-10,2013,2,12.61,12.57,12.625379510819911,2013-02-13,LSTM,3,2013
2013-02-11,2013,2,12.6,12.56,12.631949896365404,2013-02-14,LSTM,3,2013
2013-02-12,2013,2,12.58,12.55,12.603101530969143,2013-02-15,LSTM,3,2013
2013-02-13,2013,2,12.57,12.53,12.608075912743807,2013-02-16,LSTM,3,2013
2013-02-14,2013,2,12.56,12.52,12.605544393360615,2013-02-17,LSTM,3,2013
2013-02-15,2013,2,12.55,12.52,12.59724731296301,2013-02-18,LSTM,3,2013
2013-02-16,2013,2,12.53,12.51,12.564381184726953,2013-02-19,LSTM,3,2013
2013-02-17,2013,2,12.52,12.53,12.570462670624256,2013-02-20,LSTM,3,2013
2013-02-18,2013,2,12.52,12.54,12.593981910943985,2013-02-21,LSTM,3,2013
2013-02-19,2013,2,12.51,12.53,12.570826927423477,2013-02-22,LSTM,3,2013
2013-02-20,2013,2,12.53,12.53,12.626474304795265,2013-02-23,LSTM,3,2013
2013-02-21,2013,2,12.54,12.52,12.61957599312067,2013-02-24,LSTM,3,2013
2013-02-22,2013,2,12.53,12.52,12.592164515256881,2013-02-25,LSTM,3,2013
2013-02-23,2013,2,12.53,12.53,12.612735404372215,2013-02-26,LSTM,3,2013
2013-02-24,2013,2,12.52,12.55,12.595143203139305,2013-02-27,LSTM,3,2013
2013-02-25,2013,2,12.52,12.59,12.611533534228801,2013-02-28,LSTM,3,2013
2013-02-26,2013,2,12.53,12.588,12.637152141630649,2013-03-01,LSTM,3,2013
2013-02-27,2013,2,12.55,12.57,12.659919339418412,2013-03-02,LSTM,3,2013
2013-02-28,2013,2,12.59,12.54,12.707278836667538,2013-03-03,LSTM,3,2013
2013-03-01,2013,3,12.588,12.52,12.643979076772927,2013-03-04,LSTM,3,2013
2013-03-02,2013,3,12.57,12.49,12.623689252585173,2013-03-05,LSTM,3,2013
2013-03-03,2013,3,12.54,12.46,12.588804324120282,2013-03-06,LSTM,3,2013
2013-03-04,2013,3,12.52,12.44,12.592555921971798,2013-03-07,LSTM,3,2013
2013-03-05,2013,3,12.49,12.42,12.549709273278713,2013-03-08,LSTM,3,2013
2013-03-06,2013,3,12.46,12.42,12.51398802831769,2013-03-09,LSTM,3,2013
2013-03-07,2013,3,12.44,12.41,12.517654503285884,2013-03-10,LSTM,3,2013
2013-03-08,2013,3,12.42,12.41,12.505594169795513,2013-03-11,LSTM,3,2013
2013-03-09,2013,3,12.42,12.42,12.546539558172226,2013-03-12,LSTM,3,2013
2013-03-10,2013,3,12.41,12.41,12.531549613773823,2013-03-13,LSTM,3,2013
2013-03-11,2013,3,12.41,12.4,12.550828892588616,2013-03-14,LSTM,3,2013
2013-03-12,2013,3,12.42,12.39,12.581875888705254,2013-03-15,LSTM,3,2013
2013-03-13,2013,3,12.41,12.38,12.547097716331482,2013-03-16,LSTM,3,2013
2013-03-14,2013,3,12.4,12.36,12.538947397470475,2013-03-17,LSTM,3,2013
2013-03-15,2013,3,12.39,12.35,12.535655900239945,2013-03-18,LSTM,3,2013
2013-03-16,2013,3,12.38,12.34,12.528434534668923,2013-03-19,LSTM,3,2013
2013-03-17,2013,3,12.36,12.33,12.487870112657546,2013-03-20,LSTM,3,2013
2013-03-18,2013,3,12.35,12.32,12.49753060042858,2013-03-21,LSTM,3,2013
2013-03-19,2013,3,12.34,12.33,12.497951548695564,2013-03-22,LSTM,3,2013
2013-03-20,2013,3,12.33,12.37,12.490216182470322,2013-03-23,LSTM,3,2013
2013-03-21,2013,3,12.32,12.41,12.484504170417786,2013-03-24,LSTM,3,2013
2013-03-22,2013,3,12.33,12.5,12.53156380534172,2013-03-25,LSTM,3,2013
2013-03-23,2013,3,12.37,12.54,12.587559471726417,2013-03-26,LSTM,3,2013
2013-03-24,2013,3,12.41,12.59,12.609318200349808,2013-03-27,LSTM,3,2013
2013-03-25,2013,3,12.5,12.65,12.743502348661423,2013-03-28,LSTM,3,2013
2013-03-26,2013,3,12.54,12.69,12.688820534348487,2013-03-29,LSTM,3,2013
2013-03-27,2013,3,12.59,12.71,12.808156561255455,2013-03-30,LSTM,3,2013
2013-03-28,2013,3,12.65,12.71,12.905046010017395,2013-03-31,LSTM,3,2013
2013-03-29,2013,3,12.69,12.69,12.90881565451622,2013-04-01,LSTM,3,2013
2013-03-30,2013,3,12.71,12.69,12.926785967350007,2013-04-02,LSTM,3,2013
2013-03-31,2013,3,12.71,12.73,12.933909586668015,2013-04-03,LSTM,3,2013
2013-04-01,2013,4,12.69,12.77,12.861932265162467,2013-04-04,LSTM,3,2013
2013-04-02,2013,4,12.69,12.77,12.911711948513984,2013-04-05,LSTM,3,2013
2013-04-03,2013,4,12.73,12.851,13.007373790740967,2013-04-06,LSTM,3,2013
2013-04-04,2013,4,12.77,12.896,13.008657340407371,2013-04-07,LSTM,3,2013
2013-04-05,2013,4,12.77,13.05,12.954189394116401,2013-04-08,LSTM,3,2013
2013-04-06,2013,4,12.851,13.19,13.160620141983033,2013-04-09,LSTM,3,2013
2013-04-07,2013,4,12.896,13.23,13.10677536046505,2013-04-10,LSTM,3,2013
2013-04-08,2013,4,13.05,13.23,13.471584874391556,2013-04-11,LSTM,3,2013
2013-04-09,2013,4,13.19,13.22,13.515453251600265,2013-04-12,LSTM,3,2013
2013-04-10,2013,4,13.23,13.33,13.303393523693085,2013-04-13,LSTM,3,2013
2013-04-11,2013,4,13.23,13.47,13.441573913693428,2013-04-14,LSTM,3,2013
2013-04-12,2013,4,13.22,13.5,13.561296553611756,2013-04-15,LSTM,3,2013
2013-04-13,2013,4,13.33,13.51,13.890309529304504,2013-04-16,LSTM,3,2013
2013-04-14,2013,4,13.47,13.48,13.913897932767869,2013-04-17,LSTM,3,2013
2013-04-15,2013,4,13.5,13.52,13.577866047620773,2013-04-18,LSTM,3,2013
2013-04-16,2013,4,13.51,13.81,13.740608850717544,2013-04-19,LSTM,3,2013
2013-04-17,2013,4,13.48,14.35,13.681709970831871,2013-04-20,LSTM,3,2013
2013-04-18,2013,4,13.52,14.55,13.93613471508026,2013-04-21,LSTM,3,2013
2013-04-19,2013,4,13.81,14.66,14.576025960445405,2013-04-22,LSTM,3,2013
2013-04-20,2013,4,14.35,14.58,15.007955884933471,2013-04-23,LSTM,3,2013
2013-04-21,2013,4,14.55,14.58,14.749064895510674,2013-04-24,LSTM,3,2013
2013-04-22,2013,4,14.66,14.45,14.86548540353775,2013-04-25,LSTM,3,2013
2013-04-23,2013,4,14.58,14.35,14.550578324049711,2013-04-26,LSTM,3,2013
2013-04-24,2013,4,14.58,14.26,14.565468561761081,2013-04-27,LSTM,3,2013
2013-04-25,2013,4,14.45,14.24,14.357418802380561,2013-04-28,LSTM,3,2013
2013-04-26,2013,4,14.35,14.2,14.324623579531908,2013-04-29,LSTM,3,2013
2013-04-27,2013,4,14.26,14.17,14.271074006557464,2013-04-30,LSTM,3,2013
2013-07-08,2013,7,19.2,19.67,19.43076096177101,2013-07-11,LSTM,3,2013
2013-07-09,2013,7,19.34,19.68,19.58867942929268,2013-07-12,LSTM,3,2013
2013-07-10,2013,7,19.47,19.6,19.677563430070876,2013-07-13,LSTM,3,2013
2013-07-11,2013,7,19.67,19.46,19.86460089504719,2013-07-14,LSTM,3,2013
2013-07-12,2013,7,19.68,19.37,19.54934395134449,2013-07-15,LSTM,3,2013
2013-07-13,2013,7,19.6,19.3,19.208934581279756,2013-07-16,LSTM,3,2013
2013-07-14,2013,7,19.46,19.13,19.093555859327317,2013-07-17,LSTM,3,2013
2013-07-15,2013,7,19.37,19.087,19.200741837620736,2013-07-18,LSTM,3,2013
2013-07-16,2013,7,19.3,18.99,19.163623708486558,2013-07-19,LSTM,3,2013
2013-07-17,2013,7,19.13,19.09,18.812017624378203,2013-07-20,LSTM,3,2013
2013-07-18,2013,7,19.087,19.12,18.959329428792,2013-07-21,LSTM,3,2013
2013-07-19,2013,7,18.99,19.11,18.829992478489874,2013-07-22,LSTM,3,2013
2013-07-20,2013,7,19.09,19.02,19.118739761561155,2013-07-23,LSTM,3,2013
2013-07-21,2013,7,19.12,19.04,19.05426299840212,2013-07-24,LSTM,3,2013
2013-07-22,2013,7,19.11,19.05,18.984346688389778,2013-07-25,LSTM,3,2013
2013-07-23,2013,7,19.02,19.11,18.847907383441925,2013-07-26,LSTM,3,2013
2013-07-24,2013,7,19.04,19.15,19.116190888881682,2013-07-27,LSTM,3,2013
2013-07-25,2013,7,19.05,19.14,19.098844747245312,2013-07-28,LSTM,3,2013
2013-07-26,2013,7,19.11,19.07,19.26917232632637,2013-07-29,LSTM,3,2013
2013-07-27,2013,7,19.15,19.0,19.255652965605258,2013-07-30,LSTM,3,2013
2013-07-28,2013,7,19.14,18.94,19.106063920408488,2013-07-31,LSTM,3,2013
2013-07-29,2013,7,19.07,18.86,18.944071791768074,2013-08-01,LSTM,3,2013
2013-07-30,2013,7,19.0,18.78,18.913007102906704,2013-08-02,LSTM,3,2013
2013-07-31,2013,7,18.94,18.76,18.85948011517525,2013-08-03,LSTM,3,2013
2013-08-01,2013,8,18.86,18.69,18.710271075963973,2013-08-04,LSTM,3,2013
2013-08-02,2013,8,18.78,18.52,18.605669258832933,2013-08-05,LSTM,3,2013
2013-08-03,2013,8,18.76,18.4,18.657643625736238,2013-08-06,LSTM,3,2013
2013-08-04,2013,8,18.69,18.45,18.53129786491394,2013-08-07,LSTM,3,2013
2013-08-05,2013,8,18.52,18.51,18.220478374958038,2013-08-08,LSTM,3,2013
2013-08-06,2013,8,18.4,18.49,18.173364096879958,2013-08-09,LSTM,3,2013
2013-08-07,2013,8,18.45,18.43,18.457706948090344,2013-08-10,LSTM,3,2013
2013-08-08,2013,8,18.51,18.51,18.55552434012294,2013-08-11,LSTM,3,2013
2013-08-09,2013,8,18.49,18.6,18.391236847043036,2013-08-12,LSTM,3,2013
2013-08-10,2013,8,18.43,18.64,18.301657758951187,2013-08-13,LSTM,3,2013
2013-08-11,2013,8,18.51,18.63,18.84511981368065,2013-08-14,LSTM,3,2013
2013-08-12,2013,8,18.6,18.56,18.927139616012575,2013-08-15,LSTM,3,2013
2013-08-13,2013,8,18.64,18.45,18.81985562980175,2013-08-16,LSTM,3,2013
2013-08-14,2013,8,18.63,18.36,18.743797470927237,2013-08-17,LSTM,3,2013
2013-08-15,2013,8,18.56,18.29,18.546541998572646,2013-08-18,LSTM,3,2013
2013-08-16,2013,8,18.45,18.22,18.338357676565646,2013-08-19,LSTM,3,2013
2013-08-17,2013,8,18.36,18.12,18.2945041885972,2013-08-20,LSTM,3,2013
2013-08-18,2013,8,18.29,18.0,18.192864828705787,2013-08-21,LSTM,3,2013
2013-08-19,2013,8,18.22,17.97,18.07654108226299,2013-08-22,LSTM,3,2013
2013-08-20,2013,8,18.12,17.92,17.923090155124665,2013-08-23,LSTM,3,2013
2013-08-21,2013,8,18.0,17.83,17.768453642725945,2013-08-24,LSTM,3,2013
2013-08-22,2013,8,17.97,17.67,17.879383803606032,2013-08-25,LSTM,3,2013
2013-08-23,2013,8,17.92,17.54,17.82977842360735,2013-08-26,LSTM,3,2013
2013-08-24,2013,8,17.83,17.47,17.673542993068693,2013-08-27,LSTM,3,2013
2013-08-25,2013,8,17.67,17.53,17.390164686441423,2013-08-28,LSTM,3,2013
2013-08-26,2013,8,17.54,17.6,17.29693382322788,2013-08-29,LSTM,3,2013
2013-08-27,2013,8,17.47,17.6,17.34822187691927,2013-08-30,LSTM,3,2013
2013-08-28,2013,8,17.53,17.62,17.692196636199952,2013-08-31,LSTM,3,2013
2013-08-29,2013,8,17.6,17.62,17.869874185323717,2013-09-01,LSTM,3,2013
2013-08-30,2013,8,17.6,17.64,17.69558879584074,2013-09-02,LSTM,3,2013
2013-08-31,2013,8,17.62,17.79,17.839745352864266,2013-09-03,LSTM,3,2013
2013-09-01,2013,9,17.62,17.9,17.95969980478287,2013-09-04,LSTM,3,2013
2013-09-02,2013,9,17.64,18.17,18.106008067131043,2013-09-05,LSTM,3,2013
2013-09-03,2013,9,17.79,18.49,18.46772763967514,2013-09-06,LSTM,3,2013
2013-09-04,2013,9,17.9,18.8,18.43040486574173,2013-09-07,LSTM,3,2013
2013-09-05,2013,9,18.17,19.3,18.729350430965425,2013-09-08,LSTM,3,2013
2013-09-06,2013,9,18.49,19.66,18.998267760276793,2013-09-09,LSTM,3,2013
2013-09-07,2013,9,18.8,19.9,19.215164560079575,2013-09-10,LSTM,3,2013
2013-09-08,2013,9,19.3,19.91,19.797776180505753,2013-09-11,LSTM,3,2013
2013-09-09,2013,9,19.66,19.79,19.838383097052574,2013-09-12,LSTM,3,2013
2013-09-10,2013,9,19.9,19.5,19.991658942401408,2013-09-13,LSTM,3,2013
2013-09-11,2013,9,19.91,19.19,19.550134662389755,2013-09-14,LSTM,3,2013
2013-09-12,2013,9,19.79,18.9,19.370501914024352,2013-09-15,LSTM,3,2013
2013-09-13,2013,9,19.5,18.62,18.920995235443115,2013-09-16,LSTM,3,2013
2013-09-14,2013,9,19.19,18.41,18.576898398399354,2013-09-17,LSTM,3,2013
2013-09-15,2013,9,18.9,18.12,18.41349654793739,2013-09-18,LSTM,3,2013
2013-09-16,2013,9,18.62,17.94,18.202218259572984,2013-09-19,LSTM,3,2013
2013-09-17,2013,9,18.41,17.76,18.07930764913559,2013-09-20,LSTM,3,2013
2013-09-18,2013,9,18.12,17.4,17.731114352941514,2013-09-21,LSTM,3,2013
2013-09-19,2013,9,17.94,17.3,17.641326310634614,2013-09-22,LSTM,3,2013
2013-09-20,2013,9,17.76,17.13,17.483805874586107,2013-09-23,LSTM,3,2013
2013-09-21,2013,9,17.4,17.01,17.015371137857436,2013-09-24,LSTM,3,2013
2013-09-22,2013,9,17.3,16.91,17.084494400024415,2013-09-25,LSTM,3,2013
2013-09-23,2013,9,17.13,16.82,16.93200435221195,2013-09-26,LSTM,3,2013
2013-09-24,2013,9,17.01,16.8,16.841693798303606,2013-09-27,LSTM,3,2013
2013-09-25,2013,9,16.91,16.81,16.81441571176052,2013-09-28,LSTM,3,2013
2013-09-26,2013,9,16.82,16.85,16.750046036839485,2013-09-29,LSTM,3,2013
2013-09-27,2013,9,16.8,16.87,16.82828502841294,2013-09-30,LSTM,3,2013
2013-09-28,2013,9,16.81,16.87,16.890604188144206,2013-10-01,LSTM,3,2013
2013-09-29,2013,9,16.85,16.84,16.87793930657208,2013-10-02,LSTM,3,2013
2013-09-30,2013,9,16.87,16.77,16.81002791121602,2013-10-03,LSTM,3,2013
2013-10-01,2013,10,16.87,16.68,16.68020313501358,2013-10-04,LSTM,3,2013
2013-10-02,2013,10,16.84,16.57,16.60656025648117,2013-10-05,LSTM,3,2013
2013-10-03,2013,10,16.77,16.51,16.557403672933578,2013-10-06,LSTM,3,2013
2013-10-04,2013,10,16.68,16.58,16.497815139889717,2013-10-07,LSTM,3,2013
2013-10-05,2013,10,16.57,16.63,16.347546346187592,2013-10-08,LSTM,3,2013
2013-10-06,2013,10,16.51,16.6,16.432395557165147,2013-10-09,LSTM,3,2013
2013-10-07,2013,10,16.58,16.55,16.758797677159308,2013-10-10,LSTM,3,2013
2013-10-08,2013,10,16.63,16.54,16.637492414675652,2013-10-11,LSTM,3,2013
2013-10-09,2013,10,16.6,16.59,16.312976157665254,2013-10-12,LSTM,3,2013
2013-10-10,2013,10,16.55,16.55,16.213715422153474,2013-10-13,LSTM,3,2013
2013-10-11,2013,10,16.54,16.48,16.245908447504043,2013-10-14,LSTM,3,2013
2013-10-12,2013,10,16.59,16.37,16.283806260824203,2013-10-15,LSTM,3,2013
2013-10-13,2013,10,16.55,16.37,16.0837273478508,2013-10-16,LSTM,3,2013
2013-10-14,2013,10,16.48,16.48,16.076473157405854,2013-10-17,LSTM,3,2013
2013-10-15,2013,10,16.37,16.37,16.02479561686516,2013-10-18,LSTM,3,2013
2013-10-16,2013,10,16.37,16.23,16.190103719830514,2013-10-19,LSTM,3,2013
2013-10-17,2013,10,16.48,16.0,16.33821743309498,2013-10-20,LSTM,3,2013
2013-10-18,2013,10,16.37,15.84,15.957952613830567,2013-10-21,LSTM,3,2013
2013-10-19,2013,10,16.23,15.74,15.850305091142655,2013-10-22,LSTM,3,2013
2013-10-20,2013,10,16.0,15.71,15.654944479465485,2013-10-23,LSTM,3,2013
2013-10-21,2013,10,15.84,15.68,15.517988559007645,2013-10-24,LSTM,3,2013
2013-10-22,2013,10,15.74,15.66,15.482754250764847,2013-10-25,LSTM,3,2013
2013-10-23,2013,10,15.71,15.71,15.615411757528783,2013-10-26,LSTM,3,2013
2013-10-24,2013,10,15.68,15.74,15.620146323293447,2013-10-27,LSTM,3,2013
2013-10-25,2013,10,15.66,15.82,15.556622970700264,2013-10-28,LSTM,3,2013
2013-10-26,2013,10,15.71,15.82,15.517045534253121,2013-10-29,LSTM,3,2013
2013-10-27,2013,10,15.74,15.74,15.725183662734926,2013-10-30,LSTM,3,2013
2013-10-28,2013,10,15.82,15.63,15.944045863747597,2013-10-31,LSTM,3,2013
2013-10-29,2013,10,15.82,15.52,15.669768400192261,2013-11-01,LSTM,3,2013
2013-10-30,2013,10,15.74,15.42,15.465897908210755,2013-11-02,LSTM,3,2013
2013-10-31,2013,10,15.63,15.4,15.361877624988557,2013-11-03,LSTM,3,2013
2013-11-01,2013,11,15.52,15.49,15.287900586128234,2013-11-04,LSTM,3,2013
2013-11-02,2013,11,15.42,15.57,15.210806502103805,2013-11-05,LSTM,3,2013
2013-11-03,2013,11,15.4,15.59,15.243716710805893,2013-11-06,LSTM,3,2013
2013-11-04,2013,11,15.49,15.54,15.502691725976765,2013-11-07,LSTM,3,2013
2013-11-05,2013,11,15.57,15.43,15.746012083888054,2013-11-08,LSTM,3,2013
2013-11-06,2013,11,15.59,15.34,15.62389560058713,2013-11-09,LSTM,3,2013
2013-11-07,2013,11,15.54,15.21,15.388804026842116,2013-11-10,LSTM,3,2013
2013-11-08,2013,11,15.43,15.09,15.191834442615509,2013-11-11,LSTM,3,2013
2013-11-09,2013,11,15.34,15.0,15.130580376982689,2013-11-12,LSTM,3,2013
2013-11-10,2013,11,15.21,14.91,15.00882986843586,2013-11-13,LSTM,3,2013
2013-11-11,2013,11,15.09,14.84,14.91307143509388,2013-11-14,LSTM,3,2013
2013-11-12,2013,11,15.0,14.72,14.839908495545387,2013-11-15,LSTM,3,2013
2013-11-13,2013,11,14.91,14.66,14.7457764929533,2013-11-16,LSTM,3,2013
2013-11-14,2013,11,14.84,14.58,14.681895923018455,2013-11-17,LSTM,3,2013
2013-11-15,2013,11,14.72,14.53,14.540579394698144,2013-11-18,LSTM,3,2013
2013-11-16,2013,11,14.66,14.44,14.503776911497116,2013-11-19,LSTM,3,2013
2013-11-17,2013,11,14.58,14.44,14.422326194047928,2013-11-20,LSTM,3,2013
2013-11-18,2013,11,14.53,14.38,14.383874802589416,2013-11-21,LSTM,3,2013
2013-11-19,2013,11,14.44,14.33,14.270332234501838,2013-11-22,LSTM,3,2013
2013-11-20,2013,11,14.44,14.27,14.34994669497013,2013-11-23,LSTM,3,2013
2013-11-21,2013,11,14.38,14.22,14.252765630483628,2013-11-24,LSTM,3,2013
2013-11-22,2013,11,14.33,14.17,14.196537094116211,2013-11-25,LSTM,3,2013
2013-11-23,2013,11,14.27,14.12,14.142429251670837,2013-11-26,LSTM,3,2013
2013-11-24,2013,11,14.22,14.08,14.102156006991864,2013-11-27,LSTM,3,2013
2013-11-25,2013,11,14.17,14.03,14.058804480433464,2013-11-28,LSTM,3,2013
2013-11-26,2013,11,14.12,13.99,14.008673558831214,2013-11-29,LSTM,3,2013
2013-11-27,2013,11,14.08,13.96,13.980207996368408,2013-11-30,LSTM,3,2013
2013-11-28,2013,11,14.03,13.92,13.925929634571075,2013-12-01,LSTM,3,2013
2013-11-29,2013,11,13.99,13.87,13.896360015273094,2013-12-02,LSTM,3,2013
2013-11-30,2013,11,13.96,13.82,13.884687772989274,2013-12-03,LSTM,3,2013
2013-12-01,2013,12,13.92,13.78,13.838254531919956,2013-12-04,LSTM,3,2013
2013-12-02,2013,12,13.87,13.76,13.778213779330253,2013-12-05,LSTM,3,2013
2013-12-03,2013,12,13.82,13.74,13.730316944122315,2013-12-06,LSTM,3,2013
2013-12-04,2013,12,13.78,13.7,13.702527842223644,2013-12-07,LSTM,3,2013
2013-12-05,2013,12,13.76,13.67,13.706132272481918,2013-12-08,LSTM,3,2013
2013-12-06,2013,12,13.74,13.64,13.69095568522811,2013-12-09,LSTM,3,2013
2013-12-07,2013,12,13.7,13.6,13.629688975214957,2013-12-10,LSTM,3,2013
2013-12-08,2013,12,13.67,13.56,13.609567286521196,2013-12-11,LSTM,3,2013
2013-12-09,2013,12,13.64,13.54,13.585821933448315,2013-12-12,LSTM,3,2013
2013-12-10,2013,12,13.6,13.51,13.535928903520107,2013-12-13,LSTM,3,2013
2013-12-11,2013,12,13.56,13.48,13.494779018163682,2013-12-14,LSTM,3,2013
2013-12-12,2013,12,13.54,13.45,13.494539097845553,2013-12-15,LSTM,3,2013
2013-12-13,2013,12,13.51,13.42,13.458733255267143,2013-12-16,LSTM,3,2013
2013-12-14,2013,12,13.48,13.4,13.425816054940224,2013-12-17,LSTM,3,2013
2013-12-15,2013,12,13.45,13.38,13.398082417249679,2013-12-18,LSTM,3,2013
2013-12-16,2013,12,13.42,13.36,13.369189852923155,2013-12-19,LSTM,3,2013
2013-12-17,2013,12,13.4,13.34,13.358722244948149,2013-12-20,LSTM,3,2013
2013-12-18,2013,12,13.38,13.32,13.339822334349156,2013-12-21,LSTM,3,2013
2013-12-19,2013,12,13.36,13.29,13.319306940436363,2013-12-22,LSTM,3,2013
2013-12-20,2013,12,13.34,13.26,13.299894325584173,2013-12-23,LSTM,3,2013
2013-12-21,2013,12,13.32,13.24,13.280385840386153,2013-12-24,LSTM,3,2013
2013-12-22,2013,12,13.29,13.21,13.241758489012717,2013-12-25,LSTM,3,2013
2013-12-23,2013,12,13.26,13.19,13.211028671115637,2013-12-26,LSTM,3,2013
2013-12-24,2013,12,13.24,13.17,13.201012121289969,2013-12-27,LSTM,3,2013
2013-12-25,2013,12,13.21,13.14,13.163036900609733,2013-12-28,LSTM,3,2013
2013-12-26,2013,12,13.19,13.12,13.150002020001411,2013-12-29,LSTM,3,2013
2013-12-27,2013,12,13.17,13.09,13.13254763379693,2013-12-30,LSTM,3,2013
2013-12-28,2013,12,13.14,13.06,13.09321636646986,2013-12-31,LSTM,3,2013
2013-12-29,2013,12,13.12,13.04,13.08168702468276,2014-01-01,LSTM,3,2013
2013-12-30,2013,12,13.09,13.02,13.04515450462699,2014-01-02,LSTM,3,2013
2013-12-31,2013,12,13.06,12.99,13.013863579779864,2014-01-03,LSTM,3,2013
2014-01-01,2014,1,13.04,12.97,12.961471372246741,2014-01-04,LSTM,3,2014
2014-01-02,2014,1,13.02,12.95,12.9425065857172,2014-01-05,LSTM,3,2014
2014-01-03,2014,1,12.99,12.93,12.901562241613865,2014-01-06,LSTM,3,2014
2014-01-04,2014,1,12.97,12.93,12.892002367675305,2014-01-07,LSTM,3,2014
2014-01-05,2014,1,12.95,12.92,12.875177052617072,2014-01-08,LSTM,3,2014
2014-01-06,2014,1,12.93,12.9,12.854208506941795,2014-01-09,LSTM,3,2014
2014-01-07,2014,1,12.93,12.88,12.876515295654535,2014-01-10,LSTM,3,2014
2014-01-08,2014,1,12.92,12.86,12.858019309192896,2014-01-11,LSTM,3,2014
2014-01-09,2014,1,12.9,12.83,12.824677938222885,2014-01-12,LSTM,3,2014
2014-01-10,2014,1,12.88,12.82,12.807205689251424,2014-01-13,LSTM,3,2014
2014-01-11,2014,1,12.86,12.8,12.789567098617553,2014-01-14,LSTM,3,2014
2014-01-12,2014,1,12.83,12.79,12.74893120110035,2014-01-15,LSTM,3,2014
2014-01-13,2014,1,12.82,12.77,12.759264748245478,2014-01-16,LSTM,3,2014
2014-01-14,2014,1,12.8,12.75,12.732074546813966,2014-01-17,LSTM,3,2014
2014-01-15,2014,1,12.79,12.73,12.730156210213899,2014-01-18,LSTM,3,2014
2014-01-16,2014,1,12.77,12.72,12.702747557759285,2014-01-19,LSTM,3,2014
2014-01-17,2014,1,12.75,12.7,12.681839890778065,2014-01-20,LSTM,3,2014
2014-01-18,2014,1,12.73,12.68,12.664633813798428,2014-01-21,LSTM,3,2014
2014-01-19,2014,1,12.72,12.66,12.666077149361373,2014-01-22,LSTM,3,2014
2014-01-20,2014,1,12.7,12.65,12.636362966895103,2014-01-23,LSTM,3,2014
2014-01-21,2014,1,12.68,12.64,12.614876412153244,2014-01-24,LSTM,3,2014
2014-01-22,2014,1,12.66,12.63,12.597803875654936,2014-01-25,LSTM,3,2014
2014-01-23,2014,1,12.65,12.62,12.599918504804373,2014-01-26,LSTM,3,2014
2014-01-24,2014,1,12.64,12.61,12.592020682394505,2014-01-27,LSTM,3,2014
2014-01-25,2014,1,12.63,12.59,12.581305683702231,2014-01-28,LSTM,3,2014
2014-01-26,2014,1,12.62,12.57,12.57320313423872,2014-01-29,LSTM,3,2014
2014-01-27,2014,1,12.61,12.55,12.565014247447252,2014-01-30,LSTM,3,2014
2014-01-28,2014,1,12.59,12.53,12.534143038243055,2014-01-31,LSTM,3,2014
2014-06-08,2014,6,16.32,16.92,16.99961084842682,2014-06-11,LSTM,3,2014
2014-06-09,2014,6,16.66,16.92,17.6054528093338,2014-06-12,LSTM,3,2014
2014-06-10,2014,6,16.88,16.92,17.37759703874588,2014-06-13,LSTM,3,2014
2014-06-11,2014,6,16.92,16.97,17.209629727602007,2014-06-14,LSTM,3,2014
2014-06-12,2014,6,16.92,17.07,17.26340786933899,2014-06-15,LSTM,3,2014
2014-06-13,2014,6,16.92,17.21,17.275295389890672,2014-06-16,LSTM,3,2014
2014-06-14,2014,6,16.97,17.25,17.41788908958435,2014-06-17,LSTM,3,2014
2014-06-15,2014,6,17.07,17.19,17.542185254096985,2014-06-18,LSTM,3,2014
2014-06-16,2014,6,17.21,17.11,17.564302793741227,2014-06-19,LSTM,3,2014
2014-06-17,2014,6,17.25,16.99,17.514209508895874,2014-06-20,LSTM,3,2014
2014-06-18,2014,6,17.19,16.92,17.171152519583703,2014-06-21,LSTM,3,2014
2014-06-19,2014,6,17.11,16.9,17.136547893881797,2014-06-22,LSTM,3,2014
2014-06-20,2014,6,16.99,17.2,16.976790784634648,2014-06-23,LSTM,3,2014
2014-06-21,2014,6,16.92,17.49,16.93403777766973,2014-06-24,LSTM,3,2014
2014-06-22,2014,6,16.9,17.82,16.97714860141277,2014-06-25,LSTM,3,2014
2014-06-23,2014,6,17.2,18.14,17.775419485569,2014-06-26,LSTM,3,2014
2014-06-24,2014,6,17.49,18.44,18.259515752792357,2014-06-27,LSTM,3,2014
2014-06-25,2014,6,17.82,18.56,18.684677786827088,2014-06-28,LSTM,3,2014
2014-06-26,2014,6,18.14,18.57,18.801862790584565,2014-06-29,LSTM,3,2014
2014-06-27,2014,6,18.44,18.57,18.837351801395418,2014-06-30,LSTM,3,2014
2014-06-28,2014,6,18.56,18.58,18.553784223683177,2014-07-01,LSTM,3,2014
2014-06-29,2014,6,18.57,18.5,18.112892456054688,2014-07-02,LSTM,3,2014
2014-06-30,2014,6,18.57,18.34,18.3617310744524,2014-07-03,LSTM,3,2014
2014-07-01,2014,7,18.58,18.362,18.427886353731154,2014-07-04,LSTM,3,2014
2014-07-02,2014,7,18.5,18.47,18.233732432127,2014-07-05,LSTM,3,2014
2014-07-03,2014,7,18.34,18.59,18.14549581348896,2014-07-06,LSTM,3,2014
2014-07-04,2014,7,18.362,18.63,18.47921659451723,2014-07-07,LSTM,3,2014
2014-07-05,2014,7,18.47,18.66,18.706831858754157,2014-07-08,LSTM,3,2014
2014-07-06,2014,7,18.59,18.5,18.884209092855453,2014-07-09,LSTM,3,2014
2014-07-07,2014,7,18.63,18.49,18.74312148720026,2014-07-10,LSTM,3,2014
2014-07-08,2014,7,18.66,18.53,18.658139746370725,2014-07-11,LSTM,3,2014
2014-07-09,2014,7,18.5,18.48,18.217170476913452,2014-07-12,LSTM,3,2014
2014-07-10,2014,7,18.49,18.4,18.539762826412915,2014-07-13,LSTM,3,2014
2014-07-11,2014,7,18.53,18.46,18.633881284594537,2014-07-14,LSTM,3,2014
2014-07-12,2014,7,18.48,18.46,18.27221573472023,2014-07-15,LSTM,3,2014
2014-07-13,2014,7,18.4,18.4,18.227853247523306,2014-07-16,LSTM,3,2014
2014-07-14,2014,7,18.46,18.34,18.550842947363854,2014-07-17,LSTM,3,2014
2014-07-15,2014,7,18.46,18.35,18.40101793691516,2014-07-18,LSTM,3,2014
2014-07-16,2014,7,18.4,18.42,18.188018003106116,2014-07-19,LSTM,3,2014
2014-07-17,2014,7,18.34,18.53,18.181965183615684,2014-07-20,LSTM,3,2014
2014-07-18,2014,7,18.35,18.67,18.364602168463172,2014-07-21,LSTM,3,2014
2014-07-19,2014,7,18.42,18.88,18.560016466379167,2014-07-22,LSTM,3,2014
2014-07-20,2014,7,18.53,18.98,18.744218810200692,2014-07-23,LSTM,3,2014
2014-07-21,2014,7,18.67,18.97,19.032850546836855,2014-07-24,LSTM,3,2014
2014-07-22,2014,7,18.88,18.97,19.435027723312377,2014-07-25,LSTM,3,2014
2014-07-23,2014,7,18.98,18.91,19.30002466917038,2014-07-26,LSTM,3,2014
2014-07-24,2014,7,18.97,18.87,18.9670333694946,2014-07-27,LSTM,3,2014
2014-07-25,2014,7,18.97,18.75,18.836909235715865,2014-07-28,LSTM,3,2014
2014-07-26,2014,7,18.91,18.65,18.671186733841896,2014-07-29,LSTM,3,2014
2014-07-27,2014,7,18.87,18.58,18.70280135691166,2014-07-30,LSTM,3,2014
2014-07-28,2014,7,18.75,18.48,18.496241629123688,2014-07-31,LSTM,3,2014
2014-07-29,2014,7,18.65,18.41,18.487093964219092,2014-08-01,LSTM,3,2014
2014-07-30,2014,7,18.58,18.36,18.449773924350737,2014-08-02,LSTM,3,2014
2014-07-31,2014,7,18.48,18.3,18.318483452796936,2014-08-03,LSTM,3,2014
2014-08-01,2014,8,18.41,18.24,18.275705236792565,2014-08-04,LSTM,3,2014
2014-08-02,2014,8,18.36,18.22,18.23157192826271,2014-08-05,LSTM,3,2014
2014-08-03,2014,8,18.3,18.23,18.15787795484066,2014-08-06,LSTM,3,2014
2014-08-04,2014,8,18.24,18.23,18.098721196651457,2014-08-07,LSTM,3,2014
2014-08-05,2014,8,18.22,18.24,18.130842955112456,2014-08-08,LSTM,3,2014
2014-08-06,2014,8,18.23,18.17,18.20835503332317,2014-08-09,LSTM,3,2014
2014-08-07,2014,8,18.23,18.17,18.21606047127396,2014-08-10,LSTM,3,2014
2014-08-08,2014,8,18.24,18.24,18.276340724676846,2014-08-11,LSTM,3,2014
2014-08-09,2014,8,18.17,18.26,18.010549916028978,2014-08-12,LSTM,3,2014
2014-08-10,2014,8,18.17,18.28,18.23079211458564,2014-08-13,LSTM,3,2014
2014-08-11,2014,8,18.24,18.39,18.498805602788924,2014-08-14,LSTM,3,2014
2014-08-12,2014,8,18.26,18.58,18.322563851475717,2014-08-15,LSTM,3,2014
2014-08-13,2014,8,18.28,18.86,18.36358584344387,2014-08-16,LSTM,3,2014
2014-08-14,2014,8,18.39,19.42,18.668567850589753,2014-08-17,LSTM,3,2014
2014-08-15,2014,8,18.58,19.7,19.12760056734085,2014-08-18,LSTM,3,2014
2014-08-16,2014,8,18.86,19.82,19.595638618469238,2014-08-19,LSTM,3,2014
2014-08-17,2014,8,19.42,19.86,20.322719974517824,2014-08-20,LSTM,3,2014
2014-08-18,2014,8,19.7,19.86,20.2040385723114,2014-08-21,LSTM,3,2014
2014-08-19,2014,8,19.82,19.86,19.91184654802084,2014-08-22,LSTM,3,2014
2014-08-20,2014,8,19.86,19.81,19.738521151840686,2014-08-23,LSTM,3,2014
2014-08-21,2014,8,19.86,19.75,19.55950893521309,2014-08-24,LSTM,3,2014
2014-08-22,2014,8,19.86,19.79,19.484061793088912,2014-08-25,LSTM,3,2014
2014-08-23,2014,8,19.81,19.77,19.353874770402907,2014-08-26,LSTM,3,2014
2014-08-24,2014,8,19.75,19.92,19.412585645914078,2014-08-27,LSTM,3,2014
2014-08-25,2014,8,19.79,20.15,19.652394213676452,2014-08-28,LSTM,3,2014
2014-08-26,2014,8,19.77,20.21,19.55511320054531,2014-08-29,LSTM,3,2014
2014-08-27,2014,8,19.92,20.17,19.980235090553762,2014-08-30,LSTM,3,2014
2014-08-28,2014,8,20.15,20.02,20.409418994188307,2014-08-31,LSTM,3,2014
2014-08-29,2014,8,20.21,19.8,20.222635578401388,2014-09-01,LSTM,3,2014
2014-08-30,2014,8,20.17,19.58,19.87266005396843,2014-09-02,LSTM,3,2014
2014-08-31,2014,8,20.02,19.38,19.513030309677124,2014-09-03,LSTM,3,2014
2014-09-01,2014,9,19.8,19.16,19.16797308921814,2014-09-04,LSTM,3,2014
2014-09-02,2014,9,19.58,18.93,18.962601380348204,2014-09-05,LSTM,3,2014
2014-09-03,2014,9,19.38,18.74,18.90096053957939,2014-09-06,LSTM,3,2014
2014-09-04,2014,9,19.16,18.56,18.754077348709107,2014-09-07,LSTM,3,2014
2014-09-05,2014,9,18.93,18.42,18.515610687732696,2014-09-08,LSTM,3,2014
2014-09-06,2014,9,18.74,18.27,18.36411469221115,2014-09-09,LSTM,3,2014
2014-09-07,2014,9,18.56,18.15,18.214190897941588,2014-09-10,LSTM,3,2014
2014-09-08,2014,9,18.42,18.23,18.15936912417412,2014-09-11,LSTM,3,2014
2014-09-09,2014,9,18.27,18.24,18.016083199977874,2014-09-12,LSTM,3,2014
2014-09-10,2014,9,18.15,18.11,17.94426808655262,2014-09-13,LSTM,3,2014
2014-09-11,2014,9,18.23,18.1,18.28559442564845,2014-09-14,LSTM,3,2014
2014-09-12,2014,9,18.24,18.18,18.25244375389069,2014-09-15,LSTM,3,2014
2014-09-13,2014,9,18.11,18.25,17.959426120519637,2014-09-16,LSTM,3,2014
2014-09-14,2014,9,18.1,18.27,18.127787690982224,2014-09-17,LSTM,3,2014
2014-09-15,2014,9,18.18,18.22,18.429582275748253,2014-09-18,LSTM,3,2014
2014-09-16,2014,9,18.25,18.11,18.46809446811676,2014-09-19,LSTM,3,2014
2014-09-17,2014,9,18.27,18.01,18.354021657705307,2014-09-20,LSTM,3,2014
2014-09-18,2014,9,18.22,18.01,18.119039708077906,2014-09-21,LSTM,3,2014
2014-09-19,2014,9,18.11,18.75,17.919543535113334,2014-09-22,LSTM,3,2014
2014-09-20,2014,9,18.01,19.24,17.839830288887025,2014-09-23,LSTM,3,2014
2014-09-21,2014,9,18.01,19.3,18.074273923635484,2014-09-24,LSTM,3,2014
2014-09-22,2014,9,18.75,19.28,19.345885813236237,2014-09-25,LSTM,3,2014
2014-09-23,2014,9,19.24,19.17,19.32314338326454,2014-09-26,LSTM,3,2014
2014-09-24,2014,9,19.3,19.12,19.09208429157734,2014-09-27,LSTM,3,2014
2014-09-25,2014,9,19.28,19.11,19.417687027454377,2014-09-28,LSTM,3,2014
2014-09-26,2014,9,19.17,19.12,18.800029290914537,2014-09-29,LSTM,3,2014
2014-09-27,2014,9,19.12,19.07,18.74792178988457,2014-09-30,LSTM,3,2014
2014-09-28,2014,9,19.11,18.95,18.620945320129394,2014-10-01,LSTM,3,2014
2014-09-29,2014,9,19.12,18.85,18.802706981897355,2014-10-02,LSTM,3,2014
2014-09-30,2014,9,19.07,18.72,18.79490832209587,2014-10-03,LSTM,3,2014
2014-10-01,2014,10,18.95,18.58,18.628128004074096,2014-10-04,LSTM,3,2014
2014-10-02,2014,10,18.85,18.26,18.532773590087892,2014-10-05,LSTM,3,2014
2014-10-03,2014,10,18.72,18.0,18.36066344499588,2014-10-06,LSTM,3,2014
2014-10-04,2014,10,18.58,17.73,18.214020775556563,2014-10-07,LSTM,3,2014
2014-10-05,2014,10,18.26,17.54,17.74629903793335,2014-10-08,LSTM,3,2014
2014-10-06,2014,10,18.0,17.21,17.569221824407578,2014-10-09,LSTM,3,2014
2014-10-07,2014,10,17.73,17.04,17.308644275665284,2014-10-10,LSTM,3,2014
2014-10-08,2014,10,17.54,16.9,17.18062863588333,2014-10-11,LSTM,3,2014
2014-10-09,2014,10,17.21,16.79,16.74351363539696,2014-10-12,LSTM,3,2014
2014-10-10,2014,10,17.04,16.5,16.69386152267456,2014-10-13,LSTM,3,2014
2014-10-11,2014,10,16.9,16.39,16.653557443618773,2014-10-14,LSTM,3,2014
2014-10-12,2014,10,16.79,16.31,16.656031035780906,2014-10-15,LSTM,3,2014
2014-10-13,2014,10,16.5,16.19,16.083549737930298,2014-10-16,LSTM,3,2014
2014-10-14,2014,10,16.39,16.09,16.179690524339676,2014-10-17,LSTM,3,2014
2014-10-15,2014,10,16.31,16.01,16.274282676577567,2014-10-18,LSTM,3,2014
2014-10-16,2014,10,16.19,15.92,16.089093292653562,2014-10-19,LSTM,3,2014
2014-10-17,2014,10,16.09,15.81,15.988545019328594,2014-10-20,LSTM,3,2014
2014-10-18,2014,10,16.01,15.75,15.942208880782129,2014-10-21,LSTM,3,2014
2014-10-19,2014,10,15.92,15.72,15.787189183831215,2014-10-22,LSTM,3,2014
2014-10-20,2014,10,15.81,15.71,15.605788109302521,2014-10-23,LSTM,3,2014
2014-10-21,2014,10,15.75,15.62,15.599125623703003,2014-10-24,LSTM,3,2014
2014-10-22,2014,10,15.72,15.51,15.595159688293935,2014-10-25,LSTM,3,2014
2014-10-23,2014,10,15.71,15.44,15.563751540184022,2014-10-26,LSTM,3,2014
2014-10-24,2014,10,15.62,15.32,15.393634061217307,2014-10-27,LSTM,3,2014
2014-10-25,2014,10,15.51,15.21,15.307692194581032,2014-10-28,LSTM,3,2014
2014-10-26,2014,10,15.44,15.14,15.32487273454666,2014-10-29,LSTM,3,2014
2014-10-27,2014,10,15.32,15.08,15.122674561738968,2014-10-30,LSTM,3,2014
2014-10-28,2014,10,15.21,14.99,15.010610899925233,2014-10-31,LSTM,3,2014
2014-10-29,2014,10,15.14,14.92,14.943015664219857,2014-11-01,LSTM,3,2014
2014-10-30,2014,10,15.08,14.86,14.888564975857735,2014-11-02,LSTM,3,2014
2014-10-31,2014,10,14.99,14.82,14.779282336831093,2014-11-03,LSTM,3,2014
2014-11-01,2014,11,14.92,14.77,14.708035973906517,2014-11-04,LSTM,3,2014
2014-11-02,2014,11,14.86,14.7,14.664511472582817,2014-11-05,LSTM,3,2014
2014-11-03,2014,11,14.82,14.65,14.649351648688317,2014-11-06,LSTM,3,2014
2014-11-04,2014,11,14.77,14.55,14.605228219628334,2014-11-07,LSTM,3,2014
2014-11-05,2014,11,14.7,14.49,14.520887088775634,2014-11-08,LSTM,3,2014
2014-11-06,2014,11,14.65,14.43,14.494335779547692,2014-11-09,LSTM,3,2014
2014-11-07,2014,11,14.55,14.41,14.365266713500024,2014-11-10,LSTM,3,2014
2014-11-08,2014,11,14.49,14.35,14.33333898127079,2014-11-11,LSTM,3,2014
2014-11-09,2014,11,14.43,14.32,14.290318332910537,2014-11-12,LSTM,3,2014
2014-11-10,2014,11,14.41,14.28,14.308126848042011,2014-11-13,LSTM,3,2014
2014-11-11,2014,11,14.35,14.18,14.221495380997657,2014-11-14,LSTM,3,2014
2014-11-12,2014,11,14.32,14.09,14.215397886633873,2014-11-15,LSTM,3,2014
2014-11-13,2014,11,14.28,14.01,14.180578498840331,2014-11-16,LSTM,3,2014
2014-11-14,2014,11,14.18,14.0,14.019952811598777,2014-11-17,LSTM,3,2014
2014-11-15,2014,11,14.09,13.97,13.939890261888504,2014-11-18,LSTM,3,2014
2014-11-16,2014,11,14.01,13.94,13.875577936172485,2014-11-19,LSTM,3,2014
2014-11-17,2014,11,14.0,13.94,13.933230198919773,2014-11-20,LSTM,3,2014
2014-11-18,2014,11,13.97,13.93,13.892635078430176,2014-11-21,LSTM,3,2014
2014-11-19,2014,11,13.94,13.93,13.851019533872604,2014-11-22,LSTM,3,2014
2014-11-20,2014,11,13.94,13.91,13.888379904031753,2014-11-23,LSTM,3,2014
2014-11-21,2014,11,13.93,13.86,13.873269941955805,2014-11-24,LSTM,3,2014
2014-11-22,2014,11,13.93,13.83,13.879665639549494,2014-11-25,LSTM,3,2014
2014-11-23,2014,11,13.91,13.79,13.83531292885542,2014-11-26,LSTM,3,2014
2014-11-24,2014,11,13.86,13.75,13.745273806750774,2014-11-27,LSTM,3,2014
2014-11-25,2014,11,13.83,13.73,13.74047327965498,2014-11-28,LSTM,3,2014
2014-11-26,2014,11,13.79,13.7,13.693911426663398,2014-11-29,LSTM,3,2014
2014-11-27,2014,11,13.75,13.67,13.647580936551094,2014-11-30,LSTM,3,2014
2015-01-08,2015,1,12.65,12.594,12.602194221317768,2015-01-11,LSTM,3,2015
2015-01-09,2015,1,12.64,12.58,12.594851914197207,2015-01-12,LSTM,3,2015
2015-01-10,2015,1,12.618,12.57,12.564822591125965,2015-01-13,LSTM,3,2015
2015-01-11,2015,1,12.594,12.56,12.539115685462951,2015-01-14,LSTM,3,2015
2015-01-12,2015,1,12.58,12.56,12.535501586198807,2015-01-15,LSTM,3,2015
2015-01-13,2015,1,12.57,12.544,12.52992024987936,2015-01-16,LSTM,3,2015
2015-01-14,2015,1,12.56,12.526,12.518979826420546,2015-01-17,LSTM,3,2015
2015-01-15,2015,1,12.56,12.51,12.526338694095612,2015-01-18,LSTM,3,2015
2015-01-16,2015,1,12.544,12.49,12.498760275781155,2015-01-19,LSTM,3,2015
2015-01-17,2015,1,12.526,12.448,12.478327739447355,2015-01-20,LSTM,3,2015
2015-01-18,2015,1,12.51,12.414,12.468730533719063,2015-01-21,LSTM,3,2015
2015-01-19,2015,1,12.49,12.386,12.446615660339594,2015-01-22,LSTM,3,2015
2015-01-20,2015,1,12.448,12.364,12.383329623520375,2015-01-23,LSTM,3,2015
2015-01-21,2015,1,12.414,12.346,12.358259643554687,2015-01-24,LSTM,3,2015
2015-01-22,2015,1,12.386,12.324,12.342010278314351,2015-01-25,LSTM,3,2015
2015-01-23,2015,1,12.364,12.314,12.32507453107834,2015-01-26,LSTM,3,2015
2015-01-24,2015,1,12.346,12.29,12.31072018957138,2015-01-27,LSTM,3,2015
2015-01-25,2015,1,12.324,12.274,12.284665259510279,2015-01-28,LSTM,3,2015
2015-01-26,2015,1,12.314,12.25,12.286048867493868,2015-01-29,LSTM,3,2015
2015-01-27,2015,1,12.29,12.24,12.251665622889995,2015-01-30,LSTM,3,2015
2015-01-28,2015,1,12.274,12.23,12.242426387757062,2015-01-31,LSTM,3,2015
2015-01-29,2015,1,12.25,12.21,12.215180795639753,2015-02-01,LSTM,3,2015
2015-01-30,2015,1,12.24,12.196,12.219714134708047,2015-02-02,LSTM,3,2015
2015-01-31,2015,1,12.23,12.18,12.214653456136585,2015-02-03,LSTM,3,2015
2015-02-01,2015,2,12.21,12.162,12.181175730228425,2015-02-04,LSTM,3,2015
2015-02-02,2015,2,12.196,12.15,12.1751553709656,2015-02-05,LSTM,3,2015
2015-02-03,2015,2,12.18,12.134,12.1617197881639,2015-02-06,LSTM,3,2015
2015-02-04,2015,2,12.162,12.12,12.141232640936972,2015-02-07,LSTM,3,2015
2015-02-05,2015,2,12.15,12.11,12.13938424885273,2015-02-08,LSTM,3,2015
2015-02-06,2015,2,12.134,12.1,12.120656066961587,2015-02-09,LSTM,3,2015
2015-02-07,2015,2,12.12,12.1,12.109086334593593,2015-02-10,LSTM,3,2015
2015-02-08,2015,2,12.11,12.1,12.10805954657495,2015-02-11,LSTM,3,2015
2015-02-09,2015,2,12.1,12.084,12.100192094914382,2015-02-12,LSTM,3,2015
2015-02-10,2015,2,12.1,12.066,12.11604163274169,2015-02-13,LSTM,3,2015
2015-02-11,2015,2,12.1,12.044,12.121033367142081,2015-02-14,LSTM,3,2015
2015-02-12,2015,2,12.084,12.026,12.079818354189396,2015-02-15,LSTM,3,2015
2015-02-13,2015,2,12.066,12.01,12.06035619916767,2015-02-16,LSTM,3,2015
2015-02-14,2015,2,12.044,12.01,12.037817544076592,2015-02-17,LSTM,3,2015
2015-02-15,2015,2,12.026,12.0,12.02775431324169,2015-02-18,LSTM,3,2015
2015-02-16,2015,2,12.01,11.994,12.017999674417078,2015-02-19,LSTM,3,2015
2015-02-17,2015,2,12.01,11.99,12.044009039402008,2015-02-20,LSTM,3,2015
2015-02-18,2015,2,12.0,11.986,12.021045479923487,2015-02-21,LSTM,3,2015
2015-02-19,2015,2,11.994,11.98,12.020711225509643,2015-02-22,LSTM,3,2015
2015-02-20,2015,2,11.99,11.97,12.02721757978201,2015-02-23,LSTM,3,2015
2015-02-21,2015,2,11.986,11.96,12.027155148297549,2015-02-24,LSTM,3,2015
2015-02-22,2015,2,11.98,11.95,12.02121556505561,2015-02-25,LSTM,3,2015
2015-02-23,2015,2,11.97,11.94,12.007143521010876,2015-02-26,LSTM,3,2015
2015-02-24,2015,2,11.96,11.94,11.999316009730101,2015-02-27,LSTM,3,2015
2015-02-25,2015,2,11.95,11.93,11.993244644999503,2015-02-28,LSTM,3,2015
2015-02-26,2015,2,11.94,11.93,11.985870088040828,2015-03-01,LSTM,3,2015
2015-02-27,2015,2,11.94,11.93,12.007504502832889,2015-03-02,LSTM,3,2015
2015-02-28,2015,2,11.93,11.92,11.98243007093668,2015-03-03,LSTM,3,2015
2015-03-01,2015,3,11.93,11.91,12.00204034179449,2015-03-04,LSTM,3,2015
2015-03-02,2015,3,11.93,11.91,12.010404348671436,2015-03-05,LSTM,3,2015
2015-03-03,2015,3,11.92,11.916,11.981856806278229,2015-03-06,LSTM,3,2015
2015-03-04,2015,3,11.91,11.936,11.974804889261723,2015-03-07,LSTM,3,2015
2015-03-05,2015,3,11.91,12.016,12.0004905423522,2015-03-08,LSTM,3,2015
2015-03-06,2015,3,11.916,12.182,12.019929214179516,2015-03-09,LSTM,3,2015
2015-03-07,2015,3,11.936,12.318,12.058511491179466,2015-03-10,LSTM,3,2015
2015-03-08,2015,3,12.016,12.384,12.19219863152504,2015-03-11,LSTM,3,2015
2015-03-09,2015,3,12.182,12.464,12.32017396759987,2015-03-12,LSTM,3,2015
2015-03-10,2015,3,12.318,12.606,12.369946882158517,2015-03-13,LSTM,3,2015
2015-03-11,2015,3,12.384,12.678,12.335729394495488,2015-03-14,LSTM,3,2015
2015-03-12,2015,3,12.464,12.646,12.483605597481132,2015-03-15,LSTM,3,2015
2015-03-13,2015,3,12.606,12.556,12.745878362417221,2015-03-16,LSTM,3,2015
2015-03-14,2015,3,12.678,12.448,12.67882553131506,2015-03-17,LSTM,3,2015
2015-03-15,2015,3,12.646,12.358,12.553926827669144,2015-03-18,LSTM,3,2015
2015-03-16,2015,3,12.556,12.29,12.540468856826424,2015-03-19,LSTM,3,2015
2015-03-17,2015,3,12.448,12.24,12.402049460589886,2015-03-20,LSTM,3,2015
2015-03-18,2015,3,12.358,12.204,12.320206933647395,2015-03-21,LSTM,3,2015
2015-03-19,2015,3,12.29,12.19,12.274878681600093,2015-03-22,LSTM,3,2015
2015-03-20,2015,3,12.24,12.18,12.244023842979223,2015-03-23,LSTM,3,2015
2015-03-21,2015,3,12.204,12.17,12.228130318313838,2015-03-24,LSTM,3,2015
2015-03-22,2015,3,12.19,12.198,12.259736450910568,2015-03-25,LSTM,3,2015
2015-03-23,2015,3,12.18,12.234,12.272293716967106,2015-03-26,LSTM,3,2015
2015-03-24,2015,3,12.17,12.318,12.274395635426044,2015-03-27,LSTM,3,2015
2015-03-25,2015,3,12.198,12.448,12.38156865644455,2015-03-28,LSTM,3,2015
2015-03-26,2015,3,12.234,12.49,12.418765845537186,2015-03-29,LSTM,3,2015
2015-03-27,2015,3,12.318,12.448,12.537457820057869,2015-03-30,LSTM,3,2015
2015-03-28,2015,3,12.448,12.41,12.607699141979218,2015-03-31,LSTM,3,2015
2015-03-29,2015,3,12.49,12.376,12.472985220849514,2015-04-01,LSTM,3,2015
2015-03-30,2015,3,12.448,12.35,12.420108276560903,2015-04-02,LSTM,3,2015
2015-03-31,2015,3,12.41,12.356,12.532707962989807,2015-04-03,LSTM,3,2015
2015-04-01,2015,4,12.376,12.376,12.519249064683914,2015-04-04,LSTM,3,2015
2015-04-02,2015,4,12.35,12.438,12.495595788955688,2015-04-05,LSTM,3,2015
2015-04-03,2015,4,12.356,12.57,12.55792837715149,2015-04-06,LSTM,3,2015
2015-04-04,2015,4,12.376,12.704,12.589816076517105,2015-04-07,LSTM,3,2015
2015-04-05,2015,4,12.438,12.868,12.687133318662644,2015-04-08,LSTM,3,2015
2015-04-06,2015,4,12.57,13.048,12.841173864603043,2015-04-09,LSTM,3,2015
2015-04-07,2015,4,12.704,13.236,12.850589443087578,2015-04-10,LSTM,3,2015
2015-04-08,2015,4,12.868,13.446,13.14739236164093,2015-04-11,LSTM,3,2015
2015-04-09,2015,4,13.048,13.716,13.468218378305435,2015-04-12,LSTM,3,2015
2015-04-10,2015,4,13.236,14.06,13.69895064687729,2015-04-13,LSTM,3,2015
2015-04-11,2015,4,13.446,14.13,13.91795115685463,2015-04-14,LSTM,3,2015
2015-04-12,2015,4,13.716,14.116,14.241018393993377,2015-04-15,LSTM,3,2015
2015-04-13,2015,4,14.06,14.1,14.604515073299408,2015-04-16,LSTM,3,2015
2015-04-14,2015,4,14.13,14.09,13.909799908399583,2015-04-17,LSTM,3,2015
2015-04-15,2015,4,14.116,14.022,14.067865665614605,2015-04-18,LSTM,3,2015
2015-04-16,2015,4,14.1,13.932,14.112380993925035,2015-04-19,LSTM,3,2015
2015-04-17,2015,4,14.09,13.816,14.227128010392189,2015-04-20,LSTM,3,2015
2015-04-18,2015,4,14.022,13.772,14.132054560005665,2015-04-21,LSTM,3,2015
2015-04-19,2015,4,13.932,13.742,13.897525727719069,2015-04-22,LSTM,3,2015
2015-04-20,2015,4,13.816,13.686,13.724262506127358,2015-04-23,LSTM,3,2015
2015-04-21,2015,4,13.772,13.836,13.746770180881024,2015-04-24,LSTM,3,2015
2015-04-22,2015,4,13.742,14.178,13.840429143428803,2015-04-25,LSTM,3,2015
2015-04-23,2015,4,13.686,14.512,13.679528609164059,2015-04-26,LSTM,3,2015
2015-04-24,2015,4,13.836,14.608,14.31052312707901,2015-04-27,LSTM,3,2015
2015-04-25,2015,4,14.178,14.526,14.826070216178895,2015-04-28,LSTM,3,2015
2015-04-26,2015,4,14.512,14.482,15.216889416694642,2015-04-29,LSTM,3,2015
2015-04-27,2015,4,14.608,14.484,14.48324725496769,2015-04-30,LSTM,3,2015
2015-04-28,2015,4,14.526,14.568,14.361086524486542,2015-05-01,LSTM,3,2015
2015-04-29,2015,4,14.482,14.67,14.374685152590274,2015-05-02,LSTM,3,2015
2015-04-30,2015,4,14.484,14.658,14.685728746294975,2015-05-03,LSTM,3,2015
2015-05-01,2015,5,14.568,14.582,14.906515609502792,2015-05-04,LSTM,3,2015
2015-05-02,2015,5,14.67,14.576,14.924899889230728,2015-05-05,LSTM,3,2015
2015-05-03,2015,5,14.658,14.464,14.677883830100297,2015-05-06,LSTM,3,2015
2015-05-04,2015,5,14.582,14.41,14.5421822309196,2015-05-07,LSTM,3,2015
2015-05-05,2015,5,14.576,14.402,14.76111563539505,2015-05-08,LSTM,3,2015
2015-05-06,2015,5,14.464,14.466,14.404170109272004,2015-05-09,LSTM,3,2015
2015-05-07,2015,5,14.41,14.534,14.355668563246727,2015-05-10,LSTM,3,2015
2015-05-08,2015,5,14.402,14.614,14.613540400981902,2015-05-11,LSTM,3,2015
2015-05-09,2015,5,14.466,14.626,14.863046744823455,2015-05-12,LSTM,3,2015
2015-05-10,2015,5,14.534,14.552,14.889851888656617,2015-05-13,LSTM,3,2015
2015-05-11,2015,5,14.614,14.448,14.97531837964058,2015-05-14,LSTM,3,2015
2015-05-12,2015,5,14.626,14.44,14.850739015102386,2015-05-15,LSTM,3,2015
2015-05-13,2015,5,14.552,14.44,14.629749505639076,2015-05-16,LSTM,3,2015
2015-05-14,2015,5,14.448,14.432,14.37978427964449,2015-05-17,LSTM,3,2015
2015-05-15,2015,5,14.44,14.528,14.67380360007286,2015-05-18,LSTM,3,2015
2015-05-16,2015,5,14.44,14.722,14.827126684188842,2015-05-19,LSTM,3,2015
2015-05-17,2015,5,14.432,14.9,14.801649231433869,2015-05-20,LSTM,3,2015
2015-05-18,2015,5,14.528,15.014,15.054417016983033,2015-05-21,LSTM,3,2015
2015-05-19,2015,5,14.722,15.238,15.341334280490875,2015-05-22,LSTM,3,2015
2015-05-20,2015,5,14.9,15.654,15.432291948795319,2015-05-23,LSTM,3,2015
2015-05-21,2015,5,15.014,16.064,15.243625061154365,2015-05-24,LSTM,3,2015
2015-05-22,2015,5,15.238,16.098,15.639436239480972,2015-05-25,LSTM,3,2015
2015-05-23,2015,5,15.654,16.02,16.29067857646942,2015-05-26,LSTM,3,2015
2015-05-24,2015,5,16.064,16.076,16.671252299785614,2015-05-27,LSTM,3,2015
2015-05-25,2015,5,16.098,16.258,16.103288128275423,2015-05-28,LSTM,3,2015
2015-05-26,2015,5,16.02,16.636,15.909502890408039,2015-05-29,LSTM,3,2015
2015-05-27,2015,5,16.076,16.838,15.863493467330933,2015-05-30,LSTM,3,2015
2015-05-28,2015,5,16.258,16.972,16.14256355780363,2015-05-31,LSTM,3,2015
2015-05-29,2015,5,16.636,17.046,16.88427416241169,2015-06-01,LSTM,3,2015
2015-05-30,2015,5,16.838,17.35,16.70462043631077,2015-06-02,LSTM,3,2015
2015-05-31,2015,5,16.972,17.53,16.890235048651697,2015-06-03,LSTM,3,2015
2015-06-01,2015,6,17.046,17.374,16.933201860547065,2015-06-04,LSTM,3,2015
2015-06-02,2015,6,17.35,17.218,17.52607165873051,2015-06-05,LSTM,3,2015
2015-06-03,2015,6,17.53,17.174,17.393003075122834,2015-06-06,LSTM,3,2015
2015-06-04,2015,6,17.374,17.52,17.152573989868163,2015-06-07,LSTM,3,2015
2015-06-05,2015,6,17.218,18.006,17.405029004096985,2015-06-08,LSTM,3,2015
2015-06-06,2015,6,17.174,18.222,17.55891302728653,2015-06-09,LSTM,3,2015
2015-06-07,2015,6,17.52,18.364,17.915920902490615,2015-06-10,LSTM,3,2015
2015-06-08,2015,6,18.006,18.794,18.307376938819885,2015-06-11,LSTM,3,2015
2015-06-09,2015,6,18.222,19.3,18.224105965046213,2015-06-12,LSTM,3,2015
2015-06-10,2015,6,18.364,19.474,18.348143821522594,2015-06-13,LSTM,3,2015
2015-06-11,2015,6,18.794,19.52,18.87100377702713,2015-06-14,LSTM,3,2015
2015-06-12,2015,6,19.3,19.384,19.389554369449616,2015-06-15,LSTM,3,2015
2015-06-13,2015,6,19.474,19.102,19.2042964925766,2015-06-16,LSTM,3,2015
2015-06-14,2015,6,19.52,18.802,18.87811150074005,2015-06-17,LSTM,3,2015
2015-06-15,2015,6,19.384,18.738,18.557065662384034,2015-06-18,LSTM,3,2015
2015-06-16,2015,6,19.102,18.816,18.587569059848786,2015-06-19,LSTM,3,2015
2015-06-17,2015,6,18.802,18.892,18.539256348133087,2015-06-20,LSTM,3,2015
2015-06-18,2015,6,18.738,18.748,18.94249286699295,2015-06-21,LSTM,3,2015
2015-06-19,2015,6,18.816,18.72,19.10579495167732,2015-06-22,LSTM,3,2015
2015-06-20,2015,6,18.892,18.692,19.04183543753624,2015-06-23,LSTM,3,2015
2015-06-21,2015,6,18.748,18.732,18.50704929637909,2015-06-24,LSTM,3,2015
2015-06-22,2015,6,18.72,18.762,18.735487083233892,2015-06-25,LSTM,3,2015
2015-06-23,2015,6,18.692,18.814,18.672579731985927,2015-06-26,LSTM,3,2015
2015-06-24,2015,6,18.732,18.72,18.816271773695945,2015-06-27,LSTM,3,2015
2015-06-25,2015,6,18.762,18.688,18.826193934202195,2015-06-28,LSTM,3,2015
2015-06-26,2015,6,18.814,18.646,18.89880230718851,2015-06-29,LSTM,3,2015
2015-06-27,2015,6,18.72,18.63,18.554538549184798,2015-06-30,LSTM,3,2015
2015-06-28,2015,6,18.688,18.628,18.692354015458374,2015-07-01,LSTM,3,2015
2015-06-29,2015,6,18.646,18.56,18.634209491595627,2015-07-02,LSTM,3,2015
2015-06-30,2015,6,18.63,18.664,18.65175467275083,2015-07-03,LSTM,3,2015
2015-07-01,2015,7,18.628,18.538,18.6517720888108,2015-07-04,LSTM,3,2015
2015-07-02,2015,7,18.56,18.512,18.481467274427413,2015-07-05,LSTM,3,2015
2015-07-03,2015,7,18.664,18.726,18.918188776016237,2015-07-06,LSTM,3,2015
2015-07-04,2015,7,18.538,18.792,18.36369445669651,2015-07-07,LSTM,3,2015
2015-07-05,2015,7,18.512,18.77,18.56872389268875,2015-07-08,LSTM,3,2015
2015-07-06,2015,7,18.726,18.698,19.08754383420944,2015-07-09,LSTM,3,2015
2015-07-07,2015,7,18.792,18.646,18.861173857569696,2015-07-10,LSTM,3,2015
2015-07-08,2015,7,18.77,18.528,18.648154657781124,2015-07-11,LSTM,3,2015
2015-07-09,2015,7,18.698,18.4,18.579885387003422,2015-07-12,LSTM,3,2015
2015-07-10,2015,7,18.646,18.25,18.655097288362683,2015-07-13,LSTM,3,2015
2015-07-11,2015,7,18.528,18.034,18.428871843099593,2015-07-14,LSTM,3,2015
2015-07-12,2015,7,18.4,17.82,18.355915089696644,2015-07-15,LSTM,3,2015
2015-07-13,2015,7,18.25,17.79,18.197302673012018,2015-07-16,LSTM,3,2015
2015-07-14,2015,7,18.034,17.872,17.906248366475104,2015-07-17,LSTM,3,2015
2015-07-15,2015,7,17.82,17.938,17.719902634322644,2015-07-18,LSTM,3,2015
2015-07-16,2015,7,17.79,17.964,17.957759120464324,2015-07-19,LSTM,3,2015
2015-07-17,2015,7,17.872,17.98,17.981517693519592,2015-07-20,LSTM,3,2015
2015-07-18,2015,7,17.938,17.994,18.102890229701995,2015-07-21,LSTM,3,2015
2015-07-19,2015,7,17.964,17.988,18.108657656550406,2015-07-22,LSTM,3,2015
2015-07-20,2015,7,17.98,17.912,18.1322349268198,2015-07-23,LSTM,3,2015
2015-07-21,2015,7,17.994,17.644,18.15324559533596,2015-07-24,LSTM,3,2015
2015-07-22,2015,7,17.988,17.514,18.075396152317524,2015-07-25,LSTM,3,2015
2015-07-23,2015,7,17.912,17.504,17.909242015320807,2015-07-26,LSTM,3,2015
2015-07-24,2015,7,17.644,17.614,17.463692373275755,2015-07-27,LSTM,3,2015
2015-07-25,2015,7,17.514,17.694,17.631246359586715,2015-07-28,LSTM,3,2015
2015-07-26,2015,7,17.504,17.69,17.628353021383287,2015-07-29,LSTM,3,2015
2015-07-27,2015,7,17.614,17.602,17.947309024572373,2015-07-30,LSTM,3,2015
2015-07-28,2015,7,17.694,17.518,18.118148231744765,2015-07-31,LSTM,3,2015
2015-07-29,2015,7,17.69,17.35,17.847318189740182,2015-08-01,LSTM,3,2015
2015-07-30,2015,7,17.602,16.992,17.58897866126895,2015-08-02,LSTM,3,2015
2015-07-31,2015,7,17.518,16.79,17.610085897922517,2015-08-03,LSTM,3,2015
2015-08-01,2015,8,17.35,16.66,17.317027932405473,2015-08-04,LSTM,3,2015
2015-08-02,2015,8,16.992,16.576,16.67230995130539,2015-08-05,LSTM,3,2015
2015-08-03,2015,8,16.79,16.552,16.68612491428852,2015-08-06,LSTM,3,2015
2015-08-04,2015,8,16.66,16.618,16.765188615620136,2015-08-07,LSTM,3,2015
2015-08-05,2015,8,16.576,16.874,16.703727016806603,2015-08-08,LSTM,3,2015
2015-08-06,2015,8,16.552,16.952,16.710525824546814,2015-08-09,LSTM,3,2015
2015-08-07,2015,8,16.618,16.99,16.88397514748573,2015-08-10,LSTM,3,2015
2015-08-08,2015,8,16.874,17.102,17.71739827299118,2015-08-11,LSTM,3,2015
2015-08-09,2015,8,16.952,17.162,17.888417877674105,2015-08-12,LSTM,3,2015
2015-08-10,2015,8,16.99,17.264,17.644562532901762,2015-08-13,LSTM,3,2015
2015-08-11,2015,8,17.102,17.342,17.781187774658203,2015-08-14,LSTM,3,2015
2015-08-12,2015,8,17.162,17.346,17.70746523094177,2015-08-15,LSTM,3,2015
2015-08-13,2015,8,17.264,17.43,17.807385922908782,2015-08-16,LSTM,3,2015
2015-08-14,2015,8,17.342,17.474,17.8125970287323,2015-08-17,LSTM,3,2015
2015-08-15,2015,8,17.346,17.598,17.663492246627808,2015-08-18,LSTM,3,2015
2015-08-16,2015,8,17.43,17.862,17.842104189395904,2015-08-19,LSTM,3,2015
2015-08-17,2015,8,17.474,18.216,17.802650921583176,2015-08-20,LSTM,3,2015
2015-08-18,2015,8,17.598,18.948,18.06743548321724,2015-08-21,LSTM,3,2015
2015-08-19,2015,8,17.862,19.578,18.61211533498764,2015-08-22,LSTM,3,2015
2015-08-20,2015,8,18.216,19.818,19.000485757350923,2015-08-23,LSTM,3,2015
2015-08-21,2015,8,18.948,19.94,19.714326010227204,2015-08-24,LSTM,3,2015
2015-08-22,2015,8,19.578,19.932,20.204918971538543,2015-08-25,LSTM,3,2015
2015-08-23,2015,8,19.818,19.82,19.73635603117943,2015-08-26,LSTM,3,2015
2015-08-24,2015,8,19.94,19.642,19.677096518278123,2015-08-27,LSTM,3,2015
2015-08-25,2015,8,19.932,19.514,19.40807421875,2015-08-28,LSTM,3,2015
2015-08-26,2015,8,19.82,19.42,19.1634037566185,2015-08-29,LSTM,3,2015
2015-08-27,2015,8,19.642,19.382,18.97698156070709,2015-08-30,LSTM,3,2015
2015-08-28,2015,8,19.514,19.418,19.048632325172424,2015-08-31,LSTM,3,2015
2015-10-08,2015,10,16.838,16.378,16.523948193073274,2015-10-11,LSTM,3,2015
2015-10-09,2015,10,16.688,16.288,16.42024776983261,2015-10-12,LSTM,3,2015
2015-10-10,2015,10,16.572,16.198,16.405905443549155,2015-10-13,LSTM,3,2015
2015-10-11,2015,10,16.378,16.134,16.09777663040161,2015-10-14,LSTM,3,2015
2015-10-12,2015,10,16.288,16.058,16.143333775281906,2015-10-15,LSTM,3,2015
2015-10-13,2015,10,16.198,15.994,16.0964375,2015-10-16,LSTM,3,2015
2015-10-14,2015,10,16.134,15.926,16.038218181967736,2015-10-17,LSTM,3,2015
2015-10-15,2015,10,16.058,15.858,15.941834302425384,2015-10-18,LSTM,3,2015
2015-10-16,2015,10,15.994,15.726,15.864329454541206,2015-10-19,LSTM,3,2015
2015-10-17,2015,10,15.926,15.618,15.7616261998415,2015-10-20,LSTM,3,2015
2015-10-18,2015,10,15.858,15.526,15.679405783295632,2015-10-21,LSTM,3,2015
2015-10-19,2015,10,15.726,15.416,15.488119174003602,2015-10-22,LSTM,3,2015
2015-10-20,2015,10,15.618,15.342,15.437959744811058,2015-10-23,LSTM,3,2015
2015-10-21,2015,10,15.526,15.266,15.38822667992115,2015-10-24,LSTM,3,2015
2015-10-22,2015,10,15.416,15.218,15.268605789899826,2015-10-25,LSTM,3,2015
2015-10-23,2015,10,15.342,15.14,15.208762071847916,2015-10-26,LSTM,3,2015
2015-10-24,2015,10,15.266,15.076,15.123140183448792,2015-10-27,LSTM,3,2015
2015-10-25,2015,10,15.218,14.988,15.08848153579235,2015-10-28,LSTM,3,2015
2015-10-26,2015,10,15.14,14.912,15.005649774670601,2015-10-29,LSTM,3,2015
2015-10-27,2015,10,15.076,14.9,14.957827704608441,2015-10-30,LSTM,3,2015
2015-10-28,2015,10,14.988,14.884,14.854666942834854,2015-10-31,LSTM,3,2015
2015-10-29,2015,10,14.912,14.832,14.779350965738297,2015-11-01,LSTM,3,2015
2015-10-30,2015,10,14.9,14.73,14.838829448074103,2015-11-02,LSTM,3,2015
2015-10-31,2015,10,14.884,14.658,14.843644176065922,2015-11-03,LSTM,3,2015
2015-11-01,2015,11,14.832,14.614,14.749725957930089,2015-11-04,LSTM,3,2015
2015-11-02,2015,11,14.73,14.536,14.589747663140297,2015-11-05,LSTM,3,2015
2015-11-03,2015,11,14.658,14.49,14.53490582126379,2015-11-06,LSTM,3,2015
2015-11-04,2015,11,14.614,14.454,14.52204173797369,2015-11-07,LSTM,3,2015
2015-11-05,2015,11,14.536,14.448,14.412661136746406,2015-11-08,LSTM,3,2015
2015-11-06,2015,11,14.49,14.43,14.380478856861592,2015-11-09,LSTM,3,2015
2015-11-07,2015,11,14.454,14.42,14.360904622912408,2015-11-10,LSTM,3,2015
2015-11-08,2015,11,14.448,14.41,14.382177778661251,2015-11-11,LSTM,3,2015
2015-11-09,2015,11,14.43,14.4,14.36377611786127,2015-11-12,LSTM,3,2015
2015-11-10,2015,11,14.42,14.39,14.353841548860073,2015-11-13,LSTM,3,2015
2015-11-11,2015,11,14.41,14.374,14.347405310571194,2015-11-14,LSTM,3,2015
2015-11-12,2015,11,14.4,14.352,14.325948731601239,2015-11-15,LSTM,3,2015
2015-11-13,2015,11,14.39,14.304,14.308266884982586,2015-11-16,LSTM,3,2015
2015-11-14,2015,11,14.374,14.212,14.283421280026436,2015-11-17,LSTM,3,2015
2015-11-15,2015,11,14.352,14.134,14.263028973758221,2015-11-18,LSTM,3,2015
2015-11-16,2015,11,14.304,14.066,14.209298568308354,2015-11-19,LSTM,3,2015
2015-11-17,2015,11,14.212,13.986,14.097933391749859,2015-11-20,LSTM,3,2015
2015-11-18,2015,11,14.134,13.958,14.029954579114914,2015-11-21,LSTM,3,2015
2015-11-19,2015,11,14.066,13.902,13.969673484921456,2015-11-22,LSTM,3,2015
2015-11-20,2015,11,13.986,13.858,13.875186322689057,2015-11-23,LSTM,3,2015
2015-11-21,2015,11,13.958,13.824,13.876551996350289,2015-11-24,LSTM,3,2015
2015-11-22,2015,11,13.902,13.79,13.807334345996379,2015-11-25,LSTM,3,2015
2015-11-23,2015,11,13.858,13.748,13.764904056668282,2015-11-26,LSTM,3,2015
2015-11-24,2015,11,13.824,13.71,13.747745907843113,2015-11-27,LSTM,3,2015
2015-11-25,2015,11,13.79,13.674,13.71695054411888,2015-11-28,LSTM,3,2015
2015-11-26,2015,11,13.748,13.644,13.672658007919788,2015-11-29,LSTM,3,2015
2015-11-27,2015,11,13.71,13.59,13.638955502808095,2015-11-30,LSTM,3,2015
2015-11-28,2015,11,13.674,13.538,13.605112572550773,2015-12-01,LSTM,3,2015
2015-11-29,2015,11,13.644,13.518,13.578385761618614,2015-12-02,LSTM,3,2015
2015-11-30,2015,11,13.59,13.494,13.51444322258234,2015-12-03,LSTM,3,2015
2015-12-01,2015,12,13.538,13.464,13.463202131271363,2015-12-04,LSTM,3,2015
2015-12-02,2015,12,13.518,13.44,13.459035989671946,2015-12-05,LSTM,3,2015
2015-12-03,2015,12,13.494,13.406,13.434016560256481,2015-12-06,LSTM,3,2015
2015-12-04,2015,12,13.464,13.384,13.39802674049139,2015-12-07,LSTM,3,2015
2015-12-05,2015,12,13.44,13.358,13.37697441369295,2015-12-08,LSTM,3,2015
2015-12-06,2015,12,13.406,13.33,13.339997511863709,2015-12-09,LSTM,3,2015
2015-12-07,2015,12,13.384,13.3,13.322042394816876,2015-12-10,LSTM,3,2015
2015-12-08,2015,12,13.358,13.276,13.295697306275368,2015-12-11,LSTM,3,2015
2015-12-09,2015,12,13.33,13.242,13.265950927436352,2015-12-12,LSTM,3,2015
2015-12-10,2015,12,13.3,13.21,13.236000056564809,2015-12-13,LSTM,3,2015
2015-12-11,2015,12,13.276,13.184,13.214496582210064,2015-12-14,LSTM,3,2015
2015-12-12,2015,12,13.242,13.158,13.177221672058106,2015-12-15,LSTM,3,2015
2015-12-13,2015,12,13.21,13.132,13.145895010828973,2015-12-16,LSTM,3,2015
2015-12-14,2015,12,13.184,13.11,13.123275287091731,2015-12-17,LSTM,3,2015
2015-12-15,2015,12,13.158,13.084,13.097049266278743,2015-12-18,LSTM,3,2015
2015-12-16,2015,12,13.132,13.066,13.070520714640617,2015-12-19,LSTM,3,2015
2015-12-17,2015,12,13.11,13.042,13.050088741481304,2015-12-20,LSTM,3,2015
2015-12-18,2015,12,13.084,13.03,13.022607521355152,2015-12-21,LSTM,3,2015
2015-12-19,2015,12,13.066,13.028,13.007285990178586,2015-12-22,LSTM,3,2015
2015-12-20,2015,12,13.042,12.998,12.98152538818121,2015-12-23,LSTM,3,2015
2015-12-21,2015,12,13.03,12.968,12.97323694333434,2015-12-24,LSTM,3,2015
2015-12-22,2015,12,13.028,12.944,12.974922916918993,2015-12-25,LSTM,3,2015
2015-12-23,2015,12,12.998,12.918,12.932049323201179,2015-12-26,LSTM,3,2015
2015-12-24,2015,12,12.968,12.88,12.902256382286549,2015-12-27,LSTM,3,2015
2015-12-25,2015,12,12.944,12.842,12.885274397075177,2015-12-28,LSTM,3,2015
2015-12-26,2015,12,12.918,12.826,12.858688539296388,2015-12-29,LSTM,3,2015
2015-12-27,2015,12,12.88,12.782,12.814146568179131,2015-12-30,LSTM,3,2015
2015-12-28,2015,12,12.842,12.75,12.777129918158055,2015-12-31,LSTM,3,2015
2015-12-29,2015,12,12.826,12.72,12.773597689926625,2016-01-01,LSTM,3,2015
2015-12-30,2015,12,12.782,12.69,12.715476231992245,2016-01-02,LSTM,3,2015
2015-12-31,2015,12,12.75,12.68,12.687764689326286,2016-01-03,LSTM,3,2015
2016-01-01,2016,1,12.72,12.662,12.630095795989037,2016-01-04,LSTM,3,2016
2016-01-02,2016,1,12.69,12.63,12.598821545541286,2016-01-05,LSTM,3,2016
2016-01-03,2016,1,12.68,12.606,12.600580953359604,2016-01-06,LSTM,3,2016
2016-01-04,2016,1,12.662,12.584,12.580215930461884,2016-01-07,LSTM,3,2016
2016-01-05,2016,1,12.63,12.566,12.536935021281243,2016-01-08,LSTM,3,2016
2016-01-06,2016,1,12.606,12.548,12.520610840380192,2016-01-09,LSTM,3,2016
2016-01-07,2016,1,12.584,12.526,12.50385785216093,2016-01-10,LSTM,3,2016
2016-01-08,2016,1,12.566,12.504,12.488256149351598,2016-01-11,LSTM,3,2016
2016-01-09,2016,1,12.548,12.482,12.470977834939957,2016-01-12,LSTM,3,2016
2016-01-10,2016,1,12.526,12.47,12.44607165402174,2016-01-13,LSTM,3,2016
2016-01-11,2016,1,12.504,12.46,12.424903854072094,2016-01-14,LSTM,3,2016
2016-01-12,2016,1,12.482,12.448,12.404715231776237,2016-01-15,LSTM,3,2016
2016-01-13,2016,1,12.47,12.428,12.401232757866383,2016-01-16,LSTM,3,2016
2016-01-14,2016,1,12.46,12.42,12.39453997373581,2016-01-17,LSTM,3,2016
2016-01-15,2016,1,12.448,12.42,12.3804836358428,2016-01-18,LSTM,3,2016
2016-01-16,2016,1,12.428,12.41,12.354559388637544,2016-01-19,LSTM,3,2016
2016-01-17,2016,1,12.42,12.392,12.357817212194204,2016-01-20,LSTM,3,2016
2016-01-18,2016,1,12.42,12.386,12.368572415858507,2016-01-21,LSTM,3,2016
2016-01-19,2016,1,12.41,12.37,12.349259368926287,2016-01-22,LSTM,3,2016
2016-01-20,2016,1,12.392,12.36,12.322994741618633,2016-01-23,LSTM,3,2016
2016-01-21,2016,1,12.386,12.346,12.330297064095735,2016-01-24,LSTM,3,2016
2016-01-22,2016,1,12.37,12.32,12.308284952193498,2016-01-25,LSTM,3,2016
2016-01-23,2016,1,12.36,12.296,12.301825285553932,2016-01-26,LSTM,3,2016
2016-01-24,2016,1,12.346,12.274,12.286890658646822,2016-01-27,LSTM,3,2016
2016-01-25,2016,1,12.32,12.25,12.248363680839539,2016-01-28,LSTM,3,2016
2016-01-26,2016,1,12.296,12.23,12.2267516887784,2016-01-29,LSTM,3,2016
2016-01-27,2016,1,12.274,12.22,12.209623958706855,2016-01-30,LSTM,3,2016
2016-01-28,2016,1,12.25,12.204,12.183867007493973,2016-01-31,LSTM,3,2016
2016-01-29,2016,1,12.23,12.19,12.167716741114855,2016-02-01,LSTM,3,2016
2016-01-30,2016,1,12.22,12.178,12.168515750467778,2016-02-02,LSTM,3,2016
2016-01-31,2016,1,12.204,12.158,12.14760801205039,2016-02-03,LSTM,3,2016
2016-02-01,2016,2,12.19,12.142,12.134491896778345,2016-02-04,LSTM,3,2016
2016-02-02,2016,2,12.178,12.124,12.127036058038474,2016-02-05,LSTM,3,2016
2016-02-03,2016,2,12.158,12.106,12.099506002098321,2016-02-06,LSTM,3,2016
2016-02-04,2016,2,12.142,12.09,12.087640198886394,2016-02-07,LSTM,3,2016
2016-02-05,2016,2,12.124,12.076,12.070267511695624,2016-02-08,LSTM,3,2016
2016-02-06,2016,2,12.106,12.06,12.052048032492399,2016-02-09,LSTM,3,2016
2016-02-07,2016,2,12.09,12.05,12.039448857456446,2016-02-10,LSTM,3,2016
2016-02-08,2016,2,12.076,12.04,12.028733900398016,2016-02-11,LSTM,3,2016
2016-02-09,2016,2,12.06,12.03,12.011118465512991,2016-02-12,LSTM,3,2016
2016-02-10,2016,2,12.05,12.02,12.008410128951073,2016-02-13,LSTM,3,2016
2016-02-11,2016,2,12.04,12.01,12.000526887327432,2016-02-14,LSTM,3,2016
2016-02-12,2016,2,12.03,12.01,11.990477989166974,2016-02-15,LSTM,3,2016
2016-02-13,2016,2,12.02,12.014,11.981620479822158,2016-02-16,LSTM,3,2016
2016-02-14,2016,2,12.01,12.026,11.972765533477068,2016-02-17,LSTM,3,2016
2016-02-15,2016,2,12.01,12.04,11.985944211706519,2016-02-18,LSTM,3,2016
2016-02-16,2016,2,12.014,12.054,11.99537693107128,2016-02-19,LSTM,3,2016
2016-02-17,2016,2,12.026,12.074,12.009872609212994,2016-02-20,LSTM,3,2016
2016-02-18,2016,2,12.04,12.08,12.021891214847564,2016-02-21,LSTM,3,2016
2016-02-19,2016,2,12.054,12.054,12.034749279260636,2016-02-22,LSTM,3,2016
2016-02-20,2016,2,12.074,12.032,12.060131724901497,2016-02-23,LSTM,3,2016
2016-02-21,2016,2,12.08,12.016,12.053040778189898,2016-02-24,LSTM,3,2016
2016-02-22,2016,2,12.054,12.0,11.997230088800192,2016-02-25,LSTM,3,2016
2016-02-23,2016,2,12.032,11.99,11.984067703008652,2016-02-26,LSTM,3,2016
2016-02-24,2016,2,12.016,11.99,11.984779794871807,2016-02-27,LSTM,3,2016
2016-02-25,2016,2,12.0,11.994,11.969671588391066,2016-02-28,LSTM,3,2016
2016-02-26,2016,2,11.99,12.034,11.967975267916918,2016-02-29,LSTM,3,2016
2016-02-27,2016,2,11.99,12.148,11.983723678402603,2016-03-01,LSTM,3,2016
2016-02-28,2016,2,11.994,12.56,11.991477082535624,2016-03-02,LSTM,3,2016
2016-02-29,2016,2,12.034,12.63,12.053832149147988,2016-03-03,LSTM,3,2016
2016-03-01,2016,3,12.148,12.586,12.195301433980465,2016-03-04,LSTM,3,2016
2016-03-02,2016,3,12.56,12.51,12.892124054431916,2016-03-05,LSTM,3,2016
2016-03-03,2016,3,12.63,12.412,12.414920990467072,2016-03-06,LSTM,3,2016
2016-03-04,2016,3,12.586,12.344,12.357599218249321,2016-03-07,LSTM,3,2016
2016-03-05,2016,3,12.51,12.282,12.341954687833786,2016-03-08,LSTM,3,2016
2016-03-06,2016,3,12.412,12.23,12.241265102744103,2016-03-09,LSTM,3,2016
2016-03-07,2016,3,12.344,12.204,12.225607107818126,2016-03-10,LSTM,3,2016
2016-03-08,2016,3,12.282,12.182,12.212452562868595,2016-03-11,LSTM,3,2016
2016-03-09,2016,3,12.23,12.16,12.188410311490298,2016-03-12,LSTM,3,2016
2016-03-10,2016,3,12.204,12.15,12.192791162148119,2016-03-13,LSTM,3,2016
2016-03-11,2016,3,12.182,12.15,12.172894041024149,2016-03-14,LSTM,3,2016
2016-03-12,2016,3,12.16,12.15,12.144364908188582,2016-03-15,LSTM,3,2016
2016-03-13,2016,3,12.15,12.2,12.15416302215308,2016-03-16,LSTM,3,2016
2016-03-14,2016,3,12.15,12.298,12.174953365325928,2016-03-17,LSTM,3,2016
2016-03-15,2016,3,12.15,12.452,12.176789432391525,2016-03-18,LSTM,3,2016
2016-03-16,2016,3,12.2,12.574,12.264159303903579,2016-03-19,LSTM,3,2016
2016-03-17,2016,3,12.298,12.606,12.35726625803113,2016-03-20,LSTM,3,2016
2016-03-18,2016,3,12.452,12.594,12.513287127435207,2016-03-21,LSTM,3,2016
2016-03-19,2016,3,12.574,12.592,12.54906408020854,2016-03-22,LSTM,3,2016
2016-03-20,2016,3,12.606,12.646,12.467205071210861,2016-03-23,LSTM,3,2016
2016-03-21,2016,3,12.594,12.782,12.46858212673664,2016-03-24,LSTM,3,2016
2016-03-22,2016,3,12.592,12.862,12.541776448309422,2016-03-25,LSTM,3,2016
2016-03-23,2016,3,12.646,12.864,12.714788431584836,2016-03-26,LSTM,3,2016
2016-03-24,2016,3,12.782,12.804,12.90884728205204,2016-03-27,LSTM,3,2016
2016-03-25,2016,3,12.862,12.764,12.814073965221644,2016-03-28,LSTM,3,2016
2016-03-26,2016,3,12.864,12.766,12.741995222806931,2016-03-29,LSTM,3,2016
2016-03-27,2016,3,12.804,12.808,12.69439620757103,2016-03-30,LSTM,3,2016
2016-03-28,2016,3,12.764,12.866,12.74281350852549,2016-03-31,LSTM,3,2016
2016-03-29,2016,3,12.766,12.944,12.862350468695164,2016-04-01,LSTM,3,2016
2016-03-30,2016,3,12.808,12.926,12.934582220196724,2016-04-02,LSTM,3,2016
2016-03-31,2016,3,12.866,12.852,12.948431770861148,2016-04-03,LSTM,3,2016
2016-04-01,2016,4,12.944,12.82,13.01353637301922,2016-04-04,LSTM,3,2016
2016-04-02,2016,4,12.926,12.822,12.891022426098585,2016-04-05,LSTM,3,2016
2016-04-03,2016,4,12.852,12.906,12.77491308939457,2016-04-06,LSTM,3,2016
2016-04-04,2016,4,12.82,13.04,12.845379648432136,2016-04-07,LSTM,3,2016
2016-04-05,2016,4,12.822,13.15,12.950971338272094,2016-04-08,LSTM,3,2016
2016-04-06,2016,4,12.906,13.178,13.078984346747399,2016-04-09,LSTM,3,2016
2016-04-07,2016,4,13.04,13.142,13.20797798871994,2016-04-10,LSTM,3,2016
2016-04-08,2016,4,13.15,13.142,13.194975057244301,2016-04-11,LSTM,3,2016
2016-04-09,2016,4,13.178,13.208,13.117378421753646,2016-04-12,LSTM,3,2016
2016-04-10,2016,4,13.142,13.42,13.126607198275625,2016-04-13,LSTM,3,2016
2016-04-11,2016,4,13.142,14.184,13.281449805021285,2016-04-14,LSTM,3,2016
2016-04-12,2016,4,13.208,14.704,13.464133317947388,2016-04-15,LSTM,3,2016
2016-04-13,2016,4,13.42,14.816,13.803765488862991,2016-04-16,LSTM,3,2016
2016-04-14,2016,4,14.184,14.734,14.506903990745544,2016-04-17,LSTM,3,2016
2016-04-15,2016,4,14.704,14.774,15.131733629941941,2016-04-18,LSTM,3,2016
2016-04-16,2016,4,14.816,15.016,14.67840626871586,2016-04-19,LSTM,3,2016
2016-04-17,2016,4,14.734,15.192,14.605860787272453,2016-04-20,LSTM,3,2016
2016-04-18,2016,4,14.774,15.23,14.91209810578823,2016-04-21,LSTM,3,2016
2016-04-19,2016,4,15.016,15.186,15.335046556949615,2016-04-22,LSTM,3,2016
2016-04-20,2016,4,15.192,15.128,15.24705833029747,2016-04-23,LSTM,3,2016
2016-04-21,2016,4,15.23,15.114,15.019956152439118,2016-04-24,LSTM,3,2016
2016-04-22,2016,4,15.186,15.264,15.05870438671112,2016-04-25,LSTM,3,2016
2016-04-23,2016,4,15.128,15.55,14.993445494651795,2016-04-26,LSTM,3,2016
2016-04-24,2016,4,15.114,15.79,15.142674565255643,2016-04-27,LSTM,3,2016
2016-04-25,2016,4,15.264,15.996,15.384090670883655,2016-04-28,LSTM,3,2016
2016-04-26,2016,4,15.55,16.216,15.737972933053971,2016-04-29,LSTM,3,2016
2016-04-27,2016,4,15.79,16.444,15.885113612711429,2016-04-30,LSTM,3,2016
2016-04-28,2016,4,15.996,16.428,16.12560244715214,2016-05-01,LSTM,3,2016
2016-04-29,2016,4,16.216,16.192,16.41257623767853,2016-05-02,LSTM,3,2016
2016-04-30,2016,4,16.444,16.034,16.560024896502494,2016-05-03,LSTM,3,2016
2016-05-01,2016,5,16.428,15.926,16.159001496315003,2016-05-04,LSTM,3,2016
2016-05-02,2016,5,16.192,16.1,15.903791932582855,2016-05-05,LSTM,3,2016
2016-05-03,2016,5,16.034,16.168,15.861245965600013,2016-05-06,LSTM,3,2016
2016-05-04,2016,5,15.926,16.124,15.924634880059399,2016-05-07,LSTM,3,2016
2016-05-05,2016,5,16.1,15.972,16.8493811249733,2016-05-08,LSTM,3,2016
2016-05-06,2016,5,16.168,15.786,16.501393186330795,2016-05-09,LSTM,3,2016
2016-05-07,2016,5,16.124,15.612,16.020253325045108,2016-05-10,LSTM,3,2016
2016-05-08,2016,5,15.972,15.442,15.820540127277374,2016-05-11,LSTM,3,2016
2016-05-09,2016,5,15.786,15.29,15.615173266887664,2016-05-12,LSTM,3,2016
2016-05-10,2016,5,15.612,15.238,15.357925694704056,2016-05-13,LSTM,3,2016
2016-05-11,2016,5,15.442,15.2,15.141951350688934,2016-05-14,LSTM,3,2016
2016-05-12,2016,5,15.29,15.176,15.120708548426627,2016-05-15,LSTM,3,2016
2016-05-13,2016,5,15.238,15.122,15.290607975900173,2016-05-16,LSTM,3,2016
2016-05-14,2016,5,15.2,15.138,15.385310795903205,2016-05-17,LSTM,3,2016
2016-05-15,2016,5,15.176,15.448,15.433755428552628,2016-05-18,LSTM,3,2016
2016-05-16,2016,5,15.122,15.846,15.31718457353115,2016-05-19,LSTM,3,2016
2016-05-17,2016,5,15.138,16.218,15.51160367178917,2016-05-20,LSTM,3,2016
2016-05-18,2016,5,15.448,16.294,16.409798787117005,2016-05-21,LSTM,3,2016
2016-05-19,2016,5,15.846,16.772,16.33666698551178,2016-05-22,LSTM,3,2016
2016-05-20,2016,5,16.218,17.27,16.531127011060715,2016-05-23,LSTM,3,2016
2016-05-21,2016,5,16.294,17.364,16.160241931915284,2016-05-24,LSTM,3,2016
2016-05-22,2016,5,16.772,17.14,16.997112631917,2016-05-25,LSTM,3,2016
2016-05-23,2016,5,17.27,16.908,17.280901156812906,2016-05-26,LSTM,3,2016
2016-05-24,2016,5,17.364,16.748,16.925897963285447,2016-05-27,LSTM,3,2016
2016-05-25,2016,5,17.14,16.722,16.414139165878296,2016-05-28,LSTM,3,2016
2016-05-26,2016,5,16.908,16.72,16.467447765350343,2016-05-29,LSTM,3,2016
2016-05-27,2016,5,16.748,16.67,16.669238832175733,2016-05-30,LSTM,3,2016
2016-05-28,2016,5,16.722,16.542,17.25965481710434,2016-05-31,LSTM,3,2016
2016-05-29,2016,5,16.72,16.564,17.078643531799315,2016-06-01,LSTM,3,2016
2016-05-30,2016,5,16.67,16.7,16.72062508955598,2016-06-02,LSTM,3,2016
2016-05-31,2016,5,16.542,16.686,16.34443204534054,2016-06-03,LSTM,3,2016
2016-06-01,2016,6,16.564,16.504,16.658056859612465,2016-06-04,LSTM,3,2016
2016-06-02,2016,6,16.7,16.324,17.156343203783035,2016-06-05,LSTM,3,2016
2016-06-03,2016,6,16.686,16.216,16.758336807847023,2016-06-06,LSTM,3,2016
2016-06-04,2016,6,16.504,16.2,16.332640148043634,2016-06-07,LSTM,3,2016
2016-06-05,2016,6,16.324,16.188,16.12479771578312,2016-06-08,LSTM,3,2016
2016-06-06,2016,6,16.216,16.116,16.086016798377038,2016-06-09,LSTM,3,2016
2016-06-07,2016,6,16.2,16.072,16.32517249584198,2016-06-10,LSTM,3,2016
2016-06-08,2016,6,16.188,16.088,16.29537758874893,2016-06-11,LSTM,3,2016
2016-06-09,2016,6,16.116,16.04,16.04585913902521,2016-06-12,LSTM,3,2016
2016-06-10,2016,6,16.072,16.076,16.028568248569965,2016-06-13,LSTM,3,2016
2016-06-11,2016,6,16.088,16.138,16.222159028530122,2016-06-14,LSTM,3,2016
2016-06-12,2016,6,16.04,16.532,16.04280945468694,2016-06-15,LSTM,3,2016
2016-06-13,2016,6,16.076,17.31,16.309557149767876,2016-06-16,LSTM,3,2016
2016-06-14,2016,6,16.138,17.478,16.501663375377657,2016-06-17,LSTM,3,2016
2016-06-15,2016,6,16.532,17.466,17.639703685760498,2016-06-18,LSTM,3,2016
2016-06-16,2016,6,17.31,17.45,18.140710291862487,2016-06-19,LSTM,3,2016
2016-06-17,2016,6,17.478,17.544,17.646084532022478,2016-06-20,LSTM,3,2016
2016-06-18,2016,6,17.466,17.77,17.121398637056352,2016-06-21,LSTM,3,2016
2016-06-19,2016,6,17.45,18.074,17.284855645895004,2016-06-22,LSTM,3,2016
2016-06-20,2016,6,17.544,18.422,17.5092052000165,2016-06-23,LSTM,3,2016
2016-06-21,2016,6,17.77,18.676,17.83924933940172,2016-06-24,LSTM,3,2016
2016-06-22,2016,6,18.074,18.966,18.263378738403322,2016-06-25,LSTM,3,2016
2016-06-23,2016,6,18.422,19.296,18.88783577990532,2016-06-26,LSTM,3,2016
2016-06-24,2016,6,18.676,19.33,18.98575767970085,2016-06-27,LSTM,3,2016
2016-06-25,2016,6,18.966,19.136,19.233896980047227,2016-06-28,LSTM,3,2016
2016-06-26,2016,6,19.296,18.906,19.421671744346618,2016-06-29,LSTM,3,2016
2016-06-27,2016,6,19.33,18.676,19.043315367698668,2016-06-30,LSTM,3,2016
2016-06-28,2016,6,19.136,18.542,18.507551275253295,2016-07-01,LSTM,3,2016
2016-06-29,2016,6,18.906,18.478,18.60735062932968,2016-07-02,LSTM,3,2016
2016-06-30,2016,6,18.676,18.63,18.569396221101282,2016-07-03,LSTM,3,2016
2016-07-01,2016,7,18.542,18.756,18.475569476008417,2016-07-04,LSTM,3,2016
2016-07-02,2016,7,18.478,18.866,18.554231583952905,2016-07-05,LSTM,3,2016
2016-07-03,2016,7,18.63,19.154,18.80318506538868,2016-07-06,LSTM,3,2016
2016-07-04,2016,7,18.756,19.34,18.98032343661785,2016-07-07,LSTM,3,2016
2016-07-05,2016,7,18.866,19.522,19.099270168304443,2016-07-08,LSTM,3,2016
2016-07-06,2016,7,19.154,19.522,19.698767200946808,2016-07-09,LSTM,3,2016
2016-07-07,2016,7,19.34,19.454,19.582914095520973,2016-07-10,LSTM,3,2016
2016-07-08,2016,7,19.522,19.35,19.664529442906378,2016-07-11,LSTM,3,2016
2016-07-09,2016,7,19.522,19.256,19.27560295176506,2016-07-12,LSTM,3,2016
2016-07-10,2016,7,19.454,19.18,19.13248861217499,2016-07-13,LSTM,3,2016
2016-07-11,2016,7,19.35,19.12,19.022723323106767,2016-07-14,LSTM,3,2016
2016-07-12,2016,7,19.256,19.058,19.130531716108322,2016-07-15,LSTM,3,2016
2016-07-13,2016,7,19.18,18.988,19.105896041095257,2016-07-16,LSTM,3,2016
2016-07-14,2016,7,19.12,19.0,19.00029146194458,2016-07-17,LSTM,3,2016
2016-07-15,2016,7,19.058,19.076,18.91736151444912,2016-07-18,LSTM,3,2016
2016-07-16,2016,7,18.988,19.386,18.836581463098526,2016-07-19,LSTM,3,2016
2016-07-17,2016,7,19.0,19.448,18.954935669898987,2016-07-20,LSTM,3,2016
2016-07-18,2016,7,19.076,19.486,19.169814171850682,2016-07-21,LSTM,3,2016
2016-07-19,2016,7,19.386,19.626,20.07965507364273,2016-07-22,LSTM,3,2016
2016-07-20,2016,7,19.448,19.728,19.429641856953502,2016-07-23,LSTM,3,2016
2016-07-21,2016,7,19.486,19.908,19.372969178915024,2016-07-24,LSTM,3,2016
2016-07-22,2016,7,19.626,20.15,19.613291713245214,2016-07-25,LSTM,3,2016
2016-07-23,2016,7,19.728,20.334,19.606677375614645,2016-07-26,LSTM,3,2016
2016-07-24,2016,7,19.908,20.506,19.83642496931553,2016-07-27,LSTM,3,2016
2016-07-25,2016,7,20.15,20.654,20.127551367133854,2016-07-28,LSTM,3,2016
2016-07-26,2016,7,20.334,20.71,20.27031748855114,2016-07-29,LSTM,3,2016
2016-07-27,2016,7,20.506,20.648,20.389557371795178,2016-07-30,LSTM,3,2016
2016-07-28,2016,7,20.654,20.534,20.466260687351227,2016-07-31,LSTM,3,2016
2016-07-29,2016,7,20.71,20.322,20.391410729885102,2016-08-01,LSTM,3,2016
2016-07-30,2016,7,20.648,20.092,20.158783791542053,2016-08-02,LSTM,3,2016
2016-07-31,2016,7,20.534,19.742,19.96651711130142,2016-08-03,LSTM,3,2016
2016-08-01,2016,8,20.322,19.51,19.782886240005492,2016-08-04,LSTM,3,2016
2016-08-02,2016,8,20.092,19.332,19.499230615615843,2016-08-05,LSTM,3,2016
2016-08-03,2016,8,19.742,19.148,19.190731005191804,2016-08-06,LSTM,3,2016
2016-08-04,2016,8,19.51,18.956,19.137190589904787,2016-08-07,LSTM,3,2016
2016-08-05,2016,8,19.332,18.796,19.00385515165329,2016-08-08,LSTM,3,2016
2016-08-06,2016,8,19.148,18.62,18.785275248765945,2016-08-09,LSTM,3,2016
2016-08-07,2016,8,18.956,18.492,18.60860899066925,2016-08-10,LSTM,3,2016
2016-08-08,2016,8,18.796,18.35,18.514279659748077,2016-08-11,LSTM,3,2016
2016-08-09,2016,8,18.62,18.316,18.4006863039732,2016-08-12,LSTM,3,2016
2016-08-10,2016,8,18.492,18.22,18.338350952982903,2016-08-13,LSTM,3,2016
2016-08-11,2016,8,18.35,18.166,18.205644747614862,2016-08-14,LSTM,3,2016
2016-08-12,2016,8,18.316,18.1,18.254563924282788,2016-08-15,LSTM,3,2016
2016-08-13,2016,8,18.22,18.0,18.054119498729705,2016-08-16,LSTM,3,2016
2016-08-14,2016,8,18.166,17.936,18.06750912106037,2016-08-17,LSTM,3,2016
2016-08-15,2016,8,18.1,17.872,18.00244822204113,2016-08-18,LSTM,3,2016
2016-08-16,2016,8,18.0,17.87,17.84985625743866,2016-08-19,LSTM,3,2016
2016-08-17,2016,8,17.936,17.82,17.858776974737644,2016-08-20,LSTM,3,2016
2016-08-18,2016,8,17.872,17.69,17.80742955070734,2016-08-21,LSTM,3,2016
2016-08-19,2016,8,17.87,17.576,17.94904861867428,2016-08-22,LSTM,3,2016
2016-08-20,2016,8,17.82,17.472,17.841934658288956,2016-08-23,LSTM,3,2016
2016-08-21,2016,8,17.69,17.38,17.52434818685055,2016-08-24,LSTM,3,2016
2016-08-22,2016,8,17.576,17.298,17.43340913450718,2016-08-25,LSTM,3,2016
2016-08-23,2016,8,17.472,17.2,17.365580608069898,2016-08-26,LSTM,3,2016
2016-08-24,2016,8,17.38,17.09,17.31085765838623,2016-08-27,LSTM,3,2016
2016-08-25,2016,8,17.298,17.03,17.26451505678892,2016-08-28,LSTM,3,2016
2016-08-26,2016,8,17.2,16.97,17.164471600949764,2016-08-29,LSTM,3,2016
2016-08-27,2016,8,17.09,16.866,17.065106563419103,2016-08-30,LSTM,3,2016
2016-08-28,2016,8,17.03,16.828,17.09851737201214,2016-08-31,LSTM,3,2016
2016-08-29,2016,8,16.97,16.84,17.049640582203864,2016-09-01,LSTM,3,2016
2016-08-30,2016,8,16.866,16.844,16.894748854994774,2016-09-02,LSTM,3,2016
2016-08-31,2016,8,16.828,17.098,16.954588329672813,2016-09-03,LSTM,3,2016
2016-09-01,2016,9,16.84,17.356,17.034099441170692,2016-09-04,LSTM,3,2016
2016-09-02,2016,9,16.844,17.668,17.048547241330148,2016-09-05,LSTM,3,2016
2016-09-03,2016,9,17.098,17.73,17.85978127527237,2016-09-06,LSTM,3,2016
2016-09-04,2016,9,17.356,17.926,18.126076334476473,2016-09-07,LSTM,3,2016
2016-09-05,2016,9,17.668,18.186,18.530926602363586,2016-09-08,LSTM,3,2016
2016-09-06,2016,9,17.73,18.31,18.237798194885254,2016-09-09,LSTM,3,2016
2016-09-07,2016,9,17.926,18.368,18.44229227399826,2016-09-10,LSTM,3,2016
2016-09-08,2016,9,18.186,18.504,18.69045580482483,2016-09-11,LSTM,3,2016
2016-09-09,2016,9,18.31,18.554,18.442390424609183,2016-09-12,LSTM,3,2016
2016-09-10,2016,9,18.368,18.682,18.486990391492842,2016-09-13,LSTM,3,2016
2016-09-11,2016,9,18.504,18.84,18.74048947477341,2016-09-14,LSTM,3,2016
2016-09-12,2016,9,18.554,18.836,18.68526105070114,2016-09-15,LSTM,3,2016
2016-09-13,2016,9,18.682,18.63,18.88668771457672,2016-09-16,LSTM,3,2016
2016-09-14,2016,9,18.84,18.436,19.03927115738392,2016-09-17,LSTM,3,2016
2016-09-15,2016,9,18.836,18.226,18.7658283085227,2016-09-18,LSTM,3,2016
2016-09-16,2016,9,18.63,18.11,18.202268933057784,2016-09-19,LSTM,3,2016
2016-09-17,2016,9,18.436,17.95,18.0288995013237,2016-09-20,LSTM,3,2016
2016-09-18,2016,9,18.226,17.754,17.790645260572433,2016-09-21,LSTM,3,2016
2016-09-19,2016,9,18.11,17.796,17.889455095529556,2016-09-22,LSTM,3,2016
2016-09-20,2016,9,17.95,18.002,17.675645542144775,2016-09-23,LSTM,3,2016
2016-09-21,2016,9,17.754,18.078,17.43639137530327,2016-09-24,LSTM,3,2016
2016-09-22,2016,9,17.796,18.084,17.818530240938067,2016-09-25,LSTM,3,2016
2016-09-23,2016,9,18.002,18.27,18.302163120031356,2016-09-26,LSTM,3,2016
2016-09-24,2016,9,18.078,18.442,18.208074560642242,2016-09-27,LSTM,3,2016
2016-09-25,2016,9,18.084,18.49,18.13041517624259,2016-09-28,LSTM,3,2016
2016-09-26,2016,9,18.27,18.524,18.55647920489311,2016-09-29,LSTM,3,2016
2016-09-27,2016,9,18.442,18.696,18.7125440223217,2016-09-30,LSTM,3,2016
2016-09-28,2016,9,18.49,18.812,18.51132443524897,2016-10-01,LSTM,3,2016
2016-09-29,2016,9,18.524,18.796,18.540617799177767,2016-10-02,LSTM,3,2016
2016-09-30,2016,9,18.696,18.672,18.886057665109636,2016-10-03,LSTM,3,2016
2016-10-01,2016,10,18.812,18.43,18.87278175455332,2016-10-04,LSTM,3,2016
2016-10-02,2016,10,18.796,18.2,18.561099987387657,2016-10-05,LSTM,3,2016
2016-10-03,2016,10,18.672,18.006,18.303529927253724,2016-10-06,LSTM,3,2016
2016-10-04,2016,10,18.43,17.712,17.777574174404144,2016-10-07,LSTM,3,2016
2016-10-05,2016,10,18.2,17.48,17.52821136713028,2016-10-08,LSTM,3,2016
2016-10-06,2016,10,18.006,17.312,17.499030846118927,2016-10-09,LSTM,3,2016
2016-10-07,2016,10,17.712,17.246,17.134705709934234,2016-10-10,LSTM,3,2016
2016-10-08,2016,10,17.48,17.18,16.95628617286682,2016-10-11,LSTM,3,2016
2016-10-09,2016,10,17.312,17.136,16.837873959064485,2016-10-12,LSTM,3,2016
2016-10-10,2016,10,17.246,17.366,16.992051907539366,2016-10-13,LSTM,3,2016
2016-10-11,2016,10,17.18,17.964,16.974927656650543,2016-10-14,LSTM,3,2016
2016-10-12,2016,10,17.136,18.236,16.973902799248695,2016-10-15,LSTM,3,2016
2016-10-13,2016,10,17.366,18.48,17.485230829179287,2016-10-16,LSTM,3,2016
2016-10-14,2016,10,17.964,18.54,18.065405814290045,2016-10-17,LSTM,3,2016
2016-10-15,2016,10,18.236,18.54,17.9418162689209,2016-10-18,LSTM,3,2016
2016-10-16,2016,10,18.48,18.444,18.607379193902016,2016-10-19,LSTM,3,2016
2016-10-17,2016,10,18.54,18.192,18.386184968948363,2016-10-20,LSTM,3,2016
2016-10-18,2016,10,18.54,17.956,18.386322685480117,2016-10-21,LSTM,3,2016
2016-10-19,2016,10,18.444,17.57,18.21313885772228,2016-10-22,LSTM,3,2016
2016-10-20,2016,10,18.192,17.264,17.53495755624771,2016-10-23,LSTM,3,2016
2016-10-21,2016,10,17.956,16.99,17.19412872171402,2016-10-24,LSTM,3,2016
2016-10-22,2016,10,17.57,16.728,16.86557228088379,2016-10-25,LSTM,3,2016
2016-10-23,2016,10,17.264,16.54,16.65194946670532,2016-10-26,LSTM,3,2016
2016-10-24,2016,10,16.99,16.372,16.463105013370512,2016-10-27,LSTM,3,2016
2016-10-25,2016,10,16.728,16.204,16.159553781032564,2016-10-28,LSTM,3,2016
2016-10-26,2016,10,16.54,16.05,15.993795433044433,2016-10-29,LSTM,3,2016
2016-10-27,2016,10,16.372,15.93,15.8855537981987,2016-10-30,LSTM,3,2016
2016-10-28,2016,10,16.204,15.834,15.805271897554398,2016-10-31,LSTM,3,2016
2016-10-29,2016,10,16.05,15.736,15.731834787130357,2016-11-01,LSTM,3,2016
2016-10-30,2016,10,15.93,15.632,15.687187023758888,2016-11-02,LSTM,3,2016
2016-10-31,2016,10,15.834,15.542,15.636284449338913,2016-11-03,LSTM,3,2016
2016-11-01,2016,11,15.736,15.442,15.546258209705353,2016-11-04,LSTM,3,2016
2016-11-02,2016,11,15.632,15.358,15.448866159439087,2016-11-05,LSTM,3,2016
2016-11-03,2016,11,15.542,15.266,15.38128632736206,2016-11-06,LSTM,3,2016
2016-11-04,2016,11,15.442,15.182,15.290178431391716,2016-11-07,LSTM,3,2016
2016-11-05,2016,11,15.358,15.108,15.219042961478234,2016-11-08,LSTM,3,2016
2016-11-06,2016,11,15.266,15.048,15.113441151738167,2016-11-09,LSTM,3,2016
2016-11-07,2016,11,15.182,14.968,15.00424951684475,2016-11-10,LSTM,3,2016
2016-11-08,2016,11,15.108,14.926,14.919330139636994,2016-11-11,LSTM,3,2016
2016-11-09,2016,11,15.048,14.92,14.86426246869564,2016-11-12,LSTM,3,2016
2016-11-10,2016,11,14.968,14.904,14.77011327970028,2016-11-13,LSTM,3,2016
2016-11-11,2016,11,14.926,14.876,14.752427653431893,2016-11-14,LSTM,3,2016
2016-11-12,2016,11,14.92,14.85,14.818015849292278,2016-11-15,LSTM,3,2016
2016-11-13,2016,11,14.904,14.778,14.806968689799309,2016-11-16,LSTM,3,2016
2016-11-14,2016,11,14.876,14.7,14.760575970470905,2016-11-17,LSTM,3,2016
2016-11-15,2016,11,14.85,14.614,14.741970589756965,2016-11-18,LSTM,3,2016
2016-11-16,2016,11,14.778,14.548,14.63196009683609,2016-11-19,LSTM,3,2016
2016-11-17,2016,11,14.7,14.48,14.540446665883064,2016-11-20,LSTM,3,2016
2016-11-18,2016,11,14.614,14.434,14.463848926067353,2016-11-21,LSTM,3,2016
2016-11-19,2016,11,14.548,14.384,14.416585214018822,2016-11-22,LSTM,3,2016
2016-11-20,2016,11,14.48,14.296,14.355595480203629,2016-11-23,LSTM,3,2016
2016-11-21,2016,11,14.434,14.244,14.31697390192747,2016-11-24,LSTM,3,2016
2016-11-22,2016,11,14.384,14.2,14.269111525654793,2016-11-25,LSTM,3,2016
2016-11-23,2016,11,14.296,14.146,14.163145001888275,2016-11-26,LSTM,3,2016
2016-11-24,2016,11,14.244,14.09,14.126542468607425,2016-11-27,LSTM,3,2016
2016-11-25,2016,11,14.2,14.046,14.095133659243583,2016-11-28,LSTM,3,2016
2016-11-26,2016,11,14.146,14.02,14.031087914764882,2016-11-29,LSTM,3,2016
2016-11-27,2016,11,14.09,13.99,13.973201822638512,2016-11-30,LSTM,3,2016
2016-11-28,2016,11,14.046,13.958,13.935482475817203,2016-12-01,LSTM,3,2016
2016-11-29,2016,11,14.02,13.906,13.916955288946628,2016-12-02,LSTM,3,2016
2016-11-30,2016,11,13.99,13.87,13.884966013729573,2016-12-03,LSTM,3,2016
2016-12-01,2016,12,13.958,13.818,13.849645930707455,2016-12-04,LSTM,3,2016
2016-12-02,2016,12,13.906,13.786,13.789564591407776,2016-12-05,LSTM,3,2016
2016-12-03,2016,12,13.87,13.75,13.762341084778308,2016-12-06,LSTM,3,2016
2016-12-04,2016,12,13.818,13.698,13.706420268893241,2016-12-07,LSTM,3,2016
2016-12-05,2016,12,13.786,13.66,13.680956313073635,2016-12-08,LSTM,3,2016
2016-12-06,2016,12,13.75,13.63,13.64537601172924,2016-12-09,LSTM,3,2016
2016-12-07,2016,12,13.698,13.588,13.582910963475705,2016-12-10,LSTM,3,2016
2016-12-08,2016,12,13.66,13.56,13.552147459089756,2016-12-11,LSTM,3,2016
2016-12-09,2016,12,13.63,13.53,13.528402988910676,2016-12-12,LSTM,3,2016
2016-12-10,2016,12,13.588,13.498,13.479052365303039,2016-12-13,LSTM,3,2016
2016-12-11,2016,12,13.56,13.46,13.45655976742506,2016-12-14,LSTM,3,2016
2016-12-12,2016,12,13.53,13.43,13.428143678903579,2016-12-15,LSTM,3,2016
2016-12-13,2016,12,13.498,13.408,13.393722791552543,2016-12-16,LSTM,3,2016
2016-12-14,2016,12,13.46,13.38,13.354052885472775,2016-12-17,LSTM,3,2016
2016-12-15,2016,12,13.43,13.348,13.329001643061638,2016-12-18,LSTM,3,2016
2016-12-16,2016,12,13.408,13.32,13.312581353068351,2016-12-19,LSTM,3,2016
2016-12-17,2016,12,13.38,13.29,13.281058830320836,2016-12-20,LSTM,3,2016
2016-12-18,2016,12,13.348,13.268,13.24618236231804,2016-12-21,LSTM,3,2016
2016-12-19,2016,12,13.32,13.25,13.222164578437805,2016-12-22,LSTM,3,2016
2016-12-20,2016,12,13.29,13.218,13.192620032429694,2016-12-23,LSTM,3,2016
2016-12-21,2016,12,13.268,13.2,13.17508014369011,2016-12-24,LSTM,3,2016
2016-12-22,2016,12,13.25,13.16,13.160630121827126,2016-12-25,LSTM,3,2016
2016-12-23,2016,12,13.218,13.16,13.119813387870789,2016-12-26,LSTM,3,2016
2016-12-24,2016,12,13.2,13.15,13.110134188830852,2016-12-27,LSTM,3,2016
2016-12-25,2016,12,13.16,13.12,13.06039099752903,2016-12-28,LSTM,3,2016
2016-12-26,2016,12,13.16,13.11,13.081856090426445,2016-12-29,LSTM,3,2016
2016-12-27,2016,12,13.15,13.09,13.07311068624258,2016-12-30,LSTM,3,2016
2016-12-28,2016,12,13.12,13.08,13.023201431035995,2016-12-31,LSTM,3,2016
2016-12-29,2016,12,13.11,13.044,13.029362500309944,2017-01-01,LSTM,3,2016
2016-12-30,2016,12,13.09,13.02,13.008766148388386,2017-01-02,LSTM,3,2016
2016-12-31,2016,12,13.08,13.01,13.002828793525696,2017-01-03,LSTM,3,2016
2017-01-01,2017,1,13.044,13.0,12.976659335434437,2017-01-04,LSTM,3,2017
2017-01-02,2017,1,13.02,12.99,12.957332585453987,2017-01-05,LSTM,3,2017
2017-01-03,2017,1,13.01,12.98,12.961071355491876,2017-01-06,LSTM,3,2017
2017-01-04,2017,1,13.0,12.97,12.952575150877237,2017-01-07,LSTM,3,2017
2017-01-05,2017,1,12.99,12.93,12.943763730823994,2017-01-08,LSTM,3,2017
2017-01-06,2017,1,12.98,12.88,12.934722482711077,2017-01-09,LSTM,3,2017
2017-01-07,2017,1,12.97,12.84,12.927542005926371,2017-01-10,LSTM,3,2017
2017-01-08,2017,1,12.93,12.82,12.862935513556003,2017-01-11,LSTM,3,2017
2017-01-09,2017,1,12.88,12.79,12.79736362874508,2017-01-12,LSTM,3,2017
2017-01-10,2017,1,12.84,12.77,12.764504369497299,2017-01-13,LSTM,3,2017
2017-01-11,2017,1,12.82,12.75,12.762392751574517,2017-01-14,LSTM,3,2017
2017-01-12,2017,1,12.79,12.74,12.730319970250129,2017-01-15,LSTM,3,2017
2017-01-13,2017,1,12.77,12.72,12.717066899389028,2017-01-16,LSTM,3,2017
2017-01-14,2017,1,12.75,12.7,12.702510878443718,2017-01-17,LSTM,3,2017
2017-01-15,2017,1,12.74,12.67,12.699937915205956,2017-01-18,LSTM,3,2017
2017-01-16,2017,1,12.72,12.64,12.673127257525922,2017-01-19,LSTM,3,2017
2017-01-17,2017,1,12.7,12.63,12.649697267264127,2017-01-20,LSTM,3,2017
2017-01-18,2017,1,12.67,12.62,12.612056588828564,2017-01-21,LSTM,3,2017
2017-01-19,2017,1,12.64,12.61,12.578669286668301,2017-01-22,LSTM,3,2017
2017-01-20,2017,1,12.63,12.58,12.585480258911849,2017-01-23,LSTM,3,2017
2017-01-21,2017,1,12.62,12.58,12.579099076688289,2017-01-24,LSTM,3,2017
2017-01-22,2017,1,12.61,12.57,12.570524186491966,2017-01-25,LSTM,3,2017
2017-01-23,2017,1,12.58,12.54,12.523585935980082,2017-01-26,LSTM,3,2017
2017-01-24,2017,1,12.58,12.52,12.547277474701405,2017-01-27,LSTM,3,2017
2017-01-25,2017,1,12.57,12.5,12.534211817830801,2017-01-28,LSTM,3,2017
2017-01-26,2017,1,12.54,12.47,12.479670860767364,2017-01-29,LSTM,3,2017
2017-01-27,2017,1,12.52,12.45,12.466125287562608,2017-01-30,LSTM,3,2017
2017-01-28,2017,1,12.5,12.44,12.449602536857128,2017-01-31,LSTM,3,2017
2017-01-29,2017,1,12.47,12.43,12.409877688884736,2017-02-01,LSTM,3,2017
2017-01-30,2017,1,12.45,12.42,12.396008887141942,2017-02-02,LSTM,3,2017
2017-01-31,2017,1,12.44,12.41,12.401725812405347,2017-02-03,LSTM,3,2017
2017-02-01,2017,2,12.43,12.39,12.396437090188265,2017-02-04,LSTM,3,2017
2017-02-02,2017,2,12.42,12.38,12.38611076593399,2017-02-05,LSTM,3,2017
2017-02-03,2017,2,12.41,12.36,12.37755801141262,2017-02-06,LSTM,3,2017
2017-02-04,2017,2,12.39,12.34,12.347027163356543,2017-02-07,LSTM,3,2017
2017-02-05,2017,2,12.38,12.32,12.34543086692691,2017-02-08,LSTM,3,2017
2017-02-06,2017,2,12.36,12.3,12.31455763861537,2017-02-09,LSTM,3,2017
2017-02-07,2017,2,12.34,12.29,12.292222485095262,2017-02-10,LSTM,3,2017
2017-02-08,2017,2,12.32,12.27,12.273293651342392,2017-02-11,LSTM,3,2017
2017-02-09,2017,2,12.3,12.25,12.254577691853047,2017-02-12,LSTM,3,2017
2017-02-10,2017,2,12.29,12.24,12.259989355653524,2017-02-13,LSTM,3,2017
2017-02-11,2017,2,12.27,12.22,12.229776561707258,2017-02-14,LSTM,3,2017
2017-02-12,2017,2,12.25,12.21,12.209523901343346,2017-02-15,LSTM,3,2017
2017-02-13,2017,2,12.24,12.21,12.215312365218997,2017-02-16,LSTM,3,2017
2017-02-14,2017,2,12.22,12.19,12.185004146099091,2017-02-17,LSTM,3,2017
2017-02-15,2017,2,12.21,12.18,12.188234101086856,2017-02-18,LSTM,3,2017
2017-02-16,2017,2,12.21,12.178,12.207885261196644,2017-02-19,LSTM,3,2017
2017-02-17,2017,2,12.19,12.16,12.1630363804847,2017-02-20,LSTM,3,2017
2017-02-18,2017,2,12.18,12.16,12.165926451161504,2017-02-21,LSTM,3,2017
2017-02-19,2017,2,12.178,12.16,12.183016744136811,2017-02-22,LSTM,3,2017
2017-02-20,2017,2,12.16,12.15,12.14248309455812,2017-02-23,LSTM,3,2017
2017-02-21,2017,2,12.16,12.156,12.171167247779668,2017-02-24,LSTM,3,2017
2017-02-22,2017,2,12.16,12.178,12.181359978243709,2017-02-25,LSTM,3,2017
2017-02-23,2017,2,12.15,12.2,12.158675036020577,2017-02-26,LSTM,3,2017
2017-02-24,2017,2,12.156,12.21,12.195423245936633,2017-02-27,LSTM,3,2017
2017-02-25,2017,2,12.178,12.22,12.244238179802895,2017-02-28,LSTM,3,2017
2017-02-26,2017,2,12.2,12.23,12.262174446880817,2017-03-01,LSTM,3,2017
2017-02-27,2017,2,12.21,12.25,12.251203569620849,2017-03-02,LSTM,3,2017
2017-02-28,2017,2,12.22,12.268,12.26602174088359,2017-03-03,LSTM,3,2017
2017-03-01,2017,3,12.23,12.438,12.278009224236012,2017-03-04,LSTM,3,2017
2017-03-02,2017,3,12.25,12.496,12.320504426956177,2017-03-05,LSTM,3,2017
2017-03-03,2017,3,12.268,12.512,12.337578491151334,2017-03-06,LSTM,3,2017
2017-03-04,2017,3,12.438,12.434,12.739680147647858,2017-03-07,LSTM,3,2017
2017-03-05,2017,3,12.496,12.402,12.567916408836842,2017-03-08,LSTM,3,2017
2017-03-06,2017,3,12.512,12.344,12.546404419362545,2017-03-09,LSTM,3,2017
2017-03-07,2017,3,12.434,12.31,12.297055482506751,2017-03-10,LSTM,3,2017
2017-03-08,2017,3,12.402,12.292,12.317959388017654,2017-03-11,LSTM,3,2017
2017-03-09,2017,3,12.344,12.38,12.241526018321514,2017-03-12,LSTM,3,2017
2017-03-10,2017,3,12.31,12.602,12.252022487521172,2017-03-13,LSTM,3,2017
2017-03-11,2017,3,12.292,12.874,12.293228817738592,2017-03-14,LSTM,3,2017
2017-03-12,2017,3,12.38,12.986,12.589382340312005,2017-03-15,LSTM,3,2017
2017-03-13,2017,3,12.602,12.956,12.912612320899964,2017-03-16,LSTM,3,2017
2017-03-14,2017,3,12.874,12.878,13.199265556573868,2017-03-17,LSTM,3,2017
2017-03-15,2017,3,12.986,12.816,12.957059262752534,2017-03-18,LSTM,3,2017
2017-03-16,2017,3,12.956,12.83,12.796945824980735,2017-03-19,LSTM,3,2017
2017-03-17,2017,3,12.878,12.872,12.709222221255303,2017-03-20,LSTM,3,2017
2017-03-18,2017,3,12.816,12.986,12.77324492520094,2017-03-21,LSTM,3,2017
2017-03-19,2017,3,12.83,13.044,13.025500150322914,2017-03-22,LSTM,3,2017
2017-03-20,2017,3,12.872,12.99,13.111703178405762,2017-03-23,LSTM,3,2017
2017-03-21,2017,3,12.986,12.94,13.240836827516556,2017-03-24,LSTM,3,2017
2017-03-22,2017,3,13.044,12.87,13.13859924697876,2017-03-25,LSTM,3,2017
2017-03-23,2017,3,12.99,12.906,12.941635513454676,2017-03-26,LSTM,3,2017
2017-03-24,2017,3,12.94,12.826,12.899699112921953,2017-03-27,LSTM,3,2017
2017-03-25,2017,3,12.87,12.832,12.823082360327243,2017-03-28,LSTM,3,2017
2017-03-26,2017,3,12.906,12.96,13.09943599677086,2017-03-29,LSTM,3,2017
2017-03-27,2017,3,12.826,12.9,12.781184888094664,2017-03-30,LSTM,3,2017
2017-03-28,2017,3,12.832,12.88,12.935353418409825,2017-03-31,LSTM,3,2017
2017-03-29,2017,3,12.96,12.85,13.24824818134308,2017-04-01,LSTM,3,2017
2017-03-30,2017,3,12.9,12.9,12.879377079755068,2017-04-02,LSTM,3,2017
2017-03-31,2017,3,12.88,13.008,12.946385813057423,2017-04-03,LSTM,3,2017
2017-04-01,2017,4,12.85,13.236,12.93755561709404,2017-04-04,LSTM,3,2017
2017-04-02,2017,4,12.9,13.564,13.120811814069748,2017-04-05,LSTM,3,2017
2017-04-03,2017,4,13.008,13.764,13.307279868602752,2017-04-06,LSTM,3,2017
2017-04-04,2017,4,13.236,13.94,13.735298602342606,2017-04-07,LSTM,3,2017
2017-04-05,2017,4,13.564,14.118,13.942079354763031,2017-04-08,LSTM,3,2017
2017-04-06,2017,4,13.764,14.378,13.970144660711288,2017-04-09,LSTM,3,2017
2017-04-07,2017,4,13.94,14.62,14.219756784439086,2017-04-10,LSTM,3,2017
2017-04-08,2017,4,14.118,14.638,14.307494520425797,2017-04-11,LSTM,3,2017
2017-04-09,2017,4,14.378,14.502,14.658654549598694,2017-04-12,LSTM,3,2017
2017-04-10,2017,4,14.62,14.34,14.841957221627235,2017-04-13,LSTM,3,2017
2017-04-11,2017,4,14.638,14.16,14.608021966844797,2017-04-14,LSTM,3,2017
2017-04-12,2017,4,14.502,14.032,14.42397223007679,2017-04-15,LSTM,3,2017
2017-04-13,2017,4,14.34,14.254,14.184687953591347,2017-04-16,LSTM,3,2017
2017-04-14,2017,4,14.16,14.4,13.779346171617508,2017-04-17,LSTM,3,2017
2017-04-15,2017,4,14.032,14.454,13.755934918642044,2017-04-18,LSTM,3,2017
2017-04-16,2017,4,14.254,14.35,14.719003162622451,2017-04-19,LSTM,3,2017
2017-04-17,2017,4,14.4,14.192,14.499776968359948,2017-04-20,LSTM,3,2017
2017-04-18,2017,4,14.454,14.058,14.54160678768158,2017-04-21,LSTM,3,2017
2017-04-19,2017,4,14.35,14.138,14.287105365097522,2017-04-22,LSTM,3,2017
2017-04-20,2017,4,14.192,14.088,13.953418551206589,2017-04-23,LSTM,3,2017
2017-04-21,2017,4,14.058,14.1,13.851162181973457,2017-04-24,LSTM,3,2017
2017-04-22,2017,4,14.138,14.12,14.5308824365139,2017-04-25,LSTM,3,2017
2017-04-23,2017,4,14.088,14.066,14.209182315051555,2017-04-26,LSTM,3,2017
2017-04-24,2017,4,14.1,14.082,14.388432538509369,2017-04-27,LSTM,3,2017
2017-04-25,2017,4,14.12,14.19,14.414925481081008,2017-04-28,LSTM,3,2017
2017-04-26,2017,4,14.066,14.346,14.11464764213562,2017-04-29,LSTM,3,2017
2017-04-27,2017,4,14.082,14.57,14.266063494205476,2017-04-30,LSTM,3,2017
2017-04-28,2017,4,14.19,14.926,14.621276530027389,2017-05-01,LSTM,3,2017
2017-04-29,2017,4,14.346,15.76,14.778345449924469,2017-05-02,LSTM,3,2017
2017-04-30,2017,4,14.57,16.168,15.046247072219849,2017-05-03,LSTM,3,2017
2017-05-01,2017,5,14.926,16.404,15.80908322429657,2017-05-04,LSTM,3,2017
2017-05-02,2017,5,15.76,16.146,16.10925165772438,2017-05-05,LSTM,3,2017
2017-05-03,2017,5,16.168,15.996,16.266381891846656,2017-05-06,LSTM,3,2017
2017-05-04,2017,5,16.404,15.892,16.96387912416458,2017-05-07,LSTM,3,2017
2017-05-05,2017,5,16.146,15.9,15.990083026051522,2017-05-08,LSTM,3,2017
2017-05-06,2017,5,15.996,15.916,16.067199193596842,2017-05-09,LSTM,3,2017
2017-05-07,2017,5,15.892,15.872,15.95898628515005,2017-05-10,LSTM,3,2017
2017-05-08,2017,5,15.9,15.82,16.210940861701964,2017-05-11,LSTM,3,2017
2017-05-09,2017,5,15.916,15.89,16.344945392370224,2017-05-12,LSTM,3,2017
2017-05-10,2017,5,15.872,15.91,15.843394754946232,2017-05-13,LSTM,3,2017
2017-05-11,2017,5,15.82,15.88,15.782080840021372,2017-05-14,LSTM,3,2017
2017-05-12,2017,5,15.89,15.79,16.262327506542206,2017-05-15,LSTM,3,2017
2017-05-13,2017,5,15.91,15.484,16.278170857429505,2017-05-16,LSTM,3,2017
2017-05-14,2017,5,15.88,15.432,16.1815051484108,2017-05-17,LSTM,3,2017
2017-05-15,2017,5,15.79,15.376,15.677524716556071,2017-05-18,LSTM,3,2017
2017-05-16,2017,5,15.484,15.312,15.113030853509903,2017-05-19,LSTM,3,2017
2017-05-17,2017,5,15.432,15.28,15.26713081073761,2017-05-20,LSTM,3,2017
2017-05-18,2017,5,15.376,15.27,15.217356933116912,2017-05-21,LSTM,3,2017
2017-05-19,2017,5,15.312,15.25,15.21403957259655,2017-05-22,LSTM,3,2017
2017-05-20,2017,5,15.28,15.29,15.424907906651496,2017-05-23,LSTM,3,2017
2017-05-21,2017,5,15.27,15.25,15.699203271865844,2017-05-24,LSTM,3,2017
2017-05-22,2017,5,15.25,15.366,15.867226719856262,2017-05-25,LSTM,3,2017
2017-05-23,2017,5,15.29,15.596,15.678274401426314,2017-05-26,LSTM,3,2017
2017-05-24,2017,5,15.25,15.896,15.423233270645142,2017-05-27,LSTM,3,2017
2017-05-25,2017,5,15.366,16.098,16.023937705516815,2017-05-28,LSTM,3,2017
2017-05-26,2017,5,15.596,16.202,16.50739805316925,2017-05-29,LSTM,3,2017
2017-05-27,2017,5,15.896,16.21,16.97877988433838,2017-05-30,LSTM,3,2017
2017-05-28,2017,5,16.098,16.22,16.890081475257873,2017-05-31,LSTM,3,2017
2017-05-29,2017,5,16.202,16.28,16.481796302318575,2017-06-01,LSTM,3,2017
2017-05-30,2017,5,16.21,16.26,16.16130567252636,2017-06-02,LSTM,3,2017
2017-05-31,2017,5,16.22,16.28,16.312683881521224,2017-06-03,LSTM,3,2017
2017-06-01,2017,6,16.28,16.356,16.716303585767747,2017-06-04,LSTM,3,2017
2017-06-02,2017,6,16.26,16.904,16.64893082737923,2017-06-05,LSTM,3,2017
2017-06-03,2017,6,16.28,17.592,16.767214952707292,2017-06-06,LSTM,3,2017
2017-06-04,2017,6,16.356,17.82,16.989606016635896,2017-06-07,LSTM,3,2017
2017-06-05,2017,6,16.904,18.04,17.89036507987976,2017-06-08,LSTM,3,2017
2017-06-06,2017,6,17.592,18.014,18.127849332809447,2017-06-09,LSTM,3,2017
2017-06-07,2017,6,17.82,17.768,18.040134243369103,2017-06-10,LSTM,3,2017
2017-06-08,2017,6,18.04,17.418,18.271752589344977,2017-06-11,LSTM,3,2017
2017-06-09,2017,6,18.014,17.156,17.658669085741042,2017-06-12,LSTM,3,2017
2017-06-10,2017,6,17.768,16.942,17.34941788840294,2017-06-13,LSTM,3,2017
2017-06-11,2017,6,17.418,16.85,17.157761054515838,2017-06-14,LSTM,3,2017
2017-06-12,2017,6,17.156,16.9,17.097051255911587,2017-06-15,LSTM,3,2017
2017-06-13,2017,6,16.942,17.096,16.807129709243775,2017-06-16,LSTM,3,2017
2017-06-14,2017,6,16.85,17.286,16.819798274338247,2017-06-17,LSTM,3,2017
2017-06-15,2017,6,16.9,17.498,17.022982397675513,2017-06-18,LSTM,3,2017
2017-06-16,2017,6,17.096,17.826,17.310324191212654,2017-06-19,LSTM,3,2017
2017-06-17,2017,6,17.286,18.124,17.790628002643587,2017-06-20,LSTM,3,2017
2017-06-18,2017,6,17.498,18.396,18.30348620223999,2017-06-21,LSTM,3,2017
2017-06-19,2017,6,17.826,18.512,18.66422774887085,2017-06-22,LSTM,3,2017
2017-06-20,2017,6,18.124,18.53,18.70738165283203,2017-06-23,LSTM,3,2017
2017-06-21,2017,6,18.396,18.54,18.78166580414772,2017-06-24,LSTM,3,2017
2017-06-22,2017,6,18.512,18.53,18.513582488184795,2017-06-25,LSTM,3,2017
2017-06-23,2017,6,18.53,18.47,18.33790448188782,2017-06-26,LSTM,3,2017
2017-06-24,2017,6,18.54,18.264,18.472522535324096,2017-06-27,LSTM,3,2017
2017-06-25,2017,6,18.53,18.23,18.420606611967088,2017-06-28,LSTM,3,2017
2017-06-26,2017,6,18.47,18.082,18.312496931552886,2017-06-29,LSTM,3,2017
2017-06-27,2017,6,18.264,18.276,18.065479890942573,2017-06-30,LSTM,3,2017
2017-06-28,2017,6,18.23,18.43,18.472539569735527,2017-07-01,LSTM,3,2017
2017-06-29,2017,6,18.082,18.68,17.93864364695549,2017-07-02,LSTM,3,2017
2017-06-30,2017,6,18.276,18.856,18.837971127986908,2017-07-03,LSTM,3,2017
2017-07-01,2017,7,18.43,18.974,18.932775132656097,2017-07-04,LSTM,3,2017
2017-07-02,2017,7,18.68,19.154,19.397245221138,2017-07-05,LSTM,3,2017
2017-07-03,2017,7,18.856,19.432,19.291582488775255,2017-07-06,LSTM,3,2017
2017-07-04,2017,7,18.974,19.73,19.05269029790163,2017-07-07,LSTM,3,2017
2017-07-05,2017,7,19.154,19.85,19.24171011978388,2017-07-08,LSTM,3,2017
2017-07-06,2017,7,19.432,19.86,19.688276130676268,2017-07-09,LSTM,3,2017
2017-07-07,2017,7,19.73,19.87,20.002650837898255,2017-07-10,LSTM,3,2017
2017-07-08,2017,7,19.85,20.166,19.666198706626894,2017-07-11,LSTM,3,2017
2017-07-09,2017,7,19.86,20.294,19.563817546367645,2017-07-12,LSTM,3,2017
2017-07-10,2017,7,19.87,20.34,19.606480683088304,2017-07-13,LSTM,3,2017
2017-07-11,2017,7,20.166,20.368,20.260287604093552,2017-07-14,LSTM,3,2017
2017-07-12,2017,7,20.294,20.264,20.206776313722134,2017-07-15,LSTM,3,2017
2017-07-13,2017,7,20.34,20.05,20.189854454398155,2017-07-16,LSTM,3,2017
2017-07-14,2017,7,20.368,19.724,20.12991608607769,2017-07-17,LSTM,3,2017
2017-07-15,2017,7,20.264,19.482,19.794643343925475,2017-07-18,LSTM,3,2017
2017-07-16,2017,7,20.05,19.216,19.500084745883942,2017-07-19,LSTM,3,2017
2017-07-17,2017,7,19.724,19.062,19.185847186088562,2017-07-20,LSTM,3,2017
2017-07-18,2017,7,19.482,18.93,19.310785568475723,2017-07-21,LSTM,3,2017
2017-07-19,2017,7,19.216,18.762,18.91925502753258,2017-07-22,LSTM,3,2017
2017-07-20,2017,7,19.062,18.694,18.875092142343522,2017-07-23,LSTM,3,2017
2017-07-21,2017,7,18.93,18.67,18.684517152905464,2017-07-24,LSTM,3,2017
2017-07-22,2017,7,18.762,18.674,18.51450566005707,2017-07-25,LSTM,3,2017
2017-07-23,2017,7,18.694,18.618,18.696993427449836,2017-07-26,LSTM,3,2017
2017-07-24,2017,7,18.67,18.554,18.513723356723787,2017-07-27,LSTM,3,2017
2017-07-25,2017,7,18.674,18.46,18.515688454151153,2017-07-28,LSTM,3,2017
2017-07-26,2017,7,18.618,18.392,18.434845685243605,2017-07-29,LSTM,3,2017
2017-07-27,2017,7,18.554,18.414,18.40555314207077,2017-07-30,LSTM,3,2017
2017-07-28,2017,7,18.46,18.434,18.29357207477093,2017-07-31,LSTM,3,2017
2017-07-29,2017,7,18.392,18.508,18.270175407648086,2017-08-01,LSTM,3,2017
2017-07-30,2017,7,18.414,18.472,18.445253442168237,2017-08-02,LSTM,3,2017
2017-07-31,2017,7,18.434,18.46,18.454491087809206,2017-08-03,LSTM,3,2017
2017-08-01,2017,8,18.508,18.472,18.7296327637434,2017-08-04,LSTM,3,2017
2017-08-02,2017,8,18.472,18.59,18.44167012062669,2017-08-05,LSTM,3,2017
2017-08-03,2017,8,18.46,18.624,18.471632220819593,2017-08-06,LSTM,3,2017
2017-08-04,2017,8,18.472,18.56,18.51198938202858,2017-08-07,LSTM,3,2017
2017-08-05,2017,8,18.59,18.526,18.87846824169159,2017-08-08,LSTM,3,2017
2017-08-06,2017,8,18.624,18.542,18.73068359696865,2017-08-09,LSTM,3,2017
2017-08-07,2017,8,18.56,18.696,18.51056042075157,2017-08-10,LSTM,3,2017
2017-08-08,2017,8,18.526,18.986,18.529079320304096,2017-08-11,LSTM,3,2017
2017-08-09,2017,8,18.542,19.608,18.594092399448158,2017-08-12,LSTM,3,2017
2017-08-10,2017,8,18.696,20.202,19.02470611548424,2017-08-13,LSTM,3,2017
2017-08-11,2017,8,18.986,20.728,19.63525938844681,2017-08-14,LSTM,3,2017
2017-08-12,2017,8,19.608,20.826,20.409420211791993,2017-08-15,LSTM,3,2017
2017-08-13,2017,8,20.202,20.83,20.85979721736908,2017-08-16,LSTM,3,2017
2017-08-14,2017,8,20.728,20.698,21.274977043151857,2017-08-17,LSTM,3,2017
2017-08-15,2017,8,20.826,20.476,20.497651989221573,2017-08-18,LSTM,3,2017
2017-08-16,2017,8,20.83,20.24,20.138527708053587,2017-08-19,LSTM,3,2017
2017-08-17,2017,8,20.698,20.048,19.952018664360047,2017-08-20,LSTM,3,2017
2017-08-18,2017,8,20.476,19.88,19.724378813266753,2017-08-21,LSTM,3,2017
2017-08-19,2017,8,20.24,19.73,19.60816394329071,2017-08-22,LSTM,3,2017
2017-08-20,2017,8,20.048,19.53,19.548885397195814,2017-08-23,LSTM,3,2017
2017-08-21,2017,8,19.88,19.436,19.415030394792556,2017-08-24,LSTM,3,2017
2017-08-22,2017,8,19.73,19.304,19.26817716240883,2017-08-25,LSTM,3,2017
2017-08-23,2017,8,19.53,19.136,19.033897398710252,2017-08-26,LSTM,3,2017
2017-08-24,2017,8,19.436,18.998,19.117204795837402,2017-08-27,LSTM,3,2017
2017-08-25,2017,8,19.304,18.972,18.921149382829665,2017-08-28,LSTM,3,2017
2017-08-26,2017,8,19.136,18.826,18.708246193885802,2017-08-29,LSTM,3,2017
2017-08-27,2017,8,18.998,18.72,18.65241280603409,2017-08-30,LSTM,3,2017
2017-08-28,2017,8,18.972,18.568,18.8274914444685,2017-08-31,LSTM,3,2017
2017-08-29,2017,8,18.826,18.472,18.514025027513505,2017-09-01,LSTM,3,2017
2017-08-30,2017,8,18.72,18.544,18.471723825931548,2017-09-02,LSTM,3,2017
2017-08-31,2017,8,18.568,18.576,18.266050796985628,2017-09-03,LSTM,3,2017
2017-09-01,2017,9,18.472,18.566,18.265718978762628,2017-09-04,LSTM,3,2017
2017-09-02,2017,9,18.544,18.58,18.553094052016736,2017-09-05,LSTM,3,2017
2017-09-03,2017,9,18.576,18.6,18.586826994664968,2017-09-06,LSTM,3,2017
2017-09-04,2017,9,18.566,18.65,18.558684165481477,2017-09-07,LSTM,3,2017
2017-09-05,2017,9,18.58,18.76,18.637964026927946,2017-09-08,LSTM,3,2017
2017-09-06,2017,9,18.6,18.892,18.673448717594148,2017-09-09,LSTM,3,2017
2017-09-07,2017,9,18.65,19.076,18.738607423007487,2017-09-10,LSTM,3,2017
2017-09-08,2017,9,18.76,19.334,18.872977847456934,2017-09-11,LSTM,3,2017
2017-09-09,2017,9,18.892,19.378,19.11555978190899,2017-09-12,LSTM,3,2017
2017-09-10,2017,9,19.076,19.256,19.49337014055252,2017-09-13,LSTM,3,2017
2017-09-11,2017,9,19.334,19.132,19.77715254688263,2017-09-14,LSTM,3,2017
2017-09-12,2017,9,19.378,19.008,19.379242501894012,2017-09-15,LSTM,3,2017
2017-09-13,2017,9,19.256,18.912,18.76624439930916,2017-09-16,LSTM,3,2017
2017-09-14,2017,9,19.132,18.732,18.813984275579454,2017-09-17,LSTM,3,2017
2017-09-15,2017,9,19.008,18.53,18.784163548231124,2017-09-18,LSTM,3,2017
2017-09-16,2017,9,18.912,18.356,18.765018179535865,2017-09-19,LSTM,3,2017
2017-09-17,2017,9,18.732,18.25,18.280897743225097,2017-09-20,LSTM,3,2017
2017-09-18,2017,9,18.53,18.158,18.042176275253297,2017-09-21,LSTM,3,2017
2017-09-19,2017,9,18.356,18.064,18.019377523422243,2017-09-22,LSTM,3,2017
2017-09-20,2017,9,18.25,18.072,18.008342653512955,2017-09-23,LSTM,3,2017
2017-09-21,2017,9,18.158,17.942,17.939729713082315,2017-09-24,LSTM,3,2017
2017-09-22,2017,9,18.064,17.866,17.853681985974312,2017-09-25,LSTM,3,2017
2017-09-23,2017,9,18.072,17.85,18.017783164352178,2017-09-26,LSTM,3,2017
2017-09-24,2017,9,17.942,17.95,17.725751264214516,2017-09-27,LSTM,3,2017
2017-09-25,2017,9,17.866,18.042,17.700058433771133,2017-09-28,LSTM,3,2017
2017-09-26,2017,9,17.85,18.05,17.826799743250014,2017-09-29,LSTM,3,2017
2017-09-27,2017,9,17.95,18.116,17.976670321822166,2017-09-30,LSTM,3,2017
2017-09-28,2017,9,18.042,18.238,17.955258001208307,2017-10-01,LSTM,3,2017
2017-09-29,2017,9,18.05,18.502,17.897599864006043,2017-10-02,LSTM,3,2017
2017-09-30,2017,9,18.116,18.55,18.034616726994514,2017-10-03,LSTM,3,2017
2017-10-01,2017,10,18.238,18.396,18.16408641833067,2017-10-04,LSTM,3,2017
2017-10-02,2017,10,18.502,18.226,18.715791623711585,2017-10-05,LSTM,3,2017
2017-10-03,2017,10,18.55,18.126,18.302270102500916,2017-10-06,LSTM,3,2017
2017-10-04,2017,10,18.396,18.162,17.838886769771577,2017-10-07,LSTM,3,2017
2017-10-05,2017,10,18.226,18.246,17.6597443113327,2017-10-08,LSTM,3,2017
2017-10-06,2017,10,18.126,18.308,17.856770945549012,2017-10-09,LSTM,3,2017
2017-10-07,2017,10,18.162,18.284,18.13685578805208,2017-10-10,LSTM,3,2017
2017-10-08,2017,10,18.246,18.066,18.07886690711975,2017-10-11,LSTM,3,2017
2017-10-09,2017,10,18.308,17.778,18.02209025788307,2017-10-12,LSTM,3,2017
2017-10-10,2017,10,18.284,17.504,17.83757265472412,2017-10-13,LSTM,3,2017
2017-10-11,2017,10,18.066,17.326,17.205838516712188,2017-10-14,LSTM,3,2017
2017-10-12,2017,10,17.778,17.092,16.889634850502013,2017-10-15,LSTM,3,2017
2017-10-13,2017,10,17.504,17.036,16.888179770946504,2017-10-16,LSTM,3,2017
2017-10-14,2017,10,17.326,16.998,16.953020716667176,2017-10-17,LSTM,3,2017
2017-10-15,2017,10,17.092,16.932,16.68166365456581,2017-10-18,LSTM,3,2017
2017-10-16,2017,10,17.036,16.896,16.756038264989854,2017-10-19,LSTM,3,2017
2017-10-17,2017,10,16.998,16.892,16.92666872251034,2017-10-20,LSTM,3,2017
2017-10-18,2017,10,16.932,17.158,16.75350653004646,2017-10-21,LSTM,3,2017
2017-10-19,2017,10,16.896,17.352,16.61931440448761,2017-10-22,LSTM,3,2017
2017-10-20,2017,10,16.892,17.182,16.557552020072936,2017-10-23,LSTM,3,2017
2017-10-21,2017,10,17.158,16.96,17.424019880771638,2017-10-24,LSTM,3,2017
2017-10-22,2017,10,17.352,16.774,17.48730357182026,2017-10-25,LSTM,3,2017
2017-10-23,2017,10,17.182,16.676,16.37181373310089,2017-10-26,LSTM,3,2017
2017-10-24,2017,10,16.96,16.664,16.143021426200868,2017-10-27,LSTM,3,2017
2017-10-25,2017,10,16.774,16.688,16.242830645084382,2017-10-28,LSTM,3,2017
2017-10-26,2017,10,16.676,16.834,16.354982526063917,2017-10-29,LSTM,3,2017
2017-10-27,2017,10,16.664,16.932,16.477650459051134,2017-10-30,LSTM,3,2017
2017-10-28,2017,10,16.688,16.996,16.419725215911864,2017-10-31,LSTM,3,2017
2017-10-29,2017,10,16.834,16.838,16.826305556777864,2017-11-01,LSTM,3,2017
2017-10-30,2017,10,16.932,16.544,16.87483194094896,2017-11-02,LSTM,3,2017
2017-10-31,2017,10,16.996,16.29,16.722777136325835,2017-11-03,LSTM,3,2017
2017-11-01,2017,11,16.838,16.114,16.133487463474275,2017-11-04,LSTM,3,2017
2017-11-02,2017,11,16.544,15.952,15.79105457687378,2017-11-05,LSTM,3,2017
2017-11-03,2017,11,16.29,15.828,15.668590703010558,2017-11-06,LSTM,3,2017
2017-11-04,2017,11,16.114,15.698,15.643528617858887,2017-11-07,LSTM,3,2017
2017-11-05,2017,11,15.952,15.656,15.485455044031143,2017-11-08,LSTM,3,2017
2017-11-06,2017,11,15.828,15.432,15.400600752115249,2017-11-09,LSTM,3,2017
2017-11-07,2017,11,15.698,15.32,15.315073506116867,2017-11-10,LSTM,3,2017
2017-11-08,2017,11,15.656,15.274,15.425655525684357,2017-11-11,LSTM,3,2017
2017-11-09,2017,11,15.432,15.268,15.030589211702347,2017-11-12,LSTM,3,2017
2017-11-10,2017,11,15.32,15.216,15.04620302438736,2017-11-13,LSTM,3,2017
2017-11-11,2017,11,15.274,15.152,15.114120092034339,2017-11-14,LSTM,3,2017
2017-11-12,2017,11,15.268,15.058,15.142049350619317,2017-11-15,LSTM,3,2017
2017-11-13,2017,11,15.216,15.004,15.015565777182578,2017-11-16,LSTM,3,2017
2017-11-14,2017,11,15.152,14.92,14.940934275507926,2017-11-17,LSTM,3,2017
2017-11-15,2017,11,15.058,14.872,14.867757262468338,2017-11-18,LSTM,3,2017
2017-11-16,2017,11,15.004,14.79,14.86461169207096,2017-11-19,LSTM,3,2017
2017-11-17,2017,11,14.92,14.736,14.721784977316856,2017-11-20,LSTM,3,2017
2017-11-18,2017,11,14.872,14.694,14.709580308318138,2017-11-21,LSTM,3,2017
2017-11-19,2017,11,14.79,14.616,14.602249720096587,2017-11-22,LSTM,3,2017
2017-11-20,2017,11,14.736,14.51,14.58637225484848,2017-11-23,LSTM,3,2017
2017-11-21,2017,11,14.694,14.412,14.572426879644395,2017-11-24,LSTM,3,2017
2017-11-22,2017,11,14.616,14.398,14.45228961443901,2017-11-25,LSTM,3,2017
2017-11-23,2017,11,14.51,14.324,14.304979929924011,2017-11-26,LSTM,3,2017
2017-11-24,2017,11,14.412,14.27,14.214793875336648,2017-11-27,LSTM,3,2017
2017-11-25,2017,11,14.398,14.27,14.30417648512125,2017-11-28,LSTM,3,2017
2017-11-26,2017,11,14.324,14.26,14.183930336475372,2017-11-29,LSTM,3,2017
2017-11-27,2017,11,14.27,14.226,14.136128459572792,2017-11-30,LSTM,3,2017
2017-11-28,2017,11,14.27,14.186,14.179476064145565,2017-12-01,LSTM,3,2017
2017-11-29,2017,11,14.26,14.164,14.164615357518196,2017-12-02,LSTM,3,2017
2017-11-30,2017,11,14.226,14.126,14.118924889922143,2017-12-03,LSTM,3,2017
2017-12-01,2017,12,14.186,14.104,14.079090844154358,2017-12-04,LSTM,3,2017
2017-12-02,2017,12,14.164,14.09,14.074250894725322,2017-12-05,LSTM,3,2017
2017-12-03,2017,12,14.126,14.08,14.027701867580413,2017-12-06,LSTM,3,2017
2017-12-04,2017,12,14.104,14.07,14.01404628688097,2017-12-07,LSTM,3,2017
2017-12-05,2017,12,14.09,14.05,14.007158871889114,2017-12-08,LSTM,3,2017
2017-12-06,2017,12,14.08,14.014,14.001200163662434,2017-12-09,LSTM,3,2017
2017-12-07,2017,12,14.07,13.96,13.995308056175709,2017-12-10,LSTM,3,2017
2017-12-08,2017,12,14.05,13.95,13.971722151339055,2017-12-11,LSTM,3,2017
2017-12-09,2017,12,14.014,13.922,13.926138789892196,2017-12-12,LSTM,3,2017
2017-12-10,2017,12,13.96,13.876,13.858042380809785,2017-12-13,LSTM,3,2017
2017-12-11,2017,12,13.95,13.844,13.877795030176639,2017-12-14,LSTM,3,2017
2017-12-12,2017,12,13.922,13.81,13.83980859977007,2017-12-15,LSTM,3,2017
2017-12-13,2017,12,13.876,13.79,13.778236685156822,2017-12-16,LSTM,3,2017
2017-12-14,2017,12,13.844,13.764,13.754983271896839,2017-12-17,LSTM,3,2017
2017-12-15,2017,12,13.81,13.732,13.7234356752038,2017-12-18,LSTM,3,2017
2017-12-16,2017,12,13.79,13.72,13.712524861991405,2017-12-19,LSTM,3,2017
2017-12-17,2017,12,13.764,13.71,13.685139940619468,2017-12-20,LSTM,3,2017
2017-12-18,2017,12,13.732,13.684,13.650141402304172,2017-12-21,LSTM,3,2017
2017-12-19,2017,12,13.72,13.65,13.652937368750573,2017-12-22,LSTM,3,2017
2017-12-20,2017,12,13.71,13.62,13.649718298614026,2017-12-23,LSTM,3,2017
2017-12-21,2017,12,13.684,13.61,13.614375978350639,2017-12-24,LSTM,3,2017
2017-12-22,2017,12,13.65,13.59,13.573966847360134,2017-12-25,LSTM,3,2017
2017-12-23,2017,12,13.62,13.554,13.547019611001014,2017-12-26,LSTM,3,2017
2017-12-24,2017,12,13.61,13.52,13.552268691956996,2017-12-27,LSTM,3,2017
2017-12-25,2017,12,13.59,13.504,13.527813863158226,2017-12-28,LSTM,3,2017
2017-12-26,2017,12,13.554,13.464,13.479799682736397,2017-12-29,LSTM,3,2017
2017-12-27,2017,12,13.52,13.45,13.44655349522829,2017-12-30,LSTM,3,2017
2017-12-28,2017,12,13.504,13.42,13.444614834427833,2017-12-31,LSTM,3,2017
2017-12-29,2017,12,13.464,13.394,13.391071034908295,2018-01-01,LSTM,3,2017
2017-12-30,2017,12,13.45,13.36,13.389598277211189,2018-01-02,LSTM,3,2017
2017-12-31,2017,12,13.42,13.34,13.355880064964294,2018-01-03,LSTM,3,2017
2018-01-01,2018,1,13.394,13.316,13.327944284915924,2018-01-04,LSTM,3,2018
2018-01-02,2018,1,13.36,13.286,13.293628395199775,2018-01-05,LSTM,3,2018
2018-01-03,2018,1,13.34,13.26,13.277802571803331,2018-01-06,LSTM,3,2018
2018-01-04,2018,1,13.316,13.234,13.254314568251372,2018-01-07,LSTM,3,2018
2018-01-05,2018,1,13.286,13.21,13.219008350431919,2018-01-08,LSTM,3,2018
2018-01-06,2018,1,13.26,13.186,13.196104737222194,2018-01-09,LSTM,3,2018
2018-01-07,2018,1,13.234,13.154,13.171250159680843,2018-01-10,LSTM,3,2018
2018-01-08,2018,1,13.21,13.13,13.148050132244826,2018-01-11,LSTM,3,2018
2018-01-09,2018,1,13.186,13.13,13.123826987355947,2018-01-12,LSTM,3,2018
2018-01-10,2018,1,13.154,13.12,13.088184491634369,2018-01-13,LSTM,3,2018
2018-01-11,2018,1,13.13,13.094,13.06797678872943,2018-01-14,LSTM,3,2018
2018-01-12,2018,1,13.13,13.066,13.084124677926303,2018-01-15,LSTM,3,2018
2018-01-13,2018,1,13.12,13.06,13.06973948597908,2018-01-16,LSTM,3,2018
2018-01-14,2018,1,13.094,13.05,13.034069634467363,2018-01-17,LSTM,3,2018
2018-01-15,2018,1,13.066,13.03,13.007254254430533,2018-01-18,LSTM,3,2018
2018-01-16,2018,1,13.06,13.03,13.015267127603293,2018-01-19,LSTM,3,2018
2018-01-17,2018,1,13.05,13.02,13.004332668334246,2018-01-20,LSTM,3,2018
2018-01-18,2018,1,13.03,12.986,12.975362735539674,2018-01-21,LSTM,3,2018
2018-01-19,2018,1,13.03,12.938,12.989291543811559,2018-01-22,LSTM,3,2018
2018-01-20,2018,1,13.02,12.92,12.976565327942371,2018-01-23,LSTM,3,2018
2018-01-21,2018,1,12.986,12.92,12.927879481077195,2018-01-24,LSTM,3,2018
2018-01-22,2018,1,12.938,12.91,12.870491473853589,2018-01-25,LSTM,3,2018
2018-01-23,2018,1,12.92,12.9,12.86578043371439,2018-01-26,LSTM,3,2018
2018-01-24,2018,1,12.92,12.88,12.881698222905397,2018-01-27,LSTM,3,2018
2018-01-25,2018,1,12.91,12.866,12.861017685234547,2018-01-28,LSTM,3,2018
2018-01-26,2018,1,12.9,12.84,12.850829580426216,2018-01-29,LSTM,3,2018
2018-01-27,2018,1,12.88,12.82,12.828192026466132,2018-01-30,LSTM,3,2018
2018-01-28,2018,1,12.866,12.81,12.819979589045047,2018-01-31,LSTM,3,2018
2018-01-29,2018,1,12.84,12.8,12.786161072701216,2018-02-01,LSTM,3,2018
2018-01-30,2018,1,12.82,12.79,12.766903448551894,2018-02-02,LSTM,3,2018
2018-01-31,2018,1,12.81,12.79,12.7653258754313,2018-02-03,LSTM,3,2018
2018-02-01,2018,2,12.8,12.78,12.755710534006358,2018-02-04,LSTM,3,2018
2018-02-02,2018,2,12.79,12.78,12.745842103809117,2018-02-05,LSTM,3,2018
2018-02-03,2018,2,12.79,12.77,12.755983141213655,2018-02-06,LSTM,3,2018
2018-02-04,2018,2,12.78,12.75,12.739319189190864,2018-02-07,LSTM,3,2018
2018-02-05,2018,2,12.78,12.73,12.74822564676404,2018-02-08,LSTM,3,2018
2018-02-06,2018,2,12.77,12.71,12.731371514946222,2018-02-09,LSTM,3,2018
2018-02-07,2018,2,12.75,12.7,12.702012177556753,2018-02-10,LSTM,3,2018
2018-02-08,2018,2,12.73,12.69,12.681100535690785,2018-02-11,LSTM,3,2018
2018-02-09,2018,2,12.71,12.69,12.660372625142337,2018-02-12,LSTM,3,2018
2018-02-10,2018,2,12.7,12.68,12.658427648991346,2018-02-13,LSTM,3,2018
2018-02-11,2018,2,12.69,12.68,12.649176115691661,2018-02-14,LSTM,3,2018
2018-02-12,2018,2,12.69,12.668,12.65982274390757,2018-02-15,LSTM,3,2018
2018-02-13,2018,2,12.68,12.57,12.640747063159942,2018-02-16,LSTM,3,2018
2018-02-14,2018,2,12.68,12.48,12.651284789964556,2018-02-17,LSTM,3,2018
2018-02-15,2018,2,12.668,12.4,12.6290449783504,2018-02-18,LSTM,3,2018
2018-02-16,2018,2,12.57,12.434,12.466264910697937,2018-02-19,LSTM,3,2018
2018-02-17,2018,2,12.48,12.44,12.362380813360215,2018-02-20,LSTM,3,2018
2018-02-18,2018,2,12.4,12.42,12.283657306432724,2018-02-21,LSTM,3,2018
2018-02-19,2018,2,12.434,12.398,12.498903408288955,2018-02-22,LSTM,3,2018
2018-02-20,2018,2,12.44,12.354,12.423092080801725,2018-02-23,LSTM,3,2018
2018-02-21,2018,2,12.42,12.34,12.361813226789236,2018-02-24,LSTM,3,2018
2018-02-22,2018,2,12.398,12.34,12.349311185956001,2018-02-25,LSTM,3,2018
2018-02-23,2018,2,12.354,12.34,12.28736396664381,2018-02-26,LSTM,3,2018
2018-02-24,2018,2,12.34,12.36,12.30204924583435,2018-02-27,LSTM,3,2018
2018-02-25,2018,2,12.34,12.38,12.336332812821492,2018-02-28,LSTM,3,2018
2018-02-26,2018,2,12.34,12.38,12.334624833576381,2018-03-01,LSTM,3,2018
2018-02-27,2018,2,12.36,12.38,12.378755558878183,2018-03-02,LSTM,3,2018
2018-02-28,2018,2,12.38,12.37,12.390145410895348,2018-03-03,LSTM,3,2018
2018-03-01,2018,3,12.38,12.35,12.363253568410874,2018-03-04,LSTM,3,2018
2018-03-02,2018,3,12.38,12.35,12.376602259809152,2018-03-05,LSTM,3,2018
2018-03-03,2018,3,12.37,12.35,12.352332285493612,2018-03-06,LSTM,3,2018
2018-03-04,2018,3,12.35,12.36,12.315340621769428,2018-03-07,LSTM,3,2018
2018-03-05,2018,3,12.35,12.372,12.350002732116854,2018-03-08,LSTM,3,2018
2018-03-06,2018,3,12.35,12.406,12.35806061271578,2018-03-09,LSTM,3,2018
2018-03-07,2018,3,12.36,12.41,12.379311681389808,2018-03-10,LSTM,3,2018
2018-03-08,2018,3,12.372,12.446,12.3918247525841,2018-03-11,LSTM,3,2018
2018-03-09,2018,3,12.406,12.474,12.46668891659379,2018-03-12,LSTM,3,2018
2018-03-10,2018,3,12.41,12.626,12.410875096826349,2018-03-13,LSTM,3,2018
2018-03-11,2018,3,12.446,12.664,12.527465788185596,2018-03-14,LSTM,3,2018
2018-03-12,2018,3,12.474,12.708,12.531033956050873,2018-03-15,LSTM,3,2018
2018-03-13,2018,3,12.626,12.734,12.875387428164482,2018-03-16,LSTM,3,2018
2018-03-14,2018,3,12.664,12.738,12.534864942669868,2018-03-17,LSTM,3,2018
2018-03-15,2018,3,12.708,12.686,12.711244241932407,2018-03-18,LSTM,3,2018
2018-03-16,2018,3,12.734,12.608,12.768232933074236,2018-03-19,LSTM,3,2018
2018-03-17,2018,3,12.738,12.518,12.798330893844366,2018-03-20,LSTM,3,2018
2018-03-18,2018,3,12.686,12.484,12.631207983255386,2018-03-21,LSTM,3,2018
2018-03-19,2018,3,12.608,12.444,12.497732986688614,2018-03-22,LSTM,3,2018
2018-03-20,2018,3,12.518,12.442,12.398598470568658,2018-03-23,LSTM,3,2018
2018-03-21,2018,3,12.484,12.478,12.471252933904529,2018-03-24,LSTM,3,2018
2018-03-22,2018,3,12.444,12.534,12.43973504459113,2018-03-25,LSTM,3,2018
2018-03-23,2018,3,12.442,12.63,12.520593365848065,2018-03-26,LSTM,3,2018
2018-03-24,2018,3,12.478,12.738,12.64502938079834,2018-03-27,LSTM,3,2018
2018-03-25,2018,3,12.534,12.76,12.701051807045937,2018-03-28,LSTM,3,2018
2018-03-26,2018,3,12.63,12.73,12.85418673336506,2018-03-29,LSTM,3,2018
2018-03-27,2018,3,12.738,12.734,12.888384336709976,2018-03-30,LSTM,3,2018
2018-03-28,2018,3,12.76,12.826,12.697791641801595,2018-03-31,LSTM,3,2018
2018-03-29,2018,3,12.73,12.95,12.776337004750967,2018-04-01,LSTM,3,2018
2018-03-30,2018,3,12.734,13.082,12.9465104367733,2018-04-02,LSTM,3,2018
2018-03-31,2018,3,12.826,13.124,13.102500552892685,2018-04-03,LSTM,3,2018
2018-04-01,2018,4,12.95,13.13,13.1464922696352,2018-04-04,LSTM,3,2018
2018-04-02,2018,4,13.082,13.13,13.226573524594308,2018-04-05,LSTM,3,2018
2018-04-03,2018,4,13.124,13.11,13.078598277807236,2018-04-06,LSTM,3,2018
2018-04-04,2018,4,13.13,13.084,13.270267789363862,2018-04-07,LSTM,3,2018
2018-04-05,2018,4,13.13,13.07,13.408180420398713,2018-04-08,LSTM,3,2018
2018-04-06,2018,4,13.11,13.07,13.401972637176513,2018-04-09,LSTM,3,2018
2018-04-07,2018,4,13.084,13.08,13.30402300620079,2018-04-10,LSTM,3,2018
2018-04-08,2018,4,13.07,13.068,13.231097511649132,2018-04-11,LSTM,3,2018
2018-04-09,2018,4,13.07,13.06,13.230733789205551,2018-04-12,LSTM,3,2018
2018-04-10,2018,4,13.08,13.088,13.245548145771027,2018-04-13,LSTM,3,2018
2018-04-11,2018,4,13.068,13.18,13.1831949390769,2018-04-14,LSTM,3,2018
2018-04-12,2018,4,13.06,13.328,13.179579672813416,2018-04-15,LSTM,3,2018
2018-04-13,2018,4,13.088,13.422,13.288471565127372,2018-04-16,LSTM,3,2018
2018-04-14,2018,4,13.18,13.462,13.487848393917083,2018-04-17,LSTM,3,2018
2018-04-15,2018,4,13.328,13.508,13.674261203289031,2018-04-18,LSTM,3,2018
2018-04-16,2018,4,13.422,13.58,13.534447760999203,2018-04-19,LSTM,3,2018
2018-04-17,2018,4,13.462,13.838,13.605030166625976,2018-04-20,LSTM,3,2018
2018-04-18,2018,4,13.508,14.13,13.738353936553,2018-04-21,LSTM,3,2018
2018-04-19,2018,4,13.58,14.334,13.826814906597138,2018-04-22,LSTM,3,2018
2018-04-20,2018,4,13.838,14.368,14.480938792705535,2018-04-23,LSTM,3,2018
2018-04-21,2018,4,14.13,14.254,14.721499269008637,2018-04-24,LSTM,3,2018
2018-04-22,2018,4,14.334,14.12,14.703630366563797,2018-04-25,LSTM,3,2018
2018-04-23,2018,4,14.368,14.052,14.428816768556834,2018-04-26,LSTM,3,2018
2018-04-24,2018,4,14.254,14.024,14.14883280479908,2018-04-27,LSTM,3,2018
2018-04-25,2018,4,14.12,14.032,14.05492442369461,2018-04-28,LSTM,3,2018
2018-04-26,2018,4,14.052,14.128,14.111108570218086,2018-04-29,LSTM,3,2018
2018-04-27,2018,4,14.024,14.306,14.286380719184875,2018-04-30,LSTM,3,2018
2018-04-28,2018,4,14.032,14.402,14.373977953910828,2018-05-01,LSTM,3,2018
2018-04-29,2018,4,14.128,14.43,14.59636993098259,2018-05-02,LSTM,3,2018
2018-04-30,2018,4,14.306,14.434,14.920051043987273,2018-05-03,LSTM,3,2018
2018-05-01,2018,5,14.402,14.296,14.596865986704826,2018-05-04,LSTM,3,2018
2018-05-02,2018,5,14.43,14.228,14.503384292423725,2018-05-05,LSTM,3,2018
2018-05-03,2018,5,14.434,14.152,14.583769395589828,2018-05-06,LSTM,3,2018
2018-05-04,2018,5,14.296,14.14,14.258098605930805,2018-05-07,LSTM,3,2018
2018-05-05,2018,5,14.228,14.13,14.330070271968841,2018-05-08,LSTM,3,2018
2018-05-06,2018,5,14.152,14.166,14.362507780313491,2018-05-09,LSTM,3,2018
2018-05-07,2018,5,14.14,14.218,14.458178981542588,2018-05-10,LSTM,3,2018
2018-05-08,2018,5,14.13,14.42,14.526255910396577,2018-05-11,LSTM,3,2018
2018-05-09,2018,5,14.166,14.546,14.659109166622162,2018-05-12,LSTM,3,2018
2018-05-10,2018,5,14.218,14.56,14.657869791269302,2018-05-13,LSTM,3,2018
2018-05-11,2018,5,14.42,14.57,15.303267045021057,2018-05-14,LSTM,3,2018
2018-05-12,2018,5,14.546,14.588,14.975444849491119,2018-05-15,LSTM,3,2018
2018-05-13,2018,5,14.56,14.712,14.55542497098446,2018-05-16,LSTM,3,2018
2018-05-14,2018,5,14.57,14.972,14.701804049015045,2018-05-17,LSTM,3,2018
2018-05-15,2018,5,14.588,15.076,14.782752395153045,2018-05-18,LSTM,3,2018
2018-05-16,2018,5,14.712,14.988,15.055077898025512,2018-05-19,LSTM,3,2018
2018-05-17,2018,5,14.972,14.832,15.641846475124359,2018-05-20,LSTM,3,2018
2018-05-18,2018,5,15.076,14.72,15.301681930780411,2018-05-21,LSTM,3,2018
2018-05-19,2018,5,14.988,14.664,14.740372086048126,2018-05-22,LSTM,3,2018
2018-05-20,2018,5,14.832,14.632,14.642007870197297,2018-05-23,LSTM,3,2018
2018-05-21,2018,5,14.72,14.572,14.692188344225288,2018-05-24,LSTM,3,2018
2018-05-22,2018,5,14.664,14.564,14.7563627987504,2018-05-25,LSTM,3,2018
2018-05-23,2018,5,14.632,14.868,14.883071393489837,2018-05-26,LSTM,3,2018
2018-05-24,2018,5,14.572,15.12,14.973387929916381,2018-05-27,LSTM,3,2018
2018-05-25,2018,5,14.564,15.4,15.170754064559937,2018-05-28,LSTM,3,2018
2018-05-26,2018,5,14.868,15.656,15.914593427658081,2018-05-29,LSTM,3,2018
2018-05-27,2018,5,15.12,16.088,15.872811431884765,2018-05-30,LSTM,3,2018
2018-05-28,2018,5,15.4,16.376,16.266997003555296,2018-05-31,LSTM,3,2018
2018-05-29,2018,5,15.656,16.568,16.27732865190506,2018-06-01,LSTM,3,2018
2018-05-30,2018,5,16.088,16.72,16.736878812789918,2018-06-02,LSTM,3,2018
2018-05-31,2018,5,16.376,16.856,16.33265179565549,2018-06-03,LSTM,3,2018
2018-06-01,2018,6,16.568,16.764,16.34789187836647,2018-06-04,LSTM,3,2018
2018-06-02,2018,6,16.72,16.484,16.553934307098388,2018-06-05,LSTM,3,2018
2018-06-03,2018,6,16.856,16.262,16.784222328424455,2018-06-06,LSTM,3,2018
2018-06-04,2018,6,16.764,16.086,16.493414403438567,2018-06-07,LSTM,3,2018
2018-06-05,2018,6,16.484,15.96,16.54330604785681,2018-06-08,LSTM,3,2018
2018-06-06,2018,6,16.262,15.844,15.99601615023613,2018-06-09,LSTM,3,2018
2018-06-07,2018,6,16.086,15.79,15.944698442578314,2018-06-10,LSTM,3,2018
2018-06-08,2018,6,15.96,15.77,16.05493462741375,2018-06-11,LSTM,3,2018
2018-06-09,2018,6,15.844,15.77,16.03496152484417,2018-06-12,LSTM,3,2018
2018-06-10,2018,6,15.79,15.748,16.04781688094139,2018-06-13,LSTM,3,2018
2018-06-11,2018,6,15.77,15.71,15.94910224199295,2018-06-14,LSTM,3,2018
2018-06-12,2018,6,15.77,15.86,15.943282027244567,2018-06-15,LSTM,3,2018
2018-06-13,2018,6,15.748,16.182,16.12765103983879,2018-06-16,LSTM,3,2018
2018-06-14,2018,6,15.71,16.462,15.909440374970437,2018-06-17,LSTM,3,2018
2018-06-15,2018,6,15.86,16.95,16.527107820510864,2018-06-18,LSTM,3,2018
2018-06-16,2018,6,16.182,17.622,16.83860035610199,2018-06-19,LSTM,3,2018
2018-06-17,2018,6,16.462,17.992,17.062601375102997,2018-06-20,LSTM,3,2018
2018-06-18,2018,6,16.95,18.072,17.565431129932403,2018-06-21,LSTM,3,2018
2018-06-19,2018,6,17.622,18.1,17.92490126800537,2018-06-22,LSTM,3,2018
2018-06-20,2018,6,17.992,18.082,17.913387791633607,2018-06-23,LSTM,3,2018
2018-06-21,2018,6,18.072,18.018,17.585752847909927,2018-06-24,LSTM,3,2018
2018-06-22,2018,6,18.1,17.972,17.869870787858964,2018-06-25,LSTM,3,2018
2018-06-23,2018,6,18.082,18.062,17.87494776916504,2018-06-26,LSTM,3,2018
2018-06-24,2018,6,18.018,18.046,17.72318308877945,2018-06-27,LSTM,3,2018
2018-06-25,2018,6,17.972,17.948,18.04181881707907,2018-06-28,LSTM,3,2018
2018-06-26,2018,6,18.062,17.852,18.30108369243145,2018-06-29,LSTM,3,2018
2018-06-27,2018,6,18.046,17.804,18.135645594358444,2018-06-30,LSTM,3,2018
2018-06-28,2018,6,17.948,17.8,17.92854987564683,2018-07-01,LSTM,3,2018
2018-06-29,2018,6,17.852,18.078,17.906496608674527,2018-07-02,LSTM,3,2018
2018-06-30,2018,6,17.804,18.436,17.945792610287665,2018-07-03,LSTM,3,2018
2018-07-01,2018,7,17.8,18.504,17.926838132739068,2018-07-04,LSTM,3,2018
2018-07-02,2018,7,18.078,18.77,18.61405192899704,2018-07-05,LSTM,3,2018
2018-07-03,2018,7,18.436,19.164,19.257905493736267,2018-07-06,LSTM,3,2018
2018-07-04,2018,7,18.504,19.492,18.81052502179146,2018-07-07,LSTM,3,2018
2018-07-05,2018,7,18.77,19.494,19.236632068157196,2018-07-08,LSTM,3,2018
2018-07-06,2018,7,19.164,19.474,19.501459057569505,2018-07-09,LSTM,3,2018
2018-07-07,2018,7,19.492,19.38,19.73026439678669,2018-07-10,LSTM,3,2018
2018-07-08,2018,7,19.494,19.126,19.012411248922348,2018-07-11,LSTM,3,2018
2018-07-09,2018,7,19.474,18.892,19.142665766716004,2018-07-12,LSTM,3,2018
2018-07-10,2018,7,19.38,18.74,19.14369075477123,2018-07-13,LSTM,3,2018
2018-07-11,2018,7,19.126,18.71,18.694595796823503,2018-07-14,LSTM,3,2018
2018-07-12,2018,7,18.892,18.734,18.69509621989727,2018-07-15,LSTM,3,2018
2018-07-13,2018,7,18.74,18.8,18.710606042072175,2018-07-16,LSTM,3,2018
2018-07-14,2018,7,18.71,18.848,18.734016462266446,2018-07-17,LSTM,3,2018
2018-07-15,2018,7,18.734,18.832,18.68271484488249,2018-07-18,LSTM,3,2018
2018-07-16,2018,7,18.8,18.758,18.865754666924477,2018-07-19,LSTM,3,2018
2018-07-17,2018,7,18.848,18.672,18.95893285679817,2018-07-20,LSTM,3,2018
2018-07-18,2018,7,18.832,18.564,18.84149876382947,2018-07-21,LSTM,3,2018
2018-07-19,2018,7,18.758,18.48,18.709073948293923,2018-07-22,LSTM,3,2018
2018-07-20,2018,7,18.672,18.432,18.6150933855474,2018-07-23,LSTM,3,2018
2018-07-21,2018,7,18.564,18.416,18.47286504203081,2018-07-24,LSTM,3,2018
2018-07-22,2018,7,18.48,18.438,18.412432137429715,2018-07-25,LSTM,3,2018
2018-07-23,2018,7,18.432,18.41,18.403700923517345,2018-07-26,LSTM,3,2018
2018-07-24,2018,7,18.416,18.4,18.393823913097382,2018-07-27,LSTM,3,2018
2018-07-25,2018,7,18.438,18.41,18.45381586897373,2018-07-28,LSTM,3,2018
2018-07-26,2018,7,18.41,18.408,18.386711224764586,2018-07-29,LSTM,3,2018
2018-07-27,2018,7,18.4,18.39,18.42854011207819,2018-07-30,LSTM,3,2018
2018-07-28,2018,7,18.41,18.38,18.492096859812737,2018-07-31,LSTM,3,2018
2018-07-29,2018,7,18.408,18.442,18.486305557370187,2018-08-01,LSTM,3,2018
2018-07-30,2018,7,18.39,18.652,18.44919023603201,2018-08-02,LSTM,3,2018
2018-07-31,2018,7,18.38,18.936,18.451804217994212,2018-08-03,LSTM,3,2018
2018-08-01,2018,8,18.442,19.036,18.658922342777252,2018-08-04,LSTM,3,2018
2018-08-02,2018,8,18.652,19.112,19.332324018001557,2018-08-05,LSTM,3,2018
2018-08-03,2018,8,18.936,19.13,19.697414170265198,2018-08-06,LSTM,3,2018
2018-08-04,2018,8,19.036,19.186,19.22744853949547,2018-08-07,LSTM,3,2018
2018-08-05,2018,8,19.112,19.216,19.233296264231203,2018-08-08,LSTM,3,2018
2018-08-06,2018,8,19.13,19.184,19.173307550251483,2018-08-09,LSTM,3,2018
2018-08-07,2018,8,19.186,19.06,19.265415410757065,2018-08-10,LSTM,3,2018
2018-08-08,2018,8,19.216,18.906,19.202038748174907,2018-08-11,LSTM,3,2018
2018-08-09,2018,8,19.184,18.79,19.147294208049775,2018-08-12,LSTM,3,2018
2018-08-10,2018,8,19.06,18.76,18.853239459395407,2018-08-13,LSTM,3,2018
2018-08-11,2018,8,18.906,18.762,18.65246586179733,2018-08-14,LSTM,3,2018
2018-08-12,2018,8,18.79,18.83,18.586168833971023,2018-08-15,LSTM,3,2018
2018-08-13,2018,8,18.76,18.85,18.675487915277483,2018-08-16,LSTM,3,2018
2018-08-14,2018,8,18.762,18.848,18.713799526810647,2018-08-17,LSTM,3,2018
2018-08-15,2018,8,18.83,18.818,18.903991559445856,2018-08-18,LSTM,3,2018
2018-08-16,2018,8,18.85,18.738,18.909153325855733,2018-08-19,LSTM,3,2018
2018-08-17,2018,8,18.848,18.656,18.94709725189209,2018-08-20,LSTM,3,2018
2018-08-18,2018,8,18.818,18.538,18.8888576887846,2018-08-21,LSTM,3,2018
2018-08-19,2018,8,18.738,18.41,18.68602986457944,2018-08-22,LSTM,3,2018
2018-08-20,2018,8,18.656,18.294,18.55683247423172,2018-08-23,LSTM,3,2018
2018-08-21,2018,8,18.538,18.28,18.35587696480751,2018-08-24,LSTM,3,2018
2018-08-22,2018,8,18.41,18.26,18.200875241160393,2018-08-25,LSTM,3,2018
2018-08-23,2018,8,18.294,18.26,18.101374760508538,2018-08-26,LSTM,3,2018
2018-08-24,2018,8,18.28,18.27,18.22229906052351,2018-08-27,LSTM,3,2018
2018-08-25,2018,8,18.26,18.27,18.24737888596952,2018-08-28,LSTM,3,2018
2018-08-26,2018,8,18.26,18.29,18.337250972390176,2018-08-29,LSTM,3,2018
2018-08-27,2018,8,18.27,18.362,18.430837829113006,2018-08-30,LSTM,3,2018
2018-08-28,2018,8,18.27,18.474,18.477645267248153,2018-08-31,LSTM,3,2018
2018-08-29,2018,8,18.29,18.63,18.547872760295867,2018-09-01,LSTM,3,2018
2018-08-30,2018,8,18.362,18.694,18.690146398067473,2018-09-02,LSTM,3,2018
2018-08-31,2018,8,18.474,18.714,18.898598455429077,2018-09-03,LSTM,3,2018
2018-09-01,2018,9,18.63,18.854,19.153482024669646,2018-09-04,LSTM,3,2018
2018-09-02,2018,9,18.694,18.906,18.94474777007103,2018-09-05,LSTM,3,2018
2018-09-03,2018,9,18.714,18.866,18.82826781117916,2018-09-06,LSTM,3,2018
2018-09-04,2018,9,18.854,18.85,19.267946986198424,2018-09-07,LSTM,3,2018
2018-09-05,2018,9,18.906,18.82,19.03208277797699,2018-09-08,LSTM,3,2018
2018-09-06,2018,9,18.866,18.73,18.82326040378213,2018-09-09,LSTM,3,2018
2018-09-07,2018,9,18.85,18.642,18.956057688593866,2018-09-10,LSTM,3,2018
2018-09-08,2018,9,18.82,18.722,18.96295220375061,2018-09-11,LSTM,3,2018
2018-09-09,2018,9,18.73,19.06,18.701090955659748,2018-09-12,LSTM,3,2018
2018-09-10,2018,9,18.642,19.256,18.56179370266199,2018-09-13,LSTM,3,2018
2018-09-11,2018,9,18.722,19.28,18.968355518698694,2018-09-14,LSTM,3,2018
2018-09-12,2018,9,19.06,19.4,19.70265614748001,2018-09-15,LSTM,3,2018
2018-09-13,2018,9,19.256,19.504,19.573576467990875,2018-09-16,LSTM,3,2018
2018-09-14,2018,9,19.28,19.558,19.19837989538908,2018-09-17,LSTM,3,2018
2018-09-15,2018,9,19.4,19.558,19.537042105197905,2018-09-18,LSTM,3,2018
2018-09-16,2018,9,19.504,19.586,19.570518001258375,2018-09-19,LSTM,3,2018
2018-09-17,2018,9,19.558,19.54,19.379643620729446,2018-09-20,LSTM,3,2018
2018-09-18,2018,9,19.558,19.302,19.188077064037323,2018-09-21,LSTM,3,2018
2018-09-19,2018,9,19.586,19.098,19.36434965288639,2018-09-22,LSTM,3,2018
2018-09-20,2018,9,19.54,18.694,19.26244992852211,2018-09-23,LSTM,3,2018
2018-09-21,2018,9,19.302,18.364,18.679978682518005,2018-09-24,LSTM,3,2018
2018-09-22,2018,9,19.098,18.082,18.477759311676024,2018-09-25,LSTM,3,2018
2018-09-23,2018,9,18.694,17.994,17.992666536808013,2018-09-26,LSTM,3,2018
2018-09-24,2018,9,18.364,18.144,17.732438303470612,2018-09-27,LSTM,3,2018
2018-09-25,2018,9,18.082,18.276,17.490256947994233,2018-09-28,LSTM,3,2018
2018-09-26,2018,9,17.994,18.288,17.66702468419075,2018-09-29,LSTM,3,2018
2018-09-27,2018,9,18.144,18.182,18.350205651164053,2018-09-30,LSTM,3,2018
2018-09-28,2018,9,18.276,18.054,18.537233419179916,2018-10-01,LSTM,3,2018
2018-09-29,2018,9,18.288,17.942,18.392049794375897,2018-10-02,LSTM,3,2018
2018-09-30,2018,9,18.182,17.862,18.117306802392005,2018-10-03,LSTM,3,2018
2018-10-01,2018,10,18.054,17.782,17.894955078601836,2018-10-04,LSTM,3,2018
2018-10-02,2018,10,17.942,17.606,17.834067454755306,2018-10-05,LSTM,3,2018
2018-10-03,2018,10,17.862,17.488,17.866108623135833,2018-10-06,LSTM,3,2018
2018-10-04,2018,10,17.782,17.344,17.804575464099646,2018-10-07,LSTM,3,2018
2018-10-05,2018,10,17.606,17.208,17.37946132695675,2018-10-08,LSTM,3,2018
2018-10-06,2018,10,17.488,17.078,17.32695483613014,2018-10-09,LSTM,3,2018
2018-10-07,2018,10,17.344,16.894,17.188931408762933,2018-10-10,LSTM,3,2018
2018-10-08,2018,10,17.208,16.69,17.061035792708395,2018-10-11,LSTM,3,2018
2018-10-09,2018,10,17.078,16.56,16.95988150525093,2018-10-12,LSTM,3,2018
2018-10-10,2018,10,16.894,16.41,16.695148533821104,2018-10-13,LSTM,3,2018
2018-10-11,2018,10,16.69,16.272,16.451261090636255,2018-10-14,LSTM,3,2018
2018-10-12,2018,10,16.56,16.18,16.43284456193447,2018-10-15,LSTM,3,2018
2018-10-13,2018,10,16.41,16.074,16.295857447981835,2018-10-16,LSTM,3,2018
2018-10-14,2018,10,16.272,15.976,16.15721425426006,2018-10-17,LSTM,3,2018
2018-10-15,2018,10,16.18,15.882,16.125980247110128,2018-10-18,LSTM,3,2018
2018-10-16,2018,10,16.074,15.872,15.997622332513334,2018-10-19,LSTM,3,2018
2018-10-17,2018,10,15.976,15.97,15.83722226715088,2018-10-20,LSTM,3,2018
2018-10-18,2018,10,15.882,16.004,15.724662885785103,2018-10-21,LSTM,3,2018
2018-10-19,2018,10,15.872,15.892,15.760950139284134,2018-10-22,LSTM,3,2018
2018-10-20,2018,10,15.97,15.73,15.761594937443734,2018-10-23,LSTM,3,2018
2018-10-21,2018,10,16.004,15.526,15.608765534400941,2018-10-24,LSTM,3,2018
2018-10-22,2018,10,15.892,15.402,15.561378668069839,2018-10-25,LSTM,3,2018
2018-10-23,2018,10,15.73,15.408,15.455848764181138,2018-10-26,LSTM,3,2018
2018-10-24,2018,10,15.526,15.406,15.253387398481369,2018-10-27,LSTM,3,2018
2018-10-25,2018,10,15.402,15.262,15.252987091660499,2018-10-28,LSTM,3,2018
2018-10-26,2018,10,15.408,15.134,15.605046786546707,2018-10-29,LSTM,3,2018
2018-10-27,2018,10,15.406,15.036,15.595722016453744,2018-10-30,LSTM,3,2018
2018-10-28,2018,10,15.262,14.956,15.131018286466599,2018-10-31,LSTM,3,2018
2018-10-29,2018,10,15.134,14.87,14.942159694075585,2018-11-01,LSTM,3,2018
2018-10-30,2018,10,15.036,14.81,14.843706072926521,2018-11-02,LSTM,3,2018
2018-10-31,2018,10,14.956,14.724,14.77877551293373,2018-11-03,LSTM,3,2018
2018-11-01,2018,11,14.87,14.688,14.684740628004073,2018-11-04,LSTM,3,2018
2018-11-02,2018,11,14.81,14.596,14.64270688354969,2018-11-05,LSTM,3,2018
2018-11-03,2018,11,14.724,14.514,14.510369517445564,2018-11-06,LSTM,3,2018
2018-11-04,2018,11,14.688,14.494,14.57047784972191,2018-11-07,LSTM,3,2018
2018-11-05,2018,11,14.596,14.54,14.398044466137886,2018-11-08,LSTM,3,2018
2018-11-06,2018,11,14.514,14.51,14.335260377764701,2018-11-09,LSTM,3,2018
2018-11-07,2018,11,14.494,14.472,14.42389308387041,2018-11-10,LSTM,3,2018
2018-11-08,2018,11,14.54,14.44,14.580446612983941,2018-11-11,LSTM,3,2018
2018-11-09,2018,11,14.51,14.47,14.442117328047752,2018-11-12,LSTM,3,2018
2018-11-10,2018,11,14.472,14.5,14.401686784744262,2018-11-13,LSTM,3,2018
2018-11-11,2018,11,14.44,14.498,14.388423627763986,2018-11-14,LSTM,3,2018
2018-11-12,2018,11,14.47,14.406,14.47122602225747,2018-11-15,LSTM,3,2018
2018-11-13,2018,11,14.5,14.3,14.498335477313958,2018-11-16,LSTM,3,2018
2018-11-14,2018,11,14.498,14.238,14.459152739822864,2018-11-17,LSTM,3,2018
2018-11-15,2018,11,14.406,14.186,14.31758325970173,2018-11-18,LSTM,3,2018
2018-11-16,2018,11,14.3,14.132,14.187860640883446,2018-11-19,LSTM,3,2018
2018-11-17,2018,11,14.238,14.078,14.15037286478281,2018-11-20,LSTM,3,2018
2018-11-18,2018,11,14.186,14.056,14.08552253550291,2018-11-21,LSTM,3,2018
2018-11-19,2018,11,14.132,14.05,14.005449444770813,2018-11-22,LSTM,3,2018
2018-11-20,2018,11,14.078,14.072,13.95194118309021,2018-11-23,LSTM,3,2018
2018-11-21,2018,11,14.056,14.15,13.980653023481368,2018-11-24,LSTM,3,2018
2018-11-22,2018,11,14.05,14.196,13.998388051241637,2018-11-25,LSTM,3,2018
2018-11-23,2018,11,14.072,14.154,14.039989649623632,2018-11-26,LSTM,3,2018
2018-11-24,2018,11,14.15,14.044,14.164962223358453,2018-11-27,LSTM,3,2018
2018-11-25,2018,11,14.196,13.95,14.157892299354076,2018-11-28,LSTM,3,2018
2018-11-26,2018,11,14.154,13.88,14.057096966445446,2018-11-29,LSTM,3,2018
2018-11-27,2018,11,14.044,13.84,13.924812272429467,2018-11-30,LSTM,3,2018
2018-11-28,2018,11,13.95,13.836,13.839837972819804,2018-12-01,LSTM,3,2018
2018-11-29,2018,11,13.88,13.798,13.77426264166832,2018-12-02,LSTM,3,2018
2018-11-30,2018,11,13.84,13.746,13.729530770480633,2018-12-03,LSTM,3,2018
2018-12-01,2018,12,13.836,13.73,13.76426046794653,2018-12-04,LSTM,3,2018
2018-12-02,2018,12,13.798,13.676,13.69682194250822,2018-12-05,LSTM,3,2018
2018-12-03,2018,12,13.746,13.63,13.645121165275574,2018-12-06,LSTM,3,2018
2018-12-04,2018,12,13.73,13.58,13.662075075805188,2018-12-07,LSTM,3,2018
2018-12-05,2018,12,13.676,13.57,13.59432421720028,2018-12-08,LSTM,3,2018
2018-12-06,2018,12,13.63,13.522,13.540632833838464,2018-12-09,LSTM,3,2018
2018-12-07,2018,12,13.58,13.474,13.491017075181007,2018-12-10,LSTM,3,2018
2018-12-08,2018,12,13.57,13.456,13.502409286499024,2018-12-11,LSTM,3,2018
2018-12-09,2018,12,13.522,13.418,13.433496542394161,2018-12-12,LSTM,3,2018
2018-12-10,2018,12,13.474,13.372,13.375108540594578,2018-12-13,LSTM,3,2018
2018-12-11,2018,12,13.456,13.34,13.384268633782863,2018-12-14,LSTM,3,2018
2018-12-12,2018,12,13.418,13.312,13.33614612597227,2018-12-15,LSTM,3,2018
2018-12-13,2018,12,13.372,13.268,13.280549346029758,2018-12-16,LSTM,3,2018
2018-12-14,2018,12,13.34,13.246,13.256672699153423,2018-12-17,LSTM,3,2018
2018-12-15,2018,12,13.312,13.21,13.234418639063835,2018-12-18,LSTM,3,2018
2018-12-16,2018,12,13.268,13.202,13.179914207041264,2018-12-19,LSTM,3,2018
2018-12-17,2018,12,13.246,13.16,13.166581698417664,2018-12-20,LSTM,3,2018
2018-12-18,2018,12,13.21,13.15,13.12851781308651,2018-12-21,LSTM,3,2018
2018-12-19,2018,12,13.202,13.15,13.13316944283247,2018-12-22,LSTM,3,2018
2018-12-20,2018,12,13.16,13.14,13.077024299502373,2018-12-23,LSTM,3,2018
2018-12-21,2018,12,13.15,13.14,13.078856648504734,2018-12-24,LSTM,3,2018
2018-12-22,2018,12,13.15,13.116,13.094829754531384,2018-12-25,LSTM,3,2018
2018-12-23,2018,12,13.14,13.11,13.07486486375332,2018-12-26,LSTM,3,2018
2018-12-24,2018,12,13.14,13.11,13.081863905638457,2018-12-27,LSTM,3,2018
2018-12-25,2018,12,13.116,13.11,13.048906121015548,2018-12-28,LSTM,3,2018
2018-12-26,2018,12,13.11,13.1,13.05217237457633,2018-12-29,LSTM,3,2018
2018-12-27,2018,12,13.11,13.08,13.061542671769857,2018-12-30,LSTM,3,2018
2018-12-28,2018,12,13.11,13.02,13.060343247503042,2018-12-31,LSTM,3,2018
2018-12-29,2018,12,13.1,12.982,13.044450821727514,2019-01-01,LSTM,3,2018
2018-12-30,2018,12,13.08,12.934,13.020068911761046,2019-01-02,LSTM,3,2018
2018-12-31,2018,12,13.02,12.92,12.946224410533905,2019-01-03,LSTM,3,2018
2019-01-01,2019,1,12.982,12.902,12.919384389340877,2019-01-04,LSTM,3,2019
2019-01-02,2019,1,12.934,12.88,12.872910447061061,2019-01-05,LSTM,3,2019
2019-01-03,2019,1,12.92,12.844,12.881115848273039,2019-01-06,LSTM,3,2019
2019-01-04,2019,1,12.902,12.814,12.868306183487176,2019-01-07,LSTM,3,2019
2019-01-05,2019,1,12.88,12.786,12.836278670579196,2019-01-08,LSTM,3,2019
2019-01-06,2019,1,12.844,12.764,12.78833157518506,2019-01-09,LSTM,3,2019
2019-01-07,2019,1,12.814,12.736,12.761631195187569,2019-01-10,LSTM,3,2019
2019-01-08,2019,1,12.786,12.72,12.738359367161989,2019-01-11,LSTM,3,2019
2019-01-09,2019,1,12.764,12.704,12.722076272159814,2019-01-12,LSTM,3,2019
2019-01-10,2019,1,12.736,12.676,12.689472163528205,2019-01-13,LSTM,3,2019
2019-01-11,2019,1,12.72,12.654,12.68417273581028,2019-01-14,LSTM,3,2019
2019-01-12,2019,1,12.704,12.636,12.672463677912951,2019-01-15,LSTM,3,2019
2019-01-13,2019,1,12.676,12.604,12.630257689416409,2019-01-16,LSTM,3,2019
2019-01-14,2019,1,12.654,12.594,12.612254877477884,2019-01-17,LSTM,3,2019
2019-01-15,2019,1,12.636,12.574,12.60215745872259,2019-01-18,LSTM,3,2019
2019-01-16,2019,1,12.604,12.57,12.556296268194913,2019-01-19,LSTM,3,2019
2019-01-17,2019,1,12.594,12.542,12.567256213590502,2019-01-20,LSTM,3,2019
2019-01-18,2019,1,12.574,12.504,12.542478925526142,2019-01-21,LSTM,3,2019
2019-01-19,2019,1,12.57,12.486,12.556309822648764,2019-01-22,LSTM,3,2019
2019-01-20,2019,1,12.542,12.456,12.501732171148062,2019-01-23,LSTM,3,2019
2019-01-21,2019,1,12.504,12.436,12.450265764534473,2019-01-24,LSTM,3,2019
2019-01-22,2019,1,12.486,12.408,12.45218539094925,2019-01-25,LSTM,3,2019
2019-01-23,2019,1,12.456,12.364,12.415222368896007,2019-01-26,LSTM,3,2019
2019-01-24,2019,1,12.436,12.352,12.4016873755157,2019-01-27,LSTM,3,2019
2019-01-25,2019,1,12.408,12.35,12.368831254720687,2019-01-28,LSTM,3,2019
2019-01-26,2019,1,12.364,12.344,12.308961547851563,2019-01-29,LSTM,3,2019
2019-01-27,2019,1,12.352,12.326,12.32856491957605,2019-01-30,LSTM,3,2019
2019-01-28,2019,1,12.35,12.32,12.361679402552545,2019-01-31,LSTM,3,2019
2019-01-29,2019,1,12.344,12.304,12.34446723964624,2019-02-01,LSTM,3,2019
2019-01-30,2019,1,12.326,12.276,12.302361086592079,2019-02-02,LSTM,3,2019
2019-01-31,2019,1,12.32,12.264,12.315181416161359,2019-02-03,LSTM,3,2019
2019-02-01,2019,2,12.304,12.26,12.28845637524128,2019-02-04,LSTM,3,2019
2019-02-02,2019,2,12.276,12.246,12.240720018208027,2019-02-05,LSTM,3,2019
2019-02-03,2019,2,12.264,12.234,12.250014004796743,2019-02-06,LSTM,3,2019
2019-02-04,2019,2,12.26,12.228,12.272076541781425,2019-02-07,LSTM,3,2019
2019-02-05,2019,2,12.246,12.21,12.23776724627614,2019-02-08,LSTM,3,2019
2019-02-06,2019,2,12.234,12.208,12.226203424684703,2019-02-09,LSTM,3,2019
2019-02-07,2019,2,12.228,12.186,12.236647296577692,2019-02-10,LSTM,3,2019
2019-02-08,2019,2,12.21,12.174,12.197731331959368,2019-02-11,LSTM,3,2019
2019-02-09,2019,2,12.208,12.166,12.223977522358298,2019-02-12,LSTM,3,2019
2019-02-10,2019,2,12.186,12.15,12.171057424753904,2019-02-13,LSTM,3,2019
2019-02-11,2019,2,12.174,12.146,12.16971374291554,2019-02-14,LSTM,3,2019
2019-02-12,2019,2,12.166,12.142,12.180115846715868,2019-02-15,LSTM,3,2019
2019-02-13,2019,2,12.15,12.13,12.147766664018855,2019-02-16,LSTM,3,2019
2019-02-14,2019,2,12.146,12.12,12.168095281630755,2019-02-17,LSTM,3,2019
2019-02-15,2019,2,12.142,12.12,12.174355435192584,2019-02-18,LSTM,3,2019
2019-02-16,2019,2,12.13,12.12,12.140815428569914,2019-02-19,LSTM,3,2019
2019-02-17,2019,2,12.12,12.156,12.13437353901565,2019-02-20,LSTM,3,2019
2019-02-18,2019,2,12.12,12.17,12.165383635908364,2019-02-21,LSTM,3,2019
2019-02-19,2019,2,12.12,12.156,12.173706564009189,2019-02-22,LSTM,3,2019
2019-02-20,2019,2,12.156,12.14,12.266726349055768,2019-02-23,LSTM,3,2019
2019-02-21,2019,2,12.17,12.144,12.203633507788181,2019-02-24,LSTM,3,2019
2019-02-22,2019,2,12.156,12.144,12.164393942378462,2019-02-25,LSTM,3,2019
2019-02-23,2019,2,12.14,12.162,12.1491644320637,2019-02-26,LSTM,3,2019
2019-02-24,2019,2,12.144,12.212,12.212881191313267,2019-02-27,LSTM,3,2019
2019-02-25,2019,2,12.144,12.286,12.209792173147202,2019-02-28,LSTM,3,2019
2019-02-26,2019,2,12.162,12.31,12.255401558697224,2019-03-01,LSTM,3,2019
2019-02-27,2019,2,12.212,12.28,12.345885473012924,2019-03-02,LSTM,3,2019
2019-02-28,2019,2,12.286,12.26,12.40908094650507,2019-03-03,LSTM,3,2019
2019-03-01,2019,3,12.31,12.26,12.288774890303612,2019-03-04,LSTM,3,2019
2019-03-02,2019,3,12.28,12.27,12.259566426947712,2019-03-05,LSTM,3,2019
2019-03-03,2019,3,12.26,12.38,12.272713030911982,2019-03-06,LSTM,3,2019
2019-03-04,2019,3,12.26,12.5,12.347983407080173,2019-03-07,LSTM,3,2019
2019-03-05,2019,3,12.27,12.6,12.382868279218673,2019-03-08,LSTM,3,2019
2019-03-06,2019,3,12.38,12.66,12.605722208619119,2019-03-09,LSTM,3,2019
2019-03-07,2019,3,12.5,12.69,12.620639644563198,2019-03-10,LSTM,3,2019
2019-03-08,2019,3,12.6,12.65,12.613948934152722,2019-03-11,LSTM,3,2019
2019-03-09,2019,3,12.66,12.6,12.590311001837254,2019-03-12,LSTM,3,2019
2019-03-10,2019,3,12.69,12.57,12.627141261994838,2019-03-13,LSTM,3,2019
2019-03-11,2019,3,12.65,12.56,12.597780873626471,2019-03-14,LSTM,3,2019
2019-03-12,2019,3,12.6,12.56,12.600856656813994,2019-03-15,LSTM,3,2019
2019-03-13,2019,3,12.57,12.55,12.606314591765404,2019-03-16,LSTM,3,2019
2019-03-14,2019,3,12.56,12.53,12.646083687841893,2019-03-17,LSTM,3,2019
2019-03-15,2019,3,12.56,12.51,12.684288864433766,2019-03-18,LSTM,3,2019
2019-03-16,2019,3,12.55,12.47,12.638747262954713,2019-03-19,LSTM,3,2019
2019-03-17,2019,3,12.53,12.44,12.58297340080142,2019-03-20,LSTM,3,2019
2019-03-18,2019,3,12.51,12.42,12.565033054202795,2019-03-21,LSTM,3,2019
2019-03-19,2019,3,12.47,12.42,12.490901277661324,2019-03-22,LSTM,3,2019
2019-03-20,2019,3,12.44,12.414,12.476557987332344,2019-03-23,LSTM,3,2019
2019-03-21,2019,3,12.42,12.502,12.49624627649784,2019-03-24,LSTM,3,2019
2019-03-22,2019,3,12.42,12.648,12.573670981526375,2019-03-25,LSTM,3,2019
2019-03-23,2019,3,12.414,12.748,12.559556896924972,2019-03-26,LSTM,3,2019
2019-03-24,2019,3,12.502,12.808,12.790563817739487,2019-03-27,LSTM,3,2019
2019-03-25,2019,3,12.648,12.81,12.900931743860244,2019-03-28,LSTM,3,2019
2019-03-26,2019,3,12.748,12.814,12.839456279158592,2019-03-29,LSTM,3,2019
2019-03-27,2019,3,12.808,12.842,12.849087813675403,2019-03-30,LSTM,3,2019
2019-03-28,2019,3,12.81,12.796,12.843184956759215,2019-03-31,LSTM,3,2019
2019-03-29,2019,3,12.814,12.79,13.082806397914887,2019-04-01,LSTM,3,2019
2019-03-30,2019,3,12.842,12.836,13.216876111745835,2019-04-02,LSTM,3,2019
2019-03-31,2019,3,12.796,12.878,12.909307610154151,2019-04-03,LSTM,3,2019
2019-04-01,2019,4,12.79,12.946,12.956963025927543,2019-04-04,LSTM,3,2019
2019-04-02,2019,4,12.836,12.988,13.192306582689286,2019-04-05,LSTM,3,2019
2019-04-03,2019,4,12.878,12.99,13.128093758106232,2019-04-06,LSTM,3,2019
2019-04-04,2019,4,12.946,13.034,13.240469088315963,2019-04-07,LSTM,3,2019
2019-04-05,2019,4,12.988,13.046,13.193885112285614,2019-04-08,LSTM,3,2019
2019-04-06,2019,4,12.99,13.158,13.190042814016342,2019-04-09,LSTM,3,2019
2019-04-07,2019,4,13.034,13.33,13.46974744462967,2019-04-10,LSTM,3,2019
2019-04-08,2019,4,13.046,13.458,13.358336444854736,2019-04-11,LSTM,3,2019
2019-04-09,2019,4,13.158,13.464,13.647245414733886,2019-04-12,LSTM,3,2019
2019-04-10,2019,4,13.33,13.394,13.814269261360169,2019-04-13,LSTM,3,2019
2019-04-11,2019,4,13.458,13.32,13.793036426782608,2019-04-14,LSTM,3,2019
2019-04-12,2019,4,13.464,13.294,13.496220829278231,2019-04-15,LSTM,3,2019
2019-04-13,2019,4,13.394,13.292,13.514177283883095,2019-04-16,LSTM,3,2019
2019-04-14,2019,4,13.32,13.348,13.612598247528076,2019-04-17,LSTM,3,2019
2019-04-15,2019,4,13.294,13.352,13.691831588983536,2019-04-18,LSTM,3,2019
2019-04-16,2019,4,13.292,13.362,13.795177344799042,2019-04-19,LSTM,3,2019
2019-04-17,2019,4,13.348,13.4,13.909765670776368,2019-04-20,LSTM,3,2019
2019-04-18,2019,4,13.352,13.462,13.672810288190842,2019-04-21,LSTM,3,2019
2019-04-19,2019,4,13.362,13.514,13.796161007404327,2019-04-22,LSTM,3,2019
2019-04-20,2019,4,13.4,13.54,13.93474259376526,2019-04-23,LSTM,3,2019
2019-04-21,2019,4,13.462,13.562,14.015731441497802,2019-04-24,LSTM,3,2019
2019-04-22,2019,4,13.514,13.628,13.986077935934066,2019-04-25,LSTM,3,2019
2019-04-23,2019,4,13.54,13.786,13.988529839515685,2019-04-26,LSTM,3,2019
2019-04-24,2019,4,13.562,13.992,14.104641520500182,2019-04-27,LSTM,3,2019
2019-04-25,2019,4,13.628,13.92,14.267648973941803,2019-04-28,LSTM,3,2019
2019-04-26,2019,4,13.786,13.904,14.402498053073883,2019-04-29,LSTM,3,2019
2019-04-27,2019,4,13.992,13.862,14.659123675346375,2019-04-30,LSTM,3,2019
2019-04-28,2019,4,13.92,13.824,13.908877078518271,2019-05-01,LSTM,3,2019
2019-04-29,2019,4,13.904,13.908,14.111596763968468,2019-05-02,LSTM,3,2019
2019-04-30,2019,4,13.862,14.162,14.298426013708115,2019-05-03,LSTM,3,2019
2019-05-01,2019,5,13.824,14.46,14.234982757806778,2019-05-04,LSTM,3,2019
2019-05-02,2019,5,13.908,14.72,14.607855148792266,2019-05-05,LSTM,3,2019
2019-05-03,2019,5,14.162,15.0,14.882594942569733,2019-05-06,LSTM,3,2019
2019-05-04,2019,5,14.46,15.5,15.143188199996949,2019-05-07,LSTM,3,2019
2019-05-05,2019,5,14.72,15.932,15.284899802207947,2019-05-08,LSTM,3,2019
2019-05-06,2019,5,15.0,16.124,15.638149917125702,2019-05-09,LSTM,3,2019
2019-05-07,2019,5,15.5,16.268,15.924451231956482,2019-05-10,LSTM,3,2019
2019-05-08,2019,5,15.932,16.364,16.07250379395485,2019-05-11,LSTM,3,2019
2019-05-09,2019,5,16.124,16.478,15.994198234915732,2019-05-12,LSTM,3,2019
2019-05-10,2019,5,16.268,16.496,16.227310572594405,2019-05-13,LSTM,3,2019
2019-05-11,2019,5,16.364,16.356,16.488042078852654,2019-05-14,LSTM,3,2019
2019-05-12,2019,5,16.478,16.252,16.519861016303302,2019-05-15,LSTM,3,2019
2019-05-13,2019,5,16.496,16.37,16.308712416052817,2019-05-16,LSTM,3,2019
2019-05-14,2019,5,16.356,16.72,16.144274556398393,2019-05-17,LSTM,3,2019
2019-05-15,2019,5,16.252,17.118,16.234052346691488,2019-05-18,LSTM,3,2019
2019-05-16,2019,5,16.37,17.306,17.27406769514084,2019-05-19,LSTM,3,2019
2019-05-17,2019,5,16.72,17.172,17.45517620563507,2019-05-20,LSTM,3,2019
2019-05-18,2019,5,17.118,16.902,18.02521583366394,2019-05-21,LSTM,3,2019
2019-05-19,2019,5,17.306,16.704,17.67537999725342,2019-05-22,LSTM,3,2019
2019-05-20,2019,5,17.172,16.56,17.1356785723269,2019-05-23,LSTM,3,2019
2019-05-21,2019,5,16.902,16.438,16.662649740695954,2019-05-24,LSTM,3,2019
2019-05-22,2019,5,16.704,16.476,16.552123475909234,2019-05-25,LSTM,3,2019
2019-05-23,2019,5,16.56,16.62,16.5170819362998,2019-05-26,LSTM,3,2019
2019-05-24,2019,5,16.438,16.742,16.47659982267022,2019-05-27,LSTM,3,2019
2019-05-25,2019,5,16.476,16.706,16.785357672929763,2019-05-28,LSTM,3,2019
2019-05-26,2019,5,16.62,16.64,16.92426749587059,2019-05-29,LSTM,3,2019
2019-05-27,2019,5,16.742,16.544,16.905392052054406,2019-05-30,LSTM,3,2019
2019-05-28,2019,5,16.706,16.56,16.6976179664433,2019-05-31,LSTM,3,2019
2019-05-29,2019,5,16.64,16.58,16.883993684649468,2019-06-01,LSTM,3,2019
2019-05-30,2019,5,16.544,16.576,16.78436104977131,2019-06-02,LSTM,3,2019
2019-05-31,2019,5,16.56,16.548,17.21367317199707,2019-06-03,LSTM,3,2019
2019-06-01,2019,6,16.58,16.422,17.351696805953978,2019-06-04,LSTM,3,2019
2019-06-02,2019,6,16.576,16.222,17.199021721839905,2019-06-05,LSTM,3,2019
2019-06-03,2019,6,16.548,16.152,17.105199478149412,2019-06-06,LSTM,3,2019
2019-06-04,2019,6,16.422,16.03,16.471232471734286,2019-06-07,LSTM,3,2019
2019-06-05,2019,6,16.222,15.9,15.860901978731157,2019-06-08,LSTM,3,2019
2019-06-06,2019,6,16.152,15.832,15.958955933570863,2019-06-09,LSTM,3,2019
2019-06-07,2019,6,16.03,15.784,15.801307691931726,2019-06-10,LSTM,3,2019
2019-06-08,2019,6,15.9,15.89,15.594533109664917,2019-06-11,LSTM,3,2019
2019-06-09,2019,6,15.832,15.942,15.61661329638958,2019-06-12,LSTM,3,2019
2019-06-10,2019,6,15.784,15.982,15.625771855950356,2019-06-13,LSTM,3,2019
2019-06-11,2019,6,15.89,16.136,16.229316099882126,2019-06-14,LSTM,3,2019
2019-06-12,2019,6,15.942,16.408,16.18080346119404,2019-06-15,LSTM,3,2019
2019-06-13,2019,6,15.982,16.744,16.379504478693008,2019-06-16,LSTM,3,2019
2019-06-14,2019,6,16.136,16.956,16.923591397762298,2019-06-17,LSTM,3,2019
2019-06-15,2019,6,16.408,16.99,17.196211703300477,2019-06-18,LSTM,3,2019
2019-06-16,2019,6,16.744,17.012,17.734964829921722,2019-06-19,LSTM,3,2019
2019-06-17,2019,6,16.956,17.15,17.575889497756958,2019-06-20,LSTM,3,2019
2019-06-18,2019,6,16.99,17.032,17.21090858221054,2019-06-21,LSTM,3,2019
2019-06-19,2019,6,17.012,17.266,17.171073740243912,2019-06-22,LSTM,3,2019
2019-06-20,2019,6,17.15,17.604,17.633329713344573,2019-06-23,LSTM,3,2019
2019-06-21,2019,6,17.032,17.718,16.937511908233166,2019-06-24,LSTM,3,2019
2019-06-22,2019,6,17.266,17.672,17.927227881908415,2019-06-25,LSTM,3,2019
2019-06-23,2019,6,17.604,17.522,18.547014085292815,2019-06-26,LSTM,3,2019
2019-06-24,2019,6,17.718,17.914,18.236783390522003,2019-06-27,LSTM,3,2019
2019-06-25,2019,6,17.672,18.242,17.707882264375687,2019-06-28,LSTM,3,2019
2019-06-26,2019,6,17.522,18.308,17.589230157554148,2019-06-29,LSTM,3,2019
2019-06-27,2019,6,17.914,18.404,18.71639886045456,2019-06-30,LSTM,3,2019
2019-06-28,2019,6,18.242,18.428,18.823141352653504,2019-07-01,LSTM,3,2019
2019-06-29,2019,6,18.308,18.54,18.697529943466186,2019-07-02,LSTM,3,2019
2019-06-30,2019,6,18.404,18.66,18.753369525909424,2019-07-03,LSTM,3,2019
2019-07-01,2019,7,18.428,18.656,18.656293776512147,2019-07-04,LSTM,3,2019
2019-07-02,2019,7,18.54,18.486,18.930639454126357,2019-07-05,LSTM,3,2019
2019-07-03,2019,7,18.66,18.284,19.070020291805267,2019-07-06,LSTM,3,2019
2019-07-04,2019,7,18.656,18.162,18.75317760235071,2019-07-07,LSTM,3,2019
2019-07-05,2019,7,18.486,18.224,18.273205666303635,2019-07-08,LSTM,3,2019
2019-07-06,2019,7,18.284,18.354,18.16196951830387,2019-07-09,LSTM,3,2019
2019-07-07,2019,7,18.162,18.658,18.20168859836459,2019-07-10,LSTM,3,2019
2019-07-08,2019,7,18.224,18.998,18.599522285699845,2019-07-11,LSTM,3,2019
2019-07-09,2019,7,18.354,19.434,18.755812374591827,2019-07-12,LSTM,3,2019
2019-07-10,2019,7,18.658,19.956,19.25760210323334,2019-07-13,LSTM,3,2019
2019-07-11,2019,7,18.998,20.352,19.529246662139894,2019-07-14,LSTM,3,2019
2019-07-12,2019,7,19.434,20.718,19.977769478797914,2019-07-15,LSTM,3,2019
2019-07-13,2019,7,19.956,20.918,20.38120672082901,2019-07-16,LSTM,3,2019
2019-07-14,2019,7,20.352,21.108,20.34835413172655,2019-07-17,LSTM,3,2019
2019-07-15,2019,7,20.718,21.156,20.615573202848434,2019-07-18,LSTM,3,2019
2019-07-16,2019,7,20.918,21.07,20.522699313640594,2019-07-19,LSTM,3,2019
2019-07-17,2019,7,21.108,20.834,20.714716722249985,2019-07-20,LSTM,3,2019
2019-07-18,2019,7,21.156,20.548,20.605687898159026,2019-07-21,LSTM,3,2019
2019-07-19,2019,7,21.07,20.16,20.604640461206436,2019-07-22,LSTM,3,2019
2019-07-20,2019,7,20.834,19.898,20.111293026447296,2019-07-23,LSTM,3,2019
2019-07-21,2019,7,20.548,19.872,19.897716186523436,2019-07-24,LSTM,3,2019
2019-07-22,2019,7,20.16,19.988,19.528633031845093,2019-07-25,LSTM,3,2019
2019-07-23,2019,7,19.898,20.028,19.497217146635055,2019-07-26,LSTM,3,2019
2019-07-24,2019,7,19.872,19.842,19.6967060328722,2019-07-27,LSTM,3,2019
2019-07-25,2019,7,19.988,19.682,19.984657700510695,2019-07-28,LSTM,3,2019
2019-07-26,2019,7,20.028,19.574,19.910672682404517,2019-07-29,LSTM,3,2019
2019-07-27,2019,7,19.842,19.458,19.58805646729469,2019-07-30,LSTM,3,2019
2019-07-28,2019,7,19.682,19.27,19.465462792634963,2019-07-31,LSTM,3,2019
2019-07-29,2019,7,19.574,19.074,19.447678967356683,2019-08-01,LSTM,3,2019
2019-07-30,2019,7,19.458,18.96,19.267471383690832,2019-08-02,LSTM,3,2019
2019-07-31,2019,7,19.27,18.936,18.945372540950775,2019-08-03,LSTM,3,2019
2019-08-01,2019,8,19.074,18.932,18.716707705497743,2019-08-04,LSTM,3,2019
2019-08-02,2019,8,18.96,18.924,18.78378898561001,2019-08-05,LSTM,3,2019
2019-08-03,2019,8,18.936,18.916,18.908823614254594,2019-08-06,LSTM,3,2019
2019-08-04,2019,8,18.932,18.872,18.92596335892379,2019-08-07,LSTM,3,2019
2019-08-05,2019,8,18.924,18.832,18.901033542469143,2019-08-08,LSTM,3,2019
2019-08-06,2019,8,18.916,18.76,18.896895755812526,2019-08-09,LSTM,3,2019
2019-08-07,2019,8,18.872,18.718,18.83508746188879,2019-08-10,LSTM,3,2019
2019-08-08,2019,8,18.832,18.65,18.831183252220974,2019-08-11,LSTM,3,2019
2019-08-09,2019,8,18.76,18.512,18.709463006109,2019-08-12,LSTM,3,2019
2019-08-10,2019,8,18.718,18.456,18.721359430935234,2019-08-13,LSTM,3,2019
2019-08-11,2019,8,18.65,18.366,18.59928416982293,2019-08-14,LSTM,3,2019
2019-08-12,2019,8,18.512,18.306,18.34044427227974,2019-08-15,LSTM,3,2019
2019-08-13,2019,8,18.456,18.292,18.405815552681684,2019-08-16,LSTM,3,2019
2019-08-14,2019,8,18.366,18.188,18.27415457701683,2019-08-17,LSTM,3,2019
2019-08-15,2019,8,18.306,18.132,18.24530531293154,2019-08-18,LSTM,3,2019
2019-08-16,2019,8,18.292,18.138,18.318894051581623,2019-08-19,LSTM,3,2019
2019-08-17,2019,8,18.188,18.108,18.088700345635413,2019-08-20,LSTM,3,2019
2019-08-18,2019,8,18.132,18.036,18.085553568571807,2019-08-21,LSTM,3,2019
2019-08-19,2019,8,18.138,17.972,18.260392892837526,2019-08-22,LSTM,3,2019
2019-08-20,2019,8,18.108,17.832,18.191412632346154,2019-08-23,LSTM,3,2019
2019-08-21,2019,8,18.036,17.728,18.03926820393093,2019-08-24,LSTM,3,2019
2019-08-22,2019,8,17.972,17.62,17.99415549349785,2019-08-25,LSTM,3,2019
2019-08-23,2019,8,17.832,17.682,17.684429613471032,2019-08-26,LSTM,3,2019
2019-08-24,2019,8,17.728,17.58,17.620680630087854,2019-08-27,LSTM,3,2019
2019-08-25,2019,8,17.62,17.418,17.517427372634412,2019-08-28,LSTM,3,2019
2019-08-26,2019,8,17.682,17.314,17.952323932170867,2019-08-29,LSTM,3,2019
2019-08-27,2019,8,17.58,17.15,17.54622272953391,2019-08-30,LSTM,3,2019
2019-08-28,2019,8,17.418,16.992,17.24410599696636,2019-08-31,LSTM,3,2019
2019-08-29,2019,8,17.314,16.926,17.205765363514423,2019-09-01,LSTM,3,2019
2019-08-30,2019,8,17.15,16.916,16.979893425107,2019-09-02,LSTM,3,2019
2019-08-31,2019,8,16.992,16.888,16.83434407544136,2019-09-03,LSTM,3,2019
2019-09-01,2019,9,16.926,16.816,16.991580263733862,2019-09-04,LSTM,3,2019
2019-09-02,2019,9,16.916,16.794,17.11007930970192,2019-09-05,LSTM,3,2019
2019-09-03,2019,9,16.888,16.848,17.081913623690607,2019-09-06,LSTM,3,2019
2019-09-04,2019,9,16.816,16.85,16.9422509226799,2019-09-07,LSTM,3,2019
2019-09-05,2019,9,16.794,16.852,17.03241942846775,2019-09-08,LSTM,3,2019
2019-09-06,2019,9,16.848,16.93,17.374250660419463,2019-09-09,LSTM,3,2019
2019-09-07,2019,9,16.85,16.982,17.319944268465044,2019-09-10,LSTM,3,2019
2019-09-08,2019,9,16.852,17.002,17.42413717699051,2019-09-11,LSTM,3,2019
2019-09-09,2019,9,16.93,17.028,17.509016149044037,2019-09-12,LSTM,3,2019
2019-09-10,2019,9,16.982,17.14,17.356456346035003,2019-09-13,LSTM,3,2019
2019-09-11,2019,9,17.002,17.408,17.355144526481627,2019-09-14,LSTM,3,2019
2019-09-12,2019,9,17.028,17.814,17.47852322745323,2019-09-15,LSTM,3,2019
2019-09-13,2019,9,17.14,18.138,17.639861538410187,2019-09-16,LSTM,3,2019
2019-09-14,2019,9,17.408,18.27,18.12536204624176,2019-09-17,LSTM,3,2019
2019-09-15,2019,9,17.814,18.372,18.32147662782669,2019-09-18,LSTM,3,2019
2019-09-16,2019,9,18.138,18.598,18.676829028606416,2019-09-19,LSTM,3,2019
2019-09-17,2019,9,18.27,18.67,18.323200256079435,2019-09-20,LSTM,3,2019
2019-09-18,2019,9,18.372,18.716,18.416798236340284,2019-09-21,LSTM,3,2019
2019-09-19,2019,9,18.598,18.778,18.670739504277705,2019-09-22,LSTM,3,2019
2019-09-20,2019,9,18.67,18.808,18.567060327231886,2019-09-23,LSTM,3,2019
2019-09-21,2019,9,18.716,18.73,18.721467720795424,2019-09-24,LSTM,3,2019
2019-09-22,2019,9,18.778,18.614,18.85375263082981,2019-09-25,LSTM,3,2019
2019-09-23,2019,9,18.808,18.608,18.791040273189545,2019-09-26,LSTM,3,2019
2019-09-24,2019,9,18.73,18.7,18.49188613474369,2019-09-27,LSTM,3,2019
2019-09-25,2019,9,18.614,18.646,18.325324959993363,2019-09-28,LSTM,3,2019
2019-09-26,2019,9,18.608,18.524,18.72024663257599,2019-09-29,LSTM,3,2019
2019-09-27,2019,9,18.7,18.51,18.91838419139385,2019-09-30,LSTM,3,2019
2019-09-28,2019,9,18.646,18.632,18.501653896927834,2019-10-01,LSTM,3,2019
2019-09-29,2019,9,18.524,18.482,18.21613330745697,2019-10-02,LSTM,3,2019
2019-09-30,2019,9,18.51,18.24,18.567635352015497,2019-10-03,LSTM,3,2019
2019-10-01,2019,10,18.632,18.024,18.822584495663644,2019-10-04,LSTM,3,2019
2019-10-02,2019,10,18.482,17.814,18.030831433057784,2019-10-05,LSTM,3,2019
2019-10-03,2019,10,18.24,17.632,17.557387163639067,2019-10-06,LSTM,3,2019
2019-10-04,2019,10,18.024,17.446,17.475382100582124,2019-10-07,LSTM,3,2019
2019-10-05,2019,10,17.814,17.32,17.327645827770233,2019-10-08,LSTM,3,2019
2019-10-06,2019,10,17.632,17.244,17.21812072467804,2019-10-09,LSTM,3,2019
2019-10-07,2019,10,17.446,17.192,17.06850390648842,2019-10-10,LSTM,3,2019
2019-10-08,2019,10,17.32,17.094,17.01351002573967,2019-10-11,LSTM,3,2019
2019-10-09,2019,10,17.244,16.95,17.131488439679146,2019-10-12,LSTM,3,2019
2019-10-10,2019,10,17.192,16.83,17.19551484771818,2019-10-13,LSTM,3,2019
2019-10-11,2019,10,17.094,16.81,17.010435897350312,2019-10-14,LSTM,3,2019
2019-10-12,2019,10,16.95,16.852,16.73628134727478,2019-10-15,LSTM,3,2019
2019-10-13,2019,10,16.83,16.874,16.646303715109823,2019-10-16,LSTM,3,2019
2019-10-14,2019,10,16.81,16.826,16.84176813572645,2019-10-17,LSTM,3,2019
2019-10-15,2019,10,16.852,16.66,17.006364556074143,2019-10-18,LSTM,3,2019
2019-10-16,2019,10,16.874,16.422,16.82659018987417,2019-10-19,LSTM,3,2019
2019-10-17,2019,10,16.826,16.202,16.659530575037003,2019-10-20,LSTM,3,2019
2019-10-18,2019,10,16.66,16.042,16.326004866361618,2019-10-21,LSTM,3,2019
2019-10-19,2019,10,16.422,15.882,16.066362717866898,2019-10-22,LSTM,3,2019
2019-10-20,2019,10,16.202,15.73,15.87446273159981,2019-10-23,LSTM,3,2019
2019-10-21,2019,10,16.042,15.62,15.786268238544466,2019-10-24,LSTM,3,2019
2019-10-22,2019,10,15.882,15.532,15.641471088647842,2019-10-25,LSTM,3,2019
2019-10-23,2019,10,15.73,15.518,15.490577112436295,2019-10-26,LSTM,3,2019
2019-10-24,2019,10,15.62,15.466,15.433374325633048,2019-10-27,LSTM,3,2019
2019-10-25,2019,10,15.532,15.538,15.335808107972145,2019-10-28,LSTM,3,2019
2019-10-26,2019,10,15.518,15.614,15.37111034321785,2019-10-29,LSTM,3,2019
2019-10-27,2019,10,15.466,15.676,15.316170508027076,2019-10-30,LSTM,3,2019
2019-10-28,2019,10,15.538,15.646,15.621406649529934,2019-10-31,LSTM,3,2019
2019-10-29,2019,10,15.614,15.642,15.683620579481126,2019-11-01,LSTM,3,2019
2019-10-30,2019,10,15.676,15.702,15.603670061588288,2019-11-02,LSTM,3,2019
2019-10-31,2019,10,15.646,15.664,15.374863656520844,2019-11-03,LSTM,3,2019
2019-11-01,2019,11,15.642,15.57,15.50530497264862,2019-11-04,LSTM,3,2019
2019-11-02,2019,11,15.702,15.4,15.770653337657452,2019-11-05,LSTM,3,2019
2019-11-03,2019,11,15.664,15.264,15.409006918907165,2019-11-06,LSTM,3,2019
2019-11-04,2019,11,15.57,15.17,15.289962298870087,2019-11-07,LSTM,3,2019
2019-11-05,2019,11,15.4,15.072,15.21810623407364,2019-11-08,LSTM,3,2019
2019-11-06,2019,11,15.264,14.98,15.132009909987449,2019-11-09,LSTM,3,2019
2019-11-07,2019,11,15.17,14.892,15.000677062273025,2019-11-10,LSTM,3,2019
2019-11-08,2019,11,15.072,14.83,14.87077795279026,2019-11-11,LSTM,3,2019
2019-11-09,2019,11,14.98,14.728,14.75233336865902,2019-11-12,LSTM,3,2019
2019-11-10,2019,11,14.892,14.64,14.673961873173713,2019-11-13,LSTM,3,2019
2019-11-11,2019,11,14.83,14.58,14.639609740972519,2019-11-14,LSTM,3,2019
2019-11-12,2019,11,14.728,14.522,14.576629608750343,2019-11-15,LSTM,3,2019
2019-11-13,2019,11,14.64,14.476,14.492323144674302,2019-11-16,LSTM,3,2019
2019-11-14,2019,11,14.58,14.422,14.454066576361656,2019-11-17,LSTM,3,2019
2019-11-15,2019,11,14.522,14.382,14.411436304569245,2019-11-18,LSTM,3,2019
2019-11-16,2019,11,14.476,14.352,14.368550066113473,2019-11-19,LSTM,3,2019
2019-11-17,2019,11,14.422,14.288,14.31878642898798,2019-11-20,LSTM,3,2019
2019-11-18,2019,11,14.382,14.256,14.284639336884021,2019-11-21,LSTM,3,2019
2019-11-19,2019,11,14.352,14.222,14.27280732434988,2019-11-22,LSTM,3,2019
2019-11-20,2019,11,14.288,14.19,14.189805616915226,2019-11-23,LSTM,3,2019
2019-11-21,2019,11,14.256,14.18,14.16820361739397,2019-11-24,LSTM,3,2019
2019-11-22,2019,11,14.222,14.18,14.150168930113315,2019-11-25,LSTM,3,2019
2019-11-23,2019,11,14.19,14.17,14.116495991647243,2019-11-26,LSTM,3,2019
2019-11-24,2019,11,14.18,14.16,14.132310971915722,2019-11-27,LSTM,3,2019
2019-11-25,2019,11,14.18,14.106,14.162200829312205,2019-11-28,LSTM,3,2019
2019-11-26,2019,11,14.17,14.04,14.142027448937297,2019-11-29,LSTM,3,2019
2019-11-27,2019,11,14.16,13.992,14.12804467216134,2019-11-30,LSTM,3,2019
2019-11-28,2019,11,14.106,13.938,14.033351176738739,2019-12-01,LSTM,3,2019
2019-11-29,2019,11,14.04,13.89,13.948652119338512,2019-12-02,LSTM,3,2019
2019-11-30,2019,11,13.992,13.862,13.91137728226185,2019-12-03,LSTM,3,2019
2019-12-01,2019,12,13.938,13.824,13.860120027244092,2019-12-04,LSTM,3,2019
2019-12-02,2019,12,13.89,13.806,13.81227764427662,2019-12-05,LSTM,3,2019
2019-12-03,2019,12,13.862,13.768,13.799549941241741,2019-12-06,LSTM,3,2019
2019-12-04,2019,12,13.824,13.746,13.757651566505432,2019-12-07,LSTM,3,2019
2019-12-05,2019,12,13.806,13.714,13.752001634001731,2019-12-08,LSTM,3,2019
2019-12-06,2019,12,13.768,13.688,13.703999386012555,2019-12-09,LSTM,3,2019
2019-12-07,2019,12,13.746,13.652,13.688970987409354,2019-12-10,LSTM,3,2019
2019-12-08,2019,12,13.714,13.616,13.656027557641268,2019-12-11,LSTM,3,2019
2019-12-09,2019,12,13.688,13.568,13.630986451089383,2019-12-12,LSTM,3,2019
2019-12-10,2019,12,13.652,13.546,13.59040780854225,2019-12-13,LSTM,3,2019
2019-12-11,2019,12,13.616,13.514,13.552037458479404,2019-12-14,LSTM,3,2019
2019-12-12,2019,12,13.568,13.49,13.498052995681762,2019-12-15,LSTM,3,2019
2019-12-13,2019,12,13.546,13.446,13.491866543799638,2019-12-16,LSTM,3,2019
2019-12-14,2019,12,13.514,13.412,13.459041377097368,2019-12-17,LSTM,3,2019
2019-12-15,2019,12,13.49,13.386,13.436280743926764,2019-12-18,LSTM,3,2019
2019-12-16,2019,12,13.446,13.352,13.380806898236274,2019-12-19,LSTM,3,2019
2019-12-17,2019,12,13.412,13.33,13.349466844916344,2019-12-20,LSTM,3,2019
2019-12-18,2019,12,13.386,13.296,13.334339868336915,2019-12-21,LSTM,3,2019
2019-12-19,2019,12,13.352,13.274,13.294576553672552,2019-12-22,LSTM,3,2019
2019-12-20,2019,12,13.33,13.256,13.279868731200695,2019-12-23,LSTM,3,2019
2019-12-21,2019,12,13.296,13.24,13.239700049072503,2019-12-24,LSTM,3,2019
2019-12-22,2019,12,13.274,13.226,13.223977502226829,2019-12-25,LSTM,3,2019
2019-12-23,2019,12,13.256,13.22,13.214605352789164,2019-12-26,LSTM,3,2019
2019-12-24,2019,12,13.24,13.208,13.200253410041332,2019-12-27,LSTM,3,2019
2019-12-25,2019,12,13.226,13.158,13.188786432355643,2019-12-28,LSTM,3,2019
2019-12-26,2019,12,13.22,13.146,13.193329292610288,2019-12-29,LSTM,3,2019
2019-12-27,2019,12,13.208,13.126,13.176052942305803,2019-12-30,LSTM,3,2019
2019-12-28,2019,12,13.158,13.104,13.093400985181331,2019-12-31,LSTM,3,2019
2019-12-29,2019,12,13.146,13.086,13.102851650029422,2020-01-01,LSTM,3,2019
2019-12-30,2019,12,13.126,13.054,13.089498178869485,2020-01-02,LSTM,3,2019
2019-12-31,2019,12,13.104,13.04,13.058987116158008,2020-01-03,LSTM,3,2019
