Date,Year,Month,WL,y_true,y_pred,Target_Date,Model,Horizon,Fold_Year
2008-01-08,2008,1,13.76,13.72,13.700750000000001,2008-01-11,Anomaly Persistence,3,2008
2008-01-09,2008,1,13.74,13.71,13.685666666666666,2008-01-12,Anomaly Persistence,3,2008
2008-01-10,2008,1,13.73,13.699,13.680916666666665,2008-01-13,Anomaly Persistence,3,2008
2008-01-11,2008,1,13.72,13.67,13.66875,2008-01-14,Anomaly Persistence,3,2008
2008-01-12,2008,1,13.71,13.65,13.660916666666667,2008-01-15,Anomaly Persistence,3,2008
2008-01-13,2008,1,13.699,13.63,13.64825,2008-01-16,Anomaly Persistence,3,2008
2008-01-14,2008,1,13.67,13.62,13.622833333333334,2008-01-17,Anomaly Persistence,3,2008
2008-01-15,2008,1,13.65,13.61,13.599750000000002,2008-01-18,Anomaly Persistence,3,2008
2008-01-16,2008,1,13.63,13.6,13.582833333333335,2008-01-19,Anomaly Persistence,3,2008
2008-01-17,2008,1,13.62,13.59,13.570166666666664,2008-01-20,Anomaly Persistence,3,2008
2008-01-18,2008,1,13.61,13.58,13.557999999999998,2008-01-21,Anomaly Persistence,3,2008
2008-01-19,2008,1,13.6,13.57,13.542499999999999,2008-01-22,Anomaly Persistence,3,2008
2008-01-20,2008,1,13.59,13.56,13.533166666666668,2008-01-23,Anomaly Persistence,3,2008
2008-01-21,2008,1,13.58,13.56,13.5315,2008-01-24,Anomaly Persistence,3,2008
2008-01-22,2008,1,13.57,13.55,13.526,2008-01-25,Anomaly Persistence,3,2008
2008-01-23,2008,1,13.56,13.55,13.516166666666667,2008-01-26,Anomaly Persistence,3,2008
2008-01-24,2008,1,13.56,13.55,13.512333333333334,2008-01-27,Anomaly Persistence,3,2008
2008-01-25,2008,1,13.55,13.58,13.505666666666668,2008-01-28,Anomaly Persistence,3,2008
2008-01-26,2008,1,13.55,13.62,13.510833333333334,2008-01-29,Anomaly Persistence,3,2008
2008-01-27,2008,1,13.55,13.66,13.518333333333334,2008-01-30,Anomaly Persistence,3,2008
2008-01-28,2008,1,13.58,13.67,13.550333333333334,2008-01-31,Anomaly Persistence,3,2008
2008-01-29,2008,1,13.62,13.66,13.616772727272727,2008-02-01,Anomaly Persistence,3,2008
2008-01-30,2008,1,13.66,13.63,13.64737878787879,2008-02-02,Anomaly Persistence,3,2008
2008-01-31,2008,1,13.67,13.61,13.654090909090906,2008-02-03,Anomaly Persistence,3,2008
2008-02-01,2008,2,13.66,13.61,13.618181818181817,2008-02-04,Anomaly Persistence,3,2008
2008-02-02,2008,2,13.63,13.61,13.595454545454546,2008-02-05,Anomaly Persistence,3,2008
2008-02-03,2008,2,13.61,13.62,13.576545454545455,2008-02-06,Anomaly Persistence,3,2008
2008-02-04,2008,2,13.61,13.63,13.576727272727274,2008-02-07,Anomaly Persistence,3,2008
2008-02-05,2008,2,13.61,13.62,13.572363636363635,2008-02-08,Anomaly Persistence,3,2008
2008-02-06,2008,2,13.62,13.59,13.579454545454544,2008-02-09,Anomaly Persistence,3,2008
2008-02-07,2008,2,13.63,13.57,13.589818181818183,2008-02-10,Anomaly Persistence,3,2008
2008-02-08,2008,2,13.62,13.55,13.581636363636363,2008-02-11,Anomaly Persistence,3,2008
2008-02-09,2008,2,13.59,13.52,13.552909090909093,2008-02-12,Anomaly Persistence,3,2008
2008-02-10,2008,2,13.57,13.5,13.53090909090909,2008-02-13,Anomaly Persistence,3,2008
2008-02-11,2008,2,13.55,13.47,13.509636363636366,2008-02-14,Anomaly Persistence,3,2008
2008-02-12,2008,2,13.52,13.46,13.485090909090907,2008-02-15,Anomaly Persistence,3,2008
2008-02-13,2008,2,13.5,13.45,13.462545454545454,2008-02-16,Anomaly Persistence,3,2008
2008-02-14,2008,2,13.47,13.44,13.432363636363634,2008-02-17,Anomaly Persistence,3,2008
2008-02-15,2008,2,13.46,13.47,13.424909090909091,2008-02-18,Anomaly Persistence,3,2008
2008-02-16,2008,2,13.45,13.51,13.436,2008-02-19,Anomaly Persistence,3,2008
2008-02-17,2008,2,13.44,13.53,13.448545454545455,2008-02-20,Anomaly Persistence,3,2008
2008-02-18,2008,2,13.47,13.54,13.48327272727273,2008-02-21,Anomaly Persistence,3,2008
2008-02-19,2008,2,13.51,13.53,13.504363636363639,2008-02-22,Anomaly Persistence,3,2008
2008-02-20,2008,2,13.53,13.51,13.500545454545454,2008-02-23,Anomaly Persistence,3,2008
2008-02-21,2008,2,13.54,13.48,13.500909090909088,2008-02-24,Anomaly Persistence,3,2008
2008-02-22,2008,2,13.53,13.45,13.503090909090906,2008-02-25,Anomaly Persistence,3,2008
2008-02-23,2008,2,13.51,13.44,13.506909090909089,2008-02-26,Anomaly Persistence,3,2008
2008-02-24,2008,2,13.48,13.43,13.503272727272728,2008-02-27,Anomaly Persistence,3,2008
2008-02-25,2008,2,13.45,13.43,13.489818181818183,2008-02-28,Anomaly Persistence,3,2008
2008-02-26,2008,2,13.44,13.43,13.47818181818182,2008-02-29,Anomaly Persistence,3,2008
2008-02-27,2008,2,13.43,13.42,13.457818181818183,2008-03-01,Anomaly Persistence,3,2008
2008-02-28,2008,2,13.43,13.41,13.46981818181818,2008-03-02,Anomaly Persistence,3,2008
2008-02-29,2008,2,13.43,13.4,13.475999999999999,2008-03-03,Anomaly Persistence,3,2008
2008-03-01,2008,3,13.42,13.41,13.463999999999997,2008-03-04,Anomaly Persistence,3,2008
2008-03-02,2008,3,13.41,13.4,13.439090909090908,2008-03-05,Anomaly Persistence,3,2008
2008-03-03,2008,3,13.4,13.43,13.426727272727272,2008-03-06,Anomaly Persistence,3,2008
2008-03-04,2008,3,13.41,13.46,13.45018181818182,2008-03-07,Anomaly Persistence,3,2008
2008-03-05,2008,3,13.4,13.45,13.445090909090911,2008-03-08,Anomaly Persistence,3,2008
2008-03-06,2008,3,13.43,13.44,13.475090909090909,2008-03-09,Anomaly Persistence,3,2008
2008-03-07,2008,3,13.46,13.42,13.49109090909091,2008-03-10,Anomaly Persistence,3,2008
2008-03-08,2008,3,13.45,13.4,13.477818181818181,2008-03-11,Anomaly Persistence,3,2008
2008-03-09,2008,3,13.44,13.39,13.510545454545456,2008-03-12,Anomaly Persistence,3,2008
2008-03-10,2008,3,13.42,13.39,13.529999999999998,2008-03-13,Anomaly Persistence,3,2008
2008-03-11,2008,3,13.4,13.39,13.513636363636364,2008-03-14,Anomaly Persistence,3,2008
2008-03-12,2008,3,13.39,13.39,13.445636363636364,2008-03-15,Anomaly Persistence,3,2008
2008-03-13,2008,3,13.39,13.39,13.392545454545457,2008-03-16,Anomaly Persistence,3,2008
2008-03-14,2008,3,13.39,13.4,13.374363636363638,2008-03-17,Anomaly Persistence,3,2008
2008-03-15,2008,3,13.39,13.42,13.391272727272728,2008-03-18,Anomaly Persistence,3,2008
2008-03-16,2008,3,13.39,13.44,13.42,2008-03-19,Anomaly Persistence,3,2008
2008-03-17,2008,3,13.4,13.46,13.439272727272726,2008-03-20,Anomaly Persistence,3,2008
2008-03-18,2008,3,13.42,13.54,13.452,2008-03-21,Anomaly Persistence,3,2008
2008-03-19,2008,3,13.44,13.66,13.461272727272727,2008-03-22,Anomaly Persistence,3,2008
2008-03-20,2008,3,13.46,13.81,13.496909090909092,2008-03-23,Anomaly Persistence,3,2008
2008-03-21,2008,3,13.54,13.91,13.610909090909091,2008-03-24,Anomaly Persistence,3,2008
2008-03-22,2008,3,13.66,13.93,13.761090909090909,2008-03-25,Anomaly Persistence,3,2008
2008-03-23,2008,3,13.81,13.93,13.942545454545455,2008-03-26,Anomaly Persistence,3,2008
2008-03-24,2008,3,13.91,13.92,14.082909090909089,2008-03-27,Anomaly Persistence,3,2008
2008-03-25,2008,3,13.93,13.94,14.106181818181817,2008-03-28,Anomaly Persistence,3,2008
2008-03-26,2008,3,13.93,13.98,14.062363636363635,2008-03-29,Anomaly Persistence,3,2008
2008-03-27,2008,3,13.92,14.05,13.999636363636364,2008-03-30,Anomaly Persistence,3,2008
2008-03-28,2008,3,13.94,14.07,14.032181818181819,2008-03-31,Anomaly Persistence,3,2008
2008-03-29,2008,3,13.98,14.09,14.127454545454547,2008-04-01,Anomaly Persistence,3,2008
2008-03-30,2008,3,14.05,14.15,14.23018181818182,2008-04-02,Anomaly Persistence,3,2008
2008-03-31,2008,3,14.07,14.2,14.23618181818182,2008-04-03,Anomaly Persistence,3,2008
2008-04-01,2008,4,14.09,14.31,14.227090909090908,2008-04-04,Anomaly Persistence,3,2008
2008-04-02,2008,4,14.15,14.53,14.26590909090909,2008-04-05,Anomaly Persistence,3,2008
2008-04-03,2008,4,14.2,14.66,14.345818181818181,2008-04-06,Anomaly Persistence,3,2008
2008-04-04,2008,4,14.31,14.67,14.507454545454548,2008-04-07,Anomaly Persistence,3,2008
2008-04-05,2008,4,14.53,14.66,14.795181818181819,2008-04-08,Anomaly Persistence,3,2008
2008-04-06,2008,4,14.66,14.6,14.935454545454544,2008-04-09,Anomaly Persistence,3,2008
2008-04-07,2008,4,14.67,14.51,14.879090909090907,2008-04-10,Anomaly Persistence,3,2008
2008-04-08,2008,4,14.66,14.46,14.77181818181818,2008-04-11,Anomaly Persistence,3,2008
2008-04-09,2008,4,14.6,14.41,14.661454545454546,2008-04-12,Anomaly Persistence,3,2008
2008-04-10,2008,4,14.51,14.38,14.578909090909091,2008-04-13,Anomaly Persistence,3,2008
2008-04-11,2008,4,14.46,14.34,14.592727272727275,2008-04-14,Anomaly Persistence,3,2008
2008-04-12,2008,4,14.41,14.27,14.586545454545455,2008-04-15,Anomaly Persistence,3,2008
2008-04-13,2008,4,14.38,14.23,14.573272727272728,2008-04-16,Anomaly Persistence,3,2008
2008-04-14,2008,4,14.34,14.23,14.493272727272725,2008-04-17,Anomaly Persistence,3,2008
2008-04-15,2008,4,14.27,14.22,14.376,2008-04-18,Anomaly Persistence,3,2008
2008-04-16,2008,4,14.23,14.28,14.391454545454545,2008-04-19,Anomaly Persistence,3,2008
2008-04-17,2008,4,14.23,14.33,14.45218181818182,2008-04-20,Anomaly Persistence,3,2008
2008-04-18,2008,4,14.22,14.41,14.506363636363638,2008-04-21,Anomaly Persistence,3,2008
2008-04-19,2008,4,14.28,14.47,14.48690909090909,2008-04-22,Anomaly Persistence,3,2008
2008-04-20,2008,4,14.33,14.52,14.48690909090909,2008-04-23,Anomaly Persistence,3,2008
2008-04-21,2008,4,14.41,14.61,14.516090909090908,2008-04-24,Anomaly Persistence,3,2008
2008-04-22,2008,4,14.47,14.87,14.648363636363635,2008-04-25,Anomaly Persistence,3,2008
2008-04-23,2008,4,14.52,15.05,14.815999999999999,2008-04-26,Anomaly Persistence,3,2008
2008-04-24,2008,4,14.61,15.06,14.954818181818181,2008-04-27,Anomaly Persistence,3,2008
2008-04-25,2008,4,14.87,15.02,15.155090909090909,2008-04-28,Anomaly Persistence,3,2008
2008-04-26,2008,4,15.05,14.99,15.224727272727273,2008-04-29,Anomaly Persistence,3,2008
2008-04-27,2008,4,15.06,15.01,15.308854545454546,2008-04-30,Anomaly Persistence,3,2008
2008-04-28,2008,4,15.02,15.01,15.338872727272728,2008-05-01,Anomaly Persistence,3,2008
2008-04-29,2008,4,14.99,15.04,15.25358181818182,2008-05-02,Anomaly Persistence,3,2008
2008-04-30,2008,4,15.01,15.31,15.1272,2008-05-03,Anomaly Persistence,3,2008
2008-05-01,2008,5,15.01,15.79,15.029,2008-05-04,Anomaly Persistence,3,2008
2008-05-02,2008,5,15.04,15.93,15.0658,2008-05-05,Anomaly Persistence,3,2008
2008-05-03,2008,5,15.31,15.93,15.370400000000002,2008-05-06,Anomaly Persistence,3,2008
2008-05-04,2008,5,15.79,15.92,15.8852,2008-05-07,Anomaly Persistence,3,2008
2008-05-05,2008,5,15.93,15.69,16.030199999999997,2008-05-08,Anomaly Persistence,3,2008
2008-05-06,2008,5,15.93,15.61,15.992799999999997,2008-05-09,Anomaly Persistence,3,2008
2008-05-07,2008,5,15.92,15.53,15.9542,2008-05-10,Anomaly Persistence,3,2008
2008-05-08,2008,5,15.69,15.51,15.722800000000001,2008-05-11,Anomaly Persistence,3,2008
2008-05-09,2008,5,15.61,15.47,15.567000000000002,2008-05-12,Anomaly Persistence,3,2008
2008-05-10,2008,5,15.53,15.4,15.418199999999997,2008-05-13,Anomaly Persistence,3,2008
2008-05-11,2008,5,15.51,15.36,15.362799999999998,2008-05-14,Anomaly Persistence,3,2008
2008-05-12,2008,5,15.47,15.35,15.4394,2008-05-15,Anomaly Persistence,3,2008
2008-05-13,2008,5,15.4,15.33,15.5386,2008-05-16,Anomaly Persistence,3,2008
2008-05-14,2008,5,15.36,15.31,15.6226,2008-05-17,Anomaly Persistence,3,2008
2008-05-15,2008,5,15.35,15.3,15.6344,2008-05-18,Anomaly Persistence,3,2008
2008-05-16,2008,5,15.33,15.23,15.5302,2008-05-19,Anomaly Persistence,3,2008
2008-05-17,2008,5,15.31,15.23,15.4498,2008-05-20,Anomaly Persistence,3,2008
2008-05-18,2008,5,15.3,15.26,15.415400000000004,2008-05-21,Anomaly Persistence,3,2008
2008-05-19,2008,5,15.23,15.31,15.3938,2008-05-22,Anomaly Persistence,3,2008
2008-05-20,2008,5,15.23,15.36,15.435000000000002,2008-05-23,Anomaly Persistence,3,2008
2008-05-21,2008,5,15.26,15.49,15.4598,2008-05-24,Anomaly Persistence,3,2008
2008-05-22,2008,5,15.31,15.6,15.504600000000002,2008-05-25,Anomaly Persistence,3,2008
2008-05-23,2008,5,15.36,15.81,15.575800000000001,2008-05-26,Anomaly Persistence,3,2008
2008-05-24,2008,5,15.49,15.88,15.823199999999998,2008-05-27,Anomaly Persistence,3,2008
2008-05-25,2008,5,15.6,15.88,15.921199999999997,2008-05-28,Anomaly Persistence,3,2008
2008-05-26,2008,5,15.81,15.85,16.0828,2008-05-29,Anomaly Persistence,3,2008
2008-05-27,2008,5,15.88,15.71,16.001800000000003,2008-05-30,Anomaly Persistence,3,2008
2008-05-28,2008,5,15.88,15.77,15.927945454545457,2008-05-31,Anomaly Persistence,3,2008
2008-05-29,2008,5,15.85,15.86,15.879000000000003,2008-06-01,Anomaly Persistence,3,2008
2008-05-30,2008,5,15.71,16.05,15.788472727272726,2008-06-02,Anomaly Persistence,3,2008
2008-05-31,2008,5,15.77,16.23,15.86418181818182,2008-06-03,Anomaly Persistence,3,2008
2008-06-01,2008,6,15.86,16.41,15.951090909090905,2008-06-04,Anomaly Persistence,3,2008
2008-06-02,2008,6,16.05,16.61,16.170909090909095,2008-06-05,Anomaly Persistence,3,2008
2008-06-03,2008,6,16.23,16.72,16.472727272727273,2008-06-06,Anomaly Persistence,3,2008
2008-06-04,2008,6,16.41,16.73,16.75309090909091,2008-06-07,Anomaly Persistence,3,2008
2008-06-05,2008,6,16.61,16.72,16.955090909090906,2008-06-08,Anomaly Persistence,3,2008
2008-06-06,2008,6,16.72,16.58,16.97090909090909,2008-06-09,Anomaly Persistence,3,2008
2008-06-07,2008,6,16.73,16.53,16.904363636363637,2008-06-10,Anomaly Persistence,3,2008
2008-06-08,2008,6,16.72,16.46,16.832363636363638,2008-06-11,Anomaly Persistence,3,2008
2008-06-09,2008,6,16.58,16.6,16.63581818181818,2008-06-12,Anomaly Persistence,3,2008
2008-06-10,2008,6,16.53,16.7,16.509818181818183,2008-06-13,Anomaly Persistence,3,2008
2008-06-11,2008,6,16.46,16.86,16.43672727272727,2008-06-14,Anomaly Persistence,3,2008
2008-06-12,2008,6,16.6,17.16,16.752727272727274,2008-06-15,Anomaly Persistence,3,2008
2008-06-13,2008,6,16.7,17.51,17.071272727272724,2008-06-16,Anomaly Persistence,3,2008
2008-06-14,2008,6,16.86,17.74,17.337636363636364,2008-06-17,Anomaly Persistence,3,2008
2008-06-15,2008,6,17.16,17.93,17.630545454545455,2008-06-18,Anomaly Persistence,3,2008
2008-06-16,2008,6,17.51,18.03,17.86136363636364,2008-06-19,Anomaly Persistence,3,2008
2008-06-17,2008,6,17.74,18.14,17.960727272727272,2008-06-20,Anomaly Persistence,3,2008
2008-06-18,2008,6,17.93,18.17,18.033272727272728,2008-06-21,Anomaly Persistence,3,2008
2008-06-19,2008,6,18.03,18.22,18.128272727272726,2008-06-22,Anomaly Persistence,3,2008
2008-06-20,2008,6,18.14,18.06,18.313454545454544,2008-06-23,Anomaly Persistence,3,2008
2008-06-21,2008,6,18.17,18.05,18.38218181818182,2008-06-24,Anomaly Persistence,3,2008
2008-06-22,2008,6,18.22,18.09,18.449272727272724,2008-06-25,Anomaly Persistence,3,2008
2008-06-23,2008,6,18.06,18.12,18.311818181818182,2008-06-26,Anomaly Persistence,3,2008
2008-06-24,2008,6,18.05,18.15,18.413272727272727,2008-06-27,Anomaly Persistence,3,2008
2008-06-25,2008,6,18.09,18.2,18.44727272727273,2008-06-28,Anomaly Persistence,3,2008
2008-06-26,2008,6,18.12,18.24,18.423636363636366,2008-06-29,Anomaly Persistence,3,2008
2008-06-27,2008,6,18.15,18.25,18.29731818181818,2008-06-30,Anomaly Persistence,3,2008
2008-06-28,2008,6,18.2,18.3,18.39751515151515,2008-07-01,Anomaly Persistence,3,2008
2008-06-29,2008,6,18.24,18.39,18.4875303030303,2008-07-02,Anomaly Persistence,3,2008
2008-06-30,2008,6,18.25,18.32,18.506,2008-07-03,Anomaly Persistence,3,2008
2008-07-01,2008,7,18.3,18.34,18.430666666666667,2008-07-04,Anomaly Persistence,3,2008
2008-07-02,2008,7,18.39,18.37,18.487333333333332,2008-07-05,Anomaly Persistence,3,2008
2008-07-03,2008,7,18.32,18.34,18.482166666666664,2008-07-06,Anomaly Persistence,3,2008
2008-07-04,2008,7,18.34,18.45,18.551666666666666,2008-07-07,Anomaly Persistence,3,2008
2008-07-05,2008,7,18.37,18.59,18.5255,2008-07-08,Anomaly Persistence,3,2008
2008-07-06,2008,7,18.34,18.72,18.426333333333336,2008-07-09,Anomaly Persistence,3,2008
2008-07-07,2008,7,18.45,18.82,18.533666666666665,2008-07-10,Anomaly Persistence,3,2008
2008-07-08,2008,7,18.59,18.82,18.681,2008-07-11,Anomaly Persistence,3,2008
2008-07-09,2008,7,18.72,18.59,18.7855,2008-07-12,Anomaly Persistence,3,2008
2008-07-10,2008,7,18.82,18.45,18.826833333333333,2008-07-13,Anomaly Persistence,3,2008
2008-07-11,2008,7,18.82,18.37,18.806333333333335,2008-07-14,Anomaly Persistence,3,2008
2008-07-12,2008,7,18.59,18.42,18.562833333333334,2008-07-15,Anomaly Persistence,3,2008
2008-07-13,2008,7,18.45,18.49,18.412166666666668,2008-07-16,Anomaly Persistence,3,2008
2008-07-14,2008,7,18.37,18.64,18.351583333333334,2008-07-17,Anomaly Persistence,3,2008
2008-07-15,2008,7,18.42,18.75,18.404833333333336,2008-07-18,Anomaly Persistence,3,2008
2008-07-16,2008,7,18.49,18.79,18.497833333333332,2008-07-19,Anomaly Persistence,3,2008
2008-07-17,2008,7,18.64,18.87,18.612416666666668,2008-07-20,Anomaly Persistence,3,2008
2008-07-18,2008,7,18.75,18.89,18.7185,2008-07-21,Anomaly Persistence,3,2008
2008-07-19,2008,7,18.79,19.06,18.746499999999997,2008-07-22,Anomaly Persistence,3,2008
2008-07-20,2008,7,18.87,19.24,18.828,2008-07-23,Anomaly Persistence,3,2008
2008-07-21,2008,7,18.89,19.34,18.868833333333335,2008-07-24,Anomaly Persistence,3,2008
2008-07-22,2008,7,19.06,19.29,19.020666666666667,2008-07-25,Anomaly Persistence,3,2008
2008-07-23,2008,7,19.24,19.17,19.182,2008-07-26,Anomaly Persistence,3,2008
2008-07-24,2008,7,19.34,19.24,19.285,2008-07-27,Anomaly Persistence,3,2008
2008-07-25,2008,7,19.29,19.26,19.252333333333333,2008-07-28,Anomaly Persistence,3,2008
2008-07-26,2008,7,19.17,19.22,19.15416666666667,2008-07-29,Anomaly Persistence,3,2008
2008-07-27,2008,7,19.24,19.17,19.18316666666666,2008-07-30,Anomaly Persistence,3,2008
2008-07-28,2008,7,19.26,19.03,19.1359696969697,2008-07-31,Anomaly Persistence,3,2008
2008-07-29,2008,7,19.22,18.94,19.036681818181815,2008-08-01,Anomaly Persistence,3,2008
2008-07-30,2008,7,19.17,18.89,18.978242424242428,2008-08-02,Anomaly Persistence,3,2008
2008-07-31,2008,7,19.03,18.8,18.829454545454546,2008-08-03,Anomaly Persistence,3,2008
2008-08-01,2008,8,18.94,18.84,18.784909090909093,2008-08-04,Anomaly Persistence,3,2008
2008-08-02,2008,8,18.89,18.77,18.746636363636362,2008-08-05,Anomaly Persistence,3,2008
2008-08-03,2008,8,18.8,18.74,18.72927272727273,2008-08-06,Anomaly Persistence,3,2008
2008-08-04,2008,8,18.84,18.73,18.796545454545456,2008-08-07,Anomaly Persistence,3,2008
2008-08-05,2008,8,18.77,18.67,18.720636363636366,2008-08-08,Anomaly Persistence,3,2008
2008-08-06,2008,8,18.74,18.65,18.667272727272724,2008-08-09,Anomaly Persistence,3,2008
2008-08-07,2008,8,18.73,18.62,18.658363636363635,2008-08-10,Anomaly Persistence,3,2008
2008-08-08,2008,8,18.67,18.59,18.648,2008-08-11,Anomaly Persistence,3,2008
2008-08-09,2008,8,18.65,18.59,18.70490909090909,2008-08-12,Anomaly Persistence,3,2008
2008-08-10,2008,8,18.62,18.7,18.73109090909091,2008-08-13,Anomaly Persistence,3,2008
2008-08-11,2008,8,18.59,18.74,18.708363636363636,2008-08-14,Anomaly Persistence,3,2008
2008-08-12,2008,8,18.59,18.74,18.677636363636363,2008-08-15,Anomaly Persistence,3,2008
2008-08-13,2008,8,18.7,18.67,18.774545454545454,2008-08-16,Anomaly Persistence,3,2008
2008-08-14,2008,8,18.74,18.78,18.829636363636364,2008-08-17,Anomaly Persistence,3,2008
2008-08-15,2008,8,18.74,18.93,18.827999999999996,2008-08-18,Anomaly Persistence,3,2008
2008-08-16,2008,8,18.67,19.07,18.732727272727274,2008-08-19,Anomaly Persistence,3,2008
2008-08-17,2008,8,18.78,19.16,18.846545454545456,2008-08-20,Anomaly Persistence,3,2008
2008-08-18,2008,8,18.93,19.29,19.02090909090909,2008-08-21,Anomaly Persistence,3,2008
2008-08-19,2008,8,19.07,19.39,19.133818181818185,2008-08-22,Anomaly Persistence,3,2008
2008-08-20,2008,8,19.16,19.39,19.171272727272726,2008-08-23,Anomaly Persistence,3,2008
2008-08-21,2008,8,19.29,19.27,19.240545454545458,2008-08-24,Anomaly Persistence,3,2008
2008-08-22,2008,8,19.39,19.19,19.308727272727275,2008-08-25,Anomaly Persistence,3,2008
2008-08-23,2008,8,19.39,19.1,19.287636363636363,2008-08-26,Anomaly Persistence,3,2008
2008-08-24,2008,8,19.27,19.09,19.199818181818177,2008-08-27,Anomaly Persistence,3,2008
2008-08-25,2008,8,19.19,19.24,19.17581818181818,2008-08-28,Anomaly Persistence,3,2008
2008-08-26,2008,8,19.1,19.27,19.086727272727277,2008-08-29,Anomaly Persistence,3,2008
2008-08-27,2008,8,19.09,19.45,19.04309090909091,2008-08-30,Anomaly Persistence,3,2008
2008-08-28,2008,8,19.24,19.63,19.013272727272728,2008-08-31,Anomaly Persistence,3,2008
2008-08-29,2008,8,19.27,19.63,19.025454545454544,2008-09-01,Anomaly Persistence,3,2008
2008-08-30,2008,8,19.45,19.61,19.197636363636363,2008-09-02,Anomaly Persistence,3,2008
2008-08-31,2008,8,19.63,19.51,19.51072727272727,2008-09-03,Anomaly Persistence,3,2008
2008-09-01,2008,9,19.63,19.56,19.57290909090909,2008-09-04,Anomaly Persistence,3,2008
2008-09-02,2008,9,19.61,19.68,19.60181818181818,2008-09-05,Anomaly Persistence,3,2008
2008-09-03,2008,9,19.51,19.73,19.55145454545455,2008-09-06,Anomaly Persistence,3,2008
2008-09-04,2008,9,19.56,19.75,19.627454545454544,2008-09-07,Anomaly Persistence,3,2008
2008-09-05,2008,9,19.68,19.64,19.760545454545454,2008-09-08,Anomaly Persistence,3,2008
2008-09-06,2008,9,19.73,19.48,19.79,2008-09-09,Anomaly Persistence,3,2008
2008-09-07,2008,9,19.75,19.33,19.779818181818182,2008-09-10,Anomaly Persistence,3,2008
2008-09-08,2008,9,19.64,19.17,19.67290909090909,2008-09-11,Anomaly Persistence,3,2008
2008-09-09,2008,9,19.48,19.01,19.483272727272727,2008-09-12,Anomaly Persistence,3,2008
2008-09-10,2008,9,19.33,18.82,19.299636363636363,2008-09-13,Anomaly Persistence,3,2008
2008-09-11,2008,9,19.17,18.6,19.135636363636365,2008-09-14,Anomaly Persistence,3,2008
2008-09-12,2008,9,19.01,18.4,18.994,2008-09-15,Anomaly Persistence,3,2008
2008-09-13,2008,9,18.82,18.3,18.838909090909087,2008-09-16,Anomaly Persistence,3,2008
2008-09-14,2008,9,18.6,18.21,18.554909090909096,2008-09-17,Anomaly Persistence,3,2008
2008-09-15,2008,9,18.4,18.04,18.34509090909091,2008-09-18,Anomaly Persistence,3,2008
2008-09-16,2008,9,18.3,17.87,18.22727272727273,2008-09-19,Anomaly Persistence,3,2008
2008-09-17,2008,9,18.21,17.74,18.085454545454546,2008-09-20,Anomaly Persistence,3,2008
2008-09-18,2008,9,18.04,17.53,17.93254545454545,2008-09-21,Anomaly Persistence,3,2008
2008-09-19,2008,9,17.87,17.45,17.762727272727275,2008-09-22,Anomaly Persistence,3,2008
2008-09-20,2008,9,17.74,17.41,17.69563636363636,2008-09-23,Anomaly Persistence,3,2008
2008-09-21,2008,9,17.53,17.35,17.457818181818187,2008-09-24,Anomaly Persistence,3,2008
2008-09-22,2008,9,17.45,17.31,17.380545454545455,2008-09-25,Anomaly Persistence,3,2008
2008-09-23,2008,9,17.41,17.21,17.429636363636366,2008-09-26,Anomaly Persistence,3,2008
2008-09-24,2008,9,17.35,17.18,17.43509090909091,2008-09-27,Anomaly Persistence,3,2008
2008-09-25,2008,9,17.31,17.12,17.37963636363636,2008-09-28,Anomaly Persistence,3,2008
2008-09-26,2008,9,17.21,17.09,17.18163636363636,2008-09-29,Anomaly Persistence,3,2008
2008-09-27,2008,9,17.18,17.08,17.100181818181817,2008-09-30,Anomaly Persistence,3,2008
2008-09-28,2008,9,17.12,17.04,16.844472727272727,2008-10-01,Anomaly Persistence,3,2008
2008-09-29,2008,9,17.09,17.0,16.747836363636363,2008-10-02,Anomaly Persistence,3,2008
2008-09-30,2008,9,17.08,16.99,16.62041818181818,2008-10-03,Anomaly Persistence,3,2008
2008-10-01,2008,10,17.04,16.88,16.6058,2008-10-04,Anomaly Persistence,3,2008
2008-10-02,2008,10,17.0,16.87,16.502200000000002,2008-10-05,Anomaly Persistence,3,2008
2008-10-03,2008,10,16.99,16.95,16.514599999999998,2008-10-06,Anomaly Persistence,3,2008
2008-10-04,2008,10,16.88,16.95,16.5264,2008-10-07,Anomaly Persistence,3,2008
2008-10-05,2008,10,16.87,16.9,16.6694,2008-10-08,Anomaly Persistence,3,2008
2008-10-06,2008,10,16.95,16.9,16.7872,2008-10-09,Anomaly Persistence,3,2008
2008-10-07,2008,10,16.95,16.89,16.727,2008-10-10,Anomaly Persistence,3,2008
2008-10-08,2008,10,16.9,16.78,16.5748,2008-10-11,Anomaly Persistence,3,2008
2008-10-09,2008,10,16.9,16.71,16.531399999999998,2008-10-12,Anomaly Persistence,3,2008
2008-10-10,2008,10,16.89,16.65,16.6004,2008-10-13,Anomaly Persistence,3,2008
2008-10-11,2008,10,16.78,16.56,16.602,2008-10-14,Anomaly Persistence,3,2008
2008-10-12,2008,10,16.71,16.47,16.633600000000005,2008-10-15,Anomaly Persistence,3,2008
2008-10-13,2008,10,16.65,16.45,16.6028,2008-10-16,Anomaly Persistence,3,2008
2008-10-14,2008,10,16.56,16.37,16.4296,2008-10-17,Anomaly Persistence,3,2008
2008-10-15,2008,10,16.47,16.26,16.265199999999997,2008-10-18,Anomaly Persistence,3,2008
2008-10-16,2008,10,16.45,16.13,16.159,2008-10-19,Anomaly Persistence,3,2008
2008-10-17,2008,10,16.37,15.99,16.084,2008-10-20,Anomaly Persistence,3,2008
2008-10-18,2008,10,16.26,15.89,15.983200000000004,2008-10-21,Anomaly Persistence,3,2008
2008-10-19,2008,10,16.13,15.8,15.840799999999998,2008-10-22,Anomaly Persistence,3,2008
2008-10-20,2008,10,15.99,15.71,15.6624,2008-10-23,Anomaly Persistence,3,2008
2008-10-21,2008,10,15.89,15.63,15.545799999999998,2008-10-24,Anomaly Persistence,3,2008
2008-10-22,2008,10,15.8,15.55,15.511600000000001,2008-10-25,Anomaly Persistence,3,2008
2008-10-23,2008,10,15.71,15.47,15.482600000000001,2008-10-26,Anomaly Persistence,3,2008
2008-10-24,2008,10,15.63,15.43,15.4482,2008-10-27,Anomaly Persistence,3,2008
2008-10-25,2008,10,15.55,15.41,15.398800000000003,2008-10-28,Anomaly Persistence,3,2008
2008-10-26,2008,10,15.47,15.54,15.355200000000002,2008-10-29,Anomaly Persistence,3,2008
2008-10-27,2008,10,15.43,15.72,15.3424,2008-10-30,Anomaly Persistence,3,2008
2008-10-28,2008,10,15.41,15.8,15.371472727272725,2008-10-31,Anomaly Persistence,3,2008
2008-10-29,2008,10,15.54,15.9,15.478433333333331,2008-11-01,Anomaly Persistence,3,2008
2008-10-30,2008,10,15.72,16.11,15.627466666666669,2008-11-02,Anomaly Persistence,3,2008
2008-10-31,2008,10,15.8,16.26,15.64406060606061,2008-11-03,Anomaly Persistence,3,2008
2008-11-01,2008,11,15.9,16.17,15.7095,2008-11-04,Anomaly Persistence,3,2008
2008-11-02,2008,11,16.11,15.95,15.899666666666665,2008-11-05,Anomaly Persistence,3,2008
2008-11-03,2008,11,16.26,15.8,16.023666666666667,2008-11-06,Anomaly Persistence,3,2008
2008-11-04,2008,11,16.17,15.64,15.950166666666668,2008-11-07,Anomaly Persistence,3,2008
2008-11-05,2008,11,15.95,15.45,15.730500000000001,2008-11-08,Anomaly Persistence,3,2008
2008-11-06,2008,11,15.8,15.31,15.585833333333333,2008-11-09,Anomaly Persistence,3,2008
2008-11-07,2008,11,15.64,15.24,15.423666666666668,2008-11-10,Anomaly Persistence,3,2008
2008-11-08,2008,11,15.45,15.17,15.267666666666665,2008-11-11,Anomaly Persistence,3,2008
2008-11-09,2008,11,15.31,15.09,15.156166666666667,2008-11-12,Anomaly Persistence,3,2008
2008-11-10,2008,11,15.24,15.04,15.103833333333334,2008-11-13,Anomaly Persistence,3,2008
2008-11-11,2008,11,15.17,14.99,15.016833333333333,2008-11-14,Anomaly Persistence,3,2008
2008-11-12,2008,11,15.09,14.94,14.923166666666665,2008-11-15,Anomaly Persistence,3,2008
2008-11-13,2008,11,15.04,14.9,14.869333333333332,2008-11-16,Anomaly Persistence,3,2008
2008-11-14,2008,11,14.99,14.85,14.832500000000001,2008-11-17,Anomaly Persistence,3,2008
2008-11-15,2008,11,14.94,14.8,14.789166666666667,2008-11-18,Anomaly Persistence,3,2008
2008-11-16,2008,11,14.9,14.78,14.764666666666665,2008-11-19,Anomaly Persistence,3,2008
2008-11-17,2008,11,14.85,14.76,14.730833333333333,2008-11-20,Anomaly Persistence,3,2008
2008-11-18,2008,11,14.8,14.72,14.691666666666668,2008-11-21,Anomaly Persistence,3,2008
2008-11-19,2008,11,14.78,14.699,14.673083333333334,2008-11-22,Anomaly Persistence,3,2008
2008-11-20,2008,11,14.76,14.67,14.661499999999998,2008-11-23,Anomaly Persistence,3,2008
2008-11-21,2008,11,14.72,14.63,14.661999999999999,2008-11-24,Anomaly Persistence,3,2008
2008-11-22,2008,11,14.699,14.59,14.649249999999999,2008-11-25,Anomaly Persistence,3,2008
2008-11-23,2008,11,14.67,14.57,14.6115,2008-11-26,Anomaly Persistence,3,2008
2008-11-24,2008,11,14.63,14.54,14.524333333333335,2008-11-27,Anomaly Persistence,3,2008
2008-11-25,2008,11,14.59,14.52,14.470333333333336,2008-11-28,Anomaly Persistence,3,2008
2008-11-26,2008,11,14.57,14.5,14.442333333333336,2008-11-29,Anomaly Persistence,3,2008
2008-11-27,2008,11,14.54,14.47,14.462848484848484,2008-11-30,Anomaly Persistence,3,2008
2008-11-28,2008,11,14.52,14.45,14.442696969696968,2008-12-01,Anomaly Persistence,3,2008
2008-11-29,2008,11,14.5,14.42,14.427454545454545,2008-12-02,Anomaly Persistence,3,2008
2008-11-30,2008,11,14.47,14.39,14.354909090909093,2008-12-03,Anomaly Persistence,3,2008
2008-12-01,2008,12,14.45,14.35,14.347454545454545,2008-12-04,Anomaly Persistence,3,2008
2008-12-02,2008,12,14.42,14.33,14.32809090909091,2008-12-05,Anomaly Persistence,3,2008
2008-12-03,2008,12,14.39,14.31,14.305272727272728,2008-12-06,Anomaly Persistence,3,2008
2008-12-04,2008,12,14.35,14.27,14.265454545454544,2008-12-07,Anomaly Persistence,3,2008
2008-12-05,2008,12,14.33,14.26,14.242181818181818,2008-12-08,Anomaly Persistence,3,2008
2008-12-06,2008,12,14.31,14.24,14.216909090909091,2008-12-09,Anomaly Persistence,3,2008
2008-12-07,2008,12,14.27,14.21,14.17690909090909,2008-12-10,Anomaly Persistence,3,2008
2008-12-08,2008,12,14.26,14.2,14.16781818181818,2008-12-11,Anomaly Persistence,3,2008
2008-12-09,2008,12,14.24,14.18,14.148909090909092,2008-12-12,Anomaly Persistence,3,2008
2008-12-10,2008,12,14.21,14.17,14.122181818181822,2008-12-13,Anomaly Persistence,3,2008
2008-12-11,2008,12,14.2,14.15,14.114545454545453,2008-12-14,Anomaly Persistence,3,2008
2008-12-12,2008,12,14.18,14.13,14.098363636363636,2008-12-15,Anomaly Persistence,3,2008
2008-12-13,2008,12,14.17,14.1,14.09090909090909,2008-12-16,Anomaly Persistence,3,2008
2008-12-14,2008,12,14.15,14.08,14.073818181818183,2008-12-17,Anomaly Persistence,3,2008
2008-12-15,2008,12,14.13,14.06,14.062909090909091,2008-12-18,Anomaly Persistence,3,2008
2008-12-16,2008,12,14.1,14.04,14.032,2008-12-19,Anomaly Persistence,3,2008
2008-12-17,2008,12,14.08,14.02,14.011636363636363,2008-12-20,Anomaly Persistence,3,2008
2008-12-18,2008,12,14.06,14.0,13.993818181818181,2008-12-21,Anomaly Persistence,3,2008
2008-12-19,2008,12,14.04,13.98,13.978363636363634,2008-12-22,Anomaly Persistence,3,2008
2008-12-20,2008,12,14.02,13.97,13.964181818181817,2008-12-23,Anomaly Persistence,3,2008
2008-12-21,2008,12,14.0,13.95,13.942363636363638,2008-12-24,Anomaly Persistence,3,2008
2008-12-22,2008,12,13.98,13.93,13.921636363636365,2008-12-25,Anomaly Persistence,3,2008
2008-12-23,2008,12,13.97,13.91,13.910181818181819,2008-12-26,Anomaly Persistence,3,2008
2008-12-24,2008,12,13.95,13.89,13.887090909090908,2008-12-27,Anomaly Persistence,3,2008
2008-12-25,2008,12,13.93,13.87,13.865818181818181,2008-12-28,Anomaly Persistence,3,2008
2008-12-26,2008,12,13.91,13.85,13.844545454545456,2008-12-29,Anomaly Persistence,3,2008
2008-12-27,2008,12,13.89,13.84,13.816363636363636,2008-12-30,Anomaly Persistence,3,2008
2008-12-28,2008,12,13.87,13.83,13.898242424242424,2008-12-31,Anomaly Persistence,3,2008
2008-12-29,2008,12,13.85,13.81,13.80771212121212,2009-01-01,Anomaly Persistence,3,2008
2008-12-30,2008,12,13.84,13.79,13.79940909090909,2009-01-02,Anomaly Persistence,3,2008
2008-12-31,2008,12,13.83,13.77,13.689166666666667,2009-01-03,Anomaly Persistence,3,2008
2009-01-01,2009,1,13.81,13.75,13.743,2009-01-04,Anomaly Persistence,3,2009
2009-01-02,2009,1,13.79,13.74,13.728833333333332,2009-01-05,Anomaly Persistence,3,2009
2009-01-03,2009,1,13.77,13.73,13.7075,2009-01-06,Anomaly Persistence,3,2009
2009-01-04,2009,1,13.75,13.71,13.688833333333333,2009-01-07,Anomaly Persistence,3,2009
2009-01-05,2009,1,13.74,13.69,13.6805,2009-01-08,Anomaly Persistence,3,2009
2009-01-06,2009,1,13.73,13.67,13.670666666666667,2009-01-09,Anomaly Persistence,3,2009
2009-01-07,2009,1,13.71,13.66,13.646500000000003,2009-01-10,Anomaly Persistence,3,2009
2009-01-08,2009,1,13.69,13.65,13.63075,2009-01-11,Anomaly Persistence,3,2009
2009-01-09,2009,1,13.67,13.64,13.615666666666666,2009-01-12,Anomaly Persistence,3,2009
2009-01-10,2009,1,13.66,13.62,13.610916666666665,2009-01-13,Anomaly Persistence,3,2009
2009-01-11,2009,1,13.65,13.6,13.598749999999999,2009-01-14,Anomaly Persistence,3,2009
2009-01-12,2009,1,13.64,13.587,13.590916666666667,2009-01-15,Anomaly Persistence,3,2009
2009-01-13,2009,1,13.62,13.56,13.56925,2009-01-16,Anomaly Persistence,3,2009
2009-01-14,2009,1,13.6,13.55,13.552833333333334,2009-01-17,Anomaly Persistence,3,2009
2009-01-15,2009,1,13.587,13.54,13.536750000000001,2009-01-18,Anomaly Persistence,3,2009
2009-01-16,2009,1,13.56,13.53,13.512833333333335,2009-01-19,Anomaly Persistence,3,2009
2009-01-17,2009,1,13.55,13.51,13.500166666666665,2009-01-20,Anomaly Persistence,3,2009
2009-01-18,2009,1,13.54,13.49,13.487999999999998,2009-01-21,Anomaly Persistence,3,2009
2009-01-19,2009,1,13.53,13.47,13.472499999999998,2009-01-22,Anomaly Persistence,3,2009
2009-01-20,2009,1,13.51,13.46,13.453166666666668,2009-01-23,Anomaly Persistence,3,2009
2009-01-21,2009,1,13.49,13.45,13.4415,2009-01-24,Anomaly Persistence,3,2009
2009-01-22,2009,1,13.47,13.44,13.426,2009-01-25,Anomaly Persistence,3,2009
2009-01-23,2009,1,13.46,13.43,13.416166666666667,2009-01-26,Anomaly Persistence,3,2009
2009-01-24,2009,1,13.45,13.43,13.402333333333333,2009-01-27,Anomaly Persistence,3,2009
2009-01-25,2009,1,13.44,13.42,13.395666666666667,2009-01-28,Anomaly Persistence,3,2009
2009-01-26,2009,1,13.43,13.41,13.390833333333333,2009-01-29,Anomaly Persistence,3,2009
2009-01-27,2009,1,13.43,13.4,13.398333333333333,2009-01-30,Anomaly Persistence,3,2009
2009-01-28,2009,1,13.42,13.39,13.390333333333334,2009-01-31,Anomaly Persistence,3,2009
2009-01-29,2009,1,13.41,13.37,13.406772727272728,2009-02-01,Anomaly Persistence,3,2009
2009-01-30,2009,1,13.4,13.37,13.38737878787879,2009-02-02,Anomaly Persistence,3,2009
2009-01-31,2009,1,13.39,13.36,13.374090909090906,2009-02-03,Anomaly Persistence,3,2009
2009-02-01,2009,2,13.37,13.36,13.328181818181816,2009-02-04,Anomaly Persistence,3,2009
2009-02-02,2009,2,13.37,13.36,13.335454545454544,2009-02-05,Anomaly Persistence,3,2009
2009-02-03,2009,2,13.36,13.36,13.326545454545455,2009-02-06,Anomaly Persistence,3,2009
2009-02-04,2009,2,13.36,13.36,13.326727272727274,2009-02-07,Anomaly Persistence,3,2009
2009-02-05,2009,2,13.36,13.36,13.322363636363635,2009-02-08,Anomaly Persistence,3,2009
2009-02-06,2009,2,13.36,13.35,13.319454545454544,2009-02-09,Anomaly Persistence,3,2009
2009-02-07,2009,2,13.36,13.35,13.319818181818182,2009-02-10,Anomaly Persistence,3,2009
2009-02-08,2009,2,13.36,13.34,13.321636363636363,2009-02-11,Anomaly Persistence,3,2009
2009-02-09,2009,2,13.35,13.33,13.312909090909093,2009-02-12,Anomaly Persistence,3,2009
2009-02-10,2009,2,13.35,13.31,13.310909090909089,2009-02-13,Anomaly Persistence,3,2009
2009-02-11,2009,2,13.34,13.29,13.299636363636365,2009-02-14,Anomaly Persistence,3,2009
2009-02-12,2009,2,13.33,13.27,13.295090909090908,2009-02-15,Anomaly Persistence,3,2009
2009-02-13,2009,2,13.31,13.25,13.272545454545455,2009-02-16,Anomaly Persistence,3,2009
2009-02-14,2009,2,13.29,13.23,13.252363636363633,2009-02-17,Anomaly Persistence,3,2009
2009-02-15,2009,2,13.27,13.22,13.23490909090909,2009-02-18,Anomaly Persistence,3,2009
2009-02-16,2009,2,13.25,13.21,13.236,2009-02-19,Anomaly Persistence,3,2009
2009-02-17,2009,2,13.23,13.2,13.238545454545456,2009-02-20,Anomaly Persistence,3,2009
2009-02-18,2009,2,13.22,13.19,13.23327272727273,2009-02-21,Anomaly Persistence,3,2009
2009-02-19,2009,2,13.21,13.17,13.20436363636364,2009-02-22,Anomaly Persistence,3,2009
2009-02-20,2009,2,13.2,13.15,13.170545454545454,2009-02-23,Anomaly Persistence,3,2009
2009-02-21,2009,2,13.19,13.14,13.150909090909089,2009-02-24,Anomaly Persistence,3,2009
2009-02-22,2009,2,13.17,13.13,13.143090909090906,2009-02-25,Anomaly Persistence,3,2009
2009-02-23,2009,2,13.15,13.12,13.146909090909089,2009-02-26,Anomaly Persistence,3,2009
2009-02-24,2009,2,13.14,13.11,13.163272727272728,2009-02-27,Anomaly Persistence,3,2009
2009-02-25,2009,2,13.13,13.1,13.169818181818185,2009-02-28,Anomaly Persistence,3,2009
2009-02-26,2009,2,13.12,13.12,13.15818181818182,2009-03-01,Anomaly Persistence,3,2009
2009-02-27,2009,2,13.11,13.15,13.137818181818183,2009-03-02,Anomaly Persistence,3,2009
2009-02-28,2009,2,13.1,13.17,13.13981818181818,2009-03-03,Anomaly Persistence,3,2009
2009-03-01,2009,3,13.12,13.2,13.165999999999999,2009-03-04,Anomaly Persistence,3,2009
2009-03-02,2009,3,13.15,13.26,13.193999999999997,2009-03-05,Anomaly Persistence,3,2009
2009-03-03,2009,3,13.17,13.35,13.199090909090907,2009-03-06,Anomaly Persistence,3,2009
2009-03-04,2009,3,13.2,13.45,13.22672727272727,2009-03-07,Anomaly Persistence,3,2009
2009-03-05,2009,3,13.26,13.5,13.30018181818182,2009-03-08,Anomaly Persistence,3,2009
2009-03-06,2009,3,13.35,13.52,13.39509090909091,2009-03-09,Anomaly Persistence,3,2009
2009-03-07,2009,3,13.45,13.53,13.495090909090909,2009-03-10,Anomaly Persistence,3,2009
2009-03-08,2009,3,13.5,13.5,13.53109090909091,2009-03-11,Anomaly Persistence,3,2009
2009-03-09,2009,3,13.52,13.46,13.547818181818181,2009-03-12,Anomaly Persistence,3,2009
2009-03-10,2009,3,13.53,13.44,13.600545454545456,2009-03-13,Anomaly Persistence,3,2009
2009-03-11,2009,3,13.5,13.42,13.609999999999998,2009-03-14,Anomaly Persistence,3,2009
2009-03-12,2009,3,13.46,13.39,13.573636363636364,2009-03-15,Anomaly Persistence,3,2009
2009-03-13,2009,3,13.44,13.37,13.495636363636363,2009-03-16,Anomaly Persistence,3,2009
2009-03-14,2009,3,13.42,13.38,13.422545454545457,2009-03-17,Anomaly Persistence,3,2009
2009-03-15,2009,3,13.39,13.4,13.374363636363638,2009-03-18,Anomaly Persistence,3,2009
2009-03-16,2009,3,13.37,13.43,13.371272727272727,2009-03-19,Anomaly Persistence,3,2009
2009-03-17,2009,3,13.38,13.45,13.41,2009-03-20,Anomaly Persistence,3,2009
2009-03-18,2009,3,13.4,13.46,13.439272727272726,2009-03-21,Anomaly Persistence,3,2009
2009-03-19,2009,3,13.43,13.47,13.462,2009-03-22,Anomaly Persistence,3,2009
2009-03-20,2009,3,13.45,13.47,13.471272727272726,2009-03-23,Anomaly Persistence,3,2009
2009-03-21,2009,3,13.46,13.45,13.496909090909092,2009-03-24,Anomaly Persistence,3,2009
2009-03-22,2009,3,13.47,13.43,13.540909090909093,2009-03-25,Anomaly Persistence,3,2009
2009-03-23,2009,3,13.47,13.41,13.571090909090909,2009-03-26,Anomaly Persistence,3,2009
2009-03-24,2009,3,13.45,13.4,13.582545454545453,2009-03-27,Anomaly Persistence,3,2009
2009-03-25,2009,3,13.43,13.4,13.602909090909089,2009-03-28,Anomaly Persistence,3,2009
2009-03-26,2009,3,13.41,13.39,13.586181818181817,2009-03-29,Anomaly Persistence,3,2009
2009-03-27,2009,3,13.4,13.39,13.532363636363636,2009-03-30,Anomaly Persistence,3,2009
2009-03-28,2009,3,13.4,13.39,13.479636363636365,2009-03-31,Anomaly Persistence,3,2009
2009-03-29,2009,3,13.39,13.38,13.48218181818182,2009-04-01,Anomaly Persistence,3,2009
2009-03-30,2009,3,13.39,13.39,13.537454545454548,2009-04-02,Anomaly Persistence,3,2009
2009-03-31,2009,3,13.39,13.5,13.570181818181819,2009-04-03,Anomaly Persistence,3,2009
2009-04-01,2009,4,13.38,13.54,13.54618181818182,2009-04-04,Anomaly Persistence,3,2009
2009-04-02,2009,4,13.39,13.55,13.527090909090909,2009-04-05,Anomaly Persistence,3,2009
2009-04-03,2009,4,13.5,13.54,13.61590909090909,2009-04-06,Anomaly Persistence,3,2009
2009-04-04,2009,4,13.54,13.54,13.685818181818181,2009-04-07,Anomaly Persistence,3,2009
2009-04-05,2009,4,13.55,13.6,13.747454545454548,2009-04-08,Anomaly Persistence,3,2009
2009-04-06,2009,4,13.54,13.7,13.805181818181818,2009-04-09,Anomaly Persistence,3,2009
2009-04-07,2009,4,13.54,13.82,13.815454545454543,2009-04-10,Anomaly Persistence,3,2009
2009-04-08,2009,4,13.6,13.87,13.809090909090907,2009-04-11,Anomaly Persistence,3,2009
2009-04-09,2009,4,13.7,13.89,13.811818181818179,2009-04-12,Anomaly Persistence,3,2009
2009-04-10,2009,4,13.82,13.83,13.881454545454547,2009-04-13,Anomaly Persistence,3,2009
2009-04-11,2009,4,13.87,13.85,13.93890909090909,2009-04-14,Anomaly Persistence,3,2009
2009-04-12,2009,4,13.89,13.93,14.022727272727275,2009-04-15,Anomaly Persistence,3,2009
2009-04-13,2009,4,13.83,13.99,14.006545454545455,2009-04-16,Anomaly Persistence,3,2009
2009-04-14,2009,4,13.85,14.07,14.043272727272727,2009-04-17,Anomaly Persistence,3,2009
2009-04-15,2009,4,13.93,14.16,14.083272727272725,2009-04-18,Anomaly Persistence,3,2009
2009-04-16,2009,4,13.99,14.22,14.096,2009-04-19,Anomaly Persistence,3,2009
2009-04-17,2009,4,14.07,14.28,14.231454545454545,2009-04-20,Anomaly Persistence,3,2009
2009-04-18,2009,4,14.16,14.32,14.38218181818182,2009-04-21,Anomaly Persistence,3,2009
2009-04-19,2009,4,14.22,14.3,14.506363636363638,2009-04-22,Anomaly Persistence,3,2009
2009-04-20,2009,4,14.28,14.21,14.48690909090909,2009-04-23,Anomaly Persistence,3,2009
2009-04-21,2009,4,14.32,14.28,14.476909090909091,2009-04-24,Anomaly Persistence,3,2009
2009-04-22,2009,4,14.3,14.43,14.406090909090908,2009-04-25,Anomaly Persistence,3,2009
2009-04-23,2009,4,14.21,14.63,14.388363636363636,2009-04-26,Anomaly Persistence,3,2009
2009-04-24,2009,4,14.28,14.71,14.575999999999999,2009-04-27,Anomaly Persistence,3,2009
2009-04-25,2009,4,14.43,14.71,14.774818181818182,2009-04-28,Anomaly Persistence,3,2009
2009-04-26,2009,4,14.63,14.62,14.91509090909091,2009-04-29,Anomaly Persistence,3,2009
2009-04-27,2009,4,14.71,14.73,14.884727272727273,2009-04-30,Anomaly Persistence,3,2009
2009-04-28,2009,4,14.71,14.82,14.958854545454546,2009-05-01,Anomaly Persistence,3,2009
2009-04-29,2009,4,14.62,14.91,14.938872727272727,2009-05-02,Anomaly Persistence,3,2009
2009-04-30,2009,4,14.73,14.86,14.99358181818182,2009-05-03,Anomaly Persistence,3,2009
2009-05-01,2009,5,14.82,14.85,14.9372,2009-05-04,Anomaly Persistence,3,2009
2009-05-02,2009,5,14.91,14.82,14.929,2009-05-05,Anomaly Persistence,3,2009
2009-05-03,2009,5,14.86,14.77,14.8858,2009-05-06,Anomaly Persistence,3,2009
2009-05-04,2009,5,14.85,14.76,14.910400000000001,2009-05-07,Anomaly Persistence,3,2009
2009-05-05,2009,5,14.82,14.74,14.9152,2009-05-08,Anomaly Persistence,3,2009
2009-05-06,2009,5,14.77,14.73,14.870199999999997,2009-05-09,Anomaly Persistence,3,2009
2009-05-07,2009,5,14.76,14.71,14.822799999999997,2009-05-10,Anomaly Persistence,3,2009
2009-05-08,2009,5,14.74,14.79,14.7742,2009-05-11,Anomaly Persistence,3,2009
2009-05-09,2009,5,14.73,14.87,14.762800000000002,2009-05-12,Anomaly Persistence,3,2009
2009-05-10,2009,5,14.71,14.92,14.667000000000003,2009-05-13,Anomaly Persistence,3,2009
2009-05-11,2009,5,14.79,14.95,14.678199999999997,2009-05-14,Anomaly Persistence,3,2009
2009-05-12,2009,5,14.87,15.03,14.722799999999998,2009-05-15,Anomaly Persistence,3,2009
2009-05-13,2009,5,14.92,15.11,14.889399999999998,2009-05-16,Anomaly Persistence,3,2009
2009-05-14,2009,5,14.95,15.19,15.0886,2009-05-17,Anomaly Persistence,3,2009
2009-05-15,2009,5,15.03,15.22,15.2926,2009-05-18,Anomaly Persistence,3,2009
2009-05-16,2009,5,15.11,15.17,15.3944,2009-05-19,Anomaly Persistence,3,2009
2009-05-17,2009,5,15.19,14.99,15.3902,2009-05-20,Anomaly Persistence,3,2009
2009-05-18,2009,5,15.22,14.95,15.3598,2009-05-21,Anomaly Persistence,3,2009
2009-05-19,2009,5,15.17,14.91,15.285400000000003,2009-05-22,Anomaly Persistence,3,2009
2009-05-20,2009,5,14.99,14.87,15.1538,2009-05-23,Anomaly Persistence,3,2009
2009-05-21,2009,5,14.95,14.8,15.155000000000001,2009-05-24,Anomaly Persistence,3,2009
2009-05-22,2009,5,14.91,14.8,15.1098,2009-05-25,Anomaly Persistence,3,2009
2009-05-23,2009,5,14.87,14.83,15.0646,2009-05-26,Anomaly Persistence,3,2009
2009-05-24,2009,5,14.8,15.07,15.015800000000002,2009-05-27,Anomaly Persistence,3,2009
2009-05-25,2009,5,14.8,16.29,15.133199999999999,2009-05-28,Anomaly Persistence,3,2009
2009-05-26,2009,5,14.83,16.4,15.151199999999998,2009-05-29,Anomaly Persistence,3,2009
2009-05-27,2009,5,15.07,16.2,15.342799999999997,2009-05-30,Anomaly Persistence,3,2009
2009-05-28,2009,5,16.29,15.98,16.4118,2009-05-31,Anomaly Persistence,3,2009
2009-05-29,2009,5,16.4,15.93,16.447945454545454,2009-06-01,Anomaly Persistence,3,2009
2009-05-30,2009,5,16.2,15.99,16.229000000000003,2009-06-02,Anomaly Persistence,3,2009
2009-05-31,2009,5,15.98,16.05,16.058472727272726,2009-06-03,Anomaly Persistence,3,2009
2009-06-01,2009,6,15.93,16.01,16.02418181818182,2009-06-04,Anomaly Persistence,3,2009
2009-06-02,2009,6,15.99,15.92,16.081090909090904,2009-06-05,Anomaly Persistence,3,2009
2009-06-03,2009,6,16.05,15.87,16.170909090909095,2009-06-06,Anomaly Persistence,3,2009
2009-06-04,2009,6,16.01,15.85,16.252727272727274,2009-06-07,Anomaly Persistence,3,2009
2009-06-05,2009,6,15.92,15.85,16.263090909090913,2009-06-08,Anomaly Persistence,3,2009
2009-06-06,2009,6,15.87,15.82,16.215090909090904,2009-06-09,Anomaly Persistence,3,2009
2009-06-07,2009,6,15.85,15.82,16.10090909090909,2009-06-10,Anomaly Persistence,3,2009
2009-06-08,2009,6,15.85,15.75,16.02436363636364,2009-06-11,Anomaly Persistence,3,2009
2009-06-09,2009,6,15.82,15.74,15.93236363636364,2009-06-12,Anomaly Persistence,3,2009
2009-06-10,2009,6,15.82,15.82,15.875818181818182,2009-06-13,Anomaly Persistence,3,2009
2009-06-11,2009,6,15.75,15.89,15.729818181818182,2009-06-14,Anomaly Persistence,3,2009
2009-06-12,2009,6,15.74,16.06,15.71672727272727,2009-06-15,Anomaly Persistence,3,2009
2009-06-13,2009,6,15.82,16.24,15.972727272727273,2009-06-16,Anomaly Persistence,3,2009
2009-06-14,2009,6,15.89,16.46,16.261272727272726,2009-06-17,Anomaly Persistence,3,2009
2009-06-15,2009,6,16.06,16.57,16.537636363636363,2009-06-18,Anomaly Persistence,3,2009
2009-06-16,2009,6,16.24,16.57,16.710545454545453,2009-06-19,Anomaly Persistence,3,2009
2009-06-17,2009,6,16.46,16.43,16.81136363636364,2009-06-20,Anomaly Persistence,3,2009
2009-06-18,2009,6,16.57,16.26,16.790727272727274,2009-06-21,Anomaly Persistence,3,2009
2009-06-19,2009,6,16.57,16.22,16.673272727272728,2009-06-22,Anomaly Persistence,3,2009
2009-06-20,2009,6,16.43,16.11,16.528272727272725,2009-06-23,Anomaly Persistence,3,2009
2009-06-21,2009,6,16.26,16.22,16.433454545454545,2009-06-24,Anomaly Persistence,3,2009
2009-06-22,2009,6,16.22,16.27,16.432181818181817,2009-06-25,Anomaly Persistence,3,2009
2009-06-23,2009,6,16.11,16.31,16.339272727272725,2009-06-26,Anomaly Persistence,3,2009
2009-06-24,2009,6,16.22,16.22,16.471818181818183,2009-06-27,Anomaly Persistence,3,2009
2009-06-25,2009,6,16.27,16.3,16.633272727272725,2009-06-28,Anomaly Persistence,3,2009
2009-06-26,2009,6,16.31,16.67,16.667272727272728,2009-06-29,Anomaly Persistence,3,2009
2009-06-27,2009,6,16.22,16.84,16.523636363636363,2009-06-30,Anomaly Persistence,3,2009
2009-06-28,2009,6,16.3,17.07,16.447318181818183,2009-07-01,Anomaly Persistence,3,2009
2009-06-29,2009,6,16.67,17.6,16.867515151515153,2009-07-02,Anomaly Persistence,3,2009
2009-06-30,2009,6,16.84,17.98,17.087530303030302,2009-07-03,Anomaly Persistence,3,2009
2009-07-01,2009,7,17.07,18.57,17.326,2009-07-04,Anomaly Persistence,3,2009
2009-07-02,2009,7,17.6,18.67,17.730666666666668,2009-07-05,Anomaly Persistence,3,2009
2009-07-03,2009,7,17.98,18.83,18.077333333333332,2009-07-06,Anomaly Persistence,3,2009
2009-07-04,2009,7,18.57,18.91,18.732166666666664,2009-07-07,Anomaly Persistence,3,2009
2009-07-05,2009,7,18.67,18.83,18.881666666666668,2009-07-08,Anomaly Persistence,3,2009
2009-07-06,2009,7,18.83,18.57,18.9855,2009-07-09,Anomaly Persistence,3,2009
2009-07-07,2009,7,18.91,18.44,18.996333333333336,2009-07-10,Anomaly Persistence,3,2009
2009-07-08,2009,7,18.83,18.32,18.913666666666664,2009-07-11,Anomaly Persistence,3,2009
2009-07-09,2009,7,18.57,18.28,18.661,2009-07-12,Anomaly Persistence,3,2009
2009-07-10,2009,7,18.44,18.25,18.5055,2009-07-13,Anomaly Persistence,3,2009
2009-07-11,2009,7,18.32,18.2,18.326833333333333,2009-07-14,Anomaly Persistence,3,2009
2009-07-12,2009,7,18.28,18.17,18.266333333333336,2009-07-15,Anomaly Persistence,3,2009
2009-07-13,2009,7,18.25,18.09,18.222833333333334,2009-07-16,Anomaly Persistence,3,2009
2009-07-14,2009,7,18.2,17.99,18.162166666666668,2009-07-17,Anomaly Persistence,3,2009
2009-07-15,2009,7,18.17,17.86,18.151583333333335,2009-07-18,Anomaly Persistence,3,2009
2009-07-16,2009,7,18.09,17.74,18.074833333333334,2009-07-19,Anomaly Persistence,3,2009
2009-07-17,2009,7,17.99,17.58,17.997833333333332,2009-07-20,Anomaly Persistence,3,2009
2009-07-18,2009,7,17.86,17.39,17.832416666666667,2009-07-21,Anomaly Persistence,3,2009
2009-07-19,2009,7,17.74,17.32,17.708499999999997,2009-07-22,Anomaly Persistence,3,2009
2009-07-20,2009,7,17.58,17.27,17.536499999999997,2009-07-23,Anomaly Persistence,3,2009
2009-07-21,2009,7,17.39,17.19,17.348,2009-07-24,Anomaly Persistence,3,2009
2009-07-22,2009,7,17.32,17.16,17.298833333333334,2009-07-25,Anomaly Persistence,3,2009
2009-07-23,2009,7,17.27,17.12,17.230666666666668,2009-07-26,Anomaly Persistence,3,2009
2009-07-24,2009,7,17.19,17.12,17.132,2009-07-27,Anomaly Persistence,3,2009
2009-07-25,2009,7,17.16,17.4,17.105,2009-07-28,Anomaly Persistence,3,2009
2009-07-26,2009,7,17.12,17.72,17.082333333333334,2009-07-29,Anomaly Persistence,3,2009
2009-07-27,2009,7,17.12,17.93,17.104166666666668,2009-07-30,Anomaly Persistence,3,2009
2009-07-28,2009,7,17.4,18.15,17.34316666666666,2009-07-31,Anomaly Persistence,3,2009
2009-07-29,2009,7,17.72,18.36,17.595969696969696,2009-08-01,Anomaly Persistence,3,2009
2009-07-30,2009,7,17.93,18.42,17.746681818181816,2009-08-02,Anomaly Persistence,3,2009
2009-07-31,2009,7,18.15,18.39,17.958242424242425,2009-08-03,Anomaly Persistence,3,2009
2009-08-01,2009,8,18.36,18.33,18.159454545454544,2009-08-04,Anomaly Persistence,3,2009
2009-08-02,2009,8,18.42,18.34,18.264909090909093,2009-08-05,Anomaly Persistence,3,2009
2009-08-03,2009,8,18.39,18.39,18.246636363636362,2009-08-06,Anomaly Persistence,3,2009
2009-08-04,2009,8,18.33,18.45,18.259272727272727,2009-08-07,Anomaly Persistence,3,2009
2009-08-05,2009,8,18.34,18.42,18.296545454545456,2009-08-08,Anomaly Persistence,3,2009
2009-08-06,2009,8,18.39,18.41,18.340636363636367,2009-08-09,Anomaly Persistence,3,2009
2009-08-07,2009,8,18.45,18.36,18.377272727272725,2009-08-10,Anomaly Persistence,3,2009
2009-08-08,2009,8,18.42,18.32,18.348363636363636,2009-08-11,Anomaly Persistence,3,2009
2009-08-09,2009,8,18.41,18.25,18.387999999999998,2009-08-12,Anomaly Persistence,3,2009
2009-08-10,2009,8,18.36,18.24,18.41490909090909,2009-08-13,Anomaly Persistence,3,2009
2009-08-11,2009,8,18.32,18.4,18.43109090909091,2009-08-14,Anomaly Persistence,3,2009
2009-08-12,2009,8,18.25,18.54,18.368363636363636,2009-08-15,Anomaly Persistence,3,2009
2009-08-13,2009,8,18.24,18.55,18.327636363636362,2009-08-16,Anomaly Persistence,3,2009
2009-08-14,2009,8,18.4,19.04,18.474545454545453,2009-08-17,Anomaly Persistence,3,2009
2009-08-15,2009,8,18.54,19.27,18.629636363636365,2009-08-18,Anomaly Persistence,3,2009
2009-08-16,2009,8,18.55,19.27,18.637999999999998,2009-08-19,Anomaly Persistence,3,2009
2009-08-17,2009,8,19.04,19.15,19.10272727272727,2009-08-20,Anomaly Persistence,3,2009
2009-08-18,2009,8,19.27,19.33,19.336545454545455,2009-08-21,Anomaly Persistence,3,2009
2009-08-19,2009,8,19.27,19.4,19.36090909090909,2009-08-22,Anomaly Persistence,3,2009
2009-08-20,2009,8,19.15,19.29,19.213818181818183,2009-08-23,Anomaly Persistence,3,2009
2009-08-21,2009,8,19.33,19.23,19.341272727272724,2009-08-24,Anomaly Persistence,3,2009
2009-08-22,2009,8,19.4,19.2,19.350545454545458,2009-08-25,Anomaly Persistence,3,2009
2009-08-23,2009,8,19.29,19.19,19.208727272727273,2009-08-26,Anomaly Persistence,3,2009
2009-08-24,2009,8,19.23,19.18,19.127636363636363,2009-08-27,Anomaly Persistence,3,2009
2009-08-25,2009,8,19.2,19.16,19.129818181818177,2009-08-28,Anomaly Persistence,3,2009
2009-08-26,2009,8,19.19,19.13,19.17581818181818,2009-08-29,Anomaly Persistence,3,2009
2009-08-27,2009,8,19.18,19.03,19.166727272727275,2009-08-30,Anomaly Persistence,3,2009
2009-08-28,2009,8,19.16,18.94,19.11309090909091,2009-08-31,Anomaly Persistence,3,2009
2009-08-29,2009,8,19.13,18.79,18.90327272727273,2009-09-01,Anomaly Persistence,3,2009
2009-08-30,2009,8,19.03,18.67,18.785454545454545,2009-09-02,Anomaly Persistence,3,2009
2009-08-31,2009,8,18.94,18.55,18.687636363636365,2009-09-03,Anomaly Persistence,3,2009
2009-09-01,2009,9,18.79,18.4,18.67072727272727,2009-09-04,Anomaly Persistence,3,2009
2009-09-02,2009,9,18.67,18.29,18.612909090909092,2009-09-05,Anomaly Persistence,3,2009
2009-09-03,2009,9,18.55,18.07,18.541818181818183,2009-09-06,Anomaly Persistence,3,2009
2009-09-04,2009,9,18.4,17.96,18.441454545454548,2009-09-07,Anomaly Persistence,3,2009
2009-09-05,2009,9,18.29,17.74,18.357454545454544,2009-09-08,Anomaly Persistence,3,2009
2009-09-06,2009,9,18.07,17.61,18.150545454545455,2009-09-09,Anomaly Persistence,3,2009
2009-09-07,2009,9,17.96,17.52,18.02,2009-09-10,Anomaly Persistence,3,2009
2009-09-08,2009,9,17.74,17.31,17.76981818181818,2009-09-11,Anomaly Persistence,3,2009
2009-09-09,2009,9,17.61,17.25,17.64290909090909,2009-09-12,Anomaly Persistence,3,2009
2009-09-10,2009,9,17.52,17.14,17.523272727272726,2009-09-13,Anomaly Persistence,3,2009
2009-09-11,2009,9,17.31,17.14,17.279636363636364,2009-09-14,Anomaly Persistence,3,2009
2009-09-12,2009,9,17.25,17.07,17.215636363636364,2009-09-15,Anomaly Persistence,3,2009
2009-09-13,2009,9,17.14,17.0,17.124,2009-09-16,Anomaly Persistence,3,2009
2009-09-14,2009,9,17.14,16.94,17.158909090909088,2009-09-17,Anomaly Persistence,3,2009
2009-09-15,2009,9,17.07,16.93,17.024909090909095,2009-09-18,Anomaly Persistence,3,2009
2009-09-16,2009,9,17.0,16.99,16.94509090909091,2009-09-19,Anomaly Persistence,3,2009
2009-09-17,2009,9,16.94,17.2,16.86727272727273,2009-09-20,Anomaly Persistence,3,2009
2009-09-18,2009,9,16.93,17.3,16.805454545454545,2009-09-21,Anomaly Persistence,3,2009
2009-09-19,2009,9,16.99,17.3,16.88254545454545,2009-09-22,Anomaly Persistence,3,2009
2009-09-20,2009,9,17.2,17.23,17.092727272727274,2009-09-23,Anomaly Persistence,3,2009
2009-09-21,2009,9,17.3,17.31,17.255636363636363,2009-09-24,Anomaly Persistence,3,2009
2009-09-22,2009,9,17.3,17.51,17.227818181818186,2009-09-25,Anomaly Persistence,3,2009
2009-09-23,2009,9,17.23,17.63,17.160545454545456,2009-09-26,Anomaly Persistence,3,2009
2009-09-24,2009,9,17.31,17.65,17.329636363636364,2009-09-27,Anomaly Persistence,3,2009
2009-09-25,2009,9,17.51,17.57,17.59509090909091,2009-09-28,Anomaly Persistence,3,2009
2009-09-26,2009,9,17.63,17.46,17.699636363636362,2009-09-29,Anomaly Persistence,3,2009
2009-09-27,2009,9,17.65,17.24,17.62163636363636,2009-09-30,Anomaly Persistence,3,2009
2009-09-28,2009,9,17.57,17.12,17.490181818181817,2009-10-01,Anomaly Persistence,3,2009
2009-09-29,2009,9,17.46,17.02,17.184472727272727,2009-10-02,Anomaly Persistence,3,2009
2009-09-30,2009,9,17.24,16.92,16.89783636363636,2009-10-03,Anomaly Persistence,3,2009
2009-10-01,2009,10,17.12,16.76,16.660418181818184,2009-10-04,Anomaly Persistence,3,2009
2009-10-02,2009,10,17.02,16.62,16.5858,2009-10-05,Anomaly Persistence,3,2009
2009-10-03,2009,10,16.92,16.47,16.422200000000004,2009-10-06,Anomaly Persistence,3,2009
2009-10-04,2009,10,16.76,16.36,16.2846,2009-10-07,Anomaly Persistence,3,2009
2009-10-05,2009,10,16.62,16.62,16.2664,2009-10-08,Anomaly Persistence,3,2009
2009-10-06,2009,10,16.47,17.56,16.269399999999997,2009-10-09,Anomaly Persistence,3,2009
2009-10-07,2009,10,16.36,17.67,16.1972,2009-10-10,Anomaly Persistence,3,2009
2009-10-08,2009,10,16.62,17.41,16.397000000000002,2009-10-11,Anomaly Persistence,3,2009
2009-10-09,2009,10,17.56,17.26,17.2348,2009-10-12,Anomaly Persistence,3,2009
2009-10-10,2009,10,17.67,17.14,17.3014,2009-10-13,Anomaly Persistence,3,2009
2009-10-11,2009,10,17.41,17.21,17.1204,2009-10-14,Anomaly Persistence,3,2009
2009-10-12,2009,10,17.26,17.33,17.082,2009-10-15,Anomaly Persistence,3,2009
2009-10-13,2009,10,17.14,17.34,17.063600000000005,2009-10-16,Anomaly Persistence,3,2009
2009-10-14,2009,10,17.21,17.25,17.1628,2009-10-17,Anomaly Persistence,3,2009
2009-10-15,2009,10,17.33,17.08,17.1996,2009-10-18,Anomaly Persistence,3,2009
2009-10-16,2009,10,17.34,16.9,17.135199999999998,2009-10-19,Anomaly Persistence,3,2009
2009-10-17,2009,10,17.25,16.68,16.959,2009-10-20,Anomaly Persistence,3,2009
2009-10-18,2009,10,17.08,16.48,16.793999999999997,2009-10-21,Anomaly Persistence,3,2009
2009-10-19,2009,10,16.9,16.27,16.6232,2009-10-22,Anomaly Persistence,3,2009
2009-10-20,2009,10,16.68,16.16,16.3908,2009-10-23,Anomaly Persistence,3,2009
2009-10-21,2009,10,16.48,16.08,16.1524,2009-10-24,Anomaly Persistence,3,2009
2009-10-22,2009,10,16.27,16.0,15.925799999999997,2009-10-25,Anomaly Persistence,3,2009
2009-10-23,2009,10,16.16,15.96,15.8716,2009-10-26,Anomaly Persistence,3,2009
2009-10-24,2009,10,16.08,15.93,15.852599999999999,2009-10-27,Anomaly Persistence,3,2009
2009-10-25,2009,10,16.0,15.8,15.8182,2009-10-28,Anomaly Persistence,3,2009
2009-10-26,2009,10,15.96,15.73,15.808800000000003,2009-10-29,Anomaly Persistence,3,2009
2009-10-27,2009,10,15.93,15.65,15.8152,2009-10-30,Anomaly Persistence,3,2009
2009-10-28,2009,10,15.8,15.58,15.7124,2009-10-31,Anomaly Persistence,3,2009
2009-10-29,2009,10,15.73,15.49,15.691472727272725,2009-11-01,Anomaly Persistence,3,2009
2009-10-30,2009,10,15.65,15.42,15.588433333333333,2009-11-02,Anomaly Persistence,3,2009
2009-10-31,2009,10,15.58,15.37,15.487466666666668,2009-11-03,Anomaly Persistence,3,2009
2009-11-01,2009,11,15.49,15.28,15.334060606060609,2009-11-04,Anomaly Persistence,3,2009
2009-11-02,2009,11,15.42,15.22,15.2295,2009-11-05,Anomaly Persistence,3,2009
2009-11-03,2009,11,15.37,15.17,15.159666666666665,2009-11-06,Anomaly Persistence,3,2009
2009-11-04,2009,11,15.28,15.13,15.043666666666665,2009-11-07,Anomaly Persistence,3,2009
2009-11-05,2009,11,15.22,15.07,15.000166666666667,2009-11-08,Anomaly Persistence,3,2009
2009-11-06,2009,11,15.17,15.04,14.950500000000002,2009-11-09,Anomaly Persistence,3,2009
2009-11-07,2009,11,15.13,15.01,14.915833333333333,2009-11-10,Anomaly Persistence,3,2009
2009-11-08,2009,11,15.07,14.95,14.853666666666667,2009-11-11,Anomaly Persistence,3,2009
2009-11-09,2009,11,15.04,14.9,14.857666666666665,2009-11-12,Anomaly Persistence,3,2009
2009-11-10,2009,11,15.01,14.85,14.856166666666667,2009-11-13,Anomaly Persistence,3,2009
2009-11-11,2009,11,14.95,14.8,14.813833333333333,2009-11-14,Anomaly Persistence,3,2009
2009-11-12,2009,11,14.9,14.74,14.746833333333333,2009-11-15,Anomaly Persistence,3,2009
2009-11-13,2009,11,14.85,14.7,14.683166666666665,2009-11-16,Anomaly Persistence,3,2009
2009-11-14,2009,11,14.8,14.67,14.629333333333333,2009-11-17,Anomaly Persistence,3,2009
2009-11-15,2009,11,14.74,14.63,14.582500000000001,2009-11-18,Anomaly Persistence,3,2009
2009-11-16,2009,11,14.7,14.62,14.549166666666666,2009-11-19,Anomaly Persistence,3,2009
2009-11-17,2009,11,14.67,14.6,14.534666666666665,2009-11-20,Anomaly Persistence,3,2009
2009-11-18,2009,11,14.63,14.59,14.510833333333334,2009-11-21,Anomaly Persistence,3,2009
2009-11-19,2009,11,14.62,14.57,14.511666666666667,2009-11-22,Anomaly Persistence,3,2009
2009-11-20,2009,11,14.6,14.55,14.493083333333335,2009-11-23,Anomaly Persistence,3,2009
2009-11-21,2009,11,14.59,14.63,14.491499999999998,2009-11-24,Anomaly Persistence,3,2009
2009-11-22,2009,11,14.57,14.95,14.511999999999999,2009-11-25,Anomaly Persistence,3,2009
2009-11-23,2009,11,14.55,15.0,14.50025,2009-11-26,Anomaly Persistence,3,2009
2009-11-24,2009,11,14.63,15.0,14.5715,2009-11-27,Anomaly Persistence,3,2009
2009-11-25,2009,11,14.95,14.87,14.844333333333333,2009-11-28,Anomaly Persistence,3,2009
2009-11-26,2009,11,15.0,14.73,14.880333333333336,2009-11-29,Anomaly Persistence,3,2009
2009-11-27,2009,11,15.0,14.64,14.872333333333335,2009-11-30,Anomaly Persistence,3,2009
2009-11-28,2009,11,14.87,14.61,14.792848484848484,2009-12-01,Anomaly Persistence,3,2009
2009-11-29,2009,11,14.73,14.52,14.652696969696969,2009-12-02,Anomaly Persistence,3,2009
2009-11-30,2009,11,14.64,14.48,14.567454545454545,2009-12-03,Anomaly Persistence,3,2009
2009-12-01,2009,12,14.61,14.4,14.494909090909092,2009-12-04,Anomaly Persistence,3,2009
2009-12-02,2009,12,14.52,14.38,14.417454545454545,2009-12-05,Anomaly Persistence,3,2009
2009-12-03,2009,12,14.48,14.35,14.388090909090911,2009-12-06,Anomaly Persistence,3,2009
2009-12-04,2009,12,14.4,14.31,14.315272727272728,2009-12-07,Anomaly Persistence,3,2009
2009-12-05,2009,12,14.38,14.29,14.295454545454545,2009-12-08,Anomaly Persistence,3,2009
2009-12-06,2009,12,14.35,14.27,14.262181818181817,2009-12-09,Anomaly Persistence,3,2009
2009-12-07,2009,12,14.31,14.25,14.216909090909091,2009-12-10,Anomaly Persistence,3,2009
2009-12-08,2009,12,14.29,14.22,14.19690909090909,2009-12-11,Anomaly Persistence,3,2009
2009-12-09,2009,12,14.27,14.2,14.17781818181818,2009-12-12,Anomaly Persistence,3,2009
2009-12-10,2009,12,14.25,14.17,14.158909090909091,2009-12-13,Anomaly Persistence,3,2009
2009-12-11,2009,12,14.22,14.16,14.132181818181822,2009-12-14,Anomaly Persistence,3,2009
2009-12-12,2009,12,14.2,14.13,14.114545454545453,2009-12-15,Anomaly Persistence,3,2009
2009-12-13,2009,12,14.17,14.12,14.088363636363637,2009-12-16,Anomaly Persistence,3,2009
2009-12-14,2009,12,14.16,14.11,14.08090909090909,2009-12-17,Anomaly Persistence,3,2009
2009-12-15,2009,12,14.13,14.07,14.053818181818183,2009-12-18,Anomaly Persistence,3,2009
2009-12-16,2009,12,14.12,14.05,14.05290909090909,2009-12-19,Anomaly Persistence,3,2009
2009-12-17,2009,12,14.11,14.01,14.042,2009-12-20,Anomaly Persistence,3,2009
2009-12-18,2009,12,14.07,13.98,14.001636363636363,2009-12-21,Anomaly Persistence,3,2009
2009-12-19,2009,12,14.05,13.96,13.983818181818181,2009-12-22,Anomaly Persistence,3,2009
2009-12-20,2009,12,14.01,13.94,13.948363636363634,2009-12-23,Anomaly Persistence,3,2009
2009-12-21,2009,12,13.98,13.92,13.924181818181818,2009-12-24,Anomaly Persistence,3,2009
2009-12-22,2009,12,13.96,13.92,13.902363636363638,2009-12-25,Anomaly Persistence,3,2009
2009-12-23,2009,12,13.94,13.91,13.881636363636364,2009-12-26,Anomaly Persistence,3,2009
2009-12-24,2009,12,13.92,13.9,13.860181818181818,2009-12-27,Anomaly Persistence,3,2009
2009-12-25,2009,12,13.92,13.89,13.857090909090909,2009-12-28,Anomaly Persistence,3,2009
2009-12-26,2009,12,13.91,13.89,13.845818181818181,2009-12-29,Anomaly Persistence,3,2009
2009-12-27,2009,12,13.9,13.88,13.834545454545456,2009-12-30,Anomaly Persistence,3,2009
2009-12-28,2009,12,13.89,13.85,13.816363636363636,2009-12-31,Anomaly Persistence,3,2009
2009-12-29,2009,12,13.89,13.83,13.826075757575758,2010-01-01,Anomaly Persistence,3,2009
2009-12-30,2009,12,13.88,13.79,13.809045454545455,2010-01-02,Anomaly Persistence,3,2009
2009-12-31,2009,12,13.85,13.76,13.789409090909091,2010-01-03,Anomaly Persistence,3,2009
2010-01-01,2010,1,13.83,13.73,13.763,2010-01-04,Anomaly Persistence,3,2010
2010-01-02,2010,1,13.79,13.71,13.728833333333332,2010-01-05,Anomaly Persistence,3,2010
2010-01-03,2010,1,13.76,13.69,13.6975,2010-01-06,Anomaly Persistence,3,2010
2010-01-04,2010,1,13.73,13.67,13.668833333333334,2010-01-07,Anomaly Persistence,3,2010
2010-01-05,2010,1,13.71,13.65,13.650500000000001,2010-01-08,Anomaly Persistence,3,2010
2010-01-06,2010,1,13.69,13.63,13.630666666666666,2010-01-09,Anomaly Persistence,3,2010
2010-01-07,2010,1,13.67,13.62,13.606500000000002,2010-01-10,Anomaly Persistence,3,2010
2010-01-08,2010,1,13.65,13.6,13.590750000000002,2010-01-11,Anomaly Persistence,3,2010
2010-01-09,2010,1,13.63,13.58,13.575666666666667,2010-01-12,Anomaly Persistence,3,2010
2010-01-10,2010,1,13.62,13.56,13.570916666666664,2010-01-13,Anomaly Persistence,3,2010
2010-01-11,2010,1,13.6,13.54,13.548749999999998,2010-01-14,Anomaly Persistence,3,2010
2010-01-12,2010,1,13.58,13.53,13.530916666666666,2010-01-15,Anomaly Persistence,3,2010
2010-01-13,2010,1,13.56,13.52,13.509250000000002,2010-01-16,Anomaly Persistence,3,2010
2010-01-14,2010,1,13.54,13.5,13.492833333333333,2010-01-17,Anomaly Persistence,3,2010
2010-01-15,2010,1,13.53,13.48,13.479750000000001,2010-01-18,Anomaly Persistence,3,2010
2010-01-16,2010,1,13.52,13.46,13.472833333333334,2010-01-19,Anomaly Persistence,3,2010
2010-01-17,2010,1,13.5,13.45,13.450166666666664,2010-01-20,Anomaly Persistence,3,2010
2010-01-18,2010,1,13.48,13.43,13.427999999999999,2010-01-21,Anomaly Persistence,3,2010
2010-01-19,2010,1,13.46,13.42,13.4025,2010-01-22,Anomaly Persistence,3,2010
2010-01-20,2010,1,13.45,13.41,13.393166666666668,2010-01-23,Anomaly Persistence,3,2010
2010-01-21,2010,1,13.43,13.39,13.381499999999999,2010-01-24,Anomaly Persistence,3,2010
2010-01-22,2010,1,13.42,13.37,13.376,2010-01-25,Anomaly Persistence,3,2010
2010-01-23,2010,1,13.41,13.36,13.366166666666667,2010-01-26,Anomaly Persistence,3,2010
2010-01-24,2010,1,13.39,13.35,13.342333333333334,2010-01-27,Anomaly Persistence,3,2010
2010-01-25,2010,1,13.37,13.34,13.325666666666667,2010-01-28,Anomaly Persistence,3,2010
2010-01-26,2010,1,13.36,13.32,13.320833333333333,2010-01-29,Anomaly Persistence,3,2010
2010-01-27,2010,1,13.35,13.3,13.318333333333333,2010-01-30,Anomaly Persistence,3,2010
2010-01-28,2010,1,13.34,13.28,13.310333333333334,2010-01-31,Anomaly Persistence,3,2010
2010-01-29,2010,1,13.32,13.27,13.316772727272728,2010-02-01,Anomaly Persistence,3,2010
2010-01-30,2010,1,13.3,13.25,13.28737878787879,2010-02-02,Anomaly Persistence,3,2010
2010-01-31,2010,1,13.28,13.24,13.264090909090905,2010-02-03,Anomaly Persistence,3,2010
2010-02-01,2010,2,13.27,13.22,13.228181818181817,2010-02-04,Anomaly Persistence,3,2010
2010-02-02,2010,2,13.25,13.2,13.215454545454545,2010-02-05,Anomaly Persistence,3,2010
2010-02-03,2010,2,13.24,13.19,13.206545454545456,2010-02-06,Anomaly Persistence,3,2010
2010-02-04,2010,2,13.22,13.18,13.186727272727275,2010-02-07,Anomaly Persistence,3,2010
2010-02-05,2010,2,13.2,13.17,13.162363636363635,2010-02-08,Anomaly Persistence,3,2010
2010-02-06,2010,2,13.19,13.15,13.149454545454544,2010-02-09,Anomaly Persistence,3,2010
2010-02-07,2010,2,13.18,13.14,13.139818181818182,2010-02-10,Anomaly Persistence,3,2010
2010-02-08,2010,2,13.17,13.13,13.131636363636364,2010-02-11,Anomaly Persistence,3,2010
2010-02-09,2010,2,13.15,13.11,13.112909090909094,2010-02-12,Anomaly Persistence,3,2010
2010-02-10,2010,2,13.14,13.1,13.10090909090909,2010-02-13,Anomaly Persistence,3,2010
2010-02-11,2010,2,13.13,13.09,13.089636363636366,2010-02-14,Anomaly Persistence,3,2010
2010-02-12,2010,2,13.11,13.08,13.075090909090907,2010-02-15,Anomaly Persistence,3,2010
2010-02-13,2010,2,13.1,13.08,13.062545454545454,2010-02-16,Anomaly Persistence,3,2010
2010-02-14,2010,2,13.09,13.07,13.052363636363634,2010-02-17,Anomaly Persistence,3,2010
2010-02-15,2010,2,13.08,13.06,13.04490909090909,2010-02-18,Anomaly Persistence,3,2010
2010-02-16,2010,2,13.08,13.05,13.066,2010-02-19,Anomaly Persistence,3,2010
2010-02-17,2010,2,13.07,13.05,13.078545454545456,2010-02-20,Anomaly Persistence,3,2010
2010-02-18,2010,2,13.06,13.04,13.07327272727273,2010-02-21,Anomaly Persistence,3,2010
2010-02-19,2010,2,13.05,13.03,13.04436363636364,2010-02-22,Anomaly Persistence,3,2010
2010-02-20,2010,2,13.05,13.03,13.020545454545456,2010-02-23,Anomaly Persistence,3,2010
2010-02-21,2010,2,13.04,13.03,13.000909090909088,2010-02-24,Anomaly Persistence,3,2010
2010-02-22,2010,2,13.03,13.03,13.003090909090906,2010-02-25,Anomaly Persistence,3,2010
2010-02-23,2010,2,13.03,13.03,13.026909090909088,2010-02-26,Anomaly Persistence,3,2010
2010-02-24,2010,2,13.03,13.04,13.053272727272727,2010-02-27,Anomaly Persistence,3,2010
2010-02-25,2010,2,13.03,13.04,13.069818181818183,2010-02-28,Anomaly Persistence,3,2010
2010-02-26,2010,2,13.03,13.04,13.06818181818182,2010-03-01,Anomaly Persistence,3,2010
2010-02-27,2010,2,13.04,13.04,13.067818181818183,2010-03-02,Anomaly Persistence,3,2010
2010-02-28,2010,2,13.04,13.05,13.07981818181818,2010-03-03,Anomaly Persistence,3,2010
2010-03-01,2010,3,13.04,13.05,13.085999999999999,2010-03-04,Anomaly Persistence,3,2010
2010-03-02,2010,3,13.04,13.07,13.083999999999996,2010-03-05,Anomaly Persistence,3,2010
2010-03-03,2010,3,13.05,13.1,13.079090909090908,2010-03-06,Anomaly Persistence,3,2010
2010-03-04,2010,3,13.05,13.12,13.076727272727272,2010-03-07,Anomaly Persistence,3,2010
2010-03-05,2010,3,13.07,13.14,13.11018181818182,2010-03-08,Anomaly Persistence,3,2010
2010-03-06,2010,3,13.1,13.16,13.14509090909091,2010-03-09,Anomaly Persistence,3,2010
2010-03-07,2010,3,13.12,13.19,13.165090909090909,2010-03-10,Anomaly Persistence,3,2010
2010-03-08,2010,3,13.14,13.22,13.17109090909091,2010-03-11,Anomaly Persistence,3,2010
2010-03-09,2010,3,13.16,13.27,13.187818181818182,2010-03-12,Anomaly Persistence,3,2010
2010-03-10,2010,3,13.19,13.43,13.260545454545456,2010-03-13,Anomaly Persistence,3,2010
2010-03-11,2010,3,13.22,13.55,13.329999999999998,2010-03-14,Anomaly Persistence,3,2010
2010-03-12,2010,3,13.27,13.66,13.383636363636363,2010-03-15,Anomaly Persistence,3,2010
2010-03-13,2010,3,13.43,13.7,13.485636363636363,2010-03-16,Anomaly Persistence,3,2010
2010-03-14,2010,3,13.55,13.7,13.552545454545458,2010-03-17,Anomaly Persistence,3,2010
2010-03-15,2010,3,13.66,13.64,13.644363636363638,2010-03-18,Anomaly Persistence,3,2010
2010-03-16,2010,3,13.7,13.58,13.701272727272727,2010-03-19,Anomaly Persistence,3,2010
2010-03-17,2010,3,13.7,13.53,13.729999999999999,2010-03-20,Anomaly Persistence,3,2010
2010-03-18,2010,3,13.64,13.48,13.679272727272727,2010-03-21,Anomaly Persistence,3,2010
2010-03-19,2010,3,13.58,13.46,13.612,2010-03-22,Anomaly Persistence,3,2010
2010-03-20,2010,3,13.53,13.46,13.551272727272726,2010-03-23,Anomaly Persistence,3,2010
2010-03-21,2010,3,13.48,13.46,13.516909090909092,2010-03-24,Anomaly Persistence,3,2010
2010-03-22,2010,3,13.46,13.45,13.530909090909093,2010-03-25,Anomaly Persistence,3,2010
2010-03-23,2010,3,13.46,13.45,13.56109090909091,2010-03-26,Anomaly Persistence,3,2010
2010-03-24,2010,3,13.46,13.45,13.592545454545455,2010-03-27,Anomaly Persistence,3,2010
2010-03-25,2010,3,13.45,13.53,13.622909090909088,2010-03-28,Anomaly Persistence,3,2010
2010-03-26,2010,3,13.45,13.65,13.626181818181816,2010-03-29,Anomaly Persistence,3,2010
2010-03-27,2010,3,13.45,13.77,13.582363636363635,2010-03-30,Anomaly Persistence,3,2010
2010-03-28,2010,3,13.53,13.97,13.609636363636364,2010-03-31,Anomaly Persistence,3,2010
2010-03-29,2010,3,13.65,14.42,13.74218181818182,2010-04-01,Anomaly Persistence,3,2010
2010-03-30,2010,3,13.77,14.8,13.917454545454547,2010-04-02,Anomaly Persistence,3,2010
2010-03-31,2010,3,13.97,15.07,14.150181818181819,2010-04-03,Anomaly Persistence,3,2010
2010-04-01,2010,4,14.42,15.17,14.586181818181819,2010-04-04,Anomaly Persistence,3,2010
2010-04-02,2010,4,14.8,15.17,14.937090909090909,2010-04-05,Anomaly Persistence,3,2010
2010-04-03,2010,4,15.07,15.09,15.18590909090909,2010-04-06,Anomaly Persistence,3,2010
2010-04-04,2010,4,15.17,15.16,15.315818181818182,2010-04-07,Anomaly Persistence,3,2010
2010-04-05,2010,4,15.17,15.4,15.367454545454548,2010-04-08,Anomaly Persistence,3,2010
2010-04-06,2010,4,15.09,15.57,15.35518181818182,2010-04-09,Anomaly Persistence,3,2010
2010-04-07,2010,4,15.16,15.65,15.435454545454544,2010-04-10,Anomaly Persistence,3,2010
2010-04-08,2010,4,15.4,15.65,15.609090909090908,2010-04-11,Anomaly Persistence,3,2010
2010-04-09,2010,4,15.57,15.68,15.68181818181818,2010-04-12,Anomaly Persistence,3,2010
2010-04-10,2010,4,15.65,15.78,15.711454545454547,2010-04-13,Anomaly Persistence,3,2010
2010-04-11,2010,4,15.65,15.79,15.718909090909092,2010-04-14,Anomaly Persistence,3,2010
2010-04-12,2010,4,15.68,15.69,15.812727272727274,2010-04-15,Anomaly Persistence,3,2010
2010-04-13,2010,4,15.78,15.57,15.956545454545454,2010-04-16,Anomaly Persistence,3,2010
2010-04-14,2010,4,15.79,15.56,15.983272727272727,2010-04-17,Anomaly Persistence,3,2010
2010-04-15,2010,4,15.69,15.74,15.843272727272725,2010-04-18,Anomaly Persistence,3,2010
2010-04-16,2010,4,15.57,15.74,15.676,2010-04-19,Anomaly Persistence,3,2010
2010-04-17,2010,4,15.56,15.96,15.721454545454545,2010-04-20,Anomaly Persistence,3,2010
2010-04-18,2010,4,15.74,16.21,15.96218181818182,2010-04-21,Anomaly Persistence,3,2010
2010-04-19,2010,4,15.74,16.4,16.026363636363637,2010-04-22,Anomaly Persistence,3,2010
2010-04-20,2010,4,15.96,16.48,16.166909090909094,2010-04-23,Anomaly Persistence,3,2010
2010-04-21,2010,4,16.21,16.55,16.36690909090909,2010-04-24,Anomaly Persistence,3,2010
2010-04-22,2010,4,16.4,16.55,16.506090909090908,2010-04-25,Anomaly Persistence,3,2010
2010-04-23,2010,4,16.48,16.65,16.658363636363635,2010-04-26,Anomaly Persistence,3,2010
2010-04-24,2010,4,16.55,17.43,16.846,2010-04-27,Anomaly Persistence,3,2010
2010-04-25,2010,4,16.55,17.87,16.89481818181818,2010-04-28,Anomaly Persistence,3,2010
2010-04-26,2010,4,16.65,17.98,16.93509090909091,2010-04-29,Anomaly Persistence,3,2010
2010-04-27,2010,4,17.43,17.92,17.604727272727274,2010-04-30,Anomaly Persistence,3,2010
2010-04-28,2010,4,17.87,17.69,18.118854545454546,2010-05-01,Anomaly Persistence,3,2010
2010-04-29,2010,4,17.98,17.44,18.29887272727273,2010-05-02,Anomaly Persistence,3,2010
2010-04-30,2010,4,17.92,17.03,18.18358181818182,2010-05-03,Anomaly Persistence,3,2010
2010-05-01,2010,5,17.69,16.76,17.8072,2010-05-04,Anomaly Persistence,3,2010
2010-05-02,2010,5,17.44,16.5,17.459000000000003,2010-05-05,Anomaly Persistence,3,2010
2010-05-03,2010,5,17.03,16.25,17.0558,2010-05-06,Anomaly Persistence,3,2010
2010-05-04,2010,5,16.76,16.09,16.820400000000003,2010-05-07,Anomaly Persistence,3,2010
2010-05-05,2010,5,16.5,16.03,16.5952,2010-05-08,Anomaly Persistence,3,2010
2010-05-06,2010,5,16.25,16.12,16.350199999999997,2010-05-09,Anomaly Persistence,3,2010
2010-05-07,2010,5,16.09,16.31,16.1528,2010-05-10,Anomaly Persistence,3,2010
2010-05-08,2010,5,16.03,16.33,16.0642,2010-05-11,Anomaly Persistence,3,2010
2010-05-09,2010,5,16.12,16.27,16.152800000000003,2010-05-12,Anomaly Persistence,3,2010
2010-05-10,2010,5,16.31,16.24,16.267000000000003,2010-05-13,Anomaly Persistence,3,2010
2010-05-11,2010,5,16.33,16.24,16.218199999999996,2010-05-14,Anomaly Persistence,3,2010
2010-05-12,2010,5,16.27,16.33,16.122799999999998,2010-05-15,Anomaly Persistence,3,2010
2010-05-13,2010,5,16.24,16.84,16.209399999999995,2010-05-16,Anomaly Persistence,3,2010
2010-05-14,2010,5,16.24,17.47,16.3786,2010-05-17,Anomaly Persistence,3,2010
2010-05-15,2010,5,16.33,17.8,16.592599999999997,2010-05-18,Anomaly Persistence,3,2010
2010-05-16,2010,5,16.84,17.97,17.1244,2010-05-19,Anomaly Persistence,3,2010
2010-05-17,2010,5,17.47,18.16,17.6702,2010-05-20,Anomaly Persistence,3,2010
2010-05-18,2010,5,17.8,18.2,17.939799999999998,2010-05-21,Anomaly Persistence,3,2010
2010-05-19,2010,5,17.97,18.0,18.0854,2010-05-22,Anomaly Persistence,3,2010
2010-05-20,2010,5,18.16,17.65,18.3238,2010-05-23,Anomaly Persistence,3,2010
2010-05-21,2010,5,18.2,17.6,18.405,2010-05-24,Anomaly Persistence,3,2010
2010-05-22,2010,5,18.0,17.7,18.1998,2010-05-25,Anomaly Persistence,3,2010
2010-05-23,2010,5,17.65,18.04,17.8446,2010-05-26,Anomaly Persistence,3,2010
2010-05-24,2010,5,17.6,18.18,17.815800000000003,2010-05-27,Anomaly Persistence,3,2010
2010-05-25,2010,5,17.7,18.08,18.033199999999997,2010-05-28,Anomaly Persistence,3,2010
2010-05-26,2010,5,18.04,17.84,18.361199999999997,2010-05-29,Anomaly Persistence,3,2010
2010-05-27,2010,5,18.18,17.64,18.452799999999996,2010-05-30,Anomaly Persistence,3,2010
2010-05-28,2010,5,18.08,17.58,18.2018,2010-05-31,Anomaly Persistence,3,2010
2010-05-29,2010,5,17.84,17.44,17.887945454545456,2010-06-01,Anomaly Persistence,3,2010
2010-05-30,2010,5,17.64,17.38,17.669000000000004,2010-06-02,Anomaly Persistence,3,2010
2010-05-31,2010,5,17.58,17.44,17.658472727272724,2010-06-03,Anomaly Persistence,3,2010
2010-06-01,2010,6,17.44,17.41,17.53418181818182,2010-06-04,Anomaly Persistence,3,2010
2010-06-02,2010,6,17.38,17.57,17.471090909090904,2010-06-05,Anomaly Persistence,3,2010
2010-06-03,2010,6,17.44,17.76,17.560909090909096,2010-06-06,Anomaly Persistence,3,2010
2010-06-04,2010,6,17.41,18.0,17.652727272727272,2010-06-07,Anomaly Persistence,3,2010
2010-06-05,2010,6,17.57,18.2,17.91309090909091,2010-06-08,Anomaly Persistence,3,2010
2010-06-06,2010,6,17.76,18.2,18.105090909090908,2010-06-09,Anomaly Persistence,3,2010
2010-06-07,2010,6,18.0,18.33,18.25090909090909,2010-06-10,Anomaly Persistence,3,2010
2010-06-08,2010,6,18.2,18.75,18.374363636363636,2010-06-11,Anomaly Persistence,3,2010
2010-06-09,2010,6,18.2,18.93,18.31236363636364,2010-06-12,Anomaly Persistence,3,2010
2010-06-10,2010,6,18.33,18.92,18.38581818181818,2010-06-13,Anomaly Persistence,3,2010
2010-06-11,2010,6,18.75,18.65,18.72981818181818,2010-06-14,Anomaly Persistence,3,2010
2010-06-12,2010,6,18.93,18.45,18.90672727272727,2010-06-15,Anomaly Persistence,3,2010
2010-06-13,2010,6,18.92,18.34,19.072727272727274,2010-06-16,Anomaly Persistence,3,2010
2010-06-14,2010,6,18.65,18.31,19.021272727272724,2010-06-17,Anomaly Persistence,3,2010
2010-06-15,2010,6,18.45,18.32,18.927636363636363,2010-06-18,Anomaly Persistence,3,2010
2010-06-16,2010,6,18.34,18.44,18.810545454545455,2010-06-19,Anomaly Persistence,3,2010
2010-06-17,2010,6,18.31,18.44,18.66136363636364,2010-06-20,Anomaly Persistence,3,2010
2010-06-18,2010,6,18.32,18.57,18.540727272727274,2010-06-21,Anomaly Persistence,3,2010
2010-06-19,2010,6,18.44,18.55,18.54327272727273,2010-06-22,Anomaly Persistence,3,2010
2010-06-20,2010,6,18.44,18.51,18.538272727272727,2010-06-23,Anomaly Persistence,3,2010
2010-06-21,2010,6,18.57,18.61,18.743454545454544,2010-06-24,Anomaly Persistence,3,2010
2010-06-22,2010,6,18.55,18.61,18.76218181818182,2010-06-25,Anomaly Persistence,3,2010
2010-06-23,2010,6,18.51,18.65,18.739272727272727,2010-06-26,Anomaly Persistence,3,2010
2010-06-24,2010,6,18.61,18.74,18.861818181818183,2010-06-27,Anomaly Persistence,3,2010
2010-06-25,2010,6,18.61,19.31,18.973272727272725,2010-06-28,Anomaly Persistence,3,2010
2010-06-26,2010,6,18.65,19.61,19.007272727272728,2010-06-29,Anomaly Persistence,3,2010
2010-06-27,2010,6,18.74,19.59,19.043636363636363,2010-06-30,Anomaly Persistence,3,2010
2010-06-28,2010,6,19.31,19.51,19.45731818181818,2010-07-01,Anomaly Persistence,3,2010
2010-06-29,2010,6,19.61,19.47,19.80751515151515,2010-07-02,Anomaly Persistence,3,2010
2010-06-30,2010,6,19.59,19.42,19.837530303030302,2010-07-03,Anomaly Persistence,3,2010
2010-07-01,2010,7,19.51,19.45,19.766000000000002,2010-07-04,Anomaly Persistence,3,2010
2010-07-02,2010,7,19.47,19.44,19.600666666666665,2010-07-05,Anomaly Persistence,3,2010
2010-07-03,2010,7,19.42,19.35,19.517333333333333,2010-07-06,Anomaly Persistence,3,2010
2010-07-04,2010,7,19.45,19.24,19.612166666666663,2010-07-07,Anomaly Persistence,3,2010
2010-07-05,2010,7,19.44,19.08,19.651666666666667,2010-07-08,Anomaly Persistence,3,2010
2010-07-06,2010,7,19.35,19.05,19.5055,2010-07-09,Anomaly Persistence,3,2010
2010-07-07,2010,7,19.24,19.05,19.326333333333334,2010-07-10,Anomaly Persistence,3,2010
2010-07-08,2010,7,19.08,19.26,19.163666666666664,2010-07-11,Anomaly Persistence,3,2010
2010-07-09,2010,7,19.05,19.42,19.141000000000002,2010-07-12,Anomaly Persistence,3,2010
2010-07-10,2010,7,19.05,19.51,19.1155,2010-07-13,Anomaly Persistence,3,2010
2010-07-11,2010,7,19.26,19.52,19.266833333333334,2010-07-14,Anomaly Persistence,3,2010
2010-07-12,2010,7,19.42,19.52,19.406333333333336,2010-07-15,Anomaly Persistence,3,2010
2010-07-13,2010,7,19.51,19.44,19.482833333333335,2010-07-16,Anomaly Persistence,3,2010
2010-07-14,2010,7,19.52,19.34,19.482166666666668,2010-07-17,Anomaly Persistence,3,2010
2010-07-15,2010,7,19.52,19.31,19.501583333333333,2010-07-18,Anomaly Persistence,3,2010
2010-07-16,2010,7,19.44,19.4,19.424833333333336,2010-07-19,Anomaly Persistence,3,2010
2010-07-17,2010,7,19.34,19.52,19.347833333333334,2010-07-20,Anomaly Persistence,3,2010
2010-07-18,2010,7,19.31,19.54,19.282416666666666,2010-07-21,Anomaly Persistence,3,2010
2010-07-19,2010,7,19.4,19.67,19.368499999999997,2010-07-22,Anomaly Persistence,3,2010
2010-07-20,2010,7,19.52,19.8,19.476499999999998,2010-07-23,Anomaly Persistence,3,2010
2010-07-21,2010,7,19.54,19.78,19.497999999999998,2010-07-24,Anomaly Persistence,3,2010
2010-07-22,2010,7,19.67,19.65,19.648833333333336,2010-07-25,Anomaly Persistence,3,2010
2010-07-23,2010,7,19.8,19.47,19.76066666666667,2010-07-26,Anomaly Persistence,3,2010
2010-07-24,2010,7,19.78,19.33,19.722,2010-07-27,Anomaly Persistence,3,2010
2010-07-25,2010,7,19.65,19.29,19.595,2010-07-28,Anomaly Persistence,3,2010
2010-07-26,2010,7,19.47,19.21,19.432333333333332,2010-07-29,Anomaly Persistence,3,2010
2010-07-27,2010,7,19.33,19.17,19.314166666666665,2010-07-30,Anomaly Persistence,3,2010
2010-07-28,2010,7,19.29,19.08,19.233166666666662,2010-07-31,Anomaly Persistence,3,2010
2010-07-29,2010,7,19.21,19.07,19.0859696969697,2010-08-01,Anomaly Persistence,3,2010
2010-07-30,2010,7,19.17,18.97,18.986681818181818,2010-08-02,Anomaly Persistence,3,2010
2010-07-31,2010,7,19.08,18.9,18.888242424242424,2010-08-03,Anomaly Persistence,3,2010
2010-08-01,2010,8,19.07,18.73,18.869454545454545,2010-08-04,Anomaly Persistence,3,2010
2010-08-02,2010,8,18.97,18.68,18.81490909090909,2010-08-05,Anomaly Persistence,3,2010
2010-08-03,2010,8,18.9,18.653,18.75663636363636,2010-08-06,Anomaly Persistence,3,2010
2010-08-04,2010,8,18.73,18.62,18.65927272727273,2010-08-07,Anomaly Persistence,3,2010
2010-08-05,2010,8,18.68,18.57,18.636545454545455,2010-08-08,Anomaly Persistence,3,2010
2010-08-06,2010,8,18.653,18.54,18.603636363636365,2010-08-09,Anomaly Persistence,3,2010
2010-08-07,2010,8,18.62,18.47,18.547272727272727,2010-08-10,Anomaly Persistence,3,2010
2010-08-08,2010,8,18.57,18.38,18.498363636363635,2010-08-11,Anomaly Persistence,3,2010
2010-08-09,2010,8,18.54,18.34,18.517999999999997,2010-08-12,Anomaly Persistence,3,2010
2010-08-10,2010,8,18.47,18.28,18.52490909090909,2010-08-13,Anomaly Persistence,3,2010
2010-08-11,2010,8,18.38,18.25,18.491090909090907,2010-08-14,Anomaly Persistence,3,2010
2010-08-12,2010,8,18.34,18.18,18.458363636363636,2010-08-15,Anomaly Persistence,3,2010
2010-08-13,2010,8,18.28,18.15,18.367636363636365,2010-08-16,Anomaly Persistence,3,2010
2010-08-14,2010,8,18.25,18.14,18.324545454545454,2010-08-17,Anomaly Persistence,3,2010
2010-08-15,2010,8,18.18,18.37,18.269636363636366,2010-08-18,Anomaly Persistence,3,2010
2010-08-16,2010,8,18.15,18.5,18.237999999999996,2010-08-19,Anomaly Persistence,3,2010
2010-08-17,2010,8,18.14,18.75,18.202727272727273,2010-08-20,Anomaly Persistence,3,2010
2010-08-18,2010,8,18.37,18.79,18.436545454545456,2010-08-21,Anomaly Persistence,3,2010
2010-08-19,2010,8,18.5,18.89,18.59090909090909,2010-08-22,Anomaly Persistence,3,2010
2010-08-20,2010,8,18.75,19.05,18.813818181818185,2010-08-23,Anomaly Persistence,3,2010
2010-08-21,2010,8,18.79,19.22,18.801272727272725,2010-08-24,Anomaly Persistence,3,2010
2010-08-22,2010,8,18.89,19.37,18.84054545454546,2010-08-25,Anomaly Persistence,3,2010
2010-08-23,2010,8,19.05,19.38,18.968727272727275,2010-08-26,Anomaly Persistence,3,2010
2010-08-24,2010,8,19.22,19.35,19.11763636363636,2010-08-27,Anomaly Persistence,3,2010
2010-08-25,2010,8,19.37,19.39,19.29981818181818,2010-08-28,Anomaly Persistence,3,2010
2010-08-26,2010,8,19.38,19.52,19.365818181818177,2010-08-29,Anomaly Persistence,3,2010
2010-08-27,2010,8,19.35,19.53,19.336727272727277,2010-08-30,Anomaly Persistence,3,2010
2010-08-28,2010,8,19.39,19.53,19.34309090909091,2010-08-31,Anomaly Persistence,3,2010
2010-08-29,2010,8,19.52,19.42,19.29327272727273,2010-09-01,Anomaly Persistence,3,2010
2010-08-30,2010,8,19.53,19.33,19.285454545454545,2010-09-02,Anomaly Persistence,3,2010
2010-08-31,2010,8,19.53,19.29,19.277636363636365,2010-09-03,Anomaly Persistence,3,2010
2010-09-01,2010,9,19.42,19.2,19.300727272727272,2010-09-04,Anomaly Persistence,3,2010
2010-09-02,2010,9,19.33,19.19,19.27290909090909,2010-09-05,Anomaly Persistence,3,2010
2010-09-03,2010,9,19.29,19.19,19.28181818181818,2010-09-06,Anomaly Persistence,3,2010
2010-09-04,2010,9,19.2,19.2,19.24145454545455,2010-09-07,Anomaly Persistence,3,2010
2010-09-05,2010,9,19.19,19.12,19.257454545454546,2010-09-08,Anomaly Persistence,3,2010
2010-09-06,2010,9,19.19,19.09,19.270545454545456,2010-09-09,Anomaly Persistence,3,2010
2010-09-07,2010,9,19.2,19.17,19.259999999999998,2010-09-10,Anomaly Persistence,3,2010
2010-09-08,2010,9,19.12,19.35,19.149818181818183,2010-09-11,Anomaly Persistence,3,2010
2010-09-09,2010,9,19.09,19.61,19.12290909090909,2010-09-12,Anomaly Persistence,3,2010
2010-09-10,2010,9,19.17,19.77,19.173272727272728,2010-09-13,Anomaly Persistence,3,2010
2010-09-11,2010,9,19.35,19.78,19.319636363636366,2010-09-14,Anomaly Persistence,3,2010
2010-09-12,2010,9,19.61,19.78,19.575636363636363,2010-09-15,Anomaly Persistence,3,2010
2010-09-13,2010,9,19.77,19.78,19.753999999999998,2010-09-16,Anomaly Persistence,3,2010
2010-09-14,2010,9,19.78,19.71,19.79890909090909,2010-09-17,Anomaly Persistence,3,2010
2010-09-15,2010,9,19.78,19.55,19.734909090909095,2010-09-18,Anomaly Persistence,3,2010
2010-09-16,2010,9,19.78,19.41,19.725090909090913,2010-09-19,Anomaly Persistence,3,2010
2010-09-17,2010,9,19.71,19.3,19.63727272727273,2010-09-20,Anomaly Persistence,3,2010
2010-09-18,2010,9,19.55,19.27,19.425454545454546,2010-09-21,Anomaly Persistence,3,2010
2010-09-19,2010,9,19.41,19.25,19.302545454545452,2010-09-22,Anomaly Persistence,3,2010
2010-09-20,2010,9,19.3,19.23,19.192727272727275,2010-09-23,Anomaly Persistence,3,2010
2010-09-21,2010,9,19.27,19.18,19.22563636363636,2010-09-24,Anomaly Persistence,3,2010
2010-09-22,2010,9,19.25,19.09,19.177818181818186,2010-09-25,Anomaly Persistence,3,2010
2010-09-23,2010,9,19.23,19.0,19.160545454545456,2010-09-26,Anomaly Persistence,3,2010
2010-09-24,2010,9,19.18,18.87,19.199636363636365,2010-09-27,Anomaly Persistence,3,2010
2010-09-25,2010,9,19.09,18.75,19.17509090909091,2010-09-28,Anomaly Persistence,3,2010
2010-09-26,2010,9,19.0,18.66,19.069636363636363,2010-09-29,Anomaly Persistence,3,2010
2010-09-27,2010,9,18.87,18.61,18.84163636363636,2010-09-30,Anomaly Persistence,3,2010
2010-11-08,2010,11,15.78,15.6,15.563666666666666,2010-11-11,Anomaly Persistence,3,2010
2010-11-09,2010,11,15.74,15.55,15.557666666666666,2010-11-12,Anomaly Persistence,3,2010
2010-11-10,2010,11,15.68,15.5,15.526166666666667,2010-11-13,Anomaly Persistence,3,2010
2010-11-11,2010,11,15.6,15.45,15.463833333333334,2010-11-14,Anomaly Persistence,3,2010
2010-11-12,2010,11,15.55,15.4,15.396833333333333,2010-11-15,Anomaly Persistence,3,2010
2010-11-13,2010,11,15.5,15.33,15.333166666666665,2010-11-16,Anomaly Persistence,3,2010
2010-11-14,2010,11,15.45,15.29,15.279333333333332,2010-11-17,Anomaly Persistence,3,2010
2010-11-15,2010,11,15.4,15.26,15.242500000000001,2010-11-18,Anomaly Persistence,3,2010
2010-11-16,2010,11,15.33,15.23,15.179166666666667,2010-11-19,Anomaly Persistence,3,2010
2010-11-17,2010,11,15.29,15.2,15.154666666666664,2010-11-20,Anomaly Persistence,3,2010
2010-11-18,2010,11,15.26,15.17,15.140833333333333,2010-11-21,Anomaly Persistence,3,2010
2010-11-19,2010,11,15.23,15.14,15.121666666666668,2010-11-22,Anomaly Persistence,3,2010
2010-11-20,2010,11,15.2,15.12,15.093083333333334,2010-11-23,Anomaly Persistence,3,2010
2010-11-21,2010,11,15.17,15.08,15.071499999999999,2010-11-24,Anomaly Persistence,3,2010
2010-11-22,2010,11,15.14,15.05,15.081999999999999,2010-11-25,Anomaly Persistence,3,2010
2010-11-23,2010,11,15.12,15.07,15.070249999999998,2010-11-26,Anomaly Persistence,3,2010
2010-11-24,2010,11,15.08,15.09,15.0215,2010-11-27,Anomaly Persistence,3,2010
2010-11-25,2010,11,15.05,15.11,14.944333333333335,2010-11-28,Anomaly Persistence,3,2010
2010-11-26,2010,11,15.07,15.11,14.950333333333337,2010-11-29,Anomaly Persistence,3,2010
2010-11-27,2010,11,15.09,15.06,14.962333333333335,2010-11-30,Anomaly Persistence,3,2010
2010-11-28,2010,11,15.11,15.01,15.032848484848484,2010-12-01,Anomaly Persistence,3,2010
2010-11-29,2010,11,15.11,14.93,15.032696969696968,2010-12-02,Anomaly Persistence,3,2010
2010-11-30,2010,11,15.06,14.897,14.987454545454545,2010-12-03,Anomaly Persistence,3,2010
2010-12-01,2010,12,15.01,14.86,14.894909090909092,2010-12-04,Anomaly Persistence,3,2010
2010-12-02,2010,12,14.93,14.82,14.827454545454545,2010-12-05,Anomaly Persistence,3,2010
2010-12-03,2010,12,14.897,14.8,14.80509090909091,2010-12-06,Anomaly Persistence,3,2010
2010-12-04,2010,12,14.86,14.79,14.775272727272727,2010-12-07,Anomaly Persistence,3,2010
2010-12-05,2010,12,14.82,14.77,14.735454545454544,2010-12-08,Anomaly Persistence,3,2010
2010-12-06,2010,12,14.8,14.74,14.712181818181818,2010-12-09,Anomaly Persistence,3,2010
2010-12-07,2010,12,14.79,14.7,14.69690909090909,2010-12-10,Anomaly Persistence,3,2010
2010-12-08,2010,12,14.77,14.66,14.67690909090909,2010-12-11,Anomaly Persistence,3,2010
2010-12-09,2010,12,14.74,14.61,14.647818181818181,2010-12-12,Anomaly Persistence,3,2010
2010-12-10,2010,12,14.7,14.57,14.60890909090909,2010-12-13,Anomaly Persistence,3,2010
2010-12-11,2010,12,14.66,14.53,14.572181818181821,2010-12-14,Anomaly Persistence,3,2010
2010-12-12,2010,12,14.61,14.5,14.524545454545454,2010-12-15,Anomaly Persistence,3,2010
2010-12-13,2010,12,14.57,14.47,14.488363636363637,2010-12-16,Anomaly Persistence,3,2010
2010-12-14,2010,12,14.53,14.45,14.45090909090909,2010-12-17,Anomaly Persistence,3,2010
2010-12-15,2010,12,14.5,14.43,14.423818181818183,2010-12-18,Anomaly Persistence,3,2010
2010-12-16,2010,12,14.47,14.41,14.402909090909091,2010-12-19,Anomaly Persistence,3,2010
2010-12-17,2010,12,14.45,14.38,14.382,2010-12-20,Anomaly Persistence,3,2010
2010-12-18,2010,12,14.43,14.36,14.361636363636363,2010-12-21,Anomaly Persistence,3,2010
2010-12-19,2010,12,14.41,14.34,14.34381818181818,2010-12-22,Anomaly Persistence,3,2010
2010-12-20,2010,12,14.38,14.33,14.318363636363635,2010-12-23,Anomaly Persistence,3,2010
2010-12-21,2010,12,14.36,14.28,14.304181818181817,2010-12-24,Anomaly Persistence,3,2010
2010-12-22,2010,12,14.34,14.27,14.282363636363637,2010-12-25,Anomaly Persistence,3,2010
2010-12-23,2010,12,14.33,14.26,14.271636363636365,2010-12-26,Anomaly Persistence,3,2010
2010-12-24,2010,12,14.28,14.24,14.220181818181818,2010-12-27,Anomaly Persistence,3,2010
2010-12-25,2010,12,14.27,14.21,14.207090909090908,2010-12-28,Anomaly Persistence,3,2010
2010-12-26,2010,12,14.26,14.17,14.195818181818181,2010-12-29,Anomaly Persistence,3,2010
2010-12-27,2010,12,14.24,14.14,14.174545454545456,2010-12-30,Anomaly Persistence,3,2010
2010-12-28,2010,12,14.21,14.1,14.136363636363637,2010-12-31,Anomaly Persistence,3,2010
2010-12-29,2010,12,14.17,14.08,14.106075757575757,2011-01-01,Anomaly Persistence,3,2010
2010-12-30,2010,12,14.14,14.06,14.069045454545455,2011-01-02,Anomaly Persistence,3,2010
2010-12-31,2010,12,14.1,14.04,14.039409090909091,2011-01-03,Anomaly Persistence,3,2010
2011-01-01,2011,1,14.08,14.03,14.013,2011-01-04,Anomaly Persistence,3,2011
2011-01-02,2011,1,14.06,13.99,13.998833333333334,2011-01-05,Anomaly Persistence,3,2011
2011-01-03,2011,1,14.04,13.96,13.9775,2011-01-06,Anomaly Persistence,3,2011
2011-01-04,2011,1,14.03,13.94,13.968833333333333,2011-01-07,Anomaly Persistence,3,2011
2011-01-05,2011,1,13.99,13.92,13.9305,2011-01-08,Anomaly Persistence,3,2011
2011-01-06,2011,1,13.96,13.9,13.900666666666668,2011-01-09,Anomaly Persistence,3,2011
2011-01-07,2011,1,13.94,13.88,13.876500000000002,2011-01-10,Anomaly Persistence,3,2011
2011-01-08,2011,1,13.92,13.863,13.860750000000001,2011-01-11,Anomaly Persistence,3,2011
2011-01-09,2011,1,13.9,13.84,13.845666666666666,2011-01-12,Anomaly Persistence,3,2011
2011-01-10,2011,1,13.88,13.82,13.830916666666665,2011-01-13,Anomaly Persistence,3,2011
2011-01-11,2011,1,13.863,13.798,13.811749999999998,2011-01-14,Anomaly Persistence,3,2011
2011-01-12,2011,1,13.84,13.77,13.790916666666666,2011-01-15,Anomaly Persistence,3,2011
2011-01-13,2011,1,13.82,13.75,13.769250000000001,2011-01-16,Anomaly Persistence,3,2011
2011-01-14,2011,1,13.798,13.73,13.750833333333334,2011-01-17,Anomaly Persistence,3,2011
2011-01-15,2011,1,13.77,13.71,13.719750000000001,2011-01-18,Anomaly Persistence,3,2011
2011-01-16,2011,1,13.75,13.69,13.702833333333334,2011-01-19,Anomaly Persistence,3,2011
2011-01-17,2011,1,13.73,13.68,13.680166666666665,2011-01-20,Anomaly Persistence,3,2011
2011-01-18,2011,1,13.71,13.67,13.658,2011-01-21,Anomaly Persistence,3,2011
2011-01-19,2011,1,13.69,13.65,13.632499999999999,2011-01-22,Anomaly Persistence,3,2011
2011-01-20,2011,1,13.68,13.63,13.623166666666668,2011-01-23,Anomaly Persistence,3,2011
2011-01-21,2011,1,13.67,13.63,13.6215,2011-01-24,Anomaly Persistence,3,2011
2011-01-22,2011,1,13.65,13.63,13.606,2011-01-25,Anomaly Persistence,3,2011
2011-01-23,2011,1,13.63,13.61,13.586166666666667,2011-01-26,Anomaly Persistence,3,2011
2011-01-24,2011,1,13.63,13.59,13.582333333333334,2011-01-27,Anomaly Persistence,3,2011
2011-01-25,2011,1,13.63,13.56,13.585666666666668,2011-01-28,Anomaly Persistence,3,2011
2011-01-26,2011,1,13.61,13.54,13.570833333333333,2011-01-29,Anomaly Persistence,3,2011
2011-01-27,2011,1,13.59,13.52,13.558333333333334,2011-01-30,Anomaly Persistence,3,2011
2011-01-28,2011,1,13.56,13.5,13.530333333333335,2011-01-31,Anomaly Persistence,3,2011
2011-01-29,2011,1,13.54,13.48,13.536772727272727,2011-02-01,Anomaly Persistence,3,2011
2011-01-30,2011,1,13.52,13.46,13.507378787878789,2011-02-02,Anomaly Persistence,3,2011
2011-01-31,2011,1,13.5,13.44,13.484090909090906,2011-02-03,Anomaly Persistence,3,2011
2011-02-01,2011,2,13.48,13.43,13.438181818181818,2011-02-04,Anomaly Persistence,3,2011
2011-02-02,2011,2,13.46,13.42,13.425454545454546,2011-02-05,Anomaly Persistence,3,2011
2011-02-03,2011,2,13.44,13.4,13.406545454545455,2011-02-06,Anomaly Persistence,3,2011
2011-02-04,2011,2,13.43,13.39,13.396727272727274,2011-02-07,Anomaly Persistence,3,2011
2011-02-05,2011,2,13.42,13.37,13.382363636363635,2011-02-08,Anomaly Persistence,3,2011
2011-02-06,2011,2,13.4,13.36,13.359454545454545,2011-02-09,Anomaly Persistence,3,2011
2011-02-07,2011,2,13.39,13.35,13.349818181818183,2011-02-10,Anomaly Persistence,3,2011
2011-02-08,2011,2,13.37,13.33,13.331636363636363,2011-02-11,Anomaly Persistence,3,2011
2011-02-09,2011,2,13.36,13.32,13.322909090909093,2011-02-12,Anomaly Persistence,3,2011
2011-02-10,2011,2,13.35,13.31,13.310909090909089,2011-02-13,Anomaly Persistence,3,2011
2011-02-11,2011,2,13.33,13.3,13.289636363636365,2011-02-14,Anomaly Persistence,3,2011
2011-02-12,2011,2,13.32,13.3,13.285090909090908,2011-02-15,Anomaly Persistence,3,2011
2011-02-13,2011,2,13.31,13.3,13.272545454545455,2011-02-16,Anomaly Persistence,3,2011
2011-02-14,2011,2,13.3,13.32,13.262363636363634,2011-02-17,Anomaly Persistence,3,2011
2011-02-15,2011,2,13.3,13.33,13.264909090909091,2011-02-18,Anomaly Persistence,3,2011
2011-02-16,2011,2,13.3,13.34,13.286000000000001,2011-02-19,Anomaly Persistence,3,2011
2011-02-17,2011,2,13.32,13.35,13.328545454545456,2011-02-20,Anomaly Persistence,3,2011
2011-02-18,2011,2,13.33,13.34,13.34327272727273,2011-02-21,Anomaly Persistence,3,2011
2011-02-19,2011,2,13.34,13.33,13.334363636363639,2011-02-22,Anomaly Persistence,3,2011
2011-02-20,2011,2,13.35,13.32,13.320545454545455,2011-02-23,Anomaly Persistence,3,2011
2011-02-21,2011,2,13.34,13.31,13.300909090909089,2011-02-24,Anomaly Persistence,3,2011
2011-02-22,2011,2,13.33,13.36,13.303090909090907,2011-02-25,Anomaly Persistence,3,2011
2011-02-23,2011,2,13.32,13.47,13.316909090909089,2011-02-26,Anomaly Persistence,3,2011
2011-02-24,2011,2,13.31,13.56,13.333272727272728,2011-02-27,Anomaly Persistence,3,2011
2011-02-25,2011,2,13.36,13.58,13.399818181818183,2011-02-28,Anomaly Persistence,3,2011
2011-02-26,2011,2,13.47,13.56,13.508181818181821,2011-03-01,Anomaly Persistence,3,2011
2011-02-27,2011,2,13.56,13.51,13.587818181818184,2011-03-02,Anomaly Persistence,3,2011
2011-02-28,2011,2,13.58,13.44,13.61981818181818,2011-03-03,Anomaly Persistence,3,2011
2011-03-01,2011,3,13.56,13.39,13.606,2011-03-04,Anomaly Persistence,3,2011
2011-03-02,2011,3,13.51,13.34,13.553999999999997,2011-03-05,Anomaly Persistence,3,2011
2011-03-03,2011,3,13.44,13.3,13.469090909090907,2011-03-06,Anomaly Persistence,3,2011
2011-03-04,2011,3,13.39,13.28,13.416727272727272,2011-03-07,Anomaly Persistence,3,2011
2011-03-05,2011,3,13.34,13.26,13.38018181818182,2011-03-08,Anomaly Persistence,3,2011
2011-03-06,2011,3,13.3,13.24,13.345090909090912,2011-03-09,Anomaly Persistence,3,2011
2011-03-07,2011,3,13.28,13.22,13.325090909090909,2011-03-10,Anomaly Persistence,3,2011
2011-03-08,2011,3,13.26,13.21,13.29109090909091,2011-03-11,Anomaly Persistence,3,2011
2011-03-09,2011,3,13.24,13.21,13.267818181818182,2011-03-12,Anomaly Persistence,3,2011
2011-03-10,2011,3,13.22,13.22,13.290545454545457,2011-03-13,Anomaly Persistence,3,2011
2011-03-11,2011,3,13.21,13.24,13.319999999999999,2011-03-14,Anomaly Persistence,3,2011
2011-03-12,2011,3,13.21,13.27,13.323636363636364,2011-03-15,Anomaly Persistence,3,2011
2011-03-13,2011,3,13.22,13.32,13.275636363636364,2011-03-16,Anomaly Persistence,3,2011
2011-03-14,2011,3,13.24,13.34,13.242545454545457,2011-03-17,Anomaly Persistence,3,2011
2011-03-15,2011,3,13.27,13.42,13.254363636363637,2011-03-18,Anomaly Persistence,3,2011
2011-03-16,2011,3,13.32,13.56,13.321272727272728,2011-03-19,Anomaly Persistence,3,2011
2011-03-17,2011,3,13.34,13.76,13.37,2011-03-20,Anomaly Persistence,3,2011
2011-03-18,2011,3,13.42,13.84,13.459272727272726,2011-03-21,Anomaly Persistence,3,2011
2011-03-19,2011,3,13.56,13.87,13.592,2011-03-22,Anomaly Persistence,3,2011
2011-03-20,2011,3,13.76,13.87,13.781272727272727,2011-03-23,Anomaly Persistence,3,2011
2011-03-21,2011,3,13.84,13.85,13.876909090909091,2011-03-24,Anomaly Persistence,3,2011
2011-03-22,2011,3,13.87,13.81,13.940909090909091,2011-03-25,Anomaly Persistence,3,2011
2011-03-23,2011,3,13.87,13.81,13.971090909090908,2011-03-26,Anomaly Persistence,3,2011
2011-03-24,2011,3,13.85,14.19,13.982545454545454,2011-03-27,Anomaly Persistence,3,2011
2011-03-25,2011,3,13.81,14.83,13.98290909090909,2011-03-28,Anomaly Persistence,3,2011
2011-03-26,2011,3,13.81,14.99,13.986181818181818,2011-03-29,Anomaly Persistence,3,2011
2011-03-27,2011,3,14.19,14.99,14.322363636363635,2011-03-30,Anomaly Persistence,3,2011
2011-03-28,2011,3,14.83,14.98,14.909636363636364,2011-03-31,Anomaly Persistence,3,2011
2011-03-29,2011,3,14.99,14.96,15.08218181818182,2011-04-01,Anomaly Persistence,3,2011
2011-03-30,2011,3,14.99,14.96,15.137454545454547,2011-04-02,Anomaly Persistence,3,2011
2011-03-31,2011,3,14.98,14.92,15.160181818181819,2011-04-03,Anomaly Persistence,3,2011
2011-04-01,2011,4,14.96,14.83,15.12618181818182,2011-04-04,Anomaly Persistence,3,2011
2011-04-02,2011,4,14.96,14.72,15.097090909090909,2011-04-05,Anomaly Persistence,3,2011
2011-04-03,2011,4,14.92,14.62,15.03590909090909,2011-04-06,Anomaly Persistence,3,2011
2011-04-04,2011,4,14.83,14.56,14.975818181818182,2011-04-07,Anomaly Persistence,3,2011
2011-04-05,2011,4,14.72,14.51,14.917454545454548,2011-04-08,Anomaly Persistence,3,2011
2011-04-06,2011,4,14.62,14.5,14.885181818181819,2011-04-09,Anomaly Persistence,3,2011
2011-04-07,2011,4,14.56,14.5,14.835454545454544,2011-04-10,Anomaly Persistence,3,2011
2011-04-08,2011,4,14.51,14.48,14.719090909090907,2011-04-11,Anomaly Persistence,3,2011
2011-04-09,2011,4,14.5,14.45,14.61181818181818,2011-04-12,Anomaly Persistence,3,2011
2011-04-10,2011,4,14.5,14.41,14.561454545454547,2011-04-13,Anomaly Persistence,3,2011
2011-04-11,2011,4,14.48,14.43,14.548909090909092,2011-04-14,Anomaly Persistence,3,2011
2011-04-12,2011,4,14.45,14.43,14.582727272727274,2011-04-15,Anomaly Persistence,3,2011
2011-04-13,2011,4,14.41,14.42,14.586545454545455,2011-04-16,Anomaly Persistence,3,2011
2011-04-14,2011,4,14.43,14.47,14.623272727272727,2011-04-17,Anomaly Persistence,3,2011
2011-04-15,2011,4,14.43,14.52,14.583272727272725,2011-04-18,Anomaly Persistence,3,2011
2011-04-16,2011,4,14.42,14.53,14.526,2011-04-19,Anomaly Persistence,3,2011
2011-04-17,2011,4,14.47,14.53,14.631454545454545,2011-04-20,Anomaly Persistence,3,2011
2011-04-18,2011,4,14.52,14.49,14.74218181818182,2011-04-21,Anomaly Persistence,3,2011
2011-04-19,2011,4,14.53,14.52,14.816363636363636,2011-04-22,Anomaly Persistence,3,2011
2011-04-20,2011,4,14.53,14.63,14.73690909090909,2011-04-23,Anomaly Persistence,3,2011
2011-04-21,2011,4,14.49,14.66,14.64690909090909,2011-04-24,Anomaly Persistence,3,2011
2011-04-22,2011,4,14.52,14.645,14.626090909090907,2011-04-25,Anomaly Persistence,3,2011
2011-04-23,2011,4,14.63,14.71,14.808363636363636,2011-04-26,Anomaly Persistence,3,2011
2011-04-24,2011,4,14.66,14.95,14.956,2011-04-27,Anomaly Persistence,3,2011
2011-04-25,2011,4,14.645,15.28,14.989818181818181,2011-04-28,Anomaly Persistence,3,2011
2011-04-26,2011,4,14.71,15.41,14.99509090909091,2011-04-29,Anomaly Persistence,3,2011
2011-04-27,2011,4,14.95,15.41,15.124727272727272,2011-04-30,Anomaly Persistence,3,2011
2011-04-28,2011,4,15.28,15.34,15.528854545454545,2011-05-01,Anomaly Persistence,3,2011
2011-04-29,2011,4,15.41,15.3,15.728872727272728,2011-05-02,Anomaly Persistence,3,2011
2011-04-30,2011,4,15.41,15.2,15.67358181818182,2011-05-03,Anomaly Persistence,3,2011
2011-05-01,2011,5,15.34,15.15,15.4572,2011-05-04,Anomaly Persistence,3,2011
2011-05-02,2011,5,15.3,15.07,15.319,2011-05-05,Anomaly Persistence,3,2011
2011-05-03,2011,5,15.2,15.02,15.2258,2011-05-06,Anomaly Persistence,3,2011
2011-05-04,2011,5,15.15,15.16,15.210400000000002,2011-05-07,Anomaly Persistence,3,2011
2011-05-05,2011,5,15.07,15.26,15.1652,2011-05-08,Anomaly Persistence,3,2011
2011-05-06,2011,5,15.02,15.37,15.120199999999997,2011-05-09,Anomaly Persistence,3,2011
2011-05-07,2011,5,15.16,15.48,15.222799999999998,2011-05-10,Anomaly Persistence,3,2011
2011-05-08,2011,5,15.26,15.59,15.2942,2011-05-11,Anomaly Persistence,3,2011
2011-05-09,2011,5,15.37,15.63,15.402800000000001,2011-05-12,Anomaly Persistence,3,2011
2011-05-10,2011,5,15.48,15.33,15.437000000000003,2011-05-13,Anomaly Persistence,3,2011
2011-05-11,2011,5,15.59,15.31,15.478199999999998,2011-05-14,Anomaly Persistence,3,2011
2011-05-12,2011,5,15.63,15.24,15.4828,2011-05-15,Anomaly Persistence,3,2011
2011-05-13,2011,5,15.33,15.36,15.299399999999999,2011-05-16,Anomaly Persistence,3,2011
2011-05-14,2011,5,15.31,15.36,15.4486,2011-05-17,Anomaly Persistence,3,2011
2011-05-15,2011,5,15.24,15.34,15.502600000000001,2011-05-18,Anomaly Persistence,3,2011
2011-05-16,2011,5,15.36,15.35,15.6444,2011-05-19,Anomaly Persistence,3,2011
2011-05-17,2011,5,15.36,15.35,15.5602,2011-05-20,Anomaly Persistence,3,2011
2011-05-18,2011,5,15.34,15.37,15.4798,2011-05-21,Anomaly Persistence,3,2011
2011-05-19,2011,5,15.35,15.36,15.465400000000002,2011-05-22,Anomaly Persistence,3,2011
2011-05-20,2011,5,15.35,15.39,15.5138,2011-05-23,Anomaly Persistence,3,2011
2011-05-21,2011,5,15.37,15.5,15.575000000000001,2011-05-24,Anomaly Persistence,3,2011
2011-05-22,2011,5,15.36,15.62,15.5598,2011-05-25,Anomaly Persistence,3,2011
2011-05-23,2011,5,15.39,15.73,15.584600000000002,2011-05-26,Anomaly Persistence,3,2011
2011-05-24,2011,5,15.5,15.74,15.715800000000002,2011-05-27,Anomaly Persistence,3,2011
2011-05-25,2011,5,15.62,15.81,15.953199999999997,2011-05-28,Anomaly Persistence,3,2011
2011-05-26,2011,5,15.73,15.92,16.051199999999998,2011-05-29,Anomaly Persistence,3,2011
2011-05-27,2011,5,15.74,16.28,16.0128,2011-05-30,Anomaly Persistence,3,2011
2011-05-28,2011,5,15.81,16.4,15.9318,2011-05-31,Anomaly Persistence,3,2011
2011-05-29,2011,5,15.92,16.35,15.967945454545456,2011-06-01,Anomaly Persistence,3,2011
2011-05-30,2011,5,16.28,16.26,16.309000000000005,2011-06-02,Anomaly Persistence,3,2011
2011-05-31,2011,5,16.4,16.22,16.478472727272724,2011-06-03,Anomaly Persistence,3,2011
2011-06-01,2011,6,16.35,16.3,16.44418181818182,2011-06-04,Anomaly Persistence,3,2011
2011-06-02,2011,6,16.26,16.49,16.351090909090907,2011-06-05,Anomaly Persistence,3,2011
2011-06-03,2011,6,16.22,16.77,16.340909090909093,2011-06-06,Anomaly Persistence,3,2011
2011-06-04,2011,6,16.3,17.21,16.542727272727273,2011-06-07,Anomaly Persistence,3,2011
2011-06-05,2011,6,16.49,17.49,16.83309090909091,2011-06-08,Anomaly Persistence,3,2011
2011-06-06,2011,6,16.77,17.59,17.115090909090906,2011-06-09,Anomaly Persistence,3,2011
2011-06-07,2011,6,17.21,17.6,17.46090909090909,2011-06-10,Anomaly Persistence,3,2011
2011-06-08,2011,6,17.49,17.6,17.664363636363635,2011-06-11,Anomaly Persistence,3,2011
2011-06-09,2011,6,17.59,17.56,17.70236363636364,2011-06-12,Anomaly Persistence,3,2011
2011-06-10,2011,6,17.6,17.39,17.655818181818184,2011-06-13,Anomaly Persistence,3,2011
2011-06-11,2011,6,17.6,17.26,17.579818181818183,2011-06-14,Anomaly Persistence,3,2011
2011-06-12,2011,6,17.56,17.16,17.53672727272727,2011-06-15,Anomaly Persistence,3,2011
2011-06-13,2011,6,17.39,17.03,17.542727272727273,2011-06-16,Anomaly Persistence,3,2011
2011-06-14,2011,6,17.26,17.05,17.631272727272727,2011-06-17,Anomaly Persistence,3,2011
2011-06-15,2011,6,17.16,17.17,17.637636363636364,2011-06-18,Anomaly Persistence,3,2011
2011-06-16,2011,6,17.03,17.2,17.500545454545456,2011-06-19,Anomaly Persistence,3,2011
2011-06-17,2011,6,17.05,17.203,17.40136363636364,2011-06-20,Anomaly Persistence,3,2011
2011-06-18,2011,6,17.17,17.19,17.390727272727275,2011-06-21,Anomaly Persistence,3,2011
2011-06-19,2011,6,17.2,17.23,17.303272727272727,2011-06-22,Anomaly Persistence,3,2011
2011-06-20,2011,6,17.203,17.33,17.301272727272725,2011-06-23,Anomaly Persistence,3,2011
2011-06-21,2011,6,17.19,17.44,17.363454545454545,2011-06-24,Anomaly Persistence,3,2011
2011-06-22,2011,6,17.23,17.46,17.44218181818182,2011-06-25,Anomaly Persistence,3,2011
2011-06-23,2011,6,17.33,17.6,17.559272727272724,2011-06-26,Anomaly Persistence,3,2011
2011-06-24,2011,6,17.44,17.75,17.691818181818185,2011-06-27,Anomaly Persistence,3,2011
2011-06-25,2011,6,17.46,17.91,17.823272727272727,2011-06-28,Anomaly Persistence,3,2011
2011-06-26,2011,6,17.6,17.93,17.95727272727273,2011-06-29,Anomaly Persistence,3,2011
2011-06-27,2011,6,17.75,17.96,18.053636363636365,2011-06-30,Anomaly Persistence,3,2011
2011-06-28,2011,6,17.91,18.08,18.057318181818182,2011-07-01,Anomaly Persistence,3,2011
2011-06-29,2011,6,17.93,18.29,18.12751515151515,2011-07-02,Anomaly Persistence,3,2011
2011-06-30,2011,6,17.96,18.47,18.207530303030303,2011-07-03,Anomaly Persistence,3,2011
2011-07-01,2011,7,18.08,18.41,18.336,2011-07-04,Anomaly Persistence,3,2011
2011-07-02,2011,7,18.29,18.43,18.420666666666666,2011-07-05,Anomaly Persistence,3,2011
2011-07-03,2011,7,18.47,18.6,18.56733333333333,2011-07-06,Anomaly Persistence,3,2011
2011-07-04,2011,7,18.41,18.84,18.572166666666664,2011-07-07,Anomaly Persistence,3,2011
2011-07-05,2011,7,18.43,18.92,18.641666666666666,2011-07-08,Anomaly Persistence,3,2011
2011-07-06,2011,7,18.6,18.99,18.7555,2011-07-09,Anomaly Persistence,3,2011
2011-07-07,2011,7,18.84,19.08,18.926333333333336,2011-07-10,Anomaly Persistence,3,2011
2011-07-08,2011,7,18.92,19.13,19.003666666666668,2011-07-11,Anomaly Persistence,3,2011
2011-07-09,2011,7,18.99,19.17,19.081,2011-07-12,Anomaly Persistence,3,2011
2011-07-10,2011,7,19.08,19.24,19.1455,2011-07-13,Anomaly Persistence,3,2011
2011-07-11,2011,7,19.13,19.24,19.136833333333332,2011-07-14,Anomaly Persistence,3,2011
2011-07-12,2011,7,19.17,19.28,19.156333333333336,2011-07-15,Anomaly Persistence,3,2011
2011-07-13,2011,7,19.24,19.34,19.212833333333332,2011-07-16,Anomaly Persistence,3,2011
2011-07-14,2011,7,19.24,19.4,19.202166666666667,2011-07-17,Anomaly Persistence,3,2011
2011-07-15,2011,7,19.28,19.43,19.261583333333334,2011-07-18,Anomaly Persistence,3,2011
2011-07-16,2011,7,19.34,19.48,19.324833333333334,2011-07-19,Anomaly Persistence,3,2011
2011-07-17,2011,7,19.4,19.51,19.407833333333333,2011-07-20,Anomaly Persistence,3,2011
2011-07-18,2011,7,19.43,19.57,19.402416666666667,2011-07-21,Anomaly Persistence,3,2011
2011-07-19,2011,7,19.48,19.63,19.4485,2011-07-22,Anomaly Persistence,3,2011
2011-07-20,2011,7,19.51,19.64,19.4665,2011-07-23,Anomaly Persistence,3,2011
2011-07-21,2011,7,19.57,19.64,19.528,2011-07-24,Anomaly Persistence,3,2011
2011-07-22,2011,7,19.63,19.65,19.608833333333333,2011-07-25,Anomaly Persistence,3,2011
2011-07-23,2011,7,19.64,19.52,19.60066666666667,2011-07-26,Anomaly Persistence,3,2011
2011-07-24,2011,7,19.64,19.41,19.582,2011-07-27,Anomaly Persistence,3,2011
2011-07-25,2011,7,19.65,19.35,19.595,2011-07-28,Anomaly Persistence,3,2011
2011-07-26,2011,7,19.52,19.22,19.482333333333333,2011-07-29,Anomaly Persistence,3,2011
2011-07-27,2011,7,19.41,19.24,19.394166666666667,2011-07-30,Anomaly Persistence,3,2011
2011-07-28,2011,7,19.35,19.25,19.293166666666664,2011-07-31,Anomaly Persistence,3,2011
2011-09-08,2011,9,17.13,17.0,17.15981818181818,2011-09-11,Anomaly Persistence,3,2011
2011-09-09,2011,9,17.1,17.11,17.13290909090909,2011-09-12,Anomaly Persistence,3,2011
2011-09-10,2011,9,16.98,17.19,16.983272727272727,2011-09-13,Anomaly Persistence,3,2011
2011-09-11,2011,9,17.0,17.23,16.969636363636365,2011-09-14,Anomaly Persistence,3,2011
2011-09-12,2011,9,17.11,17.24,17.075636363636363,2011-09-15,Anomaly Persistence,3,2011
2011-09-13,2011,9,17.19,17.16,17.174,2011-09-16,Anomaly Persistence,3,2011
2011-09-14,2011,9,17.23,17.25,17.248909090909088,2011-09-17,Anomaly Persistence,3,2011
2011-09-15,2011,9,17.24,17.41,17.194909090909093,2011-09-18,Anomaly Persistence,3,2011
2011-09-16,2011,9,17.16,17.71,17.10509090909091,2011-09-19,Anomaly Persistence,3,2011
2011-09-17,2011,9,17.25,18.14,17.17727272727273,2011-09-20,Anomaly Persistence,3,2011
2011-09-18,2011,9,17.41,18.09,17.285454545454545,2011-09-21,Anomaly Persistence,3,2011
2011-09-19,2011,9,17.71,17.9,17.602545454545453,2011-09-22,Anomaly Persistence,3,2011
2011-09-20,2011,9,18.14,17.78,18.032727272727275,2011-09-23,Anomaly Persistence,3,2011
2011-09-21,2011,9,18.09,17.7,18.045636363636362,2011-09-24,Anomaly Persistence,3,2011
2011-09-22,2011,9,17.9,17.62,17.827818181818184,2011-09-25,Anomaly Persistence,3,2011
2011-09-23,2011,9,17.78,17.6,17.710545454545457,2011-09-26,Anomaly Persistence,3,2011
2011-09-24,2011,9,17.7,17.84,17.719636363636365,2011-09-27,Anomaly Persistence,3,2011
2011-09-25,2011,9,17.62,17.87,17.70509090909091,2011-09-28,Anomaly Persistence,3,2011
2011-09-26,2011,9,17.6,17.89,17.669636363636364,2011-09-29,Anomaly Persistence,3,2011
2011-09-27,2011,9,17.84,17.93,17.81163636363636,2011-09-30,Anomaly Persistence,3,2011
2011-09-28,2011,9,17.87,17.99,17.790181818181818,2011-10-01,Anomaly Persistence,3,2011
2011-09-29,2011,9,17.89,18.0,17.614472727272727,2011-10-02,Anomaly Persistence,3,2011
2011-09-30,2011,9,17.93,17.98,17.587836363636363,2011-10-03,Anomaly Persistence,3,2011
2011-10-01,2011,10,17.99,17.78,17.53041818181818,2011-10-04,Anomaly Persistence,3,2011
2011-10-02,2011,10,18.0,17.66,17.5658,2011-10-05,Anomaly Persistence,3,2011
2011-10-03,2011,10,17.98,17.37,17.482200000000002,2011-10-06,Anomaly Persistence,3,2011
2011-10-04,2011,10,17.78,17.11,17.3046,2011-10-07,Anomaly Persistence,3,2011
2011-10-05,2011,10,17.66,16.95,17.3064,2011-10-08,Anomaly Persistence,3,2011
2011-10-06,2011,10,17.37,16.81,17.1694,2011-10-09,Anomaly Persistence,3,2011
2011-10-07,2011,10,17.11,16.67,16.9472,2011-10-10,Anomaly Persistence,3,2011
2011-10-08,2011,10,16.95,16.57,16.727,2011-10-11,Anomaly Persistence,3,2011
2011-10-09,2011,10,16.81,16.45,16.4848,2011-10-12,Anomaly Persistence,3,2011
2011-10-10,2011,10,16.67,16.42,16.3014,2011-10-13,Anomaly Persistence,3,2011
2011-10-11,2011,10,16.57,16.25,16.2804,2011-10-14,Anomaly Persistence,3,2011
2011-10-12,2011,10,16.45,16.13,16.272,2011-10-15,Anomaly Persistence,3,2011
2011-10-13,2011,10,16.42,16.05,16.343600000000006,2011-10-16,Anomaly Persistence,3,2011
2011-10-14,2011,10,16.25,15.94,16.2028,2011-10-17,Anomaly Persistence,3,2011
2011-10-15,2011,10,16.13,15.84,15.999600000000001,2011-10-18,Anomaly Persistence,3,2011
2011-10-16,2011,10,16.05,15.82,15.845199999999998,2011-10-19,Anomaly Persistence,3,2011
2011-10-17,2011,10,15.94,15.76,15.649,2011-10-20,Anomaly Persistence,3,2011
2011-10-18,2011,10,15.84,15.7,15.553999999999998,2011-10-21,Anomaly Persistence,3,2011
2011-10-19,2011,10,15.82,15.7,15.543200000000002,2011-10-22,Anomaly Persistence,3,2011
2011-10-20,2011,10,15.76,15.68,15.470799999999999,2011-10-23,Anomaly Persistence,3,2011
2011-10-21,2011,10,15.7,15.68,15.372399999999999,2011-10-24,Anomaly Persistence,3,2011
2011-10-22,2011,10,15.7,15.66,15.355799999999997,2011-10-25,Anomaly Persistence,3,2011
2011-10-23,2011,10,15.68,15.6,15.3916,2011-10-26,Anomaly Persistence,3,2011
2011-10-24,2011,10,15.68,15.52,15.4526,2011-10-27,Anomaly Persistence,3,2011
2011-10-25,2011,10,15.66,15.45,15.4782,2011-10-28,Anomaly Persistence,3,2011
2011-10-26,2011,10,15.6,15.42,15.448800000000002,2011-10-29,Anomaly Persistence,3,2011
2011-10-27,2011,10,15.52,15.38,15.4052,2011-10-30,Anomaly Persistence,3,2011
2011-10-28,2011,10,15.45,15.35,15.3624,2011-10-31,Anomaly Persistence,3,2011
2011-10-29,2011,10,15.42,15.3,15.381472727272724,2011-11-01,Anomaly Persistence,3,2011
2011-10-30,2011,10,15.38,15.22,15.318433333333333,2011-11-02,Anomaly Persistence,3,2011
2011-10-31,2011,10,15.35,15.16,15.257466666666668,2011-11-03,Anomaly Persistence,3,2011
2011-11-01,2011,11,15.3,15.1,15.14406060606061,2011-11-04,Anomaly Persistence,3,2011
2011-11-02,2011,11,15.22,15.03,15.0295,2011-11-05,Anomaly Persistence,3,2011
2011-11-03,2011,11,15.16,14.98,14.949666666666666,2011-11-06,Anomaly Persistence,3,2011
2011-11-04,2011,11,15.1,14.95,14.863666666666665,2011-11-07,Anomaly Persistence,3,2011
2011-11-05,2011,11,15.03,14.9,14.810166666666666,2011-11-08,Anomaly Persistence,3,2011
2011-11-06,2011,11,14.98,14.83,14.760500000000002,2011-11-09,Anomaly Persistence,3,2011
2011-11-07,2011,11,14.95,14.77,14.735833333333332,2011-11-10,Anomaly Persistence,3,2011
2011-11-08,2011,11,14.9,14.68,14.683666666666667,2011-11-11,Anomaly Persistence,3,2011
2011-11-09,2011,11,14.83,14.6,14.647666666666666,2011-11-12,Anomaly Persistence,3,2011
2011-11-10,2011,11,14.77,14.55,14.616166666666667,2011-11-13,Anomaly Persistence,3,2011
2011-11-11,2011,11,14.68,14.5,14.543833333333334,2011-11-14,Anomaly Persistence,3,2011
2011-11-12,2011,11,14.6,14.45,14.446833333333332,2011-11-15,Anomaly Persistence,3,2011
2011-11-13,2011,11,14.55,14.41,14.383166666666666,2011-11-16,Anomaly Persistence,3,2011
2011-11-14,2011,11,14.5,14.38,14.329333333333333,2011-11-17,Anomaly Persistence,3,2011
2011-11-15,2011,11,14.45,14.32,14.2925,2011-11-18,Anomaly Persistence,3,2011
2011-11-16,2011,11,14.41,14.32,14.259166666666667,2011-11-19,Anomaly Persistence,3,2011
2011-11-17,2011,11,14.38,14.31,14.244666666666665,2011-11-20,Anomaly Persistence,3,2011
2011-11-18,2011,11,14.32,14.27,14.200833333333334,2011-11-21,Anomaly Persistence,3,2011
2011-11-19,2011,11,14.32,14.24,14.211666666666668,2011-11-22,Anomaly Persistence,3,2011
2011-11-20,2011,11,14.31,14.21,14.203083333333336,2011-11-23,Anomaly Persistence,3,2011
2011-11-21,2011,11,14.27,14.2,14.171499999999998,2011-11-24,Anomaly Persistence,3,2011
2011-11-22,2011,11,14.24,14.18,14.181999999999999,2011-11-25,Anomaly Persistence,3,2011
2011-11-23,2011,11,14.21,14.16,14.16025,2011-11-26,Anomaly Persistence,3,2011
2011-11-24,2011,11,14.2,14.12,14.141499999999999,2011-11-27,Anomaly Persistence,3,2011
2011-11-25,2011,11,14.18,14.08,14.074333333333334,2011-11-28,Anomaly Persistence,3,2011
2011-11-26,2011,11,14.16,14.04,14.040333333333336,2011-11-29,Anomaly Persistence,3,2011
2011-11-27,2011,11,14.12,14.0,13.992333333333335,2011-11-30,Anomaly Persistence,3,2011
2011-11-28,2011,11,14.08,13.98,14.002848484848485,2011-12-01,Anomaly Persistence,3,2011
2011-11-29,2011,11,14.04,13.96,13.962696969696967,2011-12-02,Anomaly Persistence,3,2011
2011-11-30,2011,11,14.0,13.92,13.927454545454545,2011-12-03,Anomaly Persistence,3,2011
2011-12-01,2011,12,13.98,13.88,13.864909090909093,2011-12-04,Anomaly Persistence,3,2011
2011-12-02,2011,12,13.96,13.86,13.857454545454546,2011-12-05,Anomaly Persistence,3,2011
2011-12-03,2011,12,13.92,13.84,13.82809090909091,2011-12-06,Anomaly Persistence,3,2011
2011-12-04,2011,12,13.88,13.81,13.795272727272728,2011-12-07,Anomaly Persistence,3,2011
2011-12-05,2011,12,13.86,13.78,13.775454545454544,2011-12-08,Anomaly Persistence,3,2011
2011-12-06,2011,12,13.84,13.75,13.752181818181818,2011-12-09,Anomaly Persistence,3,2011
2011-12-07,2011,12,13.81,13.72,13.716909090909091,2011-12-10,Anomaly Persistence,3,2011
2011-12-08,2011,12,13.78,13.7,13.68690909090909,2011-12-11,Anomaly Persistence,3,2011
2011-12-09,2011,12,13.75,13.69,13.65781818181818,2011-12-12,Anomaly Persistence,3,2011
2011-12-10,2011,12,13.72,13.66,13.628909090909092,2011-12-13,Anomaly Persistence,3,2011
2011-12-11,2011,12,13.7,13.64,13.61218181818182,2011-12-14,Anomaly Persistence,3,2011
2011-12-12,2011,12,13.69,13.62,13.604545454545454,2011-12-15,Anomaly Persistence,3,2011
2011-12-13,2011,12,13.66,13.6,13.578363636363637,2011-12-16,Anomaly Persistence,3,2011
2011-12-14,2011,12,13.64,13.58,13.56090909090909,2011-12-17,Anomaly Persistence,3,2011
2011-12-15,2011,12,13.62,13.58,13.543818181818182,2011-12-18,Anomaly Persistence,3,2011
2011-12-16,2011,12,13.6,13.57,13.53290909090909,2011-12-19,Anomaly Persistence,3,2011
2011-12-17,2011,12,13.58,13.56,13.512,2011-12-20,Anomaly Persistence,3,2011
2011-12-18,2011,12,13.58,13.52,13.511636363636363,2011-12-21,Anomaly Persistence,3,2011
2011-12-19,2011,12,13.57,13.5,13.50381818181818,2011-12-22,Anomaly Persistence,3,2011
2011-12-20,2011,12,13.56,13.48,13.498363636363635,2011-12-23,Anomaly Persistence,3,2011
2011-12-21,2011,12,13.52,13.46,13.464181818181817,2011-12-24,Anomaly Persistence,3,2011
2011-12-22,2011,12,13.5,13.44,13.442363636363638,2011-12-25,Anomaly Persistence,3,2011
2011-12-23,2011,12,13.48,13.42,13.421636363636365,2011-12-26,Anomaly Persistence,3,2011
2011-12-24,2011,12,13.46,13.39,13.400181818181819,2011-12-27,Anomaly Persistence,3,2011
2011-12-25,2011,12,13.44,13.37,13.377090909090908,2011-12-28,Anomaly Persistence,3,2011
2011-12-26,2011,12,13.42,13.35,13.355818181818181,2011-12-29,Anomaly Persistence,3,2011
2011-12-27,2011,12,13.39,13.33,13.324545454545456,2011-12-30,Anomaly Persistence,3,2011
2011-12-28,2011,12,13.37,13.31,13.296363636363635,2011-12-31,Anomaly Persistence,3,2011
2011-12-29,2011,12,13.35,13.28,13.286075757575757,2012-01-01,Anomaly Persistence,3,2011
2011-12-30,2011,12,13.33,13.24,13.259045454545454,2012-01-02,Anomaly Persistence,3,2011
2011-12-31,2011,12,13.31,13.22,13.249409090909092,2012-01-03,Anomaly Persistence,3,2011
2012-01-01,2012,1,13.28,13.21,13.213,2012-01-04,Anomaly Persistence,3,2012
2012-01-02,2012,1,13.24,13.2,13.178833333333333,2012-01-05,Anomaly Persistence,3,2012
2012-01-03,2012,1,13.22,13.19,13.1575,2012-01-06,Anomaly Persistence,3,2012
2012-01-04,2012,1,13.21,13.18,13.148833333333334,2012-01-07,Anomaly Persistence,3,2012
2012-01-05,2012,1,13.2,13.16,13.1405,2012-01-08,Anomaly Persistence,3,2012
2012-01-06,2012,1,13.19,13.15,13.130666666666666,2012-01-09,Anomaly Persistence,3,2012
2012-01-07,2012,1,13.18,13.13,13.116500000000002,2012-01-10,Anomaly Persistence,3,2012
2012-01-08,2012,1,13.16,13.12,13.100750000000001,2012-01-11,Anomaly Persistence,3,2012
2012-01-09,2012,1,13.15,13.11,13.095666666666666,2012-01-12,Anomaly Persistence,3,2012
2012-01-10,2012,1,13.13,13.1,13.080916666666665,2012-01-13,Anomaly Persistence,3,2012
2012-01-11,2012,1,13.12,13.09,13.068749999999998,2012-01-14,Anomaly Persistence,3,2012
2012-01-12,2012,1,13.11,13.08,13.060916666666666,2012-01-15,Anomaly Persistence,3,2012
2012-01-13,2012,1,13.1,13.07,13.04925,2012-01-16,Anomaly Persistence,3,2012
2012-01-14,2012,1,13.09,13.05,13.042833333333334,2012-01-17,Anomaly Persistence,3,2012
2012-01-15,2012,1,13.08,13.02,13.029750000000002,2012-01-18,Anomaly Persistence,3,2012
2012-01-16,2012,1,13.07,13.0,13.022833333333335,2012-01-19,Anomaly Persistence,3,2012
2012-01-17,2012,1,13.05,12.99,13.000166666666665,2012-01-20,Anomaly Persistence,3,2012
2012-01-18,2012,1,13.02,12.99,12.967999999999998,2012-01-21,Anomaly Persistence,3,2012
2012-01-19,2012,1,13.0,12.97,12.942499999999999,2012-01-22,Anomaly Persistence,3,2012
2012-01-20,2012,1,12.99,12.95,12.933166666666668,2012-01-23,Anomaly Persistence,3,2012
2012-01-21,2012,1,12.99,12.93,12.9415,2012-01-24,Anomaly Persistence,3,2012
2012-01-22,2012,1,12.97,12.91,12.926,2012-01-25,Anomaly Persistence,3,2012
2012-01-23,2012,1,12.95,12.89,12.906166666666666,2012-01-26,Anomaly Persistence,3,2012
2012-01-24,2012,1,12.93,12.87,12.882333333333333,2012-01-27,Anomaly Persistence,3,2012
2012-01-25,2012,1,12.91,12.86,12.865666666666668,2012-01-28,Anomaly Persistence,3,2012
2012-01-26,2012,1,12.89,12.86,12.850833333333334,2012-01-29,Anomaly Persistence,3,2012
2012-01-27,2012,1,12.87,12.88,12.838333333333333,2012-01-30,Anomaly Persistence,3,2012
2012-01-28,2012,1,12.86,12.88,12.830333333333334,2012-01-31,Anomaly Persistence,3,2012
2012-01-29,2012,1,12.86,12.87,12.856772727272727,2012-02-01,Anomaly Persistence,3,2012
2012-01-30,2012,1,12.88,12.85,12.86737878787879,2012-02-02,Anomaly Persistence,3,2012
2012-01-31,2012,1,12.88,12.84,12.864090909090907,2012-02-03,Anomaly Persistence,3,2012
2012-02-01,2012,2,12.87,12.82,12.828181818181816,2012-02-04,Anomaly Persistence,3,2012
2012-02-02,2012,2,12.85,12.81,12.815454545454545,2012-02-05,Anomaly Persistence,3,2012
2012-02-03,2012,2,12.84,12.79,12.806545454545455,2012-02-06,Anomaly Persistence,3,2012
2012-02-04,2012,2,12.82,12.78,12.786727272727274,2012-02-07,Anomaly Persistence,3,2012
2012-02-05,2012,2,12.81,12.77,12.772363636363636,2012-02-08,Anomaly Persistence,3,2012
2012-02-06,2012,2,12.79,12.76,12.749454545454544,2012-02-09,Anomaly Persistence,3,2012
2012-02-07,2012,2,12.78,12.75,12.739818181818181,2012-02-10,Anomaly Persistence,3,2012
2012-02-08,2012,2,12.77,12.74,12.731636363636364,2012-02-11,Anomaly Persistence,3,2012
2012-02-09,2012,2,12.76,12.73,12.722909090909093,2012-02-12,Anomaly Persistence,3,2012
2012-02-10,2012,2,12.75,12.72,12.71090909090909,2012-02-13,Anomaly Persistence,3,2012
2012-02-11,2012,2,12.74,12.71,12.699636363636365,2012-02-14,Anomaly Persistence,3,2012
2012-02-12,2012,2,12.73,12.71,12.695090909090908,2012-02-15,Anomaly Persistence,3,2012
2012-02-13,2012,2,12.72,12.71,12.682545454545455,2012-02-16,Anomaly Persistence,3,2012
2012-02-14,2012,2,12.71,12.7,12.672363636363634,2012-02-17,Anomaly Persistence,3,2012
2012-02-15,2012,2,12.71,12.7,12.674909090909091,2012-02-18,Anomaly Persistence,3,2012
2012-02-16,2012,2,12.71,12.7,12.696000000000002,2012-02-19,Anomaly Persistence,3,2012
2012-02-17,2012,2,12.7,12.72,12.708545454545455,2012-02-20,Anomaly Persistence,3,2012
2012-02-18,2012,2,12.7,12.72,12.713272727272729,2012-02-21,Anomaly Persistence,3,2012
2012-02-19,2012,2,12.7,12.7,12.694363636363638,2012-02-22,Anomaly Persistence,3,2012
2012-02-20,2012,2,12.72,12.69,12.690545454545456,2012-02-23,Anomaly Persistence,3,2012
2012-02-21,2012,2,12.72,12.66,12.68090909090909,2012-02-24,Anomaly Persistence,3,2012
2012-02-22,2012,2,12.7,12.64,12.673090909090906,2012-02-25,Anomaly Persistence,3,2012
2012-02-23,2012,2,12.69,12.62,12.686909090909088,2012-02-26,Anomaly Persistence,3,2012
2012-02-24,2012,2,12.66,12.61,12.683272727272728,2012-02-27,Anomaly Persistence,3,2012
2012-02-25,2012,2,12.64,12.63,12.679818181818185,2012-02-28,Anomaly Persistence,3,2012
2012-02-26,2012,2,12.62,12.64,12.65818181818182,2012-02-29,Anomaly Persistence,3,2012
2012-02-27,2012,2,12.61,12.64,12.637818181818183,2012-03-01,Anomaly Persistence,3,2012
2012-02-28,2012,2,12.63,12.63,12.669818181818181,2012-03-02,Anomaly Persistence,3,2012
2012-02-29,2012,2,12.64,12.62,12.686,2012-03-03,Anomaly Persistence,3,2012
2012-03-01,2012,3,12.64,12.62,12.683999999999997,2012-03-04,Anomaly Persistence,3,2012
2012-03-02,2012,3,12.63,12.66,12.659090909090908,2012-03-05,Anomaly Persistence,3,2012
2012-03-03,2012,3,12.62,12.7,12.64672727272727,2012-03-06,Anomaly Persistence,3,2012
2012-03-04,2012,3,12.62,12.73,12.660181818181819,2012-03-07,Anomaly Persistence,3,2012
2012-03-05,2012,3,12.66,12.77,12.705090909090911,2012-03-08,Anomaly Persistence,3,2012
2012-03-06,2012,3,12.7,12.81,12.745090909090909,2012-03-09,Anomaly Persistence,3,2012
2012-03-07,2012,3,12.73,12.85,12.76109090909091,2012-03-10,Anomaly Persistence,3,2012
2012-03-08,2012,3,12.77,12.88,12.797818181818181,2012-03-11,Anomaly Persistence,3,2012
2012-03-09,2012,3,12.81,12.88,12.880545454545457,2012-03-12,Anomaly Persistence,3,2012
2012-03-10,2012,3,12.85,12.87,12.959999999999997,2012-03-13,Anomaly Persistence,3,2012
2012-03-11,2012,3,12.88,12.84,12.993636363636364,2012-03-14,Anomaly Persistence,3,2012
2012-03-12,2012,3,12.88,12.84,12.935636363636364,2012-03-15,Anomaly Persistence,3,2012
2012-03-13,2012,3,12.87,12.86,12.872545454545456,2012-03-16,Anomaly Persistence,3,2012
2012-03-14,2012,3,12.84,12.94,12.824363636363637,2012-03-17,Anomaly Persistence,3,2012
2012-03-15,2012,3,12.84,12.98,12.841272727272727,2012-03-18,Anomaly Persistence,3,2012
2012-03-16,2012,3,12.86,13.0,12.889999999999999,2012-03-19,Anomaly Persistence,3,2012
2012-03-17,2012,3,12.94,12.99,12.979272727272726,2012-03-20,Anomaly Persistence,3,2012
2012-03-18,2012,3,12.98,12.95,13.012,2012-03-21,Anomaly Persistence,3,2012
2012-03-19,2012,3,13.0,12.94,13.021272727272727,2012-03-22,Anomaly Persistence,3,2012
2012-03-20,2012,3,12.99,12.94,13.026909090909092,2012-03-23,Anomaly Persistence,3,2012
2012-03-21,2012,3,12.95,12.96,13.020909090909091,2012-03-24,Anomaly Persistence,3,2012
2012-03-22,2012,3,12.94,12.98,13.041090909090908,2012-03-25,Anomaly Persistence,3,2012
2012-03-23,2012,3,12.94,13.0,13.072545454545454,2012-03-26,Anomaly Persistence,3,2012
2012-03-24,2012,3,12.96,13.01,13.13290909090909,2012-03-27,Anomaly Persistence,3,2012
2012-03-25,2012,3,12.98,13.02,13.156181818181818,2012-03-28,Anomaly Persistence,3,2012
2012-03-26,2012,3,13.0,13.04,13.132363636363635,2012-03-29,Anomaly Persistence,3,2012
2012-03-27,2012,3,13.01,13.05,13.089636363636364,2012-03-30,Anomaly Persistence,3,2012
2012-03-28,2012,3,13.02,13.1,13.112181818181819,2012-03-31,Anomaly Persistence,3,2012
2012-03-29,2012,3,13.04,13.15,13.187454545454546,2012-04-01,Anomaly Persistence,3,2012
2012-03-30,2012,3,13.05,13.19,13.23018181818182,2012-04-02,Anomaly Persistence,3,2012
2012-03-31,2012,3,13.1,13.23,13.266181818181819,2012-04-03,Anomaly Persistence,3,2012
2012-04-01,2012,4,13.15,13.24,13.287090909090908,2012-04-04,Anomaly Persistence,3,2012
2012-04-02,2012,4,13.19,13.24,13.30590909090909,2012-04-05,Anomaly Persistence,3,2012
2012-04-03,2012,4,13.23,13.4,13.375818181818182,2012-04-06,Anomaly Persistence,3,2012
2012-04-04,2012,4,13.24,13.5,13.437454545454548,2012-04-07,Anomaly Persistence,3,2012
2012-04-05,2012,4,13.24,13.62,13.50518181818182,2012-04-08,Anomaly Persistence,3,2012
2012-04-06,2012,4,13.4,13.67,13.675454545454544,2012-04-09,Anomaly Persistence,3,2012
2012-04-07,2012,4,13.5,13.68,13.709090909090907,2012-04-10,Anomaly Persistence,3,2012
2012-04-08,2012,4,13.62,13.69,13.731818181818179,2012-04-11,Anomaly Persistence,3,2012
2012-04-09,2012,4,13.67,13.74,13.731454545454547,2012-04-12,Anomaly Persistence,3,2012
2012-04-10,2012,4,13.68,13.8,13.748909090909091,2012-04-13,Anomaly Persistence,3,2012
2012-04-11,2012,4,13.69,13.89,13.822727272727274,2012-04-14,Anomaly Persistence,3,2012
2012-04-12,2012,4,13.74,14.0,13.916545454545455,2012-04-15,Anomaly Persistence,3,2012
2012-04-13,2012,4,13.8,14.13,13.993272727272728,2012-04-16,Anomaly Persistence,3,2012
2012-04-14,2012,4,13.89,14.18,14.043272727272726,2012-04-17,Anomaly Persistence,3,2012
2012-04-15,2012,4,14.0,14.18,14.106,2012-04-18,Anomaly Persistence,3,2012
2012-04-16,2012,4,14.13,14.17,14.291454545454545,2012-04-19,Anomaly Persistence,3,2012
2012-04-17,2012,4,14.18,14.35,14.40218181818182,2012-04-20,Anomaly Persistence,3,2012
2012-04-18,2012,4,14.18,14.6,14.466363636363637,2012-04-21,Anomaly Persistence,3,2012
2012-04-19,2012,4,14.17,14.87,14.376909090909091,2012-04-22,Anomaly Persistence,3,2012
2012-04-20,2012,4,14.35,15.12,14.50690909090909,2012-04-23,Anomaly Persistence,3,2012
2012-04-21,2012,4,14.6,15.17,14.706090909090907,2012-04-24,Anomaly Persistence,3,2012
2012-04-22,2012,4,14.87,15.18,15.048363636363634,2012-04-25,Anomaly Persistence,3,2012
2012-04-23,2012,4,15.12,15.19,15.415999999999999,2012-04-26,Anomaly Persistence,3,2012
2012-04-24,2012,4,15.17,15.19,15.514818181818182,2012-04-27,Anomaly Persistence,3,2012
2012-04-25,2012,4,15.18,15.12,15.46509090909091,2012-04-28,Anomaly Persistence,3,2012
2012-04-26,2012,4,15.19,15.11,15.364727272727272,2012-04-29,Anomaly Persistence,3,2012
2012-04-27,2012,4,15.19,15.29,15.438854545454545,2012-04-30,Anomaly Persistence,3,2012
2012-04-28,2012,4,15.12,15.52,15.438872727272727,2012-05-01,Anomaly Persistence,3,2012
2012-04-29,2012,4,15.11,15.59,15.373581818181819,2012-05-02,Anomaly Persistence,3,2012
2012-04-30,2012,4,15.29,15.64,15.4072,2012-05-03,Anomaly Persistence,3,2012
2012-05-01,2012,5,15.52,15.79,15.539,2012-05-04,Anomaly Persistence,3,2012
2012-05-02,2012,5,15.59,15.91,15.6158,2012-05-05,Anomaly Persistence,3,2012
2012-05-03,2012,5,15.64,16.04,15.700400000000002,2012-05-06,Anomaly Persistence,3,2012
2012-05-04,2012,5,15.79,16.08,15.8852,2012-05-07,Anomaly Persistence,3,2012
2012-05-05,2012,5,15.91,16.04,16.010199999999998,2012-05-08,Anomaly Persistence,3,2012
2012-05-06,2012,5,16.04,15.93,16.102799999999995,2012-05-09,Anomaly Persistence,3,2012
2012-05-07,2012,5,16.08,15.79,16.114199999999997,2012-05-10,Anomaly Persistence,3,2012
2012-05-08,2012,5,16.04,15.66,16.0728,2012-05-11,Anomaly Persistence,3,2012
2012-05-09,2012,5,15.93,15.52,15.887000000000002,2012-05-12,Anomaly Persistence,3,2012
2012-05-10,2012,5,15.79,15.35,15.678199999999997,2012-05-13,Anomaly Persistence,3,2012
2012-05-11,2012,5,15.66,15.22,15.512799999999999,2012-05-14,Anomaly Persistence,3,2012
2012-05-12,2012,5,15.52,15.14,15.489399999999998,2012-05-15,Anomaly Persistence,3,2012
2012-05-13,2012,5,15.35,15.1,15.4886,2012-05-16,Anomaly Persistence,3,2012
2012-05-14,2012,5,15.22,15.17,15.482600000000001,2012-05-17,Anomaly Persistence,3,2012
2012-05-15,2012,5,15.14,15.26,15.4244,2012-05-18,Anomaly Persistence,3,2012
2012-05-16,2012,5,15.1,15.37,15.3002,2012-05-19,Anomaly Persistence,3,2012
2012-05-17,2012,5,15.17,15.6,15.3098,2012-05-20,Anomaly Persistence,3,2012
2012-05-18,2012,5,15.26,16.3,15.375400000000003,2012-05-21,Anomaly Persistence,3,2012
2012-05-19,2012,5,15.37,16.64,15.5338,2012-05-22,Anomaly Persistence,3,2012
2012-05-20,2012,5,15.6,16.67,15.805000000000001,2012-05-23,Anomaly Persistence,3,2012
2012-05-21,2012,5,16.3,16.5,16.4998,2012-05-24,Anomaly Persistence,3,2012
2012-05-22,2012,5,16.64,16.27,16.834600000000002,2012-05-25,Anomaly Persistence,3,2012
2012-05-23,2012,5,16.67,16.14,16.885800000000003,2012-05-26,Anomaly Persistence,3,2012
2012-05-24,2012,5,16.5,16.04,16.833199999999998,2012-05-27,Anomaly Persistence,3,2012
2012-05-25,2012,5,16.27,16.03,16.591199999999997,2012-05-28,Anomaly Persistence,3,2012
2012-05-26,2012,5,16.14,16.04,16.412799999999997,2012-05-29,Anomaly Persistence,3,2012
2012-05-27,2012,5,16.04,16.06,16.1618,2012-05-30,Anomaly Persistence,3,2012
2012-05-28,2012,5,16.03,16.12,16.077945454545457,2012-05-31,Anomaly Persistence,3,2012
2012-05-29,2012,5,16.04,16.2,16.069000000000003,2012-06-01,Anomaly Persistence,3,2012
2012-05-30,2012,5,16.06,16.24,16.138472727272724,2012-06-02,Anomaly Persistence,3,2012
2012-05-31,2012,5,16.12,16.27,16.21418181818182,2012-06-03,Anomaly Persistence,3,2012
2012-06-01,2012,6,16.2,16.29,16.291090909090904,2012-06-04,Anomaly Persistence,3,2012
2012-06-02,2012,6,16.24,16.47,16.360909090909093,2012-06-05,Anomaly Persistence,3,2012
2012-06-03,2012,6,16.27,16.9,16.512727272727272,2012-06-06,Anomaly Persistence,3,2012
2012-06-04,2012,6,16.29,17.25,16.63309090909091,2012-06-07,Anomaly Persistence,3,2012
2012-06-05,2012,6,16.47,17.88,16.815090909090905,2012-06-08,Anomaly Persistence,3,2012
2012-06-06,2012,6,16.9,18.28,17.15090909090909,2012-06-09,Anomaly Persistence,3,2012
2012-06-07,2012,6,17.25,18.37,17.424363636363637,2012-06-10,Anomaly Persistence,3,2012
2012-06-08,2012,6,17.88,18.34,17.99236363636364,2012-06-11,Anomaly Persistence,3,2012
2012-06-09,2012,6,18.28,18.09,18.335818181818183,2012-06-12,Anomaly Persistence,3,2012
2012-06-10,2012,6,18.37,17.88,18.349818181818183,2012-06-13,Anomaly Persistence,3,2012
2012-06-11,2012,6,18.34,17.66,18.31672727272727,2012-06-14,Anomaly Persistence,3,2012
2012-06-12,2012,6,18.09,17.97,18.242727272727272,2012-06-15,Anomaly Persistence,3,2012
2012-06-13,2012,6,17.88,18.33,18.251272727272724,2012-06-16,Anomaly Persistence,3,2012
2012-06-14,2012,6,17.66,18.56,18.137636363636364,2012-06-17,Anomaly Persistence,3,2012
2012-06-15,2012,6,17.97,18.79,18.440545454545454,2012-06-18,Anomaly Persistence,3,2012
2012-06-16,2012,6,18.33,18.89,18.68136363636364,2012-06-19,Anomaly Persistence,3,2012
2012-06-17,2012,6,18.56,18.76,18.780727272727272,2012-06-20,Anomaly Persistence,3,2012
2012-06-18,2012,6,18.79,18.48,18.893272727272727,2012-06-21,Anomaly Persistence,3,2012
2012-06-19,2012,6,18.89,18.32,18.988272727272726,2012-06-22,Anomaly Persistence,3,2012
2012-06-20,2012,6,18.76,18.29,18.933454545454545,2012-06-23,Anomaly Persistence,3,2012
2012-06-21,2012,6,18.48,18.43,18.69218181818182,2012-06-24,Anomaly Persistence,3,2012
2012-06-22,2012,6,18.32,18.57,18.549272727272726,2012-06-25,Anomaly Persistence,3,2012
2012-06-23,2012,6,18.29,18.8,18.541818181818183,2012-06-26,Anomaly Persistence,3,2012
2012-06-24,2012,6,18.43,19.58,18.793272727272726,2012-06-27,Anomaly Persistence,3,2012
2012-06-25,2012,6,18.57,20.12,18.92727272727273,2012-06-28,Anomaly Persistence,3,2012
2012-06-26,2012,6,18.8,20.43,19.103636363636365,2012-06-29,Anomaly Persistence,3,2012
2012-06-27,2012,6,19.58,20.56,19.72731818181818,2012-06-30,Anomaly Persistence,3,2012
2012-06-28,2012,6,20.12,20.56,20.317515151515153,2012-07-01,Anomaly Persistence,3,2012
2012-06-29,2012,6,20.43,20.45,20.677530303030302,2012-07-02,Anomaly Persistence,3,2012
2012-06-30,2012,6,20.56,20.09,20.816,2012-07-03,Anomaly Persistence,3,2012
2012-07-01,2012,7,20.56,19.65,20.690666666666665,2012-07-04,Anomaly Persistence,3,2012
2012-07-02,2012,7,20.45,19.27,20.54733333333333,2012-07-05,Anomaly Persistence,3,2012
2012-07-03,2012,7,20.09,19.14,20.252166666666664,2012-07-06,Anomaly Persistence,3,2012
2012-07-04,2012,7,19.65,19.25,19.861666666666665,2012-07-07,Anomaly Persistence,3,2012
2012-07-05,2012,7,19.27,19.22,19.4255,2012-07-08,Anomaly Persistence,3,2012
2012-07-06,2012,7,19.14,19.13,19.226333333333336,2012-07-09,Anomaly Persistence,3,2012
2012-07-07,2012,7,19.25,19.07,19.333666666666666,2012-07-10,Anomaly Persistence,3,2012
2012-07-08,2012,7,19.22,19.04,19.311,2012-07-11,Anomaly Persistence,3,2012
2012-07-09,2012,7,19.13,19.11,19.1955,2012-07-12,Anomaly Persistence,3,2012
2012-07-10,2012,7,19.07,19.18,19.076833333333333,2012-07-13,Anomaly Persistence,3,2012
2012-07-11,2012,7,19.04,19.27,19.026333333333334,2012-07-14,Anomaly Persistence,3,2012
2012-07-12,2012,7,19.11,19.31,19.082833333333333,2012-07-15,Anomaly Persistence,3,2012
2012-07-13,2012,7,19.18,19.47,19.142166666666668,2012-07-16,Anomaly Persistence,3,2012
2012-07-14,2012,7,19.27,19.79,19.251583333333333,2012-07-17,Anomaly Persistence,3,2012
2012-07-15,2012,7,19.31,19.87,19.294833333333333,2012-07-18,Anomaly Persistence,3,2012
2012-07-16,2012,7,19.47,19.84,19.477833333333333,2012-07-19,Anomaly Persistence,3,2012
2012-07-17,2012,7,19.79,19.9,19.762416666666667,2012-07-20,Anomaly Persistence,3,2012
2012-07-18,2012,7,19.87,19.98,19.8385,2012-07-21,Anomaly Persistence,3,2012
2012-07-19,2012,7,19.84,19.94,19.796499999999998,2012-07-22,Anomaly Persistence,3,2012
2012-07-20,2012,7,19.9,19.85,19.857999999999997,2012-07-23,Anomaly Persistence,3,2012
2012-07-21,2012,7,19.98,19.76,19.958833333333335,2012-07-24,Anomaly Persistence,3,2012
2012-07-22,2012,7,19.94,19.67,19.90066666666667,2012-07-25,Anomaly Persistence,3,2012
2012-07-23,2012,7,19.85,19.55,19.792,2012-07-26,Anomaly Persistence,3,2012
2012-07-24,2012,7,19.76,19.52,19.705000000000002,2012-07-27,Anomaly Persistence,3,2012
2012-07-25,2012,7,19.67,19.5,19.632333333333335,2012-07-28,Anomaly Persistence,3,2012
2012-07-26,2012,7,19.55,19.44,19.534166666666668,2012-07-29,Anomaly Persistence,3,2012
2012-07-27,2012,7,19.52,19.44,19.463166666666663,2012-07-30,Anomaly Persistence,3,2012
2012-07-28,2012,7,19.5,19.4,19.375969696969698,2012-07-31,Anomaly Persistence,3,2012
2012-07-29,2012,7,19.44,19.34,19.256681818181818,2012-08-01,Anomaly Persistence,3,2012
2012-07-30,2012,7,19.44,19.3,19.248242424242427,2012-08-02,Anomaly Persistence,3,2012
2012-07-31,2012,7,19.4,19.2,19.199454545454543,2012-08-03,Anomaly Persistence,3,2012
2012-08-01,2012,8,19.34,19.19,19.18490909090909,2012-08-04,Anomaly Persistence,3,2012
2012-08-02,2012,8,19.3,19.18,19.156636363636363,2012-08-05,Anomaly Persistence,3,2012
2012-08-03,2012,8,19.2,19.18,19.129272727272728,2012-08-06,Anomaly Persistence,3,2012
2012-08-04,2012,8,19.19,19.15,19.146545454545457,2012-08-07,Anomaly Persistence,3,2012
2012-08-05,2012,8,19.18,19.12,19.130636363636366,2012-08-08,Anomaly Persistence,3,2012
2012-08-06,2012,8,19.18,19.09,19.107272727272726,2012-08-09,Anomaly Persistence,3,2012
2012-08-07,2012,8,19.15,19.03,19.078363636363633,2012-08-10,Anomaly Persistence,3,2012
2012-08-08,2012,8,19.12,18.93,19.098,2012-08-11,Anomaly Persistence,3,2012
2012-08-09,2012,8,19.09,18.83,19.144909090909092,2012-08-12,Anomaly Persistence,3,2012
2012-08-10,2012,8,19.03,18.67,19.14109090909091,2012-08-13,Anomaly Persistence,3,2012
2012-08-11,2012,8,18.93,18.62,19.048363636363636,2012-08-14,Anomaly Persistence,3,2012
2012-08-12,2012,8,18.83,18.57,18.917636363636362,2012-08-15,Anomaly Persistence,3,2012
2012-08-13,2012,8,18.67,18.44,18.744545454545456,2012-08-16,Anomaly Persistence,3,2012
2012-08-14,2012,8,18.62,18.31,18.709636363636367,2012-08-17,Anomaly Persistence,3,2012
2012-08-15,2012,8,18.57,18.2,18.657999999999998,2012-08-18,Anomaly Persistence,3,2012
2012-08-16,2012,8,18.44,18.12,18.502727272727274,2012-08-19,Anomaly Persistence,3,2012
2012-08-17,2012,8,18.31,18.05,18.376545454545454,2012-08-20,Anomaly Persistence,3,2012
2012-08-18,2012,8,18.2,18.0,18.29090909090909,2012-08-21,Anomaly Persistence,3,2012
2012-08-19,2012,8,18.12,18.16,18.183818181818186,2012-08-22,Anomaly Persistence,3,2012
2012-08-20,2012,8,18.05,18.26,18.061272727272726,2012-08-23,Anomaly Persistence,3,2012
2012-08-21,2012,8,18.0,18.45,17.95054545454546,2012-08-24,Anomaly Persistence,3,2012
2012-08-22,2012,8,18.16,18.51,18.078727272727274,2012-08-25,Anomaly Persistence,3,2012
2012-08-23,2012,8,18.26,18.7,18.157636363636364,2012-08-26,Anomaly Persistence,3,2012
2012-08-24,2012,8,18.45,18.89,18.379818181818177,2012-08-27,Anomaly Persistence,3,2012
2012-08-25,2012,8,18.51,19.04,18.49581818181818,2012-08-28,Anomaly Persistence,3,2012
2012-08-26,2012,8,18.7,19.08,18.686727272727275,2012-08-29,Anomaly Persistence,3,2012
2012-08-27,2012,8,18.89,19.08,18.84309090909091,2012-08-30,Anomaly Persistence,3,2012
2012-08-28,2012,8,19.04,19.01,18.81327272727273,2012-08-31,Anomaly Persistence,3,2012
2012-08-29,2012,8,19.08,18.89,18.835454545454542,2012-09-01,Anomaly Persistence,3,2012
2012-08-30,2012,8,19.08,18.79,18.827636363636362,2012-09-02,Anomaly Persistence,3,2012
2012-08-31,2012,8,19.01,18.81,18.890727272727272,2012-09-03,Anomaly Persistence,3,2012
2012-09-01,2012,9,18.89,18.82,18.83290909090909,2012-09-04,Anomaly Persistence,3,2012
2012-09-02,2012,9,18.79,18.74,18.78181818181818,2012-09-05,Anomaly Persistence,3,2012
2012-09-03,2012,9,18.81,18.83,18.851454545454548,2012-09-06,Anomaly Persistence,3,2012
2012-09-04,2012,9,18.82,18.87,18.887454545454545,2012-09-07,Anomaly Persistence,3,2012
2012-09-05,2012,9,18.74,18.87,18.820545454545453,2012-09-08,Anomaly Persistence,3,2012
2012-09-06,2012,9,18.83,18.72,18.889999999999997,2012-09-09,Anomaly Persistence,3,2012
2012-09-07,2012,9,18.87,18.46,18.899818181818183,2012-09-10,Anomaly Persistence,3,2012
2012-09-08,2012,9,18.87,18.2,18.90290909090909,2012-09-11,Anomaly Persistence,3,2012
2012-09-09,2012,9,18.72,18.04,18.723272727272725,2012-09-12,Anomaly Persistence,3,2012
2012-09-10,2012,9,18.46,17.92,18.429636363636366,2012-09-13,Anomaly Persistence,3,2012
2012-09-11,2012,9,18.2,18.13,18.165636363636363,2012-09-14,Anomaly Persistence,3,2012
2012-09-12,2012,9,18.04,18.19,18.023999999999997,2012-09-15,Anomaly Persistence,3,2012
2012-09-13,2012,9,17.92,18.82,17.93890909090909,2012-09-16,Anomaly Persistence,3,2012
2012-09-14,2012,9,18.13,19.13,18.084909090909093,2012-09-17,Anomaly Persistence,3,2012
2012-09-15,2012,9,18.19,19.22,18.135090909090913,2012-09-18,Anomaly Persistence,3,2012
2012-09-16,2012,9,18.82,19.24,18.74727272727273,2012-09-19,Anomaly Persistence,3,2012
2012-09-17,2012,9,19.13,19.16,19.005454545454544,2012-09-20,Anomaly Persistence,3,2012
2012-09-18,2012,9,19.22,19.28,19.11254545454545,2012-09-21,Anomaly Persistence,3,2012
2012-09-19,2012,9,19.24,19.48,19.132727272727273,2012-09-22,Anomaly Persistence,3,2012
2012-09-20,2012,9,19.16,19.66,19.115636363636362,2012-09-23,Anomaly Persistence,3,2012
2012-09-21,2012,9,19.28,19.81,19.207818181818187,2012-09-24,Anomaly Persistence,3,2012
2012-09-22,2012,9,19.48,20.08,19.410545454545456,2012-09-25,Anomaly Persistence,3,2012
2012-09-23,2012,9,19.66,20.27,19.679636363636366,2012-09-26,Anomaly Persistence,3,2012
2012-09-24,2012,9,19.81,20.45,19.895090909090907,2012-09-27,Anomaly Persistence,3,2012
2012-09-25,2012,9,20.08,20.46,20.14963636363636,2012-09-28,Anomaly Persistence,3,2012
2012-09-26,2012,9,20.27,20.37,20.24163636363636,2012-09-29,Anomaly Persistence,3,2012
2012-09-27,2012,9,20.45,20.08,20.370181818181816,2012-09-30,Anomaly Persistence,3,2012
2012-11-08,2012,11,15.26,15.03,15.077666666666666,2012-11-11,Anomaly Persistence,3,2012
2012-11-09,2012,11,15.18,15.03,15.026166666666667,2012-11-12,Anomaly Persistence,3,2012
2012-11-10,2012,11,15.09,14.97,14.953833333333334,2012-11-13,Anomaly Persistence,3,2012
2012-11-11,2012,11,15.03,14.92,14.876833333333332,2012-11-14,Anomaly Persistence,3,2012
2012-11-12,2012,11,15.03,14.89,14.863166666666665,2012-11-15,Anomaly Persistence,3,2012
2012-11-13,2012,11,14.97,14.85,14.799333333333333,2012-11-16,Anomaly Persistence,3,2012
2012-11-14,2012,11,14.92,14.8,14.762500000000001,2012-11-17,Anomaly Persistence,3,2012
2012-11-15,2012,11,14.89,14.76,14.739166666666668,2012-11-18,Anomaly Persistence,3,2012
2012-11-16,2012,11,14.85,14.71,14.714666666666664,2012-11-19,Anomaly Persistence,3,2012
2012-11-17,2012,11,14.8,14.66,14.680833333333334,2012-11-20,Anomaly Persistence,3,2012
2012-11-18,2012,11,14.76,14.61,14.651666666666667,2012-11-21,Anomaly Persistence,3,2012
2012-11-19,2012,11,14.71,14.56,14.603083333333336,2012-11-22,Anomaly Persistence,3,2012
2012-11-20,2012,11,14.66,14.5,14.561499999999999,2012-11-23,Anomaly Persistence,3,2012
2012-11-21,2012,11,14.61,14.45,14.551999999999998,2012-11-24,Anomaly Persistence,3,2012
2012-11-22,2012,11,14.56,14.41,14.51025,2012-11-25,Anomaly Persistence,3,2012
2012-11-23,2012,11,14.5,14.38,14.4415,2012-11-26,Anomaly Persistence,3,2012
2012-11-24,2012,11,14.45,14.35,14.344333333333333,2012-11-27,Anomaly Persistence,3,2012
2012-11-25,2012,11,14.41,14.34,14.290333333333336,2012-11-28,Anomaly Persistence,3,2012
2012-11-26,2012,11,14.38,14.29,14.252333333333336,2012-11-29,Anomaly Persistence,3,2012
2012-11-27,2012,11,14.35,14.24,14.272848484848485,2012-11-30,Anomaly Persistence,3,2012
2012-11-28,2012,11,14.34,14.2,14.262696969696968,2012-12-01,Anomaly Persistence,3,2012
2012-11-29,2012,11,14.29,14.17,14.217454545454544,2012-12-02,Anomaly Persistence,3,2012
2012-11-30,2012,11,14.24,14.15,14.124909090909092,2012-12-03,Anomaly Persistence,3,2012
2012-12-01,2012,12,14.2,14.13,14.097454545454545,2012-12-04,Anomaly Persistence,3,2012
2012-12-02,2012,12,14.17,14.1,14.07809090909091,2012-12-05,Anomaly Persistence,3,2012
2012-12-03,2012,12,14.15,14.07,14.065272727272728,2012-12-06,Anomaly Persistence,3,2012
2012-12-04,2012,12,14.13,14.03,14.045454545454545,2012-12-07,Anomaly Persistence,3,2012
2012-12-05,2012,12,14.1,13.99,14.012181818181817,2012-12-08,Anomaly Persistence,3,2012
2012-12-06,2012,12,14.07,13.97,13.976909090909091,2012-12-09,Anomaly Persistence,3,2012
2012-12-07,2012,12,14.03,13.94,13.93690909090909,2012-12-10,Anomaly Persistence,3,2012
2012-12-08,2012,12,13.99,13.9,13.897818181818181,2012-12-11,Anomaly Persistence,3,2012
2012-12-09,2012,12,13.97,13.87,13.878909090909092,2012-12-12,Anomaly Persistence,3,2012
2012-12-10,2012,12,13.94,13.85,13.85218181818182,2012-12-13,Anomaly Persistence,3,2012
2012-12-11,2012,12,13.9,13.83,13.814545454545454,2012-12-14,Anomaly Persistence,3,2012
2012-12-12,2012,12,13.87,13.79,13.788363636363636,2012-12-15,Anomaly Persistence,3,2012
2012-12-13,2012,12,13.85,13.76,13.77090909090909,2012-12-16,Anomaly Persistence,3,2012
2012-12-14,2012,12,13.83,13.74,13.753818181818183,2012-12-17,Anomaly Persistence,3,2012
2012-12-15,2012,12,13.79,13.72,13.72290909090909,2012-12-18,Anomaly Persistence,3,2012
2012-12-16,2012,12,13.76,13.7,13.692,2012-12-19,Anomaly Persistence,3,2012
2012-12-17,2012,12,13.74,13.67,13.671636363636363,2012-12-20,Anomaly Persistence,3,2012
2012-12-18,2012,12,13.72,13.67,13.653818181818181,2012-12-21,Anomaly Persistence,3,2012
2012-12-19,2012,12,13.7,13.66,13.638363636363634,2012-12-22,Anomaly Persistence,3,2012
2012-12-20,2012,12,13.67,13.66,13.614181818181818,2012-12-23,Anomaly Persistence,3,2012
2012-12-21,2012,12,13.67,13.63,13.612363636363638,2012-12-24,Anomaly Persistence,3,2012
2012-12-22,2012,12,13.66,13.6,13.601636363636365,2012-12-25,Anomaly Persistence,3,2012
2012-12-23,2012,12,13.66,13.56,13.600181818181818,2012-12-26,Anomaly Persistence,3,2012
2012-12-24,2012,12,13.63,13.54,13.56709090909091,2012-12-27,Anomaly Persistence,3,2012
2012-12-25,2012,12,13.6,13.51,13.53581818181818,2012-12-28,Anomaly Persistence,3,2012
2012-12-26,2012,12,13.56,13.49,13.494545454545456,2012-12-29,Anomaly Persistence,3,2012
2012-12-27,2012,12,13.54,13.45,13.466363636363635,2012-12-30,Anomaly Persistence,3,2012
2012-12-28,2012,12,13.51,13.42,13.538242424242425,2012-12-31,Anomaly Persistence,3,2012
2012-12-29,2012,12,13.49,13.4,13.44771212121212,2013-01-01,Anomaly Persistence,3,2012
2012-12-30,2012,12,13.45,13.37,13.40940909090909,2013-01-02,Anomaly Persistence,3,2012
2012-12-31,2012,12,13.42,13.33,13.279166666666667,2013-01-03,Anomaly Persistence,3,2012
2013-01-01,2013,1,13.4,13.29,13.333,2013-01-04,Anomaly Persistence,3,2013
2013-01-02,2013,1,13.37,13.25,13.308833333333332,2013-01-05,Anomaly Persistence,3,2013
2013-01-03,2013,1,13.33,13.22,13.2675,2013-01-06,Anomaly Persistence,3,2013
2013-01-04,2013,1,13.29,13.2,13.228833333333332,2013-01-07,Anomaly Persistence,3,2013
2013-01-05,2013,1,13.25,13.18,13.1905,2013-01-08,Anomaly Persistence,3,2013
2013-01-06,2013,1,13.22,13.16,13.160666666666668,2013-01-09,Anomaly Persistence,3,2013
2013-01-07,2013,1,13.2,13.14,13.136500000000002,2013-01-10,Anomaly Persistence,3,2013
2013-01-08,2013,1,13.18,13.13,13.120750000000001,2013-01-11,Anomaly Persistence,3,2013
2013-01-09,2013,1,13.16,13.12,13.105666666666666,2013-01-12,Anomaly Persistence,3,2013
2013-01-10,2013,1,13.14,13.1,13.090916666666665,2013-01-13,Anomaly Persistence,3,2013
2013-01-11,2013,1,13.13,13.08,13.07875,2013-01-14,Anomaly Persistence,3,2013
2013-01-12,2013,1,13.12,13.07,13.070916666666665,2013-01-15,Anomaly Persistence,3,2013
2013-01-13,2013,1,13.1,13.06,13.04925,2013-01-16,Anomaly Persistence,3,2013
2013-01-14,2013,1,13.08,13.04,13.032833333333334,2013-01-17,Anomaly Persistence,3,2013
2013-01-15,2013,1,13.07,13.03,13.019750000000002,2013-01-18,Anomaly Persistence,3,2013
2013-01-16,2013,1,13.06,13.01,13.012833333333335,2013-01-19,Anomaly Persistence,3,2013
2013-01-17,2013,1,13.04,12.98,12.990166666666664,2013-01-20,Anomaly Persistence,3,2013
2013-01-18,2013,1,13.03,12.95,12.977999999999998,2013-01-21,Anomaly Persistence,3,2013
2013-01-19,2013,1,13.01,12.93,12.952499999999999,2013-01-22,Anomaly Persistence,3,2013
2013-01-20,2013,1,12.98,12.91,12.923166666666669,2013-01-23,Anomaly Persistence,3,2013
2013-01-21,2013,1,12.95,12.89,12.901499999999999,2013-01-24,Anomaly Persistence,3,2013
2013-01-22,2013,1,12.93,12.87,12.886,2013-01-25,Anomaly Persistence,3,2013
2013-01-23,2013,1,12.91,12.85,12.866166666666667,2013-01-26,Anomaly Persistence,3,2013
2013-01-24,2013,1,12.89,12.83,12.842333333333334,2013-01-27,Anomaly Persistence,3,2013
2013-01-25,2013,1,12.87,12.81,12.825666666666667,2013-01-28,Anomaly Persistence,3,2013
2013-01-26,2013,1,12.85,12.8,12.810833333333333,2013-01-29,Anomaly Persistence,3,2013
2013-01-27,2013,1,12.83,12.8,12.798333333333334,2013-01-30,Anomaly Persistence,3,2013
2013-01-28,2013,1,12.81,12.79,12.780333333333335,2013-01-31,Anomaly Persistence,3,2013
2013-01-29,2013,1,12.8,12.78,12.796772727272728,2013-02-01,Anomaly Persistence,3,2013
2013-01-30,2013,1,12.8,12.76,12.78737878787879,2013-02-02,Anomaly Persistence,3,2013
2013-01-31,2013,1,12.79,12.74,12.774090909090905,2013-02-03,Anomaly Persistence,3,2013
2013-02-01,2013,2,12.78,12.73,12.738181818181816,2013-02-04,Anomaly Persistence,3,2013
2013-02-02,2013,2,12.76,12.72,12.725454545454545,2013-02-05,Anomaly Persistence,3,2013
2013-02-03,2013,2,12.74,12.7,12.706545454545456,2013-02-06,Anomaly Persistence,3,2013
2013-02-04,2013,2,12.73,12.67,12.696727272727275,2013-02-07,Anomaly Persistence,3,2013
2013-02-05,2013,2,12.72,12.65,12.682363636363636,2013-02-08,Anomaly Persistence,3,2013
2013-02-06,2013,2,12.7,12.63,12.659454545454544,2013-02-09,Anomaly Persistence,3,2013
2013-02-07,2013,2,12.67,12.61,12.629818181818182,2013-02-10,Anomaly Persistence,3,2013
2013-02-08,2013,2,12.65,12.6,12.611636363636364,2013-02-11,Anomaly Persistence,3,2013
2013-02-09,2013,2,12.63,12.58,12.592909090909094,2013-02-12,Anomaly Persistence,3,2013
2013-02-10,2013,2,12.61,12.57,12.570909090909089,2013-02-13,Anomaly Persistence,3,2013
2013-02-11,2013,2,12.6,12.56,12.559636363636365,2013-02-14,Anomaly Persistence,3,2013
2013-02-12,2013,2,12.58,12.55,12.545090909090908,2013-02-15,Anomaly Persistence,3,2013
2013-02-13,2013,2,12.57,12.53,12.532545454545454,2013-02-16,Anomaly Persistence,3,2013
2013-02-14,2013,2,12.56,12.52,12.522363636363634,2013-02-17,Anomaly Persistence,3,2013
2013-02-15,2013,2,12.55,12.52,12.514909090909091,2013-02-18,Anomaly Persistence,3,2013
2013-02-16,2013,2,12.53,12.51,12.516,2013-02-19,Anomaly Persistence,3,2013
2013-02-17,2013,2,12.52,12.53,12.528545454545455,2013-02-20,Anomaly Persistence,3,2013
2013-02-18,2013,2,12.52,12.54,12.53327272727273,2013-02-21,Anomaly Persistence,3,2013
2013-02-19,2013,2,12.51,12.53,12.504363636363639,2013-02-22,Anomaly Persistence,3,2013
2013-02-20,2013,2,12.53,12.53,12.500545454545454,2013-02-23,Anomaly Persistence,3,2013
2013-02-21,2013,2,12.54,12.52,12.500909090909088,2013-02-24,Anomaly Persistence,3,2013
2013-02-22,2013,2,12.53,12.52,12.503090909090906,2013-02-25,Anomaly Persistence,3,2013
2013-02-23,2013,2,12.53,12.53,12.526909090909088,2013-02-26,Anomaly Persistence,3,2013
2013-02-24,2013,2,12.52,12.55,12.543272727272727,2013-02-27,Anomaly Persistence,3,2013
2013-02-25,2013,2,12.52,12.59,12.559818181818184,2013-02-28,Anomaly Persistence,3,2013
2013-02-26,2013,2,12.53,12.588,12.56818181818182,2013-03-01,Anomaly Persistence,3,2013
2013-02-27,2013,2,12.55,12.57,12.577818181818184,2013-03-02,Anomaly Persistence,3,2013
2013-02-28,2013,2,12.59,12.54,12.62981818181818,2013-03-03,Anomaly Persistence,3,2013
2013-03-01,2013,3,12.588,12.52,12.633999999999999,2013-03-04,Anomaly Persistence,3,2013
2013-03-02,2013,3,12.57,12.49,12.613999999999997,2013-03-05,Anomaly Persistence,3,2013
2013-03-03,2013,3,12.54,12.46,12.569090909090907,2013-03-06,Anomaly Persistence,3,2013
2013-03-04,2013,3,12.52,12.44,12.54672727272727,2013-03-07,Anomaly Persistence,3,2013
2013-03-05,2013,3,12.49,12.42,12.53018181818182,2013-03-08,Anomaly Persistence,3,2013
2013-03-06,2013,3,12.46,12.42,12.505090909090912,2013-03-09,Anomaly Persistence,3,2013
2013-03-07,2013,3,12.44,12.41,12.485090909090909,2013-03-10,Anomaly Persistence,3,2013
2013-03-08,2013,3,12.42,12.41,12.45109090909091,2013-03-11,Anomaly Persistence,3,2013
2013-03-09,2013,3,12.42,12.42,12.447818181818182,2013-03-12,Anomaly Persistence,3,2013
2013-03-10,2013,3,12.41,12.41,12.480545454545457,2013-03-13,Anomaly Persistence,3,2013
2013-03-11,2013,3,12.41,12.4,12.519999999999998,2013-03-14,Anomaly Persistence,3,2013
2013-03-12,2013,3,12.42,12.39,12.533636363636363,2013-03-15,Anomaly Persistence,3,2013
2013-03-13,2013,3,12.41,12.38,12.465636363636364,2013-03-16,Anomaly Persistence,3,2013
2013-03-14,2013,3,12.4,12.36,12.402545454545457,2013-03-17,Anomaly Persistence,3,2013
2013-03-15,2013,3,12.39,12.35,12.374363636363638,2013-03-18,Anomaly Persistence,3,2013
2013-03-16,2013,3,12.38,12.34,12.381272727272728,2013-03-19,Anomaly Persistence,3,2013
2013-03-17,2013,3,12.36,12.33,12.389999999999999,2013-03-20,Anomaly Persistence,3,2013
2013-03-18,2013,3,12.35,12.32,12.389272727272726,2013-03-21,Anomaly Persistence,3,2013
2013-03-19,2013,3,12.34,12.33,12.372,2013-03-22,Anomaly Persistence,3,2013
2013-03-20,2013,3,12.33,12.37,12.351272727272727,2013-03-23,Anomaly Persistence,3,2013
2013-03-21,2013,3,12.32,12.41,12.356909090909092,2013-03-24,Anomaly Persistence,3,2013
2013-03-22,2013,3,12.33,12.5,12.400909090909092,2013-03-25,Anomaly Persistence,3,2013
2013-03-23,2013,3,12.37,12.54,12.471090909090908,2013-03-26,Anomaly Persistence,3,2013
2013-03-24,2013,3,12.41,12.59,12.542545454545454,2013-03-27,Anomaly Persistence,3,2013
2013-03-25,2013,3,12.5,12.65,12.672909090909089,2013-03-28,Anomaly Persistence,3,2013
2013-03-26,2013,3,12.54,12.69,12.716181818181816,2013-03-29,Anomaly Persistence,3,2013
2013-03-27,2013,3,12.59,12.71,12.722363636363635,2013-03-30,Anomaly Persistence,3,2013
2013-03-28,2013,3,12.65,12.71,12.729636363636365,2013-03-31,Anomaly Persistence,3,2013
2013-03-29,2013,3,12.69,12.69,12.782181818181819,2013-04-01,Anomaly Persistence,3,2013
2013-03-30,2013,3,12.71,12.69,12.857454545454548,2013-04-02,Anomaly Persistence,3,2013
2013-03-31,2013,3,12.71,12.73,12.89018181818182,2013-04-03,Anomaly Persistence,3,2013
2013-04-01,2013,4,12.69,12.77,12.856181818181819,2013-04-04,Anomaly Persistence,3,2013
2013-04-02,2013,4,12.69,12.77,12.827090909090908,2013-04-05,Anomaly Persistence,3,2013
2013-04-03,2013,4,12.73,12.851,12.84590909090909,2013-04-06,Anomaly Persistence,3,2013
2013-04-04,2013,4,12.77,12.896,12.915818181818182,2013-04-07,Anomaly Persistence,3,2013
2013-04-05,2013,4,12.77,13.05,12.967454545454547,2013-04-08,Anomaly Persistence,3,2013
2013-04-06,2013,4,12.851,13.19,13.11618181818182,2013-04-09,Anomaly Persistence,3,2013
2013-04-07,2013,4,12.896,13.23,13.171454545454544,2013-04-10,Anomaly Persistence,3,2013
2013-04-08,2013,4,13.05,13.23,13.259090909090908,2013-04-11,Anomaly Persistence,3,2013
2013-04-09,2013,4,13.19,13.22,13.301818181818179,2013-04-12,Anomaly Persistence,3,2013
2013-04-10,2013,4,13.23,13.33,13.291454545454547,2013-04-13,Anomaly Persistence,3,2013
2013-04-11,2013,4,13.23,13.47,13.298909090909092,2013-04-14,Anomaly Persistence,3,2013
2013-04-12,2013,4,13.22,13.5,13.352727272727275,2013-04-15,Anomaly Persistence,3,2013
2013-04-13,2013,4,13.33,13.51,13.506545454545455,2013-04-16,Anomaly Persistence,3,2013
2013-04-14,2013,4,13.47,13.48,13.663272727272728,2013-04-17,Anomaly Persistence,3,2013
2013-04-15,2013,4,13.5,13.52,13.653272727272725,2013-04-18,Anomaly Persistence,3,2013
2013-04-16,2013,4,13.51,13.81,13.616,2013-04-19,Anomaly Persistence,3,2013
2013-04-17,2013,4,13.48,14.35,13.641454545454545,2013-04-20,Anomaly Persistence,3,2013
2013-04-18,2013,4,13.52,14.55,13.74218181818182,2013-04-21,Anomaly Persistence,3,2013
2013-04-19,2013,4,13.81,14.66,14.096363636363638,2013-04-22,Anomaly Persistence,3,2013
2013-04-20,2013,4,14.35,14.58,14.556909090909091,2013-04-23,Anomaly Persistence,3,2013
2013-04-21,2013,4,14.55,14.58,14.706909090909091,2013-04-24,Anomaly Persistence,3,2013
2013-04-22,2013,4,14.66,14.45,14.766090909090908,2013-04-25,Anomaly Persistence,3,2013
2013-04-23,2013,4,14.58,14.35,14.758363636363635,2013-04-26,Anomaly Persistence,3,2013
2013-04-24,2013,4,14.58,14.26,14.876,2013-04-27,Anomaly Persistence,3,2013
2013-04-25,2013,4,14.45,14.24,14.794818181818181,2013-04-28,Anomaly Persistence,3,2013
2013-04-26,2013,4,14.35,14.2,14.63509090909091,2013-04-29,Anomaly Persistence,3,2013
2013-04-27,2013,4,14.26,14.17,14.434727272727272,2013-04-30,Anomaly Persistence,3,2013
2013-07-08,2013,7,19.2,19.67,19.283666666666665,2013-07-11,Anomaly Persistence,3,2013
2013-07-09,2013,7,19.34,19.68,19.431,2013-07-12,Anomaly Persistence,3,2013
2013-07-10,2013,7,19.47,19.6,19.5355,2013-07-13,Anomaly Persistence,3,2013
2013-07-11,2013,7,19.67,19.46,19.676833333333335,2013-07-14,Anomaly Persistence,3,2013
2013-07-12,2013,7,19.68,19.37,19.666333333333334,2013-07-15,Anomaly Persistence,3,2013
2013-07-13,2013,7,19.6,19.3,19.572833333333335,2013-07-16,Anomaly Persistence,3,2013
2013-07-14,2013,7,19.46,19.13,19.42216666666667,2013-07-17,Anomaly Persistence,3,2013
2013-07-15,2013,7,19.37,19.087,19.351583333333334,2013-07-18,Anomaly Persistence,3,2013
2013-07-16,2013,7,19.3,18.99,19.284833333333335,2013-07-19,Anomaly Persistence,3,2013
2013-07-17,2013,7,19.13,19.09,19.137833333333333,2013-07-20,Anomaly Persistence,3,2013
2013-07-18,2013,7,19.087,19.12,19.059416666666667,2013-07-21,Anomaly Persistence,3,2013
2013-07-19,2013,7,18.99,19.11,18.958499999999997,2013-07-22,Anomaly Persistence,3,2013
2013-07-20,2013,7,19.09,19.02,19.046499999999998,2013-07-23,Anomaly Persistence,3,2013
2013-07-21,2013,7,19.12,19.04,19.078,2013-07-24,Anomaly Persistence,3,2013
2013-07-22,2013,7,19.11,19.05,19.088833333333334,2013-07-25,Anomaly Persistence,3,2013
2013-07-23,2013,7,19.02,19.11,18.980666666666668,2013-07-26,Anomaly Persistence,3,2013
2013-07-24,2013,7,19.04,19.15,18.982,2013-07-27,Anomaly Persistence,3,2013
2013-07-25,2013,7,19.05,19.14,18.995,2013-07-28,Anomaly Persistence,3,2013
2013-07-26,2013,7,19.11,19.07,19.072333333333333,2013-07-29,Anomaly Persistence,3,2013
2013-07-27,2013,7,19.15,19.0,19.134166666666665,2013-07-30,Anomaly Persistence,3,2013
2013-07-28,2013,7,19.14,18.94,19.083166666666664,2013-07-31,Anomaly Persistence,3,2013
2013-07-29,2013,7,19.07,18.86,18.945969696969698,2013-08-01,Anomaly Persistence,3,2013
2013-07-30,2013,7,19.0,18.78,18.816681818181817,2013-08-02,Anomaly Persistence,3,2013
2013-07-31,2013,7,18.94,18.76,18.748242424242427,2013-08-03,Anomaly Persistence,3,2013
2013-08-01,2013,8,18.86,18.69,18.659454545454544,2013-08-04,Anomaly Persistence,3,2013
2013-08-02,2013,8,18.78,18.52,18.624909090909092,2013-08-05,Anomaly Persistence,3,2013
2013-08-03,2013,8,18.76,18.4,18.616636363636363,2013-08-06,Anomaly Persistence,3,2013
2013-08-04,2013,8,18.69,18.45,18.61927272727273,2013-08-07,Anomaly Persistence,3,2013
2013-08-05,2013,8,18.52,18.51,18.476545454545455,2013-08-08,Anomaly Persistence,3,2013
2013-08-06,2013,8,18.4,18.49,18.350636363636365,2013-08-09,Anomaly Persistence,3,2013
2013-08-07,2013,8,18.45,18.43,18.377272727272725,2013-08-10,Anomaly Persistence,3,2013
2013-08-08,2013,8,18.51,18.51,18.438363636363636,2013-08-11,Anomaly Persistence,3,2013
2013-08-09,2013,8,18.49,18.6,18.467999999999996,2013-08-12,Anomaly Persistence,3,2013
2013-08-10,2013,8,18.43,18.64,18.484909090909092,2013-08-13,Anomaly Persistence,3,2013
2013-08-11,2013,8,18.51,18.63,18.62109090909091,2013-08-14,Anomaly Persistence,3,2013
2013-08-12,2013,8,18.6,18.56,18.718363636363637,2013-08-15,Anomaly Persistence,3,2013
2013-08-13,2013,8,18.64,18.45,18.727636363636364,2013-08-16,Anomaly Persistence,3,2013
2013-08-14,2013,8,18.63,18.36,18.704545454545453,2013-08-17,Anomaly Persistence,3,2013
2013-08-15,2013,8,18.56,18.29,18.649636363636365,2013-08-18,Anomaly Persistence,3,2013
2013-08-16,2013,8,18.45,18.22,18.537999999999997,2013-08-19,Anomaly Persistence,3,2013
2013-08-17,2013,8,18.36,18.12,18.422727272727272,2013-08-20,Anomaly Persistence,3,2013
2013-08-18,2013,8,18.29,18.0,18.356545454545454,2013-08-21,Anomaly Persistence,3,2013
2013-08-19,2013,8,18.22,17.97,18.31090909090909,2013-08-22,Anomaly Persistence,3,2013
2013-08-20,2013,8,18.12,17.92,18.183818181818186,2013-08-23,Anomaly Persistence,3,2013
2013-08-21,2013,8,18.0,17.83,18.011272727272726,2013-08-24,Anomaly Persistence,3,2013
2013-08-22,2013,8,17.97,17.67,17.920545454545458,2013-08-25,Anomaly Persistence,3,2013
2013-08-23,2013,8,17.92,17.54,17.838727272727276,2013-08-26,Anomaly Persistence,3,2013
2013-08-24,2013,8,17.83,17.47,17.72763636363636,2013-08-27,Anomaly Persistence,3,2013
2013-08-25,2013,8,17.67,17.53,17.59981818181818,2013-08-28,Anomaly Persistence,3,2013
2013-08-26,2013,8,17.54,17.6,17.525818181818178,2013-08-29,Anomaly Persistence,3,2013
2013-08-27,2013,8,17.47,17.6,17.456727272727274,2013-08-30,Anomaly Persistence,3,2013
2013-08-28,2013,8,17.53,17.62,17.48309090909091,2013-08-31,Anomaly Persistence,3,2013
2013-08-29,2013,8,17.6,17.62,17.37327272727273,2013-09-01,Anomaly Persistence,3,2013
2013-08-30,2013,8,17.6,17.64,17.355454545454545,2013-09-02,Anomaly Persistence,3,2013
2013-08-31,2013,8,17.62,17.79,17.367636363636365,2013-09-03,Anomaly Persistence,3,2013
2013-09-01,2013,9,17.62,17.9,17.50072727272727,2013-09-04,Anomaly Persistence,3,2013
2013-09-02,2013,9,17.64,18.17,17.58290909090909,2013-09-05,Anomaly Persistence,3,2013
2013-09-03,2013,9,17.79,18.49,17.78181818181818,2013-09-06,Anomaly Persistence,3,2013
2013-09-04,2013,9,17.9,18.8,17.941454545454548,2013-09-07,Anomaly Persistence,3,2013
2013-09-05,2013,9,18.17,19.3,18.237454545454547,2013-09-08,Anomaly Persistence,3,2013
2013-09-06,2013,9,18.49,19.66,18.570545454545453,2013-09-09,Anomaly Persistence,3,2013
2013-09-07,2013,9,18.8,19.9,18.86,2013-09-10,Anomaly Persistence,3,2013
2013-09-08,2013,9,19.3,19.91,19.329818181818183,2013-09-11,Anomaly Persistence,3,2013
2013-09-09,2013,9,19.66,19.79,19.69290909090909,2013-09-12,Anomaly Persistence,3,2013
2013-09-10,2013,9,19.9,19.5,19.903272727272725,2013-09-13,Anomaly Persistence,3,2013
2013-09-11,2013,9,19.91,19.19,19.879636363636365,2013-09-14,Anomaly Persistence,3,2013
2013-09-12,2013,9,19.79,18.9,19.755636363636363,2013-09-15,Anomaly Persistence,3,2013
2013-09-13,2013,9,19.5,18.62,19.483999999999998,2013-09-16,Anomaly Persistence,3,2013
2013-09-14,2013,9,19.19,18.41,19.20890909090909,2013-09-17,Anomaly Persistence,3,2013
2013-09-15,2013,9,18.9,18.12,18.854909090909093,2013-09-18,Anomaly Persistence,3,2013
2013-09-16,2013,9,18.62,17.94,18.565090909090912,2013-09-19,Anomaly Persistence,3,2013
2013-09-17,2013,9,18.41,17.76,18.33727272727273,2013-09-20,Anomaly Persistence,3,2013
2013-09-18,2013,9,18.12,17.4,17.995454545454546,2013-09-21,Anomaly Persistence,3,2013
2013-09-19,2013,9,17.94,17.3,17.832545454545453,2013-09-22,Anomaly Persistence,3,2013
2013-09-20,2013,9,17.76,17.13,17.652727272727276,2013-09-23,Anomaly Persistence,3,2013
2013-09-21,2013,9,17.4,17.01,17.35563636363636,2013-09-24,Anomaly Persistence,3,2013
2013-09-22,2013,9,17.3,16.91,17.227818181818186,2013-09-25,Anomaly Persistence,3,2013
2013-09-23,2013,9,17.13,16.82,17.060545454545455,2013-09-26,Anomaly Persistence,3,2013
2013-09-24,2013,9,17.01,16.8,17.029636363636367,2013-09-27,Anomaly Persistence,3,2013
2013-09-25,2013,9,16.91,16.81,16.99509090909091,2013-09-28,Anomaly Persistence,3,2013
2013-09-26,2013,9,16.82,16.85,16.889636363636363,2013-09-29,Anomaly Persistence,3,2013
2013-09-27,2013,9,16.8,16.87,16.77163636363636,2013-09-30,Anomaly Persistence,3,2013
2013-09-28,2013,9,16.81,16.87,16.730181818181816,2013-10-01,Anomaly Persistence,3,2013
2013-09-29,2013,9,16.85,16.84,16.574472727272727,2013-10-02,Anomaly Persistence,3,2013
2013-09-30,2013,9,16.87,16.77,16.527836363636364,2013-10-03,Anomaly Persistence,3,2013
2013-10-01,2013,10,16.87,16.68,16.410418181818184,2013-10-04,Anomaly Persistence,3,2013
2013-10-02,2013,10,16.84,16.57,16.4058,2013-10-05,Anomaly Persistence,3,2013
2013-10-03,2013,10,16.77,16.51,16.2722,2013-10-06,Anomaly Persistence,3,2013
2013-10-04,2013,10,16.68,16.58,16.2046,2013-10-07,Anomaly Persistence,3,2013
2013-10-05,2013,10,16.57,16.63,16.2164,2013-10-08,Anomaly Persistence,3,2013
2013-10-06,2013,10,16.51,16.6,16.3094,2013-10-09,Anomaly Persistence,3,2013
2013-10-07,2013,10,16.58,16.55,16.417199999999998,2013-10-10,Anomaly Persistence,3,2013
2013-10-08,2013,10,16.63,16.54,16.407,2013-10-11,Anomaly Persistence,3,2013
2013-10-09,2013,10,16.6,16.59,16.274800000000003,2013-10-12,Anomaly Persistence,3,2013
2013-10-10,2013,10,16.55,16.55,16.1814,2013-10-13,Anomaly Persistence,3,2013
2013-10-11,2013,10,16.54,16.48,16.2504,2013-10-14,Anomaly Persistence,3,2013
2013-10-12,2013,10,16.59,16.37,16.412,2013-10-15,Anomaly Persistence,3,2013
2013-10-13,2013,10,16.55,16.37,16.473600000000005,2013-10-16,Anomaly Persistence,3,2013
2013-10-14,2013,10,16.48,16.48,16.4328,2013-10-17,Anomaly Persistence,3,2013
2013-10-15,2013,10,16.37,16.37,16.239600000000003,2013-10-18,Anomaly Persistence,3,2013
2013-10-16,2013,10,16.37,16.23,16.1652,2013-10-19,Anomaly Persistence,3,2013
2013-10-17,2013,10,16.48,16.0,16.189,2013-10-20,Anomaly Persistence,3,2013
2013-10-18,2013,10,16.37,15.84,16.084,2013-10-21,Anomaly Persistence,3,2013
2013-10-19,2013,10,16.23,15.74,15.953200000000002,2013-10-22,Anomaly Persistence,3,2013
2013-10-20,2013,10,16.0,15.71,15.710799999999999,2013-10-23,Anomaly Persistence,3,2013
2013-10-21,2013,10,15.84,15.68,15.5124,2013-10-24,Anomaly Persistence,3,2013
2013-10-22,2013,10,15.74,15.66,15.395799999999998,2013-10-25,Anomaly Persistence,3,2013
2013-10-23,2013,10,15.71,15.71,15.421600000000002,2013-10-26,Anomaly Persistence,3,2013
2013-10-24,2013,10,15.68,15.74,15.4526,2013-10-27,Anomaly Persistence,3,2013
2013-10-25,2013,10,15.66,15.82,15.4782,2013-10-28,Anomaly Persistence,3,2013
2013-10-26,2013,10,15.71,15.82,15.558800000000003,2013-10-29,Anomaly Persistence,3,2013
2013-10-27,2013,10,15.74,15.74,15.625200000000001,2013-10-30,Anomaly Persistence,3,2013
2013-10-28,2013,10,15.82,15.63,15.7324,2013-10-31,Anomaly Persistence,3,2013
2013-10-29,2013,10,15.82,15.52,15.781472727272725,2013-11-01,Anomaly Persistence,3,2013
2013-10-30,2013,10,15.74,15.42,15.678433333333333,2013-11-02,Anomaly Persistence,3,2013
2013-10-31,2013,10,15.63,15.4,15.537466666666669,2013-11-03,Anomaly Persistence,3,2013
2013-11-01,2013,11,15.52,15.49,15.364060606060608,2013-11-04,Anomaly Persistence,3,2013
2013-11-02,2013,11,15.42,15.57,15.2295,2013-11-05,Anomaly Persistence,3,2013
2013-11-03,2013,11,15.4,15.59,15.189666666666666,2013-11-06,Anomaly Persistence,3,2013
2013-11-04,2013,11,15.49,15.54,15.253666666666666,2013-11-07,Anomaly Persistence,3,2013
2013-11-05,2013,11,15.57,15.43,15.350166666666667,2013-11-08,Anomaly Persistence,3,2013
2013-11-06,2013,11,15.59,15.34,15.370500000000002,2013-11-09,Anomaly Persistence,3,2013
2013-11-07,2013,11,15.54,15.21,15.325833333333332,2013-11-10,Anomaly Persistence,3,2013
2013-11-08,2013,11,15.43,15.09,15.213666666666667,2013-11-11,Anomaly Persistence,3,2013
2013-11-09,2013,11,15.34,15.0,15.157666666666666,2013-11-12,Anomaly Persistence,3,2013
2013-11-10,2013,11,15.21,14.91,15.056166666666668,2013-11-13,Anomaly Persistence,3,2013
2013-11-11,2013,11,15.09,14.84,14.953833333333334,2013-11-14,Anomaly Persistence,3,2013
2013-11-12,2013,11,15.0,14.72,14.846833333333333,2013-11-15,Anomaly Persistence,3,2013
2013-11-13,2013,11,14.91,14.66,14.743166666666665,2013-11-16,Anomaly Persistence,3,2013
2013-11-14,2013,11,14.84,14.58,14.669333333333332,2013-11-17,Anomaly Persistence,3,2013
2013-11-15,2013,11,14.72,14.53,14.562500000000002,2013-11-18,Anomaly Persistence,3,2013
2013-11-16,2013,11,14.66,14.44,14.509166666666667,2013-11-19,Anomaly Persistence,3,2013
2013-11-17,2013,11,14.58,14.44,14.444666666666665,2013-11-20,Anomaly Persistence,3,2013
2013-11-18,2013,11,14.53,14.38,14.410833333333333,2013-11-21,Anomaly Persistence,3,2013
2013-11-19,2013,11,14.44,14.33,14.331666666666667,2013-11-22,Anomaly Persistence,3,2013
2013-11-20,2013,11,14.44,14.27,14.333083333333335,2013-11-23,Anomaly Persistence,3,2013
2013-11-21,2013,11,14.38,14.22,14.2815,2013-11-24,Anomaly Persistence,3,2013
2013-11-22,2013,11,14.33,14.17,14.271999999999998,2013-11-25,Anomaly Persistence,3,2013
2013-11-23,2013,11,14.27,14.12,14.220249999999998,2013-11-26,Anomaly Persistence,3,2013
2013-11-24,2013,11,14.22,14.08,14.1615,2013-11-27,Anomaly Persistence,3,2013
2013-11-25,2013,11,14.17,14.03,14.064333333333334,2013-11-28,Anomaly Persistence,3,2013
2013-11-26,2013,11,14.12,13.99,14.000333333333336,2013-11-29,Anomaly Persistence,3,2013
2013-11-27,2013,11,14.08,13.96,13.952333333333335,2013-11-30,Anomaly Persistence,3,2013
2013-11-28,2013,11,14.03,13.92,13.952848484848484,2013-12-01,Anomaly Persistence,3,2013
2013-11-29,2013,11,13.99,13.87,13.912696969696968,2013-12-02,Anomaly Persistence,3,2013
2013-11-30,2013,11,13.96,13.82,13.887454545454545,2013-12-03,Anomaly Persistence,3,2013
2013-12-01,2013,12,13.92,13.78,13.804909090909092,2013-12-04,Anomaly Persistence,3,2013
2013-12-02,2013,12,13.87,13.76,13.767454545454545,2013-12-05,Anomaly Persistence,3,2013
2013-12-03,2013,12,13.82,13.74,13.728090909090911,2013-12-06,Anomaly Persistence,3,2013
2013-12-04,2013,12,13.78,13.7,13.695272727272727,2013-12-07,Anomaly Persistence,3,2013
2013-12-05,2013,12,13.76,13.67,13.675454545454544,2013-12-08,Anomaly Persistence,3,2013
2013-12-06,2013,12,13.74,13.64,13.652181818181818,2013-12-09,Anomaly Persistence,3,2013
2013-12-07,2013,12,13.7,13.6,13.60690909090909,2013-12-10,Anomaly Persistence,3,2013
2013-12-08,2013,12,13.67,13.56,13.57690909090909,2013-12-11,Anomaly Persistence,3,2013
2013-12-09,2013,12,13.64,13.54,13.547818181818181,2013-12-12,Anomaly Persistence,3,2013
2013-12-10,2013,12,13.6,13.51,13.508909090909091,2013-12-13,Anomaly Persistence,3,2013
2013-12-11,2013,12,13.56,13.48,13.472181818181822,2013-12-14,Anomaly Persistence,3,2013
2013-12-12,2013,12,13.54,13.45,13.454545454545453,2013-12-15,Anomaly Persistence,3,2013
2013-12-13,2013,12,13.51,13.42,13.428363636363637,2013-12-16,Anomaly Persistence,3,2013
2013-12-14,2013,12,13.48,13.4,13.40090909090909,2013-12-17,Anomaly Persistence,3,2013
2013-12-15,2013,12,13.45,13.38,13.373818181818182,2013-12-18,Anomaly Persistence,3,2013
2013-12-16,2013,12,13.42,13.36,13.35290909090909,2013-12-19,Anomaly Persistence,3,2013
2013-12-17,2013,12,13.4,13.34,13.332,2013-12-20,Anomaly Persistence,3,2013
2013-12-18,2013,12,13.38,13.32,13.311636363636364,2013-12-21,Anomaly Persistence,3,2013
2013-12-19,2013,12,13.36,13.29,13.29381818181818,2013-12-22,Anomaly Persistence,3,2013
2013-12-20,2013,12,13.34,13.26,13.278363636363634,2013-12-23,Anomaly Persistence,3,2013
2013-12-21,2013,12,13.32,13.24,13.264181818181818,2013-12-24,Anomaly Persistence,3,2013
2013-12-22,2013,12,13.29,13.21,13.232363636363637,2013-12-25,Anomaly Persistence,3,2013
2013-12-23,2013,12,13.26,13.19,13.201636363636364,2013-12-26,Anomaly Persistence,3,2013
2013-12-24,2013,12,13.24,13.17,13.180181818181818,2013-12-27,Anomaly Persistence,3,2013
2013-12-25,2013,12,13.21,13.14,13.14709090909091,2013-12-28,Anomaly Persistence,3,2013
2013-12-26,2013,12,13.19,13.12,13.12581818181818,2013-12-29,Anomaly Persistence,3,2013
2013-12-27,2013,12,13.17,13.09,13.104545454545455,2013-12-30,Anomaly Persistence,3,2013
2013-12-28,2013,12,13.14,13.06,13.066363636363636,2013-12-31,Anomaly Persistence,3,2013
2013-12-29,2013,12,13.12,13.04,13.056075757575757,2014-01-01,Anomaly Persistence,3,2013
2013-12-30,2013,12,13.09,13.02,13.019045454545454,2014-01-02,Anomaly Persistence,3,2013
2013-12-31,2013,12,13.06,12.99,12.999409090909092,2014-01-03,Anomaly Persistence,3,2013
2014-01-01,2014,1,13.04,12.97,12.972999999999999,2014-01-04,Anomaly Persistence,3,2014
2014-01-02,2014,1,13.02,12.95,12.958833333333333,2014-01-05,Anomaly Persistence,3,2014
2014-01-03,2014,1,12.99,12.93,12.9275,2014-01-06,Anomaly Persistence,3,2014
2014-01-04,2014,1,12.97,12.93,12.908833333333334,2014-01-07,Anomaly Persistence,3,2014
2014-01-05,2014,1,12.95,12.92,12.8905,2014-01-08,Anomaly Persistence,3,2014
2014-01-06,2014,1,12.93,12.9,12.870666666666667,2014-01-09,Anomaly Persistence,3,2014
2014-01-07,2014,1,12.93,12.88,12.866500000000002,2014-01-10,Anomaly Persistence,3,2014
2014-01-08,2014,1,12.92,12.86,12.860750000000001,2014-01-11,Anomaly Persistence,3,2014
2014-01-09,2014,1,12.9,12.83,12.845666666666666,2014-01-12,Anomaly Persistence,3,2014
2014-01-10,2014,1,12.88,12.82,12.830916666666665,2014-01-13,Anomaly Persistence,3,2014
2014-01-11,2014,1,12.86,12.8,12.808749999999998,2014-01-14,Anomaly Persistence,3,2014
2014-01-12,2014,1,12.83,12.79,12.780916666666666,2014-01-15,Anomaly Persistence,3,2014
2014-01-13,2014,1,12.82,12.77,12.769250000000001,2014-01-16,Anomaly Persistence,3,2014
2014-01-14,2014,1,12.8,12.75,12.752833333333335,2014-01-17,Anomaly Persistence,3,2014
2014-01-15,2014,1,12.79,12.73,12.73975,2014-01-18,Anomaly Persistence,3,2014
2014-01-16,2014,1,12.77,12.72,12.722833333333334,2014-01-19,Anomaly Persistence,3,2014
2014-01-17,2014,1,12.75,12.7,12.700166666666664,2014-01-20,Anomaly Persistence,3,2014
2014-01-18,2014,1,12.73,12.68,12.677999999999999,2014-01-21,Anomaly Persistence,3,2014
2014-01-19,2014,1,12.72,12.66,12.6625,2014-01-22,Anomaly Persistence,3,2014
2014-01-20,2014,1,12.7,12.65,12.643166666666668,2014-01-23,Anomaly Persistence,3,2014
2014-01-21,2014,1,12.68,12.64,12.631499999999999,2014-01-24,Anomaly Persistence,3,2014
2014-01-22,2014,1,12.66,12.63,12.616,2014-01-25,Anomaly Persistence,3,2014
2014-01-23,2014,1,12.65,12.62,12.606166666666667,2014-01-26,Anomaly Persistence,3,2014
2014-01-24,2014,1,12.64,12.61,12.592333333333334,2014-01-27,Anomaly Persistence,3,2014
2014-01-25,2014,1,12.63,12.59,12.585666666666668,2014-01-28,Anomaly Persistence,3,2014
2014-01-26,2014,1,12.62,12.57,12.580833333333333,2014-01-29,Anomaly Persistence,3,2014
2014-01-27,2014,1,12.61,12.55,12.578333333333333,2014-01-30,Anomaly Persistence,3,2014
2014-01-28,2014,1,12.59,12.53,12.560333333333334,2014-01-31,Anomaly Persistence,3,2014
2014-06-08,2014,6,16.32,16.92,16.494363636363637,2014-06-11,Anomaly Persistence,3,2014
2014-06-09,2014,6,16.66,16.92,16.77236363636364,2014-06-12,Anomaly Persistence,3,2014
2014-06-10,2014,6,16.88,16.92,16.93581818181818,2014-06-13,Anomaly Persistence,3,2014
2014-06-11,2014,6,16.92,16.97,16.899818181818183,2014-06-14,Anomaly Persistence,3,2014
2014-06-12,2014,6,16.92,17.07,16.896727272727272,2014-06-15,Anomaly Persistence,3,2014
2014-06-13,2014,6,16.92,17.21,17.072727272727274,2014-06-16,Anomaly Persistence,3,2014
2014-06-14,2014,6,16.97,17.25,17.341272727272724,2014-06-17,Anomaly Persistence,3,2014
2014-06-15,2014,6,17.07,17.19,17.547636363636364,2014-06-18,Anomaly Persistence,3,2014
2014-06-16,2014,6,17.21,17.11,17.680545454545456,2014-06-19,Anomaly Persistence,3,2014
2014-06-17,2014,6,17.25,16.99,17.60136363636364,2014-06-20,Anomaly Persistence,3,2014
2014-06-18,2014,6,17.19,16.92,17.410727272727275,2014-06-21,Anomaly Persistence,3,2014
2014-06-19,2014,6,17.11,16.9,17.213272727272727,2014-06-22,Anomaly Persistence,3,2014
2014-06-20,2014,6,16.99,17.2,17.088272727272724,2014-06-23,Anomaly Persistence,3,2014
2014-06-21,2014,6,16.92,17.49,17.093454545454545,2014-06-24,Anomaly Persistence,3,2014
2014-06-22,2014,6,16.9,17.82,17.112181818181817,2014-06-25,Anomaly Persistence,3,2014
2014-06-23,2014,6,17.2,18.14,17.429272727272725,2014-06-26,Anomaly Persistence,3,2014
2014-06-24,2014,6,17.49,18.44,17.741818181818182,2014-06-27,Anomaly Persistence,3,2014
2014-06-25,2014,6,17.82,18.56,18.183272727272726,2014-06-28,Anomaly Persistence,3,2014
2014-06-26,2014,6,18.14,18.57,18.49727272727273,2014-06-29,Anomaly Persistence,3,2014
2014-06-27,2014,6,18.44,18.57,18.743636363636366,2014-06-30,Anomaly Persistence,3,2014
2014-06-28,2014,6,18.56,18.58,18.70731818181818,2014-07-01,Anomaly Persistence,3,2014
2014-06-29,2014,6,18.57,18.5,18.767515151515152,2014-07-02,Anomaly Persistence,3,2014
2014-06-30,2014,6,18.57,18.34,18.817530303030303,2014-07-03,Anomaly Persistence,3,2014
2014-07-01,2014,7,18.58,18.362,18.836,2014-07-04,Anomaly Persistence,3,2014
2014-07-02,2014,7,18.5,18.47,18.630666666666666,2014-07-05,Anomaly Persistence,3,2014
2014-07-03,2014,7,18.34,18.59,18.43733333333333,2014-07-06,Anomaly Persistence,3,2014
2014-07-04,2014,7,18.362,18.63,18.524166666666662,2014-07-07,Anomaly Persistence,3,2014
2014-07-05,2014,7,18.47,18.66,18.681666666666665,2014-07-08,Anomaly Persistence,3,2014
2014-07-06,2014,7,18.59,18.5,18.7455,2014-07-09,Anomaly Persistence,3,2014
2014-07-07,2014,7,18.63,18.49,18.716333333333335,2014-07-10,Anomaly Persistence,3,2014
2014-07-08,2014,7,18.66,18.53,18.743666666666666,2014-07-11,Anomaly Persistence,3,2014
2014-07-09,2014,7,18.5,18.48,18.591,2014-07-12,Anomaly Persistence,3,2014
2014-07-10,2014,7,18.49,18.4,18.5555,2014-07-13,Anomaly Persistence,3,2014
2014-07-11,2014,7,18.53,18.46,18.536833333333334,2014-07-14,Anomaly Persistence,3,2014
2014-07-12,2014,7,18.48,18.46,18.466333333333335,2014-07-15,Anomaly Persistence,3,2014
2014-07-13,2014,7,18.4,18.4,18.372833333333332,2014-07-16,Anomaly Persistence,3,2014
2014-07-14,2014,7,18.46,18.34,18.42216666666667,2014-07-17,Anomaly Persistence,3,2014
2014-07-15,2014,7,18.46,18.35,18.441583333333334,2014-07-18,Anomaly Persistence,3,2014
2014-07-16,2014,7,18.4,18.42,18.384833333333333,2014-07-19,Anomaly Persistence,3,2014
2014-07-17,2014,7,18.34,18.53,18.347833333333334,2014-07-20,Anomaly Persistence,3,2014
2014-07-18,2014,7,18.35,18.67,18.32241666666667,2014-07-21,Anomaly Persistence,3,2014
2014-07-19,2014,7,18.42,18.88,18.3885,2014-07-22,Anomaly Persistence,3,2014
2014-07-20,2014,7,18.53,18.98,18.4865,2014-07-23,Anomaly Persistence,3,2014
2014-07-21,2014,7,18.67,18.97,18.628,2014-07-24,Anomaly Persistence,3,2014
2014-07-22,2014,7,18.88,18.97,18.858833333333333,2014-07-25,Anomaly Persistence,3,2014
2014-07-23,2014,7,18.98,18.91,18.94066666666667,2014-07-26,Anomaly Persistence,3,2014
2014-07-24,2014,7,18.97,18.87,18.912,2014-07-27,Anomaly Persistence,3,2014
2014-07-25,2014,7,18.97,18.75,18.915,2014-07-28,Anomaly Persistence,3,2014
2014-07-26,2014,7,18.91,18.65,18.872333333333334,2014-07-29,Anomaly Persistence,3,2014
2014-07-27,2014,7,18.87,18.58,18.854166666666668,2014-07-30,Anomaly Persistence,3,2014
2014-07-28,2014,7,18.75,18.48,18.693166666666663,2014-07-31,Anomaly Persistence,3,2014
2014-07-29,2014,7,18.65,18.41,18.525969696969696,2014-08-01,Anomaly Persistence,3,2014
2014-07-30,2014,7,18.58,18.36,18.396681818181815,2014-08-02,Anomaly Persistence,3,2014
2014-07-31,2014,7,18.48,18.3,18.288242424242426,2014-08-03,Anomaly Persistence,3,2014
2014-08-01,2014,8,18.41,18.24,18.209454545454545,2014-08-04,Anomaly Persistence,3,2014
2014-08-02,2014,8,18.36,18.22,18.20490909090909,2014-08-05,Anomaly Persistence,3,2014
2014-08-03,2014,8,18.3,18.23,18.156636363636363,2014-08-06,Anomaly Persistence,3,2014
2014-08-04,2014,8,18.24,18.23,18.169272727272727,2014-08-07,Anomaly Persistence,3,2014
2014-08-05,2014,8,18.22,18.24,18.176545454545455,2014-08-08,Anomaly Persistence,3,2014
2014-08-06,2014,8,18.23,18.17,18.180636363636367,2014-08-09,Anomaly Persistence,3,2014
2014-08-07,2014,8,18.23,18.17,18.157272727272726,2014-08-10,Anomaly Persistence,3,2014
2014-08-08,2014,8,18.24,18.24,18.168363636363633,2014-08-11,Anomaly Persistence,3,2014
2014-08-09,2014,8,18.17,18.26,18.148,2014-08-12,Anomaly Persistence,3,2014
2014-08-10,2014,8,18.17,18.28,18.224909090909094,2014-08-13,Anomaly Persistence,3,2014
2014-08-11,2014,8,18.24,18.39,18.351090909090907,2014-08-14,Anomaly Persistence,3,2014
2014-08-12,2014,8,18.26,18.58,18.378363636363638,2014-08-15,Anomaly Persistence,3,2014
2014-08-13,2014,8,18.28,18.86,18.367636363636365,2014-08-16,Anomaly Persistence,3,2014
2014-08-14,2014,8,18.39,19.42,18.464545454545455,2014-08-17,Anomaly Persistence,3,2014
2014-08-15,2014,8,18.58,19.7,18.669636363636364,2014-08-18,Anomaly Persistence,3,2014
2014-08-16,2014,8,18.86,19.82,18.947999999999997,2014-08-19,Anomaly Persistence,3,2014
2014-08-17,2014,8,19.42,19.86,19.482727272727274,2014-08-20,Anomaly Persistence,3,2014
2014-08-18,2014,8,19.7,19.86,19.766545454545454,2014-08-21,Anomaly Persistence,3,2014
2014-08-19,2014,8,19.82,19.86,19.91090909090909,2014-08-22,Anomaly Persistence,3,2014
2014-08-20,2014,8,19.86,19.81,19.923818181818184,2014-08-23,Anomaly Persistence,3,2014
2014-08-21,2014,8,19.86,19.75,19.871272727272725,2014-08-24,Anomaly Persistence,3,2014
2014-08-22,2014,8,19.86,19.79,19.81054545454546,2014-08-25,Anomaly Persistence,3,2014
2014-08-23,2014,8,19.81,19.77,19.728727272727273,2014-08-26,Anomaly Persistence,3,2014
2014-08-24,2014,8,19.75,19.92,19.647636363636362,2014-08-27,Anomaly Persistence,3,2014
2014-08-25,2014,8,19.79,20.15,19.719818181818177,2014-08-28,Anomaly Persistence,3,2014
2014-08-26,2014,8,19.77,20.21,19.755818181818178,2014-08-29,Anomaly Persistence,3,2014
2014-08-27,2014,8,19.92,20.17,19.906727272727277,2014-08-30,Anomaly Persistence,3,2014
2014-08-28,2014,8,20.15,20.02,20.10309090909091,2014-08-31,Anomaly Persistence,3,2014
2014-08-29,2014,8,20.21,19.8,19.98327272727273,2014-09-01,Anomaly Persistence,3,2014
2014-08-30,2014,8,20.17,19.58,19.925454545454546,2014-09-02,Anomaly Persistence,3,2014
2014-08-31,2014,8,20.02,19.38,19.767636363636363,2014-09-03,Anomaly Persistence,3,2014
2014-09-01,2014,9,19.8,19.16,19.68072727272727,2014-09-04,Anomaly Persistence,3,2014
2014-09-02,2014,9,19.58,18.93,19.52290909090909,2014-09-05,Anomaly Persistence,3,2014
2014-09-03,2014,9,19.38,18.74,19.37181818181818,2014-09-06,Anomaly Persistence,3,2014
2014-09-04,2014,9,19.16,18.56,19.20145454545455,2014-09-07,Anomaly Persistence,3,2014
2014-09-05,2014,9,18.93,18.42,18.997454545454545,2014-09-08,Anomaly Persistence,3,2014
2014-09-06,2014,9,18.74,18.27,18.820545454545453,2014-09-09,Anomaly Persistence,3,2014
2014-09-07,2014,9,18.56,18.15,18.619999999999997,2014-09-10,Anomaly Persistence,3,2014
2014-09-08,2014,9,18.42,18.23,18.449818181818184,2014-09-11,Anomaly Persistence,3,2014
2014-09-09,2014,9,18.27,18.24,18.30290909090909,2014-09-12,Anomaly Persistence,3,2014
2014-09-10,2014,9,18.15,18.11,18.153272727272725,2014-09-13,Anomaly Persistence,3,2014
2014-09-11,2014,9,18.23,18.1,18.199636363636365,2014-09-14,Anomaly Persistence,3,2014
2014-09-12,2014,9,18.24,18.18,18.205636363636362,2014-09-15,Anomaly Persistence,3,2014
2014-09-13,2014,9,18.11,18.25,18.093999999999998,2014-09-16,Anomaly Persistence,3,2014
2014-09-14,2014,9,18.1,18.27,18.11890909090909,2014-09-17,Anomaly Persistence,3,2014
2014-09-15,2014,9,18.18,18.22,18.134909090909094,2014-09-18,Anomaly Persistence,3,2014
2014-09-16,2014,9,18.25,18.11,18.19509090909091,2014-09-19,Anomaly Persistence,3,2014
2014-09-17,2014,9,18.27,18.01,18.19727272727273,2014-09-20,Anomaly Persistence,3,2014
2014-09-18,2014,9,18.22,18.01,18.095454545454544,2014-09-21,Anomaly Persistence,3,2014
2014-09-19,2014,9,18.11,18.75,18.00254545454545,2014-09-22,Anomaly Persistence,3,2014
2014-09-20,2014,9,18.01,19.24,17.902727272727276,2014-09-23,Anomaly Persistence,3,2014
2014-09-21,2014,9,18.01,19.3,17.965636363636364,2014-09-24,Anomaly Persistence,3,2014
2014-09-22,2014,9,18.75,19.28,18.677818181818186,2014-09-25,Anomaly Persistence,3,2014
2014-09-23,2014,9,19.24,19.17,19.170545454545454,2014-09-26,Anomaly Persistence,3,2014
2014-09-24,2014,9,19.3,19.12,19.319636363636366,2014-09-27,Anomaly Persistence,3,2014
2014-09-25,2014,9,19.28,19.11,19.36509090909091,2014-09-28,Anomaly Persistence,3,2014
2014-09-26,2014,9,19.17,19.12,19.239636363636365,2014-09-29,Anomaly Persistence,3,2014
2014-09-27,2014,9,19.12,19.07,19.09163636363636,2014-09-30,Anomaly Persistence,3,2014
2014-09-28,2014,9,19.11,18.95,19.030181818181816,2014-10-01,Anomaly Persistence,3,2014
2014-09-29,2014,9,19.12,18.85,18.844472727272727,2014-10-02,Anomaly Persistence,3,2014
2014-09-30,2014,9,19.07,18.72,18.727836363636364,2014-10-03,Anomaly Persistence,3,2014
2014-10-01,2014,10,18.95,18.58,18.490418181818182,2014-10-04,Anomaly Persistence,3,2014
2014-10-02,2014,10,18.85,18.26,18.4158,2014-10-05,Anomaly Persistence,3,2014
2014-10-03,2014,10,18.72,18.0,18.2222,2014-10-06,Anomaly Persistence,3,2014
2014-10-04,2014,10,18.58,17.73,18.104599999999998,2014-10-07,Anomaly Persistence,3,2014
2014-10-05,2014,10,18.26,17.54,17.9064,2014-10-08,Anomaly Persistence,3,2014
2014-10-06,2014,10,18.0,17.21,17.7994,2014-10-09,Anomaly Persistence,3,2014
2014-10-07,2014,10,17.73,17.04,17.5672,2014-10-10,Anomaly Persistence,3,2014
2014-10-08,2014,10,17.54,16.9,17.317,2014-10-11,Anomaly Persistence,3,2014
2014-10-09,2014,10,17.21,16.79,16.884800000000002,2014-10-12,Anomaly Persistence,3,2014
2014-10-10,2014,10,17.04,16.5,16.6714,2014-10-13,Anomaly Persistence,3,2014
2014-10-11,2014,10,16.9,16.39,16.6104,2014-10-14,Anomaly Persistence,3,2014
2014-10-12,2014,10,16.79,16.31,16.612,2014-10-15,Anomaly Persistence,3,2014
2014-10-13,2014,10,16.5,16.19,16.423600000000004,2014-10-16,Anomaly Persistence,3,2014
2014-10-14,2014,10,16.39,16.09,16.3428,2014-10-17,Anomaly Persistence,3,2014
2014-10-15,2014,10,16.31,16.01,16.1796,2014-10-18,Anomaly Persistence,3,2014
2014-10-16,2014,10,16.19,15.92,15.985199999999999,2014-10-19,Anomaly Persistence,3,2014
2014-10-17,2014,10,16.09,15.81,15.799,2014-10-20,Anomaly Persistence,3,2014
2014-10-18,2014,10,16.01,15.75,15.724,2014-10-21,Anomaly Persistence,3,2014
2014-10-19,2014,10,15.92,15.72,15.643200000000002,2014-10-22,Anomaly Persistence,3,2014
2014-10-20,2014,10,15.81,15.71,15.5208,2014-10-23,Anomaly Persistence,3,2014
2014-10-21,2014,10,15.75,15.62,15.4224,2014-10-24,Anomaly Persistence,3,2014
2014-10-22,2014,10,15.72,15.51,15.375799999999998,2014-10-25,Anomaly Persistence,3,2014
2014-10-23,2014,10,15.71,15.44,15.421600000000002,2014-10-26,Anomaly Persistence,3,2014
2014-10-24,2014,10,15.62,15.32,15.3926,2014-10-27,Anomaly Persistence,3,2014
2014-10-25,2014,10,15.51,15.21,15.328199999999999,2014-10-28,Anomaly Persistence,3,2014
2014-10-26,2014,10,15.44,15.14,15.288800000000002,2014-10-29,Anomaly Persistence,3,2014
2014-10-27,2014,10,15.32,15.08,15.205200000000001,2014-10-30,Anomaly Persistence,3,2014
2014-10-28,2014,10,15.21,14.99,15.1224,2014-10-31,Anomaly Persistence,3,2014
2014-10-29,2014,10,15.14,14.92,15.101472727272725,2014-11-01,Anomaly Persistence,3,2014
2014-10-30,2014,10,15.08,14.86,15.018433333333332,2014-11-02,Anomaly Persistence,3,2014
2014-10-31,2014,10,14.99,14.82,14.897466666666668,2014-11-03,Anomaly Persistence,3,2014
2014-11-01,2014,11,14.92,14.77,14.764060606060609,2014-11-04,Anomaly Persistence,3,2014
2014-11-02,2014,11,14.86,14.7,14.6695,2014-11-05,Anomaly Persistence,3,2014
2014-11-03,2014,11,14.82,14.65,14.609666666666666,2014-11-06,Anomaly Persistence,3,2014
2014-11-04,2014,11,14.77,14.55,14.533666666666665,2014-11-07,Anomaly Persistence,3,2014
2014-11-05,2014,11,14.7,14.49,14.480166666666666,2014-11-08,Anomaly Persistence,3,2014
2014-11-06,2014,11,14.65,14.43,14.430500000000002,2014-11-09,Anomaly Persistence,3,2014
2014-11-07,2014,11,14.55,14.41,14.335833333333333,2014-11-10,Anomaly Persistence,3,2014
2014-11-08,2014,11,14.49,14.35,14.273666666666667,2014-11-11,Anomaly Persistence,3,2014
2014-11-09,2014,11,14.43,14.32,14.247666666666666,2014-11-12,Anomaly Persistence,3,2014
2014-11-10,2014,11,14.41,14.28,14.256166666666667,2014-11-13,Anomaly Persistence,3,2014
2014-11-11,2014,11,14.35,14.18,14.213833333333334,2014-11-14,Anomaly Persistence,3,2014
2014-11-12,2014,11,14.32,14.09,14.166833333333333,2014-11-15,Anomaly Persistence,3,2014
2014-11-13,2014,11,14.28,14.01,14.113166666666665,2014-11-16,Anomaly Persistence,3,2014
2014-11-14,2014,11,14.18,14.0,14.009333333333332,2014-11-17,Anomaly Persistence,3,2014
2014-11-15,2014,11,14.09,13.97,13.932500000000001,2014-11-18,Anomaly Persistence,3,2014
2014-11-16,2014,11,14.01,13.94,13.859166666666667,2014-11-19,Anomaly Persistence,3,2014
2014-11-17,2014,11,14.0,13.94,13.864666666666665,2014-11-20,Anomaly Persistence,3,2014
2014-11-18,2014,11,13.97,13.93,13.850833333333334,2014-11-21,Anomaly Persistence,3,2014
2014-11-19,2014,11,13.94,13.93,13.831666666666667,2014-11-22,Anomaly Persistence,3,2014
2014-11-20,2014,11,13.94,13.91,13.833083333333335,2014-11-23,Anomaly Persistence,3,2014
2014-11-21,2014,11,13.93,13.86,13.831499999999998,2014-11-24,Anomaly Persistence,3,2014
2014-11-22,2014,11,13.93,13.83,13.871999999999998,2014-11-25,Anomaly Persistence,3,2014
2014-11-23,2014,11,13.91,13.79,13.860249999999999,2014-11-26,Anomaly Persistence,3,2014
2014-11-24,2014,11,13.86,13.75,13.801499999999999,2014-11-27,Anomaly Persistence,3,2014
2014-11-25,2014,11,13.83,13.73,13.724333333333334,2014-11-28,Anomaly Persistence,3,2014
2014-11-26,2014,11,13.79,13.7,13.670333333333335,2014-11-29,Anomaly Persistence,3,2014
2014-11-27,2014,11,13.75,13.67,13.622333333333335,2014-11-30,Anomaly Persistence,3,2014
2015-01-08,2015,1,12.65,12.594,12.590750000000002,2015-01-11,Anomaly Persistence,3,2015
2015-01-09,2015,1,12.64,12.58,12.585666666666667,2015-01-12,Anomaly Persistence,3,2015
2015-01-10,2015,1,12.618,12.57,12.568916666666665,2015-01-13,Anomaly Persistence,3,2015
2015-01-11,2015,1,12.594,12.56,12.542749999999998,2015-01-14,Anomaly Persistence,3,2015
2015-01-12,2015,1,12.58,12.56,12.530916666666666,2015-01-15,Anomaly Persistence,3,2015
2015-01-13,2015,1,12.57,12.544,12.519250000000001,2015-01-16,Anomaly Persistence,3,2015
2015-01-14,2015,1,12.56,12.526,12.512833333333335,2015-01-17,Anomaly Persistence,3,2015
2015-01-15,2015,1,12.56,12.51,12.509750000000002,2015-01-18,Anomaly Persistence,3,2015
2015-01-16,2015,1,12.544,12.49,12.496833333333335,2015-01-19,Anomaly Persistence,3,2015
2015-01-17,2015,1,12.526,12.448,12.476166666666664,2015-01-20,Anomaly Persistence,3,2015
2015-01-18,2015,1,12.51,12.414,12.457999999999998,2015-01-21,Anomaly Persistence,3,2015
2015-01-19,2015,1,12.49,12.386,12.4325,2015-01-22,Anomaly Persistence,3,2015
2015-01-20,2015,1,12.448,12.364,12.391166666666669,2015-01-23,Anomaly Persistence,3,2015
2015-01-21,2015,1,12.414,12.346,12.365499999999999,2015-01-24,Anomaly Persistence,3,2015
2015-01-22,2015,1,12.386,12.324,12.341999999999999,2015-01-25,Anomaly Persistence,3,2015
2015-01-23,2015,1,12.364,12.314,12.320166666666667,2015-01-26,Anomaly Persistence,3,2015
2015-01-24,2015,1,12.346,12.29,12.298333333333334,2015-01-27,Anomaly Persistence,3,2015
2015-01-25,2015,1,12.324,12.274,12.279666666666667,2015-01-28,Anomaly Persistence,3,2015
2015-01-26,2015,1,12.314,12.25,12.274833333333333,2015-01-29,Anomaly Persistence,3,2015
2015-01-27,2015,1,12.29,12.24,12.258333333333333,2015-01-30,Anomaly Persistence,3,2015
2015-01-28,2015,1,12.274,12.23,12.244333333333334,2015-01-31,Anomaly Persistence,3,2015
2015-01-29,2015,1,12.25,12.21,12.246772727272727,2015-02-01,Anomaly Persistence,3,2015
2015-01-30,2015,1,12.24,12.196,12.22737878787879,2015-02-02,Anomaly Persistence,3,2015
2015-01-31,2015,1,12.23,12.18,12.214090909090906,2015-02-03,Anomaly Persistence,3,2015
2015-02-01,2015,2,12.21,12.162,12.168181818181818,2015-02-04,Anomaly Persistence,3,2015
2015-02-02,2015,2,12.196,12.15,12.161454545454545,2015-02-05,Anomaly Persistence,3,2015
2015-02-03,2015,2,12.18,12.134,12.146545454545455,2015-02-06,Anomaly Persistence,3,2015
2015-02-04,2015,2,12.162,12.12,12.128727272727275,2015-02-07,Anomaly Persistence,3,2015
2015-02-05,2015,2,12.15,12.11,12.112363636363636,2015-02-08,Anomaly Persistence,3,2015
2015-02-06,2015,2,12.134,12.1,12.093454545454545,2015-02-09,Anomaly Persistence,3,2015
2015-02-07,2015,2,12.12,12.1,12.079818181818181,2015-02-10,Anomaly Persistence,3,2015
2015-02-08,2015,2,12.11,12.1,12.071636363636363,2015-02-11,Anomaly Persistence,3,2015
2015-02-09,2015,2,12.1,12.084,12.062909090909093,2015-02-12,Anomaly Persistence,3,2015
2015-02-10,2015,2,12.1,12.066,12.060909090909089,2015-02-13,Anomaly Persistence,3,2015
2015-02-11,2015,2,12.1,12.044,12.059636363636365,2015-02-14,Anomaly Persistence,3,2015
2015-02-12,2015,2,12.084,12.026,12.049090909090907,2015-02-15,Anomaly Persistence,3,2015
2015-02-13,2015,2,12.066,12.01,12.028545454545455,2015-02-16,Anomaly Persistence,3,2015
2015-02-14,2015,2,12.044,12.01,12.006363636363634,2015-02-17,Anomaly Persistence,3,2015
2015-02-15,2015,2,12.026,12.0,11.99090909090909,2015-02-18,Anomaly Persistence,3,2015
2015-02-16,2015,2,12.01,11.994,11.996,2015-02-19,Anomaly Persistence,3,2015
2015-02-17,2015,2,12.01,11.99,12.018545454545455,2015-02-20,Anomaly Persistence,3,2015
2015-02-18,2015,2,12.0,11.986,12.01327272727273,2015-02-21,Anomaly Persistence,3,2015
2015-02-19,2015,2,11.994,11.98,11.988363636363639,2015-02-22,Anomaly Persistence,3,2015
2015-02-20,2015,2,11.99,11.97,11.960545454545455,2015-02-23,Anomaly Persistence,3,2015
2015-02-21,2015,2,11.986,11.96,11.94690909090909,2015-02-24,Anomaly Persistence,3,2015
2015-02-22,2015,2,11.98,11.95,11.953090909090907,2015-02-25,Anomaly Persistence,3,2015
2015-02-23,2015,2,11.97,11.94,11.96690909090909,2015-02-26,Anomaly Persistence,3,2015
2015-02-24,2015,2,11.96,11.94,11.983272727272729,2015-02-27,Anomaly Persistence,3,2015
2015-02-25,2015,2,11.95,11.93,11.989818181818183,2015-02-28,Anomaly Persistence,3,2015
2015-02-26,2015,2,11.94,11.93,11.97818181818182,2015-03-01,Anomaly Persistence,3,2015
2015-02-27,2015,2,11.94,11.93,11.967818181818183,2015-03-02,Anomaly Persistence,3,2015
2015-02-28,2015,2,11.93,11.92,11.96981818181818,2015-03-03,Anomaly Persistence,3,2015
2015-03-01,2015,3,11.93,11.91,11.975999999999999,2015-03-04,Anomaly Persistence,3,2015
2015-03-02,2015,3,11.93,11.91,11.973999999999997,2015-03-05,Anomaly Persistence,3,2015
2015-03-03,2015,3,11.92,11.916,11.949090909090907,2015-03-06,Anomaly Persistence,3,2015
2015-03-04,2015,3,11.91,11.936,11.936727272727271,2015-03-07,Anomaly Persistence,3,2015
2015-03-05,2015,3,11.91,12.016,11.95018181818182,2015-03-08,Anomaly Persistence,3,2015
2015-03-06,2015,3,11.916,12.182,11.961090909090911,2015-03-09,Anomaly Persistence,3,2015
2015-03-07,2015,3,11.936,12.318,11.98109090909091,2015-03-10,Anomaly Persistence,3,2015
2015-03-08,2015,3,12.016,12.384,12.04709090909091,2015-03-11,Anomaly Persistence,3,2015
2015-03-09,2015,3,12.182,12.464,12.209818181818182,2015-03-12,Anomaly Persistence,3,2015
2015-03-10,2015,3,12.318,12.606,12.388545454545456,2015-03-13,Anomaly Persistence,3,2015
2015-03-11,2015,3,12.384,12.678,12.493999999999998,2015-03-14,Anomaly Persistence,3,2015
2015-03-12,2015,3,12.464,12.646,12.577636363636364,2015-03-15,Anomaly Persistence,3,2015
2015-03-13,2015,3,12.606,12.556,12.661636363636363,2015-03-16,Anomaly Persistence,3,2015
2015-03-14,2015,3,12.678,12.448,12.680545454545458,2015-03-17,Anomaly Persistence,3,2015
2015-03-15,2015,3,12.646,12.358,12.630363636363638,2015-03-18,Anomaly Persistence,3,2015
2015-03-16,2015,3,12.556,12.29,12.557272727272727,2015-03-19,Anomaly Persistence,3,2015
2015-03-17,2015,3,12.448,12.24,12.478,2015-03-20,Anomaly Persistence,3,2015
2015-03-18,2015,3,12.358,12.204,12.397272727272727,2015-03-21,Anomaly Persistence,3,2015
2015-03-19,2015,3,12.29,12.19,12.322,2015-03-22,Anomaly Persistence,3,2015
2015-03-20,2015,3,12.24,12.18,12.261272727272727,2015-03-23,Anomaly Persistence,3,2015
2015-03-21,2015,3,12.204,12.17,12.240909090909092,2015-03-24,Anomaly Persistence,3,2015
2015-03-22,2015,3,12.19,12.198,12.260909090909092,2015-03-25,Anomaly Persistence,3,2015
2015-03-23,2015,3,12.18,12.234,12.281090909090908,2015-03-26,Anomaly Persistence,3,2015
2015-03-24,2015,3,12.17,12.318,12.302545454545454,2015-03-27,Anomaly Persistence,3,2015
2015-03-25,2015,3,12.198,12.448,12.37090909090909,2015-03-28,Anomaly Persistence,3,2015
2015-03-26,2015,3,12.234,12.49,12.410181818181817,2015-03-29,Anomaly Persistence,3,2015
2015-03-27,2015,3,12.318,12.448,12.450363636363635,2015-03-30,Anomaly Persistence,3,2015
2015-03-28,2015,3,12.448,12.41,12.527636363636365,2015-03-31,Anomaly Persistence,3,2015
2015-03-29,2015,3,12.49,12.376,12.58218181818182,2015-04-01,Anomaly Persistence,3,2015
2015-03-30,2015,3,12.448,12.35,12.595454545454547,2015-04-02,Anomaly Persistence,3,2015
2015-03-31,2015,3,12.41,12.356,12.590181818181819,2015-04-03,Anomaly Persistence,3,2015
2015-04-01,2015,4,12.376,12.376,12.542181818181819,2015-04-04,Anomaly Persistence,3,2015
2015-04-02,2015,4,12.35,12.438,12.487090909090908,2015-04-05,Anomaly Persistence,3,2015
2015-04-03,2015,4,12.356,12.57,12.47190909090909,2015-04-06,Anomaly Persistence,3,2015
2015-04-04,2015,4,12.376,12.704,12.521818181818182,2015-04-07,Anomaly Persistence,3,2015
2015-04-05,2015,4,12.438,12.868,12.635454545454548,2015-04-08,Anomaly Persistence,3,2015
2015-04-06,2015,4,12.57,13.048,12.83518181818182,2015-04-09,Anomaly Persistence,3,2015
2015-04-07,2015,4,12.704,13.236,12.979454545454544,2015-04-10,Anomaly Persistence,3,2015
2015-04-08,2015,4,12.868,13.446,13.077090909090908,2015-04-11,Anomaly Persistence,3,2015
2015-04-09,2015,4,13.048,13.716,13.15981818181818,2015-04-12,Anomaly Persistence,3,2015
2015-04-10,2015,4,13.236,14.06,13.297454545454547,2015-04-13,Anomaly Persistence,3,2015
2015-04-11,2015,4,13.446,14.13,13.514909090909091,2015-04-14,Anomaly Persistence,3,2015
2015-04-12,2015,4,13.716,14.116,13.848727272727274,2015-04-15,Anomaly Persistence,3,2015
2015-04-13,2015,4,14.06,14.1,14.236545454545455,2015-04-16,Anomaly Persistence,3,2015
2015-04-14,2015,4,14.13,14.09,14.323272727272728,2015-04-17,Anomaly Persistence,3,2015
2015-04-15,2015,4,14.116,14.022,14.269272727272725,2015-04-18,Anomaly Persistence,3,2015
2015-04-16,2015,4,14.1,13.932,14.206,2015-04-19,Anomaly Persistence,3,2015
2015-04-17,2015,4,14.09,13.816,14.251454545454544,2015-04-20,Anomaly Persistence,3,2015
2015-04-18,2015,4,14.022,13.772,14.24418181818182,2015-04-21,Anomaly Persistence,3,2015
2015-04-19,2015,4,13.932,13.742,14.218363636363637,2015-04-22,Anomaly Persistence,3,2015
2015-04-20,2015,4,13.816,13.686,14.022909090909092,2015-04-23,Anomaly Persistence,3,2015
2015-04-21,2015,4,13.772,13.836,13.928909090909091,2015-04-24,Anomaly Persistence,3,2015
2015-04-22,2015,4,13.742,14.178,13.848090909090908,2015-04-25,Anomaly Persistence,3,2015
2015-04-23,2015,4,13.686,14.512,13.864363636363635,2015-04-26,Anomaly Persistence,3,2015
2015-04-24,2015,4,13.836,14.608,14.132,2015-04-27,Anomaly Persistence,3,2015
2015-04-25,2015,4,14.178,14.526,14.522818181818183,2015-04-28,Anomaly Persistence,3,2015
2015-04-26,2015,4,14.512,14.482,14.79709090909091,2015-04-29,Anomaly Persistence,3,2015
2015-04-27,2015,4,14.608,14.484,14.782727272727273,2015-04-30,Anomaly Persistence,3,2015
2015-04-28,2015,4,14.526,14.568,14.774854545454545,2015-05-01,Anomaly Persistence,3,2015
2015-04-29,2015,4,14.482,14.67,14.800872727272727,2015-05-02,Anomaly Persistence,3,2015
2015-04-30,2015,4,14.484,14.658,14.74758181818182,2015-05-03,Anomaly Persistence,3,2015
2015-05-01,2015,5,14.568,14.582,14.6852,2015-05-04,Anomaly Persistence,3,2015
2015-05-02,2015,5,14.67,14.576,14.689,2015-05-05,Anomaly Persistence,3,2015
2015-05-03,2015,5,14.658,14.464,14.6838,2015-05-06,Anomaly Persistence,3,2015
2015-05-04,2015,5,14.582,14.41,14.642400000000002,2015-05-07,Anomaly Persistence,3,2015
2015-05-05,2015,5,14.576,14.402,14.6712,2015-05-08,Anomaly Persistence,3,2015
2015-05-06,2015,5,14.464,14.466,14.564199999999998,2015-05-09,Anomaly Persistence,3,2015
2015-05-07,2015,5,14.41,14.534,14.472799999999998,2015-05-10,Anomaly Persistence,3,2015
2015-05-08,2015,5,14.402,14.614,14.4362,2015-05-11,Anomaly Persistence,3,2015
2015-05-09,2015,5,14.466,14.626,14.498800000000001,2015-05-12,Anomaly Persistence,3,2015
2015-05-10,2015,5,14.534,14.552,14.491000000000003,2015-05-13,Anomaly Persistence,3,2015
2015-05-11,2015,5,14.614,14.448,14.502199999999998,2015-05-14,Anomaly Persistence,3,2015
2015-05-12,2015,5,14.626,14.44,14.478799999999998,2015-05-15,Anomaly Persistence,3,2015
2015-05-13,2015,5,14.552,14.44,14.521399999999998,2015-05-16,Anomaly Persistence,3,2015
2015-05-14,2015,5,14.448,14.432,14.5866,2015-05-17,Anomaly Persistence,3,2015
2015-05-15,2015,5,14.44,14.528,14.7026,2015-05-18,Anomaly Persistence,3,2015
2015-05-16,2015,5,14.44,14.722,14.7244,2015-05-19,Anomaly Persistence,3,2015
2015-05-17,2015,5,14.432,14.9,14.632200000000001,2015-05-20,Anomaly Persistence,3,2015
2015-05-18,2015,5,14.528,15.014,14.6678,2015-05-21,Anomaly Persistence,3,2015
2015-05-19,2015,5,14.722,15.238,14.837400000000002,2015-05-22,Anomaly Persistence,3,2015
2015-05-20,2015,5,14.9,15.654,15.0638,2015-05-23,Anomaly Persistence,3,2015
2015-05-21,2015,5,15.014,16.064,15.219000000000001,2015-05-24,Anomaly Persistence,3,2015
2015-05-22,2015,5,15.238,16.098,15.4378,2015-05-25,Anomaly Persistence,3,2015
2015-05-23,2015,5,15.654,16.02,15.848600000000001,2015-05-26,Anomaly Persistence,3,2015
2015-05-24,2015,5,16.064,16.076,16.2798,2015-05-27,Anomaly Persistence,3,2015
2015-05-25,2015,5,16.098,16.258,16.431199999999997,2015-05-28,Anomaly Persistence,3,2015
2015-05-26,2015,5,16.02,16.636,16.341199999999997,2015-05-29,Anomaly Persistence,3,2015
2015-05-27,2015,5,16.076,16.838,16.348799999999997,2015-05-30,Anomaly Persistence,3,2015
2015-05-28,2015,5,16.258,16.972,16.3798,2015-05-31,Anomaly Persistence,3,2015
2015-05-29,2015,5,16.636,17.046,16.683945454545455,2015-06-01,Anomaly Persistence,3,2015
2015-05-30,2015,5,16.838,17.35,16.867000000000004,2015-06-02,Anomaly Persistence,3,2015
2015-05-31,2015,5,16.972,17.53,17.050472727272727,2015-06-03,Anomaly Persistence,3,2015
2015-06-01,2015,6,17.046,17.374,17.14018181818182,2015-06-04,Anomaly Persistence,3,2015
2015-06-02,2015,6,17.35,17.218,17.441090909090907,2015-06-05,Anomaly Persistence,3,2015
2015-06-03,2015,6,17.53,17.174,17.650909090909096,2015-06-06,Anomaly Persistence,3,2015
2015-06-04,2015,6,17.374,17.52,17.61672727272727,2015-06-07,Anomaly Persistence,3,2015
2015-06-05,2015,6,17.218,18.006,17.56109090909091,2015-06-08,Anomaly Persistence,3,2015
2015-06-06,2015,6,17.174,18.222,17.519090909090906,2015-06-09,Anomaly Persistence,3,2015
2015-06-07,2015,6,17.52,18.364,17.77090909090909,2015-06-10,Anomaly Persistence,3,2015
2015-06-08,2015,6,18.006,18.794,18.180363636363637,2015-06-11,Anomaly Persistence,3,2015
2015-06-09,2015,6,18.222,19.3,18.33436363636364,2015-06-12,Anomaly Persistence,3,2015
2015-06-10,2015,6,18.364,19.474,18.419818181818183,2015-06-13,Anomaly Persistence,3,2015
2015-06-11,2015,6,18.794,19.52,18.773818181818182,2015-06-14,Anomaly Persistence,3,2015
2015-06-12,2015,6,19.3,19.384,19.27672727272727,2015-06-15,Anomaly Persistence,3,2015
2015-06-13,2015,6,19.474,19.102,19.626727272727273,2015-06-16,Anomaly Persistence,3,2015
2015-06-14,2015,6,19.52,18.802,19.891272727272725,2015-06-17,Anomaly Persistence,3,2015
2015-06-15,2015,6,19.384,18.738,19.861636363636364,2015-06-18,Anomaly Persistence,3,2015
2015-06-16,2015,6,19.102,18.816,19.572545454545455,2015-06-19,Anomaly Persistence,3,2015
2015-06-17,2015,6,18.802,18.892,19.15336363636364,2015-06-20,Anomaly Persistence,3,2015
2015-06-18,2015,6,18.738,18.748,18.958727272727273,2015-06-21,Anomaly Persistence,3,2015
2015-06-19,2015,6,18.816,18.72,18.919272727272727,2015-06-22,Anomaly Persistence,3,2015
2015-06-20,2015,6,18.892,18.692,18.990272727272725,2015-06-23,Anomaly Persistence,3,2015
2015-06-21,2015,6,18.748,18.732,18.921454545454544,2015-06-24,Anomaly Persistence,3,2015
2015-06-22,2015,6,18.72,18.762,18.932181818181817,2015-06-25,Anomaly Persistence,3,2015
2015-06-23,2015,6,18.692,18.814,18.921272727272726,2015-06-26,Anomaly Persistence,3,2015
2015-06-24,2015,6,18.732,18.72,18.983818181818183,2015-06-27,Anomaly Persistence,3,2015
2015-06-25,2015,6,18.762,18.688,19.125272727272726,2015-06-28,Anomaly Persistence,3,2015
2015-06-26,2015,6,18.814,18.646,19.17127272727273,2015-06-29,Anomaly Persistence,3,2015
2015-06-27,2015,6,18.72,18.63,19.023636363636363,2015-06-30,Anomaly Persistence,3,2015
2015-06-28,2015,6,18.688,18.628,18.83531818181818,2015-07-01,Anomaly Persistence,3,2015
2015-06-29,2015,6,18.646,18.56,18.843515151515152,2015-07-02,Anomaly Persistence,3,2015
2015-06-30,2015,6,18.63,18.664,18.8775303030303,2015-07-03,Anomaly Persistence,3,2015
2015-07-01,2015,7,18.628,18.538,18.884,2015-07-04,Anomaly Persistence,3,2015
2015-07-02,2015,7,18.56,18.512,18.690666666666665,2015-07-05,Anomaly Persistence,3,2015
2015-07-03,2015,7,18.664,18.726,18.761333333333333,2015-07-06,Anomaly Persistence,3,2015
2015-07-04,2015,7,18.538,18.792,18.700166666666664,2015-07-07,Anomaly Persistence,3,2015
2015-07-05,2015,7,18.512,18.77,18.723666666666666,2015-07-08,Anomaly Persistence,3,2015
2015-07-06,2015,7,18.726,18.698,18.8815,2015-07-09,Anomaly Persistence,3,2015
2015-07-07,2015,7,18.792,18.646,18.878333333333337,2015-07-10,Anomaly Persistence,3,2015
2015-07-08,2015,7,18.77,18.528,18.853666666666665,2015-07-11,Anomaly Persistence,3,2015
2015-07-09,2015,7,18.698,18.4,18.789,2015-07-12,Anomaly Persistence,3,2015
2015-07-10,2015,7,18.646,18.25,18.7115,2015-07-13,Anomaly Persistence,3,2015
2015-07-11,2015,7,18.528,18.034,18.53483333333333,2015-07-14,Anomaly Persistence,3,2015
2015-07-12,2015,7,18.4,17.82,18.386333333333333,2015-07-15,Anomaly Persistence,3,2015
2015-07-13,2015,7,18.25,17.79,18.222833333333334,2015-07-16,Anomaly Persistence,3,2015
2015-07-14,2015,7,18.034,17.872,17.996166666666667,2015-07-17,Anomaly Persistence,3,2015
2015-07-15,2015,7,17.82,17.938,17.801583333333333,2015-07-18,Anomaly Persistence,3,2015
2015-07-16,2015,7,17.79,17.964,17.774833333333333,2015-07-19,Anomaly Persistence,3,2015
2015-07-17,2015,7,17.872,17.98,17.879833333333334,2015-07-20,Anomaly Persistence,3,2015
2015-07-18,2015,7,17.938,17.994,17.910416666666666,2015-07-21,Anomaly Persistence,3,2015
2015-07-19,2015,7,17.964,17.988,17.932499999999997,2015-07-22,Anomaly Persistence,3,2015
2015-07-20,2015,7,17.98,17.912,17.9365,2015-07-23,Anomaly Persistence,3,2015
2015-07-21,2015,7,17.994,17.644,17.951999999999998,2015-07-24,Anomaly Persistence,3,2015
2015-07-22,2015,7,17.988,17.514,17.966833333333334,2015-07-25,Anomaly Persistence,3,2015
2015-07-23,2015,7,17.912,17.504,17.872666666666667,2015-07-26,Anomaly Persistence,3,2015
2015-07-24,2015,7,17.644,17.614,17.586,2015-07-27,Anomaly Persistence,3,2015
2015-07-25,2015,7,17.514,17.694,17.459,2015-07-28,Anomaly Persistence,3,2015
2015-07-26,2015,7,17.504,17.69,17.466333333333335,2015-07-29,Anomaly Persistence,3,2015
2015-07-27,2015,7,17.614,17.602,17.598166666666668,2015-07-30,Anomaly Persistence,3,2015
2015-07-28,2015,7,17.694,17.518,17.637166666666662,2015-07-31,Anomaly Persistence,3,2015
2015-07-29,2015,7,17.69,17.35,17.5659696969697,2015-08-01,Anomaly Persistence,3,2015
2015-07-30,2015,7,17.602,16.992,17.418681818181817,2015-08-02,Anomaly Persistence,3,2015
2015-07-31,2015,7,17.518,16.79,17.326242424242427,2015-08-03,Anomaly Persistence,3,2015
2015-08-01,2015,8,17.35,16.66,17.149454545454546,2015-08-04,Anomaly Persistence,3,2015
2015-08-02,2015,8,16.992,16.576,16.836909090909092,2015-08-05,Anomaly Persistence,3,2015
2015-08-03,2015,8,16.79,16.552,16.64663636363636,2015-08-06,Anomaly Persistence,3,2015
2015-08-04,2015,8,16.66,16.618,16.58927272727273,2015-08-07,Anomaly Persistence,3,2015
2015-08-05,2015,8,16.576,16.874,16.532545454545456,2015-08-08,Anomaly Persistence,3,2015
2015-08-06,2015,8,16.552,16.952,16.502636363636366,2015-08-09,Anomaly Persistence,3,2015
2015-08-07,2015,8,16.618,16.99,16.545272727272724,2015-08-10,Anomaly Persistence,3,2015
2015-08-08,2015,8,16.874,17.102,16.802363636363634,2015-08-11,Anomaly Persistence,3,2015
2015-08-09,2015,8,16.952,17.162,16.93,2015-08-12,Anomaly Persistence,3,2015
2015-08-10,2015,8,16.99,17.264,17.04490909090909,2015-08-13,Anomaly Persistence,3,2015
2015-08-11,2015,8,17.102,17.342,17.21309090909091,2015-08-14,Anomaly Persistence,3,2015
2015-08-12,2015,8,17.162,17.346,17.280363636363635,2015-08-15,Anomaly Persistence,3,2015
2015-08-13,2015,8,17.264,17.43,17.351636363636363,2015-08-16,Anomaly Persistence,3,2015
2015-08-14,2015,8,17.342,17.474,17.416545454545453,2015-08-17,Anomaly Persistence,3,2015
2015-08-15,2015,8,17.346,17.598,17.435636363636366,2015-08-18,Anomaly Persistence,3,2015
2015-08-16,2015,8,17.43,17.862,17.517999999999997,2015-08-19,Anomaly Persistence,3,2015
2015-08-17,2015,8,17.474,18.216,17.536727272727273,2015-08-20,Anomaly Persistence,3,2015
2015-08-18,2015,8,17.598,18.948,17.664545454545454,2015-08-21,Anomaly Persistence,3,2015
2015-08-19,2015,8,17.862,19.578,17.95290909090909,2015-08-22,Anomaly Persistence,3,2015
2015-08-20,2015,8,18.216,19.818,18.279818181818186,2015-08-23,Anomaly Persistence,3,2015
2015-08-21,2015,8,18.948,19.94,18.959272727272726,2015-08-24,Anomaly Persistence,3,2015
2015-08-22,2015,8,19.578,19.932,19.52854545454546,2015-08-25,Anomaly Persistence,3,2015
2015-08-23,2015,8,19.818,19.82,19.736727272727276,2015-08-26,Anomaly Persistence,3,2015
2015-08-24,2015,8,19.94,19.642,19.837636363636364,2015-08-27,Anomaly Persistence,3,2015
2015-08-25,2015,8,19.932,19.514,19.861818181818176,2015-08-28,Anomaly Persistence,3,2015
2015-08-26,2015,8,19.82,19.42,19.80581818181818,2015-08-29,Anomaly Persistence,3,2015
2015-08-27,2015,8,19.642,19.382,19.628727272727275,2015-08-30,Anomaly Persistence,3,2015
2015-08-28,2015,8,19.514,19.418,19.46709090909091,2015-08-31,Anomaly Persistence,3,2015
2015-10-08,2015,10,16.838,16.378,16.615000000000002,2015-10-11,Anomaly Persistence,3,2015
2015-10-09,2015,10,16.688,16.288,16.3628,2015-10-12,Anomaly Persistence,3,2015
2015-10-10,2015,10,16.572,16.198,16.2034,2015-10-13,Anomaly Persistence,3,2015
2015-10-11,2015,10,16.378,16.134,16.0884,2015-10-14,Anomaly Persistence,3,2015
2015-10-12,2015,10,16.288,16.058,16.11,2015-10-15,Anomaly Persistence,3,2015
2015-10-13,2015,10,16.198,15.994,16.121600000000004,2015-10-16,Anomaly Persistence,3,2015
2015-10-14,2015,10,16.134,15.926,16.0868,2015-10-17,Anomaly Persistence,3,2015
2015-10-15,2015,10,16.058,15.858,15.927600000000002,2015-10-18,Anomaly Persistence,3,2015
2015-10-16,2015,10,15.994,15.726,15.789199999999997,2015-10-19,Anomaly Persistence,3,2015
2015-10-17,2015,10,15.926,15.618,15.635,2015-10-20,Anomaly Persistence,3,2015
2015-10-18,2015,10,15.858,15.526,15.572,2015-10-21,Anomaly Persistence,3,2015
2015-10-19,2015,10,15.726,15.416,15.449200000000003,2015-10-22,Anomaly Persistence,3,2015
2015-10-20,2015,10,15.618,15.342,15.3288,2015-10-23,Anomaly Persistence,3,2015
2015-10-21,2015,10,15.526,15.266,15.1984,2015-10-24,Anomaly Persistence,3,2015
2015-10-22,2015,10,15.416,15.218,15.071799999999998,2015-10-25,Anomaly Persistence,3,2015
2015-10-23,2015,10,15.342,15.14,15.053600000000001,2015-10-26,Anomaly Persistence,3,2015
2015-10-24,2015,10,15.266,15.076,15.0386,2015-10-27,Anomaly Persistence,3,2015
2015-10-25,2015,10,15.218,14.988,15.0362,2015-10-28,Anomaly Persistence,3,2015
2015-10-26,2015,10,15.14,14.912,14.988800000000003,2015-10-29,Anomaly Persistence,3,2015
2015-10-27,2015,10,15.076,14.9,14.961200000000002,2015-10-30,Anomaly Persistence,3,2015
2015-10-28,2015,10,14.988,14.884,14.9004,2015-10-31,Anomaly Persistence,3,2015
2015-10-29,2015,10,14.912,14.832,14.873472727272725,2015-11-01,Anomaly Persistence,3,2015
2015-10-30,2015,10,14.9,14.73,14.838433333333333,2015-11-02,Anomaly Persistence,3,2015
2015-10-31,2015,10,14.884,14.658,14.791466666666668,2015-11-03,Anomaly Persistence,3,2015
2015-11-01,2015,11,14.832,14.614,14.67606060606061,2015-11-04,Anomaly Persistence,3,2015
2015-11-02,2015,11,14.73,14.536,14.5395,2015-11-05,Anomaly Persistence,3,2015
2015-11-03,2015,11,14.658,14.49,14.447666666666665,2015-11-06,Anomaly Persistence,3,2015
2015-11-04,2015,11,14.614,14.454,14.377666666666666,2015-11-07,Anomaly Persistence,3,2015
2015-11-05,2015,11,14.536,14.448,14.316166666666666,2015-11-08,Anomaly Persistence,3,2015
2015-11-06,2015,11,14.49,14.43,14.270500000000002,2015-11-09,Anomaly Persistence,3,2015
2015-11-07,2015,11,14.454,14.42,14.239833333333333,2015-11-10,Anomaly Persistence,3,2015
2015-11-08,2015,11,14.448,14.41,14.231666666666667,2015-11-11,Anomaly Persistence,3,2015
2015-11-09,2015,11,14.43,14.4,14.247666666666666,2015-11-12,Anomaly Persistence,3,2015
2015-11-10,2015,11,14.42,14.39,14.266166666666667,2015-11-13,Anomaly Persistence,3,2015
2015-11-11,2015,11,14.41,14.374,14.273833333333334,2015-11-14,Anomaly Persistence,3,2015
2015-11-12,2015,11,14.4,14.352,14.246833333333333,2015-11-15,Anomaly Persistence,3,2015
2015-11-13,2015,11,14.39,14.304,14.223166666666666,2015-11-16,Anomaly Persistence,3,2015
2015-11-14,2015,11,14.374,14.212,14.203333333333333,2015-11-17,Anomaly Persistence,3,2015
2015-11-15,2015,11,14.352,14.134,14.194500000000001,2015-11-18,Anomaly Persistence,3,2015
2015-11-16,2015,11,14.304,14.066,14.153166666666667,2015-11-19,Anomaly Persistence,3,2015
2015-11-17,2015,11,14.212,13.986,14.076666666666664,2015-11-20,Anomaly Persistence,3,2015
2015-11-18,2015,11,14.134,13.958,14.014833333333334,2015-11-21,Anomaly Persistence,3,2015
2015-11-19,2015,11,14.066,13.902,13.957666666666668,2015-11-22,Anomaly Persistence,3,2015
2015-11-20,2015,11,13.986,13.858,13.879083333333336,2015-11-23,Anomaly Persistence,3,2015
2015-11-21,2015,11,13.958,13.824,13.859499999999999,2015-11-24,Anomaly Persistence,3,2015
2015-11-22,2015,11,13.902,13.79,13.843999999999998,2015-11-25,Anomaly Persistence,3,2015
2015-11-23,2015,11,13.858,13.748,13.80825,2015-11-26,Anomaly Persistence,3,2015
2015-11-24,2015,11,13.824,13.71,13.7655,2015-11-27,Anomaly Persistence,3,2015
2015-11-25,2015,11,13.79,13.674,13.684333333333333,2015-11-28,Anomaly Persistence,3,2015
2015-11-26,2015,11,13.748,13.644,13.628333333333336,2015-11-29,Anomaly Persistence,3,2015
2015-11-27,2015,11,13.71,13.59,13.582333333333336,2015-11-30,Anomaly Persistence,3,2015
2015-11-28,2015,11,13.674,13.538,13.596848484848485,2015-12-01,Anomaly Persistence,3,2015
2015-11-29,2015,11,13.644,13.518,13.566696969696968,2015-12-02,Anomaly Persistence,3,2015
2015-11-30,2015,11,13.59,13.494,13.517454545454545,2015-12-03,Anomaly Persistence,3,2015
2015-12-01,2015,12,13.538,13.464,13.422909090909092,2015-12-04,Anomaly Persistence,3,2015
2015-12-02,2015,12,13.518,13.44,13.415454545454546,2015-12-05,Anomaly Persistence,3,2015
2015-12-03,2015,12,13.494,13.406,13.40209090909091,2015-12-06,Anomaly Persistence,3,2015
2015-12-04,2015,12,13.464,13.384,13.379272727272728,2015-12-07,Anomaly Persistence,3,2015
2015-12-05,2015,12,13.44,13.358,13.355454545454544,2015-12-08,Anomaly Persistence,3,2015
2015-12-06,2015,12,13.406,13.33,13.318181818181818,2015-12-09,Anomaly Persistence,3,2015
2015-12-07,2015,12,13.384,13.3,13.290909090909091,2015-12-10,Anomaly Persistence,3,2015
2015-12-08,2015,12,13.358,13.276,13.264909090909091,2015-12-11,Anomaly Persistence,3,2015
2015-12-09,2015,12,13.33,13.242,13.23781818181818,2015-12-12,Anomaly Persistence,3,2015
2015-12-10,2015,12,13.3,13.21,13.208909090909092,2015-12-13,Anomaly Persistence,3,2015
2015-12-11,2015,12,13.276,13.184,13.188181818181821,2015-12-14,Anomaly Persistence,3,2015
2015-12-12,2015,12,13.242,13.158,13.156545454545455,2015-12-15,Anomaly Persistence,3,2015
2015-12-13,2015,12,13.21,13.132,13.128363636363638,2015-12-16,Anomaly Persistence,3,2015
2015-12-14,2015,12,13.184,13.11,13.10490909090909,2015-12-17,Anomaly Persistence,3,2015
2015-12-15,2015,12,13.158,13.084,13.081818181818182,2015-12-18,Anomaly Persistence,3,2015
2015-12-16,2015,12,13.132,13.066,13.06490909090909,2015-12-19,Anomaly Persistence,3,2015
2015-12-17,2015,12,13.11,13.042,13.042,2015-12-20,Anomaly Persistence,3,2015
2015-12-18,2015,12,13.084,13.03,13.015636363636363,2015-12-21,Anomaly Persistence,3,2015
2015-12-19,2015,12,13.066,13.028,12.999818181818181,2015-12-22,Anomaly Persistence,3,2015
2015-12-20,2015,12,13.042,12.998,12.980363636363634,2015-12-23,Anomaly Persistence,3,2015
2015-12-21,2015,12,13.03,12.968,12.974181818181817,2015-12-24,Anomaly Persistence,3,2015
2015-12-22,2015,12,13.028,12.944,12.970363636363638,2015-12-25,Anomaly Persistence,3,2015
2015-12-23,2015,12,12.998,12.918,12.939636363636364,2015-12-26,Anomaly Persistence,3,2015
2015-12-24,2015,12,12.968,12.88,12.908181818181818,2015-12-27,Anomaly Persistence,3,2015
2015-12-25,2015,12,12.944,12.842,12.88109090909091,2015-12-28,Anomaly Persistence,3,2015
2015-12-26,2015,12,12.918,12.826,12.85381818181818,2015-12-29,Anomaly Persistence,3,2015
2015-12-27,2015,12,12.88,12.782,12.814545454545456,2015-12-30,Anomaly Persistence,3,2015
2015-12-28,2015,12,12.842,12.75,12.768363636363636,2015-12-31,Anomaly Persistence,3,2015
2015-12-29,2015,12,12.826,12.72,12.762075757575758,2016-01-01,Anomaly Persistence,3,2015
2015-12-30,2015,12,12.782,12.69,12.711045454545454,2016-01-02,Anomaly Persistence,3,2015
2015-12-31,2015,12,12.75,12.68,12.689409090909091,2016-01-03,Anomaly Persistence,3,2015
2016-01-01,2016,1,12.72,12.662,12.653,2016-01-04,Anomaly Persistence,3,2016
2016-01-02,2016,1,12.69,12.63,12.628833333333333,2016-01-05,Anomaly Persistence,3,2016
2016-01-03,2016,1,12.68,12.606,12.6175,2016-01-06,Anomaly Persistence,3,2016
2016-01-04,2016,1,12.662,12.584,12.600833333333334,2016-01-07,Anomaly Persistence,3,2016
2016-01-05,2016,1,12.63,12.566,12.570500000000001,2016-01-08,Anomaly Persistence,3,2016
2016-01-06,2016,1,12.606,12.548,12.546666666666667,2016-01-09,Anomaly Persistence,3,2016
2016-01-07,2016,1,12.584,12.526,12.520500000000002,2016-01-10,Anomaly Persistence,3,2016
2016-01-08,2016,1,12.566,12.504,12.506750000000002,2016-01-11,Anomaly Persistence,3,2016
2016-01-09,2016,1,12.548,12.482,12.493666666666666,2016-01-12,Anomaly Persistence,3,2016
2016-01-10,2016,1,12.526,12.47,12.476916666666664,2016-01-13,Anomaly Persistence,3,2016
2016-01-11,2016,1,12.504,12.46,12.452749999999998,2016-01-14,Anomaly Persistence,3,2016
2016-01-12,2016,1,12.482,12.448,12.432916666666666,2016-01-15,Anomaly Persistence,3,2016
2016-01-13,2016,1,12.47,12.428,12.419250000000002,2016-01-16,Anomaly Persistence,3,2016
2016-01-14,2016,1,12.46,12.42,12.412833333333335,2016-01-17,Anomaly Persistence,3,2016
2016-01-15,2016,1,12.448,12.42,12.397750000000002,2016-01-18,Anomaly Persistence,3,2016
2016-01-16,2016,1,12.428,12.41,12.380833333333335,2016-01-19,Anomaly Persistence,3,2016
2016-01-17,2016,1,12.42,12.392,12.370166666666664,2016-01-20,Anomaly Persistence,3,2016
2016-01-18,2016,1,12.42,12.386,12.367999999999999,2016-01-21,Anomaly Persistence,3,2016
2016-01-19,2016,1,12.41,12.37,12.3525,2016-01-22,Anomaly Persistence,3,2016
2016-01-20,2016,1,12.392,12.36,12.335166666666668,2016-01-23,Anomaly Persistence,3,2016
2016-01-21,2016,1,12.386,12.346,12.337499999999999,2016-01-24,Anomaly Persistence,3,2016
2016-01-22,2016,1,12.37,12.32,12.325999999999999,2016-01-25,Anomaly Persistence,3,2016
2016-01-23,2016,1,12.36,12.296,12.316166666666666,2016-01-26,Anomaly Persistence,3,2016
2016-01-24,2016,1,12.346,12.274,12.298333333333334,2016-01-27,Anomaly Persistence,3,2016
2016-01-25,2016,1,12.32,12.25,12.275666666666668,2016-01-28,Anomaly Persistence,3,2016
2016-01-26,2016,1,12.296,12.23,12.256833333333333,2016-01-29,Anomaly Persistence,3,2016
2016-01-27,2016,1,12.274,12.22,12.242333333333333,2016-01-30,Anomaly Persistence,3,2016
2016-01-28,2016,1,12.25,12.204,12.220333333333334,2016-01-31,Anomaly Persistence,3,2016
2016-01-29,2016,1,12.23,12.19,12.226772727272728,2016-02-01,Anomaly Persistence,3,2016
2016-01-30,2016,1,12.22,12.178,12.20737878787879,2016-02-02,Anomaly Persistence,3,2016
2016-01-31,2016,1,12.204,12.158,12.188090909090906,2016-02-03,Anomaly Persistence,3,2016
2016-02-01,2016,2,12.19,12.142,12.148181818181817,2016-02-04,Anomaly Persistence,3,2016
2016-02-02,2016,2,12.178,12.124,12.143454545454546,2016-02-05,Anomaly Persistence,3,2016
2016-02-03,2016,2,12.158,12.106,12.124545454545455,2016-02-06,Anomaly Persistence,3,2016
2016-02-04,2016,2,12.142,12.09,12.108727272727274,2016-02-07,Anomaly Persistence,3,2016
2016-02-05,2016,2,12.124,12.076,12.086363636363636,2016-02-08,Anomaly Persistence,3,2016
2016-02-06,2016,2,12.106,12.06,12.065454545454545,2016-02-09,Anomaly Persistence,3,2016
2016-02-07,2016,2,12.09,12.05,12.049818181818182,2016-02-10,Anomaly Persistence,3,2016
2016-02-08,2016,2,12.076,12.04,12.037636363636365,2016-02-11,Anomaly Persistence,3,2016
2016-02-09,2016,2,12.06,12.03,12.022909090909094,2016-02-12,Anomaly Persistence,3,2016
2016-02-10,2016,2,12.05,12.02,12.01090909090909,2016-02-13,Anomaly Persistence,3,2016
2016-02-11,2016,2,12.04,12.01,11.999636363636364,2016-02-14,Anomaly Persistence,3,2016
2016-02-12,2016,2,12.03,12.01,11.995090909090907,2016-02-15,Anomaly Persistence,3,2016
2016-02-13,2016,2,12.02,12.014,11.982545454545454,2016-02-16,Anomaly Persistence,3,2016
2016-02-14,2016,2,12.01,12.026,11.972363636363633,2016-02-17,Anomaly Persistence,3,2016
2016-02-15,2016,2,12.01,12.04,11.97490909090909,2016-02-18,Anomaly Persistence,3,2016
2016-02-16,2016,2,12.014,12.054,12.0,2016-02-19,Anomaly Persistence,3,2016
2016-02-17,2016,2,12.026,12.074,12.034545454545455,2016-02-20,Anomaly Persistence,3,2016
2016-02-18,2016,2,12.04,12.08,12.053272727272729,2016-02-21,Anomaly Persistence,3,2016
2016-02-19,2016,2,12.054,12.054,12.04836363636364,2016-02-22,Anomaly Persistence,3,2016
2016-02-20,2016,2,12.074,12.032,12.044545454545455,2016-02-23,Anomaly Persistence,3,2016
2016-02-21,2016,2,12.08,12.016,12.04090909090909,2016-02-24,Anomaly Persistence,3,2016
2016-02-22,2016,2,12.054,12.0,12.027090909090907,2016-02-25,Anomaly Persistence,3,2016
2016-02-23,2016,2,12.032,11.99,12.028909090909089,2016-02-26,Anomaly Persistence,3,2016
2016-02-24,2016,2,12.016,11.99,12.039272727272728,2016-02-27,Anomaly Persistence,3,2016
2016-02-25,2016,2,12.0,11.994,12.039818181818184,2016-02-28,Anomaly Persistence,3,2016
2016-02-26,2016,2,11.99,12.034,12.028181818181821,2016-02-29,Anomaly Persistence,3,2016
2016-02-27,2016,2,11.99,12.148,12.017818181818184,2016-03-01,Anomaly Persistence,3,2016
2016-02-28,2016,2,11.994,12.56,12.03381818181818,2016-03-02,Anomaly Persistence,3,2016
2016-02-29,2016,2,12.034,12.63,12.08,2016-03-03,Anomaly Persistence,3,2016
2016-03-01,2016,3,12.148,12.586,12.191999999999997,2016-03-04,Anomaly Persistence,3,2016
2016-03-02,2016,3,12.56,12.51,12.589090909090908,2016-03-05,Anomaly Persistence,3,2016
2016-03-03,2016,3,12.63,12.412,12.656727272727272,2016-03-06,Anomaly Persistence,3,2016
2016-03-04,2016,3,12.586,12.344,12.62618181818182,2016-03-07,Anomaly Persistence,3,2016
2016-03-05,2016,3,12.51,12.282,12.55509090909091,2016-03-08,Anomaly Persistence,3,2016
2016-03-06,2016,3,12.412,12.23,12.45709090909091,2016-03-09,Anomaly Persistence,3,2016
2016-03-07,2016,3,12.344,12.204,12.37509090909091,2016-03-10,Anomaly Persistence,3,2016
2016-03-08,2016,3,12.282,12.182,12.309818181818182,2016-03-11,Anomaly Persistence,3,2016
2016-03-09,2016,3,12.23,12.16,12.300545454545457,2016-03-12,Anomaly Persistence,3,2016
2016-03-10,2016,3,12.204,12.15,12.313999999999998,2016-03-13,Anomaly Persistence,3,2016
2016-03-11,2016,3,12.182,12.15,12.295636363636364,2016-03-14,Anomaly Persistence,3,2016
2016-03-12,2016,3,12.16,12.15,12.215636363636364,2016-03-15,Anomaly Persistence,3,2016
2016-03-13,2016,3,12.15,12.2,12.152545454545457,2016-03-16,Anomaly Persistence,3,2016
2016-03-14,2016,3,12.15,12.298,12.134363636363638,2016-03-17,Anomaly Persistence,3,2016
2016-03-15,2016,3,12.15,12.452,12.151272727272728,2016-03-18,Anomaly Persistence,3,2016
2016-03-16,2016,3,12.2,12.574,12.229999999999999,2016-03-19,Anomaly Persistence,3,2016
2016-03-17,2016,3,12.298,12.606,12.337272727272726,2016-03-20,Anomaly Persistence,3,2016
2016-03-18,2016,3,12.452,12.594,12.484,2016-03-21,Anomaly Persistence,3,2016
2016-03-19,2016,3,12.574,12.592,12.595272727272727,2016-03-22,Anomaly Persistence,3,2016
2016-03-20,2016,3,12.606,12.646,12.642909090909091,2016-03-23,Anomaly Persistence,3,2016
2016-03-21,2016,3,12.594,12.782,12.664909090909092,2016-03-24,Anomaly Persistence,3,2016
2016-03-22,2016,3,12.592,12.862,12.693090909090909,2016-03-25,Anomaly Persistence,3,2016
2016-03-23,2016,3,12.646,12.864,12.778545454545455,2016-03-26,Anomaly Persistence,3,2016
2016-03-24,2016,3,12.782,12.804,12.954909090909089,2016-03-27,Anomaly Persistence,3,2016
2016-03-25,2016,3,12.862,12.764,13.038181818181817,2016-03-28,Anomaly Persistence,3,2016
2016-03-26,2016,3,12.864,12.766,12.996363636363636,2016-03-29,Anomaly Persistence,3,2016
2016-03-27,2016,3,12.804,12.808,12.883636363636365,2016-03-30,Anomaly Persistence,3,2016
2016-03-28,2016,3,12.764,12.866,12.856181818181819,2016-03-31,Anomaly Persistence,3,2016
2016-03-29,2016,3,12.766,12.944,12.913454545454547,2016-04-01,Anomaly Persistence,3,2016
2016-03-30,2016,3,12.808,12.926,12.988181818181818,2016-04-02,Anomaly Persistence,3,2016
2016-03-31,2016,3,12.866,12.852,13.032181818181819,2016-04-03,Anomaly Persistence,3,2016
2016-04-01,2016,4,12.944,12.82,13.081090909090909,2016-04-04,Anomaly Persistence,3,2016
2016-04-02,2016,4,12.926,12.822,13.04190909090909,2016-04-05,Anomaly Persistence,3,2016
2016-04-03,2016,4,12.852,12.906,12.997818181818182,2016-04-06,Anomaly Persistence,3,2016
2016-04-04,2016,4,12.82,13.04,13.017454545454548,2016-04-07,Anomaly Persistence,3,2016
2016-04-05,2016,4,12.822,13.15,13.087181818181818,2016-04-08,Anomaly Persistence,3,2016
2016-04-06,2016,4,12.906,13.178,13.181454545454544,2016-04-09,Anomaly Persistence,3,2016
2016-04-07,2016,4,13.04,13.142,13.249090909090906,2016-04-10,Anomaly Persistence,3,2016
2016-04-08,2016,4,13.15,13.142,13.26181818181818,2016-04-11,Anomaly Persistence,3,2016
2016-04-09,2016,4,13.178,13.208,13.239454545454548,2016-04-12,Anomaly Persistence,3,2016
2016-04-10,2016,4,13.142,13.42,13.210909090909091,2016-04-13,Anomaly Persistence,3,2016
2016-04-11,2016,4,13.142,14.184,13.274727272727274,2016-04-14,Anomaly Persistence,3,2016
2016-04-12,2016,4,13.208,14.704,13.384545454545455,2016-04-15,Anomaly Persistence,3,2016
2016-04-13,2016,4,13.42,14.816,13.613272727272728,2016-04-16,Anomaly Persistence,3,2016
2016-04-14,2016,4,14.184,14.734,14.337272727272724,2016-04-17,Anomaly Persistence,3,2016
2016-04-15,2016,4,14.704,14.774,14.81,2016-04-18,Anomaly Persistence,3,2016
2016-04-16,2016,4,14.816,15.016,14.977454545454545,2016-04-19,Anomaly Persistence,3,2016
2016-04-17,2016,4,14.734,15.192,14.95618181818182,2016-04-20,Anomaly Persistence,3,2016
2016-04-18,2016,4,14.774,15.23,15.060363636363636,2016-04-21,Anomaly Persistence,3,2016
2016-04-19,2016,4,15.016,15.186,15.222909090909091,2016-04-22,Anomaly Persistence,3,2016
2016-04-20,2016,4,15.192,15.128,15.34890909090909,2016-04-23,Anomaly Persistence,3,2016
2016-04-21,2016,4,15.23,15.114,15.336090909090908,2016-04-24,Anomaly Persistence,3,2016
2016-04-22,2016,4,15.186,15.264,15.364363636363635,2016-04-25,Anomaly Persistence,3,2016
2016-04-23,2016,4,15.128,15.55,15.424,2016-04-26,Anomaly Persistence,3,2016
2016-04-24,2016,4,15.114,15.79,15.458818181818183,2016-04-27,Anomaly Persistence,3,2016
2016-04-25,2016,4,15.264,15.996,15.549090909090909,2016-04-28,Anomaly Persistence,3,2016
2016-04-26,2016,4,15.55,16.216,15.724727272727273,2016-04-29,Anomaly Persistence,3,2016
2016-04-27,2016,4,15.79,16.444,16.038854545454544,2016-04-30,Anomaly Persistence,3,2016
2016-04-28,2016,4,15.996,16.428,16.31487272727273,2016-05-01,Anomaly Persistence,3,2016
2016-04-29,2016,4,16.216,16.192,16.47958181818182,2016-05-02,Anomaly Persistence,3,2016
2016-04-30,2016,4,16.444,16.034,16.5612,2016-05-03,Anomaly Persistence,3,2016
2016-05-01,2016,5,16.428,15.926,16.447000000000003,2016-05-04,Anomaly Persistence,3,2016
2016-05-02,2016,5,16.192,16.1,16.2178,2016-05-05,Anomaly Persistence,3,2016
2016-05-03,2016,5,16.034,16.168,16.0944,2016-05-06,Anomaly Persistence,3,2016
2016-05-04,2016,5,15.926,16.124,16.0212,2016-05-07,Anomaly Persistence,3,2016
2016-05-05,2016,5,16.1,15.972,16.2002,2016-05-08,Anomaly Persistence,3,2016
2016-05-06,2016,5,16.168,15.786,16.230799999999995,2016-05-09,Anomaly Persistence,3,2016
2016-05-07,2016,5,16.124,15.612,16.1582,2016-05-10,Anomaly Persistence,3,2016
2016-05-08,2016,5,15.972,15.442,16.004800000000003,2016-05-11,Anomaly Persistence,3,2016
2016-05-09,2016,5,15.786,15.29,15.743000000000002,2016-05-12,Anomaly Persistence,3,2016
2016-05-10,2016,5,15.612,15.238,15.500199999999998,2016-05-13,Anomaly Persistence,3,2016
2016-05-11,2016,5,15.442,15.2,15.294799999999999,2016-05-14,Anomaly Persistence,3,2016
2016-05-12,2016,5,15.29,15.176,15.259399999999998,2016-05-15,Anomaly Persistence,3,2016
2016-05-13,2016,5,15.238,15.122,15.3766,2016-05-16,Anomaly Persistence,3,2016
2016-05-14,2016,5,15.2,15.138,15.4626,2016-05-17,Anomaly Persistence,3,2016
2016-05-15,2016,5,15.176,15.448,15.4604,2016-05-18,Anomaly Persistence,3,2016
2016-05-16,2016,5,15.122,15.846,15.3222,2016-05-19,Anomaly Persistence,3,2016
2016-05-17,2016,5,15.138,16.218,15.2778,2016-05-20,Anomaly Persistence,3,2016
2016-05-18,2016,5,15.448,16.294,15.563400000000003,2016-05-21,Anomaly Persistence,3,2016
2016-05-19,2016,5,15.846,16.772,16.0098,2016-05-22,Anomaly Persistence,3,2016
2016-05-20,2016,5,16.218,17.27,16.423000000000002,2016-05-23,Anomaly Persistence,3,2016
2016-05-21,2016,5,16.294,17.364,16.4938,2016-05-24,Anomaly Persistence,3,2016
2016-05-22,2016,5,16.772,17.14,16.9666,2016-05-25,Anomaly Persistence,3,2016
2016-05-23,2016,5,17.27,16.908,17.4858,2016-05-26,Anomaly Persistence,3,2016
2016-05-24,2016,5,17.364,16.748,17.6972,2016-05-27,Anomaly Persistence,3,2016
2016-05-25,2016,5,17.14,16.722,17.461199999999998,2016-05-28,Anomaly Persistence,3,2016
2016-05-26,2016,5,16.908,16.72,17.180799999999998,2016-05-29,Anomaly Persistence,3,2016
2016-05-27,2016,5,16.748,16.67,16.8698,2016-05-30,Anomaly Persistence,3,2016
2016-05-28,2016,5,16.722,16.542,16.769945454545457,2016-05-31,Anomaly Persistence,3,2016
2016-05-29,2016,5,16.72,16.564,16.749000000000002,2016-06-01,Anomaly Persistence,3,2016
2016-05-30,2016,5,16.67,16.7,16.748472727272727,2016-06-02,Anomaly Persistence,3,2016
2016-05-31,2016,5,16.542,16.686,16.63618181818182,2016-06-03,Anomaly Persistence,3,2016
2016-06-01,2016,6,16.564,16.504,16.655090909090905,2016-06-04,Anomaly Persistence,3,2016
2016-06-02,2016,6,16.7,16.324,16.820909090909094,2016-06-05,Anomaly Persistence,3,2016
2016-06-03,2016,6,16.686,16.216,16.928727272727272,2016-06-06,Anomaly Persistence,3,2016
2016-06-04,2016,6,16.504,16.2,16.847090909090912,2016-06-07,Anomaly Persistence,3,2016
2016-06-05,2016,6,16.324,16.188,16.669090909090908,2016-06-08,Anomaly Persistence,3,2016
2016-06-06,2016,6,16.216,16.116,16.46690909090909,2016-06-09,Anomaly Persistence,3,2016
2016-06-07,2016,6,16.2,16.072,16.374363636363636,2016-06-10,Anomaly Persistence,3,2016
2016-06-08,2016,6,16.188,16.088,16.300363636363638,2016-06-11,Anomaly Persistence,3,2016
2016-06-09,2016,6,16.116,16.04,16.171818181818182,2016-06-12,Anomaly Persistence,3,2016
2016-06-10,2016,6,16.072,16.076,16.05181818181818,2016-06-13,Anomaly Persistence,3,2016
2016-06-11,2016,6,16.088,16.138,16.06472727272727,2016-06-14,Anomaly Persistence,3,2016
2016-06-12,2016,6,16.04,16.532,16.19272727272727,2016-06-15,Anomaly Persistence,3,2016
2016-06-13,2016,6,16.076,17.31,16.447272727272725,2016-06-16,Anomaly Persistence,3,2016
2016-06-14,2016,6,16.138,17.478,16.615636363636366,2016-06-17,Anomaly Persistence,3,2016
2016-06-15,2016,6,16.532,17.466,17.002545454545455,2016-06-18,Anomaly Persistence,3,2016
2016-06-16,2016,6,17.31,17.45,17.66136363636364,2016-06-19,Anomaly Persistence,3,2016
2016-06-17,2016,6,17.478,17.544,17.698727272727275,2016-06-20,Anomaly Persistence,3,2016
2016-06-18,2016,6,17.466,17.77,17.56927272727273,2016-06-21,Anomaly Persistence,3,2016
2016-06-19,2016,6,17.45,18.074,17.548272727272725,2016-06-22,Anomaly Persistence,3,2016
2016-06-20,2016,6,17.544,18.422,17.717454545454544,2016-06-23,Anomaly Persistence,3,2016
2016-06-21,2016,6,17.77,18.676,17.982181818181818,2016-06-24,Anomaly Persistence,3,2016
2016-06-22,2016,6,18.074,18.966,18.303272727272727,2016-06-25,Anomaly Persistence,3,2016
2016-06-23,2016,6,18.422,19.296,18.673818181818184,2016-06-26,Anomaly Persistence,3,2016
2016-06-24,2016,6,18.676,19.33,19.039272727272724,2016-06-27,Anomaly Persistence,3,2016
2016-06-25,2016,6,18.966,19.136,19.32327272727273,2016-06-28,Anomaly Persistence,3,2016
2016-06-26,2016,6,19.296,18.906,19.599636363636364,2016-06-29,Anomaly Persistence,3,2016
2016-06-27,2016,6,19.33,18.676,19.47731818181818,2016-06-30,Anomaly Persistence,3,2016
2016-06-28,2016,6,19.136,18.542,19.33351515151515,2016-07-01,Anomaly Persistence,3,2016
2016-06-29,2016,6,18.906,18.478,19.1535303030303,2016-07-02,Anomaly Persistence,3,2016
2016-06-30,2016,6,18.676,18.63,18.932,2016-07-03,Anomaly Persistence,3,2016
2016-07-01,2016,7,18.542,18.756,18.672666666666668,2016-07-04,Anomaly Persistence,3,2016
2016-07-02,2016,7,18.478,18.866,18.575333333333333,2016-07-05,Anomaly Persistence,3,2016
2016-07-03,2016,7,18.63,19.154,18.792166666666663,2016-07-06,Anomaly Persistence,3,2016
2016-07-04,2016,7,18.756,19.34,18.967666666666666,2016-07-07,Anomaly Persistence,3,2016
2016-07-05,2016,7,18.866,19.522,19.0215,2016-07-08,Anomaly Persistence,3,2016
2016-07-06,2016,7,19.154,19.522,19.240333333333336,2016-07-09,Anomaly Persistence,3,2016
2016-07-07,2016,7,19.34,19.454,19.423666666666666,2016-07-10,Anomaly Persistence,3,2016
2016-07-08,2016,7,19.522,19.35,19.613,2016-07-11,Anomaly Persistence,3,2016
2016-07-09,2016,7,19.522,19.256,19.5875,2016-07-12,Anomaly Persistence,3,2016
2016-07-10,2016,7,19.454,19.18,19.460833333333333,2016-07-13,Anomaly Persistence,3,2016
2016-07-11,2016,7,19.35,19.12,19.336333333333336,2016-07-14,Anomaly Persistence,3,2016
2016-07-12,2016,7,19.256,19.058,19.228833333333334,2016-07-15,Anomaly Persistence,3,2016
2016-07-13,2016,7,19.18,18.988,19.142166666666668,2016-07-16,Anomaly Persistence,3,2016
2016-07-14,2016,7,19.12,19.0,19.101583333333334,2016-07-17,Anomaly Persistence,3,2016
2016-07-15,2016,7,19.058,19.076,19.042833333333334,2016-07-18,Anomaly Persistence,3,2016
2016-07-16,2016,7,18.988,19.386,18.995833333333334,2016-07-19,Anomaly Persistence,3,2016
2016-07-17,2016,7,19.0,19.448,18.972416666666668,2016-07-20,Anomaly Persistence,3,2016
2016-07-18,2016,7,19.076,19.486,19.0445,2016-07-21,Anomaly Persistence,3,2016
2016-07-19,2016,7,19.386,19.626,19.342499999999998,2016-07-22,Anomaly Persistence,3,2016
2016-07-20,2016,7,19.448,19.728,19.406,2016-07-23,Anomaly Persistence,3,2016
2016-07-21,2016,7,19.486,19.908,19.464833333333335,2016-07-24,Anomaly Persistence,3,2016
2016-07-22,2016,7,19.626,20.15,19.58666666666667,2016-07-25,Anomaly Persistence,3,2016
2016-07-23,2016,7,19.728,20.334,19.67,2016-07-26,Anomaly Persistence,3,2016
2016-07-24,2016,7,19.908,20.506,19.853,2016-07-27,Anomaly Persistence,3,2016
2016-07-25,2016,7,20.15,20.654,20.112333333333332,2016-07-28,Anomaly Persistence,3,2016
2016-07-26,2016,7,20.334,20.71,20.318166666666666,2016-07-29,Anomaly Persistence,3,2016
2016-07-27,2016,7,20.506,20.648,20.449166666666663,2016-07-30,Anomaly Persistence,3,2016
2016-07-28,2016,7,20.654,20.534,20.529969696969697,2016-07-31,Anomaly Persistence,3,2016
2016-07-29,2016,7,20.71,20.322,20.526681818181817,2016-08-01,Anomaly Persistence,3,2016
2016-07-30,2016,7,20.648,20.092,20.456242424242426,2016-08-02,Anomaly Persistence,3,2016
2016-07-31,2016,7,20.534,19.742,20.333454545454543,2016-08-03,Anomaly Persistence,3,2016
2016-08-01,2016,8,20.322,19.51,20.16690909090909,2016-08-04,Anomaly Persistence,3,2016
2016-08-02,2016,8,20.092,19.332,19.94863636363636,2016-08-05,Anomaly Persistence,3,2016
2016-08-03,2016,8,19.742,19.148,19.67127272727273,2016-08-06,Anomaly Persistence,3,2016
2016-08-04,2016,8,19.51,18.956,19.466545454545457,2016-08-07,Anomaly Persistence,3,2016
2016-08-05,2016,8,19.332,18.796,19.282636363636367,2016-08-08,Anomaly Persistence,3,2016
2016-08-06,2016,8,19.148,18.62,19.075272727272726,2016-08-09,Anomaly Persistence,3,2016
2016-08-07,2016,8,18.956,18.492,18.884363636363634,2016-08-10,Anomaly Persistence,3,2016
2016-08-08,2016,8,18.796,18.35,18.773999999999997,2016-08-11,Anomaly Persistence,3,2016
2016-08-09,2016,8,18.62,18.316,18.674909090909093,2016-08-12,Anomaly Persistence,3,2016
2016-08-10,2016,8,18.492,18.22,18.60309090909091,2016-08-13,Anomaly Persistence,3,2016
2016-08-11,2016,8,18.35,18.166,18.468363636363637,2016-08-14,Anomaly Persistence,3,2016
2016-08-12,2016,8,18.316,18.1,18.403636363636362,2016-08-15,Anomaly Persistence,3,2016
2016-08-13,2016,8,18.22,18.0,18.294545454545453,2016-08-16,Anomaly Persistence,3,2016
2016-08-14,2016,8,18.166,17.936,18.255636363636366,2016-08-17,Anomaly Persistence,3,2016
2016-08-15,2016,8,18.1,17.872,18.188,2016-08-18,Anomaly Persistence,3,2016
2016-08-16,2016,8,18.0,17.87,18.062727272727273,2016-08-19,Anomaly Persistence,3,2016
2016-08-17,2016,8,17.936,17.82,18.002545454545455,2016-08-20,Anomaly Persistence,3,2016
2016-08-18,2016,8,17.872,17.69,17.96290909090909,2016-08-21,Anomaly Persistence,3,2016
2016-08-19,2016,8,17.87,17.576,17.933818181818186,2016-08-22,Anomaly Persistence,3,2016
2016-08-20,2016,8,17.82,17.472,17.831272727272726,2016-08-23,Anomaly Persistence,3,2016
2016-08-21,2016,8,17.69,17.38,17.64054545454546,2016-08-24,Anomaly Persistence,3,2016
2016-08-22,2016,8,17.576,17.298,17.494727272727275,2016-08-25,Anomaly Persistence,3,2016
2016-08-23,2016,8,17.472,17.2,17.369636363636364,2016-08-26,Anomaly Persistence,3,2016
2016-08-24,2016,8,17.38,17.09,17.309818181818176,2016-08-27,Anomaly Persistence,3,2016
2016-08-25,2016,8,17.298,17.03,17.283818181818177,2016-08-28,Anomaly Persistence,3,2016
2016-08-26,2016,8,17.2,16.97,17.186727272727275,2016-08-29,Anomaly Persistence,3,2016
2016-08-27,2016,8,17.09,16.866,17.04309090909091,2016-08-30,Anomaly Persistence,3,2016
2016-08-28,2016,8,17.03,16.828,16.80327272727273,2016-08-31,Anomaly Persistence,3,2016
2016-08-29,2016,8,16.97,16.84,16.725454545454543,2016-09-01,Anomaly Persistence,3,2016
2016-08-30,2016,8,16.866,16.844,16.613636363636363,2016-09-02,Anomaly Persistence,3,2016
2016-08-31,2016,8,16.828,17.098,16.70872727272727,2016-09-03,Anomaly Persistence,3,2016
2016-09-01,2016,9,16.84,17.356,16.78290909090909,2016-09-04,Anomaly Persistence,3,2016
2016-09-02,2016,9,16.844,17.668,16.835818181818183,2016-09-05,Anomaly Persistence,3,2016
2016-09-03,2016,9,17.098,17.73,17.139454545454548,2016-09-06,Anomaly Persistence,3,2016
2016-09-04,2016,9,17.356,17.926,17.423454545454547,2016-09-07,Anomaly Persistence,3,2016
2016-09-05,2016,9,17.668,18.186,17.748545454545454,2016-09-08,Anomaly Persistence,3,2016
2016-09-06,2016,9,17.73,18.31,17.79,2016-09-09,Anomaly Persistence,3,2016
2016-09-07,2016,9,17.926,18.368,17.95581818181818,2016-09-10,Anomaly Persistence,3,2016
2016-09-08,2016,9,18.186,18.504,18.21890909090909,2016-09-11,Anomaly Persistence,3,2016
2016-09-09,2016,9,18.31,18.554,18.313272727272725,2016-09-12,Anomaly Persistence,3,2016
2016-09-10,2016,9,18.368,18.682,18.337636363636364,2016-09-13,Anomaly Persistence,3,2016
2016-09-11,2016,9,18.504,18.84,18.469636363636365,2016-09-14,Anomaly Persistence,3,2016
2016-09-12,2016,9,18.554,18.836,18.537999999999997,2016-09-15,Anomaly Persistence,3,2016
2016-09-13,2016,9,18.682,18.63,18.700909090909086,2016-09-16,Anomaly Persistence,3,2016
2016-09-14,2016,9,18.84,18.436,18.794909090909094,2016-09-17,Anomaly Persistence,3,2016
2016-09-15,2016,9,18.836,18.226,18.78109090909091,2016-09-18,Anomaly Persistence,3,2016
2016-09-16,2016,9,18.63,18.11,18.55727272727273,2016-09-19,Anomaly Persistence,3,2016
2016-09-17,2016,9,18.436,17.95,18.311454545454545,2016-09-20,Anomaly Persistence,3,2016
2016-09-18,2016,9,18.226,17.754,18.11854545454545,2016-09-21,Anomaly Persistence,3,2016
2016-09-19,2016,9,18.11,17.796,18.002727272727274,2016-09-22,Anomaly Persistence,3,2016
2016-09-20,2016,9,17.95,18.002,17.90563636363636,2016-09-23,Anomaly Persistence,3,2016
2016-09-21,2016,9,17.754,18.078,17.681818181818187,2016-09-24,Anomaly Persistence,3,2016
2016-09-22,2016,9,17.796,18.084,17.726545454545455,2016-09-25,Anomaly Persistence,3,2016
2016-09-23,2016,9,18.002,18.27,18.021636363636365,2016-09-26,Anomaly Persistence,3,2016
2016-09-24,2016,9,18.078,18.442,18.163090909090908,2016-09-27,Anomaly Persistence,3,2016
2016-09-25,2016,9,18.084,18.49,18.153636363636362,2016-09-28,Anomaly Persistence,3,2016
2016-09-26,2016,9,18.27,18.524,18.24163636363636,2016-09-29,Anomaly Persistence,3,2016
2016-09-27,2016,9,18.442,18.696,18.362181818181817,2016-09-30,Anomaly Persistence,3,2016
2016-09-28,2016,9,18.49,18.812,18.214472727272724,2016-10-01,Anomaly Persistence,3,2016
2016-09-29,2016,9,18.524,18.796,18.181836363636364,2016-10-02,Anomaly Persistence,3,2016
2016-09-30,2016,9,18.696,18.672,18.236418181818184,2016-10-03,Anomaly Persistence,3,2016
2016-10-01,2016,10,18.812,18.43,18.3778,2016-10-04,Anomaly Persistence,3,2016
2016-10-02,2016,10,18.796,18.2,18.2982,2016-10-05,Anomaly Persistence,3,2016
2016-10-03,2016,10,18.672,18.006,18.1966,2016-10-06,Anomaly Persistence,3,2016
2016-10-04,2016,10,18.43,17.712,18.0764,2016-10-07,Anomaly Persistence,3,2016
2016-10-05,2016,10,18.2,17.48,17.999399999999998,2016-10-08,Anomaly Persistence,3,2016
2016-10-06,2016,10,18.006,17.312,17.8432,2016-10-09,Anomaly Persistence,3,2016
2016-10-07,2016,10,17.712,17.246,17.489,2016-10-10,Anomaly Persistence,3,2016
2016-10-08,2016,10,17.48,17.18,17.1548,2016-10-11,Anomaly Persistence,3,2016
2016-10-09,2016,10,17.312,17.136,16.9434,2016-10-12,Anomaly Persistence,3,2016
2016-10-10,2016,10,17.246,17.366,16.9564,2016-10-13,Anomaly Persistence,3,2016
2016-10-11,2016,10,17.18,17.964,17.002,2016-10-14,Anomaly Persistence,3,2016
2016-10-12,2016,10,17.136,18.236,17.059600000000003,2016-10-15,Anomaly Persistence,3,2016
2016-10-13,2016,10,17.366,18.48,17.3188,2016-10-16,Anomaly Persistence,3,2016
2016-10-14,2016,10,17.964,18.54,17.8336,2016-10-17,Anomaly Persistence,3,2016
2016-10-15,2016,10,18.236,18.54,18.0312,2016-10-18,Anomaly Persistence,3,2016
2016-10-16,2016,10,18.48,18.444,18.189,2016-10-19,Anomaly Persistence,3,2016
2016-10-17,2016,10,18.54,18.192,18.253999999999998,2016-10-20,Anomaly Persistence,3,2016
2016-10-18,2016,10,18.54,17.956,18.2632,2016-10-21,Anomaly Persistence,3,2016
2016-10-19,2016,10,18.444,17.57,18.154799999999998,2016-10-22,Anomaly Persistence,3,2016
2016-10-20,2016,10,18.192,17.264,17.8644,2016-10-23,Anomaly Persistence,3,2016
2016-10-21,2016,10,17.956,16.99,17.611799999999995,2016-10-24,Anomaly Persistence,3,2016
2016-10-22,2016,10,17.57,16.728,17.2816,2016-10-25,Anomaly Persistence,3,2016
2016-10-23,2016,10,17.264,16.54,17.0366,2016-10-26,Anomaly Persistence,3,2016
2016-10-24,2016,10,16.99,16.372,16.8082,2016-10-27,Anomaly Persistence,3,2016
2016-10-25,2016,10,16.728,16.204,16.576800000000006,2016-10-28,Anomaly Persistence,3,2016
2016-10-26,2016,10,16.54,16.05,16.4252,2016-10-29,Anomaly Persistence,3,2016
2016-10-27,2016,10,16.372,15.93,16.284399999999998,2016-10-30,Anomaly Persistence,3,2016
2016-10-28,2016,10,16.204,15.834,16.165472727272725,2016-10-31,Anomaly Persistence,3,2016
2016-10-29,2016,10,16.05,15.736,15.988433333333333,2016-11-01,Anomaly Persistence,3,2016
2016-10-30,2016,10,15.93,15.632,15.837466666666668,2016-11-02,Anomaly Persistence,3,2016
2016-10-31,2016,10,15.834,15.542,15.678060606060608,2016-11-03,Anomaly Persistence,3,2016
2016-11-01,2016,11,15.736,15.442,15.5455,2016-11-04,Anomaly Persistence,3,2016
2016-11-02,2016,11,15.632,15.358,15.421666666666665,2016-11-05,Anomaly Persistence,3,2016
2016-11-03,2016,11,15.542,15.266,15.305666666666665,2016-11-06,Anomaly Persistence,3,2016
2016-11-04,2016,11,15.442,15.182,15.222166666666666,2016-11-07,Anomaly Persistence,3,2016
2016-11-05,2016,11,15.358,15.108,15.138500000000002,2016-11-08,Anomaly Persistence,3,2016
2016-11-06,2016,11,15.266,15.048,15.051833333333333,2016-11-09,Anomaly Persistence,3,2016
2016-11-07,2016,11,15.182,14.968,14.965666666666667,2016-11-10,Anomaly Persistence,3,2016
2016-11-08,2016,11,15.108,14.926,14.925666666666666,2016-11-11,Anomaly Persistence,3,2016
2016-11-09,2016,11,15.048,14.92,14.894166666666667,2016-11-12,Anomaly Persistence,3,2016
2016-11-10,2016,11,14.968,14.904,14.831833333333334,2016-11-13,Anomaly Persistence,3,2016
2016-11-11,2016,11,14.926,14.876,14.772833333333333,2016-11-14,Anomaly Persistence,3,2016
2016-11-12,2016,11,14.92,14.85,14.753166666666665,2016-11-15,Anomaly Persistence,3,2016
2016-11-13,2016,11,14.904,14.778,14.733333333333333,2016-11-16,Anomaly Persistence,3,2016
2016-11-14,2016,11,14.876,14.7,14.7185,2016-11-17,Anomaly Persistence,3,2016
2016-11-15,2016,11,14.85,14.614,14.699166666666667,2016-11-18,Anomaly Persistence,3,2016
2016-11-16,2016,11,14.778,14.548,14.642666666666665,2016-11-19,Anomaly Persistence,3,2016
2016-11-17,2016,11,14.7,14.48,14.580833333333333,2016-11-20,Anomaly Persistence,3,2016
2016-11-18,2016,11,14.614,14.434,14.505666666666668,2016-11-21,Anomaly Persistence,3,2016
2016-11-19,2016,11,14.548,14.384,14.441083333333335,2016-11-22,Anomaly Persistence,3,2016
2016-11-20,2016,11,14.48,14.296,14.381499999999999,2016-11-23,Anomaly Persistence,3,2016
2016-11-21,2016,11,14.434,14.244,14.375999999999998,2016-11-24,Anomaly Persistence,3,2016
2016-11-22,2016,11,14.384,14.2,14.334249999999999,2016-11-25,Anomaly Persistence,3,2016
2016-11-23,2016,11,14.296,14.146,14.237499999999999,2016-11-26,Anomaly Persistence,3,2016
2016-11-24,2016,11,14.244,14.09,14.138333333333334,2016-11-27,Anomaly Persistence,3,2016
2016-11-25,2016,11,14.2,14.046,14.080333333333336,2016-11-28,Anomaly Persistence,3,2016
2016-11-26,2016,11,14.146,14.02,14.018333333333336,2016-11-29,Anomaly Persistence,3,2016
2016-11-27,2016,11,14.09,13.99,14.012848484848485,2016-11-30,Anomaly Persistence,3,2016
2016-11-28,2016,11,14.046,13.958,13.968696969696968,2016-12-01,Anomaly Persistence,3,2016
2016-11-29,2016,11,14.02,13.906,13.947454545454544,2016-12-02,Anomaly Persistence,3,2016
2016-11-30,2016,11,13.99,13.87,13.874909090909092,2016-12-03,Anomaly Persistence,3,2016
2016-12-01,2016,12,13.958,13.818,13.855454545454545,2016-12-04,Anomaly Persistence,3,2016
2016-12-02,2016,12,13.906,13.786,13.814090909090911,2016-12-05,Anomaly Persistence,3,2016
2016-12-03,2016,12,13.87,13.75,13.785272727272726,2016-12-06,Anomaly Persistence,3,2016
2016-12-04,2016,12,13.818,13.698,13.733454545454544,2016-12-07,Anomaly Persistence,3,2016
2016-12-05,2016,12,13.786,13.66,13.698181818181817,2016-12-08,Anomaly Persistence,3,2016
2016-12-06,2016,12,13.75,13.63,13.65690909090909,2016-12-09,Anomaly Persistence,3,2016
2016-12-07,2016,12,13.698,13.588,13.604909090909091,2016-12-10,Anomaly Persistence,3,2016
2016-12-08,2016,12,13.66,13.56,13.567818181818181,2016-12-11,Anomaly Persistence,3,2016
2016-12-09,2016,12,13.63,13.53,13.538909090909092,2016-12-12,Anomaly Persistence,3,2016
2016-12-10,2016,12,13.588,13.498,13.50018181818182,2016-12-13,Anomaly Persistence,3,2016
2016-12-11,2016,12,13.56,13.46,13.474545454545455,2016-12-14,Anomaly Persistence,3,2016
2016-12-12,2016,12,13.53,13.43,13.448363636363636,2016-12-15,Anomaly Persistence,3,2016
2016-12-13,2016,12,13.498,13.408,13.41890909090909,2016-12-16,Anomaly Persistence,3,2016
2016-12-14,2016,12,13.46,13.38,13.383818181818183,2016-12-17,Anomaly Persistence,3,2016
2016-12-15,2016,12,13.43,13.348,13.36290909090909,2016-12-18,Anomaly Persistence,3,2016
2016-12-16,2016,12,13.408,13.32,13.34,2016-12-19,Anomaly Persistence,3,2016
2016-12-17,2016,12,13.38,13.29,13.311636363636364,2016-12-20,Anomaly Persistence,3,2016
2016-12-18,2016,12,13.348,13.268,13.281818181818181,2016-12-21,Anomaly Persistence,3,2016
2016-12-19,2016,12,13.32,13.25,13.258363636363635,2016-12-22,Anomaly Persistence,3,2016
2016-12-20,2016,12,13.29,13.218,13.234181818181817,2016-12-23,Anomaly Persistence,3,2016
2016-12-21,2016,12,13.268,13.2,13.210363636363638,2016-12-24,Anomaly Persistence,3,2016
2016-12-22,2016,12,13.25,13.16,13.191636363636364,2016-12-25,Anomaly Persistence,3,2016
2016-12-23,2016,12,13.218,13.16,13.158181818181818,2016-12-26,Anomaly Persistence,3,2016
2016-12-24,2016,12,13.2,13.15,13.137090909090908,2016-12-27,Anomaly Persistence,3,2016
2016-12-25,2016,12,13.16,13.12,13.095818181818181,2016-12-28,Anomaly Persistence,3,2016
2016-12-26,2016,12,13.16,13.11,13.094545454545456,2016-12-29,Anomaly Persistence,3,2016
2016-12-27,2016,12,13.15,13.09,13.076363636363636,2016-12-30,Anomaly Persistence,3,2016
2016-12-28,2016,12,13.12,13.08,13.148242424242424,2016-12-31,Anomaly Persistence,3,2016
2016-12-29,2016,12,13.11,13.044,13.06771212121212,2017-01-01,Anomaly Persistence,3,2016
2016-12-30,2016,12,13.09,13.02,13.04940909090909,2017-01-02,Anomaly Persistence,3,2016
2016-12-31,2016,12,13.08,13.01,12.939166666666667,2017-01-03,Anomaly Persistence,3,2016
2017-01-01,2017,1,13.044,13.0,12.977,2017-01-04,Anomaly Persistence,3,2017
2017-01-02,2017,1,13.02,12.99,12.958833333333333,2017-01-05,Anomaly Persistence,3,2017
2017-01-03,2017,1,13.01,12.98,12.9475,2017-01-06,Anomaly Persistence,3,2017
2017-01-04,2017,1,13.0,12.97,12.938833333333333,2017-01-07,Anomaly Persistence,3,2017
2017-01-05,2017,1,12.99,12.93,12.9305,2017-01-08,Anomaly Persistence,3,2017
2017-01-06,2017,1,12.98,12.88,12.920666666666667,2017-01-09,Anomaly Persistence,3,2017
2017-01-07,2017,1,12.97,12.84,12.906500000000003,2017-01-10,Anomaly Persistence,3,2017
2017-01-08,2017,1,12.93,12.82,12.870750000000001,2017-01-11,Anomaly Persistence,3,2017
2017-01-09,2017,1,12.88,12.79,12.825666666666667,2017-01-12,Anomaly Persistence,3,2017
2017-01-10,2017,1,12.84,12.77,12.790916666666664,2017-01-13,Anomaly Persistence,3,2017
2017-01-11,2017,1,12.82,12.75,12.768749999999999,2017-01-14,Anomaly Persistence,3,2017
2017-01-12,2017,1,12.79,12.74,12.740916666666665,2017-01-15,Anomaly Persistence,3,2017
2017-01-13,2017,1,12.77,12.72,12.71925,2017-01-16,Anomaly Persistence,3,2017
2017-01-14,2017,1,12.75,12.7,12.702833333333334,2017-01-17,Anomaly Persistence,3,2017
2017-01-15,2017,1,12.74,12.67,12.689750000000002,2017-01-18,Anomaly Persistence,3,2017
2017-01-16,2017,1,12.72,12.64,12.672833333333335,2017-01-19,Anomaly Persistence,3,2017
2017-01-17,2017,1,12.7,12.63,12.650166666666664,2017-01-20,Anomaly Persistence,3,2017
2017-01-18,2017,1,12.67,12.62,12.617999999999999,2017-01-21,Anomaly Persistence,3,2017
2017-01-19,2017,1,12.64,12.61,12.5825,2017-01-22,Anomaly Persistence,3,2017
2017-01-20,2017,1,12.63,12.58,12.573166666666669,2017-01-23,Anomaly Persistence,3,2017
2017-01-21,2017,1,12.62,12.58,12.571499999999999,2017-01-24,Anomaly Persistence,3,2017
2017-01-22,2017,1,12.61,12.57,12.565999999999999,2017-01-25,Anomaly Persistence,3,2017
2017-01-23,2017,1,12.58,12.54,12.536166666666666,2017-01-26,Anomaly Persistence,3,2017
2017-01-24,2017,1,12.58,12.52,12.532333333333334,2017-01-27,Anomaly Persistence,3,2017
2017-01-25,2017,1,12.57,12.5,12.525666666666668,2017-01-28,Anomaly Persistence,3,2017
2017-01-26,2017,1,12.54,12.47,12.500833333333333,2017-01-29,Anomaly Persistence,3,2017
2017-01-27,2017,1,12.52,12.45,12.488333333333333,2017-01-30,Anomaly Persistence,3,2017
2017-01-28,2017,1,12.5,12.44,12.470333333333334,2017-01-31,Anomaly Persistence,3,2017
2017-01-29,2017,1,12.47,12.43,12.466772727272728,2017-02-01,Anomaly Persistence,3,2017
2017-01-30,2017,1,12.45,12.42,12.437378787878789,2017-02-02,Anomaly Persistence,3,2017
2017-01-31,2017,1,12.44,12.41,12.424090909090905,2017-02-03,Anomaly Persistence,3,2017
2017-02-01,2017,2,12.43,12.39,12.388181818181817,2017-02-04,Anomaly Persistence,3,2017
2017-02-02,2017,2,12.42,12.38,12.385454545454545,2017-02-05,Anomaly Persistence,3,2017
2017-02-03,2017,2,12.41,12.36,12.376545454545456,2017-02-06,Anomaly Persistence,3,2017
2017-02-04,2017,2,12.39,12.34,12.356727272727275,2017-02-07,Anomaly Persistence,3,2017
2017-02-05,2017,2,12.38,12.32,12.342363636363636,2017-02-08,Anomaly Persistence,3,2017
2017-02-06,2017,2,12.36,12.3,12.319454545454544,2017-02-09,Anomaly Persistence,3,2017
2017-02-07,2017,2,12.34,12.29,12.299818181818182,2017-02-10,Anomaly Persistence,3,2017
2017-02-08,2017,2,12.32,12.27,12.281636363636364,2017-02-11,Anomaly Persistence,3,2017
2017-02-09,2017,2,12.3,12.25,12.262909090909094,2017-02-12,Anomaly Persistence,3,2017
2017-02-10,2017,2,12.29,12.24,12.250909090909088,2017-02-13,Anomaly Persistence,3,2017
2017-02-11,2017,2,12.27,12.22,12.229636363636365,2017-02-14,Anomaly Persistence,3,2017
2017-02-12,2017,2,12.25,12.21,12.215090909090907,2017-02-15,Anomaly Persistence,3,2017
2017-02-13,2017,2,12.24,12.21,12.202545454545454,2017-02-16,Anomaly Persistence,3,2017
2017-02-14,2017,2,12.22,12.19,12.182363636363634,2017-02-17,Anomaly Persistence,3,2017
2017-02-15,2017,2,12.21,12.18,12.174909090909091,2017-02-18,Anomaly Persistence,3,2017
2017-02-16,2017,2,12.21,12.178,12.196000000000002,2017-02-19,Anomaly Persistence,3,2017
2017-02-17,2017,2,12.19,12.16,12.198545454545455,2017-02-20,Anomaly Persistence,3,2017
2017-02-18,2017,2,12.18,12.16,12.19327272727273,2017-02-21,Anomaly Persistence,3,2017
2017-02-19,2017,2,12.178,12.16,12.17236363636364,2017-02-22,Anomaly Persistence,3,2017
2017-02-20,2017,2,12.16,12.15,12.130545454545455,2017-02-23,Anomaly Persistence,3,2017
2017-02-21,2017,2,12.16,12.156,12.12090909090909,2017-02-24,Anomaly Persistence,3,2017
2017-02-22,2017,2,12.16,12.178,12.133090909090907,2017-02-25,Anomaly Persistence,3,2017
2017-02-23,2017,2,12.15,12.2,12.146909090909089,2017-02-26,Anomaly Persistence,3,2017
2017-02-24,2017,2,12.156,12.21,12.179272727272728,2017-02-27,Anomaly Persistence,3,2017
2017-02-25,2017,2,12.178,12.22,12.217818181818185,2017-02-28,Anomaly Persistence,3,2017
2017-02-26,2017,2,12.2,12.23,12.23818181818182,2017-03-01,Anomaly Persistence,3,2017
2017-02-27,2017,2,12.21,12.25,12.237818181818184,2017-03-02,Anomaly Persistence,3,2017
2017-02-28,2017,2,12.22,12.268,12.259818181818181,2017-03-03,Anomaly Persistence,3,2017
2017-03-01,2017,3,12.23,12.438,12.276,2017-03-04,Anomaly Persistence,3,2017
2017-03-02,2017,3,12.25,12.496,12.293999999999997,2017-03-05,Anomaly Persistence,3,2017
2017-03-03,2017,3,12.268,12.512,12.297090909090908,2017-03-06,Anomaly Persistence,3,2017
2017-03-04,2017,3,12.438,12.434,12.464727272727272,2017-03-07,Anomaly Persistence,3,2017
2017-03-05,2017,3,12.496,12.402,12.53618181818182,2017-03-08,Anomaly Persistence,3,2017
2017-03-06,2017,3,12.512,12.344,12.557090909090912,2017-03-09,Anomaly Persistence,3,2017
2017-03-07,2017,3,12.434,12.31,12.479090909090909,2017-03-10,Anomaly Persistence,3,2017
2017-03-08,2017,3,12.402,12.292,12.43309090909091,2017-03-11,Anomaly Persistence,3,2017
2017-03-09,2017,3,12.344,12.38,12.371818181818181,2017-03-12,Anomaly Persistence,3,2017
2017-03-10,2017,3,12.31,12.602,12.380545454545457,2017-03-13,Anomaly Persistence,3,2017
2017-03-11,2017,3,12.292,12.874,12.401999999999997,2017-03-14,Anomaly Persistence,3,2017
2017-03-12,2017,3,12.38,12.986,12.493636363636364,2017-03-15,Anomaly Persistence,3,2017
2017-03-13,2017,3,12.602,12.956,12.657636363636364,2017-03-16,Anomaly Persistence,3,2017
2017-03-14,2017,3,12.874,12.878,12.876545454545457,2017-03-17,Anomaly Persistence,3,2017
2017-03-15,2017,3,12.986,12.816,12.970363636363638,2017-03-18,Anomaly Persistence,3,2017
2017-03-16,2017,3,12.956,12.83,12.957272727272727,2017-03-19,Anomaly Persistence,3,2017
2017-03-17,2017,3,12.878,12.872,12.908,2017-03-20,Anomaly Persistence,3,2017
2017-03-18,2017,3,12.816,12.986,12.855272727272727,2017-03-21,Anomaly Persistence,3,2017
2017-03-19,2017,3,12.83,13.044,12.862,2017-03-22,Anomaly Persistence,3,2017
2017-03-20,2017,3,12.872,12.99,12.893272727272727,2017-03-23,Anomaly Persistence,3,2017
2017-03-21,2017,3,12.986,12.94,13.022909090909092,2017-03-24,Anomaly Persistence,3,2017
2017-03-22,2017,3,13.044,12.87,13.114909090909093,2017-03-25,Anomaly Persistence,3,2017
2017-03-23,2017,3,12.99,12.906,13.091090909090909,2017-03-26,Anomaly Persistence,3,2017
2017-03-24,2017,3,12.94,12.826,13.072545454545454,2017-03-27,Anomaly Persistence,3,2017
2017-03-25,2017,3,12.87,12.832,13.042909090909088,2017-03-28,Anomaly Persistence,3,2017
2017-03-26,2017,3,12.906,12.96,13.082181818181818,2017-03-29,Anomaly Persistence,3,2017
2017-03-27,2017,3,12.826,12.9,12.958363636363636,2017-03-30,Anomaly Persistence,3,2017
2017-03-28,2017,3,12.832,12.88,12.911636363636365,2017-03-31,Anomaly Persistence,3,2017
2017-03-29,2017,3,12.96,12.85,13.05218181818182,2017-04-01,Anomaly Persistence,3,2017
2017-03-30,2017,3,12.9,12.9,13.047454545454547,2017-04-02,Anomaly Persistence,3,2017
2017-03-31,2017,3,12.88,13.008,13.06018181818182,2017-04-03,Anomaly Persistence,3,2017
2017-04-01,2017,4,12.85,13.236,13.016181818181819,2017-04-04,Anomaly Persistence,3,2017
2017-04-02,2017,4,12.9,13.564,13.037090909090908,2017-04-05,Anomaly Persistence,3,2017
2017-04-03,2017,4,13.008,13.764,13.12390909090909,2017-04-06,Anomaly Persistence,3,2017
2017-04-04,2017,4,13.236,13.94,13.381818181818183,2017-04-07,Anomaly Persistence,3,2017
2017-04-05,2017,4,13.564,14.118,13.761454545454548,2017-04-08,Anomaly Persistence,3,2017
2017-04-06,2017,4,13.764,14.378,14.029181818181819,2017-04-09,Anomaly Persistence,3,2017
2017-04-07,2017,4,13.94,14.62,14.215454545454543,2017-04-10,Anomaly Persistence,3,2017
2017-04-08,2017,4,14.118,14.638,14.327090909090908,2017-04-11,Anomaly Persistence,3,2017
2017-04-09,2017,4,14.378,14.502,14.48981818181818,2017-04-12,Anomaly Persistence,3,2017
2017-04-10,2017,4,14.62,14.34,14.681454545454546,2017-04-13,Anomaly Persistence,3,2017
2017-04-11,2017,4,14.638,14.16,14.706909090909091,2017-04-14,Anomaly Persistence,3,2017
2017-04-12,2017,4,14.502,14.032,14.634727272727275,2017-04-15,Anomaly Persistence,3,2017
2017-04-13,2017,4,14.34,14.254,14.516545454545454,2017-04-16,Anomaly Persistence,3,2017
2017-04-14,2017,4,14.16,14.4,14.353272727272728,2017-04-17,Anomaly Persistence,3,2017
2017-04-15,2017,4,14.032,14.454,14.185272727272725,2017-04-18,Anomaly Persistence,3,2017
2017-04-16,2017,4,14.254,14.35,14.36,2017-04-19,Anomaly Persistence,3,2017
2017-04-17,2017,4,14.4,14.192,14.561454545454545,2017-04-20,Anomaly Persistence,3,2017
2017-04-18,2017,4,14.454,14.058,14.67618181818182,2017-04-21,Anomaly Persistence,3,2017
2017-04-19,2017,4,14.35,14.138,14.636363636363637,2017-04-22,Anomaly Persistence,3,2017
2017-04-20,2017,4,14.192,14.088,14.398909090909092,2017-04-23,Anomaly Persistence,3,2017
2017-04-21,2017,4,14.058,14.1,14.21490909090909,2017-04-24,Anomaly Persistence,3,2017
2017-04-22,2017,4,14.138,14.12,14.244090909090907,2017-04-25,Anomaly Persistence,3,2017
2017-04-23,2017,4,14.088,14.066,14.266363636363634,2017-04-26,Anomaly Persistence,3,2017
2017-04-24,2017,4,14.1,14.082,14.395999999999999,2017-04-27,Anomaly Persistence,3,2017
2017-04-25,2017,4,14.12,14.19,14.464818181818181,2017-04-28,Anomaly Persistence,3,2017
2017-04-26,2017,4,14.066,14.346,14.35109090909091,2017-04-29,Anomaly Persistence,3,2017
2017-04-27,2017,4,14.082,14.57,14.256727272727273,2017-04-30,Anomaly Persistence,3,2017
2017-04-28,2017,4,14.19,14.926,14.438854545454545,2017-05-01,Anomaly Persistence,3,2017
2017-04-29,2017,4,14.346,15.76,14.664872727272728,2017-05-02,Anomaly Persistence,3,2017
2017-04-30,2017,4,14.57,16.168,14.83358181818182,2017-05-03,Anomaly Persistence,3,2017
2017-05-01,2017,5,14.926,16.404,15.0432,2017-05-04,Anomaly Persistence,3,2017
2017-05-02,2017,5,15.76,16.146,15.779,2017-05-05,Anomaly Persistence,3,2017
2017-05-03,2017,5,16.168,15.996,16.1938,2017-05-06,Anomaly Persistence,3,2017
2017-05-04,2017,5,16.404,15.892,16.4644,2017-05-07,Anomaly Persistence,3,2017
2017-05-05,2017,5,16.146,15.9,16.2412,2017-05-08,Anomaly Persistence,3,2017
2017-05-06,2017,5,15.996,15.916,16.096199999999996,2017-05-09,Anomaly Persistence,3,2017
2017-05-07,2017,5,15.892,15.872,15.954799999999997,2017-05-10,Anomaly Persistence,3,2017
2017-05-08,2017,5,15.9,15.82,15.9342,2017-05-11,Anomaly Persistence,3,2017
2017-05-09,2017,5,15.916,15.89,15.948800000000002,2017-05-12,Anomaly Persistence,3,2017
2017-05-10,2017,5,15.872,15.91,15.829000000000002,2017-05-13,Anomaly Persistence,3,2017
2017-05-11,2017,5,15.82,15.88,15.708199999999998,2017-05-14,Anomaly Persistence,3,2017
2017-05-12,2017,5,15.89,15.79,15.742799999999999,2017-05-15,Anomaly Persistence,3,2017
2017-05-13,2017,5,15.91,15.484,15.879399999999999,2017-05-16,Anomaly Persistence,3,2017
2017-05-14,2017,5,15.88,15.432,16.0186,2017-05-17,Anomaly Persistence,3,2017
2017-05-15,2017,5,15.79,15.376,16.052599999999998,2017-05-18,Anomaly Persistence,3,2017
2017-05-16,2017,5,15.484,15.312,15.7684,2017-05-19,Anomaly Persistence,3,2017
2017-05-17,2017,5,15.432,15.28,15.632200000000001,2017-05-20,Anomaly Persistence,3,2017
2017-05-18,2017,5,15.376,15.27,15.515799999999999,2017-05-21,Anomaly Persistence,3,2017
2017-05-19,2017,5,15.312,15.25,15.427400000000002,2017-05-22,Anomaly Persistence,3,2017
2017-05-20,2017,5,15.28,15.29,15.4438,2017-05-23,Anomaly Persistence,3,2017
2017-05-21,2017,5,15.27,15.25,15.475000000000001,2017-05-24,Anomaly Persistence,3,2017
2017-05-22,2017,5,15.25,15.366,15.4498,2017-05-25,Anomaly Persistence,3,2017
2017-05-23,2017,5,15.29,15.596,15.4846,2017-05-26,Anomaly Persistence,3,2017
2017-05-24,2017,5,15.25,15.896,15.465800000000002,2017-05-27,Anomaly Persistence,3,2017
2017-05-25,2017,5,15.366,16.098,15.699199999999998,2017-05-28,Anomaly Persistence,3,2017
2017-05-26,2017,5,15.596,16.202,15.917199999999998,2017-05-29,Anomaly Persistence,3,2017
2017-05-27,2017,5,15.896,16.21,16.168799999999997,2017-05-30,Anomaly Persistence,3,2017
2017-05-28,2017,5,16.098,16.22,16.2198,2017-05-31,Anomaly Persistence,3,2017
2017-05-29,2017,5,16.202,16.28,16.249945454545458,2017-06-01,Anomaly Persistence,3,2017
2017-05-30,2017,5,16.21,16.26,16.239000000000004,2017-06-02,Anomaly Persistence,3,2017
2017-05-31,2017,5,16.22,16.28,16.298472727272724,2017-06-03,Anomaly Persistence,3,2017
2017-06-01,2017,6,16.28,16.356,16.37418181818182,2017-06-04,Anomaly Persistence,3,2017
2017-06-02,2017,6,16.26,16.904,16.351090909090907,2017-06-05,Anomaly Persistence,3,2017
2017-06-03,2017,6,16.28,17.592,16.400909090909096,2017-06-06,Anomaly Persistence,3,2017
2017-06-04,2017,6,16.356,17.82,16.598727272727274,2017-06-07,Anomaly Persistence,3,2017
2017-06-05,2017,6,16.904,18.04,17.24709090909091,2017-06-08,Anomaly Persistence,3,2017
2017-06-06,2017,6,17.592,18.014,17.937090909090905,2017-06-09,Anomaly Persistence,3,2017
2017-06-07,2017,6,17.82,17.768,18.07090909090909,2017-06-10,Anomaly Persistence,3,2017
2017-06-08,2017,6,18.04,17.418,18.214363636363636,2017-06-11,Anomaly Persistence,3,2017
2017-06-09,2017,6,18.014,17.156,18.12636363636364,2017-06-12,Anomaly Persistence,3,2017
2017-06-10,2017,6,17.768,16.942,17.823818181818183,2017-06-13,Anomaly Persistence,3,2017
2017-06-11,2017,6,17.418,16.85,17.39781818181818,2017-06-14,Anomaly Persistence,3,2017
2017-06-12,2017,6,17.156,16.9,17.13272727272727,2017-06-15,Anomaly Persistence,3,2017
2017-06-13,2017,6,16.942,17.096,17.094727272727273,2017-06-16,Anomaly Persistence,3,2017
2017-06-14,2017,6,16.85,17.286,17.221272727272726,2017-06-17,Anomaly Persistence,3,2017
2017-06-15,2017,6,16.9,17.498,17.377636363636363,2017-06-18,Anomaly Persistence,3,2017
2017-06-16,2017,6,17.096,17.826,17.566545454545455,2017-06-19,Anomaly Persistence,3,2017
2017-06-17,2017,6,17.286,18.124,17.63736363636364,2017-06-20,Anomaly Persistence,3,2017
2017-06-18,2017,6,17.498,18.396,17.718727272727275,2017-06-21,Anomaly Persistence,3,2017
2017-06-19,2017,6,17.826,18.512,17.92927272727273,2017-06-22,Anomaly Persistence,3,2017
2017-06-20,2017,6,18.124,18.53,18.222272727272724,2017-06-23,Anomaly Persistence,3,2017
2017-06-21,2017,6,18.396,18.54,18.569454545454544,2017-06-24,Anomaly Persistence,3,2017
2017-06-22,2017,6,18.512,18.53,18.72418181818182,2017-06-25,Anomaly Persistence,3,2017
2017-06-23,2017,6,18.53,18.47,18.759272727272727,2017-06-26,Anomaly Persistence,3,2017
2017-06-24,2017,6,18.54,18.264,18.791818181818183,2017-06-27,Anomaly Persistence,3,2017
2017-06-25,2017,6,18.53,18.23,18.893272727272727,2017-06-28,Anomaly Persistence,3,2017
2017-06-26,2017,6,18.47,18.082,18.827272727272728,2017-06-29,Anomaly Persistence,3,2017
2017-06-27,2017,6,18.264,18.276,18.567636363636364,2017-06-30,Anomaly Persistence,3,2017
2017-06-28,2017,6,18.23,18.43,18.377318181818183,2017-07-01,Anomaly Persistence,3,2017
2017-06-29,2017,6,18.082,18.68,18.279515151515152,2017-07-02,Anomaly Persistence,3,2017
2017-06-30,2017,6,18.276,18.856,18.523530303030302,2017-07-03,Anomaly Persistence,3,2017
2017-07-01,2017,7,18.43,18.974,18.686,2017-07-04,Anomaly Persistence,3,2017
2017-07-02,2017,7,18.68,19.154,18.810666666666666,2017-07-05,Anomaly Persistence,3,2017
2017-07-03,2017,7,18.856,19.432,18.953333333333333,2017-07-06,Anomaly Persistence,3,2017
2017-07-04,2017,7,18.974,19.73,19.136166666666664,2017-07-07,Anomaly Persistence,3,2017
2017-07-05,2017,7,19.154,19.85,19.365666666666666,2017-07-08,Anomaly Persistence,3,2017
2017-07-06,2017,7,19.432,19.86,19.5875,2017-07-09,Anomaly Persistence,3,2017
2017-07-07,2017,7,19.73,19.87,19.816333333333336,2017-07-10,Anomaly Persistence,3,2017
2017-07-08,2017,7,19.85,20.166,19.933666666666667,2017-07-11,Anomaly Persistence,3,2017
2017-07-09,2017,7,19.86,20.294,19.951,2017-07-12,Anomaly Persistence,3,2017
2017-07-10,2017,7,19.87,20.34,19.9355,2017-07-13,Anomaly Persistence,3,2017
2017-07-11,2017,7,20.166,20.368,20.172833333333333,2017-07-14,Anomaly Persistence,3,2017
2017-07-12,2017,7,20.294,20.264,20.280333333333335,2017-07-15,Anomaly Persistence,3,2017
2017-07-13,2017,7,20.34,20.05,20.312833333333334,2017-07-16,Anomaly Persistence,3,2017
2017-07-14,2017,7,20.368,19.724,20.330166666666667,2017-07-17,Anomaly Persistence,3,2017
2017-07-15,2017,7,20.264,19.482,20.245583333333332,2017-07-18,Anomaly Persistence,3,2017
2017-07-16,2017,7,20.05,19.216,20.034833333333335,2017-07-19,Anomaly Persistence,3,2017
2017-07-17,2017,7,19.724,19.062,19.731833333333334,2017-07-20,Anomaly Persistence,3,2017
2017-07-18,2017,7,19.482,18.93,19.454416666666667,2017-07-21,Anomaly Persistence,3,2017
2017-07-19,2017,7,19.216,18.762,19.1845,2017-07-22,Anomaly Persistence,3,2017
2017-07-20,2017,7,19.062,18.694,19.0185,2017-07-23,Anomaly Persistence,3,2017
2017-07-21,2017,7,18.93,18.67,18.887999999999998,2017-07-24,Anomaly Persistence,3,2017
2017-07-22,2017,7,18.762,18.674,18.740833333333335,2017-07-25,Anomaly Persistence,3,2017
2017-07-23,2017,7,18.694,18.618,18.654666666666667,2017-07-26,Anomaly Persistence,3,2017
2017-07-24,2017,7,18.67,18.554,18.612000000000002,2017-07-27,Anomaly Persistence,3,2017
2017-07-25,2017,7,18.674,18.46,18.619,2017-07-28,Anomaly Persistence,3,2017
2017-07-26,2017,7,18.618,18.392,18.580333333333332,2017-07-29,Anomaly Persistence,3,2017
2017-07-27,2017,7,18.554,18.414,18.538166666666665,2017-07-30,Anomaly Persistence,3,2017
2017-07-28,2017,7,18.46,18.434,18.403166666666664,2017-07-31,Anomaly Persistence,3,2017
2017-07-29,2017,7,18.392,18.508,18.267969696969697,2017-08-01,Anomaly Persistence,3,2017
2017-07-30,2017,7,18.414,18.472,18.230681818181818,2017-08-02,Anomaly Persistence,3,2017
2017-07-31,2017,7,18.434,18.46,18.242242424242427,2017-08-03,Anomaly Persistence,3,2017
2017-08-01,2017,8,18.508,18.472,18.307454545454544,2017-08-04,Anomaly Persistence,3,2017
2017-08-02,2017,8,18.472,18.59,18.316909090909093,2017-08-05,Anomaly Persistence,3,2017
2017-08-03,2017,8,18.46,18.624,18.316636363636363,2017-08-06,Anomaly Persistence,3,2017
2017-08-04,2017,8,18.472,18.56,18.40127272727273,2017-08-07,Anomaly Persistence,3,2017
2017-08-05,2017,8,18.59,18.526,18.546545454545456,2017-08-08,Anomaly Persistence,3,2017
2017-08-06,2017,8,18.624,18.542,18.574636363636365,2017-08-09,Anomaly Persistence,3,2017
2017-08-07,2017,8,18.56,18.696,18.487272727272725,2017-08-10,Anomaly Persistence,3,2017
2017-08-08,2017,8,18.526,18.986,18.454363636363635,2017-08-11,Anomaly Persistence,3,2017
2017-08-09,2017,8,18.542,19.608,18.52,2017-08-12,Anomaly Persistence,3,2017
2017-08-10,2017,8,18.696,20.202,18.750909090909094,2017-08-13,Anomaly Persistence,3,2017
2017-08-11,2017,8,18.986,20.728,19.09709090909091,2017-08-14,Anomaly Persistence,3,2017
2017-08-12,2017,8,19.608,20.826,19.726363636363637,2017-08-15,Anomaly Persistence,3,2017
2017-08-13,2017,8,20.202,20.83,20.289636363636365,2017-08-16,Anomaly Persistence,3,2017
2017-08-14,2017,8,20.728,20.698,20.802545454545456,2017-08-17,Anomaly Persistence,3,2017
2017-08-15,2017,8,20.826,20.476,20.915636363636366,2017-08-18,Anomaly Persistence,3,2017
2017-08-16,2017,8,20.83,20.24,20.917999999999996,2017-08-19,Anomaly Persistence,3,2017
2017-08-17,2017,8,20.698,20.048,20.760727272727273,2017-08-20,Anomaly Persistence,3,2017
2017-08-18,2017,8,20.476,19.88,20.542545454545454,2017-08-21,Anomaly Persistence,3,2017
2017-08-19,2017,8,20.24,19.73,20.33090909090909,2017-08-22,Anomaly Persistence,3,2017
2017-08-20,2017,8,20.048,19.53,20.111818181818183,2017-08-23,Anomaly Persistence,3,2017
2017-08-21,2017,8,19.88,19.436,19.891272727272725,2017-08-24,Anomaly Persistence,3,2017
2017-08-22,2017,8,19.73,19.304,19.68054545454546,2017-08-25,Anomaly Persistence,3,2017
2017-08-23,2017,8,19.53,19.136,19.448727272727275,2017-08-26,Anomaly Persistence,3,2017
2017-08-24,2017,8,19.436,18.998,19.333636363636362,2017-08-27,Anomaly Persistence,3,2017
2017-08-25,2017,8,19.304,18.972,19.233818181818176,2017-08-28,Anomaly Persistence,3,2017
2017-08-26,2017,8,19.136,18.826,19.121818181818178,2017-08-29,Anomaly Persistence,3,2017
2017-08-27,2017,8,18.998,18.72,18.984727272727277,2017-08-30,Anomaly Persistence,3,2017
2017-08-28,2017,8,18.972,18.568,18.925090909090912,2017-08-31,Anomaly Persistence,3,2017
2017-08-29,2017,8,18.826,18.472,18.59927272727273,2017-09-01,Anomaly Persistence,3,2017
2017-08-30,2017,8,18.72,18.544,18.475454545454543,2017-09-02,Anomaly Persistence,3,2017
2017-08-31,2017,8,18.568,18.576,18.315636363636365,2017-09-03,Anomaly Persistence,3,2017
2017-09-01,2017,9,18.472,18.566,18.35272727272727,2017-09-04,Anomaly Persistence,3,2017
2017-09-02,2017,9,18.544,18.58,18.48690909090909,2017-09-05,Anomaly Persistence,3,2017
2017-09-03,2017,9,18.576,18.6,18.567818181818183,2017-09-06,Anomaly Persistence,3,2017
2017-09-04,2017,9,18.566,18.65,18.607454545454548,2017-09-07,Anomaly Persistence,3,2017
2017-09-05,2017,9,18.58,18.76,18.647454545454544,2017-09-08,Anomaly Persistence,3,2017
2017-09-06,2017,9,18.6,18.892,18.680545454545456,2017-09-09,Anomaly Persistence,3,2017
2017-09-07,2017,9,18.65,19.076,18.709999999999997,2017-09-10,Anomaly Persistence,3,2017
2017-09-08,2017,9,18.76,19.334,18.789818181818184,2017-09-11,Anomaly Persistence,3,2017
2017-09-09,2017,9,18.892,19.378,18.92490909090909,2017-09-12,Anomaly Persistence,3,2017
2017-09-10,2017,9,19.076,19.256,19.079272727272727,2017-09-13,Anomaly Persistence,3,2017
2017-09-11,2017,9,19.334,19.132,19.303636363636365,2017-09-14,Anomaly Persistence,3,2017
2017-09-12,2017,9,19.378,19.008,19.343636363636364,2017-09-15,Anomaly Persistence,3,2017
2017-09-13,2017,9,19.256,18.912,19.24,2017-09-16,Anomaly Persistence,3,2017
2017-09-14,2017,9,19.132,18.732,19.15090909090909,2017-09-17,Anomaly Persistence,3,2017
2017-09-15,2017,9,19.008,18.53,18.962909090909093,2017-09-18,Anomaly Persistence,3,2017
2017-09-16,2017,9,18.912,18.356,18.85709090909091,2017-09-19,Anomaly Persistence,3,2017
2017-09-17,2017,9,18.732,18.25,18.65927272727273,2017-09-20,Anomaly Persistence,3,2017
2017-09-18,2017,9,18.53,18.158,18.405454545454546,2017-09-21,Anomaly Persistence,3,2017
2017-09-19,2017,9,18.356,18.064,18.248545454545454,2017-09-22,Anomaly Persistence,3,2017
2017-09-20,2017,9,18.25,18.072,18.142727272727274,2017-09-23,Anomaly Persistence,3,2017
2017-09-21,2017,9,18.158,17.942,18.113636363636363,2017-09-24,Anomaly Persistence,3,2017
2017-09-22,2017,9,18.064,17.866,17.991818181818186,2017-09-25,Anomaly Persistence,3,2017
2017-09-23,2017,9,18.072,17.85,18.002545454545455,2017-09-26,Anomaly Persistence,3,2017
2017-09-24,2017,9,17.942,17.95,17.961636363636366,2017-09-27,Anomaly Persistence,3,2017
2017-09-25,2017,9,17.866,18.042,17.951090909090908,2017-09-28,Anomaly Persistence,3,2017
2017-09-26,2017,9,17.85,18.05,17.919636363636364,2017-09-29,Anomaly Persistence,3,2017
2017-09-27,2017,9,17.95,18.116,17.92163636363636,2017-09-30,Anomaly Persistence,3,2017
2017-09-28,2017,9,18.042,18.238,17.96218181818182,2017-10-01,Anomaly Persistence,3,2017
2017-09-29,2017,9,18.05,18.502,17.774472727272727,2017-10-02,Anomaly Persistence,3,2017
2017-09-30,2017,9,18.116,18.55,17.773836363636363,2017-10-03,Anomaly Persistence,3,2017
2017-10-01,2017,10,18.238,18.396,17.778418181818182,2017-10-04,Anomaly Persistence,3,2017
2017-10-02,2017,10,18.502,18.226,18.0678,2017-10-05,Anomaly Persistence,3,2017
2017-10-03,2017,10,18.55,18.126,18.052200000000003,2017-10-06,Anomaly Persistence,3,2017
2017-10-04,2017,10,18.396,18.162,17.9206,2017-10-07,Anomaly Persistence,3,2017
2017-10-05,2017,10,18.226,18.246,17.8724,2017-10-08,Anomaly Persistence,3,2017
2017-10-06,2017,10,18.126,18.308,17.9254,2017-10-09,Anomaly Persistence,3,2017
2017-10-07,2017,10,18.162,18.284,17.9992,2017-10-10,Anomaly Persistence,3,2017
2017-10-08,2017,10,18.246,18.066,18.023,2017-10-11,Anomaly Persistence,3,2017
2017-10-09,2017,10,18.308,17.778,17.9828,2017-10-12,Anomaly Persistence,3,2017
2017-10-10,2017,10,18.284,17.504,17.915399999999998,2017-10-13,Anomaly Persistence,3,2017
2017-10-11,2017,10,18.066,17.326,17.7764,2017-10-14,Anomaly Persistence,3,2017
2017-10-12,2017,10,17.778,17.092,17.599999999999998,2017-10-15,Anomaly Persistence,3,2017
2017-10-13,2017,10,17.504,17.036,17.427600000000005,2017-10-16,Anomaly Persistence,3,2017
2017-10-14,2017,10,17.326,16.998,17.2788,2017-10-17,Anomaly Persistence,3,2017
2017-10-15,2017,10,17.092,16.932,16.9616,2017-10-18,Anomaly Persistence,3,2017
2017-10-16,2017,10,17.036,16.896,16.8312,2017-10-19,Anomaly Persistence,3,2017
2017-10-17,2017,10,16.998,16.892,16.707,2017-10-20,Anomaly Persistence,3,2017
2017-10-18,2017,10,16.932,17.158,16.645999999999997,2017-10-21,Anomaly Persistence,3,2017
2017-10-19,2017,10,16.896,17.352,16.619200000000003,2017-10-22,Anomaly Persistence,3,2017
2017-10-20,2017,10,16.892,17.182,16.6028,2017-10-23,Anomaly Persistence,3,2017
2017-10-21,2017,10,17.158,16.96,16.8304,2017-10-24,Anomaly Persistence,3,2017
2017-10-22,2017,10,17.352,16.774,17.007799999999996,2017-10-25,Anomaly Persistence,3,2017
2017-10-23,2017,10,17.182,16.676,16.8936,2017-10-26,Anomaly Persistence,3,2017
2017-10-24,2017,10,16.96,16.664,16.7326,2017-10-27,Anomaly Persistence,3,2017
2017-10-25,2017,10,16.774,16.688,16.5922,2017-10-28,Anomaly Persistence,3,2017
2017-10-26,2017,10,16.676,16.834,16.5248,2017-10-29,Anomaly Persistence,3,2017
2017-10-27,2017,10,16.664,16.932,16.549200000000003,2017-10-30,Anomaly Persistence,3,2017
2017-10-28,2017,10,16.688,16.996,16.6004,2017-10-31,Anomaly Persistence,3,2017
2017-10-29,2017,10,16.834,16.838,16.795472727272724,2017-11-01,Anomaly Persistence,3,2017
2017-10-30,2017,10,16.932,16.544,16.87043333333333,2017-11-02,Anomaly Persistence,3,2017
2017-10-31,2017,10,16.996,16.29,16.903466666666667,2017-11-03,Anomaly Persistence,3,2017
2017-11-01,2017,11,16.838,16.114,16.68206060606061,2017-11-04,Anomaly Persistence,3,2017
2017-11-02,2017,11,16.544,15.952,16.3535,2017-11-05,Anomaly Persistence,3,2017
2017-11-03,2017,11,16.29,15.828,16.079666666666665,2017-11-06,Anomaly Persistence,3,2017
2017-11-04,2017,11,16.114,15.698,15.877666666666666,2017-11-07,Anomaly Persistence,3,2017
2017-11-05,2017,11,15.952,15.656,15.732166666666666,2017-11-08,Anomaly Persistence,3,2017
2017-11-06,2017,11,15.828,15.432,15.608500000000001,2017-11-09,Anomaly Persistence,3,2017
2017-11-07,2017,11,15.698,15.32,15.483833333333333,2017-11-10,Anomaly Persistence,3,2017
2017-11-08,2017,11,15.656,15.274,15.439666666666668,2017-11-11,Anomaly Persistence,3,2017
2017-11-09,2017,11,15.432,15.268,15.249666666666666,2017-11-12,Anomaly Persistence,3,2017
2017-11-10,2017,11,15.32,15.216,15.166166666666667,2017-11-13,Anomaly Persistence,3,2017
2017-11-11,2017,11,15.274,15.152,15.137833333333333,2017-11-14,Anomaly Persistence,3,2017
2017-11-12,2017,11,15.268,15.058,15.114833333333333,2017-11-15,Anomaly Persistence,3,2017
2017-11-13,2017,11,15.216,15.004,15.049166666666665,2017-11-16,Anomaly Persistence,3,2017
2017-11-14,2017,11,15.152,14.92,14.981333333333332,2017-11-17,Anomaly Persistence,3,2017
2017-11-15,2017,11,15.058,14.872,14.900500000000001,2017-11-18,Anomaly Persistence,3,2017
2017-11-16,2017,11,15.004,14.79,14.853166666666667,2017-11-19,Anomaly Persistence,3,2017
2017-11-17,2017,11,14.92,14.736,14.784666666666665,2017-11-20,Anomaly Persistence,3,2017
2017-11-18,2017,11,14.872,14.694,14.752833333333333,2017-11-21,Anomaly Persistence,3,2017
2017-11-19,2017,11,14.79,14.616,14.681666666666667,2017-11-22,Anomaly Persistence,3,2017
2017-11-20,2017,11,14.736,14.51,14.629083333333336,2017-11-23,Anomaly Persistence,3,2017
2017-11-21,2017,11,14.694,14.412,14.5955,2017-11-24,Anomaly Persistence,3,2017
2017-11-22,2017,11,14.616,14.398,14.557999999999998,2017-11-25,Anomaly Persistence,3,2017
2017-11-23,2017,11,14.51,14.324,14.460249999999998,2017-11-26,Anomaly Persistence,3,2017
2017-11-24,2017,11,14.412,14.27,14.3535,2017-11-27,Anomaly Persistence,3,2017
2017-11-25,2017,11,14.398,14.27,14.292333333333334,2017-11-28,Anomaly Persistence,3,2017
2017-11-26,2017,11,14.324,14.26,14.204333333333336,2017-11-29,Anomaly Persistence,3,2017
2017-11-27,2017,11,14.27,14.226,14.142333333333335,2017-11-30,Anomaly Persistence,3,2017
2017-11-28,2017,11,14.27,14.186,14.192848484848485,2017-12-01,Anomaly Persistence,3,2017
2017-11-29,2017,11,14.26,14.164,14.182696969696968,2017-12-02,Anomaly Persistence,3,2017
2017-11-30,2017,11,14.226,14.126,14.153454545454546,2017-12-03,Anomaly Persistence,3,2017
2017-12-01,2017,12,14.186,14.104,14.070909090909092,2017-12-04,Anomaly Persistence,3,2017
2017-12-02,2017,12,14.164,14.09,14.061454545454545,2017-12-05,Anomaly Persistence,3,2017
2017-12-03,2017,12,14.126,14.08,14.03409090909091,2017-12-06,Anomaly Persistence,3,2017
2017-12-04,2017,12,14.104,14.07,14.019272727272726,2017-12-07,Anomaly Persistence,3,2017
2017-12-05,2017,12,14.09,14.05,14.005454545454544,2017-12-08,Anomaly Persistence,3,2017
2017-12-06,2017,12,14.08,14.014,13.992181818181818,2017-12-09,Anomaly Persistence,3,2017
2017-12-07,2017,12,14.07,13.96,13.976909090909091,2017-12-10,Anomaly Persistence,3,2017
2017-12-08,2017,12,14.05,13.95,13.956909090909091,2017-12-11,Anomaly Persistence,3,2017
2017-12-09,2017,12,14.014,13.922,13.92181818181818,2017-12-12,Anomaly Persistence,3,2017
2017-12-10,2017,12,13.96,13.876,13.868909090909092,2017-12-13,Anomaly Persistence,3,2017
2017-12-11,2017,12,13.95,13.844,13.86218181818182,2017-12-14,Anomaly Persistence,3,2017
2017-12-12,2017,12,13.922,13.81,13.836545454545455,2017-12-15,Anomaly Persistence,3,2017
2017-12-13,2017,12,13.876,13.79,13.794363636363636,2017-12-16,Anomaly Persistence,3,2017
2017-12-14,2017,12,13.844,13.764,13.76490909090909,2017-12-17,Anomaly Persistence,3,2017
2017-12-15,2017,12,13.81,13.732,13.733818181818183,2017-12-18,Anomaly Persistence,3,2017
2017-12-16,2017,12,13.79,13.72,13.72290909090909,2017-12-19,Anomaly Persistence,3,2017
2017-12-17,2017,12,13.764,13.71,13.696,2017-12-20,Anomaly Persistence,3,2017
2017-12-18,2017,12,13.732,13.684,13.663636363636362,2017-12-21,Anomaly Persistence,3,2017
2017-12-19,2017,12,13.72,13.65,13.653818181818181,2017-12-22,Anomaly Persistence,3,2017
2017-12-20,2017,12,13.71,13.62,13.648363636363635,2017-12-23,Anomaly Persistence,3,2017
2017-12-21,2017,12,13.684,13.61,13.628181818181817,2017-12-24,Anomaly Persistence,3,2017
2017-12-22,2017,12,13.65,13.59,13.592363636363638,2017-12-25,Anomaly Persistence,3,2017
2017-12-23,2017,12,13.62,13.554,13.561636363636364,2017-12-26,Anomaly Persistence,3,2017
2017-12-24,2017,12,13.61,13.52,13.550181818181818,2017-12-27,Anomaly Persistence,3,2017
2017-12-25,2017,12,13.59,13.504,13.527090909090909,2017-12-28,Anomaly Persistence,3,2017
2017-12-26,2017,12,13.554,13.464,13.489818181818181,2017-12-29,Anomaly Persistence,3,2017
2017-12-27,2017,12,13.52,13.45,13.454545454545455,2017-12-30,Anomaly Persistence,3,2017
2017-12-28,2017,12,13.504,13.42,13.430363636363635,2017-12-31,Anomaly Persistence,3,2017
2017-12-29,2017,12,13.464,13.394,13.400075757575758,2018-01-01,Anomaly Persistence,3,2017
2017-12-30,2017,12,13.45,13.36,13.379045454545453,2018-01-02,Anomaly Persistence,3,2017
2017-12-31,2017,12,13.42,13.34,13.359409090909091,2018-01-03,Anomaly Persistence,3,2017
2018-01-01,2018,1,13.394,13.316,13.327,2018-01-04,Anomaly Persistence,3,2018
2018-01-02,2018,1,13.36,13.286,13.298833333333333,2018-01-05,Anomaly Persistence,3,2018
2018-01-03,2018,1,13.34,13.26,13.2775,2018-01-06,Anomaly Persistence,3,2018
2018-01-04,2018,1,13.316,13.234,13.254833333333334,2018-01-07,Anomaly Persistence,3,2018
2018-01-05,2018,1,13.286,13.21,13.2265,2018-01-08,Anomaly Persistence,3,2018
2018-01-06,2018,1,13.26,13.186,13.200666666666667,2018-01-09,Anomaly Persistence,3,2018
2018-01-07,2018,1,13.234,13.154,13.170500000000002,2018-01-10,Anomaly Persistence,3,2018
2018-01-08,2018,1,13.21,13.13,13.150750000000002,2018-01-11,Anomaly Persistence,3,2018
2018-01-09,2018,1,13.186,13.13,13.131666666666666,2018-01-12,Anomaly Persistence,3,2018
2018-01-10,2018,1,13.154,13.12,13.104916666666664,2018-01-13,Anomaly Persistence,3,2018
2018-01-11,2018,1,13.13,13.094,13.07875,2018-01-14,Anomaly Persistence,3,2018
2018-01-12,2018,1,13.13,13.066,13.080916666666667,2018-01-15,Anomaly Persistence,3,2018
2018-01-13,2018,1,13.12,13.06,13.06925,2018-01-16,Anomaly Persistence,3,2018
2018-01-14,2018,1,13.094,13.05,13.046833333333334,2018-01-17,Anomaly Persistence,3,2018
2018-01-15,2018,1,13.066,13.03,13.015750000000002,2018-01-18,Anomaly Persistence,3,2018
2018-01-16,2018,1,13.06,13.03,13.012833333333335,2018-01-19,Anomaly Persistence,3,2018
2018-01-17,2018,1,13.05,13.02,13.000166666666665,2018-01-20,Anomaly Persistence,3,2018
2018-01-18,2018,1,13.03,12.986,12.977999999999998,2018-01-21,Anomaly Persistence,3,2018
2018-01-19,2018,1,13.03,12.938,12.972499999999998,2018-01-22,Anomaly Persistence,3,2018
2018-01-20,2018,1,13.02,12.92,12.963166666666668,2018-01-23,Anomaly Persistence,3,2018
2018-01-21,2018,1,12.986,12.92,12.9375,2018-01-24,Anomaly Persistence,3,2018
2018-01-22,2018,1,12.938,12.91,12.894,2018-01-25,Anomaly Persistence,3,2018
2018-01-23,2018,1,12.92,12.9,12.876166666666666,2018-01-26,Anomaly Persistence,3,2018
2018-01-24,2018,1,12.92,12.88,12.872333333333334,2018-01-27,Anomaly Persistence,3,2018
2018-01-25,2018,1,12.91,12.866,12.865666666666668,2018-01-28,Anomaly Persistence,3,2018
2018-01-26,2018,1,12.9,12.84,12.860833333333334,2018-01-29,Anomaly Persistence,3,2018
2018-01-27,2018,1,12.88,12.82,12.848333333333334,2018-01-30,Anomaly Persistence,3,2018
2018-01-28,2018,1,12.866,12.81,12.836333333333334,2018-01-31,Anomaly Persistence,3,2018
2018-01-29,2018,1,12.84,12.8,12.836772727272727,2018-02-01,Anomaly Persistence,3,2018
2018-01-30,2018,1,12.82,12.79,12.80737878787879,2018-02-02,Anomaly Persistence,3,2018
2018-01-31,2018,1,12.81,12.79,12.794090909090906,2018-02-03,Anomaly Persistence,3,2018
2018-02-01,2018,2,12.8,12.78,12.758181818181818,2018-02-04,Anomaly Persistence,3,2018
2018-02-02,2018,2,12.79,12.78,12.755454545454544,2018-02-05,Anomaly Persistence,3,2018
2018-02-03,2018,2,12.79,12.77,12.756545454545455,2018-02-06,Anomaly Persistence,3,2018
2018-02-04,2018,2,12.78,12.75,12.746727272727274,2018-02-07,Anomaly Persistence,3,2018
2018-02-05,2018,2,12.78,12.73,12.742363636363635,2018-02-08,Anomaly Persistence,3,2018
2018-02-06,2018,2,12.77,12.71,12.729454545454544,2018-02-09,Anomaly Persistence,3,2018
2018-02-07,2018,2,12.75,12.7,12.709818181818182,2018-02-10,Anomaly Persistence,3,2018
2018-02-08,2018,2,12.73,12.69,12.691636363636364,2018-02-11,Anomaly Persistence,3,2018
2018-02-09,2018,2,12.71,12.69,12.672909090909094,2018-02-12,Anomaly Persistence,3,2018
2018-02-10,2018,2,12.7,12.68,12.660909090909088,2018-02-13,Anomaly Persistence,3,2018
2018-02-11,2018,2,12.69,12.68,12.649636363636365,2018-02-14,Anomaly Persistence,3,2018
2018-02-12,2018,2,12.69,12.668,12.655090909090907,2018-02-15,Anomaly Persistence,3,2018
2018-02-13,2018,2,12.68,12.57,12.642545454545454,2018-02-16,Anomaly Persistence,3,2018
2018-02-14,2018,2,12.68,12.48,12.642363636363633,2018-02-17,Anomaly Persistence,3,2018
2018-02-15,2018,2,12.668,12.4,12.63290909090909,2018-02-18,Anomaly Persistence,3,2018
2018-02-16,2018,2,12.57,12.434,12.556000000000001,2018-02-19,Anomaly Persistence,3,2018
2018-02-17,2018,2,12.48,12.44,12.488545454545456,2018-02-20,Anomaly Persistence,3,2018
2018-02-18,2018,2,12.4,12.42,12.41327272727273,2018-02-21,Anomaly Persistence,3,2018
2018-02-19,2018,2,12.434,12.398,12.428363636363638,2018-02-22,Anomaly Persistence,3,2018
2018-02-20,2018,2,12.44,12.354,12.410545454545455,2018-02-23,Anomaly Persistence,3,2018
2018-02-21,2018,2,12.42,12.34,12.380909090909089,2018-02-24,Anomaly Persistence,3,2018
2018-02-22,2018,2,12.398,12.34,12.371090909090906,2018-02-25,Anomaly Persistence,3,2018
2018-02-23,2018,2,12.354,12.34,12.350909090909088,2018-02-26,Anomaly Persistence,3,2018
2018-02-24,2018,2,12.34,12.36,12.363272727272728,2018-02-27,Anomaly Persistence,3,2018
2018-02-25,2018,2,12.34,12.38,12.379818181818184,2018-02-28,Anomaly Persistence,3,2018
2018-02-26,2018,2,12.34,12.38,12.37818181818182,2018-03-01,Anomaly Persistence,3,2018
2018-02-27,2018,2,12.36,12.38,12.387818181818183,2018-03-02,Anomaly Persistence,3,2018
2018-02-28,2018,2,12.38,12.37,12.419818181818181,2018-03-03,Anomaly Persistence,3,2018
2018-03-01,2018,3,12.38,12.35,12.426,2018-03-04,Anomaly Persistence,3,2018
2018-03-02,2018,3,12.38,12.35,12.423999999999998,2018-03-05,Anomaly Persistence,3,2018
2018-03-03,2018,3,12.37,12.35,12.399090909090907,2018-03-06,Anomaly Persistence,3,2018
2018-03-04,2018,3,12.35,12.36,12.37672727272727,2018-03-07,Anomaly Persistence,3,2018
2018-03-05,2018,3,12.35,12.372,12.39018181818182,2018-03-08,Anomaly Persistence,3,2018
2018-03-06,2018,3,12.35,12.406,12.39509090909091,2018-03-09,Anomaly Persistence,3,2018
2018-03-07,2018,3,12.36,12.41,12.405090909090909,2018-03-10,Anomaly Persistence,3,2018
2018-03-08,2018,3,12.372,12.446,12.40309090909091,2018-03-11,Anomaly Persistence,3,2018
2018-03-09,2018,3,12.406,12.474,12.433818181818182,2018-03-12,Anomaly Persistence,3,2018
2018-03-10,2018,3,12.41,12.626,12.480545454545457,2018-03-13,Anomaly Persistence,3,2018
2018-03-11,2018,3,12.446,12.664,12.555999999999997,2018-03-14,Anomaly Persistence,3,2018
2018-03-12,2018,3,12.474,12.708,12.587636363636364,2018-03-15,Anomaly Persistence,3,2018
2018-03-13,2018,3,12.626,12.734,12.681636363636363,2018-03-16,Anomaly Persistence,3,2018
2018-03-14,2018,3,12.664,12.738,12.666545454545457,2018-03-17,Anomaly Persistence,3,2018
2018-03-15,2018,3,12.708,12.686,12.692363636363638,2018-03-18,Anomaly Persistence,3,2018
2018-03-16,2018,3,12.734,12.608,12.735272727272728,2018-03-19,Anomaly Persistence,3,2018
2018-03-17,2018,3,12.738,12.518,12.767999999999999,2018-03-20,Anomaly Persistence,3,2018
2018-03-18,2018,3,12.686,12.484,12.725272727272726,2018-03-21,Anomaly Persistence,3,2018
2018-03-19,2018,3,12.608,12.444,12.64,2018-03-22,Anomaly Persistence,3,2018
2018-03-20,2018,3,12.518,12.442,12.539272727272728,2018-03-23,Anomaly Persistence,3,2018
2018-03-21,2018,3,12.484,12.478,12.520909090909091,2018-03-24,Anomaly Persistence,3,2018
2018-03-22,2018,3,12.444,12.534,12.514909090909093,2018-03-25,Anomaly Persistence,3,2018
2018-03-23,2018,3,12.442,12.63,12.543090909090909,2018-03-26,Anomaly Persistence,3,2018
2018-03-24,2018,3,12.478,12.738,12.610545454545454,2018-03-27,Anomaly Persistence,3,2018
2018-03-25,2018,3,12.534,12.76,12.70690909090909,2018-03-28,Anomaly Persistence,3,2018
2018-03-26,2018,3,12.63,12.73,12.806181818181818,2018-03-29,Anomaly Persistence,3,2018
2018-03-27,2018,3,12.738,12.734,12.870363636363635,2018-03-30,Anomaly Persistence,3,2018
2018-03-28,2018,3,12.76,12.826,12.839636363636364,2018-03-31,Anomaly Persistence,3,2018
2018-03-29,2018,3,12.73,12.95,12.82218181818182,2018-04-01,Anomaly Persistence,3,2018
2018-03-30,2018,3,12.734,13.082,12.881454545454547,2018-04-02,Anomaly Persistence,3,2018
2018-03-31,2018,3,12.826,13.124,13.006181818181819,2018-04-03,Anomaly Persistence,3,2018
2018-04-01,2018,4,12.95,13.13,13.116181818181818,2018-04-04,Anomaly Persistence,3,2018
2018-04-02,2018,4,13.082,13.13,13.219090909090909,2018-04-05,Anomaly Persistence,3,2018
2018-04-03,2018,4,13.124,13.11,13.23990909090909,2018-04-06,Anomaly Persistence,3,2018
2018-04-04,2018,4,13.13,13.084,13.275818181818183,2018-04-07,Anomaly Persistence,3,2018
2018-04-05,2018,4,13.13,13.07,13.327454545454549,2018-04-08,Anomaly Persistence,3,2018
2018-04-06,2018,4,13.11,13.07,13.375181818181819,2018-04-09,Anomaly Persistence,3,2018
2018-04-07,2018,4,13.084,13.08,13.359454545454543,2018-04-10,Anomaly Persistence,3,2018
2018-04-08,2018,4,13.07,13.068,13.279090909090908,2018-04-11,Anomaly Persistence,3,2018
2018-04-09,2018,4,13.07,13.06,13.18181818181818,2018-04-12,Anomaly Persistence,3,2018
2018-04-10,2018,4,13.08,13.088,13.141454545454547,2018-04-13,Anomaly Persistence,3,2018
2018-04-11,2018,4,13.068,13.18,13.136909090909091,2018-04-14,Anomaly Persistence,3,2018
2018-04-12,2018,4,13.06,13.328,13.192727272727275,2018-04-15,Anomaly Persistence,3,2018
2018-04-13,2018,4,13.088,13.422,13.264545454545454,2018-04-16,Anomaly Persistence,3,2018
2018-04-14,2018,4,13.18,13.462,13.373272727272727,2018-04-17,Anomaly Persistence,3,2018
2018-04-15,2018,4,13.328,13.508,13.481272727272724,2018-04-18,Anomaly Persistence,3,2018
2018-04-16,2018,4,13.422,13.58,13.528,2018-04-19,Anomaly Persistence,3,2018
2018-04-17,2018,4,13.462,13.838,13.623454545454544,2018-04-20,Anomaly Persistence,3,2018
2018-04-18,2018,4,13.508,14.13,13.73018181818182,2018-04-21,Anomaly Persistence,3,2018
2018-04-19,2018,4,13.58,14.334,13.866363636363637,2018-04-22,Anomaly Persistence,3,2018
2018-04-20,2018,4,13.838,14.368,14.04490909090909,2018-04-23,Anomaly Persistence,3,2018
2018-04-21,2018,4,14.13,14.254,14.286909090909091,2018-04-24,Anomaly Persistence,3,2018
2018-04-22,2018,4,14.334,14.12,14.440090909090907,2018-04-25,Anomaly Persistence,3,2018
2018-04-23,2018,4,14.368,14.052,14.546363636363635,2018-04-26,Anomaly Persistence,3,2018
2018-04-24,2018,4,14.254,14.024,14.549999999999999,2018-04-27,Anomaly Persistence,3,2018
2018-04-25,2018,4,14.12,14.032,14.464818181818181,2018-04-28,Anomaly Persistence,3,2018
2018-04-26,2018,4,14.052,14.128,14.337090909090909,2018-04-29,Anomaly Persistence,3,2018
2018-04-27,2018,4,14.024,14.306,14.198727272727272,2018-04-30,Anomaly Persistence,3,2018
2018-04-28,2018,4,14.032,14.402,14.280854545454545,2018-05-01,Anomaly Persistence,3,2018
2018-04-29,2018,4,14.128,14.43,14.446872727272728,2018-05-02,Anomaly Persistence,3,2018
2018-04-30,2018,4,14.306,14.434,14.569581818181819,2018-05-03,Anomaly Persistence,3,2018
2018-05-01,2018,5,14.402,14.296,14.5192,2018-05-04,Anomaly Persistence,3,2018
2018-05-02,2018,5,14.43,14.228,14.449,2018-05-05,Anomaly Persistence,3,2018
2018-05-03,2018,5,14.434,14.152,14.4598,2018-05-06,Anomaly Persistence,3,2018
2018-05-04,2018,5,14.296,14.14,14.3564,2018-05-07,Anomaly Persistence,3,2018
2018-05-05,2018,5,14.228,14.13,14.3232,2018-05-08,Anomaly Persistence,3,2018
2018-05-06,2018,5,14.152,14.166,14.252199999999997,2018-05-09,Anomaly Persistence,3,2018
2018-05-07,2018,5,14.14,14.218,14.202799999999998,2018-05-10,Anomaly Persistence,3,2018
2018-05-08,2018,5,14.13,14.42,14.164200000000001,2018-05-11,Anomaly Persistence,3,2018
2018-05-09,2018,5,14.166,14.546,14.198800000000002,2018-05-12,Anomaly Persistence,3,2018
2018-05-10,2018,5,14.218,14.56,14.175000000000002,2018-05-13,Anomaly Persistence,3,2018
2018-05-11,2018,5,14.42,14.57,14.308199999999998,2018-05-14,Anomaly Persistence,3,2018
2018-05-12,2018,5,14.546,14.588,14.398799999999998,2018-05-15,Anomaly Persistence,3,2018
2018-05-13,2018,5,14.56,14.712,14.529399999999999,2018-05-16,Anomaly Persistence,3,2018
2018-05-14,2018,5,14.57,14.972,14.7086,2018-05-17,Anomaly Persistence,3,2018
2018-05-15,2018,5,14.588,15.076,14.8506,2018-05-18,Anomaly Persistence,3,2018
2018-05-16,2018,5,14.712,14.988,14.9964,2018-05-19,Anomaly Persistence,3,2018
2018-05-17,2018,5,14.972,14.832,15.1722,2018-05-20,Anomaly Persistence,3,2018
2018-05-18,2018,5,15.076,14.72,15.2158,2018-05-21,Anomaly Persistence,3,2018
2018-05-19,2018,5,14.988,14.664,15.103400000000002,2018-05-22,Anomaly Persistence,3,2018
2018-05-20,2018,5,14.832,14.632,14.995800000000001,2018-05-23,Anomaly Persistence,3,2018
2018-05-21,2018,5,14.72,14.572,14.925000000000002,2018-05-24,Anomaly Persistence,3,2018
2018-05-22,2018,5,14.664,14.564,14.8638,2018-05-25,Anomaly Persistence,3,2018
2018-05-23,2018,5,14.632,14.868,14.826600000000001,2018-05-26,Anomaly Persistence,3,2018
2018-05-24,2018,5,14.572,15.12,14.7878,2018-05-27,Anomaly Persistence,3,2018
2018-05-25,2018,5,14.564,15.4,14.897199999999998,2018-05-28,Anomaly Persistence,3,2018
2018-05-26,2018,5,14.868,15.656,15.189199999999998,2018-05-29,Anomaly Persistence,3,2018
2018-05-27,2018,5,15.12,16.088,15.392799999999996,2018-05-30,Anomaly Persistence,3,2018
2018-05-28,2018,5,15.4,16.376,15.5218,2018-05-31,Anomaly Persistence,3,2018
2018-05-29,2018,5,15.656,16.568,15.703945454545456,2018-06-01,Anomaly Persistence,3,2018
2018-05-30,2018,5,16.088,16.72,16.117000000000004,2018-06-02,Anomaly Persistence,3,2018
2018-05-31,2018,5,16.376,16.856,16.454472727272726,2018-06-03,Anomaly Persistence,3,2018
2018-06-01,2018,6,16.568,16.764,16.66218181818182,2018-06-04,Anomaly Persistence,3,2018
2018-06-02,2018,6,16.72,16.484,16.811090909090904,2018-06-05,Anomaly Persistence,3,2018
2018-06-03,2018,6,16.856,16.262,16.976909090909096,2018-06-06,Anomaly Persistence,3,2018
2018-06-04,2018,6,16.764,16.086,17.00672727272727,2018-06-07,Anomaly Persistence,3,2018
2018-06-05,2018,6,16.484,15.96,16.827090909090913,2018-06-08,Anomaly Persistence,3,2018
2018-06-06,2018,6,16.262,15.844,16.607090909090907,2018-06-09,Anomaly Persistence,3,2018
2018-06-07,2018,6,16.086,15.79,16.33690909090909,2018-06-10,Anomaly Persistence,3,2018
2018-06-08,2018,6,15.96,15.77,16.134363636363638,2018-06-11,Anomaly Persistence,3,2018
2018-06-09,2018,6,15.844,15.77,15.956363636363639,2018-06-12,Anomaly Persistence,3,2018
2018-06-10,2018,6,15.79,15.748,15.845818181818181,2018-06-13,Anomaly Persistence,3,2018
2018-06-11,2018,6,15.77,15.71,15.749818181818181,2018-06-14,Anomaly Persistence,3,2018
2018-06-12,2018,6,15.77,15.86,15.74672727272727,2018-06-15,Anomaly Persistence,3,2018
2018-06-13,2018,6,15.748,16.182,15.900727272727272,2018-06-16,Anomaly Persistence,3,2018
2018-06-14,2018,6,15.71,16.462,16.081272727272726,2018-06-17,Anomaly Persistence,3,2018
2018-06-15,2018,6,15.86,16.95,16.337636363636364,2018-06-18,Anomaly Persistence,3,2018
2018-06-16,2018,6,16.182,17.622,16.652545454545454,2018-06-19,Anomaly Persistence,3,2018
2018-06-17,2018,6,16.462,17.992,16.81336363636364,2018-06-20,Anomaly Persistence,3,2018
2018-06-18,2018,6,16.95,18.072,17.170727272727273,2018-06-21,Anomaly Persistence,3,2018
2018-06-19,2018,6,17.622,18.1,17.725272727272728,2018-06-22,Anomaly Persistence,3,2018
2018-06-20,2018,6,17.992,18.082,18.090272727272726,2018-06-23,Anomaly Persistence,3,2018
2018-06-21,2018,6,18.072,18.018,18.245454545454542,2018-06-24,Anomaly Persistence,3,2018
2018-06-22,2018,6,18.1,17.972,18.31218181818182,2018-06-25,Anomaly Persistence,3,2018
2018-06-23,2018,6,18.082,18.062,18.311272727272726,2018-06-26,Anomaly Persistence,3,2018
2018-06-24,2018,6,18.018,18.046,18.269818181818184,2018-06-27,Anomaly Persistence,3,2018
2018-06-25,2018,6,17.972,17.948,18.335272727272727,2018-06-28,Anomaly Persistence,3,2018
2018-06-26,2018,6,18.062,17.852,18.41927272727273,2018-06-29,Anomaly Persistence,3,2018
2018-06-27,2018,6,18.046,17.804,18.349636363636364,2018-06-30,Anomaly Persistence,3,2018
2018-06-28,2018,6,17.948,17.8,18.095318181818183,2018-07-01,Anomaly Persistence,3,2018
2018-06-29,2018,6,17.852,18.078,18.049515151515152,2018-07-02,Anomaly Persistence,3,2018
2018-06-30,2018,6,17.804,18.436,18.0515303030303,2018-07-03,Anomaly Persistence,3,2018
2018-07-01,2018,7,17.8,18.504,18.056,2018-07-04,Anomaly Persistence,3,2018
2018-07-02,2018,7,18.078,18.77,18.208666666666666,2018-07-05,Anomaly Persistence,3,2018
2018-07-03,2018,7,18.436,19.164,18.53333333333333,2018-07-06,Anomaly Persistence,3,2018
2018-07-04,2018,7,18.504,19.492,18.666166666666665,2018-07-07,Anomaly Persistence,3,2018
2018-07-05,2018,7,18.77,19.494,18.981666666666666,2018-07-08,Anomaly Persistence,3,2018
2018-07-06,2018,7,19.164,19.474,19.3195,2018-07-09,Anomaly Persistence,3,2018
2018-07-07,2018,7,19.492,19.38,19.578333333333337,2018-07-10,Anomaly Persistence,3,2018
2018-07-08,2018,7,19.494,19.126,19.577666666666666,2018-07-11,Anomaly Persistence,3,2018
2018-07-09,2018,7,19.474,18.892,19.565,2018-07-12,Anomaly Persistence,3,2018
2018-07-10,2018,7,19.38,18.74,19.4455,2018-07-13,Anomaly Persistence,3,2018
2018-07-11,2018,7,19.126,18.71,19.132833333333334,2018-07-14,Anomaly Persistence,3,2018
2018-07-12,2018,7,18.892,18.734,18.878333333333334,2018-07-15,Anomaly Persistence,3,2018
2018-07-13,2018,7,18.74,18.8,18.712833333333332,2018-07-16,Anomaly Persistence,3,2018
2018-07-14,2018,7,18.71,18.848,18.67216666666667,2018-07-17,Anomaly Persistence,3,2018
2018-07-15,2018,7,18.734,18.832,18.715583333333335,2018-07-18,Anomaly Persistence,3,2018
2018-07-16,2018,7,18.8,18.758,18.784833333333335,2018-07-19,Anomaly Persistence,3,2018
2018-07-17,2018,7,18.848,18.672,18.855833333333333,2018-07-20,Anomaly Persistence,3,2018
2018-07-18,2018,7,18.832,18.564,18.80441666666667,2018-07-21,Anomaly Persistence,3,2018
2018-07-19,2018,7,18.758,18.48,18.726499999999998,2018-07-22,Anomaly Persistence,3,2018
2018-07-20,2018,7,18.672,18.432,18.6285,2018-07-23,Anomaly Persistence,3,2018
2018-07-21,2018,7,18.564,18.416,18.522,2018-07-24,Anomaly Persistence,3,2018
2018-07-22,2018,7,18.48,18.438,18.458833333333335,2018-07-25,Anomaly Persistence,3,2018
2018-07-23,2018,7,18.432,18.41,18.392666666666667,2018-07-26,Anomaly Persistence,3,2018
2018-07-24,2018,7,18.416,18.4,18.358,2018-07-27,Anomaly Persistence,3,2018
2018-07-25,2018,7,18.438,18.41,18.383,2018-07-28,Anomaly Persistence,3,2018
2018-07-26,2018,7,18.41,18.408,18.372333333333334,2018-07-29,Anomaly Persistence,3,2018
2018-07-27,2018,7,18.4,18.39,18.384166666666665,2018-07-30,Anomaly Persistence,3,2018
2018-07-28,2018,7,18.41,18.38,18.353166666666663,2018-07-31,Anomaly Persistence,3,2018
2018-07-29,2018,7,18.408,18.442,18.2839696969697,2018-08-01,Anomaly Persistence,3,2018
2018-07-30,2018,7,18.39,18.652,18.206681818181817,2018-08-02,Anomaly Persistence,3,2018
2018-07-31,2018,7,18.38,18.936,18.188242424242425,2018-08-03,Anomaly Persistence,3,2018
2018-08-01,2018,8,18.442,19.036,18.241454545454545,2018-08-04,Anomaly Persistence,3,2018
2018-08-02,2018,8,18.652,19.112,18.496909090909092,2018-08-05,Anomaly Persistence,3,2018
2018-08-03,2018,8,18.936,19.13,18.792636363636362,2018-08-06,Anomaly Persistence,3,2018
2018-08-04,2018,8,19.036,19.186,18.96527272727273,2018-08-07,Anomaly Persistence,3,2018
2018-08-05,2018,8,19.112,19.216,19.068545454545454,2018-08-08,Anomaly Persistence,3,2018
2018-08-06,2018,8,19.13,19.184,19.080636363636366,2018-08-09,Anomaly Persistence,3,2018
2018-08-07,2018,8,19.186,19.06,19.113272727272726,2018-08-10,Anomaly Persistence,3,2018
2018-08-08,2018,8,19.216,18.906,19.144363636363636,2018-08-11,Anomaly Persistence,3,2018
2018-08-09,2018,8,19.184,18.79,19.162,2018-08-12,Anomaly Persistence,3,2018
2018-08-10,2018,8,19.06,18.76,19.11490909090909,2018-08-13,Anomaly Persistence,3,2018
2018-08-11,2018,8,18.906,18.762,19.017090909090907,2018-08-14,Anomaly Persistence,3,2018
2018-08-12,2018,8,18.79,18.83,18.908363636363635,2018-08-15,Anomaly Persistence,3,2018
2018-08-13,2018,8,18.76,18.85,18.847636363636365,2018-08-16,Anomaly Persistence,3,2018
2018-08-14,2018,8,18.762,18.848,18.836545454545455,2018-08-17,Anomaly Persistence,3,2018
2018-08-15,2018,8,18.83,18.818,18.919636363636364,2018-08-18,Anomaly Persistence,3,2018
2018-08-16,2018,8,18.85,18.738,18.938,2018-08-19,Anomaly Persistence,3,2018
2018-08-17,2018,8,18.848,18.656,18.91072727272727,2018-08-20,Anomaly Persistence,3,2018
2018-08-18,2018,8,18.818,18.538,18.884545454545457,2018-08-21,Anomaly Persistence,3,2018
2018-08-19,2018,8,18.738,18.41,18.82890909090909,2018-08-22,Anomaly Persistence,3,2018
2018-08-20,2018,8,18.656,18.294,18.719818181818184,2018-08-23,Anomaly Persistence,3,2018
2018-08-21,2018,8,18.538,18.28,18.549272727272726,2018-08-24,Anomaly Persistence,3,2018
2018-08-22,2018,8,18.41,18.26,18.36054545454546,2018-08-25,Anomaly Persistence,3,2018
2018-08-23,2018,8,18.294,18.26,18.212727272727275,2018-08-26,Anomaly Persistence,3,2018
2018-08-24,2018,8,18.28,18.27,18.177636363636363,2018-08-27,Anomaly Persistence,3,2018
2018-08-25,2018,8,18.26,18.27,18.18981818181818,2018-08-28,Anomaly Persistence,3,2018
2018-08-26,2018,8,18.26,18.29,18.24581818181818,2018-08-29,Anomaly Persistence,3,2018
2018-08-27,2018,8,18.27,18.362,18.256727272727275,2018-08-30,Anomaly Persistence,3,2018
2018-08-28,2018,8,18.27,18.474,18.22309090909091,2018-08-31,Anomaly Persistence,3,2018
2018-08-29,2018,8,18.29,18.63,18.06327272727273,2018-09-01,Anomaly Persistence,3,2018
2018-08-30,2018,8,18.362,18.694,18.117454545454542,2018-09-02,Anomaly Persistence,3,2018
2018-08-31,2018,8,18.474,18.714,18.221636363636364,2018-09-03,Anomaly Persistence,3,2018
2018-09-01,2018,9,18.63,18.854,18.51072727272727,2018-09-04,Anomaly Persistence,3,2018
2018-09-02,2018,9,18.694,18.906,18.63690909090909,2018-09-05,Anomaly Persistence,3,2018
2018-09-03,2018,9,18.714,18.866,18.70581818181818,2018-09-06,Anomaly Persistence,3,2018
2018-09-04,2018,9,18.854,18.85,18.895454545454548,2018-09-07,Anomaly Persistence,3,2018
2018-09-05,2018,9,18.906,18.82,18.973454545454544,2018-09-08,Anomaly Persistence,3,2018
2018-09-06,2018,9,18.866,18.73,18.946545454545454,2018-09-09,Anomaly Persistence,3,2018
2018-09-07,2018,9,18.85,18.642,18.91,2018-09-10,Anomaly Persistence,3,2018
2018-09-08,2018,9,18.82,18.722,18.849818181818183,2018-09-11,Anomaly Persistence,3,2018
2018-09-09,2018,9,18.73,19.06,18.76290909090909,2018-09-12,Anomaly Persistence,3,2018
2018-09-10,2018,9,18.642,19.256,18.645272727272726,2018-09-13,Anomaly Persistence,3,2018
2018-09-11,2018,9,18.722,19.28,18.691636363636366,2018-09-14,Anomaly Persistence,3,2018
2018-09-12,2018,9,19.06,19.4,19.025636363636362,2018-09-15,Anomaly Persistence,3,2018
2018-09-13,2018,9,19.256,19.504,19.24,2018-09-16,Anomaly Persistence,3,2018
2018-09-14,2018,9,19.28,19.558,19.29890909090909,2018-09-17,Anomaly Persistence,3,2018
2018-09-15,2018,9,19.4,19.558,19.354909090909093,2018-09-18,Anomaly Persistence,3,2018
2018-09-16,2018,9,19.504,19.586,19.449090909090913,2018-09-19,Anomaly Persistence,3,2018
2018-09-17,2018,9,19.558,19.54,19.48527272727273,2018-09-20,Anomaly Persistence,3,2018
2018-09-18,2018,9,19.558,19.302,19.433454545454545,2018-09-21,Anomaly Persistence,3,2018
2018-09-19,2018,9,19.586,19.098,19.47854545454545,2018-09-22,Anomaly Persistence,3,2018
2018-09-20,2018,9,19.54,18.694,19.432727272727274,2018-09-23,Anomaly Persistence,3,2018
2018-09-21,2018,9,19.302,18.364,19.25763636363636,2018-09-24,Anomaly Persistence,3,2018
2018-09-22,2018,9,19.098,18.082,19.025818181818185,2018-09-25,Anomaly Persistence,3,2018
2018-09-23,2018,9,18.694,17.994,18.624545454545455,2018-09-26,Anomaly Persistence,3,2018
2018-09-24,2018,9,18.364,18.144,18.383636363636366,2018-09-27,Anomaly Persistence,3,2018
2018-09-25,2018,9,18.082,18.276,18.16709090909091,2018-09-28,Anomaly Persistence,3,2018
2018-09-26,2018,9,17.994,18.288,18.063636363636363,2018-09-29,Anomaly Persistence,3,2018
2018-09-27,2018,9,18.144,18.182,18.11563636363636,2018-09-30,Anomaly Persistence,3,2018
2018-09-28,2018,9,18.276,18.054,18.196181818181817,2018-10-01,Anomaly Persistence,3,2018
2018-09-29,2018,9,18.288,17.942,18.012472727272726,2018-10-02,Anomaly Persistence,3,2018
2018-09-30,2018,9,18.182,17.862,17.839836363636362,2018-10-03,Anomaly Persistence,3,2018
2018-10-01,2018,10,18.054,17.782,17.59441818181818,2018-10-04,Anomaly Persistence,3,2018
2018-10-02,2018,10,17.942,17.606,17.5078,2018-10-05,Anomaly Persistence,3,2018
2018-10-03,2018,10,17.862,17.488,17.3642,2018-10-06,Anomaly Persistence,3,2018
2018-10-04,2018,10,17.782,17.344,17.3066,2018-10-07,Anomaly Persistence,3,2018
2018-10-05,2018,10,17.606,17.208,17.2524,2018-10-08,Anomaly Persistence,3,2018
2018-10-06,2018,10,17.488,17.078,17.287399999999998,2018-10-09,Anomaly Persistence,3,2018
2018-10-07,2018,10,17.344,16.894,17.1812,2018-10-10,Anomaly Persistence,3,2018
2018-10-08,2018,10,17.208,16.69,16.985,2018-10-11,Anomaly Persistence,3,2018
2018-10-09,2018,10,17.078,16.56,16.7528,2018-10-12,Anomaly Persistence,3,2018
2018-10-10,2018,10,16.894,16.41,16.525399999999998,2018-10-13,Anomaly Persistence,3,2018
2018-10-11,2018,10,16.69,16.272,16.4004,2018-10-14,Anomaly Persistence,3,2018
2018-10-12,2018,10,16.56,16.18,16.381999999999998,2018-10-15,Anomaly Persistence,3,2018
2018-10-13,2018,10,16.41,16.074,16.333600000000004,2018-10-16,Anomaly Persistence,3,2018
2018-10-14,2018,10,16.272,15.976,16.2248,2018-10-17,Anomaly Persistence,3,2018
2018-10-15,2018,10,16.18,15.882,16.0496,2018-10-18,Anomaly Persistence,3,2018
2018-10-16,2018,10,16.074,15.872,15.8692,2018-10-19,Anomaly Persistence,3,2018
2018-10-17,2018,10,15.976,15.97,15.685,2018-10-20,Anomaly Persistence,3,2018
2018-10-18,2018,10,15.882,16.004,15.595999999999998,2018-10-21,Anomaly Persistence,3,2018
2018-10-19,2018,10,15.872,15.892,15.595200000000002,2018-10-22,Anomaly Persistence,3,2018
2018-10-20,2018,10,15.97,15.73,15.6808,2018-10-23,Anomaly Persistence,3,2018
2018-10-21,2018,10,16.004,15.526,15.676400000000001,2018-10-24,Anomaly Persistence,3,2018
2018-10-22,2018,10,15.892,15.402,15.547799999999997,2018-10-25,Anomaly Persistence,3,2018
2018-10-23,2018,10,15.73,15.408,15.441600000000001,2018-10-26,Anomaly Persistence,3,2018
2018-10-24,2018,10,15.526,15.406,15.2986,2018-10-27,Anomaly Persistence,3,2018
2018-10-25,2018,10,15.402,15.262,15.220199999999998,2018-10-28,Anomaly Persistence,3,2018
2018-10-26,2018,10,15.408,15.134,15.256800000000002,2018-10-29,Anomaly Persistence,3,2018
2018-10-27,2018,10,15.406,15.036,15.291200000000002,2018-10-30,Anomaly Persistence,3,2018
2018-10-28,2018,10,15.262,14.956,15.1744,2018-10-31,Anomaly Persistence,3,2018
2018-10-29,2018,10,15.134,14.87,15.095472727272725,2018-11-01,Anomaly Persistence,3,2018
2018-10-30,2018,10,15.036,14.81,14.974433333333332,2018-11-02,Anomaly Persistence,3,2018
2018-10-31,2018,10,14.956,14.724,14.863466666666667,2018-11-03,Anomaly Persistence,3,2018
2018-11-01,2018,11,14.87,14.688,14.714060606060608,2018-11-04,Anomaly Persistence,3,2018
2018-11-02,2018,11,14.81,14.596,14.6195,2018-11-05,Anomaly Persistence,3,2018
2018-11-03,2018,11,14.724,14.514,14.513666666666666,2018-11-06,Anomaly Persistence,3,2018
2018-11-04,2018,11,14.688,14.494,14.451666666666666,2018-11-07,Anomaly Persistence,3,2018
2018-11-05,2018,11,14.596,14.54,14.376166666666666,2018-11-08,Anomaly Persistence,3,2018
2018-11-06,2018,11,14.514,14.51,14.294500000000001,2018-11-09,Anomaly Persistence,3,2018
2018-11-07,2018,11,14.494,14.472,14.279833333333332,2018-11-10,Anomaly Persistence,3,2018
2018-11-08,2018,11,14.54,14.44,14.323666666666666,2018-11-11,Anomaly Persistence,3,2018
2018-11-09,2018,11,14.51,14.47,14.327666666666666,2018-11-12,Anomaly Persistence,3,2018
2018-11-10,2018,11,14.472,14.5,14.318166666666666,2018-11-13,Anomaly Persistence,3,2018
2018-11-11,2018,11,14.44,14.498,14.303833333333333,2018-11-14,Anomaly Persistence,3,2018
2018-11-12,2018,11,14.47,14.406,14.316833333333333,2018-11-15,Anomaly Persistence,3,2018
2018-11-13,2018,11,14.5,14.3,14.333166666666665,2018-11-16,Anomaly Persistence,3,2018
2018-11-14,2018,11,14.498,14.238,14.327333333333332,2018-11-17,Anomaly Persistence,3,2018
2018-11-15,2018,11,14.406,14.186,14.248500000000002,2018-11-18,Anomaly Persistence,3,2018
2018-11-16,2018,11,14.3,14.132,14.149166666666668,2018-11-19,Anomaly Persistence,3,2018
2018-11-17,2018,11,14.238,14.078,14.102666666666664,2018-11-20,Anomaly Persistence,3,2018
2018-11-18,2018,11,14.186,14.056,14.066833333333333,2018-11-21,Anomaly Persistence,3,2018
2018-11-19,2018,11,14.132,14.05,14.023666666666667,2018-11-22,Anomaly Persistence,3,2018
2018-11-20,2018,11,14.078,14.072,13.971083333333334,2018-11-23,Anomaly Persistence,3,2018
2018-11-21,2018,11,14.056,14.15,13.957499999999998,2018-11-24,Anomaly Persistence,3,2018
2018-11-22,2018,11,14.05,14.196,13.991999999999999,2018-11-25,Anomaly Persistence,3,2018
2018-11-23,2018,11,14.072,14.154,14.022249999999998,2018-11-26,Anomaly Persistence,3,2018
2018-11-24,2018,11,14.15,14.044,14.0915,2018-11-27,Anomaly Persistence,3,2018
2018-11-25,2018,11,14.196,13.95,14.090333333333334,2018-11-28,Anomaly Persistence,3,2018
2018-11-26,2018,11,14.154,13.88,14.034333333333336,2018-11-29,Anomaly Persistence,3,2018
2018-11-27,2018,11,14.044,13.84,13.916333333333336,2018-11-30,Anomaly Persistence,3,2018
2018-11-28,2018,11,13.95,13.836,13.872848484848484,2018-12-01,Anomaly Persistence,3,2018
2018-11-29,2018,11,13.88,13.798,13.802696969696969,2018-12-02,Anomaly Persistence,3,2018
2018-11-30,2018,11,13.84,13.746,13.767454545454545,2018-12-03,Anomaly Persistence,3,2018
2018-12-01,2018,12,13.836,13.73,13.720909090909092,2018-12-04,Anomaly Persistence,3,2018
2018-12-02,2018,12,13.798,13.676,13.695454545454545,2018-12-05,Anomaly Persistence,3,2018
2018-12-03,2018,12,13.746,13.63,13.654090909090911,2018-12-06,Anomaly Persistence,3,2018
2018-12-04,2018,12,13.73,13.58,13.645272727272728,2018-12-07,Anomaly Persistence,3,2018
2018-12-05,2018,12,13.676,13.57,13.591454545454544,2018-12-08,Anomaly Persistence,3,2018
2018-12-06,2018,12,13.63,13.522,13.542181818181819,2018-12-09,Anomaly Persistence,3,2018
2018-12-07,2018,12,13.58,13.474,13.48690909090909,2018-12-10,Anomaly Persistence,3,2018
2018-12-08,2018,12,13.57,13.456,13.476909090909091,2018-12-11,Anomaly Persistence,3,2018
2018-12-09,2018,12,13.522,13.418,13.429818181818181,2018-12-12,Anomaly Persistence,3,2018
2018-12-10,2018,12,13.474,13.372,13.382909090909092,2018-12-13,Anomaly Persistence,3,2018
2018-12-11,2018,12,13.456,13.34,13.36818181818182,2018-12-14,Anomaly Persistence,3,2018
2018-12-12,2018,12,13.418,13.312,13.332545454545453,2018-12-15,Anomaly Persistence,3,2018
2018-12-13,2018,12,13.372,13.268,13.290363636363637,2018-12-16,Anomaly Persistence,3,2018
2018-12-14,2018,12,13.34,13.246,13.26090909090909,2018-12-17,Anomaly Persistence,3,2018
2018-12-15,2018,12,13.312,13.21,13.235818181818182,2018-12-18,Anomaly Persistence,3,2018
2018-12-16,2018,12,13.268,13.202,13.200909090909091,2018-12-19,Anomaly Persistence,3,2018
2018-12-17,2018,12,13.246,13.16,13.178,2018-12-20,Anomaly Persistence,3,2018
2018-12-18,2018,12,13.21,13.15,13.141636363636364,2018-12-21,Anomaly Persistence,3,2018
2018-12-19,2018,12,13.202,13.15,13.13581818181818,2018-12-22,Anomaly Persistence,3,2018
2018-12-20,2018,12,13.16,13.14,13.098363636363635,2018-12-23,Anomaly Persistence,3,2018
2018-12-21,2018,12,13.15,13.14,13.094181818181818,2018-12-24,Anomaly Persistence,3,2018
2018-12-22,2018,12,13.15,13.116,13.092363636363638,2018-12-25,Anomaly Persistence,3,2018
2018-12-23,2018,12,13.14,13.11,13.081636363636365,2018-12-26,Anomaly Persistence,3,2018
2018-12-24,2018,12,13.14,13.11,13.080181818181819,2018-12-27,Anomaly Persistence,3,2018
2018-12-25,2018,12,13.116,13.11,13.053090909090908,2018-12-28,Anomaly Persistence,3,2018
2018-12-26,2018,12,13.11,13.1,13.04581818181818,2018-12-29,Anomaly Persistence,3,2018
2018-12-27,2018,12,13.11,13.08,13.044545454545455,2018-12-30,Anomaly Persistence,3,2018
2018-12-28,2018,12,13.11,13.02,13.036363636363635,2018-12-31,Anomaly Persistence,3,2018
2018-12-29,2018,12,13.1,12.982,13.036075757575757,2019-01-01,Anomaly Persistence,3,2018
2018-12-30,2018,12,13.08,12.934,13.009045454545454,2019-01-02,Anomaly Persistence,3,2018
2018-12-31,2018,12,13.02,12.92,12.95940909090909,2019-01-03,Anomaly Persistence,3,2018
2019-01-01,2019,1,12.982,12.902,12.915,2019-01-04,Anomaly Persistence,3,2019
2019-01-02,2019,1,12.934,12.88,12.872833333333332,2019-01-05,Anomaly Persistence,3,2019
2019-01-03,2019,1,12.92,12.844,12.8575,2019-01-06,Anomaly Persistence,3,2019
2019-01-04,2019,1,12.902,12.814,12.840833333333332,2019-01-07,Anomaly Persistence,3,2019
2019-01-05,2019,1,12.88,12.786,12.820500000000001,2019-01-08,Anomaly Persistence,3,2019
2019-01-06,2019,1,12.844,12.764,12.784666666666666,2019-01-09,Anomaly Persistence,3,2019
2019-01-07,2019,1,12.814,12.736,12.750500000000002,2019-01-10,Anomaly Persistence,3,2019
2019-01-08,2019,1,12.786,12.72,12.726750000000001,2019-01-11,Anomaly Persistence,3,2019
2019-01-09,2019,1,12.764,12.704,12.709666666666665,2019-01-12,Anomaly Persistence,3,2019
2019-01-10,2019,1,12.736,12.676,12.686916666666665,2019-01-13,Anomaly Persistence,3,2019
2019-01-11,2019,1,12.72,12.654,12.66875,2019-01-14,Anomaly Persistence,3,2019
2019-01-12,2019,1,12.704,12.636,12.654916666666667,2019-01-15,Anomaly Persistence,3,2019
2019-01-13,2019,1,12.676,12.604,12.625250000000001,2019-01-16,Anomaly Persistence,3,2019
2019-01-14,2019,1,12.654,12.594,12.606833333333334,2019-01-17,Anomaly Persistence,3,2019
2019-01-15,2019,1,12.636,12.574,12.58575,2019-01-18,Anomaly Persistence,3,2019
2019-01-16,2019,1,12.604,12.57,12.556833333333334,2019-01-19,Anomaly Persistence,3,2019
2019-01-17,2019,1,12.594,12.542,12.544166666666664,2019-01-20,Anomaly Persistence,3,2019
2019-01-18,2019,1,12.574,12.504,12.521999999999998,2019-01-21,Anomaly Persistence,3,2019
2019-01-19,2019,1,12.57,12.486,12.5125,2019-01-22,Anomaly Persistence,3,2019
2019-01-20,2019,1,12.542,12.456,12.485166666666668,2019-01-23,Anomaly Persistence,3,2019
2019-01-21,2019,1,12.504,12.436,12.455499999999999,2019-01-24,Anomaly Persistence,3,2019
2019-01-22,2019,1,12.486,12.408,12.442,2019-01-25,Anomaly Persistence,3,2019
2019-01-23,2019,1,12.456,12.364,12.412166666666666,2019-01-26,Anomaly Persistence,3,2019
2019-01-24,2019,1,12.436,12.352,12.388333333333334,2019-01-27,Anomaly Persistence,3,2019
2019-01-25,2019,1,12.408,12.35,12.363666666666667,2019-01-28,Anomaly Persistence,3,2019
2019-01-26,2019,1,12.364,12.344,12.324833333333334,2019-01-29,Anomaly Persistence,3,2019
2019-01-27,2019,1,12.352,12.326,12.320333333333334,2019-01-30,Anomaly Persistence,3,2019
2019-01-28,2019,1,12.35,12.32,12.320333333333334,2019-01-31,Anomaly Persistence,3,2019
2019-01-29,2019,1,12.344,12.304,12.340772727272727,2019-02-01,Anomaly Persistence,3,2019
2019-01-30,2019,1,12.326,12.276,12.31337878787879,2019-02-02,Anomaly Persistence,3,2019
2019-01-31,2019,1,12.32,12.264,12.304090909090906,2019-02-03,Anomaly Persistence,3,2019
2019-02-01,2019,2,12.304,12.26,12.262181818181817,2019-02-04,Anomaly Persistence,3,2019
2019-02-02,2019,2,12.276,12.246,12.241454545454545,2019-02-05,Anomaly Persistence,3,2019
2019-02-03,2019,2,12.264,12.234,12.230545454545455,2019-02-06,Anomaly Persistence,3,2019
2019-02-04,2019,2,12.26,12.228,12.226727272727274,2019-02-07,Anomaly Persistence,3,2019
2019-02-05,2019,2,12.246,12.21,12.208363636363636,2019-02-08,Anomaly Persistence,3,2019
2019-02-06,2019,2,12.234,12.208,12.193454545454545,2019-02-09,Anomaly Persistence,3,2019
2019-02-07,2019,2,12.228,12.186,12.187818181818182,2019-02-10,Anomaly Persistence,3,2019
2019-02-08,2019,2,12.21,12.174,12.171636363636365,2019-02-11,Anomaly Persistence,3,2019
2019-02-09,2019,2,12.208,12.166,12.170909090909094,2019-02-12,Anomaly Persistence,3,2019
2019-02-10,2019,2,12.186,12.15,12.146909090909089,2019-02-13,Anomaly Persistence,3,2019
2019-02-11,2019,2,12.174,12.146,12.133636363636365,2019-02-14,Anomaly Persistence,3,2019
2019-02-12,2019,2,12.166,12.142,12.131090909090908,2019-02-15,Anomaly Persistence,3,2019
2019-02-13,2019,2,12.15,12.13,12.112545454545455,2019-02-16,Anomaly Persistence,3,2019
2019-02-14,2019,2,12.146,12.12,12.108363636363634,2019-02-17,Anomaly Persistence,3,2019
2019-02-15,2019,2,12.142,12.12,12.10690909090909,2019-02-18,Anomaly Persistence,3,2019
2019-02-16,2019,2,12.13,12.12,12.116000000000001,2019-02-19,Anomaly Persistence,3,2019
2019-02-17,2019,2,12.12,12.156,12.128545454545455,2019-02-20,Anomaly Persistence,3,2019
2019-02-18,2019,2,12.12,12.17,12.133272727272729,2019-02-21,Anomaly Persistence,3,2019
2019-02-19,2019,2,12.12,12.156,12.114363636363638,2019-02-22,Anomaly Persistence,3,2019
2019-02-20,2019,2,12.156,12.14,12.126545454545456,2019-02-23,Anomaly Persistence,3,2019
2019-02-21,2019,2,12.17,12.144,12.130909090909089,2019-02-24,Anomaly Persistence,3,2019
2019-02-22,2019,2,12.156,12.144,12.129090909090907,2019-02-25,Anomaly Persistence,3,2019
2019-02-23,2019,2,12.14,12.162,12.13690909090909,2019-02-26,Anomaly Persistence,3,2019
2019-02-24,2019,2,12.144,12.212,12.167272727272728,2019-02-27,Anomaly Persistence,3,2019
2019-02-25,2019,2,12.144,12.286,12.183818181818184,2019-02-28,Anomaly Persistence,3,2019
2019-02-26,2019,2,12.162,12.31,12.200181818181822,2019-03-01,Anomaly Persistence,3,2019
2019-02-27,2019,2,12.212,12.28,12.239818181818183,2019-03-02,Anomaly Persistence,3,2019
2019-02-28,2019,2,12.286,12.26,12.32581818181818,2019-03-03,Anomaly Persistence,3,2019
2019-03-01,2019,3,12.31,12.26,12.356,2019-03-04,Anomaly Persistence,3,2019
2019-03-02,2019,3,12.28,12.27,12.323999999999996,2019-03-05,Anomaly Persistence,3,2019
2019-03-03,2019,3,12.26,12.38,12.289090909090907,2019-03-06,Anomaly Persistence,3,2019
2019-03-04,2019,3,12.26,12.5,12.286727272727271,2019-03-07,Anomaly Persistence,3,2019
2019-03-05,2019,3,12.27,12.6,12.31018181818182,2019-03-08,Anomaly Persistence,3,2019
2019-03-06,2019,3,12.38,12.66,12.425090909090912,2019-03-09,Anomaly Persistence,3,2019
2019-03-07,2019,3,12.5,12.69,12.54509090909091,2019-03-10,Anomaly Persistence,3,2019
2019-03-08,2019,3,12.6,12.65,12.63109090909091,2019-03-11,Anomaly Persistence,3,2019
2019-03-09,2019,3,12.66,12.6,12.687818181818182,2019-03-12,Anomaly Persistence,3,2019
2019-03-10,2019,3,12.69,12.57,12.760545454545456,2019-03-13,Anomaly Persistence,3,2019
2019-03-11,2019,3,12.65,12.56,12.759999999999998,2019-03-14,Anomaly Persistence,3,2019
2019-03-12,2019,3,12.6,12.56,12.713636363636363,2019-03-15,Anomaly Persistence,3,2019
2019-03-13,2019,3,12.57,12.55,12.625636363636364,2019-03-16,Anomaly Persistence,3,2019
2019-03-14,2019,3,12.56,12.53,12.562545454545457,2019-03-17,Anomaly Persistence,3,2019
2019-03-15,2019,3,12.56,12.51,12.544363636363638,2019-03-18,Anomaly Persistence,3,2019
2019-03-16,2019,3,12.55,12.47,12.551272727272728,2019-03-19,Anomaly Persistence,3,2019
2019-03-17,2019,3,12.53,12.44,12.559999999999999,2019-03-20,Anomaly Persistence,3,2019
2019-03-18,2019,3,12.51,12.42,12.549272727272726,2019-03-21,Anomaly Persistence,3,2019
2019-03-19,2019,3,12.47,12.42,12.502,2019-03-22,Anomaly Persistence,3,2019
2019-03-20,2019,3,12.44,12.414,12.461272727272727,2019-03-23,Anomaly Persistence,3,2019
2019-03-21,2019,3,12.42,12.502,12.456909090909091,2019-03-24,Anomaly Persistence,3,2019
2019-03-22,2019,3,12.42,12.648,12.490909090909092,2019-03-25,Anomaly Persistence,3,2019
2019-03-23,2019,3,12.414,12.748,12.515090909090908,2019-03-26,Anomaly Persistence,3,2019
2019-03-24,2019,3,12.502,12.808,12.634545454545455,2019-03-27,Anomaly Persistence,3,2019
2019-03-25,2019,3,12.648,12.81,12.820909090909089,2019-03-28,Anomaly Persistence,3,2019
2019-03-26,2019,3,12.748,12.814,12.924181818181816,2019-03-29,Anomaly Persistence,3,2019
2019-03-27,2019,3,12.808,12.842,12.940363636363635,2019-03-30,Anomaly Persistence,3,2019
2019-03-28,2019,3,12.81,12.796,12.889636363636365,2019-03-31,Anomaly Persistence,3,2019
2019-03-29,2019,3,12.814,12.79,12.90618181818182,2019-04-01,Anomaly Persistence,3,2019
2019-03-30,2019,3,12.842,12.836,12.989454545454548,2019-04-02,Anomaly Persistence,3,2019
2019-03-31,2019,3,12.796,12.878,12.976181818181818,2019-04-03,Anomaly Persistence,3,2019
2019-04-01,2019,4,12.79,12.946,12.956181818181818,2019-04-04,Anomaly Persistence,3,2019
2019-04-02,2019,4,12.836,12.988,12.973090909090908,2019-04-05,Anomaly Persistence,3,2019
2019-04-03,2019,4,12.878,12.99,12.99390909090909,2019-04-06,Anomaly Persistence,3,2019
2019-04-04,2019,4,12.946,13.034,13.091818181818182,2019-04-07,Anomaly Persistence,3,2019
2019-04-05,2019,4,12.988,13.046,13.185454545454547,2019-04-08,Anomaly Persistence,3,2019
2019-04-06,2019,4,12.99,13.158,13.25518181818182,2019-04-09,Anomaly Persistence,3,2019
2019-04-07,2019,4,13.034,13.33,13.309454545454544,2019-04-10,Anomaly Persistence,3,2019
2019-04-08,2019,4,13.046,13.458,13.255090909090907,2019-04-11,Anomaly Persistence,3,2019
2019-04-09,2019,4,13.158,13.464,13.269818181818179,2019-04-12,Anomaly Persistence,3,2019
2019-04-10,2019,4,13.33,13.394,13.391454545454547,2019-04-13,Anomaly Persistence,3,2019
2019-04-11,2019,4,13.458,13.32,13.526909090909092,2019-04-14,Anomaly Persistence,3,2019
2019-04-12,2019,4,13.464,13.294,13.596727272727275,2019-04-15,Anomaly Persistence,3,2019
2019-04-13,2019,4,13.394,13.292,13.570545454545455,2019-04-16,Anomaly Persistence,3,2019
2019-04-14,2019,4,13.32,13.348,13.513272727272728,2019-04-17,Anomaly Persistence,3,2019
2019-04-15,2019,4,13.294,13.352,13.447272727272725,2019-04-18,Anomaly Persistence,3,2019
2019-04-16,2019,4,13.292,13.362,13.398,2019-04-19,Anomaly Persistence,3,2019
2019-04-17,2019,4,13.348,13.4,13.509454545454545,2019-04-20,Anomaly Persistence,3,2019
2019-04-18,2019,4,13.352,13.462,13.57418181818182,2019-04-21,Anomaly Persistence,3,2019
2019-04-19,2019,4,13.362,13.514,13.648363636363637,2019-04-22,Anomaly Persistence,3,2019
2019-04-20,2019,4,13.4,13.54,13.606909090909092,2019-04-23,Anomaly Persistence,3,2019
2019-04-21,2019,4,13.462,13.562,13.61890909090909,2019-04-24,Anomaly Persistence,3,2019
2019-04-22,2019,4,13.514,13.628,13.620090909090907,2019-04-25,Anomaly Persistence,3,2019
2019-04-23,2019,4,13.54,13.786,13.718363636363634,2019-04-26,Anomaly Persistence,3,2019
2019-04-24,2019,4,13.562,13.992,13.857999999999999,2019-04-27,Anomaly Persistence,3,2019
2019-04-25,2019,4,13.628,13.92,13.972818181818182,2019-04-28,Anomaly Persistence,3,2019
2019-04-26,2019,4,13.786,13.904,14.071090909090909,2019-04-29,Anomaly Persistence,3,2019
2019-04-27,2019,4,13.992,13.862,14.166727272727274,2019-04-30,Anomaly Persistence,3,2019
2019-04-28,2019,4,13.92,13.824,14.168854545454545,2019-05-01,Anomaly Persistence,3,2019
2019-04-29,2019,4,13.904,13.908,14.222872727272728,2019-05-02,Anomaly Persistence,3,2019
2019-04-30,2019,4,13.862,14.162,14.12558181818182,2019-05-03,Anomaly Persistence,3,2019
2019-05-01,2019,5,13.824,14.46,13.9412,2019-05-04,Anomaly Persistence,3,2019
2019-05-02,2019,5,13.908,14.72,13.927,2019-05-05,Anomaly Persistence,3,2019
2019-05-03,2019,5,14.162,15.0,14.187800000000001,2019-05-06,Anomaly Persistence,3,2019
2019-05-04,2019,5,14.46,15.5,14.520400000000002,2019-05-07,Anomaly Persistence,3,2019
2019-05-05,2019,5,14.72,15.932,14.8152,2019-05-08,Anomaly Persistence,3,2019
2019-05-06,2019,5,15.0,16.124,15.100199999999997,2019-05-09,Anomaly Persistence,3,2019
2019-05-07,2019,5,15.5,16.268,15.562799999999998,2019-05-10,Anomaly Persistence,3,2019
2019-05-08,2019,5,15.932,16.364,15.9662,2019-05-11,Anomaly Persistence,3,2019
2019-05-09,2019,5,16.124,16.478,16.1568,2019-05-12,Anomaly Persistence,3,2019
2019-05-10,2019,5,16.268,16.496,16.225,2019-05-13,Anomaly Persistence,3,2019
2019-05-11,2019,5,16.364,16.356,16.2522,2019-05-14,Anomaly Persistence,3,2019
2019-05-12,2019,5,16.478,16.252,16.3308,2019-05-15,Anomaly Persistence,3,2019
2019-05-13,2019,5,16.496,16.37,16.465399999999995,2019-05-16,Anomaly Persistence,3,2019
2019-05-14,2019,5,16.356,16.72,16.494600000000002,2019-05-17,Anomaly Persistence,3,2019
2019-05-15,2019,5,16.252,17.118,16.5146,2019-05-18,Anomaly Persistence,3,2019
2019-05-16,2019,5,16.37,17.306,16.654400000000003,2019-05-19,Anomaly Persistence,3,2019
2019-05-17,2019,5,16.72,17.172,16.9202,2019-05-20,Anomaly Persistence,3,2019
2019-05-18,2019,5,17.118,16.902,17.257799999999996,2019-05-21,Anomaly Persistence,3,2019
2019-05-19,2019,5,17.306,16.704,17.421400000000006,2019-05-22,Anomaly Persistence,3,2019
2019-05-20,2019,5,17.172,16.56,17.3358,2019-05-23,Anomaly Persistence,3,2019
2019-05-21,2019,5,16.902,16.438,17.107000000000003,2019-05-24,Anomaly Persistence,3,2019
2019-05-22,2019,5,16.704,16.476,16.9038,2019-05-25,Anomaly Persistence,3,2019
2019-05-23,2019,5,16.56,16.62,16.7546,2019-05-26,Anomaly Persistence,3,2019
2019-05-24,2019,5,16.438,16.742,16.6538,2019-05-27,Anomaly Persistence,3,2019
2019-05-25,2019,5,16.476,16.706,16.809199999999997,2019-05-28,Anomaly Persistence,3,2019
2019-05-26,2019,5,16.62,16.64,16.9412,2019-05-29,Anomaly Persistence,3,2019
2019-05-27,2019,5,16.742,16.544,17.014799999999997,2019-05-30,Anomaly Persistence,3,2019
2019-05-28,2019,5,16.706,16.56,16.8278,2019-05-31,Anomaly Persistence,3,2019
2019-05-29,2019,5,16.64,16.58,16.687945454545456,2019-06-01,Anomaly Persistence,3,2019
2019-05-30,2019,5,16.544,16.576,16.573000000000004,2019-06-02,Anomaly Persistence,3,2019
2019-05-31,2019,5,16.56,16.548,16.638472727272724,2019-06-03,Anomaly Persistence,3,2019
2019-06-01,2019,6,16.58,16.422,16.674181818181818,2019-06-04,Anomaly Persistence,3,2019
2019-06-02,2019,6,16.576,16.222,16.667090909090906,2019-06-05,Anomaly Persistence,3,2019
2019-06-03,2019,6,16.548,16.152,16.668909090909093,2019-06-06,Anomaly Persistence,3,2019
2019-06-04,2019,6,16.422,16.03,16.664727272727273,2019-06-07,Anomaly Persistence,3,2019
2019-06-05,2019,6,16.222,15.9,16.565090909090912,2019-06-08,Anomaly Persistence,3,2019
2019-06-06,2019,6,16.152,15.832,16.497090909090907,2019-06-09,Anomaly Persistence,3,2019
2019-06-07,2019,6,16.03,15.784,16.28090909090909,2019-06-10,Anomaly Persistence,3,2019
2019-06-08,2019,6,15.9,15.89,16.074363636363636,2019-06-11,Anomaly Persistence,3,2019
2019-06-09,2019,6,15.832,15.942,15.94436363636364,2019-06-12,Anomaly Persistence,3,2019
2019-06-10,2019,6,15.784,15.982,15.839818181818183,2019-06-13,Anomaly Persistence,3,2019
2019-06-11,2019,6,15.89,16.136,15.869818181818182,2019-06-14,Anomaly Persistence,3,2019
2019-06-12,2019,6,15.942,16.408,15.91872727272727,2019-06-15,Anomaly Persistence,3,2019
2019-06-13,2019,6,15.982,16.744,16.13472727272727,2019-06-16,Anomaly Persistence,3,2019
2019-06-14,2019,6,16.136,16.956,16.507272727272724,2019-06-17,Anomaly Persistence,3,2019
2019-06-15,2019,6,16.408,16.99,16.885636363636365,2019-06-18,Anomaly Persistence,3,2019
2019-06-16,2019,6,16.744,17.012,17.214545454545455,2019-06-19,Anomaly Persistence,3,2019
2019-06-17,2019,6,16.956,17.15,17.30736363636364,2019-06-20,Anomaly Persistence,3,2019
2019-06-18,2019,6,16.99,17.032,17.210727272727272,2019-06-21,Anomaly Persistence,3,2019
2019-06-19,2019,6,17.012,17.266,17.11527272727273,2019-06-22,Anomaly Persistence,3,2019
2019-06-20,2019,6,17.15,17.604,17.248272727272724,2019-06-23,Anomaly Persistence,3,2019
2019-06-21,2019,6,17.032,17.718,17.205454545454543,2019-06-24,Anomaly Persistence,3,2019
2019-06-22,2019,6,17.266,17.672,17.478181818181817,2019-06-25,Anomaly Persistence,3,2019
2019-06-23,2019,6,17.604,17.522,17.833272727272725,2019-06-26,Anomaly Persistence,3,2019
2019-06-24,2019,6,17.718,17.914,17.969818181818184,2019-06-27,Anomaly Persistence,3,2019
2019-06-25,2019,6,17.672,18.242,18.035272727272726,2019-06-28,Anomaly Persistence,3,2019
2019-06-26,2019,6,17.522,18.308,17.879272727272728,2019-06-29,Anomaly Persistence,3,2019
2019-06-27,2019,6,17.914,18.404,18.217636363636366,2019-06-30,Anomaly Persistence,3,2019
2019-06-28,2019,6,18.242,18.428,18.389318181818183,2019-07-01,Anomaly Persistence,3,2019
2019-06-29,2019,6,18.308,18.54,18.50551515151515,2019-07-02,Anomaly Persistence,3,2019
2019-06-30,2019,6,18.404,18.66,18.651530303030302,2019-07-03,Anomaly Persistence,3,2019
2019-07-01,2019,7,18.428,18.656,18.684,2019-07-04,Anomaly Persistence,3,2019
2019-07-02,2019,7,18.54,18.486,18.670666666666666,2019-07-05,Anomaly Persistence,3,2019
2019-07-03,2019,7,18.66,18.284,18.75733333333333,2019-07-06,Anomaly Persistence,3,2019
2019-07-04,2019,7,18.656,18.162,18.818166666666663,2019-07-07,Anomaly Persistence,3,2019
2019-07-05,2019,7,18.486,18.224,18.697666666666667,2019-07-08,Anomaly Persistence,3,2019
2019-07-06,2019,7,18.284,18.354,18.4395,2019-07-09,Anomaly Persistence,3,2019
2019-07-07,2019,7,18.162,18.658,18.248333333333335,2019-07-10,Anomaly Persistence,3,2019
2019-07-08,2019,7,18.224,18.998,18.307666666666666,2019-07-11,Anomaly Persistence,3,2019
2019-07-09,2019,7,18.354,19.434,18.445,2019-07-12,Anomaly Persistence,3,2019
2019-07-10,2019,7,18.658,19.956,18.7235,2019-07-13,Anomaly Persistence,3,2019
2019-07-11,2019,7,18.998,20.352,19.004833333333334,2019-07-14,Anomaly Persistence,3,2019
2019-07-12,2019,7,19.434,20.718,19.420333333333335,2019-07-15,Anomaly Persistence,3,2019
2019-07-13,2019,7,19.956,20.918,19.928833333333333,2019-07-16,Anomaly Persistence,3,2019
2019-07-14,2019,7,20.352,21.108,20.31416666666667,2019-07-17,Anomaly Persistence,3,2019
2019-07-15,2019,7,20.718,21.156,20.699583333333333,2019-07-18,Anomaly Persistence,3,2019
2019-07-16,2019,7,20.918,21.07,20.902833333333334,2019-07-19,Anomaly Persistence,3,2019
2019-07-17,2019,7,21.108,20.834,21.115833333333335,2019-07-20,Anomaly Persistence,3,2019
2019-07-18,2019,7,21.156,20.548,21.128416666666666,2019-07-21,Anomaly Persistence,3,2019
2019-07-19,2019,7,21.07,20.16,21.0385,2019-07-22,Anomaly Persistence,3,2019
2019-07-20,2019,7,20.834,19.898,20.790499999999998,2019-07-23,Anomaly Persistence,3,2019
2019-07-21,2019,7,20.548,19.872,20.505999999999997,2019-07-24,Anomaly Persistence,3,2019
2019-07-22,2019,7,20.16,19.988,20.138833333333334,2019-07-25,Anomaly Persistence,3,2019
2019-07-23,2019,7,19.898,20.028,19.858666666666668,2019-07-26,Anomaly Persistence,3,2019
2019-07-24,2019,7,19.872,19.842,19.814,2019-07-27,Anomaly Persistence,3,2019
2019-07-25,2019,7,19.988,19.682,19.933,2019-07-28,Anomaly Persistence,3,2019
2019-07-26,2019,7,20.028,19.574,19.990333333333332,2019-07-29,Anomaly Persistence,3,2019
2019-07-27,2019,7,19.842,19.458,19.826166666666666,2019-07-30,Anomaly Persistence,3,2019
2019-07-28,2019,7,19.682,19.27,19.62516666666666,2019-07-31,Anomaly Persistence,3,2019
2019-07-29,2019,7,19.574,19.074,19.4499696969697,2019-08-01,Anomaly Persistence,3,2019
2019-07-30,2019,7,19.458,18.96,19.274681818181815,2019-08-02,Anomaly Persistence,3,2019
2019-07-31,2019,7,19.27,18.936,19.078242424242426,2019-08-03,Anomaly Persistence,3,2019
2019-08-01,2019,8,19.074,18.932,18.873454545454546,2019-08-04,Anomaly Persistence,3,2019
2019-08-02,2019,8,18.96,18.924,18.804909090909092,2019-08-05,Anomaly Persistence,3,2019
2019-08-03,2019,8,18.936,18.916,18.792636363636362,2019-08-06,Anomaly Persistence,3,2019
2019-08-04,2019,8,18.932,18.872,18.861272727272727,2019-08-07,Anomaly Persistence,3,2019
2019-08-05,2019,8,18.924,18.832,18.880545454545455,2019-08-08,Anomaly Persistence,3,2019
2019-08-06,2019,8,18.916,18.76,18.866636363636367,2019-08-09,Anomaly Persistence,3,2019
2019-08-07,2019,8,18.872,18.718,18.799272727272726,2019-08-10,Anomaly Persistence,3,2019
2019-08-08,2019,8,18.832,18.65,18.760363636363635,2019-08-11,Anomaly Persistence,3,2019
2019-08-09,2019,8,18.76,18.512,18.738,2019-08-12,Anomaly Persistence,3,2019
2019-08-10,2019,8,18.718,18.456,18.772909090909092,2019-08-13,Anomaly Persistence,3,2019
2019-08-11,2019,8,18.65,18.366,18.761090909090907,2019-08-14,Anomaly Persistence,3,2019
2019-08-12,2019,8,18.512,18.306,18.630363636363636,2019-08-15,Anomaly Persistence,3,2019
2019-08-13,2019,8,18.456,18.292,18.543636363636363,2019-08-16,Anomaly Persistence,3,2019
2019-08-14,2019,8,18.366,18.188,18.440545454545454,2019-08-17,Anomaly Persistence,3,2019
2019-08-15,2019,8,18.306,18.132,18.395636363636367,2019-08-18,Anomaly Persistence,3,2019
2019-08-16,2019,8,18.292,18.138,18.38,2019-08-19,Anomaly Persistence,3,2019
2019-08-17,2019,8,18.188,18.108,18.25072727272727,2019-08-20,Anomaly Persistence,3,2019
2019-08-18,2019,8,18.132,18.036,18.198545454545457,2019-08-21,Anomaly Persistence,3,2019
2019-08-19,2019,8,18.138,17.972,18.22890909090909,2019-08-22,Anomaly Persistence,3,2019
2019-08-20,2019,8,18.108,17.832,18.171818181818185,2019-08-23,Anomaly Persistence,3,2019
2019-08-21,2019,8,18.036,17.728,18.047272727272727,2019-08-24,Anomaly Persistence,3,2019
2019-08-22,2019,8,17.972,17.62,17.92254545454546,2019-08-25,Anomaly Persistence,3,2019
2019-08-23,2019,8,17.832,17.682,17.750727272727275,2019-08-26,Anomaly Persistence,3,2019
2019-08-24,2019,8,17.728,17.58,17.625636363636364,2019-08-27,Anomaly Persistence,3,2019
2019-08-25,2019,8,17.62,17.418,17.54981818181818,2019-08-28,Anomaly Persistence,3,2019
2019-08-26,2019,8,17.682,17.314,17.667818181818177,2019-08-29,Anomaly Persistence,3,2019
2019-08-27,2019,8,17.58,17.15,17.566727272727274,2019-08-30,Anomaly Persistence,3,2019
2019-08-28,2019,8,17.418,16.992,17.37109090909091,2019-08-31,Anomaly Persistence,3,2019
2019-08-29,2019,8,17.314,16.926,17.08727272727273,2019-09-01,Anomaly Persistence,3,2019
2019-08-30,2019,8,17.15,16.916,16.905454545454543,2019-09-02,Anomaly Persistence,3,2019
2019-08-31,2019,8,16.992,16.888,16.739636363636365,2019-09-03,Anomaly Persistence,3,2019
2019-09-01,2019,9,16.926,16.816,16.80672727272727,2019-09-04,Anomaly Persistence,3,2019
2019-09-02,2019,9,16.916,16.794,16.85890909090909,2019-09-05,Anomaly Persistence,3,2019
2019-09-03,2019,9,16.888,16.848,16.879818181818184,2019-09-06,Anomaly Persistence,3,2019
2019-09-04,2019,9,16.816,16.85,16.857454545454548,2019-09-07,Anomaly Persistence,3,2019
2019-09-05,2019,9,16.794,16.852,16.861454545454546,2019-09-08,Anomaly Persistence,3,2019
2019-09-06,2019,9,16.848,16.93,16.928545454545453,2019-09-09,Anomaly Persistence,3,2019
2019-09-07,2019,9,16.85,16.982,16.91,2019-09-10,Anomaly Persistence,3,2019
2019-09-08,2019,9,16.852,17.002,16.881818181818183,2019-09-11,Anomaly Persistence,3,2019
2019-09-09,2019,9,16.93,17.028,16.96290909090909,2019-09-12,Anomaly Persistence,3,2019
2019-09-10,2019,9,16.982,17.14,16.985272727272726,2019-09-13,Anomaly Persistence,3,2019
2019-09-11,2019,9,17.002,17.408,16.971636363636364,2019-09-14,Anomaly Persistence,3,2019
2019-09-12,2019,9,17.028,17.814,16.993636363636362,2019-09-15,Anomaly Persistence,3,2019
2019-09-13,2019,9,17.14,18.138,17.124,2019-09-16,Anomaly Persistence,3,2019
2019-09-14,2019,9,17.408,18.27,17.42690909090909,2019-09-17,Anomaly Persistence,3,2019
2019-09-15,2019,9,17.814,18.372,17.768909090909094,2019-09-18,Anomaly Persistence,3,2019
2019-09-16,2019,9,18.138,18.598,18.083090909090913,2019-09-19,Anomaly Persistence,3,2019
2019-09-17,2019,9,18.27,18.67,18.19727272727273,2019-09-20,Anomaly Persistence,3,2019
2019-09-18,2019,9,18.372,18.716,18.247454545454545,2019-09-21,Anomaly Persistence,3,2019
2019-09-19,2019,9,18.598,18.778,18.49054545454545,2019-09-22,Anomaly Persistence,3,2019
2019-09-20,2019,9,18.67,18.808,18.562727272727276,2019-09-23,Anomaly Persistence,3,2019
2019-09-21,2019,9,18.716,18.73,18.671636363636363,2019-09-24,Anomaly Persistence,3,2019
2019-09-22,2019,9,18.778,18.614,18.705818181818184,2019-09-25,Anomaly Persistence,3,2019
2019-09-23,2019,9,18.808,18.608,18.738545454545456,2019-09-26,Anomaly Persistence,3,2019
2019-09-24,2019,9,18.73,18.7,18.749636363636366,2019-09-27,Anomaly Persistence,3,2019
2019-09-25,2019,9,18.614,18.646,18.69909090909091,2019-09-28,Anomaly Persistence,3,2019
2019-09-26,2019,9,18.608,18.524,18.677636363636363,2019-09-29,Anomaly Persistence,3,2019
2019-09-27,2019,9,18.7,18.51,18.67163636363636,2019-09-30,Anomaly Persistence,3,2019
2019-09-28,2019,9,18.646,18.632,18.566181818181818,2019-10-01,Anomaly Persistence,3,2019
2019-09-29,2019,9,18.524,18.482,18.248472727272727,2019-10-02,Anomaly Persistence,3,2019
2019-09-30,2019,9,18.51,18.24,18.167836363636365,2019-10-03,Anomaly Persistence,3,2019
2019-10-01,2019,10,18.632,18.024,18.172418181818184,2019-10-04,Anomaly Persistence,3,2019
2019-10-02,2019,10,18.482,17.814,18.0478,2019-10-05,Anomaly Persistence,3,2019
2019-10-03,2019,10,18.24,17.632,17.7422,2019-10-06,Anomaly Persistence,3,2019
2019-10-04,2019,10,18.024,17.446,17.5486,2019-10-07,Anomaly Persistence,3,2019
2019-10-05,2019,10,17.814,17.32,17.4604,2019-10-08,Anomaly Persistence,3,2019
2019-10-06,2019,10,17.632,17.244,17.4314,2019-10-09,Anomaly Persistence,3,2019
2019-10-07,2019,10,17.446,17.192,17.2832,2019-10-10,Anomaly Persistence,3,2019
2019-10-08,2019,10,17.32,17.094,17.097,2019-10-11,Anomaly Persistence,3,2019
2019-10-09,2019,10,17.244,16.95,16.9188,2019-10-12,Anomaly Persistence,3,2019
2019-10-10,2019,10,17.192,16.83,16.8234,2019-10-13,Anomaly Persistence,3,2019
2019-10-11,2019,10,17.094,16.81,16.8044,2019-10-14,Anomaly Persistence,3,2019
2019-10-12,2019,10,16.95,16.852,16.772,2019-10-15,Anomaly Persistence,3,2019
2019-10-13,2019,10,16.83,16.874,16.753600000000002,2019-10-16,Anomaly Persistence,3,2019
2019-10-14,2019,10,16.81,16.826,16.7628,2019-10-17,Anomaly Persistence,3,2019
2019-10-15,2019,10,16.852,16.66,16.721600000000002,2019-10-18,Anomaly Persistence,3,2019
2019-10-16,2019,10,16.874,16.422,16.669199999999996,2019-10-19,Anomaly Persistence,3,2019
2019-10-17,2019,10,16.826,16.202,16.535,2019-10-20,Anomaly Persistence,3,2019
2019-10-18,2019,10,16.66,16.042,16.374,2019-10-21,Anomaly Persistence,3,2019
2019-10-19,2019,10,16.422,15.882,16.145200000000003,2019-10-22,Anomaly Persistence,3,2019
2019-10-20,2019,10,16.202,15.73,15.9128,2019-10-23,Anomaly Persistence,3,2019
2019-10-21,2019,10,16.042,15.62,15.714400000000001,2019-10-24,Anomaly Persistence,3,2019
2019-10-22,2019,10,15.882,15.532,15.537799999999997,2019-10-25,Anomaly Persistence,3,2019
2019-10-23,2019,10,15.73,15.518,15.441600000000001,2019-10-26,Anomaly Persistence,3,2019
2019-10-24,2019,10,15.62,15.466,15.3926,2019-10-27,Anomaly Persistence,3,2019
2019-10-25,2019,10,15.532,15.538,15.3502,2019-10-28,Anomaly Persistence,3,2019
2019-10-26,2019,10,15.518,15.614,15.366800000000003,2019-10-29,Anomaly Persistence,3,2019
2019-10-27,2019,10,15.466,15.676,15.3512,2019-10-30,Anomaly Persistence,3,2019
2019-10-28,2019,10,15.538,15.646,15.4504,2019-10-31,Anomaly Persistence,3,2019
2019-10-29,2019,10,15.614,15.642,15.575472727272725,2019-11-01,Anomaly Persistence,3,2019
2019-10-30,2019,10,15.676,15.702,15.614433333333332,2019-11-02,Anomaly Persistence,3,2019
2019-10-31,2019,10,15.646,15.664,15.553466666666669,2019-11-03,Anomaly Persistence,3,2019
2019-11-01,2019,11,15.642,15.57,15.486060606060608,2019-11-04,Anomaly Persistence,3,2019
2019-11-02,2019,11,15.702,15.4,15.5115,2019-11-05,Anomaly Persistence,3,2019
2019-11-03,2019,11,15.664,15.264,15.453666666666665,2019-11-06,Anomaly Persistence,3,2019
2019-11-04,2019,11,15.57,15.17,15.333666666666666,2019-11-07,Anomaly Persistence,3,2019
2019-11-05,2019,11,15.4,15.072,15.180166666666667,2019-11-08,Anomaly Persistence,3,2019
2019-11-06,2019,11,15.264,14.98,15.044500000000001,2019-11-09,Anomaly Persistence,3,2019
2019-11-07,2019,11,15.17,14.892,14.955833333333333,2019-11-10,Anomaly Persistence,3,2019
2019-11-08,2019,11,15.072,14.83,14.855666666666666,2019-11-11,Anomaly Persistence,3,2019
2019-11-09,2019,11,14.98,14.728,14.797666666666666,2019-11-12,Anomaly Persistence,3,2019
2019-11-10,2019,11,14.892,14.64,14.738166666666666,2019-11-13,Anomaly Persistence,3,2019
2019-11-11,2019,11,14.83,14.58,14.693833333333334,2019-11-14,Anomaly Persistence,3,2019
2019-11-12,2019,11,14.728,14.522,14.574833333333332,2019-11-15,Anomaly Persistence,3,2019
2019-11-13,2019,11,14.64,14.476,14.473166666666666,2019-11-16,Anomaly Persistence,3,2019
2019-11-14,2019,11,14.58,14.422,14.409333333333333,2019-11-17,Anomaly Persistence,3,2019
2019-11-15,2019,11,14.522,14.382,14.364500000000001,2019-11-18,Anomaly Persistence,3,2019
2019-11-16,2019,11,14.476,14.352,14.325166666666668,2019-11-19,Anomaly Persistence,3,2019
2019-11-17,2019,11,14.422,14.288,14.286666666666665,2019-11-20,Anomaly Persistence,3,2019
2019-11-18,2019,11,14.382,14.256,14.262833333333333,2019-11-21,Anomaly Persistence,3,2019
2019-11-19,2019,11,14.352,14.222,14.243666666666668,2019-11-22,Anomaly Persistence,3,2019
2019-11-20,2019,11,14.288,14.19,14.181083333333335,2019-11-23,Anomaly Persistence,3,2019
2019-11-21,2019,11,14.256,14.18,14.157499999999999,2019-11-24,Anomaly Persistence,3,2019
2019-11-22,2019,11,14.222,14.18,14.163999999999998,2019-11-25,Anomaly Persistence,3,2019
2019-11-23,2019,11,14.19,14.17,14.140249999999998,2019-11-26,Anomaly Persistence,3,2019
2019-11-24,2019,11,14.18,14.16,14.1215,2019-11-27,Anomaly Persistence,3,2019
2019-11-25,2019,11,14.18,14.106,14.074333333333334,2019-11-28,Anomaly Persistence,3,2019
2019-11-26,2019,11,14.17,14.04,14.050333333333336,2019-11-29,Anomaly Persistence,3,2019
2019-11-27,2019,11,14.16,13.992,14.032333333333336,2019-11-30,Anomaly Persistence,3,2019
2019-11-28,2019,11,14.106,13.938,14.028848484848485,2019-12-01,Anomaly Persistence,3,2019
2019-11-29,2019,11,14.04,13.89,13.962696969696967,2019-12-02,Anomaly Persistence,3,2019
2019-11-30,2019,11,13.992,13.862,13.919454545454546,2019-12-03,Anomaly Persistence,3,2019
2019-12-01,2019,12,13.938,13.824,13.822909090909093,2019-12-04,Anomaly Persistence,3,2019
2019-12-02,2019,12,13.89,13.806,13.787454545454546,2019-12-05,Anomaly Persistence,3,2019
2019-12-03,2019,12,13.862,13.768,13.77009090909091,2019-12-06,Anomaly Persistence,3,2019
2019-12-04,2019,12,13.824,13.746,13.739272727272727,2019-12-07,Anomaly Persistence,3,2019
2019-12-05,2019,12,13.806,13.714,13.721454545454543,2019-12-08,Anomaly Persistence,3,2019
2019-12-06,2019,12,13.768,13.688,13.680181818181818,2019-12-09,Anomaly Persistence,3,2019
2019-12-07,2019,12,13.746,13.652,13.652909090909091,2019-12-10,Anomaly Persistence,3,2019
2019-12-08,2019,12,13.714,13.616,13.620909090909091,2019-12-11,Anomaly Persistence,3,2019
2019-12-09,2019,12,13.688,13.568,13.595818181818181,2019-12-12,Anomaly Persistence,3,2019
2019-12-10,2019,12,13.652,13.546,13.56090909090909,2019-12-13,Anomaly Persistence,3,2019
2019-12-11,2019,12,13.616,13.514,13.528181818181821,2019-12-14,Anomaly Persistence,3,2019
2019-12-12,2019,12,13.568,13.49,13.482545454545454,2019-12-15,Anomaly Persistence,3,2019
2019-12-13,2019,12,13.546,13.446,13.464363636363636,2019-12-16,Anomaly Persistence,3,2019
2019-12-14,2019,12,13.514,13.412,13.43490909090909,2019-12-17,Anomaly Persistence,3,2019
2019-12-15,2019,12,13.49,13.386,13.413818181818183,2019-12-18,Anomaly Persistence,3,2019
2019-12-16,2019,12,13.446,13.352,13.37890909090909,2019-12-19,Anomaly Persistence,3,2019
2019-12-17,2019,12,13.412,13.33,13.344000000000001,2019-12-20,Anomaly Persistence,3,2019
2019-12-18,2019,12,13.386,13.296,13.317636363636362,2019-12-21,Anomaly Persistence,3,2019
2019-12-19,2019,12,13.352,13.274,13.28581818181818,2019-12-22,Anomaly Persistence,3,2019
2019-12-20,2019,12,13.33,13.256,13.268363636363635,2019-12-23,Anomaly Persistence,3,2019
2019-12-21,2019,12,13.296,13.24,13.240181818181817,2019-12-24,Anomaly Persistence,3,2019
2019-12-22,2019,12,13.274,13.226,13.216363636363637,2019-12-25,Anomaly Persistence,3,2019
2019-12-23,2019,12,13.256,13.22,13.197636363636365,2019-12-26,Anomaly Persistence,3,2019
2019-12-24,2019,12,13.24,13.208,13.180181818181818,2019-12-27,Anomaly Persistence,3,2019
2019-12-25,2019,12,13.226,13.158,13.16309090909091,2019-12-28,Anomaly Persistence,3,2019
2019-12-26,2019,12,13.22,13.146,13.155818181818182,2019-12-29,Anomaly Persistence,3,2019
2019-12-27,2019,12,13.208,13.126,13.142545454545456,2019-12-30,Anomaly Persistence,3,2019
2019-12-28,2019,12,13.158,13.104,13.084363636363635,2019-12-31,Anomaly Persistence,3,2019
2019-12-29,2019,12,13.146,13.086,13.082075757575758,2020-01-01,Anomaly Persistence,3,2019
2019-12-30,2019,12,13.126,13.054,13.055045454545454,2020-01-02,Anomaly Persistence,3,2019
2019-12-31,2019,12,13.104,13.04,13.04340909090909,2020-01-03,Anomaly Persistence,3,2019
