Date,Year,Month,WL,y_true,y_pred,Target_Date,Model,Horizon,Fold_Year
2008-01-08,2008,1,13.76,13.65,13.650236165532949,2008-01-15,RandomForest,7,2008
2008-01-09,2008,1,13.74,13.63,13.630723988628064,2008-01-16,RandomForest,7,2008
2008-01-10,2008,1,13.73,13.62,13.621328927575581,2008-01-17,RandomForest,7,2008
2008-01-11,2008,1,13.72,13.61,13.611982235915411,2008-01-18,RandomForest,7,2008
2008-01-12,2008,1,13.71,13.6,13.601321911442062,2008-01-19,RandomForest,7,2008
2008-01-13,2008,1,13.699,13.59,13.591468270277245,2008-01-20,RandomForest,7,2008
2008-01-14,2008,1,13.67,13.58,13.558810781434046,2008-01-21,RandomForest,7,2008
2008-01-15,2008,1,13.65,13.57,13.539260777722214,2008-01-22,RandomForest,7,2008
2008-01-16,2008,1,13.63,13.56,13.519951181937861,2008-01-23,RandomForest,7,2008
2008-01-17,2008,1,13.62,13.56,13.512973474960445,2008-01-24,RandomForest,7,2008
2008-01-18,2008,1,13.61,13.55,13.504739667529446,2008-01-25,RandomForest,7,2008
2008-01-19,2008,1,13.6,13.55,13.495589717135694,2008-01-26,RandomForest,7,2008
2008-01-20,2008,1,13.59,13.55,13.486819122914754,2008-01-27,RandomForest,7,2008
2008-01-21,2008,1,13.58,13.58,13.4685684947094,2008-01-28,RandomForest,7,2008
2008-01-22,2008,1,13.57,13.62,13.462530322015578,2008-01-29,RandomForest,7,2008
2008-01-23,2008,1,13.56,13.66,13.455892231118353,2008-01-30,RandomForest,7,2008
2008-01-24,2008,1,13.56,13.67,13.44646013109921,2008-01-31,RandomForest,7,2008
2008-01-25,2008,1,13.55,13.66,13.446959634519168,2008-02-01,RandomForest,7,2008
2008-01-26,2008,1,13.55,13.63,13.46766271337581,2008-02-02,RandomForest,7,2008
2008-01-27,2008,1,13.55,13.61,13.474998946242145,2008-02-03,RandomForest,7,2008
2008-01-28,2008,1,13.58,13.61,13.537872905948015,2008-02-04,RandomForest,7,2008
2008-01-29,2008,1,13.62,13.61,13.575369511908294,2008-02-05,RandomForest,7,2008
2008-01-30,2008,1,13.66,13.62,13.607080494156751,2008-02-06,RandomForest,7,2008
2008-01-31,2008,1,13.67,13.63,13.60736426399802,2008-02-07,RandomForest,7,2008
2008-02-01,2008,2,13.66,13.62,13.569566580358993,2008-02-08,RandomForest,7,2008
2008-02-02,2008,2,13.63,13.59,13.541067695954608,2008-02-09,RandomForest,7,2008
2008-02-03,2008,2,13.61,13.57,13.524738261528087,2008-02-10,RandomForest,7,2008
2008-02-04,2008,2,13.61,13.55,13.522360604773015,2008-02-11,RandomForest,7,2008
2008-02-05,2008,2,13.61,13.52,13.512561404463957,2008-02-12,RandomForest,7,2008
2008-02-06,2008,2,13.62,13.5,13.552969078165257,2008-02-13,RandomForest,7,2008
2008-02-07,2008,2,13.63,13.47,13.566754895558596,2008-02-14,RandomForest,7,2008
2008-02-08,2008,2,13.62,13.46,13.52248218300685,2008-02-15,RandomForest,7,2008
2008-02-09,2008,2,13.59,13.45,13.500800152805772,2008-02-16,RandomForest,7,2008
2008-02-10,2008,2,13.57,13.44,13.489818730348517,2008-02-17,RandomForest,7,2008
2008-02-11,2008,2,13.55,13.47,13.478819479053834,2008-02-18,RandomForest,7,2008
2008-02-12,2008,2,13.52,13.51,13.447581755093708,2008-02-19,RandomForest,7,2008
2008-02-13,2008,2,13.5,13.53,13.466798583397829,2008-02-20,RandomForest,7,2008
2008-02-14,2008,2,13.47,13.54,13.437754792695777,2008-02-21,RandomForest,7,2008
2008-02-15,2008,2,13.46,13.53,13.456166102219587,2008-02-22,RandomForest,7,2008
2008-02-16,2008,2,13.45,13.51,13.455676625544944,2008-02-23,RandomForest,7,2008
2008-02-17,2008,2,13.44,13.48,13.461904946438747,2008-02-24,RandomForest,7,2008
2008-02-18,2008,2,13.47,13.45,13.583771069275807,2008-02-25,RandomForest,7,2008
2008-02-19,2008,2,13.51,13.44,13.6342917650194,2008-02-26,RandomForest,7,2008
2008-02-20,2008,2,13.53,13.43,13.635363585982644,2008-02-27,RandomForest,7,2008
2008-02-21,2008,2,13.54,13.43,13.626423362503509,2008-02-28,RandomForest,7,2008
2008-02-22,2008,2,13.53,13.43,13.589727342393196,2008-02-29,RandomForest,7,2008
2008-02-23,2008,2,13.51,13.42,13.52461293826261,2008-03-01,RandomForest,7,2008
2008-02-24,2008,2,13.48,13.41,13.485004203485948,2008-03-02,RandomForest,7,2008
2008-02-25,2008,2,13.45,13.4,13.46165290494729,2008-03-03,RandomForest,7,2008
2008-02-26,2008,2,13.44,13.41,13.470264573746949,2008-03-04,RandomForest,7,2008
2008-02-27,2008,2,13.43,13.4,13.486135330952761,2008-03-05,RandomForest,7,2008
2008-02-28,2008,2,13.43,13.43,13.508990088982431,2008-03-06,RandomForest,7,2008
2008-02-29,2008,2,13.43,13.46,13.504202212431954,2008-03-07,RandomForest,7,2008
2008-03-01,2008,3,13.42,13.45,13.504843394447192,2008-03-08,RandomForest,7,2008
2008-03-02,2008,3,13.41,13.44,13.494292444568133,2008-03-09,RandomForest,7,2008
2008-03-03,2008,3,13.4,13.42,13.488015383752604,2008-03-10,RandomForest,7,2008
2008-03-04,2008,3,13.41,13.4,13.477597981358057,2008-03-11,RandomForest,7,2008
2008-03-05,2008,3,13.4,13.39,13.494500448912797,2008-03-12,RandomForest,7,2008
2008-03-06,2008,3,13.43,13.39,13.514976927170718,2008-03-13,RandomForest,7,2008
2008-03-07,2008,3,13.46,13.39,13.535579828511313,2008-03-14,RandomForest,7,2008
2008-03-08,2008,3,13.45,13.39,13.526037042425521,2008-03-15,RandomForest,7,2008
2008-03-09,2008,3,13.44,13.39,13.525208835960342,2008-03-16,RandomForest,7,2008
2008-03-10,2008,3,13.42,13.4,13.465708789570888,2008-03-17,RandomForest,7,2008
2008-03-11,2008,3,13.4,13.42,13.455799227973884,2008-03-18,RandomForest,7,2008
2008-03-12,2008,3,13.39,13.44,13.454753728842906,2008-03-19,RandomForest,7,2008
2008-03-13,2008,3,13.39,13.46,13.48485722704724,2008-03-20,RandomForest,7,2008
2008-03-14,2008,3,13.39,13.54,13.489882618980575,2008-03-21,RandomForest,7,2008
2008-03-15,2008,3,13.39,13.66,13.501471644954602,2008-03-22,RandomForest,7,2008
2008-03-16,2008,3,13.39,13.81,13.50913180261226,2008-03-23,RandomForest,7,2008
2008-03-17,2008,3,13.4,13.91,13.514934491197135,2008-03-24,RandomForest,7,2008
2008-03-18,2008,3,13.42,13.93,13.512438294107172,2008-03-25,RandomForest,7,2008
2008-03-19,2008,3,13.44,13.93,13.539520552703406,2008-03-26,RandomForest,7,2008
2008-03-20,2008,3,13.46,13.92,13.678031232468777,2008-03-27,RandomForest,7,2008
2008-03-21,2008,3,13.54,13.94,13.959516674648548,2008-03-28,RandomForest,7,2008
2008-03-22,2008,3,13.66,13.98,14.285008710521117,2008-03-29,RandomForest,7,2008
2008-03-23,2008,3,13.81,14.05,14.50263385248307,2008-03-30,RandomForest,7,2008
2008-03-24,2008,3,13.91,14.07,14.52641787647817,2008-03-31,RandomForest,7,2008
2008-03-25,2008,3,13.93,14.09,14.553552167720579,2008-04-01,RandomForest,7,2008
2008-03-26,2008,3,13.93,14.15,14.549862272287193,2008-04-02,RandomForest,7,2008
2008-03-27,2008,3,13.92,14.2,14.496214395419184,2008-04-03,RandomForest,7,2008
2008-03-28,2008,3,13.94,14.31,14.540693689112853,2008-04-04,RandomForest,7,2008
2008-03-29,2008,3,13.98,14.53,14.593988504747088,2008-04-05,RandomForest,7,2008
2008-03-30,2008,3,14.05,14.66,14.60539772103596,2008-04-06,RandomForest,7,2008
2008-03-31,2008,3,14.07,14.67,14.571044837187502,2008-04-07,RandomForest,7,2008
2008-04-01,2008,4,14.09,14.66,14.56478266541516,2008-04-08,RandomForest,7,2008
2008-04-02,2008,4,14.15,14.6,14.642451034780473,2008-04-09,RandomForest,7,2008
2008-04-03,2008,4,14.2,14.51,14.674910795591906,2008-04-10,RandomForest,7,2008
2008-04-04,2008,4,14.31,14.46,14.777235172985181,2008-04-11,RandomForest,7,2008
2008-04-05,2008,4,14.53,14.41,15.047562678916494,2008-04-12,RandomForest,7,2008
2008-04-06,2008,4,14.66,14.38,14.887813389534404,2008-04-13,RandomForest,7,2008
2008-04-07,2008,4,14.67,14.34,14.868467500918024,2008-04-14,RandomForest,7,2008
2008-04-08,2008,4,14.66,14.27,14.884265893753,2008-04-15,RandomForest,7,2008
2008-04-09,2008,4,14.6,14.23,14.819894886168278,2008-04-16,RandomForest,7,2008
2008-04-10,2008,4,14.51,14.23,14.663347000255131,2008-04-17,RandomForest,7,2008
2008-04-11,2008,4,14.46,14.22,14.688137581153653,2008-04-18,RandomForest,7,2008
2008-04-12,2008,4,14.41,14.28,14.622216669744397,2008-04-19,RandomForest,7,2008
2008-04-13,2008,4,14.38,14.33,14.611162924364809,2008-04-20,RandomForest,7,2008
2008-04-14,2008,4,14.34,14.41,14.593404390635454,2008-04-21,RandomForest,7,2008
2008-04-15,2008,4,14.27,14.47,14.52509693418367,2008-04-22,RandomForest,7,2008
2008-04-16,2008,4,14.23,14.52,14.532459744553973,2008-04-23,RandomForest,7,2008
2008-04-17,2008,4,14.23,14.61,14.579063675489865,2008-04-24,RandomForest,7,2008
2008-04-18,2008,4,14.22,14.87,14.581193888821677,2008-04-25,RandomForest,7,2008
2008-04-19,2008,4,14.28,15.05,14.688608820541265,2008-04-26,RandomForest,7,2008
2008-04-20,2008,4,14.33,15.06,14.78308003159728,2008-04-27,RandomForest,7,2008
2008-04-21,2008,4,14.41,15.02,14.729264914033218,2008-04-28,RandomForest,7,2008
2008-04-22,2008,4,14.47,14.99,14.758091113864241,2008-04-29,RandomForest,7,2008
2008-04-23,2008,4,14.52,15.01,14.81917861067937,2008-04-30,RandomForest,7,2008
2008-04-24,2008,4,14.61,15.01,14.881285980019058,2008-05-01,RandomForest,7,2008
2008-04-25,2008,4,14.87,15.04,15.221512213201917,2008-05-02,RandomForest,7,2008
2008-04-26,2008,4,15.05,15.31,15.307079519727282,2008-05-03,RandomForest,7,2008
2008-04-27,2008,4,15.06,15.79,15.276661775717168,2008-05-04,RandomForest,7,2008
2008-04-28,2008,4,15.02,15.93,15.278820417084676,2008-05-05,RandomForest,7,2008
2008-04-29,2008,4,14.99,15.93,15.268531888689123,2008-05-06,RandomForest,7,2008
2008-04-30,2008,4,15.01,15.92,15.235131478770203,2008-05-07,RandomForest,7,2008
2008-05-01,2008,5,15.01,15.69,15.303203838813841,2008-05-08,RandomForest,7,2008
2008-05-02,2008,5,15.04,15.61,15.315141304836983,2008-05-09,RandomForest,7,2008
2008-05-03,2008,5,15.31,15.53,15.83295297417934,2008-05-10,RandomForest,7,2008
2008-05-04,2008,5,15.79,15.51,16.123758967901793,2008-05-11,RandomForest,7,2008
2008-05-05,2008,5,15.93,15.47,16.1793601804927,2008-05-12,RandomForest,7,2008
2008-05-06,2008,5,15.93,15.4,16.13614432018283,2008-05-13,RandomForest,7,2008
2008-05-07,2008,5,15.92,15.36,16.08855004113026,2008-05-14,RandomForest,7,2008
2008-05-08,2008,5,15.69,15.35,15.561515881267045,2008-05-15,RandomForest,7,2008
2008-05-09,2008,5,15.61,15.33,15.62837202923987,2008-05-16,RandomForest,7,2008
2008-05-10,2008,5,15.53,15.31,15.646709989930185,2008-05-17,RandomForest,7,2008
2008-05-11,2008,5,15.51,15.3,15.835968022275178,2008-05-18,RandomForest,7,2008
2008-05-12,2008,5,15.47,15.23,15.893458763657184,2008-05-19,RandomForest,7,2008
2008-05-13,2008,5,15.4,15.23,15.87975108870689,2008-05-20,RandomForest,7,2008
2008-05-14,2008,5,15.36,15.26,16.03052955475507,2008-05-21,RandomForest,7,2008
2008-05-15,2008,5,15.35,15.31,15.9074539840368,2008-05-22,RandomForest,7,2008
2008-05-16,2008,5,15.33,15.36,15.875190655162383,2008-05-23,RandomForest,7,2008
2008-05-17,2008,5,15.31,15.49,15.821938214735127,2008-05-24,RandomForest,7,2008
2008-05-18,2008,5,15.3,15.6,15.850952924128205,2008-05-25,RandomForest,7,2008
2008-05-19,2008,5,15.23,15.81,15.828330316979294,2008-05-26,RandomForest,7,2008
2008-05-20,2008,5,15.23,15.88,16.002487272617508,2008-05-27,RandomForest,7,2008
2008-05-21,2008,5,15.26,15.88,16.041612783696305,2008-05-28,RandomForest,7,2008
2008-05-22,2008,5,15.31,15.85,16.055708980636524,2008-05-29,RandomForest,7,2008
2008-05-23,2008,5,15.36,15.71,16.07099123481708,2008-05-30,RandomForest,7,2008
2008-05-24,2008,5,15.49,15.77,16.192698276350278,2008-05-31,RandomForest,7,2008
2008-05-25,2008,5,15.6,15.86,16.263253269416847,2008-06-01,RandomForest,7,2008
2008-05-26,2008,5,15.81,16.05,16.499180340053957,2008-06-02,RandomForest,7,2008
2008-05-27,2008,5,15.88,16.23,16.456425625538987,2008-06-03,RandomForest,7,2008
2008-05-28,2008,5,15.88,16.41,16.51097659890049,2008-06-04,RandomForest,7,2008
2008-05-29,2008,5,15.85,16.61,16.453611528285517,2008-06-05,RandomForest,7,2008
2008-05-30,2008,5,15.71,16.72,16.134865214466135,2008-06-06,RandomForest,7,2008
2008-05-31,2008,5,15.77,16.73,16.472464843556157,2008-06-07,RandomForest,7,2008
2008-06-01,2008,6,15.86,16.72,16.65098027416719,2008-06-08,RandomForest,7,2008
2008-06-02,2008,6,16.05,16.58,16.86969328927048,2008-06-09,RandomForest,7,2008
2008-06-03,2008,6,16.23,16.53,17.075773559809633,2008-06-10,RandomForest,7,2008
2008-06-04,2008,6,16.41,16.46,17.20503792815376,2008-06-11,RandomForest,7,2008
2008-06-05,2008,6,16.61,16.6,17.117547710468134,2008-06-12,RandomForest,7,2008
2008-06-06,2008,6,16.72,16.7,17.10919246356185,2008-06-13,RandomForest,7,2008
2008-06-07,2008,6,16.73,16.86,17.045185606278572,2008-06-14,RandomForest,7,2008
2008-06-08,2008,6,16.72,17.16,16.908859286717085,2008-06-15,RandomForest,7,2008
2008-06-09,2008,6,16.58,17.51,16.59529310550088,2008-06-16,RandomForest,7,2008
2008-06-10,2008,6,16.53,17.74,16.6771588802868,2008-06-17,RandomForest,7,2008
2008-06-11,2008,6,16.46,17.93,16.55056295257943,2008-06-18,RandomForest,7,2008
2008-06-12,2008,6,16.6,18.03,16.879952045477378,2008-06-19,RandomForest,7,2008
2008-06-13,2008,6,16.7,18.14,16.89778321465866,2008-06-20,RandomForest,7,2008
2008-06-14,2008,6,16.86,18.17,17.446020942864134,2008-06-21,RandomForest,7,2008
2008-06-15,2008,6,17.16,18.22,17.815475960047447,2008-06-22,RandomForest,7,2008
2008-06-16,2008,6,17.51,18.06,18.068918228978788,2008-06-23,RandomForest,7,2008
2008-06-17,2008,6,17.74,18.05,17.999360422027163,2008-06-24,RandomForest,7,2008
2008-06-18,2008,6,17.93,18.09,17.879150796953088,2008-06-25,RandomForest,7,2008
2008-06-19,2008,6,18.03,18.12,17.925116140854268,2008-06-26,RandomForest,7,2008
2008-06-20,2008,6,18.14,18.15,18.098362188246334,2008-06-27,RandomForest,7,2008
2008-06-21,2008,6,18.17,18.2,18.43317349417373,2008-06-28,RandomForest,7,2008
2008-06-22,2008,6,18.22,18.24,18.55765022555515,2008-06-29,RandomForest,7,2008
2008-06-23,2008,6,18.06,18.25,18.820400750636104,2008-06-30,RandomForest,7,2008
2008-06-24,2008,6,18.05,18.3,18.79385650169886,2008-07-01,RandomForest,7,2008
2008-06-25,2008,6,18.09,18.39,18.81221775661297,2008-07-02,RandomForest,7,2008
2008-06-26,2008,6,18.12,18.32,18.842809022002584,2008-07-03,RandomForest,7,2008
2008-06-27,2008,6,18.15,18.34,18.949403600463828,2008-07-04,RandomForest,7,2008
2008-06-28,2008,6,18.2,18.37,18.995128296005028,2008-07-05,RandomForest,7,2008
2008-06-29,2008,6,18.24,18.34,19.050205635451864,2008-07-06,RandomForest,7,2008
2008-06-30,2008,6,18.25,18.45,18.93926193731331,2008-07-07,RandomForest,7,2008
2008-07-01,2008,7,18.3,18.59,18.975876081936892,2008-07-08,RandomForest,7,2008
2008-07-02,2008,7,18.39,18.72,19.111635594411602,2008-07-09,RandomForest,7,2008
2008-07-03,2008,7,18.32,18.82,18.993428742153483,2008-07-10,RandomForest,7,2008
2008-07-04,2008,7,18.34,18.82,19.000721429982562,2008-07-11,RandomForest,7,2008
2008-07-05,2008,7,18.37,18.59,19.07841196982243,2008-07-12,RandomForest,7,2008
2008-07-06,2008,7,18.34,18.45,18.934482198667112,2008-07-13,RandomForest,7,2008
2008-07-07,2008,7,18.45,18.37,19.231299544143187,2008-07-14,RandomForest,7,2008
2008-07-08,2008,7,18.59,18.42,19.214398280759937,2008-07-15,RandomForest,7,2008
2008-07-09,2008,7,18.72,18.49,19.2974764749225,2008-07-16,RandomForest,7,2008
2008-07-10,2008,7,18.82,18.64,18.875289237145605,2008-07-17,RandomForest,7,2008
2008-07-11,2008,7,18.82,18.75,18.55599369588335,2008-07-18,RandomForest,7,2008
2008-07-12,2008,7,18.59,18.79,18.319720853700925,2008-07-19,RandomForest,7,2008
2008-07-13,2008,7,18.45,18.87,18.115269315939482,2008-07-20,RandomForest,7,2008
2008-07-14,2008,7,18.37,18.89,18.305075103119552,2008-07-21,RandomForest,7,2008
2008-07-15,2008,7,18.42,19.06,18.54139598257207,2008-07-22,RandomForest,7,2008
2008-07-16,2008,7,18.49,19.24,18.63970701231245,2008-07-23,RandomForest,7,2008
2008-07-17,2008,7,18.64,19.34,18.952634375945223,2008-07-24,RandomForest,7,2008
2008-07-18,2008,7,18.75,19.29,18.979748039468195,2008-07-25,RandomForest,7,2008
2008-07-19,2008,7,18.79,19.17,18.701634931229318,2008-07-26,RandomForest,7,2008
2008-07-20,2008,7,18.87,19.24,18.807036467150915,2008-07-27,RandomForest,7,2008
2008-07-21,2008,7,18.89,19.26,18.69530118518511,2008-07-28,RandomForest,7,2008
2008-07-22,2008,7,19.06,19.22,19.078650655968016,2008-07-29,RandomForest,7,2008
2008-07-23,2008,7,19.24,19.17,19.23713217143459,2008-07-30,RandomForest,7,2008
2008-07-24,2008,7,19.34,19.03,19.259800494643805,2008-07-31,RandomForest,7,2008
2008-07-25,2008,7,19.29,18.94,18.970313283003613,2008-08-01,RandomForest,7,2008
2008-07-26,2008,7,19.17,18.89,18.82515931503003,2008-08-02,RandomForest,7,2008
2008-07-27,2008,7,19.24,18.8,19.350598941242403,2008-08-03,RandomForest,7,2008
2008-07-28,2008,7,19.26,18.84,19.16695635529194,2008-08-04,RandomForest,7,2008
2008-07-29,2008,7,19.22,18.77,18.883010964029502,2008-08-05,RandomForest,7,2008
2008-07-30,2008,7,19.17,18.74,18.859136105088854,2008-08-06,RandomForest,7,2008
2008-07-31,2008,7,19.03,18.73,18.675839812588396,2008-08-07,RandomForest,7,2008
2008-08-01,2008,8,18.94,18.67,18.57303937142914,2008-08-08,RandomForest,7,2008
2008-08-02,2008,8,18.89,18.65,18.55311600678135,2008-08-09,RandomForest,7,2008
2008-08-03,2008,8,18.8,18.62,18.42481937640234,2008-08-10,RandomForest,7,2008
2008-08-04,2008,8,18.84,18.59,18.61437508047294,2008-08-11,RandomForest,7,2008
2008-08-05,2008,8,18.77,18.59,18.440905588457838,2008-08-12,RandomForest,7,2008
2008-08-06,2008,8,18.74,18.7,18.392626746891178,2008-08-13,RandomForest,7,2008
2008-08-07,2008,8,18.73,18.74,18.378097286255166,2008-08-14,RandomForest,7,2008
2008-08-08,2008,8,18.67,18.74,18.332517275555997,2008-08-15,RandomForest,7,2008
2008-08-09,2008,8,18.65,18.67,18.33776769458674,2008-08-16,RandomForest,7,2008
2008-08-10,2008,8,18.62,18.78,18.33138074540979,2008-08-17,RandomForest,7,2008
2008-08-11,2008,8,18.59,18.93,18.41475102795913,2008-08-18,RandomForest,7,2008
2008-08-12,2008,8,18.59,19.07,18.673879901456992,2008-08-19,RandomForest,7,2008
2008-08-13,2008,8,18.7,19.16,19.105535816269104,2008-08-20,RandomForest,7,2008
2008-08-14,2008,8,18.74,19.29,18.896114731507534,2008-08-21,RandomForest,7,2008
2008-08-15,2008,8,18.74,19.39,18.640789549928847,2008-08-22,RandomForest,7,2008
2008-08-16,2008,8,18.67,19.39,18.46876492198053,2008-08-23,RandomForest,7,2008
2008-08-17,2008,8,18.78,19.27,18.690515323817728,2008-08-24,RandomForest,7,2008
2008-08-18,2008,8,18.93,19.19,18.86585045639268,2008-08-25,RandomForest,7,2008
2008-08-19,2008,8,19.07,19.1,18.98080430123073,2008-08-26,RandomForest,7,2008
2008-08-20,2008,8,19.16,19.09,19.073164922902002,2008-08-27,RandomForest,7,2008
2008-08-21,2008,8,19.29,19.24,19.180446225508717,2008-08-28,RandomForest,7,2008
2008-08-22,2008,8,19.39,19.27,19.287772914771043,2008-08-29,RandomForest,7,2008
2008-08-23,2008,8,19.39,19.45,19.136373414256173,2008-08-30,RandomForest,7,2008
2008-08-24,2008,8,19.27,19.63,18.887299157942362,2008-08-31,RandomForest,7,2008
2008-08-25,2008,8,19.19,19.63,18.92015774667376,2008-09-01,RandomForest,7,2008
2008-08-26,2008,8,19.1,19.61,18.780917759242765,2008-09-02,RandomForest,7,2008
2008-08-27,2008,8,19.09,19.51,18.801383625819927,2008-09-03,RandomForest,7,2008
2008-08-28,2008,8,19.24,19.56,19.217661461071227,2008-09-04,RandomForest,7,2008
2008-08-29,2008,8,19.27,19.68,19.15233438798927,2008-09-05,RandomForest,7,2008
2008-08-30,2008,8,19.45,19.73,19.4419332685522,2008-09-06,RandomForest,7,2008
2008-08-31,2008,8,19.63,19.75,19.62252345490081,2008-09-07,RandomForest,7,2008
2008-09-01,2008,9,19.63,19.64,19.318488244881472,2008-09-08,RandomForest,7,2008
2008-09-02,2008,9,19.61,19.48,19.252973055441107,2008-09-09,RandomForest,7,2008
2008-09-03,2008,9,19.51,19.33,19.114807461151226,2008-09-10,RandomForest,7,2008
2008-09-04,2008,9,19.56,19.17,19.231714188526798,2008-09-11,RandomForest,7,2008
2008-09-05,2008,9,19.68,19.01,19.430588087097107,2008-09-12,RandomForest,7,2008
2008-09-06,2008,9,19.73,18.82,19.420532084323014,2008-09-13,RandomForest,7,2008
2008-09-07,2008,9,19.75,18.6,19.43206073749757,2008-09-14,RandomForest,7,2008
2008-09-08,2008,9,19.64,18.4,19.318645605073964,2008-09-15,RandomForest,7,2008
2008-09-09,2008,9,19.48,18.3,19.109503540331406,2008-09-16,RandomForest,7,2008
2008-09-10,2008,9,19.33,18.21,18.952117594909996,2008-09-17,RandomForest,7,2008
2008-09-11,2008,9,19.17,18.04,18.73956970987275,2008-09-18,RandomForest,7,2008
2008-09-12,2008,9,19.01,17.87,18.569145923007902,2008-09-19,RandomForest,7,2008
2008-09-13,2008,9,18.82,17.74,18.31797261843402,2008-09-20,RandomForest,7,2008
2008-09-14,2008,9,18.6,17.53,18.037289462042626,2008-09-21,RandomForest,7,2008
2008-09-15,2008,9,18.4,17.45,17.846250894084026,2008-09-22,RandomForest,7,2008
2008-09-16,2008,9,18.3,17.41,17.950734209807457,2008-09-23,RandomForest,7,2008
2008-09-17,2008,9,18.21,17.35,17.89301104068694,2008-09-24,RandomForest,7,2008
2008-09-18,2008,9,18.04,17.31,17.712258903617904,2008-09-25,RandomForest,7,2008
2008-09-19,2008,9,17.87,17.21,17.78595012012548,2008-09-26,RandomForest,7,2008
2008-09-20,2008,9,17.74,17.18,17.678078936020714,2008-09-27,RandomForest,7,2008
2008-09-21,2008,9,17.53,17.12,17.288521811310495,2008-09-28,RandomForest,7,2008
2008-09-22,2008,9,17.45,17.09,17.54551372244339,2008-09-29,RandomForest,7,2008
2008-09-23,2008,9,17.41,17.08,17.61371924157885,2008-09-30,RandomForest,7,2008
2008-09-24,2008,9,17.35,17.04,17.539200135607047,2008-10-01,RandomForest,7,2008
2008-09-25,2008,9,17.31,17.0,17.45158798434418,2008-10-02,RandomForest,7,2008
2008-09-26,2008,9,17.21,16.99,17.114033639013176,2008-10-03,RandomForest,7,2008
2008-09-27,2008,9,17.18,16.88,16.880945993757802,2008-10-04,RandomForest,7,2008
2008-09-28,2008,9,17.12,16.87,16.829525720467288,2008-10-05,RandomForest,7,2008
2008-09-29,2008,9,17.09,16.95,16.7577618884628,2008-10-06,RandomForest,7,2008
2008-09-30,2008,9,17.08,16.95,16.763122655628145,2008-10-07,RandomForest,7,2008
2008-10-01,2008,10,17.04,16.9,16.695757322643434,2008-10-08,RandomForest,7,2008
2008-10-02,2008,10,17.0,16.9,16.637643826402837,2008-10-09,RandomForest,7,2008
2008-10-03,2008,10,16.99,16.89,16.62531473852455,2008-10-10,RandomForest,7,2008
2008-10-04,2008,10,16.88,16.78,16.86566118772943,2008-10-11,RandomForest,7,2008
2008-10-05,2008,10,16.87,16.71,16.550926252348003,2008-10-12,RandomForest,7,2008
2008-10-06,2008,10,16.95,16.65,16.526774235268253,2008-10-13,RandomForest,7,2008
2008-10-07,2008,10,16.95,16.56,16.429717978020715,2008-10-14,RandomForest,7,2008
2008-10-08,2008,10,16.9,16.47,16.393138107732423,2008-10-15,RandomForest,7,2008
2008-10-09,2008,10,16.9,16.45,16.44527545751719,2008-10-16,RandomForest,7,2008
2008-10-10,2008,10,16.89,16.37,16.43558935904041,2008-10-17,RandomForest,7,2008
2008-10-11,2008,10,16.78,16.26,16.295975339945688,2008-10-18,RandomForest,7,2008
2008-10-12,2008,10,16.71,16.13,16.225275402531462,2008-10-19,RandomForest,7,2008
2008-10-13,2008,10,16.65,15.99,16.15276849468593,2008-10-20,RandomForest,7,2008
2008-10-14,2008,10,16.56,15.89,16.00838432227483,2008-10-21,RandomForest,7,2008
2008-10-15,2008,10,16.47,15.8,15.938650072390548,2008-10-22,RandomForest,7,2008
2008-10-16,2008,10,16.45,15.71,15.991030544765781,2008-10-23,RandomForest,7,2008
2008-10-17,2008,10,16.37,15.63,15.92964059765672,2008-10-24,RandomForest,7,2008
2008-10-18,2008,10,16.26,15.55,15.79051888580916,2008-10-25,RandomForest,7,2008
2008-10-19,2008,10,16.13,15.47,15.658293695105248,2008-10-26,RandomForest,7,2008
2008-10-20,2008,10,15.99,15.43,15.519696157250394,2008-10-27,RandomForest,7,2008
2008-10-21,2008,10,15.89,15.41,15.454711155737446,2008-10-28,RandomForest,7,2008
2008-10-22,2008,10,15.8,15.54,15.368401242267005,2008-10-29,RandomForest,7,2008
2008-10-23,2008,10,15.71,15.72,15.291416582769836,2008-10-30,RandomForest,7,2008
2008-10-24,2008,10,15.63,15.8,15.249487886098942,2008-10-31,RandomForest,7,2008
2008-10-25,2008,10,15.55,15.9,15.166135886098942,2008-11-01,RandomForest,7,2008
2008-10-26,2008,10,15.47,16.11,15.079129992262152,2008-11-02,RandomForest,7,2008
2008-10-27,2008,10,15.43,16.26,15.060956279060742,2008-11-03,RandomForest,7,2008
2008-10-28,2008,10,15.41,16.17,15.048833459424563,2008-11-04,RandomForest,7,2008
2008-10-29,2008,10,15.54,15.95,15.117057482977929,2008-11-05,RandomForest,7,2008
2008-10-30,2008,10,15.72,15.8,15.287284736777448,2008-11-06,RandomForest,7,2008
2008-10-31,2008,10,15.8,15.64,15.332796111290556,2008-11-07,RandomForest,7,2008
2008-11-01,2008,11,15.9,15.45,15.378511632783733,2008-11-08,RandomForest,7,2008
2008-11-02,2008,11,16.11,15.31,15.661284310929823,2008-11-09,RandomForest,7,2008
2008-11-03,2008,11,16.26,15.24,15.786668136443996,2008-11-10,RandomForest,7,2008
2008-11-04,2008,11,16.17,15.17,15.597696724278533,2008-11-11,RandomForest,7,2008
2008-11-05,2008,11,15.95,15.09,15.492212661075246,2008-11-12,RandomForest,7,2008
2008-11-06,2008,11,15.8,15.04,15.347634432584796,2008-11-13,RandomForest,7,2008
2008-11-07,2008,11,15.64,14.99,15.192059921107235,2008-11-14,RandomForest,7,2008
2008-11-08,2008,11,15.45,14.94,14.949689287551593,2008-11-15,RandomForest,7,2008
2008-11-09,2008,11,15.31,14.9,14.84771985897316,2008-11-16,RandomForest,7,2008
2008-11-10,2008,11,15.24,14.85,14.915793329961474,2008-11-17,RandomForest,7,2008
2008-11-11,2008,11,15.17,14.8,14.827477004897837,2008-11-18,RandomForest,7,2008
2008-11-12,2008,11,15.09,14.78,14.713470524204027,2008-11-19,RandomForest,7,2008
2008-11-13,2008,11,15.04,14.76,14.684347598883097,2008-11-20,RandomForest,7,2008
2008-11-14,2008,11,14.99,14.72,14.636609632416153,2008-11-21,RandomForest,7,2008
2008-11-15,2008,11,14.94,14.699,14.593158302006865,2008-11-22,RandomForest,7,2008
2008-11-16,2008,11,14.9,14.67,14.560658540458574,2008-11-23,RandomForest,7,2008
2008-11-17,2008,11,14.85,14.63,14.512589861358064,2008-11-24,RandomForest,7,2008
2008-11-18,2008,11,14.8,14.59,14.469662654235906,2008-11-25,RandomForest,7,2008
2008-11-19,2008,11,14.78,14.57,14.538525507037937,2008-11-26,RandomForest,7,2008
2008-11-20,2008,11,14.76,14.54,14.572743749307572,2008-11-27,RandomForest,7,2008
2008-11-21,2008,11,14.72,14.52,14.564530725740136,2008-11-28,RandomForest,7,2008
2008-11-22,2008,11,14.699,14.5,14.59044388836147,2008-11-29,RandomForest,7,2008
2008-11-23,2008,11,14.67,14.47,14.608330190180164,2008-11-30,RandomForest,7,2008
2008-11-24,2008,11,14.63,14.45,14.61933439978399,2008-12-01,RandomForest,7,2008
2008-11-25,2008,11,14.59,14.42,14.5221380818549,2008-12-02,RandomForest,7,2008
2008-11-26,2008,11,14.57,14.39,14.518868233185747,2008-12-03,RandomForest,7,2008
2008-11-27,2008,11,14.54,14.35,14.41526363103275,2008-12-04,RandomForest,7,2008
2008-11-28,2008,11,14.52,14.33,14.35488577362934,2008-12-05,RandomForest,7,2008
2008-11-29,2008,11,14.5,14.31,14.310179719093524,2008-12-06,RandomForest,7,2008
2008-11-30,2008,11,14.47,14.27,14.26933334244708,2008-12-07,RandomForest,7,2008
2008-12-01,2008,12,14.45,14.26,14.244952065862647,2008-12-08,RandomForest,7,2008
2008-12-02,2008,12,14.42,14.24,14.211946763147004,2008-12-09,RandomForest,7,2008
2008-12-03,2008,12,14.39,14.21,14.181946763147005,2008-12-10,RandomForest,7,2008
2008-12-04,2008,12,14.35,14.2,14.14070793710349,2008-12-11,RandomForest,7,2008
2008-12-05,2008,12,14.33,14.18,14.122485359980294,2008-12-12,RandomForest,7,2008
2008-12-06,2008,12,14.31,14.17,14.102866984630154,2008-12-13,RandomForest,7,2008
2008-12-07,2008,12,14.27,14.15,14.062897202003574,2008-12-14,RandomForest,7,2008
2008-12-08,2008,12,14.26,14.13,14.05626177053142,2008-12-15,RandomForest,7,2008
2008-12-09,2008,12,14.24,14.1,14.041568212659225,2008-12-16,RandomForest,7,2008
2008-12-10,2008,12,14.21,14.08,14.020697304320937,2008-12-17,RandomForest,7,2008
2008-12-11,2008,12,14.2,14.06,14.023620182055422,2008-12-18,RandomForest,7,2008
2008-12-12,2008,12,14.18,14.04,14.01301122697365,2008-12-19,RandomForest,7,2008
2008-12-13,2008,12,14.17,14.02,14.003490327110674,2008-12-20,RandomForest,7,2008
2008-12-14,2008,12,14.15,14.0,13.982171928948034,2008-12-21,RandomForest,7,2008
2008-12-15,2008,12,14.13,13.98,13.964237470606761,2008-12-22,RandomForest,7,2008
2008-12-16,2008,12,14.1,13.97,13.938852342493261,2008-12-23,RandomForest,7,2008
2008-12-17,2008,12,14.08,13.95,13.914974200563917,2008-12-24,RandomForest,7,2008
2008-12-18,2008,12,14.06,13.93,13.89933711118448,2008-12-25,RandomForest,7,2008
2008-12-19,2008,12,14.04,13.91,13.879459429271796,2008-12-26,RandomForest,7,2008
2008-12-20,2008,12,14.02,13.89,13.858499558750912,2008-12-27,RandomForest,7,2008
2008-12-21,2008,12,14.0,13.87,13.840559425359748,2008-12-28,RandomForest,7,2008
2008-12-22,2008,12,13.98,13.85,13.82400330252603,2008-12-29,RandomForest,7,2008
2008-12-23,2008,12,13.97,13.84,13.81384871939588,2008-12-30,RandomForest,7,2008
2008-12-24,2008,12,13.95,13.83,13.788951911831584,2008-12-31,RandomForest,7,2008
2008-12-25,2008,12,13.93,13.81,13.766619733782248,2009-01-01,RandomForest,7,2008
2008-12-26,2008,12,13.91,13.79,13.744379608895638,2009-01-02,RandomForest,7,2008
2008-12-27,2008,12,13.89,13.77,13.723262209273736,2009-01-03,RandomForest,7,2008
2008-12-28,2008,12,13.87,13.75,13.702293985984374,2009-01-04,RandomForest,7,2008
2008-12-29,2008,12,13.85,13.74,13.68274413555137,2009-01-05,RandomForest,7,2008
2008-12-30,2008,12,13.84,13.73,13.679703261645468,2009-01-06,RandomForest,7,2008
2008-12-31,2008,12,13.83,13.71,13.682000620235268,2009-01-07,RandomForest,7,2008
2009-01-01,2009,1,13.81,13.69,13.66978785578707,2009-01-08,RandomForest,7,2009
2009-01-02,2009,1,13.79,13.67,13.65023312289471,2009-01-09,RandomForest,7,2009
2009-01-03,2009,1,13.77,13.66,13.630543567191792,2009-01-10,RandomForest,7,2009
2009-01-04,2009,1,13.75,13.65,13.61478428149089,2009-01-11,RandomForest,7,2009
2009-01-05,2009,1,13.74,13.64,13.596784457508194,2009-01-12,RandomForest,7,2009
2009-01-06,2009,1,13.73,13.62,13.591780116818466,2009-01-13,RandomForest,7,2009
2009-01-07,2009,1,13.71,13.6,13.589150485209998,2009-01-14,RandomForest,7,2009
2009-01-08,2009,1,13.69,13.587,13.581258191986851,2009-01-15,RandomForest,7,2009
2009-01-09,2009,1,13.67,13.56,13.560274559957923,2009-01-16,RandomForest,7,2009
2009-01-10,2009,1,13.66,13.55,13.556581921571844,2009-01-17,RandomForest,7,2009
2009-01-11,2009,1,13.65,13.54,13.544180176260577,2009-01-18,RandomForest,7,2009
2009-01-12,2009,1,13.64,13.53,13.536191307987341,2009-01-19,RandomForest,7,2009
2009-01-13,2009,1,13.62,13.51,13.519251608842763,2009-01-20,RandomForest,7,2009
2009-01-14,2009,1,13.6,13.49,13.50079517217023,2009-01-21,RandomForest,7,2009
2009-01-15,2009,1,13.587,13.47,13.491174161652625,2009-01-22,RandomForest,7,2009
2009-01-16,2009,1,13.56,13.46,13.46435470162082,2009-01-23,RandomForest,7,2009
2009-01-17,2009,1,13.55,13.45,13.45832095104521,2009-01-24,RandomForest,7,2009
2009-01-18,2009,1,13.54,13.44,13.450830250931313,2009-01-25,RandomForest,7,2009
2009-01-19,2009,1,13.53,13.43,13.445471276337566,2009-01-26,RandomForest,7,2009
2009-01-20,2009,1,13.51,13.43,13.413903128336107,2009-01-27,RandomForest,7,2009
2009-01-21,2009,1,13.49,13.42,13.393473199899235,2009-01-28,RandomForest,7,2009
2009-01-22,2009,1,13.47,13.41,13.36966783915268,2009-01-29,RandomForest,7,2009
2009-01-23,2009,1,13.46,13.4,13.361100349601745,2009-01-30,RandomForest,7,2009
2009-01-24,2009,1,13.45,13.39,13.353820952404968,2009-01-31,RandomForest,7,2009
2009-01-25,2009,1,13.44,13.37,13.342502402242287,2009-02-01,RandomForest,7,2009
2009-01-26,2009,1,13.43,13.37,13.334777072072912,2009-02-02,RandomForest,7,2009
2009-01-27,2009,1,13.43,13.36,13.361687901471605,2009-02-03,RandomForest,7,2009
2009-01-28,2009,1,13.42,13.36,13.384895936499342,2009-02-04,RandomForest,7,2009
2009-01-29,2009,1,13.41,13.36,13.359698595088032,2009-02-05,RandomForest,7,2009
2009-01-30,2009,1,13.4,13.36,13.311920707938766,2009-02-06,RandomForest,7,2009
2009-01-31,2009,1,13.39,13.36,13.298125638097497,2009-02-07,RandomForest,7,2009
2009-02-01,2009,2,13.37,13.36,13.282876761846875,2009-02-08,RandomForest,7,2009
2009-02-02,2009,2,13.37,13.35,13.292129152483728,2009-02-09,RandomForest,7,2009
2009-02-03,2009,2,13.36,13.35,13.276672233562266,2009-02-10,RandomForest,7,2009
2009-02-04,2009,2,13.36,13.34,13.277143770407697,2009-02-11,RandomForest,7,2009
2009-02-05,2009,2,13.36,13.33,13.269819215858606,2009-02-12,RandomForest,7,2009
2009-02-06,2009,2,13.36,13.31,13.273963058282847,2009-02-13,RandomForest,7,2009
2009-02-07,2009,2,13.36,13.29,13.274870219721098,2009-02-14,RandomForest,7,2009
2009-02-08,2009,2,13.36,13.27,13.274938696506167,2009-02-15,RandomForest,7,2009
2009-02-09,2009,2,13.35,13.25,13.25818906532569,2009-02-16,RandomForest,7,2009
2009-02-10,2009,2,13.35,13.23,13.270091105002985,2009-02-17,RandomForest,7,2009
2009-02-11,2009,2,13.34,13.22,13.266306936218598,2009-02-18,RandomForest,7,2009
2009-02-12,2009,2,13.33,13.21,13.298683758624408,2009-02-19,RandomForest,7,2009
2009-02-13,2009,2,13.31,13.2,13.29212658727169,2009-02-20,RandomForest,7,2009
2009-02-14,2009,2,13.29,13.19,13.294485657332894,2009-02-21,RandomForest,7,2009
2009-02-15,2009,2,13.27,13.17,13.27060746747872,2009-02-22,RandomForest,7,2009
2009-02-16,2009,2,13.25,13.15,13.252845816282727,2009-02-23,RandomForest,7,2009
2009-02-17,2009,2,13.23,13.14,13.236704853004843,2009-02-24,RandomForest,7,2009
2009-02-18,2009,2,13.22,13.13,13.234204210032859,2009-02-25,RandomForest,7,2009
2009-02-19,2009,2,13.21,13.12,13.234718676778858,2009-02-26,RandomForest,7,2009
2009-02-20,2009,2,13.2,13.11,13.252583787407971,2009-02-27,RandomForest,7,2009
2009-02-21,2009,2,13.19,13.1,13.249901230612858,2009-02-28,RandomForest,7,2009
2009-02-22,2009,2,13.17,13.12,13.25001422516973,2009-03-01,RandomForest,7,2009
2009-02-23,2009,2,13.15,13.15,13.221175095507622,2009-03-02,RandomForest,7,2009
2009-02-24,2009,2,13.14,13.17,13.215427897024991,2009-03-03,RandomForest,7,2009
2009-02-25,2009,2,13.13,13.2,13.207938967438533,2009-03-04,RandomForest,7,2009
2009-02-26,2009,2,13.12,13.26,13.203017491248055,2009-03-05,RandomForest,7,2009
2009-02-27,2009,2,13.11,13.35,13.199671471745498,2009-03-06,RandomForest,7,2009
2009-02-28,2009,2,13.1,13.45,13.198442859522148,2009-03-07,RandomForest,7,2009
2009-03-01,2009,3,13.12,13.5,13.281411701004396,2009-03-08,RandomForest,7,2009
2009-03-02,2009,3,13.15,13.52,13.354668628800283,2009-03-09,RandomForest,7,2009
2009-03-03,2009,3,13.17,13.53,13.39871231027557,2009-03-10,RandomForest,7,2009
2009-03-04,2009,3,13.2,13.5,13.46284494734172,2009-03-11,RandomForest,7,2009
2009-03-05,2009,3,13.26,13.46,13.565072747420402,2009-03-12,RandomForest,7,2009
2009-03-06,2009,3,13.35,13.44,13.581224092819557,2009-03-13,RandomForest,7,2009
2009-03-07,2009,3,13.45,13.42,13.353847875420247,2009-03-14,RandomForest,7,2009
2009-03-08,2009,3,13.5,13.39,13.376354062711217,2009-03-15,RandomForest,7,2009
2009-03-09,2009,3,13.52,13.37,13.348678386139465,2009-03-16,RandomForest,7,2009
2009-03-10,2009,3,13.53,13.38,13.349116798837876,2009-03-17,RandomForest,7,2009
2009-03-11,2009,3,13.5,13.4,13.40321640647734,2009-03-18,RandomForest,7,2009
2009-03-12,2009,3,13.46,13.43,13.402104264296275,2009-03-19,RandomForest,7,2009
2009-03-13,2009,3,13.44,13.45,13.415663832023233,2009-03-20,RandomForest,7,2009
2009-03-14,2009,3,13.42,13.46,13.432055642688082,2009-03-21,RandomForest,7,2009
2009-03-15,2009,3,13.39,13.47,13.420686746717916,2009-03-22,RandomForest,7,2009
2009-03-16,2009,3,13.37,13.47,13.430101861338896,2009-03-23,RandomForest,7,2009
2009-03-17,2009,3,13.38,13.45,13.569269235760993,2009-03-24,RandomForest,7,2009
2009-03-18,2009,3,13.4,13.43,13.697891704155932,2009-03-25,RandomForest,7,2009
2009-03-19,2009,3,13.43,13.41,13.82560976955866,2009-03-26,RandomForest,7,2009
2009-03-20,2009,3,13.45,13.4,13.890576702086413,2009-03-27,RandomForest,7,2009
2009-03-21,2009,3,13.46,13.4,13.977520855068525,2009-03-28,RandomForest,7,2009
2009-03-22,2009,3,13.47,13.39,13.956410554465053,2009-03-29,RandomForest,7,2009
2009-03-23,2009,3,13.47,13.39,13.966744808851018,2009-03-30,RandomForest,7,2009
2009-03-24,2009,3,13.45,13.39,13.952655888627236,2009-03-31,RandomForest,7,2009
2009-03-25,2009,3,13.43,13.38,13.966998109137005,2009-04-01,RandomForest,7,2009
2009-03-26,2009,3,13.41,13.39,13.942717200046095,2009-04-02,RandomForest,7,2009
2009-03-27,2009,3,13.4,13.5,13.96296629351134,2009-04-03,RandomForest,7,2009
2009-03-28,2009,3,13.4,13.54,14.072619726720022,2009-04-04,RandomForest,7,2009
2009-03-29,2009,3,13.39,13.55,14.018659045921229,2009-04-05,RandomForest,7,2009
2009-03-30,2009,3,13.39,13.54,14.068162788331945,2009-04-06,RandomForest,7,2009
2009-03-31,2009,3,13.39,13.54,14.02382669499032,2009-04-07,RandomForest,7,2009
2009-04-01,2009,4,13.38,13.6,13.965106061901206,2009-04-08,RandomForest,7,2009
2009-04-02,2009,4,13.39,13.7,13.9899295611461,2009-04-09,RandomForest,7,2009
2009-04-03,2009,4,13.5,13.82,14.065075241161798,2009-04-10,RandomForest,7,2009
2009-04-04,2009,4,13.54,13.87,14.077667659772565,2009-04-11,RandomForest,7,2009
2009-04-05,2009,4,13.55,13.89,14.08413893950907,2009-04-12,RandomForest,7,2009
2009-04-06,2009,4,13.54,13.83,14.05471506096959,2009-04-13,RandomForest,7,2009
2009-04-07,2009,4,13.54,13.85,14.075863282403509,2009-04-14,RandomForest,7,2009
2009-04-08,2009,4,13.6,13.93,14.155431916801826,2009-04-15,RandomForest,7,2009
2009-04-09,2009,4,13.7,13.99,14.260442395312733,2009-04-16,RandomForest,7,2009
2009-04-10,2009,4,13.82,14.07,14.47874520316184,2009-04-17,RandomForest,7,2009
2009-04-11,2009,4,13.87,14.16,14.497609472903232,2009-04-18,RandomForest,7,2009
2009-04-12,2009,4,13.89,14.22,14.514402630741335,2009-04-19,RandomForest,7,2009
2009-04-13,2009,4,13.83,14.28,14.42933535686133,2009-04-20,RandomForest,7,2009
2009-04-14,2009,4,13.85,14.32,14.503384930177715,2009-04-21,RandomForest,7,2009
2009-04-15,2009,4,13.93,14.3,14.57686557171608,2009-04-22,RandomForest,7,2009
2009-04-16,2009,4,13.99,14.21,14.622814878634461,2009-04-23,RandomForest,7,2009
2009-04-17,2009,4,14.07,14.28,14.716142987631935,2009-04-24,RandomForest,7,2009
2009-04-18,2009,4,14.16,14.43,14.799544077499322,2009-04-25,RandomForest,7,2009
2009-04-19,2009,4,14.22,14.63,14.821611821155056,2009-04-26,RandomForest,7,2009
2009-04-20,2009,4,14.28,14.71,14.86024085567031,2009-04-27,RandomForest,7,2009
2009-04-21,2009,4,14.32,14.71,14.810669203853417,2009-04-28,RandomForest,7,2009
2009-04-22,2009,4,14.3,14.62,14.755095995233955,2009-04-29,RandomForest,7,2009
2009-04-23,2009,4,14.21,14.73,14.585019476889208,2009-04-30,RandomForest,7,2009
2009-04-24,2009,4,14.28,14.82,14.840515881323391,2009-05-01,RandomForest,7,2009
2009-04-25,2009,4,14.43,14.91,14.920487817208569,2009-05-02,RandomForest,7,2009
2009-04-26,2009,4,14.63,14.86,15.115797154396835,2009-05-03,RandomForest,7,2009
2009-04-27,2009,4,14.71,14.85,15.050063219852802,2009-05-04,RandomForest,7,2009
2009-04-28,2009,4,14.71,14.82,15.05122190117218,2009-05-05,RandomForest,7,2009
2009-04-29,2009,4,14.62,14.77,14.890946411056797,2009-05-06,RandomForest,7,2009
2009-04-30,2009,4,14.73,14.76,15.054824689235542,2009-05-07,RandomForest,7,2009
2009-05-01,2009,5,14.82,14.74,15.152494704009921,2009-05-08,RandomForest,7,2009
2009-05-02,2009,5,14.91,14.73,15.243599224917773,2009-05-09,RandomForest,7,2009
2009-05-03,2009,5,14.86,14.71,15.181279509365956,2009-05-10,RandomForest,7,2009
2009-05-04,2009,5,14.85,14.79,15.182947413595219,2009-05-11,RandomForest,7,2009
2009-05-05,2009,5,14.82,14.87,15.12562820239237,2009-05-12,RandomForest,7,2009
2009-05-06,2009,5,14.77,14.92,15.094279819889218,2009-05-13,RandomForest,7,2009
2009-05-07,2009,5,14.76,14.95,15.077185389760292,2009-05-14,RandomForest,7,2009
2009-05-08,2009,5,14.74,15.03,15.035719023840361,2009-05-15,RandomForest,7,2009
2009-05-09,2009,5,14.73,15.11,15.034302189828601,2009-05-16,RandomForest,7,2009
2009-05-10,2009,5,14.71,15.19,15.018890818712157,2009-05-17,RandomForest,7,2009
2009-05-11,2009,5,14.79,15.22,15.100388984093948,2009-05-18,RandomForest,7,2009
2009-05-12,2009,5,14.87,15.17,15.174337946323991,2009-05-19,RandomForest,7,2009
2009-05-13,2009,5,14.92,14.99,15.268434936303047,2009-05-20,RandomForest,7,2009
2009-05-14,2009,5,14.95,14.95,15.388243107857354,2009-05-21,RandomForest,7,2009
2009-05-15,2009,5,15.03,14.91,15.551947826525325,2009-05-22,RandomForest,7,2009
2009-05-16,2009,5,15.11,14.87,15.724205414658352,2009-05-23,RandomForest,7,2009
2009-05-17,2009,5,15.19,14.8,15.833325445454816,2009-05-24,RandomForest,7,2009
2009-05-18,2009,5,15.22,14.8,15.887763145394949,2009-05-25,RandomForest,7,2009
2009-05-19,2009,5,15.17,14.83,15.90830788456522,2009-05-26,RandomForest,7,2009
2009-05-20,2009,5,14.99,15.07,15.420351011261307,2009-05-27,RandomForest,7,2009
2009-05-21,2009,5,14.95,16.29,15.786544889392847,2009-05-28,RandomForest,7,2009
2009-05-22,2009,5,14.91,16.4,15.83593835672782,2009-05-29,RandomForest,7,2009
2009-05-23,2009,5,14.87,16.2,15.879115730027017,2009-05-30,RandomForest,7,2009
2009-05-24,2009,5,14.8,15.98,15.813667342933211,2009-05-31,RandomForest,7,2009
2009-05-25,2009,5,14.8,15.93,15.863343502556374,2009-06-01,RandomForest,7,2009
2009-05-26,2009,5,14.83,15.99,15.903091046328178,2009-06-02,RandomForest,7,2009
2009-05-27,2009,5,15.07,16.05,16.177425157082055,2009-06-03,RandomForest,7,2009
2009-05-28,2009,5,16.29,16.01,16.709233561253196,2009-06-04,RandomForest,7,2009
2009-05-29,2009,5,16.4,15.92,16.347279432074465,2009-06-05,RandomForest,7,2009
2009-05-30,2009,5,16.2,15.87,16.511702380496292,2009-06-06,RandomForest,7,2009
2009-05-31,2009,5,15.98,15.85,16.273994119172347,2009-06-07,RandomForest,7,2009
2009-06-01,2009,6,15.93,15.85,16.34363636568438,2009-06-08,RandomForest,7,2009
2009-06-02,2009,6,15.99,15.82,16.78034789497708,2009-06-09,RandomForest,7,2009
2009-06-03,2009,6,16.05,15.82,16.886119400747482,2009-06-10,RandomForest,7,2009
2009-06-04,2009,6,16.01,15.75,17.015363754087904,2009-06-11,RandomForest,7,2009
2009-06-05,2009,6,15.92,15.74,16.739712760367034,2009-06-12,RandomForest,7,2009
2009-06-06,2009,6,15.87,15.82,16.851459042796318,2009-06-13,RandomForest,7,2009
2009-06-07,2009,6,15.85,15.89,16.922740847526732,2009-06-14,RandomForest,7,2009
2009-06-08,2009,6,15.85,16.06,17.0120171783268,2009-06-15,RandomForest,7,2009
2009-06-09,2009,6,15.82,16.24,17.0360530958471,2009-06-16,RandomForest,7,2009
2009-06-10,2009,6,15.82,16.46,17.111897062656734,2009-06-17,RandomForest,7,2009
2009-06-11,2009,6,15.75,16.57,17.11131305122745,2009-06-18,RandomForest,7,2009
2009-06-12,2009,6,15.74,16.57,17.159855139787968,2009-06-19,RandomForest,7,2009
2009-06-13,2009,6,15.82,16.43,17.19722858600521,2009-06-20,RandomForest,7,2009
2009-06-14,2009,6,15.89,16.26,17.135204569637306,2009-06-21,RandomForest,7,2009
2009-06-15,2009,6,16.06,16.22,17.17980438464663,2009-06-22,RandomForest,7,2009
2009-06-16,2009,6,16.24,16.11,17.227242767138332,2009-06-23,RandomForest,7,2009
2009-06-17,2009,6,16.46,16.22,17.369996482395887,2009-06-24,RandomForest,7,2009
2009-06-18,2009,6,16.57,16.27,17.239399689528433,2009-06-25,RandomForest,7,2009
2009-06-19,2009,6,16.57,16.31,17.229070829960765,2009-06-26,RandomForest,7,2009
2009-06-20,2009,6,16.43,16.22,17.18670550318826,2009-06-27,RandomForest,7,2009
2009-06-21,2009,6,16.26,16.3,16.73909880145871,2009-06-28,RandomForest,7,2009
2009-06-22,2009,6,16.22,16.67,17.071626409809653,2009-06-29,RandomForest,7,2009
2009-06-23,2009,6,16.11,16.84,16.90358708993268,2009-06-30,RandomForest,7,2009
2009-06-24,2009,6,16.22,17.07,17.099812037660566,2009-07-01,RandomForest,7,2009
2009-06-25,2009,6,16.27,17.6,17.199742455024357,2009-07-02,RandomForest,7,2009
2009-06-26,2009,6,16.31,17.98,17.480162969762326,2009-07-03,RandomForest,7,2009
2009-06-27,2009,6,16.22,18.57,17.404861516831932,2009-07-04,RandomForest,7,2009
2009-06-28,2009,6,16.3,18.67,17.566969449916105,2009-07-05,RandomForest,7,2009
2009-06-29,2009,6,16.67,18.83,17.55324775174404,2009-07-06,RandomForest,7,2009
2009-06-30,2009,6,16.84,18.91,17.506329364836787,2009-07-07,RandomForest,7,2009
2009-07-01,2009,7,17.07,18.83,17.70664080542471,2009-07-08,RandomForest,7,2009
2009-07-02,2009,7,17.6,18.57,17.940436780783077,2009-07-09,RandomForest,7,2009
2009-07-03,2009,7,17.98,18.44,17.981176620856033,2009-07-10,RandomForest,7,2009
2009-07-04,2009,7,18.57,18.32,18.55646277639597,2009-07-11,RandomForest,7,2009
2009-07-05,2009,7,18.67,18.28,18.61501294812502,2009-07-12,RandomForest,7,2009
2009-07-06,2009,7,18.83,18.25,18.675043374329242,2009-07-13,RandomForest,7,2009
2009-07-07,2009,7,18.91,18.2,18.66720997537326,2009-07-14,RandomForest,7,2009
2009-07-08,2009,7,18.83,18.17,18.675904075025336,2009-07-15,RandomForest,7,2009
2009-07-09,2009,7,18.57,18.09,18.690485664055526,2009-07-16,RandomForest,7,2009
2009-07-10,2009,7,18.44,17.99,18.568192147372915,2009-07-17,RandomForest,7,2009
2009-07-11,2009,7,18.32,17.86,18.425280748656874,2009-07-18,RandomForest,7,2009
2009-07-12,2009,7,18.28,17.74,18.467489578108893,2009-07-19,RandomForest,7,2009
2009-07-13,2009,7,18.25,17.58,18.429063598963445,2009-07-20,RandomForest,7,2009
2009-07-14,2009,7,18.2,17.39,18.392961902197587,2009-07-21,RandomForest,7,2009
2009-07-15,2009,7,18.17,17.32,18.517309235819575,2009-07-22,RandomForest,7,2009
2009-07-16,2009,7,18.09,17.27,18.213154350821775,2009-07-23,RandomForest,7,2009
2009-07-17,2009,7,17.99,17.19,17.824451994580855,2009-07-24,RandomForest,7,2009
2009-07-18,2009,7,17.86,17.16,17.558782529977375,2009-07-25,RandomForest,7,2009
2009-07-19,2009,7,17.74,17.12,17.466591112149818,2009-07-26,RandomForest,7,2009
2009-07-20,2009,7,17.58,17.12,17.438436973595977,2009-07-27,RandomForest,7,2009
2009-07-21,2009,7,17.39,17.4,17.290191324952602,2009-07-28,RandomForest,7,2009
2009-07-22,2009,7,17.32,17.72,17.11139610074995,2009-07-29,RandomForest,7,2009
2009-07-23,2009,7,17.27,17.93,16.906984375181842,2009-07-30,RandomForest,7,2009
2009-07-24,2009,7,17.19,18.15,16.811099777152013,2009-07-31,RandomForest,7,2009
2009-07-25,2009,7,17.16,18.36,16.97895208768319,2009-08-01,RandomForest,7,2009
2009-07-26,2009,7,17.12,18.42,17.09498168760641,2009-08-02,RandomForest,7,2009
2009-07-27,2009,7,17.12,18.39,17.730798957836193,2009-08-03,RandomForest,7,2009
2009-07-28,2009,7,17.4,18.33,18.323758277457298,2009-08-04,RandomForest,7,2009
2009-07-29,2009,7,17.72,18.34,18.631981151071972,2009-08-05,RandomForest,7,2009
2009-07-30,2009,7,17.93,18.39,18.925941448968462,2009-08-06,RandomForest,7,2009
2009-07-31,2009,7,18.15,18.45,18.916719609803888,2009-08-07,RandomForest,7,2009
2009-08-01,2009,8,18.36,18.42,18.92604348395428,2009-08-08,RandomForest,7,2009
2009-08-02,2009,8,18.42,18.41,18.659715687709905,2009-08-09,RandomForest,7,2009
2009-08-03,2009,8,18.39,18.36,18.392489130966105,2009-08-10,RandomForest,7,2009
2009-08-04,2009,8,18.33,18.32,18.34379851018288,2009-08-11,RandomForest,7,2009
2009-08-05,2009,8,18.34,18.25,18.594670603169583,2009-08-12,RandomForest,7,2009
2009-08-06,2009,8,18.39,18.24,18.65346243988854,2009-08-13,RandomForest,7,2009
2009-08-07,2009,8,18.45,18.4,19.19459134399093,2009-08-14,RandomForest,7,2009
2009-08-08,2009,8,18.42,18.54,19.122352786323244,2009-08-15,RandomForest,7,2009
2009-08-09,2009,8,18.41,18.55,19.006713174944956,2009-08-16,RandomForest,7,2009
2009-08-10,2009,8,18.36,19.04,18.978703775338108,2009-08-17,RandomForest,7,2009
2009-08-11,2009,8,18.32,19.27,18.96335604192267,2009-08-18,RandomForest,7,2009
2009-08-12,2009,8,18.25,19.27,18.74892179900238,2009-08-19,RandomForest,7,2009
2009-08-13,2009,8,18.24,19.15,18.490022368335772,2009-08-20,RandomForest,7,2009
2009-08-14,2009,8,18.4,19.33,19.018336897475695,2009-08-21,RandomForest,7,2009
2009-08-15,2009,8,18.54,19.4,19.093518515731393,2009-08-22,RandomForest,7,2009
2009-08-16,2009,8,18.55,19.29,18.874558954050002,2009-08-23,RandomForest,7,2009
2009-08-17,2009,8,19.04,19.23,19.480885131281816,2009-08-24,RandomForest,7,2009
2009-08-18,2009,8,19.27,19.2,19.54585511219287,2009-08-25,RandomForest,7,2009
2009-08-19,2009,8,19.27,19.19,19.258694802047728,2009-08-26,RandomForest,7,2009
2009-08-20,2009,8,19.15,19.18,18.93374401382372,2009-08-27,RandomForest,7,2009
2009-08-21,2009,8,19.33,19.16,19.339459650052873,2009-08-28,RandomForest,7,2009
2009-08-22,2009,8,19.4,19.13,19.40233438647793,2009-08-29,RandomForest,7,2009
2009-08-23,2009,8,19.29,19.03,19.146114445222967,2009-08-30,RandomForest,7,2009
2009-08-24,2009,8,19.23,18.94,19.17113132077139,2009-08-31,RandomForest,7,2009
2009-08-25,2009,8,19.2,18.79,19.126677413294814,2009-09-01,RandomForest,7,2009
2009-08-26,2009,8,19.19,18.67,19.142844349562193,2009-09-02,RandomForest,7,2009
2009-08-27,2009,8,19.18,18.55,19.14370751677124,2009-09-03,RandomForest,7,2009
2009-08-28,2009,8,19.16,18.4,19.10773082076851,2009-09-04,RandomForest,7,2009
2009-08-29,2009,8,19.13,18.29,19.06670195054586,2009-09-05,RandomForest,7,2009
2009-08-30,2009,8,19.03,18.07,18.906056126661472,2009-09-06,RandomForest,7,2009
2009-08-31,2009,8,18.94,17.96,18.82489047696067,2009-09-07,RandomForest,7,2009
2009-09-01,2009,9,18.79,17.74,18.498395607105195,2009-09-08,RandomForest,7,2009
2009-09-02,2009,9,18.67,17.61,18.44792635913076,2009-09-09,RandomForest,7,2009
2009-09-03,2009,9,18.55,17.52,18.42877316785898,2009-09-10,RandomForest,7,2009
2009-09-04,2009,9,18.4,17.31,18.318665842700447,2009-09-11,RandomForest,7,2009
2009-09-05,2009,9,18.29,17.25,18.264306829483925,2009-09-12,RandomForest,7,2009
2009-09-06,2009,9,18.07,17.14,18.07112326264846,2009-09-13,RandomForest,7,2009
2009-09-07,2009,9,17.96,17.14,18.01778261718464,2009-09-14,RandomForest,7,2009
2009-09-08,2009,9,17.74,17.07,17.72061427258939,2009-09-15,RandomForest,7,2009
2009-09-09,2009,9,17.61,17.0,17.524827506285753,2009-09-16,RandomForest,7,2009
2009-09-10,2009,9,17.52,16.94,17.515997594596158,2009-09-17,RandomForest,7,2009
2009-09-11,2009,9,17.31,16.93,17.313540975751813,2009-09-18,RandomForest,7,2009
2009-09-12,2009,9,17.25,16.99,17.192367305322435,2009-09-19,RandomForest,7,2009
2009-09-13,2009,9,17.14,17.2,17.07177981740959,2009-09-20,RandomForest,7,2009
2009-09-14,2009,9,17.14,17.3,17.29535276871602,2009-09-21,RandomForest,7,2009
2009-09-15,2009,9,17.07,17.3,17.1933142045107,2009-09-22,RandomForest,7,2009
2009-09-16,2009,9,17.0,17.23,17.32530248340789,2009-09-23,RandomForest,7,2009
2009-09-17,2009,9,16.94,17.31,17.220410746746733,2009-09-24,RandomForest,7,2009
2009-09-18,2009,9,16.93,17.51,17.236609247479677,2009-09-25,RandomForest,7,2009
2009-09-19,2009,9,16.99,17.63,17.58696073741844,2009-09-26,RandomForest,7,2009
2009-09-20,2009,9,17.2,17.65,17.91037648044562,2009-09-27,RandomForest,7,2009
2009-09-21,2009,9,17.3,17.57,17.966281048738775,2009-09-28,RandomForest,7,2009
2009-09-22,2009,9,17.3,17.46,17.995319671699065,2009-09-29,RandomForest,7,2009
2009-09-23,2009,9,17.23,17.24,17.95504539559212,2009-09-30,RandomForest,7,2009
2009-09-24,2009,9,17.31,17.12,18.29795264636531,2009-10-01,RandomForest,7,2009
2009-09-25,2009,9,17.51,17.02,18.45020182028717,2009-10-02,RandomForest,7,2009
2009-09-26,2009,9,17.63,16.92,18.587715529542347,2009-10-03,RandomForest,7,2009
2009-09-27,2009,9,17.65,16.76,17.81010303425479,2009-10-04,RandomForest,7,2009
2009-09-28,2009,9,17.57,16.62,17.140403686126646,2009-10-05,RandomForest,7,2009
2009-09-29,2009,9,17.46,16.47,17.019907788701282,2009-10-06,RandomForest,7,2009
2009-09-30,2009,9,17.24,16.36,16.55328399022599,2009-10-07,RandomForest,7,2009
2009-10-01,2009,10,17.12,16.62,16.52963553562904,2009-10-08,RandomForest,7,2009
2009-10-02,2009,10,17.02,17.56,16.557893897121858,2009-10-09,RandomForest,7,2009
2009-10-03,2009,10,16.92,17.67,16.458937541729448,2009-10-10,RandomForest,7,2009
2009-10-04,2009,10,16.76,17.41,16.086872030747227,2009-10-11,RandomForest,7,2009
2009-10-05,2009,10,16.62,17.26,15.989840592415394,2009-10-12,RandomForest,7,2009
2009-10-06,2009,10,16.47,17.14,15.87492137848472,2009-10-13,RandomForest,7,2009
2009-10-07,2009,10,16.36,17.21,15.941937300485927,2009-10-14,RandomForest,7,2009
2009-10-08,2009,10,16.62,17.33,16.389856998398354,2009-10-15,RandomForest,7,2009
2009-10-09,2009,10,17.56,17.34,17.189568990754612,2009-10-16,RandomForest,7,2009
2009-10-10,2009,10,17.67,17.25,17.198186769248863,2009-10-17,RandomForest,7,2009
2009-10-11,2009,10,17.41,17.08,16.741853059736766,2009-10-18,RandomForest,7,2009
2009-10-12,2009,10,17.26,16.9,16.760481836504997,2009-10-19,RandomForest,7,2009
2009-10-13,2009,10,17.14,16.68,16.722817877952117,2009-10-20,RandomForest,7,2009
2009-10-14,2009,10,17.21,16.48,16.66830251242553,2009-10-21,RandomForest,7,2009
2009-10-15,2009,10,17.33,16.27,16.886059211796134,2009-10-22,RandomForest,7,2009
2009-10-16,2009,10,17.34,16.16,16.860529693793424,2009-10-23,RandomForest,7,2009
2009-10-17,2009,10,17.25,16.08,16.761811993490078,2009-10-24,RandomForest,7,2009
2009-10-18,2009,10,17.08,16.0,16.57299236613406,2009-10-25,RandomForest,7,2009
2009-10-19,2009,10,16.9,15.96,16.346030527320117,2009-10-26,RandomForest,7,2009
2009-10-20,2009,10,16.68,15.93,16.169297640418307,2009-10-27,RandomForest,7,2009
2009-10-21,2009,10,16.48,15.8,15.861675904980265,2009-10-28,RandomForest,7,2009
2009-10-22,2009,10,16.27,15.73,15.716869372885418,2009-10-29,RandomForest,7,2009
2009-10-23,2009,10,16.16,15.65,15.695888482146726,2009-10-30,RandomForest,7,2009
2009-10-24,2009,10,16.08,15.58,15.61571532329906,2009-10-31,RandomForest,7,2009
2009-10-25,2009,10,16.0,15.49,15.585836904357851,2009-11-01,RandomForest,7,2009
2009-10-26,2009,10,15.96,15.42,15.538661492601882,2009-11-02,RandomForest,7,2009
2009-10-27,2009,10,15.93,15.37,15.518529481452676,2009-11-03,RandomForest,7,2009
2009-10-28,2009,10,15.8,15.28,15.281168677625704,2009-11-04,RandomForest,7,2009
2009-10-29,2009,10,15.73,15.22,15.356933897774733,2009-11-05,RandomForest,7,2009
2009-10-30,2009,10,15.65,15.17,15.319783746164394,2009-11-06,RandomForest,7,2009
2009-10-31,2009,10,15.58,15.13,15.255455047337227,2009-11-07,RandomForest,7,2009
2009-11-01,2009,11,15.49,15.07,15.167716364410255,2009-11-08,RandomForest,7,2009
2009-11-02,2009,11,15.42,15.04,15.179857522719658,2009-11-09,RandomForest,7,2009
2009-11-03,2009,11,15.37,15.01,15.043547471263022,2009-11-10,RandomForest,7,2009
2009-11-04,2009,11,15.28,14.95,14.890133466493936,2009-11-11,RandomForest,7,2009
2009-11-05,2009,11,15.22,14.9,14.86482532996437,2009-11-12,RandomForest,7,2009
2009-11-06,2009,11,15.17,14.85,14.834720743703176,2009-11-13,RandomForest,7,2009
2009-11-07,2009,11,15.13,14.8,14.809387215216804,2009-11-14,RandomForest,7,2009
2009-11-08,2009,11,15.07,14.74,14.727511127656935,2009-11-15,RandomForest,7,2009
2009-11-09,2009,11,15.04,14.7,14.720092802535955,2009-11-16,RandomForest,7,2009
2009-11-10,2009,11,15.01,14.67,14.691936697591673,2009-11-17,RandomForest,7,2009
2009-11-11,2009,11,14.95,14.63,14.606386452921333,2009-11-18,RandomForest,7,2009
2009-11-12,2009,11,14.9,14.62,14.560472781620094,2009-11-19,RandomForest,7,2009
2009-11-13,2009,11,14.85,14.6,14.513825110970226,2009-11-20,RandomForest,7,2009
2009-11-14,2009,11,14.8,14.59,14.467199420999659,2009-11-21,RandomForest,7,2009
2009-11-15,2009,11,14.74,14.57,14.400305882881163,2009-11-22,RandomForest,7,2009
2009-11-16,2009,11,14.7,14.55,14.399534224388862,2009-11-23,RandomForest,7,2009
2009-11-17,2009,11,14.67,14.63,14.404598823506223,2009-11-24,RandomForest,7,2009
2009-11-18,2009,11,14.63,14.95,14.396019516599925,2009-11-25,RandomForest,7,2009
2009-11-19,2009,11,14.62,15.0,14.401852130902029,2009-11-26,RandomForest,7,2009
2009-11-20,2009,11,14.6,15.0,14.386749789387293,2009-11-27,RandomForest,7,2009
2009-11-21,2009,11,14.59,14.87,14.37963559017346,2009-11-28,RandomForest,7,2009
2009-11-22,2009,11,14.57,14.73,14.358186287143159,2009-11-29,RandomForest,7,2009
2009-11-23,2009,11,14.55,14.64,14.33489829297141,2009-11-30,RandomForest,7,2009
2009-11-24,2009,11,14.63,14.61,14.306312176792412,2009-12-01,RandomForest,7,2009
2009-11-25,2009,11,14.95,14.52,14.625349245184259,2009-12-02,RandomForest,7,2009
2009-11-26,2009,11,15.0,14.48,14.586318239907872,2009-12-03,RandomForest,7,2009
2009-11-27,2009,11,15.0,14.4,14.568232092447243,2009-12-04,RandomForest,7,2009
2009-11-28,2009,11,14.87,14.38,14.358590678504086,2009-12-05,RandomForest,7,2009
2009-11-29,2009,11,14.73,14.35,14.252908946368075,2009-12-06,RandomForest,7,2009
2009-11-30,2009,11,14.64,14.31,14.290506500148677,2009-12-07,RandomForest,7,2009
2009-12-01,2009,12,14.61,14.29,14.348500403686094,2009-12-08,RandomForest,7,2009
2009-12-02,2009,12,14.52,14.27,14.211365361370131,2009-12-09,RandomForest,7,2009
2009-12-03,2009,12,14.48,14.25,14.235031591893465,2009-12-10,RandomForest,7,2009
2009-12-04,2009,12,14.4,14.22,14.134203945646503,2009-12-11,RandomForest,7,2009
2009-12-05,2009,12,14.38,14.2,14.176490279551034,2009-12-12,RandomForest,7,2009
2009-12-06,2009,12,14.35,14.17,14.13463389022241,2009-12-13,RandomForest,7,2009
2009-12-07,2009,12,14.31,14.16,14.094232497275737,2009-12-14,RandomForest,7,2009
2009-12-08,2009,12,14.29,14.13,14.075671782116375,2009-12-15,RandomForest,7,2009
2009-12-09,2009,12,14.27,14.12,14.063114226788002,2009-12-16,RandomForest,7,2009
2009-12-10,2009,12,14.25,14.11,14.049740484850808,2009-12-17,RandomForest,7,2009
2009-12-11,2009,12,14.22,14.07,14.026901783682293,2009-12-18,RandomForest,7,2009
2009-12-12,2009,12,14.2,14.05,14.019767290238454,2009-12-19,RandomForest,7,2009
2009-12-13,2009,12,14.17,14.01,13.999024154594506,2009-12-20,RandomForest,7,2009
2009-12-14,2009,12,14.16,13.98,13.99108359399261,2009-12-21,RandomForest,7,2009
2009-12-15,2009,12,14.13,13.96,13.966081809509218,2009-12-22,RandomForest,7,2009
2009-12-16,2009,12,14.12,13.94,13.95915967302989,2009-12-23,RandomForest,7,2009
2009-12-17,2009,12,14.11,13.92,13.950248252841567,2009-12-24,RandomForest,7,2009
2009-12-18,2009,12,14.07,13.92,13.90970126816969,2009-12-25,RandomForest,7,2009
2009-12-19,2009,12,14.05,13.91,13.891071557562247,2009-12-26,RandomForest,7,2009
2009-12-20,2009,12,14.01,13.9,13.848366723315575,2009-12-27,RandomForest,7,2009
2009-12-21,2009,12,13.98,13.89,13.822104723541683,2009-12-28,RandomForest,7,2009
2009-12-22,2009,12,13.96,13.89,13.802574582928498,2009-12-29,RandomForest,7,2009
2009-12-23,2009,12,13.94,13.88,13.782191712639474,2009-12-30,RandomForest,7,2009
2009-12-24,2009,12,13.92,13.85,13.764915967259693,2009-12-31,RandomForest,7,2009
2009-12-25,2009,12,13.92,13.83,13.753855471711852,2010-01-01,RandomForest,7,2009
2009-12-26,2009,12,13.91,13.79,13.762130364320122,2010-01-02,RandomForest,7,2009
2009-12-27,2009,12,13.9,13.76,13.741997529386696,2010-01-03,RandomForest,7,2009
2009-12-28,2009,12,13.89,13.73,13.724952983762602,2010-01-04,RandomForest,7,2009
2009-12-29,2009,12,13.89,13.71,13.714639158117755,2010-01-05,RandomForest,7,2009
2009-12-30,2009,12,13.88,13.69,13.710278774152412,2010-01-06,RandomForest,7,2009
2009-12-31,2009,12,13.85,13.67,13.68290100999631,2010-01-07,RandomForest,7,2009
2010-01-01,2010,1,13.83,13.65,13.685097805744295,2010-01-08,RandomForest,7,2010
2010-01-02,2010,1,13.79,13.63,13.65531619122973,2010-01-09,RandomForest,7,2010
2010-01-03,2010,1,13.76,13.62,13.625946373494076,2010-01-10,RandomForest,7,2010
2010-01-04,2010,1,13.73,13.6,13.560880252591536,2010-01-11,RandomForest,7,2010
2010-01-05,2010,1,13.71,13.58,13.54278914076478,2010-01-12,RandomForest,7,2010
2010-01-06,2010,1,13.69,13.56,13.544521218525938,2010-01-13,RandomForest,7,2010
2010-01-07,2010,1,13.67,13.54,13.537842134596165,2010-01-14,RandomForest,7,2010
2010-01-08,2010,1,13.65,13.53,13.532479202411306,2010-01-15,RandomForest,7,2010
2010-01-09,2010,1,13.63,13.52,13.51729357336768,2010-01-16,RandomForest,7,2010
2010-01-10,2010,1,13.62,13.5,13.515065659257447,2010-01-17,RandomForest,7,2010
2010-01-11,2010,1,13.6,13.48,13.49757235362518,2010-01-18,RandomForest,7,2010
2010-01-12,2010,1,13.58,13.46,13.477143109795481,2010-01-19,RandomForest,7,2010
2010-01-13,2010,1,13.56,13.45,13.45641271834249,2010-01-20,RandomForest,7,2010
2010-01-14,2010,1,13.54,13.43,13.437040031347324,2010-01-21,RandomForest,7,2010
2010-01-15,2010,1,13.53,13.42,13.430425134651887,2010-01-22,RandomForest,7,2010
2010-01-16,2010,1,13.52,13.41,13.424595003315211,2010-01-23,RandomForest,7,2010
2010-01-17,2010,1,13.5,13.39,13.408326053472535,2010-01-24,RandomForest,7,2010
2010-01-18,2010,1,13.48,13.37,13.393636396551122,2010-01-25,RandomForest,7,2010
2010-01-19,2010,1,13.46,13.36,13.373917067076249,2010-01-26,RandomForest,7,2010
2010-01-20,2010,1,13.45,13.35,13.368887397279238,2010-01-27,RandomForest,7,2010
2010-01-21,2010,1,13.43,13.34,13.34970498275205,2010-01-28,RandomForest,7,2010
2010-01-22,2010,1,13.42,13.32,13.340706456042273,2010-01-29,RandomForest,7,2010
2010-01-23,2010,1,13.41,13.3,13.335457052831792,2010-01-30,RandomForest,7,2010
2010-01-24,2010,1,13.39,13.28,13.317580670895815,2010-01-31,RandomForest,7,2010
2010-01-25,2010,1,13.37,13.27,13.299203896994428,2010-02-01,RandomForest,7,2010
2010-01-26,2010,1,13.36,13.25,13.296476675774663,2010-02-02,RandomForest,7,2010
2010-01-27,2010,1,13.35,13.24,13.291252721479417,2010-02-03,RandomForest,7,2010
2010-01-28,2010,1,13.34,13.22,13.282837442933841,2010-02-04,RandomForest,7,2010
2010-01-29,2010,1,13.32,13.2,13.261951529624127,2010-02-05,RandomForest,7,2010
2010-01-30,2010,1,13.3,13.19,13.23420567746427,2010-02-06,RandomForest,7,2010
2010-01-31,2010,1,13.28,13.18,13.206173063698674,2010-02-07,RandomForest,7,2010
2010-02-01,2010,2,13.27,13.17,13.192627379404803,2010-02-08,RandomForest,7,2010
2010-02-02,2010,2,13.25,13.15,13.170496938085774,2010-02-09,RandomForest,7,2010
2010-02-03,2010,2,13.24,13.14,13.160185970995402,2010-02-10,RandomForest,7,2010
2010-02-04,2010,2,13.22,13.13,13.139698967379681,2010-02-11,RandomForest,7,2010
2010-02-05,2010,2,13.2,13.11,13.119938726778177,2010-02-12,RandomForest,7,2010
2010-02-06,2010,2,13.19,13.1,13.109947276794864,2010-02-13,RandomForest,7,2010
2010-02-07,2010,2,13.18,13.09,13.101068800795865,2010-02-14,RandomForest,7,2010
2010-02-08,2010,2,13.17,13.08,13.092573357408904,2010-02-15,RandomForest,7,2010
2010-02-09,2010,2,13.15,13.08,13.073650699677113,2010-02-16,RandomForest,7,2010
2010-02-10,2010,2,13.14,13.07,13.06322557695969,2010-02-17,RandomForest,7,2010
2010-02-11,2010,2,13.13,13.06,13.051963440103952,2010-02-18,RandomForest,7,2010
2010-02-12,2010,2,13.11,13.05,13.03634760352693,2010-02-19,RandomForest,7,2010
2010-02-13,2010,2,13.1,13.05,13.038825497101023,2010-02-20,RandomForest,7,2010
2010-02-14,2010,2,13.09,13.04,13.046918197790273,2010-02-21,RandomForest,7,2010
2010-02-15,2010,2,13.08,13.03,13.037143048802402,2010-02-22,RandomForest,7,2010
2010-02-16,2010,2,13.08,13.03,13.055716913733509,2010-02-23,RandomForest,7,2010
2010-02-17,2010,2,13.07,13.03,13.03857720417181,2010-02-24,RandomForest,7,2010
2010-02-18,2010,2,13.06,13.03,13.024020443366826,2010-02-25,RandomForest,7,2010
2010-02-19,2010,2,13.05,13.03,13.033998440049091,2010-02-26,RandomForest,7,2010
2010-02-20,2010,2,13.05,13.04,13.046000523022945,2010-02-27,RandomForest,7,2010
2010-02-21,2010,2,13.04,13.04,13.063019811157217,2010-02-28,RandomForest,7,2010
2010-02-22,2010,2,13.03,13.04,13.121586094078221,2010-03-01,RandomForest,7,2010
2010-02-23,2010,2,13.03,13.04,13.135600960890446,2010-03-02,RandomForest,7,2010
2010-02-24,2010,2,13.03,13.05,13.14554760426553,2010-03-03,RandomForest,7,2010
2010-02-25,2010,2,13.03,13.05,13.147340396967044,2010-03-04,RandomForest,7,2010
2010-02-26,2010,2,13.03,13.07,13.155286836470054,2010-03-05,RandomForest,7,2010
2010-02-27,2010,2,13.04,13.1,13.184991735252575,2010-03-06,RandomForest,7,2010
2010-02-28,2010,2,13.04,13.12,13.194388850619031,2010-03-07,RandomForest,7,2010
2010-03-01,2010,3,13.04,13.14,13.221470490137452,2010-03-08,RandomForest,7,2010
2010-03-02,2010,3,13.04,13.16,13.22529219292383,2010-03-09,RandomForest,7,2010
2010-03-03,2010,3,13.05,13.19,13.232869715364814,2010-03-10,RandomForest,7,2010
2010-03-04,2010,3,13.05,13.22,13.22095825869732,2010-03-11,RandomForest,7,2010
2010-03-05,2010,3,13.07,13.27,13.260831930849621,2010-03-12,RandomForest,7,2010
2010-03-06,2010,3,13.1,13.43,13.2921219665662,2010-03-13,RandomForest,7,2010
2010-03-07,2010,3,13.12,13.55,13.285280175919183,2010-03-14,RandomForest,7,2010
2010-03-08,2010,3,13.14,13.66,13.303739895296815,2010-03-15,RandomForest,7,2010
2010-03-09,2010,3,13.16,13.7,13.330790792891934,2010-03-16,RandomForest,7,2010
2010-03-10,2010,3,13.19,13.7,13.373680788767736,2010-03-17,RandomForest,7,2010
2010-03-11,2010,3,13.22,13.64,13.40502352200672,2010-03-18,RandomForest,7,2010
2010-03-12,2010,3,13.27,13.58,13.435740193850874,2010-03-19,RandomForest,7,2010
2010-03-13,2010,3,13.43,13.53,13.3873878374298,2010-03-20,RandomForest,7,2010
2010-03-14,2010,3,13.55,13.48,13.52768904475435,2010-03-21,RandomForest,7,2010
2010-03-15,2010,3,13.66,13.46,13.642590569557036,2010-03-22,RandomForest,7,2010
2010-03-16,2010,3,13.7,13.46,13.649323015449959,2010-03-23,RandomForest,7,2010
2010-03-17,2010,3,13.7,13.46,13.69297336580678,2010-03-24,RandomForest,7,2010
2010-03-18,2010,3,13.64,13.45,13.641320904076608,2010-03-25,RandomForest,7,2010
2010-03-19,2010,3,13.58,13.45,13.695528948792372,2010-03-26,RandomForest,7,2010
2010-03-20,2010,3,13.53,13.45,13.80155150280771,2010-03-27,RandomForest,7,2010
2010-03-21,2010,3,13.48,13.53,13.863482811231663,2010-03-28,RandomForest,7,2010
2010-03-22,2010,3,13.46,13.65,13.847213638907913,2010-03-29,RandomForest,7,2010
2010-03-23,2010,3,13.46,13.77,13.849365340469785,2010-03-30,RandomForest,7,2010
2010-03-24,2010,3,13.46,13.97,13.776043713027946,2010-03-31,RandomForest,7,2010
2010-03-25,2010,3,13.45,14.42,13.73555276979352,2010-04-01,RandomForest,7,2010
2010-03-26,2010,3,13.45,14.8,13.702940427819541,2010-04-02,RandomForest,7,2010
2010-03-27,2010,3,13.45,15.07,13.699453809286263,2010-04-03,RandomForest,7,2010
2010-03-28,2010,3,13.53,15.17,13.782244273419058,2010-04-04,RandomForest,7,2010
2010-03-29,2010,3,13.65,15.17,13.911325570559097,2010-04-05,RandomForest,7,2010
2010-03-30,2010,3,13.77,15.09,14.061903608685194,2010-04-06,RandomForest,7,2010
2010-03-31,2010,3,13.97,15.16,14.386469066397204,2010-04-07,RandomForest,7,2010
2010-04-01,2010,4,14.42,15.4,14.756881654238025,2010-04-08,RandomForest,7,2010
2010-04-02,2010,4,14.8,15.57,14.77534003951407,2010-04-09,RandomForest,7,2010
2010-04-03,2010,4,15.07,15.65,15.165376452906736,2010-04-10,RandomForest,7,2010
2010-04-04,2010,4,15.17,15.65,15.289678453961958,2010-04-11,RandomForest,7,2010
2010-04-05,2010,4,15.17,15.68,15.14735651224399,2010-04-12,RandomForest,7,2010
2010-04-06,2010,4,15.09,15.78,15.14366852015085,2010-04-13,RandomForest,7,2010
2010-04-07,2010,4,15.16,15.79,15.353325853945929,2010-04-14,RandomForest,7,2010
2010-04-08,2010,4,15.4,15.69,15.51560320345504,2010-04-15,RandomForest,7,2010
2010-04-09,2010,4,15.57,15.57,15.569679596921292,2010-04-16,RandomForest,7,2010
2010-04-10,2010,4,15.65,15.56,15.65975609559176,2010-04-17,RandomForest,7,2010
2010-04-11,2010,4,15.65,15.74,15.612673803404546,2010-04-18,RandomForest,7,2010
2010-04-12,2010,4,15.68,15.74,15.603471831637819,2010-04-19,RandomForest,7,2010
2010-04-13,2010,4,15.78,15.96,15.661795909182414,2010-04-20,RandomForest,7,2010
2010-04-14,2010,4,15.79,16.21,15.671862375481046,2010-04-21,RandomForest,7,2010
2010-04-15,2010,4,15.69,16.4,15.447969670337176,2010-04-22,RandomForest,7,2010
2010-04-16,2010,4,15.57,16.48,15.400004009657506,2010-04-23,RandomForest,7,2010
2010-04-17,2010,4,15.56,16.55,15.443761698379625,2010-04-24,RandomForest,7,2010
2010-04-18,2010,4,15.74,16.55,15.655513951380764,2010-04-25,RandomForest,7,2010
2010-04-19,2010,4,15.74,16.65,15.564873234090127,2010-04-26,RandomForest,7,2010
2010-04-20,2010,4,15.96,17.43,15.593518630080036,2010-04-27,RandomForest,7,2010
2010-04-21,2010,4,16.21,17.87,15.816275324588593,2010-04-28,RandomForest,7,2010
2010-04-22,2010,4,16.4,17.98,15.950696763217689,2010-04-29,RandomForest,7,2010
2010-04-23,2010,4,16.48,17.92,16.263083893592245,2010-04-30,RandomForest,7,2010
2010-04-24,2010,4,16.55,17.69,16.38769704286483,2010-05-01,RandomForest,7,2010
2010-04-25,2010,4,16.55,17.44,16.451509098603772,2010-05-02,RandomForest,7,2010
2010-04-26,2010,4,16.65,17.03,16.72947131120685,2010-05-03,RandomForest,7,2010
2010-04-27,2010,4,17.43,16.76,17.499073234375512,2010-05-04,RandomForest,7,2010
2010-04-28,2010,4,17.87,16.5,17.58305618486132,2010-05-05,RandomForest,7,2010
2010-04-29,2010,4,17.98,16.25,17.63542196889794,2010-05-06,RandomForest,7,2010
2010-04-30,2010,4,17.92,16.09,17.583930200710586,2010-05-07,RandomForest,7,2010
2010-05-01,2010,5,17.69,16.03,17.41019763618697,2010-05-08,RandomForest,7,2010
2010-05-02,2010,5,17.44,16.12,17.4375043634906,2010-05-09,RandomForest,7,2010
2010-05-03,2010,5,17.03,16.31,17.169884012121212,2010-05-10,RandomForest,7,2010
2010-05-04,2010,5,16.76,16.33,16.89996677355321,2010-05-11,RandomForest,7,2010
2010-05-05,2010,5,16.5,16.27,16.630455328317158,2010-05-12,RandomForest,7,2010
2010-05-06,2010,5,16.25,16.24,16.360870066412396,2010-05-13,RandomForest,7,2010
2010-05-07,2010,5,16.09,16.24,16.21316066165049,2010-05-14,RandomForest,7,2010
2010-05-08,2010,5,16.03,16.33,16.124585541994787,2010-05-15,RandomForest,7,2010
2010-05-09,2010,5,16.12,16.84,15.85993823982334,2010-05-16,RandomForest,7,2010
2010-05-10,2010,5,16.31,17.47,16.00924351469119,2010-05-17,RandomForest,7,2010
2010-05-11,2010,5,16.33,17.8,15.82116569615015,2010-05-18,RandomForest,7,2010
2010-05-12,2010,5,16.27,17.97,15.761646737175461,2010-05-19,RandomForest,7,2010
2010-05-13,2010,5,16.24,18.16,15.837398745657174,2010-05-20,RandomForest,7,2010
2010-05-14,2010,5,16.24,18.2,15.842164408517684,2010-05-21,RandomForest,7,2010
2010-05-15,2010,5,16.33,18.0,16.144670850353407,2010-05-22,RandomForest,7,2010
2010-05-16,2010,5,16.84,17.65,16.6565766904043,2010-05-23,RandomForest,7,2010
2010-05-17,2010,5,17.47,17.6,17.272638037388298,2010-05-24,RandomForest,7,2010
2010-05-18,2010,5,17.8,17.7,17.541297043114387,2010-05-25,RandomForest,7,2010
2010-05-19,2010,5,17.97,18.04,17.515098912087016,2010-05-26,RandomForest,7,2010
2010-05-20,2010,5,18.16,18.18,17.681513385399665,2010-05-27,RandomForest,7,2010
2010-05-21,2010,5,18.2,18.08,17.839648261357464,2010-05-28,RandomForest,7,2010
2010-05-22,2010,5,18.0,17.84,17.909640938672847,2010-05-29,RandomForest,7,2010
2010-05-23,2010,5,17.65,17.64,18.556718554120934,2010-05-30,RandomForest,7,2010
2010-05-24,2010,5,17.6,17.58,18.518103560592696,2010-05-31,RandomForest,7,2010
2010-05-25,2010,5,17.7,17.44,18.42725546793235,2010-06-01,RandomForest,7,2010
2010-05-26,2010,5,18.04,17.38,18.920746246807354,2010-06-02,RandomForest,7,2010
2010-05-27,2010,5,18.18,17.44,18.942492411938662,2010-06-03,RandomForest,7,2010
2010-05-28,2010,5,18.08,17.41,18.798089882261774,2010-06-04,RandomForest,7,2010
2010-05-29,2010,5,17.84,17.57,18.70282159717582,2010-06-05,RandomForest,7,2010
2010-05-30,2010,5,17.64,17.76,18.523969623804305,2010-06-06,RandomForest,7,2010
2010-05-31,2010,5,17.58,18.0,18.46707030126654,2010-06-07,RandomForest,7,2010
2010-06-01,2010,6,17.44,18.2,18.39714884446749,2010-06-08,RandomForest,7,2010
2010-06-02,2010,6,17.38,18.2,18.402422610149216,2010-06-09,RandomForest,7,2010
2010-06-03,2010,6,17.44,18.33,18.174282783702548,2010-06-10,RandomForest,7,2010
2010-06-04,2010,6,17.41,18.75,18.165168938556914,2010-06-11,RandomForest,7,2010
2010-06-05,2010,6,17.57,18.93,18.46729695015082,2010-06-12,RandomForest,7,2010
2010-06-06,2010,6,17.76,18.92,18.85857326908836,2010-06-13,RandomForest,7,2010
2010-06-07,2010,6,18.0,18.65,18.959067032667875,2010-06-14,RandomForest,7,2010
2010-06-08,2010,6,18.2,18.45,18.948673229721013,2010-06-15,RandomForest,7,2010
2010-06-09,2010,6,18.2,18.34,18.717491418973832,2010-06-16,RandomForest,7,2010
2010-06-10,2010,6,18.33,18.31,18.721341978614248,2010-06-17,RandomForest,7,2010
2010-06-11,2010,6,18.75,18.32,19.14544293972775,2010-06-18,RandomForest,7,2010
2010-06-12,2010,6,18.93,18.44,19.15829099448389,2010-06-19,RandomForest,7,2010
2010-06-13,2010,6,18.92,18.44,19.21730072216124,2010-06-20,RandomForest,7,2010
2010-06-14,2010,6,18.65,18.57,19.121462384611846,2010-06-21,RandomForest,7,2010
2010-06-15,2010,6,18.45,18.55,19.36566095502006,2010-06-22,RandomForest,7,2010
2010-06-16,2010,6,18.34,18.51,19.38458417315607,2010-06-23,RandomForest,7,2010
2010-06-17,2010,6,18.31,18.61,19.531314144681108,2010-06-24,RandomForest,7,2010
2010-06-18,2010,6,18.32,18.61,19.385099374919594,2010-06-25,RandomForest,7,2010
2010-06-19,2010,6,18.44,18.65,19.515181043496654,2010-06-26,RandomForest,7,2010
2010-06-20,2010,6,18.44,18.74,19.37567930766608,2010-06-27,RandomForest,7,2010
2010-06-21,2010,6,18.57,19.31,19.3807331824903,2010-06-28,RandomForest,7,2010
2010-06-22,2010,6,18.55,19.61,18.970933138225483,2010-06-29,RandomForest,7,2010
2010-06-23,2010,6,18.51,19.59,18.827106230319092,2010-06-30,RandomForest,7,2010
2010-06-24,2010,6,18.61,19.51,18.90126078362195,2010-07-01,RandomForest,7,2010
2010-06-25,2010,6,18.61,19.47,18.73659874617771,2010-07-02,RandomForest,7,2010
2010-06-26,2010,6,18.65,19.42,18.751092450509987,2010-07-03,RandomForest,7,2010
2010-06-27,2010,6,18.74,19.45,18.75952139887658,2010-07-04,RandomForest,7,2010
2010-06-28,2010,6,19.31,19.44,19.596525213933944,2010-07-05,RandomForest,7,2010
2010-06-29,2010,6,19.61,19.35,19.67242059143399,2010-07-06,RandomForest,7,2010
2010-06-30,2010,6,19.59,19.24,19.335837626381444,2010-07-07,RandomForest,7,2010
2010-07-01,2010,7,19.51,19.08,19.305421279318807,2010-07-08,RandomForest,7,2010
2010-07-02,2010,7,19.47,19.05,19.27392435873924,2010-07-09,RandomForest,7,2010
2010-07-03,2010,7,19.42,19.05,19.36708449757694,2010-07-10,RandomForest,7,2010
2010-07-04,2010,7,19.45,19.26,19.40072067779882,2010-07-11,RandomForest,7,2010
2010-07-05,2010,7,19.44,19.42,19.290792174712863,2010-07-12,RandomForest,7,2010
2010-07-06,2010,7,19.35,19.51,19.482737100901076,2010-07-13,RandomForest,7,2010
2010-07-07,2010,7,19.24,19.52,19.42693614928964,2010-07-14,RandomForest,7,2010
2010-07-08,2010,7,19.08,19.52,19.20106089541998,2010-07-15,RandomForest,7,2010
2010-07-09,2010,7,19.05,19.44,19.196073601733783,2010-07-16,RandomForest,7,2010
2010-07-10,2010,7,19.05,19.34,19.224821326937178,2010-07-17,RandomForest,7,2010
2010-07-11,2010,7,19.26,19.31,19.597386650525056,2010-07-18,RandomForest,7,2010
2010-07-12,2010,7,19.42,19.4,19.81506309032087,2010-07-19,RandomForest,7,2010
2010-07-13,2010,7,19.51,19.52,19.859358556141636,2010-07-20,RandomForest,7,2010
2010-07-14,2010,7,19.52,19.54,19.59598514538829,2010-07-21,RandomForest,7,2010
2010-07-15,2010,7,19.52,19.67,19.451962554275934,2010-07-22,RandomForest,7,2010
2010-07-16,2010,7,19.44,19.8,19.32867540509565,2010-07-23,RandomForest,7,2010
2010-07-17,2010,7,19.34,19.78,19.159499518340137,2010-07-24,RandomForest,7,2010
2010-07-18,2010,7,19.31,19.65,19.20703304256293,2010-07-25,RandomForest,7,2010
2010-07-19,2010,7,19.4,19.47,19.428304051590832,2010-07-26,RandomForest,7,2010
2010-07-20,2010,7,19.52,19.33,19.57863931673357,2010-07-27,RandomForest,7,2010
2010-07-21,2010,7,19.54,19.29,19.428811500013698,2010-07-28,RandomForest,7,2010
2010-07-22,2010,7,19.67,19.21,19.560804659220906,2010-07-29,RandomForest,7,2010
2010-07-23,2010,7,19.8,19.17,19.715555741027764,2010-07-30,RandomForest,7,2010
2010-07-24,2010,7,19.78,19.08,19.55108914910031,2010-07-31,RandomForest,7,2010
2010-07-25,2010,7,19.65,19.07,19.02520969682094,2010-08-01,RandomForest,7,2010
2010-07-26,2010,7,19.47,18.97,18.784201512132604,2010-08-02,RandomForest,7,2010
2010-07-27,2010,7,19.33,18.9,18.826623115980237,2010-08-03,RandomForest,7,2010
2010-07-28,2010,7,19.29,18.73,19.051605092530348,2010-08-04,RandomForest,7,2010
2010-07-29,2010,7,19.21,18.68,18.942468652836094,2010-08-05,RandomForest,7,2010
2010-07-30,2010,7,19.17,18.653,18.943282972295382,2010-08-06,RandomForest,7,2010
2010-07-31,2010,7,19.08,18.62,18.926495909989093,2010-08-07,RandomForest,7,2010
2010-08-01,2010,8,19.07,18.57,18.908257576985154,2010-08-08,RandomForest,7,2010
2010-08-02,2010,8,18.97,18.54,18.682791172363775,2010-08-09,RandomForest,7,2010
2010-08-03,2010,8,18.9,18.47,18.611322469378862,2010-08-10,RandomForest,7,2010
2010-08-04,2010,8,18.73,18.38,18.412934224107474,2010-08-11,RandomForest,7,2010
2010-08-05,2010,8,18.68,18.34,18.416709360281825,2010-08-12,RandomForest,7,2010
2010-08-06,2010,8,18.653,18.28,18.416884700298528,2010-08-13,RandomForest,7,2010
2010-08-07,2010,8,18.62,18.25,18.385138318229313,2010-08-14,RandomForest,7,2010
2010-08-08,2010,8,18.57,18.18,18.365028175198734,2010-08-15,RandomForest,7,2010
2010-08-09,2010,8,18.54,18.15,18.389008621361295,2010-08-16,RandomForest,7,2010
2010-08-10,2010,8,18.47,18.14,18.38928706861339,2010-08-17,RandomForest,7,2010
2010-08-11,2010,8,18.38,18.37,18.16978715215168,2010-08-18,RandomForest,7,2010
2010-08-12,2010,8,18.34,18.5,18.25217399941566,2010-08-19,RandomForest,7,2010
2010-08-13,2010,8,18.28,18.75,18.176477516954524,2010-08-20,RandomForest,7,2010
2010-08-14,2010,8,18.25,18.79,18.103790093669105,2010-08-21,RandomForest,7,2010
2010-08-15,2010,8,18.18,18.89,17.8878527194517,2010-08-22,RandomForest,7,2010
2010-08-16,2010,8,18.15,19.05,17.806548551743106,2010-08-23,RandomForest,7,2010
2010-08-17,2010,8,18.14,19.22,17.81799307672864,2010-08-24,RandomForest,7,2010
2010-08-18,2010,8,18.37,19.37,19.16910500078843,2010-08-25,RandomForest,7,2010
2010-08-19,2010,8,18.5,19.38,19.050994080330074,2010-08-26,RandomForest,7,2010
2010-08-20,2010,8,18.75,19.35,19.274258986375685,2010-08-27,RandomForest,7,2010
2010-08-21,2010,8,18.79,19.39,18.8882241833307,2010-08-28,RandomForest,7,2010
2010-08-22,2010,8,18.89,19.52,18.90308260168685,2010-08-29,RandomForest,7,2010
2010-08-23,2010,8,19.05,19.53,19.082159722836874,2010-08-30,RandomForest,7,2010
2010-08-24,2010,8,19.22,19.53,19.173345013205292,2010-08-31,RandomForest,7,2010
2010-08-25,2010,8,19.37,19.42,19.272943925436362,2010-09-01,RandomForest,7,2010
2010-08-26,2010,8,19.38,19.33,19.209550326929882,2010-09-02,RandomForest,7,2010
2010-08-27,2010,8,19.35,19.29,19.14488064426899,2010-09-03,RandomForest,7,2010
2010-08-28,2010,8,19.39,19.2,19.30259227115468,2010-09-04,RandomForest,7,2010
2010-08-29,2010,8,19.52,19.19,19.604311938343276,2010-09-05,RandomForest,7,2010
2010-08-30,2010,8,19.53,19.19,19.348284410161536,2010-09-06,RandomForest,7,2010
2010-08-31,2010,8,19.53,19.2,19.1927966846058,2010-09-07,RandomForest,7,2010
2010-09-01,2010,9,19.42,19.12,18.862290750435875,2010-09-08,RandomForest,7,2010
2010-09-02,2010,9,19.33,19.09,18.821433359052826,2010-09-09,RandomForest,7,2010
2010-09-03,2010,9,19.29,19.17,19.017181259679255,2010-09-10,RandomForest,7,2010
2010-09-04,2010,9,19.2,19.35,18.743154888876223,2010-09-11,RandomForest,7,2010
2010-09-05,2010,9,19.19,19.61,18.91718231059428,2010-09-12,RandomForest,7,2010
2010-09-06,2010,9,19.19,19.77,18.829509039235973,2010-09-13,RandomForest,7,2010
2010-09-07,2010,9,19.2,19.78,18.74366114077699,2010-09-14,RandomForest,7,2010
2010-09-08,2010,9,19.12,19.78,18.68783511586611,2010-09-15,RandomForest,7,2010
2010-09-09,2010,9,19.09,19.78,18.661248976275687,2010-09-16,RandomForest,7,2010
2010-09-10,2010,9,19.17,19.71,19.022810739459345,2010-09-17,RandomForest,7,2010
2010-09-11,2010,9,19.35,19.55,19.33613668390097,2010-09-18,RandomForest,7,2010
2010-09-12,2010,9,19.61,19.41,19.532407803371854,2010-09-19,RandomForest,7,2010
2010-09-13,2010,9,19.77,19.3,19.37348605473226,2010-09-20,RandomForest,7,2010
2010-09-14,2010,9,19.78,19.27,18.910582149184762,2010-09-21,RandomForest,7,2010
2010-09-15,2010,9,19.78,19.25,18.82942618257896,2010-09-22,RandomForest,7,2010
2010-09-16,2010,9,19.78,19.23,18.67614070766535,2010-09-23,RandomForest,7,2010
2010-09-17,2010,9,19.71,19.18,18.71876719044294,2010-09-24,RandomForest,7,2010
2010-09-18,2010,9,19.55,19.09,18.300781708208287,2010-09-25,RandomForest,7,2010
2010-09-19,2010,9,19.41,19.0,18.244378564656184,2010-09-26,RandomForest,7,2010
2010-09-20,2010,9,19.3,18.87,18.288672172297808,2010-09-27,RandomForest,7,2010
2010-09-21,2010,9,19.27,18.75,18.701558953387398,2010-09-28,RandomForest,7,2010
2010-09-22,2010,9,19.25,18.66,18.67278063885106,2010-09-29,RandomForest,7,2010
2010-09-23,2010,9,19.23,18.61,18.689569879922487,2010-09-30,RandomForest,7,2010
2010-11-08,2010,11,15.78,15.4,15.357322337329698,2010-11-15,RandomForest,7,2010
2010-11-09,2010,11,15.74,15.33,15.386129138282278,2010-11-16,RandomForest,7,2010
2010-11-10,2010,11,15.68,15.29,15.3333395659011,2010-11-17,RandomForest,7,2010
2010-11-11,2010,11,15.6,15.26,15.269032476064618,2010-11-18,RandomForest,7,2010
2010-11-12,2010,11,15.55,15.23,15.261685407479062,2010-11-19,RandomForest,7,2010
2010-11-13,2010,11,15.5,15.2,15.21125979761534,2010-11-20,RandomForest,7,2010
2010-11-14,2010,11,15.45,15.17,15.16448553696371,2010-11-21,RandomForest,7,2010
2010-11-15,2010,11,15.4,15.14,15.0511054087863,2010-11-22,RandomForest,7,2010
2010-11-16,2010,11,15.33,15.12,14.967172631248186,2010-11-23,RandomForest,7,2010
2010-11-17,2010,11,15.29,15.08,14.936664656737742,2010-11-24,RandomForest,7,2010
2010-11-18,2010,11,15.26,15.05,14.914268008557409,2010-11-25,RandomForest,7,2010
2010-11-19,2010,11,15.23,15.07,14.901227100235568,2010-11-26,RandomForest,7,2010
2010-11-20,2010,11,15.2,15.09,14.87215373956062,2010-11-27,RandomForest,7,2010
2010-11-21,2010,11,15.17,15.11,14.836378501465383,2010-11-28,RandomForest,7,2010
2010-11-22,2010,11,15.14,15.11,14.805684008486589,2010-11-29,RandomForest,7,2010
2010-11-23,2010,11,15.12,15.06,14.772913611962455,2010-11-30,RandomForest,7,2010
2010-11-24,2010,11,15.08,15.01,14.743664598393757,2010-12-01,RandomForest,7,2010
2010-11-25,2010,11,15.05,14.93,14.69957058138316,2010-12-02,RandomForest,7,2010
2010-11-26,2010,11,15.07,14.897,14.68889528095095,2010-12-03,RandomForest,7,2010
2010-11-27,2010,11,15.09,14.86,14.692290279249326,2010-12-04,RandomForest,7,2010
2010-11-28,2010,11,15.11,14.82,14.699185907303177,2010-12-05,RandomForest,7,2010
2010-11-29,2010,11,15.11,14.8,14.700603106834127,2010-12-06,RandomForest,7,2010
2010-11-30,2010,11,15.06,14.79,14.697064007303627,2010-12-07,RandomForest,7,2010
2010-12-01,2010,12,15.01,14.77,14.649317319720856,2010-12-08,RandomForest,7,2010
2010-12-02,2010,12,14.93,14.74,14.568392672682192,2010-12-09,RandomForest,7,2010
2010-12-03,2010,12,14.897,14.7,14.544376980527113,2010-12-10,RandomForest,7,2010
2010-12-04,2010,12,14.86,14.66,14.513918399060154,2010-12-11,RandomForest,7,2010
2010-12-05,2010,12,14.82,14.61,14.485127181926394,2010-12-12,RandomForest,7,2010
2010-12-06,2010,12,14.8,14.57,14.479398887036465,2010-12-13,RandomForest,7,2010
2010-12-07,2010,12,14.79,14.53,14.506664423843475,2010-12-14,RandomForest,7,2010
2010-12-08,2010,12,14.77,14.5,14.583705009165541,2010-12-15,RandomForest,7,2010
2010-12-09,2010,12,14.74,14.47,14.564651203724408,2010-12-16,RandomForest,7,2010
2010-12-10,2010,12,14.7,14.45,14.512955596521879,2010-12-17,RandomForest,7,2010
2010-12-11,2010,12,14.66,14.43,14.49346923339842,2010-12-18,RandomForest,7,2010
2010-12-12,2010,12,14.61,14.41,14.457108434957043,2010-12-19,RandomForest,7,2010
2010-12-13,2010,12,14.57,14.38,14.413655785898609,2010-12-20,RandomForest,7,2010
2010-12-14,2010,12,14.53,14.36,14.352480684911386,2010-12-21,RandomForest,7,2010
2010-12-15,2010,12,14.5,14.34,14.323371739028586,2010-12-22,RandomForest,7,2010
2010-12-16,2010,12,14.47,14.33,14.29565144813919,2010-12-23,RandomForest,7,2010
2010-12-17,2010,12,14.45,14.28,14.287304283451544,2010-12-24,RandomForest,7,2010
2010-12-18,2010,12,14.43,14.27,14.273236807554163,2010-12-25,RandomForest,7,2010
2010-12-19,2010,12,14.41,14.26,14.257317963640014,2010-12-26,RandomForest,7,2010
2010-12-20,2010,12,14.38,14.24,14.22789842292851,2010-12-27,RandomForest,7,2010
2010-12-21,2010,12,14.36,14.21,14.210144985299578,2010-12-28,RandomForest,7,2010
2010-12-22,2010,12,14.34,14.17,14.191605593550289,2010-12-29,RandomForest,7,2010
2010-12-23,2010,12,14.33,14.14,14.18280468416474,2010-12-30,RandomForest,7,2010
2010-12-24,2010,12,14.28,14.1,14.125253474151274,2010-12-31,RandomForest,7,2010
2010-12-25,2010,12,14.27,14.08,14.119863578546326,2011-01-01,RandomForest,7,2010
2010-12-26,2010,12,14.26,14.06,14.114332173841136,2011-01-02,RandomForest,7,2010
2010-12-27,2010,12,14.24,14.04,14.096778148626196,2011-01-03,RandomForest,7,2010
2010-12-28,2010,12,14.21,14.03,14.064650081230967,2011-01-04,RandomForest,7,2010
2010-12-29,2010,12,14.17,13.99,14.015524144049618,2011-01-05,RandomForest,7,2010
2010-12-30,2010,12,14.14,13.96,13.986000234965509,2011-01-06,RandomForest,7,2010
2010-12-31,2010,12,14.1,13.94,13.917093908238723,2011-01-07,RandomForest,7,2010
2011-01-01,2011,1,14.08,13.92,13.891868772670641,2011-01-08,RandomForest,7,2011
2011-01-02,2011,1,14.06,13.9,13.889962149380413,2011-01-09,RandomForest,7,2011
2011-01-03,2011,1,14.04,13.88,13.88315868055039,2011-01-10,RandomForest,7,2011
2011-01-04,2011,1,14.03,13.863,13.903641883159258,2011-01-11,RandomForest,7,2011
2011-01-05,2011,1,13.99,13.84,13.862068799651881,2011-01-12,RandomForest,7,2011
2011-01-06,2011,1,13.96,13.82,13.830142156846483,2011-01-13,RandomForest,7,2011
2011-01-07,2011,1,13.94,13.798,13.813195800335183,2011-01-14,RandomForest,7,2011
2011-01-08,2011,1,13.92,13.77,13.803037437158155,2011-01-15,RandomForest,7,2011
2011-01-09,2011,1,13.9,13.75,13.784579643257393,2011-01-16,RandomForest,7,2011
2011-01-10,2011,1,13.88,13.73,13.765561887144758,2011-01-17,RandomForest,7,2011
2011-01-11,2011,1,13.863,13.71,13.74862611689109,2011-01-18,RandomForest,7,2011
2011-01-12,2011,1,13.84,13.69,13.72672956095989,2011-01-19,RandomForest,7,2011
2011-01-13,2011,1,13.82,13.68,13.710228277134346,2011-01-20,RandomForest,7,2011
2011-01-14,2011,1,13.798,13.67,13.691536510453641,2011-01-21,RandomForest,7,2011
2011-01-15,2011,1,13.77,13.65,13.665084723287078,2011-01-22,RandomForest,7,2011
2011-01-16,2011,1,13.75,13.63,13.654220653590231,2011-01-23,RandomForest,7,2011
2011-01-17,2011,1,13.73,13.63,13.641413162772889,2011-01-24,RandomForest,7,2011
2011-01-18,2011,1,13.71,13.63,13.62527018832481,2011-01-25,RandomForest,7,2011
2011-01-19,2011,1,13.69,13.61,13.611142494341195,2011-01-26,RandomForest,7,2011
2011-01-20,2011,1,13.68,13.59,13.606508524018292,2011-01-27,RandomForest,7,2011
2011-01-21,2011,1,13.67,13.56,13.600858021997864,2011-01-28,RandomForest,7,2011
2011-01-22,2011,1,13.65,13.54,13.590200793028002,2011-01-29,RandomForest,7,2011
2011-01-23,2011,1,13.63,13.52,13.57332470941237,2011-01-30,RandomForest,7,2011
2011-01-24,2011,1,13.63,13.5,13.572572116355728,2011-01-31,RandomForest,7,2011
2011-01-25,2011,1,13.63,13.48,13.578971447661347,2011-02-01,RandomForest,7,2011
2011-01-26,2011,1,13.61,13.46,13.546524227259425,2011-02-02,RandomForest,7,2011
2011-01-27,2011,1,13.59,13.44,13.52229806867397,2011-02-03,RandomForest,7,2011
2011-01-28,2011,1,13.56,13.43,13.515065508105884,2011-02-04,RandomForest,7,2011
2011-01-29,2011,1,13.54,13.42,13.50938850482181,2011-02-05,RandomForest,7,2011
2011-01-30,2011,1,13.52,13.4,13.506117107357563,2011-02-06,RandomForest,7,2011
2011-01-31,2011,1,13.5,13.39,13.492008290153262,2011-02-07,RandomForest,7,2011
2011-02-01,2011,2,13.48,13.37,13.479140580781888,2011-02-08,RandomForest,7,2011
2011-02-02,2011,2,13.46,13.36,13.448349641500263,2011-02-09,RandomForest,7,2011
2011-02-03,2011,2,13.44,13.35,13.412696212963642,2011-02-10,RandomForest,7,2011
2011-02-04,2011,2,13.43,13.33,13.37297112449836,2011-02-11,RandomForest,7,2011
2011-02-05,2011,2,13.42,13.32,13.349815307030132,2011-02-12,RandomForest,7,2011
2011-02-06,2011,2,13.4,13.31,13.326956535071506,2011-02-13,RandomForest,7,2011
2011-02-07,2011,2,13.39,13.3,13.31398653134421,2011-02-14,RandomForest,7,2011
2011-02-08,2011,2,13.37,13.3,13.29257147288415,2011-02-15,RandomForest,7,2011
2011-02-09,2011,2,13.36,13.3,13.287531662139338,2011-02-16,RandomForest,7,2011
2011-02-10,2011,2,13.35,13.32,13.262598781779557,2011-02-17,RandomForest,7,2011
2011-02-11,2011,2,13.33,13.33,13.237712602965857,2011-02-18,RandomForest,7,2011
2011-02-12,2011,2,13.32,13.34,13.23345532190188,2011-02-19,RandomForest,7,2011
2011-02-13,2011,2,13.31,13.35,13.231426247473657,2011-02-20,RandomForest,7,2011
2011-02-14,2011,2,13.3,13.34,13.229352650739312,2011-02-21,RandomForest,7,2011
2011-02-15,2011,2,13.3,13.33,13.229351414867532,2011-02-22,RandomForest,7,2011
2011-02-16,2011,2,13.3,13.32,13.248208926203654,2011-02-23,RandomForest,7,2011
2011-02-17,2011,2,13.32,13.31,13.252641464558153,2011-02-24,RandomForest,7,2011
2011-02-18,2011,2,13.33,13.36,13.263007100699788,2011-02-25,RandomForest,7,2011
2011-02-19,2011,2,13.34,13.47,13.28308391588077,2011-02-26,RandomForest,7,2011
2011-02-20,2011,2,13.35,13.56,13.2984978524588,2011-02-27,RandomForest,7,2011
2011-02-21,2011,2,13.34,13.58,13.298042334068125,2011-02-28,RandomForest,7,2011
2011-02-22,2011,2,13.33,13.56,13.329446434377235,2011-03-01,RandomForest,7,2011
2011-02-23,2011,2,13.32,13.51,13.358298721232895,2011-03-02,RandomForest,7,2011
2011-02-24,2011,2,13.31,13.44,13.367332255864238,2011-03-03,RandomForest,7,2011
2011-02-25,2011,2,13.36,13.39,13.563279714484553,2011-03-04,RandomForest,7,2011
2011-02-26,2011,2,13.47,13.34,13.586655170764566,2011-03-05,RandomForest,7,2011
2011-02-27,2011,2,13.56,13.3,13.666541476680871,2011-03-06,RandomForest,7,2011
2011-02-28,2011,2,13.58,13.28,13.63463061390851,2011-03-07,RandomForest,7,2011
2011-03-01,2011,3,13.56,13.26,13.5355678796546,2011-03-08,RandomForest,7,2011
2011-03-02,2011,3,13.51,13.24,13.476030263592365,2011-03-09,RandomForest,7,2011
2011-03-03,2011,3,13.44,13.22,13.428806167460495,2011-03-10,RandomForest,7,2011
2011-03-04,2011,3,13.39,13.21,13.407462575553241,2011-03-11,RandomForest,7,2011
2011-03-05,2011,3,13.34,13.21,13.380377452522401,2011-03-12,RandomForest,7,2011
2011-03-06,2011,3,13.3,13.22,13.362598242162717,2011-03-13,RandomForest,7,2011
2011-03-07,2011,3,13.28,13.24,13.364030587861992,2011-03-14,RandomForest,7,2011
2011-03-08,2011,3,13.26,13.27,13.36006100469026,2011-03-15,RandomForest,7,2011
2011-03-09,2011,3,13.24,13.32,13.355209285392016,2011-03-16,RandomForest,7,2011
2011-03-10,2011,3,13.22,13.34,13.34029536090689,2011-03-17,RandomForest,7,2011
2011-03-11,2011,3,13.21,13.42,13.328964727173533,2011-03-18,RandomForest,7,2011
2011-03-12,2011,3,13.21,13.56,13.375405980199835,2011-03-19,RandomForest,7,2011
2011-03-13,2011,3,13.22,13.76,13.45887294295907,2011-03-20,RandomForest,7,2011
2011-03-14,2011,3,13.24,13.84,13.60521445243959,2011-03-21,RandomForest,7,2011
2011-03-15,2011,3,13.27,13.87,13.639226000792108,2011-03-22,RandomForest,7,2011
2011-03-16,2011,3,13.32,13.87,13.62222778507072,2011-03-23,RandomForest,7,2011
2011-03-17,2011,3,13.34,13.85,13.658785386570097,2011-03-24,RandomForest,7,2011
2011-03-18,2011,3,13.42,13.81,13.66818233333228,2011-03-25,RandomForest,7,2011
2011-03-19,2011,3,13.56,13.81,13.599803594639429,2011-03-26,RandomForest,7,2011
2011-03-20,2011,3,13.76,14.19,13.887951850768047,2011-03-27,RandomForest,7,2011
2011-03-21,2011,3,13.84,14.83,13.964034088383427,2011-03-28,RandomForest,7,2011
2011-03-22,2011,3,13.87,14.99,14.032950178319046,2011-03-29,RandomForest,7,2011
2011-03-23,2011,3,13.87,14.99,14.096801413965887,2011-03-30,RandomForest,7,2011
2011-03-24,2011,3,13.85,14.98,14.127704157258208,2011-03-31,RandomForest,7,2011
2011-03-25,2011,3,13.81,14.96,14.114287305044652,2011-04-01,RandomForest,7,2011
2011-03-26,2011,3,13.81,14.96,14.217672743345501,2011-04-02,RandomForest,7,2011
2011-03-27,2011,3,14.19,14.92,14.817526367730261,2011-04-03,RandomForest,7,2011
2011-03-28,2011,3,14.83,14.83,15.32212403296553,2011-04-04,RandomForest,7,2011
2011-03-29,2011,3,14.99,14.72,15.409870243710898,2011-04-05,RandomForest,7,2011
2011-03-30,2011,3,14.99,14.62,15.421053580839935,2011-04-06,RandomForest,7,2011
2011-03-31,2011,3,14.98,14.56,15.485400181273283,2011-04-07,RandomForest,7,2011
2011-04-01,2011,4,14.96,14.51,15.41246892296192,2011-04-08,RandomForest,7,2011
2011-04-02,2011,4,14.96,14.5,15.295855007900833,2011-04-09,RandomForest,7,2011
2011-04-03,2011,4,14.92,14.5,15.279420574481296,2011-04-10,RandomForest,7,2011
2011-04-04,2011,4,14.83,14.48,15.116360474474467,2011-04-11,RandomForest,7,2011
2011-04-05,2011,4,14.72,14.45,15.035608676637725,2011-04-12,RandomForest,7,2011
2011-04-06,2011,4,14.62,14.41,14.923923206342533,2011-04-13,RandomForest,7,2011
2011-04-07,2011,4,14.56,14.43,14.932836311918466,2011-04-14,RandomForest,7,2011
2011-04-08,2011,4,14.51,14.43,14.848480210733424,2011-04-15,RandomForest,7,2011
2011-04-09,2011,4,14.5,14.42,14.925324570582976,2011-04-16,RandomForest,7,2011
2011-04-10,2011,4,14.5,14.47,14.96530332318867,2011-04-17,RandomForest,7,2011
2011-04-11,2011,4,14.48,14.52,14.885791579841865,2011-04-18,RandomForest,7,2011
2011-04-12,2011,4,14.45,14.53,14.76685579310691,2011-04-19,RandomForest,7,2011
2011-04-13,2011,4,14.41,14.53,14.762460539874587,2011-04-20,RandomForest,7,2011
2011-04-14,2011,4,14.43,14.49,14.872665241349685,2011-04-21,RandomForest,7,2011
2011-04-15,2011,4,14.43,14.52,14.857557033129911,2011-04-22,RandomForest,7,2011
2011-04-16,2011,4,14.42,14.63,14.82894378029989,2011-04-23,RandomForest,7,2011
2011-04-17,2011,4,14.47,14.66,14.889540475767241,2011-04-24,RandomForest,7,2011
2011-04-18,2011,4,14.52,14.645,14.918212599475947,2011-04-25,RandomForest,7,2011
2011-04-19,2011,4,14.53,14.71,14.899143835944798,2011-04-26,RandomForest,7,2011
2011-04-20,2011,4,14.53,14.95,14.897354313460589,2011-04-27,RandomForest,7,2011
2011-04-21,2011,4,14.49,15.28,14.876205758193983,2011-04-28,RandomForest,7,2011
2011-04-22,2011,4,14.52,15.41,14.93007925737932,2011-04-29,RandomForest,7,2011
2011-04-23,2011,4,14.63,15.41,15.063059075665036,2011-04-30,RandomForest,7,2011
2011-04-24,2011,4,14.66,15.34,15.016906761839218,2011-05-01,RandomForest,7,2011
2011-04-25,2011,4,14.645,15.3,14.986785993082552,2011-05-02,RandomForest,7,2011
2011-04-26,2011,4,14.71,15.2,15.083715899509302,2011-05-03,RandomForest,7,2011
2011-04-27,2011,4,14.95,15.15,15.479412907909513,2011-05-04,RandomForest,7,2011
2011-04-28,2011,4,15.28,15.07,15.71074655507229,2011-05-05,RandomForest,7,2011
2011-04-29,2011,4,15.41,15.02,15.69960473499833,2011-05-06,RandomForest,7,2011
2011-04-30,2011,4,15.41,15.16,15.704501442227528,2011-05-07,RandomForest,7,2011
2011-05-01,2011,5,15.34,15.26,15.714593878464449,2011-05-08,RandomForest,7,2011
2011-05-02,2011,5,15.3,15.37,15.693057340379895,2011-05-09,RandomForest,7,2011
2011-05-03,2011,5,15.2,15.48,15.5503065807658,2011-05-10,RandomForest,7,2011
2011-05-04,2011,5,15.15,15.59,15.539790844485324,2011-05-11,RandomForest,7,2011
2011-05-05,2011,5,15.07,15.63,15.431127029656283,2011-05-12,RandomForest,7,2011
2011-05-06,2011,5,15.02,15.33,15.445422754379004,2011-05-13,RandomForest,7,2011
2011-05-07,2011,5,15.16,15.31,15.640020232321705,2011-05-14,RandomForest,7,2011
2011-05-08,2011,5,15.26,15.24,15.627932226553398,2011-05-15,RandomForest,7,2011
2011-05-09,2011,5,15.37,15.36,15.762955453536735,2011-05-16,RandomForest,7,2011
2011-05-10,2011,5,15.48,15.36,15.755922657840749,2011-05-17,RandomForest,7,2011
2011-05-11,2011,5,15.59,15.34,15.83126973920171,2011-05-18,RandomForest,7,2011
2011-05-12,2011,5,15.63,15.35,15.801261538065466,2011-05-19,RandomForest,7,2011
2011-05-13,2011,5,15.33,15.35,15.482953591086986,2011-05-20,RandomForest,7,2011
2011-05-14,2011,5,15.31,15.37,15.571284603146099,2011-05-21,RandomForest,7,2011
2011-05-15,2011,5,15.24,15.36,15.585433641798073,2011-05-22,RandomForest,7,2011
2011-05-16,2011,5,15.36,15.39,15.741392497421433,2011-05-23,RandomForest,7,2011
2011-05-17,2011,5,15.36,15.5,15.734417651191057,2011-05-24,RandomForest,7,2011
2011-05-18,2011,5,15.34,15.62,15.787322567184248,2011-05-25,RandomForest,7,2011
2011-05-19,2011,5,15.35,15.73,15.92440601234197,2011-05-26,RandomForest,7,2011
2011-05-20,2011,5,15.35,15.74,15.994906144061224,2011-05-27,RandomForest,7,2011
2011-05-21,2011,5,15.37,15.81,16.065723621592788,2011-05-28,RandomForest,7,2011
2011-05-22,2011,5,15.36,15.92,16.049670197998683,2011-05-29,RandomForest,7,2011
2011-05-23,2011,5,15.39,16.28,16.045344305072934,2011-05-30,RandomForest,7,2011
2011-05-24,2011,5,15.5,16.4,16.153867876994827,2011-05-31,RandomForest,7,2011
2011-05-25,2011,5,15.62,16.35,16.244444972489706,2011-06-01,RandomForest,7,2011
2011-05-26,2011,5,15.73,16.26,16.31724584417703,2011-06-02,RandomForest,7,2011
2011-05-27,2011,5,15.74,16.22,16.33853592381869,2011-06-03,RandomForest,7,2011
2011-05-28,2011,5,15.81,16.3,16.429981283524896,2011-06-04,RandomForest,7,2011
2011-05-29,2011,5,15.92,16.49,16.40206559330503,2011-06-05,RandomForest,7,2011
2011-05-30,2011,5,16.28,16.77,16.95728508676499,2011-06-06,RandomForest,7,2011
2011-05-31,2011,5,16.4,17.21,17.00639192230089,2011-06-07,RandomForest,7,2011
2011-06-01,2011,6,16.35,17.49,16.977308072327798,2011-06-08,RandomForest,7,2011
2011-06-02,2011,6,16.26,17.59,16.681506578943488,2011-06-09,RandomForest,7,2011
2011-06-03,2011,6,16.22,17.6,16.794965731389286,2011-06-10,RandomForest,7,2011
2011-06-04,2011,6,16.3,17.6,16.95908744428799,2011-06-11,RandomForest,7,2011
2011-06-05,2011,6,16.49,17.56,17.28228616692144,2011-06-12,RandomForest,7,2011
2011-06-06,2011,6,16.77,17.39,17.611157808433738,2011-06-13,RandomForest,7,2011
2011-06-07,2011,6,17.21,17.26,17.73657196015985,2011-06-14,RandomForest,7,2011
2011-06-08,2011,6,17.49,17.16,17.635134354614905,2011-06-15,RandomForest,7,2011
2011-06-09,2011,6,17.59,17.03,17.674075284099622,2011-06-16,RandomForest,7,2011
2011-06-10,2011,6,17.6,17.05,17.822740540394683,2011-06-17,RandomForest,7,2011
2011-06-11,2011,6,17.6,17.17,17.953783769238267,2011-06-18,RandomForest,7,2011
2011-06-12,2011,6,17.56,17.2,18.15158391338014,2011-06-19,RandomForest,7,2011
2011-06-13,2011,6,17.39,17.203,18.12038840786149,2011-06-20,RandomForest,7,2011
2011-06-14,2011,6,17.26,17.19,18.216792378265517,2011-06-21,RandomForest,7,2011
2011-06-15,2011,6,17.16,17.23,18.18773735081801,2011-06-22,RandomForest,7,2011
2011-06-16,2011,6,17.03,17.33,17.984630533866273,2011-06-23,RandomForest,7,2011
2011-06-17,2011,6,17.05,17.44,17.99592235670377,2011-06-24,RandomForest,7,2011
2011-06-18,2011,6,17.17,17.46,18.138438839248238,2011-06-25,RandomForest,7,2011
2011-06-19,2011,6,17.2,17.6,18.13714207014517,2011-06-26,RandomForest,7,2011
2011-06-20,2011,6,17.203,17.75,18.034291978815805,2011-06-27,RandomForest,7,2011
2011-06-21,2011,6,17.19,17.91,18.049493659879193,2011-06-28,RandomForest,7,2011
2011-06-22,2011,6,17.23,17.93,17.919092675999348,2011-06-29,RandomForest,7,2011
2011-06-23,2011,6,17.33,17.96,18.01547708352331,2011-06-30,RandomForest,7,2011
2011-06-24,2011,6,17.44,18.08,18.19950967949376,2011-07-01,RandomForest,7,2011
2011-06-25,2011,6,17.46,18.29,18.20179426437046,2011-07-02,RandomForest,7,2011
2011-06-26,2011,6,17.6,18.47,18.557802968385896,2011-07-03,RandomForest,7,2011
2011-06-27,2011,6,17.75,18.41,18.73656428552021,2011-07-04,RandomForest,7,2011
2011-06-28,2011,6,17.91,18.43,18.775216960527903,2011-07-05,RandomForest,7,2011
2011-06-29,2011,6,17.93,18.6,18.578305690895693,2011-07-06,RandomForest,7,2011
2011-06-30,2011,6,17.96,18.84,18.457260310601388,2011-07-07,RandomForest,7,2011
2011-07-01,2011,7,18.08,18.92,18.61406473051654,2011-07-08,RandomForest,7,2011
2011-07-02,2011,7,18.29,18.99,18.870901690748298,2011-07-09,RandomForest,7,2011
2011-07-03,2011,7,18.47,19.08,18.995343908486152,2011-07-10,RandomForest,7,2011
2011-07-04,2011,7,18.41,19.13,18.611411509149924,2011-07-11,RandomForest,7,2011
2011-07-05,2011,7,18.43,19.17,18.563897786418455,2011-07-12,RandomForest,7,2011
2011-07-06,2011,7,18.6,19.24,18.84499516015047,2011-07-13,RandomForest,7,2011
2011-07-07,2011,7,18.84,19.24,19.02790770729305,2011-07-14,RandomForest,7,2011
2011-07-08,2011,7,18.92,19.28,19.017471174411845,2011-07-15,RandomForest,7,2011
2011-07-09,2011,7,18.99,19.34,19.03857371695061,2011-07-16,RandomForest,7,2011
2011-07-10,2011,7,19.08,19.4,19.130664716449896,2011-07-17,RandomForest,7,2011
2011-07-11,2011,7,19.13,19.43,19.080443759297324,2011-07-18,RandomForest,7,2011
2011-07-12,2011,7,19.17,19.48,19.100012619941918,2011-07-19,RandomForest,7,2011
2011-07-13,2011,7,19.24,19.51,19.320008272619805,2011-07-20,RandomForest,7,2011
2011-07-14,2011,7,19.24,19.57,19.307531008100018,2011-07-21,RandomForest,7,2011
2011-07-15,2011,7,19.28,19.63,19.406461507985593,2011-07-22,RandomForest,7,2011
2011-07-16,2011,7,19.34,19.64,19.50613229687802,2011-07-23,RandomForest,7,2011
2011-07-17,2011,7,19.4,19.64,19.494916100387833,2011-07-24,RandomForest,7,2011
2011-07-18,2011,7,19.43,19.65,19.46664811026378,2011-07-25,RandomForest,7,2011
2011-07-19,2011,7,19.48,19.52,19.47567654681791,2011-07-26,RandomForest,7,2011
2011-07-20,2011,7,19.51,19.41,19.438514452255273,2011-07-27,RandomForest,7,2011
2011-07-21,2011,7,19.57,19.35,19.454125908638453,2011-07-28,RandomForest,7,2011
2011-07-22,2011,7,19.63,19.22,19.41928413442611,2011-07-29,RandomForest,7,2011
2011-07-23,2011,7,19.64,19.24,19.351045729453187,2011-07-30,RandomForest,7,2011
2011-07-24,2011,7,19.64,19.25,19.382404040035283,2011-07-31,RandomForest,7,2011
2011-09-08,2011,9,17.13,17.24,17.5203980485614,2011-09-15,RandomForest,7,2011
2011-09-09,2011,9,17.1,17.16,17.4222282415638,2011-09-16,RandomForest,7,2011
2011-09-10,2011,9,16.98,17.25,16.989986311437253,2011-09-17,RandomForest,7,2011
2011-09-11,2011,9,17.0,17.41,17.72533460982763,2011-09-18,RandomForest,7,2011
2011-09-12,2011,9,17.11,17.71,18.043609707656056,2011-09-19,RandomForest,7,2011
2011-09-13,2011,9,17.19,18.14,18.28273332754405,2011-09-20,RandomForest,7,2011
2011-09-14,2011,9,17.23,18.09,18.209281662246223,2011-09-21,RandomForest,7,2011
2011-09-15,2011,9,17.24,17.9,18.19806291592853,2011-09-22,RandomForest,7,2011
2011-09-16,2011,9,17.16,17.78,17.69531712413936,2011-09-23,RandomForest,7,2011
2011-09-17,2011,9,17.25,17.7,18.168835346288937,2011-09-24,RandomForest,7,2011
2011-09-18,2011,9,17.41,17.62,18.229508851046056,2011-09-25,RandomForest,7,2011
2011-09-19,2011,9,17.71,17.6,18.329468928693412,2011-09-26,RandomForest,7,2011
2011-09-20,2011,9,18.14,17.84,18.727354681824252,2011-09-27,RandomForest,7,2011
2011-09-21,2011,9,18.09,17.87,18.340947320873408,2011-09-28,RandomForest,7,2011
2011-09-22,2011,9,17.9,17.89,17.703027429965996,2011-09-29,RandomForest,7,2011
2011-09-23,2011,9,17.78,17.93,17.625497625770528,2011-09-30,RandomForest,7,2011
2011-09-24,2011,9,17.7,17.99,17.655477530629355,2011-10-01,RandomForest,7,2011
2011-09-25,2011,9,17.62,18.0,17.52188712087071,2011-10-02,RandomForest,7,2011
2011-09-26,2011,9,17.6,17.98,17.575541733430953,2011-10-03,RandomForest,7,2011
2011-09-27,2011,9,17.84,17.78,18.09973922307058,2011-10-04,RandomForest,7,2011
2011-09-28,2011,9,17.87,17.66,17.879121155203205,2011-10-05,RandomForest,7,2011
2011-09-29,2011,9,17.89,17.37,17.659627731442622,2011-10-06,RandomForest,7,2011
2011-09-30,2011,9,17.93,17.11,17.744676432931627,2011-10-07,RandomForest,7,2011
2011-10-01,2011,10,17.99,16.95,17.738982193237767,2011-10-08,RandomForest,7,2011
2011-10-02,2011,10,18.0,16.81,17.63156727049789,2011-10-09,RandomForest,7,2011
2011-10-03,2011,10,17.98,16.67,17.584391810024176,2011-10-10,RandomForest,7,2011
2011-10-04,2011,10,17.78,16.57,17.113981909338328,2011-10-11,RandomForest,7,2011
2011-10-05,2011,10,17.66,16.45,17.058461948496724,2011-10-12,RandomForest,7,2011
2011-10-06,2011,10,17.37,16.42,16.70177778328266,2011-10-13,RandomForest,7,2011
2011-10-07,2011,10,17.11,16.25,16.55213990459064,2011-10-14,RandomForest,7,2011
2011-10-08,2011,10,16.95,16.13,16.58372792178086,2011-10-15,RandomForest,7,2011
2011-10-09,2011,10,16.81,16.05,16.23638671025098,2011-10-16,RandomForest,7,2011
2011-10-10,2011,10,16.67,15.94,16.084845610470644,2011-10-17,RandomForest,7,2011
2011-10-11,2011,10,16.57,15.84,16.093901307151697,2011-10-18,RandomForest,7,2011
2011-10-12,2011,10,16.45,15.82,15.930290484334956,2011-10-19,RandomForest,7,2011
2011-10-13,2011,10,16.42,15.76,15.88168351516778,2011-10-20,RandomForest,7,2011
2011-10-14,2011,10,16.25,15.7,15.668947537328842,2011-10-21,RandomForest,7,2011
2011-10-15,2011,10,16.13,15.7,15.620861987634736,2011-10-22,RandomForest,7,2011
2011-10-16,2011,10,16.05,15.68,15.51811754920449,2011-10-23,RandomForest,7,2011
2011-10-17,2011,10,15.94,15.68,15.453208113336343,2011-10-24,RandomForest,7,2011
2011-10-18,2011,10,15.84,15.66,15.383046450092428,2011-10-25,RandomForest,7,2011
2011-10-19,2011,10,15.82,15.6,15.377614630309337,2011-10-26,RandomForest,7,2011
2011-10-20,2011,10,15.76,15.52,15.354704478693272,2011-10-27,RandomForest,7,2011
2011-10-21,2011,10,15.7,15.45,15.327655519481805,2011-10-28,RandomForest,7,2011
2011-10-22,2011,10,15.7,15.42,15.353038056229934,2011-10-29,RandomForest,7,2011
2011-10-23,2011,10,15.68,15.38,15.372762755938544,2011-10-30,RandomForest,7,2011
2011-10-24,2011,10,15.68,15.35,15.328669097195025,2011-10-31,RandomForest,7,2011
2011-10-25,2011,10,15.66,15.3,15.324958518147774,2011-11-01,RandomForest,7,2011
2011-10-26,2011,10,15.6,15.22,15.269638972410322,2011-11-02,RandomForest,7,2011
2011-10-27,2011,10,15.52,15.16,15.239883452697175,2011-11-03,RandomForest,7,2011
2011-10-28,2011,10,15.45,15.1,15.25151596587616,2011-11-04,RandomForest,7,2011
2011-10-29,2011,10,15.42,15.03,15.450822148796098,2011-11-05,RandomForest,7,2011
2011-10-30,2011,10,15.38,14.98,15.087752792179483,2011-11-06,RandomForest,7,2011
2011-10-31,2011,10,15.35,14.95,15.041981820332158,2011-11-07,RandomForest,7,2011
2011-11-01,2011,11,15.3,14.9,14.990582349813417,2011-11-08,RandomForest,7,2011
2011-11-02,2011,11,15.22,14.83,14.886494727780793,2011-11-09,RandomForest,7,2011
2011-11-03,2011,11,15.16,14.77,14.827886248080306,2011-11-10,RandomForest,7,2011
2011-11-04,2011,11,15.1,14.68,14.772114145565977,2011-11-11,RandomForest,7,2011
2011-11-05,2011,11,15.03,14.6,14.686543788135202,2011-11-12,RandomForest,7,2011
2011-11-06,2011,11,14.98,14.55,14.646772263083873,2011-11-13,RandomForest,7,2011
2011-11-07,2011,11,14.95,14.5,14.638325007354945,2011-11-14,RandomForest,7,2011
2011-11-08,2011,11,14.9,14.45,14.580200560315117,2011-11-15,RandomForest,7,2011
2011-11-09,2011,11,14.83,14.41,14.50643085383928,2011-11-16,RandomForest,7,2011
2011-11-10,2011,11,14.77,14.38,14.440903087848284,2011-11-17,RandomForest,7,2011
2011-11-11,2011,11,14.68,14.32,14.307601943913047,2011-11-18,RandomForest,7,2011
2011-11-12,2011,11,14.6,14.32,14.275152974600653,2011-11-19,RandomForest,7,2011
2011-11-13,2011,11,14.55,14.31,14.247637470054984,2011-11-20,RandomForest,7,2011
2011-11-14,2011,11,14.5,14.27,14.211669645351705,2011-11-21,RandomForest,7,2011
2011-11-15,2011,11,14.45,14.24,14.170475887897851,2011-11-22,RandomForest,7,2011
2011-11-16,2011,11,14.41,14.21,14.150743946063423,2011-11-23,RandomForest,7,2011
2011-11-17,2011,11,14.38,14.2,14.164570138998814,2011-11-24,RandomForest,7,2011
2011-11-18,2011,11,14.32,14.18,14.083746202871456,2011-11-25,RandomForest,7,2011
2011-11-19,2011,11,14.32,14.16,14.14370810929816,2011-11-26,RandomForest,7,2011
2011-11-20,2011,11,14.31,14.12,14.167750920406835,2011-11-27,RandomForest,7,2011
2011-11-21,2011,11,14.27,14.08,14.118206931276635,2011-11-28,RandomForest,7,2011
2011-11-22,2011,11,14.24,14.04,14.057360628724599,2011-11-29,RandomForest,7,2011
2011-11-23,2011,11,14.21,14.0,14.021680784279873,2011-11-30,RandomForest,7,2011
2011-11-24,2011,11,14.2,13.98,14.013158847699852,2011-12-01,RandomForest,7,2011
2011-11-25,2011,11,14.18,13.96,13.982550426500211,2011-12-02,RandomForest,7,2011
2011-11-26,2011,11,14.16,13.92,13.965302263003567,2011-12-03,RandomForest,7,2011
2011-11-27,2011,11,14.12,13.88,13.924329672247264,2011-12-04,RandomForest,7,2011
2011-11-28,2011,11,14.08,13.86,13.879153627860836,2011-12-05,RandomForest,7,2011
2011-11-29,2011,11,14.04,13.84,13.83536257300755,2011-12-06,RandomForest,7,2011
2011-11-30,2011,11,14.0,13.81,13.793749679494002,2011-12-07,RandomForest,7,2011
2011-12-01,2011,12,13.98,13.78,13.781056016505902,2011-12-08,RandomForest,7,2011
2011-12-02,2011,12,13.96,13.75,13.762317765256627,2011-12-09,RandomForest,7,2011
2011-12-03,2011,12,13.92,13.72,13.723514097344058,2011-12-10,RandomForest,7,2011
2011-12-04,2011,12,13.88,13.7,13.678737066434719,2011-12-11,RandomForest,7,2011
2011-12-05,2011,12,13.86,13.69,13.662791184529254,2011-12-12,RandomForest,7,2011
2011-12-06,2011,12,13.84,13.66,13.643930658770175,2011-12-13,RandomForest,7,2011
2011-12-07,2011,12,13.81,13.64,13.613930658770176,2011-12-14,RandomForest,7,2011
2011-12-08,2011,12,13.78,13.62,13.586093710939982,2011-12-15,RandomForest,7,2011
2011-12-09,2011,12,13.75,13.6,13.557087695036117,2011-12-16,RandomForest,7,2011
2011-12-10,2011,12,13.72,13.58,13.528186319714084,2011-12-17,RandomForest,7,2011
2011-12-11,2011,12,13.7,13.58,13.510847094860427,2011-12-18,RandomForest,7,2011
2011-12-12,2011,12,13.69,13.57,13.50827288038364,2011-12-19,RandomForest,7,2011
2011-12-13,2011,12,13.66,13.56,13.48117126609446,2011-12-20,RandomForest,7,2011
2011-12-14,2011,12,13.64,13.52,13.466243002513963,2011-12-21,RandomForest,7,2011
2011-12-15,2011,12,13.62,13.5,13.447940906523126,2011-12-22,RandomForest,7,2011
2011-12-16,2011,12,13.6,13.48,13.42900218678224,2011-12-23,RandomForest,7,2011
2011-12-17,2011,12,13.58,13.46,13.409470759354813,2011-12-24,RandomForest,7,2011
2011-12-18,2011,12,13.58,13.44,13.411563468204754,2011-12-25,RandomForest,7,2011
2011-12-19,2011,12,13.57,13.42,13.395161930122608,2011-12-26,RandomForest,7,2011
2011-12-20,2011,12,13.56,13.39,13.383227861361936,2011-12-27,RandomForest,7,2011
2011-12-21,2011,12,13.52,13.37,13.348336767904897,2011-12-28,RandomForest,7,2011
2011-12-22,2011,12,13.5,13.35,13.330844595301988,2011-12-29,RandomForest,7,2011
2011-12-23,2011,12,13.48,13.33,13.31244422967368,2011-12-30,RandomForest,7,2011
2011-12-24,2011,12,13.46,13.31,13.290406881487534,2011-12-31,RandomForest,7,2011
2011-12-25,2011,12,13.44,13.28,13.270733496938892,2012-01-01,RandomForest,7,2011
2011-12-26,2011,12,13.42,13.24,13.25195006751269,2012-01-02,RandomForest,7,2011
2011-12-27,2011,12,13.39,13.22,13.219110493856688,2012-01-03,RandomForest,7,2011
2011-12-28,2011,12,13.37,13.21,13.199856087366769,2012-01-04,RandomForest,7,2011
2011-12-29,2011,12,13.35,13.2,13.190151633629824,2012-01-05,RandomForest,7,2011
2011-12-30,2011,12,13.33,13.19,13.177100831491854,2012-01-06,RandomForest,7,2011
2011-12-31,2011,12,13.31,13.18,13.1676387542387,2012-01-07,RandomForest,7,2011
2012-01-01,2012,1,13.28,13.16,13.126755188864315,2012-01-08,RandomForest,7,2012
2012-01-02,2012,1,13.24,13.15,13.080054646093314,2012-01-09,RandomForest,7,2012
2012-01-03,2012,1,13.22,13.13,13.061493232453259,2012-01-10,RandomForest,7,2012
2012-01-04,2012,1,13.21,13.12,13.062606418621357,2012-01-11,RandomForest,7,2012
2012-01-05,2012,1,13.2,13.11,13.05641260879906,2012-01-12,RandomForest,7,2012
2012-01-06,2012,1,13.19,13.1,13.043148697994393,2012-01-13,RandomForest,7,2012
2012-01-07,2012,1,13.18,13.09,13.039144416033762,2012-01-14,RandomForest,7,2012
2012-01-08,2012,1,13.16,13.08,13.045252471489333,2012-01-15,RandomForest,7,2012
2012-01-09,2012,1,13.15,13.07,13.043418006449153,2012-01-16,RandomForest,7,2012
2012-01-10,2012,1,13.13,13.05,13.014803065636885,2012-01-17,RandomForest,7,2012
2012-01-11,2012,1,13.12,13.02,13.001903241743342,2012-01-18,RandomForest,7,2012
2012-01-12,2012,1,13.11,13.0,12.985652962233425,2012-01-19,RandomForest,7,2012
2012-01-13,2012,1,13.1,12.99,12.965574418164406,2012-01-20,RandomForest,7,2012
2012-01-14,2012,1,13.09,12.99,12.944416151525223,2012-01-21,RandomForest,7,2012
2012-01-15,2012,1,13.08,12.97,12.927319120066363,2012-01-22,RandomForest,7,2012
2012-01-16,2012,1,13.07,12.95,12.919987317259622,2012-01-23,RandomForest,7,2012
2012-01-17,2012,1,13.05,12.93,12.8991975746426,2012-01-24,RandomForest,7,2012
2012-01-18,2012,1,13.02,12.91,12.879538542640685,2012-01-25,RandomForest,7,2012
2012-01-19,2012,1,13.0,12.89,12.87136849257029,2012-01-26,RandomForest,7,2012
2012-01-20,2012,1,12.99,12.87,12.866623229176637,2012-01-27,RandomForest,7,2012
2012-01-21,2012,1,12.99,12.86,12.86847822257043,2012-01-28,RandomForest,7,2012
2012-01-22,2012,1,12.97,12.86,12.85844200379544,2012-01-29,RandomForest,7,2012
2012-01-23,2012,1,12.95,12.88,12.842736630858061,2012-01-30,RandomForest,7,2012
2012-01-24,2012,1,12.93,12.88,12.823463495459128,2012-01-31,RandomForest,7,2012
2012-01-25,2012,1,12.91,12.87,12.807846377235272,2012-02-01,RandomForest,7,2012
2012-01-26,2012,1,12.89,12.85,12.791833753743315,2012-02-02,RandomForest,7,2012
2012-01-27,2012,1,12.87,12.84,12.773846409190764,2012-02-03,RandomForest,7,2012
2012-01-28,2012,1,12.86,12.82,12.76412503342936,2012-02-04,RandomForest,7,2012
2012-01-29,2012,1,12.86,12.81,12.762301532859995,2012-02-05,RandomForest,7,2012
2012-01-30,2012,1,12.88,12.79,12.789761179827943,2012-02-06,RandomForest,7,2012
2012-01-31,2012,1,12.88,12.78,12.79725178710939,2012-02-07,RandomForest,7,2012
2012-02-01,2012,2,12.87,12.77,12.779656462869285,2012-02-08,RandomForest,7,2012
2012-02-02,2012,2,12.85,12.76,12.763784633520462,2012-02-09,RandomForest,7,2012
2012-02-03,2012,2,12.84,12.75,12.75626356931274,2012-02-10,RandomForest,7,2012
2012-02-04,2012,2,12.82,12.74,12.738719839091083,2012-02-11,RandomForest,7,2012
2012-02-05,2012,2,12.81,12.73,12.72360838973276,2012-02-12,RandomForest,7,2012
2012-02-06,2012,2,12.79,12.72,12.686627720343882,2012-02-13,RandomForest,7,2012
2012-02-07,2012,2,12.78,12.71,12.682805277994571,2012-02-14,RandomForest,7,2012
2012-02-08,2012,2,12.77,12.71,12.672093306690236,2012-02-15,RandomForest,7,2012
2012-02-09,2012,2,12.76,12.71,12.64906314688328,2012-02-16,RandomForest,7,2012
2012-02-10,2012,2,12.75,12.7,12.636726266823871,2012-02-17,RandomForest,7,2012
2012-02-11,2012,2,12.74,12.7,12.631358586872572,2012-02-18,RandomForest,7,2012
2012-02-12,2012,2,12.73,12.7,12.622013019607602,2012-02-19,RandomForest,7,2012
2012-02-13,2012,2,12.72,12.72,12.622278472130574,2012-02-20,RandomForest,7,2012
2012-02-14,2012,2,12.71,12.72,12.615933767599667,2012-02-21,RandomForest,7,2012
2012-02-15,2012,2,12.71,12.7,12.614845558214329,2012-02-22,RandomForest,7,2012
2012-02-16,2012,2,12.71,12.69,12.635515500679489,2012-02-23,RandomForest,7,2012
2012-02-17,2012,2,12.7,12.66,12.616949162800823,2012-02-24,RandomForest,7,2012
2012-02-18,2012,2,12.7,12.64,12.638256640460039,2012-02-25,RandomForest,7,2012
2012-02-19,2012,2,12.7,12.62,12.653271768352008,2012-02-26,RandomForest,7,2012
2012-02-20,2012,2,12.72,12.61,12.709452095938278,2012-02-27,RandomForest,7,2012
2012-02-21,2012,2,12.72,12.63,12.720891709467002,2012-02-28,RandomForest,7,2012
2012-02-22,2012,2,12.7,12.64,12.708509810533293,2012-02-29,RandomForest,7,2012
2012-02-23,2012,2,12.69,12.64,12.699079981736153,2012-03-01,RandomForest,7,2012
2012-02-24,2012,2,12.66,12.63,12.670698850961458,2012-03-02,RandomForest,7,2012
2012-02-25,2012,2,12.64,12.62,12.641805734888532,2012-03-03,RandomForest,7,2012
2012-02-26,2012,2,12.62,12.62,12.628246217745463,2012-03-04,RandomForest,7,2012
2012-02-27,2012,2,12.61,12.66,12.612976074155323,2012-03-05,RandomForest,7,2012
2012-02-28,2012,2,12.63,12.7,12.659997406187433,2012-03-06,RandomForest,7,2012
2012-02-29,2012,2,12.64,12.73,12.689163860597105,2012-03-07,RandomForest,7,2012
2012-03-01,2012,3,12.64,12.77,12.671505768849515,2012-03-08,RandomForest,7,2012
2012-03-02,2012,3,12.63,12.81,12.629887996247849,2012-03-09,RandomForest,7,2012
2012-03-03,2012,3,12.62,12.85,12.616310946348072,2012-03-10,RandomForest,7,2012
2012-03-04,2012,3,12.62,12.88,12.637980436983588,2012-03-11,RandomForest,7,2012
2012-03-05,2012,3,12.66,12.88,12.768902806332749,2012-03-12,RandomForest,7,2012
2012-03-06,2012,3,12.7,12.87,12.85393069660884,2012-03-13,RandomForest,7,2012
2012-03-07,2012,3,12.73,12.84,12.933423208237564,2012-03-14,RandomForest,7,2012
2012-03-08,2012,3,12.77,12.84,12.928418176441951,2012-03-15,RandomForest,7,2012
2012-03-09,2012,3,12.81,12.86,12.967593677680552,2012-03-16,RandomForest,7,2012
2012-03-10,2012,3,12.85,12.94,12.894767207928515,2012-03-17,RandomForest,7,2012
2012-03-11,2012,3,12.88,12.98,12.914488668651398,2012-03-18,RandomForest,7,2012
2012-03-12,2012,3,12.88,13.0,12.961256504712976,2012-03-19,RandomForest,7,2012
2012-03-13,2012,3,12.87,12.99,12.85744247467142,2012-03-20,RandomForest,7,2012
2012-03-14,2012,3,12.84,12.95,12.815378091382998,2012-03-21,RandomForest,7,2012
2012-03-15,2012,3,12.84,12.94,12.882666396775678,2012-03-22,RandomForest,7,2012
2012-03-16,2012,3,12.86,12.94,13.074190786980619,2012-03-23,RandomForest,7,2012
2012-03-17,2012,3,12.94,12.96,13.253541866982907,2012-03-24,RandomForest,7,2012
2012-03-18,2012,3,12.98,12.98,13.307053097040452,2012-03-25,RandomForest,7,2012
2012-03-19,2012,3,13.0,13.0,13.363837454616608,2012-03-26,RandomForest,7,2012
2012-03-20,2012,3,12.99,13.01,13.43958940639431,2012-03-27,RandomForest,7,2012
2012-03-21,2012,3,12.95,13.02,13.380664538203511,2012-03-28,RandomForest,7,2012
2012-03-22,2012,3,12.94,13.04,13.346756634889978,2012-03-29,RandomForest,7,2012
2012-03-23,2012,3,12.94,13.05,13.35622534279852,2012-03-30,RandomForest,7,2012
2012-03-24,2012,3,12.96,13.1,13.381142637221897,2012-03-31,RandomForest,7,2012
2012-03-25,2012,3,12.98,13.15,13.40792396193937,2012-04-01,RandomForest,7,2012
2012-03-26,2012,3,13.0,13.19,13.444209013443578,2012-04-02,RandomForest,7,2012
2012-03-27,2012,3,13.01,13.23,13.442388842479714,2012-04-03,RandomForest,7,2012
2012-03-28,2012,3,13.02,13.24,13.461641996053181,2012-04-04,RandomForest,7,2012
2012-03-29,2012,3,13.04,13.24,13.492187364912953,2012-04-05,RandomForest,7,2012
2012-03-30,2012,3,13.05,13.4,13.504112981303528,2012-04-06,RandomForest,7,2012
2012-03-31,2012,3,13.1,13.5,13.579936773690632,2012-04-07,RandomForest,7,2012
2012-04-01,2012,4,13.15,13.62,13.648797423191917,2012-04-08,RandomForest,7,2012
2012-04-02,2012,4,13.19,13.67,13.66983677322443,2012-04-09,RandomForest,7,2012
2012-04-03,2012,4,13.23,13.68,13.70094129687563,2012-04-10,RandomForest,7,2012
2012-04-04,2012,4,13.24,13.69,13.712773835558075,2012-04-11,RandomForest,7,2012
2012-04-05,2012,4,13.24,13.74,13.72615592937766,2012-04-12,RandomForest,7,2012
2012-04-06,2012,4,13.4,13.8,14.022315298887616,2012-04-13,RandomForest,7,2012
2012-04-07,2012,4,13.5,13.89,13.98972014596995,2012-04-14,RandomForest,7,2012
2012-04-08,2012,4,13.62,14.0,14.083374893434886,2012-04-15,RandomForest,7,2012
2012-04-09,2012,4,13.67,14.13,14.119767056769515,2012-04-16,RandomForest,7,2012
2012-04-10,2012,4,13.68,14.18,14.10630360487896,2012-04-17,RandomForest,7,2012
2012-04-11,2012,4,13.69,14.18,14.143601491087072,2012-04-18,RandomForest,7,2012
2012-04-12,2012,4,13.74,14.17,14.21235031671201,2012-04-19,RandomForest,7,2012
2012-04-13,2012,4,13.8,14.35,14.281775692613458,2012-04-20,RandomForest,7,2012
2012-04-14,2012,4,13.89,14.6,14.367006364617305,2012-04-21,RandomForest,7,2012
2012-04-15,2012,4,14.0,14.87,14.496617324210689,2012-04-22,RandomForest,7,2012
2012-04-16,2012,4,14.13,15.12,14.576588650768402,2012-04-23,RandomForest,7,2012
2012-04-17,2012,4,14.18,15.17,14.580011197226314,2012-04-24,RandomForest,7,2012
2012-04-18,2012,4,14.18,15.18,14.608530479776984,2012-04-25,RandomForest,7,2012
2012-04-19,2012,4,14.17,15.19,14.621920583849477,2012-04-26,RandomForest,7,2012
2012-04-20,2012,4,14.35,15.19,14.873144354125467,2012-04-27,RandomForest,7,2012
2012-04-21,2012,4,14.6,15.12,14.974163634772824,2012-04-28,RandomForest,7,2012
2012-04-22,2012,4,14.87,15.11,15.195029646604072,2012-04-29,RandomForest,7,2012
2012-04-23,2012,4,15.12,15.29,15.37659741246475,2012-04-30,RandomForest,7,2012
2012-04-24,2012,4,15.17,15.52,15.2553162792321,2012-05-01,RandomForest,7,2012
2012-04-25,2012,4,15.18,15.59,15.235623908360965,2012-05-02,RandomForest,7,2012
2012-04-26,2012,4,15.19,15.64,15.417583354613274,2012-05-03,RandomForest,7,2012
2012-04-27,2012,4,15.19,15.79,15.41923518564119,2012-05-04,RandomForest,7,2012
2012-04-28,2012,4,15.12,15.91,15.392984826670482,2012-05-05,RandomForest,7,2012
2012-04-29,2012,4,15.11,16.04,15.41521962957837,2012-05-06,RandomForest,7,2012
2012-04-30,2012,4,15.29,16.08,15.984379112130302,2012-05-07,RandomForest,7,2012
2012-05-01,2012,5,15.52,16.04,16.074175473367752,2012-05-08,RandomForest,7,2012
2012-05-02,2012,5,15.59,15.93,15.757091925440973,2012-05-09,RandomForest,7,2012
2012-05-03,2012,5,15.64,15.79,15.836698497386367,2012-05-10,RandomForest,7,2012
2012-05-04,2012,5,15.79,15.66,16.114176200854942,2012-05-11,RandomForest,7,2012
2012-05-05,2012,5,15.91,15.52,16.035837071302026,2012-05-12,RandomForest,7,2012
2012-05-06,2012,5,16.04,15.35,16.145091392582273,2012-05-13,RandomForest,7,2012
2012-05-07,2012,5,16.08,15.22,16.205957990617613,2012-05-14,RandomForest,7,2012
2012-05-08,2012,5,16.04,15.14,16.18531834941585,2012-05-15,RandomForest,7,2012
2012-05-09,2012,5,15.93,15.1,15.961745477268616,2012-05-16,RandomForest,7,2012
2012-05-10,2012,5,15.79,15.17,15.768610426736647,2012-05-17,RandomForest,7,2012
2012-05-11,2012,5,15.66,15.26,15.592949699314405,2012-05-18,RandomForest,7,2012
2012-05-12,2012,5,15.52,15.37,15.50865634992998,2012-05-19,RandomForest,7,2012
2012-05-13,2012,5,15.35,15.6,15.588255694828343,2012-05-20,RandomForest,7,2012
2012-05-14,2012,5,15.22,16.3,15.64360982933977,2012-05-21,RandomForest,7,2012
2012-05-15,2012,5,15.14,16.64,15.759247458537638,2012-05-22,RandomForest,7,2012
2012-05-16,2012,5,15.1,16.67,16.085350131619812,2012-05-23,RandomForest,7,2012
2012-05-17,2012,5,15.17,16.5,16.014950807950868,2012-05-24,RandomForest,7,2012
2012-05-18,2012,5,15.26,16.27,15.851125190344561,2012-05-25,RandomForest,7,2012
2012-05-19,2012,5,15.37,16.14,15.943398965386372,2012-05-26,RandomForest,7,2012
2012-05-20,2012,5,15.6,16.04,16.403987651020056,2012-05-27,RandomForest,7,2012
2012-05-21,2012,5,16.3,16.03,16.769805273957868,2012-05-28,RandomForest,7,2012
2012-05-22,2012,5,16.64,16.04,16.602598622731552,2012-05-29,RandomForest,7,2012
2012-05-23,2012,5,16.67,16.06,16.383215134215988,2012-05-30,RandomForest,7,2012
2012-05-24,2012,5,16.5,16.12,16.258613598067612,2012-05-31,RandomForest,7,2012
2012-05-25,2012,5,16.27,16.2,16.16494363684854,2012-06-01,RandomForest,7,2012
2012-05-26,2012,5,16.14,16.24,16.27259575413604,2012-06-02,RandomForest,7,2012
2012-05-27,2012,5,16.04,16.27,16.208651529886133,2012-06-03,RandomForest,7,2012
2012-05-28,2012,5,16.03,16.29,16.161354860055265,2012-06-04,RandomForest,7,2012
2012-05-29,2012,5,16.04,16.47,16.35830264218662,2012-06-05,RandomForest,7,2012
2012-05-30,2012,5,16.06,16.9,16.57640594987443,2012-06-06,RandomForest,7,2012
2012-05-31,2012,5,16.12,17.25,16.677571254649934,2012-06-07,RandomForest,7,2012
2012-06-01,2012,6,16.2,17.88,16.723404402076657,2012-06-08,RandomForest,7,2012
2012-06-02,2012,6,16.24,18.28,17.062938541570883,2012-06-09,RandomForest,7,2012
2012-06-03,2012,6,16.27,18.37,17.353346984083558,2012-06-10,RandomForest,7,2012
2012-06-04,2012,6,16.29,18.34,17.502809690176456,2012-06-11,RandomForest,7,2012
2012-06-05,2012,6,16.47,18.09,17.29638624148608,2012-06-12,RandomForest,7,2012
2012-06-06,2012,6,16.9,17.88,17.44121201421583,2012-06-13,RandomForest,7,2012
2012-06-07,2012,6,17.25,17.66,17.59841370707857,2012-06-14,RandomForest,7,2012
2012-06-08,2012,6,17.88,17.97,17.398771717155654,2012-06-15,RandomForest,7,2012
2012-06-09,2012,6,18.28,18.33,17.790398253580626,2012-06-16,RandomForest,7,2012
2012-06-10,2012,6,18.37,18.56,18.047312069653223,2012-06-17,RandomForest,7,2012
2012-06-11,2012,6,18.34,18.79,17.997924293212755,2012-06-18,RandomForest,7,2012
2012-06-12,2012,6,18.09,18.89,17.784610631576808,2012-06-19,RandomForest,7,2012
2012-06-13,2012,6,17.88,18.76,17.908211418678615,2012-06-20,RandomForest,7,2012
2012-06-14,2012,6,17.66,18.48,17.963377810965277,2012-06-21,RandomForest,7,2012
2012-06-15,2012,6,17.97,18.32,18.55923681719035,2012-06-22,RandomForest,7,2012
2012-06-16,2012,6,18.33,18.29,19.08682916134289,2012-06-23,RandomForest,7,2012
2012-06-17,2012,6,18.56,18.43,19.29321967351716,2012-06-24,RandomForest,7,2012
2012-06-18,2012,6,18.79,18.57,19.22095524318998,2012-06-25,RandomForest,7,2012
2012-06-19,2012,6,18.89,18.8,18.688950796337178,2012-06-26,RandomForest,7,2012
2012-06-20,2012,6,18.76,19.58,18.53202548246423,2012-06-27,RandomForest,7,2012
2012-06-21,2012,6,18.48,20.12,18.688601833528455,2012-06-28,RandomForest,7,2012
2012-06-22,2012,6,18.32,20.43,18.660924683294706,2012-06-29,RandomForest,7,2012
2012-06-23,2012,6,18.29,20.56,18.889713475822568,2012-06-30,RandomForest,7,2012
2012-06-24,2012,6,18.43,20.56,18.952182410481477,2012-07-01,RandomForest,7,2012
2012-06-25,2012,6,18.57,20.45,19.11918360727868,2012-07-02,RandomForest,7,2012
2012-06-26,2012,6,18.8,20.09,19.500907330634004,2012-07-03,RandomForest,7,2012
2012-06-27,2012,6,19.58,19.65,19.62588940323514,2012-07-04,RandomForest,7,2012
2012-06-28,2012,6,20.12,19.27,19.765986627798128,2012-07-05,RandomForest,7,2012
2012-06-29,2012,6,20.43,19.14,20.002148986161984,2012-07-06,RandomForest,7,2012
2012-06-30,2012,6,20.56,19.25,20.17315179985078,2012-07-07,RandomForest,7,2012
2012-07-01,2012,7,20.56,19.22,20.13771446401118,2012-07-08,RandomForest,7,2012
2012-07-02,2012,7,20.45,19.13,20.053435178296894,2012-07-09,RandomForest,7,2012
2012-07-03,2012,7,20.09,19.07,20.255495147512864,2012-07-10,RandomForest,7,2012
2012-07-04,2012,7,19.65,19.04,19.97212497331713,2012-07-11,RandomForest,7,2012
2012-07-05,2012,7,19.27,19.11,19.183711296703297,2012-07-12,RandomForest,7,2012
2012-07-06,2012,7,19.14,19.18,18.919257214285714,2012-07-13,RandomForest,7,2012
2012-07-07,2012,7,19.25,19.27,19.106085267433947,2012-07-14,RandomForest,7,2012
2012-07-08,2012,7,19.22,19.31,18.92522411740461,2012-07-15,RandomForest,7,2012
2012-07-09,2012,7,19.13,19.47,18.911658487928868,2012-07-16,RandomForest,7,2012
2012-07-10,2012,7,19.07,19.79,18.94514096425589,2012-07-17,RandomForest,7,2012
2012-07-11,2012,7,19.04,19.87,18.90536669213333,2012-07-18,RandomForest,7,2012
2012-07-12,2012,7,19.11,19.84,19.233328811798554,2012-07-19,RandomForest,7,2012
2012-07-13,2012,7,19.18,19.9,19.274558070965355,2012-07-20,RandomForest,7,2012
2012-07-14,2012,7,19.27,19.98,19.362789063861243,2012-07-21,RandomForest,7,2012
2012-07-15,2012,7,19.31,19.94,19.387090207802096,2012-07-22,RandomForest,7,2012
2012-07-16,2012,7,19.47,19.85,19.56986604866964,2012-07-23,RandomForest,7,2012
2012-07-17,2012,7,19.79,19.76,20.09308410264203,2012-07-24,RandomForest,7,2012
2012-07-18,2012,7,19.87,19.67,19.97515775223548,2012-07-25,RandomForest,7,2012
2012-07-19,2012,7,19.84,19.55,19.371407197010434,2012-07-26,RandomForest,7,2012
2012-07-20,2012,7,19.9,19.52,19.720073253998326,2012-07-27,RandomForest,7,2012
2012-07-21,2012,7,19.98,19.5,19.3777780191988,2012-07-28,RandomForest,7,2012
2012-07-22,2012,7,19.94,19.44,19.024125207046602,2012-07-29,RandomForest,7,2012
2012-07-23,2012,7,19.85,19.44,18.82956573019766,2012-07-30,RandomForest,7,2012
2012-07-24,2012,7,19.76,19.4,18.909737666535474,2012-07-31,RandomForest,7,2012
2012-07-25,2012,7,19.67,19.34,18.923599806374636,2012-08-01,RandomForest,7,2012
2012-07-26,2012,7,19.55,19.3,18.769819459096443,2012-08-02,RandomForest,7,2012
2012-07-27,2012,7,19.52,19.2,19.2042332941909,2012-08-03,RandomForest,7,2012
2012-07-28,2012,7,19.5,19.19,19.202523426877903,2012-08-04,RandomForest,7,2012
2012-07-29,2012,7,19.44,19.18,19.174624670585732,2012-08-05,RandomForest,7,2012
2012-07-30,2012,7,19.44,19.18,19.26113847271628,2012-08-06,RandomForest,7,2012
2012-07-31,2012,7,19.4,19.15,19.149889021756596,2012-08-07,RandomForest,7,2012
2012-08-01,2012,8,19.34,19.12,19.104462070406388,2012-08-08,RandomForest,7,2012
2012-08-02,2012,8,19.3,19.09,19.105772414423743,2012-08-09,RandomForest,7,2012
2012-08-03,2012,8,19.2,19.03,19.066359203868103,2012-08-10,RandomForest,7,2012
2012-08-04,2012,8,19.19,18.93,19.061737765181107,2012-08-11,RandomForest,7,2012
2012-08-05,2012,8,19.18,18.83,19.005957332964364,2012-08-12,RandomForest,7,2012
2012-08-06,2012,8,19.18,18.67,19.09435385463474,2012-08-13,RandomForest,7,2012
2012-08-07,2012,8,19.15,18.62,18.86605296023189,2012-08-14,RandomForest,7,2012
2012-08-08,2012,8,19.12,18.57,18.83829469205363,2012-08-15,RandomForest,7,2012
2012-08-09,2012,8,19.09,18.44,18.83937785757645,2012-08-16,RandomForest,7,2012
2012-08-10,2012,8,19.03,18.31,18.74142185677769,2012-08-17,RandomForest,7,2012
2012-08-11,2012,8,18.93,18.2,18.57900350987341,2012-08-18,RandomForest,7,2012
2012-08-12,2012,8,18.83,18.12,18.498702039439635,2012-08-19,RandomForest,7,2012
2012-08-13,2012,8,18.67,18.05,18.412213431070892,2012-08-20,RandomForest,7,2012
2012-08-14,2012,8,18.62,18.0,18.378423390757092,2012-08-21,RandomForest,7,2012
2012-08-15,2012,8,18.57,18.16,18.31025517640978,2012-08-22,RandomForest,7,2012
2012-08-16,2012,8,18.44,18.26,18.17645471821483,2012-08-23,RandomForest,7,2012
2012-08-17,2012,8,18.31,18.45,18.091533948141837,2012-08-24,RandomForest,7,2012
2012-08-18,2012,8,18.2,18.51,17.933870256374437,2012-08-25,RandomForest,7,2012
2012-08-19,2012,8,18.12,18.7,17.845754830109538,2012-08-26,RandomForest,7,2012
2012-08-20,2012,8,18.05,18.89,17.686133652571822,2012-08-27,RandomForest,7,2012
2012-08-21,2012,8,18.0,19.04,17.616741436569598,2012-08-28,RandomForest,7,2012
2012-08-22,2012,8,18.16,19.08,18.300402132411946,2012-08-29,RandomForest,7,2012
2012-08-23,2012,8,18.26,19.08,18.81227926988826,2012-08-30,RandomForest,7,2012
2012-08-24,2012,8,18.45,19.01,19.170127759266396,2012-08-31,RandomForest,7,2012
2012-08-25,2012,8,18.51,18.89,19.00843868407509,2012-09-01,RandomForest,7,2012
2012-08-26,2012,8,18.7,18.79,19.0342983266279,2012-09-02,RandomForest,7,2012
2012-08-27,2012,8,18.89,18.81,19.015852430383305,2012-09-03,RandomForest,7,2012
2012-08-28,2012,8,19.04,18.82,19.01942689688079,2012-09-04,RandomForest,7,2012
2012-08-29,2012,8,19.08,18.74,19.041916262843237,2012-09-05,RandomForest,7,2012
2012-08-30,2012,8,19.08,18.83,19.014241385968166,2012-09-06,RandomForest,7,2012
2012-08-31,2012,8,19.01,18.87,18.857710771755773,2012-09-07,RandomForest,7,2012
2012-09-01,2012,9,18.89,18.87,18.3285784782584,2012-09-08,RandomForest,7,2012
2012-09-02,2012,9,18.79,18.72,18.390288623607937,2012-09-09,RandomForest,7,2012
2012-09-03,2012,9,18.81,18.46,18.893734684068747,2012-09-10,RandomForest,7,2012
2012-09-04,2012,9,18.82,18.2,18.947183968450187,2012-09-11,RandomForest,7,2012
2012-09-05,2012,9,18.74,18.04,18.88128292210269,2012-09-12,RandomForest,7,2012
2012-09-06,2012,9,18.83,17.92,18.9241711753121,2012-09-13,RandomForest,7,2012
2012-09-07,2012,9,18.87,18.13,19.07913973557723,2012-09-14,RandomForest,7,2012
2012-09-08,2012,9,18.87,18.19,19.104258820894884,2012-09-15,RandomForest,7,2012
2012-09-09,2012,9,18.72,18.82,18.42794149611226,2012-09-16,RandomForest,7,2012
2012-09-10,2012,9,18.46,19.13,17.731948949925695,2012-09-17,RandomForest,7,2012
2012-09-11,2012,9,18.2,19.22,17.513138895382866,2012-09-18,RandomForest,7,2012
2012-09-12,2012,9,18.04,19.24,17.76726844382315,2012-09-19,RandomForest,7,2012
2012-09-13,2012,9,17.92,19.16,17.72526404604952,2012-09-20,RandomForest,7,2012
2012-09-14,2012,9,18.13,19.28,18.329479984106953,2012-09-21,RandomForest,7,2012
2012-09-15,2012,9,18.19,19.48,18.376920570549238,2012-09-22,RandomForest,7,2012
2012-09-16,2012,9,18.82,19.66,19.29511109630188,2012-09-23,RandomForest,7,2012
2012-09-17,2012,9,19.13,19.81,19.147092562691615,2012-09-24,RandomForest,7,2012
2012-09-18,2012,9,19.22,20.08,18.829044838587052,2012-09-25,RandomForest,7,2012
2012-09-19,2012,9,19.24,20.27,18.82446764675699,2012-09-26,RandomForest,7,2012
2012-09-20,2012,9,19.16,20.45,18.691195060520226,2012-09-27,RandomForest,7,2012
2012-09-21,2012,9,19.28,20.46,18.8060311483143,2012-09-28,RandomForest,7,2012
2012-09-22,2012,9,19.48,20.37,18.83254078254895,2012-09-29,RandomForest,7,2012
2012-09-23,2012,9,19.66,20.08,18.940114557639454,2012-09-30,RandomForest,7,2012
2012-11-08,2012,11,15.26,14.89,14.911806257775558,2012-11-15,RandomForest,7,2012
2012-11-09,2012,11,15.18,14.85,14.820542185564074,2012-11-16,RandomForest,7,2012
2012-11-10,2012,11,15.09,14.8,14.68560206526384,2012-11-17,RandomForest,7,2012
2012-11-11,2012,11,15.03,14.76,14.674484283194408,2012-11-18,RandomForest,7,2012
2012-11-12,2012,11,15.03,14.71,14.693845548429753,2012-11-19,RandomForest,7,2012
2012-11-13,2012,11,14.97,14.66,14.63436428396958,2012-11-20,RandomForest,7,2012
2012-11-14,2012,11,14.92,14.61,14.582997088807433,2012-11-21,RandomForest,7,2012
2012-11-15,2012,11,14.89,14.56,14.579226038770093,2012-11-22,RandomForest,7,2012
2012-11-16,2012,11,14.85,14.5,14.614175677716581,2012-11-23,RandomForest,7,2012
2012-11-17,2012,11,14.8,14.45,14.5495671450582,2012-11-24,RandomForest,7,2012
2012-11-18,2012,11,14.76,14.41,14.533351110830276,2012-11-25,RandomForest,7,2012
2012-11-19,2012,11,14.71,14.38,14.467313790794176,2012-11-26,RandomForest,7,2012
2012-11-20,2012,11,14.66,14.35,14.435879652177153,2012-11-27,RandomForest,7,2012
2012-11-21,2012,11,14.61,14.34,14.403517465739256,2012-11-28,RandomForest,7,2012
2012-11-22,2012,11,14.56,14.29,14.352825259671361,2012-11-29,RandomForest,7,2012
2012-11-23,2012,11,14.5,14.24,14.266978939999317,2012-11-30,RandomForest,7,2012
2012-11-24,2012,11,14.45,14.2,14.21093026177732,2012-12-01,RandomForest,7,2012
2012-11-25,2012,11,14.41,14.17,14.187419594191725,2012-12-02,RandomForest,7,2012
2012-11-26,2012,11,14.38,14.15,14.176922919241273,2012-12-03,RandomForest,7,2012
2012-11-27,2012,11,14.35,14.13,14.151931297828696,2012-12-04,RandomForest,7,2012
2012-11-28,2012,11,14.34,14.1,14.143054617780676,2012-12-05,RandomForest,7,2012
2012-11-29,2012,11,14.29,14.07,14.082735227302681,2012-12-06,RandomForest,7,2012
2012-11-30,2012,11,14.24,14.03,14.02378380457147,2012-12-07,RandomForest,7,2012
2012-12-01,2012,12,14.2,13.99,13.98699173017444,2012-12-08,RandomForest,7,2012
2012-12-02,2012,12,14.17,13.97,13.967494383802343,2012-12-09,RandomForest,7,2012
2012-12-03,2012,12,14.15,13.94,13.952708623559046,2012-12-10,RandomForest,7,2012
2012-12-04,2012,12,14.13,13.9,13.932708623559046,2012-12-11,RandomForest,7,2012
2012-12-05,2012,12,14.1,13.87,13.903868887143316,2012-12-12,RandomForest,7,2012
2012-12-06,2012,12,14.07,13.85,13.87433637803202,2012-12-13,RandomForest,7,2012
2012-12-07,2012,12,14.03,13.83,13.832259734546106,2012-12-14,RandomForest,7,2012
2012-12-08,2012,12,13.99,13.79,13.791222458479966,2012-12-15,RandomForest,7,2012
2012-12-09,2012,12,13.97,13.76,13.781463719682476,2012-12-16,RandomForest,7,2012
2012-12-10,2012,12,13.94,13.74,13.757565980461544,2012-12-17,RandomForest,7,2012
2012-12-11,2012,12,13.9,13.72,13.720689503880129,2012-12-18,RandomForest,7,2012
2012-12-12,2012,12,13.87,13.7,13.692062566014487,2012-12-19,RandomForest,7,2012
2012-12-13,2012,12,13.85,13.67,13.6834258854595,2012-12-20,RandomForest,7,2012
2012-12-14,2012,12,13.83,13.67,13.664754132765673,2012-12-21,RandomForest,7,2012
2012-12-15,2012,12,13.79,13.66,13.623884697363643,2012-12-22,RandomForest,7,2012
2012-12-16,2012,12,13.76,13.66,13.593016819138532,2012-12-23,RandomForest,7,2012
2012-12-17,2012,12,13.74,13.63,13.574884080480526,2012-12-24,RandomForest,7,2012
2012-12-18,2012,12,13.72,13.6,13.554813063002992,2012-12-25,RandomForest,7,2012
2012-12-19,2012,12,13.7,13.56,13.53564615555075,2012-12-26,RandomForest,7,2012
2012-12-20,2012,12,13.67,13.54,13.505400530407243,2012-12-27,RandomForest,7,2012
2012-12-21,2012,12,13.67,13.51,13.510153449662464,2012-12-28,RandomForest,7,2012
2012-12-22,2012,12,13.66,13.49,13.505397989944859,2012-12-29,RandomForest,7,2012
2012-12-23,2012,12,13.66,13.45,13.504946056516262,2012-12-30,RandomForest,7,2012
2012-12-24,2012,12,13.63,13.42,13.473980527809191,2012-12-31,RandomForest,7,2012
2012-12-25,2012,12,13.6,13.4,13.440233628090747,2013-01-01,RandomForest,7,2012
2012-12-26,2012,12,13.56,13.37,13.390425586391396,2013-01-02,RandomForest,7,2012
2012-12-27,2012,12,13.54,13.33,13.370592049729735,2013-01-03,RandomForest,7,2012
2012-12-28,2012,12,13.51,13.29,13.333861552486708,2013-01-04,RandomForest,7,2012
2012-12-29,2012,12,13.49,13.25,13.315006467642657,2013-01-05,RandomForest,7,2012
2012-12-30,2012,12,13.45,13.22,13.270888261752331,2013-01-06,RandomForest,7,2012
2012-12-31,2012,12,13.42,13.2,13.240416269281404,2013-01-07,RandomForest,7,2012
2013-01-01,2013,1,13.4,13.18,13.227254992561532,2013-01-08,RandomForest,7,2013
2013-01-02,2013,1,13.37,13.16,13.201435459806255,2013-01-09,RandomForest,7,2013
2013-01-03,2013,1,13.33,13.14,13.1568167222568,2013-01-10,RandomForest,7,2013
2013-01-04,2013,1,13.29,13.13,13.121629474011527,2013-01-11,RandomForest,7,2013
2013-01-05,2013,1,13.25,13.12,13.09062396346858,2013-01-12,RandomForest,7,2013
2013-01-06,2013,1,13.22,13.1,13.067459100345202,2013-01-13,RandomForest,7,2013
2013-01-07,2013,1,13.2,13.08,13.052921536098214,2013-01-14,RandomForest,7,2013
2013-01-08,2013,1,13.18,13.07,13.04730315710812,2013-01-15,RandomForest,7,2013
2013-01-09,2013,1,13.16,13.06,13.035029588998443,2013-01-16,RandomForest,7,2013
2013-01-10,2013,1,13.14,13.04,13.022448226157971,2013-01-17,RandomForest,7,2013
2013-01-11,2013,1,13.13,13.03,13.017782745256374,2013-01-18,RandomForest,7,2013
2013-01-12,2013,1,13.12,13.01,13.016125394228206,2013-01-19,RandomForest,7,2013
2013-01-13,2013,1,13.1,12.98,12.995573413719727,2013-01-20,RandomForest,7,2013
2013-01-14,2013,1,13.08,12.95,12.973927649197906,2013-01-21,RandomForest,7,2013
2013-01-15,2013,1,13.07,12.93,12.958637089265048,2013-01-22,RandomForest,7,2013
2013-01-16,2013,1,13.06,12.91,12.943331343140342,2013-01-23,RandomForest,7,2013
2013-01-17,2013,1,13.04,12.89,12.927279536545438,2013-01-24,RandomForest,7,2013
2013-01-18,2013,1,13.03,12.87,12.91633702051021,2013-01-25,RandomForest,7,2013
2013-01-19,2013,1,13.01,12.85,12.898859031322138,2013-01-26,RandomForest,7,2013
2013-01-20,2013,1,12.98,12.83,12.868109093147153,2013-01-27,RandomForest,7,2013
2013-01-21,2013,1,12.95,12.81,12.83619676114104,2013-01-28,RandomForest,7,2013
2013-01-22,2013,1,12.93,12.8,12.819785259971868,2013-01-29,RandomForest,7,2013
2013-01-23,2013,1,12.91,12.8,12.812023251800047,2013-01-30,RandomForest,7,2013
2013-01-24,2013,1,12.89,12.79,12.797453255025237,2013-01-31,RandomForest,7,2013
2013-01-25,2013,1,12.87,12.78,12.793468349559792,2013-02-01,RandomForest,7,2013
2013-01-26,2013,1,12.85,12.76,12.777763382255419,2013-02-02,RandomForest,7,2013
2013-01-27,2013,1,12.83,12.74,12.756314022842156,2013-02-03,RandomForest,7,2013
2013-01-28,2013,1,12.81,12.73,12.73567754596155,2013-02-04,RandomForest,7,2013
2013-01-29,2013,1,12.8,12.72,12.7238999593993,2013-02-05,RandomForest,7,2013
2013-01-30,2013,1,12.8,12.7,12.72399632510447,2013-02-06,RandomForest,7,2013
2013-01-31,2013,1,12.79,12.67,12.712119579598102,2013-02-07,RandomForest,7,2013
2013-02-01,2013,2,12.78,12.65,12.706779365300962,2013-02-08,RandomForest,7,2013
2013-02-02,2013,2,12.76,12.63,12.68828833450507,2013-02-09,RandomForest,7,2013
2013-02-03,2013,2,12.74,12.61,12.65893322601021,2013-02-10,RandomForest,7,2013
2013-02-04,2013,2,12.73,12.6,12.6407331480228,2013-02-11,RandomForest,7,2013
2013-02-05,2013,2,12.72,12.58,12.601941899058554,2013-02-12,RandomForest,7,2013
2013-02-06,2013,2,12.7,12.57,12.549080878589985,2013-02-13,RandomForest,7,2013
2013-02-07,2013,2,12.67,12.56,12.4931955395758,2013-02-14,RandomForest,7,2013
2013-02-08,2013,2,12.65,12.55,12.494933314766294,2013-02-15,RandomForest,7,2013
2013-02-09,2013,2,12.63,12.53,12.49884819795305,2013-02-16,RandomForest,7,2013
2013-02-10,2013,2,12.61,12.52,12.477963266079492,2013-02-17,RandomForest,7,2013
2013-02-11,2013,2,12.6,12.52,12.47232901057483,2013-02-18,RandomForest,7,2013
2013-02-12,2013,2,12.58,12.51,12.463103446002226,2013-02-19,RandomForest,7,2013
2013-02-13,2013,2,12.57,12.53,12.466912266969752,2013-02-20,RandomForest,7,2013
2013-02-14,2013,2,12.56,12.54,12.46784481784956,2013-02-21,RandomForest,7,2013
2013-02-15,2013,2,12.55,12.53,12.474140491871083,2013-02-22,RandomForest,7,2013
2013-02-16,2013,2,12.53,12.53,12.446578937133356,2013-02-23,RandomForest,7,2013
2013-02-17,2013,2,12.52,12.52,12.445274122790835,2013-02-24,RandomForest,7,2013
2013-02-18,2013,2,12.52,12.52,12.460141767328492,2013-02-25,RandomForest,7,2013
2013-02-19,2013,2,12.51,12.53,12.461362057196688,2013-02-26,RandomForest,7,2013
2013-02-20,2013,2,12.53,12.55,12.495237659234236,2013-02-27,RandomForest,7,2013
2013-02-21,2013,2,12.54,12.59,12.513020693870647,2013-02-28,RandomForest,7,2013
2013-02-22,2013,2,12.53,12.588,12.533134232000117,2013-03-01,RandomForest,7,2013
2013-02-23,2013,2,12.53,12.57,12.581386363404734,2013-03-02,RandomForest,7,2013
2013-02-24,2013,2,12.52,12.54,12.59062865165291,2013-03-03,RandomForest,7,2013
2013-02-25,2013,2,12.52,12.52,12.591032285099246,2013-03-04,RandomForest,7,2013
2013-02-26,2013,2,12.53,12.49,12.610567961334047,2013-03-05,RandomForest,7,2013
2013-02-27,2013,2,12.55,12.46,12.643061765030563,2013-03-06,RandomForest,7,2013
2013-02-28,2013,2,12.59,12.44,12.68877711489357,2013-03-07,RandomForest,7,2013
2013-03-01,2013,3,12.588,12.42,12.676371917495555,2013-03-08,RandomForest,7,2013
2013-03-02,2013,3,12.57,12.42,12.657394079760342,2013-03-09,RandomForest,7,2013
2013-03-03,2013,3,12.54,12.41,12.650829260845448,2013-03-10,RandomForest,7,2013
2013-03-04,2013,3,12.52,12.41,12.642444042726426,2013-03-11,RandomForest,7,2013
2013-03-05,2013,3,12.49,12.42,12.604649955922488,2013-03-12,RandomForest,7,2013
2013-03-06,2013,3,12.46,12.41,12.544561386198664,2013-03-13,RandomForest,7,2013
2013-03-07,2013,3,12.44,12.4,12.530046327120164,2013-03-14,RandomForest,7,2013
2013-03-08,2013,3,12.42,12.39,12.538861207548395,2013-03-15,RandomForest,7,2013
2013-03-09,2013,3,12.42,12.38,12.574747469073758,2013-03-16,RandomForest,7,2013
2013-03-10,2013,3,12.41,12.36,12.566838429997427,2013-03-17,RandomForest,7,2013
2013-03-11,2013,3,12.41,12.35,12.58933228244497,2013-03-18,RandomForest,7,2013
2013-03-12,2013,3,12.42,12.34,12.629466782073338,2013-03-19,RandomForest,7,2013
2013-03-13,2013,3,12.41,12.33,12.614322408935625,2013-03-20,RandomForest,7,2013
2013-03-14,2013,3,12.4,12.32,12.60562870441792,2013-03-21,RandomForest,7,2013
2013-03-15,2013,3,12.39,12.33,12.596612026399345,2013-03-22,RandomForest,7,2013
2013-03-16,2013,3,12.38,12.37,12.58027289341537,2013-03-23,RandomForest,7,2013
2013-03-17,2013,3,12.36,12.41,12.565603646001206,2013-03-24,RandomForest,7,2013
2013-03-18,2013,3,12.35,12.5,12.576470444438838,2013-03-25,RandomForest,7,2013
2013-03-19,2013,3,12.34,12.54,12.607209247345839,2013-03-26,RandomForest,7,2013
2013-03-20,2013,3,12.33,12.59,12.622669802972798,2013-03-27,RandomForest,7,2013
2013-03-21,2013,3,12.32,12.65,12.64377008705225,2013-03-28,RandomForest,7,2013
2013-03-22,2013,3,12.33,12.69,12.66826814553809,2013-03-29,RandomForest,7,2013
2013-03-23,2013,3,12.37,12.71,12.688665125032912,2013-03-30,RandomForest,7,2013
2013-03-24,2013,3,12.41,12.71,12.706133001069833,2013-03-31,RandomForest,7,2013
2013-03-25,2013,3,12.5,12.69,12.82395416384852,2013-04-01,RandomForest,7,2013
2013-03-26,2013,3,12.54,12.69,12.825501465466248,2013-04-02,RandomForest,7,2013
2013-03-27,2013,3,12.59,12.73,12.889929175201683,2013-04-03,RandomForest,7,2013
2013-03-28,2013,3,12.65,12.77,12.93054942223093,2013-04-04,RandomForest,7,2013
2013-03-29,2013,3,12.69,12.77,12.97381285255581,2013-04-05,RandomForest,7,2013
2013-03-30,2013,3,12.71,12.851,13.047922757988914,2013-04-06,RandomForest,7,2013
2013-03-31,2013,3,12.71,12.896,13.101272800658975,2013-04-07,RandomForest,7,2013
2013-04-01,2013,4,12.69,13.05,13.119139302706506,2013-04-08,RandomForest,7,2013
2013-04-02,2013,4,12.69,13.19,13.123096818941614,2013-04-09,RandomForest,7,2013
2013-04-03,2013,4,12.73,13.23,13.205321171027812,2013-04-10,RandomForest,7,2013
2013-04-04,2013,4,12.77,13.23,13.234761707011721,2013-04-11,RandomForest,7,2013
2013-04-05,2013,4,12.77,13.22,13.228682316695087,2013-04-12,RandomForest,7,2013
2013-04-06,2013,4,12.851,13.33,13.336528441223392,2013-04-13,RandomForest,7,2013
2013-04-07,2013,4,12.896,13.47,13.360502064233327,2013-04-14,RandomForest,7,2013
2013-04-08,2013,4,13.05,13.5,13.723148327484015,2013-04-15,RandomForest,7,2013
2013-04-09,2013,4,13.19,13.51,13.805692015337167,2013-04-16,RandomForest,7,2013
2013-04-10,2013,4,13.23,13.48,13.72488054565139,2013-04-17,RandomForest,7,2013
2013-04-11,2013,4,13.23,13.52,13.675260058772821,2013-04-18,RandomForest,7,2013
2013-04-12,2013,4,13.22,13.81,13.73329148283741,2013-04-19,RandomForest,7,2013
2013-04-13,2013,4,13.33,14.35,13.834785316245064,2013-04-20,RandomForest,7,2013
2013-04-14,2013,4,13.47,14.55,13.997389312103621,2013-04-21,RandomForest,7,2013
2013-04-15,2013,4,13.5,14.66,13.948502830394892,2013-04-22,RandomForest,7,2013
2013-04-16,2013,4,13.51,14.58,13.977850951188717,2013-04-23,RandomForest,7,2013
2013-04-17,2013,4,13.48,14.58,13.951746834821735,2013-04-24,RandomForest,7,2013
2013-04-18,2013,4,13.52,14.45,13.987452567743158,2013-04-25,RandomForest,7,2013
2013-04-19,2013,4,13.81,14.35,14.364264985765807,2013-04-26,RandomForest,7,2013
2013-04-20,2013,4,14.35,14.26,14.858082563880126,2013-04-27,RandomForest,7,2013
2013-04-21,2013,4,14.55,14.24,14.815060831717833,2013-04-28,RandomForest,7,2013
2013-04-22,2013,4,14.66,14.2,14.782950087935536,2013-04-29,RandomForest,7,2013
2013-04-23,2013,4,14.58,14.17,14.688349698519907,2013-04-30,RandomForest,7,2013
2013-07-08,2013,7,19.2,19.37,19.422821101940368,2013-07-15,RandomForest,7,2013
2013-07-09,2013,7,19.34,19.3,19.504367407287095,2013-07-16,RandomForest,7,2013
2013-07-10,2013,7,19.47,19.13,19.667855544581748,2013-07-17,RandomForest,7,2013
2013-07-11,2013,7,19.67,19.087,19.847661060953563,2013-07-18,RandomForest,7,2013
2013-07-12,2013,7,19.68,18.99,19.657295635818652,2013-07-19,RandomForest,7,2013
2013-07-13,2013,7,19.6,19.09,19.572024695531294,2013-07-20,RandomForest,7,2013
2013-07-14,2013,7,19.46,19.12,19.315466863864742,2013-07-21,RandomForest,7,2013
2013-07-15,2013,7,19.37,19.11,19.206346355464238,2013-07-22,RandomForest,7,2013
2013-07-16,2013,7,19.3,19.02,19.30956195227635,2013-07-23,RandomForest,7,2013
2013-07-17,2013,7,19.13,19.04,18.81948182404146,2013-07-24,RandomForest,7,2013
2013-07-18,2013,7,19.087,19.05,19.198439878660086,2013-07-25,RandomForest,7,2013
2013-07-19,2013,7,18.99,19.11,18.745943360606056,2013-07-26,RandomForest,7,2013
2013-07-20,2013,7,19.09,19.15,19.52022937194161,2013-07-27,RandomForest,7,2013
2013-07-21,2013,7,19.12,19.14,19.552924929743746,2013-07-28,RandomForest,7,2013
2013-07-22,2013,7,19.11,19.07,19.109047737933373,2013-07-29,RandomForest,7,2013
2013-07-23,2013,7,19.02,19.0,18.76656931547817,2013-07-30,RandomForest,7,2013
2013-07-24,2013,7,19.04,18.94,19.127870271858786,2013-07-31,RandomForest,7,2013
2013-07-25,2013,7,19.05,18.86,18.992329843321706,2013-08-01,RandomForest,7,2013
2013-07-26,2013,7,19.11,18.78,19.10615851200367,2013-08-02,RandomForest,7,2013
2013-07-27,2013,7,19.15,18.76,19.13479663207711,2013-08-03,RandomForest,7,2013
2013-07-28,2013,7,19.14,18.69,18.837265220651616,2013-08-04,RandomForest,7,2013
2013-07-29,2013,7,19.07,18.52,18.795818331203918,2013-08-05,RandomForest,7,2013
2013-07-30,2013,7,19.0,18.4,18.761572726350973,2013-08-06,RandomForest,7,2013
2013-07-31,2013,7,18.94,18.45,18.614320729569126,2013-08-07,RandomForest,7,2013
2013-08-01,2013,8,18.86,18.51,18.549373558967577,2013-08-08,RandomForest,7,2013
2013-08-02,2013,8,18.78,18.49,18.49115048736659,2013-08-09,RandomForest,7,2013
2013-08-03,2013,8,18.76,18.43,18.44689345775707,2013-08-10,RandomForest,7,2013
2013-08-04,2013,8,18.69,18.51,18.402245262340205,2013-08-11,RandomForest,7,2013
2013-08-05,2013,8,18.52,18.6,18.201525791764332,2013-08-12,RandomForest,7,2013
2013-08-06,2013,8,18.4,18.64,18.142523790000823,2013-08-13,RandomForest,7,2013
2013-08-07,2013,8,18.45,18.63,18.5116909621319,2013-08-14,RandomForest,7,2013
2013-08-08,2013,8,18.51,18.56,18.73544475055501,2013-08-15,RandomForest,7,2013
2013-08-09,2013,8,18.49,18.45,18.620776162851392,2013-08-16,RandomForest,7,2013
2013-08-10,2013,8,18.43,18.36,18.624375046173043,2013-08-17,RandomForest,7,2013
2013-08-11,2013,8,18.51,18.29,19.20611591509599,2013-08-18,RandomForest,7,2013
2013-08-12,2013,8,18.6,18.22,19.523155000607165,2013-08-19,RandomForest,7,2013
2013-08-13,2013,8,18.64,18.12,19.303765114818855,2013-08-20,RandomForest,7,2013
2013-08-14,2013,8,18.63,18.0,19.173998196007457,2013-08-21,RandomForest,7,2013
2013-08-15,2013,8,18.56,17.97,19.27353958888727,2013-08-22,RandomForest,7,2013
2013-08-16,2013,8,18.45,17.92,18.463085265265708,2013-08-23,RandomForest,7,2013
2013-08-17,2013,8,18.36,17.83,18.39124707470338,2013-08-24,RandomForest,7,2013
2013-08-18,2013,8,18.29,17.67,18.68465405244572,2013-08-25,RandomForest,7,2013
2013-08-19,2013,8,18.22,17.54,18.488939997749828,2013-08-26,RandomForest,7,2013
2013-08-20,2013,8,18.12,17.47,17.90072227744543,2013-08-27,RandomForest,7,2013
2013-08-21,2013,8,18.0,17.53,17.771226956394536,2013-08-28,RandomForest,7,2013
2013-08-22,2013,8,17.97,17.6,18.08647856413948,2013-08-29,RandomForest,7,2013
2013-08-23,2013,8,17.92,17.6,17.78537127525514,2013-08-30,RandomForest,7,2013
2013-08-24,2013,8,17.83,17.62,17.408361996801194,2013-08-31,RandomForest,7,2013
2013-08-25,2013,8,17.67,17.62,17.197439498130123,2013-09-01,RandomForest,7,2013
2013-08-26,2013,8,17.54,17.64,17.07769241502894,2013-09-02,RandomForest,7,2013
2013-08-27,2013,8,17.47,17.79,17.306647086716744,2013-09-03,RandomForest,7,2013
2013-08-28,2013,8,17.53,17.9,17.197899406042943,2013-09-04,RandomForest,7,2013
2013-08-29,2013,8,17.6,18.17,17.36478499236059,2013-09-05,RandomForest,7,2013
2013-08-30,2013,8,17.6,18.49,17.41171472400501,2013-09-06,RandomForest,7,2013
2013-08-31,2013,8,17.62,18.8,18.280648097185498,2013-09-07,RandomForest,7,2013
2013-09-01,2013,9,17.62,19.3,18.214653546970023,2013-09-08,RandomForest,7,2013
2013-09-02,2013,9,17.64,19.66,18.233097900590906,2013-09-09,RandomForest,7,2013
2013-09-03,2013,9,17.79,19.9,18.146995402472896,2013-09-10,RandomForest,7,2013
2013-09-04,2013,9,17.9,19.91,18.12759241543899,2013-09-11,RandomForest,7,2013
2013-09-05,2013,9,18.17,19.79,18.583229018183,2013-09-12,RandomForest,7,2013
2013-09-06,2013,9,18.49,19.5,18.862420750480155,2013-09-13,RandomForest,7,2013
2013-09-07,2013,9,18.8,19.19,19.091538727015962,2013-09-14,RandomForest,7,2013
2013-09-08,2013,9,19.3,18.9,19.41755431455887,2013-09-15,RandomForest,7,2013
2013-09-09,2013,9,19.66,18.62,19.70359055050448,2013-09-16,RandomForest,7,2013
2013-09-10,2013,9,19.9,18.41,19.854498393963528,2013-09-17,RandomForest,7,2013
2013-09-11,2013,9,19.91,18.12,19.861267096632226,2013-09-18,RandomForest,7,2013
2013-09-12,2013,9,19.79,17.94,19.282842120187578,2013-09-19,RandomForest,7,2013
2013-09-13,2013,9,19.5,17.76,18.86984748753233,2013-09-20,RandomForest,7,2013
2013-09-14,2013,9,19.19,17.4,18.74517127736832,2013-09-21,RandomForest,7,2013
2013-09-15,2013,9,18.9,17.3,18.10323793964827,2013-09-22,RandomForest,7,2013
2013-09-16,2013,9,18.62,17.13,17.867917594134,2013-09-23,RandomForest,7,2013
2013-09-17,2013,9,18.41,17.01,17.78684046012476,2013-09-24,RandomForest,7,2013
2013-09-18,2013,9,18.12,16.91,17.657426033816517,2013-09-25,RandomForest,7,2013
2013-09-19,2013,9,17.94,16.82,17.560035265698968,2013-09-26,RandomForest,7,2013
2013-09-20,2013,9,17.76,16.8,17.53032919552016,2013-09-27,RandomForest,7,2013
2013-09-21,2013,9,17.4,16.81,17.144259386245274,2013-09-28,RandomForest,7,2013
2013-09-22,2013,9,17.3,16.85,17.446653890016865,2013-09-29,RandomForest,7,2013
2013-09-23,2013,9,17.13,16.87,17.08572109587808,2013-09-30,RandomForest,7,2013
2013-09-24,2013,9,17.01,16.87,16.935381389826038,2013-10-01,RandomForest,7,2013
2013-09-25,2013,9,16.91,16.84,16.96767100225766,2013-10-02,RandomForest,7,2013
2013-09-26,2013,9,16.82,16.77,16.889310557261076,2013-10-03,RandomForest,7,2013
2013-09-27,2013,9,16.8,16.68,16.66155533299746,2013-10-04,RandomForest,7,2013
2013-09-28,2013,9,16.81,16.57,16.481719156387964,2013-10-05,RandomForest,7,2013
2013-09-29,2013,9,16.85,16.51,16.325247702651133,2013-10-06,RandomForest,7,2013
2013-09-30,2013,9,16.87,16.58,16.420730522817667,2013-10-07,RandomForest,7,2013
2013-10-01,2013,10,16.87,16.63,16.43561399970289,2013-10-08,RandomForest,7,2013
2013-10-02,2013,10,16.84,16.6,16.548747806361686,2013-10-09,RandomForest,7,2013
2013-10-03,2013,10,16.77,16.55,16.499081041737686,2013-10-10,RandomForest,7,2013
2013-10-04,2013,10,16.68,16.54,16.63977601574902,2013-10-11,RandomForest,7,2013
2013-10-05,2013,10,16.57,16.59,16.712359104049195,2013-10-12,RandomForest,7,2013
2013-10-06,2013,10,16.51,16.55,16.22062427046081,2013-10-13,RandomForest,7,2013
2013-10-07,2013,10,16.58,16.48,16.290537984595122,2013-10-14,RandomForest,7,2013
2013-10-08,2013,10,16.63,16.37,16.147483768253608,2013-10-15,RandomForest,7,2013
2013-10-09,2013,10,16.6,16.37,16.03044620898797,2013-10-16,RandomForest,7,2013
2013-10-10,2013,10,16.55,16.48,16.07783720218698,2013-10-17,RandomForest,7,2013
2013-10-11,2013,10,16.54,16.37,16.041598570188945,2013-10-18,RandomForest,7,2013
2013-10-12,2013,10,16.59,16.23,16.035744944992814,2013-10-19,RandomForest,7,2013
2013-10-13,2013,10,16.55,16.0,16.035021262254254,2013-10-20,RandomForest,7,2013
2013-10-14,2013,10,16.48,15.84,15.974333777038154,2013-10-21,RandomForest,7,2013
2013-10-15,2013,10,16.37,15.74,15.825234273475777,2013-10-22,RandomForest,7,2013
2013-10-16,2013,10,16.37,15.71,15.86983692942338,2013-10-23,RandomForest,7,2013
2013-10-17,2013,10,16.48,15.68,16.000383743998057,2013-10-24,RandomForest,7,2013
2013-10-18,2013,10,16.37,15.66,15.73927902835071,2013-10-25,RandomForest,7,2013
2013-10-19,2013,10,16.23,15.71,15.636404918824358,2013-10-26,RandomForest,7,2013
2013-10-20,2013,10,16.0,15.74,15.409399274708239,2013-10-27,RandomForest,7,2013
2013-10-21,2013,10,15.84,15.82,15.294888425876401,2013-10-28,RandomForest,7,2013
2013-10-22,2013,10,15.74,15.82,15.281950846480065,2013-10-29,RandomForest,7,2013
2013-10-23,2013,10,15.71,15.74,15.265703980272638,2013-10-30,RandomForest,7,2013
2013-10-24,2013,10,15.68,15.63,15.363627219436445,2013-10-31,RandomForest,7,2013
2013-10-25,2013,10,15.66,15.52,15.364427571102357,2013-11-01,RandomForest,7,2013
2013-10-26,2013,10,15.71,15.42,15.432312357989586,2013-11-02,RandomForest,7,2013
2013-10-27,2013,10,15.74,15.4,15.260539125153182,2013-11-03,RandomForest,7,2013
2013-10-28,2013,10,15.82,15.49,15.309422539301393,2013-11-04,RandomForest,7,2013
2013-10-29,2013,10,15.82,15.57,15.245933403622173,2013-11-05,RandomForest,7,2013
2013-10-30,2013,10,15.74,15.59,15.295476025886357,2013-11-06,RandomForest,7,2013
2013-10-31,2013,10,15.63,15.54,15.165132316570682,2013-11-07,RandomForest,7,2013
2013-11-01,2013,11,15.52,15.43,15.061245283815685,2013-11-08,RandomForest,7,2013
2013-11-02,2013,11,15.42,15.34,14.955969584518408,2013-11-09,RandomForest,7,2013
2013-11-03,2013,11,15.4,15.21,15.116541346558039,2013-11-10,RandomForest,7,2013
2013-11-04,2013,11,15.49,15.09,15.341144313631839,2013-11-11,RandomForest,7,2013
2013-11-05,2013,11,15.57,15.0,15.376431235824635,2013-11-12,RandomForest,7,2013
2013-11-06,2013,11,15.59,14.91,15.323542567263212,2013-11-13,RandomForest,7,2013
2013-11-07,2013,11,15.54,14.84,15.19829651819072,2013-11-14,RandomForest,7,2013
2013-11-08,2013,11,15.43,14.72,14.987529969383823,2013-11-15,RandomForest,7,2013
2013-11-09,2013,11,15.34,14.66,14.924426687744997,2013-11-16,RandomForest,7,2013
2013-11-10,2013,11,15.21,14.58,14.722811518309237,2013-11-17,RandomForest,7,2013
2013-11-11,2013,11,15.09,14.53,14.618575710152204,2013-11-18,RandomForest,7,2013
2013-11-12,2013,11,15.0,14.44,14.589941090885832,2013-11-19,RandomForest,7,2013
2013-11-13,2013,11,14.91,14.44,14.50408974366361,2013-11-20,RandomForest,7,2013
2013-11-14,2013,11,14.84,14.38,14.49220735104735,2013-11-21,RandomForest,7,2013
2013-11-15,2013,11,14.72,14.33,14.291482089014506,2013-11-22,RandomForest,7,2013
2013-11-16,2013,11,14.66,14.27,14.322953689722857,2013-11-23,RandomForest,7,2013
2013-11-17,2013,11,14.58,14.22,14.267322470011512,2013-11-24,RandomForest,7,2013
2013-11-18,2013,11,14.53,14.17,14.235293870897085,2013-11-25,RandomForest,7,2013
2013-11-19,2013,11,14.44,14.12,14.11861205159319,2013-11-26,RandomForest,7,2013
2013-11-20,2013,11,14.44,14.08,14.240575185427087,2013-11-27,RandomForest,7,2013
2013-11-21,2013,11,14.38,14.03,14.196724823493588,2013-11-28,RandomForest,7,2013
2013-11-22,2013,11,14.33,13.99,14.110009894496038,2013-11-29,RandomForest,7,2013
2013-11-23,2013,11,14.27,13.96,14.04311658850898,2013-11-30,RandomForest,7,2013
2013-11-24,2013,11,14.22,13.92,13.99717611233835,2013-12-01,RandomForest,7,2013
2013-11-25,2013,11,14.17,13.87,13.949509291042254,2013-12-02,RandomForest,7,2013
2013-11-26,2013,11,14.12,13.82,13.89543675372882,2013-12-03,RandomForest,7,2013
2013-11-27,2013,11,14.08,13.78,13.865389166396263,2013-12-04,RandomForest,7,2013
2013-11-28,2013,11,14.03,13.76,13.80681990026372,2013-12-05,RandomForest,7,2013
2013-11-29,2013,11,13.99,13.74,13.775275972831656,2013-12-06,RandomForest,7,2013
2013-11-30,2013,11,13.96,13.7,13.756258169921336,2013-12-07,RandomForest,7,2013
2013-12-01,2013,12,13.92,13.67,13.717421710998362,2013-12-08,RandomForest,7,2013
2013-12-02,2013,12,13.87,13.64,13.64720026225467,2013-12-09,RandomForest,7,2013
2013-12-03,2013,12,13.82,13.6,13.59720026225467,2013-12-10,RandomForest,7,2013
2013-12-04,2013,12,13.78,13.56,13.565275972831655,2013-12-11,RandomForest,7,2013
2013-12-05,2013,12,13.76,13.54,13.558791199910203,2013-12-12,RandomForest,7,2013
2013-12-06,2013,12,13.74,13.51,13.541109213578526,2013-12-13,RandomForest,7,2013
2013-12-07,2013,12,13.7,13.48,13.501411891731005,2013-12-14,RandomForest,7,2013
2013-12-08,2013,12,13.67,13.45,13.47480785305154,2013-12-15,RandomForest,7,2013
2013-12-09,2013,12,13.64,13.42,13.443967896328079,2013-12-16,RandomForest,7,2013
2013-12-10,2013,12,13.6,13.4,13.403091734646027,2013-12-17,RandomForest,7,2013
2013-12-11,2013,12,13.56,13.38,13.362274128490984,2013-12-18,RandomForest,7,2013
2013-12-12,2013,12,13.54,13.36,13.354311533991998,2013-12-19,RandomForest,7,2013
2013-12-13,2013,12,13.51,13.34,13.337422339655063,2013-12-20,RandomForest,7,2013
2013-12-14,2013,12,13.48,13.32,13.308372492796625,2013-12-21,RandomForest,7,2013
2013-12-15,2013,12,13.45,13.29,13.281204530743398,2013-12-22,RandomForest,7,2013
2013-12-16,2013,12,13.42,13.26,13.253660958690016,2013-12-23,RandomForest,7,2013
2013-12-17,2013,12,13.4,13.24,13.237338887697923,2013-12-24,RandomForest,7,2013
2013-12-18,2013,12,13.38,13.21,13.217390509319547,2013-12-25,RandomForest,7,2013
2013-12-19,2013,12,13.36,13.19,13.197715778884762,2013-12-26,RandomForest,7,2013
2013-12-20,2013,12,13.34,13.17,13.178871159854191,2013-12-27,RandomForest,7,2013
2013-12-21,2013,12,13.32,13.14,13.159519082410789,2013-12-28,RandomForest,7,2013
2013-12-22,2013,12,13.29,13.12,13.13109298053382,2013-12-29,RandomForest,7,2013
2013-12-23,2013,12,13.26,13.09,13.100004549799728,2013-12-30,RandomForest,7,2013
2013-12-24,2013,12,13.24,13.06,13.083676229652974,2013-12-31,RandomForest,7,2013
2013-12-25,2013,12,13.21,13.04,13.053048042842825,2014-01-01,RandomForest,7,2013
2013-12-26,2013,12,13.19,13.02,13.039915866994702,2014-01-02,RandomForest,7,2013
2013-12-27,2013,12,13.17,12.99,13.025934108384764,2014-01-03,RandomForest,7,2013
2013-12-28,2013,12,13.14,12.97,12.989754763466372,2014-01-04,RandomForest,7,2013
2013-12-29,2013,12,13.12,12.95,12.974027339845646,2014-01-05,RandomForest,7,2013
2013-12-30,2013,12,13.09,12.93,12.937157473553064,2014-01-06,RandomForest,7,2013
2013-12-31,2013,12,13.06,12.93,12.910322474900155,2014-01-07,RandomForest,7,2013
2014-01-01,2014,1,13.04,12.92,12.895667861930496,2014-01-08,RandomForest,7,2014
2014-01-02,2014,1,13.02,12.9,12.876971120320803,2014-01-09,RandomForest,7,2014
2014-01-03,2014,1,12.99,12.88,12.830481533441636,2014-01-10,RandomForest,7,2014
2014-01-04,2014,1,12.97,12.86,12.803330979087646,2014-01-11,RandomForest,7,2014
2014-01-05,2014,1,12.95,12.83,12.78168362467165,2014-01-12,RandomForest,7,2014
2014-01-06,2014,1,12.93,12.82,12.76596835830568,2014-01-13,RandomForest,7,2014
2014-01-07,2014,1,12.93,12.8,12.770821857459529,2014-01-14,RandomForest,7,2014
2014-01-08,2014,1,12.92,12.79,12.77468354464527,2014-01-15,RandomForest,7,2014
2014-01-09,2014,1,12.9,12.77,12.759025876097414,2014-01-16,RandomForest,7,2014
2014-01-10,2014,1,12.88,12.75,12.743937694962533,2014-01-17,RandomForest,7,2014
2014-01-11,2014,1,12.86,12.73,12.730140113599067,2014-01-18,RandomForest,7,2014
2014-01-12,2014,1,12.83,12.72,12.701107020976426,2014-01-19,RandomForest,7,2014
2014-01-13,2014,1,12.82,12.7,12.692143179118895,2014-01-20,RandomForest,7,2014
2014-01-14,2014,1,12.8,12.68,12.670068458439115,2014-01-21,RandomForest,7,2014
2014-01-15,2014,1,12.79,12.66,12.66073134477265,2014-01-22,RandomForest,7,2014
2014-01-16,2014,1,12.77,12.65,12.641679639220872,2014-01-23,RandomForest,7,2014
2014-01-17,2014,1,12.75,12.64,12.6233196569261,2014-01-24,RandomForest,7,2014
2014-01-18,2014,1,12.73,12.63,12.60339532024638,2014-01-25,RandomForest,7,2014
2014-01-19,2014,1,12.72,12.62,12.59515595848888,2014-01-26,RandomForest,7,2014
2014-01-20,2014,1,12.7,12.61,12.576109402201078,2014-01-27,RandomForest,7,2014
2014-01-21,2014,1,12.68,12.59,12.553996311315505,2014-01-28,RandomForest,7,2014
2014-01-22,2014,1,12.66,12.57,12.53517180791979,2014-01-29,RandomForest,7,2014
2014-01-23,2014,1,12.65,12.55,12.534384845136897,2014-01-30,RandomForest,7,2014
2014-01-24,2014,1,12.64,12.53,12.527038801303496,2014-01-31,RandomForest,7,2014
2014-06-08,2014,6,16.32,17.07,17.580370625038814,2014-06-15,RandomForest,7,2014
2014-06-09,2014,6,16.66,17.21,17.433107424153004,2014-06-16,RandomForest,7,2014
2014-06-10,2014,6,16.88,17.25,17.67815535706932,2014-06-17,RandomForest,7,2014
2014-06-11,2014,6,16.92,17.19,17.600873397769746,2014-06-18,RandomForest,7,2014
2014-06-12,2014,6,16.92,17.11,17.55096337840647,2014-06-19,RandomForest,7,2014
2014-06-13,2014,6,16.92,16.99,17.52939377011669,2014-06-20,RandomForest,7,2014
2014-06-14,2014,6,16.97,16.92,17.645168273136477,2014-06-21,RandomForest,7,2014
2014-06-15,2014,6,17.07,16.9,17.77146983638882,2014-06-22,RandomForest,7,2014
2014-06-16,2014,6,17.21,17.2,18.120889094679008,2014-06-23,RandomForest,7,2014
2014-06-17,2014,6,17.25,17.49,18.057747332672385,2014-06-24,RandomForest,7,2014
2014-06-18,2014,6,17.19,17.82,17.972941328792725,2014-06-25,RandomForest,7,2014
2014-06-19,2014,6,17.11,18.14,17.813407075936563,2014-06-26,RandomForest,7,2014
2014-06-20,2014,6,16.99,18.44,17.693879017532808,2014-06-27,RandomForest,7,2014
2014-06-21,2014,6,16.92,18.56,17.7321695158269,2014-06-28,RandomForest,7,2014
2014-06-22,2014,6,16.9,18.57,17.72512302752254,2014-06-29,RandomForest,7,2014
2014-06-23,2014,6,17.2,18.57,18.251192064415203,2014-06-30,RandomForest,7,2014
2014-06-24,2014,6,17.49,18.58,18.41628032802352,2014-07-01,RandomForest,7,2014
2014-06-25,2014,6,17.82,18.5,18.57163608502799,2014-07-02,RandomForest,7,2014
2014-06-26,2014,6,18.14,18.34,18.286331823804773,2014-07-03,RandomForest,7,2014
2014-06-27,2014,6,18.44,18.362,18.3676491221966,2014-07-04,RandomForest,7,2014
2014-06-28,2014,6,18.56,18.47,18.350067125499578,2014-07-05,RandomForest,7,2014
2014-06-29,2014,6,18.57,18.59,18.31214616067173,2014-07-06,RandomForest,7,2014
2014-06-30,2014,6,18.57,18.63,18.61995232707946,2014-07-07,RandomForest,7,2014
2014-07-01,2014,7,18.58,18.66,18.885281035080748,2014-07-08,RandomForest,7,2014
2014-07-02,2014,7,18.5,18.5,19.00363695965177,2014-07-09,RandomForest,7,2014
2014-07-03,2014,7,18.34,18.49,19.066801155461185,2014-07-10,RandomForest,7,2014
2014-07-04,2014,7,18.362,18.53,19.258004196976906,2014-07-11,RandomForest,7,2014
2014-07-05,2014,7,18.47,18.48,19.354202794118265,2014-07-12,RandomForest,7,2014
2014-07-06,2014,7,18.59,18.4,19.322431601424057,2014-07-13,RandomForest,7,2014
2014-07-07,2014,7,18.63,18.46,19.320983761925717,2014-07-14,RandomForest,7,2014
2014-07-08,2014,7,18.66,18.46,19.044918519479157,2014-07-15,RandomForest,7,2014
2014-07-09,2014,7,18.5,18.4,18.52325248961649,2014-07-16,RandomForest,7,2014
2014-07-10,2014,7,18.49,18.34,18.718298681739196,2014-07-17,RandomForest,7,2014
2014-07-11,2014,7,18.53,18.35,19.411955306385693,2014-07-18,RandomForest,7,2014
2014-07-12,2014,7,18.48,18.42,18.94317408961573,2014-07-19,RandomForest,7,2014
2014-07-13,2014,7,18.4,18.53,18.443243339565818,2014-07-20,RandomForest,7,2014
2014-07-14,2014,7,18.46,18.67,18.841310526318058,2014-07-21,RandomForest,7,2014
2014-07-15,2014,7,18.46,18.88,18.87209336679302,2014-07-22,RandomForest,7,2014
2014-07-16,2014,7,18.4,18.98,18.86445127431961,2014-07-23,RandomForest,7,2014
2014-07-17,2014,7,18.34,18.97,18.958131470960815,2014-07-24,RandomForest,7,2014
2014-07-18,2014,7,18.35,18.97,18.89876989916072,2014-07-25,RandomForest,7,2014
2014-07-19,2014,7,18.42,18.91,18.98073069011759,2014-07-26,RandomForest,7,2014
2014-07-20,2014,7,18.53,18.87,19.162128936895645,2014-07-27,RandomForest,7,2014
2014-07-21,2014,7,18.67,18.75,19.160590483808733,2014-07-28,RandomForest,7,2014
2014-07-22,2014,7,18.88,18.65,19.275142918431705,2014-07-29,RandomForest,7,2014
2014-07-23,2014,7,18.98,18.58,19.162141138135983,2014-07-30,RandomForest,7,2014
2014-07-24,2014,7,18.97,18.48,18.79610162140661,2014-07-31,RandomForest,7,2014
2014-07-25,2014,7,18.97,18.41,18.91844155983031,2014-08-01,RandomForest,7,2014
2014-07-26,2014,7,18.91,18.36,18.77616293134189,2014-08-02,RandomForest,7,2014
2014-07-27,2014,7,18.87,18.3,18.70512024349767,2014-08-03,RandomForest,7,2014
2014-07-28,2014,7,18.75,18.24,18.560435326344475,2014-08-04,RandomForest,7,2014
2014-07-29,2014,7,18.65,18.22,18.43112602736534,2014-08-05,RandomForest,7,2014
2014-07-30,2014,7,18.58,18.23,18.312126867485468,2014-08-06,RandomForest,7,2014
2014-07-31,2014,7,18.48,18.23,18.26318978738237,2014-08-07,RandomForest,7,2014
2014-08-01,2014,8,18.41,18.24,18.23296515735451,2014-08-08,RandomForest,7,2014
2014-08-02,2014,8,18.36,18.17,18.209215051540465,2014-08-09,RandomForest,7,2014
2014-08-03,2014,8,18.3,18.17,18.14990070358414,2014-08-10,RandomForest,7,2014
2014-08-04,2014,8,18.24,18.24,18.166042773500212,2014-08-11,RandomForest,7,2014
2014-08-05,2014,8,18.22,18.26,18.379287364503544,2014-08-12,RandomForest,7,2014
2014-08-06,2014,8,18.23,18.28,18.594020622610437,2014-08-13,RandomForest,7,2014
2014-08-07,2014,8,18.23,18.39,18.758508550057034,2014-08-14,RandomForest,7,2014
2014-08-08,2014,8,18.24,18.58,18.790223874475537,2014-08-15,RandomForest,7,2014
2014-08-09,2014,8,18.17,18.86,18.541311092588113,2014-08-16,RandomForest,7,2014
2014-08-10,2014,8,18.17,19.42,18.633556975535996,2014-08-17,RandomForest,7,2014
2014-08-11,2014,8,18.24,19.7,18.710368835529064,2014-08-18,RandomForest,7,2014
2014-08-12,2014,8,18.26,19.82,18.688302310134937,2014-08-19,RandomForest,7,2014
2014-08-13,2014,8,18.28,19.86,18.688036239824793,2014-08-20,RandomForest,7,2014
2014-08-14,2014,8,18.39,19.86,18.83547782505821,2014-08-21,RandomForest,7,2014
2014-08-15,2014,8,18.58,19.86,18.94284519938129,2014-08-22,RandomForest,7,2014
2014-08-16,2014,8,18.86,19.81,19.239382969236807,2014-08-23,RandomForest,7,2014
2014-08-17,2014,8,19.42,19.75,19.695443570623123,2014-08-24,RandomForest,7,2014
2014-08-18,2014,8,19.7,19.79,19.82756130322121,2014-08-25,RandomForest,7,2014
2014-08-19,2014,8,19.82,19.77,19.5388000289495,2014-08-26,RandomForest,7,2014
2014-08-20,2014,8,19.86,19.92,19.472120101309393,2014-08-27,RandomForest,7,2014
2014-08-21,2014,8,19.86,20.15,19.305246034225238,2014-08-28,RandomForest,7,2014
2014-08-22,2014,8,19.86,20.21,19.300953203128813,2014-08-29,RandomForest,7,2014
2014-08-23,2014,8,19.81,20.17,19.262739202850554,2014-08-30,RandomForest,7,2014
2014-08-24,2014,8,19.75,20.02,19.17059666475109,2014-08-31,RandomForest,7,2014
2014-08-25,2014,8,19.79,19.8,19.15817021385113,2014-09-01,RandomForest,7,2014
2014-08-26,2014,8,19.77,19.58,19.225864450425064,2014-09-02,RandomForest,7,2014
2014-08-27,2014,8,19.92,19.38,19.373124920065862,2014-09-03,RandomForest,7,2014
2014-08-28,2014,8,20.15,19.16,19.62336424388534,2014-09-04,RandomForest,7,2014
2014-08-29,2014,8,20.21,18.93,19.481274049259518,2014-09-05,RandomForest,7,2014
2014-08-30,2014,8,20.17,18.74,19.25258883479874,2014-09-06,RandomForest,7,2014
2014-08-31,2014,8,20.02,18.56,18.817012964376204,2014-09-07,RandomForest,7,2014
2014-09-01,2014,9,19.8,18.42,18.607440024593764,2014-09-08,RandomForest,7,2014
2014-09-02,2014,9,19.58,18.27,18.46870151010101,2014-09-09,RandomForest,7,2014
2014-09-03,2014,9,19.38,18.15,18.42251935683117,2014-09-10,RandomForest,7,2014
2014-09-04,2014,9,19.16,18.23,18.151461115906116,2014-09-11,RandomForest,7,2014
2014-09-05,2014,9,18.93,18.24,17.828331862998137,2014-09-12,RandomForest,7,2014
2014-09-06,2014,9,18.74,18.11,17.89758399039725,2014-09-13,RandomForest,7,2014
2014-09-07,2014,9,18.56,18.1,17.77538341896868,2014-09-14,RandomForest,7,2014
2014-09-08,2014,9,18.42,18.18,17.797638005071214,2014-09-15,RandomForest,7,2014
2014-09-09,2014,9,18.27,18.25,17.704084381940973,2014-09-16,RandomForest,7,2014
2014-09-10,2014,9,18.15,18.27,17.579780610998128,2014-09-17,RandomForest,7,2014
2014-09-11,2014,9,18.23,18.22,18.663799993169725,2014-09-18,RandomForest,7,2014
2014-09-12,2014,9,18.24,18.11,18.66003293042044,2014-09-19,RandomForest,7,2014
2014-09-13,2014,9,18.11,18.01,17.78410758064951,2014-09-20,RandomForest,7,2014
2014-09-14,2014,9,18.1,18.01,18.23985624443443,2014-09-21,RandomForest,7,2014
2014-09-15,2014,9,18.18,18.75,18.781501714979086,2014-09-22,RandomForest,7,2014
2014-09-16,2014,9,18.25,19.24,18.732628254312367,2014-09-23,RandomForest,7,2014
2014-09-17,2014,9,18.27,19.3,18.664017967838088,2014-09-24,RandomForest,7,2014
2014-09-18,2014,9,18.22,19.28,18.456107623741342,2014-09-25,RandomForest,7,2014
2014-09-19,2014,9,18.11,19.17,17.756171609315597,2014-09-26,RandomForest,7,2014
2014-09-20,2014,9,18.01,19.12,17.71543917285943,2014-09-27,RandomForest,7,2014
2014-09-21,2014,9,18.01,19.11,18.228692729582264,2014-09-28,RandomForest,7,2014
2014-09-22,2014,9,18.75,19.12,19.182063207503457,2014-09-29,RandomForest,7,2014
2014-09-23,2014,9,19.24,19.07,19.654046624883428,2014-09-30,RandomForest,7,2014
2014-09-24,2014,9,19.3,18.95,19.74506617311959,2014-10-01,RandomForest,7,2014
2014-09-25,2014,9,19.28,18.85,19.382829607516936,2014-10-02,RandomForest,7,2014
2014-09-26,2014,9,19.17,18.72,18.747403762765845,2014-10-03,RandomForest,7,2014
2014-09-27,2014,9,19.12,18.58,18.865381338066253,2014-10-04,RandomForest,7,2014
2014-09-28,2014,9,19.11,18.26,18.27572694870685,2014-10-05,RandomForest,7,2014
2014-09-29,2014,9,19.12,18.0,18.274271378266178,2014-10-06,RandomForest,7,2014
2014-09-30,2014,9,19.07,17.73,18.157076219883397,2014-10-07,RandomForest,7,2014
2014-10-01,2014,10,18.95,17.54,18.300725534748995,2014-10-08,RandomForest,7,2014
2014-10-02,2014,10,18.85,17.21,18.116551349689882,2014-10-09,RandomForest,7,2014
2014-10-03,2014,10,18.72,17.04,18.092117471321355,2014-10-10,RandomForest,7,2014
2014-10-04,2014,10,18.58,16.9,17.983327106489646,2014-10-11,RandomForest,7,2014
2014-10-05,2014,10,18.26,16.79,17.773524155864408,2014-10-12,RandomForest,7,2014
2014-10-06,2014,10,18.0,16.5,17.745025401493315,2014-10-13,RandomForest,7,2014
2014-10-07,2014,10,17.73,16.39,17.64808187887303,2014-10-14,RandomForest,7,2014
2014-10-08,2014,10,17.54,16.31,17.795296280816256,2014-10-15,RandomForest,7,2014
2014-10-09,2014,10,17.21,16.19,17.44437368743919,2014-10-16,RandomForest,7,2014
2014-10-10,2014,10,17.04,16.09,16.86563859102972,2014-10-17,RandomForest,7,2014
2014-10-11,2014,10,16.9,16.01,16.273162036605644,2014-10-18,RandomForest,7,2014
2014-10-12,2014,10,16.79,15.92,16.352268839875602,2014-10-19,RandomForest,7,2014
2014-10-13,2014,10,16.5,15.81,15.835093064052794,2014-10-20,RandomForest,7,2014
2014-10-14,2014,10,16.39,15.75,15.88929248168396,2014-10-21,RandomForest,7,2014
2014-10-15,2014,10,16.31,15.72,15.8906153517025,2014-10-22,RandomForest,7,2014
2014-10-16,2014,10,16.19,15.71,15.69110480470842,2014-10-23,RandomForest,7,2014
2014-10-17,2014,10,16.09,15.62,15.63372340060661,2014-10-24,RandomForest,7,2014
2014-10-18,2014,10,16.01,15.51,15.554930118569361,2014-10-25,RandomForest,7,2014
2014-10-19,2014,10,15.92,15.44,15.463600777240597,2014-10-26,RandomForest,7,2014
2014-10-20,2014,10,15.81,15.32,15.394856369535102,2014-10-27,RandomForest,7,2014
2014-10-21,2014,10,15.75,15.21,15.43491060440716,2014-10-28,RandomForest,7,2014
2014-10-22,2014,10,15.72,15.14,15.465307770390812,2014-10-29,RandomForest,7,2014
2014-10-23,2014,10,15.71,15.08,15.469943745724116,2014-10-30,RandomForest,7,2014
2014-10-24,2014,10,15.62,14.99,15.265731462997811,2014-10-31,RandomForest,7,2014
2014-10-25,2014,10,15.51,14.92,15.11336977835976,2014-11-01,RandomForest,7,2014
2014-10-26,2014,10,15.44,14.86,15.186150094890047,2014-11-02,RandomForest,7,2014
2014-10-27,2014,10,15.32,14.82,14.84208187090912,2014-11-03,RandomForest,7,2014
2014-10-28,2014,10,15.21,14.77,14.781029428231813,2014-11-04,RandomForest,7,2014
2014-10-29,2014,10,15.14,14.7,14.787039929390449,2014-11-05,RandomForest,7,2014
2014-10-30,2014,10,15.08,14.65,14.737415386182876,2014-11-06,RandomForest,7,2014
2014-10-31,2014,10,14.99,14.55,14.60491122952844,2014-11-07,RandomForest,7,2014
2014-11-01,2014,11,14.92,14.49,14.573308574076133,2014-11-08,RandomForest,7,2014
2014-11-02,2014,11,14.86,14.43,14.51632058293784,2014-11-09,RandomForest,7,2014
2014-11-03,2014,11,14.82,14.41,14.511885540839696,2014-11-10,RandomForest,7,2014
2014-11-04,2014,11,14.77,14.35,14.44446516616232,2014-11-11,RandomForest,7,2014
2014-11-05,2014,11,14.7,14.32,14.372146010658444,2014-11-12,RandomForest,7,2014
2014-11-06,2014,11,14.65,14.28,14.34160003317839,2014-11-13,RandomForest,7,2014
2014-11-07,2014,11,14.55,14.18,14.189197170065432,2014-11-14,RandomForest,7,2014
2014-11-08,2014,11,14.49,14.09,14.250438959631804,2014-11-15,RandomForest,7,2014
2014-11-09,2014,11,14.43,14.01,14.19351164544693,2014-11-16,RandomForest,7,2014
2014-11-10,2014,11,14.41,14.0,14.184506035055085,2014-11-17,RandomForest,7,2014
2014-11-11,2014,11,14.35,13.97,14.107066342347865,2014-11-18,RandomForest,7,2014
2014-11-12,2014,11,14.32,13.94,14.086654275524392,2014-11-19,RandomForest,7,2014
2014-11-13,2014,11,14.28,13.94,14.04438127545303,2014-11-20,RandomForest,7,2014
2014-11-14,2014,11,14.18,13.93,13.82840605964957,2014-11-21,RandomForest,7,2014
2014-11-15,2014,11,14.09,13.93,13.756869605846484,2014-11-22,RandomForest,7,2014
2014-11-16,2014,11,14.01,13.91,13.7534202728494,2014-11-23,RandomForest,7,2014
2014-11-17,2014,11,14.0,13.86,13.775924350828955,2014-11-24,RandomForest,7,2014
2014-11-18,2014,11,13.97,13.83,13.771145943935945,2014-11-25,RandomForest,7,2014
2014-11-19,2014,11,13.94,13.79,13.752961389461472,2014-11-26,RandomForest,7,2014
2014-11-20,2014,11,13.94,13.75,13.755613049282735,2014-11-27,RandomForest,7,2014
2014-11-21,2014,11,13.93,13.73,13.751076689915616,2014-11-28,RandomForest,7,2014
2014-11-22,2014,11,13.93,13.7,13.734887423710589,2014-11-29,RandomForest,7,2014
2014-11-23,2014,11,13.91,13.67,13.652056913356505,2014-11-30,RandomForest,7,2014
2015-01-08,2015,1,12.65,12.56,12.515727944552015,2015-01-15,RandomForest,7,2015
2015-01-09,2015,1,12.64,12.544,12.510983712334713,2015-01-16,RandomForest,7,2015
2015-01-10,2015,1,12.618,12.526,12.493645694995061,2015-01-17,RandomForest,7,2015
2015-01-11,2015,1,12.594,12.51,12.46996855283145,2015-01-18,RandomForest,7,2015
2015-01-12,2015,1,12.58,12.49,12.45328224164723,2015-01-19,RandomForest,7,2015
2015-01-13,2015,1,12.57,12.448,12.437705711732397,2015-01-20,RandomForest,7,2015
2015-01-14,2015,1,12.56,12.414,12.42372834581344,2015-01-21,RandomForest,7,2015
2015-01-15,2015,1,12.56,12.386,12.42270070170997,2015-01-22,RandomForest,7,2015
2015-01-16,2015,1,12.544,12.364,12.420450943066848,2015-01-23,RandomForest,7,2015
2015-01-17,2015,1,12.526,12.346,12.42068484461959,2015-01-24,RandomForest,7,2015
2015-01-18,2015,1,12.51,12.324,12.410487734316149,2015-01-25,RandomForest,7,2015
2015-01-19,2015,1,12.49,12.314,12.390418050441973,2015-01-26,RandomForest,7,2015
2015-01-20,2015,1,12.448,12.29,12.348465522186162,2015-01-27,RandomForest,7,2015
2015-01-21,2015,1,12.414,12.274,12.305780103150324,2015-01-28,RandomForest,7,2015
2015-01-22,2015,1,12.386,12.25,12.270332814917913,2015-01-29,RandomForest,7,2015
2015-01-23,2015,1,12.364,12.24,12.246560355421991,2015-01-30,RandomForest,7,2015
2015-01-24,2015,1,12.346,12.23,12.23238903746643,2015-01-31,RandomForest,7,2015
2015-01-25,2015,1,12.324,12.21,12.214387692374526,2015-02-01,RandomForest,7,2015
2015-01-26,2015,1,12.314,12.196,12.20956375032719,2015-02-02,RandomForest,7,2015
2015-01-27,2015,1,12.29,12.18,12.187597312154757,2015-02-03,RandomForest,7,2015
2015-01-28,2015,1,12.274,12.162,12.173155401354064,2015-02-04,RandomForest,7,2015
2015-01-29,2015,1,12.25,12.15,12.148639229127598,2015-02-05,RandomForest,7,2015
2015-01-30,2015,1,12.24,12.134,12.140117843718379,2015-02-06,RandomForest,7,2015
2015-01-31,2015,1,12.23,12.12,12.131097047579338,2015-02-07,RandomForest,7,2015
2015-02-01,2015,2,12.21,12.11,12.111570121663313,2015-02-08,RandomForest,7,2015
2015-02-02,2015,2,12.196,12.1,12.096896078656409,2015-02-09,RandomForest,7,2015
2015-02-03,2015,2,12.18,12.1,12.081508358929762,2015-02-10,RandomForest,7,2015
2015-02-04,2015,2,12.162,12.1,12.064557849390564,2015-02-11,RandomForest,7,2015
2015-02-05,2015,2,12.15,12.084,12.054408921529495,2015-02-12,RandomForest,7,2015
2015-02-06,2015,2,12.134,12.066,12.04049144575664,2015-02-13,RandomForest,7,2015
2015-02-07,2015,2,12.12,12.044,12.02910408908222,2015-02-14,RandomForest,7,2015
2015-02-08,2015,2,12.11,12.026,12.034238689997538,2015-02-15,RandomForest,7,2015
2015-02-09,2015,2,12.1,12.01,12.04063008324019,2015-02-16,RandomForest,7,2015
2015-02-10,2015,2,12.1,12.01,12.029252020714715,2015-02-17,RandomForest,7,2015
2015-02-11,2015,2,12.1,12.0,12.047827844121834,2015-02-18,RandomForest,7,2015
2015-02-12,2015,2,12.084,11.994,12.054887023548291,2015-02-19,RandomForest,7,2015
2015-02-13,2015,2,12.066,11.99,12.05601948636495,2015-02-20,RandomForest,7,2015
2015-02-14,2015,2,12.044,11.986,12.043491607497439,2015-02-21,RandomForest,7,2015
2015-02-15,2015,2,12.026,11.98,12.000643855186185,2015-02-22,RandomForest,7,2015
2015-02-16,2015,2,12.01,11.97,11.998616394702225,2015-02-23,RandomForest,7,2015
2015-02-17,2015,2,12.01,11.96,12.022028185684887,2015-02-24,RandomForest,7,2015
2015-02-18,2015,2,12.0,11.95,12.03287434047162,2015-02-25,RandomForest,7,2015
2015-02-19,2015,2,11.994,11.94,12.07542299779599,2015-02-26,RandomForest,7,2015
2015-02-20,2015,2,11.99,11.94,12.111597730593692,2015-02-27,RandomForest,7,2015
2015-02-21,2015,2,11.986,11.93,12.175216185518186,2015-02-28,RandomForest,7,2015
2015-02-22,2015,2,11.98,11.93,12.213254772893773,2015-03-01,RandomForest,7,2015
2015-02-23,2015,2,11.97,11.93,12.234705212454212,2015-03-02,RandomForest,7,2015
2015-02-24,2015,2,11.96,11.92,12.278046725274725,2015-03-03,RandomForest,7,2015
2015-02-25,2015,2,11.95,11.91,12.31304802106227,2015-03-04,RandomForest,7,2015
2015-02-26,2015,2,11.94,11.91,12.321235832584081,2015-03-05,RandomForest,7,2015
2015-02-27,2015,2,11.94,11.916,12.310823751451808,2015-03-06,RandomForest,7,2015
2015-02-28,2015,2,11.93,11.936,12.309907583639228,2015-03-07,RandomForest,7,2015
2015-03-01,2015,3,11.93,12.016,12.294826575235867,2015-03-08,RandomForest,7,2015
2015-03-02,2015,3,11.93,12.182,12.292589432378724,2015-03-09,RandomForest,7,2015
2015-03-03,2015,3,11.92,12.318,12.29504853602018,2015-03-10,RandomForest,7,2015
2015-03-04,2015,3,11.91,12.384,12.286004124992612,2015-03-11,RandomForest,7,2015
2015-03-05,2015,3,11.91,12.464,12.281019021351156,2015-03-12,RandomForest,7,2015
2015-03-06,2015,3,11.916,12.606,12.27226935468449,2015-03-13,RandomForest,7,2015
2015-03-07,2015,3,11.936,12.678,12.25349055845839,2015-03-14,RandomForest,7,2015
2015-03-08,2015,3,12.016,12.646,12.317773614624585,2015-03-15,RandomForest,7,2015
2015-03-09,2015,3,12.182,12.556,12.19173150818858,2015-03-16,RandomForest,7,2015
2015-03-10,2015,3,12.318,12.448,12.253703055807627,2015-03-17,RandomForest,7,2015
2015-03-11,2015,3,12.384,12.358,12.28663356862814,2015-03-18,RandomForest,7,2015
2015-03-12,2015,3,12.464,12.29,12.325188071658443,2015-03-19,RandomForest,7,2015
2015-03-13,2015,3,12.606,12.24,12.42466481629646,2015-03-20,RandomForest,7,2015
2015-03-14,2015,3,12.678,12.204,12.514191661534557,2015-03-21,RandomForest,7,2015
2015-03-15,2015,3,12.646,12.19,12.534157193768326,2015-03-22,RandomForest,7,2015
2015-03-16,2015,3,12.556,12.18,12.45024495007191,2015-03-23,RandomForest,7,2015
2015-03-17,2015,3,12.448,12.17,12.431783549162338,2015-03-24,RandomForest,7,2015
2015-03-18,2015,3,12.358,12.198,12.419452877703034,2015-03-25,RandomForest,7,2015
2015-03-19,2015,3,12.29,12.234,12.452840453478526,2015-03-26,RandomForest,7,2015
2015-03-20,2015,3,12.24,12.318,12.463930527802367,2015-03-27,RandomForest,7,2015
2015-03-21,2015,3,12.204,12.448,12.640243100601591,2015-03-28,RandomForest,7,2015
2015-03-22,2015,3,12.19,12.49,12.531235489230523,2015-03-29,RandomForest,7,2015
2015-03-23,2015,3,12.18,12.448,12.51397111263202,2015-03-30,RandomForest,7,2015
2015-03-24,2015,3,12.17,12.41,12.522163376871827,2015-03-31,RandomForest,7,2015
2015-03-25,2015,3,12.198,12.376,12.560770547363665,2015-04-01,RandomForest,7,2015
2015-03-26,2015,3,12.234,12.35,12.58963881103959,2015-04-02,RandomForest,7,2015
2015-03-27,2015,3,12.318,12.356,12.675684020437583,2015-04-03,RandomForest,7,2015
2015-03-28,2015,3,12.448,12.376,12.820140222480859,2015-04-04,RandomForest,7,2015
2015-03-29,2015,3,12.49,12.438,12.834654132561809,2015-04-05,RandomForest,7,2015
2015-03-30,2015,3,12.448,12.57,12.7828042923319,2015-04-06,RandomForest,7,2015
2015-03-31,2015,3,12.41,12.704,12.76414821305732,2015-04-07,RandomForest,7,2015
2015-04-01,2015,4,12.376,12.868,12.73538431996437,2015-04-08,RandomForest,7,2015
2015-04-02,2015,4,12.35,13.048,12.726593001394463,2015-04-09,RandomForest,7,2015
2015-04-03,2015,4,12.356,13.236,12.738205147496599,2015-04-10,RandomForest,7,2015
2015-04-04,2015,4,12.376,13.446,12.767798056577034,2015-04-11,RandomForest,7,2015
2015-04-05,2015,4,12.438,13.716,12.832633778396415,2015-04-12,RandomForest,7,2015
2015-04-06,2015,4,12.57,14.06,12.96599362577902,2015-04-13,RandomForest,7,2015
2015-04-07,2015,4,12.704,14.13,13.087538293472356,2015-04-14,RandomForest,7,2015
2015-04-08,2015,4,12.868,14.116,13.250594499572111,2015-04-15,RandomForest,7,2015
2015-04-09,2015,4,13.048,14.1,13.398833942131127,2015-04-16,RandomForest,7,2015
2015-04-10,2015,4,13.236,14.09,13.588520899930321,2015-04-17,RandomForest,7,2015
2015-04-11,2015,4,13.446,14.022,13.756070176969743,2015-04-18,RandomForest,7,2015
2015-04-12,2015,4,13.716,13.932,13.958463736955112,2015-04-19,RandomForest,7,2015
2015-04-13,2015,4,14.06,13.816,14.249631972855756,2015-04-20,RandomForest,7,2015
2015-04-14,2015,4,14.13,13.772,14.201267308319425,2015-04-21,RandomForest,7,2015
2015-04-15,2015,4,14.116,13.742,14.15487076991176,2015-04-22,RandomForest,7,2015
2015-04-16,2015,4,14.1,13.686,14.36627880519283,2015-04-23,RandomForest,7,2015
2015-04-17,2015,4,14.09,13.836,14.567008716858918,2015-04-24,RandomForest,7,2015
2015-04-18,2015,4,14.022,14.178,14.606482522387614,2015-04-25,RandomForest,7,2015
2015-04-19,2015,4,13.932,14.512,14.42898018356225,2015-04-26,RandomForest,7,2015
2015-04-20,2015,4,13.816,14.608,14.248937108810285,2015-04-27,RandomForest,7,2015
2015-04-21,2015,4,13.772,14.526,14.352124657870148,2015-04-28,RandomForest,7,2015
2015-04-22,2015,4,13.742,14.482,14.349940691813881,2015-04-29,RandomForest,7,2015
2015-04-23,2015,4,13.686,14.484,14.302197081543575,2015-04-30,RandomForest,7,2015
2015-04-24,2015,4,13.836,14.568,14.426831408372921,2015-05-01,RandomForest,7,2015
2015-04-25,2015,4,14.178,14.67,15.000016668092321,2015-05-02,RandomForest,7,2015
2015-04-26,2015,4,14.512,14.658,15.155785113449179,2015-05-03,RandomForest,7,2015
2015-04-27,2015,4,14.608,14.582,14.9973973905323,2015-05-04,RandomForest,7,2015
2015-04-28,2015,4,14.526,14.576,14.660997300291276,2015-05-05,RandomForest,7,2015
2015-04-29,2015,4,14.482,14.464,14.697476762747318,2015-05-06,RandomForest,7,2015
2015-04-30,2015,4,14.484,14.41,14.740858558143142,2015-05-07,RandomForest,7,2015
2015-05-01,2015,5,14.568,14.402,14.843886339661372,2015-05-08,RandomForest,7,2015
2015-05-02,2015,5,14.67,14.466,14.991937671979555,2015-05-09,RandomForest,7,2015
2015-05-03,2015,5,14.658,14.534,14.970664491732826,2015-05-10,RandomForest,7,2015
2015-05-04,2015,5,14.582,14.614,14.86782222485278,2015-05-11,RandomForest,7,2015
2015-05-05,2015,5,14.576,14.626,14.885647214518658,2015-05-12,RandomForest,7,2015
2015-05-06,2015,5,14.464,14.552,14.693419618293012,2015-05-13,RandomForest,7,2015
2015-05-07,2015,5,14.41,14.448,14.649278707179294,2015-05-14,RandomForest,7,2015
2015-05-08,2015,5,14.402,14.44,14.657888038894336,2015-05-15,RandomForest,7,2015
2015-05-09,2015,5,14.466,14.44,14.75623807628934,2015-05-16,RandomForest,7,2015
2015-05-10,2015,5,14.534,14.432,14.845711911493918,2015-05-17,RandomForest,7,2015
2015-05-11,2015,5,14.614,14.528,14.928122103310555,2015-05-18,RandomForest,7,2015
2015-05-12,2015,5,14.626,14.722,14.91781638773584,2015-05-19,RandomForest,7,2015
2015-05-13,2015,5,14.552,14.9,14.825254072966024,2015-05-20,RandomForest,7,2015
2015-05-14,2015,5,14.448,15.014,14.693884025985628,2015-05-21,RandomForest,7,2015
2015-05-15,2015,5,14.44,15.238,14.729527944494878,2015-05-22,RandomForest,7,2015
2015-05-16,2015,5,14.44,15.654,14.746019611090414,2015-05-23,RandomForest,7,2015
2015-05-17,2015,5,14.432,16.064,14.767217275886447,2015-05-24,RandomForest,7,2015
2015-05-18,2015,5,14.528,16.098,14.94187308041468,2015-05-25,RandomForest,7,2015
2015-05-19,2015,5,14.722,16.02,15.252501027741847,2015-05-26,RandomForest,7,2015
2015-05-20,2015,5,14.9,16.076,15.601005875482146,2015-05-27,RandomForest,7,2015
2015-05-21,2015,5,15.014,16.258,15.869117378445152,2015-05-28,RandomForest,7,2015
2015-05-22,2015,5,15.238,16.636,16.02358441358953,2015-05-29,RandomForest,7,2015
2015-05-23,2015,5,15.654,16.838,16.060032449649956,2015-05-30,RandomForest,7,2015
2015-05-24,2015,5,16.064,16.972,16.367156501861107,2015-05-31,RandomForest,7,2015
2015-05-25,2015,5,16.098,17.046,16.229808833353626,2015-06-01,RandomForest,7,2015
2015-05-26,2015,5,16.02,17.35,16.06222971086382,2015-06-02,RandomForest,7,2015
2015-05-27,2015,5,16.076,17.53,16.238512028300434,2015-06-03,RandomForest,7,2015
2015-05-28,2015,5,16.258,17.374,16.889704285442434,2015-06-04,RandomForest,7,2015
2015-05-29,2015,5,16.636,17.218,17.004629675218762,2015-06-05,RandomForest,7,2015
2015-05-30,2015,5,16.838,17.174,17.20789006296485,2015-06-06,RandomForest,7,2015
2015-05-31,2015,5,16.972,17.52,17.148227164516143,2015-06-07,RandomForest,7,2015
2015-06-01,2015,6,17.046,18.006,16.8737596677399,2015-06-08,RandomForest,7,2015
2015-06-02,2015,6,17.35,18.222,17.16669918728565,2015-06-09,RandomForest,7,2015
2015-06-03,2015,6,17.53,18.364,17.223342655163066,2015-06-10,RandomForest,7,2015
2015-06-04,2015,6,17.374,18.794,17.20164102983004,2015-06-11,RandomForest,7,2015
2015-06-05,2015,6,17.218,19.3,17.121927907495184,2015-06-12,RandomForest,7,2015
2015-06-06,2015,6,17.174,19.474,17.329440985206304,2015-06-13,RandomForest,7,2015
2015-06-07,2015,6,17.52,19.52,17.876267749935636,2015-06-14,RandomForest,7,2015
2015-06-08,2015,6,18.006,19.384,18.188324907842844,2015-06-15,RandomForest,7,2015
2015-06-09,2015,6,18.222,19.102,18.37706290272622,2015-06-16,RandomForest,7,2015
2015-06-10,2015,6,18.364,18.802,18.327118117383616,2015-06-17,RandomForest,7,2015
2015-06-11,2015,6,18.794,18.738,18.532211705040158,2015-06-18,RandomForest,7,2015
2015-06-12,2015,6,19.3,18.816,18.793862808999254,2015-06-19,RandomForest,7,2015
2015-06-13,2015,6,19.474,18.892,18.907531632344146,2015-06-20,RandomForest,7,2015
2015-06-14,2015,6,19.52,18.748,19.039841328927007,2015-06-21,RandomForest,7,2015
2015-06-15,2015,6,19.384,18.72,19.24731264616538,2015-06-22,RandomForest,7,2015
2015-06-16,2015,6,19.102,18.692,19.326039559280403,2015-06-23,RandomForest,7,2015
2015-06-17,2015,6,18.802,18.732,19.269026367320674,2015-06-24,RandomForest,7,2015
2015-06-18,2015,6,18.738,18.762,19.292981799232575,2015-06-25,RandomForest,7,2015
2015-06-19,2015,6,18.816,18.814,19.32583925369968,2015-06-26,RandomForest,7,2015
2015-06-20,2015,6,18.892,18.72,19.390953887816618,2015-06-27,RandomForest,7,2015
2015-06-21,2015,6,18.748,18.688,19.339985599807093,2015-06-28,RandomForest,7,2015
2015-06-22,2015,6,18.72,18.646,19.443391265012078,2015-06-29,RandomForest,7,2015
2015-06-23,2015,6,18.692,18.63,19.466711272432953,2015-06-30,RandomForest,7,2015
2015-06-24,2015,6,18.732,18.628,19.44145738914143,2015-07-01,RandomForest,7,2015
2015-06-25,2015,6,18.762,18.56,19.252681000669817,2015-07-02,RandomForest,7,2015
2015-06-26,2015,6,18.814,18.664,19.427491383615557,2015-07-03,RandomForest,7,2015
2015-06-27,2015,6,18.72,18.538,19.324638031229366,2015-07-04,RandomForest,7,2015
2015-06-28,2015,6,18.688,18.512,19.233460921813965,2015-07-05,RandomForest,7,2015
2015-06-29,2015,6,18.646,18.726,19.23261200622198,2015-07-06,RandomForest,7,2015
2015-06-30,2015,6,18.63,18.792,19.200175130504796,2015-07-07,RandomForest,7,2015
2015-07-01,2015,7,18.628,18.77,19.216898830042453,2015-07-08,RandomForest,7,2015
2015-07-02,2015,7,18.56,18.698,19.176089129985705,2015-07-09,RandomForest,7,2015
2015-07-03,2015,7,18.664,18.646,19.209869682777803,2015-07-10,RandomForest,7,2015
2015-07-04,2015,7,18.538,18.528,19.036487661771623,2015-07-11,RandomForest,7,2015
2015-07-05,2015,7,18.512,18.4,18.929714376090818,2015-07-12,RandomForest,7,2015
2015-07-06,2015,7,18.726,18.25,19.035565291715294,2015-07-13,RandomForest,7,2015
2015-07-07,2015,7,18.792,18.034,18.96295343775171,2015-07-14,RandomForest,7,2015
2015-07-08,2015,7,18.77,17.82,18.754117488520286,2015-07-15,RandomForest,7,2015
2015-07-09,2015,7,18.698,17.79,18.677818356683918,2015-07-16,RandomForest,7,2015
2015-07-10,2015,7,18.646,17.872,18.71357066976834,2015-07-17,RandomForest,7,2015
2015-07-11,2015,7,18.528,17.938,18.404290114106264,2015-07-18,RandomForest,7,2015
2015-07-12,2015,7,18.4,17.964,18.28993101651639,2015-07-19,RandomForest,7,2015
2015-07-13,2015,7,18.25,17.98,18.16244705323196,2015-07-20,RandomForest,7,2015
2015-07-14,2015,7,18.034,17.994,18.04057480016466,2015-07-21,RandomForest,7,2015
2015-07-15,2015,7,17.82,17.988,17.677735944642347,2015-07-22,RandomForest,7,2015
2015-07-16,2015,7,17.79,17.912,17.970670575260694,2015-07-23,RandomForest,7,2015
2015-07-17,2015,7,17.872,17.644,18.180031821683567,2015-07-24,RandomForest,7,2015
2015-07-18,2015,7,17.938,17.514,18.443699822747266,2015-07-25,RandomForest,7,2015
2015-07-19,2015,7,17.964,17.504,18.448857819561688,2015-07-26,RandomForest,7,2015
2015-07-20,2015,7,17.98,17.614,18.760293103480286,2015-07-27,RandomForest,7,2015
2015-07-21,2015,7,17.994,17.694,18.9205824693138,2015-07-28,RandomForest,7,2015
2015-07-22,2015,7,17.988,17.69,19.03420699744942,2015-07-29,RandomForest,7,2015
2015-07-23,2015,7,17.912,17.602,19.109438510737526,2015-07-30,RandomForest,7,2015
2015-07-24,2015,7,17.644,17.518,17.33619143422857,2015-07-31,RandomForest,7,2015
2015-07-25,2015,7,17.514,17.35,17.236364788799403,2015-08-01,RandomForest,7,2015
2015-07-26,2015,7,17.504,16.992,17.772811682661636,2015-08-02,RandomForest,7,2015
2015-07-27,2015,7,17.614,16.79,18.175913309277743,2015-08-03,RandomForest,7,2015
2015-07-28,2015,7,17.694,16.66,18.286264943314436,2015-08-04,RandomForest,7,2015
2015-07-29,2015,7,17.69,16.576,18.159431358671014,2015-08-05,RandomForest,7,2015
2015-07-30,2015,7,17.602,16.552,18.197117237965745,2015-08-06,RandomForest,7,2015
2015-07-31,2015,7,17.518,16.618,18.030185290486084,2015-08-07,RandomForest,7,2015
2015-08-01,2015,8,17.35,16.874,17.110219134040044,2015-08-08,RandomForest,7,2015
2015-08-02,2015,8,16.992,16.952,16.807818070113626,2015-08-09,RandomForest,7,2015
2015-08-03,2015,8,16.79,16.99,16.786346068430646,2015-08-10,RandomForest,7,2015
2015-08-04,2015,8,16.66,17.102,16.789679083962437,2015-08-11,RandomForest,7,2015
2015-08-05,2015,8,16.576,17.162,16.904382136233405,2015-08-12,RandomForest,7,2015
2015-08-06,2015,8,16.552,17.264,17.18458825720633,2015-08-13,RandomForest,7,2015
2015-08-07,2015,8,16.618,17.342,17.335864159717755,2015-08-14,RandomForest,7,2015
2015-08-08,2015,8,16.874,17.346,17.85812284859974,2015-08-15,RandomForest,7,2015
2015-08-09,2015,8,16.952,17.43,17.95209627941903,2015-08-16,RandomForest,7,2015
2015-08-10,2015,8,16.99,17.474,17.985061521350733,2015-08-17,RandomForest,7,2015
2015-08-11,2015,8,17.102,17.598,17.996573923317616,2015-08-18,RandomForest,7,2015
2015-08-12,2015,8,17.162,17.862,18.001310473719258,2015-08-19,RandomForest,7,2015
2015-08-13,2015,8,17.264,18.216,18.065331458074084,2015-08-20,RandomForest,7,2015
2015-08-14,2015,8,17.342,18.948,18.07677369745482,2015-08-21,RandomForest,7,2015
2015-08-15,2015,8,17.346,19.578,17.964513925295567,2015-08-22,RandomForest,7,2015
2015-08-16,2015,8,17.43,19.818,17.976978001767748,2015-08-23,RandomForest,7,2015
2015-08-17,2015,8,17.474,19.94,18.078137829588947,2015-08-24,RandomForest,7,2015
2015-08-18,2015,8,17.598,19.932,18.20651406812629,2015-08-25,RandomForest,7,2015
2015-08-19,2015,8,17.862,19.82,18.61032676220803,2015-08-26,RandomForest,7,2015
2015-08-20,2015,8,18.216,19.642,18.837846532219373,2015-08-27,RandomForest,7,2015
2015-08-21,2015,8,18.948,19.514,18.998404960045622,2015-08-28,RandomForest,7,2015
2015-08-22,2015,8,19.578,19.42,19.36840119488989,2015-08-29,RandomForest,7,2015
2015-08-23,2015,8,19.818,19.382,19.469991041539433,2015-08-30,RandomForest,7,2015
2015-08-24,2015,8,19.94,19.418,19.351023125421882,2015-08-31,RandomForest,7,2015
2015-10-08,2015,10,16.838,16.058,16.218319743060928,2015-10-15,RandomForest,7,2015
2015-10-09,2015,10,16.688,15.994,16.04006568244701,2015-10-16,RandomForest,7,2015
2015-10-10,2015,10,16.572,15.926,15.995552384691615,2015-10-17,RandomForest,7,2015
2015-10-11,2015,10,16.378,15.858,15.75146863943257,2015-10-18,RandomForest,7,2015
2015-10-12,2015,10,16.288,15.726,15.88717833777344,2015-10-19,RandomForest,7,2015
2015-10-13,2015,10,16.198,15.618,15.743116464741155,2015-10-20,RandomForest,7,2015
2015-10-14,2015,10,16.134,15.526,15.673285817014094,2015-10-21,RandomForest,7,2015
2015-10-15,2015,10,16.058,15.416,15.616050826118009,2015-10-22,RandomForest,7,2015
2015-10-16,2015,10,15.994,15.342,15.566809855491043,2015-10-23,RandomForest,7,2015
2015-10-17,2015,10,15.926,15.266,15.513510965458263,2015-10-24,RandomForest,7,2015
2015-10-18,2015,10,15.858,15.218,15.453285709500765,2015-10-25,RandomForest,7,2015
2015-10-19,2015,10,15.726,15.14,15.261401067321085,2015-10-26,RandomForest,7,2015
2015-10-20,2015,10,15.618,15.076,15.19843887976488,2015-10-27,RandomForest,7,2015
2015-10-21,2015,10,15.526,14.988,15.216820430842917,2015-10-28,RandomForest,7,2015
2015-10-22,2015,10,15.416,14.912,15.007985476865892,2015-10-29,RandomForest,7,2015
2015-10-23,2015,10,15.342,14.9,15.071171498673934,2015-10-30,RandomForest,7,2015
2015-10-24,2015,10,15.266,14.884,14.9979036103962,2015-10-31,RandomForest,7,2015
2015-10-25,2015,10,15.218,14.832,14.936596132698657,2015-11-01,RandomForest,7,2015
2015-10-26,2015,10,15.14,14.73,14.852953881825833,2015-11-02,RandomForest,7,2015
2015-10-27,2015,10,15.076,14.658,14.785076128975698,2015-11-03,RandomForest,7,2015
2015-10-28,2015,10,14.988,14.614,14.671445521408241,2015-11-04,RandomForest,7,2015
2015-10-29,2015,10,14.912,14.536,14.596424763405855,2015-11-05,RandomForest,7,2015
2015-10-30,2015,10,14.9,14.49,14.577118910517408,2015-11-06,RandomForest,7,2015
2015-10-31,2015,10,14.884,14.454,14.564407731663403,2015-11-07,RandomForest,7,2015
2015-11-01,2015,11,14.832,14.448,14.505524131289775,2015-11-08,RandomForest,7,2015
2015-11-02,2015,11,14.73,14.43,14.322265007398427,2015-11-09,RandomForest,7,2015
2015-11-03,2015,11,14.658,14.42,14.322603480529017,2015-11-10,RandomForest,7,2015
2015-11-04,2015,11,14.614,14.41,14.318120522495567,2015-11-11,RandomForest,7,2015
2015-11-05,2015,11,14.536,14.4,14.26796998472078,2015-11-12,RandomForest,7,2015
2015-11-06,2015,11,14.49,14.39,14.222914397030708,2015-11-13,RandomForest,7,2015
2015-11-07,2015,11,14.454,14.374,14.186884297280058,2015-11-14,RandomForest,7,2015
2015-11-08,2015,11,14.448,14.352,14.178972550811853,2015-11-15,RandomForest,7,2015
2015-11-09,2015,11,14.43,14.304,14.162401823679636,2015-11-16,RandomForest,7,2015
2015-11-10,2015,11,14.42,14.212,14.15564280262644,2015-11-17,RandomForest,7,2015
2015-11-11,2015,11,14.41,14.134,14.144492199829497,2015-11-18,RandomForest,7,2015
2015-11-12,2015,11,14.4,14.066,14.13254097669329,2015-11-19,RandomForest,7,2015
2015-11-13,2015,11,14.39,13.986,14.11091797473083,2015-11-20,RandomForest,7,2015
2015-11-14,2015,11,14.374,13.958,14.091589620297658,2015-11-21,RandomForest,7,2015
2015-11-15,2015,11,14.352,13.902,14.08778694009404,2015-11-22,RandomForest,7,2015
2015-11-16,2015,11,14.304,13.858,14.058113960788484,2015-11-23,RandomForest,7,2015
2015-11-17,2015,11,14.212,13.824,13.932573076879498,2015-11-24,RandomForest,7,2015
2015-11-18,2015,11,14.134,13.79,13.926164607744687,2015-11-25,RandomForest,7,2015
2015-11-19,2015,11,14.066,13.748,13.853913465723465,2015-11-26,RandomForest,7,2015
2015-11-20,2015,11,13.986,13.71,13.775161060084997,2015-11-27,RandomForest,7,2015
2015-11-21,2015,11,13.958,13.674,13.745925411471411,2015-11-28,RandomForest,7,2015
2015-11-22,2015,11,13.902,13.644,13.660593610465947,2015-11-29,RandomForest,7,2015
2015-11-23,2015,11,13.858,13.59,13.61560742914546,2015-11-30,RandomForest,7,2015
2015-11-24,2015,11,13.824,13.538,13.614448314970238,2015-12-01,RandomForest,7,2015
2015-11-25,2015,11,13.79,13.518,13.582796174232502,2015-12-02,RandomForest,7,2015
2015-11-26,2015,11,13.748,13.494,13.532297289681704,2015-12-03,RandomForest,7,2015
2015-11-27,2015,11,13.71,13.464,13.500036262942928,2015-12-04,RandomForest,7,2015
2015-11-28,2015,11,13.674,13.44,13.464036262942926,2015-12-05,RandomForest,7,2015
2015-11-29,2015,11,13.644,13.406,13.438730475910257,2015-12-06,RandomForest,7,2015
2015-11-30,2015,11,13.59,13.384,13.351881019076373,2015-12-07,RandomForest,7,2015
2015-12-01,2015,12,13.538,13.358,13.299865244250206,2015-12-08,RandomForest,7,2015
2015-12-02,2015,12,13.518,13.33,13.30901897511224,2015-12-09,RandomForest,7,2015
2015-12-03,2015,12,13.494,13.3,13.291911741333326,2015-12-10,RandomForest,7,2015
2015-12-04,2015,12,13.464,13.276,13.262455445803903,2015-12-11,RandomForest,7,2015
2015-12-05,2015,12,13.44,13.242,13.240905591981381,2015-12-12,RandomForest,7,2015
2015-12-06,2015,12,13.406,13.21,13.205841946267512,2015-12-13,RandomForest,7,2015
2015-12-07,2015,12,13.384,13.184,13.185353740630031,2015-12-14,RandomForest,7,2015
2015-12-08,2015,12,13.358,13.158,13.159353740630031,2015-12-15,RandomForest,7,2015
2015-12-09,2015,12,13.33,13.132,13.13330501744242,2015-12-16,RandomForest,7,2015
2015-12-10,2015,12,13.3,13.11,13.110151735543385,2015-12-17,RandomForest,7,2015
2015-12-11,2015,12,13.276,13.084,13.091979192287287,2015-12-18,RandomForest,7,2015
2015-12-12,2015,12,13.242,13.066,13.069365824831396,2015-12-19,RandomForest,7,2015
2015-12-13,2015,12,13.21,13.042,13.044514082184053,2015-12-20,RandomForest,7,2015
2015-12-14,2015,12,13.184,13.03,13.028315631980982,2015-12-21,RandomForest,7,2015
2015-12-15,2015,12,13.158,13.028,13.015327359240246,2015-12-22,RandomForest,7,2015
2015-12-16,2015,12,13.132,12.998,12.993383047670495,2015-12-23,RandomForest,7,2015
2015-12-17,2015,12,13.11,12.968,12.971383047670495,2015-12-24,RandomForest,7,2015
2015-12-18,2015,12,13.084,12.944,12.94707533896341,2015-12-25,RandomForest,7,2015
2015-12-19,2015,12,13.066,12.918,12.928511954348027,2015-12-26,RandomForest,7,2015
2015-12-20,2015,12,13.042,12.88,12.905743369656552,2015-12-27,RandomForest,7,2015
2015-12-21,2015,12,13.03,12.842,12.898337210233745,2015-12-28,RandomForest,7,2015
2015-12-22,2015,12,13.028,12.826,12.892981464584928,2015-12-29,RandomForest,7,2015
2015-12-23,2015,12,12.998,12.782,12.85621038681966,2015-12-30,RandomForest,7,2015
2015-12-24,2015,12,12.968,12.75,12.817164282215158,2015-12-31,RandomForest,7,2015
2015-12-25,2015,12,12.944,12.72,12.789222143587308,2016-01-01,RandomForest,7,2015
2015-12-26,2015,12,12.918,12.69,12.75832925353963,2016-01-02,RandomForest,7,2015
2015-12-27,2015,12,12.88,12.68,12.714572886090986,2016-01-03,RandomForest,7,2015
2015-12-28,2015,12,12.842,12.662,12.674267243681754,2016-01-04,RandomForest,7,2015
2015-12-29,2015,12,12.826,12.63,12.658811306062624,2016-01-05,RandomForest,7,2015
2015-12-30,2015,12,12.782,12.606,12.617834960934292,2016-01-06,RandomForest,7,2015
2015-12-31,2015,12,12.75,12.584,12.579815063743627,2016-01-07,RandomForest,7,2015
2016-01-01,2016,1,12.72,12.566,12.544673022503146,2016-01-08,RandomForest,7,2016
2016-01-02,2016,1,12.69,12.548,12.517959187810876,2016-01-09,RandomForest,7,2016
2016-01-03,2016,1,12.68,12.526,12.51140465589471,2016-01-10,RandomForest,7,2016
2016-01-04,2016,1,12.662,12.504,12.506813226521942,2016-01-11,RandomForest,7,2016
2016-01-05,2016,1,12.63,12.482,12.48688461034621,2016-01-12,RandomForest,7,2016
2016-01-06,2016,1,12.606,12.47,12.463765358768217,2016-01-13,RandomForest,7,2016
2016-01-07,2016,1,12.584,12.46,12.442564798955152,2016-01-14,RandomForest,7,2016
2016-01-08,2016,1,12.566,12.448,12.426673552222843,2016-01-15,RandomForest,7,2016
2016-01-09,2016,1,12.548,12.428,12.39580367086073,2016-01-16,RandomForest,7,2016
2016-01-10,2016,1,12.526,12.42,12.371709525699888,2016-01-17,RandomForest,7,2016
2016-01-11,2016,1,12.504,12.42,12.353364514155876,2016-01-18,RandomForest,7,2016
2016-01-12,2016,1,12.482,12.41,12.331710033636396,2016-01-19,RandomForest,7,2016
2016-01-13,2016,1,12.47,12.392,12.31835699309602,2016-01-20,RandomForest,7,2016
2016-01-14,2016,1,12.46,12.386,12.306144460324717,2016-01-21,RandomForest,7,2016
2016-01-15,2016,1,12.448,12.37,12.288467706362304,2016-01-22,RandomForest,7,2016
2016-01-16,2016,1,12.428,12.36,12.26673168194228,2016-01-23,RandomForest,7,2016
2016-01-17,2016,1,12.42,12.346,12.253445106443705,2016-01-24,RandomForest,7,2016
2016-01-18,2016,1,12.42,12.32,12.255249045926295,2016-01-25,RandomForest,7,2016
2016-01-19,2016,1,12.41,12.296,12.267261838766647,2016-01-26,RandomForest,7,2016
2016-01-20,2016,1,12.392,12.274,12.248570452384023,2016-01-27,RandomForest,7,2016
2016-01-21,2016,1,12.386,12.25,12.275986988039389,2016-01-28,RandomForest,7,2016
2016-01-22,2016,1,12.37,12.23,12.293401028773902,2016-01-29,RandomForest,7,2016
2016-01-23,2016,1,12.36,12.22,12.30081205444232,2016-01-30,RandomForest,7,2016
2016-01-24,2016,1,12.346,12.204,12.287611302177512,2016-01-31,RandomForest,7,2016
2016-01-25,2016,1,12.32,12.19,12.215005160472108,2016-02-01,RandomForest,7,2016
2016-01-26,2016,1,12.296,12.178,12.194377882885984,2016-02-02,RandomForest,7,2016
2016-01-27,2016,1,12.274,12.158,12.174082995945469,2016-02-03,RandomForest,7,2016
2016-01-28,2016,1,12.25,12.142,12.151047568024094,2016-02-04,RandomForest,7,2016
2016-01-29,2016,1,12.23,12.124,12.133402139360191,2016-02-05,RandomForest,7,2016
2016-01-30,2016,1,12.22,12.106,12.123938530160222,2016-02-06,RandomForest,7,2016
2016-01-31,2016,1,12.204,12.09,12.10952734138336,2016-02-07,RandomForest,7,2016
2016-02-01,2016,2,12.19,12.076,12.097595281327173,2016-02-08,RandomForest,7,2016
2016-02-02,2016,2,12.178,12.06,12.090852550412773,2016-02-09,RandomForest,7,2016
2016-02-03,2016,2,12.158,12.05,12.073024239181521,2016-02-10,RandomForest,7,2016
2016-02-04,2016,2,12.142,12.04,12.061088107420831,2016-02-11,RandomForest,7,2016
2016-02-05,2016,2,12.124,12.03,12.04253400046896,2016-02-12,RandomForest,7,2016
2016-02-06,2016,2,12.106,12.02,12.020253184896331,2016-02-13,RandomForest,7,2016
2016-02-07,2016,2,12.09,12.01,12.004027065506948,2016-02-14,RandomForest,7,2016
2016-02-08,2016,2,12.076,12.01,11.989845358021642,2016-02-15,RandomForest,7,2016
2016-02-09,2016,2,12.06,12.014,11.974400781580538,2016-02-16,RandomForest,7,2016
2016-02-10,2016,2,12.05,12.026,11.962710777314413,2016-02-17,RandomForest,7,2016
2016-02-11,2016,2,12.04,12.04,11.965372000183653,2016-02-18,RandomForest,7,2016
2016-02-12,2016,2,12.03,12.054,11.976234660657052,2016-02-19,RandomForest,7,2016
2016-02-13,2016,2,12.02,12.074,11.984824109333344,2016-02-20,RandomForest,7,2016
2016-02-14,2016,2,12.01,12.08,11.988929494629014,2016-02-21,RandomForest,7,2016
2016-02-15,2016,2,12.01,12.054,11.980819842269394,2016-02-22,RandomForest,7,2016
2016-02-16,2016,2,12.014,12.032,11.995022425000181,2016-02-23,RandomForest,7,2016
2016-02-17,2016,2,12.026,12.016,11.998046006214096,2016-02-24,RandomForest,7,2016
2016-02-18,2016,2,12.04,12.0,12.033752577552855,2016-02-25,RandomForest,7,2016
2016-02-19,2016,2,12.054,11.99,12.11730698661696,2016-02-26,RandomForest,7,2016
2016-02-20,2016,2,12.074,11.99,12.155546458342597,2016-02-27,RandomForest,7,2016
2016-02-21,2016,2,12.08,11.994,12.201801935701862,2016-02-28,RandomForest,7,2016
2016-02-22,2016,2,12.054,12.034,12.15380740811046,2016-02-29,RandomForest,7,2016
2016-02-23,2016,2,12.032,12.148,12.093951751278578,2016-03-01,RandomForest,7,2016
2016-02-24,2016,2,12.016,12.56,12.066496600818606,2016-03-02,RandomForest,7,2016
2016-02-25,2016,2,12.0,12.63,12.026060512865511,2016-03-03,RandomForest,7,2016
2016-02-26,2016,2,11.99,12.586,11.991233713146602,2016-03-04,RandomForest,7,2016
2016-02-27,2016,2,11.99,12.51,12.019586301690477,2016-03-05,RandomForest,7,2016
2016-02-28,2016,2,11.994,12.412,12.082171435844705,2016-03-06,RandomForest,7,2016
2016-02-29,2016,2,12.034,12.344,12.233795376783162,2016-03-07,RandomForest,7,2016
2016-03-01,2016,3,12.148,12.282,12.369959600737484,2016-03-08,RandomForest,7,2016
2016-03-02,2016,3,12.56,12.23,12.59190906455863,2016-03-09,RandomForest,7,2016
2016-03-03,2016,3,12.63,12.204,12.455646360930738,2016-03-10,RandomForest,7,2016
2016-03-04,2016,3,12.586,12.182,12.517242514679657,2016-03-11,RandomForest,7,2016
2016-03-05,2016,3,12.51,12.16,12.450918746882637,2016-03-12,RandomForest,7,2016
2016-03-06,2016,3,12.412,12.15,12.359207665177932,2016-03-13,RandomForest,7,2016
2016-03-07,2016,3,12.344,12.15,12.275234598376302,2016-03-14,RandomForest,7,2016
2016-03-08,2016,3,12.282,12.15,12.306342570512287,2016-03-15,RandomForest,7,2016
2016-03-09,2016,3,12.23,12.2,12.310599427107071,2016-03-16,RandomForest,7,2016
2016-03-10,2016,3,12.204,12.298,12.329670631513777,2016-03-17,RandomForest,7,2016
2016-03-11,2016,3,12.182,12.452,12.28668749586413,2016-03-18,RandomForest,7,2016
2016-03-12,2016,3,12.16,12.574,12.347430247641226,2016-03-19,RandomForest,7,2016
2016-03-13,2016,3,12.15,12.606,12.360513077288514,2016-03-20,RandomForest,7,2016
2016-03-14,2016,3,12.15,12.594,12.342758773224256,2016-03-21,RandomForest,7,2016
2016-03-15,2016,3,12.15,12.592,12.34876055807105,2016-03-22,RandomForest,7,2016
2016-03-16,2016,3,12.2,12.646,12.461305560153706,2016-03-23,RandomForest,7,2016
2016-03-17,2016,3,12.298,12.782,12.542290103013478,2016-03-24,RandomForest,7,2016
2016-03-18,2016,3,12.452,12.862,12.527957811989026,2016-03-25,RandomForest,7,2016
2016-03-19,2016,3,12.574,12.864,12.643812670803724,2016-03-26,RandomForest,7,2016
2016-03-20,2016,3,12.606,12.804,12.807868298639226,2016-03-27,RandomForest,7,2016
2016-03-21,2016,3,12.594,12.764,12.842903549513826,2016-03-28,RandomForest,7,2016
2016-03-22,2016,3,12.592,12.766,12.84154594043549,2016-03-29,RandomForest,7,2016
2016-03-23,2016,3,12.646,12.808,12.888224829146182,2016-03-30,RandomForest,7,2016
2016-03-24,2016,3,12.782,12.866,13.101396644740868,2016-03-31,RandomForest,7,2016
2016-03-25,2016,3,12.862,12.944,13.135736649768162,2016-04-01,RandomForest,7,2016
2016-03-26,2016,3,12.864,12.926,13.14299569889766,2016-04-02,RandomForest,7,2016
2016-03-27,2016,3,12.804,12.852,13.042883840051674,2016-04-03,RandomForest,7,2016
2016-03-28,2016,3,12.764,12.82,13.014394465018553,2016-04-04,RandomForest,7,2016
2016-03-29,2016,3,12.766,12.822,13.086881783822253,2016-04-05,RandomForest,7,2016
2016-03-30,2016,3,12.808,12.906,13.209193679715849,2016-04-06,RandomForest,7,2016
2016-03-31,2016,3,12.866,13.04,13.325605049803825,2016-04-07,RandomForest,7,2016
2016-04-01,2016,4,12.944,13.15,13.405237445289863,2016-04-08,RandomForest,7,2016
2016-04-02,2016,4,12.926,13.178,13.372720391253132,2016-04-09,RandomForest,7,2016
2016-04-03,2016,4,12.852,13.142,13.275792794774013,2016-04-10,RandomForest,7,2016
2016-04-04,2016,4,12.82,13.142,13.233250102899433,2016-04-11,RandomForest,7,2016
2016-04-05,2016,4,12.822,13.208,13.269209320561934,2016-04-12,RandomForest,7,2016
2016-04-06,2016,4,12.906,13.42,13.431283334979248,2016-04-13,RandomForest,7,2016
2016-04-07,2016,4,13.04,14.184,13.585793287263407,2016-04-14,RandomForest,7,2016
2016-04-08,2016,4,13.15,14.704,13.670485792103367,2016-04-15,RandomForest,7,2016
2016-04-09,2016,4,13.178,14.816,13.593017872595455,2016-04-16,RandomForest,7,2016
2016-04-10,2016,4,13.142,14.734,13.53796784428679,2016-04-17,RandomForest,7,2016
2016-04-11,2016,4,13.142,14.774,13.550296706953699,2016-04-18,RandomForest,7,2016
2016-04-12,2016,4,13.208,15.016,13.667927181477777,2016-04-19,RandomForest,7,2016
2016-04-13,2016,4,13.42,15.192,13.968573851051035,2016-04-20,RandomForest,7,2016
2016-04-14,2016,4,14.184,15.23,14.34292022269601,2016-04-21,RandomForest,7,2016
2016-04-15,2016,4,14.704,15.186,14.699870965773973,2016-04-22,RandomForest,7,2016
2016-04-16,2016,4,14.816,15.128,14.754323544642066,2016-04-23,RandomForest,7,2016
2016-04-17,2016,4,14.734,15.114,14.654807368177877,2016-04-24,RandomForest,7,2016
2016-04-18,2016,4,14.774,15.264,14.835505752474976,2016-04-25,RandomForest,7,2016
2016-04-19,2016,4,15.016,15.55,15.145363502556785,2016-04-26,RandomForest,7,2016
2016-04-20,2016,4,15.192,15.79,15.383551534272506,2016-04-27,RandomForest,7,2016
2016-04-21,2016,4,15.23,15.996,15.380167909906545,2016-04-28,RandomForest,7,2016
2016-04-22,2016,4,15.186,16.216,15.361184476928708,2016-04-29,RandomForest,7,2016
2016-04-23,2016,4,15.128,16.444,15.314878718591311,2016-04-30,RandomForest,7,2016
2016-04-24,2016,4,15.114,16.428,15.33544662960754,2016-05-01,RandomForest,7,2016
2016-04-25,2016,4,15.264,16.192,15.617844759095714,2016-05-02,RandomForest,7,2016
2016-04-26,2016,4,15.55,16.034,15.789322081939263,2016-05-03,RandomForest,7,2016
2016-04-27,2016,4,15.79,15.926,16.00849408833696,2016-05-04,RandomForest,7,2016
2016-04-28,2016,4,15.996,16.1,16.072562843607237,2016-05-05,RandomForest,7,2016
2016-04-29,2016,4,16.216,16.168,16.52744975773788,2016-05-06,RandomForest,7,2016
2016-04-30,2016,4,16.444,16.124,16.479920132686207,2016-05-07,RandomForest,7,2016
2016-05-01,2016,5,16.428,15.972,16.64480284676955,2016-05-08,RandomForest,7,2016
2016-05-02,2016,5,16.192,15.786,16.881022318737195,2016-05-09,RandomForest,7,2016
2016-05-03,2016,5,16.034,15.612,16.019180220975414,2016-05-10,RandomForest,7,2016
2016-05-04,2016,5,15.926,15.442,15.72356655832834,2016-05-11,RandomForest,7,2016
2016-05-05,2016,5,16.1,15.29,16.26084106480848,2016-05-12,RandomForest,7,2016
2016-05-06,2016,5,16.168,15.238,16.807037964689364,2016-05-13,RandomForest,7,2016
2016-05-07,2016,5,16.124,15.2,16.625926900044366,2016-05-14,RandomForest,7,2016
2016-05-08,2016,5,15.972,15.176,16.009692888998355,2016-05-15,RandomForest,7,2016
2016-05-09,2016,5,15.786,15.122,15.510346642427683,2016-05-16,RandomForest,7,2016
2016-05-10,2016,5,15.612,15.138,15.50459371695779,2016-05-17,RandomForest,7,2016
2016-05-11,2016,5,15.442,15.448,15.410329953965462,2016-05-18,RandomForest,7,2016
2016-05-12,2016,5,15.29,15.846,15.810724257286267,2016-05-19,RandomForest,7,2016
2016-05-13,2016,5,15.238,16.218,16.009950770048285,2016-05-20,RandomForest,7,2016
2016-05-14,2016,5,15.2,16.294,16.168807018081026,2016-05-21,RandomForest,7,2016
2016-05-15,2016,5,15.176,16.772,16.157065549797597,2016-05-22,RandomForest,7,2016
2016-05-16,2016,5,15.122,17.27,15.852405553846365,2016-05-23,RandomForest,7,2016
2016-05-17,2016,5,15.138,17.364,15.550346070669482,2016-05-24,RandomForest,7,2016
2016-05-18,2016,5,15.448,17.14,16.02293351446126,2016-05-25,RandomForest,7,2016
2016-05-19,2016,5,15.846,16.908,16.284429210364465,2016-05-26,RandomForest,7,2016
2016-05-20,2016,5,16.218,16.748,16.634625356396405,2016-05-27,RandomForest,7,2016
2016-05-21,2016,5,16.294,16.722,16.405970962089768,2016-05-28,RandomForest,7,2016
2016-05-22,2016,5,16.772,16.72,16.566655834955945,2016-05-29,RandomForest,7,2016
2016-05-23,2016,5,17.27,16.67,16.995469524307214,2016-05-30,RandomForest,7,2016
2016-05-24,2016,5,17.364,16.542,17.030253814329463,2016-05-31,RandomForest,7,2016
2016-05-25,2016,5,17.14,16.564,16.762068151742902,2016-06-01,RandomForest,7,2016
2016-05-26,2016,5,16.908,16.7,16.85525707263338,2016-06-02,RandomForest,7,2016
2016-05-27,2016,5,16.748,16.686,16.887417581594395,2016-06-03,RandomForest,7,2016
2016-05-28,2016,5,16.722,16.504,16.923688311988492,2016-06-04,RandomForest,7,2016
2016-05-29,2016,5,16.72,16.324,16.903852730749033,2016-06-05,RandomForest,7,2016
2016-05-30,2016,5,16.67,16.216,17.05050994340994,2016-06-06,RandomForest,7,2016
2016-05-31,2016,5,16.542,16.2,16.78929172746507,2016-06-07,RandomForest,7,2016
2016-06-01,2016,6,16.564,16.188,16.943786110882655,2016-06-08,RandomForest,7,2016
2016-06-02,2016,6,16.7,16.116,17.220370312314657,2016-06-09,RandomForest,7,2016
2016-06-03,2016,6,16.686,16.072,17.010081142446023,2016-06-10,RandomForest,7,2016
2016-06-04,2016,6,16.504,16.088,16.732364190857123,2016-06-11,RandomForest,7,2016
2016-06-05,2016,6,16.324,16.04,16.451577839191845,2016-06-12,RandomForest,7,2016
2016-06-06,2016,6,16.216,16.076,16.612477935104042,2016-06-13,RandomForest,7,2016
2016-06-07,2016,6,16.2,16.138,16.745279749469454,2016-06-14,RandomForest,7,2016
2016-06-08,2016,6,16.188,16.532,16.846029197261203,2016-06-15,RandomForest,7,2016
2016-06-09,2016,6,16.116,17.31,16.830179325742034,2016-06-16,RandomForest,7,2016
2016-06-10,2016,6,16.072,17.478,17.0114980440875,2016-06-17,RandomForest,7,2016
2016-06-11,2016,6,16.088,17.466,17.1972149298978,2016-06-18,RandomForest,7,2016
2016-06-12,2016,6,16.04,17.45,17.065779413658632,2016-06-19,RandomForest,7,2016
2016-06-13,2016,6,16.076,17.544,17.244869482280038,2016-06-20,RandomForest,7,2016
2016-06-14,2016,6,16.138,17.77,17.242965121874636,2016-06-21,RandomForest,7,2016
2016-06-15,2016,6,16.532,18.074,17.44593388258096,2016-06-22,RandomForest,7,2016
2016-06-16,2016,6,17.31,18.422,17.738986017065265,2016-06-23,RandomForest,7,2016
2016-06-17,2016,6,17.478,18.676,17.437718229445423,2016-06-24,RandomForest,7,2016
2016-06-18,2016,6,17.466,18.966,17.27043968689449,2016-06-25,RandomForest,7,2016
2016-06-19,2016,6,17.45,19.296,17.301341653093882,2016-06-26,RandomForest,7,2016
2016-06-20,2016,6,17.544,19.33,17.49091907552634,2016-06-27,RandomForest,7,2016
2016-06-21,2016,6,17.77,19.136,18.17685627651548,2016-06-28,RandomForest,7,2016
2016-06-22,2016,6,18.074,18.906,18.605982252467005,2016-06-29,RandomForest,7,2016
2016-06-23,2016,6,18.422,18.676,18.613802017733512,2016-06-30,RandomForest,7,2016
2016-06-24,2016,6,18.676,18.542,18.67637198653851,2016-07-01,RandomForest,7,2016
2016-06-25,2016,6,18.966,18.478,18.73061909523322,2016-07-02,RandomForest,7,2016
2016-06-26,2016,6,19.296,18.63,18.84424603993886,2016-07-03,RandomForest,7,2016
2016-06-27,2016,6,19.33,18.756,18.843592533491375,2016-07-04,RandomForest,7,2016
2016-06-28,2016,6,19.136,18.866,18.87242149260953,2016-07-05,RandomForest,7,2016
2016-06-29,2016,6,18.906,19.154,18.98440465127889,2016-07-06,RandomForest,7,2016
2016-06-30,2016,6,18.676,19.34,18.7899370398582,2016-07-07,RandomForest,7,2016
2016-07-01,2016,7,18.542,19.522,18.583605463956264,2016-07-08,RandomForest,7,2016
2016-07-02,2016,7,18.478,19.522,18.578203252229514,2016-07-09,RandomForest,7,2016
2016-07-03,2016,7,18.63,19.454,18.82283798340298,2016-07-10,RandomForest,7,2016
2016-07-04,2016,7,18.756,19.35,18.928944456588198,2016-07-11,RandomForest,7,2016
2016-07-05,2016,7,18.866,19.256,18.961337153681132,2016-07-12,RandomForest,7,2016
2016-07-06,2016,7,19.154,19.18,19.370510257049432,2016-07-13,RandomForest,7,2016
2016-07-07,2016,7,19.34,19.12,19.40300616468685,2016-07-14,RandomForest,7,2016
2016-07-08,2016,7,19.522,19.058,19.641034592861438,2016-07-15,RandomForest,7,2016
2016-07-09,2016,7,19.522,18.988,19.392323313842407,2016-07-16,RandomForest,7,2016
2016-07-10,2016,7,19.454,19.0,19.230178625480594,2016-07-17,RandomForest,7,2016
2016-07-11,2016,7,19.35,19.076,19.153041326922484,2016-07-18,RandomForest,7,2016
2016-07-12,2016,7,19.256,19.386,19.200342459633433,2016-07-19,RandomForest,7,2016
2016-07-13,2016,7,19.18,19.448,19.14789110228601,2016-07-20,RandomForest,7,2016
2016-07-14,2016,7,19.12,19.486,19.117640300960268,2016-07-21,RandomForest,7,2016
2016-07-15,2016,7,19.058,19.626,19.03722365663813,2016-07-22,RandomForest,7,2016
2016-07-16,2016,7,18.988,19.728,18.892689349079205,2016-07-23,RandomForest,7,2016
2016-07-17,2016,7,19.0,19.908,18.986628875788384,2016-07-24,RandomForest,7,2016
2016-07-18,2016,7,19.076,20.15,19.176713860079957,2016-07-25,RandomForest,7,2016
2016-07-19,2016,7,19.386,20.334,19.583349064865857,2016-07-26,RandomForest,7,2016
2016-07-20,2016,7,19.448,20.506,19.32629152124385,2016-07-27,RandomForest,7,2016
2016-07-21,2016,7,19.486,20.654,19.391680561492677,2016-07-28,RandomForest,7,2016
2016-07-22,2016,7,19.626,20.71,19.417600689135444,2016-07-29,RandomForest,7,2016
2016-07-23,2016,7,19.728,20.648,19.415056883220455,2016-07-30,RandomForest,7,2016
2016-07-24,2016,7,19.908,20.534,19.442471631193925,2016-07-31,RandomForest,7,2016
2016-07-25,2016,7,20.15,20.322,19.446547653071292,2016-08-01,RandomForest,7,2016
2016-07-26,2016,7,20.334,20.092,19.3851612277053,2016-08-02,RandomForest,7,2016
2016-07-27,2016,7,20.506,19.742,19.408666160244984,2016-08-03,RandomForest,7,2016
2016-07-28,2016,7,20.654,19.51,19.542677711527034,2016-08-04,RandomForest,7,2016
2016-07-29,2016,7,20.71,19.332,19.548760306765132,2016-08-05,RandomForest,7,2016
2016-07-30,2016,7,20.648,19.148,19.51971492082323,2016-08-06,RandomForest,7,2016
2016-07-31,2016,7,20.534,18.956,19.425995166666667,2016-08-07,RandomForest,7,2016
2016-08-01,2016,8,20.322,18.796,19.359438672161172,2016-08-08,RandomForest,7,2016
2016-08-02,2016,8,20.092,18.62,19.213661436507937,2016-08-09,RandomForest,7,2016
2016-08-03,2016,8,19.742,18.492,18.96842527777778,2016-08-10,RandomForest,7,2016
2016-08-04,2016,8,19.51,18.35,18.778810222222223,2016-08-11,RandomForest,7,2016
2016-08-05,2016,8,19.332,18.316,18.747859518915867,2016-08-12,RandomForest,7,2016
2016-08-06,2016,8,19.148,18.22,18.635156321702475,2016-08-13,RandomForest,7,2016
2016-08-07,2016,8,18.956,18.166,18.481249796627008,2016-08-14,RandomForest,7,2016
2016-08-08,2016,8,18.796,18.1,18.429011019373483,2016-08-15,RandomForest,7,2016
2016-08-09,2016,8,18.62,18.0,18.233732228431638,2016-08-16,RandomForest,7,2016
2016-08-10,2016,8,18.492,17.936,18.253157189706926,2016-08-17,RandomForest,7,2016
2016-08-11,2016,8,18.35,17.872,18.124662413752187,2016-08-18,RandomForest,7,2016
2016-08-12,2016,8,18.316,17.87,18.12363204851436,2016-08-19,RandomForest,7,2016
2016-08-13,2016,8,18.22,17.82,18.014061897912345,2016-08-20,RandomForest,7,2016
2016-08-14,2016,8,18.166,17.69,18.1043103716455,2016-08-21,RandomForest,7,2016
2016-08-15,2016,8,18.1,17.576,18.214369192245467,2016-08-22,RandomForest,7,2016
2016-08-16,2016,8,18.0,17.472,17.724259841838588,2016-08-23,RandomForest,7,2016
2016-08-17,2016,8,17.936,17.38,17.722123060197696,2016-08-24,RandomForest,7,2016
2016-08-18,2016,8,17.872,17.298,17.612150019157735,2016-08-25,RandomForest,7,2016
2016-08-19,2016,8,17.87,17.2,17.7403935773654,2016-08-26,RandomForest,7,2016
2016-08-20,2016,8,17.82,17.09,17.62277957718316,2016-08-27,RandomForest,7,2016
2016-08-21,2016,8,17.69,17.03,17.291420789006356,2016-08-28,RandomForest,7,2016
2016-08-22,2016,8,17.576,16.97,17.1466156397098,2016-08-29,RandomForest,7,2016
2016-08-23,2016,8,17.472,16.866,17.022690773764012,2016-08-30,RandomForest,7,2016
2016-08-24,2016,8,17.38,16.828,17.111783910789406,2016-08-31,RandomForest,7,2016
2016-08-25,2016,8,17.298,16.84,17.339597604378348,2016-09-01,RandomForest,7,2016
2016-08-26,2016,8,17.2,16.844,17.127310392201093,2016-09-02,RandomForest,7,2016
2016-08-27,2016,8,17.09,17.098,16.9554496799241,2016-09-03,RandomForest,7,2016
2016-08-28,2016,8,17.03,17.356,17.333529510338433,2016-09-04,RandomForest,7,2016
2016-08-29,2016,8,16.97,17.668,17.271962836176336,2016-09-05,RandomForest,7,2016
2016-08-30,2016,8,16.866,17.73,16.77822210953337,2016-09-06,RandomForest,7,2016
2016-08-31,2016,8,16.828,17.926,17.0773062160546,2016-09-07,RandomForest,7,2016
2016-09-01,2016,9,16.84,18.186,17.290427726353766,2016-09-08,RandomForest,7,2016
2016-09-02,2016,9,16.844,18.31,17.31450081722527,2016-09-09,RandomForest,7,2016
2016-09-03,2016,9,17.098,18.368,17.938701991871486,2016-09-10,RandomForest,7,2016
2016-09-04,2016,9,17.356,18.504,18.200239736622024,2016-09-11,RandomForest,7,2016
2016-09-05,2016,9,17.668,18.554,18.561398904510597,2016-09-12,RandomForest,7,2016
2016-09-06,2016,9,17.73,18.682,18.893938033245593,2016-09-13,RandomForest,7,2016
2016-09-07,2016,9,17.926,18.84,18.755556711267754,2016-09-14,RandomForest,7,2016
2016-09-08,2016,9,18.186,18.836,19.052396400281577,2016-09-15,RandomForest,7,2016
2016-09-09,2016,9,18.31,18.63,18.874678150798218,2016-09-16,RandomForest,7,2016
2016-09-10,2016,9,18.368,18.436,18.777647424749563,2016-09-17,RandomForest,7,2016
2016-09-11,2016,9,18.504,18.226,18.875033880584994,2016-09-18,RandomForest,7,2016
2016-09-12,2016,9,18.554,18.11,18.85213624991369,2016-09-19,RandomForest,7,2016
2016-09-13,2016,9,18.682,17.95,18.96758484226119,2016-09-20,RandomForest,7,2016
2016-09-14,2016,9,18.84,17.754,19.014248783527133,2016-09-21,RandomForest,7,2016
2016-09-15,2016,9,18.836,17.796,18.805824244560206,2016-09-22,RandomForest,7,2016
2016-09-16,2016,9,18.63,18.002,18.33462675225227,2016-09-23,RandomForest,7,2016
2016-09-17,2016,9,18.436,18.078,18.1471590186803,2016-09-24,RandomForest,7,2016
2016-09-18,2016,9,18.226,18.084,18.02018399553969,2016-09-25,RandomForest,7,2016
2016-09-19,2016,9,18.11,18.27,17.92440898493213,2016-09-26,RandomForest,7,2016
2016-09-20,2016,9,17.95,18.442,17.726715253242602,2016-09-27,RandomForest,7,2016
2016-09-21,2016,9,17.754,18.49,17.32860329450428,2016-09-28,RandomForest,7,2016
2016-09-22,2016,9,17.796,18.524,17.837598200471025,2016-09-29,RandomForest,7,2016
2016-09-23,2016,9,18.002,18.696,18.201114485537225,2016-09-30,RandomForest,7,2016
2016-09-24,2016,9,18.078,18.812,18.045592988391164,2016-10-01,RandomForest,7,2016
2016-09-25,2016,9,18.084,18.796,18.065304366324206,2016-10-02,RandomForest,7,2016
2016-09-26,2016,9,18.27,18.672,18.10468891117216,2016-10-03,RandomForest,7,2016
2016-09-27,2016,9,18.442,18.43,18.1107618140383,2016-10-04,RandomForest,7,2016
2016-09-28,2016,9,18.49,18.2,18.049174828324013,2016-10-05,RandomForest,7,2016
2016-09-29,2016,9,18.524,18.006,18.0235519511471,2016-10-06,RandomForest,7,2016
2016-09-30,2016,9,18.696,17.712,18.155881013796147,2016-10-07,RandomForest,7,2016
2016-10-01,2016,10,18.812,17.48,18.178932982050114,2016-10-08,RandomForest,7,2016
2016-10-02,2016,10,18.796,17.312,17.91943207877678,2016-10-09,RandomForest,7,2016
2016-10-03,2016,10,18.672,17.246,17.82140546705121,2016-10-10,RandomForest,7,2016
2016-10-04,2016,10,18.43,17.18,17.48106244002301,2016-10-11,RandomForest,7,2016
2016-10-05,2016,10,18.2,17.136,17.174358608649705,2016-10-12,RandomForest,7,2016
2016-10-06,2016,10,18.006,17.366,17.119903673545704,2016-10-13,RandomForest,7,2016
2016-10-07,2016,10,17.712,17.964,16.693271399033332,2016-10-14,RandomForest,7,2016
2016-10-08,2016,10,17.48,18.236,16.594768637707677,2016-10-15,RandomForest,7,2016
2016-10-09,2016,10,17.312,18.48,16.593962040473016,2016-10-16,RandomForest,7,2016
2016-10-10,2016,10,17.246,18.54,16.898896517888637,2016-10-17,RandomForest,7,2016
2016-10-11,2016,10,17.18,18.54,16.847239736000088,2016-10-18,RandomForest,7,2016
2016-10-12,2016,10,17.136,18.444,16.73836119951282,2016-10-19,RandomForest,7,2016
2016-10-13,2016,10,17.366,18.192,16.68236465873337,2016-10-20,RandomForest,7,2016
2016-10-14,2016,10,17.964,17.956,17.365773109128778,2016-10-21,RandomForest,7,2016
2016-10-15,2016,10,18.236,17.57,17.688252022222223,2016-10-22,RandomForest,7,2016
2016-10-16,2016,10,18.48,17.264,17.869078133333332,2016-10-23,RandomForest,7,2016
2016-10-17,2016,10,18.54,16.99,17.84862750171969,2016-10-24,RandomForest,7,2016
2016-10-18,2016,10,18.54,16.728,17.82394518974359,2016-10-25,RandomForest,7,2016
2016-10-19,2016,10,18.444,16.54,17.893723801894847,2016-10-26,RandomForest,7,2016
2016-10-20,2016,10,18.192,16.372,17.65962476958934,2016-10-27,RandomForest,7,2016
2016-10-21,2016,10,17.956,16.204,17.337683119006016,2016-10-28,RandomForest,7,2016
2016-10-22,2016,10,17.57,16.05,17.00119082251495,2016-10-29,RandomForest,7,2016
2016-10-23,2016,10,17.264,15.93,16.77313212102079,2016-10-30,RandomForest,7,2016
2016-10-24,2016,10,16.99,15.834,16.550411594995115,2016-10-31,RandomForest,7,2016
2016-10-25,2016,10,16.728,15.736,16.204965164652183,2016-11-01,RandomForest,7,2016
2016-10-26,2016,10,16.54,15.632,16.014451950682734,2016-11-02,RandomForest,7,2016
2016-10-27,2016,10,16.372,15.542,15.848387480966215,2016-11-03,RandomForest,7,2016
2016-10-28,2016,10,16.204,15.442,15.664372766090512,2016-11-04,RandomForest,7,2016
2016-10-29,2016,10,16.05,15.358,15.539364752502212,2016-11-05,RandomForest,7,2016
2016-10-30,2016,10,15.93,15.266,15.407507222084787,2016-11-06,RandomForest,7,2016
2016-10-31,2016,10,15.834,15.182,15.424107880221763,2016-11-07,RandomForest,7,2016
2016-11-01,2016,11,15.736,15.108,15.389128401447095,2016-11-08,RandomForest,7,2016
2016-11-02,2016,11,15.632,15.048,15.260652820727978,2016-11-09,RandomForest,7,2016
2016-11-03,2016,11,15.542,14.968,15.239672459556207,2016-11-10,RandomForest,7,2016
2016-11-04,2016,11,15.442,14.926,15.095748752671323,2016-11-11,RandomForest,7,2016
2016-11-05,2016,11,15.358,14.92,15.001490336008942,2016-11-12,RandomForest,7,2016
2016-11-06,2016,11,15.266,14.904,14.864237112082339,2016-11-13,RandomForest,7,2016
2016-11-07,2016,11,15.182,14.876,14.813222194335877,2016-11-14,RandomForest,7,2016
2016-11-08,2016,11,15.108,14.85,14.737962566539787,2016-11-15,RandomForest,7,2016
2016-11-09,2016,11,15.048,14.778,14.683112039916262,2016-11-16,RandomForest,7,2016
2016-11-10,2016,11,14.968,14.7,14.604850095219435,2016-11-17,RandomForest,7,2016
2016-11-11,2016,11,14.926,14.614,14.579184659100857,2016-11-18,RandomForest,7,2016
2016-11-12,2016,11,14.92,14.548,14.60712753553115,2016-11-19,RandomForest,7,2016
2016-11-13,2016,11,14.904,14.48,14.600704673800042,2016-11-20,RandomForest,7,2016
2016-11-14,2016,11,14.876,14.434,14.59896712189794,2016-11-21,RandomForest,7,2016
2016-11-15,2016,11,14.85,14.384,14.650409374163381,2016-11-22,RandomForest,7,2016
2016-11-16,2016,11,14.778,14.296,14.513208455595969,2016-11-23,RandomForest,7,2016
2016-11-17,2016,11,14.7,14.244,14.431175441088106,2016-11-24,RandomForest,7,2016
2016-11-18,2016,11,14.614,14.2,14.327717935497962,2016-11-25,RandomForest,7,2016
2016-11-19,2016,11,14.548,14.146,14.314470914130062,2016-11-26,RandomForest,7,2016
2016-11-20,2016,11,14.48,14.09,14.226290978390256,2016-11-27,RandomForest,7,2016
2016-11-21,2016,11,14.434,14.046,14.19603649956524,2016-11-28,RandomForest,7,2016
2016-11-22,2016,11,14.384,14.02,14.141091374235726,2016-11-29,RandomForest,7,2016
2016-11-23,2016,11,14.296,13.99,14.018339008946555,2016-11-30,RandomForest,7,2016
2016-11-24,2016,11,14.244,13.958,14.003215389613905,2016-12-01,RandomForest,7,2016
2016-11-25,2016,11,14.2,13.906,13.971575853497905,2016-12-02,RandomForest,7,2016
2016-11-26,2016,11,14.146,13.87,13.914288620878164,2016-12-03,RandomForest,7,2016
2016-11-27,2016,11,14.09,13.818,13.853094062992724,2016-12-04,RandomForest,7,2016
2016-11-28,2016,11,14.046,13.786,13.81700998958241,2016-12-05,RandomForest,7,2016
2016-11-29,2016,11,14.02,13.75,13.810822796063167,2016-12-06,RandomForest,7,2016
2016-11-30,2016,11,13.99,13.698,13.78957026373571,2016-12-07,RandomForest,7,2016
2016-12-01,2016,12,13.958,13.66,13.756510168700368,2016-12-08,RandomForest,7,2016
2016-12-02,2016,12,13.906,13.63,13.683499809634014,2016-12-09,RandomForest,7,2016
2016-12-03,2016,12,13.87,13.588,13.658712779297117,2016-12-10,RandomForest,7,2016
2016-12-04,2016,12,13.818,13.56,13.595297605005616,2016-12-11,RandomForest,7,2016
2016-12-05,2016,12,13.786,13.53,13.575461847665528,2016-12-12,RandomForest,7,2016
2016-12-06,2016,12,13.75,13.498,13.5438976799856,2016-12-13,RandomForest,7,2016
2016-12-07,2016,12,13.698,13.46,13.475451697969717,2016-12-14,RandomForest,7,2016
2016-12-08,2016,12,13.66,13.43,13.448966778619944,2016-12-15,RandomForest,7,2016
2016-12-09,2016,12,13.63,13.408,13.429073510596941,2016-12-16,RandomForest,7,2016
2016-12-10,2016,12,13.588,13.38,13.378580323464117,2016-12-17,RandomForest,7,2016
2016-12-11,2016,12,13.56,13.348,13.372137406142887,2016-12-18,RandomForest,7,2016
2016-12-12,2016,12,13.53,13.32,13.35295777355933,2016-12-19,RandomForest,7,2016
2016-12-13,2016,12,13.498,13.29,13.328563349553484,2016-12-20,RandomForest,7,2016
2016-12-14,2016,12,13.46,13.268,13.289710368841941,2016-12-21,RandomForest,7,2016
2016-12-15,2016,12,13.43,13.25,13.263662183328263,2016-12-22,RandomForest,7,2016
2016-12-16,2016,12,13.408,13.218,13.247983360186245,2016-12-23,RandomForest,7,2016
2016-12-17,2016,12,13.38,13.2,13.221858485798283,2016-12-24,RandomForest,7,2016
2016-12-18,2016,12,13.348,13.16,13.190933839909077,2016-12-25,RandomForest,7,2016
2016-12-19,2016,12,13.32,13.16,13.163897214857341,2016-12-26,RandomForest,7,2016
2016-12-20,2016,12,13.29,13.15,13.133922956005664,2016-12-27,RandomForest,7,2016
2016-12-21,2016,12,13.268,13.12,13.111881636516117,2016-12-28,RandomForest,7,2016
2016-12-22,2016,12,13.25,13.11,13.0939547843077,2016-12-29,RandomForest,7,2016
2016-12-23,2016,12,13.218,13.09,13.058574013659449,2016-12-30,RandomForest,7,2016
2016-12-24,2016,12,13.2,13.08,13.041097077202803,2016-12-31,RandomForest,7,2016
2016-12-25,2016,12,13.16,13.044,12.996745013397902,2017-01-01,RandomForest,7,2016
2016-12-26,2016,12,13.16,13.02,13.00820875608117,2017-01-02,RandomForest,7,2016
2016-12-27,2016,12,13.15,13.01,12.994003744351335,2017-01-03,RandomForest,7,2016
2016-12-28,2016,12,13.12,13.0,12.959052976313593,2017-01-04,RandomForest,7,2016
2016-12-29,2016,12,13.11,12.99,12.96078742326005,2017-01-05,RandomForest,7,2016
2016-12-30,2016,12,13.09,12.98,12.945418005522367,2017-01-06,RandomForest,7,2016
2016-12-31,2016,12,13.08,12.97,12.928714313098387,2017-01-07,RandomForest,7,2016
2017-01-01,2017,1,13.044,12.93,12.890778040258136,2017-01-08,RandomForest,7,2017
2017-01-02,2017,1,13.02,12.88,12.87167417610732,2017-01-09,RandomForest,7,2017
2017-01-03,2017,1,13.01,12.84,12.87129005041387,2017-01-10,RandomForest,7,2017
2017-01-04,2017,1,13.0,12.82,12.867176327292592,2017-01-11,RandomForest,7,2017
2017-01-05,2017,1,12.99,12.79,12.864634182105448,2017-01-12,RandomForest,7,2017
2017-01-06,2017,1,12.98,12.77,12.855598786310663,2017-01-13,RandomForest,7,2017
2017-01-07,2017,1,12.97,12.75,12.843061479354557,2017-01-14,RandomForest,7,2017
2017-01-08,2017,1,12.93,12.74,12.803564137522649,2017-01-15,RandomForest,7,2017
2017-01-09,2017,1,12.88,12.72,12.74546732464608,2017-01-16,RandomForest,7,2017
2017-01-10,2017,1,12.84,12.7,12.697101447822993,2017-01-17,RandomForest,7,2017
2017-01-11,2017,1,12.82,12.67,12.679757429861054,2017-01-18,RandomForest,7,2017
2017-01-12,2017,1,12.79,12.64,12.645668667733606,2017-01-19,RandomForest,7,2017
2017-01-13,2017,1,12.77,12.63,12.627193091293227,2017-01-20,RandomForest,7,2017
2017-01-14,2017,1,12.75,12.62,12.612339420614365,2017-01-21,RandomForest,7,2017
2017-01-15,2017,1,12.74,12.61,12.606520093267752,2017-01-22,RandomForest,7,2017
2017-01-16,2017,1,12.72,12.58,12.593149543149453,2017-01-23,RandomForest,7,2017
2017-01-17,2017,1,12.7,12.58,12.577484188674743,2017-01-24,RandomForest,7,2017
2017-01-18,2017,1,12.67,12.57,12.540404971908293,2017-01-25,RandomForest,7,2017
2017-01-19,2017,1,12.64,12.54,12.502455043081431,2017-01-26,RandomForest,7,2017
2017-01-20,2017,1,12.63,12.52,12.500837509923171,2017-01-27,RandomForest,7,2017
2017-01-21,2017,1,12.62,12.5,12.499888771106221,2017-01-28,RandomForest,7,2017
2017-01-22,2017,1,12.61,12.47,12.49798488727525,2017-01-29,RandomForest,7,2017
2017-01-23,2017,1,12.58,12.45,12.465562132655904,2017-01-30,RandomForest,7,2017
2017-01-24,2017,1,12.58,12.44,12.467065435023974,2017-01-31,RandomForest,7,2017
2017-01-25,2017,1,12.57,12.43,12.467327153069709,2017-02-01,RandomForest,7,2017
2017-01-26,2017,1,12.54,12.42,12.436494498573795,2017-02-02,RandomForest,7,2017
2017-01-27,2017,1,12.52,12.41,12.418111903584286,2017-02-03,RandomForest,7,2017
2017-01-28,2017,1,12.5,12.39,12.397438959227124,2017-02-04,RandomForest,7,2017
2017-01-29,2017,1,12.47,12.38,12.365597872173208,2017-02-05,RandomForest,7,2017
2017-01-30,2017,1,12.45,12.36,12.34583411509095,2017-02-06,RandomForest,7,2017
2017-01-31,2017,1,12.44,12.34,12.33763938825033,2017-02-07,RandomForest,7,2017
2017-02-01,2017,2,12.43,12.32,12.328540226740174,2017-02-08,RandomForest,7,2017
2017-02-02,2017,2,12.42,12.3,12.32075721849256,2017-02-09,RandomForest,7,2017
2017-02-03,2017,2,12.41,12.29,12.313801727237726,2017-02-10,RandomForest,7,2017
2017-02-04,2017,2,12.39,12.27,12.296005996070125,2017-02-11,RandomForest,7,2017
2017-02-05,2017,2,12.38,12.25,12.282891377374057,2017-02-12,RandomForest,7,2017
2017-02-06,2017,2,12.36,12.24,12.26292096697321,2017-02-13,RandomForest,7,2017
2017-02-07,2017,2,12.34,12.22,12.247395644595422,2017-02-14,RandomForest,7,2017
2017-02-08,2017,2,12.32,12.21,12.226717028301143,2017-02-15,RandomForest,7,2017
2017-02-09,2017,2,12.3,12.21,12.207264562008517,2017-02-16,RandomForest,7,2017
2017-02-10,2017,2,12.29,12.19,12.199962877461799,2017-02-17,RandomForest,7,2017
2017-02-11,2017,2,12.27,12.18,12.183850949764931,2017-02-18,RandomForest,7,2017
2017-02-12,2017,2,12.25,12.178,12.194087073852677,2017-02-19,RandomForest,7,2017
2017-02-13,2017,2,12.24,12.16,12.2069650778558,2017-02-20,RandomForest,7,2017
2017-02-14,2017,2,12.22,12.16,12.191477119242137,2017-02-21,RandomForest,7,2017
2017-02-15,2017,2,12.21,12.16,12.188228134742406,2017-02-22,RandomForest,7,2017
2017-02-16,2017,2,12.21,12.15,12.183210198369027,2017-02-23,RandomForest,7,2017
2017-02-17,2017,2,12.19,12.156,12.174229695556884,2017-02-24,RandomForest,7,2017
2017-02-18,2017,2,12.18,12.178,12.17057635143326,2017-02-25,RandomForest,7,2017
2017-02-19,2017,2,12.178,12.2,12.19325633174342,2017-02-26,RandomForest,7,2017
2017-02-20,2017,2,12.16,12.21,12.163678988241486,2017-02-27,RandomForest,7,2017
2017-02-21,2017,2,12.16,12.22,12.203849331701322,2017-02-28,RandomForest,7,2017
2017-02-22,2017,2,12.16,12.23,12.2212338492761,2017-03-01,RandomForest,7,2017
2017-02-23,2017,2,12.15,12.25,12.213502524412526,2017-03-02,RandomForest,7,2017
2017-02-24,2017,2,12.156,12.268,12.253198108135058,2017-03-03,RandomForest,7,2017
2017-02-25,2017,2,12.178,12.438,12.29078543040157,2017-03-04,RandomForest,7,2017
2017-02-26,2017,2,12.2,12.496,12.331609757802461,2017-03-05,RandomForest,7,2017
2017-02-27,2017,2,12.21,12.512,12.392181691690563,2017-03-06,RandomForest,7,2017
2017-02-28,2017,2,12.22,12.434,12.44276576645306,2017-03-07,RandomForest,7,2017
2017-03-01,2017,3,12.23,12.402,12.491285070847805,2017-03-08,RandomForest,7,2017
2017-03-02,2017,3,12.25,12.344,12.533259637301192,2017-03-09,RandomForest,7,2017
2017-03-03,2017,3,12.268,12.31,12.587426901186001,2017-03-10,RandomForest,7,2017
2017-03-04,2017,3,12.438,12.292,12.627622566315392,2017-03-11,RandomForest,7,2017
2017-03-05,2017,3,12.496,12.38,12.454296458287919,2017-03-12,RandomForest,7,2017
2017-03-06,2017,3,12.512,12.602,12.340641391605354,2017-03-13,RandomForest,7,2017
2017-03-07,2017,3,12.434,12.874,12.240147515692833,2017-03-14,RandomForest,7,2017
2017-03-08,2017,3,12.402,12.986,12.309664163287929,2017-03-15,RandomForest,7,2017
2017-03-09,2017,3,12.344,12.956,12.29968069402409,2017-03-16,RandomForest,7,2017
2017-03-10,2017,3,12.31,12.878,12.335835105426266,2017-03-17,RandomForest,7,2017
2017-03-11,2017,3,12.292,12.816,12.40001143124098,2017-03-18,RandomForest,7,2017
2017-03-12,2017,3,12.38,12.83,12.516017202924951,2017-03-19,RandomForest,7,2017
2017-03-13,2017,3,12.602,12.872,12.684393743894837,2017-03-20,RandomForest,7,2017
2017-03-14,2017,3,12.874,12.986,12.793199693096378,2017-03-21,RandomForest,7,2017
2017-03-15,2017,3,12.986,13.044,12.64938803508772,2017-03-22,RandomForest,7,2017
2017-03-16,2017,3,12.956,12.99,12.615618323232322,2017-03-23,RandomForest,7,2017
2017-03-17,2017,3,12.878,12.94,12.639044091714148,2017-03-24,RandomForest,7,2017
2017-03-18,2017,3,12.816,12.87,12.71578053328554,2017-03-25,RandomForest,7,2017
2017-03-19,2017,3,12.83,12.906,12.902262310186245,2017-03-26,RandomForest,7,2017
2017-03-20,2017,3,12.872,12.826,13.109057457006827,2017-03-27,RandomForest,7,2017
2017-03-21,2017,3,12.986,12.832,13.28432053901221,2017-03-28,RandomForest,7,2017
2017-03-22,2017,3,13.044,12.96,13.332695283483185,2017-03-29,RandomForest,7,2017
2017-03-23,2017,3,12.99,12.9,13.29193987672297,2017-03-30,RandomForest,7,2017
2017-03-24,2017,3,12.94,12.88,13.235615841434813,2017-03-31,RandomForest,7,2017
2017-03-25,2017,3,12.87,12.85,13.159985555515755,2017-04-01,RandomForest,7,2017
2017-03-26,2017,3,12.906,12.9,13.215528148161559,2017-04-02,RandomForest,7,2017
2017-03-27,2017,3,12.826,13.008,13.10642721056954,2017-04-03,RandomForest,7,2017
2017-03-28,2017,3,12.832,13.236,13.146577396168452,2017-04-04,RandomForest,7,2017
2017-03-29,2017,3,12.96,13.564,13.28128979003689,2017-04-05,RandomForest,7,2017
2017-03-30,2017,3,12.9,13.764,13.207635047596579,2017-04-06,RandomForest,7,2017
2017-03-31,2017,3,12.88,13.94,13.201588396961643,2017-04-07,RandomForest,7,2017
2017-04-01,2017,4,12.85,14.118,13.175010320417933,2017-04-08,RandomForest,7,2017
2017-04-02,2017,4,12.9,14.378,13.258774747883898,2017-04-09,RandomForest,7,2017
2017-04-03,2017,4,13.008,14.62,13.38417776229434,2017-04-10,RandomForest,7,2017
2017-04-04,2017,4,13.236,14.638,13.802891682532762,2017-04-11,RandomForest,7,2017
2017-04-05,2017,4,13.564,14.502,14.121745049805408,2017-04-12,RandomForest,7,2017
2017-04-06,2017,4,13.764,14.34,14.005953532900227,2017-04-13,RandomForest,7,2017
2017-04-07,2017,4,13.94,14.16,13.947004682114137,2017-04-14,RandomForest,7,2017
2017-04-08,2017,4,14.118,14.032,14.183103616503072,2017-04-15,RandomForest,7,2017
2017-04-09,2017,4,14.378,14.254,14.51847001934335,2017-04-16,RandomForest,7,2017
2017-04-10,2017,4,14.62,14.4,14.9189813464985,2017-04-17,RandomForest,7,2017
2017-04-11,2017,4,14.638,14.454,14.822665523720607,2017-04-18,RandomForest,7,2017
2017-04-12,2017,4,14.502,14.35,14.54364906998783,2017-04-19,RandomForest,7,2017
2017-04-13,2017,4,14.34,14.192,14.503910186986774,2017-04-20,RandomForest,7,2017
2017-04-14,2017,4,14.16,14.058,14.360548590751465,2017-04-21,RandomForest,7,2017
2017-04-15,2017,4,14.032,14.138,14.392175993923495,2017-04-22,RandomForest,7,2017
2017-04-16,2017,4,14.254,14.088,14.761222267442644,2017-04-23,RandomForest,7,2017
2017-04-17,2017,4,14.4,14.1,14.834270504193602,2017-04-24,RandomForest,7,2017
2017-04-18,2017,4,14.454,14.12,14.825548262588864,2017-04-25,RandomForest,7,2017
2017-04-19,2017,4,14.35,14.066,14.682254540612012,2017-04-26,RandomForest,7,2017
2017-04-20,2017,4,14.192,14.082,14.528663406757936,2017-04-27,RandomForest,7,2017
2017-04-21,2017,4,14.058,14.19,14.435360620041893,2017-04-28,RandomForest,7,2017
2017-04-22,2017,4,14.138,14.346,14.58141234209429,2017-04-29,RandomForest,7,2017
2017-04-23,2017,4,14.088,14.57,14.54060620995334,2017-04-30,RandomForest,7,2017
2017-04-24,2017,4,14.1,14.926,14.550217667152339,2017-05-01,RandomForest,7,2017
2017-04-25,2017,4,14.12,15.76,14.586924709295948,2017-05-02,RandomForest,7,2017
2017-04-26,2017,4,14.066,16.168,14.52367969690167,2017-05-03,RandomForest,7,2017
2017-04-27,2017,4,14.082,16.404,14.576033373298104,2017-05-04,RandomForest,7,2017
2017-04-28,2017,4,14.19,16.146,14.64211506884246,2017-05-05,RandomForest,7,2017
2017-04-29,2017,4,14.346,15.996,14.815546973853444,2017-05-06,RandomForest,7,2017
2017-04-30,2017,4,14.57,15.892,15.044110850366927,2017-05-07,RandomForest,7,2017
2017-05-01,2017,5,14.926,15.9,15.19188031188109,2017-05-08,RandomForest,7,2017
2017-05-02,2017,5,15.76,15.916,16.249252720230967,2017-05-09,RandomForest,7,2017
2017-05-03,2017,5,16.168,15.872,16.50627808712572,2017-05-10,RandomForest,7,2017
2017-05-04,2017,5,16.404,15.82,16.62491599835175,2017-05-11,RandomForest,7,2017
2017-05-05,2017,5,16.146,15.89,16.208400454578793,2017-05-12,RandomForest,7,2017
2017-05-06,2017,5,15.996,15.91,16.158223014366726,2017-05-13,RandomForest,7,2017
2017-05-07,2017,5,15.892,15.88,16.03679859303292,2017-05-14,RandomForest,7,2017
2017-05-08,2017,5,15.9,15.79,15.643930482999934,2017-05-15,RandomForest,7,2017
2017-05-09,2017,5,15.916,15.484,15.674569377026884,2017-05-16,RandomForest,7,2017
2017-05-10,2017,5,15.872,15.432,15.621485708206542,2017-05-17,RandomForest,7,2017
2017-05-11,2017,5,15.82,15.376,15.636403778804462,2017-05-18,RandomForest,7,2017
2017-05-12,2017,5,15.89,15.312,15.962196008396031,2017-05-19,RandomForest,7,2017
2017-05-13,2017,5,15.91,15.28,16.08399062303441,2017-05-20,RandomForest,7,2017
2017-05-14,2017,5,15.88,15.27,15.89479209294152,2017-05-21,RandomForest,7,2017
2017-05-15,2017,5,15.79,15.25,15.925984607297629,2017-05-22,RandomForest,7,2017
2017-05-16,2017,5,15.484,15.29,15.537440877344753,2017-05-23,RandomForest,7,2017
2017-05-17,2017,5,15.432,15.25,15.829436811706945,2017-05-24,RandomForest,7,2017
2017-05-18,2017,5,15.376,15.366,15.89384041436104,2017-05-25,RandomForest,7,2017
2017-05-19,2017,5,15.312,15.596,15.954047461014143,2017-05-26,RandomForest,7,2017
2017-05-20,2017,5,15.28,15.896,16.142429961918655,2017-05-27,RandomForest,7,2017
2017-05-21,2017,5,15.27,16.098,16.170527038003023,2017-05-28,RandomForest,7,2017
2017-05-22,2017,5,15.25,16.202,16.12626299644013,2017-05-29,RandomForest,7,2017
2017-05-23,2017,5,15.29,16.21,15.857398104243803,2017-05-30,RandomForest,7,2017
2017-05-24,2017,5,15.25,16.22,15.800384648241055,2017-05-31,RandomForest,7,2017
2017-05-25,2017,5,15.366,16.28,15.94282339937446,2017-06-01,RandomForest,7,2017
2017-05-26,2017,5,15.596,16.26,16.265241925679675,2017-06-02,RandomForest,7,2017
2017-05-27,2017,5,15.896,16.28,16.587665683968968,2017-06-03,RandomForest,7,2017
2017-05-28,2017,5,16.098,16.356,16.654059209921346,2017-06-04,RandomForest,7,2017
2017-05-29,2017,5,16.202,16.904,16.565685279669218,2017-06-05,RandomForest,7,2017
2017-05-30,2017,5,16.21,17.592,16.518714791359976,2017-06-06,RandomForest,7,2017
2017-05-31,2017,5,16.22,17.82,16.8449588938597,2017-06-07,RandomForest,7,2017
2017-06-01,2017,6,16.28,18.04,17.023462811920368,2017-06-08,RandomForest,7,2017
2017-06-02,2017,6,16.26,18.014,17.074647811704793,2017-06-09,RandomForest,7,2017
2017-06-03,2017,6,16.28,17.768,17.57275930172474,2017-06-10,RandomForest,7,2017
2017-06-04,2017,6,16.356,17.418,17.696935167668958,2017-06-11,RandomForest,7,2017
2017-06-05,2017,6,16.904,17.156,17.736102998517122,2017-06-12,RandomForest,7,2017
2017-06-06,2017,6,17.592,16.942,17.518105099225938,2017-06-13,RandomForest,7,2017
2017-06-07,2017,6,17.82,16.85,17.797454294784778,2017-06-14,RandomForest,7,2017
2017-06-08,2017,6,18.04,16.9,18.029356985894836,2017-06-15,RandomForest,7,2017
2017-06-09,2017,6,18.014,17.096,17.87433005835648,2017-06-16,RandomForest,7,2017
2017-06-10,2017,6,17.768,17.286,17.63851120977434,2017-06-17,RandomForest,7,2017
2017-06-11,2017,6,17.418,17.498,17.455941908679343,2017-06-18,RandomForest,7,2017
2017-06-12,2017,6,17.156,17.826,17.533812923767822,2017-06-19,RandomForest,7,2017
2017-06-13,2017,6,16.942,18.124,17.088907553375968,2017-06-20,RandomForest,7,2017
2017-06-14,2017,6,16.85,18.396,17.083922800559996,2017-06-21,RandomForest,7,2017
2017-06-15,2017,6,16.9,18.512,17.285364195829,2017-06-22,RandomForest,7,2017
2017-06-16,2017,6,17.096,18.53,17.64798082804147,2017-06-23,RandomForest,7,2017
2017-06-17,2017,6,17.286,18.54,17.946490434974432,2017-06-24,RandomForest,7,2017
2017-06-18,2017,6,17.498,18.53,18.17132123974113,2017-06-25,RandomForest,7,2017
2017-06-19,2017,6,17.826,18.47,18.351643679400762,2017-06-26,RandomForest,7,2017
2017-06-20,2017,6,18.124,18.264,18.375268438199967,2017-06-27,RandomForest,7,2017
2017-06-21,2017,6,18.396,18.23,18.469208056078173,2017-06-28,RandomForest,7,2017
2017-06-22,2017,6,18.512,18.082,18.47595657379808,2017-06-29,RandomForest,7,2017
2017-06-23,2017,6,18.53,18.276,18.522143763931638,2017-06-30,RandomForest,7,2017
2017-06-24,2017,6,18.54,18.43,18.583939181058334,2017-07-01,RandomForest,7,2017
2017-06-25,2017,6,18.53,18.68,18.901578228766137,2017-07-02,RandomForest,7,2017
2017-06-26,2017,6,18.47,18.856,18.946611758196784,2017-07-03,RandomForest,7,2017
2017-06-27,2017,6,18.264,18.974,19.023864794401153,2017-07-04,RandomForest,7,2017
2017-06-28,2017,6,18.23,19.154,19.240100951629838,2017-07-05,RandomForest,7,2017
2017-06-29,2017,6,18.082,19.432,18.816788916168736,2017-07-06,RandomForest,7,2017
2017-06-30,2017,6,18.276,19.73,19.209221047372306,2017-07-07,RandomForest,7,2017
2017-07-01,2017,7,18.43,19.85,19.323467335764892,2017-07-08,RandomForest,7,2017
2017-07-02,2017,7,18.68,19.86,19.405020083511346,2017-07-09,RandomForest,7,2017
2017-07-03,2017,7,18.856,19.87,19.313300922748812,2017-07-10,RandomForest,7,2017
2017-07-04,2017,7,18.974,20.166,19.145154271058512,2017-07-11,RandomForest,7,2017
2017-07-05,2017,7,19.154,20.294,19.199785437794766,2017-07-12,RandomForest,7,2017
2017-07-06,2017,7,19.432,20.34,19.41716407285149,2017-07-13,RandomForest,7,2017
2017-07-07,2017,7,19.73,20.368,19.624225876831776,2017-07-14,RandomForest,7,2017
2017-07-08,2017,7,19.85,20.264,19.575437224886905,2017-07-15,RandomForest,7,2017
2017-07-09,2017,7,19.86,20.05,19.59502694793332,2017-07-16,RandomForest,7,2017
2017-07-10,2017,7,19.87,19.724,19.68601059767533,2017-07-17,RandomForest,7,2017
2017-07-11,2017,7,20.166,19.482,20.019259337425247,2017-07-18,RandomForest,7,2017
2017-07-12,2017,7,20.294,19.216,19.574788387733726,2017-07-19,RandomForest,7,2017
2017-07-13,2017,7,20.34,19.062,19.4437013991009,2017-07-20,RandomForest,7,2017
2017-07-14,2017,7,20.368,18.93,19.40745449128649,2017-07-21,RandomForest,7,2017
2017-07-15,2017,7,20.264,18.762,19.546869267826445,2017-07-22,RandomForest,7,2017
2017-07-16,2017,7,20.05,18.694,19.322128758013793,2017-07-23,RandomForest,7,2017
2017-07-17,2017,7,19.724,18.67,19.002055587719298,2017-07-24,RandomForest,7,2017
2017-07-18,2017,7,19.482,18.674,18.788208040749105,2017-07-25,RandomForest,7,2017
2017-07-19,2017,7,19.216,18.618,18.584165215352282,2017-07-26,RandomForest,7,2017
2017-07-20,2017,7,19.062,18.554,18.654482457878895,2017-07-27,RandomForest,7,2017
2017-07-21,2017,7,18.93,18.46,18.52639857689173,2017-07-28,RandomForest,7,2017
2017-07-22,2017,7,18.762,18.392,18.38583844314899,2017-07-29,RandomForest,7,2017
2017-07-23,2017,7,18.694,18.414,18.611079791984082,2017-07-30,RandomForest,7,2017
2017-07-24,2017,7,18.67,18.434,18.460372018985122,2017-07-31,RandomForest,7,2017
2017-07-25,2017,7,18.674,18.508,18.56568466216228,2017-08-01,RandomForest,7,2017
2017-07-26,2017,7,18.618,18.472,18.35687486720163,2017-08-02,RandomForest,7,2017
2017-07-27,2017,7,18.554,18.46,18.302821432049093,2017-08-03,RandomForest,7,2017
2017-07-28,2017,7,18.46,18.472,18.285711326176347,2017-08-04,RandomForest,7,2017
2017-07-29,2017,7,18.392,18.59,18.2536333182667,2017-08-05,RandomForest,7,2017
2017-07-30,2017,7,18.414,18.624,18.49226716192748,2017-08-06,RandomForest,7,2017
2017-07-31,2017,7,18.434,18.56,18.711047063341063,2017-08-07,RandomForest,7,2017
2017-08-01,2017,8,18.508,18.526,18.83963941210898,2017-08-08,RandomForest,7,2017
2017-08-02,2017,8,18.472,18.542,18.687006354301523,2017-08-09,RandomForest,7,2017
2017-08-03,2017,8,18.46,18.696,18.68852917557217,2017-08-10,RandomForest,7,2017
2017-08-04,2017,8,18.472,18.986,18.56550511251494,2017-08-11,RandomForest,7,2017
2017-08-05,2017,8,18.59,19.608,18.682619237552068,2017-08-12,RandomForest,7,2017
2017-08-06,2017,8,18.624,20.202,18.60912416843994,2017-08-13,RandomForest,7,2017
2017-08-07,2017,8,18.56,20.728,18.47429870499819,2017-08-14,RandomForest,7,2017
2017-08-08,2017,8,18.526,20.826,18.480373037296847,2017-08-15,RandomForest,7,2017
2017-08-09,2017,8,18.542,20.83,18.514614282613678,2017-08-16,RandomForest,7,2017
2017-08-10,2017,8,18.696,20.698,18.72856550973664,2017-08-17,RandomForest,7,2017
2017-08-11,2017,8,18.986,20.476,19.088693944387426,2017-08-18,RandomForest,7,2017
2017-08-12,2017,8,19.608,20.24,19.77208143532041,2017-08-19,RandomForest,7,2017
2017-08-13,2017,8,20.202,20.048,20.11280975471305,2017-08-20,RandomForest,7,2017
2017-08-14,2017,8,20.728,19.88,20.295774579894932,2017-08-21,RandomForest,7,2017
2017-08-15,2017,8,20.826,19.73,20.10334359365012,2017-08-22,RandomForest,7,2017
2017-08-16,2017,8,20.83,19.53,19.673321153846153,2017-08-23,RandomForest,7,2017
2017-08-17,2017,8,20.698,19.436,19.385761905741504,2017-08-24,RandomForest,7,2017
2017-08-18,2017,8,20.476,19.304,19.097849172184027,2017-08-25,RandomForest,7,2017
2017-08-19,2017,8,20.24,19.136,18.88457714862915,2017-08-26,RandomForest,7,2017
2017-08-20,2017,8,20.048,18.998,18.807185666666665,2017-08-27,RandomForest,7,2017
2017-08-21,2017,8,19.88,18.972,18.783991962530983,2017-08-28,RandomForest,7,2017
2017-08-22,2017,8,19.73,18.826,18.747724403303753,2017-08-29,RandomForest,7,2017
2017-08-23,2017,8,19.53,18.72,18.540502617034363,2017-08-30,RandomForest,7,2017
2017-08-24,2017,8,19.436,18.568,18.851968806549294,2017-08-31,RandomForest,7,2017
2017-08-25,2017,8,19.304,18.472,18.63890740869622,2017-09-01,RandomForest,7,2017
2017-08-26,2017,8,19.136,18.544,18.421877046919295,2017-09-02,RandomForest,7,2017
2017-08-27,2017,8,18.998,18.576,18.38427457834212,2017-09-03,RandomForest,7,2017
2017-08-28,2017,8,18.972,18.566,18.69385480854589,2017-09-04,RandomForest,7,2017
2017-08-29,2017,8,18.826,18.58,18.301719065363432,2017-09-05,RandomForest,7,2017
2017-08-30,2017,8,18.72,18.6,18.202133473044032,2017-09-06,RandomForest,7,2017
2017-08-31,2017,8,18.568,18.65,17.94519069088115,2017-09-07,RandomForest,7,2017
2017-09-01,2017,9,18.472,18.76,17.889189014838575,2017-09-08,RandomForest,7,2017
2017-09-02,2017,9,18.544,18.892,18.618736372443387,2017-09-09,RandomForest,7,2017
2017-09-03,2017,9,18.576,19.076,18.57507466615637,2017-09-10,RandomForest,7,2017
2017-09-04,2017,9,18.566,19.334,18.430151186447144,2017-09-11,RandomForest,7,2017
2017-09-05,2017,9,18.58,19.378,18.64608180553613,2017-09-12,RandomForest,7,2017
2017-09-06,2017,9,18.6,19.256,18.60817433623808,2017-09-13,RandomForest,7,2017
2017-09-07,2017,9,18.65,19.132,18.654385589370314,2017-09-14,RandomForest,7,2017
2017-09-08,2017,9,18.76,19.008,18.89722087282892,2017-09-15,RandomForest,7,2017
2017-09-09,2017,9,18.892,18.912,19.034199909407942,2017-09-16,RandomForest,7,2017
2017-09-10,2017,9,19.076,18.732,19.13448503856229,2017-09-17,RandomForest,7,2017
2017-09-11,2017,9,19.334,18.53,19.345628819109265,2017-09-18,RandomForest,7,2017
2017-09-12,2017,9,19.378,18.356,19.322779783927704,2017-09-19,RandomForest,7,2017
2017-09-13,2017,9,19.256,18.25,19.104727873393728,2017-09-20,RandomForest,7,2017
2017-09-14,2017,9,19.132,18.158,18.931791189471074,2017-09-21,RandomForest,7,2017
2017-09-15,2017,9,19.008,18.064,18.80992592041069,2017-09-22,RandomForest,7,2017
2017-09-16,2017,9,18.912,18.072,18.754429038565373,2017-09-23,RandomForest,7,2017
2017-09-17,2017,9,18.732,17.942,18.258012516650055,2017-09-24,RandomForest,7,2017
2017-09-18,2017,9,18.53,17.866,17.722155137175722,2017-09-25,RandomForest,7,2017
2017-09-19,2017,9,18.356,17.85,17.58623349966962,2017-09-26,RandomForest,7,2017
2017-09-20,2017,9,18.25,17.95,17.583736754953797,2017-09-27,RandomForest,7,2017
2017-09-21,2017,9,18.158,18.042,17.67642019010706,2017-09-28,RandomForest,7,2017
2017-09-22,2017,9,18.064,18.05,17.975294534757552,2017-09-29,RandomForest,7,2017
2017-09-23,2017,9,18.072,18.116,18.368784215881025,2017-09-30,RandomForest,7,2017
2017-09-24,2017,9,17.942,18.238,17.66242196506605,2017-10-01,RandomForest,7,2017
2017-09-25,2017,9,17.866,18.502,17.654016189335536,2017-10-02,RandomForest,7,2017
2017-09-26,2017,9,17.85,18.55,17.570747051409246,2017-10-03,RandomForest,7,2017
2017-09-27,2017,9,17.95,18.396,17.639235304780204,2017-10-04,RandomForest,7,2017
2017-09-28,2017,9,18.042,18.226,17.579763393152653,2017-10-05,RandomForest,7,2017
2017-09-29,2017,9,18.05,18.126,17.397684978679074,2017-10-06,RandomForest,7,2017
2017-09-30,2017,9,18.116,18.162,17.467828613354673,2017-10-07,RandomForest,7,2017
2017-10-01,2017,10,18.238,18.246,17.36440624822473,2017-10-08,RandomForest,7,2017
2017-10-02,2017,10,18.502,18.308,17.842977515873013,2017-10-09,RandomForest,7,2017
2017-10-03,2017,10,18.55,18.284,17.595354069444447,2017-10-10,RandomForest,7,2017
2017-10-04,2017,10,18.396,18.066,17.32453534567245,2017-10-11,RandomForest,7,2017
2017-10-05,2017,10,18.226,17.778,17.1496191996654,2017-10-12,RandomForest,7,2017
2017-10-06,2017,10,18.126,17.504,17.29753689441594,2017-10-13,RandomForest,7,2017
2017-10-07,2017,10,18.162,17.326,17.339640969346032,2017-10-14,RandomForest,7,2017
2017-10-08,2017,10,18.246,17.092,17.405100453009975,2017-10-15,RandomForest,7,2017
2017-10-09,2017,10,18.308,17.036,17.455287488304094,2017-10-16,RandomForest,7,2017
2017-10-10,2017,10,18.284,16.998,17.354770613055162,2017-10-17,RandomForest,7,2017
2017-10-11,2017,10,18.066,16.932,17.202127059379208,2017-10-18,RandomForest,7,2017
2017-10-12,2017,10,17.778,16.896,16.993280142327936,2017-10-19,RandomForest,7,2017
2017-10-13,2017,10,17.504,16.892,16.742067154898194,2017-10-20,RandomForest,7,2017
2017-10-14,2017,10,17.326,17.158,16.669815544035774,2017-10-21,RandomForest,7,2017
2017-10-15,2017,10,17.092,17.352,16.32830194773309,2017-10-22,RandomForest,7,2017
2017-10-16,2017,10,17.036,17.182,17.570114454779794,2017-10-23,RandomForest,7,2017
2017-10-17,2017,10,16.998,16.96,17.546073699194253,2017-10-24,RandomForest,7,2017
2017-10-18,2017,10,16.932,16.774,16.719011962993157,2017-10-25,RandomForest,7,2017
2017-10-19,2017,10,16.896,16.676,16.441587354675786,2017-10-26,RandomForest,7,2017
2017-10-20,2017,10,16.892,16.664,16.353370154790095,2017-10-27,RandomForest,7,2017
2017-10-21,2017,10,17.158,16.688,16.971306312769315,2017-10-28,RandomForest,7,2017
2017-10-22,2017,10,17.352,16.834,16.967185719043346,2017-10-29,RandomForest,7,2017
2017-10-23,2017,10,17.182,16.932,16.454331487807487,2017-10-30,RandomForest,7,2017
2017-10-24,2017,10,16.96,16.996,16.179707689043827,2017-10-31,RandomForest,7,2017
2017-10-25,2017,10,16.774,16.838,16.05035002604972,2017-11-01,RandomForest,7,2017
2017-10-26,2017,10,16.676,16.544,16.144249856015147,2017-11-02,RandomForest,7,2017
2017-10-27,2017,10,16.664,16.29,16.17020331462108,2017-11-03,RandomForest,7,2017
2017-10-28,2017,10,16.688,16.114,16.006779883469136,2017-11-04,RandomForest,7,2017
2017-10-29,2017,10,16.834,15.952,16.259453092643554,2017-11-05,RandomForest,7,2017
2017-10-30,2017,10,16.932,15.828,16.36603084435574,2017-11-06,RandomForest,7,2017
2017-10-31,2017,10,16.996,15.698,16.345225116842514,2017-11-07,RandomForest,7,2017
2017-11-01,2017,11,16.838,15.656,16.194256335724074,2017-11-08,RandomForest,7,2017
2017-11-02,2017,11,16.544,15.432,15.769663813447904,2017-11-09,RandomForest,7,2017
2017-11-03,2017,11,16.29,15.32,15.690112836173281,2017-11-10,RandomForest,7,2017
2017-11-04,2017,11,16.114,15.274,15.53943262848573,2017-11-11,RandomForest,7,2017
2017-11-05,2017,11,15.952,15.268,15.424216909708493,2017-11-12,RandomForest,7,2017
2017-11-06,2017,11,15.828,15.216,15.390409115005928,2017-11-13,RandomForest,7,2017
2017-11-07,2017,11,15.698,15.152,15.270447821295717,2017-11-14,RandomForest,7,2017
2017-11-08,2017,11,15.656,15.058,15.598936712148323,2017-11-15,RandomForest,7,2017
2017-11-09,2017,11,15.432,15.004,14.913500948204481,2017-11-16,RandomForest,7,2017
2017-11-10,2017,11,15.32,14.92,14.864437090095258,2017-11-17,RandomForest,7,2017
2017-11-11,2017,11,15.274,14.872,14.976946392896734,2017-11-18,RandomForest,7,2017
2017-11-12,2017,11,15.268,14.79,15.000853335449559,2017-11-19,RandomForest,7,2017
2017-11-13,2017,11,15.216,14.736,14.901173885454794,2017-11-20,RandomForest,7,2017
2017-11-14,2017,11,15.152,14.694,14.827811838983951,2017-11-21,RandomForest,7,2017
2017-11-15,2017,11,15.058,14.616,14.69241646493075,2017-11-22,RandomForest,7,2017
2017-11-16,2017,11,15.004,14.51,14.690148620219937,2017-11-23,RandomForest,7,2017
2017-11-17,2017,11,14.92,14.412,14.595182757312074,2017-11-24,RandomForest,7,2017
2017-11-18,2017,11,14.872,14.398,14.568853907223712,2017-11-25,RandomForest,7,2017
2017-11-19,2017,11,14.79,14.324,14.486055284471021,2017-11-26,RandomForest,7,2017
2017-11-20,2017,11,14.736,14.27,14.440107867540972,2017-11-27,RandomForest,7,2017
2017-11-21,2017,11,14.694,14.27,14.442342545266431,2017-11-28,RandomForest,7,2017
2017-11-22,2017,11,14.616,14.26,14.33081860238673,2017-11-29,RandomForest,7,2017
2017-11-23,2017,11,14.51,14.226,14.155515400478725,2017-11-30,RandomForest,7,2017
2017-11-24,2017,11,14.412,14.186,14.073866785680849,2017-12-01,RandomForest,7,2017
2017-11-25,2017,11,14.398,14.164,14.165207337378769,2017-12-02,RandomForest,7,2017
2017-11-26,2017,11,14.324,14.126,14.06974034567485,2017-12-03,RandomForest,7,2017
2017-11-27,2017,11,14.27,14.104,14.01809991944106,2017-12-04,RandomForest,7,2017
2017-11-28,2017,11,14.27,14.09,14.053539092669592,2017-12-05,RandomForest,7,2017
2017-11-29,2017,11,14.26,14.08,14.054514666360502,2017-12-06,RandomForest,7,2017
2017-11-30,2017,11,14.226,14.07,14.035135238210469,2017-12-07,RandomForest,7,2017
2017-12-01,2017,12,14.186,14.05,13.980637637421374,2017-12-08,RandomForest,7,2017
2017-12-02,2017,12,14.164,14.014,13.964647086529443,2017-12-09,RandomForest,7,2017
2017-12-03,2017,12,14.126,13.96,13.924540507621552,2017-12-10,RandomForest,7,2017
2017-12-04,2017,12,14.104,13.95,13.905898803484822,2017-12-11,RandomForest,7,2017
2017-12-05,2017,12,14.09,13.922,13.89231886654599,2017-12-12,RandomForest,7,2017
2017-12-06,2017,12,14.08,13.876,13.881999474635972,2017-12-13,RandomForest,7,2017
2017-12-07,2017,12,14.07,13.844,13.871795421632921,2017-12-14,RandomForest,7,2017
2017-12-08,2017,12,14.05,13.81,13.846342321729132,2017-12-15,RandomForest,7,2017
2017-12-09,2017,12,14.014,13.79,13.821779525936051,2017-12-16,RandomForest,7,2017
2017-12-10,2017,12,13.96,13.764,13.729582762113612,2017-12-17,RandomForest,7,2017
2017-12-11,2017,12,13.95,13.732,13.763002519247028,2017-12-18,RandomForest,7,2017
2017-12-12,2017,12,13.922,13.72,13.74261169671566,2017-12-19,RandomForest,7,2017
2017-12-13,2017,12,13.876,13.71,13.671104059090462,2017-12-20,RandomForest,7,2017
2017-12-14,2017,12,13.844,13.684,13.65157906143832,2017-12-21,RandomForest,7,2017
2017-12-15,2017,12,13.81,13.65,13.627793086729085,2017-12-22,RandomForest,7,2017
2017-12-16,2017,12,13.79,13.62,13.61989947144433,2017-12-23,RandomForest,7,2017
2017-12-17,2017,12,13.764,13.61,13.596893373389964,2017-12-24,RandomForest,7,2017
2017-12-18,2017,12,13.732,13.59,13.563879304485239,2017-12-25,RandomForest,7,2017
2017-12-19,2017,12,13.72,13.554,13.555182575604192,2017-12-26,RandomForest,7,2017
2017-12-20,2017,12,13.71,13.52,13.543861363413107,2017-12-27,RandomForest,7,2017
2017-12-21,2017,12,13.684,13.504,13.517017083914606,2017-12-28,RandomForest,7,2017
2017-12-22,2017,12,13.65,13.464,13.479808412506085,2017-12-29,RandomForest,7,2017
2017-12-23,2017,12,13.62,13.45,13.447129974931643,2017-12-30,RandomForest,7,2017
2017-12-24,2017,12,13.61,13.42,13.441356661954607,2017-12-31,RandomForest,7,2017
2017-12-25,2017,12,13.59,13.394,13.423438116423473,2018-01-01,RandomForest,7,2017
2017-12-26,2017,12,13.554,13.36,13.380790609459762,2018-01-02,RandomForest,7,2017
2017-12-27,2017,12,13.52,13.34,13.339402660942316,2018-01-03,RandomForest,7,2017
2017-12-28,2017,12,13.504,13.316,13.325329673720413,2018-01-04,RandomForest,7,2017
2017-12-29,2017,12,13.464,13.286,13.272536183979886,2018-01-05,RandomForest,7,2017
2017-12-30,2017,12,13.45,13.26,13.262504731280957,2018-01-06,RandomForest,7,2017
2017-12-31,2017,12,13.42,13.234,13.224814782369153,2018-01-07,RandomForest,7,2017
2018-01-01,2018,1,13.394,13.21,13.222080118537148,2018-01-08,RandomForest,7,2018
2018-01-02,2018,1,13.36,13.186,13.192313991032893,2018-01-09,RandomForest,7,2018
2018-01-03,2018,1,13.34,13.154,13.189363840391676,2018-01-10,RandomForest,7,2018
2018-01-04,2018,1,13.316,13.13,13.183034174725258,2018-01-11,RandomForest,7,2018
2018-01-05,2018,1,13.286,13.13,13.154955117483398,2018-01-12,RandomForest,7,2018
2018-01-06,2018,1,13.26,13.12,13.133851509817019,2018-01-13,RandomForest,7,2018
2018-01-07,2018,1,13.234,13.094,13.112355950860387,2018-01-14,RandomForest,7,2018
2018-01-08,2018,1,13.21,13.066,13.094945755239985,2018-01-15,RandomForest,7,2018
2018-01-09,2018,1,13.186,13.06,13.074139887338033,2018-01-16,RandomForest,7,2018
2018-01-10,2018,1,13.154,13.05,13.037700893101553,2018-01-17,RandomForest,7,2018
2018-01-11,2018,1,13.13,13.03,13.01539307133706,2018-01-18,RandomForest,7,2018
2018-01-12,2018,1,13.13,13.03,13.011028836810059,2018-01-19,RandomForest,7,2018
2018-01-13,2018,1,13.12,13.02,13.010681255930773,2018-01-20,RandomForest,7,2018
2018-01-14,2018,1,13.094,12.986,12.982488062283906,2018-01-21,RandomForest,7,2018
2018-01-15,2018,1,13.066,12.938,12.9425772169922,2018-01-22,RandomForest,7,2018
2018-01-16,2018,1,13.06,12.92,12.937339673601686,2018-01-23,RandomForest,7,2018
2018-01-17,2018,1,13.05,12.92,12.924109818819232,2018-01-24,RandomForest,7,2018
2018-01-18,2018,1,13.03,12.91,12.903521500053715,2018-01-25,RandomForest,7,2018
2018-01-19,2018,1,13.03,12.9,12.899562207845367,2018-01-26,RandomForest,7,2018
2018-01-20,2018,1,13.02,12.88,12.88663807790355,2018-01-27,RandomForest,7,2018
2018-01-21,2018,1,12.986,12.866,12.855751291638386,2018-01-28,RandomForest,7,2018
2018-01-22,2018,1,12.938,12.84,12.813459117036501,2018-01-29,RandomForest,7,2018
2018-01-23,2018,1,12.92,12.82,12.811933561308608,2018-01-30,RandomForest,7,2018
2018-01-24,2018,1,12.92,12.81,12.817782408130453,2018-01-31,RandomForest,7,2018
2018-01-25,2018,1,12.91,12.8,12.821834045143609,2018-02-01,RandomForest,7,2018
2018-01-26,2018,1,12.9,12.79,12.812831391660806,2018-02-02,RandomForest,7,2018
2018-01-27,2018,1,12.88,12.79,12.796947206774433,2018-02-03,RandomForest,7,2018
2018-01-28,2018,1,12.866,12.78,12.771255228073574,2018-02-04,RandomForest,7,2018
2018-01-29,2018,1,12.84,12.78,12.74746626637658,2018-02-05,RandomForest,7,2018
2018-01-30,2018,1,12.82,12.77,12.732367756022525,2018-02-06,RandomForest,7,2018
2018-01-31,2018,1,12.81,12.75,12.724103899462825,2018-02-07,RandomForest,7,2018
2018-02-01,2018,2,12.8,12.73,12.712222882401226,2018-02-08,RandomForest,7,2018
2018-02-02,2018,2,12.79,12.71,12.696342082981324,2018-02-09,RandomForest,7,2018
2018-02-03,2018,2,12.79,12.7,12.698325693550963,2018-02-10,RandomForest,7,2018
2018-02-04,2018,2,12.78,12.69,12.684995835211124,2018-02-11,RandomForest,7,2018
2018-02-05,2018,2,12.78,12.69,12.706871468558651,2018-02-12,RandomForest,7,2018
2018-02-06,2018,2,12.77,12.68,12.678580284703378,2018-02-13,RandomForest,7,2018
2018-02-07,2018,2,12.75,12.68,12.658267854897405,2018-02-14,RandomForest,7,2018
2018-02-08,2018,2,12.73,12.668,12.642196013084469,2018-02-15,RandomForest,7,2018
2018-02-09,2018,2,12.71,12.57,12.622958117886625,2018-02-16,RandomForest,7,2018
2018-02-10,2018,2,12.7,12.48,12.619347320303795,2018-02-17,RandomForest,7,2018
2018-02-11,2018,2,12.69,12.4,12.63030722101289,2018-02-18,RandomForest,7,2018
2018-02-12,2018,2,12.69,12.434,12.63861154182465,2018-02-19,RandomForest,7,2018
2018-02-13,2018,2,12.68,12.44,12.661762560672683,2018-02-20,RandomForest,7,2018
2018-02-14,2018,2,12.68,12.42,12.667771643394955,2018-02-21,RandomForest,7,2018
2018-02-15,2018,2,12.668,12.398,12.654687152537303,2018-02-22,RandomForest,7,2018
2018-02-16,2018,2,12.57,12.354,12.523913354059333,2018-02-23,RandomForest,7,2018
2018-02-17,2018,2,12.48,12.34,12.441594302291984,2018-02-24,RandomForest,7,2018
2018-02-18,2018,2,12.4,12.34,12.364419132166542,2018-02-25,RandomForest,7,2018
2018-02-19,2018,2,12.434,12.34,12.379506824740215,2018-02-26,RandomForest,7,2018
2018-02-20,2018,2,12.44,12.36,12.386869986270122,2018-02-27,RandomForest,7,2018
2018-02-21,2018,2,12.42,12.38,12.418684494184388,2018-02-28,RandomForest,7,2018
2018-02-22,2018,2,12.398,12.38,12.429226924463698,2018-03-01,RandomForest,7,2018
2018-02-23,2018,2,12.354,12.38,12.455094354030033,2018-03-02,RandomForest,7,2018
2018-02-24,2018,2,12.34,12.37,12.593644732043042,2018-03-03,RandomForest,7,2018
2018-02-25,2018,2,12.34,12.35,12.561490970713972,2018-03-04,RandomForest,7,2018
2018-02-26,2018,2,12.34,12.35,12.538436046470798,2018-03-05,RandomForest,7,2018
2018-02-27,2018,2,12.36,12.35,12.518721778416861,2018-03-06,RandomForest,7,2018
2018-02-28,2018,2,12.38,12.36,12.515608566602603,2018-03-07,RandomForest,7,2018
2018-03-01,2018,3,12.38,12.372,12.491088777739776,2018-03-08,RandomForest,7,2018
2018-03-02,2018,3,12.38,12.406,12.503540688258463,2018-03-09,RandomForest,7,2018
2018-03-03,2018,3,12.37,12.41,12.495095364308119,2018-03-10,RandomForest,7,2018
2018-03-04,2018,3,12.35,12.446,12.527866184767595,2018-03-11,RandomForest,7,2018
2018-03-05,2018,3,12.35,12.474,12.49791719896718,2018-03-12,RandomForest,7,2018
2018-03-06,2018,3,12.35,12.626,12.50750250639633,2018-03-13,RandomForest,7,2018
2018-03-07,2018,3,12.36,12.664,12.500124196664848,2018-03-14,RandomForest,7,2018
2018-03-08,2018,3,12.372,12.708,12.499737341983757,2018-03-15,RandomForest,7,2018
2018-03-09,2018,3,12.406,12.734,12.562845552831092,2018-03-16,RandomForest,7,2018
2018-03-10,2018,3,12.41,12.738,12.503458118981182,2018-03-17,RandomForest,7,2018
2018-03-11,2018,3,12.446,12.686,12.565723207198918,2018-03-18,RandomForest,7,2018
2018-03-12,2018,3,12.474,12.608,12.572013038970859,2018-03-19,RandomForest,7,2018
2018-03-13,2018,3,12.626,12.518,12.674242558317276,2018-03-20,RandomForest,7,2018
2018-03-14,2018,3,12.664,12.484,12.668161662929275,2018-03-21,RandomForest,7,2018
2018-03-15,2018,3,12.708,12.444,12.719124691360385,2018-03-22,RandomForest,7,2018
2018-03-16,2018,3,12.734,12.442,12.721226824236753,2018-03-23,RandomForest,7,2018
2018-03-17,2018,3,12.738,12.478,12.761140675555511,2018-03-24,RandomForest,7,2018
2018-03-18,2018,3,12.686,12.534,12.730109285345517,2018-03-25,RandomForest,7,2018
2018-03-19,2018,3,12.608,12.63,12.653127916035483,2018-03-26,RandomForest,7,2018
2018-03-20,2018,3,12.518,12.738,12.645961367877513,2018-03-27,RandomForest,7,2018
2018-03-21,2018,3,12.484,12.76,12.722839219498178,2018-03-28,RandomForest,7,2018
2018-03-22,2018,3,12.444,12.73,12.715710956910154,2018-03-29,RandomForest,7,2018
2018-03-23,2018,3,12.442,12.734,12.728573754876155,2018-03-30,RandomForest,7,2018
2018-03-24,2018,3,12.478,12.826,12.798233527117539,2018-03-31,RandomForest,7,2018
2018-03-25,2018,3,12.534,12.95,12.84491073191837,2018-04-01,RandomForest,7,2018
2018-03-26,2018,3,12.63,13.082,12.90991638732327,2018-04-02,RandomForest,7,2018
2018-03-27,2018,3,12.738,13.124,13.043858298392653,2018-04-03,RandomForest,7,2018
2018-03-28,2018,3,12.76,13.13,13.036332070996297,2018-04-04,RandomForest,7,2018
2018-03-29,2018,3,12.73,13.13,13.050310429317939,2018-04-05,RandomForest,7,2018
2018-03-30,2018,3,12.734,13.11,13.062640885828438,2018-04-06,RandomForest,7,2018
2018-03-31,2018,3,12.826,13.084,13.248823124965936,2018-04-07,RandomForest,7,2018
2018-04-01,2018,4,12.95,13.07,13.476370045948586,2018-04-08,RandomForest,7,2018
2018-04-02,2018,4,13.082,13.07,13.732881413966036,2018-04-09,RandomForest,7,2018
2018-04-03,2018,4,13.124,13.08,13.637044506428134,2018-04-10,RandomForest,7,2018
2018-04-04,2018,4,13.13,13.068,13.646965488719271,2018-04-11,RandomForest,7,2018
2018-04-05,2018,4,13.13,13.06,13.696482862354486,2018-04-12,RandomForest,7,2018
2018-04-06,2018,4,13.11,13.088,13.63134916957808,2018-04-13,RandomForest,7,2018
2018-04-07,2018,4,13.084,13.18,13.51101568340244,2018-04-14,RandomForest,7,2018
2018-04-08,2018,4,13.07,13.328,13.491228653426125,2018-04-15,RandomForest,7,2018
2018-04-09,2018,4,13.07,13.422,13.608829329105257,2018-04-16,RandomForest,7,2018
2018-04-10,2018,4,13.08,13.462,13.639504038628239,2018-04-17,RandomForest,7,2018
2018-04-11,2018,4,13.068,13.508,13.528359860409168,2018-04-18,RandomForest,7,2018
2018-04-12,2018,4,13.06,13.58,13.512037574694883,2018-04-19,RandomForest,7,2018
2018-04-13,2018,4,13.088,13.838,13.683236869625,2018-04-20,RandomForest,7,2018
2018-04-14,2018,4,13.18,14.13,13.735818023206082,2018-04-21,RandomForest,7,2018
2018-04-15,2018,4,13.328,14.334,13.96285101611431,2018-04-22,RandomForest,7,2018
2018-04-16,2018,4,13.422,14.368,13.939116970395396,2018-04-23,RandomForest,7,2018
2018-04-17,2018,4,13.462,14.254,13.958645409189705,2018-04-24,RandomForest,7,2018
2018-04-18,2018,4,13.508,14.12,14.000973475993185,2018-04-25,RandomForest,7,2018
2018-04-19,2018,4,13.58,14.052,14.077005542259368,2018-04-26,RandomForest,7,2018
2018-04-20,2018,4,13.838,14.024,14.417862611810678,2018-04-27,RandomForest,7,2018
2018-04-21,2018,4,14.13,14.032,14.686220305504012,2018-04-28,RandomForest,7,2018
2018-04-22,2018,4,14.334,14.128,14.738865021256773,2018-04-29,RandomForest,7,2018
2018-04-23,2018,4,14.368,14.306,14.63188392686317,2018-04-30,RandomForest,7,2018
2018-04-24,2018,4,14.254,14.402,14.462415521259524,2018-05-01,RandomForest,7,2018
2018-04-25,2018,4,14.12,14.43,14.436810377180274,2018-05-02,RandomForest,7,2018
2018-04-26,2018,4,14.052,14.434,14.633596147801294,2018-05-03,RandomForest,7,2018
2018-04-27,2018,4,14.024,14.296,14.841113951642853,2018-05-04,RandomForest,7,2018
2018-04-28,2018,4,14.032,14.228,15.005171276564589,2018-05-05,RandomForest,7,2018
2018-04-29,2018,4,14.128,14.152,15.182534736980555,2018-05-06,RandomForest,7,2018
2018-04-30,2018,4,14.306,14.14,15.472354737549328,2018-05-07,RandomForest,7,2018
2018-05-01,2018,5,14.402,14.13,15.369264705694226,2018-05-08,RandomForest,7,2018
2018-05-02,2018,5,14.43,14.166,15.197559458070344,2018-05-09,RandomForest,7,2018
2018-05-03,2018,5,14.434,14.218,15.136821858677806,2018-05-10,RandomForest,7,2018
2018-05-04,2018,5,14.296,14.42,14.74809710211501,2018-05-11,RandomForest,7,2018
2018-05-05,2018,5,14.228,14.546,14.73283931146872,2018-05-12,RandomForest,7,2018
2018-05-06,2018,5,14.152,14.56,14.678971537458958,2018-05-13,RandomForest,7,2018
2018-05-07,2018,5,14.14,14.57,14.741142772366018,2018-05-14,RandomForest,7,2018
2018-05-08,2018,5,14.13,14.588,14.821982566859136,2018-05-15,RandomForest,7,2018
2018-05-09,2018,5,14.166,14.712,15.034723700969856,2018-05-16,RandomForest,7,2018
2018-05-10,2018,5,14.218,14.972,15.156508771493119,2018-05-17,RandomForest,7,2018
2018-05-11,2018,5,14.42,15.076,15.42695665827574,2018-05-18,RandomForest,7,2018
2018-05-12,2018,5,14.546,14.988,15.134461528534914,2018-05-19,RandomForest,7,2018
2018-05-13,2018,5,14.56,14.832,14.974219871537297,2018-05-20,RandomForest,7,2018
2018-05-14,2018,5,14.57,14.72,14.94123218044097,2018-05-21,RandomForest,7,2018
2018-05-15,2018,5,14.588,14.664,15.02030979782007,2018-05-22,RandomForest,7,2018
2018-05-16,2018,5,14.712,14.632,15.22020789602616,2018-05-23,RandomForest,7,2018
2018-05-17,2018,5,14.972,14.572,15.598090655481146,2018-05-24,RandomForest,7,2018
2018-05-18,2018,5,15.076,14.564,15.749953310687195,2018-05-25,RandomForest,7,2018
2018-05-19,2018,5,14.988,14.868,15.587247150180659,2018-05-26,RandomForest,7,2018
2018-05-20,2018,5,14.832,15.12,15.366462593302703,2018-05-27,RandomForest,7,2018
2018-05-21,2018,5,14.72,15.4,15.324718397793573,2018-05-28,RandomForest,7,2018
2018-05-22,2018,5,14.664,15.656,15.388754699817662,2018-05-29,RandomForest,7,2018
2018-05-23,2018,5,14.632,16.088,15.583712658789981,2018-05-30,RandomForest,7,2018
2018-05-24,2018,5,14.572,16.376,15.468911685234396,2018-05-31,RandomForest,7,2018
2018-05-25,2018,5,14.564,16.568,15.609987088091387,2018-06-01,RandomForest,7,2018
2018-05-26,2018,5,14.868,16.72,15.904905328777295,2018-06-02,RandomForest,7,2018
2018-05-27,2018,5,15.12,16.856,16.015150161539484,2018-06-03,RandomForest,7,2018
2018-05-28,2018,5,15.4,16.764,16.065809137340896,2018-06-04,RandomForest,7,2018
2018-05-29,2018,5,15.656,16.484,16.20853151585461,2018-06-05,RandomForest,7,2018
2018-05-30,2018,5,16.088,16.262,16.516187061292325,2018-06-06,RandomForest,7,2018
2018-05-31,2018,5,16.376,16.086,16.679362448382825,2018-06-07,RandomForest,7,2018
2018-06-01,2018,6,16.568,15.96,16.605460487282386,2018-06-08,RandomForest,7,2018
2018-06-02,2018,6,16.72,15.844,16.768364036074814,2018-06-09,RandomForest,7,2018
2018-06-03,2018,6,16.856,15.79,17.040064876626467,2018-06-10,RandomForest,7,2018
2018-06-04,2018,6,16.764,15.77,17.092957428131562,2018-06-11,RandomForest,7,2018
2018-06-05,2018,6,16.484,15.77,16.862745952045415,2018-06-12,RandomForest,7,2018
2018-06-06,2018,6,16.262,15.748,16.63381540389614,2018-06-13,RandomForest,7,2018
2018-06-07,2018,6,16.086,15.71,16.433595036805873,2018-06-14,RandomForest,7,2018
2018-06-08,2018,6,15.96,15.86,16.397264418662715,2018-06-15,RandomForest,7,2018
2018-06-09,2018,6,15.844,16.182,16.41388564840638,2018-06-16,RandomForest,7,2018
2018-06-10,2018,6,15.79,16.462,16.592910819521695,2018-06-17,RandomForest,7,2018
2018-06-11,2018,6,15.77,16.95,16.739977024260774,2018-06-18,RandomForest,7,2018
2018-06-12,2018,6,15.77,17.622,16.614351246156318,2018-06-19,RandomForest,7,2018
2018-06-13,2018,6,15.748,17.992,16.528144118727674,2018-06-20,RandomForest,7,2018
2018-06-14,2018,6,15.71,18.072,16.426875320837528,2018-06-21,RandomForest,7,2018
2018-06-15,2018,6,15.86,18.1,16.50919229788176,2018-06-22,RandomForest,7,2018
2018-06-16,2018,6,16.182,18.082,16.826117793864,2018-06-23,RandomForest,7,2018
2018-06-17,2018,6,16.462,18.018,16.926941158875294,2018-06-24,RandomForest,7,2018
2018-06-18,2018,6,16.95,17.972,17.640097009210596,2018-06-25,RandomForest,7,2018
2018-06-19,2018,6,17.622,18.062,18.044945847086247,2018-06-26,RandomForest,7,2018
2018-06-20,2018,6,17.992,18.046,18.228584786032922,2018-06-27,RandomForest,7,2018
2018-06-21,2018,6,18.072,17.948,18.08306552572969,2018-06-28,RandomForest,7,2018
2018-06-22,2018,6,18.1,17.852,18.320979099110176,2018-06-29,RandomForest,7,2018
2018-06-23,2018,6,18.082,17.804,18.26853753566415,2018-06-30,RandomForest,7,2018
2018-06-24,2018,6,18.018,17.8,18.38662470604951,2018-07-01,RandomForest,7,2018
2018-06-25,2018,6,17.972,18.078,18.405510311772144,2018-07-02,RandomForest,7,2018
2018-06-26,2018,6,18.062,18.436,18.56045695609542,2018-07-03,RandomForest,7,2018
2018-06-27,2018,6,18.046,18.504,18.63996327752919,2018-07-04,RandomForest,7,2018
2018-06-28,2018,6,17.948,18.77,18.65217002063102,2018-07-05,RandomForest,7,2018
2018-06-29,2018,6,17.852,19.164,18.586511994545425,2018-07-06,RandomForest,7,2018
2018-06-30,2018,6,17.804,19.492,18.489609805594085,2018-07-07,RandomForest,7,2018
2018-07-01,2018,7,17.8,19.494,18.427254760509825,2018-07-08,RandomForest,7,2018
2018-07-02,2018,7,18.078,19.474,18.769276212605842,2018-07-09,RandomForest,7,2018
2018-07-03,2018,7,18.436,19.38,19.076250754007567,2018-07-10,RandomForest,7,2018
2018-07-04,2018,7,18.504,19.126,18.92716349309043,2018-07-11,RandomForest,7,2018
2018-07-05,2018,7,18.77,18.892,19.199284136309323,2018-07-12,RandomForest,7,2018
2018-07-06,2018,7,19.164,18.74,19.122482217358236,2018-07-13,RandomForest,7,2018
2018-07-07,2018,7,19.492,18.71,19.281068313318425,2018-07-14,RandomForest,7,2018
2018-07-08,2018,7,19.494,18.734,19.182507689572258,2018-07-15,RandomForest,7,2018
2018-07-09,2018,7,19.474,18.8,19.31833774924435,2018-07-16,RandomForest,7,2018
2018-07-10,2018,7,19.38,18.848,19.315386126927724,2018-07-17,RandomForest,7,2018
2018-07-11,2018,7,19.126,18.832,19.035864866235354,2018-07-18,RandomForest,7,2018
2018-07-12,2018,7,18.892,18.758,18.841380375036746,2018-07-19,RandomForest,7,2018
2018-07-13,2018,7,18.74,18.672,18.501432501773003,2018-07-20,RandomForest,7,2018
2018-07-14,2018,7,18.71,18.564,18.767786723249685,2018-07-21,RandomForest,7,2018
2018-07-15,2018,7,18.734,18.48,18.95605706500468,2018-07-22,RandomForest,7,2018
2018-07-16,2018,7,18.8,18.432,19.011386797333287,2018-07-23,RandomForest,7,2018
2018-07-17,2018,7,18.848,18.416,19.088091965821256,2018-07-24,RandomForest,7,2018
2018-07-18,2018,7,18.832,18.438,18.868445385847316,2018-07-25,RandomForest,7,2018
2018-07-19,2018,7,18.758,18.41,18.715141260255145,2018-07-26,RandomForest,7,2018
2018-07-20,2018,7,18.672,18.4,18.645522270032636,2018-07-27,RandomForest,7,2018
2018-07-21,2018,7,18.564,18.41,18.314611787467918,2018-07-28,RandomForest,7,2018
2018-07-22,2018,7,18.48,18.408,18.284354523746632,2018-07-29,RandomForest,7,2018
2018-07-23,2018,7,18.432,18.39,18.257315618769443,2018-07-30,RandomForest,7,2018
2018-07-24,2018,7,18.416,18.38,18.230113401891558,2018-07-31,RandomForest,7,2018
2018-07-25,2018,7,18.438,18.442,18.693518977494037,2018-08-01,RandomForest,7,2018
2018-07-26,2018,7,18.41,18.652,18.307957912536857,2018-08-02,RandomForest,7,2018
2018-07-27,2018,7,18.4,18.936,18.700499324360184,2018-08-03,RandomForest,7,2018
2018-07-28,2018,7,18.41,19.036,18.778107661632095,2018-08-04,RandomForest,7,2018
2018-07-29,2018,7,18.408,19.112,18.725996981012383,2018-08-05,RandomForest,7,2018
2018-07-30,2018,7,18.39,19.13,18.7534857520666,2018-08-06,RandomForest,7,2018
2018-07-31,2018,7,18.38,19.186,18.757423067210222,2018-08-07,RandomForest,7,2018
2018-08-01,2018,8,18.442,19.216,18.852419116801425,2018-08-08,RandomForest,7,2018
2018-08-02,2018,8,18.652,19.184,19.107560970985144,2018-08-09,RandomForest,7,2018
2018-08-03,2018,8,18.936,19.06,19.417187570603975,2018-08-10,RandomForest,7,2018
2018-08-04,2018,8,19.036,18.906,19.121715509311183,2018-08-11,RandomForest,7,2018
2018-08-05,2018,8,19.112,18.79,19.153416799569012,2018-08-12,RandomForest,7,2018
2018-08-06,2018,8,19.13,18.76,19.14646566220743,2018-08-13,RandomForest,7,2018
2018-08-07,2018,8,19.186,18.762,19.228356944747393,2018-08-14,RandomForest,7,2018
2018-08-08,2018,8,19.216,18.83,19.22175287778823,2018-08-15,RandomForest,7,2018
2018-08-09,2018,8,19.184,18.85,18.91841136692345,2018-08-16,RandomForest,7,2018
2018-08-10,2018,8,19.06,18.848,18.84634216572285,2018-08-17,RandomForest,7,2018
2018-08-11,2018,8,18.906,18.818,18.59573866387156,2018-08-18,RandomForest,7,2018
2018-08-12,2018,8,18.79,18.738,18.308196121490486,2018-08-19,RandomForest,7,2018
2018-08-13,2018,8,18.76,18.656,18.43837100248029,2018-08-20,RandomForest,7,2018
2018-08-14,2018,8,18.762,18.538,18.702164129641467,2018-08-21,RandomForest,7,2018
2018-08-15,2018,8,18.83,18.41,18.84329710107786,2018-08-22,RandomForest,7,2018
2018-08-16,2018,8,18.85,18.294,18.872346747932166,2018-08-23,RandomForest,7,2018
2018-08-17,2018,8,18.848,18.28,18.574097616584208,2018-08-24,RandomForest,7,2018
2018-08-18,2018,8,18.818,18.26,18.56305523193127,2018-08-25,RandomForest,7,2018
2018-08-19,2018,8,18.738,18.26,18.580436724891676,2018-08-26,RandomForest,7,2018
2018-08-20,2018,8,18.656,18.27,18.602625715595135,2018-08-27,RandomForest,7,2018
2018-08-21,2018,8,18.538,18.27,18.304810598895646,2018-08-28,RandomForest,7,2018
2018-08-22,2018,8,18.41,18.29,18.239450714038153,2018-08-29,RandomForest,7,2018
2018-08-23,2018,8,18.294,18.362,18.124292431642733,2018-08-30,RandomForest,7,2018
2018-08-24,2018,8,18.28,18.474,18.13947366491896,2018-08-31,RandomForest,7,2018
2018-08-25,2018,8,18.26,18.63,18.12941852160232,2018-09-01,RandomForest,7,2018
2018-08-26,2018,8,18.26,18.694,18.40348978253634,2018-09-02,RandomForest,7,2018
2018-08-27,2018,8,18.27,18.714,18.65485600898513,2018-09-03,RandomForest,7,2018
2018-08-28,2018,8,18.27,18.854,18.749294128403843,2018-09-04,RandomForest,7,2018
2018-08-29,2018,8,18.29,18.906,19.131309934155336,2018-09-05,RandomForest,7,2018
2018-08-30,2018,8,18.362,18.866,19.21523665126897,2018-09-06,RandomForest,7,2018
2018-08-31,2018,8,18.474,18.85,19.139633524464312,2018-09-07,RandomForest,7,2018
2018-09-01,2018,9,18.63,18.82,19.271466462966583,2018-09-08,RandomForest,7,2018
2018-09-02,2018,9,18.694,18.73,18.90030013198153,2018-09-09,RandomForest,7,2018
2018-09-03,2018,9,18.714,18.642,18.817728219806302,2018-09-10,RandomForest,7,2018
2018-09-04,2018,9,18.854,18.722,18.934516752745257,2018-09-11,RandomForest,7,2018
2018-09-05,2018,9,18.906,19.06,18.86422933858941,2018-09-12,RandomForest,7,2018
2018-09-06,2018,9,18.866,19.256,18.52015444549326,2018-09-13,RandomForest,7,2018
2018-09-07,2018,9,18.85,19.28,18.625150033138166,2018-09-14,RandomForest,7,2018
2018-09-08,2018,9,18.82,19.4,18.59539709674744,2018-09-15,RandomForest,7,2018
2018-09-09,2018,9,18.73,19.504,18.659684871813997,2018-09-16,RandomForest,7,2018
2018-09-10,2018,9,18.642,19.558,18.38356868632449,2018-09-17,RandomForest,7,2018
2018-09-11,2018,9,18.722,19.558,18.588537131363612,2018-09-18,RandomForest,7,2018
2018-09-12,2018,9,19.06,19.586,19.226246142116494,2018-09-19,RandomForest,7,2018
2018-09-13,2018,9,19.256,19.54,19.083095860184486,2018-09-20,RandomForest,7,2018
2018-09-14,2018,9,19.28,19.302,19.010954755254655,2018-09-21,RandomForest,7,2018
2018-09-15,2018,9,19.4,19.098,19.193698497193072,2018-09-22,RandomForest,7,2018
2018-09-16,2018,9,19.504,18.694,19.313995956051183,2018-09-23,RandomForest,7,2018
2018-09-17,2018,9,19.558,18.364,19.39338663759071,2018-09-24,RandomForest,7,2018
2018-09-18,2018,9,19.558,18.082,19.38447656635051,2018-09-25,RandomForest,7,2018
2018-09-19,2018,9,19.586,17.994,19.319923291014955,2018-09-26,RandomForest,7,2018
2018-09-20,2018,9,19.54,18.144,19.31099421429897,2018-09-27,RandomForest,7,2018
2018-09-21,2018,9,19.302,18.276,18.63902480053446,2018-09-28,RandomForest,7,2018
2018-09-22,2018,9,19.098,18.288,18.37916300144619,2018-09-29,RandomForest,7,2018
2018-09-23,2018,9,18.694,18.182,17.759750473351392,2018-09-30,RandomForest,7,2018
2018-09-24,2018,9,18.364,18.054,17.328926530690175,2018-10-01,RandomForest,7,2018
2018-09-25,2018,9,18.082,17.942,16.994865341656986,2018-10-02,RandomForest,7,2018
2018-09-26,2018,9,17.994,17.862,17.42427268948186,2018-10-03,RandomForest,7,2018
2018-09-27,2018,9,18.144,17.782,18.080134744486298,2018-10-04,RandomForest,7,2018
2018-09-28,2018,9,18.276,17.606,18.273266341158056,2018-10-05,RandomForest,7,2018
2018-09-29,2018,9,18.288,17.488,17.99303429000085,2018-10-06,RandomForest,7,2018
2018-09-30,2018,9,18.182,17.344,17.40866480587563,2018-10-07,RandomForest,7,2018
2018-10-01,2018,10,18.054,17.208,17.21439762786682,2018-10-08,RandomForest,7,2018
2018-10-02,2018,10,17.942,17.078,17.158573396083323,2018-10-09,RandomForest,7,2018
2018-10-03,2018,10,17.862,16.894,17.25151329808946,2018-10-10,RandomForest,7,2018
2018-10-04,2018,10,17.782,16.69,17.456638442932583,2018-10-11,RandomForest,7,2018
2018-10-05,2018,10,17.606,16.56,17.054331890644736,2018-10-12,RandomForest,7,2018
2018-10-06,2018,10,17.488,16.41,17.078693979200576,2018-10-13,RandomForest,7,2018
2018-10-07,2018,10,17.344,16.272,16.979171506029637,2018-10-14,RandomForest,7,2018
2018-10-08,2018,10,17.208,16.18,16.796942301146572,2018-10-15,RandomForest,7,2018
2018-10-09,2018,10,17.078,16.074,16.619930033708126,2018-10-16,RandomForest,7,2018
2018-10-10,2018,10,16.894,15.976,16.371373474277547,2018-10-17,RandomForest,7,2018
2018-10-11,2018,10,16.69,15.882,16.092982096919922,2018-10-18,RandomForest,7,2018
2018-10-12,2018,10,16.56,15.872,16.047020253284675,2018-10-19,RandomForest,7,2018
2018-10-13,2018,10,16.41,15.97,15.91548291576923,2018-10-20,RandomForest,7,2018
2018-10-14,2018,10,16.272,16.004,15.739421796368111,2018-10-21,RandomForest,7,2018
2018-10-15,2018,10,16.18,15.892,15.654046635111692,2018-10-22,RandomForest,7,2018
2018-10-16,2018,10,16.074,15.73,15.578044168503485,2018-10-23,RandomForest,7,2018
2018-10-17,2018,10,15.976,15.526,15.494254754863427,2018-10-24,RandomForest,7,2018
2018-10-18,2018,10,15.882,15.402,15.449409400282848,2018-10-25,RandomForest,7,2018
2018-10-19,2018,10,15.872,15.408,15.478207040813626,2018-10-26,RandomForest,7,2018
2018-10-20,2018,10,15.97,15.406,15.462316524112197,2018-10-27,RandomForest,7,2018
2018-10-21,2018,10,16.004,15.262,15.519485725737203,2018-10-28,RandomForest,7,2018
2018-10-22,2018,10,15.892,15.134,15.306249455520204,2018-10-29,RandomForest,7,2018
2018-10-23,2018,10,15.73,15.036,15.217367855580274,2018-10-30,RandomForest,7,2018
2018-10-24,2018,10,15.526,14.956,15.055318755933278,2018-10-31,RandomForest,7,2018
2018-10-25,2018,10,15.402,14.87,14.96004956146978,2018-11-01,RandomForest,7,2018
2018-10-26,2018,10,15.408,14.81,15.1730431730212,2018-11-02,RandomForest,7,2018
2018-10-27,2018,10,15.406,14.724,15.197254486042313,2018-11-03,RandomForest,7,2018
2018-10-28,2018,10,15.262,14.688,14.837248179463995,2018-11-04,RandomForest,7,2018
2018-10-29,2018,10,15.134,14.596,14.687170594931226,2018-11-05,RandomForest,7,2018
2018-10-30,2018,10,15.036,14.514,14.639599327864401,2018-11-06,RandomForest,7,2018
2018-10-31,2018,10,14.956,14.494,14.6028019552076,2018-11-07,RandomForest,7,2018
2018-11-01,2018,11,14.87,14.54,14.480895300089854,2018-11-08,RandomForest,7,2018
2018-11-02,2018,11,14.81,14.51,14.460062550064228,2018-11-09,RandomForest,7,2018
2018-11-03,2018,11,14.724,14.472,14.332387418713031,2018-11-10,RandomForest,7,2018
2018-11-04,2018,11,14.688,14.44,14.395218859682453,2018-11-11,RandomForest,7,2018
2018-11-05,2018,11,14.596,14.47,14.204312986010118,2018-11-12,RandomForest,7,2018
2018-11-06,2018,11,14.514,14.5,14.153086922972976,2018-11-13,RandomForest,7,2018
2018-11-07,2018,11,14.494,14.498,14.251858384544278,2018-11-14,RandomForest,7,2018
2018-11-08,2018,11,14.54,14.406,14.298710165624517,2018-11-15,RandomForest,7,2018
2018-11-09,2018,11,14.51,14.3,14.237928529071626,2018-11-16,RandomForest,7,2018
2018-11-10,2018,11,14.472,14.238,14.203461546487823,2018-11-17,RandomForest,7,2018
2018-11-11,2018,11,14.44,14.186,14.173463827383545,2018-11-18,RandomForest,7,2018
2018-11-12,2018,11,14.47,14.132,14.2240159344223,2018-11-19,RandomForest,7,2018
2018-11-13,2018,11,14.5,14.078,14.238480923704484,2018-11-20,RandomForest,7,2018
2018-11-14,2018,11,14.498,14.056,14.165207882883388,2018-11-21,RandomForest,7,2018
2018-11-15,2018,11,14.406,14.05,13.964223389368854,2018-11-22,RandomForest,7,2018
2018-11-16,2018,11,14.3,14.072,13.893221728457195,2018-11-23,RandomForest,7,2018
2018-11-17,2018,11,14.238,14.15,13.940723506095834,2018-11-24,RandomForest,7,2018
2018-11-18,2018,11,14.186,14.196,13.90807345033831,2018-11-25,RandomForest,7,2018
2018-11-19,2018,11,14.132,14.154,13.86522649434587,2018-11-26,RandomForest,7,2018
2018-11-20,2018,11,14.078,14.044,13.810902890778435,2018-11-27,RandomForest,7,2018
2018-11-21,2018,11,14.056,13.95,13.850577397008204,2018-11-28,RandomForest,7,2018
2018-11-22,2018,11,14.05,13.88,13.862095593609881,2018-11-29,RandomForest,7,2018
2018-11-23,2018,11,14.072,13.84,13.890918988036189,2018-11-30,RandomForest,7,2018
2018-11-24,2018,11,14.15,13.836,13.939737700448822,2018-12-01,RandomForest,7,2018
2018-11-25,2018,11,14.196,13.798,13.98437880523725,2018-12-02,RandomForest,7,2018
2018-11-26,2018,11,14.154,13.746,13.882264814368435,2018-12-03,RandomForest,7,2018
2018-11-27,2018,11,14.044,13.73,13.638109307837981,2018-12-04,RandomForest,7,2018
2018-11-28,2018,11,13.95,13.676,13.58896144247651,2018-12-05,RandomForest,7,2018
2018-11-29,2018,11,13.88,13.63,13.596777771260028,2018-12-06,RandomForest,7,2018
2018-11-30,2018,11,13.84,13.58,13.622057690185214,2018-12-07,RandomForest,7,2018
2018-12-01,2018,12,13.836,13.57,13.636616964277508,2018-12-08,RandomForest,7,2018
2018-12-02,2018,12,13.798,13.522,13.602209067831641,2018-12-09,RandomForest,7,2018
2018-12-03,2018,12,13.746,13.474,13.510778681550276,2018-12-10,RandomForest,7,2018
2018-12-04,2018,12,13.73,13.456,13.533493479297194,2018-12-11,RandomForest,7,2018
2018-12-05,2018,12,13.676,13.418,13.451016915290683,2018-12-12,RandomForest,7,2018
2018-12-06,2018,12,13.63,13.372,13.397094843335973,2018-12-13,RandomForest,7,2018
2018-12-07,2018,12,13.58,13.34,13.34031629079492,2018-12-14,RandomForest,7,2018
2018-12-08,2018,12,13.57,13.312,13.374563586683438,2018-12-15,RandomForest,7,2018
2018-12-09,2018,12,13.522,13.268,13.303428357769656,2018-12-16,RandomForest,7,2018
2018-12-10,2018,12,13.474,13.246,13.244732210897908,2018-12-17,RandomForest,7,2018
2018-12-11,2018,12,13.456,13.21,13.259267894901964,2018-12-18,RandomForest,7,2018
2018-12-12,2018,12,13.418,13.202,13.231362254800661,2018-12-19,RandomForest,7,2018
2018-12-13,2018,12,13.372,13.16,13.150592803868662,2018-12-20,RandomForest,7,2018
2018-12-14,2018,12,13.34,13.15,13.149234803601294,2018-12-21,RandomForest,7,2018
2018-12-15,2018,12,13.312,13.15,13.130708008697843,2018-12-22,RandomForest,7,2018
2018-12-16,2018,12,13.268,13.14,13.075869938445548,2018-12-23,RandomForest,7,2018
2018-12-17,2018,12,13.246,13.14,13.064400133052166,2018-12-24,RandomForest,7,2018
2018-12-18,2018,12,13.21,13.116,13.031650946504568,2018-12-25,RandomForest,7,2018
2018-12-19,2018,12,13.202,13.11,13.0300688491145,2018-12-26,RandomForest,7,2018
2018-12-20,2018,12,13.16,13.11,12.963285498637218,2018-12-27,RandomForest,7,2018
2018-12-21,2018,12,13.15,13.11,12.979316820467126,2018-12-28,RandomForest,7,2018
2018-12-22,2018,12,13.15,13.1,12.987474190010573,2018-12-29,RandomForest,7,2018
2018-12-23,2018,12,13.14,13.08,12.970784884930204,2018-12-30,RandomForest,7,2018
2018-12-24,2018,12,13.14,13.02,12.974065495760104,2018-12-31,RandomForest,7,2018
2018-12-25,2018,12,13.116,12.982,12.921977464174388,2019-01-01,RandomForest,7,2018
2018-12-26,2018,12,13.11,12.934,12.929249255979054,2019-01-02,RandomForest,7,2018
2018-12-27,2018,12,13.11,12.92,12.96503922099359,2019-01-03,RandomForest,7,2018
2018-12-28,2018,12,13.11,12.902,12.968424436000804,2019-01-04,RandomForest,7,2018
2018-12-29,2018,12,13.1,12.88,12.926569610636886,2019-01-05,RandomForest,7,2018
2018-12-30,2018,12,13.08,12.844,12.911681559205991,2019-01-06,RandomForest,7,2018
2018-12-31,2018,12,13.02,12.814,12.851379357438988,2019-01-07,RandomForest,7,2018
2019-01-01,2019,1,12.982,12.786,12.82651950349986,2019-01-08,RandomForest,7,2019
2019-01-02,2019,1,12.934,12.764,12.776791808610433,2019-01-09,RandomForest,7,2019
2019-01-03,2019,1,12.92,12.736,12.768480972423482,2019-01-10,RandomForest,7,2019
2019-01-04,2019,1,12.902,12.72,12.7529429464395,2019-01-11,RandomForest,7,2019
2019-01-05,2019,1,12.88,12.704,12.743885055606126,2019-01-12,RandomForest,7,2019
2019-01-06,2019,1,12.844,12.676,12.70776643146081,2019-01-13,RandomForest,7,2019
2019-01-07,2019,1,12.814,12.654,12.678471504978212,2019-01-14,RandomForest,7,2019
2019-01-08,2019,1,12.786,12.636,12.653865062416111,2019-01-15,RandomForest,7,2019
2019-01-09,2019,1,12.764,12.604,12.636843882822074,2019-01-16,RandomForest,7,2019
2019-01-10,2019,1,12.736,12.594,12.60924742542518,2019-01-17,RandomForest,7,2019
2019-01-11,2019,1,12.72,12.574,12.595488823509685,2019-01-18,RandomForest,7,2019
2019-01-12,2019,1,12.704,12.57,12.585355722011958,2019-01-19,RandomForest,7,2019
2019-01-13,2019,1,12.676,12.542,12.558719715955766,2019-01-20,RandomForest,7,2019
2019-01-14,2019,1,12.654,12.504,12.538752807358858,2019-01-21,RandomForest,7,2019
2019-01-15,2019,1,12.636,12.486,12.524248413127404,2019-01-22,RandomForest,7,2019
2019-01-16,2019,1,12.604,12.456,12.484956980113417,2019-01-23,RandomForest,7,2019
2019-01-17,2019,1,12.594,12.436,12.48217285102936,2019-01-24,RandomForest,7,2019
2019-01-18,2019,1,12.574,12.408,12.463869975566274,2019-01-25,RandomForest,7,2019
2019-01-19,2019,1,12.57,12.364,12.457034114289254,2019-01-26,RandomForest,7,2019
2019-01-20,2019,1,12.542,12.352,12.431327636356533,2019-01-27,RandomForest,7,2019
2019-01-21,2019,1,12.504,12.35,12.382646090948572,2019-01-28,RandomForest,7,2019
2019-01-22,2019,1,12.486,12.344,12.37089095345933,2019-01-29,RandomForest,7,2019
2019-01-23,2019,1,12.456,12.326,12.343055977624909,2019-01-30,RandomForest,7,2019
2019-01-24,2019,1,12.436,12.32,12.32526321564491,2019-01-31,RandomForest,7,2019
2019-01-25,2019,1,12.408,12.304,12.296000109952896,2019-02-01,RandomForest,7,2019
2019-01-26,2019,1,12.364,12.276,12.250759155785355,2019-02-02,RandomForest,7,2019
2019-01-27,2019,1,12.352,12.264,12.241486563392012,2019-02-03,RandomForest,7,2019
2019-01-28,2019,1,12.35,12.26,12.241822540958946,2019-02-04,RandomForest,7,2019
2019-01-29,2019,1,12.344,12.246,12.231578739540103,2019-02-05,RandomForest,7,2019
2019-01-30,2019,1,12.326,12.234,12.217780268903207,2019-02-06,RandomForest,7,2019
2019-01-31,2019,1,12.32,12.228,12.209588164876621,2019-02-07,RandomForest,7,2019
2019-02-01,2019,2,12.304,12.21,12.197168192514173,2019-02-08,RandomForest,7,2019
2019-02-02,2019,2,12.276,12.208,12.156942679751246,2019-02-09,RandomForest,7,2019
2019-02-03,2019,2,12.264,12.186,12.139326088375874,2019-02-10,RandomForest,7,2019
2019-02-04,2019,2,12.26,12.174,12.125439464634347,2019-02-11,RandomForest,7,2019
2019-02-05,2019,2,12.246,12.166,12.137971462900474,2019-02-12,RandomForest,7,2019
2019-02-06,2019,2,12.234,12.15,12.117773018901918,2019-02-13,RandomForest,7,2019
2019-02-07,2019,2,12.228,12.146,12.117907478446522,2019-02-14,RandomForest,7,2019
2019-02-08,2019,2,12.21,12.142,12.109144870883881,2019-02-15,RandomForest,7,2019
2019-02-09,2019,2,12.208,12.13,12.12197423729396,2019-02-16,RandomForest,7,2019
2019-02-10,2019,2,12.186,12.12,12.08243523447557,2019-02-17,RandomForest,7,2019
2019-02-11,2019,2,12.174,12.12,12.082001027681217,2019-02-18,RandomForest,7,2019
2019-02-12,2019,2,12.166,12.12,12.112580112046125,2019-02-19,RandomForest,7,2019
2019-02-13,2019,2,12.15,12.156,12.102969648485484,2019-02-20,RandomForest,7,2019
2019-02-14,2019,2,12.146,12.17,12.127936878299368,2019-02-21,RandomForest,7,2019
2019-02-15,2019,2,12.142,12.156,12.136912797749796,2019-02-22,RandomForest,7,2019
2019-02-16,2019,2,12.13,12.14,12.110450508834301,2019-02-23,RandomForest,7,2019
2019-02-17,2019,2,12.12,12.144,12.129461810745823,2019-02-24,RandomForest,7,2019
2019-02-18,2019,2,12.12,12.144,12.122300368703211,2019-02-25,RandomForest,7,2019
2019-02-19,2019,2,12.12,12.162,12.117841571766816,2019-02-26,RandomForest,7,2019
2019-02-20,2019,2,12.156,12.212,12.158932309770814,2019-02-27,RandomForest,7,2019
2019-02-21,2019,2,12.17,12.286,12.23305863360872,2019-02-28,RandomForest,7,2019
2019-02-22,2019,2,12.156,12.31,12.262527912143648,2019-03-01,RandomForest,7,2019
2019-02-23,2019,2,12.14,12.28,12.261903824535045,2019-03-02,RandomForest,7,2019
2019-02-24,2019,2,12.144,12.26,12.314128029653206,2019-03-03,RandomForest,7,2019
2019-02-25,2019,2,12.144,12.26,12.31884316565378,2019-03-04,RandomForest,7,2019
2019-02-26,2019,2,12.162,12.27,12.366132933943362,2019-03-05,RandomForest,7,2019
2019-02-27,2019,2,12.212,12.38,12.436846002028835,2019-03-06,RandomForest,7,2019
2019-02-28,2019,2,12.286,12.5,12.49048113160216,2019-03-07,RandomForest,7,2019
2019-03-01,2019,3,12.31,12.6,12.488737145328576,2019-03-08,RandomForest,7,2019
2019-03-02,2019,3,12.28,12.66,12.484127309005649,2019-03-09,RandomForest,7,2019
2019-03-03,2019,3,12.26,12.69,12.477217924595998,2019-03-10,RandomForest,7,2019
2019-03-04,2019,3,12.26,12.65,12.624057350934569,2019-03-11,RandomForest,7,2019
2019-03-05,2019,3,12.27,12.6,12.560658633720639,2019-03-12,RandomForest,7,2019
2019-03-06,2019,3,12.38,12.57,12.692956554901382,2019-03-13,RandomForest,7,2019
2019-03-07,2019,3,12.5,12.56,12.787154631057538,2019-03-14,RandomForest,7,2019
2019-03-08,2019,3,12.6,12.56,12.576976158261957,2019-03-15,RandomForest,7,2019
2019-03-09,2019,3,12.66,12.55,12.591463043229647,2019-03-16,RandomForest,7,2019
2019-03-10,2019,3,12.69,12.53,12.604973364574967,2019-03-17,RandomForest,7,2019
2019-03-11,2019,3,12.65,12.51,12.526277351684739,2019-03-18,RandomForest,7,2019
2019-03-12,2019,3,12.6,12.47,12.471074352548921,2019-03-19,RandomForest,7,2019
2019-03-13,2019,3,12.57,12.44,12.571416853677746,2019-03-20,RandomForest,7,2019
2019-03-14,2019,3,12.56,12.42,12.5574144323792,2019-03-21,RandomForest,7,2019
2019-03-15,2019,3,12.56,12.42,12.614373359386443,2019-03-22,RandomForest,7,2019
2019-03-16,2019,3,12.55,12.414,12.613322570616255,2019-03-23,RandomForest,7,2019
2019-03-17,2019,3,12.53,12.502,12.581134434114698,2019-03-24,RandomForest,7,2019
2019-03-18,2019,3,12.51,12.648,12.575721504630215,2019-03-25,RandomForest,7,2019
2019-03-19,2019,3,12.47,12.748,12.523500365426466,2019-03-26,RandomForest,7,2019
2019-03-20,2019,3,12.44,12.808,12.541277824314651,2019-03-27,RandomForest,7,2019
2019-03-21,2019,3,12.42,12.81,12.620350139989347,2019-03-28,RandomForest,7,2019
2019-03-22,2019,3,12.42,12.814,12.666859796820566,2019-03-29,RandomForest,7,2019
2019-03-23,2019,3,12.414,12.842,12.696598296923876,2019-03-30,RandomForest,7,2019
2019-03-24,2019,3,12.502,12.796,12.762629881989591,2019-03-31,RandomForest,7,2019
2019-03-25,2019,3,12.648,12.79,12.99320015985589,2019-04-01,RandomForest,7,2019
2019-03-26,2019,3,12.748,12.836,13.056357368378293,2019-04-02,RandomForest,7,2019
2019-03-27,2019,3,12.808,12.878,13.044943749366318,2019-04-03,RandomForest,7,2019
2019-03-28,2019,3,12.81,12.946,13.033506351378,2019-04-04,RandomForest,7,2019
2019-03-29,2019,3,12.814,12.988,13.057870057852456,2019-04-05,RandomForest,7,2019
2019-03-30,2019,3,12.842,12.99,13.081685393826469,2019-04-06,RandomForest,7,2019
2019-03-31,2019,3,12.796,13.034,13.084789186463231,2019-04-07,RandomForest,7,2019
2019-04-01,2019,4,12.79,13.046,13.127673405079976,2019-04-08,RandomForest,7,2019
2019-04-02,2019,4,12.836,13.158,13.245950216170243,2019-04-09,RandomForest,7,2019
2019-04-03,2019,4,12.878,13.33,13.311886683782356,2019-04-10,RandomForest,7,2019
2019-04-04,2019,4,12.946,13.458,13.427351911508245,2019-04-11,RandomForest,7,2019
2019-04-05,2019,4,12.988,13.464,13.45446897616392,2019-04-12,RandomForest,7,2019
2019-04-06,2019,4,12.99,13.394,13.489297929940932,2019-04-13,RandomForest,7,2019
2019-04-07,2019,4,13.034,13.32,13.5232205769869,2019-04-14,RandomForest,7,2019
2019-04-08,2019,4,13.046,13.294,13.660466715839965,2019-04-15,RandomForest,7,2019
2019-04-09,2019,4,13.158,13.292,14.00943567102234,2019-04-16,RandomForest,7,2019
2019-04-10,2019,4,13.33,13.348,14.25712072177571,2019-04-17,RandomForest,7,2019
2019-04-11,2019,4,13.458,13.352,14.241470021831908,2019-04-18,RandomForest,7,2019
2019-04-12,2019,4,13.464,13.362,14.11258977278925,2019-04-19,RandomForest,7,2019
2019-04-13,2019,4,13.394,13.4,14.039136183419611,2019-04-20,RandomForest,7,2019
2019-04-14,2019,4,13.32,13.462,13.911666551448585,2019-04-21,RandomForest,7,2019
2019-04-15,2019,4,13.294,13.514,13.849676018745274,2019-04-22,RandomForest,7,2019
2019-04-16,2019,4,13.292,13.54,13.825873990959192,2019-04-23,RandomForest,7,2019
2019-04-17,2019,4,13.348,13.562,13.928255440761262,2019-04-24,RandomForest,7,2019
2019-04-18,2019,4,13.352,13.628,13.930965610948848,2019-04-25,RandomForest,7,2019
2019-04-19,2019,4,13.362,13.786,13.984109868635436,2019-04-26,RandomForest,7,2019
2019-04-20,2019,4,13.4,13.992,14.033198916290395,2019-04-27,RandomForest,7,2019
2019-04-21,2019,4,13.462,13.92,14.064449689639716,2019-04-28,RandomForest,7,2019
2019-04-22,2019,4,13.514,13.904,14.099642896047719,2019-04-29,RandomForest,7,2019
2019-04-23,2019,4,13.54,13.862,14.108475280618412,2019-04-30,RandomForest,7,2019
2019-04-24,2019,4,13.562,13.824,14.140791727038366,2019-05-01,RandomForest,7,2019
2019-04-25,2019,4,13.628,13.908,14.220895338013795,2019-05-02,RandomForest,7,2019
2019-04-26,2019,4,13.786,14.162,14.53056874333876,2019-05-03,RandomForest,7,2019
2019-04-27,2019,4,13.992,14.46,14.745176770782898,2019-05-04,RandomForest,7,2019
2019-04-28,2019,4,13.92,14.72,14.65325693775693,2019-05-05,RandomForest,7,2019
2019-04-29,2019,4,13.904,15.0,14.584311585895287,2019-05-06,RandomForest,7,2019
2019-04-30,2019,4,13.862,15.5,14.4751498560471,2019-05-07,RandomForest,7,2019
2019-05-01,2019,5,13.824,15.932,14.392458060754937,2019-05-08,RandomForest,7,2019
2019-05-02,2019,5,13.908,16.124,14.499089028661553,2019-05-09,RandomForest,7,2019
2019-05-03,2019,5,14.162,16.268,14.81901868473161,2019-05-10,RandomForest,7,2019
2019-05-04,2019,5,14.46,16.364,14.851585380925071,2019-05-11,RandomForest,7,2019
2019-05-05,2019,5,14.72,16.478,14.925291768484627,2019-05-12,RandomForest,7,2019
2019-05-06,2019,5,15.0,16.496,14.973791873467105,2019-05-13,RandomForest,7,2019
2019-05-07,2019,5,15.5,16.356,15.752679445409063,2019-05-14,RandomForest,7,2019
2019-05-08,2019,5,15.932,16.252,15.925810606329689,2019-05-15,RandomForest,7,2019
2019-05-09,2019,5,16.124,16.37,16.053038599146717,2019-05-16,RandomForest,7,2019
2019-05-10,2019,5,16.268,16.72,16.058651402344257,2019-05-17,RandomForest,7,2019
2019-05-11,2019,5,16.364,17.118,16.018494056721092,2019-05-18,RandomForest,7,2019
2019-05-12,2019,5,16.478,17.306,16.09202837800575,2019-05-19,RandomForest,7,2019
2019-05-13,2019,5,16.496,17.172,16.930895670897485,2019-05-20,RandomForest,7,2019
2019-05-14,2019,5,16.356,16.902,16.87096322812956,2019-05-21,RandomForest,7,2019
2019-05-15,2019,5,16.252,16.704,16.998249908332145,2019-05-22,RandomForest,7,2019
2019-05-16,2019,5,16.37,16.56,17.337461675397883,2019-05-23,RandomForest,7,2019
2019-05-17,2019,5,16.72,16.438,17.467771551737673,2019-05-24,RandomForest,7,2019
2019-05-18,2019,5,17.118,16.476,17.518843107826292,2019-05-25,RandomForest,7,2019
2019-05-19,2019,5,17.306,16.62,17.6038215974563,2019-05-26,RandomForest,7,2019
2019-05-20,2019,5,17.172,16.742,17.300946459497045,2019-05-27,RandomForest,7,2019
2019-05-21,2019,5,16.902,16.706,17.012837547759993,2019-05-28,RandomForest,7,2019
2019-05-22,2019,5,16.704,16.64,16.70504758607999,2019-05-29,RandomForest,7,2019
2019-05-23,2019,5,16.56,16.544,16.53545978493102,2019-05-30,RandomForest,7,2019
2019-05-24,2019,5,16.438,16.56,16.425456195167047,2019-05-31,RandomForest,7,2019
2019-05-25,2019,5,16.476,16.58,16.728898726170037,2019-06-01,RandomForest,7,2019
2019-05-26,2019,5,16.62,16.576,17.04858825422995,2019-06-02,RandomForest,7,2019
2019-05-27,2019,5,16.742,16.548,17.041041800614618,2019-06-03,RandomForest,7,2019
2019-05-28,2019,5,16.706,16.422,16.99417450415974,2019-06-04,RandomForest,7,2019
2019-05-29,2019,5,16.64,16.222,16.89275068760982,2019-06-05,RandomForest,7,2019
2019-05-30,2019,5,16.544,16.152,16.7164434312774,2019-06-06,RandomForest,7,2019
2019-05-31,2019,5,16.56,16.03,16.878860185004502,2019-06-07,RandomForest,7,2019
2019-06-01,2019,6,16.58,15.9,16.91876175214477,2019-06-08,RandomForest,7,2019
2019-06-02,2019,6,16.576,15.832,16.890389080360055,2019-06-09,RandomForest,7,2019
2019-06-03,2019,6,16.548,15.784,16.82237229779505,2019-06-10,RandomForest,7,2019
2019-06-04,2019,6,16.422,15.89,16.66986138150024,2019-06-11,RandomForest,7,2019
2019-06-05,2019,6,16.222,15.942,16.304397550649565,2019-06-12,RandomForest,7,2019
2019-06-06,2019,6,16.152,15.982,16.607541495873093,2019-06-13,RandomForest,7,2019
2019-06-07,2019,6,16.03,16.136,16.384387681502204,2019-06-14,RandomForest,7,2019
2019-06-08,2019,6,15.9,16.408,16.385883823515748,2019-06-15,RandomForest,7,2019
2019-06-09,2019,6,15.832,16.744,16.532117312370413,2019-06-16,RandomForest,7,2019
2019-06-10,2019,6,15.784,16.956,16.66921975448351,2019-06-17,RandomForest,7,2019
2019-06-11,2019,6,15.89,16.99,16.836641091323,2019-06-18,RandomForest,7,2019
2019-06-12,2019,6,15.942,17.012,16.947032197682507,2019-06-19,RandomForest,7,2019
2019-06-13,2019,6,15.982,17.15,16.874896372523843,2019-06-20,RandomForest,7,2019
2019-06-14,2019,6,16.136,17.032,17.037505649587246,2019-06-21,RandomForest,7,2019
2019-06-15,2019,6,16.408,17.266,17.10031493273563,2019-06-22,RandomForest,7,2019
2019-06-16,2019,6,16.744,17.604,17.217198238356612,2019-06-23,RandomForest,7,2019
2019-06-17,2019,6,16.956,17.718,17.720499178581377,2019-06-24,RandomForest,7,2019
2019-06-18,2019,6,16.99,17.672,17.780647694445022,2019-06-25,RandomForest,7,2019
2019-06-19,2019,6,17.012,17.522,17.82104488586122,2019-06-26,RandomForest,7,2019
2019-06-20,2019,6,17.15,17.914,17.89526934926703,2019-06-27,RandomForest,7,2019
2019-06-21,2019,6,17.032,18.242,17.6100393105282,2019-06-28,RandomForest,7,2019
2019-06-22,2019,6,17.266,18.308,18.08439389982372,2019-06-29,RandomForest,7,2019
2019-06-23,2019,6,17.604,18.404,18.41633650113523,2019-06-30,RandomForest,7,2019
2019-06-24,2019,6,17.718,18.428,18.40644946946594,2019-07-01,RandomForest,7,2019
2019-06-25,2019,6,17.672,18.54,18.214271790338668,2019-07-02,RandomForest,7,2019
2019-06-26,2019,6,17.522,18.66,18.217987920389213,2019-07-03,RandomForest,7,2019
2019-06-27,2019,6,17.914,18.656,18.57952869263797,2019-07-04,RandomForest,7,2019
2019-06-28,2019,6,18.242,18.486,18.80434377646625,2019-07-05,RandomForest,7,2019
2019-06-29,2019,6,18.308,18.284,18.667270634156477,2019-07-06,RandomForest,7,2019
2019-06-30,2019,6,18.404,18.162,18.713298344704285,2019-07-07,RandomForest,7,2019
2019-07-01,2019,7,18.428,18.224,18.823720841588155,2019-07-08,RandomForest,7,2019
2019-07-02,2019,7,18.54,18.354,18.977695847351374,2019-07-09,RandomForest,7,2019
2019-07-03,2019,7,18.66,18.658,18.987874150434415,2019-07-10,RandomForest,7,2019
2019-07-04,2019,7,18.656,18.998,18.87599544486183,2019-07-11,RandomForest,7,2019
2019-07-05,2019,7,18.486,19.434,18.682906927849622,2019-07-12,RandomForest,7,2019
2019-07-06,2019,7,18.284,19.956,18.30400529768903,2019-07-13,RandomForest,7,2019
2019-07-07,2019,7,18.162,20.352,17.998536471338795,2019-07-14,RandomForest,7,2019
2019-07-08,2019,7,18.224,20.718,18.403717510972545,2019-07-15,RandomForest,7,2019
2019-07-09,2019,7,18.354,20.918,18.619229310101247,2019-07-16,RandomForest,7,2019
2019-07-10,2019,7,18.658,21.108,19.027007018887904,2019-07-17,RandomForest,7,2019
2019-07-11,2019,7,18.998,21.156,19.29542445351496,2019-07-18,RandomForest,7,2019
2019-07-12,2019,7,19.434,21.07,19.583753222377833,2019-07-19,RandomForest,7,2019
2019-07-13,2019,7,19.956,20.834,19.855558138256438,2019-07-20,RandomForest,7,2019
2019-07-14,2019,7,20.352,20.548,19.959899637809674,2019-07-21,RandomForest,7,2019
2019-07-15,2019,7,20.718,20.16,20.019948445887444,2019-07-22,RandomForest,7,2019
2019-07-16,2019,7,20.918,19.898,20.10180088811189,2019-07-23,RandomForest,7,2019
2019-07-17,2019,7,21.108,19.872,20.159274652173913,2019-07-24,RandomForest,7,2019
2019-07-18,2019,7,21.156,19.988,19.970831921182267,2019-07-25,RandomForest,7,2019
2019-07-19,2019,7,21.07,20.028,19.800598095238097,2019-07-26,RandomForest,7,2019
2019-07-20,2019,7,20.834,19.842,19.65185142857143,2019-07-27,RandomForest,7,2019
2019-07-21,2019,7,20.548,19.682,19.430618666666668,2019-07-28,RandomForest,7,2019
2019-07-22,2019,7,20.16,19.574,19.19583666666667,2019-07-29,RandomForest,7,2019
2019-07-23,2019,7,19.898,19.458,18.963616666666667,2019-07-30,RandomForest,7,2019
2019-07-24,2019,7,19.872,19.27,18.996146844538195,2019-07-31,RandomForest,7,2019
2019-07-25,2019,7,19.988,19.074,19.33033262913406,2019-08-01,RandomForest,7,2019
2019-07-26,2019,7,20.028,18.96,19.03986392964471,2019-08-02,RandomForest,7,2019
2019-07-27,2019,7,19.842,18.936,18.93853076190476,2019-08-03,RandomForest,7,2019
2019-07-28,2019,7,19.682,18.932,18.932990968090326,2019-08-04,RandomForest,7,2019
2019-07-29,2019,7,19.574,18.924,19.034425242135192,2019-08-05,RandomForest,7,2019
2019-07-30,2019,7,19.458,18.916,18.83729100973627,2019-08-06,RandomForest,7,2019
2019-07-31,2019,7,19.27,18.872,18.612550642135794,2019-08-07,RandomForest,7,2019
2019-08-01,2019,8,19.074,18.832,18.436876177990968,2019-08-08,RandomForest,7,2019
2019-08-02,2019,8,18.96,18.76,18.533467063954106,2019-08-09,RandomForest,7,2019
2019-08-03,2019,8,18.936,18.718,18.738135201361775,2019-08-10,RandomForest,7,2019
2019-08-04,2019,8,18.932,18.65,18.76880549490853,2019-08-11,RandomForest,7,2019
2019-08-05,2019,8,18.924,18.512,18.702494730812372,2019-08-12,RandomForest,7,2019
2019-08-06,2019,8,18.916,18.456,18.657262855263625,2019-08-13,RandomForest,7,2019
2019-08-07,2019,8,18.872,18.366,18.567284577968675,2019-08-14,RandomForest,7,2019
2019-08-08,2019,8,18.832,18.306,18.49112012589736,2019-08-15,RandomForest,7,2019
2019-08-09,2019,8,18.76,18.292,18.493151220198694,2019-08-16,RandomForest,7,2019
2019-08-10,2019,8,18.718,18.188,18.455469412390578,2019-08-17,RandomForest,7,2019
2019-08-11,2019,8,18.65,18.132,18.407575944331548,2019-08-18,RandomForest,7,2019
2019-08-12,2019,8,18.512,18.138,18.251498408738694,2019-08-19,RandomForest,7,2019
2019-08-13,2019,8,18.456,18.108,18.291087651592896,2019-08-20,RandomForest,7,2019
2019-08-14,2019,8,18.366,18.036,18.206401443518715,2019-08-21,RandomForest,7,2019
2019-08-15,2019,8,18.306,17.972,18.26789115731481,2019-08-22,RandomForest,7,2019
2019-08-16,2019,8,18.292,17.832,18.312361423503962,2019-08-23,RandomForest,7,2019
2019-08-17,2019,8,18.188,17.728,18.008753858123946,2019-08-24,RandomForest,7,2019
2019-08-18,2019,8,18.132,17.62,18.316608293723114,2019-08-25,RandomForest,7,2019
2019-08-19,2019,8,18.138,17.682,18.657209651106264,2019-08-26,RandomForest,7,2019
2019-08-20,2019,8,18.108,17.58,18.639516571658255,2019-08-27,RandomForest,7,2019
2019-08-21,2019,8,18.036,17.418,18.45448538131115,2019-08-28,RandomForest,7,2019
2019-08-22,2019,8,17.972,17.314,18.157432841926177,2019-08-29,RandomForest,7,2019
2019-08-23,2019,8,17.832,17.15,17.397544352363127,2019-08-30,RandomForest,7,2019
2019-08-24,2019,8,17.728,16.992,17.37622387522528,2019-08-31,RandomForest,7,2019
2019-08-25,2019,8,17.62,16.926,17.26402015488409,2019-09-01,RandomForest,7,2019
2019-08-26,2019,8,17.682,16.916,17.76490908622795,2019-09-02,RandomForest,7,2019
2019-08-27,2019,8,17.58,16.888,17.297547852331746,2019-09-03,RandomForest,7,2019
2019-08-28,2019,8,17.418,16.816,17.198412448950574,2019-09-04,RandomForest,7,2019
2019-08-29,2019,8,17.314,16.794,17.119884394925194,2019-09-05,RandomForest,7,2019
2019-08-30,2019,8,17.15,16.848,16.937308262035128,2019-09-06,RandomForest,7,2019
2019-08-31,2019,8,16.992,16.85,16.91490013816457,2019-09-07,RandomForest,7,2019
2019-09-01,2019,9,16.926,16.852,17.381934016972142,2019-09-08,RandomForest,7,2019
2019-09-02,2019,9,16.916,16.93,17.627072598979595,2019-09-09,RandomForest,7,2019
2019-09-03,2019,9,16.888,16.982,17.727506750536985,2019-09-10,RandomForest,7,2019
2019-09-04,2019,9,16.816,17.002,17.60242387920385,2019-09-11,RandomForest,7,2019
2019-09-05,2019,9,16.794,17.028,17.825694741047066,2019-09-12,RandomForest,7,2019
2019-09-06,2019,9,16.848,17.14,17.907663814032624,2019-09-13,RandomForest,7,2019
2019-09-07,2019,9,16.85,17.408,17.880837512023593,2019-09-14,RandomForest,7,2019
2019-09-08,2019,9,16.852,17.814,17.811822802410155,2019-09-15,RandomForest,7,2019
2019-09-09,2019,9,16.93,18.138,17.75616524721976,2019-09-16,RandomForest,7,2019
2019-09-10,2019,9,16.982,18.27,17.784708381552335,2019-09-17,RandomForest,7,2019
2019-09-11,2019,9,17.002,18.372,17.694261580435153,2019-09-18,RandomForest,7,2019
2019-09-12,2019,9,17.028,18.598,17.740534501276215,2019-09-19,RandomForest,7,2019
2019-09-13,2019,9,17.14,18.67,17.822173583003426,2019-09-20,RandomForest,7,2019
2019-09-14,2019,9,17.408,18.716,17.930877785989953,2019-09-21,RandomForest,7,2019
2019-09-15,2019,9,17.814,18.778,18.14884154593523,2019-09-22,RandomForest,7,2019
2019-09-16,2019,9,18.138,18.808,18.48669523308338,2019-09-23,RandomForest,7,2019
2019-09-17,2019,9,18.27,18.73,18.560305253565698,2019-09-24,RandomForest,7,2019
2019-09-18,2019,9,18.372,18.614,18.500761847305064,2019-09-25,RandomForest,7,2019
2019-09-19,2019,9,18.598,18.608,18.689176051947662,2019-09-26,RandomForest,7,2019
2019-09-20,2019,9,18.67,18.7,18.540907637775266,2019-09-27,RandomForest,7,2019
2019-09-21,2019,9,18.716,18.646,18.573717391376892,2019-09-28,RandomForest,7,2019
2019-09-22,2019,9,18.778,18.524,18.538821181692725,2019-09-29,RandomForest,7,2019
2019-09-23,2019,9,18.808,18.51,18.65789098849981,2019-09-30,RandomForest,7,2019
2019-09-24,2019,9,18.73,18.632,18.416425692604683,2019-10-01,RandomForest,7,2019
2019-09-25,2019,9,18.614,18.482,18.518561029864877,2019-10-02,RandomForest,7,2019
2019-09-26,2019,9,18.608,18.24,18.342471017171025,2019-10-03,RandomForest,7,2019
2019-09-27,2019,9,18.7,18.024,18.152368833053373,2019-10-04,RandomForest,7,2019
2019-09-28,2019,9,18.646,17.814,17.61444475035558,2019-10-05,RandomForest,7,2019
2019-09-29,2019,9,18.524,17.632,17.59424076588046,2019-10-06,RandomForest,7,2019
2019-09-30,2019,9,18.51,17.446,17.41370424390244,2019-10-07,RandomForest,7,2019
2019-10-01,2019,10,18.632,17.32,17.613992835497836,2019-10-08,RandomForest,7,2019
2019-10-02,2019,10,18.482,17.244,17.413481870695506,2019-10-09,RandomForest,7,2019
2019-10-03,2019,10,18.24,17.192,17.167342503052502,2019-10-10,RandomForest,7,2019
2019-10-04,2019,10,18.024,17.094,17.012541443900083,2019-10-11,RandomForest,7,2019
2019-10-05,2019,10,17.814,16.95,17.081489050460185,2019-10-12,RandomForest,7,2019
2019-10-06,2019,10,17.632,16.83,17.072033392391823,2019-10-13,RandomForest,7,2019
2019-10-07,2019,10,17.446,16.81,17.036235355787287,2019-10-14,RandomForest,7,2019
2019-10-08,2019,10,17.32,16.852,16.773104543471113,2019-10-15,RandomForest,7,2019
2019-10-09,2019,10,17.244,16.874,17.766260196545655,2019-10-16,RandomForest,7,2019
2019-10-10,2019,10,17.192,16.826,17.75806195057342,2019-10-17,RandomForest,7,2019
2019-10-11,2019,10,17.094,16.66,16.694846936078065,2019-10-18,RandomForest,7,2019
2019-10-12,2019,10,16.95,16.422,16.215069569526836,2019-10-19,RandomForest,7,2019
2019-10-13,2019,10,16.83,16.202,16.238368677715215,2019-10-20,RandomForest,7,2019
2019-10-14,2019,10,16.81,16.042,16.390805323139972,2019-10-21,RandomForest,7,2019
2019-10-15,2019,10,16.852,15.882,16.415970083933413,2019-10-22,RandomForest,7,2019
2019-10-16,2019,10,16.874,15.73,16.429084052952216,2019-10-23,RandomForest,7,2019
2019-10-17,2019,10,16.826,15.62,16.39718410064817,2019-10-24,RandomForest,7,2019
2019-10-18,2019,10,16.66,15.532,16.05993603162177,2019-10-25,RandomForest,7,2019
2019-10-19,2019,10,16.422,15.518,15.873979072048861,2019-10-26,RandomForest,7,2019
2019-10-20,2019,10,16.202,15.466,15.50625915092811,2019-10-27,RandomForest,7,2019
2019-10-21,2019,10,16.042,15.538,15.536316859681461,2019-10-28,RandomForest,7,2019
2019-10-22,2019,10,15.882,15.614,15.369523453965588,2019-10-29,RandomForest,7,2019
2019-10-23,2019,10,15.73,15.676,15.207581780408683,2019-10-30,RandomForest,7,2019
2019-10-24,2019,10,15.62,15.646,15.177434505815844,2019-10-31,RandomForest,7,2019
2019-10-25,2019,10,15.532,15.642,15.154655263068575,2019-11-01,RandomForest,7,2019
2019-10-26,2019,10,15.518,15.702,15.281290556901064,2019-11-02,RandomForest,7,2019
2019-10-27,2019,10,15.466,15.664,15.218300393451901,2019-11-03,RandomForest,7,2019
2019-10-28,2019,10,15.538,15.57,15.300673580370665,2019-11-04,RandomForest,7,2019
2019-10-29,2019,10,15.614,15.4,15.31076338377588,2019-11-05,RandomForest,7,2019
2019-10-30,2019,10,15.676,15.264,15.325951621718152,2019-11-06,RandomForest,7,2019
2019-10-31,2019,10,15.646,15.17,15.30966491794212,2019-11-07,RandomForest,7,2019
2019-11-01,2019,11,15.642,15.072,15.3102549973585,2019-11-08,RandomForest,7,2019
2019-11-02,2019,11,15.702,14.98,15.334964473564245,2019-11-09,RandomForest,7,2019
2019-11-03,2019,11,15.664,14.892,15.330567011478829,2019-11-10,RandomForest,7,2019
2019-11-04,2019,11,15.57,14.83,15.17482267576006,2019-11-11,RandomForest,7,2019
2019-11-05,2019,11,15.4,14.728,14.904792314375946,2019-11-12,RandomForest,7,2019
2019-11-06,2019,11,15.264,14.64,14.768203712673598,2019-11-13,RandomForest,7,2019
2019-11-07,2019,11,15.17,14.58,14.784048665856425,2019-11-14,RandomForest,7,2019
2019-11-08,2019,11,15.072,14.522,14.677999313125481,2019-11-15,RandomForest,7,2019
2019-11-09,2019,11,14.98,14.476,14.603470769880866,2019-11-16,RandomForest,7,2019
2019-11-10,2019,11,14.892,14.422,14.521347279800782,2019-11-17,RandomForest,7,2019
2019-11-11,2019,11,14.83,14.382,14.49012422792762,2019-11-18,RandomForest,7,2019
2019-11-12,2019,11,14.728,14.352,14.346693802789936,2019-11-19,RandomForest,7,2019
2019-11-13,2019,11,14.64,14.288,14.287213904806666,2019-11-20,RandomForest,7,2019
2019-11-14,2019,11,14.58,14.256,14.262548311396207,2019-11-21,RandomForest,7,2019
2019-11-15,2019,11,14.522,14.222,14.224495660287507,2019-11-22,RandomForest,7,2019
2019-11-16,2019,11,14.476,14.19,14.212027345805884,2019-11-23,RandomForest,7,2019
2019-11-17,2019,11,14.422,14.18,14.161594283802623,2019-11-24,RandomForest,7,2019
2019-11-18,2019,11,14.382,14.18,14.152893053309453,2019-11-25,RandomForest,7,2019
2019-11-19,2019,11,14.352,14.17,14.162108354772696,2019-11-26,RandomForest,7,2019
2019-11-20,2019,11,14.288,14.16,14.050152939001187,2019-11-27,RandomForest,7,2019
2019-11-21,2019,11,14.256,14.106,14.0303656454258,2019-11-28,RandomForest,7,2019
2019-11-22,2019,11,14.222,14.04,14.014090339455867,2019-11-29,RandomForest,7,2019
2019-11-23,2019,11,14.19,13.992,13.994738132883967,2019-11-30,RandomForest,7,2019
2019-11-24,2019,11,14.18,13.938,13.982076041847563,2019-12-01,RandomForest,7,2019
2019-11-25,2019,11,14.18,13.89,13.985928390395449,2019-12-02,RandomForest,7,2019
2019-11-26,2019,11,14.17,13.862,13.977133809881169,2019-12-03,RandomForest,7,2019
2019-11-27,2019,11,14.16,13.824,13.924463174703014,2019-12-04,RandomForest,7,2019
2019-11-28,2019,11,14.106,13.806,13.901594318936587,2019-12-05,RandomForest,7,2019
2019-11-29,2019,11,14.04,13.768,13.80290198713205,2019-12-06,RandomForest,7,2019
2019-11-30,2019,11,13.992,13.746,13.75414976338664,2019-12-07,RandomForest,7,2019
2019-12-01,2019,12,13.938,13.714,13.702886665407513,2019-12-08,RandomForest,7,2019
2019-12-02,2019,12,13.89,13.688,13.651878798751374,2019-12-09,RandomForest,7,2019
2019-12-03,2019,12,13.862,13.652,13.647046113815138,2019-12-10,RandomForest,7,2019
2019-12-04,2019,12,13.824,13.616,13.615839922481829,2019-12-11,RandomForest,7,2019
2019-12-05,2019,12,13.806,13.568,13.604212445625167,2019-12-12,RandomForest,7,2019
2019-12-06,2019,12,13.768,13.546,13.56791982274186,2019-12-13,RandomForest,7,2019
2019-12-07,2019,12,13.746,13.514,13.554954471949642,2019-12-14,RandomForest,7,2019
2019-12-08,2019,12,13.714,13.49,13.525336015767008,2019-12-15,RandomForest,7,2019
2019-12-09,2019,12,13.688,13.446,13.502519905867628,2019-12-16,RandomForest,7,2019
2019-12-10,2019,12,13.652,13.412,13.467900607869492,2019-12-17,RandomForest,7,2019
2019-12-11,2019,12,13.616,13.386,13.427572500483683,2019-12-18,RandomForest,7,2019
2019-12-12,2019,12,13.568,13.352,13.359496536389434,2019-12-19,RandomForest,7,2019
2019-12-13,2019,12,13.546,13.33,13.362718302178362,2019-12-20,RandomForest,7,2019
2019-12-14,2019,12,13.514,13.296,13.339820367610427,2019-12-21,RandomForest,7,2019
2019-12-15,2019,12,13.49,13.274,13.321225143529336,2019-12-22,RandomForest,7,2019
2019-12-16,2019,12,13.446,13.256,13.267040203963418,2019-12-23,RandomForest,7,2019
2019-12-17,2019,12,13.412,13.24,13.234593937821858,2019-12-24,RandomForest,7,2019
2019-12-18,2019,12,13.386,13.226,13.21605087922356,2019-12-25,RandomForest,7,2019
2019-12-19,2019,12,13.352,13.22,13.183636119388812,2019-12-26,RandomForest,7,2019
2019-12-20,2019,12,13.33,13.208,13.163523020905355,2019-12-27,RandomForest,7,2019
2019-12-21,2019,12,13.296,13.158,13.129872861096171,2019-12-28,RandomForest,7,2019
2019-12-22,2019,12,13.274,13.146,13.107789681604247,2019-12-29,RandomForest,7,2019
2019-12-23,2019,12,13.256,13.126,13.091853189101197,2019-12-30,RandomForest,7,2019
2019-12-24,2019,12,13.24,13.104,13.075107901078148,2019-12-31,RandomForest,7,2019
2019-12-25,2019,12,13.226,13.086,13.063319616297564,2020-01-01,RandomForest,7,2019
2019-12-26,2019,12,13.22,13.054,13.058555631861237,2020-01-02,RandomForest,7,2019
2019-12-27,2019,12,13.208,13.04,13.048439591769206,2020-01-03,RandomForest,7,2019
2019-12-28,2019,12,13.158,13.024,12.98775659329421,2020-01-04,RandomForest,7,2019
2019-12-29,2019,12,13.146,13.002,12.99433336876167,2020-01-05,RandomForest,7,2019
2019-12-30,2019,12,13.126,12.966,12.984564974972987,2020-01-06,RandomForest,7,2019
2019-12-31,2019,12,13.104,12.944,12.976557729124071,2020-01-07,RandomForest,7,2019
