Date,Year,Month,WL,y_true,y_pred,Target_Date,Model,Horizon,Fold_Year
2008-01-08,2008,1,13.76,13.57,13.527929971218109,2008-01-22,LSTM,14,2008
2008-01-09,2008,1,13.74,13.56,13.507200469970703,2008-01-23,LSTM,14,2008
2008-01-10,2008,1,13.73,13.56,13.503276716470719,2008-01-24,LSTM,14,2008
2008-01-11,2008,1,13.72,13.55,13.497813732624055,2008-01-25,LSTM,14,2008
2008-01-12,2008,1,13.71,13.55,13.48997885644436,2008-01-26,LSTM,14,2008
2008-01-13,2008,1,13.699,13.55,13.481679185271263,2008-01-27,LSTM,14,2008
2008-01-14,2008,1,13.67,13.58,13.450911058187485,2008-01-28,LSTM,14,2008
2008-01-15,2008,1,13.65,13.62,13.43185434639454,2008-01-29,LSTM,14,2008
2008-01-16,2008,1,13.63,13.66,13.41644371032715,2008-01-30,LSTM,14,2008
2008-01-17,2008,1,13.62,13.67,13.410280163288116,2008-01-31,LSTM,14,2008
2008-01-18,2008,1,13.61,13.66,13.40524727165699,2008-02-01,LSTM,14,2008
2008-01-19,2008,1,13.6,13.63,13.398526629805565,2008-02-02,LSTM,14,2008
2008-01-20,2008,1,13.59,13.61,13.393697779774666,2008-02-03,LSTM,14,2008
2008-01-21,2008,1,13.58,13.61,13.387179436087608,2008-02-04,LSTM,14,2008
2008-01-22,2008,1,13.57,13.61,13.380820743441582,2008-02-05,LSTM,14,2008
2008-01-23,2008,1,13.56,13.62,13.373931152224541,2008-02-06,LSTM,14,2008
2008-01-24,2008,1,13.56,13.63,13.379190472364426,2008-02-07,LSTM,14,2008
2008-01-25,2008,1,13.55,13.62,13.372926506400109,2008-02-08,LSTM,14,2008
2008-01-26,2008,1,13.55,13.59,13.376606795191766,2008-02-09,LSTM,14,2008
2008-01-27,2008,1,13.55,13.57,13.383356961607934,2008-02-10,LSTM,14,2008
2008-01-28,2008,1,13.58,13.55,13.403474109172821,2008-02-11,LSTM,14,2008
2008-01-29,2008,1,13.62,13.52,13.423073093295097,2008-02-12,LSTM,14,2008
2008-01-30,2008,1,13.66,13.5,13.447895053625107,2008-02-13,LSTM,14,2008
2008-01-31,2008,1,13.67,13.47,13.473343325853348,2008-02-14,LSTM,14,2008
2008-02-01,2008,2,13.66,13.46,13.489359665513039,2008-02-15,LSTM,14,2008
2008-02-02,2008,2,13.63,13.45,13.466279079318047,2008-02-16,LSTM,14,2008
2008-02-03,2008,2,13.61,13.44,13.45859263896942,2008-02-17,LSTM,14,2008
2008-02-04,2008,2,13.61,13.47,13.474802330732345,2008-02-18,LSTM,14,2008
2008-02-05,2008,2,13.61,13.51,13.485561863183975,2008-02-19,LSTM,14,2008
2008-02-06,2008,2,13.62,13.53,13.498937423229217,2008-02-20,LSTM,14,2008
2008-02-07,2008,2,13.63,13.54,13.512455438375474,2008-02-21,LSTM,14,2008
2008-02-08,2008,2,13.62,13.53,13.51380107820034,2008-02-22,LSTM,14,2008
2008-02-09,2008,2,13.59,13.51,13.489772249162197,2008-02-23,LSTM,14,2008
2008-02-10,2008,2,13.57,13.48,13.479065924584866,2008-02-24,LSTM,14,2008
2008-02-11,2008,2,13.55,13.45,13.475293184816838,2008-02-25,LSTM,14,2008
2008-02-12,2008,2,13.52,13.44,13.457037728726863,2008-02-26,LSTM,14,2008
2008-02-13,2008,2,13.5,13.43,13.45557464286685,2008-02-27,LSTM,14,2008
2008-02-14,2008,2,13.47,13.43,13.448066077455879,2008-02-28,LSTM,14,2008
2008-02-15,2008,2,13.46,13.43,13.45432176956907,2008-02-29,LSTM,14,2008
2008-02-16,2008,2,13.45,13.42,13.455559952463954,2008-03-01,LSTM,14,2008
2008-02-17,2008,2,13.44,13.41,13.453558636419475,2008-03-02,LSTM,14,2008
2008-02-18,2008,2,13.47,13.4,13.479800422936679,2008-03-03,LSTM,14,2008
2008-02-19,2008,2,13.51,13.41,13.490827482417226,2008-03-04,LSTM,14,2008
2008-02-20,2008,2,13.53,13.4,13.504649654701351,2008-03-05,LSTM,14,2008
2008-02-21,2008,2,13.54,13.43,13.525993018373846,2008-03-06,LSTM,14,2008
2008-02-22,2008,2,13.53,13.46,13.537714113686233,2008-03-07,LSTM,14,2008
2008-02-23,2008,2,13.51,13.45,13.533489696905017,2008-03-08,LSTM,14,2008
2008-02-24,2008,2,13.48,13.44,13.522023420333863,2008-03-09,LSTM,14,2008
2008-02-25,2008,2,13.45,13.42,13.52782182842493,2008-03-10,LSTM,14,2008
2008-02-26,2008,2,13.44,13.4,13.55990787088871,2008-03-11,LSTM,14,2008
2008-02-27,2008,2,13.43,13.39,13.580792807340622,2008-03-12,LSTM,14,2008
2008-02-28,2008,2,13.43,13.39,13.601833634376526,2008-03-13,LSTM,14,2008
2008-02-29,2008,2,13.43,13.39,13.610756822228431,2008-03-14,LSTM,14,2008
2008-03-01,2008,3,13.42,13.39,13.607507629394531,2008-03-15,LSTM,14,2008
2008-03-02,2008,3,13.41,13.39,13.6041746622324,2008-03-16,LSTM,14,2008
2008-03-03,2008,3,13.4,13.4,13.603330338001252,2008-03-17,LSTM,14,2008
2008-03-04,2008,3,13.41,13.42,13.62111036837101,2008-03-18,LSTM,14,2008
2008-03-05,2008,3,13.4,13.44,13.62239725291729,2008-03-19,LSTM,14,2008
2008-03-06,2008,3,13.43,13.46,13.662303708791733,2008-03-20,LSTM,14,2008
2008-03-07,2008,3,13.46,13.54,13.694424278140069,2008-03-21,LSTM,14,2008
2008-03-08,2008,3,13.45,13.66,13.687908035516738,2008-03-22,LSTM,14,2008
2008-03-09,2008,3,13.44,13.81,13.699704619646072,2008-03-23,LSTM,14,2008
2008-03-10,2008,3,13.42,13.91,13.708556843996048,2008-03-24,LSTM,14,2008
2008-03-11,2008,3,13.4,13.93,13.731245720386505,2008-03-25,LSTM,14,2008
2008-03-12,2008,3,13.39,13.93,13.744795634746552,2008-03-26,LSTM,14,2008
2008-03-13,2008,3,13.39,13.92,13.782373353242875,2008-03-27,LSTM,14,2008
2008-03-14,2008,3,13.39,13.94,13.81439615726471,2008-03-28,LSTM,14,2008
2008-03-15,2008,3,13.39,13.98,13.825533910989762,2008-03-29,LSTM,14,2008
2008-03-16,2008,3,13.39,14.05,13.835744425058365,2008-03-30,LSTM,14,2008
2008-03-17,2008,3,13.4,14.07,13.852018558979035,2008-03-31,LSTM,14,2008
2008-03-18,2008,3,13.42,14.09,13.88613159775734,2008-04-01,LSTM,14,2008
2008-03-19,2008,3,13.44,14.15,13.922296884059906,2008-04-02,LSTM,14,2008
2008-03-20,2008,3,13.46,14.2,13.964250764846803,2008-04-03,LSTM,14,2008
2008-03-21,2008,3,13.54,14.31,14.087181725502013,2008-04-04,LSTM,14,2008
2008-03-22,2008,3,13.66,14.53,14.212720427513123,2008-04-05,LSTM,14,2008
2008-03-23,2008,3,13.81,14.66,14.336011049747468,2008-04-06,LSTM,14,2008
2008-03-24,2008,3,13.91,14.67,14.260928723812103,2008-04-07,LSTM,14,2008
2008-03-25,2008,3,13.93,14.66,14.184802048206329,2008-04-08,LSTM,14,2008
2008-03-26,2008,3,13.93,14.6,14.310022585391998,2008-04-09,LSTM,14,2008
2008-03-27,2008,3,13.92,14.51,14.377175225019455,2008-04-10,LSTM,14,2008
2008-03-28,2008,3,13.94,14.46,14.444043579101562,2008-04-11,LSTM,14,2008
2008-03-29,2008,3,13.98,14.41,14.468661736249924,2008-04-12,LSTM,14,2008
2008-03-30,2008,3,14.05,14.38,14.534476327896119,2008-04-13,LSTM,14,2008
2008-03-31,2008,3,14.07,14.34,14.570077843666077,2008-04-14,LSTM,14,2008
2008-04-01,2008,4,14.09,14.27,14.61436250448227,2008-04-15,LSTM,14,2008
2008-04-02,2008,4,14.15,14.23,14.683415138721466,2008-04-16,LSTM,14,2008
2008-04-03,2008,4,14.2,14.23,14.667560052871703,2008-04-17,LSTM,14,2008
2008-04-04,2008,4,14.31,14.22,14.719021943807602,2008-04-18,LSTM,14,2008
2008-04-05,2008,4,14.53,14.28,14.97872349500656,2008-04-19,LSTM,14,2008
2008-04-06,2008,4,14.66,14.33,14.848388779759407,2008-04-20,LSTM,14,2008
2008-04-07,2008,4,14.67,14.41,14.820261923670769,2008-04-21,LSTM,14,2008
2008-04-08,2008,4,14.66,14.47,14.878133509159088,2008-04-22,LSTM,14,2008
2008-04-09,2008,4,14.6,14.52,14.821063360571861,2008-04-23,LSTM,14,2008
2008-04-10,2008,4,14.51,14.61,14.792917499542236,2008-04-24,LSTM,14,2008
2008-04-11,2008,4,14.46,14.87,14.744182101488114,2008-04-25,LSTM,14,2008
2008-04-12,2008,4,14.41,15.05,14.819061163663864,2008-04-26,LSTM,14,2008
2008-04-13,2008,4,14.38,15.06,14.893021767139436,2008-04-27,LSTM,14,2008
2008-04-14,2008,4,14.34,15.02,14.928275969028473,2008-04-28,LSTM,14,2008
2008-04-15,2008,4,14.27,14.99,14.932742435932159,2008-04-29,LSTM,14,2008
2008-04-16,2008,4,14.23,15.01,14.959383647441864,2008-04-30,LSTM,14,2008
2008-04-17,2008,4,14.23,15.01,15.000007252693177,2008-05-01,LSTM,14,2008
2008-04-18,2008,4,14.22,15.04,14.969249696731568,2008-05-02,LSTM,14,2008
2008-04-19,2008,4,14.28,15.31,15.050641088485717,2008-05-03,LSTM,14,2008
2008-04-20,2008,4,14.33,15.79,14.99713035106659,2008-05-04,LSTM,14,2008
2008-04-21,2008,4,14.41,15.93,15.045440826416016,2008-05-05,LSTM,14,2008
2008-04-22,2008,4,14.47,15.93,15.019330234527589,2008-05-06,LSTM,14,2008
2008-04-23,2008,4,14.52,15.92,15.02152838230133,2008-05-07,LSTM,14,2008
2008-04-24,2008,4,14.61,15.69,15.10839922785759,2008-05-08,LSTM,14,2008
2008-04-25,2008,4,14.87,15.61,15.59116082906723,2008-05-09,LSTM,14,2008
2008-04-26,2008,4,15.05,15.53,15.518444079160691,2008-05-10,LSTM,14,2008
2008-04-27,2008,4,15.06,15.51,15.39139792084694,2008-05-11,LSTM,14,2008
2008-04-28,2008,4,15.02,15.47,15.347166438102722,2008-05-12,LSTM,14,2008
2008-04-29,2008,4,14.99,15.4,15.310770561695099,2008-05-13,LSTM,14,2008
2008-04-30,2008,4,15.01,15.36,15.29436005115509,2008-05-14,LSTM,14,2008
2008-05-01,2008,5,15.01,15.35,15.274164835214615,2008-05-15,LSTM,14,2008
2008-05-02,2008,5,15.04,15.33,15.355093547105788,2008-05-16,LSTM,14,2008
2008-05-03,2008,5,15.31,15.31,15.649884847402573,2008-05-17,LSTM,14,2008
2008-05-04,2008,5,15.79,15.3,16.098100521564483,2008-05-18,LSTM,14,2008
2008-05-05,2008,5,15.93,15.23,15.900512161031365,2008-05-19,LSTM,14,2008
2008-05-06,2008,5,15.93,15.23,15.962994706183672,2008-05-20,LSTM,14,2008
2008-05-07,2008,5,15.92,15.26,16.30233044743538,2008-05-21,LSTM,14,2008
2008-05-08,2008,5,15.69,15.31,15.259084107875823,2008-05-22,LSTM,14,2008
2008-05-09,2008,5,15.61,15.36,15.941295609474182,2008-05-23,LSTM,14,2008
2008-05-10,2008,5,15.53,15.49,15.881897090673446,2008-05-24,LSTM,14,2008
2008-05-11,2008,5,15.51,15.6,15.919814834594726,2008-05-25,LSTM,14,2008
2008-05-12,2008,5,15.47,15.81,16.11890646934509,2008-05-26,LSTM,14,2008
2008-05-13,2008,5,15.4,15.88,16.123373413085936,2008-05-27,LSTM,14,2008
2008-05-14,2008,5,15.36,15.88,16.113243565559387,2008-05-28,LSTM,14,2008
2008-05-15,2008,5,15.35,15.85,16.108007168769838,2008-05-29,LSTM,14,2008
2008-05-16,2008,5,15.33,15.71,16.13504786968231,2008-05-30,LSTM,14,2008
2008-05-17,2008,5,15.31,15.77,16.1270103430748,2008-05-31,LSTM,14,2008
2008-05-18,2008,5,15.3,15.86,16.182173836231232,2008-06-01,LSTM,14,2008
2008-05-19,2008,5,15.23,16.05,15.956967930793763,2008-06-02,LSTM,14,2008
2008-05-20,2008,5,15.23,16.23,16.105358164310456,2008-06-03,LSTM,14,2008
2008-05-21,2008,5,15.26,16.41,16.328357467651365,2008-06-04,LSTM,14,2008
2008-05-22,2008,5,15.31,16.61,16.4070276594162,2008-06-05,LSTM,14,2008
2008-05-23,2008,5,15.36,16.72,16.509020195007324,2008-06-06,LSTM,14,2008
2008-05-24,2008,5,15.49,16.73,16.80417763233185,2008-06-07,LSTM,14,2008
2008-05-25,2008,5,15.6,16.72,16.90792546272278,2008-06-08,LSTM,14,2008
2008-05-26,2008,5,15.81,16.58,16.98794227600098,2008-06-09,LSTM,14,2008
2008-05-27,2008,5,15.88,16.53,17.155068879127505,2008-06-10,LSTM,14,2008
2008-05-28,2008,5,15.88,16.46,16.938388233184817,2008-06-11,LSTM,14,2008
2008-05-29,2008,5,15.85,16.6,16.874741649627687,2008-06-12,LSTM,14,2008
2008-05-30,2008,5,15.71,16.7,17.21347423553467,2008-06-13,LSTM,14,2008
2008-05-31,2008,5,15.77,16.86,17.12887563228607,2008-06-14,LSTM,14,2008
2008-06-01,2008,6,15.86,17.16,17.26605366230011,2008-06-15,LSTM,14,2008
2008-06-02,2008,6,16.05,17.51,17.388613748550416,2008-06-16,LSTM,14,2008
2008-06-03,2008,6,16.23,17.74,17.406909804344178,2008-06-17,LSTM,14,2008
2008-06-04,2008,6,16.41,17.93,17.599715027809143,2008-06-18,LSTM,14,2008
2008-06-05,2008,6,16.61,18.03,17.834658489227294,2008-06-19,LSTM,14,2008
2008-06-06,2008,6,16.72,18.14,17.83147081851959,2008-06-20,LSTM,14,2008
2008-06-07,2008,6,16.73,18.17,17.652390818595887,2008-06-21,LSTM,14,2008
2008-06-08,2008,6,16.72,18.22,17.38903954744339,2008-06-22,LSTM,14,2008
2008-06-09,2008,6,16.58,18.06,17.4636595416069,2008-06-23,LSTM,14,2008
2008-06-10,2008,6,16.53,18.05,17.405638842582704,2008-06-24,LSTM,14,2008
2008-06-11,2008,6,16.46,18.09,17.48479863166809,2008-06-25,LSTM,14,2008
2008-06-12,2008,6,16.6,18.12,17.596958494186403,2008-06-26,LSTM,14,2008
2008-06-13,2008,6,16.7,18.15,17.550298047065734,2008-06-27,LSTM,14,2008
2008-06-14,2008,6,16.86,18.2,18.017779335975646,2008-06-28,LSTM,14,2008
2008-06-15,2008,6,17.16,18.24,18.235684785842896,2008-06-29,LSTM,14,2008
2008-06-16,2008,6,17.51,18.25,18.626098999977113,2008-06-30,LSTM,14,2008
2008-06-17,2008,6,17.74,18.3,18.78783546924591,2008-07-01,LSTM,14,2008
2008-06-18,2008,6,17.93,18.39,18.71519570827484,2008-07-02,LSTM,14,2008
2008-06-19,2008,6,18.03,18.32,18.75960138320923,2008-07-03,LSTM,14,2008
2008-06-20,2008,6,18.14,18.34,19.010363593101502,2008-07-04,LSTM,14,2008
2008-06-21,2008,6,18.17,18.37,19.397357268333437,2008-07-05,LSTM,14,2008
2008-06-22,2008,6,18.22,18.34,19.51828083515167,2008-07-06,LSTM,14,2008
2008-06-23,2008,6,18.06,18.45,19.273617920875548,2008-07-07,LSTM,14,2008
2008-06-24,2008,6,18.05,18.59,19.14027886390686,2008-07-08,LSTM,14,2008
2008-06-25,2008,6,18.09,18.72,18.87863888978958,2008-07-09,LSTM,14,2008
2008-06-26,2008,6,18.12,18.82,18.81925504922867,2008-07-10,LSTM,14,2008
2008-06-27,2008,6,18.15,18.82,18.75725438594818,2008-07-11,LSTM,14,2008
2008-06-28,2008,6,18.2,18.59,18.81579769849777,2008-07-12,LSTM,14,2008
2008-06-29,2008,6,18.24,18.45,18.82956831693649,2008-07-13,LSTM,14,2008
2008-06-30,2008,6,18.25,18.37,18.844014048576355,2008-07-14,LSTM,14,2008
2008-07-01,2008,7,18.3,18.42,18.902333068847657,2008-07-15,LSTM,14,2008
2008-07-02,2008,7,18.39,18.49,19.080374076366425,2008-07-16,LSTM,14,2008
2008-07-03,2008,7,18.32,18.64,18.831508643627167,2008-07-17,LSTM,14,2008
2008-07-04,2008,7,18.34,18.75,18.800250288248062,2008-07-18,LSTM,14,2008
2008-07-05,2008,7,18.37,18.79,18.791807646751405,2008-07-19,LSTM,14,2008
2008-07-06,2008,7,18.34,18.87,18.688685652017593,2008-07-20,LSTM,14,2008
2008-07-07,2008,7,18.45,18.89,18.8993370950222,2008-07-21,LSTM,14,2008
2008-07-08,2008,7,18.59,19.06,19.186103727817535,2008-07-22,LSTM,14,2008
2008-07-09,2008,7,18.72,19.24,19.30192640542984,2008-07-23,LSTM,14,2008
2008-07-10,2008,7,18.82,19.34,19.383268899917603,2008-07-24,LSTM,14,2008
2008-07-11,2008,7,18.82,19.29,19.208357281684876,2008-07-25,LSTM,14,2008
2008-07-12,2008,7,18.59,19.17,18.747642140984535,2008-07-26,LSTM,14,2008
2008-07-13,2008,7,18.45,19.24,18.68562414944172,2008-07-27,LSTM,14,2008
2008-07-14,2008,7,18.37,19.26,18.67688038468361,2008-07-28,LSTM,14,2008
2008-07-15,2008,7,18.42,19.22,18.702621115446092,2008-07-29,LSTM,14,2008
2008-07-16,2008,7,18.49,19.17,18.749798526763914,2008-07-30,LSTM,14,2008
2008-07-17,2008,7,18.64,19.03,18.98805828332901,2008-07-31,LSTM,14,2008
2008-07-18,2008,7,18.75,18.94,19.03354313969612,2008-08-01,LSTM,14,2008
2008-07-19,2008,7,18.79,18.89,19.050198205709457,2008-08-02,LSTM,14,2008
2008-07-20,2008,7,18.87,18.8,19.24738573551178,2008-08-03,LSTM,14,2008
2008-07-21,2008,7,18.89,18.84,19.14034761428833,2008-08-04,LSTM,14,2008
2008-07-22,2008,7,19.06,18.77,19.371659961938857,2008-08-05,LSTM,14,2008
2008-07-23,2008,7,19.24,18.74,19.18244347140193,2008-08-06,LSTM,14,2008
2008-07-24,2008,7,19.34,18.73,19.12157651424408,2008-08-07,LSTM,14,2008
2008-07-25,2008,7,19.29,18.67,18.987437345981597,2008-08-08,LSTM,14,2008
2008-07-26,2008,7,19.17,18.65,18.700996322631838,2008-08-09,LSTM,14,2008
2008-07-27,2008,7,19.24,18.62,19.07997768163681,2008-08-10,LSTM,14,2008
2008-07-28,2008,7,19.26,18.59,18.98226291894913,2008-08-11,LSTM,14,2008
2008-07-29,2008,7,19.22,18.59,18.890462757349013,2008-08-12,LSTM,14,2008
2008-07-30,2008,7,19.17,18.7,18.845351709127428,2008-08-13,LSTM,14,2008
2008-07-31,2008,7,19.03,18.74,18.591365485191346,2008-08-14,LSTM,14,2008
2008-08-01,2008,8,18.94,18.74,18.54071846842766,2008-08-15,LSTM,14,2008
2008-08-02,2008,8,18.89,18.67,18.601605101823807,2008-08-16,LSTM,14,2008
2008-08-03,2008,8,18.8,18.78,18.453387635946275,2008-08-17,LSTM,14,2008
2008-08-04,2008,8,18.84,18.93,18.753149632513523,2008-08-18,LSTM,14,2008
2008-08-05,2008,8,18.77,19.07,18.558203075528144,2008-08-19,LSTM,14,2008
2008-08-06,2008,8,18.74,19.16,18.620660727620123,2008-08-20,LSTM,14,2008
2008-08-07,2008,8,18.73,19.29,18.769946101605893,2008-08-21,LSTM,14,2008
2008-08-08,2008,8,18.67,19.39,18.611696476191284,2008-08-22,LSTM,14,2008
2008-08-09,2008,8,18.65,19.39,18.685785388201474,2008-08-23,LSTM,14,2008
2008-08-10,2008,8,18.62,19.27,18.67973380059004,2008-08-24,LSTM,14,2008
2008-08-11,2008,8,18.59,19.19,18.677801069021225,2008-08-25,LSTM,14,2008
2008-08-12,2008,8,18.59,19.1,18.795996364355087,2008-08-26,LSTM,14,2008
2008-08-13,2008,8,18.7,19.09,19.135622185468673,2008-08-27,LSTM,14,2008
2008-08-14,2008,8,18.74,19.24,18.991186311244963,2008-08-28,LSTM,14,2008
2008-08-15,2008,8,18.74,19.27,18.938795437812804,2008-08-29,LSTM,14,2008
2008-08-16,2008,8,18.67,19.45,18.674551118705423,2008-08-30,LSTM,14,2008
2008-08-17,2008,8,18.78,19.63,19.192978112697602,2008-08-31,LSTM,14,2008
2008-08-18,2008,8,18.93,19.63,19.210779153108597,2008-09-01,LSTM,14,2008
2008-08-19,2008,8,19.07,19.61,19.013823862820864,2008-09-02,LSTM,14,2008
2008-08-20,2008,8,19.16,19.51,18.991117123365402,2008-09-03,LSTM,14,2008
2008-08-21,2008,8,19.29,19.56,18.986063876152038,2008-09-04,LSTM,14,2008
2008-08-22,2008,8,19.39,19.68,18.850484445095063,2008-09-05,LSTM,14,2008
2008-08-23,2008,8,19.39,19.73,18.7713716173172,2008-09-06,LSTM,14,2008
2008-08-24,2008,8,19.27,19.75,18.542875428199768,2008-09-07,LSTM,14,2008
2008-08-25,2008,8,19.19,19.64,18.524646582603456,2008-09-08,LSTM,14,2008
2008-08-26,2008,8,19.1,19.48,18.5041702747345,2008-09-09,LSTM,14,2008
2008-08-27,2008,8,19.09,19.33,18.66120829820633,2008-09-10,LSTM,14,2008
2008-08-28,2008,8,19.24,19.17,19.236419612783937,2008-09-11,LSTM,14,2008
2008-08-29,2008,8,19.27,19.01,18.964944024085998,2008-09-12,LSTM,14,2008
2008-08-30,2008,8,19.45,18.82,19.23323146700859,2008-09-13,LSTM,14,2008
2008-08-31,2008,8,19.63,18.6,18.877024297714232,2008-09-14,LSTM,14,2008
2008-09-01,2008,9,19.63,18.4,18.596479897499083,2008-09-15,LSTM,14,2008
2008-09-02,2008,9,19.61,18.3,18.783633456230163,2008-09-16,LSTM,14,2008
2008-09-03,2008,9,19.51,18.21,18.51140327215195,2008-09-17,LSTM,14,2008
2008-09-04,2008,9,19.56,18.04,18.84228574991226,2008-09-18,LSTM,14,2008
2008-09-05,2008,9,19.68,17.87,18.95712959051132,2008-09-19,LSTM,14,2008
2008-09-06,2008,9,19.73,17.74,18.842960398197174,2008-09-20,LSTM,14,2008
2008-09-07,2008,9,19.75,17.53,18.950165271759033,2008-09-21,LSTM,14,2008
2008-09-08,2008,9,19.64,17.45,18.675272479057313,2008-09-22,LSTM,14,2008
2008-09-09,2008,9,19.48,17.41,18.442744116783143,2008-09-23,LSTM,14,2008
2008-09-10,2008,9,19.33,17.35,18.317805247306822,2008-09-24,LSTM,14,2008
2008-09-11,2008,9,19.17,17.31,18.27056656599045,2008-09-25,LSTM,14,2008
2008-09-12,2008,9,19.01,17.21,18.293606231212618,2008-09-26,LSTM,14,2008
2008-09-13,2008,9,18.82,17.18,18.245178825855255,2008-09-27,LSTM,14,2008
2008-09-14,2008,9,18.6,17.12,18.191666132211687,2008-09-28,LSTM,14,2008
2008-09-15,2008,9,18.4,17.09,18.174712651968,2008-09-29,LSTM,14,2008
2008-09-16,2008,9,18.3,17.08,18.34427443444729,2008-09-30,LSTM,14,2008
2008-09-17,2008,9,18.21,17.04,18.3037342569232,2008-10-01,LSTM,14,2008
2008-09-18,2008,9,18.04,17.0,18.064962751194834,2008-10-02,LSTM,14,2008
2008-09-19,2008,9,17.87,16.99,17.945176626443864,2008-10-03,LSTM,14,2008
2008-09-20,2008,9,17.74,16.88,17.795057894438504,2008-10-04,LSTM,14,2008
2008-09-21,2008,9,17.53,16.87,17.609561665654184,2008-10-05,LSTM,14,2008
2008-09-22,2008,9,17.45,16.95,17.412371733039617,2008-10-06,LSTM,14,2008
2008-09-23,2008,9,17.41,16.95,17.15518471956253,2008-10-07,LSTM,14,2008
2008-09-24,2008,9,17.35,16.9,16.95676956176758,2008-10-08,LSTM,14,2008
2008-09-25,2008,9,17.31,16.9,16.91881134867668,2008-10-09,LSTM,14,2008
2008-09-26,2008,9,17.21,16.89,16.695358834266663,2008-10-10,LSTM,14,2008
2008-09-27,2008,9,17.18,16.78,16.733471863269806,2008-10-11,LSTM,14,2008
2008-09-28,2008,9,17.12,16.71,16.64739366889,2008-10-12,LSTM,14,2008
2008-09-29,2008,9,17.09,16.65,16.623376216888428,2008-10-13,LSTM,14,2008
2008-09-30,2008,9,17.08,16.56,16.616400139331816,2008-10-14,LSTM,14,2008
2008-10-01,2008,10,17.04,16.47,16.50432328224182,2008-10-15,LSTM,14,2008
2008-10-02,2008,10,17.0,16.45,16.451849281787872,2008-10-16,LSTM,14,2008
2008-10-03,2008,10,16.99,16.37,16.461348047256468,2008-10-17,LSTM,14,2008
2008-10-04,2008,10,16.88,16.26,16.219764595031737,2008-10-18,LSTM,14,2008
2008-10-05,2008,10,16.87,16.13,16.320898349285127,2008-10-19,LSTM,14,2008
2008-10-06,2008,10,16.95,15.99,16.381929409503936,2008-10-20,LSTM,14,2008
2008-10-07,2008,10,16.95,15.89,16.181405317783355,2008-10-21,LSTM,14,2008
2008-10-08,2008,10,16.9,15.8,16.080866360664366,2008-10-22,LSTM,14,2008
2008-10-09,2008,10,16.9,15.71,16.15771903991699,2008-10-23,LSTM,14,2008
2008-10-10,2008,10,16.89,15.63,16.10774047613144,2008-10-24,LSTM,14,2008
2008-10-11,2008,10,16.78,15.55,15.916361122131349,2008-10-25,LSTM,14,2008
2008-10-12,2008,10,16.71,15.47,15.958840034008027,2008-10-26,LSTM,14,2008
2008-10-13,2008,10,16.65,15.43,15.94333734512329,2008-10-27,LSTM,14,2008
2008-10-14,2008,10,16.56,15.41,15.809573171138762,2008-10-28,LSTM,14,2008
2008-10-15,2008,10,16.47,15.54,15.745536656379699,2008-10-29,LSTM,14,2008
2008-10-16,2008,10,16.45,15.72,15.690221619606017,2008-10-30,LSTM,14,2008
2008-10-17,2008,10,16.37,15.8,15.55144714832306,2008-10-31,LSTM,14,2008
2008-10-18,2008,10,16.26,15.9,15.480201373100282,2008-11-01,LSTM,14,2008
2008-10-19,2008,10,16.13,16.11,15.475213413238524,2008-11-02,LSTM,14,2008
2008-10-20,2008,10,15.99,16.26,15.379519572257996,2008-11-03,LSTM,14,2008
2008-10-21,2008,10,15.89,16.17,15.272157027721406,2008-11-04,LSTM,14,2008
2008-10-22,2008,10,15.8,15.95,15.126163470745087,2008-11-05,LSTM,14,2008
2008-10-23,2008,10,15.71,15.8,15.014141998291016,2008-11-06,LSTM,14,2008
2008-10-24,2008,10,15.63,15.64,14.945432012081147,2008-11-07,LSTM,14,2008
2008-10-25,2008,10,15.55,15.45,14.865343379974366,2008-11-08,LSTM,14,2008
2008-10-26,2008,10,15.47,15.31,14.775424392223359,2008-11-09,LSTM,14,2008
2008-10-27,2008,10,15.43,15.24,14.761025123596191,2008-11-10,LSTM,14,2008
2008-10-28,2008,10,15.41,15.17,14.767965290546417,2008-11-11,LSTM,14,2008
2008-10-29,2008,10,15.54,15.09,14.8227028632164,2008-11-12,LSTM,14,2008
2008-10-30,2008,10,15.72,15.04,14.630343170166016,2008-11-13,LSTM,14,2008
2008-10-31,2008,10,15.8,14.99,14.559296417236329,2008-11-14,LSTM,14,2008
2008-11-01,2008,11,15.9,14.94,14.691302680969239,2008-11-15,LSTM,14,2008
2008-11-02,2008,11,16.11,14.9,14.830563530921935,2008-11-16,LSTM,14,2008
2008-11-03,2008,11,16.26,14.85,14.7179496383667,2008-11-17,LSTM,14,2008
2008-11-04,2008,11,16.17,14.8,14.1375509929657,2008-11-18,LSTM,14,2008
2008-11-05,2008,11,15.95,14.78,14.338323664665221,2008-11-19,LSTM,14,2008
2008-11-06,2008,11,15.8,14.76,14.801082003116608,2008-11-20,LSTM,14,2008
2008-11-07,2008,11,15.64,14.72,14.735600128173829,2008-11-21,LSTM,14,2008
2008-11-08,2008,11,15.45,14.699,14.524742317199706,2008-11-22,LSTM,14,2008
2008-11-09,2008,11,15.31,14.67,14.509194252490998,2008-11-23,LSTM,14,2008
2008-11-10,2008,11,15.24,14.63,14.590941896438599,2008-11-24,LSTM,14,2008
2008-11-11,2008,11,15.17,14.59,14.571998102664947,2008-11-25,LSTM,14,2008
2008-11-12,2008,11,15.09,14.57,14.469898965358734,2008-11-26,LSTM,14,2008
2008-11-13,2008,11,15.04,14.54,14.504653074741363,2008-11-27,LSTM,14,2008
2008-11-14,2008,11,14.99,14.52,14.50727968454361,2008-11-28,LSTM,14,2008
2008-11-15,2008,11,14.94,14.5,14.464467140436172,2008-11-29,LSTM,14,2008
2008-11-16,2008,11,14.9,14.47,14.429176652431488,2008-11-30,LSTM,14,2008
2008-11-17,2008,11,14.85,14.45,14.38601586818695,2008-12-01,LSTM,14,2008
2008-11-18,2008,11,14.8,14.42,14.340976434946061,2008-12-02,LSTM,14,2008
2008-11-19,2008,11,14.78,14.39,14.334310858249664,2008-12-03,LSTM,14,2008
2008-11-20,2008,11,14.76,14.35,14.32435415148735,2008-12-04,LSTM,14,2008
2008-11-21,2008,11,14.72,14.33,14.284919710159302,2008-12-05,LSTM,14,2008
2008-11-22,2008,11,14.699,14.31,14.272462456464767,2008-12-06,LSTM,14,2008
2008-11-23,2008,11,14.67,14.27,14.25734866976738,2008-12-07,LSTM,14,2008
2008-11-24,2008,11,14.63,14.26,14.21906924724579,2008-12-08,LSTM,14,2008
2008-11-25,2008,11,14.59,14.24,14.181654449701309,2008-12-09,LSTM,14,2008
2008-11-26,2008,11,14.57,14.21,14.172447032928467,2008-12-10,LSTM,14,2008
2008-11-27,2008,11,14.54,14.2,14.152841129302978,2008-12-11,LSTM,14,2008
2008-11-28,2008,11,14.52,14.18,14.134992052316665,2008-12-12,LSTM,14,2008
2008-11-29,2008,11,14.5,14.17,14.126253575086594,2008-12-13,LSTM,14,2008
2008-11-30,2008,11,14.47,14.15,14.10386544585228,2008-12-14,LSTM,14,2008
2008-12-01,2008,12,14.45,14.13,14.089956325292587,2008-12-15,LSTM,14,2008
2008-12-02,2008,12,14.42,14.1,14.066559208631515,2008-12-16,LSTM,14,2008
2008-12-03,2008,12,14.39,14.08,14.040914609432221,2008-12-17,LSTM,14,2008
2008-12-04,2008,12,14.35,14.06,14.005106216669082,2008-12-18,LSTM,14,2008
2008-12-05,2008,12,14.33,14.04,13.990679668188095,2008-12-19,LSTM,14,2008
2008-12-06,2008,12,14.31,14.02,13.979445246458054,2008-12-20,LSTM,14,2008
2008-12-07,2008,12,14.27,14.0,13.939330924749374,2008-12-21,LSTM,14,2008
2008-12-08,2008,12,14.26,13.98,13.935786316394806,2008-12-22,LSTM,14,2008
2008-12-09,2008,12,14.24,13.97,13.925890227556229,2008-12-23,LSTM,14,2008
2008-12-10,2008,12,14.21,13.95,13.896393260955811,2008-12-24,LSTM,14,2008
2008-12-11,2008,12,14.2,13.93,13.891182255744933,2008-12-25,LSTM,14,2008
2008-12-12,2008,12,14.18,13.91,13.878391050100326,2008-12-26,LSTM,14,2008
2008-12-13,2008,12,14.17,13.89,13.871703608036041,2008-12-27,LSTM,14,2008
2008-12-14,2008,12,14.15,13.87,13.855904483795166,2008-12-28,LSTM,14,2008
2008-12-15,2008,12,14.13,13.85,13.838516657352448,2008-12-29,LSTM,14,2008
2008-12-16,2008,12,14.1,13.84,13.81140068769455,2008-12-30,LSTM,14,2008
2008-12-17,2008,12,14.08,13.83,13.792535113096237,2008-12-31,LSTM,14,2008
2008-12-18,2008,12,14.06,13.81,13.777200726270676,2009-01-01,LSTM,14,2008
2008-12-19,2008,12,14.04,13.79,13.758172192573547,2009-01-02,LSTM,14,2008
2008-12-20,2008,12,14.02,13.77,13.741512347459793,2009-01-03,LSTM,14,2008
2008-12-21,2008,12,14.0,13.75,13.724651724100113,2009-01-04,LSTM,14,2008
2008-12-22,2008,12,13.98,13.74,13.70806414961815,2009-01-05,LSTM,14,2008
2008-12-23,2008,12,13.97,13.73,13.702170999050141,2009-01-06,LSTM,14,2008
2008-12-24,2008,12,13.95,13.71,13.684903872013091,2009-01-07,LSTM,14,2008
2008-12-25,2008,12,13.93,13.69,13.665478848218918,2009-01-08,LSTM,14,2008
2008-12-26,2008,12,13.91,13.67,13.648672405481339,2009-01-09,LSTM,14,2008
2008-12-27,2008,12,13.89,13.66,13.630565299987794,2009-01-10,LSTM,14,2008
2008-12-28,2008,12,13.87,13.65,13.612149740457534,2009-01-11,LSTM,14,2008
2008-12-29,2008,12,13.85,13.64,13.59342381954193,2009-01-12,LSTM,14,2008
2008-12-30,2008,12,13.84,13.62,13.58822986125946,2009-01-13,LSTM,14,2008
2008-12-31,2008,12,13.83,13.6,13.582824008464813,2009-01-14,LSTM,14,2008
2009-01-01,2009,1,13.81,13.587,13.53286269068718,2009-01-15,LSTM,14,2009
2009-01-02,2009,1,13.79,13.56,13.516302355527877,2009-01-16,LSTM,14,2009
2009-01-03,2009,1,13.77,13.55,13.500483949184417,2009-01-17,LSTM,14,2009
2009-01-04,2009,1,13.75,13.54,13.481588751077652,2009-01-18,LSTM,14,2009
2009-01-05,2009,1,13.74,13.53,13.46836309671402,2009-01-19,LSTM,14,2009
2009-01-06,2009,1,13.73,13.51,13.460532437562943,2009-01-20,LSTM,14,2009
2009-01-07,2009,1,13.71,13.49,13.445427528619767,2009-01-21,LSTM,14,2009
2009-01-08,2009,1,13.69,13.47,13.428790035247802,2009-01-22,LSTM,14,2009
2009-01-09,2009,1,13.67,13.46,13.412822527885437,2009-01-23,LSTM,14,2009
2009-01-10,2009,1,13.66,13.45,13.400117490291596,2009-01-24,LSTM,14,2009
2009-01-11,2009,1,13.65,13.44,13.390417420864106,2009-01-25,LSTM,14,2009
2009-01-12,2009,1,13.64,13.43,13.381343796253205,2009-01-26,LSTM,14,2009
2009-01-13,2009,1,13.62,13.43,13.368921126127242,2009-01-27,LSTM,14,2009
2009-01-14,2009,1,13.6,13.42,13.352537801861763,2009-01-28,LSTM,14,2009
2009-01-15,2009,1,13.587,13.41,13.340699585795402,2009-01-29,LSTM,14,2009
2009-01-16,2009,1,13.56,13.4,13.319452536702157,2009-01-30,LSTM,14,2009
2009-01-17,2009,1,13.55,13.39,13.30591479241848,2009-01-31,LSTM,14,2009
2009-01-18,2009,1,13.54,13.37,13.300821655392646,2009-02-01,LSTM,14,2009
2009-01-19,2009,1,13.53,13.37,13.291408612132072,2009-02-02,LSTM,14,2009
2009-01-20,2009,1,13.51,13.36,13.277682269215584,2009-02-03,LSTM,14,2009
2009-01-21,2009,1,13.49,13.36,13.26177095413208,2009-02-04,LSTM,14,2009
2009-01-22,2009,1,13.47,13.36,13.247474448084832,2009-02-05,LSTM,14,2009
2009-01-23,2009,1,13.46,13.36,13.234835139513017,2009-02-06,LSTM,14,2009
2009-01-24,2009,1,13.45,13.36,13.228042137622833,2009-02-07,LSTM,14,2009
2009-01-25,2009,1,13.44,13.36,13.220930757522583,2009-02-08,LSTM,14,2009
2009-01-26,2009,1,13.43,13.35,13.21636871278286,2009-02-09,LSTM,14,2009
2009-01-27,2009,1,13.43,13.35,13.21759679198265,2009-02-10,LSTM,14,2009
2009-01-28,2009,1,13.42,13.34,13.213312385678291,2009-02-11,LSTM,14,2009
2009-01-29,2009,1,13.41,13.33,13.206647295355797,2009-02-12,LSTM,14,2009
2009-01-30,2009,1,13.4,13.31,13.203679659962654,2009-02-13,LSTM,14,2009
2009-01-31,2009,1,13.39,13.29,13.199165477752686,2009-02-14,LSTM,14,2009
2009-02-01,2009,2,13.37,13.27,13.187007392644881,2009-02-15,LSTM,14,2009
2009-02-02,2009,2,13.37,13.25,13.188733930587768,2009-02-16,LSTM,14,2009
2009-02-03,2009,2,13.36,13.23,13.188554108738899,2009-02-17,LSTM,14,2009
2009-02-04,2009,2,13.36,13.22,13.19170087635517,2009-02-18,LSTM,14,2009
2009-02-05,2009,2,13.36,13.21,13.199448675513267,2009-02-19,LSTM,14,2009
2009-02-06,2009,2,13.36,13.2,13.206072137355804,2009-02-20,LSTM,14,2009
2009-02-07,2009,2,13.36,13.19,13.214776427149772,2009-02-21,LSTM,14,2009
2009-02-08,2009,2,13.36,13.17,13.220136061906814,2009-02-22,LSTM,14,2009
2009-02-09,2009,2,13.35,13.15,13.221320769190788,2009-02-23,LSTM,14,2009
2009-02-10,2009,2,13.35,13.14,13.22903893738985,2009-02-24,LSTM,14,2009
2009-02-11,2009,2,13.34,13.13,13.22997995108366,2009-02-25,LSTM,14,2009
2009-02-12,2009,2,13.33,13.12,13.230398336350918,2009-02-26,LSTM,14,2009
2009-02-13,2009,2,13.31,13.11,13.223435637950898,2009-02-27,LSTM,14,2009
2009-02-14,2009,2,13.29,13.1,13.216387228071689,2009-02-28,LSTM,14,2009
2009-02-15,2009,2,13.27,13.12,13.209988654106855,2009-03-01,LSTM,14,2009
2009-02-16,2009,2,13.25,13.15,13.202014002949,2009-03-02,LSTM,14,2009
2009-02-17,2009,2,13.23,13.17,13.197863574624062,2009-03-03,LSTM,14,2009
2009-02-18,2009,2,13.22,13.2,13.20031410202384,2009-03-04,LSTM,14,2009
2009-02-19,2009,2,13.21,13.26,13.204319835212083,2009-03-05,LSTM,14,2009
2009-02-20,2009,2,13.2,13.35,13.207080517243593,2009-03-06,LSTM,14,2009
2009-02-21,2009,2,13.19,13.45,13.210501527935266,2009-03-07,LSTM,14,2009
2009-02-22,2009,2,13.17,13.5,13.206103516817093,2009-03-08,LSTM,14,2009
2009-02-23,2009,2,13.15,13.52,13.202252158522606,2009-03-09,LSTM,14,2009
2009-02-24,2009,2,13.14,13.53,13.20580150127411,2009-03-10,LSTM,14,2009
2009-02-25,2009,2,13.13,13.5,13.2127706605196,2009-03-11,LSTM,14,2009
2009-02-26,2009,2,13.12,13.46,13.22216837376356,2009-03-12,LSTM,14,2009
2009-02-27,2009,2,13.11,13.44,13.23217066437006,2009-03-13,LSTM,14,2009
2009-02-28,2009,2,13.1,13.42,13.243282547593116,2009-03-14,LSTM,14,2009
2009-03-01,2009,3,13.12,13.39,13.272674794197082,2009-03-15,LSTM,14,2009
2009-03-02,2009,3,13.15,13.37,13.307384976744652,2009-03-16,LSTM,14,2009
2009-03-03,2009,3,13.17,13.38,13.333468599319458,2009-03-17,LSTM,14,2009
2009-03-04,2009,3,13.2,13.4,13.358324897289275,2009-03-18,LSTM,14,2009
2009-03-05,2009,3,13.26,13.43,13.387965986728668,2009-03-19,LSTM,14,2009
2009-03-06,2009,3,13.35,13.45,13.4164446875453,2009-03-20,LSTM,14,2009
2009-03-07,2009,3,13.45,13.46,13.454175394307821,2009-03-21,LSTM,14,2009
2009-03-08,2009,3,13.5,13.47,13.515046648681164,2009-03-22,LSTM,14,2009
2009-03-09,2009,3,13.52,13.47,13.594644230306148,2009-03-23,LSTM,14,2009
2009-03-10,2009,3,13.53,13.45,13.678269519209861,2009-03-24,LSTM,14,2009
2009-03-11,2009,3,13.5,13.43,13.766605019569397,2009-03-25,LSTM,14,2009
2009-03-12,2009,3,13.46,13.41,13.834546498060227,2009-03-26,LSTM,14,2009
2009-03-13,2009,3,13.44,13.4,13.90211889386177,2009-03-27,LSTM,14,2009
2009-03-14,2009,3,13.42,13.4,13.950221343040466,2009-03-28,LSTM,14,2009
2009-03-15,2009,3,13.39,13.39,13.971150352954865,2009-03-29,LSTM,14,2009
2009-03-16,2009,3,13.37,13.39,14.00899153470993,2009-03-30,LSTM,14,2009
2009-03-17,2009,3,13.38,13.39,14.08454639196396,2009-03-31,LSTM,14,2009
2009-03-18,2009,3,13.4,13.38,14.12433227300644,2009-04-01,LSTM,14,2009
2009-03-19,2009,3,13.43,13.39,14.160819046497345,2009-04-02,LSTM,14,2009
2009-03-20,2009,3,13.45,13.5,14.2019953250885,2009-04-03,LSTM,14,2009
2009-03-21,2009,3,13.46,13.54,14.232756755352021,2009-04-04,LSTM,14,2009
2009-03-22,2009,3,13.47,13.55,14.257173211574555,2009-04-05,LSTM,14,2009
2009-03-23,2009,3,13.47,13.54,14.278955073356629,2009-04-06,LSTM,14,2009
2009-03-24,2009,3,13.45,13.54,14.324550700187682,2009-04-07,LSTM,14,2009
2009-03-25,2009,3,13.43,13.6,14.37752699136734,2009-04-08,LSTM,14,2009
2009-03-26,2009,3,13.41,13.7,14.436438593864441,2009-04-09,LSTM,14,2009
2009-03-27,2009,3,13.4,13.82,14.487535619735718,2009-04-10,LSTM,14,2009
2009-03-28,2009,3,13.4,13.87,14.526540541648865,2009-04-11,LSTM,14,2009
2009-03-29,2009,3,13.39,13.89,14.558689727783204,2009-04-12,LSTM,14,2009
2009-03-30,2009,3,13.39,13.83,14.587631359100342,2009-04-13,LSTM,14,2009
2009-03-31,2009,3,13.39,13.85,14.596958770751954,2009-04-14,LSTM,14,2009
2009-04-01,2009,4,13.38,13.93,14.608389978408814,2009-04-15,LSTM,14,2009
2009-04-02,2009,4,13.39,13.99,14.629336252212525,2009-04-16,LSTM,14,2009
2009-04-03,2009,4,13.5,14.07,14.749391436576843,2009-04-17,LSTM,14,2009
2009-04-04,2009,4,13.54,14.16,14.800577678680419,2009-04-18,LSTM,14,2009
2009-04-05,2009,4,13.55,14.22,14.781259107589722,2009-04-19,LSTM,14,2009
2009-04-06,2009,4,13.54,14.28,14.801624455451964,2009-04-20,LSTM,14,2009
2009-04-07,2009,4,13.54,14.32,14.823350110054015,2009-04-21,LSTM,14,2009
2009-04-08,2009,4,13.6,14.3,14.874912476539611,2009-04-22,LSTM,14,2009
2009-04-09,2009,4,13.7,14.21,14.93420476913452,2009-04-23,LSTM,14,2009
2009-04-10,2009,4,13.82,14.28,15.020868368148804,2009-04-24,LSTM,14,2009
2009-04-11,2009,4,13.87,14.43,15.063126440048217,2009-04-25,LSTM,14,2009
2009-04-12,2009,4,13.89,14.63,15.10289622783661,2009-04-26,LSTM,14,2009
2009-04-13,2009,4,13.83,14.71,15.067180590629578,2009-04-27,LSTM,14,2009
2009-04-14,2009,4,13.85,14.71,15.108236646652221,2009-04-28,LSTM,14,2009
2009-04-15,2009,4,13.93,14.62,15.189528160095215,2009-04-29,LSTM,14,2009
2009-04-16,2009,4,13.99,14.73,15.23464499950409,2009-04-30,LSTM,14,2009
2009-04-17,2009,4,14.07,14.82,15.288946814537049,2009-05-01,LSTM,14,2009
2009-04-18,2009,4,14.16,14.91,15.33045795917511,2009-05-02,LSTM,14,2009
2009-04-19,2009,4,14.22,14.86,15.348745794296265,2009-05-03,LSTM,14,2009
2009-04-20,2009,4,14.28,14.85,15.328296332359313,2009-05-04,LSTM,14,2009
2009-04-21,2009,4,14.32,14.82,15.343618698120117,2009-05-05,LSTM,14,2009
2009-04-22,2009,4,14.3,14.77,15.390858817100526,2009-05-06,LSTM,14,2009
2009-04-23,2009,4,14.21,14.76,15.266497931480409,2009-05-07,LSTM,14,2009
2009-04-24,2009,4,14.28,14.74,15.45106807231903,2009-05-08,LSTM,14,2009
2009-04-25,2009,4,14.43,14.73,15.488442831039428,2009-05-09,LSTM,14,2009
2009-04-26,2009,4,14.63,14.71,15.512656037807465,2009-05-10,LSTM,14,2009
2009-04-27,2009,4,14.71,14.79,15.466139159202577,2009-05-11,LSTM,14,2009
2009-04-28,2009,4,14.71,14.87,15.61658211708069,2009-05-12,LSTM,14,2009
2009-04-29,2009,4,14.62,14.92,15.495415861606597,2009-05-13,LSTM,14,2009
2009-04-30,2009,4,14.73,14.95,15.437305610179902,2009-05-14,LSTM,14,2009
2009-05-01,2009,5,14.82,15.03,15.608922190666199,2009-05-15,LSTM,14,2009
2009-05-02,2009,5,14.91,15.11,15.65671083688736,2009-05-16,LSTM,14,2009
2009-05-03,2009,5,14.86,15.19,15.63395862340927,2009-05-17,LSTM,14,2009
2009-05-04,2009,5,14.85,15.22,15.680101668834686,2009-05-18,LSTM,14,2009
2009-05-05,2009,5,14.82,15.17,15.682701237201691,2009-05-19,LSTM,14,2009
2009-05-06,2009,5,14.77,14.99,15.574018974304199,2009-05-20,LSTM,14,2009
2009-05-07,2009,5,14.76,14.95,15.563338348865509,2009-05-21,LSTM,14,2009
2009-05-08,2009,5,14.74,14.91,15.566833724975586,2009-05-22,LSTM,14,2009
2009-05-09,2009,5,14.73,14.87,15.57972757101059,2009-05-23,LSTM,14,2009
2009-05-10,2009,5,14.71,14.8,15.611631355285645,2009-05-24,LSTM,14,2009
2009-05-11,2009,5,14.79,14.8,15.756971814632415,2009-05-25,LSTM,14,2009
2009-05-12,2009,5,14.87,14.83,15.84599297761917,2009-05-26,LSTM,14,2009
2009-05-13,2009,5,14.92,15.07,15.96660952091217,2009-05-27,LSTM,14,2009
2009-05-14,2009,5,14.95,16.29,16.109303665161132,2009-05-28,LSTM,14,2009
2009-05-15,2009,5,15.03,16.4,16.26775923252106,2009-05-29,LSTM,14,2009
2009-05-16,2009,5,15.11,16.2,16.405610904693603,2009-05-30,LSTM,14,2009
2009-05-17,2009,5,15.19,15.98,16.520476760864256,2009-05-31,LSTM,14,2009
2009-05-18,2009,5,15.22,15.93,16.641764135360717,2009-06-01,LSTM,14,2009
2009-05-19,2009,5,15.17,15.99,16.69317750453949,2009-06-02,LSTM,14,2009
2009-05-20,2009,5,14.99,16.05,16.526899209022524,2009-06-03,LSTM,14,2009
2009-05-21,2009,5,14.95,16.01,16.379770946502685,2009-06-04,LSTM,14,2009
2009-05-22,2009,5,14.91,15.92,16.292881045341492,2009-06-05,LSTM,14,2009
2009-05-23,2009,5,14.87,15.87,16.22198104381561,2009-06-06,LSTM,14,2009
2009-05-24,2009,5,14.8,15.85,16.179857420921326,2009-06-07,LSTM,14,2009
2009-05-25,2009,5,14.8,15.85,16.154990363121033,2009-06-08,LSTM,14,2009
2009-05-26,2009,5,14.83,15.82,16.227896528244017,2009-06-09,LSTM,14,2009
2009-05-27,2009,5,15.07,15.82,16.506824917793274,2009-06-10,LSTM,14,2009
2009-05-28,2009,5,16.29,15.75,17.187697925567626,2009-06-11,LSTM,14,2009
2009-05-29,2009,5,16.4,15.74,16.12667571902275,2009-06-12,LSTM,14,2009
2009-05-30,2009,5,16.2,15.82,16.760923516750335,2009-06-13,LSTM,14,2009
2009-05-31,2009,5,15.98,15.89,16.99176881790161,2009-06-14,LSTM,14,2009
2009-06-01,2009,6,15.93,16.06,17.28636270046234,2009-06-15,LSTM,14,2009
2009-06-02,2009,6,15.99,16.24,17.27489983081818,2009-06-16,LSTM,14,2009
2009-06-03,2009,6,16.05,16.46,17.26589708328247,2009-06-17,LSTM,14,2009
2009-06-04,2009,6,16.01,16.57,17.61309112071991,2009-06-18,LSTM,14,2009
2009-06-05,2009,6,15.92,16.57,17.374719424247743,2009-06-19,LSTM,14,2009
2009-06-06,2009,6,15.87,16.43,17.677389020919797,2009-06-20,LSTM,14,2009
2009-06-07,2009,6,15.85,16.26,17.958944177627565,2009-06-21,LSTM,14,2009
2009-06-08,2009,6,15.85,16.22,18.068285322189332,2009-06-22,LSTM,14,2009
2009-06-09,2009,6,15.82,16.11,18.09520251274109,2009-06-23,LSTM,14,2009
2009-06-10,2009,6,15.82,16.22,18.237214632034302,2009-06-24,LSTM,14,2009
2009-06-11,2009,6,15.75,16.27,18.09096360206604,2009-06-25,LSTM,14,2009
2009-06-12,2009,6,15.74,16.31,18.368727436065676,2009-06-26,LSTM,14,2009
2009-06-13,2009,6,15.82,16.22,18.59795195579529,2009-06-27,LSTM,14,2009
2009-06-14,2009,6,15.89,16.3,18.57858242034912,2009-06-28,LSTM,14,2009
2009-06-15,2009,6,16.06,16.67,18.495685873031615,2009-06-29,LSTM,14,2009
2009-06-16,2009,6,16.24,16.84,18.452520360946654,2009-06-30,LSTM,14,2009
2009-06-17,2009,6,16.46,17.07,18.49086519241333,2009-07-01,LSTM,14,2009
2009-06-18,2009,6,16.57,17.6,18.631697959899903,2009-07-02,LSTM,14,2009
2009-06-19,2009,6,16.57,17.98,18.50230676651001,2009-07-03,LSTM,14,2009
2009-06-20,2009,6,16.43,18.57,18.283444814682007,2009-07-04,LSTM,14,2009
2009-06-21,2009,6,16.26,18.67,18.512895116806032,2009-07-05,LSTM,14,2009
2009-06-22,2009,6,16.22,18.83,18.60386607170105,2009-07-06,LSTM,14,2009
2009-06-23,2009,6,16.11,18.91,18.544792280197143,2009-07-07,LSTM,14,2009
2009-06-24,2009,6,16.22,18.83,19.096197576522826,2009-07-08,LSTM,14,2009
2009-06-25,2009,6,16.27,18.57,18.958666105270385,2009-07-09,LSTM,14,2009
2009-06-26,2009,6,16.31,18.44,18.98657661437988,2009-07-10,LSTM,14,2009
2009-06-27,2009,6,16.22,18.32,18.608508558273314,2009-07-11,LSTM,14,2009
2009-06-28,2009,6,16.3,18.28,19.55904965400696,2009-07-12,LSTM,14,2009
2009-06-29,2009,6,16.67,18.25,18.901285333633425,2009-07-13,LSTM,14,2009
2009-06-30,2009,6,16.84,18.2,18.903610076904297,2009-07-14,LSTM,14,2009
2009-07-01,2009,7,17.07,18.17,19.118798322677613,2009-07-15,LSTM,14,2009
2009-07-02,2009,7,17.6,18.09,18.909670686721803,2009-07-16,LSTM,14,2009
2009-07-03,2009,7,17.98,17.99,18.752388219833374,2009-07-17,LSTM,14,2009
2009-07-04,2009,7,18.57,17.86,19.050709791183472,2009-07-18,LSTM,14,2009
2009-07-05,2009,7,18.67,17.74,18.85907952308655,2009-07-19,LSTM,14,2009
2009-07-06,2009,7,18.83,17.58,19.12164034128189,2009-07-20,LSTM,14,2009
2009-07-07,2009,7,18.91,17.39,18.83474500834942,2009-07-21,LSTM,14,2009
2009-07-08,2009,7,18.83,17.32,18.85282490208745,2009-07-22,LSTM,14,2009
2009-07-09,2009,7,18.57,17.27,18.991196579933167,2009-07-23,LSTM,14,2009
2009-07-10,2009,7,18.44,17.19,18.972961249351503,2009-07-24,LSTM,14,2009
2009-07-11,2009,7,18.32,17.16,18.529356650710106,2009-07-25,LSTM,14,2009
2009-07-12,2009,7,18.28,17.12,18.35493356615305,2009-07-26,LSTM,14,2009
2009-07-13,2009,7,18.25,17.12,18.214970346540213,2009-07-27,LSTM,14,2009
2009-07-14,2009,7,18.2,17.4,18.033783745765685,2009-07-28,LSTM,14,2009
2009-07-15,2009,7,18.17,17.72,18.041404603123667,2009-07-29,LSTM,14,2009
2009-07-16,2009,7,18.09,17.93,17.994590636491775,2009-07-30,LSTM,14,2009
2009-07-17,2009,7,17.99,18.15,17.876115007102488,2009-07-31,LSTM,14,2009
2009-07-18,2009,7,17.86,18.36,17.721431300640106,2009-08-01,LSTM,14,2009
2009-07-19,2009,7,17.74,18.42,17.576811140179633,2009-08-02,LSTM,14,2009
2009-07-20,2009,7,17.58,18.39,17.368536608219145,2009-08-03,LSTM,14,2009
2009-07-21,2009,7,17.39,18.33,17.26968984991312,2009-08-04,LSTM,14,2009
2009-07-22,2009,7,17.32,18.34,17.314355691131205,2009-08-05,LSTM,14,2009
2009-07-23,2009,7,17.27,18.39,17.38333329230547,2009-08-06,LSTM,14,2009
2009-07-24,2009,7,17.19,18.45,17.26059205323458,2009-08-07,LSTM,14,2009
2009-07-25,2009,7,17.16,18.42,17.485044929981232,2009-08-08,LSTM,14,2009
2009-07-26,2009,7,17.12,18.41,17.632993454933167,2009-08-09,LSTM,14,2009
2009-07-27,2009,7,17.12,18.36,17.998730535507203,2009-08-10,LSTM,14,2009
2009-07-28,2009,7,17.4,18.32,18.873068833351134,2009-08-11,LSTM,14,2009
2009-07-29,2009,7,17.72,18.25,19.359550566673278,2009-08-12,LSTM,14,2009
2009-07-30,2009,7,17.93,18.24,19.2341490316391,2009-08-13,LSTM,14,2009
2009-07-31,2009,7,18.15,18.4,19.010971570014952,2009-08-14,LSTM,14,2009
2009-08-01,2009,8,18.36,18.54,18.9589630818367,2009-08-15,LSTM,14,2009
2009-08-02,2009,8,18.42,18.55,18.810624791383745,2009-08-16,LSTM,14,2009
2009-08-03,2009,8,18.39,19.04,18.47380338549614,2009-08-17,LSTM,14,2009
2009-08-04,2009,8,18.33,19.27,18.449672827422617,2009-08-18,LSTM,14,2009
2009-08-05,2009,8,18.34,19.27,18.772669788599014,2009-08-19,LSTM,14,2009
2009-08-06,2009,8,18.39,19.15,18.977282717227936,2009-08-20,LSTM,14,2009
2009-08-07,2009,8,18.45,19.33,19.01334275007248,2009-08-21,LSTM,14,2009
2009-08-08,2009,8,18.42,19.4,18.73062623858452,2009-08-22,LSTM,14,2009
2009-08-09,2009,8,18.41,19.29,18.762295964956284,2009-08-23,LSTM,14,2009
2009-08-10,2009,8,18.36,19.23,18.610837355852127,2009-08-24,LSTM,14,2009
2009-08-11,2009,8,18.32,19.2,18.585390187501908,2009-08-25,LSTM,14,2009
2009-08-12,2009,8,18.25,19.19,18.41639043390751,2009-08-26,LSTM,14,2009
2009-08-13,2009,8,18.24,19.18,18.52855749964714,2009-08-27,LSTM,14,2009
2009-08-14,2009,8,18.4,19.16,19.12157984972,2009-08-28,LSTM,14,2009
2009-08-15,2009,8,18.54,19.13,19.106875755786895,2009-08-29,LSTM,14,2009
2009-08-16,2009,8,18.55,19.03,18.914201724529267,2009-08-30,LSTM,14,2009
2009-08-17,2009,8,19.04,18.94,19.184378766417503,2009-08-31,LSTM,14,2009
2009-08-18,2009,8,19.27,18.79,18.71625598192215,2009-09-01,LSTM,14,2009
2009-08-19,2009,8,19.27,18.67,18.557606120109558,2009-09-02,LSTM,14,2009
2009-08-20,2009,8,19.15,18.55,18.206860148906706,2009-09-03,LSTM,14,2009
2009-08-21,2009,8,19.33,18.4,18.79871781349182,2009-09-04,LSTM,14,2009
2009-08-22,2009,8,19.4,18.29,18.402127826213835,2009-09-05,LSTM,14,2009
2009-08-23,2009,8,19.29,18.07,18.513965287208556,2009-09-06,LSTM,14,2009
2009-08-24,2009,8,19.23,17.96,18.680647234916687,2009-09-07,LSTM,14,2009
2009-08-25,2009,8,19.2,17.74,18.833810579776763,2009-09-08,LSTM,14,2009
2009-08-26,2009,8,19.19,17.61,18.87528872728348,2009-09-09,LSTM,14,2009
2009-08-27,2009,8,19.18,17.52,18.845778011083603,2009-09-10,LSTM,14,2009
2009-08-28,2009,8,19.16,17.31,18.87287575364113,2009-09-11,LSTM,14,2009
2009-08-29,2009,8,19.13,17.25,18.908045549988746,2009-09-12,LSTM,14,2009
2009-08-30,2009,8,19.03,17.14,18.718239216804506,2009-09-13,LSTM,14,2009
2009-08-31,2009,8,18.94,17.14,18.629170747995378,2009-09-14,LSTM,14,2009
2009-09-01,2009,9,18.79,17.07,18.45383907198906,2009-09-15,LSTM,14,2009
2009-09-02,2009,9,18.67,17.0,18.41593222141266,2009-09-16,LSTM,14,2009
2009-09-03,2009,9,18.55,16.94,18.405166509747506,2009-09-17,LSTM,14,2009
2009-09-04,2009,9,18.4,16.93,18.29454450458288,2009-09-18,LSTM,14,2009
2009-09-05,2009,9,18.29,16.99,18.321616795808076,2009-09-19,LSTM,14,2009
2009-09-06,2009,9,18.07,17.2,18.011202018409968,2009-09-20,LSTM,14,2009
2009-09-07,2009,9,17.96,17.3,18.095563120245934,2009-09-21,LSTM,14,2009
2009-09-08,2009,9,17.74,17.3,17.81333817332983,2009-09-22,LSTM,14,2009
2009-09-09,2009,9,17.61,17.23,17.801476449370384,2009-09-23,LSTM,14,2009
2009-09-10,2009,9,17.52,17.31,17.87020464658737,2009-09-24,LSTM,14,2009
2009-09-11,2009,9,17.31,17.51,17.408298288881777,2009-09-25,LSTM,14,2009
2009-09-12,2009,9,17.25,17.63,17.651120245456696,2009-09-26,LSTM,14,2009
2009-09-13,2009,9,17.14,17.65,17.63231144785881,2009-09-27,LSTM,14,2009
2009-09-14,2009,9,17.14,17.57,17.822974755764008,2009-09-28,LSTM,14,2009
2009-09-15,2009,9,17.07,17.46,17.77026808977127,2009-09-29,LSTM,14,2009
2009-09-16,2009,9,17.0,17.24,17.668386161327362,2009-09-30,LSTM,14,2009
2009-09-17,2009,9,16.94,17.12,17.54081994533539,2009-10-01,LSTM,14,2009
2009-09-18,2009,9,16.93,17.02,17.5596346783638,2009-10-02,LSTM,14,2009
2009-09-19,2009,9,16.99,16.92,17.339410533905028,2009-10-03,LSTM,14,2009
2009-09-20,2009,9,17.2,16.76,17.471344184875488,2009-10-04,LSTM,14,2009
2009-09-21,2009,9,17.3,16.62,17.68451862335205,2009-10-05,LSTM,14,2009
2009-09-22,2009,9,17.3,16.47,17.472822043299676,2009-10-06,LSTM,14,2009
2009-09-23,2009,9,17.23,16.36,17.41438597023487,2009-10-07,LSTM,14,2009
2009-09-24,2009,9,17.31,16.62,17.12287884712219,2009-10-08,LSTM,14,2009
2009-09-25,2009,9,17.51,17.56,17.309595519900324,2009-10-09,LSTM,14,2009
2009-09-26,2009,9,17.63,17.67,17.375829850435256,2009-10-10,LSTM,14,2009
2009-09-27,2009,9,17.65,17.41,17.09726639986038,2009-10-11,LSTM,14,2009
2009-09-28,2009,9,17.57,17.26,16.816979653835297,2009-10-12,LSTM,14,2009
2009-09-29,2009,9,17.46,17.14,16.978524736166,2009-10-13,LSTM,14,2009
2009-09-30,2009,9,17.24,17.21,17.15649842262268,2009-10-14,LSTM,14,2009
2009-10-01,2009,10,17.12,17.33,16.762547219991685,2009-10-15,LSTM,14,2009
2009-10-02,2009,10,17.02,17.34,16.294204909801483,2009-10-16,LSTM,14,2009
2009-10-03,2009,10,16.92,17.25,16.056136651039125,2009-10-17,LSTM,14,2009
2009-10-04,2009,10,16.76,17.08,15.786774227619173,2009-10-18,LSTM,14,2009
2009-10-05,2009,10,16.62,16.9,15.627358253002168,2009-10-19,LSTM,14,2009
2009-10-06,2009,10,16.47,16.68,15.519200534820556,2009-10-20,LSTM,14,2009
2009-10-07,2009,10,16.36,16.48,15.62090908050537,2009-10-21,LSTM,14,2009
2009-10-08,2009,10,16.62,16.27,16.097219223976136,2009-10-22,LSTM,14,2009
2009-10-09,2009,10,17.56,16.16,16.33912974357605,2009-10-23,LSTM,14,2009
2009-10-10,2009,10,17.67,16.08,16.754214091300966,2009-10-24,LSTM,14,2009
2009-10-11,2009,10,17.41,16.0,16.111409935951233,2009-10-25,LSTM,14,2009
2009-10-12,2009,10,17.26,15.96,15.95543743133545,2009-10-26,LSTM,14,2009
2009-10-13,2009,10,17.14,15.93,15.847932233810425,2009-10-27,LSTM,14,2009
2009-10-14,2009,10,17.21,15.8,15.69420023918152,2009-10-28,LSTM,14,2009
2009-10-15,2009,10,17.33,15.73,15.546566324234007,2009-10-29,LSTM,14,2009
2009-10-16,2009,10,17.34,15.65,15.671359148025513,2009-10-30,LSTM,14,2009
2009-10-17,2009,10,17.25,15.58,15.740659952163696,2009-10-31,LSTM,14,2009
2009-10-18,2009,10,17.08,15.49,15.704281287193297,2009-11-01,LSTM,14,2009
2009-10-19,2009,10,16.9,15.42,15.716374897956847,2009-11-02,LSTM,14,2009
2009-10-20,2009,10,16.68,15.37,15.562245540618896,2009-11-03,LSTM,14,2009
2009-10-21,2009,10,16.48,15.28,15.3254909324646,2009-11-04,LSTM,14,2009
2009-10-22,2009,10,16.27,15.22,15.085733671188354,2009-11-05,LSTM,14,2009
2009-10-23,2009,10,16.16,15.17,15.07275691986084,2009-11-06,LSTM,14,2009
2009-10-24,2009,10,16.08,15.13,15.211841659545897,2009-11-07,LSTM,14,2009
2009-10-25,2009,10,16.0,15.07,15.193835377693176,2009-11-08,LSTM,14,2009
2009-10-26,2009,10,15.96,15.04,15.234267256259919,2009-11-09,LSTM,14,2009
2009-10-27,2009,10,15.93,15.01,15.269583337306976,2009-11-10,LSTM,14,2009
2009-10-28,2009,10,15.8,14.95,15.05513792037964,2009-11-11,LSTM,14,2009
2009-10-29,2009,10,15.73,14.9,14.982546012401581,2009-11-12,LSTM,14,2009
2009-10-30,2009,10,15.65,14.85,14.981191062927246,2009-11-13,LSTM,14,2009
2009-10-31,2009,10,15.58,14.8,14.89421959400177,2009-11-14,LSTM,14,2009
2009-11-01,2009,11,15.49,14.74,14.809781422615051,2009-11-15,LSTM,14,2009
2009-11-02,2009,11,15.42,14.7,14.77875016450882,2009-11-16,LSTM,14,2009
2009-11-03,2009,11,15.37,14.67,14.821050341129302,2009-11-17,LSTM,14,2009
2009-11-04,2009,11,15.28,14.63,14.670047252178191,2009-11-18,LSTM,14,2009
2009-11-05,2009,11,15.22,14.62,14.635292084217072,2009-11-19,LSTM,14,2009
2009-11-06,2009,11,15.17,14.6,14.621505243778229,2009-11-20,LSTM,14,2009
2009-11-07,2009,11,15.13,14.59,14.594285075664521,2009-11-21,LSTM,14,2009
2009-11-08,2009,11,15.07,14.57,14.516009993553162,2009-11-22,LSTM,14,2009
2009-11-09,2009,11,15.04,14.55,14.497487940788268,2009-11-23,LSTM,14,2009
2009-11-10,2009,11,15.01,14.63,14.491539189815521,2009-11-24,LSTM,14,2009
2009-11-11,2009,11,14.95,14.95,14.412201356887817,2009-11-25,LSTM,14,2009
2009-11-12,2009,11,14.9,15.0,14.369538867473603,2009-11-26,LSTM,14,2009
2009-11-13,2009,11,14.85,15.0,14.333642756938934,2009-11-27,LSTM,14,2009
2009-11-14,2009,11,14.8,14.87,14.295814323425294,2009-11-28,LSTM,14,2009
2009-11-15,2009,11,14.74,14.73,14.230965604782105,2009-11-29,LSTM,14,2009
2009-11-16,2009,11,14.7,14.64,14.209063988924026,2009-11-30,LSTM,14,2009
2009-11-17,2009,11,14.67,14.61,14.208165897130966,2009-12-01,LSTM,14,2009
2009-11-18,2009,11,14.63,14.52,14.171923820972443,2009-12-02,LSTM,14,2009
2009-11-19,2009,11,14.62,14.48,14.159941370487212,2009-12-03,LSTM,14,2009
2009-11-20,2009,11,14.6,14.4,14.153764283657074,2009-12-04,LSTM,14,2009
2009-11-21,2009,11,14.59,14.38,14.133780595064163,2009-12-05,LSTM,14,2009
2009-11-22,2009,11,14.57,14.35,14.111648507118225,2009-12-06,LSTM,14,2009
2009-11-23,2009,11,14.55,14.31,14.09042086005211,2009-12-07,LSTM,14,2009
2009-11-24,2009,11,14.63,14.29,14.100945656299592,2009-12-08,LSTM,14,2009
2009-11-25,2009,11,14.95,14.27,14.13165910243988,2009-12-09,LSTM,14,2009
2009-11-26,2009,11,15.0,14.25,13.325419306755066,2009-12-10,LSTM,14,2009
2009-11-27,2009,11,15.0,14.22,13.60437536239624,2009-12-11,LSTM,14,2009
2009-11-28,2009,11,14.87,14.2,13.681069011688232,2009-12-12,LSTM,14,2009
2009-11-29,2009,11,14.73,14.17,13.59795473098755,2009-12-13,LSTM,14,2009
2009-11-30,2009,11,14.64,14.16,13.746480538845063,2009-12-14,LSTM,14,2009
2009-12-01,2009,12,14.61,14.13,13.98499177455902,2009-12-15,LSTM,14,2009
2009-12-02,2009,12,14.52,14.12,14.033499945402145,2009-12-16,LSTM,14,2009
2009-12-03,2009,12,14.48,14.11,14.015956382751465,2009-12-17,LSTM,14,2009
2009-12-04,2009,12,14.4,14.07,14.038355016708374,2009-12-18,LSTM,14,2009
2009-12-05,2009,12,14.38,14.05,14.032598708868028,2009-12-19,LSTM,14,2009
2009-12-06,2009,12,14.35,14.01,14.032692885398864,2009-12-20,LSTM,14,2009
2009-12-07,2009,12,14.31,13.98,13.968626526594162,2009-12-21,LSTM,14,2009
2009-12-08,2009,12,14.29,13.96,13.9690754199028,2009-12-22,LSTM,14,2009
2009-12-09,2009,12,14.27,13.94,13.949333925247192,2009-12-23,LSTM,14,2009
2009-12-10,2009,12,14.25,13.92,13.931560426950455,2009-12-24,LSTM,14,2009
2009-12-11,2009,12,14.22,13.92,13.895019264221192,2009-12-25,LSTM,14,2009
2009-12-12,2009,12,14.2,13.91,13.879332554340362,2009-12-26,LSTM,14,2009
2009-12-13,2009,12,14.17,13.9,13.85783587217331,2009-12-27,LSTM,14,2009
2009-12-14,2009,12,14.16,13.89,13.837409380674362,2009-12-28,LSTM,14,2009
2009-12-15,2009,12,14.13,13.89,13.81946972489357,2009-12-29,LSTM,14,2009
2009-12-16,2009,12,14.12,13.88,13.802550489902496,2009-12-30,LSTM,14,2009
2009-12-17,2009,12,14.11,13.85,13.801195011138915,2009-12-31,LSTM,14,2009
2009-12-18,2009,12,14.07,13.83,13.765852041244507,2010-01-01,LSTM,14,2009
2009-12-19,2009,12,14.05,13.79,13.747763085365296,2010-01-02,LSTM,14,2009
2009-12-20,2009,12,14.01,13.76,13.718915829658508,2010-01-03,LSTM,14,2009
2009-12-21,2009,12,13.98,13.73,13.685825209617615,2010-01-04,LSTM,14,2009
2009-12-22,2009,12,13.96,13.71,13.665553352832795,2010-01-05,LSTM,14,2009
2009-12-23,2009,12,13.94,13.69,13.647003593444824,2010-01-06,LSTM,14,2009
2009-12-24,2009,12,13.92,13.67,13.63073842048645,2010-01-07,LSTM,14,2009
2009-12-25,2009,12,13.92,13.65,13.622119529247284,2010-01-08,LSTM,14,2009
2009-12-26,2009,12,13.91,13.63,13.619786713123322,2010-01-09,LSTM,14,2009
2009-12-27,2009,12,13.9,13.62,13.604140692949295,2010-01-10,LSTM,14,2009
2009-12-28,2009,12,13.89,13.6,13.596983298063279,2010-01-11,LSTM,14,2009
2009-12-29,2009,12,13.89,13.58,13.594482674598694,2010-01-12,LSTM,14,2009
2009-12-30,2009,12,13.88,13.56,13.58704734325409,2010-01-13,LSTM,14,2009
2009-12-31,2009,12,13.85,13.54,13.564134216308593,2010-01-14,LSTM,14,2009
2010-01-01,2010,1,13.83,13.53,13.590288417339325,2010-01-15,LSTM,14,2010
2010-01-02,2010,1,13.79,13.52,13.557570838332175,2010-01-16,LSTM,14,2010
2010-01-03,2010,1,13.76,13.5,13.52952075958252,2010-01-17,LSTM,14,2010
2010-01-04,2010,1,13.73,13.48,13.504553760886193,2010-01-18,LSTM,14,2010
2010-01-05,2010,1,13.71,13.46,13.493336222171784,2010-01-19,LSTM,14,2010
2010-01-06,2010,1,13.69,13.45,13.482504534125328,2010-01-20,LSTM,14,2010
2010-01-07,2010,1,13.67,13.43,13.46413090646267,2010-01-21,LSTM,14,2010
2010-01-08,2010,1,13.65,13.42,13.451507592201233,2010-01-22,LSTM,14,2010
2010-01-09,2010,1,13.63,13.41,13.430168216228486,2010-01-23,LSTM,14,2010
2010-01-10,2010,1,13.62,13.39,13.4182077896595,2010-01-24,LSTM,14,2010
2010-01-11,2010,1,13.6,13.37,13.400082087516784,2010-01-25,LSTM,14,2010
2010-01-12,2010,1,13.58,13.36,13.383592905402184,2010-01-26,LSTM,14,2010
2010-01-13,2010,1,13.56,13.35,13.36693830549717,2010-01-27,LSTM,14,2010
2010-01-14,2010,1,13.54,13.34,13.349638828039168,2010-01-28,LSTM,14,2010
2010-01-15,2010,1,13.53,13.32,13.339117004275321,2010-01-29,LSTM,14,2010
2010-01-16,2010,1,13.52,13.3,13.329448465704917,2010-01-30,LSTM,14,2010
2010-01-17,2010,1,13.5,13.28,13.318484738469124,2010-01-31,LSTM,14,2010
2010-01-18,2010,1,13.48,13.27,13.302345972061158,2010-02-01,LSTM,14,2010
2010-01-19,2010,1,13.46,13.25,13.28520367205143,2010-02-02,LSTM,14,2010
2010-01-20,2010,1,13.45,13.24,13.274369251728057,2010-02-03,LSTM,14,2010
2010-01-21,2010,1,13.43,13.22,13.257185824513435,2010-02-04,LSTM,14,2010
2010-01-22,2010,1,13.42,13.2,13.250309003591537,2010-02-05,LSTM,14,2010
2010-01-23,2010,1,13.41,13.19,13.244995284676552,2010-02-06,LSTM,14,2010
2010-01-24,2010,1,13.39,13.18,13.2303140604496,2010-02-07,LSTM,14,2010
2010-01-25,2010,1,13.37,13.17,13.21386447072029,2010-02-08,LSTM,14,2010
2010-01-26,2010,1,13.36,13.15,13.202984780669212,2010-02-09,LSTM,14,2010
2010-01-27,2010,1,13.35,13.14,13.19633994102478,2010-02-10,LSTM,14,2010
2010-01-28,2010,1,13.34,13.13,13.18695003926754,2010-02-11,LSTM,14,2010
2010-01-29,2010,1,13.32,13.11,13.175490401387215,2010-02-12,LSTM,14,2010
2010-01-30,2010,1,13.3,13.1,13.163176077604295,2010-02-13,LSTM,14,2010
2010-01-31,2010,1,13.28,13.09,13.146022184491157,2010-02-14,LSTM,14,2010
2010-02-01,2010,2,13.27,13.08,13.135060940384864,2010-02-15,LSTM,14,2010
2010-02-02,2010,2,13.25,13.08,13.12182930111885,2010-02-16,LSTM,14,2010
2010-02-03,2010,2,13.24,13.07,13.116136757433415,2010-02-17,LSTM,14,2010
2010-02-04,2010,2,13.22,13.06,13.1045419511199,2010-02-18,LSTM,14,2010
2010-02-05,2010,2,13.2,13.05,13.089884315431117,2010-02-19,LSTM,14,2010
2010-02-06,2010,2,13.19,13.05,13.080805460512638,2010-02-20,LSTM,14,2010
2010-02-07,2010,2,13.18,13.04,13.071588039696216,2010-02-21,LSTM,14,2010
2010-02-08,2010,2,13.17,13.03,13.06786782860756,2010-02-22,LSTM,14,2010
2010-02-09,2010,2,13.15,13.03,13.055063420534134,2010-02-23,LSTM,14,2010
2010-02-10,2010,2,13.14,13.03,13.051736220121384,2010-02-24,LSTM,14,2010
2010-02-11,2010,2,13.13,13.03,13.043767360150815,2010-02-25,LSTM,14,2010
2010-02-12,2010,2,13.11,13.03,13.03134065926075,2010-02-26,LSTM,14,2010
2010-02-13,2010,2,13.1,13.04,13.028637579083442,2010-02-27,LSTM,14,2010
2010-02-14,2010,2,13.09,13.04,13.024740640223026,2010-02-28,LSTM,14,2010
2010-02-15,2010,2,13.08,13.04,13.023996582180262,2010-03-01,LSTM,14,2010
2010-02-16,2010,2,13.08,13.04,13.02610333815217,2010-03-02,LSTM,14,2010
2010-02-17,2010,2,13.07,13.05,13.026385739147663,2010-03-03,LSTM,14,2010
2010-02-18,2010,2,13.06,13.05,13.029607057049871,2010-03-04,LSTM,14,2010
2010-02-19,2010,2,13.05,13.07,13.026931678131223,2010-03-05,LSTM,14,2010
2010-02-20,2010,2,13.05,13.1,13.035778062604368,2010-03-06,LSTM,14,2010
2010-02-21,2010,2,13.04,13.12,13.038037058394401,2010-03-07,LSTM,14,2010
2010-02-22,2010,2,13.03,13.14,13.04416602730751,2010-03-08,LSTM,14,2010
2010-02-23,2010,2,13.03,13.16,13.059167808592319,2010-03-09,LSTM,14,2010
2010-02-24,2010,2,13.03,13.19,13.070586344897746,2010-03-10,LSTM,14,2010
2010-02-25,2010,2,13.03,13.22,13.086553460657596,2010-03-11,LSTM,14,2010
2010-02-26,2010,2,13.03,13.27,13.101770668029785,2010-03-12,LSTM,14,2010
2010-02-27,2010,2,13.04,13.43,13.135789961516856,2010-03-13,LSTM,14,2010
2010-02-28,2010,2,13.04,13.55,13.150522098839282,2010-03-14,LSTM,14,2010
2010-03-01,2010,3,13.04,13.66,13.163349957168101,2010-03-15,LSTM,14,2010
2010-03-02,2010,3,13.04,13.7,13.182579734325408,2010-03-16,LSTM,14,2010
2010-03-03,2010,3,13.05,13.7,13.21957475244999,2010-03-17,LSTM,14,2010
2010-03-04,2010,3,13.05,13.64,13.239799204468728,2010-03-18,LSTM,14,2010
2010-03-05,2010,3,13.07,13.58,13.286420441865921,2010-03-19,LSTM,14,2010
2010-03-06,2010,3,13.1,13.53,13.34647057056427,2010-03-20,LSTM,14,2010
2010-03-07,2010,3,13.12,13.48,13.382819617986678,2010-03-21,LSTM,14,2010
2010-03-08,2010,3,13.14,13.46,13.41048122882843,2010-03-22,LSTM,14,2010
2010-03-09,2010,3,13.16,13.46,13.440550956726074,2010-03-23,LSTM,14,2010
2010-03-10,2010,3,13.19,13.46,13.490156325101852,2010-03-24,LSTM,14,2010
2010-03-11,2010,3,13.22,13.45,13.535728962421418,2010-03-25,LSTM,14,2010
2010-03-12,2010,3,13.27,13.45,13.607076902389526,2010-03-26,LSTM,14,2010
2010-03-13,2010,3,13.43,13.45,13.742879294157028,2010-03-27,LSTM,14,2010
2010-03-14,2010,3,13.55,13.53,13.81683059334755,2010-03-28,LSTM,14,2010
2010-03-15,2010,3,13.66,13.65,13.837405998110771,2010-03-29,LSTM,14,2010
2010-03-16,2010,3,13.7,13.77,13.889950749278068,2010-03-30,LSTM,14,2010
2010-03-17,2010,3,13.7,13.97,13.964329463243484,2010-03-31,LSTM,14,2010
2010-03-18,2010,3,13.64,14.42,13.947925134897233,2010-04-01,LSTM,14,2010
2010-03-19,2010,3,13.58,14.8,13.980104492902756,2010-04-02,LSTM,14,2010
2010-03-20,2010,3,13.53,15.07,14.067427008152007,2010-04-03,LSTM,14,2010
2010-03-21,2010,3,13.48,15.17,14.091530840396882,2010-04-04,LSTM,14,2010
2010-03-22,2010,3,13.46,15.17,14.047925374507905,2010-04-05,LSTM,14,2010
2010-03-23,2010,3,13.46,15.09,13.953696480989457,2010-04-06,LSTM,14,2010
2010-03-24,2010,3,13.46,15.16,13.917165360450745,2010-04-07,LSTM,14,2010
2010-03-25,2010,3,13.45,15.4,13.953330588340759,2010-04-08,LSTM,14,2010
2010-03-26,2010,3,13.45,15.57,13.969898891448974,2010-04-09,LSTM,14,2010
2010-03-27,2010,3,13.45,15.65,13.981062066555022,2010-04-10,LSTM,14,2010
2010-03-28,2010,3,13.53,15.65,14.163467257022857,2010-04-11,LSTM,14,2010
2010-03-29,2010,3,13.65,15.68,14.478187823295594,2010-04-12,LSTM,14,2010
2010-03-30,2010,3,13.77,15.78,14.609683532714843,2010-04-13,LSTM,14,2010
2010-03-31,2010,3,13.97,15.79,14.601700098514558,2010-04-14,LSTM,14,2010
2010-04-01,2010,4,14.42,15.69,15.057618601322174,2010-04-15,LSTM,14,2010
2010-04-02,2010,4,14.8,15.57,14.792856338620187,2010-04-16,LSTM,14,2010
2010-04-03,2010,4,15.07,15.56,15.302097461819649,2010-04-17,LSTM,14,2010
2010-04-04,2010,4,15.17,15.74,15.672912759780884,2010-04-18,LSTM,14,2010
2010-04-05,2010,4,15.17,15.74,15.566558672189712,2010-04-19,LSTM,14,2010
2010-04-06,2010,4,15.09,15.96,14.952669825553894,2010-04-20,LSTM,14,2010
2010-04-07,2010,4,15.16,16.21,14.94115251660347,2010-04-21,LSTM,14,2010
2010-04-08,2010,4,15.4,16.4,14.76893254518509,2010-04-22,LSTM,14,2010
2010-04-09,2010,4,15.57,16.48,14.327063627243042,2010-04-23,LSTM,14,2010
2010-04-10,2010,4,15.65,16.55,14.224128270149231,2010-04-24,LSTM,14,2010
2010-04-11,2010,4,15.65,16.55,14.472291016578675,2010-04-25,LSTM,14,2010
2010-04-12,2010,4,15.68,16.65,14.611930780410766,2010-04-26,LSTM,14,2010
2010-04-13,2010,4,15.78,17.43,14.592164306640624,2010-04-27,LSTM,14,2010
2010-04-14,2010,4,15.79,17.87,14.847629287242889,2010-04-28,LSTM,14,2010
2010-04-15,2010,4,15.69,17.98,15.023712995052337,2010-04-29,LSTM,14,2010
2010-04-16,2010,4,15.57,17.92,15.149242020845413,2010-04-30,LSTM,14,2010
2010-04-17,2010,4,15.56,17.69,14.984265205860138,2010-05-01,LSTM,14,2010
2010-04-18,2010,4,15.74,17.44,15.017629554271698,2010-05-02,LSTM,14,2010
2010-04-19,2010,4,15.74,17.03,15.081260194778443,2010-05-03,LSTM,14,2010
2010-04-20,2010,4,15.96,16.76,15.138639173507691,2010-05-04,LSTM,14,2010
2010-04-21,2010,4,16.21,16.5,15.238023838996888,2010-05-05,LSTM,14,2010
2010-04-22,2010,4,16.4,16.25,15.17440321445465,2010-05-06,LSTM,14,2010
2010-04-23,2010,4,16.48,16.09,14.974625091552735,2010-05-07,LSTM,14,2010
2010-04-24,2010,4,16.55,16.03,15.223752069473267,2010-05-08,LSTM,14,2010
2010-04-25,2010,4,16.55,16.12,15.376444268226624,2010-05-09,LSTM,14,2010
2010-04-26,2010,4,16.65,16.31,15.689898812770842,2010-05-10,LSTM,14,2010
2010-04-27,2010,4,17.43,16.33,16.87301074743271,2010-05-11,LSTM,14,2010
2010-04-28,2010,4,17.87,16.27,17.30772542476654,2010-05-12,LSTM,14,2010
2010-04-29,2010,4,17.98,16.24,17.055607538223267,2010-05-13,LSTM,14,2010
2010-04-30,2010,4,17.92,16.24,16.304175658226015,2010-05-14,LSTM,14,2010
2010-05-01,2010,5,17.69,16.33,16.72587329387665,2010-05-15,LSTM,14,2010
2010-05-02,2010,5,17.44,16.84,16.833315613269807,2010-05-16,LSTM,14,2010
2010-05-03,2010,5,17.03,17.47,16.919290973544122,2010-05-17,LSTM,14,2010
2010-05-04,2010,5,16.76,17.8,16.95517606496811,2010-05-18,LSTM,14,2010
2010-05-05,2010,5,16.5,17.97,17.275865733623505,2010-05-19,LSTM,14,2010
2010-05-06,2010,5,16.25,18.16,16.875272512435913,2010-05-20,LSTM,14,2010
2010-05-07,2010,5,16.09,18.2,16.69801523923874,2010-05-21,LSTM,14,2010
2010-05-08,2010,5,16.03,18.0,16.639884202480317,2010-05-22,LSTM,14,2010
2010-05-09,2010,5,16.12,17.65,16.591684008836747,2010-05-23,LSTM,14,2010
2010-05-10,2010,5,16.31,17.6,16.072142136693,2010-05-24,LSTM,14,2010
2010-05-11,2010,5,16.33,17.7,15.767887847423552,2010-05-25,LSTM,14,2010
2010-05-12,2010,5,16.27,18.04,15.891681332588195,2010-05-26,LSTM,14,2010
2010-05-13,2010,5,16.24,18.18,15.97745223879814,2010-05-27,LSTM,14,2010
2010-05-14,2010,5,16.24,18.08,16.02127636015415,2010-05-28,LSTM,14,2010
2010-05-15,2010,5,16.33,17.84,16.27019257649779,2010-05-29,LSTM,14,2010
2010-05-16,2010,5,16.84,17.64,17.052830647826195,2010-05-30,LSTM,14,2010
2010-05-17,2010,5,17.47,17.58,17.248607502579688,2010-05-31,LSTM,14,2010
2010-05-18,2010,5,17.8,17.44,17.444920498132706,2010-06-01,LSTM,14,2010
2010-05-19,2010,5,17.97,17.38,17.539599241018294,2010-06-02,LSTM,14,2010
2010-05-20,2010,5,18.16,17.44,17.58302668094635,2010-06-03,LSTM,14,2010
2010-05-21,2010,5,18.2,17.41,17.34278721809387,2010-06-04,LSTM,14,2010
2010-05-22,2010,5,18.0,17.57,17.580101400613785,2010-06-05,LSTM,14,2010
2010-05-23,2010,5,17.65,17.76,18.26857485771179,2010-06-06,LSTM,14,2010
2010-05-24,2010,5,17.6,18.0,18.585253870487215,2010-06-07,LSTM,14,2010
2010-05-25,2010,5,17.7,18.2,18.108242166042327,2010-06-08,LSTM,14,2010
2010-05-26,2010,5,18.04,18.2,19.019982912540435,2010-06-09,LSTM,14,2010
2010-05-27,2010,5,18.18,18.33,19.191146903038025,2010-06-10,LSTM,14,2010
2010-05-28,2010,5,18.08,18.75,18.515517489910124,2010-06-11,LSTM,14,2010
2010-05-29,2010,5,17.84,18.93,18.739425983428955,2010-06-12,LSTM,14,2010
2010-05-30,2010,5,17.64,18.92,18.7174347782135,2010-06-13,LSTM,14,2010
2010-05-31,2010,5,17.58,18.65,18.49227167844772,2010-06-14,LSTM,14,2010
2010-06-01,2010,6,17.44,18.45,18.164631905555726,2010-06-15,LSTM,14,2010
2010-06-02,2010,6,17.38,18.34,18.033997659683227,2010-06-16,LSTM,14,2010
2010-06-03,2010,6,17.44,18.31,17.80689481139183,2010-06-17,LSTM,14,2010
2010-06-04,2010,6,17.41,18.32,17.689174834489823,2010-06-18,LSTM,14,2010
2010-06-05,2010,6,17.57,18.44,18.175716586112976,2010-06-19,LSTM,14,2010
2010-06-06,2010,6,17.76,18.44,18.706067273616792,2010-06-20,LSTM,14,2010
2010-06-07,2010,6,18.0,18.57,18.88318645954132,2010-06-21,LSTM,14,2010
2010-06-08,2010,6,18.2,18.55,19.008285057544708,2010-06-22,LSTM,14,2010
2010-06-09,2010,6,18.2,18.51,19.07015700340271,2010-06-23,LSTM,14,2010
2010-06-10,2010,6,18.33,18.61,19.086438374519346,2010-06-24,LSTM,14,2010
2010-06-11,2010,6,18.75,18.61,19.08326107263565,2010-06-25,LSTM,14,2010
2010-06-12,2010,6,18.93,18.65,19.23744543671608,2010-06-26,LSTM,14,2010
2010-06-13,2010,6,18.92,18.74,19.3364038002491,2010-06-27,LSTM,14,2010
2010-06-14,2010,6,18.65,19.31,19.387803936004637,2010-06-28,LSTM,14,2010
2010-06-15,2010,6,18.45,19.61,19.410963547229766,2010-06-29,LSTM,14,2010
2010-06-16,2010,6,18.34,19.59,19.29936632156372,2010-06-30,LSTM,14,2010
2010-06-17,2010,6,18.31,19.51,19.254067180156706,2010-07-01,LSTM,14,2010
2010-06-18,2010,6,18.32,19.47,19.00646389245987,2010-07-02,LSTM,14,2010
2010-06-19,2010,6,18.44,19.42,19.16566342353821,2010-07-03,LSTM,14,2010
2010-06-20,2010,6,18.44,19.45,18.78140118956566,2010-07-04,LSTM,14,2010
2010-06-21,2010,6,18.57,19.44,19.140472538471222,2010-07-05,LSTM,14,2010
2010-06-22,2010,6,18.55,19.35,19.142280209064484,2010-07-06,LSTM,14,2010
2010-06-23,2010,6,18.51,19.24,18.92159796714783,2010-07-07,LSTM,14,2010
2010-06-24,2010,6,18.61,19.08,19.225213632583618,2010-07-08,LSTM,14,2010
2010-06-25,2010,6,18.61,19.05,19.06070943236351,2010-07-09,LSTM,14,2010
2010-06-26,2010,6,18.65,19.05,18.891930559277533,2010-07-10,LSTM,14,2010
2010-06-27,2010,6,18.74,19.26,19.14500122308731,2010-07-11,LSTM,14,2010
2010-06-28,2010,6,19.31,19.42,19.79753187060356,2010-07-12,LSTM,14,2010
2010-06-29,2010,6,19.61,19.51,19.78293658852577,2010-07-13,LSTM,14,2010
2010-06-30,2010,6,19.59,19.52,19.449141886234283,2010-07-14,LSTM,14,2010
2010-07-01,2010,7,19.51,19.52,19.431195521950723,2010-07-15,LSTM,14,2010
2010-07-02,2010,7,19.47,19.44,19.344991610646247,2010-07-16,LSTM,14,2010
2010-07-03,2010,7,19.42,19.34,19.028650505542757,2010-07-17,LSTM,14,2010
2010-07-04,2010,7,19.45,19.31,18.750180196762084,2010-07-18,LSTM,14,2010
2010-07-05,2010,7,19.44,19.4,18.90036857366562,2010-07-19,LSTM,14,2010
2010-07-06,2010,7,19.35,19.52,18.882824814319612,2010-07-20,LSTM,14,2010
2010-07-07,2010,7,19.24,19.54,18.90243767738342,2010-07-21,LSTM,14,2010
2010-07-08,2010,7,19.08,19.67,18.844113664627073,2010-07-22,LSTM,14,2010
2010-07-09,2010,7,19.05,19.8,19.02953953407705,2010-07-23,LSTM,14,2010
2010-07-10,2010,7,19.05,19.78,18.95036328136921,2010-07-24,LSTM,14,2010
2010-07-11,2010,7,19.26,19.65,19.55007786512375,2010-07-25,LSTM,14,2010
2010-07-12,2010,7,19.42,19.47,19.69300325036049,2010-07-26,LSTM,14,2010
2010-07-13,2010,7,19.51,19.33,19.579680944085123,2010-07-27,LSTM,14,2010
2010-07-14,2010,7,19.52,19.29,19.392393250465393,2010-07-28,LSTM,14,2010
2010-07-15,2010,7,19.52,19.21,19.230781306028366,2010-07-29,LSTM,14,2010
2010-07-16,2010,7,19.44,19.17,19.109239073991777,2010-07-30,LSTM,14,2010
2010-07-17,2010,7,19.34,19.08,19.008784648180008,2010-07-31,LSTM,14,2010
2010-07-18,2010,7,19.31,19.07,19.033958015441893,2010-08-01,LSTM,14,2010
2010-07-19,2010,7,19.4,18.97,19.265612030029295,2010-08-02,LSTM,14,2010
2010-07-20,2010,7,19.52,18.9,19.46716927409172,2010-08-03,LSTM,14,2010
2010-07-21,2010,7,19.54,18.73,19.286401995420455,2010-08-04,LSTM,14,2010
2010-07-22,2010,7,19.67,18.68,19.52126864910126,2010-08-05,LSTM,14,2010
2010-07-23,2010,7,19.8,18.653,19.535422104597092,2010-08-06,LSTM,14,2010
2010-07-24,2010,7,19.78,18.62,19.290435700416566,2010-08-07,LSTM,14,2010
2010-07-25,2010,7,19.65,18.57,19.049268090724944,2010-08-08,LSTM,14,2010
2010-07-26,2010,7,19.47,18.54,18.929689199924468,2010-08-09,LSTM,14,2010
2010-07-27,2010,7,19.33,18.47,18.919568108320235,2010-08-10,LSTM,14,2010
2010-07-28,2010,7,19.29,18.38,19.012469687461852,2010-08-11,LSTM,14,2010
2010-07-29,2010,7,19.21,18.34,18.858105800151826,2010-08-12,LSTM,14,2010
2010-07-30,2010,7,19.17,18.28,18.90688614368439,2010-08-13,LSTM,14,2010
2010-07-31,2010,7,19.08,18.25,18.776123272180556,2010-08-14,LSTM,14,2010
2010-08-01,2010,8,19.07,18.18,18.90417819440365,2010-08-15,LSTM,14,2010
2010-08-02,2010,8,18.97,18.15,18.697259337902068,2010-08-16,LSTM,14,2010
2010-08-03,2010,8,18.9,18.14,18.76281795799732,2010-08-17,LSTM,14,2010
2010-08-04,2010,8,18.73,18.37,18.510945971608162,2010-08-18,LSTM,14,2010
2010-08-05,2010,8,18.68,18.5,18.756092831790447,2010-08-19,LSTM,14,2010
2010-08-06,2010,8,18.653,18.75,18.68946348789334,2010-08-20,LSTM,14,2010
2010-08-07,2010,8,18.62,18.79,18.630541120544077,2010-08-21,LSTM,14,2010
2010-08-08,2010,8,18.57,18.89,18.562491419427097,2010-08-22,LSTM,14,2010
2010-08-09,2010,8,18.54,19.05,18.622931526005267,2010-08-23,LSTM,14,2010
2010-08-10,2010,8,18.47,19.22,18.481254169046878,2010-08-24,LSTM,14,2010
2010-08-11,2010,8,18.38,19.37,18.4795717048645,2010-08-25,LSTM,14,2010
2010-08-12,2010,8,18.34,19.38,18.580606397390365,2010-08-26,LSTM,14,2010
2010-08-13,2010,8,18.28,19.35,18.47635356962681,2010-08-27,LSTM,14,2010
2010-08-14,2010,8,18.25,19.39,18.56197690963745,2010-08-28,LSTM,14,2010
2010-08-15,2010,8,18.18,19.52,18.411693029403686,2010-08-29,LSTM,14,2010
2010-08-16,2010,8,18.15,19.53,18.548670822381972,2010-08-30,LSTM,14,2010
2010-08-17,2010,8,18.14,19.53,18.701994194984437,2010-08-31,LSTM,14,2010
2010-08-18,2010,8,18.37,19.42,19.293830509185792,2010-09-01,LSTM,14,2010
2010-08-19,2010,8,18.5,19.33,19.174679160118103,2010-09-02,LSTM,14,2010
2010-08-20,2010,8,18.75,19.29,19.211661458015442,2010-09-03,LSTM,14,2010
2010-08-21,2010,8,18.79,19.2,18.920250081419944,2010-09-04,LSTM,14,2010
2010-08-22,2010,8,18.89,19.19,18.998899272978306,2010-09-05,LSTM,14,2010
2010-08-23,2010,8,19.05,19.19,18.869816872477532,2010-09-06,LSTM,14,2010
2010-08-24,2010,8,19.22,19.2,18.728192777633666,2010-09-07,LSTM,14,2010
2010-08-25,2010,8,19.37,19.12,18.726576919555665,2010-09-08,LSTM,14,2010
2010-08-26,2010,8,19.38,19.09,18.705007319450377,2010-09-09,LSTM,14,2010
2010-08-27,2010,8,19.35,19.17,18.75795934200287,2010-09-10,LSTM,14,2010
2010-08-28,2010,8,19.39,19.35,18.699849321842194,2010-09-11,LSTM,14,2010
2010-08-29,2010,8,19.52,19.61,18.598713357448577,2010-09-12,LSTM,14,2010
2010-08-30,2010,8,19.53,19.77,18.643417506217958,2010-09-13,LSTM,14,2010
2010-08-31,2010,8,19.53,19.78,18.621447651386262,2010-09-14,LSTM,14,2010
2010-09-01,2010,9,19.42,19.78,18.40896086215973,2010-09-15,LSTM,14,2010
2010-09-02,2010,9,19.33,19.78,18.3983137178421,2010-09-16,LSTM,14,2010
2010-09-03,2010,9,19.29,19.71,18.40406487226486,2010-09-17,LSTM,14,2010
2010-09-04,2010,9,19.2,19.55,18.34048832654953,2010-09-18,LSTM,14,2010
2010-09-05,2010,9,19.19,19.41,18.516261639595033,2010-09-19,LSTM,14,2010
2010-09-06,2010,9,19.19,19.3,18.54882353782654,2010-09-20,LSTM,14,2010
2010-09-07,2010,9,19.2,19.27,18.630511713027953,2010-09-21,LSTM,14,2010
2010-09-08,2010,9,19.12,19.25,18.351485545635224,2010-09-22,LSTM,14,2010
2010-09-09,2010,9,19.09,19.23,18.43758496284485,2010-09-23,LSTM,14,2010
2010-09-10,2010,9,19.17,19.18,18.759114516973497,2010-09-24,LSTM,14,2010
2010-09-11,2010,9,19.35,19.09,18.55575022697449,2010-09-25,LSTM,14,2010
2010-09-12,2010,9,19.61,19.0,18.502871618270873,2010-09-26,LSTM,14,2010
2010-09-13,2010,9,19.77,18.87,18.3638560962677,2010-09-27,LSTM,14,2010
2010-09-14,2010,9,19.78,18.75,18.2522136259079,2010-09-28,LSTM,14,2010
2010-09-15,2010,9,19.78,18.66,18.05394461631775,2010-09-29,LSTM,14,2010
2010-09-16,2010,9,19.78,18.61,17.970360426902772,2010-09-30,LSTM,14,2010
2010-11-08,2010,11,15.78,15.14,14.889027504920959,2010-11-22,LSTM,14,2010
2010-11-09,2010,11,15.74,15.12,14.871668746471405,2010-11-23,LSTM,14,2010
2010-11-10,2010,11,15.68,15.08,14.787172310352325,2010-11-24,LSTM,14,2010
2010-11-11,2010,11,15.6,15.05,14.711162662506103,2010-11-25,LSTM,14,2010
2010-11-12,2010,11,15.55,15.07,14.71810041666031,2010-11-26,LSTM,14,2010
2010-11-13,2010,11,15.5,15.09,14.672763109207153,2010-11-27,LSTM,14,2010
2010-11-14,2010,11,15.45,15.11,14.63742549419403,2010-11-28,LSTM,14,2010
2010-11-15,2010,11,15.4,15.11,14.604955399036408,2010-11-29,LSTM,14,2010
2010-11-16,2010,11,15.33,15.06,14.547302083969116,2010-11-30,LSTM,14,2010
2010-11-17,2010,11,15.29,15.01,14.573600091934203,2010-12-01,LSTM,14,2010
2010-11-18,2010,11,15.26,14.93,14.605377504825592,2010-12-02,LSTM,14,2010
2010-11-19,2010,11,15.23,14.897,14.606892268657685,2010-12-03,LSTM,14,2010
2010-11-20,2010,11,15.2,14.86,14.605963003635406,2010-12-04,LSTM,14,2010
2010-11-21,2010,11,15.17,14.82,14.602476997375488,2010-12-05,LSTM,14,2010
2010-11-22,2010,11,15.14,14.8,14.594923689365388,2010-12-06,LSTM,14,2010
2010-11-23,2010,11,15.12,14.79,14.579978997707366,2010-12-07,LSTM,14,2010
2010-11-24,2010,11,15.08,14.77,14.577042775154114,2010-12-08,LSTM,14,2010
2010-11-25,2010,11,15.05,14.74,14.563590037822724,2010-12-09,LSTM,14,2010
2010-11-26,2010,11,15.07,14.7,14.5145760846138,2010-12-10,LSTM,14,2010
2010-11-27,2010,11,15.09,14.66,14.506829586029053,2010-12-11,LSTM,14,2010
2010-11-28,2010,11,15.11,14.61,14.486411259174346,2010-12-12,LSTM,14,2010
2010-11-29,2010,11,15.11,14.57,14.497404084205627,2010-12-13,LSTM,14,2010
2010-11-30,2010,11,15.06,14.53,14.558240113258362,2010-12-14,LSTM,14,2010
2010-12-01,2010,12,15.01,14.5,14.559379527568817,2010-12-15,LSTM,14,2010
2010-12-02,2010,12,14.93,14.47,14.515920095443725,2010-12-16,LSTM,14,2010
2010-12-03,2010,12,14.897,14.45,14.495690271377564,2010-12-17,LSTM,14,2010
2010-12-04,2010,12,14.86,14.43,14.480892912149429,2010-12-18,LSTM,14,2010
2010-12-05,2010,12,14.82,14.41,14.458960957527161,2010-12-19,LSTM,14,2010
2010-12-06,2010,12,14.8,14.38,14.441579985618592,2010-12-20,LSTM,14,2010
2010-12-07,2010,12,14.79,14.36,14.418469139337539,2010-12-21,LSTM,14,2010
2010-12-08,2010,12,14.77,14.34,14.410614062547683,2010-12-22,LSTM,14,2010
2010-12-09,2010,12,14.74,14.33,14.406267603635788,2010-12-23,LSTM,14,2010
2010-12-10,2010,12,14.7,14.28,14.393159282207488,2010-12-24,LSTM,14,2010
2010-12-11,2010,12,14.66,14.27,14.36389199256897,2010-12-25,LSTM,14,2010
2010-12-12,2010,12,14.61,14.26,14.32226543188095,2010-12-26,LSTM,14,2010
2010-12-13,2010,12,14.57,14.24,14.284674383401871,2010-12-27,LSTM,14,2010
2010-12-14,2010,12,14.53,14.21,14.25609406709671,2010-12-28,LSTM,14,2010
2010-12-15,2010,12,14.5,14.17,14.230105459690094,2010-12-29,LSTM,14,2010
2010-12-16,2010,12,14.47,14.14,14.207632393836976,2010-12-30,LSTM,14,2010
2010-12-17,2010,12,14.45,14.1,14.18462164402008,2010-12-31,LSTM,14,2010
2010-12-18,2010,12,14.43,14.08,14.167443447113037,2011-01-01,LSTM,14,2010
2010-12-19,2010,12,14.41,14.06,14.147357318401337,2011-01-02,LSTM,14,2010
2010-12-20,2010,12,14.38,14.04,14.128695552349091,2011-01-03,LSTM,14,2010
2010-12-21,2010,12,14.36,14.03,14.104515389204025,2011-01-04,LSTM,14,2010
2010-12-22,2010,12,14.34,13.99,14.085720952749252,2011-01-05,LSTM,14,2010
2010-12-23,2010,12,14.33,13.96,14.067095803022385,2011-01-06,LSTM,14,2010
2010-12-24,2010,12,14.28,13.94,14.046510054469108,2011-01-07,LSTM,14,2010
2010-12-25,2010,12,14.27,13.92,14.025716666579246,2011-01-08,LSTM,14,2010
2010-12-26,2010,12,14.26,13.9,14.01371403992176,2011-01-09,LSTM,14,2010
2010-12-27,2010,12,14.24,13.88,13.998447483181954,2011-01-10,LSTM,14,2010
2010-12-28,2010,12,14.21,13.863,13.982097110748292,2011-01-11,LSTM,14,2010
2010-12-29,2010,12,14.17,13.84,13.953268690109253,2011-01-12,LSTM,14,2010
2010-12-30,2010,12,14.14,13.82,13.931219919919968,2011-01-13,LSTM,14,2010
2010-12-31,2010,12,14.1,13.798,13.885772457718849,2011-01-14,LSTM,14,2010
2011-01-01,2011,1,14.08,13.77,13.896770821809769,2011-01-15,LSTM,14,2011
2011-01-02,2011,1,14.06,13.75,13.885497910380364,2011-01-16,LSTM,14,2011
2011-01-03,2011,1,14.04,13.73,13.868937903046607,2011-01-17,LSTM,14,2011
2011-01-04,2011,1,14.03,13.71,13.863064258098602,2011-01-18,LSTM,14,2011
2011-01-05,2011,1,13.99,13.69,13.831216027736664,2011-01-19,LSTM,14,2011
2011-01-06,2011,1,13.96,13.68,13.800077608823777,2011-01-20,LSTM,14,2011
2011-01-07,2011,1,13.94,13.67,13.779544996619224,2011-01-21,LSTM,14,2011
2011-01-08,2011,1,13.92,13.65,13.7588851583004,2011-01-22,LSTM,14,2011
2011-01-09,2011,1,13.9,13.63,13.73944495022297,2011-01-23,LSTM,14,2011
2011-01-10,2011,1,13.88,13.63,13.723043237924577,2011-01-24,LSTM,14,2011
2011-01-11,2011,1,13.863,13.63,13.713543618202209,2011-01-25,LSTM,14,2011
2011-01-12,2011,1,13.84,13.61,13.691683542132377,2011-01-26,LSTM,14,2011
2011-01-13,2011,1,13.82,13.59,13.670615933537483,2011-01-27,LSTM,14,2011
2011-01-14,2011,1,13.798,13.56,13.651556886315346,2011-01-28,LSTM,14,2011
2011-01-15,2011,1,13.77,13.54,13.625813324451446,2011-01-29,LSTM,14,2011
2011-01-16,2011,1,13.75,13.52,13.604788586497307,2011-01-30,LSTM,14,2011
2011-01-17,2011,1,13.73,13.5,13.586192290782929,2011-01-31,LSTM,14,2011
2011-01-18,2011,1,13.71,13.48,13.567527986168862,2011-02-01,LSTM,14,2011
2011-01-19,2011,1,13.69,13.46,13.549050139784812,2011-02-02,LSTM,14,2011
2011-01-20,2011,1,13.68,13.44,13.538755141496658,2011-02-03,LSTM,14,2011
2011-01-21,2011,1,13.67,13.43,13.531256703734398,2011-02-04,LSTM,14,2011
2011-01-22,2011,1,13.65,13.42,13.514859491586686,2011-02-05,LSTM,14,2011
2011-01-23,2011,1,13.63,13.4,13.49812835931778,2011-02-06,LSTM,14,2011
2011-01-24,2011,1,13.63,13.39,13.494169344305993,2011-02-07,LSTM,14,2011
2011-01-25,2011,1,13.63,13.37,13.494394009113313,2011-02-08,LSTM,14,2011
2011-01-26,2011,1,13.61,13.36,13.481984630823135,2011-02-09,LSTM,14,2011
2011-01-27,2011,1,13.59,13.35,13.468277227282524,2011-02-10,LSTM,14,2011
2011-01-28,2011,1,13.56,13.33,13.446223211884499,2011-02-11,LSTM,14,2011
2011-01-29,2011,1,13.54,13.32,13.422265537977218,2011-02-12,LSTM,14,2011
2011-01-30,2011,1,13.52,13.31,13.401248772144317,2011-02-13,LSTM,14,2011
2011-01-31,2011,1,13.5,13.3,13.384375736117363,2011-02-14,LSTM,14,2011
2011-02-01,2011,2,13.48,13.3,13.370732683241368,2011-02-15,LSTM,14,2011
2011-02-02,2011,2,13.46,13.3,13.354366815686227,2011-02-16,LSTM,14,2011
2011-02-03,2011,2,13.44,13.32,13.338516029119491,2011-02-17,LSTM,14,2011
2011-02-04,2011,2,13.43,13.33,13.327825844585895,2011-02-18,LSTM,14,2011
2011-02-05,2011,2,13.42,13.34,13.322318723499775,2011-02-19,LSTM,14,2011
2011-02-06,2011,2,13.4,13.35,13.310136424005032,2011-02-20,LSTM,14,2011
2011-02-07,2011,2,13.39,13.34,13.303631238043309,2011-02-21,LSTM,14,2011
2011-02-08,2011,2,13.37,13.33,13.292537632286548,2011-02-22,LSTM,14,2011
2011-02-09,2011,2,13.36,13.32,13.285459012389182,2011-02-23,LSTM,14,2011
2011-02-10,2011,2,13.35,13.31,13.282315431535244,2011-02-24,LSTM,14,2011
2011-02-11,2011,2,13.33,13.36,13.272944664508104,2011-02-25,LSTM,14,2011
2011-02-12,2011,2,13.32,13.47,13.270892921537161,2011-02-26,LSTM,14,2011
2011-02-13,2011,2,13.31,13.56,13.270465293377638,2011-02-27,LSTM,14,2011
2011-02-14,2011,2,13.3,13.58,13.272048738971353,2011-02-28,LSTM,14,2011
2011-02-15,2011,2,13.3,13.56,13.281061892583967,2011-03-01,LSTM,14,2011
2011-02-16,2011,2,13.3,13.51,13.295573324151338,2011-03-02,LSTM,14,2011
2011-02-17,2011,2,13.32,13.44,13.317793993912638,2011-03-03,LSTM,14,2011
2011-02-18,2011,2,13.33,13.39,13.334968124441803,2011-03-04,LSTM,14,2011
2011-02-19,2011,2,13.34,13.34,13.352973493896425,2011-03-05,LSTM,14,2011
2011-02-20,2011,2,13.35,13.3,13.370261015743017,2011-03-06,LSTM,14,2011
2011-02-21,2011,2,13.34,13.28,13.3834698946774,2011-03-07,LSTM,14,2011
2011-02-22,2011,2,13.33,13.26,13.392904737889767,2011-03-08,LSTM,14,2011
2011-02-23,2011,2,13.32,13.24,13.403873108029366,2011-03-09,LSTM,14,2011
2011-02-24,2011,2,13.31,13.22,13.416656536459923,2011-03-10,LSTM,14,2011
2011-02-25,2011,2,13.36,13.21,13.442280956208705,2011-03-11,LSTM,14,2011
2011-02-26,2011,2,13.47,13.21,13.448098632767797,2011-03-12,LSTM,14,2011
2011-02-27,2011,2,13.56,13.22,13.498253913074732,2011-03-13,LSTM,14,2011
2011-02-28,2011,2,13.58,13.24,13.567435101531446,2011-03-14,LSTM,14,2011
2011-03-01,2011,3,13.56,13.27,13.61813854560256,2011-03-15,LSTM,14,2011
2011-03-02,2011,3,13.51,13.32,13.649695271849632,2011-03-16,LSTM,14,2011
2011-03-03,2011,3,13.44,13.34,13.654831829071044,2011-03-17,LSTM,14,2011
2011-03-04,2011,3,13.39,13.42,13.647966578006745,2011-03-18,LSTM,14,2011
2011-03-05,2011,3,13.34,13.56,13.661541249752045,2011-03-19,LSTM,14,2011
2011-03-06,2011,3,13.3,13.76,13.671167182922364,2011-03-20,LSTM,14,2011
2011-03-07,2011,3,13.28,13.84,13.671019105911254,2011-03-21,LSTM,14,2011
2011-03-08,2011,3,13.26,13.87,13.666955748796463,2011-03-22,LSTM,14,2011
2011-03-09,2011,3,13.24,13.87,13.652103146314621,2011-03-23,LSTM,14,2011
2011-03-10,2011,3,13.22,13.85,13.630251498222352,2011-03-24,LSTM,14,2011
2011-03-11,2011,3,13.21,13.81,13.61244871377945,2011-03-25,LSTM,14,2011
2011-03-12,2011,3,13.21,13.81,13.59820618391037,2011-03-26,LSTM,14,2011
2011-03-13,2011,3,13.22,14.19,13.593321503400803,2011-03-27,LSTM,14,2011
2011-03-14,2011,3,13.24,14.83,13.602294286489487,2011-03-28,LSTM,14,2011
2011-03-15,2011,3,13.27,14.99,13.6181525182724,2011-03-29,LSTM,14,2011
2011-03-16,2011,3,13.32,14.99,13.637832797765732,2011-03-30,LSTM,14,2011
2011-03-17,2011,3,13.34,14.98,13.68793096780777,2011-03-31,LSTM,14,2011
2011-03-18,2011,3,13.42,14.96,13.682120127677917,2011-04-01,LSTM,14,2011
2011-03-19,2011,3,13.56,14.96,13.822697845697403,2011-04-02,LSTM,14,2011
2011-03-20,2011,3,13.76,14.92,14.192761311531067,2011-04-03,LSTM,14,2011
2011-03-21,2011,3,13.84,14.83,14.175035681724548,2011-04-04,LSTM,14,2011
2011-03-22,2011,3,13.87,14.72,14.04690235376358,2011-04-05,LSTM,14,2011
2011-03-23,2011,3,13.87,14.62,14.08181483566761,2011-04-06,LSTM,14,2011
2011-03-24,2011,3,13.85,14.56,14.177395677566528,2011-04-07,LSTM,14,2011
2011-03-25,2011,3,13.81,14.51,14.374583718776703,2011-04-08,LSTM,14,2011
2011-03-26,2011,3,13.81,14.5,14.43361490726471,2011-04-09,LSTM,14,2011
2011-03-27,2011,3,14.19,14.5,15.079439225196838,2011-04-10,LSTM,14,2011
2011-03-28,2011,3,14.83,14.48,15.329636679887772,2011-04-11,LSTM,14,2011
2011-03-29,2011,3,14.99,14.45,15.442119946479798,2011-04-12,LSTM,14,2011
2011-03-30,2011,3,14.99,14.41,15.487029542922974,2011-04-13,LSTM,14,2011
2011-03-31,2011,3,14.98,14.43,15.648073892593384,2011-04-14,LSTM,14,2011
2011-04-01,2011,4,14.96,14.43,15.543955168724061,2011-04-15,LSTM,14,2011
2011-04-02,2011,4,14.96,14.42,15.150431237220765,2011-04-16,LSTM,14,2011
2011-04-03,2011,4,14.92,14.47,15.128206743001938,2011-04-17,LSTM,14,2011
2011-04-04,2011,4,14.83,14.52,15.461352305412293,2011-04-18,LSTM,14,2011
2011-04-05,2011,4,14.72,14.53,15.58945915222168,2011-04-19,LSTM,14,2011
2011-04-06,2011,4,14.62,14.53,15.541007752418517,2011-04-20,LSTM,14,2011
2011-04-07,2011,4,14.56,14.49,15.421303985118866,2011-04-21,LSTM,14,2011
2011-04-08,2011,4,14.51,14.52,15.350932548046112,2011-04-22,LSTM,14,2011
2011-04-09,2011,4,14.5,14.63,15.331172943115234,2011-04-23,LSTM,14,2011
2011-04-10,2011,4,14.5,14.66,15.354620516300201,2011-04-24,LSTM,14,2011
2011-04-11,2011,4,14.48,14.645,15.367517392635346,2011-04-25,LSTM,14,2011
2011-04-12,2011,4,14.45,14.71,15.35043294429779,2011-04-26,LSTM,14,2011
2011-04-13,2011,4,14.41,14.95,15.314077112674713,2011-04-27,LSTM,14,2011
2011-04-14,2011,4,14.43,15.28,15.27427684545517,2011-04-28,LSTM,14,2011
2011-04-15,2011,4,14.43,15.41,15.246681742668152,2011-04-29,LSTM,14,2011
2011-04-16,2011,4,14.42,15.41,15.241273624897003,2011-04-30,LSTM,14,2011
2011-04-17,2011,4,14.47,15.34,15.280878098011017,2011-05-01,LSTM,14,2011
2011-04-18,2011,4,14.52,15.3,15.27791186094284,2011-05-02,LSTM,14,2011
2011-04-19,2011,4,14.53,15.2,15.2326526927948,2011-05-03,LSTM,14,2011
2011-04-20,2011,4,14.53,15.15,15.186840085983276,2011-05-04,LSTM,14,2011
2011-04-21,2011,4,14.49,15.07,15.192312111854553,2011-05-05,LSTM,14,2011
2011-04-22,2011,4,14.52,15.02,15.207013268470764,2011-05-06,LSTM,14,2011
2011-04-23,2011,4,14.63,15.16,15.215921466350556,2011-05-07,LSTM,14,2011
2011-04-24,2011,4,14.66,15.26,15.180811855793,2011-05-08,LSTM,14,2011
2011-04-25,2011,4,14.645,15.37,15.186166007518768,2011-05-09,LSTM,14,2011
2011-04-26,2011,4,14.71,15.48,15.2124271607399,2011-05-10,LSTM,14,2011
2011-04-27,2011,4,14.95,15.59,15.551531445980071,2011-05-11,LSTM,14,2011
2011-04-28,2011,4,15.28,15.63,15.961022405624389,2011-05-12,LSTM,14,2011
2011-04-29,2011,4,15.41,15.33,15.916920874118805,2011-05-13,LSTM,14,2011
2011-04-30,2011,4,15.41,15.31,16.050864729881287,2011-05-14,LSTM,14,2011
2011-05-01,2011,5,15.34,15.24,15.859779026508331,2011-05-15,LSTM,14,2011
2011-05-02,2011,5,15.3,15.36,15.745460706949235,2011-05-16,LSTM,14,2011
2011-05-03,2011,5,15.2,15.36,15.917434167861938,2011-05-17,LSTM,14,2011
2011-05-04,2011,5,15.15,15.34,15.953425312042237,2011-05-18,LSTM,14,2011
2011-05-05,2011,5,15.07,15.35,16.073287315368653,2011-05-19,LSTM,14,2011
2011-05-06,2011,5,15.02,15.35,16.083865661621093,2011-05-20,LSTM,14,2011
2011-05-07,2011,5,15.16,15.37,15.920549485683441,2011-05-21,LSTM,14,2011
2011-05-08,2011,5,15.26,15.36,15.973661193847656,2011-05-22,LSTM,14,2011
2011-05-09,2011,5,15.37,15.39,16.082990343570707,2011-05-23,LSTM,14,2011
2011-05-10,2011,5,15.48,15.5,16.153450827598572,2011-05-24,LSTM,14,2011
2011-05-11,2011,5,15.59,15.62,16.231481399536133,2011-05-25,LSTM,14,2011
2011-05-12,2011,5,15.63,15.73,16.332319324016574,2011-05-26,LSTM,14,2011
2011-05-13,2011,5,15.33,15.74,16.57440860748291,2011-05-27,LSTM,14,2011
2011-05-14,2011,5,15.31,15.81,16.01152944326401,2011-05-28,LSTM,14,2011
2011-05-15,2011,5,15.24,15.92,16.224751343727114,2011-05-29,LSTM,14,2011
2011-05-16,2011,5,15.36,16.28,16.101617441177368,2011-05-30,LSTM,14,2011
2011-05-17,2011,5,15.36,16.4,16.24223624229431,2011-05-31,LSTM,14,2011
2011-05-18,2011,5,15.34,16.35,16.39743932723999,2011-06-01,LSTM,14,2011
2011-05-19,2011,5,15.35,16.26,16.45393822193146,2011-06-02,LSTM,14,2011
2011-05-20,2011,5,15.35,16.22,16.469834303855897,2011-06-03,LSTM,14,2011
2011-05-21,2011,5,15.37,16.3,16.526202197074888,2011-06-04,LSTM,14,2011
2011-05-22,2011,5,15.36,16.49,16.526337132453918,2011-06-05,LSTM,14,2011
2011-05-23,2011,5,15.39,16.77,16.583194270133973,2011-06-06,LSTM,14,2011
2011-05-24,2011,5,15.5,17.21,16.635496258735657,2011-06-07,LSTM,14,2011
2011-05-25,2011,5,15.62,17.49,16.772156710624692,2011-06-08,LSTM,14,2011
2011-05-26,2011,5,15.73,17.59,16.914560894966126,2011-06-09,LSTM,14,2011
2011-05-27,2011,5,15.74,17.6,17.04680787563324,2011-06-10,LSTM,14,2011
2011-05-28,2011,5,15.81,17.6,17.124436435699465,2011-06-11,LSTM,14,2011
2011-05-29,2011,5,15.92,17.56,17.096618218421938,2011-06-12,LSTM,14,2011
2011-05-30,2011,5,16.28,17.39,17.448706297874452,2011-06-13,LSTM,14,2011
2011-05-31,2011,5,16.4,17.26,17.283674025535582,2011-06-14,LSTM,14,2011
2011-06-01,2011,6,16.35,17.16,17.21994153261185,2011-06-15,LSTM,14,2011
2011-06-02,2011,6,16.26,17.03,17.434270749092104,2011-06-16,LSTM,14,2011
2011-06-03,2011,6,16.22,17.05,17.544895620346068,2011-06-17,LSTM,14,2011
2011-06-04,2011,6,16.3,17.17,17.592450666427613,2011-06-18,LSTM,14,2011
2011-06-05,2011,6,16.49,17.2,17.75117467880249,2011-06-19,LSTM,14,2011
2011-06-06,2011,6,16.77,17.203,17.72579755306244,2011-06-20,LSTM,14,2011
2011-06-07,2011,6,17.21,17.19,17.899869821071626,2011-06-21,LSTM,14,2011
2011-06-08,2011,6,17.49,17.23,18.13428961277008,2011-06-22,LSTM,14,2011
2011-06-09,2011,6,17.59,17.33,18.354263927936554,2011-06-23,LSTM,14,2011
2011-06-10,2011,6,17.6,17.44,18.641218876838686,2011-06-24,LSTM,14,2011
2011-06-11,2011,6,17.6,17.46,18.610607838630678,2011-06-25,LSTM,14,2011
2011-06-12,2011,6,17.56,17.6,18.602033553123473,2011-06-26,LSTM,14,2011
2011-06-13,2011,6,17.39,17.75,18.67480100631714,2011-06-27,LSTM,14,2011
2011-06-14,2011,6,17.26,17.91,18.431499609947206,2011-06-28,LSTM,14,2011
2011-06-15,2011,6,17.16,17.93,18.18562153339386,2011-06-29,LSTM,14,2011
2011-06-16,2011,6,17.03,17.96,18.069849758148194,2011-06-30,LSTM,14,2011
2011-06-17,2011,6,17.05,18.08,17.934070336818696,2011-07-01,LSTM,14,2011
2011-06-18,2011,6,17.17,18.29,17.91265229701996,2011-07-02,LSTM,14,2011
2011-06-19,2011,6,17.2,18.47,17.84771431684494,2011-07-03,LSTM,14,2011
2011-06-20,2011,6,17.203,18.41,17.93599592733383,2011-07-04,LSTM,14,2011
2011-06-21,2011,6,17.19,18.43,18.094926776885988,2011-07-05,LSTM,14,2011
2011-06-22,2011,6,17.23,18.6,18.18179307460785,2011-07-06,LSTM,14,2011
2011-06-23,2011,6,17.33,18.84,18.28962870121002,2011-07-07,LSTM,14,2011
2011-06-24,2011,6,17.44,18.92,18.368144931793214,2011-07-08,LSTM,14,2011
2011-06-25,2011,6,17.46,18.99,18.319075248241425,2011-07-09,LSTM,14,2011
2011-06-26,2011,6,17.6,19.08,18.479836082458498,2011-07-10,LSTM,14,2011
2011-06-27,2011,6,17.75,19.13,18.790829062461853,2011-07-11,LSTM,14,2011
2011-06-28,2011,6,17.91,19.17,18.86577698945999,2011-07-12,LSTM,14,2011
2011-06-29,2011,6,17.93,19.24,18.936057620048523,2011-07-13,LSTM,14,2011
2011-06-30,2011,6,17.96,19.24,18.77493651866913,2011-07-14,LSTM,14,2011
2011-07-01,2011,7,18.08,19.28,18.997987406253813,2011-07-15,LSTM,14,2011
2011-07-02,2011,7,18.29,19.34,19.162834146022796,2011-07-16,LSTM,14,2011
2011-07-03,2011,7,18.47,19.4,19.242479951381682,2011-07-17,LSTM,14,2011
2011-07-04,2011,7,18.41,19.43,19.131206784248352,2011-07-18,LSTM,14,2011
2011-07-05,2011,7,18.43,19.48,18.863716773986816,2011-07-19,LSTM,14,2011
2011-07-06,2011,7,18.6,19.51,19.16139421463013,2011-07-20,LSTM,14,2011
2011-07-07,2011,7,18.84,19.57,19.252419945001602,2011-07-21,LSTM,14,2011
2011-07-08,2011,7,18.92,19.63,19.203640921115877,2011-07-22,LSTM,14,2011
2011-07-09,2011,7,18.99,19.64,19.055739661455153,2011-07-23,LSTM,14,2011
2011-07-10,2011,7,19.08,19.64,19.0329232122004,2011-07-24,LSTM,14,2011
2011-07-11,2011,7,19.13,19.65,18.914274712204932,2011-07-25,LSTM,14,2011
2011-07-12,2011,7,19.17,19.52,18.88222957968712,2011-07-26,LSTM,14,2011
2011-07-13,2011,7,19.24,19.41,18.917790254354475,2011-07-27,LSTM,14,2011
2011-07-14,2011,7,19.24,19.35,18.846906324625014,2011-07-28,LSTM,14,2011
2011-07-15,2011,7,19.28,19.22,18.85636770606041,2011-07-29,LSTM,14,2011
2011-07-16,2011,7,19.34,19.24,18.910104658603668,2011-07-30,LSTM,14,2011
2011-07-17,2011,7,19.4,19.25,18.92003091573715,2011-07-31,LSTM,14,2011
2011-09-08,2011,9,17.13,17.9,18.27043092727661,2011-09-22,LSTM,14,2011
2011-09-09,2011,9,17.1,17.78,18.144730186462404,2011-09-23,LSTM,14,2011
2011-09-10,2011,9,16.98,17.7,17.74971459388733,2011-09-24,LSTM,14,2011
2011-09-11,2011,9,17.0,17.62,18.101720094680786,2011-09-25,LSTM,14,2011
2011-09-12,2011,9,17.11,17.6,18.18004690170288,2011-09-26,LSTM,14,2011
2011-09-13,2011,9,17.19,17.84,18.10161847114563,2011-09-27,LSTM,14,2011
2011-09-14,2011,9,17.23,17.87,17.941175918579102,2011-09-28,LSTM,14,2011
2011-09-15,2011,9,17.24,17.89,17.767396023273466,2011-09-29,LSTM,14,2011
2011-09-16,2011,9,17.16,17.93,17.805331263542175,2011-09-30,LSTM,14,2011
2011-09-17,2011,9,17.25,17.99,17.820249378681183,2011-10-01,LSTM,14,2011
2011-09-18,2011,9,17.41,18.0,18.014126393795014,2011-10-02,LSTM,14,2011
2011-09-19,2011,9,17.71,17.98,18.111483714580537,2011-10-03,LSTM,14,2011
2011-09-20,2011,9,18.14,17.78,18.110284210518003,2011-10-04,LSTM,14,2011
2011-09-21,2011,9,18.09,17.66,17.591787185668945,2011-10-05,LSTM,14,2011
2011-09-22,2011,9,17.9,17.37,17.44291808605194,2011-10-06,LSTM,14,2011
2011-09-23,2011,9,17.78,17.11,17.64828498542309,2011-10-07,LSTM,14,2011
2011-09-24,2011,9,17.7,16.95,17.893503618240356,2011-10-08,LSTM,14,2011
2011-09-25,2011,9,17.62,16.81,17.61977047367429,2011-10-09,LSTM,14,2011
2011-09-26,2011,9,17.6,16.67,17.361106133461,2011-10-10,LSTM,14,2011
2011-09-27,2011,9,17.84,16.57,17.542463060617447,2011-10-11,LSTM,14,2011
2011-09-28,2011,9,17.87,16.45,17.159919435977937,2011-10-12,LSTM,14,2011
2011-09-29,2011,9,17.89,16.42,17.26765383720398,2011-10-13,LSTM,14,2011
2011-09-30,2011,9,17.93,16.25,17.33476244688034,2011-10-14,LSTM,14,2011
2011-10-01,2011,10,17.99,16.13,17.335937132835387,2011-10-15,LSTM,14,2011
2011-10-02,2011,10,18.0,16.05,17.210945069789886,2011-10-16,LSTM,14,2011
2011-10-03,2011,10,17.98,15.94,16.92985592365265,2011-10-17,LSTM,14,2011
2011-10-04,2011,10,17.78,15.84,16.614105134010316,2011-10-18,LSTM,14,2011
2011-10-05,2011,10,17.66,15.82,16.652393851280213,2011-10-19,LSTM,14,2011
2011-10-06,2011,10,17.37,15.76,16.680209929943086,2011-10-20,LSTM,14,2011
2011-10-07,2011,10,17.11,15.7,16.533586964607238,2011-10-21,LSTM,14,2011
2011-10-08,2011,10,16.95,15.7,16.201061141490936,2011-10-22,LSTM,14,2011
2011-10-09,2011,10,16.81,15.68,15.834813950061797,2011-10-23,LSTM,14,2011
2011-10-10,2011,10,16.67,15.68,15.5934756231308,2011-10-24,LSTM,14,2011
2011-10-11,2011,10,16.57,15.66,15.611487038135529,2011-10-25,LSTM,14,2011
2011-10-12,2011,10,16.45,15.6,15.43931849002838,2011-10-26,LSTM,14,2011
2011-10-13,2011,10,16.42,15.52,15.634324593544008,2011-10-27,LSTM,14,2011
2011-10-14,2011,10,16.25,15.45,15.392026424407959,2011-10-28,LSTM,14,2011
2011-10-15,2011,10,16.13,15.42,15.368630175590514,2011-10-29,LSTM,14,2011
2011-10-16,2011,10,16.05,15.38,15.461420166492463,2011-10-30,LSTM,14,2011
2011-10-17,2011,10,15.94,15.35,15.359286787509918,2011-10-31,LSTM,14,2011
2011-10-18,2011,10,15.84,15.3,15.263743784427643,2011-11-01,LSTM,14,2011
2011-10-19,2011,10,15.82,15.22,15.232375628948212,2011-11-02,LSTM,14,2011
2011-10-20,2011,10,15.76,15.16,15.089043090343475,2011-11-03,LSTM,14,2011
2011-10-21,2011,10,15.7,15.1,14.95634342432022,2011-11-04,LSTM,14,2011
2011-10-22,2011,10,15.7,15.03,14.996593189239501,2011-11-05,LSTM,14,2011
2011-10-23,2011,10,15.68,14.98,14.986302845478058,2011-11-06,LSTM,14,2011
2011-10-24,2011,10,15.68,14.95,14.953881077766418,2011-11-07,LSTM,14,2011
2011-10-25,2011,10,15.66,14.9,14.880624625682831,2011-11-08,LSTM,14,2011
2011-10-26,2011,10,15.6,14.83,14.751958048343658,2011-11-09,LSTM,14,2011
2011-10-27,2011,10,15.52,14.77,14.617235977649688,2011-11-10,LSTM,14,2011
2011-10-28,2011,10,15.45,14.68,14.573981237411498,2011-11-11,LSTM,14,2011
2011-10-29,2011,10,15.42,14.6,14.63620512008667,2011-11-12,LSTM,14,2011
2011-10-30,2011,10,15.38,14.55,14.622614328861237,2011-11-13,LSTM,14,2011
2011-10-31,2011,10,15.35,14.5,14.63214418888092,2011-11-14,LSTM,14,2011
2011-11-01,2011,11,15.3,14.45,14.614740836620332,2011-11-15,LSTM,14,2011
2011-11-02,2011,11,15.22,14.41,14.50572428226471,2011-11-16,LSTM,14,2011
2011-11-03,2011,11,15.16,14.38,14.470643136501312,2011-11-17,LSTM,14,2011
2011-11-04,2011,11,15.1,14.32,14.441759383678436,2011-11-18,LSTM,14,2011
2011-11-05,2011,11,15.03,14.32,14.3836137342453,2011-11-19,LSTM,14,2011
2011-11-06,2011,11,14.98,14.31,14.371182661056519,2011-11-20,LSTM,14,2011
2011-11-07,2011,11,14.95,14.27,14.402739477157592,2011-11-21,LSTM,14,2011
2011-11-08,2011,11,14.9,14.24,14.367510879039765,2011-11-22,LSTM,14,2011
2011-11-09,2011,11,14.83,14.21,14.270093398094177,2011-11-23,LSTM,14,2011
2011-11-10,2011,11,14.77,14.2,14.219782133102417,2011-11-24,LSTM,14,2011
2011-11-11,2011,11,14.68,14.18,14.120465152263641,2011-11-25,LSTM,14,2011
2011-11-12,2011,11,14.6,14.16,14.03785262107849,2011-11-26,LSTM,14,2011
2011-11-13,2011,11,14.55,14.12,14.0202388048172,2011-11-27,LSTM,14,2011
2011-11-14,2011,11,14.5,14.08,13.998989641666412,2011-11-28,LSTM,14,2011
2011-11-15,2011,11,14.45,14.04,13.955695521831512,2011-11-29,LSTM,14,2011
2011-11-16,2011,11,14.41,14.0,13.928034964799881,2011-11-30,LSTM,14,2011
2011-11-17,2011,11,14.38,13.98,13.919782822132111,2011-12-01,LSTM,14,2011
2011-11-18,2011,11,14.32,13.96,13.839220143556595,2011-12-02,LSTM,14,2011
2011-11-19,2011,11,14.32,13.92,13.844071484804154,2011-12-03,LSTM,14,2011
2011-11-20,2011,11,14.31,13.88,13.864683834314347,2011-12-04,LSTM,14,2011
2011-11-21,2011,11,14.27,13.86,13.805989373922348,2011-12-05,LSTM,14,2011
2011-11-22,2011,11,14.24,13.84,13.772234996557236,2011-12-06,LSTM,14,2011
2011-11-23,2011,11,14.21,13.81,13.754477045536042,2011-12-07,LSTM,14,2011
2011-11-24,2011,11,14.2,13.78,13.751272481679916,2011-12-08,LSTM,14,2011
2011-11-25,2011,11,14.18,13.75,13.725166462659836,2011-12-09,LSTM,14,2011
2011-11-26,2011,11,14.16,13.72,13.712922517061234,2011-12-10,LSTM,14,2011
2011-11-27,2011,11,14.12,13.7,13.683404738903045,2011-12-11,LSTM,14,2011
2011-11-28,2011,11,14.08,13.69,13.635047988891602,2011-12-12,LSTM,14,2011
2011-11-29,2011,11,14.04,13.66,13.598257728815078,2011-12-13,LSTM,14,2011
2011-11-30,2011,11,14.0,13.64,13.557398438453674,2011-12-14,LSTM,14,2011
2011-12-01,2011,12,13.98,13.62,13.552725594043732,2011-12-15,LSTM,14,2011
2011-12-02,2011,12,13.96,13.6,13.54914390206337,2011-12-16,LSTM,14,2011
2011-12-03,2011,12,13.92,13.58,13.509763224124908,2011-12-17,LSTM,14,2011
2011-12-04,2011,12,13.88,13.58,13.4656291949749,2011-12-18,LSTM,14,2011
2011-12-05,2011,12,13.86,13.57,13.459709779024124,2011-12-19,LSTM,14,2011
2011-12-06,2011,12,13.84,13.56,13.449409511089325,2011-12-20,LSTM,14,2011
2011-12-07,2011,12,13.81,13.52,13.413462964296341,2011-12-21,LSTM,14,2011
2011-12-08,2011,12,13.78,13.5,13.387762783765792,2011-12-22,LSTM,14,2011
2011-12-09,2011,12,13.75,13.48,13.368269205093384,2011-12-23,LSTM,14,2011
2011-12-10,2011,12,13.72,13.46,13.33945304274559,2011-12-24,LSTM,14,2011
2011-12-11,2011,12,13.7,13.44,13.322037440538406,2011-12-25,LSTM,14,2011
2011-12-12,2011,12,13.69,13.42,13.323727818727493,2011-12-26,LSTM,14,2011
2011-12-13,2011,12,13.66,13.39,13.298721913099289,2011-12-27,LSTM,14,2011
2011-12-14,2011,12,13.64,13.37,13.279374345541001,2011-12-28,LSTM,14,2011
2011-12-15,2011,12,13.62,13.35,13.269907141923904,2011-12-29,LSTM,14,2011
2011-12-16,2011,12,13.6,13.33,13.25133574604988,2011-12-30,LSTM,14,2011
2011-12-17,2011,12,13.58,13.31,13.23282142162323,2011-12-31,LSTM,14,2011
2011-12-18,2011,12,13.58,13.28,13.237701879739761,2012-01-01,LSTM,14,2011
2011-12-19,2011,12,13.57,13.24,13.241854794025421,2012-01-02,LSTM,14,2011
2011-12-20,2011,12,13.56,13.22,13.230123249292374,2012-01-03,LSTM,14,2011
2011-12-21,2011,12,13.52,13.21,13.19179736495018,2012-01-04,LSTM,14,2011
2011-12-22,2011,12,13.5,13.2,13.171124428510666,2012-01-05,LSTM,14,2011
2011-12-23,2011,12,13.48,13.19,13.16185630440712,2012-01-06,LSTM,14,2011
2011-12-24,2011,12,13.46,13.18,13.139758548736573,2012-01-07,LSTM,14,2011
2011-12-25,2011,12,13.44,13.16,13.12797868490219,2012-01-08,LSTM,14,2011
2011-12-26,2011,12,13.42,13.15,13.115266246795654,2012-01-09,LSTM,14,2011
2011-12-27,2011,12,13.39,13.13,13.0914140188694,2012-01-10,LSTM,14,2011
2011-12-28,2011,12,13.37,13.12,13.070054109096526,2012-01-11,LSTM,14,2011
2011-12-29,2011,12,13.35,13.11,13.057084834575653,2012-01-12,LSTM,14,2011
2011-12-30,2011,12,13.33,13.1,13.039591120481491,2012-01-13,LSTM,14,2011
2011-12-31,2011,12,13.31,13.09,13.023689267635346,2012-01-14,LSTM,14,2011
2012-01-01,2012,1,13.28,13.08,12.971225230693816,2012-01-15,LSTM,14,2012
2012-01-02,2012,1,13.24,13.07,12.927321037054062,2012-01-16,LSTM,14,2012
2012-01-03,2012,1,13.22,13.05,12.915641040802003,2012-01-17,LSTM,14,2012
2012-01-04,2012,1,13.21,13.02,12.922827146053315,2012-01-18,LSTM,14,2012
2012-01-05,2012,1,13.2,13.0,12.919197392463683,2012-01-19,LSTM,14,2012
2012-01-06,2012,1,13.19,12.99,12.913146855831146,2012-01-20,LSTM,14,2012
2012-01-07,2012,1,13.18,12.99,12.907935791015625,2012-01-21,LSTM,14,2012
2012-01-08,2012,1,13.16,12.97,12.886057082414627,2012-01-22,LSTM,14,2012
2012-01-09,2012,1,13.15,12.95,12.875046694278717,2012-01-23,LSTM,14,2012
2012-01-10,2012,1,13.13,12.93,12.856200461387635,2012-01-24,LSTM,14,2012
2012-01-11,2012,1,13.12,12.91,12.851686621904372,2012-01-25,LSTM,14,2012
2012-01-12,2012,1,13.11,12.89,12.848830864429473,2012-01-26,LSTM,14,2012
2012-01-13,2012,1,13.1,12.87,12.842549866437912,2012-01-27,LSTM,14,2012
2012-01-14,2012,1,13.09,12.86,12.836986359357834,2012-01-28,LSTM,14,2012
2012-01-15,2012,1,13.08,12.86,12.828625189065933,2012-01-29,LSTM,14,2012
2012-01-16,2012,1,13.07,12.88,12.822793669700623,2012-01-30,LSTM,14,2012
2012-01-17,2012,1,13.05,12.88,12.802948343753815,2012-01-31,LSTM,14,2012
2012-01-18,2012,1,13.02,12.87,12.77521832704544,2012-02-01,LSTM,14,2012
2012-01-19,2012,1,13.0,12.85,12.762253671884537,2012-02-02,LSTM,14,2012
2012-01-20,2012,1,12.99,12.84,12.762900387644768,2012-02-03,LSTM,14,2012
2012-01-21,2012,1,12.99,12.82,12.77007434308529,2012-02-04,LSTM,14,2012
2012-01-22,2012,1,12.97,12.81,12.751983837485314,2012-02-05,LSTM,14,2012
2012-01-23,2012,1,12.95,12.79,12.735355642437934,2012-02-06,LSTM,14,2012
2012-01-24,2012,1,12.93,12.78,12.72136934876442,2012-02-07,LSTM,14,2012
2012-01-25,2012,1,12.91,12.77,12.702921081185341,2012-02-08,LSTM,14,2012
2012-01-26,2012,1,12.89,12.76,12.68697147011757,2012-02-09,LSTM,14,2012
2012-01-27,2012,1,12.87,12.75,12.673815901279449,2012-02-10,LSTM,14,2012
2012-01-28,2012,1,12.86,12.74,12.674135149121284,2012-02-11,LSTM,14,2012
2012-01-29,2012,1,12.86,12.73,12.679206818938255,2012-02-12,LSTM,14,2012
2012-01-30,2012,1,12.88,12.72,12.691734899878503,2012-02-13,LSTM,14,2012
2012-01-31,2012,1,12.88,12.71,12.690588389635087,2012-02-14,LSTM,14,2012
2012-02-01,2012,2,12.87,12.71,12.685934717655181,2012-02-15,LSTM,14,2012
2012-02-02,2012,2,12.85,12.71,12.671825101971626,2012-02-16,LSTM,14,2012
2012-02-03,2012,2,12.84,12.7,12.666067000627518,2012-02-17,LSTM,14,2012
2012-02-04,2012,2,12.82,12.7,12.658573977351189,2012-02-18,LSTM,14,2012
2012-02-05,2012,2,12.81,12.7,12.65788864850998,2012-02-19,LSTM,14,2012
2012-02-06,2012,2,12.79,12.72,12.658817672133445,2012-02-20,LSTM,14,2012
2012-02-07,2012,2,12.78,12.72,12.658051854670047,2012-02-21,LSTM,14,2012
2012-02-08,2012,2,12.77,12.7,12.66130162447691,2012-02-22,LSTM,14,2012
2012-02-09,2012,2,12.76,12.69,12.660724157691002,2012-02-23,LSTM,14,2012
2012-02-10,2012,2,12.75,12.66,12.663817152380943,2012-02-24,LSTM,14,2012
2012-02-11,2012,2,12.74,12.64,12.666718570291996,2012-02-25,LSTM,14,2012
2012-02-12,2012,2,12.73,12.62,12.673241957575083,2012-02-26,LSTM,14,2012
2012-02-13,2012,2,12.72,12.61,12.680469473153353,2012-02-27,LSTM,14,2012
2012-02-14,2012,2,12.71,12.63,12.691616588309408,2012-02-28,LSTM,14,2012
2012-02-15,2012,2,12.71,12.64,12.710989008462057,2012-02-29,LSTM,14,2012
2012-02-16,2012,2,12.71,12.64,12.740279034748674,2012-03-01,LSTM,14,2012
2012-02-17,2012,2,12.7,12.63,12.760366876423358,2012-03-02,LSTM,14,2012
2012-02-18,2012,2,12.7,12.62,12.780980964004993,2012-03-03,LSTM,14,2012
2012-02-19,2012,2,12.7,12.62,12.813874606788158,2012-03-04,LSTM,14,2012
2012-02-20,2012,2,12.72,12.66,12.842480042278767,2012-03-05,LSTM,14,2012
2012-02-21,2012,2,12.72,12.7,12.885010273456574,2012-03-06,LSTM,14,2012
2012-02-22,2012,2,12.7,12.73,12.900146958231925,2012-03-07,LSTM,14,2012
2012-02-23,2012,2,12.69,12.77,12.906863632202148,2012-03-08,LSTM,14,2012
2012-02-24,2012,2,12.66,12.81,12.899813029766083,2012-03-09,LSTM,14,2012
2012-02-25,2012,2,12.64,12.85,12.904524787664414,2012-03-10,LSTM,14,2012
2012-02-26,2012,2,12.62,12.88,12.911992247104644,2012-03-11,LSTM,14,2012
2012-02-27,2012,2,12.61,12.88,12.935149446725845,2012-03-12,LSTM,14,2012
2012-02-28,2012,2,12.63,12.87,12.98095700621605,2012-03-13,LSTM,14,2012
2012-02-29,2012,2,12.64,12.84,13.00528292298317,2012-03-14,LSTM,14,2012
2012-03-01,2012,3,12.64,12.84,13.015815093517304,2012-03-15,LSTM,14,2012
2012-03-02,2012,3,12.63,12.86,13.004830722808839,2012-03-16,LSTM,14,2012
2012-03-03,2012,3,12.62,12.94,13.000254536867141,2012-03-17,LSTM,14,2012
2012-03-04,2012,3,12.62,12.98,13.00924017548561,2012-03-18,LSTM,14,2012
2012-03-05,2012,3,12.66,13.0,13.06481784939766,2012-03-19,LSTM,14,2012
2012-03-06,2012,3,12.7,12.99,13.118870866298675,2012-03-20,LSTM,14,2012
2012-03-07,2012,3,12.73,12.95,13.15789089679718,2012-03-21,LSTM,14,2012
2012-03-08,2012,3,12.77,12.94,13.195235718488693,2012-03-22,LSTM,14,2012
2012-03-09,2012,3,12.81,12.94,13.218785551786423,2012-03-23,LSTM,14,2012
2012-03-10,2012,3,12.85,12.96,13.240742510557174,2012-03-24,LSTM,14,2012
2012-03-11,2012,3,12.88,12.98,13.269735758304597,2012-03-25,LSTM,14,2012
2012-03-12,2012,3,12.88,13.0,13.304444139003754,2012-03-26,LSTM,14,2012
2012-03-13,2012,3,12.87,13.01,13.31407883286476,2012-03-27,LSTM,14,2012
2012-03-14,2012,3,12.84,13.02,13.304464724063873,2012-03-28,LSTM,14,2012
2012-03-15,2012,3,12.84,13.04,13.336095538139343,2012-03-29,LSTM,14,2012
2012-03-16,2012,3,12.86,13.05,13.375041530132293,2012-03-30,LSTM,14,2012
2012-03-17,2012,3,12.94,13.1,13.519348623752593,2012-03-31,LSTM,14,2012
2012-03-18,2012,3,12.98,13.15,13.611511569023133,2012-04-01,LSTM,14,2012
2012-03-19,2012,3,13.0,13.19,13.619216740131378,2012-04-02,LSTM,14,2012
2012-03-20,2012,3,12.99,13.23,13.604403665065766,2012-04-03,LSTM,14,2012
2012-03-21,2012,3,12.95,13.24,13.624037098884582,2012-04-04,LSTM,14,2012
2012-03-22,2012,3,12.94,13.24,13.656237425804138,2012-04-05,LSTM,14,2012
2012-03-23,2012,3,12.94,13.4,13.639959695339202,2012-04-06,LSTM,14,2012
2012-03-24,2012,3,12.96,13.5,13.726759216785432,2012-04-07,LSTM,14,2012
2012-03-25,2012,3,12.98,13.62,13.81915674686432,2012-04-08,LSTM,14,2012
2012-03-26,2012,3,13.0,13.67,13.885097026824951,2012-04-09,LSTM,14,2012
2012-03-27,2012,3,13.01,13.68,13.93308783531189,2012-04-10,LSTM,14,2012
2012-03-28,2012,3,13.02,13.69,13.965099472999572,2012-04-11,LSTM,14,2012
2012-03-29,2012,3,13.04,13.74,14.030707337856292,2012-04-12,LSTM,14,2012
2012-03-30,2012,3,13.05,13.8,14.072464156150819,2012-04-13,LSTM,14,2012
2012-03-31,2012,3,13.1,13.89,14.174248433113098,2012-04-14,LSTM,14,2012
2012-04-01,2012,4,13.15,14.0,14.26737847328186,2012-04-15,LSTM,14,2012
2012-04-02,2012,4,13.19,14.13,14.321167411804199,2012-04-16,LSTM,14,2012
2012-04-03,2012,4,13.23,14.18,14.367966990470887,2012-04-17,LSTM,14,2012
2012-04-04,2012,4,13.24,14.18,14.383400311470032,2012-04-18,LSTM,14,2012
2012-04-05,2012,4,13.24,14.17,14.380761733055115,2012-04-19,LSTM,14,2012
2012-04-06,2012,4,13.4,14.35,14.567358040809632,2012-04-20,LSTM,14,2012
2012-04-07,2012,4,13.5,14.6,14.60047698020935,2012-04-21,LSTM,14,2012
2012-04-08,2012,4,13.62,14.87,14.67008852481842,2012-04-22,LSTM,14,2012
2012-04-09,2012,4,13.67,15.12,14.548970384597778,2012-04-23,LSTM,14,2012
2012-04-10,2012,4,13.68,15.17,14.521009974479675,2012-04-24,LSTM,14,2012
2012-04-11,2012,4,13.69,15.18,14.575375678539276,2012-04-25,LSTM,14,2012
2012-04-12,2012,4,13.74,15.19,14.726079514026642,2012-04-26,LSTM,14,2012
2012-04-13,2012,4,13.8,15.19,14.86427538394928,2012-04-27,LSTM,14,2012
2012-04-14,2012,4,13.89,15.12,14.95649136543274,2012-04-28,LSTM,14,2012
2012-04-15,2012,4,14.0,15.11,15.049623608589172,2012-04-29,LSTM,14,2012
2012-04-16,2012,4,14.13,15.29,15.155108575820924,2012-04-30,LSTM,14,2012
2012-04-17,2012,4,14.18,15.52,15.040259592533111,2012-05-01,LSTM,14,2012
2012-04-18,2012,4,14.18,15.59,14.986082963943481,2012-05-02,LSTM,14,2012
2012-04-19,2012,4,14.17,15.64,15.034167869091034,2012-05-03,LSTM,14,2012
2012-04-20,2012,4,14.35,15.79,15.41936502456665,2012-05-04,LSTM,14,2012
2012-04-21,2012,4,14.6,15.91,15.652924156188964,2012-05-05,LSTM,14,2012
2012-04-22,2012,4,14.87,16.04,15.71964245557785,2012-05-06,LSTM,14,2012
2012-04-23,2012,4,15.12,16.08,16.08705341339111,2012-05-07,LSTM,14,2012
2012-04-24,2012,4,15.17,16.04,15.474226666688919,2012-05-08,LSTM,14,2012
2012-04-25,2012,4,15.18,15.93,15.571448318958282,2012-05-09,LSTM,14,2012
2012-04-26,2012,4,15.19,15.79,15.434676396250724,2012-05-10,LSTM,14,2012
2012-04-27,2012,4,15.19,15.66,15.48945033788681,2012-05-11,LSTM,14,2012
2012-04-28,2012,4,15.12,15.52,15.397843862771987,2012-05-12,LSTM,14,2012
2012-04-29,2012,4,15.11,15.35,15.605793491601943,2012-05-13,LSTM,14,2012
2012-04-30,2012,4,15.29,15.22,16.004817643165588,2012-05-14,LSTM,14,2012
2012-05-01,2012,5,15.52,15.14,15.97990565419197,2012-05-15,LSTM,14,2012
2012-05-02,2012,5,15.59,15.1,15.887149240970611,2012-05-16,LSTM,14,2012
2012-05-03,2012,5,15.64,15.17,16.095643713474274,2012-05-17,LSTM,14,2012
2012-05-04,2012,5,15.79,15.26,16.36562267780304,2012-05-18,LSTM,14,2012
2012-05-05,2012,5,15.91,15.37,16.443116400241852,2012-05-19,LSTM,14,2012
2012-05-06,2012,5,16.04,15.6,16.60760537624359,2012-05-20,LSTM,14,2012
2012-05-07,2012,5,16.08,16.3,16.455537425279616,2012-05-21,LSTM,14,2012
2012-05-08,2012,5,16.04,16.64,16.389251627922057,2012-05-22,LSTM,14,2012
2012-05-09,2012,5,15.93,16.67,16.167405449151993,2012-05-23,LSTM,14,2012
2012-05-10,2012,5,15.79,16.5,16.267232366800307,2012-05-24,LSTM,14,2012
2012-05-11,2012,5,15.66,16.27,16.369928929805756,2012-05-25,LSTM,14,2012
2012-05-12,2012,5,15.52,16.14,16.52308072566986,2012-05-26,LSTM,14,2012
2012-05-13,2012,5,15.35,16.04,16.800449943542482,2012-05-27,LSTM,14,2012
2012-05-14,2012,5,15.22,16.03,16.82448145866394,2012-05-28,LSTM,14,2012
2012-05-15,2012,5,15.14,16.04,16.604500308036805,2012-05-29,LSTM,14,2012
2012-05-16,2012,5,15.1,16.06,16.393164014816286,2012-05-30,LSTM,14,2012
2012-05-17,2012,5,15.17,16.12,16.436686439514162,2012-05-31,LSTM,14,2012
2012-05-18,2012,5,15.26,16.2,16.59351635932922,2012-06-01,LSTM,14,2012
2012-05-19,2012,5,15.37,16.24,16.701734299659726,2012-06-02,LSTM,14,2012
2012-05-20,2012,5,15.6,16.27,16.915307378768922,2012-06-03,LSTM,14,2012
2012-05-21,2012,5,16.3,16.29,16.546261924505234,2012-06-04,LSTM,14,2012
2012-05-22,2012,5,16.64,16.47,16.53114049822092,2012-06-05,LSTM,14,2012
2012-05-23,2012,5,16.67,16.9,15.991492135524751,2012-06-06,LSTM,14,2012
2012-05-24,2012,5,16.5,17.25,16.424669951200485,2012-06-07,LSTM,14,2012
2012-05-25,2012,5,16.27,17.88,16.181385782063007,2012-06-08,LSTM,14,2012
2012-05-26,2012,5,16.14,18.28,16.34018281042576,2012-06-09,LSTM,14,2012
2012-05-27,2012,5,16.04,18.37,16.180790179371833,2012-06-10,LSTM,14,2012
2012-05-28,2012,5,16.03,18.34,16.53871390104294,2012-06-11,LSTM,14,2012
2012-05-29,2012,5,16.04,18.09,17.00616268157959,2012-06-12,LSTM,14,2012
2012-05-30,2012,5,16.06,17.88,17.127662954330443,2012-06-13,LSTM,14,2012
2012-05-31,2012,5,16.12,17.66,17.23774742603302,2012-06-14,LSTM,14,2012
2012-06-01,2012,6,16.2,17.97,17.414493989944457,2012-06-15,LSTM,14,2012
2012-06-02,2012,6,16.24,18.33,17.46906196117401,2012-06-16,LSTM,14,2012
2012-06-03,2012,6,16.27,18.56,17.53056158542633,2012-06-17,LSTM,14,2012
2012-06-04,2012,6,16.29,18.79,17.5511448764801,2012-06-18,LSTM,14,2012
2012-06-05,2012,6,16.47,18.89,17.77122673511505,2012-06-19,LSTM,14,2012
2012-06-06,2012,6,16.9,18.76,18.092438721656798,2012-06-20,LSTM,14,2012
2012-06-07,2012,6,17.25,18.48,18.218035221099854,2012-06-21,LSTM,14,2012
2012-06-08,2012,6,17.88,18.32,18.56860465288162,2012-06-22,LSTM,14,2012
2012-06-09,2012,6,18.28,18.29,18.59176432967186,2012-06-23,LSTM,14,2012
2012-06-10,2012,6,18.37,18.43,18.291894356608392,2012-06-24,LSTM,14,2012
2012-06-11,2012,6,18.34,18.57,18.65465655565262,2012-06-25,LSTM,14,2012
2012-06-12,2012,6,18.09,18.8,18.324374344348907,2012-06-26,LSTM,14,2012
2012-06-13,2012,6,17.88,19.58,18.526568775177,2012-06-27,LSTM,14,2012
2012-06-14,2012,6,17.66,20.12,18.584516141414642,2012-06-28,LSTM,14,2012
2012-06-15,2012,6,17.97,20.43,18.85870996236801,2012-06-29,LSTM,14,2012
2012-06-16,2012,6,18.33,20.56,18.76601584434509,2012-06-30,LSTM,14,2012
2012-06-17,2012,6,18.56,20.56,18.95445850253105,2012-07-01,LSTM,14,2012
2012-06-18,2012,6,18.79,20.45,19.2342221224308,2012-07-02,LSTM,14,2012
2012-06-19,2012,6,18.89,20.09,19.408094182014466,2012-07-03,LSTM,14,2012
2012-06-20,2012,6,18.76,19.65,19.44011283874512,2012-07-04,LSTM,14,2012
2012-06-21,2012,6,18.48,19.27,18.925695370435715,2012-07-05,LSTM,14,2012
2012-06-22,2012,6,18.32,19.14,19.210495121479035,2012-07-06,LSTM,14,2012
2012-06-23,2012,6,18.29,19.25,19.011291363239287,2012-07-07,LSTM,14,2012
2012-06-24,2012,6,18.43,19.22,18.897919319868087,2012-07-08,LSTM,14,2012
2012-06-25,2012,6,18.57,19.13,19.21698964357376,2012-07-09,LSTM,14,2012
2012-06-26,2012,6,18.8,19.07,19.536956655979157,2012-07-10,LSTM,14,2012
2012-06-27,2012,6,19.58,19.04,19.8495976793766,2012-07-11,LSTM,14,2012
2012-06-28,2012,6,20.12,19.11,19.92553948879242,2012-07-12,LSTM,14,2012
2012-06-29,2012,6,20.43,19.18,19.996626220941543,2012-07-13,LSTM,14,2012
2012-06-30,2012,6,20.56,19.27,19.445963797569274,2012-07-14,LSTM,14,2012
2012-07-01,2012,7,20.56,19.31,18.96870726108551,2012-07-15,LSTM,14,2012
2012-07-02,2012,7,20.45,19.47,18.477474522590636,2012-07-16,LSTM,14,2012
2012-07-03,2012,7,20.09,19.79,17.960335578918457,2012-07-17,LSTM,14,2012
2012-07-04,2012,7,19.65,19.87,18.978908264636992,2012-07-18,LSTM,14,2012
2012-07-05,2012,7,19.27,19.84,19.39300504744053,2012-07-19,LSTM,14,2012
2012-07-06,2012,7,19.14,19.9,18.153892590999604,2012-07-20,LSTM,14,2012
2012-07-07,2012,7,19.25,19.98,18.470512986183167,2012-07-21,LSTM,14,2012
2012-07-08,2012,7,19.22,19.94,18.613918514251708,2012-07-22,LSTM,14,2012
2012-07-09,2012,7,19.13,19.85,18.69798607110977,2012-07-23,LSTM,14,2012
2012-07-10,2012,7,19.07,19.76,19.010749160945416,2012-07-24,LSTM,14,2012
2012-07-11,2012,7,19.04,19.67,19.06748279646039,2012-07-25,LSTM,14,2012
2012-07-12,2012,7,19.11,19.55,19.1170982594043,2012-07-26,LSTM,14,2012
2012-07-13,2012,7,19.18,19.52,19.1183835606277,2012-07-27,LSTM,14,2012
2012-07-14,2012,7,19.27,19.5,19.158058736920356,2012-07-28,LSTM,14,2012
2012-07-15,2012,7,19.31,19.44,19.198861656188964,2012-07-29,LSTM,14,2012
2012-07-16,2012,7,19.47,19.44,19.43421919390559,2012-07-30,LSTM,14,2012
2012-07-17,2012,7,19.79,19.4,19.505612202882766,2012-07-31,LSTM,14,2012
2012-07-18,2012,7,19.87,19.34,19.096796329021455,2012-08-01,LSTM,14,2012
2012-07-19,2012,7,19.84,19.3,19.148747589588165,2012-08-02,LSTM,14,2012
2012-07-20,2012,7,19.9,19.2,19.335707807540892,2012-08-03,LSTM,14,2012
2012-07-21,2012,7,19.98,19.19,19.174184601306916,2012-08-04,LSTM,14,2012
2012-07-22,2012,7,19.94,19.18,19.107984008789064,2012-08-05,LSTM,14,2012
2012-07-23,2012,7,19.85,19.18,19.108806467056276,2012-08-06,LSTM,14,2012
2012-07-24,2012,7,19.76,19.15,19.18743265628815,2012-08-07,LSTM,14,2012
2012-07-25,2012,7,19.67,19.12,19.143470807075502,2012-08-08,LSTM,14,2012
2012-07-26,2012,7,19.55,19.09,18.923030185699464,2012-08-09,LSTM,14,2012
2012-07-27,2012,7,19.52,19.03,19.018185634613037,2012-08-10,LSTM,14,2012
2012-07-28,2012,7,19.5,18.93,19.1868577003479,2012-08-11,LSTM,14,2012
2012-07-29,2012,7,19.44,18.83,19.052484484910966,2012-08-12,LSTM,14,2012
2012-07-30,2012,7,19.44,18.67,19.186498048305513,2012-08-13,LSTM,14,2012
2012-07-31,2012,7,19.4,18.62,19.216539719700812,2012-08-14,LSTM,14,2012
2012-08-01,2012,8,19.34,18.57,19.082018163204193,2012-08-15,LSTM,14,2012
2012-08-02,2012,8,19.3,18.44,19.091635870933533,2012-08-16,LSTM,14,2012
2012-08-03,2012,8,19.2,18.31,18.862653684616088,2012-08-17,LSTM,14,2012
2012-08-04,2012,8,19.19,18.2,18.987203689813615,2012-08-18,LSTM,14,2012
2012-08-05,2012,8,19.18,18.12,19.16347282409668,2012-08-19,LSTM,14,2012
2012-08-06,2012,8,19.18,18.05,19.16497324436903,2012-08-20,LSTM,14,2012
2012-08-07,2012,8,19.15,18.0,19.104166710376738,2012-08-21,LSTM,14,2012
2012-08-08,2012,8,19.12,18.16,19.077130514085294,2012-08-22,LSTM,14,2012
2012-08-09,2012,8,19.09,18.26,19.10945873349905,2012-08-23,LSTM,14,2012
2012-08-10,2012,8,19.03,18.45,18.94074562072754,2012-08-24,LSTM,14,2012
2012-08-11,2012,8,18.93,18.51,18.65405058145523,2012-08-25,LSTM,14,2012
2012-08-12,2012,8,18.83,18.7,18.51285349011421,2012-08-26,LSTM,14,2012
2012-08-13,2012,8,18.67,18.89,18.238568348884584,2012-08-27,LSTM,14,2012
2012-08-14,2012,8,18.62,19.04,18.364181096553803,2012-08-28,LSTM,14,2012
2012-08-15,2012,8,18.57,19.08,18.48028293967247,2012-08-29,LSTM,14,2012
2012-08-16,2012,8,18.44,19.08,18.155791791677476,2012-08-30,LSTM,14,2012
2012-08-17,2012,8,18.31,19.01,18.018459615707396,2012-08-31,LSTM,14,2012
2012-08-18,2012,8,18.2,18.89,18.02294701039791,2012-09-01,LSTM,14,2012
2012-08-19,2012,8,18.12,18.79,18.08496058255434,2012-09-02,LSTM,14,2012
2012-08-20,2012,8,18.05,18.81,18.124770085513592,2012-09-03,LSTM,14,2012
2012-08-21,2012,8,18.0,18.82,18.180899128317833,2012-09-04,LSTM,14,2012
2012-08-22,2012,8,18.16,18.74,18.92795107126236,2012-09-05,LSTM,14,2012
2012-08-23,2012,8,18.26,18.83,18.85835433959961,2012-09-06,LSTM,14,2012
2012-08-24,2012,8,18.45,18.87,19.197886657714843,2012-09-07,LSTM,14,2012
2012-08-25,2012,8,18.51,18.87,19.085202226638796,2012-09-08,LSTM,14,2012
2012-08-26,2012,8,18.7,18.72,19.214845132827758,2012-09-09,LSTM,14,2012
2012-08-27,2012,8,18.89,18.46,18.948408420532942,2012-09-10,LSTM,14,2012
2012-08-28,2012,8,19.04,18.2,19.044780925810336,2012-09-11,LSTM,14,2012
2012-08-29,2012,8,19.08,18.04,19.049438936561344,2012-09-12,LSTM,14,2012
2012-08-30,2012,8,19.08,17.92,19.123322347104548,2012-09-13,LSTM,14,2012
2012-08-31,2012,8,19.01,18.13,18.88424011528492,2012-09-14,LSTM,14,2012
2012-09-01,2012,9,18.89,18.19,18.59376354455948,2012-09-15,LSTM,14,2012
2012-09-02,2012,9,18.79,18.82,18.46103201150894,2012-09-16,LSTM,14,2012
2012-09-03,2012,9,18.81,19.13,18.761111424714326,2012-09-17,LSTM,14,2012
2012-09-04,2012,9,18.82,19.22,18.78786291152239,2012-09-18,LSTM,14,2012
2012-09-05,2012,9,18.74,19.24,18.501484831571577,2012-09-19,LSTM,14,2012
2012-09-06,2012,9,18.83,19.16,18.842658479623495,2012-09-20,LSTM,14,2012
2012-09-07,2012,9,18.87,19.28,18.707907493114472,2012-09-21,LSTM,14,2012
2012-09-08,2012,9,18.87,19.48,18.653131554722787,2012-09-22,LSTM,14,2012
2012-09-09,2012,9,18.72,19.66,18.264268131256102,2012-09-23,LSTM,14,2012
2012-09-10,2012,9,18.46,19.81,17.76475777387619,2012-09-24,LSTM,14,2012
2012-09-11,2012,9,18.2,20.08,17.507903349399566,2012-09-25,LSTM,14,2012
2012-09-12,2012,9,18.04,20.27,17.744369455575942,2012-09-26,LSTM,14,2012
2012-09-13,2012,9,17.92,20.45,17.739504946470262,2012-09-27,LSTM,14,2012
2012-09-14,2012,9,18.13,20.46,18.07030511751771,2012-09-28,LSTM,14,2012
2012-09-15,2012,9,18.19,20.37,17.912071409225465,2012-09-29,LSTM,14,2012
2012-09-16,2012,9,18.82,20.08,18.335275597572327,2012-09-30,LSTM,14,2012
2012-11-08,2012,11,15.26,14.56,14.630097637176513,2012-11-22,LSTM,14,2012
2012-11-09,2012,11,15.18,14.5,14.540386967658996,2012-11-23,LSTM,14,2012
2012-11-10,2012,11,15.09,14.45,14.409690346717834,2012-11-24,LSTM,14,2012
2012-11-11,2012,11,15.03,14.41,14.396934835910796,2012-11-25,LSTM,14,2012
2012-11-12,2012,11,15.03,14.38,14.51250776529312,2012-11-26,LSTM,14,2012
2012-11-13,2012,11,14.97,14.35,14.444614381790162,2012-11-27,LSTM,14,2012
2012-11-14,2012,11,14.92,14.34,14.369065685272217,2012-11-28,LSTM,14,2012
2012-11-15,2012,11,14.89,14.29,14.394878759384156,2012-11-29,LSTM,14,2012
2012-11-16,2012,11,14.85,14.24,14.359540349245071,2012-11-30,LSTM,14,2012
2012-11-17,2012,11,14.8,14.2,14.28658287525177,2012-12-01,LSTM,14,2012
2012-11-18,2012,11,14.76,14.17,14.24719847202301,2012-12-02,LSTM,14,2012
2012-11-19,2012,11,14.71,14.15,14.228306583166123,2012-12-03,LSTM,14,2012
2012-11-20,2012,11,14.66,14.13,14.173893902301788,2012-12-04,LSTM,14,2012
2012-11-21,2012,11,14.61,14.1,14.128839538097381,2012-12-05,LSTM,14,2012
2012-11-22,2012,11,14.56,14.07,14.090879437923432,2012-12-06,LSTM,14,2012
2012-11-23,2012,11,14.5,14.03,14.03613942861557,2012-12-07,LSTM,14,2012
2012-11-24,2012,11,14.45,13.99,13.988785576820373,2012-12-08,LSTM,14,2012
2012-11-25,2012,11,14.41,13.97,13.965482387542725,2012-12-09,LSTM,14,2012
2012-11-26,2012,11,14.38,13.94,13.945765023231507,2012-12-10,LSTM,14,2012
2012-11-27,2012,11,14.35,13.9,13.922730273008346,2012-12-11,LSTM,14,2012
2012-11-28,2012,11,14.34,13.87,13.925292190313339,2012-12-12,LSTM,14,2012
2012-11-29,2012,11,14.29,13.85,13.869136878252029,2012-12-13,LSTM,14,2012
2012-11-30,2012,11,14.24,13.83,13.805357118844986,2012-12-14,LSTM,14,2012
2012-12-01,2012,12,14.2,13.79,13.771928024291991,2012-12-15,LSTM,14,2012
2012-12-02,2012,12,14.17,13.76,13.748536421060562,2012-12-16,LSTM,14,2012
2012-12-03,2012,12,14.15,13.74,13.738965177536011,2012-12-17,LSTM,14,2012
2012-12-04,2012,12,14.13,13.72,13.72572520852089,2012-12-18,LSTM,14,2012
2012-12-05,2012,12,14.1,13.7,13.706750637292862,2012-12-19,LSTM,14,2012
2012-12-06,2012,12,14.07,13.67,13.676367200613022,2012-12-20,LSTM,14,2012
2012-12-07,2012,12,14.03,13.67,13.63154953598976,2012-12-21,LSTM,14,2012
2012-12-08,2012,12,13.99,13.66,13.58739562869072,2012-12-22,LSTM,14,2012
2012-12-09,2012,12,13.97,13.66,13.578494460582734,2012-12-23,LSTM,14,2012
2012-12-10,2012,12,13.94,13.63,13.556134911775588,2012-12-24,LSTM,14,2012
2012-12-11,2012,12,13.9,13.6,13.514243477582932,2012-12-25,LSTM,14,2012
2012-12-12,2012,12,13.87,13.56,13.491340960264205,2012-12-26,LSTM,14,2012
2012-12-13,2012,12,13.85,13.54,13.4861685693264,2012-12-27,LSTM,14,2012
2012-12-14,2012,12,13.83,13.51,13.470430122613907,2012-12-28,LSTM,14,2012
2012-12-15,2012,12,13.79,13.49,13.419640609025954,2012-12-29,LSTM,14,2012
2012-12-16,2012,12,13.76,13.45,13.39574993610382,2012-12-30,LSTM,14,2012
2012-12-17,2012,12,13.74,13.42,13.390271624326706,2012-12-31,LSTM,14,2012
2012-12-18,2012,12,13.72,13.4,13.372609556913376,2013-01-01,LSTM,14,2012
2012-12-19,2012,12,13.7,13.37,13.354234588146209,2013-01-02,LSTM,14,2012
2012-12-20,2012,12,13.67,13.33,13.325522137880325,2013-01-03,LSTM,14,2012
2012-12-21,2012,12,13.67,13.29,13.34324385046959,2013-01-04,LSTM,14,2012
2012-12-22,2012,12,13.66,13.25,13.335881624221802,2013-01-05,LSTM,14,2012
2012-12-23,2012,12,13.66,13.22,13.335513625144959,2013-01-06,LSTM,14,2012
2012-12-24,2012,12,13.63,13.2,13.299338494539262,2013-01-07,LSTM,14,2012
2012-12-25,2012,12,13.6,13.18,13.267612046003341,2013-01-08,LSTM,14,2012
2012-12-26,2012,12,13.56,13.16,13.229451415538788,2013-01-09,LSTM,14,2012
2012-12-27,2012,12,13.54,13.14,13.212368675470351,2013-01-10,LSTM,14,2012
2012-12-28,2012,12,13.51,13.13,13.193443456888199,2013-01-11,LSTM,14,2012
2012-12-29,2012,12,13.49,13.12,13.179284950494766,2013-01-12,LSTM,14,2012
2012-12-30,2012,12,13.45,13.1,13.147200536727905,2013-01-13,LSTM,14,2012
2012-12-31,2012,12,13.42,13.08,13.118002487421036,2013-01-14,LSTM,14,2012
2013-01-01,2013,1,13.4,13.07,13.07303091287613,2013-01-15,LSTM,14,2013
2013-01-02,2013,1,13.37,13.06,13.04123606801033,2013-01-16,LSTM,14,2013
2013-01-03,2013,1,13.33,13.04,12.996795015335083,2013-01-17,LSTM,14,2013
2013-01-04,2013,1,13.29,13.03,12.956749328374862,2013-01-18,LSTM,14,2013
2013-01-05,2013,1,13.25,13.01,12.920126080513,2013-01-19,LSTM,14,2013
2013-01-06,2013,1,13.22,12.98,12.896560074090958,2013-01-20,LSTM,14,2013
2013-01-07,2013,1,13.2,12.95,12.885893386602401,2013-01-21,LSTM,14,2013
2013-01-08,2013,1,13.18,12.93,12.870374106168747,2013-01-22,LSTM,14,2013
2013-01-09,2013,1,13.16,12.91,12.851499143838883,2013-01-23,LSTM,14,2013
2013-01-10,2013,1,13.14,12.89,12.832920655012131,2013-01-24,LSTM,14,2013
2013-01-11,2013,1,13.13,12.87,12.827505176067353,2013-01-25,LSTM,14,2013
2013-01-12,2013,1,13.12,12.85,12.819755549430846,2013-01-26,LSTM,14,2013
2013-01-13,2013,1,13.1,12.83,12.796687936782837,2013-01-27,LSTM,14,2013
2013-01-14,2013,1,13.08,12.81,12.778418319225311,2013-01-28,LSTM,14,2013
2013-01-15,2013,1,13.07,12.8,12.776578195095063,2013-01-29,LSTM,14,2013
2013-01-16,2013,1,13.06,12.8,12.771479723453522,2013-01-30,LSTM,14,2013
2013-01-17,2013,1,13.04,12.79,12.750103303194045,2013-01-31,LSTM,14,2013
2013-01-18,2013,1,13.03,12.78,12.74679201722145,2013-02-01,LSTM,14,2013
2013-01-19,2013,1,13.01,12.76,12.732199082374573,2013-02-02,LSTM,14,2013
2013-01-20,2013,1,12.98,12.74,12.69888291835785,2013-02-03,LSTM,14,2013
2013-01-21,2013,1,12.95,12.73,12.672287446260452,2013-02-04,LSTM,14,2013
2013-01-22,2013,1,12.93,12.72,12.663494699001312,2013-02-05,LSTM,14,2013
2013-01-23,2013,1,12.91,12.7,12.651615653038025,2013-02-06,LSTM,14,2013
2013-01-24,2013,1,12.89,12.67,12.634508624076844,2013-02-07,LSTM,14,2013
2013-01-25,2013,1,12.87,12.65,12.620509187579154,2013-02-08,LSTM,14,2013
2013-01-26,2013,1,12.85,12.63,12.606449088454246,2013-02-09,LSTM,14,2013
2013-01-27,2013,1,12.83,12.61,12.59167218387127,2013-02-10,LSTM,14,2013
2013-01-28,2013,1,12.81,12.6,12.576555353999138,2013-02-11,LSTM,14,2013
2013-01-29,2013,1,12.8,12.58,12.577093544602395,2013-02-12,LSTM,14,2013
2013-01-30,2013,1,12.8,12.57,12.590747210383416,2013-02-13,LSTM,14,2013
2013-01-31,2013,1,12.79,12.56,12.585393899083137,2013-02-14,LSTM,14,2013
2013-02-01,2013,2,12.78,12.55,12.581315009593963,2013-02-15,LSTM,14,2013
2013-02-02,2013,2,12.76,12.53,12.566754752993583,2013-02-16,LSTM,14,2013
2013-02-03,2013,2,12.74,12.52,12.551350658535958,2013-02-17,LSTM,14,2013
2013-02-04,2013,2,12.73,12.52,12.554425801634789,2013-02-18,LSTM,14,2013
2013-02-05,2013,2,12.72,12.51,12.554792628884316,2013-02-19,LSTM,14,2013
2013-02-06,2013,2,12.7,12.53,12.538527783751487,2013-02-20,LSTM,14,2013
2013-02-07,2013,2,12.67,12.54,12.509419901371002,2013-02-21,LSTM,14,2013
2013-02-08,2013,2,12.65,12.53,12.503240936994553,2013-02-22,LSTM,14,2013
2013-02-09,2013,2,12.63,12.53,12.496877898573876,2013-02-23,LSTM,14,2013
2013-02-10,2013,2,12.61,12.52,12.482292712330818,2013-02-24,LSTM,14,2013
2013-02-11,2013,2,12.6,12.52,12.4898686170578,2013-02-25,LSTM,14,2013
2013-02-12,2013,2,12.58,12.53,12.483000473976135,2013-02-26,LSTM,14,2013
2013-02-13,2013,2,12.57,12.55,12.49313614487648,2013-02-27,LSTM,14,2013
2013-02-14,2013,2,12.56,12.59,12.506412097662688,2013-02-28,LSTM,14,2013
2013-02-15,2013,2,12.55,12.588,12.513483314961196,2013-03-01,LSTM,14,2013
2013-02-16,2013,2,12.53,12.57,12.500534604042768,2013-03-02,LSTM,14,2013
2013-02-17,2013,2,12.52,12.54,12.511332258097827,2013-03-03,LSTM,14,2013
2013-02-18,2013,2,12.52,12.52,12.551277284026146,2013-03-04,LSTM,14,2013
2013-02-19,2013,2,12.51,12.49,12.549515838027,2013-03-05,LSTM,14,2013
2013-02-20,2013,2,12.53,12.46,12.599862194359302,2013-03-06,LSTM,14,2013
2013-02-21,2013,2,12.54,12.44,12.614242815375327,2013-03-07,LSTM,14,2013
2013-02-22,2013,2,12.53,12.42,12.626803113818168,2013-03-08,LSTM,14,2013
2013-02-23,2013,2,12.53,12.42,12.651680863201618,2013-03-09,LSTM,14,2013
2013-02-24,2013,2,12.52,12.41,12.658065665960311,2013-03-10,LSTM,14,2013
2013-02-25,2013,2,12.52,12.41,12.68137483716011,2013-03-11,LSTM,14,2013
2013-02-26,2013,2,12.53,12.42,12.710387124419212,2013-03-12,LSTM,14,2013
2013-02-27,2013,2,12.55,12.41,12.73257249891758,2013-03-13,LSTM,14,2013
2013-02-28,2013,2,12.59,12.4,12.7407009267807,2013-03-14,LSTM,14,2013
2013-03-01,2013,3,12.588,12.39,12.732158959388732,2013-03-15,LSTM,14,2013
2013-03-02,2013,3,12.57,12.38,12.747984073758126,2013-03-16,LSTM,14,2013
2013-03-03,2013,3,12.54,12.36,12.752062388658523,2013-03-17,LSTM,14,2013
2013-03-04,2013,3,12.52,12.35,12.770552207231521,2013-03-18,LSTM,14,2013
2013-03-05,2013,3,12.49,12.34,12.755944987535477,2013-03-19,LSTM,14,2013
2013-03-06,2013,3,12.46,12.33,12.73273851633072,2013-03-20,LSTM,14,2013
2013-03-07,2013,3,12.44,12.32,12.748286488056182,2013-03-21,LSTM,14,2013
2013-03-08,2013,3,12.42,12.33,12.755591554641724,2013-03-22,LSTM,14,2013
2013-03-09,2013,3,12.42,12.37,12.7816603910923,2013-03-23,LSTM,14,2013
2013-03-10,2013,3,12.41,12.41,12.789772663116455,2013-03-24,LSTM,14,2013
2013-03-11,2013,3,12.41,12.5,12.804873559474945,2013-03-25,LSTM,14,2013
2013-03-12,2013,3,12.42,12.54,12.818903757333755,2013-03-26,LSTM,14,2013
2013-03-13,2013,3,12.41,12.59,12.82959398984909,2013-03-27,LSTM,14,2013
2013-03-14,2013,3,12.4,12.65,12.839176797866822,2013-03-28,LSTM,14,2013
2013-03-15,2013,3,12.39,12.69,12.844486101865769,2013-03-29,LSTM,14,2013
2013-03-16,2013,3,12.38,12.71,12.853880708217622,2013-03-30,LSTM,14,2013
2013-03-17,2013,3,12.36,12.71,12.869662568569183,2013-03-31,LSTM,14,2013
2013-03-18,2013,3,12.35,12.69,12.876792168617248,2013-04-01,LSTM,14,2013
2013-03-19,2013,3,12.34,12.69,12.887238826751709,2013-04-02,LSTM,14,2013
2013-03-20,2013,3,12.33,12.73,12.900920586585999,2013-04-03,LSTM,14,2013
2013-03-21,2013,3,12.32,12.77,12.920575804710388,2013-04-04,LSTM,14,2013
2013-03-22,2013,3,12.33,12.77,12.92376311302185,2013-04-05,LSTM,14,2013
2013-03-23,2013,3,12.37,12.851,12.987289781570434,2013-04-06,LSTM,14,2013
2013-03-24,2013,3,12.41,12.896,13.064483914375305,2013-04-07,LSTM,14,2013
2013-03-25,2013,3,12.5,13.05,13.130508959293365,2013-04-08,LSTM,14,2013
2013-03-26,2013,3,12.54,13.19,13.248989441394805,2013-04-09,LSTM,14,2013
2013-03-27,2013,3,12.59,13.23,13.259796884059906,2013-04-10,LSTM,14,2013
2013-03-28,2013,3,12.65,13.23,13.393054151535035,2013-04-11,LSTM,14,2013
2013-03-29,2013,3,12.69,13.22,13.494629683494567,2013-04-12,LSTM,14,2013
2013-03-30,2013,3,12.71,13.33,13.580611488819123,2013-04-13,LSTM,14,2013
2013-03-31,2013,3,12.71,13.47,13.665255508422852,2013-04-14,LSTM,14,2013
2013-04-01,2013,4,12.69,13.5,13.784488859176635,2013-04-15,LSTM,14,2013
2013-04-02,2013,4,12.69,13.51,13.840920987129211,2013-04-16,LSTM,14,2013
2013-04-03,2013,4,12.73,13.48,13.895422081947327,2013-04-17,LSTM,14,2013
2013-04-04,2013,4,12.77,13.52,13.970039744377136,2013-04-18,LSTM,14,2013
2013-04-05,2013,4,12.77,13.81,14.001992483139038,2013-04-19,LSTM,14,2013
2013-04-06,2013,4,12.851,14.35,14.03443472480774,2013-04-20,LSTM,14,2013
2013-04-07,2013,4,12.896,14.55,14.126409979820252,2013-04-21,LSTM,14,2013
2013-04-08,2013,4,13.05,14.66,14.154828476905823,2013-04-22,LSTM,14,2013
2013-04-09,2013,4,13.19,14.58,14.276177825927734,2013-04-23,LSTM,14,2013
2013-04-10,2013,4,13.23,14.58,14.192338030338288,2013-04-24,LSTM,14,2013
2013-04-11,2013,4,13.23,14.45,14.269151072502137,2013-04-25,LSTM,14,2013
2013-04-12,2013,4,13.22,14.35,14.373037071228028,2013-04-26,LSTM,14,2013
2013-04-13,2013,4,13.33,14.26,14.560815410614014,2013-04-27,LSTM,14,2013
2013-04-14,2013,4,13.47,14.24,14.70377537727356,2013-04-28,LSTM,14,2013
2013-04-15,2013,4,13.5,14.2,14.671628713607788,2013-04-29,LSTM,14,2013
2013-04-16,2013,4,13.51,14.17,14.675505290031433,2013-04-30,LSTM,14,2013
2013-07-08,2013,7,19.2,19.11,18.998787385225295,2013-07-22,LSTM,14,2013
2013-07-09,2013,7,19.34,19.02,19.211675729751587,2013-07-23,LSTM,14,2013
2013-07-10,2013,7,19.47,19.04,19.30687464892864,2013-07-24,LSTM,14,2013
2013-07-11,2013,7,19.67,19.05,19.146066648960115,2013-07-25,LSTM,14,2013
2013-07-12,2013,7,19.68,19.11,19.44297102868557,2013-07-26,LSTM,14,2013
2013-07-13,2013,7,19.6,19.15,19.27926770448685,2013-07-27,LSTM,14,2013
2013-07-14,2013,7,19.46,19.14,19.0520187830925,2013-07-28,LSTM,14,2013
2013-07-15,2013,7,19.37,19.07,19.10319062590599,2013-07-29,LSTM,14,2013
2013-07-16,2013,7,19.3,19.0,19.181774798035622,2013-07-30,LSTM,14,2013
2013-07-17,2013,7,19.13,18.94,19.04377879679203,2013-07-31,LSTM,14,2013
2013-07-18,2013,7,19.087,18.86,19.100543031178415,2013-08-01,LSTM,14,2013
2013-07-19,2013,7,18.99,18.78,19.05925019621849,2013-08-02,LSTM,14,2013
2013-07-20,2013,7,19.09,18.76,19.066150657981634,2013-08-03,LSTM,14,2013
2013-07-21,2013,7,19.12,18.69,19.01915753901005,2013-08-04,LSTM,14,2013
2013-07-22,2013,7,19.11,18.52,18.968564913272857,2013-08-05,LSTM,14,2013
2013-07-23,2013,7,19.02,18.4,18.930273268818855,2013-08-06,LSTM,14,2013
2013-07-24,2013,7,19.04,18.45,18.98615728035569,2013-08-07,LSTM,14,2013
2013-07-25,2013,7,19.05,18.51,18.980209547281266,2013-08-08,LSTM,14,2013
2013-07-26,2013,7,19.11,18.49,19.030243360102176,2013-08-09,LSTM,14,2013
2013-07-27,2013,7,19.15,18.43,19.00831256210804,2013-08-10,LSTM,14,2013
2013-07-28,2013,7,19.14,18.51,18.948025851845742,2013-08-11,LSTM,14,2013
2013-07-29,2013,7,19.07,18.6,18.7940229845047,2013-08-12,LSTM,14,2013
2013-07-30,2013,7,19.0,18.64,18.686169296503067,2013-08-13,LSTM,14,2013
2013-07-31,2013,7,18.94,18.63,18.637955250740053,2013-08-14,LSTM,14,2013
2013-08-01,2013,8,18.86,18.56,18.494516090154647,2013-08-15,LSTM,14,2013
2013-08-02,2013,8,18.78,18.45,18.376848398447038,2013-08-16,LSTM,14,2013
2013-08-03,2013,8,18.76,18.36,18.452428499460222,2013-08-17,LSTM,14,2013
2013-08-04,2013,8,18.69,18.29,18.34572586655617,2013-08-18,LSTM,14,2013
2013-08-05,2013,8,18.52,18.22,17.93707009077072,2013-08-19,LSTM,14,2013
2013-08-06,2013,8,18.4,18.12,17.855756545066832,2013-08-20,LSTM,14,2013
2013-08-07,2013,8,18.45,18.0,18.265846487879752,2013-08-21,LSTM,14,2013
2013-08-08,2013,8,18.51,17.97,18.493738444745542,2013-08-22,LSTM,14,2013
2013-08-09,2013,8,18.49,17.92,18.442556628733872,2013-08-23,LSTM,14,2013
2013-08-10,2013,8,18.43,17.83,18.387842778414488,2013-08-24,LSTM,14,2013
2013-08-11,2013,8,18.51,17.67,19.00188956618309,2013-08-25,LSTM,14,2013
2013-08-12,2013,8,18.6,17.54,19.014583384990694,2013-08-26,LSTM,14,2013
2013-08-13,2013,8,18.64,17.47,19.071401312351227,2013-08-27,LSTM,14,2013
2013-08-14,2013,8,18.63,17.53,19.02778858423233,2013-08-28,LSTM,14,2013
2013-08-15,2013,8,18.56,17.6,18.707783041000365,2013-08-29,LSTM,14,2013
2013-08-16,2013,8,18.45,17.6,18.432196923345327,2013-08-30,LSTM,14,2013
2013-08-17,2013,8,18.36,17.62,18.38905711904168,2013-08-31,LSTM,14,2013
2013-08-18,2013,8,18.29,17.62,18.28540017126128,2013-09-01,LSTM,14,2013
2013-08-19,2013,8,18.22,17.64,18.061848626732825,2013-09-02,LSTM,14,2013
2013-08-20,2013,8,18.12,17.79,17.8011038851738,2013-09-03,LSTM,14,2013
2013-08-21,2013,8,18.0,17.9,17.62386244535446,2013-09-04,LSTM,14,2013
2013-08-22,2013,8,17.97,18.17,17.846708209514617,2013-09-05,LSTM,14,2013
2013-08-23,2013,8,17.92,18.49,17.851634448468687,2013-09-06,LSTM,14,2013
2013-08-24,2013,8,17.83,18.8,17.69665193736553,2013-09-07,LSTM,14,2013
2013-08-25,2013,8,17.67,19.3,17.44505870163441,2013-09-08,LSTM,14,2013
2013-08-26,2013,8,17.54,19.66,17.566162344962358,2013-09-09,LSTM,14,2013
2013-08-27,2013,8,17.47,19.9,17.85414865732193,2013-09-10,LSTM,14,2013
2013-08-28,2013,8,17.53,19.91,18.339545934200288,2013-09-11,LSTM,14,2013
2013-08-29,2013,8,17.6,19.79,18.303002095222475,2013-09-12,LSTM,14,2013
2013-08-30,2013,8,17.6,19.5,18.293177163600923,2013-09-13,LSTM,14,2013
2013-08-31,2013,8,17.62,19.19,18.65788483142853,2013-09-14,LSTM,14,2013
2013-09-01,2013,9,17.62,18.9,18.794606561660768,2013-09-15,LSTM,14,2013
2013-09-02,2013,9,17.64,18.62,18.928622975349427,2013-09-16,LSTM,14,2013
2013-09-03,2013,9,17.79,18.41,18.880184092521667,2013-09-17,LSTM,14,2013
2013-09-04,2013,9,17.9,18.12,18.71459504365921,2013-09-18,LSTM,14,2013
2013-09-05,2013,9,18.17,17.94,18.60915730714798,2013-09-19,LSTM,14,2013
2013-09-06,2013,9,18.49,17.76,18.553128434121607,2013-09-20,LSTM,14,2013
2013-09-07,2013,9,18.8,17.4,18.36439471244812,2013-09-21,LSTM,14,2013
2013-09-08,2013,9,19.3,17.3,18.176814842224122,2013-09-22,LSTM,14,2013
2013-09-09,2013,9,19.66,17.13,18.050554308891297,2013-09-23,LSTM,14,2013
2013-09-10,2013,9,19.9,17.01,18.42140951156616,2013-09-24,LSTM,14,2013
2013-09-11,2013,9,19.91,16.91,18.608845386505127,2013-09-25,LSTM,14,2013
2013-09-12,2013,9,19.79,16.82,18.019612588882445,2013-09-26,LSTM,14,2013
2013-09-13,2013,9,19.5,16.8,17.737421989440918,2013-09-27,LSTM,14,2013
2013-09-14,2013,9,19.19,16.81,17.887781920433046,2013-09-28,LSTM,14,2013
2013-09-15,2013,9,18.9,16.85,17.89890077114105,2013-09-29,LSTM,14,2013
2013-09-16,2013,9,18.62,16.87,17.617602701187135,2013-09-30,LSTM,14,2013
2013-09-17,2013,9,18.41,16.87,17.71676633119583,2013-10-01,LSTM,14,2013
2013-09-18,2013,9,18.12,16.84,17.531665856838227,2013-10-02,LSTM,14,2013
2013-09-19,2013,9,17.94,16.77,17.542648168802263,2013-10-03,LSTM,14,2013
2013-09-20,2013,9,17.76,16.68,17.644712964296343,2013-10-04,LSTM,14,2013
2013-09-21,2013,9,17.4,16.57,17.010876083374022,2013-10-05,LSTM,14,2013
2013-09-22,2013,9,17.3,16.51,17.076092782616616,2013-10-06,LSTM,14,2013
2013-09-23,2013,9,17.13,16.58,17.00401384115219,2013-10-07,LSTM,14,2013
2013-09-24,2013,9,17.01,16.63,16.691180238723756,2013-10-08,LSTM,14,2013
2013-09-25,2013,9,16.91,16.6,16.542716089487076,2013-10-09,LSTM,14,2013
2013-09-26,2013,9,16.82,16.55,16.375399537086487,2013-10-10,LSTM,14,2013
2013-09-27,2013,9,16.8,16.54,16.399407494068146,2013-10-11,LSTM,14,2013
2013-09-28,2013,9,16.81,16.59,16.390746978521346,2013-10-12,LSTM,14,2013
2013-09-29,2013,9,16.85,16.55,16.293898618221284,2013-10-13,LSTM,14,2013
2013-09-30,2013,9,16.87,16.48,16.087243671417237,2013-10-14,LSTM,14,2013
2013-10-01,2013,10,16.87,16.37,15.942937607765199,2013-10-15,LSTM,14,2013
2013-10-02,2013,10,16.84,16.37,15.896294441223144,2013-10-16,LSTM,14,2013
2013-10-03,2013,10,16.77,16.48,15.818904001712799,2013-10-17,LSTM,14,2013
2013-10-04,2013,10,16.68,16.37,15.725993864536285,2013-10-18,LSTM,14,2013
2013-10-05,2013,10,16.57,16.23,15.825445301532746,2013-10-19,LSTM,14,2013
2013-10-06,2013,10,16.51,16.0,15.969192454814912,2013-10-20,LSTM,14,2013
2013-10-07,2013,10,16.58,15.84,15.940965609550474,2013-10-21,LSTM,14,2013
2013-10-08,2013,10,16.63,15.74,15.799207334518432,2013-10-22,LSTM,14,2013
2013-10-09,2013,10,16.6,15.71,15.585289454460145,2013-10-23,LSTM,14,2013
2013-10-10,2013,10,16.55,15.68,15.494386005401612,2013-10-24,LSTM,14,2013
2013-10-11,2013,10,16.54,15.66,15.443303384780883,2013-10-25,LSTM,14,2013
2013-10-12,2013,10,16.59,15.71,15.389724698066711,2013-10-26,LSTM,14,2013
2013-10-13,2013,10,16.55,15.74,15.284357118606568,2013-10-27,LSTM,14,2013
2013-10-14,2013,10,16.48,15.82,15.230629305839539,2013-10-28,LSTM,14,2013
2013-10-15,2013,10,16.37,15.82,15.29816185951233,2013-10-29,LSTM,14,2013
2013-10-16,2013,10,16.37,15.74,15.374806518554688,2013-10-30,LSTM,14,2013
2013-10-17,2013,10,16.48,15.63,15.318654756546021,2013-10-31,LSTM,14,2013
2013-10-18,2013,10,16.37,15.52,15.034566159248353,2013-11-01,LSTM,14,2013
2013-10-19,2013,10,16.23,15.42,15.163431506156922,2013-11-02,LSTM,14,2013
2013-10-20,2013,10,16.0,15.4,15.28246408700943,2013-11-03,LSTM,14,2013
2013-10-21,2013,10,15.84,15.49,15.245112266540527,2013-11-04,LSTM,14,2013
2013-10-22,2013,10,15.74,15.57,15.341089954376221,2013-11-05,LSTM,14,2013
2013-10-23,2013,10,15.71,15.59,15.1163338637352,2013-11-06,LSTM,14,2013
2013-10-24,2013,10,15.68,15.54,14.872972421646118,2013-11-07,LSTM,14,2013
2013-10-25,2013,10,15.66,15.43,14.762961540222168,2013-11-08,LSTM,14,2013
2013-10-26,2013,10,15.71,15.34,14.76851984024048,2013-11-09,LSTM,14,2013
2013-10-27,2013,10,15.74,15.21,14.80898593902588,2013-11-10,LSTM,14,2013
2013-10-28,2013,10,15.82,15.09,14.786109991073609,2013-11-11,LSTM,14,2013
2013-10-29,2013,10,15.82,15.0,14.663988060951233,2013-11-12,LSTM,14,2013
2013-10-30,2013,10,15.74,14.91,14.57418071269989,2013-11-13,LSTM,14,2013
2013-10-31,2013,10,15.63,14.84,14.538570408821107,2013-11-14,LSTM,14,2013
2013-11-01,2013,11,15.52,14.72,14.555720109939575,2013-11-15,LSTM,14,2013
2013-11-02,2013,11,15.42,14.66,14.646793766021728,2013-11-16,LSTM,14,2013
2013-11-03,2013,11,15.4,14.58,14.744651281833649,2013-11-17,LSTM,14,2013
2013-11-04,2013,11,15.49,14.53,14.938908805847168,2013-11-18,LSTM,14,2013
2013-11-05,2013,11,15.57,14.44,15.02800268650055,2013-11-19,LSTM,14,2013
2013-11-06,2013,11,15.59,14.44,14.898196544647217,2013-11-20,LSTM,14,2013
2013-11-07,2013,11,15.54,14.38,14.68970177412033,2013-11-21,LSTM,14,2013
2013-11-08,2013,11,15.43,14.33,14.591572992801666,2013-11-22,LSTM,14,2013
2013-11-09,2013,11,15.34,14.27,14.49217798948288,2013-11-23,LSTM,14,2013
2013-11-10,2013,11,15.21,14.22,14.346764526367188,2013-11-24,LSTM,14,2013
2013-11-11,2013,11,15.09,14.17,14.277760889530182,2013-11-25,LSTM,14,2013
2013-11-12,2013,11,15.0,14.12,14.240357279777527,2013-11-26,LSTM,14,2013
2013-11-13,2013,11,14.91,14.08,14.16660765171051,2013-11-27,LSTM,14,2013
2013-11-14,2013,11,14.84,14.03,14.171751704216003,2013-11-28,LSTM,14,2013
2013-11-15,2013,11,14.72,13.99,14.003504068851472,2013-11-29,LSTM,14,2013
2013-11-16,2013,11,14.66,13.96,14.0747789478302,2013-11-30,LSTM,14,2013
2013-11-17,2013,11,14.58,13.92,13.999309198856354,2013-12-01,LSTM,14,2013
2013-11-18,2013,11,14.53,13.87,14.016757934093475,2013-12-02,LSTM,14,2013
2013-11-19,2013,11,14.44,13.82,13.896986308097839,2013-12-03,LSTM,14,2013
2013-11-20,2013,11,14.44,13.78,13.981547149419784,2013-12-04,LSTM,14,2013
2013-11-21,2013,11,14.38,13.76,13.917035286426545,2013-12-05,LSTM,14,2013
2013-11-22,2013,11,14.33,13.74,13.868337051868439,2013-12-06,LSTM,14,2013
2013-11-23,2013,11,14.27,13.7,13.80987556695938,2013-12-07,LSTM,14,2013
2013-11-24,2013,11,14.22,13.67,13.762313516139985,2013-12-08,LSTM,14,2013
2013-11-25,2013,11,14.17,13.64,13.716354502439499,2013-12-09,LSTM,14,2013
2013-11-26,2013,11,14.12,13.6,13.661647523641586,2013-12-10,LSTM,14,2013
2013-11-27,2013,11,14.08,13.56,13.629774020910263,2013-12-11,LSTM,14,2013
2013-11-28,2013,11,14.03,13.54,13.57864802956581,2013-12-12,LSTM,14,2013
2013-11-29,2013,11,13.99,13.51,13.53963093996048,2013-12-13,LSTM,14,2013
2013-11-30,2013,11,13.96,13.48,13.514112166166306,2013-12-14,LSTM,14,2013
2013-12-01,2013,12,13.92,13.45,13.473822606801987,2013-12-15,LSTM,14,2013
2013-12-02,2013,12,13.87,13.42,13.41909947514534,2013-12-16,LSTM,14,2013
2013-12-03,2013,12,13.82,13.4,13.367543227672577,2013-12-17,LSTM,14,2013
2013-12-04,2013,12,13.78,13.38,13.331848977804183,2013-12-18,LSTM,14,2013
2013-12-05,2013,12,13.76,13.36,13.317302683591842,2013-12-19,LSTM,14,2013
2013-12-06,2013,12,13.74,13.34,13.300690253973007,2013-12-20,LSTM,14,2013
2013-12-07,2013,12,13.7,13.32,13.259182047843932,2013-12-21,LSTM,14,2013
2013-12-08,2013,12,13.67,13.29,13.22948781967163,2013-12-22,LSTM,14,2013
2013-12-09,2013,12,13.64,13.26,13.205511405467988,2013-12-23,LSTM,14,2013
2013-12-10,2013,12,13.6,13.24,13.162391400337219,2013-12-24,LSTM,14,2013
2013-12-11,2013,12,13.56,13.21,13.121410874128342,2013-12-25,LSTM,14,2013
2013-12-12,2013,12,13.54,13.19,13.110150315761565,2013-12-26,LSTM,14,2013
2013-12-13,2013,12,13.51,13.17,13.087309757471084,2013-12-27,LSTM,14,2013
2013-12-14,2013,12,13.48,13.14,13.054108570814133,2013-12-28,LSTM,14,2013
2013-12-15,2013,12,13.45,13.12,13.02843181490898,2013-12-29,LSTM,14,2013
2013-12-16,2013,12,13.42,13.09,13.00154547214508,2013-12-30,LSTM,14,2013
2013-12-17,2013,12,13.4,13.06,12.985930913686753,2013-12-31,LSTM,14,2013
2013-12-18,2013,12,13.38,13.04,12.970037912130357,2014-01-01,LSTM,14,2013
2013-12-19,2013,12,13.36,13.02,12.952923283576965,2014-01-02,LSTM,14,2013
2013-12-20,2013,12,13.34,12.99,12.936128612756729,2014-01-03,LSTM,14,2013
2013-12-21,2013,12,13.32,12.97,12.919233746528626,2014-01-04,LSTM,14,2013
2013-12-22,2013,12,13.29,12.95,12.88928062558174,2014-01-05,LSTM,14,2013
2013-12-23,2013,12,13.26,12.93,12.859353462457657,2014-01-06,LSTM,14,2013
2013-12-24,2013,12,13.24,12.93,12.847453912496567,2014-01-07,LSTM,14,2013
2013-12-25,2013,12,13.21,12.92,12.820470533370973,2014-01-08,LSTM,14,2013
2013-12-26,2013,12,13.19,12.9,12.803211065530776,2014-01-09,LSTM,14,2013
2013-12-27,2013,12,13.17,12.88,12.791079683303833,2014-01-10,LSTM,14,2013
2013-12-28,2013,12,13.14,12.86,12.759698762893677,2014-01-11,LSTM,14,2013
2013-12-29,2013,12,13.12,12.83,12.743175114393233,2014-01-12,LSTM,14,2013
2013-12-30,2013,12,13.09,12.82,12.715990867614746,2014-01-13,LSTM,14,2013
2013-12-31,2013,12,13.06,12.8,12.684922573566437,2014-01-14,LSTM,14,2013
2014-01-01,2014,1,13.04,12.79,12.751302697658538,2014-01-15,LSTM,14,2014
2014-01-02,2014,1,13.02,12.77,12.734859157800674,2014-01-16,LSTM,14,2014
2014-01-03,2014,1,12.99,12.75,12.710630258321762,2014-01-17,LSTM,14,2014
2014-01-04,2014,1,12.97,12.73,12.692286015748978,2014-01-18,LSTM,14,2014
2014-01-05,2014,1,12.95,12.72,12.679717820882797,2014-01-19,LSTM,14,2014
2014-01-06,2014,1,12.93,12.7,12.660075538158416,2014-01-20,LSTM,14,2014
2014-01-07,2014,1,12.93,12.68,12.657801114320755,2014-01-21,LSTM,14,2014
2014-01-08,2014,1,12.92,12.66,12.650447739362717,2014-01-22,LSTM,14,2014
2014-01-09,2014,1,12.9,12.65,12.63738369345665,2014-01-23,LSTM,14,2014
2014-01-10,2014,1,12.88,12.64,12.62024522304535,2014-01-24,LSTM,14,2014
2014-01-11,2014,1,12.86,12.63,12.603560045957565,2014-01-25,LSTM,14,2014
2014-01-12,2014,1,12.83,12.62,12.574132369756699,2014-01-26,LSTM,14,2014
2014-01-13,2014,1,12.82,12.61,12.562196381092072,2014-01-27,LSTM,14,2014
2014-01-14,2014,1,12.8,12.59,12.550974327325822,2014-01-28,LSTM,14,2014
2014-01-15,2014,1,12.79,12.57,12.5474844956398,2014-01-29,LSTM,14,2014
2014-01-16,2014,1,12.77,12.55,12.53251608133316,2014-01-30,LSTM,14,2014
2014-01-17,2014,1,12.75,12.53,12.518097132444382,2014-01-31,LSTM,14,2014
2014-06-08,2014,6,16.32,16.9,17.82437068939209,2014-06-22,LSTM,14,2014
2014-06-09,2014,6,16.66,17.2,17.954422149658203,2014-06-23,LSTM,14,2014
2014-06-10,2014,6,16.88,17.49,18.123437647819518,2014-06-24,LSTM,14,2014
2014-06-11,2014,6,16.92,17.82,18.21705631732941,2014-06-25,LSTM,14,2014
2014-06-12,2014,6,16.92,18.14,18.30332998752594,2014-06-26,LSTM,14,2014
2014-06-13,2014,6,16.92,18.44,18.344653291702272,2014-06-27,LSTM,14,2014
2014-06-14,2014,6,16.97,18.56,18.356750817298888,2014-06-28,LSTM,14,2014
2014-06-15,2014,6,17.07,18.57,18.360989995002747,2014-06-29,LSTM,14,2014
2014-06-16,2014,6,17.21,18.57,18.449983558654786,2014-06-30,LSTM,14,2014
2014-06-17,2014,6,17.25,18.58,18.393394231796265,2014-07-01,LSTM,14,2014
2014-06-18,2014,6,17.19,18.5,18.172369840145112,2014-07-02,LSTM,14,2014
2014-06-19,2014,6,17.11,18.34,18.136979327201843,2014-07-03,LSTM,14,2014
2014-06-20,2014,6,16.99,18.362,18.031383385658263,2014-07-04,LSTM,14,2014
2014-06-21,2014,6,16.92,18.47,17.97032026767731,2014-07-05,LSTM,14,2014
2014-06-22,2014,6,16.9,18.59,17.99020984172821,2014-07-06,LSTM,14,2014
2014-06-23,2014,6,17.2,18.63,18.510314178466796,2014-07-07,LSTM,14,2014
2014-06-24,2014,6,17.49,18.66,18.781550159454344,2014-07-08,LSTM,14,2014
2014-06-25,2014,6,17.82,18.5,18.783929653167725,2014-07-09,LSTM,14,2014
2014-06-26,2014,6,18.14,18.49,18.77290148973465,2014-07-10,LSTM,14,2014
2014-06-27,2014,6,18.44,18.53,18.621244090199472,2014-07-11,LSTM,14,2014
2014-06-28,2014,6,18.56,18.48,18.493925487101077,2014-07-12,LSTM,14,2014
2014-06-29,2014,6,18.57,18.4,18.853247977495194,2014-07-13,LSTM,14,2014
2014-06-30,2014,6,18.57,18.46,19.10036278486252,2014-07-14,LSTM,14,2014
2014-07-01,2014,7,18.58,18.46,19.188305513858793,2014-07-15,LSTM,14,2014
2014-07-02,2014,7,18.5,18.4,18.99595680832863,2014-07-16,LSTM,14,2014
2014-07-03,2014,7,18.34,18.34,18.651816573143005,2014-07-17,LSTM,14,2014
2014-07-04,2014,7,18.362,18.35,18.622662734508513,2014-07-18,LSTM,14,2014
2014-07-05,2014,7,18.47,18.42,18.749660314321517,2014-07-19,LSTM,14,2014
2014-07-06,2014,7,18.59,18.53,18.88333034157753,2014-07-20,LSTM,14,2014
2014-07-07,2014,7,18.63,18.67,18.758252804279326,2014-07-21,LSTM,14,2014
2014-07-08,2014,7,18.66,18.88,18.772228758633137,2014-07-22,LSTM,14,2014
2014-07-09,2014,7,18.5,18.98,18.43091343343258,2014-07-23,LSTM,14,2014
2014-07-10,2014,7,18.49,18.97,18.662449767589568,2014-07-24,LSTM,14,2014
2014-07-11,2014,7,18.53,18.97,18.70030030488968,2014-07-25,LSTM,14,2014
2014-07-12,2014,7,18.48,18.91,18.455050128996373,2014-07-26,LSTM,14,2014
2014-07-13,2014,7,18.4,18.87,18.298595474660395,2014-07-27,LSTM,14,2014
2014-07-14,2014,7,18.46,18.75,18.593989602327348,2014-07-28,LSTM,14,2014
2014-07-15,2014,7,18.46,18.65,18.46391001114622,2014-07-29,LSTM,14,2014
2014-07-16,2014,7,18.4,18.58,18.32847166210413,2014-07-30,LSTM,14,2014
2014-07-17,2014,7,18.34,18.48,18.305984884649515,2014-07-31,LSTM,14,2014
2014-07-18,2014,7,18.35,18.41,18.429202860593797,2014-08-01,LSTM,14,2014
2014-07-19,2014,7,18.42,18.36,18.623892275691034,2014-08-02,LSTM,14,2014
2014-07-20,2014,7,18.53,18.3,18.838496177196504,2014-08-03,LSTM,14,2014
2014-07-21,2014,7,18.67,18.24,19.019618524312975,2014-08-04,LSTM,14,2014
2014-07-22,2014,7,18.88,18.22,19.234183226823806,2014-08-05,LSTM,14,2014
2014-07-23,2014,7,18.98,18.23,19.069280247688294,2014-08-06,LSTM,14,2014
2014-07-24,2014,7,18.97,18.23,18.971722124172373,2014-08-07,LSTM,14,2014
2014-07-25,2014,7,18.97,18.24,19.018087164759635,2014-08-08,LSTM,14,2014
2014-07-26,2014,7,18.91,18.17,18.807993855178356,2014-08-09,LSTM,14,2014
2014-07-27,2014,7,18.87,18.17,18.744566197395326,2014-08-10,LSTM,14,2014
2014-07-28,2014,7,18.75,18.24,18.4950929582119,2014-08-11,LSTM,14,2014
2014-07-29,2014,7,18.65,18.26,18.375898683071135,2014-08-12,LSTM,14,2014
2014-07-30,2014,7,18.58,18.28,18.329611049890516,2014-08-13,LSTM,14,2014
2014-07-31,2014,7,18.48,18.39,18.15195773124695,2014-08-14,LSTM,14,2014
2014-08-01,2014,8,18.41,18.58,18.125636491775513,2014-08-15,LSTM,14,2014
2014-08-02,2014,8,18.36,18.86,18.13847898006439,2014-08-16,LSTM,14,2014
2014-08-03,2014,8,18.3,19.42,18.06256772875786,2014-08-17,LSTM,14,2014
2014-08-04,2014,8,18.24,19.7,18.050093834996222,2014-08-18,LSTM,14,2014
2014-08-05,2014,8,18.22,19.82,18.1874235843122,2014-08-19,LSTM,14,2014
2014-08-06,2014,8,18.23,19.86,18.342105540931225,2014-08-20,LSTM,14,2014
2014-08-07,2014,8,18.23,19.86,18.381329919695855,2014-08-21,LSTM,14,2014
2014-08-08,2014,8,18.24,19.86,18.480335926413535,2014-08-22,LSTM,14,2014
2014-08-09,2014,8,18.17,19.81,18.203150896430017,2014-08-23,LSTM,14,2014
2014-08-10,2014,8,18.17,19.75,18.453059239387514,2014-08-24,LSTM,14,2014
2014-08-11,2014,8,18.24,19.79,18.78619288444519,2014-08-25,LSTM,14,2014
2014-08-12,2014,8,18.26,19.77,18.686533967256548,2014-08-26,LSTM,14,2014
2014-08-13,2014,8,18.28,19.92,18.735764144659043,2014-08-27,LSTM,14,2014
2014-08-14,2014,8,18.39,20.15,19.08147527217865,2014-08-28,LSTM,14,2014
2014-08-15,2014,8,18.58,20.21,19.254432456493376,2014-08-29,LSTM,14,2014
2014-08-16,2014,8,18.86,20.17,18.692482442259788,2014-08-30,LSTM,14,2014
2014-08-17,2014,8,19.42,20.02,18.258853001594545,2014-08-31,LSTM,14,2014
2014-08-18,2014,8,19.7,19.8,17.829341840744018,2014-09-01,LSTM,14,2014
2014-08-19,2014,8,19.82,19.58,17.658492155075074,2014-09-02,LSTM,14,2014
2014-08-20,2014,8,19.86,19.38,17.72585521697998,2014-09-03,LSTM,14,2014
2014-08-21,2014,8,19.86,19.16,17.862026796340942,2014-09-04,LSTM,14,2014
2014-08-22,2014,8,19.86,18.93,18.13661645412445,2014-09-05,LSTM,14,2014
2014-08-23,2014,8,19.81,18.74,18.4120427942276,2014-09-06,LSTM,14,2014
2014-08-24,2014,8,19.75,18.56,18.560051798820496,2014-09-07,LSTM,14,2014
2014-08-25,2014,8,19.79,18.42,18.78974751472473,2014-09-08,LSTM,14,2014
2014-08-26,2014,8,19.77,18.27,18.749238986968994,2014-09-09,LSTM,14,2014
2014-08-27,2014,8,19.92,18.15,18.97626267194748,2014-09-10,LSTM,14,2014
2014-08-28,2014,8,20.15,18.23,18.931972527503966,2014-09-11,LSTM,14,2014
2014-08-29,2014,8,20.21,18.24,18.630185327529908,2014-09-12,LSTM,14,2014
2014-08-30,2014,8,20.17,18.11,18.57431320667267,2014-09-13,LSTM,14,2014
2014-08-31,2014,8,20.02,18.1,18.289927144050598,2014-09-14,LSTM,14,2014
2014-09-01,2014,9,19.8,18.18,18.111997771263123,2014-09-15,LSTM,14,2014
2014-09-02,2014,9,19.58,18.25,17.98642440319061,2014-09-16,LSTM,14,2014
2014-09-03,2014,9,19.38,18.27,17.919856195449828,2014-09-17,LSTM,14,2014
2014-09-04,2014,9,19.16,18.22,17.844733986854553,2014-09-18,LSTM,14,2014
2014-09-05,2014,9,18.93,18.11,17.725904755592346,2014-09-19,LSTM,14,2014
2014-09-06,2014,9,18.74,18.01,17.689668884277342,2014-09-20,LSTM,14,2014
2014-09-07,2014,9,18.56,18.01,17.62489962339401,2014-09-21,LSTM,14,2014
2014-09-08,2014,9,18.42,18.75,17.62529913902283,2014-09-22,LSTM,14,2014
2014-09-09,2014,9,18.27,19.24,17.562471051216125,2014-09-23,LSTM,14,2014
2014-09-10,2014,9,18.15,19.3,17.595427894592284,2014-09-24,LSTM,14,2014
2014-09-11,2014,9,18.23,19.28,18.281896326243878,2014-09-25,LSTM,14,2014
2014-09-12,2014,9,18.24,19.17,18.174761121869086,2014-09-26,LSTM,14,2014
2014-09-13,2014,9,18.11,19.12,17.829764918088912,2014-09-27,LSTM,14,2014
2014-09-14,2014,9,18.1,19.11,18.088228970207275,2014-09-28,LSTM,14,2014
2014-09-15,2014,9,18.18,19.12,18.198361961469054,2014-09-29,LSTM,14,2014
2014-09-16,2014,9,18.25,19.07,18.177347242832184,2014-09-30,LSTM,14,2014
2014-09-17,2014,9,18.27,18.95,18.004363824129104,2014-10-01,LSTM,14,2014
2014-09-18,2014,9,18.22,18.85,17.751373769044875,2014-10-02,LSTM,14,2014
2014-09-19,2014,9,18.11,18.72,17.72816892027855,2014-10-03,LSTM,14,2014
2014-09-20,2014,9,18.01,18.58,17.776375809907915,2014-10-04,LSTM,14,2014
2014-09-21,2014,9,18.01,18.26,17.614044765233995,2014-10-05,LSTM,14,2014
2014-09-22,2014,9,18.75,18.0,18.107970237731934,2014-10-06,LSTM,14,2014
2014-09-23,2014,9,19.24,17.73,17.612057676315306,2014-10-07,LSTM,14,2014
2014-09-24,2014,9,19.3,17.54,17.045702266693116,2014-10-08,LSTM,14,2014
2014-09-25,2014,9,19.28,17.21,17.09371307373047,2014-10-09,LSTM,14,2014
2014-09-26,2014,9,19.17,17.04,17.00186721801758,2014-10-10,LSTM,14,2014
2014-09-27,2014,9,19.12,16.9,16.996899719238282,2014-10-11,LSTM,14,2014
2014-09-28,2014,9,19.11,16.79,17.26762996673584,2014-10-12,LSTM,14,2014
2014-09-29,2014,9,19.12,16.5,17.1231213760376,2014-10-13,LSTM,14,2014
2014-09-30,2014,9,19.07,16.39,17.15716356754303,2014-10-14,LSTM,14,2014
2014-10-01,2014,10,18.95,16.31,17.168023777008056,2014-10-15,LSTM,14,2014
2014-10-02,2014,10,18.85,16.19,17.11540219783783,2014-10-16,LSTM,14,2014
2014-10-03,2014,10,18.72,16.09,17.062531085014342,2014-10-17,LSTM,14,2014
2014-10-04,2014,10,18.58,16.01,17.018153624534605,2014-10-18,LSTM,14,2014
2014-10-05,2014,10,18.26,15.92,16.951973447799684,2014-10-19,LSTM,14,2014
2014-10-06,2014,10,18.0,15.81,16.75767743587494,2014-10-20,LSTM,14,2014
2014-10-07,2014,10,17.73,15.75,16.492702584266663,2014-10-21,LSTM,14,2014
2014-10-08,2014,10,17.54,15.72,16.29804018974304,2014-10-22,LSTM,14,2014
2014-10-09,2014,10,17.21,15.71,15.906817874908448,2014-10-23,LSTM,14,2014
2014-10-10,2014,10,17.04,15.62,15.728849687576293,2014-10-24,LSTM,14,2014
2014-10-11,2014,10,16.9,15.51,15.760878825187682,2014-10-25,LSTM,14,2014
2014-10-12,2014,10,16.79,15.44,15.63822106361389,2014-10-26,LSTM,14,2014
2014-10-13,2014,10,16.5,15.32,15.333382844924927,2014-10-27,LSTM,14,2014
2014-10-14,2014,10,16.39,15.21,15.291768684387208,2014-10-28,LSTM,14,2014
2014-10-15,2014,10,16.31,15.14,15.437096593379973,2014-10-29,LSTM,14,2014
2014-10-16,2014,10,16.19,15.08,15.227328898906709,2014-10-30,LSTM,14,2014
2014-10-17,2014,10,16.09,14.99,15.190611209869385,2014-10-31,LSTM,14,2014
2014-10-18,2014,10,16.01,14.92,15.212016890048982,2014-11-01,LSTM,14,2014
2014-10-19,2014,10,15.92,14.86,15.156030220985413,2014-11-02,LSTM,14,2014
2014-10-20,2014,10,15.81,14.82,15.104449388980866,2014-11-03,LSTM,14,2014
2014-10-21,2014,10,15.75,14.77,15.121258080005646,2014-11-04,LSTM,14,2014
2014-10-22,2014,10,15.72,14.7,15.0695591878891,2014-11-05,LSTM,14,2014
2014-10-23,2014,10,15.71,14.65,14.994962177276612,2014-11-06,LSTM,14,2014
2014-10-24,2014,10,15.62,14.55,14.835384125709533,2014-11-07,LSTM,14,2014
2014-10-25,2014,10,15.51,14.49,14.693215141296387,2014-11-08,LSTM,14,2014
2014-10-26,2014,10,15.44,14.43,14.671077969074249,2014-11-09,LSTM,14,2014
2014-10-27,2014,10,15.32,14.41,14.474756426811219,2014-11-10,LSTM,14,2014
2014-10-28,2014,10,15.21,14.35,14.406933567523957,2014-11-11,LSTM,14,2014
2014-10-29,2014,10,15.14,14.32,14.442732408046723,2014-11-12,LSTM,14,2014
2014-10-30,2014,10,15.08,14.28,14.45778490781784,2014-11-13,LSTM,14,2014
2014-10-31,2014,10,14.99,14.18,14.406011154651642,2014-11-14,LSTM,14,2014
2014-11-01,2014,11,14.92,14.09,14.400985581874847,2014-11-15,LSTM,14,2014
2014-11-02,2014,11,14.86,14.01,14.387062743902206,2014-11-16,LSTM,14,2014
2014-11-03,2014,11,14.82,14.0,14.371217466592789,2014-11-17,LSTM,14,2014
2014-11-04,2014,11,14.77,13.97,14.333958942890167,2014-11-18,LSTM,14,2014
2014-11-05,2014,11,14.7,13.94,14.271023643016814,2014-11-19,LSTM,14,2014
2014-11-06,2014,11,14.65,13.94,14.240487718582154,2014-11-20,LSTM,14,2014
2014-11-07,2014,11,14.55,13.93,14.132559257745744,2014-11-21,LSTM,14,2014
2014-11-08,2014,11,14.49,13.93,14.088693400621414,2014-11-22,LSTM,14,2014
2014-11-09,2014,11,14.43,13.91,14.028758727312088,2014-11-23,LSTM,14,2014
2014-11-10,2014,11,14.41,13.86,14.009130928516388,2014-11-24,LSTM,14,2014
2014-11-11,2014,11,14.35,13.83,13.941599702835083,2014-11-25,LSTM,14,2014
2014-11-12,2014,11,14.32,13.79,13.916358865499497,2014-11-26,LSTM,14,2014
2014-11-13,2014,11,14.28,13.75,13.89064150929451,2014-11-27,LSTM,14,2014
2014-11-14,2014,11,14.18,13.73,13.764946513175964,2014-11-28,LSTM,14,2014
2014-11-15,2014,11,14.09,13.7,13.672549929618835,2014-11-29,LSTM,14,2014
2014-11-16,2014,11,14.01,13.67,13.588874319791794,2014-11-30,LSTM,14,2014
2015-01-08,2015,1,12.65,12.386,12.395980322360993,2015-01-22,LSTM,14,2015
2015-01-09,2015,1,12.64,12.364,12.39179897248745,2015-01-23,LSTM,14,2015
2015-01-10,2015,1,12.618,12.346,12.367858021736145,2015-01-24,LSTM,14,2015
2015-01-11,2015,1,12.594,12.324,12.347030434250831,2015-01-25,LSTM,14,2015
2015-01-12,2015,1,12.58,12.314,12.341473998427391,2015-01-26,LSTM,14,2015
2015-01-13,2015,1,12.57,12.29,12.338248036503792,2015-01-27,LSTM,14,2015
2015-01-14,2015,1,12.56,12.274,12.33361886203289,2015-01-28,LSTM,14,2015
2015-01-15,2015,1,12.56,12.25,12.344666001796723,2015-01-29,LSTM,14,2015
2015-01-16,2015,1,12.544,12.24,12.327206313848496,2015-01-30,LSTM,14,2015
2015-01-17,2015,1,12.526,12.23,12.313113666534424,2015-01-31,LSTM,14,2015
2015-01-18,2015,1,12.51,12.21,12.301884988546371,2015-02-01,LSTM,14,2015
2015-01-19,2015,1,12.49,12.196,12.284474184513092,2015-02-02,LSTM,14,2015
2015-01-20,2015,1,12.448,12.18,12.23723687338829,2015-02-03,LSTM,14,2015
2015-01-21,2015,1,12.414,12.162,12.209712873339653,2015-02-04,LSTM,14,2015
2015-01-22,2015,1,12.386,12.15,12.189490832448005,2015-02-05,LSTM,14,2015
2015-01-23,2015,1,12.364,12.134,12.176076449394227,2015-02-06,LSTM,14,2015
2015-01-24,2015,1,12.346,12.12,12.167300774812698,2015-02-07,LSTM,14,2015
2015-01-25,2015,1,12.324,12.11,12.152363612294197,2015-02-08,LSTM,14,2015
2015-01-26,2015,1,12.314,12.1,12.158137474894524,2015-02-09,LSTM,14,2015
2015-01-27,2015,1,12.29,12.1,12.135085114240646,2015-02-10,LSTM,14,2015
2015-01-28,2015,1,12.274,12.1,12.13073202574253,2015-02-11,LSTM,14,2015
2015-01-29,2015,1,12.25,12.084,12.109799832105637,2015-02-12,LSTM,14,2015
2015-01-30,2015,1,12.24,12.066,12.114581798911095,2015-02-13,LSTM,14,2015
2015-01-31,2015,1,12.23,12.044,12.112958002388478,2015-02-14,LSTM,14,2015
2015-02-01,2015,2,12.21,12.026,12.097594223022462,2015-02-15,LSTM,14,2015
2015-02-02,2015,2,12.196,12.01,12.096370128452778,2015-02-16,LSTM,14,2015
2015-02-03,2015,2,12.18,12.01,12.087465808093548,2015-02-17,LSTM,14,2015
2015-02-04,2015,2,12.162,12.0,12.078469000279904,2015-02-18,LSTM,14,2015
2015-02-05,2015,2,12.15,11.994,12.077379176020623,2015-02-19,LSTM,14,2015
2015-02-06,2015,2,12.134,11.99,12.069810014605522,2015-02-20,LSTM,14,2015
2015-02-07,2015,2,12.12,11.986,12.068171321302652,2015-02-21,LSTM,14,2015
2015-02-08,2015,2,12.11,11.98,12.069516782313585,2015-02-22,LSTM,14,2015
2015-02-09,2015,2,12.1,11.97,12.070604978501796,2015-02-23,LSTM,14,2015
2015-02-10,2015,2,12.1,11.96,12.085827933065593,2015-02-24,LSTM,14,2015
2015-02-11,2015,2,12.1,11.95,12.095897246990353,2015-02-25,LSTM,14,2015
2015-02-12,2015,2,12.084,11.94,12.086692856360227,2015-02-26,LSTM,14,2015
2015-02-13,2015,2,12.066,11.94,12.078978992424906,2015-02-27,LSTM,14,2015
2015-02-14,2015,2,12.044,11.93,12.065084036678076,2015-02-28,LSTM,14,2015
2015-02-15,2015,2,12.026,11.93,12.059400177955627,2015-03-01,LSTM,14,2015
2015-02-16,2015,2,12.01,11.93,12.055003928244114,2015-03-02,LSTM,14,2015
2015-02-17,2015,2,12.01,11.92,12.073912078738212,2015-03-03,LSTM,14,2015
2015-02-18,2015,2,12.0,11.91,12.075545363128185,2015-03-04,LSTM,14,2015
2015-02-19,2015,2,11.994,11.91,12.085103754937649,2015-03-05,LSTM,14,2015
2015-02-20,2015,2,11.99,11.916,12.093244908154011,2015-03-06,LSTM,14,2015
2015-02-21,2015,2,11.986,11.936,12.100369690418244,2015-03-07,LSTM,14,2015
2015-02-22,2015,2,11.98,12.016,12.105108405947686,2015-03-08,LSTM,14,2015
2015-02-23,2015,2,11.97,12.182,12.105314479470254,2015-03-09,LSTM,14,2015
2015-02-24,2015,2,11.96,12.318,12.109750649929047,2015-03-10,LSTM,14,2015
2015-02-25,2015,2,11.95,12.384,12.111677375435828,2015-03-11,LSTM,14,2015
2015-02-26,2015,2,11.94,12.464,12.114711659550666,2015-03-12,LSTM,14,2015
2015-02-27,2015,2,11.94,12.606,12.12945775926113,2015-03-13,LSTM,14,2015
2015-02-28,2015,2,11.93,12.678,12.131173678040504,2015-03-14,LSTM,14,2015
2015-03-01,2015,3,11.93,12.646,12.14698997914791,2015-03-15,LSTM,14,2015
2015-03-02,2015,3,11.93,12.556,12.157327734231949,2015-03-16,LSTM,14,2015
2015-03-03,2015,3,11.92,12.448,12.159794909954071,2015-03-17,LSTM,14,2015
2015-03-04,2015,3,11.91,12.358,12.163164231777191,2015-03-18,LSTM,14,2015
2015-03-05,2015,3,11.91,12.29,12.174626145362854,2015-03-19,LSTM,14,2015
2015-03-06,2015,3,11.916,12.24,12.193674317359925,2015-03-20,LSTM,14,2015
2015-03-07,2015,3,11.936,12.204,12.224860768079758,2015-03-21,LSTM,14,2015
2015-03-08,2015,3,12.016,12.19,12.292344388723373,2015-03-22,LSTM,14,2015
2015-03-09,2015,3,12.182,12.18,12.182524627452251,2015-03-23,LSTM,14,2015
2015-03-10,2015,3,12.318,12.17,12.188102435350418,2015-03-24,LSTM,14,2015
2015-03-11,2015,3,12.384,12.198,12.289365020036698,2015-03-25,LSTM,14,2015
2015-03-12,2015,3,12.464,12.234,12.436736891359091,2015-03-26,LSTM,14,2015
2015-03-13,2015,3,12.606,12.318,12.482970209181309,2015-03-27,LSTM,14,2015
2015-03-14,2015,3,12.678,12.448,12.594309125721455,2015-03-28,LSTM,14,2015
2015-03-15,2015,3,12.646,12.49,12.78972219145298,2015-03-29,LSTM,14,2015
2015-03-16,2015,3,12.556,12.448,12.890208250045776,2015-03-30,LSTM,14,2015
2015-03-17,2015,3,12.448,12.41,13.139679120063782,2015-03-31,LSTM,14,2015
2015-03-18,2015,3,12.358,12.376,13.217327852725983,2015-04-01,LSTM,14,2015
2015-03-19,2015,3,12.29,12.35,13.192289569377898,2015-04-02,LSTM,14,2015
2015-03-20,2015,3,12.24,12.356,13.18891619682312,2015-04-03,LSTM,14,2015
2015-03-21,2015,3,12.204,12.376,13.194312457084656,2015-04-04,LSTM,14,2015
2015-03-22,2015,3,12.19,12.438,13.123390498161315,2015-04-05,LSTM,14,2015
2015-03-23,2015,3,12.18,12.57,12.96729224205017,2015-04-06,LSTM,14,2015
2015-03-24,2015,3,12.17,12.704,12.864258213043213,2015-04-07,LSTM,14,2015
2015-03-25,2015,3,12.198,12.868,12.833825872421265,2015-04-08,LSTM,14,2015
2015-03-26,2015,3,12.234,13.048,12.86187640094757,2015-04-09,LSTM,14,2015
2015-03-27,2015,3,12.318,13.236,12.939547698974609,2015-04-10,LSTM,14,2015
2015-03-28,2015,3,12.448,13.446,12.952071652889252,2015-04-11,LSTM,14,2015
2015-03-29,2015,3,12.49,13.716,13.013826956748963,2015-04-12,LSTM,14,2015
2015-03-30,2015,3,12.448,14.06,13.070064173221589,2015-04-13,LSTM,14,2015
2015-03-31,2015,3,12.41,14.13,13.229823443889618,2015-04-14,LSTM,14,2015
2015-04-01,2015,4,12.376,14.116,13.319668127059936,2015-04-15,LSTM,14,2015
2015-04-02,2015,4,12.35,14.1,13.30647805929184,2015-04-16,LSTM,14,2015
2015-04-03,2015,4,12.356,14.09,13.284577244281769,2015-04-17,LSTM,14,2015
2015-04-04,2015,4,12.376,14.022,13.341845108032226,2015-04-18,LSTM,14,2015
2015-04-05,2015,4,12.438,13.932,13.415908551692963,2015-04-19,LSTM,14,2015
2015-04-06,2015,4,12.57,13.816,13.512899882793427,2015-04-20,LSTM,14,2015
2015-04-07,2015,4,12.704,13.772,13.505867485046387,2015-04-21,LSTM,14,2015
2015-04-08,2015,4,12.868,13.742,13.570795147895813,2015-04-22,LSTM,14,2015
2015-04-09,2015,4,13.048,13.686,13.78355213212967,2015-04-23,LSTM,14,2015
2015-04-10,2015,4,13.236,13.836,13.883426903247834,2015-04-24,LSTM,14,2015
2015-04-11,2015,4,13.446,14.178,14.03624178981781,2015-04-25,LSTM,14,2015
2015-04-12,2015,4,13.716,14.512,14.126011142492294,2015-04-26,LSTM,14,2015
2015-04-13,2015,4,14.06,14.608,14.394070354700089,2015-04-27,LSTM,14,2015
2015-04-14,2015,4,14.13,14.526,14.216064748466016,2015-04-28,LSTM,14,2015
2015-04-15,2015,4,14.116,14.482,14.25206709241867,2015-04-29,LSTM,14,2015
2015-04-16,2015,4,14.1,14.484,14.390383577346801,2015-04-30,LSTM,14,2015
2015-04-17,2015,4,14.09,14.568,14.559114631414413,2015-05-01,LSTM,14,2015
2015-04-18,2015,4,14.022,14.67,14.988905236244202,2015-05-02,LSTM,14,2015
2015-04-19,2015,4,13.932,14.658,15.20693703365326,2015-05-03,LSTM,14,2015
2015-04-20,2015,4,13.816,14.582,15.660388842582703,2015-05-04,LSTM,14,2015
2015-04-21,2015,4,13.772,14.576,15.588697955131531,2015-05-05,LSTM,14,2015
2015-04-22,2015,4,13.742,14.464,15.509576813697816,2015-05-06,LSTM,14,2015
2015-04-23,2015,4,13.686,14.41,15.517280589103699,2015-05-07,LSTM,14,2015
2015-04-24,2015,4,13.836,14.402,15.43533090209961,2015-05-08,LSTM,14,2015
2015-04-25,2015,4,14.178,14.466,15.27035155582428,2015-05-09,LSTM,14,2015
2015-04-26,2015,4,14.512,14.534,15.50345632982254,2015-05-10,LSTM,14,2015
2015-04-27,2015,4,14.608,14.614,15.076103736639023,2015-05-11,LSTM,14,2015
2015-04-28,2015,4,14.526,14.626,14.838326818704605,2015-05-12,LSTM,14,2015
2015-04-29,2015,4,14.482,14.552,14.90393779349327,2015-05-13,LSTM,14,2015
2015-04-30,2015,4,14.484,14.448,14.933937045574188,2015-05-14,LSTM,14,2015
2015-05-01,2015,5,14.568,14.44,15.04704473543167,2015-05-15,LSTM,14,2015
2015-05-02,2015,5,14.67,14.44,15.20930252790451,2015-05-16,LSTM,14,2015
2015-05-03,2015,5,14.658,14.432,15.24097449350357,2015-05-17,LSTM,14,2015
2015-05-04,2015,5,14.582,14.528,15.20825288963318,2015-05-18,LSTM,14,2015
2015-05-05,2015,5,14.576,14.722,15.128769660949708,2015-05-19,LSTM,14,2015
2015-05-06,2015,5,14.464,14.9,15.14868862771988,2015-05-20,LSTM,14,2015
2015-05-07,2015,5,14.41,15.014,15.261478159427643,2015-05-21,LSTM,14,2015
2015-05-08,2015,5,14.402,15.238,15.162104715824126,2015-05-22,LSTM,14,2015
2015-05-09,2015,5,14.466,15.654,15.195079127311706,2015-05-23,LSTM,14,2015
2015-05-10,2015,5,14.534,16.064,15.254999002456666,2015-05-24,LSTM,14,2015
2015-05-11,2015,5,14.614,16.098,15.291670657634736,2015-05-25,LSTM,14,2015
2015-05-12,2015,5,14.626,16.02,15.447819245815277,2015-05-26,LSTM,14,2015
2015-05-13,2015,5,14.552,16.076,15.396174206256866,2015-05-27,LSTM,14,2015
2015-05-14,2015,5,14.448,16.258,15.58804671573639,2015-05-28,LSTM,14,2015
2015-05-15,2015,5,14.44,16.636,15.419022324085235,2015-05-29,LSTM,14,2015
2015-05-16,2015,5,14.44,16.838,15.312943758964538,2015-05-30,LSTM,14,2015
2015-05-17,2015,5,14.432,16.972,15.386958438873291,2015-05-31,LSTM,14,2015
2015-05-18,2015,5,14.528,17.046,15.380150142192841,2015-06-01,LSTM,14,2015
2015-05-19,2015,5,14.722,17.35,15.60853528690338,2015-06-02,LSTM,14,2015
2015-05-20,2015,5,14.9,17.53,16.023708724975585,2015-06-03,LSTM,14,2015
2015-05-21,2015,5,15.014,17.374,16.17871028327942,2015-06-04,LSTM,14,2015
2015-05-22,2015,5,15.238,17.218,16.33254345703125,2015-06-05,LSTM,14,2015
2015-05-23,2015,5,15.654,17.174,16.479792372226715,2015-06-06,LSTM,14,2015
2015-05-24,2015,5,16.064,17.52,16.17690017515421,2015-06-07,LSTM,14,2015
2015-05-25,2015,5,16.098,18.006,16.11378421704471,2015-06-08,LSTM,14,2015
2015-05-26,2015,5,16.02,18.222,16.063963886797428,2015-06-09,LSTM,14,2015
2015-05-27,2015,5,16.076,18.364,16.1733337367177,2015-06-10,LSTM,14,2015
2015-05-28,2015,5,16.258,18.794,16.651712282180785,2015-06-11,LSTM,14,2015
2015-05-29,2015,5,16.636,19.3,16.865924470186233,2015-06-12,LSTM,14,2015
2015-05-30,2015,5,16.838,19.474,16.973378271341325,2015-06-13,LSTM,14,2015
2015-05-31,2015,5,16.972,19.52,17.119486910223962,2015-06-14,LSTM,14,2015
2015-06-01,2015,6,17.046,19.384,17.2458243778944,2015-06-15,LSTM,14,2015
2015-06-02,2015,6,17.35,19.102,17.45179203003645,2015-06-16,LSTM,14,2015
2015-06-03,2015,6,17.53,18.802,17.700419186353685,2015-06-17,LSTM,14,2015
2015-06-04,2015,6,17.374,18.738,17.603821637272834,2015-06-18,LSTM,14,2015
2015-06-05,2015,6,17.218,18.816,17.80341464805603,2015-06-19,LSTM,14,2015
2015-06-06,2015,6,17.174,18.892,17.83257309103012,2015-06-20,LSTM,14,2015
2015-06-07,2015,6,17.52,18.748,18.46760686159134,2015-06-21,LSTM,14,2015
2015-06-08,2015,6,18.006,18.72,18.706951516628266,2015-06-22,LSTM,14,2015
2015-06-09,2015,6,18.222,18.692,18.805310425281526,2015-06-23,LSTM,14,2015
2015-06-10,2015,6,18.364,18.732,18.980205990314484,2015-06-24,LSTM,14,2015
2015-06-11,2015,6,18.794,18.762,19.16031390452385,2015-06-25,LSTM,14,2015
2015-06-12,2015,6,19.3,18.814,18.886601823568345,2015-06-26,LSTM,14,2015
2015-06-13,2015,6,19.474,18.72,18.841419123649597,2015-06-27,LSTM,14,2015
2015-06-14,2015,6,19.52,18.688,19.205434848070144,2015-06-28,LSTM,14,2015
2015-06-15,2015,6,19.384,18.646,19.292778972923756,2015-06-29,LSTM,14,2015
2015-06-16,2015,6,19.102,18.63,19.312687026381493,2015-06-30,LSTM,14,2015
2015-06-17,2015,6,18.802,18.628,19.431960477352142,2015-07-01,LSTM,14,2015
2015-06-18,2015,6,18.738,18.56,19.360015595436096,2015-07-02,LSTM,14,2015
2015-06-19,2015,6,18.816,18.664,19.464086965084075,2015-07-03,LSTM,14,2015
2015-06-20,2015,6,18.892,18.538,19.529565433979034,2015-07-04,LSTM,14,2015
2015-06-21,2015,6,18.748,18.512,19.334345791816713,2015-07-05,LSTM,14,2015
2015-06-22,2015,6,18.72,18.726,19.32851138830185,2015-07-06,LSTM,14,2015
2015-06-23,2015,6,18.692,18.792,19.084492443323136,2015-07-07,LSTM,14,2015
2015-06-24,2015,6,18.732,18.77,19.011526859521865,2015-07-08,LSTM,14,2015
2015-06-25,2015,6,18.762,18.698,19.027310913324357,2015-07-09,LSTM,14,2015
2015-06-26,2015,6,18.814,18.646,19.04784417593479,2015-07-10,LSTM,14,2015
2015-06-27,2015,6,18.72,18.528,19.055752576589583,2015-07-11,LSTM,14,2015
2015-06-28,2015,6,18.688,18.4,19.072971678256987,2015-07-12,LSTM,14,2015
2015-06-29,2015,6,18.646,18.25,19.033752652168275,2015-07-13,LSTM,14,2015
2015-06-30,2015,6,18.63,18.034,18.97790387749672,2015-07-14,LSTM,14,2015
2015-07-01,2015,7,18.628,17.82,18.928429195165634,2015-07-15,LSTM,14,2015
2015-07-02,2015,7,18.56,17.79,18.96717488527298,2015-07-16,LSTM,14,2015
2015-07-03,2015,7,18.664,17.872,19.02982687497139,2015-07-17,LSTM,14,2015
2015-07-04,2015,7,18.538,17.938,19.01704145717621,2015-07-18,LSTM,14,2015
2015-07-05,2015,7,18.512,17.964,18.975180869817734,2015-07-19,LSTM,14,2015
2015-07-06,2015,7,18.726,17.98,19.30494694805145,2015-07-20,LSTM,14,2015
2015-07-07,2015,7,18.792,17.994,19.208759341955187,2015-07-21,LSTM,14,2015
2015-07-08,2015,7,18.77,17.988,19.014692221283912,2015-07-22,LSTM,14,2015
2015-07-09,2015,7,18.698,17.912,19.044255242824555,2015-07-23,LSTM,14,2015
2015-07-10,2015,7,18.646,17.644,19.03879440045357,2015-07-24,LSTM,14,2015
2015-07-11,2015,7,18.528,17.514,18.984536769866942,2015-07-25,LSTM,14,2015
2015-07-12,2015,7,18.4,17.504,18.878262215852736,2015-07-26,LSTM,14,2015
2015-07-13,2015,7,18.25,17.614,18.689710557460785,2015-07-27,LSTM,14,2015
2015-07-14,2015,7,18.034,17.694,18.441357931137084,2015-07-28,LSTM,14,2015
2015-07-15,2015,7,17.82,17.69,18.25164125084877,2015-07-29,LSTM,14,2015
2015-07-16,2015,7,17.79,17.602,18.28574354290962,2015-07-30,LSTM,14,2015
2015-07-17,2015,7,17.872,17.518,18.742280623435974,2015-07-31,LSTM,14,2015
2015-07-18,2015,7,17.938,17.35,18.690640604972838,2015-08-01,LSTM,14,2015
2015-07-19,2015,7,17.964,16.992,18.72552354478836,2015-08-02,LSTM,14,2015
2015-07-20,2015,7,17.98,16.79,18.867989699840546,2015-08-03,LSTM,14,2015
2015-07-21,2015,7,17.994,16.66,18.991935354709625,2015-08-04,LSTM,14,2015
2015-07-22,2015,7,17.988,16.576,19.041382635116577,2015-08-05,LSTM,14,2015
2015-07-23,2015,7,17.912,16.552,18.794181107997893,2015-08-06,LSTM,14,2015
2015-07-24,2015,7,17.644,16.618,18.6264720621109,2015-08-07,LSTM,14,2015
2015-07-25,2015,7,17.514,16.874,18.18279880428314,2015-08-08,LSTM,14,2015
2015-07-26,2015,7,17.504,16.952,18.106344155311586,2015-08-09,LSTM,14,2015
2015-07-27,2015,7,17.614,16.99,18.64726153755188,2015-08-10,LSTM,14,2015
2015-07-28,2015,7,17.694,17.102,18.616967255115508,2015-08-11,LSTM,14,2015
2015-07-29,2015,7,17.69,17.162,18.70983380317688,2015-08-12,LSTM,14,2015
2015-07-30,2015,7,17.602,17.264,18.5450148601532,2015-08-13,LSTM,14,2015
2015-07-31,2015,7,17.518,17.342,18.515324228286744,2015-08-14,LSTM,14,2015
2015-08-01,2015,8,17.35,17.346,18.35123977661133,2015-08-15,LSTM,14,2015
2015-08-02,2015,8,16.992,17.43,18.24330605697632,2015-08-16,LSTM,14,2015
2015-08-03,2015,8,16.79,17.474,17.70997706890106,2015-08-17,LSTM,14,2015
2015-08-04,2015,8,16.66,17.598,17.776303205490112,2015-08-18,LSTM,14,2015
2015-08-05,2015,8,16.576,17.862,17.833495760917664,2015-08-19,LSTM,14,2015
2015-08-06,2015,8,16.552,18.216,18.004685713768005,2015-08-20,LSTM,14,2015
2015-08-07,2015,8,16.618,18.948,18.411017029762267,2015-08-21,LSTM,14,2015
2015-08-08,2015,8,16.874,19.578,18.484376238822936,2015-08-22,LSTM,14,2015
2015-08-09,2015,8,16.952,19.818,18.738358237266542,2015-08-23,LSTM,14,2015
2015-08-10,2015,8,16.99,19.94,19.25501703262329,2015-08-24,LSTM,14,2015
2015-08-11,2015,8,17.102,19.932,19.1636455078125,2015-08-25,LSTM,14,2015
2015-08-12,2015,8,17.162,19.82,19.20337110710144,2015-08-26,LSTM,14,2015
2015-08-13,2015,8,17.264,19.642,19.160846055984496,2015-08-27,LSTM,14,2015
2015-08-14,2015,8,17.342,19.514,19.18612133693695,2015-08-28,LSTM,14,2015
2015-08-15,2015,8,17.346,19.42,19.24978749370575,2015-08-29,LSTM,14,2015
2015-08-16,2015,8,17.43,19.382,19.201699905395508,2015-08-30,LSTM,14,2015
2015-08-17,2015,8,17.474,19.418,19.16529526615143,2015-08-31,LSTM,14,2015
2015-10-08,2015,10,16.838,15.416,15.759900868415833,2015-10-22,LSTM,14,2015
2015-10-09,2015,10,16.688,15.342,15.765223360538482,2015-10-23,LSTM,14,2015
2015-10-10,2015,10,16.572,15.266,15.85859027814865,2015-10-24,LSTM,14,2015
2015-10-11,2015,10,16.378,15.218,15.488871195793152,2015-10-25,LSTM,14,2015
2015-10-12,2015,10,16.288,15.14,15.611091924190521,2015-10-26,LSTM,14,2015
2015-10-13,2015,10,16.198,15.076,15.70120753455162,2015-10-27,LSTM,14,2015
2015-10-14,2015,10,16.134,14.988,15.579262253284455,2015-10-28,LSTM,14,2015
2015-10-15,2015,10,16.058,14.912,15.613706530809402,2015-10-29,LSTM,14,2015
2015-10-16,2015,10,15.994,14.9,15.565502923965454,2015-10-30,LSTM,14,2015
2015-10-17,2015,10,15.926,14.884,15.522376121044159,2015-10-31,LSTM,14,2015
2015-10-18,2015,10,15.858,14.832,15.389771123409272,2015-11-01,LSTM,14,2015
2015-10-19,2015,10,15.726,14.73,15.352470506191255,2015-11-02,LSTM,14,2015
2015-10-20,2015,10,15.618,14.658,15.288140147209168,2015-11-03,LSTM,14,2015
2015-10-21,2015,10,15.526,14.614,15.185782588481903,2015-11-04,LSTM,14,2015
2015-10-22,2015,10,15.416,14.536,14.971596500635147,2015-11-05,LSTM,14,2015
2015-10-23,2015,10,15.342,14.49,14.819845966815949,2015-11-06,LSTM,14,2015
2015-10-24,2015,10,15.266,14.454,14.643135217189789,2015-11-07,LSTM,14,2015
2015-10-25,2015,10,15.218,14.448,14.560703938484192,2015-11-08,LSTM,14,2015
2015-10-26,2015,10,15.14,14.43,14.409177436828614,2015-11-09,LSTM,14,2015
2015-10-27,2015,10,15.076,14.42,14.36647966003418,2015-11-10,LSTM,14,2015
2015-10-28,2015,10,14.988,14.41,14.292986536502838,2015-11-11,LSTM,14,2015
2015-10-29,2015,10,14.912,14.4,14.219142734527589,2015-11-12,LSTM,14,2015
2015-10-30,2015,10,14.9,14.39,14.32226266860962,2015-11-13,LSTM,14,2015
2015-10-31,2015,10,14.884,14.374,14.347883340358734,2015-11-14,LSTM,14,2015
2015-11-01,2015,11,14.832,14.352,14.265792889118195,2015-11-15,LSTM,14,2015
2015-11-02,2015,11,14.73,14.304,14.090265016555787,2015-11-16,LSTM,14,2015
2015-11-03,2015,11,14.658,14.212,14.032748051166534,2015-11-17,LSTM,14,2015
2015-11-04,2015,11,14.614,14.134,14.056095756530762,2015-11-18,LSTM,14,2015
2015-11-05,2015,11,14.536,14.066,13.93463121509552,2015-11-19,LSTM,14,2015
2015-11-06,2015,11,14.49,13.986,13.91589658498764,2015-11-20,LSTM,14,2015
2015-11-07,2015,11,14.454,13.958,13.948033932685853,2015-11-21,LSTM,14,2015
2015-11-08,2015,11,14.448,13.902,13.993901566743851,2015-11-22,LSTM,14,2015
2015-11-09,2015,11,14.43,13.858,13.978505187034607,2015-11-23,LSTM,14,2015
2015-11-10,2015,11,14.42,13.824,13.969862205982208,2015-11-24,LSTM,14,2015
2015-11-11,2015,11,14.41,13.79,13.972744498252869,2015-11-25,LSTM,14,2015
2015-11-12,2015,11,14.4,13.748,13.961573177576065,2015-11-26,LSTM,14,2015
2015-11-13,2015,11,14.39,13.71,13.953903391361237,2015-11-27,LSTM,14,2015
2015-11-14,2015,11,14.374,13.674,13.935627805233002,2015-11-28,LSTM,14,2015
2015-11-15,2015,11,14.352,13.644,13.91295051765442,2015-11-29,LSTM,14,2015
2015-11-16,2015,11,14.304,13.59,13.850358644962311,2015-11-30,LSTM,14,2015
2015-11-17,2015,11,14.212,13.538,13.718980210542679,2015-12-01,LSTM,14,2015
2015-11-18,2015,11,14.134,13.518,13.62155955696106,2015-12-02,LSTM,14,2015
2015-11-19,2015,11,14.066,13.494,13.569166884183884,2015-12-03,LSTM,14,2015
2015-11-20,2015,11,13.986,13.464,13.473639904022217,2015-12-04,LSTM,14,2015
2015-11-21,2015,11,13.958,13.44,13.494774963140488,2015-12-05,LSTM,14,2015
2015-11-22,2015,11,13.902,13.406,13.449380447387695,2015-12-06,LSTM,14,2015
2015-11-23,2015,11,13.858,13.384,13.411706705570221,2015-12-07,LSTM,14,2015
2015-11-24,2015,11,13.824,13.358,13.398359327554703,2015-12-08,LSTM,14,2015
2015-11-25,2015,11,13.79,13.33,13.370975532531737,2015-12-09,LSTM,14,2015
2015-11-26,2015,11,13.748,13.3,13.327908430576324,2015-12-10,LSTM,14,2015
2015-11-27,2015,11,13.71,13.276,13.29135735988617,2015-12-11,LSTM,14,2015
2015-11-28,2015,11,13.674,13.242,13.264015411376953,2015-12-12,LSTM,14,2015
2015-11-29,2015,11,13.644,13.21,13.240162468194962,2015-12-13,LSTM,14,2015
2015-11-30,2015,11,13.59,13.184,13.176355865001678,2015-12-14,LSTM,14,2015
2015-12-01,2015,12,13.538,13.158,13.121743631839752,2015-12-15,LSTM,14,2015
2015-12-02,2015,12,13.518,13.132,13.124308937072755,2015-12-16,LSTM,14,2015
2015-12-03,2015,12,13.494,13.11,13.107981366157532,2015-12-17,LSTM,14,2015
2015-12-04,2015,12,13.464,13.084,13.075287891864777,2015-12-18,LSTM,14,2015
2015-12-05,2015,12,13.44,13.066,13.05939588189125,2015-12-19,LSTM,14,2015
2015-12-06,2015,12,13.406,13.042,13.028429490089417,2015-12-20,LSTM,14,2015
2015-12-07,2015,12,13.384,13.03,13.014258530378342,2015-12-21,LSTM,14,2015
2015-12-08,2015,12,13.358,13.028,12.991142650127411,2015-12-22,LSTM,14,2015
2015-12-09,2015,12,13.33,12.998,12.96394233584404,2015-12-23,LSTM,14,2015
2015-12-10,2015,12,13.3,12.968,12.936586099863053,2015-12-24,LSTM,14,2015
2015-12-11,2015,12,13.276,12.944,12.918442286014557,2015-12-25,LSTM,14,2015
2015-12-12,2015,12,13.242,12.918,12.883997396945954,2015-12-26,LSTM,14,2015
2015-12-13,2015,12,13.21,12.88,12.8533042883873,2015-12-27,LSTM,14,2015
2015-12-14,2015,12,13.184,12.842,12.834039047002792,2015-12-28,LSTM,14,2015
2015-12-15,2015,12,13.158,12.826,12.811791785240173,2015-12-29,LSTM,14,2015
2015-12-16,2015,12,13.132,12.782,12.78881305527687,2015-12-30,LSTM,14,2015
2015-12-17,2015,12,13.11,12.75,12.772287056446075,2015-12-31,LSTM,14,2015
2015-12-18,2015,12,13.084,12.72,12.74916488790512,2016-01-01,LSTM,14,2015
2015-12-19,2015,12,13.066,12.69,12.737986728906632,2016-01-02,LSTM,14,2015
2015-12-20,2015,12,13.042,12.68,12.715725485801697,2016-01-03,LSTM,14,2015
2015-12-21,2015,12,13.03,12.662,12.71214276432991,2016-01-04,LSTM,14,2015
2015-12-22,2015,12,13.028,12.63,12.721184763193131,2016-01-05,LSTM,14,2015
2015-12-23,2015,12,12.998,12.606,12.681552592992782,2016-01-06,LSTM,14,2015
2015-12-24,2015,12,12.968,12.584,12.6521479241848,2016-01-07,LSTM,14,2015
2015-12-25,2015,12,12.944,12.566,12.634261334180833,2016-01-08,LSTM,14,2015
2015-12-26,2015,12,12.918,12.548,12.609840052604675,2016-01-09,LSTM,14,2015
2015-12-27,2015,12,12.88,12.526,12.567621295452119,2016-01-10,LSTM,14,2015
2015-12-28,2015,12,12.842,12.504,12.530272446393967,2016-01-11,LSTM,14,2015
2015-12-29,2015,12,12.826,12.482,12.527219737529755,2016-01-12,LSTM,14,2015
2015-12-30,2015,12,12.782,12.47,12.476138586521149,2016-01-13,LSTM,14,2015
2015-12-31,2015,12,12.75,12.46,12.448566436767578,2016-01-14,LSTM,14,2015
2016-01-01,2016,1,12.72,12.448,12.406072051525117,2016-01-15,LSTM,14,2016
2016-01-02,2016,1,12.69,12.428,12.378542366027832,2016-01-16,LSTM,14,2016
2016-01-03,2016,1,12.68,12.42,12.375685029029846,2016-01-17,LSTM,14,2016
2016-01-04,2016,1,12.662,12.42,12.365394651412965,2016-01-18,LSTM,14,2016
2016-01-05,2016,1,12.63,12.41,12.34066188812256,2016-01-19,LSTM,14,2016
2016-01-06,2016,1,12.606,12.392,12.32491576051712,2016-01-20,LSTM,14,2016
2016-01-07,2016,1,12.584,12.386,12.31118945145607,2016-01-21,LSTM,14,2016
2016-01-08,2016,1,12.566,12.37,12.294004693984986,2016-01-22,LSTM,14,2016
2016-01-09,2016,1,12.548,12.36,12.276708177804947,2016-01-23,LSTM,14,2016
2016-01-10,2016,1,12.526,12.346,12.259904927968979,2016-01-24,LSTM,14,2016
2016-01-11,2016,1,12.504,12.32,12.245773635149002,2016-01-25,LSTM,14,2016
2016-01-12,2016,1,12.482,12.296,12.227979398488998,2016-01-26,LSTM,14,2016
2016-01-13,2016,1,12.47,12.274,12.220745475292206,2016-01-27,LSTM,14,2016
2016-01-14,2016,1,12.46,12.25,12.216443977355958,2016-01-28,LSTM,14,2016
2016-01-15,2016,1,12.448,12.23,12.209450290679932,2016-01-29,LSTM,14,2016
2016-01-16,2016,1,12.428,12.22,12.196198639154435,2016-01-30,LSTM,14,2016
2016-01-17,2016,1,12.42,12.204,12.196462599635124,2016-01-31,LSTM,14,2016
2016-01-18,2016,1,12.42,12.19,12.205226434469223,2016-02-01,LSTM,14,2016
2016-01-19,2016,1,12.41,12.178,12.197529453635216,2016-02-02,LSTM,14,2016
2016-01-20,2016,1,12.392,12.158,12.182299773216247,2016-02-03,LSTM,14,2016
2016-01-21,2016,1,12.386,12.142,12.184964917659759,2016-02-04,LSTM,14,2016
2016-01-22,2016,1,12.37,12.124,12.174495498538016,2016-02-05,LSTM,14,2016
2016-01-23,2016,1,12.36,12.106,12.163510561585426,2016-02-06,LSTM,14,2016
2016-01-24,2016,1,12.346,12.09,12.153478845119476,2016-02-07,LSTM,14,2016
2016-01-25,2016,1,12.32,12.076,12.127825475931168,2016-02-08,LSTM,14,2016
2016-01-26,2016,1,12.296,12.06,12.106571193695068,2016-02-09,LSTM,14,2016
2016-01-27,2016,1,12.274,12.05,12.086595084309577,2016-02-10,LSTM,14,2016
2016-01-28,2016,1,12.25,12.04,12.063425660133362,2016-02-11,LSTM,14,2016
2016-01-29,2016,1,12.23,12.03,12.045301135182381,2016-02-12,LSTM,14,2016
2016-01-30,2016,1,12.22,12.02,12.044674993753434,2016-02-13,LSTM,14,2016
2016-01-31,2016,1,12.204,12.01,12.038103405475617,2016-02-14,LSTM,14,2016
2016-02-01,2016,2,12.19,12.01,12.032339351773262,2016-02-15,LSTM,14,2016
2016-02-02,2016,2,12.178,12.014,12.032456558823586,2016-02-16,LSTM,14,2016
2016-02-03,2016,2,12.158,12.026,12.019521735787391,2016-02-17,LSTM,14,2016
2016-02-04,2016,2,12.142,12.04,12.009765441536903,2016-02-18,LSTM,14,2016
2016-02-05,2016,2,12.124,12.054,11.997605564236641,2016-02-19,LSTM,14,2016
2016-02-06,2016,2,12.106,12.074,11.98513353741169,2016-02-20,LSTM,14,2016
2016-02-07,2016,2,12.09,12.08,11.976292695999145,2016-02-21,LSTM,14,2016
2016-02-08,2016,2,12.076,12.054,11.970852623343468,2016-02-22,LSTM,14,2016
2016-02-09,2016,2,12.06,12.032,11.964343612492085,2016-02-23,LSTM,14,2016
2016-02-10,2016,2,12.05,12.016,11.965892593562604,2016-02-24,LSTM,14,2016
2016-02-11,2016,2,12.04,12.0,11.969372623562812,2016-02-25,LSTM,14,2016
2016-02-12,2016,2,12.03,11.99,11.971365782171487,2016-02-26,LSTM,14,2016
2016-02-13,2016,2,12.02,11.99,11.974315144568681,2016-02-27,LSTM,14,2016
2016-02-14,2016,2,12.01,11.994,11.977282254248857,2016-02-28,LSTM,14,2016
2016-02-15,2016,2,12.01,12.034,11.998472587428987,2016-02-29,LSTM,14,2016
2016-02-16,2016,2,12.014,12.148,12.023655115194618,2016-03-01,LSTM,14,2016
2016-02-17,2016,2,12.026,12.56,12.052212742552161,2016-03-02,LSTM,14,2016
2016-02-18,2016,2,12.04,12.63,12.077140637636184,2016-03-03,LSTM,14,2016
2016-02-19,2016,2,12.054,12.586,12.098295720756054,2016-03-04,LSTM,14,2016
2016-02-20,2016,2,12.074,12.51,12.122140116035938,2016-03-05,LSTM,14,2016
2016-02-21,2016,2,12.08,12.412,12.135134806782007,2016-03-06,LSTM,14,2016
2016-02-22,2016,2,12.054,12.344,12.112386757969857,2016-03-07,LSTM,14,2016
2016-02-23,2016,2,12.032,12.282,12.104275951504707,2016-03-08,LSTM,14,2016
2016-02-24,2016,2,12.016,12.23,12.112589848399162,2016-03-09,LSTM,14,2016
2016-02-25,2016,2,12.0,12.204,12.109552465379238,2016-03-10,LSTM,14,2016
2016-02-26,2016,2,11.99,12.182,12.118922820091248,2016-03-11,LSTM,14,2016
2016-02-27,2016,2,11.99,12.16,12.158623611330986,2016-03-12,LSTM,14,2016
2016-02-28,2016,2,11.994,12.15,12.205542531847954,2016-03-13,LSTM,14,2016
2016-02-29,2016,2,12.034,12.15,12.266221975922585,2016-03-14,LSTM,14,2016
2016-03-01,2016,3,12.148,12.15,12.316954893946647,2016-03-15,LSTM,14,2016
2016-03-02,2016,3,12.56,12.2,12.623541226089001,2016-03-16,LSTM,14,2016
2016-03-03,2016,3,12.63,12.298,12.331653867959977,2016-03-17,LSTM,14,2016
2016-03-04,2016,3,12.586,12.452,12.254574959039688,2016-03-18,LSTM,14,2016
2016-03-05,2016,3,12.51,12.574,12.213185975551605,2016-03-19,LSTM,14,2016
2016-03-06,2016,3,12.412,12.606,12.268449335813523,2016-03-20,LSTM,14,2016
2016-03-07,2016,3,12.344,12.594,12.343338782043196,2016-03-21,LSTM,14,2016
2016-03-08,2016,3,12.282,12.592,12.441262552857399,2016-03-22,LSTM,14,2016
2016-03-09,2016,3,12.23,12.646,12.56654910326004,2016-03-23,LSTM,14,2016
2016-03-10,2016,3,12.204,12.782,12.62415439271927,2016-03-24,LSTM,14,2016
2016-03-11,2016,3,12.182,12.862,12.667641777515412,2016-03-25,LSTM,14,2016
2016-03-12,2016,3,12.16,12.864,12.701499495506287,2016-03-26,LSTM,14,2016
2016-03-13,2016,3,12.15,12.804,12.7410764336586,2016-03-27,LSTM,14,2016
2016-03-14,2016,3,12.15,12.764,12.797004187107087,2016-03-28,LSTM,14,2016
2016-03-15,2016,3,12.15,12.766,12.839997255802155,2016-03-29,LSTM,14,2016
2016-03-16,2016,3,12.2,12.808,12.838802349567413,2016-03-30,LSTM,14,2016
2016-03-17,2016,3,12.298,12.866,12.85634573507309,2016-03-31,LSTM,14,2016
2016-03-18,2016,3,12.452,12.944,12.89437893819809,2016-04-01,LSTM,14,2016
2016-03-19,2016,3,12.574,12.926,12.841060697078705,2016-04-02,LSTM,14,2016
2016-03-20,2016,3,12.606,12.852,12.81744376695156,2016-04-03,LSTM,14,2016
2016-03-21,2016,3,12.594,12.82,12.975867736577987,2016-04-04,LSTM,14,2016
2016-03-22,2016,3,12.592,12.822,13.173828713417054,2016-04-05,LSTM,14,2016
2016-03-23,2016,3,12.646,12.906,13.313709589004517,2016-04-06,LSTM,14,2016
2016-03-24,2016,3,12.782,13.04,13.428788001060486,2016-04-07,LSTM,14,2016
2016-03-25,2016,3,12.862,13.15,13.509900640964508,2016-04-08,LSTM,14,2016
2016-03-26,2016,3,12.864,13.178,13.610905207633973,2016-04-09,LSTM,14,2016
2016-03-27,2016,3,12.804,13.142,13.736148814201355,2016-04-10,LSTM,14,2016
2016-03-28,2016,3,12.764,13.142,13.790854157447814,2016-04-11,LSTM,14,2016
2016-03-29,2016,3,12.766,13.208,13.828668800354004,2016-04-12,LSTM,14,2016
2016-03-30,2016,3,12.808,13.42,13.836659582138061,2016-04-13,LSTM,14,2016
2016-03-31,2016,3,12.866,14.184,13.887067261695861,2016-04-14,LSTM,14,2016
2016-04-01,2016,4,12.944,14.704,13.953218096733094,2016-04-15,LSTM,14,2016
2016-04-02,2016,4,12.926,14.816,14.009284258842468,2016-04-16,LSTM,14,2016
2016-04-03,2016,4,12.852,14.734,14.025605799674988,2016-04-17,LSTM,14,2016
2016-04-04,2016,4,12.82,14.774,14.022958822250366,2016-04-18,LSTM,14,2016
2016-04-05,2016,4,12.822,15.016,13.978708002090453,2016-04-19,LSTM,14,2016
2016-04-06,2016,4,12.906,15.192,14.001282673835755,2016-04-20,LSTM,14,2016
2016-04-07,2016,4,13.04,15.23,14.140276589393615,2016-04-21,LSTM,14,2016
2016-04-08,2016,4,13.15,15.186,14.253368520736695,2016-04-22,LSTM,14,2016
2016-04-09,2016,4,13.178,15.128,14.273197916030885,2016-04-23,LSTM,14,2016
2016-04-10,2016,4,13.142,15.114,14.308755080223083,2016-04-24,LSTM,14,2016
2016-04-11,2016,4,13.142,15.264,14.346494476318359,2016-04-25,LSTM,14,2016
2016-04-12,2016,4,13.208,15.55,14.407385404586792,2016-04-26,LSTM,14,2016
2016-04-13,2016,4,13.42,15.79,14.725095314979553,2016-04-27,LSTM,14,2016
2016-04-14,2016,4,14.184,15.996,15.011534019947051,2016-04-28,LSTM,14,2016
2016-04-15,2016,4,14.704,16.216,14.778924282729626,2016-04-29,LSTM,14,2016
2016-04-16,2016,4,14.816,16.444,14.851357050597668,2016-04-30,LSTM,14,2016
2016-04-17,2016,4,14.734,16.428,14.959224167108536,2016-05-01,LSTM,14,2016
2016-04-18,2016,4,14.774,16.192,15.23796580338478,2016-05-02,LSTM,14,2016
2016-04-19,2016,4,15.016,16.034,15.776912477970123,2016-05-03,LSTM,14,2016
2016-04-20,2016,4,15.192,15.926,15.919618277072907,2016-05-04,LSTM,14,2016
2016-04-21,2016,4,15.23,16.1,15.590233932733536,2016-05-05,LSTM,14,2016
2016-04-22,2016,4,15.186,16.168,15.297586093902588,2016-05-06,LSTM,14,2016
2016-04-23,2016,4,15.128,16.124,15.276090824484825,2016-05-07,LSTM,14,2016
2016-04-24,2016,4,15.114,15.972,15.19297287607193,2016-05-08,LSTM,14,2016
2016-04-25,2016,4,15.264,15.786,15.93002337360382,2016-05-09,LSTM,14,2016
2016-04-26,2016,4,15.55,15.612,15.53501351196319,2016-05-10,LSTM,14,2016
2016-04-27,2016,4,15.79,15.442,15.379735895395278,2016-05-11,LSTM,14,2016
2016-04-28,2016,4,15.996,15.29,15.6315839073658,2016-05-12,LSTM,14,2016
2016-04-29,2016,4,16.216,15.238,15.854567328453065,2016-05-13,LSTM,14,2016
2016-04-30,2016,4,16.444,15.2,15.743411118030547,2016-05-14,LSTM,14,2016
2016-05-01,2016,5,16.428,15.176,15.704319801807404,2016-05-15,LSTM,14,2016
2016-05-02,2016,5,16.192,15.122,15.724144635915756,2016-05-16,LSTM,14,2016
2016-05-03,2016,5,16.034,15.138,16.704890688896178,2016-05-17,LSTM,14,2016
2016-05-04,2016,5,15.926,15.448,16.759797574043276,2016-05-18,LSTM,14,2016
2016-05-05,2016,5,16.1,15.846,16.87870661020279,2016-05-19,LSTM,14,2016
2016-05-06,2016,5,16.168,16.218,16.95599682855606,2016-05-20,LSTM,14,2016
2016-05-07,2016,5,16.124,16.294,16.674136566162108,2016-05-21,LSTM,14,2016
2016-05-08,2016,5,15.972,16.772,16.656084415435792,2016-05-22,LSTM,14,2016
2016-05-09,2016,5,15.786,17.27,16.732862399578096,2016-05-23,LSTM,14,2016
2016-05-10,2016,5,15.612,17.364,16.9025787229538,2016-05-24,LSTM,14,2016
2016-05-11,2016,5,15.442,17.14,16.788349716186524,2016-05-25,LSTM,14,2016
2016-05-12,2016,5,15.29,16.908,16.57582787513733,2016-05-26,LSTM,14,2016
2016-05-13,2016,5,15.238,16.748,16.090784276008606,2016-05-27,LSTM,14,2016
2016-05-14,2016,5,15.2,16.722,16.02726615667343,2016-05-28,LSTM,14,2016
2016-05-15,2016,5,15.176,16.72,15.93018645143509,2016-05-29,LSTM,14,2016
2016-05-16,2016,5,15.122,16.67,15.753534397602081,2016-05-30,LSTM,14,2016
2016-05-17,2016,5,15.138,16.542,15.649878728866577,2016-05-31,LSTM,14,2016
2016-05-18,2016,5,15.448,16.564,15.965121434211731,2016-06-01,LSTM,14,2016
2016-05-19,2016,5,15.846,16.7,15.94275544500351,2016-06-02,LSTM,14,2016
2016-05-20,2016,5,16.218,16.686,16.07056713628769,2016-06-03,LSTM,14,2016
2016-05-21,2016,5,16.294,16.504,16.159180388092995,2016-06-04,LSTM,14,2016
2016-05-22,2016,5,16.772,16.324,16.542016387104987,2016-06-05,LSTM,14,2016
2016-05-23,2016,5,17.27,16.216,17.83019902229309,2016-06-06,LSTM,14,2016
2016-05-24,2016,5,17.364,16.2,17.344198066681624,2016-06-07,LSTM,14,2016
2016-05-25,2016,5,17.14,16.188,17.609599962234498,2016-06-08,LSTM,14,2016
2016-05-26,2016,5,16.908,16.116,17.987736828804017,2016-06-09,LSTM,14,2016
2016-05-27,2016,5,16.748,16.072,17.914807532310487,2016-06-10,LSTM,14,2016
2016-05-28,2016,5,16.722,16.088,17.66796791267395,2016-06-11,LSTM,14,2016
2016-05-29,2016,5,16.72,16.04,17.61595556259155,2016-06-12,LSTM,14,2016
2016-05-30,2016,5,16.67,16.076,17.40165386915207,2016-06-13,LSTM,14,2016
2016-05-31,2016,5,16.542,16.138,17.118452910900118,2016-06-14,LSTM,14,2016
2016-06-01,2016,6,16.564,16.532,17.130842079162598,2016-06-15,LSTM,14,2016
2016-06-02,2016,6,16.7,17.31,17.436851394176482,2016-06-16,LSTM,14,2016
2016-06-03,2016,6,16.686,17.478,17.415915738105774,2016-06-17,LSTM,14,2016
2016-06-04,2016,6,16.504,17.466,17.109897545814515,2016-06-18,LSTM,14,2016
2016-06-05,2016,6,16.324,17.45,17.130047320365907,2016-06-19,LSTM,14,2016
2016-06-06,2016,6,16.216,17.544,17.330466786384584,2016-06-20,LSTM,14,2016
2016-06-07,2016,6,16.2,17.77,17.72932095527649,2016-06-21,LSTM,14,2016
2016-06-08,2016,6,16.188,18.074,17.827139413833617,2016-06-22,LSTM,14,2016
2016-06-09,2016,6,16.116,18.422,17.537522855758667,2016-06-23,LSTM,14,2016
2016-06-10,2016,6,16.072,18.676,17.30503437232971,2016-06-24,LSTM,14,2016
2016-06-11,2016,6,16.088,18.966,17.3748230342865,2016-06-25,LSTM,14,2016
2016-06-12,2016,6,16.04,19.296,17.324509181976318,2016-06-26,LSTM,14,2016
2016-06-13,2016,6,16.076,19.33,17.55854442214966,2016-06-27,LSTM,14,2016
2016-06-14,2016,6,16.138,19.136,17.728912699699404,2016-06-28,LSTM,14,2016
2016-06-15,2016,6,16.532,18.906,17.878557140350342,2016-06-29,LSTM,14,2016
2016-06-16,2016,6,17.31,18.676,18.0509747838974,2016-06-30,LSTM,14,2016
2016-06-17,2016,6,17.478,18.542,17.912016257524492,2016-07-01,LSTM,14,2016
2016-06-18,2016,6,17.466,18.478,18.250447252750398,2016-07-02,LSTM,14,2016
2016-06-19,2016,6,17.45,18.63,18.970446062088012,2016-07-03,LSTM,14,2016
2016-06-20,2016,6,17.544,18.756,18.941588968276978,2016-07-04,LSTM,14,2016
2016-06-21,2016,6,17.77,18.866,18.830391187667846,2016-07-05,LSTM,14,2016
2016-06-22,2016,6,18.074,19.154,18.73341494703293,2016-07-06,LSTM,14,2016
2016-06-23,2016,6,18.422,19.34,18.836786726236344,2016-07-07,LSTM,14,2016
2016-06-24,2016,6,18.676,19.522,18.824430362343787,2016-07-08,LSTM,14,2016
2016-06-25,2016,6,18.966,19.522,18.693576464414598,2016-07-09,LSTM,14,2016
2016-06-26,2016,6,19.296,19.454,18.49751549577713,2016-07-10,LSTM,14,2016
2016-06-27,2016,6,19.33,19.35,18.463694052696226,2016-07-11,LSTM,14,2016
2016-06-28,2016,6,19.136,19.256,18.780701719284057,2016-07-12,LSTM,14,2016
2016-06-29,2016,6,18.906,19.18,19.067659732460974,2016-07-13,LSTM,14,2016
2016-06-30,2016,6,18.676,19.12,19.086862535238264,2016-07-14,LSTM,14,2016
2016-07-01,2016,7,18.542,19.058,18.995849494457246,2016-07-15,LSTM,14,2016
2016-07-02,2016,7,18.478,18.988,18.811146363496782,2016-07-16,LSTM,14,2016
2016-07-03,2016,7,18.63,19.0,19.12973466992378,2016-07-17,LSTM,14,2016
2016-07-04,2016,7,18.756,19.076,19.106287795066834,2016-07-18,LSTM,14,2016
2016-07-05,2016,7,18.866,19.386,19.04802269077301,2016-07-19,LSTM,14,2016
2016-07-06,2016,7,19.154,19.448,19.393663124084473,2016-07-20,LSTM,14,2016
2016-07-07,2016,7,19.34,19.486,19.195789363384247,2016-07-21,LSTM,14,2016
2016-07-08,2016,7,19.522,19.626,18.940329417705534,2016-07-22,LSTM,14,2016
2016-07-09,2016,7,19.522,19.728,18.625568792343138,2016-07-23,LSTM,14,2016
2016-07-10,2016,7,19.454,19.908,18.557391468524933,2016-07-24,LSTM,14,2016
2016-07-11,2016,7,19.35,20.15,18.482556080818178,2016-07-25,LSTM,14,2016
2016-07-12,2016,7,19.256,20.334,18.44962086057663,2016-07-26,LSTM,14,2016
2016-07-13,2016,7,19.18,20.506,18.493140392303467,2016-07-27,LSTM,14,2016
2016-07-14,2016,7,19.12,20.654,18.502115840911866,2016-07-28,LSTM,14,2016
2016-07-15,2016,7,19.058,20.71,18.5160956697464,2016-07-29,LSTM,14,2016
2016-07-16,2016,7,18.988,20.648,18.488707864761352,2016-07-30,LSTM,14,2016
2016-07-17,2016,7,19.0,20.534,18.61913314461708,2016-07-31,LSTM,14,2016
2016-07-18,2016,7,19.076,20.322,18.780360365867615,2016-08-01,LSTM,14,2016
2016-07-19,2016,7,19.386,20.092,19.239309378027915,2016-08-02,LSTM,14,2016
2016-07-20,2016,7,19.448,19.742,18.868877039432526,2016-08-03,LSTM,14,2016
2016-07-21,2016,7,19.486,19.51,18.829628823757172,2016-08-04,LSTM,14,2016
2016-07-22,2016,7,19.626,19.332,18.9461858997345,2016-08-05,LSTM,14,2016
2016-07-23,2016,7,19.728,19.148,18.788058653354646,2016-08-06,LSTM,14,2016
2016-07-24,2016,7,19.908,18.956,18.80067158508301,2016-08-07,LSTM,14,2016
2016-07-25,2016,7,20.15,18.796,18.83438994884491,2016-08-08,LSTM,14,2016
2016-07-26,2016,7,20.334,18.62,18.911310919761657,2016-08-09,LSTM,14,2016
2016-07-27,2016,7,20.506,18.492,18.976239877700806,2016-08-10,LSTM,14,2016
2016-07-28,2016,7,20.654,18.35,18.98463042163849,2016-08-11,LSTM,14,2016
2016-07-29,2016,7,20.71,18.316,18.84586151599884,2016-08-12,LSTM,14,2016
2016-07-30,2016,7,20.648,18.22,18.618335960388183,2016-08-13,LSTM,14,2016
2016-07-31,2016,7,20.534,18.166,18.632326206207274,2016-08-14,LSTM,14,2016
2016-08-01,2016,8,20.322,18.1,18.531234237670898,2016-08-15,LSTM,14,2016
2016-08-02,2016,8,20.092,18.0,18.42620419692993,2016-08-16,LSTM,14,2016
2016-08-03,2016,8,19.742,17.936,18.30835308265686,2016-08-17,LSTM,14,2016
2016-08-04,2016,8,19.51,17.872,18.41593755245209,2016-08-18,LSTM,14,2016
2016-08-05,2016,8,19.332,17.87,18.453931076049805,2016-08-19,LSTM,14,2016
2016-08-06,2016,8,19.148,17.82,18.433180926322937,2016-08-20,LSTM,14,2016
2016-08-07,2016,8,18.956,17.69,18.398334175109863,2016-08-21,LSTM,14,2016
2016-08-08,2016,8,18.796,17.576,18.385184552431106,2016-08-22,LSTM,14,2016
2016-08-09,2016,8,18.62,17.472,18.28743075847626,2016-08-23,LSTM,14,2016
2016-08-10,2016,8,18.492,17.38,18.29708491396904,2016-08-24,LSTM,14,2016
2016-08-11,2016,8,18.35,17.298,18.225749781727792,2016-08-25,LSTM,14,2016
2016-08-12,2016,8,18.316,17.2,18.389840722441672,2016-08-26,LSTM,14,2016
2016-08-13,2016,8,18.22,17.09,18.284288981258868,2016-08-27,LSTM,14,2016
2016-08-14,2016,8,18.166,17.03,18.353158539891243,2016-08-28,LSTM,14,2016
2016-08-15,2016,8,18.1,16.97,18.359205102920534,2016-08-29,LSTM,14,2016
2016-08-16,2016,8,18.0,16.866,18.256686478853226,2016-08-30,LSTM,14,2016
2016-08-17,2016,8,17.936,16.828,18.32988507604599,2016-08-31,LSTM,14,2016
2016-08-18,2016,8,17.872,16.84,18.380444607257843,2016-09-01,LSTM,14,2016
2016-08-19,2016,8,17.87,16.844,18.671349580287934,2016-09-02,LSTM,14,2016
2016-08-20,2016,8,17.82,17.098,18.632437236309052,2016-09-03,LSTM,14,2016
2016-08-21,2016,8,17.69,17.356,18.215688827037813,2016-09-04,LSTM,14,2016
2016-08-22,2016,8,17.576,17.668,18.10943826532364,2016-09-05,LSTM,14,2016
2016-08-23,2016,8,17.472,17.73,18.089329120635988,2016-09-06,LSTM,14,2016
2016-08-24,2016,8,17.38,17.926,18.09753853559494,2016-09-07,LSTM,14,2016
2016-08-25,2016,8,17.298,18.186,18.12117668199539,2016-09-08,LSTM,14,2016
2016-08-26,2016,8,17.2,18.31,18.002871108055114,2016-09-09,LSTM,14,2016
2016-08-27,2016,8,17.09,18.368,17.858186628818512,2016-09-10,LSTM,14,2016
2016-08-28,2016,8,17.03,18.504,18.019763140678407,2016-09-11,LSTM,14,2016
2016-08-29,2016,8,16.97,18.554,18.12330421924591,2016-09-12,LSTM,14,2016
2016-08-30,2016,8,16.866,18.682,17.917986813545227,2016-09-13,LSTM,14,2016
2016-08-31,2016,8,16.828,18.84,18.076859167099,2016-09-14,LSTM,14,2016
2016-09-01,2016,9,16.84,18.836,18.34444269180298,2016-09-15,LSTM,14,2016
2016-09-02,2016,9,16.844,18.63,18.389658230781556,2016-09-16,LSTM,14,2016
2016-09-03,2016,9,17.098,18.436,18.690702746391295,2016-09-17,LSTM,14,2016
2016-09-04,2016,9,17.356,18.226,18.2967114982605,2016-09-18,LSTM,14,2016
2016-09-05,2016,9,17.668,18.11,18.034998463869094,2016-09-19,LSTM,14,2016
2016-09-06,2016,9,17.73,17.95,18.02793930053711,2016-09-20,LSTM,14,2016
2016-09-07,2016,9,17.926,17.754,18.34882885313034,2016-09-21,LSTM,14,2016
2016-09-08,2016,9,18.186,17.796,17.96172798728943,2016-09-22,LSTM,14,2016
2016-09-09,2016,9,18.31,18.002,17.966231015920638,2016-09-23,LSTM,14,2016
2016-09-10,2016,9,18.368,18.078,18.018059849023818,2016-09-24,LSTM,14,2016
2016-09-11,2016,9,18.504,18.084,18.186870864868165,2016-09-25,LSTM,14,2016
2016-09-12,2016,9,18.554,18.27,17.93685881280899,2016-09-26,LSTM,14,2016
2016-09-13,2016,9,18.682,18.442,18.0390197224617,2016-09-27,LSTM,14,2016
2016-09-14,2016,9,18.84,18.49,17.94635644197464,2016-09-28,LSTM,14,2016
2016-09-15,2016,9,18.836,18.524,17.732482825279234,2016-09-29,LSTM,14,2016
2016-09-16,2016,9,18.63,18.696,17.397007827758788,2016-09-30,LSTM,14,2016
2016-09-17,2016,9,18.436,18.812,17.261608491897583,2016-10-01,LSTM,14,2016
2016-09-18,2016,9,18.226,18.796,17.253364134788512,2016-10-02,LSTM,14,2016
2016-09-19,2016,9,18.11,18.672,17.12065284013748,2016-10-03,LSTM,14,2016
2016-09-20,2016,9,17.95,18.43,17.02401806116104,2016-10-04,LSTM,14,2016
2016-09-21,2016,9,17.754,18.2,16.72263603591919,2016-10-05,LSTM,14,2016
2016-09-22,2016,9,17.796,18.006,17.27747964477539,2016-10-06,LSTM,14,2016
2016-09-23,2016,9,18.002,17.712,17.403249587535857,2016-10-07,LSTM,14,2016
2016-09-24,2016,9,18.078,17.48,16.90709059524536,2016-10-08,LSTM,14,2016
2016-09-25,2016,9,18.084,17.312,16.765211113929748,2016-10-09,LSTM,14,2016
2016-09-26,2016,9,18.27,17.246,16.985285062789917,2016-10-10,LSTM,14,2016
2016-09-27,2016,9,18.442,17.18,17.005888430595398,2016-10-11,LSTM,14,2016
2016-09-28,2016,9,18.49,17.136,16.880081167221068,2016-10-12,LSTM,14,2016
2016-09-29,2016,9,18.524,17.366,16.626630138397218,2016-10-13,LSTM,14,2016
2016-09-30,2016,9,18.696,17.964,16.74290444469452,2016-10-14,LSTM,14,2016
2016-10-01,2016,10,18.812,18.236,16.68834062767029,2016-10-15,LSTM,14,2016
2016-10-02,2016,10,18.796,18.48,16.457272048950195,2016-10-16,LSTM,14,2016
2016-10-03,2016,10,18.672,18.54,16.15379316520691,2016-10-17,LSTM,14,2016
2016-10-04,2016,10,18.43,18.54,16.264513664245605,2016-10-18,LSTM,14,2016
2016-10-05,2016,10,18.2,18.444,16.232724261283874,2016-10-19,LSTM,14,2016
2016-10-06,2016,10,18.006,18.192,16.139159160614014,2016-10-20,LSTM,14,2016
2016-10-07,2016,10,17.712,17.956,16.005619990348816,2016-10-21,LSTM,14,2016
2016-10-08,2016,10,17.48,17.57,15.76646457195282,2016-10-22,LSTM,14,2016
2016-10-09,2016,10,17.312,17.264,15.687631570816041,2016-10-23,LSTM,14,2016
2016-10-10,2016,10,17.246,16.99,15.963155218124388,2016-10-24,LSTM,14,2016
2016-10-11,2016,10,17.18,16.728,16.01689844608307,2016-10-25,LSTM,14,2016
2016-10-12,2016,10,17.136,16.54,16.029572330474853,2016-10-26,LSTM,14,2016
2016-10-13,2016,10,17.366,16.372,16.09936899280548,2016-10-27,LSTM,14,2016
2016-10-14,2016,10,17.964,16.204,16.658032192230223,2016-10-28,LSTM,14,2016
2016-10-15,2016,10,18.236,16.05,16.321049390792847,2016-10-29,LSTM,14,2016
2016-10-16,2016,10,18.48,15.93,16.00831482887268,2016-10-30,LSTM,14,2016
2016-10-17,2016,10,18.54,15.834,15.666131534576415,2016-10-31,LSTM,14,2016
2016-10-18,2016,10,18.54,15.736,15.393370904922484,2016-11-01,LSTM,14,2016
2016-10-19,2016,10,18.444,15.632,15.311503881454467,2016-11-02,LSTM,14,2016
2016-10-20,2016,10,18.192,15.542,15.310346214294434,2016-11-03,LSTM,14,2016
2016-10-21,2016,10,17.956,15.442,15.399582534790039,2016-11-04,LSTM,14,2016
2016-10-22,2016,10,17.57,15.358,15.537686891555786,2016-11-05,LSTM,14,2016
2016-10-23,2016,10,17.264,15.266,15.581400932312011,2016-11-06,LSTM,14,2016
2016-10-24,2016,10,16.99,15.182,15.392410745620726,2016-11-07,LSTM,14,2016
2016-10-25,2016,10,16.728,15.108,15.052648737907411,2016-11-08,LSTM,14,2016
2016-10-26,2016,10,16.54,15.048,14.955054440498351,2016-11-09,LSTM,14,2016
2016-10-27,2016,10,16.372,14.968,14.922412058830261,2016-11-10,LSTM,14,2016
2016-10-28,2016,10,16.204,14.926,14.834261898040772,2016-11-11,LSTM,14,2016
2016-10-29,2016,10,16.05,14.92,14.853075790405274,2016-11-12,LSTM,14,2016
2016-10-30,2016,10,15.93,14.904,14.931698315143585,2016-11-13,LSTM,14,2016
2016-10-31,2016,10,15.834,14.876,14.998667308330536,2016-11-14,LSTM,14,2016
2016-11-01,2016,11,15.736,14.85,14.983958958148957,2016-11-15,LSTM,14,2016
2016-11-02,2016,11,15.632,14.778,14.914430112361908,2016-11-16,LSTM,14,2016
2016-11-03,2016,11,15.542,14.7,14.845191304206848,2016-11-17,LSTM,14,2016
2016-11-04,2016,11,15.442,14.614,14.736445514678955,2016-11-18,LSTM,14,2016
2016-11-05,2016,11,15.358,14.548,14.593010147094727,2016-11-19,LSTM,14,2016
2016-11-06,2016,11,15.266,14.48,14.45707472896576,2016-11-20,LSTM,14,2016
2016-11-07,2016,11,15.182,14.434,14.31546952199936,2016-11-21,LSTM,14,2016
2016-11-08,2016,11,15.108,14.384,14.276345391750336,2016-11-22,LSTM,14,2016
2016-11-09,2016,11,15.048,14.296,14.283216736793518,2016-11-23,LSTM,14,2016
2016-11-10,2016,11,14.968,14.244,14.27520865726471,2016-11-24,LSTM,14,2016
2016-11-11,2016,11,14.926,14.2,14.267519117355347,2016-11-25,LSTM,14,2016
2016-11-12,2016,11,14.92,14.146,14.349945826530456,2016-11-26,LSTM,14,2016
2016-11-13,2016,11,14.904,14.09,14.367842868804932,2016-11-27,LSTM,14,2016
2016-11-14,2016,11,14.876,14.046,14.35549594259262,2016-11-28,LSTM,14,2016
2016-11-15,2016,11,14.85,14.02,14.351824140548706,2016-11-29,LSTM,14,2016
2016-11-16,2016,11,14.778,13.99,14.299579325199128,2016-11-30,LSTM,14,2016
2016-11-17,2016,11,14.7,13.958,14.216442954540252,2016-12-01,LSTM,14,2016
2016-11-18,2016,11,14.614,13.906,14.134266711711884,2016-12-02,LSTM,14,2016
2016-11-19,2016,11,14.548,13.87,14.055074177265167,2016-12-03,LSTM,14,2016
2016-11-20,2016,11,14.48,13.818,13.988917510509491,2016-12-04,LSTM,14,2016
2016-11-21,2016,11,14.434,13.786,13.929583772659301,2016-12-05,LSTM,14,2016
2016-11-22,2016,11,14.384,13.75,13.901234206199646,2016-12-06,LSTM,14,2016
2016-11-23,2016,11,14.296,13.698,13.832507546901702,2016-12-07,LSTM,14,2016
2016-11-24,2016,11,14.244,13.66,13.776352894544601,2016-12-08,LSTM,14,2016
2016-11-25,2016,11,14.2,13.63,13.740340393781661,2016-12-09,LSTM,14,2016
2016-11-26,2016,11,14.146,13.588,13.679761262893678,2016-12-10,LSTM,14,2016
2016-11-27,2016,11,14.09,13.56,13.623906698226929,2016-12-11,LSTM,14,2016
2016-11-28,2016,11,14.046,13.53,13.588570382356643,2016-12-12,LSTM,14,2016
2016-11-29,2016,11,14.02,13.498,13.569616038799285,2016-12-13,LSTM,14,2016
2016-11-30,2016,11,13.99,13.46,13.541086783409119,2016-12-14,LSTM,14,2016
2016-12-01,2016,12,13.958,13.43,13.515717859745026,2016-12-15,LSTM,14,2016
2016-12-02,2016,12,13.906,13.408,13.483025175094605,2016-12-16,LSTM,14,2016
2016-12-03,2016,12,13.87,13.38,13.450396860837936,2016-12-17,LSTM,14,2016
2016-12-04,2016,12,13.818,13.348,13.406291943073272,2016-12-18,LSTM,14,2016
2016-12-05,2016,12,13.786,13.32,13.362298236846923,2016-12-19,LSTM,14,2016
2016-12-06,2016,12,13.75,13.29,13.334296852350235,2016-12-20,LSTM,14,2016
2016-12-07,2016,12,13.698,13.268,13.284054474115372,2016-12-21,LSTM,14,2016
2016-12-08,2016,12,13.66,13.25,13.251983377933502,2016-12-22,LSTM,14,2016
2016-12-09,2016,12,13.63,13.218,13.227919017076493,2016-12-23,LSTM,14,2016
2016-12-10,2016,12,13.588,13.2,13.191009462356567,2016-12-24,LSTM,14,2016
2016-12-11,2016,12,13.56,13.16,13.1614683842659,2016-12-25,LSTM,14,2016
2016-12-12,2016,12,13.53,13.16,13.144025950431823,2016-12-26,LSTM,14,2016
2016-12-13,2016,12,13.498,13.15,13.1189999024868,2016-12-27,LSTM,14,2016
2016-12-14,2016,12,13.46,13.12,13.086476168632508,2016-12-28,LSTM,14,2016
2016-12-15,2016,12,13.43,13.11,13.059441827535629,2016-12-29,LSTM,14,2016
2016-12-16,2016,12,13.408,13.09,13.044316537857055,2016-12-30,LSTM,14,2016
2016-12-17,2016,12,13.38,13.08,13.019226287603379,2016-12-31,LSTM,14,2016
2016-12-18,2016,12,13.348,13.044,12.991647223711015,2017-01-01,LSTM,14,2016
2016-12-19,2016,12,13.32,13.02,12.970813579559326,2017-01-02,LSTM,14,2016
2016-12-20,2016,12,13.29,13.01,12.947388240098952,2017-01-03,LSTM,14,2016
2016-12-21,2016,12,13.268,13.0,12.92592328119278,2017-01-04,LSTM,14,2016
2016-12-22,2016,12,13.25,12.99,12.912144154310226,2017-01-05,LSTM,14,2016
2016-12-23,2016,12,13.218,12.98,12.886359637260437,2017-01-06,LSTM,14,2016
2016-12-24,2016,12,13.2,12.97,12.872066211700439,2017-01-07,LSTM,14,2016
2016-12-25,2016,12,13.16,12.93,12.841063830852509,2017-01-08,LSTM,14,2016
2016-12-26,2016,12,13.16,12.88,12.83596709728241,2017-01-09,LSTM,14,2016
2016-12-27,2016,12,13.15,12.84,12.838617557287217,2017-01-10,LSTM,14,2016
2016-12-28,2016,12,13.12,12.82,12.808495010137557,2017-01-11,LSTM,14,2016
2016-12-29,2016,12,13.11,12.79,12.806865171194076,2017-01-12,LSTM,14,2016
2016-12-30,2016,12,13.09,12.77,12.797609236240387,2017-01-13,LSTM,14,2016
2016-12-31,2016,12,13.08,12.75,12.78746660232544,2017-01-14,LSTM,14,2016
2017-01-01,2017,1,13.044,12.74,12.728008866548539,2017-01-15,LSTM,14,2017
2017-01-02,2017,1,13.02,12.72,12.706893135309219,2017-01-16,LSTM,14,2017
2017-01-03,2017,1,13.01,12.7,12.704697827100754,2017-01-17,LSTM,14,2017
2017-01-04,2017,1,13.0,12.67,12.693103969097137,2017-01-18,LSTM,14,2017
2017-01-05,2017,1,12.99,12.64,12.684873839616776,2017-01-19,LSTM,14,2017
2017-01-06,2017,1,12.98,12.63,12.677937339544297,2017-01-20,LSTM,14,2017
2017-01-07,2017,1,12.97,12.62,12.673529506921769,2017-01-21,LSTM,14,2017
2017-01-08,2017,1,12.93,12.61,12.637458406686783,2017-01-22,LSTM,14,2017
2017-01-09,2017,1,12.88,12.58,12.59017748117447,2017-01-23,LSTM,14,2017
2017-01-10,2017,1,12.84,12.58,12.557044234275818,2017-01-24,LSTM,14,2017
2017-01-11,2017,1,12.82,12.57,12.541418738365174,2017-01-25,LSTM,14,2017
2017-01-12,2017,1,12.79,12.54,12.514410355091094,2017-01-26,LSTM,14,2017
2017-01-13,2017,1,12.77,12.52,12.49718521952629,2017-01-27,LSTM,14,2017
2017-01-14,2017,1,12.75,12.5,12.487480491399765,2017-01-28,LSTM,14,2017
2017-01-15,2017,1,12.74,12.47,12.479392876625061,2017-01-29,LSTM,14,2017
2017-01-16,2017,1,12.72,12.45,12.459977717399598,2017-01-30,LSTM,14,2017
2017-01-17,2017,1,12.7,12.44,12.44036607146263,2017-01-31,LSTM,14,2017
2017-01-18,2017,1,12.67,12.43,12.417176140546799,2017-02-01,LSTM,14,2017
2017-01-19,2017,1,12.64,12.42,12.390246539711953,2017-02-02,LSTM,14,2017
2017-01-20,2017,1,12.63,12.41,12.387590368390084,2017-02-03,LSTM,14,2017
2017-01-21,2017,1,12.62,12.39,12.381159434914588,2017-02-04,LSTM,14,2017
2017-01-22,2017,1,12.61,12.38,12.37445572078228,2017-02-05,LSTM,14,2017
2017-01-23,2017,1,12.58,12.36,12.348591970205307,2017-02-06,LSTM,14,2017
2017-01-24,2017,1,12.58,12.34,12.36092908859253,2017-02-07,LSTM,14,2017
2017-01-25,2017,1,12.57,12.32,12.355282209515572,2017-02-08,LSTM,14,2017
2017-01-26,2017,1,12.54,12.3,12.320171200633048,2017-02-09,LSTM,14,2017
2017-01-27,2017,1,12.52,12.29,12.312971715331077,2017-02-10,LSTM,14,2017
2017-01-28,2017,1,12.5,12.27,12.304596349596977,2017-02-11,LSTM,14,2017
2017-01-29,2017,1,12.47,12.25,12.278549448847771,2017-02-12,LSTM,14,2017
2017-01-30,2017,1,12.45,12.24,12.267121893167495,2017-02-13,LSTM,14,2017
2017-01-31,2017,1,12.44,12.22,12.274691569209098,2017-02-14,LSTM,14,2017
2017-02-01,2017,2,12.43,12.21,12.273301564455032,2017-02-15,LSTM,14,2017
2017-02-02,2017,2,12.42,12.21,12.26921669960022,2017-02-16,LSTM,14,2017
2017-02-03,2017,2,12.41,12.19,12.270140457749367,2017-02-17,LSTM,14,2017
2017-02-04,2017,2,12.39,12.18,12.256065695881844,2017-02-18,LSTM,14,2017
2017-02-05,2017,2,12.38,12.178,12.262053531706334,2017-02-19,LSTM,14,2017
2017-02-06,2017,2,12.36,12.16,12.246860601603984,2017-02-20,LSTM,14,2017
2017-02-07,2017,2,12.34,12.16,12.238015417158604,2017-02-21,LSTM,14,2017
2017-02-08,2017,2,12.32,12.16,12.234166316390038,2017-02-22,LSTM,14,2017
2017-02-09,2017,2,12.3,12.15,12.228586684167386,2017-02-23,LSTM,14,2017
2017-02-10,2017,2,12.29,12.156,12.242706083655357,2017-02-24,LSTM,14,2017
2017-02-11,2017,2,12.27,12.178,12.226457920372486,2017-02-25,LSTM,14,2017
2017-02-12,2017,2,12.25,12.2,12.22262654826045,2017-02-26,LSTM,14,2017
2017-02-13,2017,2,12.24,12.21,12.241218889490701,2017-02-27,LSTM,14,2017
2017-02-14,2017,2,12.22,12.22,12.22598511332646,2017-02-28,LSTM,14,2017
2017-02-15,2017,2,12.21,12.23,12.240438641086222,2017-03-01,LSTM,14,2017
2017-02-16,2017,2,12.21,12.25,12.267023361325265,2017-03-02,LSTM,14,2017
2017-02-17,2017,2,12.19,12.268,12.24099107697606,2017-03-03,LSTM,14,2017
2017-02-18,2017,2,12.18,12.438,12.257847979962825,2017-03-04,LSTM,14,2017
2017-02-19,2017,2,12.178,12.496,12.28259576547146,2017-03-05,LSTM,14,2017
2017-02-20,2017,2,12.16,12.512,12.263183008730412,2017-03-06,LSTM,14,2017
2017-02-21,2017,2,12.16,12.434,12.292301270961762,2017-03-07,LSTM,14,2017
2017-02-22,2017,2,12.16,12.402,12.309735927581787,2017-03-08,LSTM,14,2017
2017-02-23,2017,2,12.15,12.344,12.305648708343506,2017-03-09,LSTM,14,2017
2017-02-24,2017,2,12.156,12.31,12.33482239818573,2017-03-10,LSTM,14,2017
2017-02-25,2017,2,12.178,12.292,12.365744393944741,2017-03-11,LSTM,14,2017
2017-02-26,2017,2,12.2,12.38,12.383530822396278,2017-03-12,LSTM,14,2017
2017-02-27,2017,2,12.21,12.602,12.392132109999658,2017-03-13,LSTM,14,2017
2017-02-28,2017,2,12.22,12.874,12.416283623576165,2017-03-14,LSTM,14,2017
2017-03-01,2017,3,12.23,12.986,12.43797061920166,2017-03-15,LSTM,14,2017
2017-03-02,2017,3,12.25,12.956,12.463122636079788,2017-03-16,LSTM,14,2017
2017-03-03,2017,3,12.268,12.878,12.487094052910805,2017-03-17,LSTM,14,2017
2017-03-04,2017,3,12.438,12.816,12.551613218069077,2017-03-18,LSTM,14,2017
2017-03-05,2017,3,12.496,12.83,12.568013892233372,2017-03-19,LSTM,14,2017
2017-03-06,2017,3,12.512,12.872,12.61460071605444,2017-03-20,LSTM,14,2017
2017-03-07,2017,3,12.434,12.986,12.554529852807521,2017-03-21,LSTM,14,2017
2017-03-08,2017,3,12.402,13.044,12.618253370046615,2017-03-22,LSTM,14,2017
2017-03-09,2017,3,12.344,12.99,12.62654798054695,2017-03-23,LSTM,14,2017
2017-03-10,2017,3,12.31,12.94,12.639983681440354,2017-03-24,LSTM,14,2017
2017-03-11,2017,3,12.292,12.87,12.703839723587036,2017-03-25,LSTM,14,2017
2017-03-12,2017,3,12.38,12.906,12.765286301374436,2017-03-26,LSTM,14,2017
2017-03-13,2017,3,12.602,12.826,12.847047450065613,2017-03-27,LSTM,14,2017
2017-03-14,2017,3,12.874,12.832,13.080496760249138,2017-03-28,LSTM,14,2017
2017-03-15,2017,3,12.986,12.96,12.993940539158881,2017-03-29,LSTM,14,2017
2017-03-16,2017,3,12.956,12.9,12.839413858711719,2017-03-30,LSTM,14,2017
2017-03-17,2017,3,12.878,12.88,12.889206568218768,2017-03-31,LSTM,14,2017
2017-03-18,2017,3,12.816,12.85,13.022247568130494,2017-04-01,LSTM,14,2017
2017-03-19,2017,3,12.83,12.9,13.216335551738739,2017-04-02,LSTM,14,2017
2017-03-20,2017,3,12.872,13.008,13.34323035788536,2017-04-03,LSTM,14,2017
2017-03-21,2017,3,12.986,13.236,13.510374663829804,2017-04-04,LSTM,14,2017
2017-03-22,2017,3,13.044,13.564,13.648932844638825,2017-04-05,LSTM,14,2017
2017-03-23,2017,3,12.99,13.764,13.645882894992829,2017-04-06,LSTM,14,2017
2017-03-24,2017,3,12.94,13.94,13.718969526290893,2017-04-07,LSTM,14,2017
2017-03-25,2017,3,12.87,14.118,13.752652103900909,2017-04-08,LSTM,14,2017
2017-03-26,2017,3,12.906,14.378,13.728306156158448,2017-04-09,LSTM,14,2017
2017-03-27,2017,3,12.826,14.62,13.781663323402405,2017-04-10,LSTM,14,2017
2017-03-28,2017,3,12.832,14.638,13.821121854305268,2017-04-11,LSTM,14,2017
2017-03-29,2017,3,12.96,14.502,13.91381247997284,2017-04-12,LSTM,14,2017
2017-03-30,2017,3,12.9,14.34,13.932204627990723,2017-04-13,LSTM,14,2017
2017-03-31,2017,3,12.88,14.16,13.932211523056031,2017-04-14,LSTM,14,2017
2017-04-01,2017,4,12.85,14.032,13.968538618087768,2017-04-15,LSTM,14,2017
2017-04-02,2017,4,12.9,14.254,14.000104928016663,2017-04-16,LSTM,14,2017
2017-04-03,2017,4,13.008,14.4,14.112704976081847,2017-04-17,LSTM,14,2017
2017-04-04,2017,4,13.236,14.454,14.340956150054932,2017-04-18,LSTM,14,2017
2017-04-05,2017,4,13.564,14.35,14.621737112045288,2017-04-19,LSTM,14,2017
2017-04-06,2017,4,13.764,14.192,14.303884388446807,2017-04-20,LSTM,14,2017
2017-04-07,2017,4,13.94,14.058,14.403421285152435,2017-04-21,LSTM,14,2017
2017-04-08,2017,4,14.118,14.138,14.628102987289429,2017-04-22,LSTM,14,2017
2017-04-09,2017,4,14.378,14.088,15.041857460021973,2017-04-23,LSTM,14,2017
2017-04-10,2017,4,14.62,14.1,15.453252370357513,2017-04-24,LSTM,14,2017
2017-04-11,2017,4,14.638,14.12,14.970330137491226,2017-04-25,LSTM,14,2017
2017-04-12,2017,4,14.502,14.066,14.51308783390373,2017-04-26,LSTM,14,2017
2017-04-13,2017,4,14.34,14.082,14.404046368002891,2017-04-27,LSTM,14,2017
2017-04-14,2017,4,14.16,14.19,14.359303433299065,2017-04-28,LSTM,14,2017
2017-04-15,2017,4,14.032,14.346,14.453288192272186,2017-04-29,LSTM,14,2017
2017-04-16,2017,4,14.254,14.57,14.967291466236114,2017-04-30,LSTM,14,2017
2017-04-17,2017,4,14.4,14.926,14.72046303153038,2017-05-01,LSTM,14,2017
2017-04-18,2017,4,14.454,15.76,14.789714101791382,2017-05-02,LSTM,14,2017
2017-04-19,2017,4,14.35,16.168,15.003136909008026,2017-05-03,LSTM,14,2017
2017-04-20,2017,4,14.192,16.404,14.881665019512177,2017-05-04,LSTM,14,2017
2017-04-21,2017,4,14.058,16.146,14.824983926296234,2017-05-05,LSTM,14,2017
2017-04-22,2017,4,14.138,15.996,15.030620027065277,2017-05-06,LSTM,14,2017
2017-04-23,2017,4,14.088,15.892,14.891195476531982,2017-05-07,LSTM,14,2017
2017-04-24,2017,4,14.1,15.9,14.916212773323059,2017-05-08,LSTM,14,2017
2017-04-25,2017,4,14.12,15.916,14.97980451107025,2017-05-09,LSTM,14,2017
2017-04-26,2017,4,14.066,15.872,14.9698645029068,2017-05-10,LSTM,14,2017
2017-04-27,2017,4,14.082,15.82,15.059996349334718,2017-05-11,LSTM,14,2017
2017-04-28,2017,4,14.19,15.89,15.239947500228881,2017-05-12,LSTM,14,2017
2017-04-29,2017,4,14.346,15.91,15.338107272148132,2017-05-13,LSTM,14,2017
2017-04-30,2017,4,14.57,15.88,15.579512186050415,2017-05-14,LSTM,14,2017
2017-05-01,2017,5,14.926,15.79,16.08518278694153,2017-05-15,LSTM,14,2017
2017-05-02,2017,5,15.76,15.484,16.034113714694975,2017-05-16,LSTM,14,2017
2017-05-03,2017,5,16.168,15.432,15.676577644824981,2017-05-17,LSTM,14,2017
2017-05-04,2017,5,16.404,15.376,16.16733947479725,2017-05-18,LSTM,14,2017
2017-05-05,2017,5,16.146,15.312,16.202275978684426,2017-05-19,LSTM,14,2017
2017-05-06,2017,5,15.996,15.28,16.17191878771782,2017-05-20,LSTM,14,2017
2017-05-07,2017,5,15.892,15.27,15.757313097834587,2017-05-21,LSTM,14,2017
2017-05-08,2017,5,15.9,15.25,15.871687227487564,2017-05-22,LSTM,14,2017
2017-05-09,2017,5,15.916,15.29,16.668039194107056,2017-05-23,LSTM,14,2017
2017-05-10,2017,5,15.872,15.25,16.901033541679382,2017-05-24,LSTM,14,2017
2017-05-11,2017,5,15.82,15.366,16.82467550754547,2017-05-25,LSTM,14,2017
2017-05-12,2017,5,15.89,15.596,16.935765399932862,2017-05-26,LSTM,14,2017
2017-05-13,2017,5,15.91,15.896,16.928707275390625,2017-05-27,LSTM,14,2017
2017-05-14,2017,5,15.88,16.098,16.906485204696658,2017-05-28,LSTM,14,2017
2017-05-15,2017,5,15.79,16.202,16.765727081298827,2017-05-29,LSTM,14,2017
2017-05-16,2017,5,15.484,16.21,16.871062907218935,2017-05-30,LSTM,14,2017
2017-05-17,2017,5,15.432,16.22,16.39488985013962,2017-05-31,LSTM,14,2017
2017-05-18,2017,5,15.376,16.28,16.44804210758209,2017-06-01,LSTM,14,2017
2017-05-19,2017,5,15.312,16.26,16.509384953498838,2017-06-02,LSTM,14,2017
2017-05-20,2017,5,15.28,16.28,16.469525604248048,2017-06-03,LSTM,14,2017
2017-05-21,2017,5,15.27,16.356,16.456869859695434,2017-06-04,LSTM,14,2017
2017-05-22,2017,5,15.25,16.904,16.36366093158722,2017-06-05,LSTM,14,2017
2017-05-23,2017,5,15.29,17.592,16.37081793785095,2017-06-06,LSTM,14,2017
2017-05-24,2017,5,15.25,17.82,16.29417395591736,2017-06-07,LSTM,14,2017
2017-05-25,2017,5,15.366,18.04,16.47487372493744,2017-06-08,LSTM,14,2017
2017-05-26,2017,5,15.596,18.014,16.505674167633057,2017-06-09,LSTM,14,2017
2017-05-27,2017,5,15.896,17.768,16.393657597064973,2017-06-10,LSTM,14,2017
2017-05-28,2017,5,16.098,17.418,16.74369753408432,2017-06-11,LSTM,14,2017
2017-05-29,2017,5,16.202,17.156,16.67027930212021,2017-06-12,LSTM,14,2017
2017-05-30,2017,5,16.21,16.942,16.925344846248628,2017-06-13,LSTM,14,2017
2017-05-31,2017,5,16.22,16.85,17.195902318954467,2017-06-14,LSTM,14,2017
2017-06-01,2017,6,16.28,16.9,17.52613916873932,2017-06-15,LSTM,14,2017
2017-06-02,2017,6,16.26,17.096,17.451123604774477,2017-06-16,LSTM,14,2017
2017-06-03,2017,6,16.28,17.286,17.558104186058046,2017-06-17,LSTM,14,2017
2017-06-04,2017,6,16.356,17.498,17.54130607223511,2017-06-18,LSTM,14,2017
2017-06-05,2017,6,16.904,17.826,17.87726523065567,2017-06-19,LSTM,14,2017
2017-06-06,2017,6,17.592,18.124,17.932775072574614,2017-06-20,LSTM,14,2017
2017-06-07,2017,6,17.82,18.396,17.54464644908905,2017-06-21,LSTM,14,2017
2017-06-08,2017,6,18.04,18.512,17.820594781041144,2017-06-22,LSTM,14,2017
2017-06-09,2017,6,18.014,18.53,17.85124831044674,2017-06-23,LSTM,14,2017
2017-06-10,2017,6,17.768,18.54,17.888325334370137,2017-06-24,LSTM,14,2017
2017-06-11,2017,6,17.418,18.53,17.947023468494415,2017-06-25,LSTM,14,2017
2017-06-12,2017,6,17.156,18.47,18.827286702156066,2017-06-26,LSTM,14,2017
2017-06-13,2017,6,16.942,18.264,18.541364280700684,2017-06-27,LSTM,14,2017
2017-06-14,2017,6,16.85,18.23,18.229212617874147,2017-06-28,LSTM,14,2017
2017-06-15,2017,6,16.9,18.082,17.96752288341522,2017-06-29,LSTM,14,2017
2017-06-16,2017,6,17.096,18.276,18.144001408576965,2017-06-30,LSTM,14,2017
2017-06-17,2017,6,17.286,18.43,18.47818158721924,2017-07-01,LSTM,14,2017
2017-06-18,2017,6,17.498,18.68,18.839681718826295,2017-07-02,LSTM,14,2017
2017-06-19,2017,6,17.826,18.856,18.795211161136628,2017-07-03,LSTM,14,2017
2017-06-20,2017,6,18.124,18.974,18.753974722862242,2017-07-04,LSTM,14,2017
2017-06-21,2017,6,18.396,19.154,18.524872498869897,2017-07-05,LSTM,14,2017
2017-06-22,2017,6,18.512,19.432,18.436234345555306,2017-07-06,LSTM,14,2017
2017-06-23,2017,6,18.53,19.73,18.590076393187047,2017-07-07,LSTM,14,2017
2017-06-24,2017,6,18.54,19.85,18.98232439994812,2017-07-08,LSTM,14,2017
2017-06-25,2017,6,18.53,19.86,19.13694271326065,2017-07-09,LSTM,14,2017
2017-06-26,2017,6,18.47,19.87,19.038139016628264,2017-07-10,LSTM,14,2017
2017-06-27,2017,6,18.264,20.166,18.80812692785263,2017-07-11,LSTM,14,2017
2017-06-28,2017,6,18.23,20.294,18.73960671901703,2017-07-12,LSTM,14,2017
2017-06-29,2017,6,18.082,20.34,18.657020968914033,2017-07-13,LSTM,14,2017
2017-06-30,2017,6,18.276,20.368,18.810571886062622,2017-07-14,LSTM,14,2017
2017-07-01,2017,7,18.43,20.264,19.002165250778198,2017-07-15,LSTM,14,2017
2017-07-02,2017,7,18.68,20.05,19.440856330394745,2017-07-16,LSTM,14,2017
2017-07-03,2017,7,18.856,19.724,19.584386461734773,2017-07-17,LSTM,14,2017
2017-07-04,2017,7,18.974,19.482,19.494524859428406,2017-07-18,LSTM,14,2017
2017-07-05,2017,7,19.154,19.216,19.53268109345436,2017-07-19,LSTM,14,2017
2017-07-06,2017,7,19.432,19.062,19.254970941662787,2017-07-20,LSTM,14,2017
2017-07-07,2017,7,19.73,18.93,19.130956809520722,2017-07-21,LSTM,14,2017
2017-07-08,2017,7,19.85,18.762,19.13374242782593,2017-07-22,LSTM,14,2017
2017-07-09,2017,7,19.86,18.694,18.863517925739288,2017-07-23,LSTM,14,2017
2017-07-10,2017,7,19.87,18.67,19.079473431110383,2017-07-24,LSTM,14,2017
2017-07-11,2017,7,20.166,18.674,18.98742996788025,2017-07-25,LSTM,14,2017
2017-07-12,2017,7,20.294,18.618,18.71909949207306,2017-07-26,LSTM,14,2017
2017-07-13,2017,7,20.34,18.554,18.73238131046295,2017-07-27,LSTM,14,2017
2017-07-14,2017,7,20.368,18.46,19.04696842956543,2017-07-28,LSTM,14,2017
2017-07-15,2017,7,20.264,18.392,19.050032676696777,2017-07-29,LSTM,14,2017
2017-07-16,2017,7,20.05,18.414,18.74608235359192,2017-07-30,LSTM,14,2017
2017-07-17,2017,7,19.724,18.434,18.408048295021057,2017-07-31,LSTM,14,2017
2017-07-18,2017,7,19.482,18.508,18.296202308654784,2017-08-01,LSTM,14,2017
2017-07-19,2017,7,19.216,18.472,18.25795034503937,2017-08-02,LSTM,14,2017
2017-07-20,2017,7,19.062,18.46,18.33604046058655,2017-08-03,LSTM,14,2017
2017-07-21,2017,7,18.93,18.472,18.382141761779785,2017-08-04,LSTM,14,2017
2017-07-22,2017,7,18.762,18.59,18.190087949752808,2017-08-05,LSTM,14,2017
2017-07-23,2017,7,18.694,18.624,18.222326362371444,2017-08-06,LSTM,14,2017
2017-07-24,2017,7,18.67,18.56,18.32174421668053,2017-08-07,LSTM,14,2017
2017-07-25,2017,7,18.674,18.526,18.403074031114578,2017-08-08,LSTM,14,2017
2017-07-26,2017,7,18.618,18.542,18.307372360706328,2017-08-09,LSTM,14,2017
2017-07-27,2017,7,18.554,18.696,18.240421424150465,2017-08-10,LSTM,14,2017
2017-07-28,2017,7,18.46,18.986,18.151957145929337,2017-08-11,LSTM,14,2017
2017-07-29,2017,7,18.392,19.608,18.146329100251197,2017-08-12,LSTM,14,2017
2017-07-30,2017,7,18.414,20.202,18.352095048069955,2017-08-13,LSTM,14,2017
2017-07-31,2017,7,18.434,20.728,18.424943136624993,2017-08-14,LSTM,14,2017
2017-08-01,2017,8,18.508,20.826,18.586446507453918,2017-08-15,LSTM,14,2017
2017-08-02,2017,8,18.472,20.83,18.441858452677728,2017-08-16,LSTM,14,2017
2017-08-03,2017,8,18.46,20.698,18.529344140589238,2017-08-17,LSTM,14,2017
2017-08-04,2017,8,18.472,20.476,18.644390058636667,2017-08-18,LSTM,14,2017
2017-08-05,2017,8,18.59,20.24,18.892483916282654,2017-08-19,LSTM,14,2017
2017-08-06,2017,8,18.624,20.048,18.738863745868205,2017-08-20,LSTM,14,2017
2017-08-07,2017,8,18.56,19.88,18.59254573792219,2017-08-21,LSTM,14,2017
2017-08-08,2017,8,18.526,19.73,18.571025680214166,2017-08-22,LSTM,14,2017
2017-08-09,2017,8,18.542,19.53,18.73817481529713,2017-08-23,LSTM,14,2017
2017-08-10,2017,8,18.696,19.436,19.088265737056734,2017-08-24,LSTM,14,2017
2017-08-11,2017,8,18.986,19.304,19.225235863089562,2017-08-25,LSTM,14,2017
2017-08-12,2017,8,19.608,19.136,18.924218674182892,2017-08-26,LSTM,14,2017
2017-08-13,2017,8,20.202,18.998,18.954299785614015,2017-08-27,LSTM,14,2017
2017-08-14,2017,8,20.728,18.972,19.226419880867006,2017-08-28,LSTM,14,2017
2017-08-15,2017,8,20.826,18.826,18.661851907730103,2017-08-29,LSTM,14,2017
2017-08-16,2017,8,20.83,18.72,18.608443813323973,2017-08-30,LSTM,14,2017
2017-08-17,2017,8,20.698,18.568,18.164243267059327,2017-08-31,LSTM,14,2017
2017-08-18,2017,8,20.476,18.472,17.81760780906677,2017-09-01,LSTM,14,2017
2017-08-19,2017,8,20.24,18.544,18.25502442359924,2017-09-02,LSTM,14,2017
2017-08-20,2017,8,20.048,18.576,18.209099672317503,2017-09-03,LSTM,14,2017
2017-08-21,2017,8,19.88,18.566,18.1648504781723,2017-09-04,LSTM,14,2017
2017-08-22,2017,8,19.73,18.58,18.170101623535157,2017-09-05,LSTM,14,2017
2017-08-23,2017,8,19.53,18.6,18.115164785385133,2017-09-06,LSTM,14,2017
2017-08-24,2017,8,19.436,18.65,18.2683974609375,2017-09-07,LSTM,14,2017
2017-08-25,2017,8,19.304,18.76,18.34790674829483,2017-09-08,LSTM,14,2017
2017-08-26,2017,8,19.136,18.892,18.239251993656158,2017-09-09,LSTM,14,2017
2017-08-27,2017,8,18.998,19.076,18.251255605697633,2017-09-10,LSTM,14,2017
2017-08-28,2017,8,18.972,19.334,18.54612052154541,2017-09-11,LSTM,14,2017
2017-08-29,2017,8,18.826,19.378,18.380363191127778,2017-09-12,LSTM,14,2017
2017-08-30,2017,8,18.72,19.256,18.347547949552535,2017-09-13,LSTM,14,2017
2017-08-31,2017,8,18.568,19.132,18.254210334300996,2017-09-14,LSTM,14,2017
2017-09-01,2017,9,18.472,19.008,18.31063426744938,2017-09-15,LSTM,14,2017
2017-09-02,2017,9,18.544,18.912,18.870696127653122,2017-09-16,LSTM,14,2017
2017-09-03,2017,9,18.576,18.732,18.924521053791047,2017-09-17,LSTM,14,2017
2017-09-04,2017,9,18.566,18.53,18.97636283969879,2017-09-18,LSTM,14,2017
2017-09-05,2017,9,18.58,18.356,19.116282777786253,2017-09-19,LSTM,14,2017
2017-09-06,2017,9,18.6,18.25,19.16651455163956,2017-09-20,LSTM,14,2017
2017-09-07,2017,9,18.65,18.158,19.26051732301712,2017-09-21,LSTM,14,2017
2017-09-08,2017,9,18.76,18.064,19.26107139348984,2017-09-22,LSTM,14,2017
2017-09-09,2017,9,18.892,18.072,19.089394728660583,2017-09-23,LSTM,14,2017
2017-09-10,2017,9,19.076,17.942,18.89693593478203,2017-09-24,LSTM,14,2017
2017-09-11,2017,9,19.334,17.866,18.714404651165008,2017-09-25,LSTM,14,2017
2017-09-12,2017,9,19.378,17.85,18.47130815076828,2017-09-26,LSTM,14,2017
2017-09-13,2017,9,19.256,17.95,18.10527260875702,2017-09-27,LSTM,14,2017
2017-09-14,2017,9,19.132,18.042,18.13448318910599,2017-09-28,LSTM,14,2017
2017-09-15,2017,9,19.008,18.05,18.23633651304245,2017-09-29,LSTM,14,2017
2017-09-16,2017,9,18.912,18.116,18.231866716861724,2017-09-30,LSTM,14,2017
2017-09-17,2017,9,18.732,18.238,18.05012983751297,2017-10-01,LSTM,14,2017
2017-09-18,2017,9,18.53,18.502,17.840247480869294,2017-10-02,LSTM,14,2017
2017-09-19,2017,9,18.356,18.55,17.747387760639192,2017-10-03,LSTM,14,2017
2017-09-20,2017,9,18.25,18.396,17.73270320892334,2017-10-04,LSTM,14,2017
2017-09-21,2017,9,18.158,18.226,17.57999319601059,2017-10-05,LSTM,14,2017
2017-09-22,2017,9,18.064,18.126,17.404164124965668,2017-10-06,LSTM,14,2017
2017-09-23,2017,9,18.072,18.162,17.23416856241226,2017-10-07,LSTM,14,2017
2017-09-24,2017,9,17.942,18.246,16.96836569738388,2017-10-08,LSTM,14,2017
2017-09-25,2017,9,17.866,18.308,16.987527552604675,2017-10-09,LSTM,14,2017
2017-09-26,2017,9,17.85,18.284,16.883324956893922,2017-10-10,LSTM,14,2017
2017-09-27,2017,9,17.95,18.066,16.99916453361511,2017-10-11,LSTM,14,2017
2017-09-28,2017,9,18.042,17.778,16.916112963676454,2017-10-12,LSTM,14,2017
2017-09-29,2017,9,18.05,17.504,16.824237394332886,2017-10-13,LSTM,14,2017
2017-09-30,2017,9,18.116,17.326,16.755206171035766,2017-10-14,LSTM,14,2017
2017-10-01,2017,10,18.238,17.092,16.9732876663208,2017-10-15,LSTM,14,2017
2017-10-02,2017,10,18.502,17.036,17.457256462097167,2017-10-16,LSTM,14,2017
2017-10-03,2017,10,18.55,16.998,17.297619152069093,2017-10-17,LSTM,14,2017
2017-10-04,2017,10,18.396,16.932,16.840707155227662,2017-10-18,LSTM,14,2017
2017-10-05,2017,10,18.226,16.896,16.6624093542099,2017-10-19,LSTM,14,2017
2017-10-06,2017,10,18.126,16.892,16.40649111366272,2017-10-20,LSTM,14,2017
2017-10-07,2017,10,18.162,17.158,16.200633346557616,2017-10-21,LSTM,14,2017
2017-10-08,2017,10,18.246,17.352,16.223037906646727,2017-10-22,LSTM,14,2017
2017-10-09,2017,10,18.308,17.182,16.184878023147583,2017-10-23,LSTM,14,2017
2017-10-10,2017,10,18.284,16.96,16.219178756713866,2017-10-24,LSTM,14,2017
2017-10-11,2017,10,18.066,16.774,15.892133251190184,2017-10-25,LSTM,14,2017
2017-10-12,2017,10,17.778,16.676,16.110923531532286,2017-10-26,LSTM,14,2017
2017-10-13,2017,10,17.504,16.664,16.104634932518007,2017-10-27,LSTM,14,2017
2017-10-14,2017,10,17.326,16.688,15.824475790023804,2017-10-28,LSTM,14,2017
2017-10-15,2017,10,17.092,16.834,15.593118421554564,2017-10-29,LSTM,14,2017
2017-10-16,2017,10,17.036,16.932,15.408310638427736,2017-10-30,LSTM,14,2017
2017-10-17,2017,10,16.998,16.996,15.686372611999513,2017-10-31,LSTM,14,2017
2017-10-18,2017,10,16.932,16.838,15.678327519416808,2017-11-01,LSTM,14,2017
2017-10-19,2017,10,16.896,16.544,15.699899288177491,2017-11-02,LSTM,14,2017
2017-10-20,2017,10,16.892,16.29,15.732349078178405,2017-11-03,LSTM,14,2017
2017-10-21,2017,10,17.158,16.114,15.419778116226198,2017-11-04,LSTM,14,2017
2017-10-22,2017,10,17.352,15.952,15.349129917144776,2017-11-05,LSTM,14,2017
2017-10-23,2017,10,17.182,15.828,15.091329414367674,2017-11-06,LSTM,14,2017
2017-10-24,2017,10,16.96,15.698,15.042157373428346,2017-11-07,LSTM,14,2017
2017-10-25,2017,10,16.774,15.656,15.052640508651734,2017-11-08,LSTM,14,2017
2017-10-26,2017,10,16.676,15.432,15.230214239120482,2017-11-09,LSTM,14,2017
2017-10-27,2017,10,16.664,15.32,15.294780816078188,2017-11-10,LSTM,14,2017
2017-10-28,2017,10,16.688,15.274,15.270645416259764,2017-11-11,LSTM,14,2017
2017-10-29,2017,10,16.834,15.268,15.114285239219665,2017-11-12,LSTM,14,2017
2017-10-30,2017,10,16.932,15.216,15.020315129280089,2017-11-13,LSTM,14,2017
2017-10-31,2017,10,16.996,15.152,15.018364735603331,2017-11-14,LSTM,14,2017
2017-11-01,2017,11,16.838,15.058,15.06238669204712,2017-11-15,LSTM,14,2017
2017-11-02,2017,11,16.544,15.004,14.59872457408905,2017-11-16,LSTM,14,2017
2017-11-03,2017,11,16.29,14.92,14.635507383346557,2017-11-17,LSTM,14,2017
2017-11-04,2017,11,16.114,14.872,14.811306513786317,2017-11-18,LSTM,14,2017
2017-11-05,2017,11,15.952,14.79,14.856379367828369,2017-11-19,LSTM,14,2017
2017-11-06,2017,11,15.828,14.736,14.85098229932785,2017-11-20,LSTM,14,2017
2017-11-07,2017,11,15.698,14.694,14.819643781661988,2017-11-21,LSTM,14,2017
2017-11-08,2017,11,15.656,14.616,15.009519082069398,2017-11-22,LSTM,14,2017
2017-11-09,2017,11,15.432,14.51,14.657882470607758,2017-11-23,LSTM,14,2017
2017-11-10,2017,11,15.32,14.412,14.745060749053955,2017-11-24,LSTM,14,2017
2017-11-11,2017,11,15.274,14.398,14.758530746936797,2017-11-25,LSTM,14,2017
2017-11-12,2017,11,15.268,14.324,14.677820497035981,2017-11-26,LSTM,14,2017
2017-11-13,2017,11,15.216,14.27,14.55684266424179,2017-11-27,LSTM,14,2017
2017-11-14,2017,11,15.152,14.27,14.507452716350555,2017-11-28,LSTM,14,2017
2017-11-15,2017,11,15.058,14.26,14.436697156906128,2017-11-29,LSTM,14,2017
2017-11-16,2017,11,15.004,14.226,14.482954553604126,2017-11-30,LSTM,14,2017
2017-11-17,2017,11,14.92,14.186,14.423486216068268,2017-12-01,LSTM,14,2017
2017-11-18,2017,11,14.872,14.164,14.38540788602829,2017-12-02,LSTM,14,2017
2017-11-19,2017,11,14.79,14.126,14.324535259008407,2017-12-03,LSTM,14,2017
2017-11-20,2017,11,14.736,14.104,14.274282692432404,2017-12-04,LSTM,14,2017
2017-11-21,2017,11,14.694,14.09,14.263818735122682,2017-12-05,LSTM,14,2017
2017-11-22,2017,11,14.616,14.08,14.16702190375328,2017-12-06,LSTM,14,2017
2017-11-23,2017,11,14.51,14.07,14.030232617855072,2017-12-07,LSTM,14,2017
2017-11-24,2017,11,14.412,14.05,13.899024068832398,2017-12-08,LSTM,14,2017
2017-11-25,2017,11,14.398,14.014,13.948720453262329,2017-12-09,LSTM,14,2017
2017-11-26,2017,11,14.324,13.96,13.877353309631347,2017-12-10,LSTM,14,2017
2017-11-27,2017,11,14.27,13.95,13.79805745601654,2017-12-11,LSTM,14,2017
2017-11-28,2017,11,14.27,13.922,13.848102588653564,2017-12-12,LSTM,14,2017
2017-11-29,2017,11,14.26,13.876,13.849554160833359,2017-12-13,LSTM,14,2017
2017-11-30,2017,11,14.226,13.844,13.798963356971742,2017-12-14,LSTM,14,2017
2017-12-01,2017,12,14.186,13.81,13.755370687007904,2017-12-15,LSTM,14,2017
2017-12-02,2017,12,14.164,13.79,13.750297988891601,2017-12-16,LSTM,14,2017
2017-12-03,2017,12,14.126,13.764,13.715129418134689,2017-12-17,LSTM,14,2017
2017-12-04,2017,12,14.104,13.732,13.68366411113739,2017-12-18,LSTM,14,2017
2017-12-05,2017,12,14.09,13.72,13.68352919459343,2017-12-19,LSTM,14,2017
2017-12-06,2017,12,14.08,13.71,13.677443997859955,2017-12-20,LSTM,14,2017
2017-12-07,2017,12,14.07,13.684,13.669809557199478,2017-12-21,LSTM,14,2017
2017-12-08,2017,12,14.05,13.65,13.65374739766121,2017-12-22,LSTM,14,2017
2017-12-09,2017,12,14.014,13.62,13.627085567951202,2017-12-23,LSTM,14,2017
2017-12-10,2017,12,13.96,13.61,13.578483662605286,2017-12-24,LSTM,14,2017
2017-12-11,2017,12,13.95,13.59,13.567363333702087,2017-12-25,LSTM,14,2017
2017-12-12,2017,12,13.922,13.554,13.554717311382294,2017-12-26,LSTM,14,2017
2017-12-13,2017,12,13.876,13.52,13.505976838827133,2017-12-27,LSTM,14,2017
2017-12-14,2017,12,13.844,13.504,13.482493359088897,2017-12-28,LSTM,14,2017
2017-12-15,2017,12,13.81,13.464,13.46053117275238,2017-12-29,LSTM,14,2017
2017-12-16,2017,12,13.79,13.45,13.438916453123092,2017-12-30,LSTM,14,2017
2017-12-17,2017,12,13.764,13.42,13.41436305785179,2017-12-31,LSTM,14,2017
2017-12-18,2017,12,13.732,13.394,13.387542403459548,2018-01-01,LSTM,14,2017
2017-12-19,2017,12,13.72,13.36,13.377994985580445,2018-01-02,LSTM,14,2017
2017-12-20,2017,12,13.71,13.34,13.370196900367738,2018-01-03,LSTM,14,2017
2017-12-21,2017,12,13.684,13.316,13.34649331831932,2018-01-04,LSTM,14,2017
2017-12-22,2017,12,13.65,13.286,13.316561603546143,2018-01-05,LSTM,14,2017
2017-12-23,2017,12,13.62,13.26,13.293423558473586,2018-01-06,LSTM,14,2017
2017-12-24,2017,12,13.61,13.234,13.283232227563857,2018-01-07,LSTM,14,2017
2017-12-25,2017,12,13.59,13.21,13.26564433813095,2018-01-08,LSTM,14,2017
2017-12-26,2017,12,13.554,13.186,13.234229485034943,2018-01-09,LSTM,14,2017
2017-12-27,2017,12,13.52,13.154,13.208051730394363,2018-01-10,LSTM,14,2017
2017-12-28,2017,12,13.504,13.13,13.194530449151992,2018-01-11,LSTM,14,2017
2017-12-29,2017,12,13.464,13.13,13.160226835250855,2018-01-12,LSTM,14,2017
2017-12-30,2017,12,13.45,13.12,13.139262598752975,2018-01-13,LSTM,14,2017
2017-12-31,2017,12,13.42,13.094,13.122259302139282,2018-01-14,LSTM,14,2017
2018-01-01,2018,1,13.394,13.066,13.121340787649155,2018-01-15,LSTM,14,2018
2018-01-02,2018,1,13.36,13.06,13.095539019107818,2018-01-16,LSTM,14,2018
2018-01-03,2018,1,13.34,13.05,13.069493111371994,2018-01-17,LSTM,14,2018
2018-01-04,2018,1,13.316,13.03,13.055058762788773,2018-01-18,LSTM,14,2018
2018-01-05,2018,1,13.286,13.03,13.025261984825134,2018-01-19,LSTM,14,2018
2018-01-06,2018,1,13.26,13.02,13.001642266511917,2018-01-20,LSTM,14,2018
2018-01-07,2018,1,13.234,12.986,12.979687872171402,2018-01-21,LSTM,14,2018
2018-01-08,2018,1,13.21,12.938,12.95729347229004,2018-01-22,LSTM,14,2018
2018-01-09,2018,1,13.186,12.92,12.935050885438919,2018-01-23,LSTM,14,2018
2018-01-10,2018,1,13.154,12.92,12.908985213279724,2018-01-24,LSTM,14,2018
2018-01-11,2018,1,13.13,12.91,12.883486037254334,2018-01-25,LSTM,14,2018
2018-01-12,2018,1,13.13,12.9,12.878499095439912,2018-01-26,LSTM,14,2018
2018-01-13,2018,1,13.12,12.88,12.879929418563842,2018-01-27,LSTM,14,2018
2018-01-14,2018,1,13.094,12.866,12.859587389469146,2018-01-28,LSTM,14,2018
2018-01-15,2018,1,13.066,12.84,12.835805192947388,2018-01-29,LSTM,14,2018
2018-01-16,2018,1,13.06,12.82,12.826779273748398,2018-01-30,LSTM,14,2018
2018-01-17,2018,1,13.05,12.81,12.824228677153588,2018-01-31,LSTM,14,2018
2018-01-18,2018,1,13.03,12.8,12.805575041770934,2018-02-01,LSTM,14,2018
2018-01-19,2018,1,13.03,12.79,12.803480713367462,2018-02-02,LSTM,14,2018
2018-01-20,2018,1,13.02,12.79,12.808520961999893,2018-02-03,LSTM,14,2018
2018-01-21,2018,1,12.986,12.78,12.780587403535844,2018-02-04,LSTM,14,2018
2018-01-22,2018,1,12.938,12.78,12.734424493193627,2018-02-05,LSTM,14,2018
2018-01-23,2018,1,12.92,12.77,12.70736001253128,2018-02-06,LSTM,14,2018
2018-01-24,2018,1,12.92,12.75,12.7127837818861,2018-02-07,LSTM,14,2018
2018-01-25,2018,1,12.91,12.73,12.709415200948715,2018-02-08,LSTM,14,2018
2018-01-26,2018,1,12.9,12.71,12.703982257843018,2018-02-09,LSTM,14,2018
2018-01-27,2018,1,12.88,12.7,12.697269310355187,2018-02-10,LSTM,14,2018
2018-01-28,2018,1,12.866,12.69,12.686765599608421,2018-02-11,LSTM,14,2018
2018-01-29,2018,1,12.84,12.69,12.665079262256622,2018-02-12,LSTM,14,2018
2018-01-30,2018,1,12.82,12.68,12.642785943746567,2018-02-13,LSTM,14,2018
2018-01-31,2018,1,12.81,12.68,12.639526379704476,2018-02-14,LSTM,14,2018
2018-02-01,2018,2,12.8,12.668,12.638104441761971,2018-02-15,LSTM,14,2018
2018-02-02,2018,2,12.79,12.57,12.635256507396697,2018-02-16,LSTM,14,2018
2018-02-03,2018,2,12.79,12.48,12.642483347058295,2018-02-17,LSTM,14,2018
2018-02-04,2018,2,12.78,12.4,12.644561140537261,2018-02-18,LSTM,14,2018
2018-02-05,2018,2,12.78,12.434,12.649951978325843,2018-02-19,LSTM,14,2018
2018-02-06,2018,2,12.77,12.44,12.648912813961505,2018-02-20,LSTM,14,2018
2018-02-07,2018,2,12.75,12.42,12.631249658763409,2018-02-21,LSTM,14,2018
2018-02-08,2018,2,12.73,12.398,12.614814016520977,2018-02-22,LSTM,14,2018
2018-02-09,2018,2,12.71,12.354,12.600924252569676,2018-02-23,LSTM,14,2018
2018-02-10,2018,2,12.7,12.34,12.601202626526355,2018-02-24,LSTM,14,2018
2018-02-11,2018,2,12.69,12.34,12.603710415363311,2018-02-25,LSTM,14,2018
2018-02-12,2018,2,12.69,12.34,12.62015094846487,2018-02-26,LSTM,14,2018
2018-02-13,2018,2,12.68,12.36,12.621662903875112,2018-02-27,LSTM,14,2018
2018-02-14,2018,2,12.68,12.38,12.636040199846029,2018-02-28,LSTM,14,2018
2018-02-15,2018,2,12.668,12.38,12.63054665032029,2018-03-01,LSTM,14,2018
2018-02-16,2018,2,12.57,12.38,12.516126107126475,2018-03-02,LSTM,14,2018
2018-02-17,2018,2,12.48,12.37,12.433458663076163,2018-03-03,LSTM,14,2018
2018-02-18,2018,2,12.4,12.35,12.356010576337576,2018-03-04,LSTM,14,2018
2018-02-19,2018,2,12.434,12.35,12.381560716420411,2018-03-05,LSTM,14,2018
2018-02-20,2018,2,12.44,12.35,12.437597198467701,2018-03-06,LSTM,14,2018
2018-02-21,2018,2,12.42,12.36,12.45702025860548,2018-03-07,LSTM,14,2018
2018-02-22,2018,2,12.398,12.372,12.434668494343757,2018-03-08,LSTM,14,2018
2018-02-23,2018,2,12.354,12.406,12.384452976003288,2018-03-09,LSTM,14,2018
2018-02-24,2018,2,12.34,12.41,12.404456813037395,2018-03-10,LSTM,14,2018
2018-02-25,2018,2,12.34,12.446,12.437147077322006,2018-03-11,LSTM,14,2018
2018-02-26,2018,2,12.34,12.474,12.46683753669262,2018-03-12,LSTM,14,2018
2018-02-27,2018,2,12.36,12.626,12.514417678713798,2018-03-13,LSTM,14,2018
2018-02-28,2018,2,12.38,12.664,12.546758432984353,2018-03-14,LSTM,14,2018
2018-03-01,2018,3,12.38,12.708,12.548762013316155,2018-03-15,LSTM,14,2018
2018-03-02,2018,3,12.38,12.734,12.55224931716919,2018-03-16,LSTM,14,2018
2018-03-03,2018,3,12.37,12.738,12.543512637615203,2018-03-17,LSTM,14,2018
2018-03-04,2018,3,12.35,12.686,12.531279569864273,2018-03-18,LSTM,14,2018
2018-03-05,2018,3,12.35,12.608,12.55031277835369,2018-03-19,LSTM,14,2018
2018-03-06,2018,3,12.35,12.518,12.56076774597168,2018-03-20,LSTM,14,2018
2018-03-07,2018,3,12.36,12.484,12.592761666178703,2018-03-21,LSTM,14,2018
2018-03-08,2018,3,12.372,12.444,12.618306627988815,2018-03-22,LSTM,14,2018
2018-03-09,2018,3,12.406,12.442,12.680903267621995,2018-03-23,LSTM,14,2018
2018-03-10,2018,3,12.41,12.478,12.685281310081482,2018-03-24,LSTM,14,2018
2018-03-11,2018,3,12.446,12.534,12.734144826889038,2018-03-25,LSTM,14,2018
2018-03-12,2018,3,12.474,12.63,12.7737165620327,2018-03-26,LSTM,14,2018
2018-03-13,2018,3,12.626,12.738,12.832607401371002,2018-03-27,LSTM,14,2018
2018-03-14,2018,3,12.664,12.76,12.86731321656704,2018-03-28,LSTM,14,2018
2018-03-15,2018,3,12.708,12.73,12.927452127814293,2018-03-29,LSTM,14,2018
2018-03-16,2018,3,12.734,12.734,12.977836551904678,2018-03-30,LSTM,14,2018
2018-03-17,2018,3,12.738,12.826,13.020389909029007,2018-03-31,LSTM,14,2018
2018-03-18,2018,3,12.686,12.95,13.095437835216522,2018-04-01,LSTM,14,2018
2018-03-19,2018,3,12.608,13.082,13.127737839698792,2018-04-02,LSTM,14,2018
2018-03-20,2018,3,12.518,13.124,13.151339107036591,2018-04-03,LSTM,14,2018
2018-03-21,2018,3,12.484,13.13,13.151555749416351,2018-04-04,LSTM,14,2018
2018-03-22,2018,3,12.444,13.13,13.12721830034256,2018-04-05,LSTM,14,2018
2018-03-23,2018,3,12.442,13.11,13.12782832813263,2018-04-06,LSTM,14,2018
2018-03-24,2018,3,12.478,13.084,13.150322392463684,2018-04-07,LSTM,14,2018
2018-03-25,2018,3,12.534,13.07,13.265104969978333,2018-04-08,LSTM,14,2018
2018-03-26,2018,3,12.63,13.07,13.474674408435822,2018-04-09,LSTM,14,2018
2018-03-27,2018,3,12.738,13.08,13.587920749664306,2018-04-10,LSTM,14,2018
2018-03-28,2018,3,12.76,13.068,13.657480189800262,2018-04-11,LSTM,14,2018
2018-03-29,2018,3,12.73,13.06,13.660950582027436,2018-04-12,LSTM,14,2018
2018-03-30,2018,3,12.734,13.088,13.694191488265991,2018-04-13,LSTM,14,2018
2018-03-31,2018,3,12.826,13.18,13.78618135547638,2018-04-14,LSTM,14,2018
2018-04-01,2018,4,12.95,13.328,13.98061842918396,2018-04-15,LSTM,14,2018
2018-04-02,2018,4,13.082,13.422,14.123198015213013,2018-04-16,LSTM,14,2018
2018-04-03,2018,4,13.124,13.462,14.19318466091156,2018-04-17,LSTM,14,2018
2018-04-04,2018,4,13.13,13.508,14.241947059631348,2018-04-18,LSTM,14,2018
2018-04-05,2018,4,13.13,13.58,14.27604413509369,2018-04-19,LSTM,14,2018
2018-04-06,2018,4,13.11,13.838,14.332821950912475,2018-04-20,LSTM,14,2018
2018-04-07,2018,4,13.084,14.13,14.35948098564148,2018-04-21,LSTM,14,2018
2018-04-08,2018,4,13.07,14.334,14.332617945671082,2018-04-22,LSTM,14,2018
2018-04-09,2018,4,13.07,14.368,14.3486865234375,2018-04-23,LSTM,14,2018
2018-04-10,2018,4,13.08,14.254,14.372790293693543,2018-04-24,LSTM,14,2018
2018-04-11,2018,4,13.068,14.12,14.386592309951782,2018-04-25,LSTM,14,2018
2018-04-12,2018,4,13.06,14.052,14.402385172843934,2018-04-26,LSTM,14,2018
2018-04-13,2018,4,13.088,14.024,14.439530194282531,2018-04-27,LSTM,14,2018
2018-04-14,2018,4,13.18,14.032,14.654953651428222,2018-04-28,LSTM,14,2018
2018-04-15,2018,4,13.328,14.128,14.809100797653198,2018-04-29,LSTM,14,2018
2018-04-16,2018,4,13.422,14.306,14.926843592643738,2018-04-30,LSTM,14,2018
2018-04-17,2018,4,13.462,14.402,15.024321782112121,2018-05-01,LSTM,14,2018
2018-04-18,2018,4,13.508,14.43,15.064434631347655,2018-05-02,LSTM,14,2018
2018-04-19,2018,4,13.58,14.434,15.125037984848023,2018-05-03,LSTM,14,2018
2018-04-20,2018,4,13.838,14.296,15.479090035438537,2018-05-04,LSTM,14,2018
2018-04-21,2018,4,14.13,14.228,16.020486359596255,2018-05-05,LSTM,14,2018
2018-04-22,2018,4,14.334,14.152,15.449249514579773,2018-05-06,LSTM,14,2018
2018-04-23,2018,4,14.368,14.14,15.269663064956665,2018-05-07,LSTM,14,2018
2018-04-24,2018,4,14.254,14.13,15.023253373146057,2018-05-08,LSTM,14,2018
2018-04-25,2018,4,14.12,14.166,15.031968648433685,2018-05-09,LSTM,14,2018
2018-04-26,2018,4,14.052,14.218,15.364726140022277,2018-05-10,LSTM,14,2018
2018-04-27,2018,4,14.024,14.42,15.731334995269775,2018-05-11,LSTM,14,2018
2018-04-28,2018,4,14.032,14.546,15.77768772315979,2018-05-12,LSTM,14,2018
2018-04-29,2018,4,14.128,14.56,15.8845598487854,2018-05-13,LSTM,14,2018
2018-04-30,2018,4,14.306,14.57,16.115505343437192,2018-05-14,LSTM,14,2018
2018-05-01,2018,5,14.402,14.588,16.380005409240724,2018-05-15,LSTM,14,2018
2018-05-02,2018,5,14.43,14.712,16.176604204177856,2018-05-16,LSTM,14,2018
2018-05-03,2018,5,14.434,14.972,15.98268972301483,2018-05-17,LSTM,14,2018
2018-05-04,2018,5,14.296,15.076,15.708838697433471,2018-05-18,LSTM,14,2018
2018-05-05,2018,5,14.228,14.988,15.852380826950073,2018-05-19,LSTM,14,2018
2018-05-06,2018,5,14.152,14.832,15.884540726661681,2018-05-20,LSTM,14,2018
2018-05-07,2018,5,14.14,14.72,16.00448884010315,2018-05-21,LSTM,14,2018
2018-05-08,2018,5,14.13,14.664,16.04058921813965,2018-05-22,LSTM,14,2018
2018-05-09,2018,5,14.166,14.632,16.172526708602906,2018-05-23,LSTM,14,2018
2018-05-10,2018,5,14.218,14.572,16.243137186050415,2018-05-24,LSTM,14,2018
2018-05-11,2018,5,14.42,14.564,16.74679080963135,2018-05-25,LSTM,14,2018
2018-05-12,2018,5,14.546,14.868,16.809424396514892,2018-05-26,LSTM,14,2018
2018-05-13,2018,5,14.56,15.12,16.329947290420535,2018-05-27,LSTM,14,2018
2018-05-14,2018,5,14.57,15.4,16.26978404045105,2018-05-28,LSTM,14,2018
2018-05-15,2018,5,14.588,15.656,16.170757711410523,2018-05-29,LSTM,14,2018
2018-05-16,2018,5,14.712,16.088,16.281780230522156,2018-05-30,LSTM,14,2018
2018-05-17,2018,5,14.972,16.376,16.622802850723268,2018-05-31,LSTM,14,2018
2018-05-18,2018,5,15.076,16.568,16.528751517295838,2018-06-01,LSTM,14,2018
2018-05-19,2018,5,14.988,16.72,16.225436652183532,2018-06-02,LSTM,14,2018
2018-05-20,2018,5,14.832,16.856,15.875806910514832,2018-06-03,LSTM,14,2018
2018-05-21,2018,5,14.72,16.764,15.643665642738343,2018-06-04,LSTM,14,2018
2018-05-22,2018,5,14.664,16.484,15.757908548355102,2018-06-05,LSTM,14,2018
2018-05-23,2018,5,14.632,16.262,16.1763822145462,2018-06-06,LSTM,14,2018
2018-05-24,2018,5,14.572,16.086,16.271237942695617,2018-06-07,LSTM,14,2018
2018-05-25,2018,5,14.564,15.96,16.341291417121887,2018-06-08,LSTM,14,2018
2018-05-26,2018,5,14.868,15.844,16.93734404373169,2018-06-09,LSTM,14,2018
2018-05-27,2018,5,15.12,15.79,16.68427979469299,2018-06-10,LSTM,14,2018
2018-05-28,2018,5,15.4,15.77,17.39985373020172,2018-06-11,LSTM,14,2018
2018-05-29,2018,5,15.656,15.77,17.925858360290526,2018-06-12,LSTM,14,2018
2018-05-30,2018,5,16.088,15.748,17.75898605632782,2018-06-13,LSTM,14,2018
2018-05-31,2018,5,16.376,15.71,17.440701914787294,2018-06-14,LSTM,14,2018
2018-06-01,2018,6,16.568,15.86,17.338434737205507,2018-06-15,LSTM,14,2018
2018-06-02,2018,6,16.72,16.182,17.543738694190978,2018-06-16,LSTM,14,2018
2018-06-03,2018,6,16.856,16.462,17.682055705547334,2018-06-17,LSTM,14,2018
2018-06-04,2018,6,16.764,16.95,17.45517283821106,2018-06-18,LSTM,14,2018
2018-06-05,2018,6,16.484,17.622,17.597504052162172,2018-06-19,LSTM,14,2018
2018-06-06,2018,6,16.262,17.992,17.77140215587616,2018-06-20,LSTM,14,2018
2018-06-07,2018,6,16.086,18.072,17.6352148399353,2018-06-21,LSTM,14,2018
2018-06-08,2018,6,15.96,18.1,17.701238355636598,2018-06-22,LSTM,14,2018
2018-06-09,2018,6,15.844,18.082,17.97354354286194,2018-06-23,LSTM,14,2018
2018-06-10,2018,6,15.79,18.018,18.35541872024536,2018-06-24,LSTM,14,2018
2018-06-11,2018,6,15.77,17.972,18.001053352355957,2018-06-25,LSTM,14,2018
2018-06-12,2018,6,15.77,18.062,17.46042384624481,2018-06-26,LSTM,14,2018
2018-06-13,2018,6,15.748,18.046,17.21579441833496,2018-06-27,LSTM,14,2018
2018-06-14,2018,6,15.71,17.948,17.08452030181885,2018-06-28,LSTM,14,2018
2018-06-15,2018,6,15.86,17.852,17.520975098609924,2018-06-29,LSTM,14,2018
2018-06-16,2018,6,16.182,17.804,18.044825870513915,2018-06-30,LSTM,14,2018
2018-06-17,2018,6,16.462,17.8,18.262124526023864,2018-07-01,LSTM,14,2018
2018-06-18,2018,6,16.95,18.078,18.253159594535827,2018-07-02,LSTM,14,2018
2018-06-19,2018,6,17.622,18.436,17.5503754453063,2018-07-03,LSTM,14,2018
2018-06-20,2018,6,17.992,18.504,17.79879465830326,2018-07-04,LSTM,14,2018
2018-06-21,2018,6,18.072,18.77,17.825844290971755,2018-07-05,LSTM,14,2018
2018-06-22,2018,6,18.1,19.164,18.234771049022676,2018-07-06,LSTM,14,2018
2018-06-23,2018,6,18.082,19.492,18.417341453552247,2018-07-07,LSTM,14,2018
2018-06-24,2018,6,18.018,19.494,18.56661158132553,2018-07-08,LSTM,14,2018
2018-06-25,2018,6,17.972,19.474,19.203487274169923,2018-07-09,LSTM,14,2018
2018-06-26,2018,6,18.062,19.38,19.053365909576417,2018-07-10,LSTM,14,2018
2018-06-27,2018,6,18.046,19.126,18.706908579826354,2018-07-11,LSTM,14,2018
2018-06-28,2018,6,17.948,18.892,18.583334253311158,2018-07-12,LSTM,14,2018
2018-06-29,2018,6,17.852,18.74,18.62529045534134,2018-07-13,LSTM,14,2018
2018-06-30,2018,6,17.804,18.71,18.57028053188324,2018-07-14,LSTM,14,2018
2018-07-01,2018,7,17.8,18.734,18.480805683135987,2018-07-15,LSTM,14,2018
2018-07-02,2018,7,18.078,18.8,19.48615031528473,2018-07-16,LSTM,14,2018
2018-07-03,2018,7,18.436,18.848,19.818684588432312,2018-07-17,LSTM,14,2018
2018-07-04,2018,7,18.504,18.832,19.69916968727112,2018-07-18,LSTM,14,2018
2018-07-05,2018,7,18.77,18.758,19.683126409053802,2018-07-19,LSTM,14,2018
2018-07-06,2018,7,19.164,18.672,19.61006074690819,2018-07-20,LSTM,14,2018
2018-07-07,2018,7,19.492,18.564,19.678169892549516,2018-07-21,LSTM,14,2018
2018-07-08,2018,7,19.494,18.48,19.43268090584874,2018-07-22,LSTM,14,2018
2018-07-09,2018,7,19.474,18.432,19.41876268813014,2018-07-23,LSTM,14,2018
2018-07-10,2018,7,19.38,18.416,19.604904865026473,2018-07-24,LSTM,14,2018
2018-07-11,2018,7,19.126,18.438,19.44387380576134,2018-07-25,LSTM,14,2018
2018-07-12,2018,7,18.892,18.41,19.324082831859588,2018-07-26,LSTM,14,2018
2018-07-13,2018,7,18.74,18.4,19.061278393268584,2018-07-27,LSTM,14,2018
2018-07-14,2018,7,18.71,18.41,18.707286756988616,2018-07-28,LSTM,14,2018
2018-07-15,2018,7,18.734,18.408,18.735370565500112,2018-07-29,LSTM,14,2018
2018-07-16,2018,7,18.8,18.39,18.794164322968573,2018-07-30,LSTM,14,2018
2018-07-17,2018,7,18.848,18.38,18.79403767618537,2018-07-31,LSTM,14,2018
2018-07-18,2018,7,18.832,18.442,18.767457341372968,2018-08-01,LSTM,14,2018
2018-07-19,2018,7,18.758,18.652,18.709716165989636,2018-08-02,LSTM,14,2018
2018-07-20,2018,7,18.672,18.936,18.656760325402022,2018-08-03,LSTM,14,2018
2018-07-21,2018,7,18.564,19.036,18.53471448341012,2018-08-04,LSTM,14,2018
2018-07-22,2018,7,18.48,19.112,18.462014916837216,2018-08-05,LSTM,14,2018
2018-07-23,2018,7,18.432,19.13,18.43568266319856,2018-08-06,LSTM,14,2018
2018-07-24,2018,7,18.416,19.186,18.452747857928276,2018-08-07,LSTM,14,2018
2018-07-25,2018,7,18.438,19.216,18.55096834051609,2018-08-08,LSTM,14,2018
2018-07-26,2018,7,18.41,19.184,18.46394497513771,2018-08-09,LSTM,14,2018
2018-07-27,2018,7,18.4,19.06,18.514704377949236,2018-08-10,LSTM,14,2018
2018-07-28,2018,7,18.41,18.906,18.620985720157623,2018-08-11,LSTM,14,2018
2018-07-29,2018,7,18.408,18.79,18.641709812164308,2018-08-12,LSTM,14,2018
2018-07-30,2018,7,18.39,18.76,18.621481656432152,2018-08-13,LSTM,14,2018
2018-07-31,2018,7,18.38,18.762,18.64236119866371,2018-08-14,LSTM,14,2018
2018-08-01,2018,8,18.442,18.83,18.850001363277435,2018-08-15,LSTM,14,2018
2018-08-02,2018,8,18.652,18.85,19.270329882621766,2018-08-16,LSTM,14,2018
2018-08-03,2018,8,18.936,18.848,19.38626269555092,2018-08-17,LSTM,14,2018
2018-08-04,2018,8,19.036,18.818,19.11314730501175,2018-08-18,LSTM,14,2018
2018-08-05,2018,8,19.112,18.738,19.19479354125261,2018-08-19,LSTM,14,2018
2018-08-06,2018,8,19.13,18.656,19.12204372614622,2018-08-20,LSTM,14,2018
2018-08-07,2018,8,19.186,18.538,19.114979322314262,2018-08-21,LSTM,14,2018
2018-08-08,2018,8,19.216,18.41,19.062857368946077,2018-08-22,LSTM,14,2018
2018-08-09,2018,8,19.184,18.294,18.971073329091073,2018-08-23,LSTM,14,2018
2018-08-10,2018,8,19.06,18.28,18.710486826896666,2018-08-24,LSTM,14,2018
2018-08-11,2018,8,18.906,18.26,18.510909062385558,2018-08-25,LSTM,14,2018
2018-08-12,2018,8,18.79,18.26,18.39509380698204,2018-08-26,LSTM,14,2018
2018-08-13,2018,8,18.76,18.27,18.499540070295335,2018-08-27,LSTM,14,2018
2018-08-14,2018,8,18.762,18.27,18.684973223030568,2018-08-28,LSTM,14,2018
2018-08-15,2018,8,18.83,18.29,18.902882540524004,2018-08-29,LSTM,14,2018
2018-08-16,2018,8,18.85,18.362,18.83604478314519,2018-08-30,LSTM,14,2018
2018-08-17,2018,8,18.848,18.474,18.911828878104686,2018-08-31,LSTM,14,2018
2018-08-18,2018,8,18.818,18.63,18.86956745016575,2018-09-01,LSTM,14,2018
2018-08-19,2018,8,18.738,18.694,18.692483907669782,2018-09-02,LSTM,14,2018
2018-08-20,2018,8,18.656,18.714,18.593683667987584,2018-09-03,LSTM,14,2018
2018-08-21,2018,8,18.538,18.854,18.40654512989521,2018-09-04,LSTM,14,2018
2018-08-22,2018,8,18.41,18.906,18.213847953677178,2018-09-05,LSTM,14,2018
2018-08-23,2018,8,18.294,18.866,18.1077648999691,2018-09-06,LSTM,14,2018
2018-08-24,2018,8,18.28,18.85,18.40082290649414,2018-09-07,LSTM,14,2018
2018-08-25,2018,8,18.26,18.82,18.517273554801942,2018-09-08,LSTM,14,2018
2018-08-26,2018,8,18.26,18.73,18.658075103759767,2018-09-09,LSTM,14,2018
2018-08-27,2018,8,18.27,18.642,18.791664917469024,2018-09-10,LSTM,14,2018
2018-08-28,2018,8,18.27,18.722,18.843761105537414,2018-09-11,LSTM,14,2018
2018-08-29,2018,8,18.29,19.06,18.976356663703918,2018-09-12,LSTM,14,2018
2018-08-30,2018,8,18.362,19.256,19.118436824798582,2018-09-13,LSTM,14,2018
2018-08-31,2018,8,18.474,19.28,19.149345420837403,2018-09-14,LSTM,14,2018
2018-09-01,2018,9,18.63,19.4,19.122337197065352,2018-09-15,LSTM,14,2018
2018-09-02,2018,9,18.694,19.504,18.941722283005713,2018-09-16,LSTM,14,2018
2018-09-03,2018,9,18.714,19.558,18.896238936424254,2018-09-17,LSTM,14,2018
2018-09-04,2018,9,18.854,19.558,18.941011031806468,2018-09-18,LSTM,14,2018
2018-09-05,2018,9,18.906,19.586,18.707454603672026,2018-09-19,LSTM,14,2018
2018-09-06,2018,9,18.866,19.54,18.59434661602974,2018-09-20,LSTM,14,2018
2018-09-07,2018,9,18.85,19.302,18.629897764325143,2018-09-21,LSTM,14,2018
2018-09-08,2018,9,18.82,19.098,18.63281127035618,2018-09-22,LSTM,14,2018
2018-09-09,2018,9,18.73,18.694,18.520032401680947,2018-09-23,LSTM,14,2018
2018-09-10,2018,9,18.642,18.364,18.44860869181156,2018-09-24,LSTM,14,2018
2018-09-11,2018,9,18.722,18.082,18.78168050658703,2018-09-25,LSTM,14,2018
2018-09-12,2018,9,19.06,17.994,19.07852280832827,2018-09-26,LSTM,14,2018
2018-09-13,2018,9,19.256,18.144,18.680773573875427,2018-09-27,LSTM,14,2018
2018-09-14,2018,9,19.28,18.276,18.37617829322815,2018-09-28,LSTM,14,2018
2018-09-15,2018,9,19.4,18.288,18.314608120918273,2018-09-29,LSTM,14,2018
2018-09-16,2018,9,19.504,18.182,18.023615888595582,2018-09-30,LSTM,14,2018
2018-09-17,2018,9,19.558,18.054,17.947411330223083,2018-10-01,LSTM,14,2018
2018-09-18,2018,9,19.558,17.942,17.971705945014953,2018-10-02,LSTM,14,2018
2018-09-19,2018,9,19.586,17.862,17.997380052566527,2018-10-03,LSTM,14,2018
2018-09-20,2018,9,19.54,17.782,17.87539819717407,2018-10-04,LSTM,14,2018
2018-09-21,2018,9,19.302,17.606,17.765478803634643,2018-10-05,LSTM,14,2018
2018-09-22,2018,9,19.098,17.488,17.704403708457946,2018-10-06,LSTM,14,2018
2018-09-23,2018,9,18.694,17.344,17.43969535255432,2018-10-07,LSTM,14,2018
2018-09-24,2018,9,18.364,17.208,16.935062564849854,2018-10-08,LSTM,14,2018
2018-09-25,2018,9,18.082,17.078,16.6522121257782,2018-10-09,LSTM,14,2018
2018-09-26,2018,9,17.994,16.894,17.095101458072662,2018-10-10,LSTM,14,2018
2018-09-27,2018,9,18.144,16.69,18.222450947999953,2018-10-11,LSTM,14,2018
2018-09-28,2018,9,18.276,16.56,18.205714061319828,2018-10-12,LSTM,14,2018
2018-09-29,2018,9,18.288,16.41,17.77085049200058,2018-10-13,LSTM,14,2018
2018-09-30,2018,9,18.182,16.272,17.321498949050902,2018-10-14,LSTM,14,2018
2018-10-01,2018,10,18.054,16.18,17.20799485826492,2018-10-15,LSTM,14,2018
2018-10-02,2018,10,17.942,16.074,17.092355458259583,2018-10-16,LSTM,14,2018
2018-10-03,2018,10,17.862,15.976,16.99075235080719,2018-10-17,LSTM,14,2018
2018-10-04,2018,10,17.782,15.882,16.974821502685547,2018-10-18,LSTM,14,2018
2018-10-05,2018,10,17.606,15.872,16.785618418216707,2018-10-19,LSTM,14,2018
2018-10-06,2018,10,17.488,15.97,16.715378249168396,2018-10-20,LSTM,14,2018
2018-10-07,2018,10,17.344,16.004,16.558425563812257,2018-10-21,LSTM,14,2018
2018-10-08,2018,10,17.208,15.892,16.41185706424713,2018-10-22,LSTM,14,2018
2018-10-09,2018,10,17.078,15.73,16.268964937210082,2018-10-23,LSTM,14,2018
2018-10-10,2018,10,16.894,15.526,15.944521552562712,2018-10-24,LSTM,14,2018
2018-10-11,2018,10,16.69,15.402,15.591021838188173,2018-10-25,LSTM,14,2018
2018-10-12,2018,10,16.56,15.408,15.532504019737242,2018-10-26,LSTM,14,2018
2018-10-13,2018,10,16.41,15.406,15.372015390396118,2018-10-27,LSTM,14,2018
2018-10-14,2018,10,16.272,15.262,15.217223689079283,2018-10-28,LSTM,14,2018
2018-10-15,2018,10,16.18,15.134,15.287392370700836,2018-10-29,LSTM,14,2018
2018-10-16,2018,10,16.074,15.036,15.328893839359285,2018-10-30,LSTM,14,2018
2018-10-17,2018,10,15.976,14.956,15.296293247699738,2018-10-31,LSTM,14,2018
2018-10-18,2018,10,15.882,14.87,15.265076608181,2018-11-01,LSTM,14,2018
2018-10-19,2018,10,15.872,14.81,15.232587120056152,2018-11-02,LSTM,14,2018
2018-10-20,2018,10,15.97,14.724,15.331199200153351,2018-11-03,LSTM,14,2018
2018-10-21,2018,10,16.004,14.688,15.240241877079011,2018-11-04,LSTM,14,2018
2018-10-22,2018,10,15.892,14.596,14.963601450443267,2018-11-05,LSTM,14,2018
2018-10-23,2018,10,15.73,14.514,14.968164842128754,2018-11-06,LSTM,14,2018
2018-10-24,2018,10,15.526,14.494,14.932117916107178,2018-11-07,LSTM,14,2018
2018-10-25,2018,10,15.402,14.54,14.832215418338775,2018-11-08,LSTM,14,2018
2018-10-26,2018,10,15.408,14.51,14.831171699047088,2018-11-09,LSTM,14,2018
2018-10-27,2018,10,15.406,14.472,14.801533800125123,2018-11-10,LSTM,14,2018
2018-10-28,2018,10,15.262,14.44,14.325836693763733,2018-11-11,LSTM,14,2018
2018-10-29,2018,10,15.134,14.47,13.983767684936524,2018-11-12,LSTM,14,2018
2018-10-30,2018,10,15.036,14.5,14.000173913002014,2018-11-13,LSTM,14,2018
2018-10-31,2018,10,14.956,14.498,14.138358562946319,2018-11-14,LSTM,14,2018
2018-11-01,2018,11,14.87,14.406,14.161414558887481,2018-11-15,LSTM,14,2018
2018-11-02,2018,11,14.81,14.3,14.089067218303681,2018-11-16,LSTM,14,2018
2018-11-03,2018,11,14.724,14.238,14.002981506824494,2018-11-17,LSTM,14,2018
2018-11-04,2018,11,14.688,14.186,13.976584291934968,2018-11-18,LSTM,14,2018
2018-11-05,2018,11,14.596,14.132,13.967865749359131,2018-11-19,LSTM,14,2018
2018-11-06,2018,11,14.514,14.078,13.866271735668182,2018-11-20,LSTM,14,2018
2018-11-07,2018,11,14.494,14.056,13.842156750202179,2018-11-21,LSTM,14,2018
2018-11-08,2018,11,14.54,14.05,13.872910358905791,2018-11-22,LSTM,14,2018
2018-11-09,2018,11,14.51,14.072,13.89960599899292,2018-11-23,LSTM,14,2018
2018-11-10,2018,11,14.472,14.15,13.878452059745788,2018-11-24,LSTM,14,2018
2018-11-11,2018,11,14.44,14.196,13.879482271671295,2018-11-25,LSTM,14,2018
2018-11-12,2018,11,14.47,14.154,13.905259521007538,2018-11-26,LSTM,14,2018
2018-11-13,2018,11,14.5,14.044,13.931752860546112,2018-11-27,LSTM,14,2018
2018-11-14,2018,11,14.498,13.95,13.93304512310028,2018-11-28,LSTM,14,2018
2018-11-15,2018,11,14.406,13.88,13.879103642463685,2018-11-29,LSTM,14,2018
2018-11-16,2018,11,14.3,13.84,13.781841385364533,2018-11-30,LSTM,14,2018
2018-11-17,2018,11,14.238,13.836,13.735667908668518,2018-12-01,LSTM,14,2018
2018-11-18,2018,11,14.186,13.798,13.688268970012665,2018-12-02,LSTM,14,2018
2018-11-19,2018,11,14.132,13.746,13.613140196323394,2018-12-03,LSTM,14,2018
2018-11-20,2018,11,14.078,13.73,13.548092177391052,2018-12-04,LSTM,14,2018
2018-11-21,2018,11,14.056,13.676,13.522644704341888,2018-12-05,LSTM,14,2018
2018-11-22,2018,11,14.05,13.63,13.544600355625153,2018-12-06,LSTM,14,2018
2018-11-23,2018,11,14.072,13.58,13.563695463657378,2018-12-07,LSTM,14,2018
2018-11-24,2018,11,14.15,13.57,13.611999416351319,2018-12-08,LSTM,14,2018
2018-11-25,2018,11,14.196,13.522,13.652650257110595,2018-12-09,LSTM,14,2018
2018-11-26,2018,11,14.154,13.474,13.660138801574707,2018-12-10,LSTM,14,2018
2018-11-27,2018,11,14.044,13.456,13.598978996515275,2018-12-11,LSTM,14,2018
2018-11-28,2018,11,13.95,13.418,13.531582397222518,2018-12-12,LSTM,14,2018
2018-11-29,2018,11,13.88,13.372,13.464380000829697,2018-12-13,LSTM,14,2018
2018-11-30,2018,11,13.84,13.34,13.394411858320236,2018-12-14,LSTM,14,2018
2018-12-01,2018,12,13.836,13.312,13.364329253196717,2018-12-15,LSTM,14,2018
2018-12-02,2018,12,13.798,13.268,13.35385315823555,2018-12-16,LSTM,14,2018
2018-12-03,2018,12,13.746,13.246,13.31680227136612,2018-12-17,LSTM,14,2018
2018-12-04,2018,12,13.73,13.21,13.30716903090477,2018-12-18,LSTM,14,2018
2018-12-05,2018,12,13.676,13.202,13.283164353132248,2018-12-19,LSTM,14,2018
2018-12-06,2018,12,13.63,13.16,13.224169110059739,2018-12-20,LSTM,14,2018
2018-12-07,2018,12,13.58,13.15,13.183009939193726,2018-12-21,LSTM,14,2018
2018-12-08,2018,12,13.57,13.15,13.155588663816452,2018-12-22,LSTM,14,2018
2018-12-09,2018,12,13.522,13.14,13.13610328745842,2018-12-23,LSTM,14,2018
2018-12-10,2018,12,13.474,13.14,13.080238543987274,2018-12-24,LSTM,14,2018
2018-12-11,2018,12,13.456,13.116,13.060557126760482,2018-12-25,LSTM,14,2018
2018-12-12,2018,12,13.418,13.11,13.041341768980026,2018-12-26,LSTM,14,2018
2018-12-13,2018,12,13.372,13.11,12.99636231970787,2018-12-27,LSTM,14,2018
2018-12-14,2018,12,13.34,13.11,12.961448248624801,2018-12-28,LSTM,14,2018
2018-12-15,2018,12,13.312,13.1,12.939427458763122,2018-12-29,LSTM,14,2018
2018-12-16,2018,12,13.268,13.08,12.905677192687989,2018-12-30,LSTM,14,2018
2018-12-17,2018,12,13.246,13.02,12.872022756099701,2018-12-31,LSTM,14,2018
2018-12-18,2018,12,13.21,12.982,12.85348003268242,2019-01-01,LSTM,14,2018
2018-12-19,2018,12,13.202,12.934,12.830521353006363,2019-01-02,LSTM,14,2018
2018-12-20,2018,12,13.16,12.92,12.815995458364487,2019-01-03,LSTM,14,2018
2018-12-21,2018,12,13.15,12.902,12.78602501153946,2019-01-04,LSTM,14,2018
2018-12-22,2018,12,13.15,12.88,12.794646465778351,2019-01-05,LSTM,14,2018
2018-12-23,2018,12,13.14,12.844,12.790014489889145,2019-01-06,LSTM,14,2018
2018-12-24,2018,12,13.14,12.814,12.789509429931641,2019-01-07,LSTM,14,2018
2018-12-25,2018,12,13.116,12.786,12.784689548969268,2019-01-08,LSTM,14,2018
2018-12-26,2018,12,13.11,12.764,12.774122760295867,2019-01-09,LSTM,14,2018
2018-12-27,2018,12,13.11,12.736,12.777105257511138,2019-01-10,LSTM,14,2018
2018-12-28,2018,12,13.11,12.72,12.778629616498947,2019-01-11,LSTM,14,2018
2018-12-29,2018,12,13.1,12.704,12.778442120552063,2019-01-12,LSTM,14,2018
2018-12-30,2018,12,13.08,12.676,12.768169926404953,2019-01-13,LSTM,14,2018
2018-12-31,2018,12,13.02,12.654,12.735298980474472,2019-01-14,LSTM,14,2018
2019-01-01,2019,1,12.982,12.636,12.664235449552535,2019-01-15,LSTM,14,2019
2019-01-02,2019,1,12.934,12.604,12.619294300317764,2019-01-16,LSTM,14,2019
2019-01-03,2019,1,12.92,12.594,12.618705404996872,2019-01-17,LSTM,14,2019
2019-01-04,2019,1,12.902,12.574,12.619599421739577,2019-01-18,LSTM,14,2019
2019-01-05,2019,1,12.88,12.57,12.601091955900193,2019-01-19,LSTM,14,2019
2019-01-06,2019,1,12.844,12.542,12.569673466920852,2019-01-20,LSTM,14,2019
2019-01-07,2019,1,12.814,12.504,12.538524915218353,2019-01-21,LSTM,14,2019
2019-01-08,2019,1,12.786,12.486,12.516445146560669,2019-01-22,LSTM,14,2019
2019-01-09,2019,1,12.764,12.456,12.49205494070053,2019-01-23,LSTM,14,2019
2019-01-10,2019,1,12.736,12.436,12.465954183101655,2019-01-24,LSTM,14,2019
2019-01-11,2019,1,12.72,12.408,12.460291059017182,2019-01-25,LSTM,14,2019
2019-01-12,2019,1,12.704,12.364,12.456996474504471,2019-01-26,LSTM,14,2019
2019-01-13,2019,1,12.676,12.352,12.422507585048676,2019-01-27,LSTM,14,2019
2019-01-14,2019,1,12.654,12.35,12.404216126441955,2019-01-28,LSTM,14,2019
2019-01-15,2019,1,12.636,12.344,12.394663684129714,2019-01-29,LSTM,14,2019
2019-01-16,2019,1,12.604,12.326,12.356188622951507,2019-01-30,LSTM,14,2019
2019-01-17,2019,1,12.594,12.32,12.356652069330215,2019-01-31,LSTM,14,2019
2019-01-18,2019,1,12.574,12.304,12.343283220171928,2019-02-01,LSTM,14,2019
2019-01-19,2019,1,12.57,12.276,12.354325808286667,2019-02-02,LSTM,14,2019
2019-01-20,2019,1,12.542,12.264,12.317910377502441,2019-02-03,LSTM,14,2019
2019-01-21,2019,1,12.504,12.26,12.26846071267128,2019-02-04,LSTM,14,2019
2019-01-22,2019,1,12.486,12.246,12.268374531030656,2019-02-05,LSTM,14,2019
2019-01-23,2019,1,12.456,12.234,12.232779159903526,2019-02-06,LSTM,14,2019
2019-01-24,2019,1,12.436,12.228,12.217089454889297,2019-02-07,LSTM,14,2019
2019-01-25,2019,1,12.408,12.21,12.190255828380584,2019-02-08,LSTM,14,2019
2019-01-26,2019,1,12.364,12.208,12.142808608651162,2019-02-09,LSTM,14,2019
2019-01-27,2019,1,12.352,12.186,12.153468670368195,2019-02-10,LSTM,14,2019
2019-01-28,2019,1,12.35,12.174,12.176288595795631,2019-02-11,LSTM,14,2019
2019-01-29,2019,1,12.344,12.166,12.178282889962196,2019-02-12,LSTM,14,2019
2019-01-30,2019,1,12.326,12.15,12.158778647542,2019-02-13,LSTM,14,2019
2019-01-31,2019,1,12.32,12.146,12.185053564310074,2019-02-14,LSTM,14,2019
2019-02-01,2019,2,12.304,12.142,12.18407777929306,2019-02-15,LSTM,14,2019
2019-02-02,2019,2,12.276,12.13,12.129961065411567,2019-02-16,LSTM,14,2019
2019-02-03,2019,2,12.264,12.12,12.135396526694297,2019-02-17,LSTM,14,2019
2019-02-04,2019,2,12.26,12.12,12.158380808532238,2019-02-18,LSTM,14,2019
2019-02-05,2019,2,12.246,12.12,12.143078633308411,2019-02-19,LSTM,14,2019
2019-02-06,2019,2,12.234,12.156,12.139001632869244,2019-02-20,LSTM,14,2019
2019-02-07,2019,2,12.228,12.17,12.164522789299488,2019-02-21,LSTM,14,2019
2019-02-08,2019,2,12.21,12.156,12.149546532928944,2019-02-22,LSTM,14,2019
2019-02-09,2019,2,12.208,12.14,12.170290812283755,2019-02-23,LSTM,14,2019
2019-02-10,2019,2,12.186,12.144,12.137811023056507,2019-02-24,LSTM,14,2019
2019-02-11,2019,2,12.174,12.144,12.14260072016716,2019-02-25,LSTM,14,2019
2019-02-12,2019,2,12.166,12.162,12.160150209240616,2019-02-26,LSTM,14,2019
2019-02-13,2019,2,12.15,12.212,12.141535582579673,2019-02-27,LSTM,14,2019
2019-02-14,2019,2,12.146,12.286,12.16661615139246,2019-02-28,LSTM,14,2019
2019-02-15,2019,2,12.142,12.31,12.182128506720066,2019-03-01,LSTM,14,2019
2019-02-16,2019,2,12.13,12.28,12.180426688045264,2019-03-02,LSTM,14,2019
2019-02-17,2019,2,12.12,12.26,12.184796328544616,2019-03-03,LSTM,14,2019
2019-02-18,2019,2,12.12,12.26,12.213166813254356,2019-03-04,LSTM,14,2019
2019-02-19,2019,2,12.12,12.27,12.231786492168903,2019-03-05,LSTM,14,2019
2019-02-20,2019,2,12.156,12.38,12.264179830014706,2019-03-06,LSTM,14,2019
2019-02-21,2019,2,12.17,12.5,12.248582651913166,2019-03-07,LSTM,14,2019
2019-02-22,2019,2,12.156,12.6,12.243519191205502,2019-03-08,LSTM,14,2019
2019-02-23,2019,2,12.14,12.66,12.2556210526824,2019-03-09,LSTM,14,2019
2019-02-24,2019,2,12.144,12.69,12.298528051614761,2019-03-10,LSTM,14,2019
2019-02-25,2019,2,12.144,12.65,12.312179884552956,2019-03-11,LSTM,14,2019
2019-02-26,2019,2,12.162,12.6,12.338070913672448,2019-03-12,LSTM,14,2019
2019-02-27,2019,2,12.212,12.57,12.36992816877365,2019-03-13,LSTM,14,2019
2019-02-28,2019,2,12.286,12.56,12.37025060659647,2019-03-14,LSTM,14,2019
2019-03-01,2019,3,12.31,12.56,12.312531948499382,2019-03-15,LSTM,14,2019
2019-03-02,2019,3,12.28,12.55,12.316343686282634,2019-03-16,LSTM,14,2019
2019-03-03,2019,3,12.26,12.53,12.379436338543892,2019-03-17,LSTM,14,2019
2019-03-04,2019,3,12.26,12.51,12.458918670415878,2019-03-18,LSTM,14,2019
2019-03-05,2019,3,12.27,12.47,12.501494456529617,2019-03-19,LSTM,14,2019
2019-03-06,2019,3,12.38,12.44,12.581851084828378,2019-03-20,LSTM,14,2019
2019-03-07,2019,3,12.5,12.42,12.584698669612408,2019-03-21,LSTM,14,2019
2019-03-08,2019,3,12.6,12.42,12.525766244530677,2019-03-22,LSTM,14,2019
2019-03-09,2019,3,12.66,12.414,12.516407880783081,2019-03-23,LSTM,14,2019
2019-03-10,2019,3,12.69,12.502,12.543354826569557,2019-03-24,LSTM,14,2019
2019-03-11,2019,3,12.65,12.648,12.59347906857729,2019-03-25,LSTM,14,2019
2019-03-12,2019,3,12.6,12.748,12.725238448381424,2019-03-26,LSTM,14,2019
2019-03-13,2019,3,12.57,12.808,12.909459359645844,2019-03-27,LSTM,14,2019
2019-03-14,2019,3,12.56,12.81,12.966227201223374,2019-03-28,LSTM,14,2019
2019-03-15,2019,3,12.56,12.814,12.985515174865723,2019-03-29,LSTM,14,2019
2019-03-16,2019,3,12.55,12.842,13.010437059402467,2019-03-30,LSTM,14,2019
2019-03-17,2019,3,12.53,12.796,13.048694877624511,2019-03-31,LSTM,14,2019
2019-03-18,2019,3,12.51,12.79,13.076659688949585,2019-04-01,LSTM,14,2019
2019-03-19,2019,3,12.47,12.836,13.08287546157837,2019-04-02,LSTM,14,2019
2019-03-20,2019,3,12.44,12.878,13.086924555301666,2019-04-03,LSTM,14,2019
2019-03-21,2019,3,12.42,12.946,13.089838607311249,2019-04-04,LSTM,14,2019
2019-03-22,2019,3,12.42,12.988,13.101660532951355,2019-04-05,LSTM,14,2019
2019-03-23,2019,3,12.414,12.99,13.119706715583801,2019-04-06,LSTM,14,2019
2019-03-24,2019,3,12.502,13.034,13.279950286865235,2019-04-07,LSTM,14,2019
2019-03-25,2019,3,12.648,13.046,13.426052031993866,2019-04-08,LSTM,14,2019
2019-03-26,2019,3,12.748,13.158,13.372158442020416,2019-04-09,LSTM,14,2019
2019-03-27,2019,3,12.808,13.33,13.290665210962295,2019-04-10,LSTM,14,2019
2019-03-28,2019,3,12.81,13.458,13.295004454851151,2019-04-11,LSTM,14,2019
2019-03-29,2019,3,12.814,13.464,13.406402160167694,2019-04-12,LSTM,14,2019
2019-03-30,2019,3,12.842,13.394,13.614424280643464,2019-04-13,LSTM,14,2019
2019-03-31,2019,3,12.796,13.32,13.790937479496002,2019-04-14,LSTM,14,2019
2019-04-01,2019,4,12.79,13.294,13.879749693870544,2019-04-15,LSTM,14,2019
2019-04-02,2019,4,12.836,13.292,13.907074604988098,2019-04-16,LSTM,14,2019
2019-04-03,2019,4,12.878,13.348,14.001553514480591,2019-04-17,LSTM,14,2019
2019-04-04,2019,4,12.946,13.352,14.08405079460144,2019-04-18,LSTM,14,2019
2019-04-05,2019,4,12.988,13.362,14.191596115112304,2019-04-19,LSTM,14,2019
2019-04-06,2019,4,12.99,13.4,14.208860268592835,2019-04-20,LSTM,14,2019
2019-04-07,2019,4,13.034,13.462,14.231790503501893,2019-04-21,LSTM,14,2019
2019-04-08,2019,4,13.046,13.514,14.31162464237213,2019-04-22,LSTM,14,2019
2019-04-09,2019,4,13.158,13.54,14.38465786743164,2019-04-23,LSTM,14,2019
2019-04-10,2019,4,13.33,13.562,14.5025412607193,2019-04-24,LSTM,14,2019
2019-04-11,2019,4,13.458,13.628,14.42751150894165,2019-04-25,LSTM,14,2019
2019-04-12,2019,4,13.464,13.786,14.37867559337616,2019-04-26,LSTM,14,2019
2019-04-13,2019,4,13.394,13.992,14.491472786903381,2019-04-27,LSTM,14,2019
2019-04-14,2019,4,13.32,13.92,14.626676030158997,2019-04-28,LSTM,14,2019
2019-04-15,2019,4,13.294,13.904,14.668673247337342,2019-04-29,LSTM,14,2019
2019-04-16,2019,4,13.292,13.862,14.612098757743835,2019-04-30,LSTM,14,2019
2019-04-17,2019,4,13.348,13.824,14.628296564102174,2019-05-01,LSTM,14,2019
2019-04-18,2019,4,13.352,13.908,14.70746600818634,2019-05-02,LSTM,14,2019
2019-04-19,2019,4,13.362,14.162,14.663002979278565,2019-05-03,LSTM,14,2019
2019-04-20,2019,4,13.4,14.46,14.729355359077454,2019-05-04,LSTM,14,2019
2019-04-21,2019,4,13.462,14.72,14.780584084510803,2019-05-05,LSTM,14,2019
2019-04-22,2019,4,13.514,15.0,14.800069989204406,2019-05-06,LSTM,14,2019
2019-04-23,2019,4,13.54,15.5,14.816297092437743,2019-05-07,LSTM,14,2019
2019-04-24,2019,4,13.562,15.932,14.856270277023315,2019-05-08,LSTM,14,2019
2019-04-25,2019,4,13.628,16.124,14.854428508758545,2019-05-09,LSTM,14,2019
2019-04-26,2019,4,13.786,16.268,14.79659091091156,2019-05-10,LSTM,14,2019
2019-04-27,2019,4,13.992,16.364,14.824828581333161,2019-05-11,LSTM,14,2019
2019-04-28,2019,4,13.92,16.478,14.74637619972229,2019-05-12,LSTM,14,2019
2019-04-29,2019,4,13.904,16.496,14.888016418457031,2019-05-13,LSTM,14,2019
2019-04-30,2019,4,13.862,16.356,14.974510085105896,2019-05-14,LSTM,14,2019
2019-05-01,2019,5,13.824,16.252,14.973551033973694,2019-05-15,LSTM,14,2019
2019-05-02,2019,5,13.908,16.37,14.982799299240112,2019-05-16,LSTM,14,2019
2019-05-03,2019,5,14.162,16.72,15.004776000499726,2019-05-17,LSTM,14,2019
2019-05-04,2019,5,14.46,17.118,15.322982094287873,2019-05-18,LSTM,14,2019
2019-05-05,2019,5,14.72,17.306,15.32446172952652,2019-05-19,LSTM,14,2019
2019-05-06,2019,5,15.0,17.172,15.578487932682037,2019-05-20,LSTM,14,2019
2019-05-07,2019,5,15.5,16.902,15.75545796751976,2019-05-21,LSTM,14,2019
2019-05-08,2019,5,15.932,16.704,15.607609171390534,2019-05-22,LSTM,14,2019
2019-05-09,2019,5,16.124,16.56,15.764385329723357,2019-05-23,LSTM,14,2019
2019-05-10,2019,5,16.268,16.438,15.948503368377686,2019-05-24,LSTM,14,2019
2019-05-11,2019,5,16.364,16.476,16.423557247906924,2019-05-25,LSTM,14,2019
2019-05-12,2019,5,16.478,16.62,16.617426216483118,2019-05-26,LSTM,14,2019
2019-05-13,2019,5,16.496,16.742,16.781107135772704,2019-05-27,LSTM,14,2019
2019-05-14,2019,5,16.356,16.706,16.662511729955675,2019-05-28,LSTM,14,2019
2019-05-15,2019,5,16.252,16.64,17.286140348434447,2019-05-29,LSTM,14,2019
2019-05-16,2019,5,16.37,16.544,17.47463857650757,2019-05-30,LSTM,14,2019
2019-05-17,2019,5,16.72,16.56,17.5785370182991,2019-05-31,LSTM,14,2019
2019-05-18,2019,5,17.118,16.58,17.858380644798277,2019-06-01,LSTM,14,2019
2019-05-19,2019,5,17.306,16.576,17.857857829093934,2019-06-02,LSTM,14,2019
2019-05-20,2019,5,17.172,16.548,17.519559928894044,2019-06-03,LSTM,14,2019
2019-05-21,2019,5,16.902,16.422,17.32657675933838,2019-06-04,LSTM,14,2019
2019-05-22,2019,5,16.704,16.222,17.384213630199433,2019-06-05,LSTM,14,2019
2019-05-23,2019,5,16.56,16.152,17.502384302616118,2019-06-06,LSTM,14,2019
2019-05-24,2019,5,16.438,16.03,17.76271477985382,2019-06-07,LSTM,14,2019
2019-05-25,2019,5,16.476,15.9,17.608003545761107,2019-06-08,LSTM,14,2019
2019-05-26,2019,5,16.62,15.832,17.789373512268067,2019-06-09,LSTM,14,2019
2019-05-27,2019,5,16.742,15.784,17.928002612113954,2019-06-10,LSTM,14,2019
2019-05-28,2019,5,16.706,15.89,17.842385440826416,2019-06-11,LSTM,14,2019
2019-05-29,2019,5,16.64,15.942,17.810944690704346,2019-06-12,LSTM,14,2019
2019-05-30,2019,5,16.544,15.982,17.768401354789734,2019-06-13,LSTM,14,2019
2019-05-31,2019,5,16.56,16.136,17.81028586387634,2019-06-14,LSTM,14,2019
2019-06-01,2019,6,16.58,16.408,17.837874369621275,2019-06-15,LSTM,14,2019
2019-06-02,2019,6,16.576,16.744,17.823060894966126,2019-06-16,LSTM,14,2019
2019-06-03,2019,6,16.548,16.956,17.80920316982269,2019-06-17,LSTM,14,2019
2019-06-04,2019,6,16.422,16.99,17.652587005615235,2019-06-18,LSTM,14,2019
2019-06-05,2019,6,16.222,17.012,17.570796486854555,2019-06-19,LSTM,14,2019
2019-06-06,2019,6,16.152,17.15,17.6192589302063,2019-06-20,LSTM,14,2019
2019-06-07,2019,6,16.03,17.032,17.568580417633058,2019-06-21,LSTM,14,2019
2019-06-08,2019,6,15.9,17.266,17.67133536338806,2019-06-22,LSTM,14,2019
2019-06-09,2019,6,15.832,17.604,17.74364243221283,2019-06-23,LSTM,14,2019
2019-06-10,2019,6,15.784,17.718,17.73788877391815,2019-06-24,LSTM,14,2019
2019-06-11,2019,6,15.89,17.672,17.89934648513794,2019-06-25,LSTM,14,2019
2019-06-12,2019,6,15.942,17.522,17.742089597702027,2019-06-26,LSTM,14,2019
2019-06-13,2019,6,15.982,17.914,17.76727045249939,2019-06-27,LSTM,14,2019
2019-06-14,2019,6,16.136,18.242,18.127461634635925,2019-06-28,LSTM,14,2019
2019-06-15,2019,6,16.408,18.308,17.85748673248291,2019-06-29,LSTM,14,2019
2019-06-16,2019,6,16.744,18.404,17.978461784362793,2019-06-30,LSTM,14,2019
2019-06-17,2019,6,16.956,18.428,17.899281054496765,2019-07-01,LSTM,14,2019
2019-06-18,2019,6,16.99,18.54,18.20329343318939,2019-07-02,LSTM,14,2019
2019-06-19,2019,6,17.012,18.66,18.701533591270447,2019-07-03,LSTM,14,2019
2019-06-20,2019,6,17.15,18.656,18.760586047172545,2019-07-04,LSTM,14,2019
2019-06-21,2019,6,17.032,18.486,18.378113324165344,2019-07-05,LSTM,14,2019
2019-06-22,2019,6,17.266,18.284,18.649705854415892,2019-07-06,LSTM,14,2019
2019-06-23,2019,6,17.604,18.162,18.52077290201187,2019-07-07,LSTM,14,2019
2019-06-24,2019,6,17.718,18.224,18.669978504657745,2019-07-08,LSTM,14,2019
2019-06-25,2019,6,17.672,18.354,18.849825689315796,2019-07-09,LSTM,14,2019
2019-06-26,2019,6,17.522,18.658,18.912825390815733,2019-07-10,LSTM,14,2019
2019-06-27,2019,6,17.914,18.998,18.798070038795473,2019-07-11,LSTM,14,2019
2019-06-28,2019,6,18.242,19.434,18.889908449172975,2019-07-12,LSTM,14,2019
2019-06-29,2019,6,18.308,19.956,18.951759191036224,2019-07-13,LSTM,14,2019
2019-06-30,2019,6,18.404,20.352,19.131339684963226,2019-07-14,LSTM,14,2019
2019-07-01,2019,7,18.428,20.718,19.15303447532654,2019-07-15,LSTM,14,2019
2019-07-02,2019,7,18.54,20.918,19.09457717180252,2019-07-16,LSTM,14,2019
2019-07-03,2019,7,18.66,21.108,19.103466782569885,2019-07-17,LSTM,14,2019
2019-07-04,2019,7,18.656,21.156,19.01836634850502,2019-07-18,LSTM,14,2019
2019-07-05,2019,7,18.486,21.07,18.663699759602547,2019-07-19,LSTM,14,2019
2019-07-06,2019,7,18.284,20.834,18.647003969192504,2019-07-20,LSTM,14,2019
2019-07-07,2019,7,18.162,20.548,18.667514919757842,2019-07-21,LSTM,14,2019
2019-07-08,2019,7,18.224,20.16,18.669085406303406,2019-07-22,LSTM,14,2019
2019-07-09,2019,7,18.354,19.898,18.70554539346695,2019-07-23,LSTM,14,2019
2019-07-10,2019,7,18.658,19.872,19.29094178247452,2019-07-24,LSTM,14,2019
2019-07-11,2019,7,18.998,19.988,19.598285828113557,2019-07-25,LSTM,14,2019
2019-07-12,2019,7,19.434,20.028,19.41925978345424,2019-07-26,LSTM,14,2019
2019-07-13,2019,7,19.956,19.842,19.27286383485794,2019-07-27,LSTM,14,2019
2019-07-14,2019,7,20.352,19.682,19.14431369495392,2019-07-28,LSTM,14,2019
2019-07-15,2019,7,20.718,19.574,19.20085186290741,2019-07-29,LSTM,14,2019
2019-07-16,2019,7,20.918,19.458,19.24829043674469,2019-07-30,LSTM,14,2019
2019-07-17,2019,7,21.108,19.27,19.161703904151917,2019-07-31,LSTM,14,2019
2019-07-18,2019,7,21.156,19.074,18.806397539138793,2019-08-01,LSTM,14,2019
2019-07-19,2019,7,21.07,18.96,18.847199029922486,2019-08-02,LSTM,14,2019
2019-07-20,2019,7,20.834,18.936,18.61244738960266,2019-08-03,LSTM,14,2019
2019-07-21,2019,7,20.548,18.932,18.623695514678953,2019-08-04,LSTM,14,2019
2019-07-22,2019,7,20.16,18.924,18.807358775138855,2019-08-05,LSTM,14,2019
2019-07-23,2019,7,19.898,18.916,18.84660529899597,2019-08-06,LSTM,14,2019
2019-07-24,2019,7,19.872,18.872,19.293328723430633,2019-08-07,LSTM,14,2019
2019-07-25,2019,7,19.988,18.832,19.499816054582595,2019-08-08,LSTM,14,2019
2019-07-26,2019,7,20.028,18.76,19.29712361383438,2019-08-09,LSTM,14,2019
2019-07-27,2019,7,19.842,18.718,19.068409792900084,2019-08-10,LSTM,14,2019
2019-07-28,2019,7,19.682,18.65,18.901029188156127,2019-08-11,LSTM,14,2019
2019-07-29,2019,7,19.574,18.512,18.88488787317276,2019-08-12,LSTM,14,2019
2019-07-30,2019,7,19.458,18.456,18.763095195770262,2019-08-13,LSTM,14,2019
2019-07-31,2019,7,19.27,18.366,18.56685389995575,2019-08-14,LSTM,14,2019
2019-08-01,2019,8,19.074,18.306,18.44858682060242,2019-08-15,LSTM,14,2019
2019-08-02,2019,8,18.96,18.292,18.52023520231247,2019-08-16,LSTM,14,2019
2019-08-03,2019,8,18.936,18.188,18.709590207099914,2019-08-17,LSTM,14,2019
2019-08-04,2019,8,18.932,18.132,18.80913386118412,2019-08-18,LSTM,14,2019
2019-08-05,2019,8,18.924,18.138,18.81587604188919,2019-08-19,LSTM,14,2019
2019-08-06,2019,8,18.916,18.108,18.880299757033587,2019-08-20,LSTM,14,2019
2019-08-07,2019,8,18.872,18.036,18.854806146144867,2019-08-21,LSTM,14,2019
2019-08-08,2019,8,18.832,17.972,18.849880292609335,2019-08-22,LSTM,14,2019
2019-08-09,2019,8,18.76,17.832,18.747648197449745,2019-08-23,LSTM,14,2019
2019-08-10,2019,8,18.718,17.728,18.758179509669542,2019-08-24,LSTM,14,2019
2019-08-11,2019,8,18.65,17.62,18.700386160612105,2019-08-25,LSTM,14,2019
2019-08-12,2019,8,18.512,17.682,18.430146431446076,2019-08-26,LSTM,14,2019
2019-08-13,2019,8,18.456,17.58,18.511668786168098,2019-08-27,LSTM,14,2019
2019-08-14,2019,8,18.366,17.418,18.50424498653412,2019-08-28,LSTM,14,2019
2019-08-15,2019,8,18.306,17.314,18.49791661477089,2019-08-29,LSTM,14,2019
2019-08-16,2019,8,18.292,17.15,18.691398475885393,2019-08-30,LSTM,14,2019
2019-08-17,2019,8,18.188,16.992,18.479970014572142,2019-08-31,LSTM,14,2019
2019-08-18,2019,8,18.132,16.926,18.53497117829323,2019-09-01,LSTM,14,2019
2019-08-19,2019,8,18.138,16.916,18.844327438354494,2019-09-02,LSTM,14,2019
2019-08-20,2019,8,18.108,16.888,18.84204347896576,2019-09-03,LSTM,14,2019
2019-08-21,2019,8,18.036,16.816,18.68175344324112,2019-09-04,LSTM,14,2019
2019-08-22,2019,8,17.972,16.794,18.66449951839447,2019-09-05,LSTM,14,2019
2019-08-23,2019,8,17.832,16.848,18.43227849674225,2019-09-06,LSTM,14,2019
2019-08-24,2019,8,17.728,16.85,18.398641362667085,2019-09-07,LSTM,14,2019
2019-08-25,2019,8,17.62,16.852,18.360149557590486,2019-09-08,LSTM,14,2019
2019-08-26,2019,8,17.682,16.93,18.93892594051361,2019-09-09,LSTM,14,2019
2019-08-27,2019,8,17.58,16.982,18.447101967334746,2019-09-10,LSTM,14,2019
2019-08-28,2019,8,17.418,17.002,18.128246622562408,2019-09-11,LSTM,14,2019
2019-08-29,2019,8,17.314,17.028,18.218414534568787,2019-09-12,LSTM,14,2019
2019-08-30,2019,8,17.15,17.14,18.063424909114836,2019-09-13,LSTM,14,2019
2019-08-31,2019,8,16.992,17.408,17.888960735321046,2019-09-14,LSTM,14,2019
2019-09-01,2019,9,16.926,17.814,18.20020425415039,2019-09-15,LSTM,14,2019
2019-09-02,2019,9,16.916,18.138,18.581354251861573,2019-09-16,LSTM,14,2019
2019-09-03,2019,9,16.888,18.27,18.514305460929872,2019-09-17,LSTM,14,2019
2019-09-04,2019,9,16.816,18.372,18.37194480037689,2019-09-18,LSTM,14,2019
2019-09-05,2019,9,16.794,18.598,18.36751565361023,2019-09-19,LSTM,14,2019
2019-09-06,2019,9,16.848,18.67,18.077004383087157,2019-09-20,LSTM,14,2019
2019-09-07,2019,9,16.85,18.716,17.987258887290956,2019-09-21,LSTM,14,2019
2019-09-08,2019,9,16.852,18.778,17.75561338853836,2019-09-22,LSTM,14,2019
2019-09-09,2019,9,16.93,18.808,17.839920692443847,2019-09-23,LSTM,14,2019
2019-09-10,2019,9,16.982,18.73,17.904319293022155,2019-09-24,LSTM,14,2019
2019-09-11,2019,9,17.002,18.614,17.75308653306961,2019-09-25,LSTM,14,2019
2019-09-12,2019,9,17.028,18.608,17.69612777519226,2019-09-26,LSTM,14,2019
2019-09-13,2019,9,17.14,18.7,17.804611399173737,2019-09-27,LSTM,14,2019
2019-09-14,2019,9,17.408,18.646,17.84022713470459,2019-09-28,LSTM,14,2019
2019-09-15,2019,9,17.814,18.524,17.565530528068543,2019-09-29,LSTM,14,2019
2019-09-16,2019,9,18.138,18.51,17.31289576339722,2019-09-30,LSTM,14,2019
2019-09-17,2019,9,18.27,18.632,17.24291851043701,2019-10-01,LSTM,14,2019
2019-09-18,2019,9,18.372,18.482,17.21417143058777,2019-10-02,LSTM,14,2019
2019-09-19,2019,9,18.598,18.24,17.211001346588134,2019-10-03,LSTM,14,2019
2019-09-20,2019,9,18.67,18.024,17.123723907470705,2019-10-04,LSTM,14,2019
2019-09-21,2019,9,18.716,17.814,17.53894523715973,2019-10-05,LSTM,14,2019
2019-09-22,2019,9,18.778,17.632,17.820854130268096,2019-10-06,LSTM,14,2019
2019-09-23,2019,9,18.808,17.446,17.75855615901947,2019-10-07,LSTM,14,2019
2019-09-24,2019,9,18.73,17.32,17.434401016235352,2019-10-08,LSTM,14,2019
2019-09-25,2019,9,18.614,17.244,17.480538405418397,2019-10-09,LSTM,14,2019
2019-09-26,2019,9,18.608,17.192,17.250493724823,2019-10-10,LSTM,14,2019
2019-09-27,2019,9,18.7,17.094,17.484427523612975,2019-10-11,LSTM,14,2019
2019-09-28,2019,9,18.646,16.95,16.925142618179322,2019-10-12,LSTM,14,2019
2019-09-29,2019,9,18.524,16.83,16.84054703617096,2019-10-13,LSTM,14,2019
2019-09-30,2019,9,18.51,16.81,16.856773862838747,2019-10-14,LSTM,14,2019
2019-10-01,2019,10,18.632,16.852,17.305882961273195,2019-10-15,LSTM,14,2019
2019-10-02,2019,10,18.482,16.874,16.57118285369873,2019-10-16,LSTM,14,2019
2019-10-03,2019,10,18.24,16.826,16.861442198753355,2019-10-17,LSTM,14,2019
2019-10-04,2019,10,18.024,16.66,16.73940653705597,2019-10-18,LSTM,14,2019
2019-10-05,2019,10,17.814,16.422,16.65499519252777,2019-10-19,LSTM,14,2019
2019-10-06,2019,10,17.632,16.202,16.607572347640993,2019-10-20,LSTM,14,2019
2019-10-07,2019,10,17.446,16.042,16.45613368368149,2019-10-21,LSTM,14,2019
2019-10-08,2019,10,17.32,15.882,16.228080458641053,2019-10-22,LSTM,14,2019
2019-10-09,2019,10,17.244,15.73,16.393706721305847,2019-10-23,LSTM,14,2019
2019-10-10,2019,10,17.192,15.62,16.482476739406586,2019-10-24,LSTM,14,2019
2019-10-11,2019,10,17.094,15.532,16.208569783210756,2019-10-25,LSTM,14,2019
2019-10-12,2019,10,16.95,15.518,15.8852867603302,2019-10-26,LSTM,14,2019
2019-10-13,2019,10,16.83,15.466,15.876249747276304,2019-10-27,LSTM,14,2019
2019-10-14,2019,10,16.81,15.538,16.122110364437102,2019-10-28,LSTM,14,2019
2019-10-15,2019,10,16.852,15.614,15.986634912014008,2019-10-29,LSTM,14,2019
2019-10-16,2019,10,16.874,15.676,15.74668018722534,2019-10-30,LSTM,14,2019
2019-10-17,2019,10,16.826,15.646,15.590285326004029,2019-10-31,LSTM,14,2019
2019-10-18,2019,10,16.66,15.642,15.527446541786194,2019-11-01,LSTM,14,2019
2019-10-19,2019,10,16.422,15.702,15.425760397434235,2019-11-02,LSTM,14,2019
2019-10-20,2019,10,16.202,15.664,15.495345451354982,2019-11-03,LSTM,14,2019
2019-10-21,2019,10,16.042,15.57,15.480120424747469,2019-11-04,LSTM,14,2019
2019-10-22,2019,10,15.882,15.4,15.20745107603073,2019-11-05,LSTM,14,2019
2019-10-23,2019,10,15.73,15.264,14.891118626594544,2019-11-06,LSTM,14,2019
2019-10-24,2019,10,15.62,15.17,14.770686919689178,2019-11-07,LSTM,14,2019
2019-10-25,2019,10,15.532,15.072,14.801306898117065,2019-11-08,LSTM,14,2019
2019-10-26,2019,10,15.518,14.98,14.86388623046875,2019-11-09,LSTM,14,2019
2019-10-27,2019,10,15.466,14.892,14.761139729976653,2019-11-10,LSTM,14,2019
2019-10-28,2019,10,15.538,14.83,14.875631344795227,2019-11-11,LSTM,14,2019
2019-10-29,2019,10,15.614,14.728,14.930459178924561,2019-11-12,LSTM,14,2019
2019-10-30,2019,10,15.676,14.64,14.93294590806961,2019-11-13,LSTM,14,2019
2019-10-31,2019,10,15.646,14.58,14.813556881904603,2019-11-14,LSTM,14,2019
2019-11-01,2019,11,15.642,14.522,14.842838208198547,2019-11-15,LSTM,14,2019
2019-11-02,2019,11,15.702,14.476,14.916642405509949,2019-11-16,LSTM,14,2019
2019-11-03,2019,11,15.664,14.422,14.833241189956665,2019-11-17,LSTM,14,2019
2019-11-04,2019,11,15.57,14.382,14.771680839061737,2019-11-18,LSTM,14,2019
2019-11-05,2019,11,15.4,14.352,14.571183228492737,2019-11-19,LSTM,14,2019
2019-11-06,2019,11,15.264,14.288,14.461346925735473,2019-11-20,LSTM,14,2019
2019-11-07,2019,11,15.17,14.256,14.455312056541443,2019-11-21,LSTM,14,2019
2019-11-08,2019,11,15.072,14.222,14.350254568576812,2019-11-22,LSTM,14,2019
2019-11-09,2019,11,14.98,14.19,14.257445733547211,2019-11-23,LSTM,14,2019
2019-11-10,2019,11,14.892,14.18,14.199464241981506,2019-11-24,LSTM,14,2019
2019-11-11,2019,11,14.83,14.18,14.21213986158371,2019-11-25,LSTM,14,2019
2019-11-12,2019,11,14.728,14.17,14.102988377094269,2019-11-26,LSTM,14,2019
2019-11-13,2019,11,14.64,14.16,14.04585321187973,2019-11-27,LSTM,14,2019
2019-11-14,2019,11,14.58,14.106,14.034106032848358,2019-11-28,LSTM,14,2019
2019-11-15,2019,11,14.522,14.04,14.000146851062775,2019-11-29,LSTM,14,2019
2019-11-16,2019,11,14.476,13.992,13.97596030330658,2019-11-30,LSTM,14,2019
2019-11-17,2019,11,14.422,13.938,13.935663738965989,2019-12-01,LSTM,14,2019
2019-11-18,2019,11,14.382,13.89,13.929551840543747,2019-12-02,LSTM,14,2019
2019-11-19,2019,11,14.352,13.862,13.920974405527115,2019-12-03,LSTM,14,2019
2019-11-20,2019,11,14.288,13.824,13.836313766717911,2019-12-04,LSTM,14,2019
2019-11-21,2019,11,14.256,13.806,13.815335500001908,2019-12-05,LSTM,14,2019
2019-11-22,2019,11,14.222,13.768,13.801565405845642,2019-12-06,LSTM,14,2019
2019-11-23,2019,11,14.19,13.746,13.775799008607864,2019-12-07,LSTM,14,2019
2019-11-24,2019,11,14.18,13.714,13.78911950469017,2019-12-08,LSTM,14,2019
2019-11-25,2019,11,14.18,13.688,13.830720685720443,2019-12-09,LSTM,14,2019
2019-11-26,2019,11,14.17,13.652,13.838444991111755,2019-12-10,LSTM,14,2019
2019-11-27,2019,11,14.16,13.616,13.818126592636109,2019-12-11,LSTM,14,2019
2019-11-28,2019,11,14.106,13.568,13.717993819475174,2019-12-12,LSTM,14,2019
2019-11-29,2019,11,14.04,13.546,13.618881114721297,2019-12-13,LSTM,14,2019
2019-11-30,2019,11,13.992,13.514,13.563889817714692,2019-12-14,LSTM,14,2019
2019-12-01,2019,12,13.938,13.49,13.514694071292878,2019-12-15,LSTM,14,2019
2019-12-02,2019,12,13.89,13.446,13.476770296096802,2019-12-16,LSTM,14,2019
2019-12-03,2019,12,13.862,13.412,13.469591569423676,2019-12-17,LSTM,14,2019
2019-12-04,2019,12,13.824,13.386,13.457703529834747,2019-12-18,LSTM,14,2019
2019-12-05,2019,12,13.806,13.352,13.455564713239669,2019-12-19,LSTM,14,2019
2019-12-06,2019,12,13.768,13.33,13.414850377321244,2019-12-20,LSTM,14,2019
2019-12-07,2019,12,13.746,13.296,13.400419213533402,2019-12-21,LSTM,14,2019
2019-12-08,2019,12,13.714,13.274,13.37093524479866,2019-12-22,LSTM,14,2019
2019-12-09,2019,12,13.688,13.256,13.34000999379158,2019-12-23,LSTM,14,2019
2019-12-10,2019,12,13.652,13.24,13.304092367410659,2019-12-24,LSTM,14,2019
2019-12-11,2019,12,13.616,13.226,13.260212782382965,2019-12-25,LSTM,14,2019
2019-12-12,2019,12,13.568,13.22,13.211127977848053,2019-12-26,LSTM,14,2019
2019-12-13,2019,12,13.546,13.208,13.196414526462554,2019-12-27,LSTM,14,2019
2019-12-14,2019,12,13.514,13.158,13.176973523139953,2019-12-28,LSTM,14,2019
2019-12-15,2019,12,13.49,13.146,13.154766013622284,2019-12-29,LSTM,14,2019
2019-12-16,2019,12,13.446,13.126,13.108326723337173,2019-12-30,LSTM,14,2019
2019-12-17,2019,12,13.412,13.104,13.074953078746796,2019-12-31,LSTM,14,2019
2019-12-18,2019,12,13.386,13.086,13.063536636590957,2020-01-01,LSTM,14,2019
2019-12-19,2019,12,13.352,13.054,13.021899702072144,2020-01-02,LSTM,14,2019
2019-12-20,2019,12,13.33,13.04,13.009494619369507,2020-01-03,LSTM,14,2019
2019-12-21,2019,12,13.296,13.024,12.976211544036865,2020-01-04,LSTM,14,2019
2019-12-22,2019,12,13.274,13.002,12.964517157316207,2020-01-05,LSTM,14,2019
2019-12-23,2019,12,13.256,12.966,12.9569998857975,2020-01-06,LSTM,14,2019
2019-12-24,2019,12,13.24,12.944,12.945670326948166,2020-01-07,LSTM,14,2019
2019-12-25,2019,12,13.226,12.94,12.940290082454682,2020-01-08,LSTM,14,2019
2019-12-26,2019,12,13.22,12.94,12.944712312221528,2020-01-09,LSTM,14,2019
2019-12-27,2019,12,13.208,12.93,12.939373965740204,2020-01-10,LSTM,14,2019
2019-12-28,2019,12,13.158,12.93,12.850725658416748,2020-01-11,LSTM,14,2019
2019-12-29,2019,12,13.146,12.914,12.850636335372926,2020-01-12,LSTM,14,2019
2019-12-30,2019,12,13.126,12.9,12.845698876142501,2020-01-13,LSTM,14,2019
2019-12-31,2019,12,13.104,12.9,12.814682302713393,2020-01-14,LSTM,14,2019
