Date,Year,Month,WL,y_true,y_pred,Target_Date,Model,Horizon,Fold_Year
2008-01-08,2008,1,13.76,13.74,13.76788918670558,2008-01-09,SVR,1,2008
2008-01-09,2008,1,13.74,13.73,13.746723516784156,2008-01-10,SVR,1,2008
2008-01-10,2008,1,13.73,13.72,13.745744551340046,2008-01-11,SVR,1,2008
2008-01-11,2008,1,13.72,13.71,13.736079239974943,2008-01-12,SVR,1,2008
2008-01-12,2008,1,13.71,13.699,13.724999255322539,2008-01-13,SVR,1,2008
2008-01-13,2008,1,13.699,13.67,13.714012641013461,2008-01-14,SVR,1,2008
2008-01-14,2008,1,13.67,13.65,13.672995751672369,2008-01-15,SVR,1,2008
2008-01-15,2008,1,13.65,13.63,13.659860105992156,2008-01-16,SVR,1,2008
2008-01-16,2008,1,13.63,13.62,13.642362872888489,2008-01-17,SVR,1,2008
2008-01-17,2008,1,13.62,13.61,13.637238522379572,2008-01-18,SVR,1,2008
2008-01-18,2008,1,13.61,13.6,13.62719927229116,2008-01-19,SVR,1,2008
2008-01-19,2008,1,13.6,13.59,13.616198216159347,2008-01-20,SVR,1,2008
2008-01-20,2008,1,13.59,13.58,13.607358564719735,2008-01-21,SVR,1,2008
2008-01-21,2008,1,13.58,13.57,13.598330274489156,2008-01-22,SVR,1,2008
2008-01-22,2008,1,13.57,13.56,13.58894409097461,2008-01-23,SVR,1,2008
2008-01-23,2008,1,13.56,13.56,13.57928293921994,2008-01-24,SVR,1,2008
2008-01-24,2008,1,13.56,13.55,13.586874878293036,2008-01-25,SVR,1,2008
2008-01-25,2008,1,13.55,13.55,13.56957900231919,2008-01-26,SVR,1,2008
2008-01-26,2008,1,13.55,13.55,13.57622901361662,2008-01-27,SVR,1,2008
2008-01-27,2008,1,13.55,13.58,13.578551741827614,2008-01-28,SVR,1,2008
2008-01-28,2008,1,13.58,13.62,13.622938073106068,2008-01-29,SVR,1,2008
2008-01-29,2008,1,13.62,13.66,13.660716794090941,2008-01-30,SVR,1,2008
2008-01-30,2008,1,13.66,13.67,13.693535004712729,2008-01-31,SVR,1,2008
2008-01-31,2008,1,13.67,13.66,13.683820046974498,2008-02-01,SVR,1,2008
2008-02-01,2008,2,13.66,13.63,13.672301284154731,2008-02-02,SVR,1,2008
2008-02-02,2008,2,13.63,13.61,13.6349023316749,2008-02-03,SVR,1,2008
2008-02-03,2008,2,13.61,13.61,13.626790899418866,2008-02-04,SVR,1,2008
2008-02-04,2008,2,13.61,13.61,13.644114478311074,2008-02-05,SVR,1,2008
2008-02-05,2008,2,13.61,13.62,13.641043349275071,2008-02-06,SVR,1,2008
2008-02-06,2008,2,13.62,13.63,13.652546396185175,2008-02-07,SVR,1,2008
2008-02-07,2008,2,13.63,13.62,13.660881781105662,2008-02-08,SVR,1,2008
2008-02-08,2008,2,13.62,13.59,13.638981877470584,2008-02-09,SVR,1,2008
2008-02-09,2008,2,13.59,13.57,13.596855254142492,2008-02-10,SVR,1,2008
2008-02-10,2008,2,13.57,13.55,13.588264778010219,2008-02-11,SVR,1,2008
2008-02-11,2008,2,13.55,13.52,13.570745532321343,2008-02-12,SVR,1,2008
2008-02-12,2008,2,13.52,13.5,13.530627252423587,2008-02-13,SVR,1,2008
2008-02-13,2008,2,13.5,13.47,13.517524859850274,2008-02-14,SVR,1,2008
2008-02-14,2008,2,13.47,13.46,13.482243403609374,2008-02-15,SVR,1,2008
2008-02-15,2008,2,13.46,13.45,13.485028216023851,2008-02-16,SVR,1,2008
2008-02-16,2008,2,13.45,13.44,13.477094990149116,2008-02-17,SVR,1,2008
2008-02-17,2008,2,13.44,13.47,13.464440280351088,2008-02-18,SVR,1,2008
2008-02-18,2008,2,13.47,13.51,13.52154830217021,2008-02-19,SVR,1,2008
2008-02-19,2008,2,13.51,13.53,13.558340422625342,2008-02-20,SVR,1,2008
2008-02-20,2008,2,13.53,13.54,13.556849004753293,2008-02-21,SVR,1,2008
2008-02-21,2008,2,13.54,13.53,13.567482125681684,2008-02-22,SVR,1,2008
2008-02-22,2008,2,13.53,13.51,13.552328597171055,2008-02-23,SVR,1,2008
2008-02-23,2008,2,13.51,13.48,13.528579146678927,2008-02-24,SVR,1,2008
2008-02-24,2008,2,13.48,13.45,13.495002689040856,2008-02-25,SVR,1,2008
2008-02-25,2008,2,13.45,13.44,13.466607644940554,2008-02-26,SVR,1,2008
2008-02-26,2008,2,13.44,13.43,13.47249785501809,2008-02-27,SVR,1,2008
2008-02-27,2008,2,13.43,13.43,13.461950327454929,2008-02-28,SVR,1,2008
2008-02-28,2008,2,13.43,13.43,13.466729257154206,2008-02-29,SVR,1,2008
2008-02-29,2008,2,13.43,13.42,13.46806794723526,2008-03-01,SVR,1,2008
2008-03-01,2008,3,13.42,13.41,13.449551491760301,2008-03-02,SVR,1,2008
2008-03-02,2008,3,13.41,13.4,13.441104077715474,2008-03-03,SVR,1,2008
2008-03-03,2008,3,13.4,13.41,13.43325657272533,2008-03-04,SVR,1,2008
2008-03-04,2008,3,13.41,13.4,13.458380018439781,2008-03-05,SVR,1,2008
2008-03-05,2008,3,13.4,13.43,13.431558636398904,2008-03-06,SVR,1,2008
2008-03-06,2008,3,13.43,13.46,13.488223823858695,2008-03-07,SVR,1,2008
2008-03-07,2008,3,13.46,13.45,13.510844612264625,2008-03-08,SVR,1,2008
2008-03-08,2008,3,13.45,13.44,13.468859596172047,2008-03-09,SVR,1,2008
2008-03-09,2008,3,13.44,13.42,13.46908037388067,2008-03-10,SVR,1,2008
2008-03-10,2008,3,13.42,13.4,13.448671336381047,2008-03-11,SVR,1,2008
2008-03-11,2008,3,13.4,13.39,13.428846166466041,2008-03-12,SVR,1,2008
2008-03-12,2008,3,13.39,13.39,13.428105614200804,2008-03-13,SVR,1,2008
2008-03-13,2008,3,13.39,13.39,13.43612422855291,2008-03-14,SVR,1,2008
2008-03-14,2008,3,13.39,13.39,13.435243095520287,2008-03-15,SVR,1,2008
2008-03-15,2008,3,13.39,13.39,13.43452822027474,2008-03-16,SVR,1,2008
2008-03-16,2008,3,13.39,13.4,13.435775863852351,2008-03-17,SVR,1,2008
2008-03-17,2008,3,13.4,13.42,13.45198014071304,2008-03-18,SVR,1,2008
2008-03-18,2008,3,13.42,13.44,13.47515562348403,2008-03-19,SVR,1,2008
2008-03-19,2008,3,13.44,13.46,13.490516739487983,2008-03-20,SVR,1,2008
2008-03-20,2008,3,13.46,13.54,13.509408888700133,2008-03-21,SVR,1,2008
2008-03-21,2008,3,13.54,13.66,13.636503718244155,2008-03-22,SVR,1,2008
2008-03-22,2008,3,13.66,13.81,13.778058236672425,2008-03-23,SVR,1,2008
2008-03-23,2008,3,13.81,13.91,13.94225256244776,2008-03-24,SVR,1,2008
2008-03-24,2008,3,13.91,13.93,13.974861411434494,2008-03-25,SVR,1,2008
2008-03-25,2008,3,13.93,13.93,13.930412559411094,2008-03-26,SVR,1,2008
2008-03-26,2008,3,13.93,13.92,13.952612953687705,2008-03-27,SVR,1,2008
2008-03-27,2008,3,13.92,13.94,13.951204835357824,2008-03-28,SVR,1,2008
2008-03-28,2008,3,13.94,13.98,14.000825126461553,2008-03-29,SVR,1,2008
2008-03-29,2008,3,13.98,14.05,14.049156979746359,2008-03-30,SVR,1,2008
2008-03-30,2008,3,14.05,14.07,14.131104959011315,2008-03-31,SVR,1,2008
2008-03-31,2008,3,14.07,14.09,14.096309238726645,2008-04-01,SVR,1,2008
2008-04-01,2008,4,14.09,14.15,14.13359826484384,2008-04-02,SVR,1,2008
2008-04-02,2008,4,14.15,14.2,14.234485361445838,2008-04-03,SVR,1,2008
2008-04-03,2008,4,14.2,14.31,14.2588882071488,2008-04-04,SVR,1,2008
2008-04-04,2008,4,14.31,14.53,14.422620373229172,2008-04-05,SVR,1,2008
2008-04-05,2008,4,14.53,14.66,14.740037044125092,2008-04-06,SVR,1,2008
2008-04-06,2008,4,14.66,14.67,14.709203571596317,2008-04-07,SVR,1,2008
2008-04-07,2008,4,14.67,14.66,14.627597458522798,2008-04-08,SVR,1,2008
2008-04-08,2008,4,14.66,14.6,14.671028988803542,2008-04-09,SVR,1,2008
2008-04-09,2008,4,14.6,14.51,14.587418754713067,2008-04-10,SVR,1,2008
2008-04-10,2008,4,14.51,14.46,14.484981183513744,2008-04-11,SVR,1,2008
2008-04-11,2008,4,14.46,14.41,14.481384062021084,2008-04-12,SVR,1,2008
2008-04-12,2008,4,14.41,14.38,14.440266749437546,2008-04-13,SVR,1,2008
2008-04-13,2008,4,14.38,14.34,14.417385983036,2008-04-14,SVR,1,2008
2008-04-14,2008,4,14.34,14.27,14.373322761545202,2008-04-15,SVR,1,2008
2008-04-15,2008,4,14.27,14.23,14.28515512917596,2008-04-16,SVR,1,2008
2008-04-16,2008,4,14.23,14.23,14.268495598612379,2008-04-17,SVR,1,2008
2008-04-17,2008,4,14.23,14.22,14.303010095563582,2008-04-18,SVR,1,2008
2008-04-18,2008,4,14.22,14.28,14.27968318153413,2008-04-19,SVR,1,2008
2008-04-19,2008,4,14.28,14.33,14.381317074998096,2008-04-20,SVR,1,2008
2008-04-20,2008,4,14.33,14.41,14.404011976633432,2008-04-21,SVR,1,2008
2008-04-21,2008,4,14.41,14.47,14.502234705373162,2008-04-22,SVR,1,2008
2008-04-22,2008,4,14.47,14.52,14.533632930607528,2008-04-23,SVR,1,2008
2008-04-23,2008,4,14.52,14.61,14.577474455646556,2008-04-24,SVR,1,2008
2008-04-24,2008,4,14.61,14.87,14.713640313574354,2008-04-25,SVR,1,2008
2008-04-25,2008,4,14.87,15.05,15.147387063977146,2008-04-26,SVR,1,2008
2008-04-26,2008,4,15.05,15.06,15.138428326689262,2008-04-27,SVR,1,2008
2008-04-27,2008,4,15.06,15.02,14.993679281226427,2008-04-28,SVR,1,2008
2008-04-28,2008,4,15.02,14.99,14.991078315486543,2008-04-29,SVR,1,2008
2008-04-29,2008,4,14.99,15.01,15.006140556689706,2008-04-30,SVR,1,2008
2008-04-30,2008,4,15.01,15.01,15.082791233536692,2008-05-01,SVR,1,2008
2008-05-01,2008,5,15.01,15.04,15.062537560086867,2008-05-02,SVR,1,2008
2008-05-02,2008,5,15.04,15.31,15.120940475055109,2008-05-03,SVR,1,2008
2008-05-03,2008,5,15.31,15.79,15.610422321818138,2008-05-04,SVR,1,2008
2008-05-04,2008,5,15.79,15.93,16.114340513083004,2008-05-05,SVR,1,2008
2008-05-05,2008,5,15.93,15.93,15.871391496440827,2008-05-06,SVR,1,2008
2008-05-06,2008,5,15.93,15.92,15.888989281725733,2008-05-07,SVR,1,2008
2008-05-07,2008,5,15.92,15.69,15.95968931516582,2008-05-08,SVR,1,2008
2008-05-08,2008,5,15.69,15.61,15.559417215982698,2008-05-09,SVR,1,2008
2008-05-09,2008,5,15.61,15.53,15.552325743989384,2008-05-10,SVR,1,2008
2008-05-10,2008,5,15.53,15.51,15.55367091300425,2008-05-11,SVR,1,2008
2008-05-11,2008,5,15.51,15.47,15.532167509458153,2008-05-12,SVR,1,2008
2008-05-12,2008,5,15.47,15.4,15.48142228987504,2008-05-13,SVR,1,2008
2008-05-13,2008,5,15.4,15.36,15.385830314572265,2008-05-14,SVR,1,2008
2008-05-14,2008,5,15.36,15.35,15.38390434082745,2008-05-15,SVR,1,2008
2008-05-15,2008,5,15.35,15.33,15.410391534129085,2008-05-16,SVR,1,2008
2008-05-16,2008,5,15.33,15.31,15.378750817147084,2008-05-17,SVR,1,2008
2008-05-17,2008,5,15.31,15.3,15.355952767526308,2008-05-18,SVR,1,2008
2008-05-18,2008,5,15.3,15.23,15.362756694447908,2008-05-19,SVR,1,2008
2008-05-19,2008,5,15.23,15.23,15.246119463756886,2008-05-20,SVR,1,2008
2008-05-20,2008,5,15.23,15.26,15.302703407697946,2008-05-21,SVR,1,2008
2008-05-21,2008,5,15.26,15.31,15.364833704524228,2008-05-22,SVR,1,2008
2008-05-22,2008,5,15.31,15.36,15.408752943354518,2008-05-23,SVR,1,2008
2008-05-23,2008,5,15.36,15.49,15.448771967694668,2008-05-24,SVR,1,2008
2008-05-24,2008,5,15.49,15.6,15.655292959093588,2008-05-25,SVR,1,2008
2008-05-25,2008,5,15.6,15.81,15.713139138058759,2008-05-26,SVR,1,2008
2008-05-26,2008,5,15.81,15.88,16.047092076192065,2008-05-27,SVR,1,2008
2008-05-27,2008,5,15.88,15.88,15.903271743037179,2008-05-28,SVR,1,2008
2008-05-28,2008,5,15.88,15.85,15.879292818069683,2008-05-29,SVR,1,2008
2008-05-29,2008,5,15.85,15.71,15.862474973710516,2008-05-30,SVR,1,2008
2008-05-30,2008,5,15.71,15.77,15.658384645033681,2008-05-31,SVR,1,2008
2008-05-31,2008,5,15.77,15.86,15.895501549796029,2008-06-01,SVR,1,2008
2008-06-01,2008,6,15.86,16.05,16.001373712699408,2008-06-02,SVR,1,2008
2008-06-02,2008,6,16.05,16.23,16.263718516706867,2008-06-03,SVR,1,2008
2008-06-03,2008,6,16.23,16.41,16.401637826526105,2008-06-04,SVR,1,2008
2008-06-04,2008,6,16.41,16.61,16.59903597350071,2008-06-05,SVR,1,2008
2008-06-05,2008,6,16.61,16.72,16.820258848124674,2008-06-06,SVR,1,2008
2008-06-06,2008,6,16.72,16.73,16.792430455350324,2008-06-07,SVR,1,2008
2008-06-07,2008,6,16.73,16.72,16.728616669920477,2008-06-08,SVR,1,2008
2008-06-08,2008,6,16.72,16.58,16.743843929403504,2008-06-09,SVR,1,2008
2008-06-09,2008,6,16.58,16.53,16.518651017492775,2008-06-10,SVR,1,2008
2008-06-10,2008,6,16.53,16.46,16.54583259269665,2008-06-11,SVR,1,2008
2008-06-11,2008,6,16.46,16.6,16.47386121459459,2008-06-12,SVR,1,2008
2008-06-12,2008,6,16.6,16.7,16.782001911156957,2008-06-13,SVR,1,2008
2008-06-13,2008,6,16.7,16.86,16.795723970302756,2008-06-14,SVR,1,2008
2008-06-14,2008,6,16.86,17.16,17.03756941609151,2008-06-15,SVR,1,2008
2008-06-15,2008,6,17.16,17.51,17.488129251915627,2008-06-16,SVR,1,2008
2008-06-16,2008,6,17.51,17.74,17.823598032237168,2008-06-17,SVR,1,2008
2008-06-17,2008,6,17.74,17.93,17.911089948925955,2008-06-18,SVR,1,2008
2008-06-18,2008,6,17.93,18.03,18.061964386413983,2008-06-19,SVR,1,2008
2008-06-19,2008,6,18.03,18.14,18.05974332593814,2008-06-20,SVR,1,2008
2008-06-20,2008,6,18.14,18.17,18.208809214941166,2008-06-21,SVR,1,2008
2008-06-21,2008,6,18.17,18.22,18.162571637875647,2008-06-22,SVR,1,2008
2008-06-22,2008,6,18.22,18.06,18.267471297216574,2008-06-23,SVR,1,2008
2008-06-23,2008,6,18.06,18.05,17.956206519673568,2008-06-24,SVR,1,2008
2008-06-24,2008,6,18.05,18.09,18.074699651246824,2008-06-25,SVR,1,2008
2008-06-25,2008,6,18.09,18.12,18.15533360581784,2008-06-26,SVR,1,2008
2008-06-26,2008,6,18.12,18.15,18.147972032061045,2008-06-27,SVR,1,2008
2008-06-27,2008,6,18.15,18.2,18.174903283741077,2008-06-28,SVR,1,2008
2008-06-28,2008,6,18.2,18.24,18.24981653043365,2008-06-29,SVR,1,2008
2008-06-29,2008,6,18.24,18.25,18.280660769614816,2008-06-30,SVR,1,2008
2008-06-30,2008,6,18.25,18.3,18.260526406951566,2008-07-01,SVR,1,2008
2008-07-01,2008,7,18.3,18.39,18.351980374244707,2008-07-02,SVR,1,2008
2008-07-02,2008,7,18.39,18.32,18.48365663864378,2008-07-03,SVR,1,2008
2008-07-03,2008,7,18.32,18.34,18.26270361975278,2008-07-04,SVR,1,2008
2008-07-04,2008,7,18.34,18.37,18.367936691072288,2008-07-05,SVR,1,2008
2008-07-05,2008,7,18.37,18.34,18.410079553750762,2008-07-06,SVR,1,2008
2008-07-06,2008,7,18.34,18.45,18.3160909302368,2008-07-07,SVR,1,2008
2008-07-07,2008,7,18.45,18.59,18.558087975004273,2008-07-08,SVR,1,2008
2008-07-08,2008,7,18.59,18.72,18.724922109621815,2008-07-09,SVR,1,2008
2008-07-09,2008,7,18.72,18.82,18.846933143687178,2008-07-10,SVR,1,2008
2008-07-10,2008,7,18.82,18.82,18.920202909921862,2008-07-11,SVR,1,2008
2008-07-11,2008,7,18.82,18.59,18.82356778716563,2008-07-12,SVR,1,2008
2008-07-12,2008,7,18.59,18.45,18.436565495697717,2008-07-13,SVR,1,2008
2008-07-13,2008,7,18.45,18.37,18.373288875329827,2008-07-14,SVR,1,2008
2008-07-14,2008,7,18.37,18.42,18.376203151579947,2008-07-15,SVR,1,2008
2008-07-15,2008,7,18.42,18.49,18.498765195693473,2008-07-16,SVR,1,2008
2008-07-16,2008,7,18.49,18.64,18.570620500692254,2008-07-17,SVR,1,2008
2008-07-17,2008,7,18.64,18.75,18.789423973916293,2008-07-18,SVR,1,2008
2008-07-18,2008,7,18.75,18.79,18.86991250504692,2008-07-19,SVR,1,2008
2008-07-19,2008,7,18.79,18.87,18.84556048844123,2008-07-20,SVR,1,2008
2008-07-20,2008,7,18.87,18.89,18.965810137276556,2008-07-21,SVR,1,2008
2008-07-21,2008,7,18.89,19.06,18.917981929260694,2008-07-22,SVR,1,2008
2008-07-22,2008,7,19.06,19.24,19.22262823771328,2008-07-23,SVR,1,2008
2008-07-23,2008,7,19.24,19.34,19.374615610246156,2008-07-24,SVR,1,2008
2008-07-24,2008,7,19.34,19.29,19.425029026233478,2008-07-25,SVR,1,2008
2008-07-25,2008,7,19.29,19.17,19.235471929647474,2008-07-26,SVR,1,2008
2008-07-26,2008,7,19.17,19.24,19.06931338242927,2008-07-27,SVR,1,2008
2008-07-27,2008,7,19.24,19.26,19.313896515852136,2008-07-28,SVR,1,2008
2008-07-28,2008,7,19.26,19.22,19.280340681331587,2008-07-29,SVR,1,2008
2008-07-29,2008,7,19.22,19.17,19.187679503401267,2008-07-30,SVR,1,2008
2008-07-30,2008,7,19.17,19.03,19.146842881068586,2008-07-31,SVR,1,2008
2008-07-31,2008,7,19.03,18.94,18.93945749614747,2008-08-01,SVR,1,2008
2008-08-01,2008,8,18.94,18.89,18.88617640885619,2008-08-02,SVR,1,2008
2008-08-02,2008,8,18.89,18.8,18.879416061239187,2008-08-03,SVR,1,2008
2008-08-03,2008,8,18.8,18.84,18.750610110232504,2008-08-04,SVR,1,2008
2008-08-04,2008,8,18.84,18.77,18.88714999552498,2008-08-05,SVR,1,2008
2008-08-05,2008,8,18.77,18.74,18.73075881903063,2008-08-06,SVR,1,2008
2008-08-06,2008,8,18.74,18.73,18.73311679678358,2008-08-07,SVR,1,2008
2008-08-07,2008,8,18.73,18.67,18.740589537575293,2008-08-08,SVR,1,2008
2008-08-08,2008,8,18.67,18.65,18.64067500544279,2008-08-09,SVR,1,2008
2008-08-09,2008,8,18.65,18.62,18.655177294417427,2008-08-10,SVR,1,2008
2008-08-10,2008,8,18.62,18.59,18.61734740731535,2008-08-11,SVR,1,2008
2008-08-11,2008,8,18.59,18.59,18.584544232072783,2008-08-12,SVR,1,2008
2008-08-12,2008,8,18.59,18.7,18.608371766124087,2008-08-13,SVR,1,2008
2008-08-13,2008,8,18.7,18.74,18.819861406898664,2008-08-14,SVR,1,2008
2008-08-14,2008,8,18.74,18.74,18.8002567418413,2008-08-15,SVR,1,2008
2008-08-15,2008,8,18.74,18.67,18.751151721708457,2008-08-16,SVR,1,2008
2008-08-16,2008,8,18.67,18.78,18.628813278111938,2008-08-17,SVR,1,2008
2008-08-17,2008,8,18.78,18.93,18.902168496530894,2008-08-18,SVR,1,2008
2008-08-18,2008,8,18.93,19.07,19.076145694050453,2008-08-19,SVR,1,2008
2008-08-19,2008,8,19.07,19.16,19.207598881302335,2008-08-20,SVR,1,2008
2008-08-20,2008,8,19.16,19.29,19.261095832850216,2008-08-21,SVR,1,2008
2008-08-21,2008,8,19.29,19.39,19.42509966664835,2008-08-22,SVR,1,2008
2008-08-22,2008,8,19.39,19.39,19.482713984204757,2008-08-23,SVR,1,2008
2008-08-23,2008,8,19.39,19.27,19.377862168231523,2008-08-24,SVR,1,2008
2008-08-24,2008,8,19.27,19.19,19.14688465834554,2008-08-25,SVR,1,2008
2008-08-25,2008,8,19.19,19.1,19.12342786470371,2008-08-26,SVR,1,2008
2008-08-26,2008,8,19.1,19.09,19.03658791415702,2008-08-27,SVR,1,2008
2008-08-27,2008,8,19.09,19.24,19.097021856695896,2008-08-28,SVR,1,2008
2008-08-28,2008,8,19.24,19.27,19.375616957480876,2008-08-29,SVR,1,2008
2008-08-29,2008,8,19.27,19.45,19.318452325771343,2008-08-30,SVR,1,2008
2008-08-30,2008,8,19.45,19.63,19.622357126197205,2008-08-31,SVR,1,2008
2008-08-31,2008,8,19.63,19.63,19.77282432546719,2008-09-01,SVR,1,2008
2008-09-01,2008,9,19.63,19.61,19.62071160946056,2008-09-02,SVR,1,2008
2008-09-02,2008,9,19.61,19.51,19.572260356803337,2008-09-03,SVR,1,2008
2008-09-03,2008,9,19.51,19.56,19.39945851105562,2008-09-04,SVR,1,2008
2008-09-04,2008,9,19.56,19.68,19.597531042287176,2008-09-05,SVR,1,2008
2008-09-05,2008,9,19.68,19.73,19.78110770043924,2008-09-06,SVR,1,2008
2008-09-06,2008,9,19.73,19.75,19.786154613521383,2008-09-07,SVR,1,2008
2008-09-07,2008,9,19.75,19.64,19.77012663389809,2008-09-08,SVR,1,2008
2008-09-08,2008,9,19.64,19.48,19.532243972440014,2008-09-09,SVR,1,2008
2008-09-09,2008,9,19.48,19.33,19.306060453976983,2008-09-10,SVR,1,2008
2008-09-10,2008,9,19.33,19.17,19.16114420754789,2008-09-11,SVR,1,2008
2008-09-11,2008,9,19.17,19.01,18.997963089749224,2008-09-12,SVR,1,2008
2008-09-12,2008,9,19.01,18.82,18.839739498033115,2008-09-13,SVR,1,2008
2008-09-13,2008,9,18.82,18.6,18.628893180145475,2008-09-14,SVR,1,2008
2008-09-14,2008,9,18.6,18.4,18.383131094694075,2008-09-15,SVR,1,2008
2008-09-15,2008,9,18.4,18.3,18.20090222831364,2008-09-16,SVR,1,2008
2008-09-16,2008,9,18.3,18.21,18.195072161938118,2008-09-17,SVR,1,2008
2008-09-17,2008,9,18.21,18.04,18.132292623267865,2008-09-18,SVR,1,2008
2008-09-18,2008,9,18.04,17.87,17.89112617064097,2008-09-19,SVR,1,2008
2008-09-19,2008,9,17.87,17.74,17.70454475401329,2008-09-20,SVR,1,2008
2008-09-20,2008,9,17.74,17.53,17.615480021981924,2008-09-21,SVR,1,2008
2008-09-21,2008,9,17.53,17.45,17.353800625288084,2008-09-22,SVR,1,2008
2008-09-22,2008,9,17.45,17.41,17.37850206774226,2008-09-23,SVR,1,2008
2008-09-23,2008,9,17.41,17.35,17.415429619799397,2008-09-24,SVR,1,2008
2008-09-24,2008,9,17.35,17.31,17.32110385807709,2008-09-25,SVR,1,2008
2008-09-25,2008,9,17.31,17.21,17.2948182291371,2008-09-26,SVR,1,2008
2008-09-26,2008,9,17.21,17.18,17.137185851203917,2008-09-27,SVR,1,2008
2008-09-27,2008,9,17.18,17.12,17.166592503110603,2008-09-28,SVR,1,2008
2008-09-28,2008,9,17.12,17.09,17.093474992249483,2008-09-29,SVR,1,2008
2008-09-29,2008,9,17.09,17.08,17.08318979846701,2008-09-30,SVR,1,2008
2008-09-30,2008,9,17.08,17.04,17.096583895301105,2008-10-01,SVR,1,2008
2008-10-01,2008,10,17.04,17.0,17.018974258954728,2008-10-02,SVR,1,2008
2008-10-02,2008,10,17.0,16.99,16.973927753607985,2008-10-03,SVR,1,2008
2008-10-03,2008,10,16.99,16.88,17.000611543918282,2008-10-04,SVR,1,2008
2008-10-04,2008,10,16.88,16.87,16.78935999180376,2008-10-05,SVR,1,2008
2008-10-05,2008,10,16.87,16.95,16.872946955318188,2008-10-06,SVR,1,2008
2008-10-06,2008,10,16.95,16.95,17.04537006424284,2008-10-07,SVR,1,2008
2008-10-07,2008,10,16.95,16.9,16.929908373008256,2008-10-08,SVR,1,2008
2008-10-08,2008,10,16.9,16.9,16.839137149461,2008-10-09,SVR,1,2008
2008-10-09,2008,10,16.9,16.89,16.909332573587438,2008-10-10,SVR,1,2008
2008-10-10,2008,10,16.89,16.78,16.89234137373756,2008-10-11,SVR,1,2008
2008-10-11,2008,10,16.78,16.71,16.675836289625956,2008-10-12,SVR,1,2008
2008-10-12,2008,10,16.71,16.65,16.645447636654133,2008-10-13,SVR,1,2008
2008-10-13,2008,10,16.65,16.56,16.615078368399708,2008-10-14,SVR,1,2008
2008-10-14,2008,10,16.56,16.47,16.485731115541082,2008-10-15,SVR,1,2008
2008-10-15,2008,10,16.47,16.45,16.393649804360837,2008-10-16,SVR,1,2008
2008-10-16,2008,10,16.45,16.37,16.446270334820955,2008-10-17,SVR,1,2008
2008-10-17,2008,10,16.37,16.26,16.307283207310128,2008-10-18,SVR,1,2008
2008-10-18,2008,10,16.26,16.13,16.157476533078587,2008-10-19,SVR,1,2008
2008-10-19,2008,10,16.13,15.99,16.021648843650624,2008-10-20,SVR,1,2008
2008-10-20,2008,10,15.99,15.89,15.878419165449738,2008-10-21,SVR,1,2008
2008-10-21,2008,10,15.89,15.8,15.810809905956216,2008-10-22,SVR,1,2008
2008-10-22,2008,10,15.8,15.71,15.738399304357515,2008-10-23,SVR,1,2008
2008-10-23,2008,10,15.71,15.63,15.641538011457095,2008-10-24,SVR,1,2008
2008-10-24,2008,10,15.63,15.55,15.567686477365212,2008-10-25,SVR,1,2008
2008-10-25,2008,10,15.55,15.47,15.490259973532673,2008-10-26,SVR,1,2008
2008-10-26,2008,10,15.47,15.43,15.41122452803943,2008-10-27,SVR,1,2008
2008-10-27,2008,10,15.43,15.41,15.403539048322243,2008-10-28,SVR,1,2008
2008-10-28,2008,10,15.41,15.54,15.40343922601315,2008-10-29,SVR,1,2008
2008-10-29,2008,10,15.54,15.72,15.625637901214144,2008-10-30,SVR,1,2008
2008-10-30,2008,10,15.72,15.8,15.784325284811077,2008-10-31,SVR,1,2008
2008-10-31,2008,10,15.8,15.9,15.768721727772643,2008-11-01,SVR,1,2008
2008-11-01,2008,11,15.9,16.11,15.932181016898427,2008-11-02,SVR,1,2008
2008-11-02,2008,11,16.11,16.26,16.233744367687503,2008-11-03,SVR,1,2008
2008-11-03,2008,11,16.26,16.17,16.29314179158267,2008-11-04,SVR,1,2008
2008-11-04,2008,11,16.17,15.95,16.034336112838066,2008-11-05,SVR,1,2008
2008-11-05,2008,11,15.95,15.8,15.77619548901469,2008-11-06,SVR,1,2008
2008-11-06,2008,11,15.8,15.64,15.687103923786257,2008-11-07,SVR,1,2008
2008-11-07,2008,11,15.64,15.45,15.545367282497784,2008-11-08,SVR,1,2008
2008-11-08,2008,11,15.45,15.31,15.325452141788102,2008-11-09,SVR,1,2008
2008-11-09,2008,11,15.31,15.24,15.20219561521092,2008-11-10,SVR,1,2008
2008-11-10,2008,11,15.24,15.17,15.168804693979263,2008-11-11,SVR,1,2008
2008-11-11,2008,11,15.17,15.09,15.099858623632691,2008-11-12,SVR,1,2008
2008-11-12,2008,11,15.09,15.04,15.01102076107631,2008-11-13,SVR,1,2008
2008-11-13,2008,11,15.04,14.99,14.984349127682497,2008-11-14,SVR,1,2008
2008-11-14,2008,11,14.99,14.94,14.945254108991653,2008-11-15,SVR,1,2008
2008-11-15,2008,11,14.94,14.9,14.89664560889136,2008-11-16,SVR,1,2008
2008-11-16,2008,11,14.9,14.85,14.867778699187232,2008-11-17,SVR,1,2008
2008-11-17,2008,11,14.85,14.8,14.814503735004847,2008-11-18,SVR,1,2008
2008-11-18,2008,11,14.8,14.78,14.765284589344372,2008-11-19,SVR,1,2008
2008-11-19,2008,11,14.78,14.76,14.768757953041952,2008-11-20,SVR,1,2008
2008-11-20,2008,11,14.76,14.72,14.750450534270232,2008-11-21,SVR,1,2008
2008-11-21,2008,11,14.72,14.699,14.692976789792842,2008-11-22,SVR,1,2008
2008-11-22,2008,11,14.699,14.67,14.687648427456343,2008-11-23,SVR,1,2008
2008-11-23,2008,11,14.67,14.63,14.658946294738016,2008-11-24,SVR,1,2008
2008-11-24,2008,11,14.63,14.59,14.608909727789259,2008-11-25,SVR,1,2008
2008-11-25,2008,11,14.59,14.57,14.570692266470664,2008-11-26,SVR,1,2008
2008-11-26,2008,11,14.57,14.54,14.565439393687646,2008-11-27,SVR,1,2008
2008-11-27,2008,11,14.54,14.52,14.528529085893398,2008-11-28,SVR,1,2008
2008-11-28,2008,11,14.52,14.5,14.512105505450316,2008-11-29,SVR,1,2008
2008-11-29,2008,11,14.5,14.47,14.495209016300386,2008-11-30,SVR,1,2008
2008-11-30,2008,11,14.47,14.45,14.458114611925094,2008-12-01,SVR,1,2008
2008-12-01,2008,12,14.45,14.42,14.446243167490627,2008-12-02,SVR,1,2008
2008-12-02,2008,12,14.42,14.39,14.41167893764953,2008-12-03,SVR,1,2008
2008-12-03,2008,12,14.39,14.35,14.380016055926095,2008-12-04,SVR,1,2008
2008-12-04,2008,12,14.35,14.33,14.335339875631432,2008-12-05,SVR,1,2008
2008-12-05,2008,12,14.33,14.31,14.327731468353313,2008-12-06,SVR,1,2008
2008-12-06,2008,12,14.31,14.27,14.309402420777685,2008-12-07,SVR,1,2008
2008-12-07,2008,12,14.27,14.26,14.253076027855563,2008-12-08,SVR,1,2008
2008-12-08,2008,12,14.26,14.24,14.26366446317762,2008-12-09,SVR,1,2008
2008-12-09,2008,12,14.24,14.21,14.241489542146113,2008-12-10,SVR,1,2008
2008-12-10,2008,12,14.21,14.2,14.200755923843166,2008-12-11,SVR,1,2008
2008-12-11,2008,12,14.2,14.18,14.206898389578587,2008-12-12,SVR,1,2008
2008-12-12,2008,12,14.18,14.17,14.182328839104084,2008-12-13,SVR,1,2008
2008-12-13,2008,12,14.17,14.15,14.176700094311348,2008-12-14,SVR,1,2008
2008-12-14,2008,12,14.15,14.13,14.15222797307711,2008-12-15,SVR,1,2008
2008-12-15,2008,12,14.13,14.1,14.131269350891483,2008-12-16,SVR,1,2008
2008-12-16,2008,12,14.1,14.08,14.096868258118462,2008-12-17,SVR,1,2008
2008-12-17,2008,12,14.08,14.06,14.08316228426447,2008-12-18,SVR,1,2008
2008-12-18,2008,12,14.06,14.04,14.064294791157321,2008-12-19,SVR,1,2008
2008-12-19,2008,12,14.04,14.02,14.042226951436529,2008-12-20,SVR,1,2008
2008-12-20,2008,12,14.02,14.0,14.022552544813712,2008-12-21,SVR,1,2008
2008-12-21,2008,12,14.0,13.98,14.003163971789894,2008-12-22,SVR,1,2008
2008-12-22,2008,12,13.98,13.97,13.983839806598128,2008-12-23,SVR,1,2008
2008-12-23,2008,12,13.97,13.95,13.981074616708142,2008-12-24,SVR,1,2008
2008-12-24,2008,12,13.95,13.93,13.954581624568808,2008-12-25,SVR,1,2008
2008-12-25,2008,12,13.93,13.91,13.933698660217434,2008-12-26,SVR,1,2008
2008-12-26,2008,12,13.91,13.89,13.915922971110534,2008-12-27,SVR,1,2008
2008-12-27,2008,12,13.89,13.87,13.896025713425727,2008-12-28,SVR,1,2008
2008-12-28,2008,12,13.87,13.85,13.876006421411056,2008-12-29,SVR,1,2008
2008-12-29,2008,12,13.85,13.84,13.85595579975565,2008-12-30,SVR,1,2008
2008-12-30,2008,12,13.84,13.83,13.8529317277106,2008-12-31,SVR,1,2008
2008-12-31,2008,12,13.83,13.81,13.843413139238354,2009-01-01,SVR,1,2008
2009-01-01,2009,1,13.81,13.79,13.786854528398866,2009-01-02,SVR,1,2009
2009-01-02,2009,1,13.79,13.77,13.766394057412219,2009-01-03,SVR,1,2009
2009-01-03,2009,1,13.77,13.75,13.747662183142252,2009-01-04,SVR,1,2009
2009-01-04,2009,1,13.75,13.74,13.727464994074156,2009-01-05,SVR,1,2009
2009-01-05,2009,1,13.74,13.73,13.725390236624763,2009-01-06,SVR,1,2009
2009-01-06,2009,1,13.73,13.71,13.716429726137699,2009-01-07,SVR,1,2009
2009-01-07,2009,1,13.71,13.69,13.68722206993837,2009-01-08,SVR,1,2009
2009-01-08,2009,1,13.69,13.67,13.666899957704763,2009-01-09,SVR,1,2009
2009-01-09,2009,1,13.67,13.66,13.648302862898031,2009-01-10,SVR,1,2009
2009-01-10,2009,1,13.66,13.65,13.646405918294562,2009-01-11,SVR,1,2009
2009-01-11,2009,1,13.65,13.64,13.637450522917854,2009-01-12,SVR,1,2009
2009-01-12,2009,1,13.64,13.62,13.626680231589475,2009-01-13,SVR,1,2009
2009-01-13,2009,1,13.62,13.6,13.598756363067832,2009-01-14,SVR,1,2009
2009-01-14,2009,1,13.6,13.587,13.578481133596629,2009-01-15,SVR,1,2009
2009-01-15,2009,1,13.587,13.56,13.572609343895438,2009-01-16,SVR,1,2009
2009-01-16,2009,1,13.56,13.55,13.534677327686655,2009-01-17,SVR,1,2009
2009-01-17,2009,1,13.55,13.54,13.536712398960319,2009-01-18,SVR,1,2009
2009-01-18,2009,1,13.54,13.53,13.53030966765197,2009-01-19,SVR,1,2009
2009-01-19,2009,1,13.53,13.51,13.51886929050678,2009-01-20,SVR,1,2009
2009-01-20,2009,1,13.51,13.49,13.490996098931795,2009-01-21,SVR,1,2009
2009-01-21,2009,1,13.49,13.47,13.470899379029028,2009-01-22,SVR,1,2009
2009-01-22,2009,1,13.47,13.46,13.452495308091803,2009-01-23,SVR,1,2009
2009-01-23,2009,1,13.46,13.45,13.450974804540142,2009-01-24,SVR,1,2009
2009-01-24,2009,1,13.45,13.44,13.442244710642147,2009-01-25,SVR,1,2009
2009-01-25,2009,1,13.44,13.43,13.431734210066749,2009-01-26,SVR,1,2009
2009-01-26,2009,1,13.43,13.43,13.422572116680861,2009-01-27,SVR,1,2009
2009-01-27,2009,1,13.43,13.42,13.432047691068878,2009-01-28,SVR,1,2009
2009-01-28,2009,1,13.42,13.41,13.414806369802381,2009-01-29,SVR,1,2009
2009-01-29,2009,1,13.41,13.4,13.403871274272403,2009-01-30,SVR,1,2009
2009-01-30,2009,1,13.4,13.39,13.395686961859324,2009-01-31,SVR,1,2009
2009-01-31,2009,1,13.39,13.37,13.38622390880823,2009-02-01,SVR,1,2009
2009-02-01,2009,2,13.37,13.37,13.357850723682558,2009-02-02,SVR,1,2009
2009-02-02,2009,2,13.37,13.36,13.374722532603698,2009-02-03,SVR,1,2009
2009-02-03,2009,2,13.36,13.36,13.359425303142228,2009-02-04,SVR,1,2009
2009-02-04,2009,2,13.36,13.36,13.366185832148403,2009-02-05,SVR,1,2009
2009-02-05,2009,2,13.36,13.36,13.369456788261116,2009-02-06,SVR,1,2009
2009-02-06,2009,2,13.36,13.36,13.369454541023957,2009-02-07,SVR,1,2009
2009-02-07,2009,2,13.36,13.36,13.370560004918763,2009-02-08,SVR,1,2009
2009-02-08,2009,2,13.36,13.35,13.371571049120146,2009-02-09,SVR,1,2009
2009-02-09,2009,2,13.35,13.35,13.352714082330785,2009-02-10,SVR,1,2009
2009-02-10,2009,2,13.35,13.34,13.361859398515065,2009-02-11,SVR,1,2009
2009-02-11,2009,2,13.34,13.33,13.34514479411179,2009-02-12,SVR,1,2009
2009-02-12,2009,2,13.33,13.31,13.333930073913734,2009-02-13,SVR,1,2009
2009-02-13,2009,2,13.31,13.29,13.306556560522633,2009-02-14,SVR,1,2009
2009-02-14,2009,2,13.29,13.27,13.286299655619596,2009-02-15,SVR,1,2009
2009-02-15,2009,2,13.27,13.25,13.267996214922622,2009-02-16,SVR,1,2009
2009-02-16,2009,2,13.25,13.23,13.248421032915882,2009-02-17,SVR,1,2009
2009-02-17,2009,2,13.23,13.22,13.22903105915792,2009-02-18,SVR,1,2009
2009-02-18,2009,2,13.22,13.21,13.22842455986112,2009-02-19,SVR,1,2009
2009-02-19,2009,2,13.21,13.2,13.220318466283045,2009-02-20,SVR,1,2009
2009-02-20,2009,2,13.2,13.19,13.210260100221445,2009-02-21,SVR,1,2009
2009-02-21,2009,2,13.19,13.17,13.201474773951329,2009-02-22,SVR,1,2009
2009-02-22,2009,2,13.17,13.15,13.173562893231523,2009-02-23,SVR,1,2009
2009-02-23,2009,2,13.15,13.14,13.153718417761187,2009-02-24,SVR,1,2009
2009-02-24,2009,2,13.14,13.13,13.154404150998,2009-02-25,SVR,1,2009
2009-02-25,2009,2,13.13,13.12,13.14608841480057,2009-02-26,SVR,1,2009
2009-02-26,2009,2,13.12,13.11,13.135828809031464,2009-02-27,SVR,1,2009
2009-02-27,2009,2,13.11,13.1,13.126950059972652,2009-02-28,SVR,1,2009
2009-02-28,2009,2,13.1,13.12,13.118130145621533,2009-03-01,SVR,1,2009
2009-03-01,2009,3,13.12,13.15,13.162358535498516,2009-03-02,SVR,1,2009
2009-03-02,2009,3,13.15,13.17,13.192990927243986,2009-03-03,SVR,1,2009
2009-03-03,2009,3,13.17,13.2,13.201422346013302,2009-03-04,SVR,1,2009
2009-03-04,2009,3,13.2,13.26,13.24219020257565,2009-03-05,SVR,1,2009
2009-03-05,2009,3,13.26,13.35,13.325167479200799,2009-03-06,SVR,1,2009
2009-03-06,2009,3,13.35,13.45,13.434486631647793,2009-03-07,SVR,1,2009
2009-03-07,2009,3,13.45,13.5,13.534914542208663,2009-03-08,SVR,1,2009
2009-03-08,2009,3,13.5,13.52,13.530799269788869,2009-03-09,SVR,1,2009
2009-03-09,2009,3,13.52,13.53,13.542451254632779,2009-03-10,SVR,1,2009
2009-03-10,2009,3,13.53,13.5,13.56118103558709,2009-03-11,SVR,1,2009
2009-03-11,2009,3,13.5,13.46,13.500749356460306,2009-03-12,SVR,1,2009
2009-03-12,2009,3,13.46,13.44,13.454063877139477,2009-03-13,SVR,1,2009
2009-03-13,2009,3,13.44,13.42,13.45989178712348,2009-03-14,SVR,1,2009
2009-03-14,2009,3,13.42,13.39,13.443164394100489,2009-03-15,SVR,1,2009
2009-03-15,2009,3,13.39,13.37,13.401356887554108,2009-03-16,SVR,1,2009
2009-03-16,2009,3,13.37,13.38,13.390470235398551,2009-03-17,SVR,1,2009
2009-03-17,2009,3,13.38,13.4,13.43040554029082,2009-03-18,SVR,1,2009
2009-03-18,2009,3,13.4,13.43,13.45308678731011,2009-03-19,SVR,1,2009
2009-03-19,2009,3,13.43,13.45,13.484650313472866,2009-03-20,SVR,1,2009
2009-03-20,2009,3,13.45,13.46,13.494921087808066,2009-03-21,SVR,1,2009
2009-03-21,2009,3,13.46,13.47,13.502035799283233,2009-03-22,SVR,1,2009
2009-03-22,2009,3,13.47,13.47,13.517937443223877,2009-03-23,SVR,1,2009
2009-03-23,2009,3,13.47,13.45,13.513259960333874,2009-03-24,SVR,1,2009
2009-03-24,2009,3,13.45,13.43,13.477147686818128,2009-03-25,SVR,1,2009
2009-03-25,2009,3,13.43,13.41,13.4589101541218,2009-03-26,SVR,1,2009
2009-03-26,2009,3,13.41,13.4,13.44225809269053,2009-03-27,SVR,1,2009
2009-03-27,2009,3,13.4,13.4,13.441765201274503,2009-03-28,SVR,1,2009
2009-03-28,2009,3,13.4,13.39,13.452728061026182,2009-03-29,SVR,1,2009
2009-03-29,2009,3,13.39,13.39,13.433495053782078,2009-03-30,SVR,1,2009
2009-03-30,2009,3,13.39,13.39,13.44277708782996,2009-03-31,SVR,1,2009
2009-03-31,2009,3,13.39,13.38,13.446849432202626,2009-04-01,SVR,1,2009
2009-04-01,2009,4,13.38,13.39,13.426449339004089,2009-04-02,SVR,1,2009
2009-04-02,2009,4,13.39,13.5,13.454545131306652,2009-04-03,SVR,1,2009
2009-04-03,2009,4,13.5,13.54,13.637748577772426,2009-04-04,SVR,1,2009
2009-04-04,2009,4,13.54,13.55,13.578358400095086,2009-04-05,SVR,1,2009
2009-04-05,2009,4,13.55,13.54,13.582952518233606,2009-04-06,SVR,1,2009
2009-04-06,2009,4,13.54,13.54,13.57882079109142,2009-04-07,SVR,1,2009
2009-04-07,2009,4,13.54,13.6,13.59520738159783,2009-04-08,SVR,1,2009
2009-04-08,2009,4,13.6,13.7,13.703152902485627,2009-04-09,SVR,1,2009
2009-04-09,2009,4,13.7,13.82,13.819204516750593,2009-04-10,SVR,1,2009
2009-04-10,2009,4,13.82,13.87,13.940533550316639,2009-04-11,SVR,1,2009
2009-04-11,2009,4,13.87,13.89,13.906079772316344,2009-04-12,SVR,1,2009
2009-04-12,2009,4,13.89,13.83,13.92597921179154,2009-04-13,SVR,1,2009
2009-04-13,2009,4,13.83,13.85,13.810166413353224,2009-04-14,SVR,1,2009
2009-04-14,2009,4,13.85,13.93,13.918912154617622,2009-04-15,SVR,1,2009
2009-04-15,2009,4,13.93,13.99,14.053957073802945,2009-04-16,SVR,1,2009
2009-04-16,2009,4,13.99,14.07,14.062648448550842,2009-04-17,SVR,1,2009
2009-04-17,2009,4,14.07,14.16,14.165337600609696,2009-04-18,SVR,1,2009
2009-04-18,2009,4,14.16,14.22,14.261275982475675,2009-04-19,SVR,1,2009
2009-04-19,2009,4,14.22,14.28,14.283876271439564,2009-04-20,SVR,1,2009
2009-04-20,2009,4,14.28,14.32,14.354274400189125,2009-04-21,SVR,1,2009
2009-04-21,2009,4,14.32,14.3,14.377507547295478,2009-04-22,SVR,1,2009
2009-04-22,2009,4,14.3,14.21,14.313256615516979,2009-04-23,SVR,1,2009
2009-04-23,2009,4,14.21,14.28,14.179000525389428,2009-04-24,SVR,1,2009
2009-04-24,2009,4,14.28,14.43,14.411981580900688,2009-04-25,SVR,1,2009
2009-04-25,2009,4,14.43,14.63,14.605919689809493,2009-04-26,SVR,1,2009
2009-04-26,2009,4,14.63,14.71,14.812498094373181,2009-04-27,SVR,1,2009
2009-04-27,2009,4,14.71,14.71,14.731117163657538,2009-04-28,SVR,1,2009
2009-04-28,2009,4,14.71,14.62,14.703014418939159,2009-04-29,SVR,1,2009
2009-04-29,2009,4,14.62,14.73,14.567826623228008,2009-04-30,SVR,1,2009
2009-04-30,2009,4,14.73,14.82,14.899529806596066,2009-05-01,SVR,1,2009
2009-05-01,2009,5,14.82,14.91,14.920016255767782,2009-05-02,SVR,1,2009
2009-05-02,2009,5,14.91,14.86,15.00090046449505,2009-05-03,SVR,1,2009
2009-05-03,2009,5,14.86,14.85,14.82914698988972,2009-05-04,SVR,1,2009
2009-05-04,2009,5,14.85,14.82,14.891435337925218,2009-05-05,SVR,1,2009
2009-05-05,2009,5,14.82,14.77,14.868868035752964,2009-05-06,SVR,1,2009
2009-05-06,2009,5,14.77,14.76,14.7960557951352,2009-05-07,SVR,1,2009
2009-05-07,2009,5,14.76,14.74,14.826968649879515,2009-05-08,SVR,1,2009
2009-05-08,2009,5,14.74,14.73,14.801029099265616,2009-05-09,SVR,1,2009
2009-05-09,2009,5,14.73,14.71,14.79591969507634,2009-05-10,SVR,1,2009
2009-05-10,2009,5,14.71,14.79,14.769969833713784,2009-05-11,SVR,1,2009
2009-05-11,2009,5,14.79,14.87,14.934013104007514,2009-05-12,SVR,1,2009
2009-05-12,2009,5,14.87,14.92,14.982566904339254,2009-05-13,SVR,1,2009
2009-05-13,2009,5,14.92,14.95,14.994276342962808,2009-05-14,SVR,1,2009
2009-05-14,2009,5,14.95,15.03,15.018229599872205,2009-05-15,SVR,1,2009
2009-05-15,2009,5,15.03,15.11,15.157383522422206,2009-05-16,SVR,1,2009
2009-05-16,2009,5,15.11,15.19,15.217508431926463,2009-05-17,SVR,1,2009
2009-05-17,2009,5,15.19,15.22,15.29100383928848,2009-05-18,SVR,1,2009
2009-05-18,2009,5,15.22,15.17,15.270269305242532,2009-05-19,SVR,1,2009
2009-05-19,2009,5,15.17,14.99,15.164759234919465,2009-05-20,SVR,1,2009
2009-05-20,2009,5,14.99,14.95,14.930076709767901,2009-05-21,SVR,1,2009
2009-05-21,2009,5,14.95,14.91,14.980142999871424,2009-05-22,SVR,1,2009
2009-05-22,2009,5,14.91,14.87,14.969511943277206,2009-05-23,SVR,1,2009
2009-05-23,2009,5,14.87,14.8,14.896187722680642,2009-05-24,SVR,1,2009
2009-05-24,2009,5,14.8,14.8,14.806445586952695,2009-05-25,SVR,1,2009
2009-05-25,2009,5,14.8,14.83,14.869696188224914,2009-05-26,SVR,1,2009
2009-05-26,2009,5,14.83,15.07,14.937067942310035,2009-05-27,SVR,1,2009
2009-05-27,2009,5,15.07,16.29,15.371039569811627,2009-05-28,SVR,1,2009
2009-05-28,2009,5,16.29,16.4,16.36807270491008,2009-05-29,SVR,1,2009
2009-05-29,2009,5,16.4,16.2,16.475585560401704,2009-05-30,SVR,1,2009
2009-05-30,2009,5,16.2,15.98,16.086857375350956,2009-05-31,SVR,1,2009
2009-05-31,2009,5,15.98,15.93,15.844582290319387,2009-06-01,SVR,1,2009
2009-06-01,2009,6,15.93,15.99,15.923204656708842,2009-06-02,SVR,1,2009
2009-06-02,2009,6,15.99,16.05,16.09640263385861,2009-06-03,SVR,1,2009
2009-06-03,2009,6,16.05,16.01,16.12726566552874,2009-06-04,SVR,1,2009
2009-06-04,2009,6,16.01,15.92,15.987512817022518,2009-06-05,SVR,1,2009
2009-06-05,2009,6,15.92,15.87,15.878697225755907,2009-06-06,SVR,1,2009
2009-06-06,2009,6,15.87,15.85,15.888344487996191,2009-06-07,SVR,1,2009
2009-06-07,2009,6,15.85,15.85,15.907483793001676,2009-06-08,SVR,1,2009
2009-06-08,2009,6,15.85,15.82,15.911783420821713,2009-06-09,SVR,1,2009
2009-06-09,2009,6,15.82,15.82,15.845602790208442,2009-06-10,SVR,1,2009
2009-06-10,2009,6,15.82,15.75,15.877151173203456,2009-06-11,SVR,1,2009
2009-06-11,2009,6,15.75,15.74,15.752857383452941,2009-06-12,SVR,1,2009
2009-06-12,2009,6,15.74,15.82,15.797274536146558,2009-06-13,SVR,1,2009
2009-06-13,2009,6,15.82,15.89,15.971798798296417,2009-06-14,SVR,1,2009
2009-06-14,2009,6,15.89,16.06,16.008871410395635,2009-06-15,SVR,1,2009
2009-06-15,2009,6,16.06,16.24,16.299645419235933,2009-06-16,SVR,1,2009
2009-06-16,2009,6,16.24,16.46,16.46148421619374,2009-06-17,SVR,1,2009
2009-06-17,2009,6,16.46,16.57,16.726275125874242,2009-06-18,SVR,1,2009
2009-06-18,2009,6,16.57,16.57,16.677535165853623,2009-06-19,SVR,1,2009
2009-06-19,2009,6,16.57,16.43,16.574760707907444,2009-06-20,SVR,1,2009
2009-06-20,2009,6,16.43,16.26,16.35178547242022,2009-06-21,SVR,1,2009
2009-06-21,2009,6,16.26,16.22,16.21771352694575,2009-06-22,SVR,1,2009
2009-06-22,2009,6,16.22,16.11,16.281187126116283,2009-06-23,SVR,1,2009
2009-06-23,2009,6,16.11,16.22,16.097635062390314,2009-06-24,SVR,1,2009
2009-06-24,2009,6,16.22,16.27,16.3755416827434,2009-06-25,SVR,1,2009
2009-06-25,2009,6,16.27,16.31,16.344403868424095,2009-06-26,SVR,1,2009
2009-06-26,2009,6,16.31,16.22,16.37573723347068,2009-06-27,SVR,1,2009
2009-06-27,2009,6,16.22,16.3,16.181094843107193,2009-06-28,SVR,1,2009
2009-06-28,2009,6,16.3,16.67,16.451452132292847,2009-06-29,SVR,1,2009
2009-06-29,2009,6,16.67,16.84,17.128783852678467,2009-06-30,SVR,1,2009
2009-06-30,2009,6,16.84,17.07,16.955681294323885,2009-07-01,SVR,1,2009
2009-07-01,2009,7,17.07,17.6,17.37859350796332,2009-07-02,SVR,1,2009
2009-07-02,2009,7,17.6,17.98,18.083710141152444,2009-07-03,SVR,1,2009
2009-07-03,2009,7,17.98,18.57,18.220757553463155,2009-07-04,SVR,1,2009
2009-07-04,2009,7,18.57,18.67,18.89663785658468,2009-07-05,SVR,1,2009
2009-07-05,2009,7,18.67,18.83,18.62076631589538,2009-07-06,SVR,1,2009
2009-07-06,2009,7,18.83,18.91,18.89387893617125,2009-07-07,SVR,1,2009
2009-07-07,2009,7,18.91,18.83,18.874407404023213,2009-07-08,SVR,1,2009
2009-07-08,2009,7,18.83,18.57,18.654409083049675,2009-07-09,SVR,1,2009
2009-07-09,2009,7,18.57,18.44,18.383880210831023,2009-07-10,SVR,1,2009
2009-07-10,2009,7,18.44,18.32,18.3953088034079,2009-07-11,SVR,1,2009
2009-07-11,2009,7,18.32,18.28,18.310611614226165,2009-07-12,SVR,1,2009
2009-07-12,2009,7,18.28,18.25,18.31156594352759,2009-07-13,SVR,1,2009
2009-07-13,2009,7,18.25,18.2,18.263961942420465,2009-07-14,SVR,1,2009
2009-07-14,2009,7,18.2,18.17,18.182128101910163,2009-07-15,SVR,1,2009
2009-07-15,2009,7,18.17,18.09,18.155795046389187,2009-07-16,SVR,1,2009
2009-07-16,2009,7,18.09,17.99,18.05018021727831,2009-07-17,SVR,1,2009
2009-07-17,2009,7,17.99,17.86,17.94022723659966,2009-07-18,SVR,1,2009
2009-07-18,2009,7,17.86,17.74,17.799382958825202,2009-07-19,SVR,1,2009
2009-07-19,2009,7,17.74,17.58,17.690705160336176,2009-07-20,SVR,1,2009
2009-07-20,2009,7,17.58,17.39,17.505100364398896,2009-07-21,SVR,1,2009
2009-07-21,2009,7,17.39,17.32,17.29062780003934,2009-07-22,SVR,1,2009
2009-07-22,2009,7,17.32,17.27,17.311863876250893,2009-07-23,SVR,1,2009
2009-07-23,2009,7,17.27,17.19,17.282033236807283,2009-07-24,SVR,1,2009
2009-07-24,2009,7,17.19,17.16,17.163253284566625,2009-07-25,SVR,1,2009
2009-07-25,2009,7,17.16,17.12,17.166675203618162,2009-07-26,SVR,1,2009
2009-07-26,2009,7,17.12,17.12,17.111263177884926,2009-07-27,SVR,1,2009
2009-07-27,2009,7,17.12,17.4,17.1365232726884,2009-07-28,SVR,1,2009
2009-07-28,2009,7,17.4,17.72,17.726358424658496,2009-07-29,SVR,1,2009
2009-07-29,2009,7,17.72,17.93,18.032791358710213,2009-07-30,SVR,1,2009
2009-07-30,2009,7,17.93,18.15,18.17420035824762,2009-07-31,SVR,1,2009
2009-07-31,2009,7,18.15,18.36,18.427286208400226,2009-08-01,SVR,1,2009
2009-08-01,2009,8,18.36,18.42,18.581603936759713,2009-08-02,SVR,1,2009
2009-08-02,2009,8,18.42,18.39,18.47523257932735,2009-08-03,SVR,1,2009
2009-08-03,2009,8,18.39,18.33,18.356667749261973,2009-08-04,SVR,1,2009
2009-08-04,2009,8,18.33,18.34,18.310565648312068,2009-08-05,SVR,1,2009
2009-08-05,2009,8,18.34,18.39,18.395417756110927,2009-08-06,SVR,1,2009
2009-08-06,2009,8,18.39,18.45,18.454609836807286,2009-08-07,SVR,1,2009
2009-08-07,2009,8,18.45,18.42,18.514963625577394,2009-08-08,SVR,1,2009
2009-08-08,2009,8,18.42,18.41,18.40197101075087,2009-08-09,SVR,1,2009
2009-08-09,2009,8,18.41,18.36,18.411853632334534,2009-08-10,SVR,1,2009
2009-08-10,2009,8,18.36,18.32,18.339471615121617,2009-08-11,SVR,1,2009
2009-08-11,2009,8,18.32,18.25,18.31103054329669,2009-08-12,SVR,1,2009
2009-08-12,2009,8,18.25,18.24,18.221748616236628,2009-08-13,SVR,1,2009
2009-08-13,2009,8,18.24,18.4,18.25901401008141,2009-08-14,SVR,1,2009
2009-08-14,2009,8,18.4,18.54,18.56210379769971,2009-08-15,SVR,1,2009
2009-08-15,2009,8,18.54,18.55,18.690653606950143,2009-08-16,SVR,1,2009
2009-08-16,2009,8,18.55,19.04,18.583637249859937,2009-08-17,SVR,1,2009
2009-08-17,2009,8,19.04,19.27,19.43884761366385,2009-08-18,SVR,1,2009
2009-08-18,2009,8,19.27,19.27,19.34226213327313,2009-08-19,SVR,1,2009
2009-08-19,2009,8,19.27,19.15,19.271827350333506,2009-08-20,SVR,1,2009
2009-08-20,2009,8,19.15,19.33,19.026246974705604,2009-08-21,SVR,1,2009
2009-08-21,2009,8,19.33,19.4,19.531395126041925,2009-08-22,SVR,1,2009
2009-08-22,2009,8,19.4,19.29,19.446067379468555,2009-08-23,SVR,1,2009
2009-08-23,2009,8,19.29,19.23,19.162094043324597,2009-08-24,SVR,1,2009
2009-08-24,2009,8,19.23,19.2,19.191831304259306,2009-08-25,SVR,1,2009
2009-08-25,2009,8,19.2,19.19,19.19326088048169,2009-08-26,SVR,1,2009
2009-08-26,2009,8,19.19,19.18,19.187257697527404,2009-08-27,SVR,1,2009
2009-08-27,2009,8,19.18,19.16,19.1735276543242,2009-08-28,SVR,1,2009
2009-08-28,2009,8,19.16,19.13,19.146446468035165,2009-08-29,SVR,1,2009
2009-08-29,2009,8,19.13,19.03,19.1127222501999,2009-08-30,SVR,1,2009
2009-08-30,2009,8,19.03,18.94,18.95838618833267,2009-08-31,SVR,1,2009
2009-08-31,2009,8,18.94,18.79,18.875302340103275,2009-09-01,SVR,1,2009
2009-09-01,2009,9,18.79,18.67,18.668785119445168,2009-09-02,SVR,1,2009
2009-09-02,2009,9,18.67,18.55,18.57590711269221,2009-09-03,SVR,1,2009
2009-09-03,2009,9,18.55,18.4,18.465964871687095,2009-09-04,SVR,1,2009
2009-09-04,2009,9,18.4,18.29,18.288897625145104,2009-09-05,SVR,1,2009
2009-09-05,2009,9,18.29,18.07,18.21354713027186,2009-09-06,SVR,1,2009
2009-09-06,2009,9,18.07,17.96,17.904711735500303,2009-09-07,SVR,1,2009
2009-09-07,2009,9,17.96,17.74,17.87609547516114,2009-09-08,SVR,1,2009
2009-09-08,2009,9,17.74,17.61,17.588388501900017,2009-09-09,SVR,1,2009
2009-09-09,2009,9,17.61,17.52,17.51557385955265,2009-09-10,SVR,1,2009
2009-09-10,2009,9,17.52,17.31,17.481936919446607,2009-09-11,SVR,1,2009
2009-09-11,2009,9,17.31,17.25,17.176049470604177,2009-09-12,SVR,1,2009
2009-09-12,2009,9,17.25,17.14,17.21123262768168,2009-09-13,SVR,1,2009
2009-09-13,2009,9,17.14,17.14,17.09265935031054,2009-09-14,SVR,1,2009
2009-09-14,2009,9,17.14,17.07,17.16180705765626,2009-09-15,SVR,1,2009
2009-09-15,2009,9,17.07,17.0,17.04108648574373,2009-09-16,SVR,1,2009
2009-09-16,2009,9,17.0,16.94,16.960672408180088,2009-09-17,SVR,1,2009
2009-09-17,2009,9,16.94,16.93,16.9080527912384,2009-09-18,SVR,1,2009
2009-09-18,2009,9,16.93,16.99,16.95188447103803,2009-09-19,SVR,1,2009
2009-09-19,2009,9,16.99,17.2,17.065404419492577,2009-09-20,SVR,1,2009
2009-09-20,2009,9,17.2,17.3,17.413075653205095,2009-09-21,SVR,1,2009
2009-09-21,2009,9,17.3,17.3,17.385918246574935,2009-09-22,SVR,1,2009
2009-09-22,2009,9,17.3,17.23,17.302881131711743,2009-09-23,SVR,1,2009
2009-09-23,2009,9,17.23,17.31,17.1923324148951,2009-09-24,SVR,1,2009
2009-09-24,2009,9,17.31,17.51,17.437187082273624,2009-09-25,SVR,1,2009
2009-09-25,2009,9,17.51,17.63,17.703077409335574,2009-09-26,SVR,1,2009
2009-09-26,2009,9,17.63,17.65,17.699686409946903,2009-09-27,SVR,1,2009
2009-09-27,2009,9,17.65,17.57,17.646019655370992,2009-09-28,SVR,1,2009
2009-09-28,2009,9,17.57,17.46,17.500426566592683,2009-09-29,SVR,1,2009
2009-09-29,2009,9,17.46,17.24,17.38563041257233,2009-09-30,SVR,1,2009
2009-09-30,2009,9,17.24,17.12,17.07294102614755,2009-10-01,SVR,1,2009
2009-10-01,2009,10,17.12,17.02,17.02325831521578,2009-10-02,SVR,1,2009
2009-10-02,2009,10,17.02,16.92,16.978187532083183,2009-10-03,SVR,1,2009
2009-10-03,2009,10,16.92,16.76,16.862121092736338,2009-10-04,SVR,1,2009
2009-10-04,2009,10,16.76,16.62,16.640937477701282,2009-10-05,SVR,1,2009
2009-10-05,2009,10,16.62,16.47,16.50085088523736,2009-10-06,SVR,1,2009
2009-10-06,2009,10,16.47,16.36,16.34724077038108,2009-10-07,SVR,1,2009
2009-10-07,2009,10,16.36,16.62,16.27340905131779,2009-10-08,SVR,1,2009
2009-10-08,2009,10,16.62,17.56,16.80977537540108,2009-10-09,SVR,1,2009
2009-10-09,2009,10,17.56,17.67,17.734718300704532,2009-10-10,SVR,1,2009
2009-10-10,2009,10,17.67,17.41,17.730995656672956,2009-10-11,SVR,1,2009
2009-10-11,2009,10,17.41,17.26,17.274207297852513,2009-10-12,SVR,1,2009
2009-10-12,2009,10,17.26,17.14,17.148142605838306,2009-10-13,SVR,1,2009
2009-10-13,2009,10,17.14,17.21,17.1356625983289,2009-10-14,SVR,1,2009
2009-10-14,2009,10,17.21,17.33,17.33782167654927,2009-10-15,SVR,1,2009
2009-10-15,2009,10,17.33,17.34,17.41145137873499,2009-10-16,SVR,1,2009
2009-10-16,2009,10,17.34,17.25,17.301725894996345,2009-10-17,SVR,1,2009
2009-10-17,2009,10,17.25,17.08,17.125357433458937,2009-10-18,SVR,1,2009
2009-10-18,2009,10,17.08,16.9,16.89929045132558,2009-10-19,SVR,1,2009
2009-10-19,2009,10,16.9,16.68,16.7153495344587,2009-10-20,SVR,1,2009
2009-10-20,2009,10,16.68,16.48,16.48544547383402,2009-10-21,SVR,1,2009
2009-10-21,2009,10,16.48,16.27,16.300211822431066,2009-10-22,SVR,1,2009
2009-10-22,2009,10,16.27,16.16,16.09870584390893,2009-10-23,SVR,1,2009
2009-10-23,2009,10,16.16,16.08,16.042079953345972,2009-10-24,SVR,1,2009
2009-10-24,2009,10,16.08,16.0,16.00902401739805,2009-10-25,SVR,1,2009
2009-10-25,2009,10,16.0,15.96,15.928216474404369,2009-10-26,SVR,1,2009
2009-10-26,2009,10,15.96,15.93,15.915862613424972,2009-10-27,SVR,1,2009
2009-10-27,2009,10,15.93,15.8,15.903657280461186,2009-10-28,SVR,1,2009
2009-10-28,2009,10,15.8,15.73,15.689976348601904,2009-10-29,SVR,1,2009
2009-10-29,2009,10,15.73,15.65,15.653555961677446,2009-10-30,SVR,1,2009
2009-10-30,2009,10,15.65,15.58,15.595474576729275,2009-10-31,SVR,1,2009
2009-10-31,2009,10,15.58,15.49,15.522200223183555,2009-11-01,SVR,1,2009
2009-11-01,2009,11,15.49,15.42,15.42138882084517,2009-11-02,SVR,1,2009
2009-11-02,2009,11,15.42,15.37,15.3624248355718,2009-11-03,SVR,1,2009
2009-11-03,2009,11,15.37,15.28,15.333780478502065,2009-11-04,SVR,1,2009
2009-11-04,2009,11,15.28,15.22,15.216422838443073,2009-11-05,SVR,1,2009
2009-11-05,2009,11,15.22,15.17,15.170422212708708,2009-11-06,SVR,1,2009
2009-11-06,2009,11,15.17,15.13,15.140414626581668,2009-11-07,SVR,1,2009
2009-11-07,2009,11,15.13,15.07,15.105981834403606,2009-11-08,SVR,1,2009
2009-11-08,2009,11,15.07,15.04,15.031865910335995,2009-11-09,SVR,1,2009
2009-11-09,2009,11,15.04,15.01,15.02235539941667,2009-11-10,SVR,1,2009
2009-11-10,2009,11,15.01,14.95,14.999901371921673,2009-11-11,SVR,1,2009
2009-11-11,2009,11,14.95,14.9,14.913029861979318,2009-11-12,SVR,1,2009
2009-11-12,2009,11,14.9,14.85,14.867942320659198,2009-11-13,SVR,1,2009
2009-11-13,2009,11,14.85,14.8,14.823576473738886,2009-11-14,SVR,1,2009
2009-11-14,2009,11,14.8,14.74,14.771243781992231,2009-11-15,SVR,1,2009
2009-11-15,2009,11,14.74,14.7,14.703605533018068,2009-11-16,SVR,1,2009
2009-11-16,2009,11,14.7,14.67,14.676145692199315,2009-11-17,SVR,1,2009
2009-11-17,2009,11,14.67,14.63,14.65715829242118,2009-11-18,SVR,1,2009
2009-11-18,2009,11,14.63,14.62,14.608239462743606,2009-11-19,SVR,1,2009
2009-11-19,2009,11,14.62,14.6,14.619147682519735,2009-11-20,SVR,1,2009
2009-11-20,2009,11,14.6,14.59,14.596394289138965,2009-11-21,SVR,1,2009
2009-11-21,2009,11,14.59,14.57,14.590438913164299,2009-11-22,SVR,1,2009
2009-11-22,2009,11,14.57,14.55,14.564713139598444,2009-11-23,SVR,1,2009
2009-11-23,2009,11,14.55,14.63,14.542638745541007,2009-11-24,SVR,1,2009
2009-11-24,2009,11,14.63,14.95,14.688783915693293,2009-11-25,SVR,1,2009
2009-11-25,2009,11,14.95,15.0,15.148694160680481,2009-11-26,SVR,1,2009
2009-11-26,2009,11,15.0,15.0,14.897297714066536,2009-11-27,SVR,1,2009
2009-11-27,2009,11,15.0,14.87,14.9630810217165,2009-11-28,SVR,1,2009
2009-11-28,2009,11,14.87,14.73,14.768160250521792,2009-11-29,SVR,1,2009
2009-11-29,2009,11,14.73,14.64,14.629121365970342,2009-11-30,SVR,1,2009
2009-11-30,2009,11,14.64,14.61,14.582258610700128,2009-12-01,SVR,1,2009
2009-12-01,2009,12,14.61,14.52,14.5879562158032,2009-12-02,SVR,1,2009
2009-12-02,2009,12,14.52,14.48,14.45132390544348,2009-12-03,SVR,1,2009
2009-12-03,2009,12,14.48,14.4,14.427306498219926,2009-12-04,SVR,1,2009
2009-12-04,2009,12,14.4,14.38,14.34210957567424,2009-12-05,SVR,1,2009
2009-12-05,2009,12,14.38,14.35,14.349121577218703,2009-12-06,SVR,1,2009
2009-12-06,2009,12,14.35,14.31,14.327003160126399,2009-12-07,SVR,1,2009
2009-12-07,2009,12,14.31,14.29,14.271902438953873,2009-12-08,SVR,1,2009
2009-12-08,2009,12,14.29,14.27,14.268164419453168,2009-12-09,SVR,1,2009
2009-12-09,2009,12,14.27,14.25,14.252622212826315,2009-12-10,SVR,1,2009
2009-12-10,2009,12,14.25,14.22,14.230579221371498,2009-12-11,SVR,1,2009
2009-12-11,2009,12,14.22,14.2,14.192894529471237,2009-12-12,SVR,1,2009
2009-12-12,2009,12,14.2,14.17,14.17976181526478,2009-12-13,SVR,1,2009
2009-12-13,2009,12,14.17,14.16,14.143981767046656,2009-12-14,SVR,1,2009
2009-12-14,2009,12,14.16,14.13,14.14675457879811,2009-12-15,SVR,1,2009
2009-12-15,2009,12,14.13,14.12,14.103622784590007,2009-12-16,SVR,1,2009
2009-12-16,2009,12,14.12,14.11,14.105010376705131,2009-12-17,SVR,1,2009
2009-12-17,2009,12,14.11,14.07,14.099497408510649,2009-12-18,SVR,1,2009
2009-12-18,2009,12,14.07,14.05,14.032905068046997,2009-12-19,SVR,1,2009
2009-12-19,2009,12,14.05,14.01,14.025788876087475,2009-12-20,SVR,1,2009
2009-12-20,2009,12,14.01,13.98,13.975884077022204,2009-12-21,SVR,1,2009
2009-12-21,2009,12,13.98,13.96,13.948182972667862,2009-12-22,SVR,1,2009
2009-12-22,2009,12,13.96,13.94,13.938462987692919,2009-12-23,SVR,1,2009
2009-12-23,2009,12,13.94,13.92,13.917760615141026,2009-12-24,SVR,1,2009
2009-12-24,2009,12,13.92,13.92,13.896676964283637,2009-12-25,SVR,1,2009
2009-12-25,2009,12,13.92,13.91,13.912813675937963,2009-12-26,SVR,1,2009
2009-12-26,2009,12,13.91,13.9,13.896995924557174,2009-12-27,SVR,1,2009
2009-12-27,2009,12,13.9,13.89,13.884721789952103,2009-12-28,SVR,1,2009
2009-12-28,2009,12,13.89,13.89,13.876301759139553,2009-12-29,SVR,1,2009
2009-12-29,2009,12,13.89,13.88,13.884785972444508,2009-12-30,SVR,1,2009
2009-12-30,2009,12,13.88,13.85,13.867085805966756,2009-12-31,SVR,1,2009
2009-12-31,2009,12,13.85,13.83,13.818477541996579,2010-01-01,SVR,1,2009
2010-01-01,2010,1,13.83,13.79,13.820936896899678,2010-01-02,SVR,1,2010
2010-01-02,2010,1,13.79,13.76,13.767662446928925,2010-01-03,SVR,1,2010
2010-01-03,2010,1,13.76,13.73,13.741551378147088,2010-01-04,SVR,1,2010
2010-01-04,2010,1,13.73,13.71,13.713178587008468,2010-01-05,SVR,1,2010
2010-01-05,2010,1,13.71,13.69,13.698395659984003,2010-01-06,SVR,1,2010
2010-01-06,2010,1,13.69,13.67,13.679006313008408,2010-01-07,SVR,1,2010
2010-01-07,2010,1,13.67,13.65,13.658580868523988,2010-01-08,SVR,1,2010
2010-01-08,2010,1,13.65,13.63,13.639862981576144,2010-01-09,SVR,1,2010
2010-01-09,2010,1,13.63,13.62,13.620836877788433,2010-01-10,SVR,1,2010
2010-01-10,2010,1,13.62,13.6,13.6193993762703,2010-01-11,SVR,1,2010
2010-01-11,2010,1,13.6,13.58,13.592376943361828,2010-01-12,SVR,1,2010
2010-01-12,2010,1,13.58,13.56,13.571406790234159,2010-01-13,SVR,1,2010
2010-01-13,2010,1,13.56,13.54,13.553125991897595,2010-01-14,SVR,1,2010
2010-01-14,2010,1,13.54,13.53,13.533267633458742,2010-01-15,SVR,1,2010
2010-01-15,2010,1,13.53,13.52,13.53132647416504,2010-01-16,SVR,1,2010
2010-01-16,2010,1,13.52,13.5,13.522199798044326,2010-01-17,SVR,1,2010
2010-01-17,2010,1,13.5,13.48,13.493545625750443,2010-01-18,SVR,1,2010
2010-01-18,2010,1,13.48,13.46,13.474019684451303,2010-01-19,SVR,1,2010
2010-01-19,2010,1,13.46,13.45,13.45564941186713,2010-01-20,SVR,1,2010
2010-01-20,2010,1,13.45,13.43,13.45369123276306,2010-01-21,SVR,1,2010
2010-01-21,2010,1,13.43,13.42,13.426130228742053,2010-01-22,SVR,1,2010
2010-01-22,2010,1,13.42,13.41,13.422988741627972,2010-01-23,SVR,1,2010
2010-01-23,2010,1,13.41,13.39,13.41553813460945,2010-01-24,SVR,1,2010
2010-01-24,2010,1,13.39,13.37,13.386827120641337,2010-01-25,SVR,1,2010
2010-01-25,2010,1,13.37,13.36,13.367068456565951,2010-01-26,SVR,1,2010
2010-01-26,2010,1,13.36,13.35,13.366667759842779,2010-01-27,SVR,1,2010
2010-01-27,2010,1,13.35,13.34,13.357546187026596,2010-01-28,SVR,1,2010
2010-01-28,2010,1,13.34,13.32,13.346893000817108,2010-01-29,SVR,1,2010
2010-01-29,2010,1,13.32,13.3,13.319292754661948,2010-01-30,SVR,1,2010
2010-01-30,2010,1,13.3,13.28,13.299586254165664,2010-01-31,SVR,1,2010
2010-01-31,2010,1,13.28,13.27,13.281120483786781,2010-02-01,SVR,1,2010
2010-02-01,2010,2,13.27,13.25,13.27921954724449,2010-02-02,SVR,1,2010
2010-02-02,2010,2,13.25,13.24,13.251707019569453,2010-02-03,SVR,1,2010
2010-02-03,2010,2,13.24,13.22,13.248732407337696,2010-02-04,SVR,1,2010
2010-02-04,2010,2,13.22,13.2,13.22306402638983,2010-02-05,SVR,1,2010
2010-02-05,2010,2,13.2,13.19,13.202074498604508,2010-02-06,SVR,1,2010
2010-02-06,2010,2,13.19,13.18,13.201978190745729,2010-02-07,SVR,1,2010
2010-02-07,2010,2,13.18,13.17,13.193119881337081,2010-02-08,SVR,1,2010
2010-02-08,2010,2,13.17,13.15,13.182723164864765,2010-02-09,SVR,1,2010
2010-02-09,2010,2,13.15,13.14,13.15522372450781,2010-02-10,SVR,1,2010
2010-02-10,2010,2,13.14,13.13,13.153838579112211,2010-02-11,SVR,1,2010
2010-02-11,2010,2,13.13,13.11,13.146413628516457,2010-02-12,SVR,1,2010
2010-02-12,2010,2,13.11,13.1,13.117240798882682,2010-02-13,SVR,1,2010
2010-02-13,2010,2,13.1,13.09,13.115604670438623,2010-02-14,SVR,1,2010
2010-02-14,2010,2,13.09,13.08,13.108114800381063,2010-02-15,SVR,1,2010
2010-02-15,2010,2,13.08,13.08,13.09766465873571,2010-02-16,SVR,1,2010
2010-02-16,2010,2,13.08,13.07,13.107087966898536,2010-02-17,SVR,1,2010
2010-02-17,2010,2,13.07,13.06,13.089967587410126,2010-02-18,SVR,1,2010
2010-02-18,2010,2,13.06,13.05,13.079519924258186,2010-02-19,SVR,1,2010
2010-02-19,2010,2,13.05,13.05,13.071606390592388,2010-02-20,SVR,1,2010
2010-02-20,2010,2,13.05,13.04,13.080858085843744,2010-02-21,SVR,1,2010
2010-02-21,2010,2,13.04,13.03,13.063324164725357,2010-02-22,SVR,1,2010
2010-02-22,2010,2,13.03,13.03,13.052434027261986,2010-02-23,SVR,1,2010
2010-02-23,2010,2,13.03,13.03,13.063080914142793,2010-02-24,SVR,1,2010
2010-02-24,2010,2,13.03,13.03,13.06492917267838,2010-02-25,SVR,1,2010
2010-02-25,2010,2,13.03,13.03,13.0647643136506,2010-02-26,SVR,1,2010
2010-02-26,2010,2,13.03,13.04,13.065848806823649,2010-02-27,SVR,1,2010
2010-02-27,2010,2,13.04,13.04,13.0823200653368,2010-02-28,SVR,1,2010
2010-02-28,2010,2,13.04,13.04,13.074566774449387,2010-03-01,SVR,1,2010
2010-03-01,2010,3,13.04,13.04,13.077640419632996,2010-03-02,SVR,1,2010
2010-03-02,2010,3,13.04,13.05,13.079687200461205,2010-03-03,SVR,1,2010
2010-03-03,2010,3,13.05,13.05,13.095774913343003,2010-03-04,SVR,1,2010
2010-03-04,2010,3,13.05,13.07,13.087623868737474,2010-03-05,SVR,1,2010
2010-03-05,2010,3,13.07,13.1,13.121771419949075,2010-03-06,SVR,1,2010
2010-03-06,2010,3,13.1,13.12,13.154037917740933,2010-03-07,SVR,1,2010
2010-03-07,2010,3,13.12,13.14,13.16230489223113,2010-03-08,SVR,1,2010
2010-03-08,2010,3,13.14,13.16,13.185391657738178,2010-03-09,SVR,1,2010
2010-03-09,2010,3,13.16,13.19,13.207629380773655,2010-03-10,SVR,1,2010
2010-03-10,2010,3,13.19,13.22,13.24501129443472,2010-03-11,SVR,1,2010
2010-03-11,2010,3,13.22,13.27,13.272302073066621,2010-03-12,SVR,1,2010
2010-03-12,2010,3,13.27,13.43,13.336359026950714,2010-03-13,SVR,1,2010
2010-03-13,2010,3,13.43,13.55,13.588256996173955,2010-03-14,SVR,1,2010
2010-03-14,2010,3,13.55,13.66,13.622667231912565,2010-03-15,SVR,1,2010
2010-03-15,2010,3,13.66,13.7,13.729436347491541,2010-03-16,SVR,1,2010
2010-03-16,2010,3,13.7,13.7,13.709880389550749,2010-03-17,SVR,1,2010
2010-03-17,2010,3,13.7,13.64,13.70236702068477,2010-03-18,SVR,1,2010
2010-03-18,2010,3,13.64,13.58,13.611008149792497,2010-03-19,SVR,1,2010
2010-03-19,2010,3,13.58,13.53,13.568009576065617,2010-03-20,SVR,1,2010
2010-03-20,2010,3,13.53,13.48,13.54128608169531,2010-03-21,SVR,1,2010
2010-03-21,2010,3,13.48,13.46,13.489227212426405,2010-03-22,SVR,1,2010
2010-03-22,2010,3,13.46,13.46,13.488979449970842,2010-03-23,SVR,1,2010
2010-03-23,2010,3,13.46,13.46,13.508468958919321,2010-03-24,SVR,1,2010
2010-03-24,2010,3,13.46,13.45,13.509446751398348,2010-03-25,SVR,1,2010
2010-03-25,2010,3,13.45,13.45,13.491427188932063,2010-03-26,SVR,1,2010
2010-03-26,2010,3,13.45,13.45,13.504367018585215,2010-03-27,SVR,1,2010
2010-03-27,2010,3,13.45,13.53,13.510013864626716,2010-03-28,SVR,1,2010
2010-03-28,2010,3,13.53,13.65,13.642678728718325,2010-03-29,SVR,1,2010
2010-03-29,2010,3,13.65,13.77,13.771401843619781,2010-03-30,SVR,1,2010
2010-03-30,2010,3,13.77,13.97,13.866930907856187,2010-03-31,SVR,1,2010
2010-03-31,2010,3,13.97,14.42,14.153823562759127,2010-04-01,SVR,1,2010
2010-04-01,2010,4,14.42,14.8,14.701307507140152,2010-04-02,SVR,1,2010
2010-04-02,2010,4,14.8,15.07,14.911985190934063,2010-04-03,SVR,1,2010
2010-04-03,2010,4,15.07,15.17,15.110843391823767,2010-04-04,SVR,1,2010
2010-04-04,2010,4,15.17,15.17,15.157975067621114,2010-04-05,SVR,1,2010
2010-04-05,2010,4,15.17,15.09,15.140981718709499,2010-04-06,SVR,1,2010
2010-04-06,2010,4,15.09,15.16,14.98431427663478,2010-04-07,SVR,1,2010
2010-04-07,2010,4,15.16,15.4,15.210766849077743,2010-04-08,SVR,1,2010
2010-04-08,2010,4,15.4,15.57,15.593527547408884,2010-04-09,SVR,1,2010
2010-04-09,2010,4,15.57,15.65,15.569212454357238,2010-04-10,SVR,1,2010
2010-04-10,2010,4,15.65,15.65,15.594027788566743,2010-04-11,SVR,1,2010
2010-04-11,2010,4,15.65,15.68,15.571622372745948,2010-04-12,SVR,1,2010
2010-04-12,2010,4,15.68,15.78,15.678175051435618,2010-04-13,SVR,1,2010
2010-04-13,2010,4,15.78,15.79,15.845449934831764,2010-04-14,SVR,1,2010
2010-04-14,2010,4,15.79,15.69,15.740627142558253,2010-04-15,SVR,1,2010
2010-04-15,2010,4,15.69,15.57,15.602654328324435,2010-04-16,SVR,1,2010
2010-04-16,2010,4,15.57,15.56,15.517240507538027,2010-04-17,SVR,1,2010
2010-04-17,2010,4,15.56,15.74,15.603074823376614,2010-04-18,SVR,1,2010
2010-04-18,2010,4,15.74,15.74,15.936290796360852,2010-04-19,SVR,1,2010
2010-04-19,2010,4,15.74,15.96,15.664919732334063,2010-04-20,SVR,1,2010
2010-04-20,2010,4,15.96,16.21,16.168294625596,2010-04-21,SVR,1,2010
2010-04-21,2010,4,16.21,16.4,16.34465967080222,2010-04-22,SVR,1,2010
2010-04-22,2010,4,16.4,16.48,16.430372926697988,2010-04-23,SVR,1,2010
2010-04-23,2010,4,16.48,16.55,16.386437492376633,2010-04-24,SVR,1,2010
2010-04-24,2010,4,16.55,16.55,16.489880022647668,2010-04-25,SVR,1,2010
2010-04-25,2010,4,16.55,16.65,16.450206519908463,2010-04-26,SVR,1,2010
2010-04-26,2010,4,16.65,17.43,16.672530783649663,2010-04-27,SVR,1,2010
2010-04-27,2010,4,17.43,17.87,17.75061547508663,2010-04-28,SVR,1,2010
2010-04-28,2010,4,17.87,17.98,17.94287951938326,2010-04-29,SVR,1,2010
2010-04-29,2010,4,17.98,17.92,17.872103884071777,2010-04-30,SVR,1,2010
2010-04-30,2010,4,17.92,17.69,17.687696399271864,2010-05-01,SVR,1,2010
2010-05-01,2010,5,17.69,17.44,17.446216260860673,2010-05-02,SVR,1,2010
2010-05-02,2010,5,17.44,17.03,17.280841120469294,2010-05-03,SVR,1,2010
2010-05-03,2010,5,17.03,16.76,16.89383164131576,2010-05-04,SVR,1,2010
2010-05-04,2010,5,16.76,16.5,16.63089674392488,2010-05-05,SVR,1,2010
2010-05-05,2010,5,16.5,16.25,16.413400329744327,2010-05-06,SVR,1,2010
2010-05-06,2010,5,16.25,16.09,16.161473373027313,2010-05-07,SVR,1,2010
2010-05-07,2010,5,16.09,16.03,16.018062122403737,2010-05-08,SVR,1,2010
2010-05-08,2010,5,16.03,16.12,16.014242110169615,2010-05-09,SVR,1,2010
2010-05-09,2010,5,16.12,16.31,16.183072259876397,2010-05-10,SVR,1,2010
2010-05-10,2010,5,16.31,16.33,16.454219028659235,2010-05-11,SVR,1,2010
2010-05-11,2010,5,16.33,16.27,16.279187364498938,2010-05-12,SVR,1,2010
2010-05-12,2010,5,16.27,16.24,16.18726942968025,2010-05-13,SVR,1,2010
2010-05-13,2010,5,16.24,16.24,16.244895590611016,2010-05-14,SVR,1,2010
2010-05-14,2010,5,16.24,16.33,16.284400271010917,2010-05-15,SVR,1,2010
2010-05-15,2010,5,16.33,16.84,16.44160747144876,2010-05-16,SVR,1,2010
2010-05-16,2010,5,16.84,17.47,17.246319853820005,2010-05-17,SVR,1,2010
2010-05-17,2010,5,17.47,17.8,17.69671761122272,2010-05-18,SVR,1,2010
2010-05-18,2010,5,17.8,17.97,17.9468791123844,2010-05-19,SVR,1,2010
2010-05-19,2010,5,17.97,18.16,17.944783214834455,2010-05-20,SVR,1,2010
2010-05-20,2010,5,18.16,18.2,18.148457672029014,2010-05-21,SVR,1,2010
2010-05-21,2010,5,18.2,18.0,18.033265587766618,2010-05-22,SVR,1,2010
2010-05-22,2010,5,18.0,17.65,17.685489894614644,2010-05-23,SVR,1,2010
2010-05-23,2010,5,17.65,17.6,17.496506718397036,2010-05-24,SVR,1,2010
2010-05-24,2010,5,17.6,17.7,17.618413548482575,2010-05-25,SVR,1,2010
2010-05-25,2010,5,17.7,18.04,17.831513299608464,2010-05-26,SVR,1,2010
2010-05-26,2010,5,18.04,18.18,18.31518400586755,2010-05-27,SVR,1,2010
2010-05-27,2010,5,18.18,18.08,18.267185947300774,2010-05-28,SVR,1,2010
2010-05-28,2010,5,18.08,17.84,17.97034422578659,2010-05-29,SVR,1,2010
2010-05-29,2010,5,17.84,17.64,17.720567637944335,2010-05-30,SVR,1,2010
2010-05-30,2010,5,17.64,17.58,17.561614607230553,2010-05-31,SVR,1,2010
2010-05-31,2010,5,17.58,17.44,17.623909876387316,2010-06-01,SVR,1,2010
2010-06-01,2010,6,17.44,17.38,17.424515601299856,2010-06-02,SVR,1,2010
2010-06-02,2010,6,17.38,17.44,17.379796802842232,2010-06-03,SVR,1,2010
2010-06-03,2010,6,17.44,17.41,17.4956397148832,2010-06-04,SVR,1,2010
2010-06-04,2010,6,17.41,17.57,17.364728811844547,2010-06-05,SVR,1,2010
2010-06-05,2010,6,17.57,17.76,17.703295799656644,2010-06-06,SVR,1,2010
2010-06-06,2010,6,17.76,18.0,17.92336338724019,2010-06-07,SVR,1,2010
2010-06-07,2010,6,18.0,18.2,18.21350056257871,2010-06-08,SVR,1,2010
2010-06-08,2010,6,18.2,18.2,18.338477482464825,2010-06-09,SVR,1,2010
2010-06-09,2010,6,18.2,18.33,18.107361032120682,2010-06-10,SVR,1,2010
2010-06-10,2010,6,18.33,18.75,18.42209301544504,2010-06-11,SVR,1,2010
2010-06-11,2010,6,18.75,18.93,19.060223212961578,2010-06-12,SVR,1,2010
2010-06-12,2010,6,18.93,18.92,18.94363230943561,2010-06-13,SVR,1,2010
2010-06-13,2010,6,18.92,18.65,18.79099794010487,2010-06-14,SVR,1,2010
2010-06-14,2010,6,18.65,18.45,18.458605368448445,2010-06-15,SVR,1,2010
2010-06-15,2010,6,18.45,18.34,18.346194891064396,2010-06-16,SVR,1,2010
2010-06-16,2010,6,18.34,18.31,18.361437328184103,2010-06-17,SVR,1,2010
2010-06-17,2010,6,18.31,18.32,18.354824942263427,2010-06-18,SVR,1,2010
2010-06-18,2010,6,18.32,18.44,18.334040438424054,2010-06-19,SVR,1,2010
2010-06-19,2010,6,18.44,18.44,18.52834935814615,2010-06-20,SVR,1,2010
2010-06-20,2010,6,18.44,18.57,18.430343638846868,2010-06-21,SVR,1,2010
2010-06-21,2010,6,18.57,18.55,18.666262891684976,2010-06-22,SVR,1,2010
2010-06-22,2010,6,18.55,18.51,18.5246847217999,2010-06-23,SVR,1,2010
2010-06-23,2010,6,18.51,18.61,18.45926563371858,2010-06-24,SVR,1,2010
2010-06-24,2010,6,18.61,18.61,18.68036945148485,2010-06-25,SVR,1,2010
2010-06-25,2010,6,18.61,18.65,18.594721652961802,2010-06-26,SVR,1,2010
2010-06-26,2010,6,18.65,18.74,18.648457711068836,2010-06-27,SVR,1,2010
2010-06-27,2010,6,18.74,19.31,18.799838047704274,2010-06-28,SVR,1,2010
2010-06-28,2010,6,19.31,19.61,19.689811790594188,2010-06-29,SVR,1,2010
2010-06-29,2010,6,19.61,19.59,19.808202045011036,2010-06-30,SVR,1,2010
2010-06-30,2010,6,19.59,19.51,19.518190788313696,2010-07-01,SVR,1,2010
2010-07-01,2010,7,19.51,19.47,19.374519544630257,2010-07-02,SVR,1,2010
2010-07-02,2010,7,19.47,19.42,19.4089424314127,2010-07-03,SVR,1,2010
2010-07-03,2010,7,19.42,19.45,19.351970804325468,2010-07-04,SVR,1,2010
2010-07-04,2010,7,19.45,19.44,19.43464912100314,2010-07-05,SVR,1,2010
2010-07-05,2010,7,19.44,19.35,19.408443938007295,2010-07-06,SVR,1,2010
2010-07-06,2010,7,19.35,19.24,19.287321837964534,2010-07-07,SVR,1,2010
2010-07-07,2010,7,19.24,19.08,19.173365722840565,2010-07-08,SVR,1,2010
2010-07-08,2010,7,19.08,19.05,18.98419650842471,2010-07-09,SVR,1,2010
2010-07-09,2010,7,19.05,19.05,19.043421061961915,2010-07-10,SVR,1,2010
2010-07-10,2010,7,19.05,19.26,19.03776874367518,2010-07-11,SVR,1,2010
2010-07-11,2010,7,19.26,19.42,19.39819226824441,2010-07-12,SVR,1,2010
2010-07-12,2010,7,19.42,19.51,19.553416029870803,2010-07-13,SVR,1,2010
2010-07-13,2010,7,19.51,19.52,19.6096344423572,2010-07-14,SVR,1,2010
2010-07-14,2010,7,19.52,19.52,19.523055713707855,2010-07-15,SVR,1,2010
2010-07-15,2010,7,19.52,19.44,19.496426041601328,2010-07-16,SVR,1,2010
2010-07-16,2010,7,19.44,19.34,19.367147831605987,2010-07-17,SVR,1,2010
2010-07-17,2010,7,19.34,19.31,19.26934827796874,2010-07-18,SVR,1,2010
2010-07-18,2010,7,19.31,19.4,19.297891682985316,2010-07-19,SVR,1,2010
2010-07-19,2010,7,19.4,19.52,19.45320727410165,2010-07-20,SVR,1,2010
2010-07-20,2010,7,19.52,19.54,19.615998238087887,2010-07-21,SVR,1,2010
2010-07-21,2010,7,19.54,19.67,19.571467084824715,2010-07-22,SVR,1,2010
2010-07-22,2010,7,19.67,19.8,19.775344082381064,2010-07-23,SVR,1,2010
2010-07-23,2010,7,19.8,19.78,19.89768948006768,2010-07-24,SVR,1,2010
2010-07-24,2010,7,19.78,19.65,19.75006481540442,2010-07-25,SVR,1,2010
2010-07-25,2010,7,19.65,19.47,19.53535619714373,2010-07-26,SVR,1,2010
2010-07-26,2010,7,19.47,19.33,19.322353699168858,2010-07-27,SVR,1,2010
2010-07-27,2010,7,19.33,19.29,19.22350002626685,2010-07-28,SVR,1,2010
2010-07-28,2010,7,19.29,19.21,19.274388080370684,2010-07-29,SVR,1,2010
2010-07-29,2010,7,19.21,19.17,19.15524405782563,2010-07-30,SVR,1,2010
2010-07-30,2010,7,19.17,19.08,19.128532656565227,2010-07-31,SVR,1,2010
2010-07-31,2010,7,19.08,19.07,19.011815222709792,2010-08-01,SVR,1,2010
2010-08-01,2010,8,19.07,18.97,19.054903097816517,2010-08-02,SVR,1,2010
2010-08-02,2010,8,18.97,18.9,18.905881091665982,2010-08-03,SVR,1,2010
2010-08-03,2010,8,18.9,18.73,18.86068387496736,2010-08-04,SVR,1,2010
2010-08-04,2010,8,18.73,18.68,18.61777800734296,2010-08-05,SVR,1,2010
2010-08-05,2010,8,18.68,18.653,18.657244786093276,2010-08-06,SVR,1,2010
2010-08-06,2010,8,18.653,18.62,18.646398867429923,2010-08-07,SVR,1,2010
2010-08-07,2010,8,18.62,18.57,18.603000723822973,2010-08-08,SVR,1,2010
2010-08-08,2010,8,18.57,18.54,18.542052114833908,2010-08-09,SVR,1,2010
2010-08-09,2010,8,18.54,18.47,18.530262707222217,2010-08-10,SVR,1,2010
2010-08-10,2010,8,18.47,18.38,18.431415058673494,2010-08-11,SVR,1,2010
2010-08-11,2010,8,18.38,18.34,18.333864313501973,2010-08-12,SVR,1,2010
2010-08-12,2010,8,18.34,18.28,18.336821762492583,2010-08-13,SVR,1,2010
2010-08-13,2010,8,18.28,18.25,18.2606732834852,2010-08-14,SVR,1,2010
2010-08-14,2010,8,18.25,18.18,18.248861733638304,2010-08-15,SVR,1,2010
2010-08-15,2010,8,18.18,18.15,18.15175584616576,2010-08-16,SVR,1,2010
2010-08-16,2010,8,18.15,18.14,18.148759469825062,2010-08-17,SVR,1,2010
2010-08-17,2010,8,18.14,18.37,18.151627652868566,2010-08-18,SVR,1,2010
2010-08-18,2010,8,18.37,18.5,18.571776344972484,2010-08-19,SVR,1,2010
2010-08-19,2010,8,18.5,18.75,18.61939372173747,2010-08-20,SVR,1,2010
2010-08-20,2010,8,18.75,18.79,18.982805553024843,2010-08-21,SVR,1,2010
2010-08-21,2010,8,18.79,18.89,18.832207716196617,2010-08-22,SVR,1,2010
2010-08-22,2010,8,18.89,19.05,19.014400492966193,2010-08-23,SVR,1,2010
2010-08-23,2010,8,19.05,19.22,19.19283910833015,2010-08-24,SVR,1,2010
2010-08-24,2010,8,19.22,19.37,19.33389665644167,2010-08-25,SVR,1,2010
2010-08-25,2010,8,19.37,19.38,19.470896718290923,2010-08-26,SVR,1,2010
2010-08-26,2010,8,19.38,19.35,19.369022105978765,2010-08-27,SVR,1,2010
2010-08-27,2010,8,19.35,19.39,19.32528781560761,2010-08-28,SVR,1,2010
2010-08-28,2010,8,19.39,19.52,19.42877987958306,2010-08-29,SVR,1,2010
2010-08-29,2010,8,19.52,19.53,19.61864886699004,2010-08-30,SVR,1,2010
2010-08-30,2010,8,19.53,19.53,19.53369304115475,2010-08-31,SVR,1,2010
2010-08-31,2010,8,19.53,19.42,19.524227210991466,2010-09-01,SVR,1,2010
2010-09-01,2010,9,19.42,19.33,19.33685227846341,2010-09-02,SVR,1,2010
2010-09-02,2010,9,19.33,19.29,19.255497532804924,2010-09-03,SVR,1,2010
2010-09-03,2010,9,19.29,19.2,19.264340060827873,2010-09-04,SVR,1,2010
2010-09-04,2010,9,19.2,19.19,19.12915825889908,2010-09-05,SVR,1,2010
2010-09-05,2010,9,19.19,19.19,19.173641551341934,2010-09-06,SVR,1,2010
2010-09-06,2010,9,19.19,19.2,19.17166435257165,2010-09-07,SVR,1,2010
2010-09-07,2010,9,19.2,19.12,19.18686625482701,2010-09-08,SVR,1,2010
2010-09-08,2010,9,19.12,19.09,19.056110788752882,2010-09-09,SVR,1,2010
2010-09-09,2010,9,19.09,19.17,19.067444313217496,2010-09-10,SVR,1,2010
2010-09-10,2010,9,19.17,19.35,19.224700485760245,2010-09-11,SVR,1,2010
2010-09-11,2010,9,19.35,19.61,19.471116052510563,2010-09-12,SVR,1,2010
2010-09-12,2010,9,19.61,19.77,19.74634824439211,2010-09-13,SVR,1,2010
2010-09-13,2010,9,19.77,19.78,19.859565297193562,2010-09-14,SVR,1,2010
2010-09-14,2010,9,19.78,19.78,19.757855650532306,2010-09-15,SVR,1,2010
2010-09-15,2010,9,19.78,19.78,19.750950055604648,2010-09-16,SVR,1,2010
2010-09-16,2010,9,19.78,19.71,19.748941611954592,2010-09-17,SVR,1,2010
2010-09-17,2010,9,19.71,19.55,19.6132428053111,2010-09-18,SVR,1,2010
2010-09-18,2010,9,19.55,19.41,19.373512310674645,2010-09-19,SVR,1,2010
2010-09-19,2010,9,19.41,19.3,19.240218735758766,2010-09-20,SVR,1,2010
2010-09-20,2010,9,19.3,19.27,19.16925005248225,2010-09-21,SVR,1,2010
2010-09-21,2010,9,19.27,19.25,19.20995401520864,2010-09-22,SVR,1,2010
2010-09-22,2010,9,19.25,19.23,19.18984861476042,2010-09-23,SVR,1,2010
2010-09-23,2010,9,19.23,19.18,19.167327186456234,2010-09-24,SVR,1,2010
2010-09-24,2010,9,19.18,19.09,19.106312116127693,2010-09-25,SVR,1,2010
2010-09-25,2010,9,19.09,19.0,18.991510830688558,2010-09-26,SVR,1,2010
2010-09-26,2010,9,19.0,18.87,18.89918744931825,2010-09-27,SVR,1,2010
2010-09-27,2010,9,18.87,18.75,18.73173910510737,2010-09-28,SVR,1,2010
2010-09-28,2010,9,18.75,18.66,18.615230611443334,2010-09-29,SVR,1,2010
2010-09-29,2010,9,18.66,18.61,18.56148388664068,2010-09-30,SVR,1,2010
2010-11-08,2010,11,15.78,15.74,15.704112581057762,2010-11-09,SVR,1,2010
2010-11-09,2010,11,15.74,15.68,15.684113411061182,2010-11-10,SVR,1,2010
2010-11-10,2010,11,15.68,15.6,15.61200097250882,2010-11-11,SVR,1,2010
2010-11-11,2010,11,15.6,15.55,15.513313580359794,2010-11-12,SVR,1,2010
2010-11-12,2010,11,15.55,15.5,15.489639830837437,2010-11-13,SVR,1,2010
2010-11-13,2010,11,15.5,15.45,15.44633085226858,2010-11-14,SVR,1,2010
2010-11-14,2010,11,15.45,15.4,15.392151587359452,2010-11-15,SVR,1,2010
2010-11-15,2010,11,15.4,15.33,15.343971376197883,2010-11-16,SVR,1,2010
2010-11-16,2010,11,15.33,15.29,15.259959861983319,2010-11-17,SVR,1,2010
2010-11-17,2010,11,15.29,15.26,15.242844944192884,2010-11-18,SVR,1,2010
2010-11-18,2010,11,15.26,15.23,15.226750233368895,2010-11-19,SVR,1,2010
2010-11-19,2010,11,15.23,15.2,15.192781844031167,2010-11-20,SVR,1,2010
2010-11-20,2010,11,15.2,15.17,15.162865199199713,2010-11-21,SVR,1,2010
2010-11-21,2010,11,15.17,15.14,15.134745625385406,2010-11-22,SVR,1,2010
2010-11-22,2010,11,15.14,15.12,15.106184556328465,2010-11-23,SVR,1,2010
2010-11-23,2010,11,15.12,15.08,15.095568292101817,2010-11-24,SVR,1,2010
2010-11-24,2010,11,15.08,15.05,15.039426882051501,2010-11-25,SVR,1,2010
2010-11-25,2010,11,15.05,15.07,15.015959318216428,2010-11-26,SVR,1,2010
2010-11-26,2010,11,15.07,15.09,15.08088227410457,2010-11-27,SVR,1,2010
2010-11-27,2010,11,15.09,15.11,15.090804575363133,2010-11-28,SVR,1,2010
2010-11-28,2010,11,15.11,15.11,15.104239989434168,2010-11-29,SVR,1,2010
2010-11-29,2010,11,15.11,15.06,15.092777422013649,2010-11-30,SVR,1,2010
2010-11-30,2010,11,15.06,15.01,15.006969364975394,2010-12-01,SVR,1,2010
2010-12-01,2010,12,15.01,14.93,14.960968603452889,2010-12-02,SVR,1,2010
2010-12-02,2010,12,14.93,14.897,14.866080810053319,2010-12-03,SVR,1,2010
2010-12-03,2010,12,14.897,14.86,14.860108530852726,2010-12-04,SVR,1,2010
2010-12-04,2010,12,14.86,14.82,14.823219267125967,2010-12-05,SVR,1,2010
2010-12-05,2010,12,14.82,14.8,14.772188794261563,2010-12-06,SVR,1,2010
2010-12-06,2010,12,14.8,14.79,14.769757717085918,2010-12-07,SVR,1,2010
2010-12-07,2010,12,14.79,14.77,14.771692476977671,2010-12-08,SVR,1,2010
2010-12-08,2010,12,14.77,14.74,14.743702685810334,2010-12-09,SVR,1,2010
2010-12-09,2010,12,14.74,14.7,14.706693081931972,2010-12-10,SVR,1,2010
2010-12-10,2010,12,14.7,14.66,14.661941509184704,2010-12-11,SVR,1,2010
2010-12-11,2010,12,14.66,14.61,14.623431462103019,2010-12-12,SVR,1,2010
2010-12-12,2010,12,14.61,14.57,14.566659645588556,2010-12-13,SVR,1,2010
2010-12-13,2010,12,14.57,14.53,14.532008805461542,2010-12-14,SVR,1,2010
2010-12-14,2010,12,14.53,14.5,14.4928968826452,2010-12-15,SVR,1,2010
2010-12-15,2010,12,14.5,14.47,14.468548367369499,2010-12-16,SVR,1,2010
2010-12-16,2010,12,14.47,14.45,14.439820578188977,2010-12-17,SVR,1,2010
2010-12-17,2010,12,14.45,14.43,14.427602636823893,2010-12-18,SVR,1,2010
2010-12-18,2010,12,14.43,14.41,14.41000590627719,2010-12-19,SVR,1,2010
2010-12-19,2010,12,14.41,14.38,14.390613462395015,2010-12-20,SVR,1,2010
2010-12-20,2010,12,14.38,14.36,14.354461821706431,2010-12-21,SVR,1,2010
2010-12-21,2010,12,14.36,14.34,14.34301489476465,2010-12-22,SVR,1,2010
2010-12-22,2010,12,14.34,14.33,14.325172532195316,2010-12-23,SVR,1,2010
2010-12-23,2010,12,14.33,14.28,14.322108181693599,2010-12-24,SVR,1,2010
2010-12-24,2010,12,14.28,14.27,14.241434373726646,2010-12-25,SVR,1,2010
2010-12-25,2010,12,14.27,14.26,14.259705963896055,2010-12-26,SVR,1,2010
2010-12-26,2010,12,14.26,14.24,14.257429893411063,2010-12-27,SVR,1,2010
2010-12-27,2010,12,14.24,14.21,14.22366212215267,2010-12-28,SVR,1,2010
2010-12-28,2010,12,14.21,14.17,14.186602713740836,2010-12-29,SVR,1,2010
2010-12-29,2010,12,14.17,14.14,14.140990244411988,2010-12-30,SVR,1,2010
2010-12-30,2010,12,14.14,14.1,14.119368297810219,2010-12-31,SVR,1,2010
2010-12-31,2010,12,14.1,14.08,14.072587701621055,2011-01-01,SVR,1,2010
2011-01-01,2011,1,14.08,14.06,14.059803866804515,2011-01-02,SVR,1,2011
2011-01-02,2011,1,14.06,14.04,14.040789524330888,2011-01-03,SVR,1,2011
2011-01-03,2011,1,14.04,14.03,14.018493643443582,2011-01-04,SVR,1,2011
2011-01-04,2011,1,14.03,13.99,14.018123801255971,2011-01-05,SVR,1,2011
2011-01-05,2011,1,13.99,13.96,13.954302848955885,2011-01-06,SVR,1,2011
2011-01-06,2011,1,13.96,13.94,13.932464175360476,2011-01-07,SVR,1,2011
2011-01-07,2011,1,13.94,13.92,13.924976790444584,2011-01-08,SVR,1,2011
2011-01-08,2011,1,13.92,13.9,13.902959619131808,2011-01-09,SVR,1,2011
2011-01-09,2011,1,13.9,13.88,13.881656558561772,2011-01-10,SVR,1,2011
2011-01-10,2011,1,13.88,13.863,13.862175516031579,2011-01-11,SVR,1,2011
2011-01-11,2011,1,13.863,13.84,13.848267602484746,2011-01-12,SVR,1,2011
2011-01-12,2011,1,13.84,13.82,13.82106827772125,2011-01-13,SVR,1,2011
2011-01-13,2011,1,13.82,13.798,13.803748560619434,2011-01-14,SVR,1,2011
2011-01-14,2011,1,13.798,13.77,13.781135025341062,2011-01-15,SVR,1,2011
2011-01-15,2011,1,13.77,13.75,13.748049639698976,2011-01-16,SVR,1,2011
2011-01-16,2011,1,13.75,13.73,13.735086460151843,2011-01-17,SVR,1,2011
2011-01-17,2011,1,13.73,13.71,13.715874442416187,2011-01-18,SVR,1,2011
2011-01-18,2011,1,13.71,13.69,13.694940303494262,2011-01-19,SVR,1,2011
2011-01-19,2011,1,13.69,13.68,13.675404131778139,2011-01-20,SVR,1,2011
2011-01-20,2011,1,13.68,13.67,13.674209192813272,2011-01-21,SVR,1,2011
2011-01-21,2011,1,13.67,13.65,13.664656443490063,2011-01-22,SVR,1,2011
2011-01-22,2011,1,13.65,13.63,13.635578638281894,2011-01-23,SVR,1,2011
2011-01-23,2011,1,13.63,13.63,13.616551718763342,2011-01-24,SVR,1,2011
2011-01-24,2011,1,13.63,13.63,13.635205229920201,2011-01-25,SVR,1,2011
2011-01-25,2011,1,13.63,13.61,13.635526684792547,2011-01-26,SVR,1,2011
2011-01-26,2011,1,13.61,13.59,13.595854810587344,2011-01-27,SVR,1,2011
2011-01-27,2011,1,13.59,13.56,13.577350653048708,2011-01-28,SVR,1,2011
2011-01-28,2011,1,13.56,13.54,13.542335010555856,2011-01-29,SVR,1,2011
2011-01-29,2011,1,13.54,13.52,13.530477167260738,2011-01-30,SVR,1,2011
2011-01-30,2011,1,13.52,13.5,13.511434167794182,2011-01-31,SVR,1,2011
2011-01-31,2011,1,13.5,13.48,13.489725249149597,2011-02-01,SVR,1,2011
2011-02-01,2011,2,13.48,13.46,13.469921616026499,2011-02-02,SVR,1,2011
2011-02-02,2011,2,13.46,13.44,13.450506723674293,2011-02-03,SVR,1,2011
2011-02-03,2011,2,13.44,13.43,13.431099752242348,2011-02-04,SVR,1,2011
2011-02-04,2011,2,13.43,13.42,13.430026748476012,2011-02-05,SVR,1,2011
2011-02-05,2011,2,13.42,13.4,13.420454404402504,2011-02-06,SVR,1,2011
2011-02-06,2011,2,13.4,13.39,13.391357618470131,2011-02-07,SVR,1,2011
2011-02-07,2011,2,13.39,13.37,13.390820415059853,2011-02-08,SVR,1,2011
2011-02-08,2011,2,13.37,13.36,13.364230867991067,2011-02-09,SVR,1,2011
2011-02-09,2011,2,13.36,13.35,13.361996559338218,2011-02-10,SVR,1,2011
2011-02-10,2011,2,13.35,13.33,13.353743067236618,2011-02-11,SVR,1,2011
2011-02-11,2011,2,13.33,13.32,13.32430727809687,2011-02-12,SVR,1,2011
2011-02-12,2011,2,13.32,13.31,13.323558955863561,2011-02-13,SVR,1,2011
2011-02-13,2011,2,13.31,13.3,13.315397199488524,2011-02-14,SVR,1,2011
2011-02-14,2011,2,13.3,13.3,13.304556508587618,2011-02-15,SVR,1,2011
2011-02-15,2011,2,13.3,13.3,13.31394577184232,2011-02-16,SVR,1,2011
2011-02-16,2011,2,13.3,13.32,13.314670925364213,2011-02-17,SVR,1,2011
2011-02-17,2011,2,13.32,13.33,13.348289366976168,2011-02-18,SVR,1,2011
2011-02-18,2011,2,13.33,13.34,13.347633472561828,2011-02-19,SVR,1,2011
2011-02-19,2011,2,13.34,13.35,13.358635908718679,2011-02-20,SVR,1,2011
2011-02-20,2011,2,13.35,13.34,13.37104877242059,2011-02-21,SVR,1,2011
2011-02-21,2011,2,13.34,13.33,13.34640441834097,2011-02-22,SVR,1,2011
2011-02-22,2011,2,13.33,13.32,13.338797859943147,2011-02-23,SVR,1,2011
2011-02-23,2011,2,13.32,13.31,13.33207299571273,2011-02-24,SVR,1,2011
2011-02-24,2011,2,13.31,13.36,13.321829537282824,2011-02-25,SVR,1,2011
2011-02-25,2011,2,13.36,13.47,13.419188509112063,2011-02-26,SVR,1,2011
2011-02-26,2011,2,13.47,13.56,13.565330465988376,2011-02-27,SVR,1,2011
2011-02-27,2011,2,13.56,13.58,13.614012610991983,2011-02-28,SVR,1,2011
2011-02-28,2011,2,13.58,13.56,13.574988899438798,2011-03-01,SVR,1,2011
2011-03-01,2011,3,13.56,13.51,13.548019663200511,2011-03-02,SVR,1,2011
2011-03-02,2011,3,13.51,13.44,13.48775497769165,2011-03-03,SVR,1,2011
2011-03-03,2011,3,13.44,13.39,13.411490882794599,2011-03-04,SVR,1,2011
2011-03-04,2011,3,13.39,13.34,13.380938304738772,2011-03-05,SVR,1,2011
2011-03-05,2011,3,13.34,13.3,13.331749852575868,2011-03-06,SVR,1,2011
2011-03-06,2011,3,13.3,13.28,13.294818411161465,2011-03-07,SVR,1,2011
2011-03-07,2011,3,13.28,13.26,13.290062740891868,2011-03-08,SVR,1,2011
2011-03-08,2011,3,13.26,13.24,13.269320335972733,2011-03-09,SVR,1,2011
2011-03-09,2011,3,13.24,13.22,13.248179475249607,2011-03-10,SVR,1,2011
2011-03-10,2011,3,13.22,13.21,13.230160118954931,2011-03-11,SVR,1,2011
2011-03-11,2011,3,13.21,13.21,13.230146931265981,2011-03-12,SVR,1,2011
2011-03-12,2011,3,13.21,13.22,13.24000463994489,2011-03-13,SVR,1,2011
2011-03-13,2011,3,13.22,13.24,13.25679464431899,2011-03-14,SVR,1,2011
2011-03-14,2011,3,13.24,13.27,13.281807725017824,2011-03-15,SVR,1,2011
2011-03-15,2011,3,13.27,13.32,13.317036279096614,2011-03-16,SVR,1,2011
2011-03-16,2011,3,13.32,13.34,13.381050631595679,2011-03-17,SVR,1,2011
2011-03-17,2011,3,13.34,13.42,13.370292053244842,2011-03-18,SVR,1,2011
2011-03-18,2011,3,13.42,13.56,13.511473497563895,2011-03-19,SVR,1,2011
2011-03-19,2011,3,13.56,13.76,13.696394057962403,2011-03-20,SVR,1,2011
2011-03-20,2011,3,13.76,13.84,13.924302822201703,2011-03-21,SVR,1,2011
2011-03-21,2011,3,13.84,13.87,13.858417649353347,2011-03-22,SVR,1,2011
2011-03-22,2011,3,13.87,13.87,13.88232826811374,2011-03-23,SVR,1,2011
2011-03-23,2011,3,13.87,13.85,13.887976394242502,2011-03-24,SVR,1,2011
2011-03-24,2011,3,13.85,13.81,13.861892512166643,2011-03-25,SVR,1,2011
2011-03-25,2011,3,13.81,13.81,13.810955019075955,2011-03-26,SVR,1,2011
2011-03-26,2011,3,13.81,14.19,13.857329851224286,2011-03-27,SVR,1,2011
2011-03-27,2011,3,14.19,14.83,14.516045016053734,2011-03-28,SVR,1,2011
2011-03-28,2011,3,14.83,14.99,15.130635898593797,2011-03-29,SVR,1,2011
2011-03-29,2011,3,14.99,14.99,14.91280569161795,2011-03-30,SVR,1,2011
2011-03-30,2011,3,14.99,14.98,14.941925173347606,2011-03-31,SVR,1,2011
2011-03-31,2011,3,14.98,14.96,15.044308827699764,2011-04-01,SVR,1,2011
2011-04-01,2011,4,14.96,14.96,15.011129534276082,2011-04-02,SVR,1,2011
2011-04-02,2011,4,14.96,14.92,15.001728663504995,2011-04-03,SVR,1,2011
2011-04-03,2011,4,14.92,14.83,14.94872531487453,2011-04-04,SVR,1,2011
2011-04-04,2011,4,14.83,14.72,14.80496178593109,2011-04-05,SVR,1,2011
2011-04-05,2011,4,14.72,14.62,14.682662067827904,2011-04-06,SVR,1,2011
2011-04-06,2011,4,14.62,14.56,14.592570107111166,2011-04-07,SVR,1,2011
2011-04-07,2011,4,14.56,14.51,14.556977855923261,2011-04-08,SVR,1,2011
2011-04-08,2011,4,14.51,14.5,14.510924279452906,2011-04-09,SVR,1,2011
2011-04-09,2011,4,14.5,14.5,14.526186127165253,2011-04-10,SVR,1,2011
2011-04-10,2011,4,14.5,14.48,14.538586562620104,2011-04-11,SVR,1,2011
2011-04-11,2011,4,14.48,14.45,14.500852561076863,2011-04-12,SVR,1,2011
2011-04-12,2011,4,14.45,14.41,14.47013686166993,2011-04-13,SVR,1,2011
2011-04-13,2011,4,14.41,14.43,14.431087480866239,2011-04-14,SVR,1,2011
2011-04-14,2011,4,14.43,14.43,14.508474225187875,2011-04-15,SVR,1,2011
2011-04-15,2011,4,14.43,14.42,14.484896251315579,2011-04-16,SVR,1,2011
2011-04-16,2011,4,14.42,14.47,14.460898427339327,2011-04-17,SVR,1,2011
2011-04-17,2011,4,14.47,14.52,14.570544288325792,2011-04-18,SVR,1,2011
2011-04-18,2011,4,14.52,14.53,14.60397071997257,2011-04-19,SVR,1,2011
2011-04-19,2011,4,14.53,14.53,14.568206248567666,2011-04-20,SVR,1,2011
2011-04-20,2011,4,14.53,14.49,14.576109443792747,2011-04-21,SVR,1,2011
2011-04-21,2011,4,14.49,14.52,14.511830991646873,2011-04-22,SVR,1,2011
2011-04-22,2011,4,14.52,14.63,14.613939099254381,2011-04-23,SVR,1,2011
2011-04-23,2011,4,14.63,14.66,14.785679521233854,2011-04-24,SVR,1,2011
2011-04-24,2011,4,14.66,14.645,14.693569636940563,2011-04-25,SVR,1,2011
2011-04-25,2011,4,14.645,14.71,14.656511955575663,2011-04-26,SVR,1,2011
2011-04-26,2011,4,14.71,14.95,14.8274254930244,2011-04-27,SVR,1,2011
2011-04-27,2011,4,14.95,15.28,15.216728498217881,2011-04-28,SVR,1,2011
2011-04-28,2011,4,15.28,15.41,15.508439050986102,2011-04-29,SVR,1,2011
2011-04-29,2011,4,15.41,15.41,15.39335004565707,2011-04-30,SVR,1,2011
2011-04-30,2011,4,15.41,15.34,15.35814510763461,2011-05-01,SVR,1,2011
2011-05-01,2011,5,15.34,15.3,15.284840901500981,2011-05-02,SVR,1,2011
2011-05-02,2011,5,15.3,15.2,15.303500873555725,2011-05-03,SVR,1,2011
2011-05-03,2011,5,15.2,15.15,15.18852039270342,2011-05-04,SVR,1,2011
2011-05-04,2011,5,15.15,15.07,15.175579562621449,2011-05-05,SVR,1,2011
2011-05-05,2011,5,15.07,15.02,15.069549639364629,2011-05-06,SVR,1,2011
2011-05-06,2011,5,15.02,15.16,15.02484796405776,2011-05-07,SVR,1,2011
2011-05-07,2011,5,15.16,15.26,15.343787226991584,2011-05-08,SVR,1,2011
2011-05-08,2011,5,15.26,15.37,15.345761246882466,2011-05-09,SVR,1,2011
2011-05-09,2011,5,15.37,15.48,15.475008665796034,2011-05-10,SVR,1,2011
2011-05-10,2011,5,15.48,15.59,15.590204183169547,2011-05-11,SVR,1,2011
2011-05-11,2011,5,15.59,15.63,15.698926096608902,2011-05-12,SVR,1,2011
2011-05-12,2011,5,15.63,15.33,15.653186802512893,2011-05-13,SVR,1,2011
2011-05-13,2011,5,15.33,15.31,15.206336376623712,2011-05-14,SVR,1,2011
2011-05-14,2011,5,15.31,15.24,15.302056076441177,2011-05-15,SVR,1,2011
2011-05-15,2011,5,15.24,15.36,15.301352632739109,2011-05-16,SVR,1,2011
2011-05-16,2011,5,15.36,15.36,15.52557021339755,2011-05-17,SVR,1,2011
2011-05-17,2011,5,15.36,15.34,15.364434959699107,2011-05-18,SVR,1,2011
2011-05-18,2011,5,15.34,15.35,15.339768743577812,2011-05-19,SVR,1,2011
2011-05-19,2011,5,15.35,15.35,15.425478641285904,2011-05-20,SVR,1,2011
2011-05-20,2011,5,15.35,15.37,15.420870552385827,2011-05-21,SVR,1,2011
2011-05-21,2011,5,15.37,15.36,15.453365403596017,2011-05-22,SVR,1,2011
2011-05-22,2011,5,15.36,15.39,15.421636622970908,2011-05-23,SVR,1,2011
2011-05-23,2011,5,15.39,15.5,15.488868581515431,2011-05-24,SVR,1,2011
2011-05-24,2011,5,15.5,15.62,15.669022865540772,2011-05-25,SVR,1,2011
2011-05-25,2011,5,15.62,15.73,15.761954080798416,2011-05-26,SVR,1,2011
2011-05-26,2011,5,15.73,15.74,15.848435101439952,2011-05-27,SVR,1,2011
2011-05-27,2011,5,15.74,15.81,15.745440736051373,2011-05-28,SVR,1,2011
2011-05-28,2011,5,15.81,15.92,15.91498075935155,2011-05-29,SVR,1,2011
2011-05-29,2011,5,15.92,16.28,16.062608388995113,2011-05-30,SVR,1,2011
2011-05-30,2011,5,16.28,16.4,16.66049950661083,2011-05-31,SVR,1,2011
2011-05-31,2011,5,16.4,16.35,16.381714831721126,2011-06-01,SVR,1,2011
2011-06-01,2011,6,16.35,16.26,16.253125813905925,2011-06-02,SVR,1,2011
2011-06-02,2011,6,16.26,16.22,16.206926580139363,2011-06-03,SVR,1,2011
2011-06-03,2011,6,16.22,16.3,16.25429120460197,2011-06-04,SVR,1,2011
2011-06-04,2011,6,16.3,16.49,16.446581422401817,2011-06-05,SVR,1,2011
2011-06-05,2011,6,16.49,16.77,16.712467430994934,2011-06-06,SVR,1,2011
2011-06-06,2011,6,16.77,17.21,17.050787584015435,2011-06-07,SVR,1,2011
2011-06-07,2011,6,17.21,17.49,17.619843012729728,2011-06-08,SVR,1,2011
2011-06-08,2011,6,17.49,17.59,17.67940965442324,2011-06-09,SVR,1,2011
2011-06-09,2011,6,17.59,17.6,17.613826111620266,2011-06-10,SVR,1,2011
2011-06-10,2011,6,17.6,17.6,17.566701661755506,2011-06-11,SVR,1,2011
2011-06-11,2011,6,17.6,17.56,17.604748903673244,2011-06-12,SVR,1,2011
2011-06-12,2011,6,17.56,17.39,17.53928298533771,2011-06-13,SVR,1,2011
2011-06-13,2011,6,17.39,17.26,17.33113967876969,2011-06-14,SVR,1,2011
2011-06-14,2011,6,17.26,17.16,17.220643449828838,2011-06-15,SVR,1,2011
2011-06-15,2011,6,17.16,17.03,17.144468736159084,2011-06-16,SVR,1,2011
2011-06-16,2011,6,17.03,17.05,16.974158128508783,2011-06-17,SVR,1,2011
2011-06-17,2011,6,17.05,17.17,17.097973305359904,2011-06-18,SVR,1,2011
2011-06-18,2011,6,17.17,17.2,17.294766871219704,2011-06-19,SVR,1,2011
2011-06-19,2011,6,17.2,17.203,17.209091003584923,2011-06-20,SVR,1,2011
2011-06-20,2011,6,17.203,17.19,17.197268186723544,2011-06-21,SVR,1,2011
2011-06-21,2011,6,17.19,17.23,17.197686305480286,2011-06-22,SVR,1,2011
2011-06-22,2011,6,17.23,17.33,17.296999589446518,2011-06-23,SVR,1,2011
2011-06-23,2011,6,17.33,17.44,17.453770126935417,2011-06-24,SVR,1,2011
2011-06-24,2011,6,17.44,17.46,17.558114120674897,2011-06-25,SVR,1,2011
2011-06-25,2011,6,17.46,17.6,17.47566331538139,2011-06-26,SVR,1,2011
2011-06-26,2011,6,17.6,17.75,17.77121105007537,2011-06-27,SVR,1,2011
2011-06-27,2011,6,17.75,17.91,17.904759638991916,2011-06-28,SVR,1,2011
2011-06-28,2011,6,17.91,17.93,18.06786970722847,2011-06-29,SVR,1,2011
2011-06-29,2011,6,17.93,17.96,17.92775763520927,2011-06-30,SVR,1,2011
2011-06-30,2011,6,17.96,18.08,17.995919183211143,2011-07-01,SVR,1,2011
2011-07-01,2011,7,18.08,18.29,18.22329917236447,2011-07-02,SVR,1,2011
2011-07-02,2011,7,18.29,18.47,18.479111086148595,2011-07-03,SVR,1,2011
2011-07-03,2011,7,18.47,18.41,18.60227870171282,2011-07-04,SVR,1,2011
2011-07-04,2011,7,18.41,18.43,18.319475826091068,2011-07-05,SVR,1,2011
2011-07-05,2011,7,18.43,18.6,18.461572527352807,2011-07-06,SVR,1,2011
2011-07-06,2011,7,18.6,18.84,18.77486864662989,2011-07-07,SVR,1,2011
2011-07-07,2011,7,18.84,18.92,19.00671174906218,2011-07-08,SVR,1,2011
2011-07-08,2011,7,18.92,18.99,18.94247645895036,2011-07-09,SVR,1,2011
2011-07-09,2011,7,18.99,19.08,19.04705857461408,2011-07-10,SVR,1,2011
2011-07-10,2011,7,19.08,19.13,19.164790948271353,2011-07-11,SVR,1,2011
2011-07-11,2011,7,19.13,19.17,19.160192119962133,2011-07-12,SVR,1,2011
2011-07-12,2011,7,19.17,19.24,19.187102745289174,2011-07-13,SVR,1,2011
2011-07-13,2011,7,19.24,19.24,19.291429300535746,2011-07-14,SVR,1,2011
2011-07-14,2011,7,19.24,19.28,19.235773196320896,2011-07-15,SVR,1,2011
2011-07-15,2011,7,19.28,19.34,19.31224957823695,2011-07-16,SVR,1,2011
2011-07-16,2011,7,19.34,19.4,19.3937810485292,2011-07-17,SVR,1,2011
2011-07-17,2011,7,19.4,19.43,19.45497312530755,2011-07-18,SVR,1,2011
2011-07-18,2011,7,19.43,19.48,19.45868241139895,2011-07-19,SVR,1,2011
2011-07-19,2011,7,19.48,19.51,19.526354427831127,2011-07-20,SVR,1,2011
2011-07-20,2011,7,19.51,19.57,19.539439234836905,2011-07-21,SVR,1,2011
2011-07-21,2011,7,19.57,19.63,19.62355344511116,2011-07-22,SVR,1,2011
2011-07-22,2011,7,19.63,19.64,19.683870885259836,2011-07-23,SVR,1,2011
2011-07-23,2011,7,19.64,19.64,19.65119888519379,2011-07-24,SVR,1,2011
2011-07-24,2011,7,19.64,19.65,19.64148972237045,2011-07-25,SVR,1,2011
2011-07-25,2011,7,19.65,19.52,19.661791227810557,2011-07-26,SVR,1,2011
2011-07-26,2011,7,19.52,19.41,19.431281427391703,2011-07-27,SVR,1,2011
2011-07-27,2011,7,19.41,19.35,19.329513799674096,2011-07-28,SVR,1,2011
2011-07-28,2011,7,19.35,19.22,19.31999025227287,2011-07-29,SVR,1,2011
2011-07-29,2011,7,19.22,19.24,19.130269503944717,2011-07-30,SVR,1,2011
2011-07-30,2011,7,19.24,19.25,19.25872554005857,2011-07-31,SVR,1,2011
2011-09-08,2011,9,17.13,17.1,17.196045375275197,2011-09-09,SVR,1,2011
2011-09-09,2011,9,17.1,16.98,17.118079471909535,2011-09-10,SVR,1,2011
2011-09-10,2011,9,16.98,17.0,16.892307221067128,2011-09-11,SVR,1,2011
2011-09-11,2011,9,17.0,17.11,17.056197805254275,2011-09-12,SVR,1,2011
2011-09-12,2011,9,17.11,17.19,17.250814920573752,2011-09-13,SVR,1,2011
2011-09-13,2011,9,17.19,17.23,17.27687069428926,2011-09-14,SVR,1,2011
2011-09-14,2011,9,17.23,17.24,17.284094774671715,2011-09-15,SVR,1,2011
2011-09-15,2011,9,17.24,17.16,17.279761654598342,2011-09-16,SVR,1,2011
2011-09-16,2011,9,17.16,17.25,17.121243665632516,2011-09-17,SVR,1,2011
2011-09-17,2011,9,17.25,17.41,17.378732400386955,2011-09-18,SVR,1,2011
2011-09-18,2011,9,17.41,17.71,17.559753339705676,2011-09-19,SVR,1,2011
2011-09-19,2011,9,17.71,18.14,17.931743592616012,2011-09-20,SVR,1,2011
2011-09-20,2011,9,18.14,18.09,18.446401922402952,2011-09-21,SVR,1,2011
2011-09-21,2011,9,18.09,17.9,18.01075409266936,2011-09-22,SVR,1,2011
2011-09-22,2011,9,17.9,17.78,17.756821782903472,2011-09-23,SVR,1,2011
2011-09-23,2011,9,17.78,17.7,17.71875857018232,2011-09-24,SVR,1,2011
2011-09-24,2011,9,17.7,17.62,17.70142104295496,2011-09-25,SVR,1,2011
2011-09-25,2011,9,17.62,17.6,17.59461908230614,2011-09-26,SVR,1,2011
2011-09-26,2011,9,17.6,17.84,17.62832482387995,2011-09-27,SVR,1,2011
2011-09-27,2011,9,17.84,17.87,18.047811114706988,2011-09-28,SVR,1,2011
2011-09-28,2011,9,17.87,17.89,17.865241755516497,2011-09-29,SVR,1,2011
2011-09-29,2011,9,17.89,17.93,17.90039291546719,2011-09-30,SVR,1,2011
2011-09-30,2011,9,17.93,17.99,17.98384941153183,2011-10-01,SVR,1,2011
2011-10-01,2011,10,17.99,18.0,18.054456844658112,2011-10-02,SVR,1,2011
2011-10-02,2011,10,18.0,17.98,17.99976417673454,2011-10-03,SVR,1,2011
2011-10-03,2011,10,17.98,17.78,17.94726218162945,2011-10-04,SVR,1,2011
2011-10-04,2011,10,17.78,17.66,17.593929674213054,2011-10-05,SVR,1,2011
2011-10-05,2011,10,17.66,17.37,17.524715831460952,2011-10-06,SVR,1,2011
2011-10-06,2011,10,17.37,17.11,17.135056642357313,2011-10-07,SVR,1,2011
2011-10-07,2011,10,17.11,16.95,16.872391069565364,2011-10-08,SVR,1,2011
2011-10-08,2011,10,16.95,16.81,16.808917732790583,2011-10-09,SVR,1,2011
2011-10-09,2011,10,16.81,16.67,16.710406373285526,2011-10-10,SVR,1,2011
2011-10-10,2011,10,16.67,16.57,16.560205375719548,2011-10-11,SVR,1,2011
2011-10-11,2011,10,16.57,16.45,16.495972304313835,2011-10-12,SVR,1,2011
2011-10-12,2011,10,16.45,16.42,16.353818288532217,2011-10-13,SVR,1,2011
2011-10-13,2011,10,16.42,16.25,16.404683947836038,2011-10-14,SVR,1,2011
2011-10-14,2011,10,16.25,16.13,16.12277813313913,2011-10-15,SVR,1,2011
2011-10-15,2011,10,16.13,16.05,16.01708691981346,2011-10-16,SVR,1,2011
2011-10-16,2011,10,16.05,15.94,16.00024467938258,2011-10-17,SVR,1,2011
2011-10-17,2011,10,15.94,15.84,15.86474430022914,2011-10-18,SVR,1,2011
2011-10-18,2011,10,15.84,15.82,15.766305760998911,2011-10-19,SVR,1,2011
2011-10-19,2011,10,15.82,15.76,15.829919018264432,2011-10-20,SVR,1,2011
2011-10-20,2011,10,15.76,15.7,15.727984645223227,2011-10-21,SVR,1,2011
2011-10-21,2011,10,15.7,15.7,15.656673168659344,2011-10-22,SVR,1,2011
2011-10-22,2011,10,15.7,15.68,15.721862533407066,2011-10-23,SVR,1,2011
2011-10-23,2011,10,15.68,15.68,15.678761894935144,2011-10-24,SVR,1,2011
2011-10-24,2011,10,15.68,15.66,15.689300251001605,2011-10-25,SVR,1,2011
2011-10-25,2011,10,15.66,15.6,15.651477842070113,2011-10-26,SVR,1,2011
2011-10-26,2011,10,15.6,15.52,15.550547925707034,2011-10-27,SVR,1,2011
2011-10-27,2011,10,15.52,15.45,15.45840188985596,2011-10-28,SVR,1,2011
2011-10-28,2011,10,15.45,15.42,15.404150907731303,2011-10-29,SVR,1,2011
2011-10-29,2011,10,15.42,15.38,15.412005714728442,2011-10-30,SVR,1,2011
2011-10-30,2011,10,15.38,15.35,15.36051411536173,2011-10-31,SVR,1,2011
2011-10-31,2011,10,15.35,15.3,15.333397947633813,2011-11-01,SVR,1,2011
2011-11-01,2011,11,15.3,15.22,15.266327200172528,2011-11-02,SVR,1,2011
2011-11-02,2011,11,15.22,15.16,15.160570267256762,2011-11-03,SVR,1,2011
2011-11-03,2011,11,15.16,15.1,15.120921840174393,2011-11-04,SVR,1,2011
2011-11-04,2011,11,15.1,15.03,15.06635628684866,2011-11-05,SVR,1,2011
2011-11-05,2011,11,15.03,14.98,14.984983734168493,2011-11-06,SVR,1,2011
2011-11-06,2011,11,14.98,14.95,14.951505856550934,2011-11-07,SVR,1,2011
2011-11-07,2011,11,14.95,14.9,14.940272798699631,2011-11-08,SVR,1,2011
2011-11-08,2011,11,14.9,14.83,14.870358393201093,2011-11-09,SVR,1,2011
2011-11-09,2011,11,14.83,14.77,14.783423217481287,2011-11-10,SVR,1,2011
2011-11-10,2011,11,14.77,14.68,14.735528996815844,2011-11-11,SVR,1,2011
2011-11-11,2011,11,14.68,14.6,14.62805199042861,2011-11-12,SVR,1,2011
2011-11-12,2011,11,14.6,14.55,14.553990811672765,2011-11-13,SVR,1,2011
2011-11-13,2011,11,14.55,14.5,14.52936566311071,2011-11-14,SVR,1,2011
2011-11-14,2011,11,14.5,14.45,14.477806992150594,2011-11-15,SVR,1,2011
2011-11-15,2011,11,14.45,14.41,14.424686822288399,2011-11-16,SVR,1,2011
2011-11-16,2011,11,14.41,14.38,14.39368676981869,2011-11-17,SVR,1,2011
2011-11-17,2011,11,14.38,14.32,14.372468646400408,2011-11-18,SVR,1,2011
2011-11-18,2011,11,14.32,14.32,14.289242296329567,2011-11-19,SVR,1,2011
2011-11-19,2011,11,14.32,14.31,14.336470770110154,2011-11-20,SVR,1,2011
2011-11-20,2011,11,14.31,14.27,14.320177321137297,2011-11-21,SVR,1,2011
2011-11-21,2011,11,14.27,14.24,14.248970452147496,2011-11-22,SVR,1,2011
2011-11-22,2011,11,14.24,14.21,14.230492954386303,2011-11-23,SVR,1,2011
2011-11-23,2011,11,14.21,14.2,14.204091013823318,2011-11-24,SVR,1,2011
2011-11-24,2011,11,14.2,14.18,14.20839177806113,2011-11-25,SVR,1,2011
2011-11-25,2011,11,14.18,14.16,14.178595104882897,2011-11-26,SVR,1,2011
2011-11-26,2011,11,14.16,14.12,14.15628900059683,2011-11-27,SVR,1,2011
2011-11-27,2011,11,14.12,14.08,14.10175761114774,2011-11-28,SVR,1,2011
2011-11-28,2011,11,14.08,14.04,14.062456730857336,2011-11-29,SVR,1,2011
2011-11-29,2011,11,14.04,14.0,14.024357446503648,2011-11-30,SVR,1,2011
2011-11-30,2011,11,14.0,13.98,13.983283921594198,2011-12-01,SVR,1,2011
2011-12-01,2011,12,13.98,13.96,13.977640899068852,2011-12-02,SVR,1,2011
2011-12-02,2011,12,13.96,13.92,13.956564956281102,2011-12-03,SVR,1,2011
2011-12-03,2011,12,13.92,13.88,13.898911125894017,2011-12-04,SVR,1,2011
2011-12-04,2011,12,13.88,13.86,13.860344601296113,2011-12-05,SVR,1,2011
2011-12-05,2011,12,13.86,13.84,13.857828430110573,2011-12-06,SVR,1,2011
2011-12-06,2011,12,13.84,13.81,13.836750505162275,2011-12-07,SVR,1,2011
2011-12-07,2011,12,13.81,13.78,13.796376231398542,2011-12-08,SVR,1,2011
2011-12-08,2011,12,13.78,13.75,13.766905232565849,2011-12-09,SVR,1,2011
2011-12-09,2011,12,13.75,13.72,13.73819374133547,2011-12-10,SVR,1,2011
2011-12-10,2011,12,13.72,13.7,13.708016976238962,2011-12-11,SVR,1,2011
2011-12-11,2011,12,13.7,13.69,13.695264841127162,2011-12-12,SVR,1,2011
2011-12-12,2011,12,13.69,13.66,13.692492606784421,2011-12-13,SVR,1,2011
2011-12-13,2011,12,13.66,13.64,13.64526374254796,2011-12-14,SVR,1,2011
2011-12-14,2011,12,13.64,13.62,13.632905041373283,2011-12-15,SVR,1,2011
2011-12-15,2011,12,13.62,13.6,13.61493095626565,2011-12-16,SVR,1,2011
2011-12-16,2011,12,13.6,13.58,13.59357767246288,2011-12-17,SVR,1,2011
2011-12-17,2011,12,13.58,13.58,13.573373163380497,2011-12-18,SVR,1,2011
2011-12-18,2011,12,13.58,13.57,13.589110921735372,2011-12-19,SVR,1,2011
2011-12-19,2011,12,13.57,13.56,13.570240792919153,2011-12-20,SVR,1,2011
2011-12-20,2011,12,13.56,13.52,13.558800271905033,2011-12-21,SVR,1,2011
2011-12-21,2011,12,13.52,13.5,13.496631928682138,2011-12-22,SVR,1,2011
2011-12-22,2011,12,13.5,13.48,13.492615976204684,2011-12-23,SVR,1,2011
2011-12-23,2011,12,13.48,13.46,13.474900032640258,2011-12-24,SVR,1,2011
2011-12-24,2011,12,13.46,13.44,13.451863656608323,2011-12-25,SVR,1,2011
2011-12-25,2011,12,13.44,13.42,13.431452989675241,2011-12-26,SVR,1,2011
2011-12-26,2011,12,13.42,13.39,13.411372581957993,2011-12-27,SVR,1,2011
2011-12-27,2011,12,13.39,13.37,13.373853680664466,2011-12-28,SVR,1,2011
2011-12-28,2011,12,13.37,13.35,13.361783352296966,2011-12-29,SVR,1,2011
2011-12-29,2011,12,13.35,13.33,13.34244694829736,2011-12-30,SVR,1,2011
2011-12-30,2011,12,13.33,13.31,13.321193672241543,2011-12-31,SVR,1,2011
2011-12-31,2011,12,13.31,13.28,13.301239743924873,2012-01-01,SVR,1,2011
2012-01-01,2012,1,13.28,13.24,13.26202085574384,2012-01-02,SVR,1,2012
2012-01-02,2012,1,13.24,13.22,13.215943971438422,2012-01-03,SVR,1,2012
2012-01-03,2012,1,13.22,13.21,13.210438372151579,2012-01-04,SVR,1,2012
2012-01-04,2012,1,13.21,13.2,13.207668057841968,2012-01-05,SVR,1,2012
2012-01-05,2012,1,13.2,13.19,13.195412695505265,2012-01-06,SVR,1,2012
2012-01-06,2012,1,13.19,13.18,13.184984852435537,2012-01-07,SVR,1,2012
2012-01-07,2012,1,13.18,13.16,13.17583511294452,2012-01-08,SVR,1,2012
2012-01-08,2012,1,13.16,13.15,13.149081557685397,2012-01-09,SVR,1,2012
2012-01-09,2012,1,13.15,13.13,13.147032785941262,2012-01-10,SVR,1,2012
2012-01-10,2012,1,13.13,13.12,13.120193907908357,2012-01-11,SVR,1,2012
2012-01-11,2012,1,13.12,13.11,13.116931680839738,2012-01-12,SVR,1,2012
2012-01-12,2012,1,13.11,13.1,13.107709504329652,2012-01-13,SVR,1,2012
2012-01-13,2012,1,13.1,13.09,13.096899635327441,2012-01-14,SVR,1,2012
2012-01-14,2012,1,13.09,13.08,13.087244791880755,2012-01-15,SVR,1,2012
2012-01-15,2012,1,13.08,13.07,13.077561657542166,2012-01-16,SVR,1,2012
2012-01-16,2012,1,13.07,13.05,13.067882433190222,2012-01-17,SVR,1,2012
2012-01-17,2012,1,13.05,13.02,13.040465960087934,2012-01-18,SVR,1,2012
2012-01-18,2012,1,13.02,13.0,13.003659129299857,2012-01-19,SVR,1,2012
2012-01-19,2012,1,13.0,12.99,12.992174504289533,2012-01-20,SVR,1,2012
2012-01-20,2012,1,12.99,12.99,12.990259664855097,2012-01-21,SVR,1,2012
2012-01-21,2012,1,12.99,12.97,12.99680281387289,2012-01-22,SVR,1,2012
2012-01-22,2012,1,12.97,12.95,12.960586463366393,2012-01-23,SVR,1,2012
2012-01-23,2012,1,12.95,12.93,12.941066941210824,2012-01-24,SVR,1,2012
2012-01-24,2012,1,12.93,12.91,12.923732626912592,2012-01-25,SVR,1,2012
2012-01-25,2012,1,12.91,12.89,12.90395833192407,2012-01-26,SVR,1,2012
2012-01-26,2012,1,12.89,12.87,12.884077260490466,2012-01-27,SVR,1,2012
2012-01-27,2012,1,12.87,12.86,12.864298704158747,2012-01-28,SVR,1,2012
2012-01-28,2012,1,12.86,12.86,12.86210112113549,2012-01-29,SVR,1,2012
2012-01-29,2012,1,12.86,12.88,12.870106556098476,2012-01-30,SVR,1,2012
2012-01-30,2012,1,12.88,12.88,12.903325599983043,2012-01-31,SVR,1,2012
2012-01-31,2012,1,12.88,12.87,12.886195907202563,2012-02-01,SVR,1,2012
2012-02-01,2012,2,12.87,12.85,12.87077948492499,2012-02-02,SVR,1,2012
2012-02-02,2012,2,12.85,12.84,12.846020703622429,2012-02-03,SVR,1,2012
2012-02-03,2012,2,12.84,12.82,12.84524376666256,2012-02-04,SVR,1,2012
2012-02-04,2012,2,12.82,12.81,12.8183849430135,2012-02-05,SVR,1,2012
2012-02-05,2012,2,12.81,12.79,12.81523813850536,2012-02-06,SVR,1,2012
2012-02-06,2012,2,12.79,12.78,12.78869462494757,2012-02-07,SVR,1,2012
2012-02-07,2012,2,12.78,12.77,12.785932477432427,2012-02-08,SVR,1,2012
2012-02-08,2012,2,12.77,12.76,12.777393543747312,2012-02-09,SVR,1,2012
2012-02-09,2012,2,12.76,12.75,12.767030215403132,2012-02-10,SVR,1,2012
2012-02-10,2012,2,12.75,12.74,12.757727576257498,2012-02-11,SVR,1,2012
2012-02-11,2012,2,12.74,12.73,12.74842334980022,2012-02-12,SVR,1,2012
2012-02-12,2012,2,12.73,12.72,12.739103302524661,2012-02-13,SVR,1,2012
2012-02-13,2012,2,12.72,12.71,12.729733211236022,2012-02-14,SVR,1,2012
2012-02-14,2012,2,12.71,12.71,12.720331729778513,2012-02-15,SVR,1,2012
2012-02-15,2012,2,12.71,12.71,12.728753809115052,2012-02-16,SVR,1,2012
2012-02-16,2012,2,12.71,12.7,12.72939146701907,2012-02-17,SVR,1,2012
2012-02-17,2012,2,12.7,12.7,12.711011396224627,2012-02-18,SVR,1,2012
2012-02-18,2012,2,12.7,12.7,12.719903101640675,2012-02-19,SVR,1,2012
2012-02-19,2012,2,12.7,12.72,12.721555217153874,2012-02-20,SVR,1,2012
2012-02-20,2012,2,12.72,12.72,12.754682045812544,2012-02-21,SVR,1,2012
2012-02-21,2012,2,12.72,12.7,12.737830312179511,2012-02-22,SVR,1,2012
2012-02-22,2012,2,12.7,12.69,12.703999192688222,2012-02-23,SVR,1,2012
2012-02-23,2012,2,12.69,12.66,12.705182806886125,2012-02-24,SVR,1,2012
2012-02-24,2012,2,12.66,12.64,12.662205855390468,2012-02-25,SVR,1,2012
2012-02-25,2012,2,12.64,12.62,12.649319017046347,2012-02-26,SVR,1,2012
2012-02-26,2012,2,12.62,12.61,12.631738759576798,2012-02-27,SVR,1,2012
2012-02-27,2012,2,12.61,12.63,12.628839966988847,2012-02-28,SVR,1,2012
2012-02-28,2012,2,12.63,12.64,12.671456973930695,2012-02-29,SVR,1,2012
2012-02-29,2012,2,12.64,12.64,12.66999554662323,2012-03-01,SVR,1,2012
2012-03-01,2012,3,12.64,12.63,12.663406029031258,2012-03-02,SVR,1,2012
2012-03-02,2012,3,12.63,12.62,12.649374560351133,2012-03-03,SVR,1,2012
2012-03-03,2012,3,12.62,12.62,12.641503345793875,2012-03-04,SVR,1,2012
2012-03-04,2012,3,12.62,12.66,12.651069596734386,2012-03-05,SVR,1,2012
2012-03-05,2012,3,12.66,12.7,12.719496705144126,2012-03-06,SVR,1,2012
2012-03-06,2012,3,12.7,12.73,12.75145181818683,2012-03-07,SVR,1,2012
2012-03-07,2012,3,12.73,12.77,12.770681431536007,2012-03-08,SVR,1,2012
2012-03-08,2012,3,12.77,12.81,12.82255710508791,2012-03-09,SVR,1,2012
2012-03-09,2012,3,12.81,12.85,12.862914020369443,2012-03-10,SVR,1,2012
2012-03-10,2012,3,12.85,12.88,12.902928098155703,2012-03-11,SVR,1,2012
2012-03-11,2012,3,12.88,12.88,12.924825352055691,2012-03-12,SVR,1,2012
2012-03-12,2012,3,12.88,12.87,12.90230156151709,2012-03-13,SVR,1,2012
2012-03-13,2012,3,12.87,12.84,12.891277951031029,2012-03-14,SVR,1,2012
2012-03-14,2012,3,12.84,12.84,12.848671518688244,2012-03-15,SVR,1,2012
2012-03-15,2012,3,12.84,12.86,12.875827308053077,2012-03-16,SVR,1,2012
2012-03-16,2012,3,12.86,12.94,12.912038183430155,2012-03-17,SVR,1,2012
2012-03-17,2012,3,12.94,12.98,13.034646338598646,2012-03-18,SVR,1,2012
2012-03-18,2012,3,12.98,13.0,13.023389788443929,2012-03-19,SVR,1,2012
2012-03-19,2012,3,13.0,12.99,13.031600508964573,2012-03-20,SVR,1,2012
2012-03-20,2012,3,12.99,12.95,13.008952683941938,2012-03-21,SVR,1,2012
2012-03-21,2012,3,12.95,12.94,12.950793725531408,2012-03-22,SVR,1,2012
2012-03-22,2012,3,12.94,12.94,12.971547064973416,2012-03-23,SVR,1,2012
2012-03-23,2012,3,12.94,12.96,12.983154092529679,2012-03-24,SVR,1,2012
2012-03-24,2012,3,12.96,12.98,13.013955374867116,2012-03-25,SVR,1,2012
2012-03-25,2012,3,12.98,13.0,13.029220390717397,2012-03-26,SVR,1,2012
2012-03-26,2012,3,13.0,13.01,13.047876895989882,2012-03-27,SVR,1,2012
2012-03-27,2012,3,13.01,13.02,13.051434431724218,2012-03-28,SVR,1,2012
2012-03-28,2012,3,13.02,13.04,13.064406656649908,2012-03-29,SVR,1,2012
2012-03-29,2012,3,13.04,13.05,13.094065313812646,2012-03-30,SVR,1,2012
2012-03-30,2012,3,13.05,13.1,13.094207094095232,2012-03-31,SVR,1,2012
2012-03-31,2012,3,13.1,13.15,13.17892911370209,2012-04-01,SVR,1,2012
2012-04-01,2012,4,13.15,13.19,13.2209176444735,2012-04-02,SVR,1,2012
2012-04-02,2012,4,13.19,13.23,13.246846418124408,2012-04-03,SVR,1,2012
2012-04-03,2012,4,13.23,13.24,13.29039349834481,2012-04-04,SVR,1,2012
2012-04-04,2012,4,13.24,13.24,13.275230749287726,2012-04-05,SVR,1,2012
2012-04-05,2012,4,13.24,13.4,13.27521464083873,2012-04-06,SVR,1,2012
2012-04-06,2012,4,13.4,13.5,13.60347252691666,2012-04-07,SVR,1,2012
2012-04-07,2012,4,13.5,13.62,13.586497280629256,2012-04-08,SVR,1,2012
2012-04-08,2012,4,13.62,13.67,13.7345861325942,2012-04-09,SVR,1,2012
2012-04-09,2012,4,13.67,13.68,13.707811941912938,2012-04-10,SVR,1,2012
2012-04-10,2012,4,13.68,13.69,13.694497011694258,2012-04-11,SVR,1,2012
2012-04-11,2012,4,13.69,13.74,13.726173823249168,2012-04-12,SVR,1,2012
2012-04-12,2012,4,13.74,13.8,13.822981721052534,2012-04-13,SVR,1,2012
2012-04-13,2012,4,13.8,13.89,13.882119213918514,2012-04-14,SVR,1,2012
2012-04-14,2012,4,13.89,14.0,13.994467662121036,2012-04-15,SVR,1,2012
2012-04-15,2012,4,14.0,14.13,14.115557843362858,2012-04-16,SVR,1,2012
2012-04-16,2012,4,14.13,14.18,14.258846483144321,2012-04-17,SVR,1,2012
2012-04-17,2012,4,14.18,14.18,14.203292989394372,2012-04-18,SVR,1,2012
2012-04-18,2012,4,14.18,14.17,14.17208773567544,2012-04-19,SVR,1,2012
2012-04-19,2012,4,14.17,14.35,14.18366400522409,2012-04-20,SVR,1,2012
2012-04-20,2012,4,14.35,14.6,14.587517404406762,2012-04-21,SVR,1,2012
2012-04-21,2012,4,14.6,14.87,14.822237606418474,2012-04-22,SVR,1,2012
2012-04-22,2012,4,14.87,15.12,15.056391190976484,2012-04-23,SVR,1,2012
2012-04-23,2012,4,15.12,15.17,15.287633881422353,2012-04-24,SVR,1,2012
2012-04-24,2012,4,15.17,15.18,15.145263566370195,2012-04-25,SVR,1,2012
2012-04-25,2012,4,15.18,15.19,15.172428822645939,2012-04-26,SVR,1,2012
2012-04-26,2012,4,15.19,15.19,15.213248075052878,2012-04-27,SVR,1,2012
2012-04-27,2012,4,15.19,15.12,15.20523451233863,2012-04-28,SVR,1,2012
2012-04-28,2012,4,15.12,15.11,15.09477888793541,2012-04-29,SVR,1,2012
2012-04-29,2012,4,15.11,15.29,15.163586786721863,2012-04-30,SVR,1,2012
2012-04-30,2012,4,15.29,15.52,15.522245921274209,2012-05-01,SVR,1,2012
2012-05-01,2012,5,15.52,15.59,15.707800252712406,2012-05-02,SVR,1,2012
2012-05-02,2012,5,15.59,15.64,15.564586545672869,2012-05-03,SVR,1,2012
2012-05-03,2012,5,15.64,15.79,15.648475194833152,2012-05-04,SVR,1,2012
2012-05-04,2012,5,15.79,15.91,15.950486643148304,2012-05-05,SVR,1,2012
2012-05-05,2012,5,15.91,16.04,15.982384010713712,2012-05-06,SVR,1,2012
2012-05-06,2012,5,16.04,16.08,16.118071578546804,2012-05-07,SVR,1,2012
2012-05-07,2012,5,16.08,16.04,16.06678162514098,2012-05-08,SVR,1,2012
2012-05-08,2012,5,16.04,15.93,15.984512657013502,2012-05-09,SVR,1,2012
2012-05-09,2012,5,15.93,15.79,15.88408013503038,2012-05-10,SVR,1,2012
2012-05-10,2012,5,15.79,15.66,15.763939442969976,2012-05-11,SVR,1,2012
2012-05-11,2012,5,15.66,15.52,15.632559113382973,2012-05-12,SVR,1,2012
2012-05-12,2012,5,15.52,15.35,15.472508612869223,2012-05-13,SVR,1,2012
2012-05-13,2012,5,15.35,15.22,15.278078023812581,2012-05-14,SVR,1,2012
2012-05-14,2012,5,15.22,15.14,15.165034368943406,2012-05-15,SVR,1,2012
2012-05-15,2012,5,15.14,15.1,15.129499521110674,2012-05-16,SVR,1,2012
2012-05-16,2012,5,15.1,15.17,15.120384365453404,2012-05-17,SVR,1,2012
2012-05-17,2012,5,15.17,15.26,15.26364579262436,2012-05-18,SVR,1,2012
2012-05-18,2012,5,15.26,15.37,15.355648071240605,2012-05-19,SVR,1,2012
2012-05-19,2012,5,15.37,15.6,15.481892286715873,2012-05-20,SVR,1,2012
2012-05-20,2012,5,15.6,16.3,15.853845819428944,2012-05-21,SVR,1,2012
2012-05-21,2012,5,16.3,16.64,16.667943126239965,2012-05-22,SVR,1,2012
2012-05-22,2012,5,16.64,16.67,16.718422290714187,2012-05-23,SVR,1,2012
2012-05-23,2012,5,16.67,16.5,16.62319911520627,2012-05-24,SVR,1,2012
2012-05-24,2012,5,16.5,16.27,16.333816569614154,2012-05-25,SVR,1,2012
2012-05-25,2012,5,16.27,16.14,16.09379247828017,2012-05-26,SVR,1,2012
2012-05-26,2012,5,16.14,16.04,16.083266528723023,2012-05-27,SVR,1,2012
2012-05-27,2012,5,16.04,16.03,16.060797069148222,2012-05-28,SVR,1,2012
2012-05-28,2012,5,16.03,16.04,16.06008212726325,2012-05-29,SVR,1,2012
2012-05-29,2012,5,16.04,16.06,16.073509703466694,2012-05-30,SVR,1,2012
2012-05-30,2012,5,16.06,16.12,16.08636896759879,2012-05-31,SVR,1,2012
2012-05-31,2012,5,16.12,16.2,16.18924383473482,2012-06-01,SVR,1,2012
2012-06-01,2012,6,16.2,16.24,16.294982342364456,2012-06-02,SVR,1,2012
2012-06-02,2012,6,16.24,16.27,16.28503919098364,2012-06-03,SVR,1,2012
2012-06-03,2012,6,16.27,16.29,16.30939656813735,2012-06-04,SVR,1,2012
2012-06-04,2012,6,16.29,16.47,16.33035827245513,2012-06-05,SVR,1,2012
2012-06-05,2012,6,16.47,16.9,16.70064845189005,2012-06-06,SVR,1,2012
2012-06-06,2012,6,16.9,17.25,17.304360873060464,2012-06-07,SVR,1,2012
2012-06-07,2012,6,17.25,17.88,17.44602925503043,2012-06-08,SVR,1,2012
2012-06-08,2012,6,17.88,18.28,18.24592244880924,2012-06-09,SVR,1,2012
2012-06-09,2012,6,18.28,18.37,18.47537845919134,2012-06-10,SVR,1,2012
2012-06-10,2012,6,18.37,18.34,18.34000559553104,2012-06-11,SVR,1,2012
2012-06-11,2012,6,18.34,18.09,18.189409276794613,2012-06-12,SVR,1,2012
2012-06-12,2012,6,18.09,17.88,17.81254863960334,2012-06-13,SVR,1,2012
2012-06-13,2012,6,17.88,17.66,17.717085352625148,2012-06-14,SVR,1,2012
2012-06-14,2012,6,17.66,17.97,17.59006617746715,2012-06-15,SVR,1,2012
2012-06-15,2012,6,17.97,18.33,18.265162657954395,2012-06-16,SVR,1,2012
2012-06-16,2012,6,18.33,18.56,18.50304808190812,2012-06-17,SVR,1,2012
2012-06-17,2012,6,18.56,18.79,18.731066690113074,2012-06-18,SVR,1,2012
2012-06-18,2012,6,18.79,18.89,19.03175460954221,2012-06-19,SVR,1,2012
2012-06-19,2012,6,18.89,18.76,18.966696272308823,2012-06-20,SVR,1,2012
2012-06-20,2012,6,18.76,18.48,18.617324023714392,2012-06-21,SVR,1,2012
2012-06-21,2012,6,18.48,18.32,18.296867321157148,2012-06-22,SVR,1,2012
2012-06-22,2012,6,18.32,18.29,18.238922197250776,2012-06-23,SVR,1,2012
2012-06-23,2012,6,18.29,18.43,18.355458481184943,2012-06-24,SVR,1,2012
2012-06-24,2012,6,18.43,18.57,18.564643903325514,2012-06-25,SVR,1,2012
2012-06-25,2012,6,18.57,18.8,18.660200649384997,2012-06-26,SVR,1,2012
2012-06-26,2012,6,18.8,19.58,18.97270491329456,2012-06-27,SVR,1,2012
2012-06-27,2012,6,19.58,20.12,20.160140738672922,2012-06-28,SVR,1,2012
2012-06-28,2012,6,20.12,20.43,20.439605564293103,2012-06-29,SVR,1,2012
2012-06-29,2012,6,20.43,20.56,20.64384249966023,2012-06-30,SVR,1,2012
2012-06-30,2012,6,20.56,20.56,20.612816973869922,2012-07-01,SVR,1,2012
2012-07-01,2012,7,20.56,20.45,20.482786072542865,2012-07-02,SVR,1,2012
2012-07-02,2012,7,20.45,20.09,20.293968471169208,2012-07-03,SVR,1,2012
2012-07-03,2012,7,20.09,19.65,19.842599222045468,2012-07-04,SVR,1,2012
2012-07-04,2012,7,19.65,19.27,19.474808328811715,2012-07-05,SVR,1,2012
2012-07-05,2012,7,19.27,19.14,19.168179857539467,2012-07-06,SVR,1,2012
2012-07-06,2012,7,19.14,19.25,19.129596307651628,2012-07-07,SVR,1,2012
2012-07-07,2012,7,19.25,19.22,19.317586999962128,2012-07-08,SVR,1,2012
2012-07-08,2012,7,19.22,19.13,19.139728041200836,2012-07-09,SVR,1,2012
2012-07-09,2012,7,19.13,19.07,19.025803874193528,2012-07-10,SVR,1,2012
2012-07-10,2012,7,19.07,19.04,19.02507969134593,2012-07-11,SVR,1,2012
2012-07-11,2012,7,19.04,19.11,19.03527337484088,2012-07-12,SVR,1,2012
2012-07-12,2012,7,19.11,19.18,19.157621248311006,2012-07-13,SVR,1,2012
2012-07-13,2012,7,19.18,19.27,19.228517456223035,2012-07-14,SVR,1,2012
2012-07-14,2012,7,19.27,19.31,19.337288048905165,2012-07-15,SVR,1,2012
2012-07-15,2012,7,19.31,19.47,19.340076034169638,2012-07-16,SVR,1,2012
2012-07-16,2012,7,19.47,19.79,19.58782106334385,2012-07-17,SVR,1,2012
2012-07-17,2012,7,19.79,19.87,19.953288420323325,2012-07-18,SVR,1,2012
2012-07-18,2012,7,19.87,19.84,19.85629324346801,2012-07-19,SVR,1,2012
2012-07-19,2012,7,19.84,19.9,19.788488243857692,2012-07-20,SVR,1,2012
2012-07-20,2012,7,19.9,19.98,19.927767860806615,2012-07-21,SVR,1,2012
2012-07-21,2012,7,19.98,19.94,20.006409460747257,2012-07-22,SVR,1,2012
2012-07-22,2012,7,19.94,19.85,19.86522605358309,2012-07-23,SVR,1,2012
2012-07-23,2012,7,19.85,19.76,19.765528774942943,2012-07-24,SVR,1,2012
2012-07-24,2012,7,19.76,19.67,19.691187733312574,2012-07-25,SVR,1,2012
2012-07-25,2012,7,19.67,19.55,19.60287797349886,2012-07-26,SVR,1,2012
2012-07-26,2012,7,19.55,19.52,19.457221262406,2012-07-27,SVR,1,2012
2012-07-27,2012,7,19.52,19.5,19.49325626248376,2012-07-28,SVR,1,2012
2012-07-28,2012,7,19.5,19.44,19.480551417428707,2012-07-29,SVR,1,2012
2012-07-29,2012,7,19.44,19.44,19.397383014998834,2012-07-30,SVR,1,2012
2012-07-30,2012,7,19.44,19.4,19.440190695660846,2012-07-31,SVR,1,2012
2012-07-31,2012,7,19.4,19.34,19.38348094385072,2012-08-01,SVR,1,2012
2012-08-01,2012,8,19.34,19.3,19.315435172074444,2012-08-02,SVR,1,2012
2012-08-02,2012,8,19.3,19.2,19.289630284657907,2012-08-03,SVR,1,2012
2012-08-03,2012,8,19.2,19.19,19.14842240048872,2012-08-04,SVR,1,2012
2012-08-04,2012,8,19.19,19.18,19.198235215247045,2012-08-05,SVR,1,2012
2012-08-05,2012,8,19.18,19.18,19.186065174179006,2012-08-06,SVR,1,2012
2012-08-06,2012,8,19.18,19.15,19.18815369836905,2012-08-07,SVR,1,2012
2012-08-07,2012,8,19.15,19.12,19.14605149238082,2012-08-08,SVR,1,2012
2012-08-08,2012,8,19.12,19.09,19.122029293442246,2012-08-09,SVR,1,2012
2012-08-09,2012,8,19.09,19.03,19.09514764490545,2012-08-10,SVR,1,2012
2012-08-10,2012,8,19.03,18.93,19.014507872129634,2012-08-11,SVR,1,2012
2012-08-11,2012,8,18.93,18.83,18.880822747489745,2012-08-12,SVR,1,2012
2012-08-12,2012,8,18.83,18.67,18.77425588829433,2012-08-13,SVR,1,2012
2012-08-13,2012,8,18.67,18.62,18.560948965266814,2012-08-14,SVR,1,2012
2012-08-14,2012,8,18.62,18.57,18.594697015773782,2012-08-15,SVR,1,2012
2012-08-15,2012,8,18.57,18.44,18.557851729903977,2012-08-16,SVR,1,2012
2012-08-16,2012,8,18.44,18.31,18.354324990906413,2012-08-17,SVR,1,2012
2012-08-17,2012,8,18.31,18.2,18.211929545638476,2012-08-18,SVR,1,2012
2012-08-18,2012,8,18.2,18.12,18.12566124208557,2012-08-19,SVR,1,2012
2012-08-19,2012,8,18.12,18.05,18.07330920015731,2012-08-20,SVR,1,2012
2012-08-20,2012,8,18.05,18.0,18.019560557940025,2012-08-21,SVR,1,2012
2012-08-21,2012,8,18.0,18.16,17.984088829628647,2012-08-22,SVR,1,2012
2012-08-22,2012,8,18.16,18.26,18.326520351693425,2012-08-23,SVR,1,2012
2012-08-23,2012,8,18.26,18.45,18.369803923577024,2012-08-24,SVR,1,2012
2012-08-24,2012,8,18.45,18.51,18.661145205542507,2012-08-25,SVR,1,2012
2012-08-25,2012,8,18.51,18.7,18.59183827043078,2012-08-26,SVR,1,2012
2012-08-26,2012,8,18.7,18.89,18.916436661661983,2012-08-27,SVR,1,2012
2012-08-27,2012,8,18.89,19.04,19.034164088276334,2012-08-28,SVR,1,2012
2012-08-28,2012,8,19.04,19.08,19.13804293191495,2012-08-29,SVR,1,2012
2012-08-29,2012,8,19.08,19.08,19.09612991208088,2012-08-30,SVR,1,2012
2012-08-30,2012,8,19.08,19.01,19.074892386877433,2012-08-31,SVR,1,2012
2012-08-31,2012,8,19.01,18.89,18.957227577197852,2012-09-01,SVR,1,2012
2012-09-01,2012,9,18.89,18.79,18.79750306641218,2012-09-02,SVR,1,2012
2012-09-02,2012,9,18.79,18.81,18.721607910127318,2012-09-03,SVR,1,2012
2012-09-03,2012,9,18.81,18.82,18.856037050771125,2012-09-04,SVR,1,2012
2012-09-04,2012,9,18.82,18.74,18.84182464846716,2012-09-05,SVR,1,2012
2012-09-05,2012,9,18.74,18.83,18.689726600992984,2012-09-06,SVR,1,2012
2012-09-06,2012,9,18.83,18.87,18.921756032213676,2012-09-07,SVR,1,2012
2012-09-07,2012,9,18.87,18.87,18.92549162768813,2012-09-08,SVR,1,2012
2012-09-08,2012,9,18.87,18.72,18.88338013566564,2012-09-09,SVR,1,2012
2012-09-09,2012,9,18.72,18.46,18.61961551020087,2012-09-10,SVR,1,2012
2012-09-10,2012,9,18.46,18.2,18.226754025198144,2012-09-11,SVR,1,2012
2012-09-11,2012,9,18.2,18.04,17.955694002120335,2012-09-12,SVR,1,2012
2012-09-12,2012,9,18.04,17.92,17.88823289696249,2012-09-13,SVR,1,2012
2012-09-13,2012,9,17.92,18.13,17.82986341992291,2012-09-14,SVR,1,2012
2012-09-14,2012,9,18.13,18.19,18.322583027605297,2012-09-15,SVR,1,2012
2012-09-15,2012,9,18.19,18.82,18.220134574042177,2012-09-16,SVR,1,2012
2012-09-16,2012,9,18.82,19.13,19.217069496718473,2012-09-17,SVR,1,2012
2012-09-17,2012,9,19.13,19.22,19.18935581923245,2012-09-18,SVR,1,2012
2012-09-18,2012,9,19.22,19.24,19.307619761625553,2012-09-19,SVR,1,2012
2012-09-19,2012,9,19.24,19.16,19.24483675445381,2012-09-20,SVR,1,2012
2012-09-20,2012,9,19.16,19.28,19.056538106605316,2012-09-21,SVR,1,2012
2012-09-21,2012,9,19.28,19.48,19.35337831424205,2012-09-22,SVR,1,2012
2012-09-22,2012,9,19.48,19.66,19.513227755192865,2012-09-23,SVR,1,2012
2012-09-23,2012,9,19.66,19.81,19.703910201864847,2012-09-24,SVR,1,2012
2012-09-24,2012,9,19.81,20.08,19.857098547474713,2012-09-25,SVR,1,2012
2012-09-25,2012,9,20.08,20.27,20.168600642878744,2012-09-26,SVR,1,2012
2012-09-26,2012,9,20.27,20.45,20.26337065402611,2012-09-27,SVR,1,2012
2012-09-27,2012,9,20.45,20.46,20.44820568235922,2012-09-28,SVR,1,2012
2012-09-28,2012,9,20.46,20.37,20.332709898572737,2012-09-29,SVR,1,2012
2012-09-29,2012,9,20.37,20.08,20.19304223590592,2012-09-30,SVR,1,2012
2012-11-08,2012,11,15.26,15.18,15.222636977994085,2012-11-09,SVR,1,2012
2012-11-09,2012,11,15.18,15.09,15.124386143909886,2012-11-10,SVR,1,2012
2012-11-10,2012,11,15.09,15.03,15.026059912337322,2012-11-11,SVR,1,2012
2012-11-11,2012,11,15.03,15.03,14.991200298529114,2012-11-12,SVR,1,2012
2012-11-12,2012,11,15.03,14.97,15.038307818523869,2012-11-13,SVR,1,2012
2012-11-13,2012,11,14.97,14.92,14.92777306152264,2012-11-14,SVR,1,2012
2012-11-14,2012,11,14.92,14.89,14.881055821889932,2012-11-15,SVR,1,2012
2012-11-15,2012,11,14.89,14.85,14.876732072469704,2012-11-16,SVR,1,2012
2012-11-16,2012,11,14.85,14.8,14.82817323343556,2012-11-17,SVR,1,2012
2012-11-17,2012,11,14.8,14.76,14.768689807136774,2012-11-18,SVR,1,2012
2012-11-18,2012,11,14.76,14.71,14.73766904016779,2012-11-19,SVR,1,2012
2012-11-19,2012,11,14.71,14.66,14.682430222131496,2012-11-20,SVR,1,2012
2012-11-20,2012,11,14.66,14.61,14.631435267622239,2012-11-21,SVR,1,2012
2012-11-21,2012,11,14.61,14.56,14.582793913261636,2012-11-22,SVR,1,2012
2012-11-22,2012,11,14.56,14.5,14.532862794652779,2012-11-23,SVR,1,2012
2012-11-23,2012,11,14.5,14.45,14.466906515259915,2012-11-24,SVR,1,2012
2012-11-24,2012,11,14.45,14.41,14.42349026233535,2012-11-25,SVR,1,2012
2012-11-25,2012,11,14.41,14.38,14.391012801884578,2012-11-26,SVR,1,2012
2012-11-26,2012,11,14.38,14.35,14.36613295360242,2012-11-27,SVR,1,2012
2012-11-27,2012,11,14.35,14.34,14.335032683583389,2012-11-28,SVR,1,2012
2012-11-28,2012,11,14.34,14.29,14.339286401032822,2012-11-29,SVR,1,2012
2012-11-29,2012,11,14.29,14.24,14.261319302939475,2012-11-30,SVR,1,2012
2012-11-30,2012,11,14.24,14.2,14.211886882679183,2012-12-01,SVR,1,2012
2012-12-01,2012,12,14.2,14.17,14.183420074299757,2012-12-02,SVR,1,2012
2012-12-02,2012,12,14.17,14.15,14.158314052002641,2012-12-03,SVR,1,2012
2012-12-03,2012,12,14.15,14.13,14.14258286420588,2012-12-04,SVR,1,2012
2012-12-04,2012,12,14.13,14.1,14.1206555240242,2012-12-05,SVR,1,2012
2012-12-05,2012,12,14.1,14.07,14.083619558774386,2012-12-06,SVR,1,2012
2012-12-06,2012,12,14.07,14.03,14.055051349652873,2012-12-07,SVR,1,2012
2012-12-07,2012,12,14.03,13.99,14.009514958000283,2012-12-08,SVR,1,2012
2012-12-08,2012,12,13.99,13.97,13.969374177430804,2012-12-09,SVR,1,2012
2012-12-09,2012,12,13.97,13.94,13.96326649638309,2012-12-10,SVR,1,2012
2012-12-10,2012,12,13.94,13.9,13.924577197223302,2012-12-11,SVR,1,2012
2012-12-11,2012,12,13.9,13.87,13.876064936557844,2012-12-12,SVR,1,2012
2012-12-12,2012,12,13.87,13.85,13.854629642134027,2012-12-13,SVR,1,2012
2012-12-13,2012,12,13.85,13.83,13.842210055301573,2012-12-14,SVR,1,2012
2012-12-14,2012,12,13.83,13.79,13.820321313563866,2012-12-15,SVR,1,2012
2012-12-15,2012,12,13.79,13.76,13.765273093892494,2012-12-16,SVR,1,2012
2012-12-16,2012,12,13.76,13.74,13.743374159199792,2012-12-17,SVR,1,2012
2012-12-17,2012,12,13.74,13.72,13.732093714645943,2012-12-18,SVR,1,2012
2012-12-18,2012,12,13.72,13.7,13.709951747794069,2012-12-19,SVR,1,2012
2012-12-19,2012,12,13.7,13.67,13.688622400681805,2012-12-20,SVR,1,2012
2012-12-20,2012,12,13.67,13.67,13.651819850021333,2012-12-21,SVR,1,2012
2012-12-21,2012,12,13.67,13.66,13.674552681780208,2012-12-22,SVR,1,2012
2012-12-22,2012,12,13.66,13.66,13.656688747919956,2012-12-23,SVR,1,2012
2012-12-23,2012,12,13.66,13.63,13.66202559587781,2012-12-24,SVR,1,2012
2012-12-24,2012,12,13.63,13.6,13.610160405112167,2012-12-25,SVR,1,2012
2012-12-25,2012,12,13.6,13.56,13.581012645230013,2012-12-26,SVR,1,2012
2012-12-26,2012,12,13.56,13.54,13.537364413585143,2012-12-27,SVR,1,2012
2012-12-27,2012,12,13.54,13.51,13.530331542547168,2012-12-28,SVR,1,2012
2012-12-28,2012,12,13.51,13.49,13.492661935453965,2012-12-29,SVR,1,2012
2012-12-29,2012,12,13.49,13.45,13.477399401438008,2012-12-30,SVR,1,2012
2012-12-30,2012,12,13.45,13.42,13.424841265600248,2012-12-31,SVR,1,2012
2012-12-31,2012,12,13.42,13.4,13.401421019971911,2013-01-01,SVR,1,2012
2013-01-01,2013,1,13.4,13.37,13.394612404195806,2013-01-02,SVR,1,2013
2013-01-02,2013,1,13.37,13.33,13.355987127826051,2013-01-03,SVR,1,2013
2013-01-03,2013,1,13.33,13.29,13.308699484093774,2013-01-04,SVR,1,2013
2013-01-04,2013,1,13.29,13.25,13.270297483574748,2013-01-05,SVR,1,2013
2013-01-05,2013,1,13.25,13.22,13.23135351268236,2013-01-06,SVR,1,2013
2013-01-06,2013,1,13.22,13.2,13.20699408535832,2013-01-07,SVR,1,2013
2013-01-07,2013,1,13.2,13.18,13.192940911682623,2013-01-08,SVR,1,2013
2013-01-08,2013,1,13.18,13.16,13.171855255895188,2013-01-09,SVR,1,2013
2013-01-09,2013,1,13.16,13.14,13.151633994441108,2013-01-10,SVR,1,2013
2013-01-10,2013,1,13.14,13.13,13.132661917317613,2013-01-11,SVR,1,2013
2013-01-11,2013,1,13.13,13.12,13.130575240123548,2013-01-12,SVR,1,2013
2013-01-12,2013,1,13.12,13.1,13.121044541023934,2013-01-13,SVR,1,2013
2013-01-13,2013,1,13.1,13.08,13.093153986101191,2013-01-14,SVR,1,2013
2013-01-14,2013,1,13.08,13.07,13.07388018911501,2013-01-15,SVR,1,2013
2013-01-15,2013,1,13.07,13.06,13.072466429188522,2013-01-16,SVR,1,2013
2013-01-16,2013,1,13.06,13.04,13.062435863581484,2013-01-17,SVR,1,2013
2013-01-17,2013,1,13.04,13.03,13.034104349564098,2013-01-18,SVR,1,2013
2013-01-18,2013,1,13.03,13.01,13.031974901016197,2013-01-19,SVR,1,2013
2013-01-19,2013,1,13.01,12.98,13.005847990865183,2013-01-20,SVR,1,2013
2013-01-20,2013,1,12.98,12.95,12.967983878116005,2013-01-21,SVR,1,2013
2013-01-21,2013,1,12.95,12.93,12.939268180810107,2013-01-22,SVR,1,2013
2013-01-22,2013,1,12.93,12.91,12.927010483016085,2013-01-23,SVR,1,2013
2013-01-23,2013,1,12.91,12.89,12.906650920262107,2013-01-24,SVR,1,2013
2013-01-24,2013,1,12.89,12.87,12.885686761073043,2013-01-25,SVR,1,2013
2013-01-25,2013,1,12.87,12.85,12.866191666338533,2013-01-26,SVR,1,2013
2013-01-26,2013,1,12.85,12.83,12.846888225106945,2013-01-27,SVR,1,2013
2013-01-27,2013,1,12.83,12.81,12.82753167905564,2013-01-28,SVR,1,2013
2013-01-28,2013,1,12.81,12.8,12.808021479595837,2013-01-29,SVR,1,2013
2013-01-29,2013,1,12.8,12.8,12.805724356745264,2013-01-30,SVR,1,2013
2013-01-30,2013,1,12.8,12.79,12.8137600623042,2013-01-31,SVR,1,2013
2013-01-31,2013,1,12.79,12.78,12.795912456660064,2013-02-01,SVR,1,2013
2013-02-01,2013,2,12.78,12.76,12.786232291944723,2013-02-02,SVR,1,2013
2013-02-02,2013,2,12.76,12.74,12.760649948138143,2013-02-03,SVR,1,2013
2013-02-03,2013,2,12.74,12.73,12.741240533270204,2013-02-04,SVR,1,2013
2013-02-04,2013,2,12.73,12.72,12.73984559990049,2013-02-05,SVR,1,2013
2013-02-05,2013,2,12.72,12.7,12.729882159000052,2013-02-06,SVR,1,2013
2013-02-06,2013,2,12.7,12.67,12.701629003172055,2013-02-07,SVR,1,2013
2013-02-07,2013,2,12.67,12.65,12.665110255984406,2013-02-08,SVR,1,2013
2013-02-08,2013,2,12.65,12.63,12.653846815115376,2013-02-09,SVR,1,2013
2013-02-09,2013,2,12.63,12.61,12.635110331211802,2013-02-10,SVR,1,2013
2013-02-10,2013,2,12.61,12.6,12.614349755565305,2013-02-11,SVR,1,2013
2013-02-11,2013,2,12.6,12.58,12.612166106980954,2013-02-12,SVR,1,2013
2013-02-12,2013,2,12.58,12.57,12.585543785270959,2013-02-13,SVR,1,2013
2013-02-13,2013,2,12.57,12.56,12.583025017131819,2013-02-14,SVR,1,2013
2013-02-14,2013,2,12.56,12.55,12.575097648511207,2013-02-15,SVR,1,2013
2013-02-15,2013,2,12.55,12.53,12.565083288097894,2013-02-16,SVR,1,2013
2013-02-16,2013,2,12.53,12.52,12.538511423938436,2013-02-17,SVR,1,2013
2013-02-17,2013,2,12.52,12.52,12.536813474699521,2013-02-18,SVR,1,2013
2013-02-18,2013,2,12.52,12.51,12.546098062223583,2013-02-19,SVR,1,2013
2013-02-19,2013,2,12.51,12.53,12.528226703838019,2013-02-20,SVR,1,2013
2013-02-20,2013,2,12.53,12.54,12.569959981236954,2013-02-21,SVR,1,2013
2013-02-21,2013,2,12.54,12.53,12.570913583827295,2013-02-22,SVR,1,2013
2013-02-22,2013,2,12.53,12.53,12.54750152001843,2013-02-23,SVR,1,2013
2013-02-23,2013,2,12.53,12.52,12.558546843901354,2013-02-24,SVR,1,2013
2013-02-24,2013,2,12.52,12.52,12.543139139044097,2013-02-25,SVR,1,2013
2013-02-25,2013,2,12.52,12.53,12.550515760979637,2013-02-26,SVR,1,2013
2013-02-26,2013,2,12.53,12.55,12.568536505360981,2013-02-27,SVR,1,2013
2013-02-27,2013,2,12.55,12.59,12.592612235485898,2013-02-28,SVR,1,2013
2013-02-28,2013,2,12.59,12.588,12.644149545381044,2013-03-01,SVR,1,2013
2013-03-01,2013,3,12.588,12.57,12.60815194184532,2013-03-02,SVR,1,2013
2013-03-02,2013,3,12.57,12.54,12.584065853581803,2013-03-03,SVR,1,2013
2013-03-03,2013,3,12.54,12.52,12.550360098299207,2013-03-04,SVR,1,2013
2013-03-04,2013,3,12.52,12.49,12.539965427712202,2013-03-05,SVR,1,2013
2013-03-05,2013,3,12.49,12.46,12.503328065034646,2013-03-06,SVR,1,2013
2013-03-06,2013,3,12.46,12.44,12.471958522750095,2013-03-07,SVR,1,2013
2013-03-07,2013,3,12.44,12.42,12.460490820514673,2013-03-08,SVR,1,2013
2013-03-08,2013,3,12.42,12.42,12.441199834663697,2013-03-09,SVR,1,2013
2013-03-09,2013,3,12.42,12.41,12.456135764823701,2013-03-10,SVR,1,2013
2013-03-10,2013,3,12.41,12.41,12.439985117275759,2013-03-11,SVR,1,2013
2013-03-11,2013,3,12.41,12.42,12.44751261659295,2013-03-12,SVR,1,2013
2013-03-12,2013,3,12.42,12.41,12.466620761930704,2013-03-13,SVR,1,2013
2013-03-13,2013,3,12.41,12.4,12.44210182040484,2013-03-14,SVR,1,2013
2013-03-14,2013,3,12.4,12.39,12.433453744486155,2013-03-15,SVR,1,2013
2013-03-15,2013,3,12.39,12.38,12.42624901637113,2013-03-16,SVR,1,2013
2013-03-16,2013,3,12.38,12.36,12.41669134284482,2013-03-17,SVR,1,2013
2013-03-17,2013,3,12.36,12.35,12.389311863979396,2013-03-18,SVR,1,2013
2013-03-18,2013,3,12.35,12.34,12.387399563898688,2013-03-19,SVR,1,2013
2013-03-19,2013,3,12.34,12.33,12.379017830701764,2013-03-20,SVR,1,2013
2013-03-20,2013,3,12.33,12.32,12.368853513524071,2013-03-21,SVR,1,2013
2013-03-21,2013,3,12.32,12.33,12.359790580282786,2013-03-22,SVR,1,2013
2013-03-22,2013,3,12.33,12.37,12.3857068669102,2013-03-23,SVR,1,2013
2013-03-23,2013,3,12.37,12.41,12.444056373763097,2013-03-24,SVR,1,2013
2013-03-24,2013,3,12.41,12.5,12.47778120233345,2013-03-25,SVR,1,2013
2013-03-25,2013,3,12.5,12.54,12.60552518591069,2013-03-26,SVR,1,2013
2013-03-26,2013,3,12.54,12.59,12.594914426299772,2013-03-27,SVR,1,2013
2013-03-27,2013,3,12.59,12.65,12.662540032243317,2013-03-28,SVR,1,2013
2013-03-28,2013,3,12.65,12.69,12.735046914297643,2013-03-29,SVR,1,2013
2013-03-29,2013,3,12.69,12.71,12.754343509530628,2013-03-30,SVR,1,2013
2013-03-30,2013,3,12.71,12.71,12.760952456103686,2013-03-31,SVR,1,2013
2013-03-31,2013,3,12.71,12.69,12.751884992911629,2013-04-01,SVR,1,2013
2013-04-01,2013,4,12.69,12.69,12.72074897723034,2013-04-02,SVR,1,2013
2013-04-02,2013,4,12.69,12.73,12.741869118832412,2013-04-03,SVR,1,2013
2013-04-03,2013,4,12.73,12.77,12.81334814494195,2013-04-04,SVR,1,2013
2013-04-04,2013,4,12.77,12.77,12.842035109488291,2013-04-05,SVR,1,2013
2013-04-05,2013,4,12.77,12.851,12.807370707404893,2013-04-06,SVR,1,2013
2013-04-06,2013,4,12.851,12.896,12.963787264945596,2013-04-07,SVR,1,2013
2013-04-07,2013,4,12.896,13.05,12.962871683795763,2013-04-08,SVR,1,2013
2013-04-08,2013,4,13.05,13.19,13.225172833293005,2013-04-09,SVR,1,2013
2013-04-09,2013,4,13.19,13.23,13.321687472821727,2013-04-10,SVR,1,2013
2013-04-10,2013,4,13.23,13.23,13.257167496888094,2013-04-11,SVR,1,2013
2013-04-11,2013,4,13.23,13.22,13.251906407978842,2013-04-12,SVR,1,2013
2013-04-12,2013,4,13.22,13.33,13.254214655882917,2013-04-13,SVR,1,2013
2013-04-13,2013,4,13.33,13.47,13.486176267262003,2013-04-14,SVR,1,2013
2013-04-14,2013,4,13.47,13.5,13.61955214421059,2013-04-15,SVR,1,2013
2013-04-15,2013,4,13.5,13.51,13.510029622841737,2013-04-16,SVR,1,2013
2013-04-16,2013,4,13.51,13.48,13.539657269889243,2013-04-17,SVR,1,2013
2013-04-17,2013,4,13.48,13.52,13.496574618551234,2013-04-18,SVR,1,2013
2013-04-18,2013,4,13.52,13.81,13.608870392574785,2013-04-19,SVR,1,2013
2013-04-19,2013,4,13.81,14.35,14.129743266546859,2013-04-20,SVR,1,2013
2013-04-20,2013,4,14.35,14.55,14.656045504428763,2013-04-21,SVR,1,2013
2013-04-21,2013,4,14.55,14.66,14.56454053982421,2013-04-22,SVR,1,2013
2013-04-22,2013,4,14.66,14.58,14.755875686171553,2013-04-23,SVR,1,2013
2013-04-23,2013,4,14.58,14.58,14.551663301477406,2013-04-24,SVR,1,2013
2013-04-24,2013,4,14.58,14.45,14.63027958419706,2013-04-25,SVR,1,2013
2013-04-25,2013,4,14.45,14.35,14.388383969975202,2013-04-26,SVR,1,2013
2013-04-26,2013,4,14.35,14.26,14.308309359823063,2013-04-27,SVR,1,2013
2013-04-27,2013,4,14.26,14.24,14.270665746034483,2013-04-28,SVR,1,2013
2013-04-28,2013,4,14.24,14.2,14.290173415207109,2013-04-29,SVR,1,2013
2013-04-29,2013,4,14.2,14.17,14.240533983264717,2013-04-30,SVR,1,2013
2013-07-08,2013,7,19.2,19.34,19.32345334780994,2013-07-09,SVR,1,2013
2013-07-09,2013,7,19.34,19.47,19.448688175435777,2013-07-10,SVR,1,2013
2013-07-10,2013,7,19.47,19.67,19.590053062212586,2013-07-11,SVR,1,2013
2013-07-11,2013,7,19.67,19.68,19.827477408343213,2013-07-12,SVR,1,2013
2013-07-12,2013,7,19.68,19.6,19.637735741036785,2013-07-13,SVR,1,2013
2013-07-13,2013,7,19.6,19.46,19.486234037861653,2013-07-14,SVR,1,2013
2013-07-14,2013,7,19.46,19.37,19.34376282627966,2013-07-15,SVR,1,2013
2013-07-15,2013,7,19.37,19.3,19.316393153241965,2013-07-16,SVR,1,2013
2013-07-16,2013,7,19.3,19.13,19.270785738095203,2013-07-17,SVR,1,2013
2013-07-17,2013,7,19.13,19.087,19.013249974925003,2013-07-18,SVR,1,2013
2013-07-18,2013,7,19.087,18.99,19.060257379466194,2013-07-19,SVR,1,2013
2013-07-19,2013,7,18.99,19.09,18.926627532594775,2013-07-20,SVR,1,2013
2013-07-20,2013,7,19.09,19.12,19.158834388813403,2013-07-21,SVR,1,2013
2013-07-21,2013,7,19.12,19.11,19.154479911516656,2013-07-22,SVR,1,2013
2013-07-22,2013,7,19.11,19.02,19.105487620167196,2013-07-23,SVR,1,2013
2013-07-23,2013,7,19.02,19.04,18.96989241249718,2013-07-24,SVR,1,2013
2013-07-24,2013,7,19.04,19.05,19.07429558242874,2013-07-25,SVR,1,2013
2013-07-25,2013,7,19.05,19.11,19.06779933321102,2013-07-26,SVR,1,2013
2013-07-26,2013,7,19.11,19.15,19.16383251974595,2013-07-27,SVR,1,2013
2013-07-27,2013,7,19.15,19.14,19.194514847549197,2013-07-28,SVR,1,2013
2013-07-28,2013,7,19.14,19.07,19.138870055746345,2013-07-29,SVR,1,2013
2013-07-29,2013,7,19.07,19.0,19.032470705577165,2013-07-30,SVR,1,2013
2013-07-30,2013,7,19.0,18.94,18.969086257030977,2013-07-31,SVR,1,2013
2013-07-31,2013,7,18.94,18.86,18.919603720499957,2013-08-01,SVR,1,2013
2013-08-01,2013,8,18.86,18.78,18.82313334912388,2013-08-02,SVR,1,2013
2013-08-02,2013,8,18.78,18.76,18.739977701423054,2013-08-03,SVR,1,2013
2013-08-03,2013,8,18.76,18.69,18.764631768291505,2013-08-04,SVR,1,2013
2013-08-04,2013,8,18.69,18.52,18.652693208526514,2013-08-05,SVR,1,2013
2013-08-05,2013,8,18.52,18.4,18.397792894689314,2013-08-06,SVR,1,2013
2013-08-06,2013,8,18.4,18.45,18.312249352484418,2013-08-07,SVR,1,2013
2013-08-07,2013,8,18.45,18.51,18.513926518238392,2013-08-08,SVR,1,2013
2013-08-08,2013,8,18.51,18.49,18.57650176273659,2013-08-09,SVR,1,2013
2013-08-09,2013,8,18.49,18.43,18.485417730776852,2013-08-10,SVR,1,2013
2013-08-10,2013,8,18.43,18.51,18.399378444953474,2013-08-11,SVR,1,2013
2013-08-11,2013,8,18.51,18.6,18.592445971249443,2013-08-12,SVR,1,2013
2013-08-12,2013,8,18.6,18.64,18.697256336081104,2013-08-13,SVR,1,2013
2013-08-13,2013,8,18.64,18.63,18.685756821622537,2013-08-14,SVR,1,2013
2013-08-14,2013,8,18.63,18.56,18.62762727295203,2013-08-15,SVR,1,2013
2013-08-15,2013,8,18.56,18.45,18.525054201029185,2013-08-16,SVR,1,2013
2013-08-16,2013,8,18.45,18.36,18.389541379632643,2013-08-17,SVR,1,2013
2013-08-17,2013,8,18.36,18.29,18.320469876739384,2013-08-18,SVR,1,2013
2013-08-18,2013,8,18.29,18.22,18.270927037095696,2013-08-19,SVR,1,2013
2013-08-19,2013,8,18.22,18.12,18.195161491449543,2013-08-20,SVR,1,2013
2013-08-20,2013,8,18.12,18.0,18.063699765542218,2013-08-21,SVR,1,2013
2013-08-21,2013,8,18.0,17.97,17.919223926358303,2013-08-22,SVR,1,2013
2013-08-22,2013,8,17.97,17.92,17.96924762049994,2013-08-23,SVR,1,2013
2013-08-23,2013,8,17.92,17.83,17.90816394856245,2013-08-24,SVR,1,2013
2013-08-24,2013,8,17.83,17.67,17.77956835055977,2013-08-25,SVR,1,2013
2013-08-25,2013,8,17.67,17.54,17.556402678963718,2013-08-26,SVR,1,2013
2013-08-26,2013,8,17.54,17.47,17.442356203018907,2013-08-27,SVR,1,2013
2013-08-27,2013,8,17.47,17.53,17.443798558780845,2013-08-28,SVR,1,2013
2013-08-28,2013,8,17.53,17.6,17.63033511471787,2013-08-29,SVR,1,2013
2013-08-29,2013,8,17.6,17.6,17.696104093318898,2013-08-30,SVR,1,2013
2013-08-30,2013,8,17.6,17.62,17.617509288648954,2013-08-31,SVR,1,2013
2013-08-31,2013,8,17.62,17.62,17.651825832523564,2013-09-01,SVR,1,2013
2013-09-01,2013,9,17.62,17.64,17.640996621319477,2013-09-02,SVR,1,2013
2013-09-02,2013,9,17.64,17.79,17.677742605411243,2013-09-03,SVR,1,2013
2013-09-03,2013,9,17.79,17.9,17.95750707302519,2013-09-04,SVR,1,2013
2013-09-04,2013,9,17.9,18.17,18.012710870199793,2013-09-05,SVR,1,2013
2013-09-05,2013,9,18.17,18.49,18.408902284924814,2013-09-06,SVR,1,2013
2013-09-06,2013,9,18.49,18.8,18.682216167883535,2013-09-07,SVR,1,2013
2013-09-07,2013,9,18.8,19.3,19.005962760308076,2013-09-08,SVR,1,2013
2013-09-08,2013,9,19.3,19.66,19.675372067824345,2013-09-09,SVR,1,2013
2013-09-09,2013,9,19.66,19.9,19.89557239829555,2013-09-10,SVR,1,2013
2013-09-10,2013,9,19.9,19.91,20.071628293844388,2013-09-11,SVR,1,2013
2013-09-11,2013,9,19.91,19.79,19.849354291484822,2013-09-12,SVR,1,2013
2013-09-12,2013,9,19.79,19.5,19.592149773706335,2013-09-13,SVR,1,2013
2013-09-13,2013,9,19.5,19.19,19.189578444126315,2013-09-14,SVR,1,2013
2013-09-14,2013,9,19.19,18.9,18.869855727316452,2013-09-15,SVR,1,2013
2013-09-15,2013,9,18.9,18.62,18.641875905019507,2013-09-16,SVR,1,2013
2013-09-16,2013,9,18.62,18.41,18.449379324969073,2013-09-17,SVR,1,2013
2013-09-17,2013,9,18.41,18.12,18.324656307117007,2013-09-18,SVR,1,2013
2013-09-18,2013,9,18.12,17.94,18.00244240919549,2013-09-19,SVR,1,2013
2013-09-19,2013,9,17.94,17.76,17.857214569293426,2013-09-20,SVR,1,2013
2013-09-20,2013,9,17.76,17.4,17.666951855375228,2013-09-21,SVR,1,2013
2013-09-21,2013,9,17.4,17.3,17.221532843113266,2013-09-22,SVR,1,2013
2013-09-22,2013,9,17.3,17.13,17.21664885751489,2013-09-23,SVR,1,2013
2013-09-23,2013,9,17.13,17.01,17.0404435561681,2013-09-24,SVR,1,2013
2013-09-24,2013,9,17.01,16.91,16.923042959694207,2013-09-25,SVR,1,2013
2013-09-25,2013,9,16.91,16.82,16.849631525680916,2013-09-26,SVR,1,2013
2013-09-26,2013,9,16.82,16.8,16.76025946209698,2013-09-27,SVR,1,2013
2013-09-27,2013,9,16.8,16.81,16.79474314162044,2013-09-28,SVR,1,2013
2013-09-28,2013,9,16.81,16.85,16.853971737384956,2013-09-29,SVR,1,2013
2013-09-29,2013,9,16.85,16.87,16.903632673933316,2013-09-30,SVR,1,2013
2013-09-30,2013,9,16.87,16.87,16.892991941623443,2013-10-01,SVR,1,2013
2013-10-01,2013,10,16.87,16.84,16.86901625435826,2013-10-02,SVR,1,2013
2013-10-02,2013,10,16.84,16.77,16.816318808575264,2013-10-03,SVR,1,2013
2013-10-03,2013,10,16.77,16.68,16.716708973376807,2013-10-04,SVR,1,2013
2013-10-04,2013,10,16.68,16.57,16.614944631844093,2013-10-05,SVR,1,2013
2013-10-05,2013,10,16.57,16.51,16.49194980702159,2013-10-06,SVR,1,2013
2013-10-06,2013,10,16.51,16.58,16.480271244594096,2013-10-07,SVR,1,2013
2013-10-07,2013,10,16.58,16.63,16.684930741481022,2013-10-08,SVR,1,2013
2013-10-08,2013,10,16.63,16.6,16.680754047502266,2013-10-09,SVR,1,2013
2013-10-09,2013,10,16.6,16.55,16.55979976620787,2013-10-10,SVR,1,2013
2013-10-10,2013,10,16.55,16.54,16.503975280973922,2013-10-11,SVR,1,2013
2013-10-11,2013,10,16.54,16.59,16.546475137605345,2013-10-12,SVR,1,2013
2013-10-12,2013,10,16.59,16.55,16.648630699125185,2013-10-13,SVR,1,2013
2013-10-13,2013,10,16.55,16.48,16.50077645656392,2013-10-14,SVR,1,2013
2013-10-14,2013,10,16.48,16.37,16.407731736648707,2013-10-15,SVR,1,2013
2013-10-15,2013,10,16.37,16.37,16.27808538845491,2013-10-16,SVR,1,2013
2013-10-16,2013,10,16.37,16.48,16.38738378926997,2013-10-17,SVR,1,2013
2013-10-17,2013,10,16.48,16.37,16.595705486590536,2013-10-18,SVR,1,2013
2013-10-18,2013,10,16.37,16.23,16.248634176438284,2013-10-19,SVR,1,2013
2013-10-19,2013,10,16.23,16.0,16.086101632759693,2013-10-20,SVR,1,2013
2013-10-20,2013,10,16.0,15.84,15.827161603810776,2013-10-21,SVR,1,2013
2013-10-21,2013,10,15.84,15.74,15.69052825408755,2013-10-22,SVR,1,2013
2013-10-22,2013,10,15.74,15.71,15.663760582190141,2013-10-23,SVR,1,2013
2013-10-23,2013,10,15.71,15.68,15.701238985222195,2013-10-24,SVR,1,2013
2013-10-24,2013,10,15.68,15.66,15.665509812117243,2013-10-25,SVR,1,2013
2013-10-25,2013,10,15.66,15.71,15.650584653265637,2013-10-26,SVR,1,2013
2013-10-26,2013,10,15.71,15.74,15.76491000565208,2013-10-27,SVR,1,2013
2013-10-27,2013,10,15.74,15.82,15.763608309044049,2013-10-28,SVR,1,2013
2013-10-28,2013,10,15.82,15.82,15.880401833965264,2013-10-29,SVR,1,2013
2013-10-29,2013,10,15.82,15.74,15.79931676702487,2013-10-30,SVR,1,2013
2013-10-30,2013,10,15.74,15.63,15.661787252050916,2013-10-31,SVR,1,2013
2013-10-31,2013,10,15.63,15.52,15.548898518292834,2013-11-01,SVR,1,2013
2013-11-01,2013,11,15.52,15.42,15.448595692245046,2013-11-02,SVR,1,2013
2013-11-02,2013,11,15.42,15.4,15.353631265638898,2013-11-03,SVR,1,2013
2013-11-03,2013,11,15.4,15.49,15.395419675911409,2013-11-04,SVR,1,2013
2013-11-04,2013,11,15.49,15.57,15.576019455063442,2013-11-05,SVR,1,2013
2013-11-05,2013,11,15.57,15.59,15.606981880720367,2013-11-06,SVR,1,2013
2013-11-06,2013,11,15.59,15.54,15.571555497939947,2013-11-07,SVR,1,2013
2013-11-07,2013,11,15.54,15.43,15.483372921450236,2013-11-08,SVR,1,2013
2013-11-08,2013,11,15.43,15.34,15.345613058030088,2013-11-09,SVR,1,2013
2013-11-09,2013,11,15.34,15.21,15.278984138326168,2013-11-10,SVR,1,2013
2013-11-10,2013,11,15.21,15.09,15.129035934931704,2013-11-11,SVR,1,2013
2013-11-11,2013,11,15.09,15.0,15.001524087221828,2013-11-12,SVR,1,2013
2013-11-12,2013,11,15.0,14.91,14.930801351728737,2013-11-13,SVR,1,2013
2013-11-13,2013,11,14.91,14.84,14.841013648802418,2013-11-14,SVR,1,2013
2013-11-14,2013,11,14.84,14.72,14.78296446455182,2013-11-15,SVR,1,2013
2013-11-15,2013,11,14.72,14.66,14.640720322391827,2013-11-16,SVR,1,2013
2013-11-16,2013,11,14.66,14.58,14.61334517285631,2013-11-17,SVR,1,2013
2013-11-17,2013,11,14.58,14.53,14.535392844536677,2013-11-18,SVR,1,2013
2013-11-18,2013,11,14.53,14.44,14.4985369929858,2013-11-19,SVR,1,2013
2013-11-19,2013,11,14.44,14.44,14.39140187266217,2013-11-20,SVR,1,2013
2013-11-20,2013,11,14.44,14.38,14.447009856187618,2013-11-21,SVR,1,2013
2013-11-21,2013,11,14.38,14.33,14.354278848775156,2013-11-22,SVR,1,2013
2013-11-22,2013,11,14.33,14.27,14.30244187552982,2013-11-23,SVR,1,2013
2013-11-23,2013,11,14.27,14.22,14.246763436057945,2013-11-24,SVR,1,2013
2013-11-24,2013,11,14.22,14.17,14.201716581346801,2013-11-25,SVR,1,2013
2013-11-25,2013,11,14.17,14.12,14.152827420920023,2013-11-26,SVR,1,2013
2013-11-26,2013,11,14.12,14.08,14.100091676587313,2013-11-27,SVR,1,2013
2013-11-27,2013,11,14.08,14.03,14.066945476479209,2013-11-28,SVR,1,2013
2013-11-28,2013,11,14.03,13.99,14.011017440365487,2013-11-29,SVR,1,2013
2013-11-29,2013,11,13.99,13.96,13.976642722985954,2013-11-30,SVR,1,2013
2013-11-30,2013,11,13.96,13.92,13.954245299627402,2013-12-01,SVR,1,2013
2013-12-01,2013,12,13.92,13.87,13.906611560254486,2013-12-02,SVR,1,2013
2013-12-02,2013,12,13.87,13.82,13.850040358150812,2013-12-03,SVR,1,2013
2013-12-03,2013,12,13.82,13.78,13.801655537744617,2013-12-04,SVR,1,2013
2013-12-04,2013,12,13.78,13.76,13.768322049644718,2013-12-05,SVR,1,2013
2013-12-05,2013,12,13.76,13.74,13.759735215773858,2013-12-06,SVR,1,2013
2013-12-06,2013,12,13.74,13.7,13.737744494484414,2013-12-07,SVR,1,2013
2013-12-07,2013,12,13.7,13.67,13.683261182359274,2013-12-08,SVR,1,2013
2013-12-08,2013,12,13.67,13.64,13.66139966870745,2013-12-09,SVR,1,2013
2013-12-09,2013,12,13.64,13.6,13.633647153161613,2013-12-10,SVR,1,2013
2013-12-10,2013,12,13.6,13.56,13.58545183252918,2013-12-11,SVR,1,2013
2013-12-11,2013,12,13.56,13.54,13.544966990307056,2013-12-12,SVR,1,2013
2013-12-12,2013,12,13.54,13.51,13.538103867599117,2013-12-13,SVR,1,2013
2013-12-13,2013,12,13.51,13.48,13.500752575043093,2013-12-14,SVR,1,2013
2013-12-14,2013,12,13.48,13.45,13.468700158621877,2013-12-15,SVR,1,2013
2013-12-15,2013,12,13.45,13.42,13.440053333015348,2013-12-16,SVR,1,2013
2013-12-16,2013,12,13.42,13.4,13.410128638990724,2013-12-17,SVR,1,2013
2013-12-17,2013,12,13.4,13.38,13.396382648071661,2013-12-18,SVR,1,2013
2013-12-18,2013,12,13.38,13.36,13.375768468058924,2013-12-19,SVR,1,2013
2013-12-19,2013,12,13.36,13.34,13.354824401253419,2013-12-20,SVR,1,2013
2013-12-20,2013,12,13.34,13.32,13.335129870626902,2013-12-21,SVR,1,2013
2013-12-21,2013,12,13.32,13.29,13.31534178369563,2013-12-22,SVR,1,2013
2013-12-22,2013,12,13.29,13.26,13.278662557880716,2013-12-23,SVR,1,2013
2013-12-23,2013,12,13.26,13.24,13.248625146648346,2013-12-24,SVR,1,2013
2013-12-24,2013,12,13.24,13.21,13.235773306419901,2013-12-25,SVR,1,2013
2013-12-25,2013,12,13.21,13.19,13.198392665108836,2013-12-26,SVR,1,2013
2013-12-26,2013,12,13.19,13.17,13.18387607482758,2013-12-27,SVR,1,2013
2013-12-27,2013,12,13.17,13.14,13.164645305337826,2013-12-28,SVR,1,2013
2013-12-28,2013,12,13.14,13.12,13.127108890276272,2013-12-29,SVR,1,2013
2013-12-29,2013,12,13.12,13.09,13.114073172010038,2013-12-30,SVR,1,2013
2013-12-30,2013,12,13.09,13.06,13.078211125976008,2013-12-31,SVR,1,2013
2013-12-31,2013,12,13.06,13.04,13.0473254224111,2014-01-01,SVR,1,2013
2014-01-01,2014,1,13.04,13.02,13.026778184868704,2014-01-02,SVR,1,2014
2014-01-02,2014,1,13.02,12.99,13.007141552046347,2014-01-03,SVR,1,2014
2014-01-03,2014,1,12.99,12.97,12.969128675756025,2014-01-04,SVR,1,2014
2014-01-04,2014,1,12.97,12.95,12.956183453259195,2014-01-05,SVR,1,2014
2014-01-05,2014,1,12.95,12.93,12.937771367000725,2014-01-06,SVR,1,2014
2014-01-06,2014,1,12.93,12.93,12.91707067556446,2014-01-07,SVR,1,2014
2014-01-07,2014,1,12.93,12.92,12.932414666518012,2014-01-08,SVR,1,2014
2014-01-08,2014,1,12.92,12.9,12.916121063354717,2014-01-09,SVR,1,2014
2014-01-09,2014,1,12.9,12.88,12.886941675276377,2014-01-10,SVR,1,2014
2014-01-10,2014,1,12.88,12.86,12.868000380799822,2014-01-11,SVR,1,2014
2014-01-11,2014,1,12.86,12.83,12.849116240550646,2014-01-12,SVR,1,2014
2014-01-12,2014,1,12.83,12.82,12.811701255828485,2014-01-13,SVR,1,2014
2014-01-13,2014,1,12.82,12.8,12.816019733916825,2014-01-14,SVR,1,2014
2014-01-14,2014,1,12.8,12.79,12.790485252769116,2014-01-15,SVR,1,2014
2014-01-15,2014,1,12.79,12.77,12.78624006863675,2014-01-16,SVR,1,2014
2014-01-16,2014,1,12.77,12.75,12.76052167358766,2014-01-17,SVR,1,2014
2014-01-17,2014,1,12.75,12.73,12.739743059773922,2014-01-18,SVR,1,2014
2014-01-18,2014,1,12.73,12.72,12.721133533132898,2014-01-19,SVR,1,2014
2014-01-19,2014,1,12.72,12.7,12.719067413617163,2014-01-20,SVR,1,2014
2014-01-20,2014,1,12.7,12.68,12.692295180527916,2014-01-21,SVR,1,2014
2014-01-21,2014,1,12.68,12.66,12.671447329054157,2014-01-22,SVR,1,2014
2014-01-22,2014,1,12.66,12.65,12.652877743610388,2014-01-23,SVR,1,2014
2014-01-23,2014,1,12.65,12.64,12.650943206256576,2014-01-24,SVR,1,2014
2014-01-24,2014,1,12.64,12.63,12.64212349156241,2014-01-25,SVR,1,2014
2014-01-25,2014,1,12.63,12.62,12.63192414920249,2014-01-26,SVR,1,2014
2014-01-26,2014,1,12.62,12.61,12.622672302141279,2014-01-27,SVR,1,2014
2014-01-27,2014,1,12.61,12.59,12.613441056974523,2014-01-28,SVR,1,2014
2014-01-28,2014,1,12.59,12.57,12.586235456328025,2014-01-29,SVR,1,2014
2014-01-29,2014,1,12.57,12.55,12.566267500096208,2014-01-30,SVR,1,2014
2014-01-30,2014,1,12.55,12.53,12.547611692104034,2014-01-31,SVR,1,2014
2014-06-08,2014,6,16.32,16.66,16.492911423018658,2014-06-09,SVR,1,2014
2014-06-09,2014,6,16.66,16.88,17.048812014024694,2014-06-10,SVR,1,2014
2014-06-10,2014,6,16.88,16.92,17.004901868503246,2014-06-11,SVR,1,2014
2014-06-11,2014,6,16.92,16.92,16.92106530344298,2014-06-12,SVR,1,2014
2014-06-12,2014,6,16.92,16.92,16.927625936731232,2014-06-13,SVR,1,2014
2014-06-13,2014,6,16.92,16.97,16.95752073191906,2014-06-14,SVR,1,2014
2014-06-14,2014,6,16.97,17.07,17.053361607893223,2014-06-15,SVR,1,2014
2014-06-15,2014,6,17.07,17.21,17.197014856778278,2014-06-16,SVR,1,2014
2014-06-16,2014,6,17.21,17.25,17.371303729899566,2014-06-17,SVR,1,2014
2014-06-17,2014,6,17.25,17.19,17.284611029457295,2014-06-18,SVR,1,2014
2014-06-18,2014,6,17.19,17.11,17.145741947062568,2014-06-19,SVR,1,2014
2014-06-19,2014,6,17.11,16.99,17.093025545320753,2014-06-20,SVR,1,2014
2014-06-20,2014,6,16.99,16.92,16.965214619076427,2014-06-21,SVR,1,2014
2014-06-21,2014,6,16.92,16.9,16.92048567821246,2014-06-22,SVR,1,2014
2014-06-22,2014,6,16.9,17.2,16.936522469301536,2014-06-23,SVR,1,2014
2014-06-23,2014,6,17.2,17.49,17.533185206945426,2014-06-24,SVR,1,2014
2014-06-24,2014,6,17.49,17.82,17.731022188350753,2014-06-25,SVR,1,2014
2014-06-25,2014,6,17.82,18.14,18.16200771459917,2014-06-26,SVR,1,2014
2014-06-26,2014,6,18.14,18.44,18.451641391689314,2014-06-27,SVR,1,2014
2014-06-27,2014,6,18.44,18.56,18.70484361052333,2014-06-28,SVR,1,2014
2014-06-28,2014,6,18.56,18.57,18.578024165807307,2014-06-29,SVR,1,2014
2014-06-29,2014,6,18.57,18.57,18.49140062657015,2014-06-30,SVR,1,2014
2014-06-30,2014,6,18.57,18.58,18.551702357844746,2014-07-01,SVR,1,2014
2014-07-01,2014,7,18.58,18.5,18.596549989189864,2014-07-02,SVR,1,2014
2014-07-02,2014,7,18.5,18.34,18.45460803247092,2014-07-03,SVR,1,2014
2014-07-03,2014,7,18.34,18.362,18.263607750961942,2014-07-04,SVR,1,2014
2014-07-04,2014,7,18.362,18.47,18.422548839969036,2014-07-05,SVR,1,2014
2014-07-05,2014,7,18.47,18.59,18.579622849470606,2014-07-06,SVR,1,2014
2014-07-06,2014,7,18.59,18.63,18.699271495390754,2014-07-07,SVR,1,2014
2014-07-07,2014,7,18.63,18.66,18.676571314187065,2014-07-08,SVR,1,2014
2014-07-08,2014,7,18.66,18.5,18.703813579822025,2014-07-09,SVR,1,2014
2014-07-09,2014,7,18.5,18.49,18.416616562564922,2014-07-10,SVR,1,2014
2014-07-10,2014,7,18.49,18.53,18.520122004521998,2014-07-11,SVR,1,2014
2014-07-11,2014,7,18.53,18.48,18.59899682057925,2014-07-12,SVR,1,2014
2014-07-12,2014,7,18.48,18.4,18.464594249352075,2014-07-13,SVR,1,2014
2014-07-13,2014,7,18.4,18.46,18.36910713283676,2014-07-14,SVR,1,2014
2014-07-14,2014,7,18.46,18.46,18.537098190940657,2014-07-15,SVR,1,2014
2014-07-15,2014,7,18.46,18.4,18.480909979258293,2014-07-16,SVR,1,2014
2014-07-16,2014,7,18.4,18.34,18.374779144581805,2014-07-17,SVR,1,2014
2014-07-17,2014,7,18.34,18.35,18.32746386230539,2014-07-18,SVR,1,2014
2014-07-18,2014,7,18.35,18.42,18.389766193343597,2014-07-19,SVR,1,2014
2014-07-19,2014,7,18.42,18.53,18.49800441432138,2014-07-20,SVR,1,2014
2014-07-20,2014,7,18.53,18.67,18.6416623349323,2014-07-21,SVR,1,2014
2014-07-21,2014,7,18.67,18.88,18.809238258584756,2014-07-22,SVR,1,2014
2014-07-22,2014,7,18.88,18.98,19.062328991512363,2014-07-23,SVR,1,2014
2014-07-23,2014,7,18.98,18.97,19.059151781268763,2014-07-24,SVR,1,2014
2014-07-24,2014,7,18.97,18.97,18.96833787462049,2014-07-25,SVR,1,2014
2014-07-25,2014,7,18.97,18.91,18.997656926803085,2014-07-26,SVR,1,2014
2014-07-26,2014,7,18.91,18.87,18.89513529905372,2014-07-27,SVR,1,2014
2014-07-27,2014,7,18.87,18.75,18.867973810545887,2014-07-28,SVR,1,2014
2014-07-28,2014,7,18.75,18.65,18.692815034203846,2014-07-29,SVR,1,2014
2014-07-29,2014,7,18.65,18.58,18.60377015277193,2014-07-30,SVR,1,2014
2014-07-30,2014,7,18.58,18.48,18.56252676132553,2014-07-31,SVR,1,2014
2014-07-31,2014,7,18.48,18.41,18.437289430732086,2014-08-01,SVR,1,2014
2014-08-01,2014,8,18.41,18.36,18.384826852334314,2014-08-02,SVR,1,2014
2014-08-02,2014,8,18.36,18.3,18.354407822493865,2014-08-03,SVR,1,2014
2014-08-03,2014,8,18.3,18.24,18.280467809279536,2014-08-04,SVR,1,2014
2014-08-04,2014,8,18.24,18.22,18.221501937970626,2014-08-05,SVR,1,2014
2014-08-05,2014,8,18.22,18.23,18.236161413482975,2014-08-06,SVR,1,2014
2014-08-06,2014,8,18.23,18.23,18.264294990968303,2014-08-07,SVR,1,2014
2014-08-07,2014,8,18.23,18.24,18.25281639282238,2014-08-08,SVR,1,2014
2014-08-08,2014,8,18.24,18.17,18.26922619205217,2014-08-09,SVR,1,2014
2014-08-09,2014,8,18.17,18.17,18.140237794153126,2014-08-10,SVR,1,2014
2014-08-10,2014,8,18.17,18.24,18.19945942433946,2014-08-11,SVR,1,2014
2014-08-11,2014,8,18.24,18.26,18.327278707714342,2014-08-12,SVR,1,2014
2014-08-12,2014,8,18.26,18.28,18.29927613810255,2014-08-13,SVR,1,2014
2014-08-13,2014,8,18.28,18.39,18.31622755390274,2014-08-14,SVR,1,2014
2014-08-14,2014,8,18.39,18.58,18.516838214647734,2014-08-15,SVR,1,2014
2014-08-15,2014,8,18.58,18.86,18.760593088775813,2014-08-16,SVR,1,2014
2014-08-16,2014,8,18.86,19.42,19.069273659037496,2014-08-17,SVR,1,2014
2014-08-17,2014,8,19.42,19.7,19.902898191300892,2014-08-18,SVR,1,2014
2014-08-18,2014,8,19.7,19.82,19.939454525842365,2014-08-19,SVR,1,2014
2014-08-19,2014,8,19.82,19.86,19.892797283523596,2014-08-20,SVR,1,2014
2014-08-20,2014,8,19.86,19.86,19.840134641104022,2014-08-21,SVR,1,2014
2014-08-21,2014,8,19.86,19.86,19.823382501923682,2014-08-22,SVR,1,2014
2014-08-22,2014,8,19.86,19.81,19.829592250660088,2014-08-23,SVR,1,2014
2014-08-23,2014,8,19.81,19.75,19.72444743312259,2014-08-24,SVR,1,2014
2014-08-24,2014,8,19.75,19.79,19.67883178321317,2014-08-25,SVR,1,2014
2014-08-25,2014,8,19.79,19.77,19.796982218491546,2014-08-26,SVR,1,2014
2014-08-26,2014,8,19.77,19.92,19.732285345769697,2014-08-27,SVR,1,2014
2014-08-27,2014,8,19.92,20.15,20.012373504899248,2014-08-28,SVR,1,2014
2014-08-28,2014,8,20.15,20.21,20.276959322386592,2014-08-29,SVR,1,2014
2014-08-29,2014,8,20.21,20.17,20.24425753952661,2014-08-30,SVR,1,2014
2014-08-30,2014,8,20.17,20.02,20.096573672146757,2014-08-31,SVR,1,2014
2014-08-31,2014,8,20.02,19.8,19.838818614047508,2014-09-01,SVR,1,2014
2014-09-01,2014,9,19.8,19.58,19.540739726855488,2014-09-02,SVR,1,2014
2014-09-02,2014,9,19.58,19.38,19.326553154960784,2014-09-03,SVR,1,2014
2014-09-03,2014,9,19.38,19.16,19.17810855912943,2014-09-04,SVR,1,2014
2014-09-04,2014,9,19.16,18.93,18.9642115877327,2014-09-05,SVR,1,2014
2014-09-05,2014,9,18.93,18.74,18.735017030433713,2014-09-06,SVR,1,2014
2014-09-06,2014,9,18.74,18.56,18.571508522525,2014-09-07,SVR,1,2014
2014-09-07,2014,9,18.56,18.42,18.398013298074137,2014-09-08,SVR,1,2014
2014-09-08,2014,9,18.42,18.27,18.28591869459762,2014-09-09,SVR,1,2014
2014-09-09,2014,9,18.27,18.15,18.134514176073324,2014-09-10,SVR,1,2014
2014-09-10,2014,9,18.15,18.23,18.03602399501965,2014-09-11,SVR,1,2014
2014-09-11,2014,9,18.23,18.24,18.285009042608966,2014-09-12,SVR,1,2014
2014-09-12,2014,9,18.24,18.11,18.25358530790181,2014-09-13,SVR,1,2014
2014-09-13,2014,9,18.11,18.1,18.00293461146409,2014-09-14,SVR,1,2014
2014-09-14,2014,9,18.1,18.18,18.103255547752685,2014-09-15,SVR,1,2014
2014-09-15,2014,9,18.18,18.25,18.26512144883028,2014-09-16,SVR,1,2014
2014-09-16,2014,9,18.25,18.27,18.313484820181838,2014-09-17,SVR,1,2014
2014-09-17,2014,9,18.27,18.22,18.284801484172952,2014-09-18,SVR,1,2014
2014-09-18,2014,9,18.22,18.11,18.18129585605482,2014-09-19,SVR,1,2014
2014-09-19,2014,9,18.11,18.01,18.020052907527496,2014-09-20,SVR,1,2014
2014-09-20,2014,9,18.01,18.01,17.930594170435338,2014-09-21,SVR,1,2014
2014-09-21,2014,9,18.01,18.75,18.040435697319598,2014-09-22,SVR,1,2014
2014-09-22,2014,9,18.75,19.24,19.064764193178437,2014-09-23,SVR,1,2014
2014-09-23,2014,9,19.24,19.3,19.582200318973687,2014-09-24,SVR,1,2014
2014-09-24,2014,9,19.3,19.28,19.362239281322548,2014-09-25,SVR,1,2014
2014-09-25,2014,9,19.28,19.17,19.28307359891104,2014-09-26,SVR,1,2014
2014-09-26,2014,9,19.17,19.12,19.072071433102874,2014-09-27,SVR,1,2014
2014-09-27,2014,9,19.12,19.11,19.054520606507193,2014-09-28,SVR,1,2014
2014-09-28,2014,9,19.11,19.12,19.072369251254084,2014-09-29,SVR,1,2014
2014-09-29,2014,9,19.12,19.07,19.101450622496667,2014-09-30,SVR,1,2014
2014-09-30,2014,9,19.07,18.95,19.00718900666236,2014-10-01,SVR,1,2014
2014-10-01,2014,10,18.95,18.85,18.82347368531687,2014-10-02,SVR,1,2014
2014-10-02,2014,10,18.85,18.72,18.735663121820295,2014-10-03,SVR,1,2014
2014-10-03,2014,10,18.72,18.58,18.580550188633666,2014-10-04,SVR,1,2014
2014-10-04,2014,10,18.58,18.26,18.427277785349503,2014-10-05,SVR,1,2014
2014-10-05,2014,10,18.26,18.0,17.965049226548764,2014-10-06,SVR,1,2014
2014-10-06,2014,10,18.0,17.73,17.74427377010255,2014-10-07,SVR,1,2014
2014-10-07,2014,10,17.73,17.54,17.515200217264507,2014-10-08,SVR,1,2014
2014-10-08,2014,10,17.54,17.21,17.386213733579375,2014-10-09,SVR,1,2014
2014-10-09,2014,10,17.21,17.04,17.02547237785062,2014-10-10,SVR,1,2014
2014-10-10,2014,10,17.04,16.9,16.90304055722262,2014-10-11,SVR,1,2014
2014-10-11,2014,10,16.9,16.79,16.789159583830298,2014-10-12,SVR,1,2014
2014-10-12,2014,10,16.79,16.5,16.70512784692983,2014-10-13,SVR,1,2014
2014-10-13,2014,10,16.5,16.39,16.326398254805998,2014-10-14,SVR,1,2014
2014-10-14,2014,10,16.39,16.31,16.269590022051442,2014-10-15,SVR,1,2014
2014-10-15,2014,10,16.31,16.19,16.250789052492486,2014-10-16,SVR,1,2014
2014-10-16,2014,10,16.19,16.09,16.103601274206714,2014-10-17,SVR,1,2014
2014-10-17,2014,10,16.09,16.01,16.01176349030073,2014-10-18,SVR,1,2014
2014-10-18,2014,10,16.01,15.92,15.954210887688417,2014-10-19,SVR,1,2014
2014-10-19,2014,10,15.92,15.81,15.850331751316194,2014-10-20,SVR,1,2014
2014-10-20,2014,10,15.81,15.75,15.730770008818,2014-10-21,SVR,1,2014
2014-10-21,2014,10,15.75,15.72,15.712039697498616,2014-10-22,SVR,1,2014
2014-10-22,2014,10,15.72,15.71,15.716434715761176,2014-10-23,SVR,1,2014
2014-10-23,2014,10,15.71,15.62,15.720554578961764,2014-10-24,SVR,1,2014
2014-10-24,2014,10,15.62,15.51,15.55924794627933,2014-10-25,SVR,1,2014
2014-10-25,2014,10,15.51,15.44,15.432642617019122,2014-10-26,SVR,1,2014
2014-10-26,2014,10,15.44,15.32,15.402535007690675,2014-10-27,SVR,1,2014
2014-10-27,2014,10,15.32,15.21,15.255265841092928,2014-10-28,SVR,1,2014
2014-10-28,2014,10,15.21,15.14,15.142610028811708,2014-10-29,SVR,1,2014
2014-10-29,2014,10,15.14,15.08,15.105120201075854,2014-10-30,SVR,1,2014
2014-10-30,2014,10,15.08,14.99,15.053795153586488,2014-10-31,SVR,1,2014
2014-10-31,2014,10,14.99,14.92,14.941791536286198,2014-11-01,SVR,1,2014
2014-11-01,2014,11,14.92,14.86,14.884352321089285,2014-11-02,SVR,1,2014
2014-11-02,2014,11,14.86,14.82,14.837833223726328,2014-11-03,SVR,1,2014
2014-11-03,2014,11,14.82,14.77,14.811892081372902,2014-11-04,SVR,1,2014
2014-11-04,2014,11,14.77,14.7,14.755779102310282,2014-11-05,SVR,1,2014
2014-11-05,2014,11,14.7,14.65,14.671158190941629,2014-11-06,SVR,1,2014
2014-11-06,2014,11,14.65,14.55,14.636181391263262,2014-11-07,SVR,1,2014
2014-11-07,2014,11,14.55,14.49,14.509757381735351,2014-11-08,SVR,1,2014
2014-11-08,2014,11,14.49,14.43,14.467252776520592,2014-11-09,SVR,1,2014
2014-11-09,2014,11,14.43,14.41,14.413774516508605,2014-11-10,SVR,1,2014
2014-11-10,2014,11,14.41,14.35,14.414762347042275,2014-11-11,SVR,1,2014
2014-11-11,2014,11,14.35,14.32,14.329502317532164,2014-11-12,SVR,1,2014
2014-11-12,2014,11,14.32,14.28,14.3155460682382,2014-11-13,SVR,1,2014
2014-11-13,2014,11,14.28,14.18,14.275665565846122,2014-11-14,SVR,1,2014
2014-11-14,2014,11,14.18,14.09,14.137248456653172,2014-11-15,SVR,1,2014
2014-11-15,2014,11,14.09,14.01,14.052530754647146,2014-11-16,SVR,1,2014
2014-11-16,2014,11,14.01,14.0,13.98203467546937,2014-11-17,SVR,1,2014
2014-11-17,2014,11,14.0,13.97,14.008443777868564,2014-11-18,SVR,1,2014
2014-11-18,2014,11,13.97,13.94,13.965477870282488,2014-11-19,SVR,1,2014
2014-11-19,2014,11,13.94,13.94,13.930111425268713,2014-11-20,SVR,1,2014
2014-11-20,2014,11,13.94,13.93,13.95636414784818,2014-11-21,SVR,1,2014
2014-11-21,2014,11,13.93,13.93,13.941677178473913,2014-11-22,SVR,1,2014
2014-11-22,2014,11,13.93,13.91,13.947200601252307,2014-11-23,SVR,1,2014
2014-11-23,2014,11,13.91,13.86,13.912430665063365,2014-11-24,SVR,1,2014
2014-11-24,2014,11,13.86,13.83,13.839975831162521,2014-11-25,SVR,1,2014
2014-11-25,2014,11,13.83,13.79,13.824431718132912,2014-11-26,SVR,1,2014
2014-11-26,2014,11,13.79,13.75,13.779024613593188,2014-11-27,SVR,1,2014
2014-11-27,2014,11,13.75,13.73,13.73470585203278,2014-11-28,SVR,1,2014
2014-11-28,2014,11,13.73,13.7,13.727956358391296,2014-11-29,SVR,1,2014
2014-11-29,2014,11,13.7,13.67,13.690673929625866,2014-11-30,SVR,1,2014
2015-01-08,2015,1,12.65,12.64,12.645952757370925,2015-01-09,SVR,1,2015
2015-01-09,2015,1,12.64,12.618,12.638040837686178,2015-01-10,SVR,1,2015
2015-01-10,2015,1,12.618,12.594,12.60866336999228,2015-01-11,SVR,1,2015
2015-01-11,2015,1,12.594,12.58,12.583560259289277,2015-01-12,SVR,1,2015
2015-01-12,2015,1,12.58,12.57,12.57703004107647,2015-01-13,SVR,1,2015
2015-01-13,2015,1,12.57,12.56,12.569483253538557,2015-01-14,SVR,1,2015
2015-01-14,2015,1,12.56,12.56,12.558662711065613,2015-01-15,SVR,1,2015
2015-01-15,2015,1,12.56,12.544,12.564995639195377,2015-01-16,SVR,1,2015
2015-01-16,2015,1,12.544,12.526,12.53949498065621,2015-01-17,SVR,1,2015
2015-01-17,2015,1,12.526,12.51,12.521007334820478,2015-01-18,SVR,1,2015
2015-01-18,2015,1,12.51,12.49,12.508630836676083,2015-01-19,SVR,1,2015
2015-01-19,2015,1,12.49,12.448,12.486495406876099,2015-01-20,SVR,1,2015
2015-01-20,2015,1,12.448,12.414,12.43207575259288,2015-01-21,SVR,1,2015
2015-01-21,2015,1,12.414,12.386,12.403597615335675,2015-01-22,SVR,1,2015
2015-01-22,2015,1,12.386,12.364,12.380239469422389,2015-01-23,SVR,1,2015
2015-01-23,2015,1,12.364,12.346,12.360282699533428,2015-01-24,SVR,1,2015
2015-01-24,2015,1,12.346,12.324,12.34397913587624,2015-01-25,SVR,1,2015
2015-01-25,2015,1,12.324,12.314,12.319750992922174,2015-01-26,SVR,1,2015
2015-01-26,2015,1,12.314,12.29,12.317339847028189,2015-01-27,SVR,1,2015
2015-01-27,2015,1,12.29,12.274,12.287340904581484,2015-01-28,SVR,1,2015
2015-01-28,2015,1,12.274,12.25,12.276582758872664,2015-01-29,SVR,1,2015
2015-01-29,2015,1,12.25,12.24,12.250376212007291,2015-01-30,SVR,1,2015
2015-01-30,2015,1,12.24,12.23,12.248514185371905,2015-01-31,SVR,1,2015
2015-01-31,2015,1,12.23,12.21,12.239732996750284,2015-02-01,SVR,1,2015
2015-02-01,2015,2,12.21,12.196,12.213735578969553,2015-02-02,SVR,1,2015
2015-02-02,2015,2,12.196,12.18,12.204289853764182,2015-02-03,SVR,1,2015
2015-02-03,2015,2,12.18,12.162,12.189064844051055,2015-02-04,SVR,1,2015
2015-02-04,2015,2,12.162,12.15,12.170256029769384,2015-02-05,SVR,1,2015
2015-02-05,2015,2,12.15,12.134,12.162884661470402,2015-02-06,SVR,1,2015
2015-02-06,2015,2,12.134,12.12,12.145225114661496,2015-02-07,SVR,1,2015
2015-02-07,2015,2,12.12,12.11,12.13265019547357,2015-02-08,SVR,1,2015
2015-02-08,2015,2,12.11,12.1,12.126324749293842,2015-02-09,SVR,1,2015
2015-02-09,2015,2,12.1,12.1,12.117000150283221,2015-02-10,SVR,1,2015
2015-02-10,2015,2,12.1,12.1,12.12356817880241,2015-02-11,SVR,1,2015
2015-02-11,2015,2,12.1,12.084,12.124802446500045,2015-02-12,SVR,1,2015
2015-02-12,2015,2,12.084,12.066,12.099677643051137,2015-02-13,SVR,1,2015
2015-02-13,2015,2,12.066,12.044,12.082174114955167,2015-02-14,SVR,1,2015
2015-02-14,2015,2,12.044,12.026,12.060086312266165,2015-02-15,SVR,1,2015
2015-02-15,2015,2,12.026,12.01,12.044857593148468,2015-02-16,SVR,1,2015
2015-02-16,2015,2,12.01,12.01,12.030490301607692,2015-02-17,SVR,1,2015
2015-02-17,2015,2,12.01,12.0,12.03925319976738,2015-02-18,SVR,1,2015
2015-02-18,2015,2,12.0,11.994,12.023684827102905,2015-02-19,SVR,1,2015
2015-02-19,2015,2,11.994,11.99,12.020357071877145,2015-02-20,SVR,1,2015
2015-02-20,2015,2,11.99,11.986,12.019957132858243,2015-02-21,SVR,1,2015
2015-02-21,2015,2,11.986,11.98,12.017235969771809,2015-02-22,SVR,1,2015
2015-02-22,2015,2,11.98,11.97,12.011295250069272,2015-02-23,SVR,1,2015
2015-02-23,2015,2,11.97,11.96,12.000086038487698,2015-02-24,SVR,1,2015
2015-02-24,2015,2,11.96,11.95,11.990818594061597,2015-02-25,SVR,1,2015
2015-02-25,2015,2,11.95,11.94,11.981880019663134,2015-02-26,SVR,1,2015
2015-02-26,2015,2,11.94,11.94,11.972406891635517,2015-02-27,SVR,1,2015
2015-02-27,2015,2,11.94,11.93,11.978686931939816,2015-02-28,SVR,1,2015
2015-02-28,2015,2,11.93,11.93,11.963447152789623,2015-03-01,SVR,1,2015
2015-03-01,2015,3,11.93,11.93,11.969499389830993,2015-03-02,SVR,1,2015
2015-03-02,2015,3,11.93,11.92,11.971446136417647,2015-03-03,SVR,1,2015
2015-03-03,2015,3,11.92,11.91,11.955832337264713,2015-03-04,SVR,1,2015
2015-03-04,2015,3,11.91,11.91,11.947053923905054,2015-03-05,SVR,1,2015
2015-03-05,2015,3,11.91,11.916,11.954445127917458,2015-03-06,SVR,1,2015
2015-03-06,2015,3,11.916,11.936,11.963820969803923,2015-03-07,SVR,1,2015
2015-03-07,2015,3,11.936,12.016,11.990365812452003,2015-03-08,SVR,1,2015
2015-03-08,2015,3,12.016,12.182,12.102909922903391,2015-03-09,SVR,1,2015
2015-03-09,2015,3,12.182,12.318,12.313650742415875,2015-03-10,SVR,1,2015
2015-03-10,2015,3,12.318,12.384,12.40924293001443,2015-03-11,SVR,1,2015
2015-03-11,2015,3,12.384,12.464,12.433850118155469,2015-03-12,SVR,1,2015
2015-03-12,2015,3,12.464,12.606,12.549337833591732,2015-03-13,SVR,1,2015
2015-03-13,2015,3,12.606,12.678,12.747123267127812,2015-03-14,SVR,1,2015
2015-03-14,2015,3,12.678,12.646,12.751535836657345,2015-03-15,SVR,1,2015
2015-03-15,2015,3,12.646,12.556,12.650089874646316,2015-03-16,SVR,1,2015
2015-03-16,2015,3,12.556,12.448,12.538575353606829,2015-03-17,SVR,1,2015
2015-03-17,2015,3,12.448,12.358,12.437060733061143,2015-03-18,SVR,1,2015
2015-03-18,2015,3,12.358,12.29,12.361950360809214,2015-03-19,SVR,1,2015
2015-03-19,2015,3,12.29,12.24,12.302358403035116,2015-03-20,SVR,1,2015
2015-03-20,2015,3,12.24,12.204,12.253479150530676,2015-03-21,SVR,1,2015
2015-03-21,2015,3,12.204,12.19,12.218498728974827,2015-03-22,SVR,1,2015
2015-03-22,2015,3,12.19,12.18,12.213605883516406,2015-03-23,SVR,1,2015
2015-03-23,2015,3,12.18,12.17,12.207965788457777,2015-03-24,SVR,1,2015
2015-03-24,2015,3,12.17,12.198,12.201425020889753,2015-03-25,SVR,1,2015
2015-03-25,2015,3,12.198,12.234,12.25603328496174,2015-03-26,SVR,1,2015
2015-03-26,2015,3,12.234,12.318,12.296865797161603,2015-03-27,SVR,1,2015
2015-03-27,2015,3,12.318,12.448,12.411971438301066,2015-03-28,SVR,1,2015
2015-03-28,2015,3,12.448,12.49,12.572369857868225,2015-03-29,SVR,1,2015
2015-03-29,2015,3,12.49,12.448,12.5352797808747,2015-03-30,SVR,1,2015
2015-03-30,2015,3,12.448,12.41,12.452698542351971,2015-03-31,SVR,1,2015
2015-03-31,2015,3,12.41,12.376,12.438978147926337,2015-04-01,SVR,1,2015
2015-04-01,2015,4,12.376,12.35,12.417322819051622,2015-04-02,SVR,1,2015
2015-04-02,2015,4,12.35,12.356,12.393955083799417,2015-04-03,SVR,1,2015
2015-04-03,2015,4,12.356,12.376,12.417297703982266,2015-04-04,SVR,1,2015
2015-04-04,2015,4,12.376,12.438,12.437218959071142,2015-04-05,SVR,1,2015
2015-04-05,2015,4,12.438,12.57,12.520332787907428,2015-04-06,SVR,1,2015
2015-04-06,2015,4,12.57,12.704,12.702911753839999,2015-04-07,SVR,1,2015
2015-04-07,2015,4,12.704,12.868,12.824783755281187,2015-04-08,SVR,1,2015
2015-04-08,2015,4,12.868,13.048,13.012948020947766,2015-04-09,SVR,1,2015
2015-04-09,2015,4,13.048,13.236,13.20341147398653,2015-04-10,SVR,1,2015
2015-04-10,2015,4,13.236,13.446,13.393886147208049,2015-04-11,SVR,1,2015
2015-04-11,2015,4,13.446,13.716,13.619385350652015,2015-04-12,SVR,1,2015
2015-04-12,2015,4,13.716,14.06,13.92221752124147,2015-04-13,SVR,1,2015
2015-04-13,2015,4,14.06,14.13,14.288600201943023,2015-04-14,SVR,1,2015
2015-04-14,2015,4,14.13,14.116,14.130427866030537,2015-04-15,SVR,1,2015
2015-04-15,2015,4,14.116,14.1,14.09537771181888,2015-04-16,SVR,1,2015
2015-04-16,2015,4,14.1,14.09,14.13412681744216,2015-04-17,SVR,1,2015
2015-04-17,2015,4,14.09,14.022,14.137432318679249,2015-04-18,SVR,1,2015
2015-04-18,2015,4,14.022,13.932,14.01897964652282,2015-04-19,SVR,1,2015
2015-04-19,2015,4,13.932,13.816,13.927295118857595,2015-04-20,SVR,1,2015
2015-04-20,2015,4,13.816,13.772,13.81401781199955,2015-04-21,SVR,1,2015
2015-04-21,2015,4,13.772,13.742,13.80904834698877,2015-04-22,SVR,1,2015
2015-04-22,2015,4,13.742,13.686,13.78973894870779,2015-04-23,SVR,1,2015
2015-04-23,2015,4,13.686,13.836,13.703132958163156,2015-04-24,SVR,1,2015
2015-04-24,2015,4,13.836,14.178,14.015111335566687,2015-04-25,SVR,1,2015
2015-04-25,2015,4,14.178,14.512,14.48553564888756,2015-04-26,SVR,1,2015
2015-04-26,2015,4,14.512,14.608,14.710590868107557,2015-04-27,SVR,1,2015
2015-04-27,2015,4,14.608,14.526,14.600816241360349,2015-04-28,SVR,1,2015
2015-04-28,2015,4,14.526,14.482,14.393956359445333,2015-04-29,SVR,1,2015
2015-04-29,2015,4,14.482,14.484,14.455977213352314,2015-04-30,SVR,1,2015
2015-04-30,2015,4,14.484,14.568,14.539130710867127,2015-05-01,SVR,1,2015
2015-05-01,2015,5,14.568,14.67,14.700900956645839,2015-05-02,SVR,1,2015
2015-05-02,2015,5,14.67,14.658,14.797671273410167,2015-05-03,SVR,1,2015
2015-05-03,2015,5,14.658,14.582,14.656592344847464,2015-05-04,SVR,1,2015
2015-05-04,2015,5,14.582,14.576,14.564341122741551,2015-05-05,SVR,1,2015
2015-05-05,2015,5,14.576,14.464,14.650762760159072,2015-05-06,SVR,1,2015
2015-05-06,2015,5,14.464,14.41,14.464681343641615,2015-05-07,SVR,1,2015
2015-05-07,2015,5,14.41,14.402,14.431773702092286,2015-05-08,SVR,1,2015
2015-05-08,2015,5,14.402,14.466,14.478510611621191,2015-05-09,SVR,1,2015
2015-05-09,2015,5,14.466,14.534,14.585682043390374,2015-05-10,SVR,1,2015
2015-05-10,2015,5,14.534,14.614,14.637052859436352,2015-05-11,SVR,1,2015
2015-05-11,2015,5,14.614,14.626,14.720722311135523,2015-05-12,SVR,1,2015
2015-05-12,2015,5,14.626,14.552,14.664460784259028,2015-05-13,SVR,1,2015
2015-05-13,2015,5,14.552,14.448,14.53621657189497,2015-05-14,SVR,1,2015
2015-05-14,2015,5,14.448,14.44,14.44239002969203,2015-05-15,SVR,1,2015
2015-05-15,2015,5,14.44,14.44,14.524492898419503,2015-05-16,SVR,1,2015
2015-05-16,2015,5,14.44,14.432,14.531041584457977,2015-05-17,SVR,1,2015
2015-05-17,2015,5,14.432,14.528,14.492714863381204,2015-05-18,SVR,1,2015
2015-05-18,2015,5,14.528,14.722,14.684051235140442,2015-05-19,SVR,1,2015
2015-05-19,2015,5,14.722,14.9,14.948197812337694,2015-05-20,SVR,1,2015
2015-05-20,2015,5,14.9,15.014,15.052192545269477,2015-05-21,SVR,1,2015
2015-05-21,2015,5,15.014,15.238,15.075713072487744,2015-05-22,SVR,1,2015
2015-05-22,2015,5,15.238,15.654,15.450319986643143,2015-05-23,SVR,1,2015
2015-05-23,2015,5,15.654,16.064,16.00417783118918,2015-05-24,SVR,1,2015
2015-05-24,2015,5,16.064,16.098,16.33585942195484,2015-05-25,SVR,1,2015
2015-05-25,2015,5,16.098,16.02,15.999692292385468,2015-05-26,SVR,1,2015
2015-05-26,2015,5,16.02,16.076,15.852793224590242,2015-05-27,SVR,1,2015
2015-05-27,2015,5,16.076,16.258,16.12848010150895,2015-05-28,SVR,1,2015
2015-05-28,2015,5,16.258,16.636,16.405204077249724,2015-05-29,SVR,1,2015
2015-05-29,2015,5,16.636,16.838,16.930066488447864,2015-05-30,SVR,1,2015
2015-05-30,2015,5,16.838,16.972,16.902239360661753,2015-05-31,SVR,1,2015
2015-05-31,2015,5,16.972,17.046,17.04946711442521,2015-06-01,SVR,1,2015
2015-06-01,2015,6,17.046,17.35,17.061875061676666,2015-06-02,SVR,1,2015
2015-06-02,2015,6,17.35,17.53,17.609441914677387,2015-06-03,SVR,1,2015
2015-06-03,2015,6,17.53,17.374,17.55463727504171,2015-06-04,SVR,1,2015
2015-06-04,2015,6,17.374,17.218,17.123801448117046,2015-06-05,SVR,1,2015
2015-06-05,2015,6,17.218,17.174,17.107722566579167,2015-06-06,SVR,1,2015
2015-06-06,2015,6,17.174,17.52,17.228745028424598,2015-06-07,SVR,1,2015
2015-06-07,2015,6,17.52,18.006,17.831427274874272,2015-06-08,SVR,1,2015
2015-06-08,2015,6,18.006,18.222,18.33809642965821,2015-06-09,SVR,1,2015
2015-06-09,2015,6,18.222,18.364,18.335943571797163,2015-06-10,SVR,1,2015
2015-06-10,2015,6,18.364,18.794,18.458702940990307,2015-06-11,SVR,1,2015
2015-06-11,2015,6,18.794,19.3,19.10034414788701,2015-06-12,SVR,1,2015
2015-06-12,2015,6,19.3,19.474,19.5674884981175,2015-06-13,SVR,1,2015
2015-06-13,2015,6,19.474,19.52,19.55939218994746,2015-06-14,SVR,1,2015
2015-06-14,2015,6,19.52,19.384,19.412094528527117,2015-06-15,SVR,1,2015
2015-06-15,2015,6,19.384,19.102,19.132200294630177,2015-06-16,SVR,1,2015
2015-06-16,2015,6,19.102,18.802,18.831584806116748,2015-06-17,SVR,1,2015
2015-06-17,2015,6,18.802,18.738,18.594897316415874,2015-06-18,SVR,1,2015
2015-06-18,2015,6,18.738,18.816,18.75923347845633,2015-06-19,SVR,1,2015
2015-06-19,2015,6,18.816,18.892,18.946182843625134,2015-06-20,SVR,1,2015
2015-06-20,2015,6,18.892,18.748,18.964538229790918,2015-06-21,SVR,1,2015
2015-06-21,2015,6,18.748,18.72,18.66695954115881,2015-06-22,SVR,1,2015
2015-06-22,2015,6,18.72,18.692,18.7221985362904,2015-06-23,SVR,1,2015
2015-06-23,2015,6,18.692,18.732,18.703184789707237,2015-06-24,SVR,1,2015
2015-06-24,2015,6,18.732,18.762,18.77694859998983,2015-06-25,SVR,1,2015
2015-06-25,2015,6,18.762,18.814,18.79574153377903,2015-06-26,SVR,1,2015
2015-06-26,2015,6,18.814,18.72,18.867840248412605,2015-06-27,SVR,1,2015
2015-06-27,2015,6,18.72,18.688,18.6672136492089,2015-06-28,SVR,1,2015
2015-06-28,2015,6,18.688,18.646,18.686146294425136,2015-06-29,SVR,1,2015
2015-06-29,2015,6,18.646,18.63,18.6444993591069,2015-06-30,SVR,1,2015
2015-06-30,2015,6,18.63,18.628,18.63929431533539,2015-07-01,SVR,1,2015
2015-07-01,2015,7,18.628,18.56,18.64370961511675,2015-07-02,SVR,1,2015
2015-07-02,2015,7,18.56,18.664,18.53344529704862,2015-07-03,SVR,1,2015
2015-07-03,2015,7,18.664,18.538,18.770494038204955,2015-07-04,SVR,1,2015
2015-07-04,2015,7,18.538,18.512,18.47095201813567,2015-07-05,SVR,1,2015
2015-07-05,2015,7,18.512,18.726,18.516523958955972,2015-07-06,SVR,1,2015
2015-07-06,2015,7,18.726,18.792,18.916157875258698,2015-07-07,SVR,1,2015
2015-07-07,2015,7,18.792,18.77,18.853454974950246,2015-07-08,SVR,1,2015
2015-07-08,2015,7,18.77,18.698,18.756217413895854,2015-07-09,SVR,1,2015
2015-07-09,2015,7,18.698,18.646,18.66746404596693,2015-07-10,SVR,1,2015
2015-07-10,2015,7,18.646,18.528,18.64492194863834,2015-07-11,SVR,1,2015
2015-07-11,2015,7,18.528,18.4,18.48269390623551,2015-07-12,SVR,1,2015
2015-07-12,2015,7,18.4,18.25,18.34699348305465,2015-07-13,SVR,1,2015
2015-07-13,2015,7,18.25,18.034,18.18209868204849,2015-07-14,SVR,1,2015
2015-07-14,2015,7,18.034,17.82,17.908867459786517,2015-07-15,SVR,1,2015
2015-07-15,2015,7,17.82,17.79,17.682629694767552,2015-07-16,SVR,1,2015
2015-07-16,2015,7,17.79,17.872,17.808337800094453,2015-07-17,SVR,1,2015
2015-07-17,2015,7,17.872,17.938,17.969114852661637,2015-07-18,SVR,1,2015
2015-07-18,2015,7,17.938,17.964,18.022181731068397,2015-07-19,SVR,1,2015
2015-07-19,2015,7,17.964,17.98,18.015012405230724,2015-07-20,SVR,1,2015
2015-07-20,2015,7,17.98,17.994,18.021137914464887,2015-07-21,SVR,1,2015
2015-07-21,2015,7,17.994,17.988,18.040894313296164,2015-07-22,SVR,1,2015
2015-07-22,2015,7,17.988,17.912,18.016162494116244,2015-07-23,SVR,1,2015
2015-07-23,2015,7,17.912,17.644,17.89445517156087,2015-07-24,SVR,1,2015
2015-07-24,2015,7,17.644,17.514,17.52201377283043,2015-07-25,SVR,1,2015
2015-07-25,2015,7,17.514,17.504,17.43451253601967,2015-07-26,SVR,1,2015
2015-07-26,2015,7,17.504,17.614,17.573088420837344,2015-07-27,SVR,1,2015
2015-07-27,2015,7,17.614,17.694,17.76269855455081,2015-07-28,SVR,1,2015
2015-07-28,2015,7,17.694,17.69,17.815790093061683,2015-07-29,SVR,1,2015
2015-07-29,2015,7,17.69,17.602,17.726057497616296,2015-07-30,SVR,1,2015
2015-07-30,2015,7,17.602,17.518,17.57109722443982,2015-07-31,SVR,1,2015
2015-07-31,2015,7,17.518,17.35,17.51498165582934,2015-08-01,SVR,1,2015
2015-08-01,2015,8,17.35,16.992,17.299962888415095,2015-08-02,SVR,1,2015
2015-08-02,2015,8,16.992,16.79,16.841327321463204,2015-08-03,SVR,1,2015
2015-08-03,2015,8,16.79,16.66,16.638828615753027,2015-08-04,SVR,1,2015
2015-08-04,2015,8,16.66,16.576,16.60285492290737,2015-08-05,SVR,1,2015
2015-08-05,2015,8,16.576,16.552,16.552650284122517,2015-08-06,SVR,1,2015
2015-08-06,2015,8,16.552,16.618,16.575532796952718,2015-08-07,SVR,1,2015
2015-08-07,2015,8,16.618,16.874,16.7138035131101,2015-08-08,SVR,1,2015
2015-08-08,2015,8,16.874,16.952,17.178357724470743,2015-08-09,SVR,1,2015
2015-08-09,2015,8,16.952,16.99,17.097479470752504,2015-08-10,SVR,1,2015
2015-08-10,2015,8,16.99,17.102,17.116406781732753,2015-08-11,SVR,1,2015
2015-08-11,2015,8,17.102,17.162,17.326869868937433,2015-08-12,SVR,1,2015
2015-08-12,2015,8,17.162,17.264,17.3112498340514,2015-08-13,SVR,1,2015
2015-08-13,2015,8,17.264,17.342,17.45130439625254,2015-08-14,SVR,1,2015
2015-08-14,2015,8,17.342,17.346,17.493036863709804,2015-08-15,SVR,1,2015
2015-08-15,2015,8,17.346,17.43,17.422567915110942,2015-08-16,SVR,1,2015
2015-08-16,2015,8,17.43,17.474,17.59907544332281,2015-08-17,SVR,1,2015
2015-08-17,2015,8,17.474,17.598,17.59147284838415,2015-08-18,SVR,1,2015
2015-08-18,2015,8,17.598,17.862,17.791711342025977,2015-08-19,SVR,1,2015
2015-08-19,2015,8,17.862,18.216,18.12831715308871,2015-08-20,SVR,1,2015
2015-08-20,2015,8,18.216,18.948,18.493222199474822,2015-08-21,SVR,1,2015
2015-08-21,2015,8,18.948,19.578,19.316905953809837,2015-08-22,SVR,1,2015
2015-08-22,2015,8,19.578,19.818,19.736918554220292,2015-08-23,SVR,1,2015
2015-08-23,2015,8,19.818,19.94,19.936542944784115,2015-08-24,SVR,1,2015
2015-08-24,2015,8,19.94,19.932,19.92952237364748,2015-08-25,SVR,1,2015
2015-08-25,2015,8,19.932,19.82,19.82904823070313,2015-08-26,SVR,1,2015
2015-08-26,2015,8,19.82,19.642,19.622897295846236,2015-08-27,SVR,1,2015
2015-08-27,2015,8,19.642,19.514,19.39283279082491,2015-08-28,SVR,1,2015
2015-08-28,2015,8,19.514,19.42,19.362470834888004,2015-08-29,SVR,1,2015
2015-08-29,2015,8,19.42,19.382,19.332705404215364,2015-08-30,SVR,1,2015
2015-08-30,2015,8,19.382,19.418,19.337251251823293,2015-08-31,SVR,1,2015
2015-10-08,2015,10,16.838,16.688,16.688898048653336,2015-10-09,SVR,1,2015
2015-10-09,2015,10,16.688,16.572,16.54095694545093,2015-10-10,SVR,1,2015
2015-10-10,2015,10,16.572,16.378,16.465283391483986,2015-10-11,SVR,1,2015
2015-10-11,2015,10,16.378,16.288,16.23129261965311,2015-10-12,SVR,1,2015
2015-10-12,2015,10,16.288,16.198,16.18983225864474,2015-10-13,SVR,1,2015
2015-10-13,2015,10,16.198,16.134,16.13510781591301,2015-10-14,SVR,1,2015
2015-10-14,2015,10,16.134,16.058,16.08456639745028,2015-10-15,SVR,1,2015
2015-10-15,2015,10,16.058,15.994,16.00583111719185,2015-10-16,SVR,1,2015
2015-10-16,2015,10,15.994,15.926,15.9497737938696,2015-10-17,SVR,1,2015
2015-10-17,2015,10,15.926,15.858,15.880746488816538,2015-10-18,SVR,1,2015
2015-10-18,2015,10,15.858,15.726,15.816338320975479,2015-10-19,SVR,1,2015
2015-10-19,2015,10,15.726,15.618,15.644238317286339,2015-10-20,SVR,1,2015
2015-10-20,2015,10,15.618,15.526,15.548888830132569,2015-10-21,SVR,1,2015
2015-10-21,2015,10,15.526,15.416,15.479692560264853,2015-10-22,SVR,1,2015
2015-10-22,2015,10,15.416,15.342,15.358181360444307,2015-10-23,SVR,1,2015
2015-10-23,2015,10,15.342,15.266,15.303777559038712,2015-10-24,SVR,1,2015
2015-10-24,2015,10,15.266,15.218,15.233335543350247,2015-10-25,SVR,1,2015
2015-10-25,2015,10,15.218,15.14,15.200935890643315,2015-10-26,SVR,1,2015
2015-10-26,2015,10,15.14,15.076,15.107558726281349,2015-10-27,SVR,1,2015
2015-10-27,2015,10,15.076,14.988,15.051074230954987,2015-10-28,SVR,1,2015
2015-10-28,2015,10,14.988,14.912,14.955633079373916,2015-10-29,SVR,1,2015
2015-10-29,2015,10,14.912,14.9,14.885594689957427,2015-10-30,SVR,1,2015
2015-10-30,2015,10,14.9,14.884,14.920729018526718,2015-10-31,SVR,1,2015
2015-10-31,2015,10,14.884,14.832,14.900287502146181,2015-11-01,SVR,1,2015
2015-11-01,2015,11,14.832,14.73,14.814500600275144,2015-11-02,SVR,1,2015
2015-11-02,2015,11,14.73,14.658,14.688378291812707,2015-11-03,SVR,1,2015
2015-11-03,2015,11,14.658,14.614,14.640074154951815,2015-11-04,SVR,1,2015
2015-11-04,2015,11,14.614,14.536,14.618979534001895,2015-11-05,SVR,1,2015
2015-11-05,2015,11,14.536,14.49,14.513290613082432,2015-11-06,SVR,1,2015
2015-11-06,2015,11,14.49,14.454,14.482030128517852,2015-11-07,SVR,1,2015
2015-11-07,2015,11,14.454,14.448,14.457694649789072,2015-11-08,SVR,1,2015
2015-11-08,2015,11,14.448,14.43,14.468752994152535,2015-11-09,SVR,1,2015
2015-11-09,2015,11,14.43,14.42,14.441121422152419,2015-11-10,SVR,1,2015
2015-11-10,2015,11,14.42,14.41,14.435314959667977,2015-11-11,SVR,1,2015
2015-11-11,2015,11,14.41,14.4,14.428665887243564,2015-11-12,SVR,1,2015
2015-11-12,2015,11,14.4,14.39,14.418247467339269,2015-11-13,SVR,1,2015
2015-11-13,2015,11,14.39,14.374,14.40814575742512,2015-11-14,SVR,1,2015
2015-11-14,2015,11,14.374,14.352,14.386731685793361,2015-11-15,SVR,1,2015
2015-11-15,2015,11,14.352,14.304,14.359699016827888,2015-11-16,SVR,1,2015
2015-11-16,2015,11,14.304,14.212,14.293214093062437,2015-11-17,SVR,1,2015
2015-11-17,2015,11,14.212,14.134,14.177021295456278,2015-11-18,SVR,1,2015
2015-11-18,2015,11,14.134,14.066,14.110477041546458,2015-11-19,SVR,1,2015
2015-11-19,2015,11,14.066,13.986,14.051075985403525,2015-11-20,SVR,1,2015
2015-11-20,2015,11,13.986,13.958,13.960897607853044,2015-11-21,SVR,1,2015
2015-11-21,2015,11,13.958,13.902,13.95618868903613,2015-11-22,SVR,1,2015
2015-11-22,2015,11,13.902,13.858,13.88519978549254,2015-11-23,SVR,1,2015
2015-11-23,2015,11,13.858,13.824,13.842859766936025,2015-11-24,SVR,1,2015
2015-11-24,2015,11,13.824,13.79,13.818828261748482,2015-11-25,SVR,1,2015
2015-11-25,2015,11,13.79,13.748,13.783261371960776,2015-11-26,SVR,1,2015
2015-11-26,2015,11,13.748,13.71,13.73580690364221,2015-11-27,SVR,1,2015
2015-11-27,2015,11,13.71,13.674,13.700359784012656,2015-11-28,SVR,1,2015
2015-11-28,2015,11,13.674,13.644,13.666151772373595,2015-11-29,SVR,1,2015
2015-11-29,2015,11,13.644,13.59,13.638449454306345,2015-11-30,SVR,1,2015
2015-11-30,2015,11,13.59,13.538,13.569923202201819,2015-12-01,SVR,1,2015
2015-12-01,2015,12,13.538,13.518,13.519167329614385,2015-12-02,SVR,1,2015
2015-12-02,2015,12,13.518,13.494,13.518766732950697,2015-12-03,SVR,1,2015
2015-12-03,2015,12,13.494,13.464,13.48962361203625,2015-12-04,SVR,1,2015
2015-12-04,2015,12,13.464,13.44,13.451951762911934,2015-12-05,SVR,1,2015
2015-12-05,2015,12,13.44,13.406,13.432714582573357,2015-12-06,SVR,1,2015
2015-12-06,2015,12,13.406,13.384,13.393617304338024,2015-12-07,SVR,1,2015
2015-12-07,2015,12,13.384,13.358,13.378429636190564,2015-12-08,SVR,1,2015
2015-12-08,2015,12,13.358,13.33,13.350288502663155,2015-12-09,SVR,1,2015
2015-12-09,2015,12,13.33,13.3,13.319196000756428,2015-12-10,SVR,1,2015
2015-12-10,2015,12,13.3,13.276,13.288272798725158,2015-12-11,SVR,1,2015
2015-12-11,2015,12,13.276,13.242,13.267702315807131,2015-12-12,SVR,1,2015
2015-12-12,2015,12,13.242,13.21,13.227329624685822,2015-12-13,SVR,1,2015
2015-12-13,2015,12,13.21,13.184,13.195820711323448,2015-12-14,SVR,1,2015
2015-12-14,2015,12,13.184,13.158,13.17376983676846,2015-12-15,SVR,1,2015
2015-12-15,2015,12,13.158,13.132,13.14665677224436,2015-12-16,SVR,1,2015
2015-12-16,2015,12,13.132,13.11,13.11961891854611,2015-12-17,SVR,1,2015
2015-12-17,2015,12,13.11,13.084,13.09981074352303,2015-12-18,SVR,1,2015
2015-12-18,2015,12,13.084,13.066,13.071188372646136,2015-12-19,SVR,1,2015
2015-12-19,2015,12,13.066,13.042,13.057673528888134,2015-12-20,SVR,1,2015
2015-12-20,2015,12,13.042,13.03,13.030238339980704,2015-12-21,SVR,1,2015
2015-12-21,2015,12,13.03,13.028,13.024778394470097,2015-12-22,SVR,1,2015
2015-12-22,2015,12,13.028,12.998,13.02938912518719,2015-12-23,SVR,1,2015
2015-12-23,2015,12,12.998,12.968,12.980547136961112,2015-12-24,SVR,1,2015
2015-12-24,2015,12,12.968,12.944,12.951314703093518,2015-12-25,SVR,1,2015
2015-12-25,2015,12,12.944,12.918,12.933934876973389,2015-12-26,SVR,1,2015
2015-12-26,2015,12,12.918,12.88,12.905790077029609,2015-12-27,SVR,1,2015
2015-12-27,2015,12,12.88,12.842,12.859988705779587,2015-12-28,SVR,1,2015
2015-12-28,2015,12,12.842,12.826,12.822347113256141,2015-12-29,SVR,1,2015
2015-12-29,2015,12,12.826,12.782,12.81891920778073,2015-12-30,SVR,1,2015
2015-12-30,2015,12,12.782,12.75,12.758607762356732,2015-12-31,SVR,1,2015
2015-12-31,2015,12,12.75,12.72,12.731933421253009,2016-01-01,SVR,1,2015
2016-01-01,2016,1,12.72,12.69,12.69101384814279,2016-01-02,SVR,1,2016
2016-01-02,2016,1,12.69,12.68,12.660678036148914,2016-01-03,SVR,1,2016
2016-01-03,2016,1,12.68,12.662,12.662153644828036,2016-01-04,SVR,1,2016
2016-01-04,2016,1,12.662,12.63,12.641857041315193,2016-01-05,SVR,1,2016
2016-01-05,2016,1,12.63,12.606,12.600748621485558,2016-01-06,SVR,1,2016
2016-01-06,2016,1,12.606,12.584,12.580686207243438,2016-01-07,SVR,1,2016
2016-01-07,2016,1,12.584,12.566,12.56163699027981,2016-01-08,SVR,1,2016
2016-01-08,2016,1,12.566,12.548,12.545995357351483,2016-01-09,SVR,1,2016
2016-01-09,2016,1,12.548,12.526,12.528517773203886,2016-01-10,SVR,1,2016
2016-01-10,2016,1,12.526,12.504,12.504503752554239,2016-01-11,SVR,1,2016
2016-01-11,2016,1,12.504,12.482,12.48272911696461,2016-01-12,SVR,1,2016
2016-01-12,2016,1,12.482,12.47,12.461274172470771,2016-01-13,SVR,1,2016
2016-01-13,2016,1,12.47,12.46,12.455712223135846,2016-01-14,SVR,1,2016
2016-01-14,2016,1,12.46,12.448,12.448895347614686,2016-01-15,SVR,1,2016
2016-01-15,2016,1,12.448,12.428,12.436261975237484,2016-01-16,SVR,1,2016
2016-01-16,2016,1,12.428,12.42,12.411721128879451,2016-01-17,SVR,1,2016
2016-01-17,2016,1,12.42,12.42,12.410986851075686,2016-01-18,SVR,1,2016
2016-01-18,2016,1,12.42,12.41,12.418952179248326,2016-01-19,SVR,1,2016
2016-01-19,2016,1,12.41,12.392,12.40369874197195,2016-01-20,SVR,1,2016
2016-01-20,2016,1,12.392,12.386,12.379764050735975,2016-01-21,SVR,1,2016
2016-01-21,2016,1,12.386,12.37,12.381487219115419,2016-01-22,SVR,1,2016
2016-01-22,2016,1,12.37,12.36,12.361781865775054,2016-01-23,SVR,1,2016
2016-01-23,2016,1,12.36,12.346,12.354227445357997,2016-01-24,SVR,1,2016
2016-01-24,2016,1,12.346,12.32,12.339488115428374,2016-01-25,SVR,1,2016
2016-01-25,2016,1,12.32,12.296,12.305741592962027,2016-01-26,SVR,1,2016
2016-01-26,2016,1,12.296,12.274,12.282135469822993,2016-01-27,SVR,1,2016
2016-01-27,2016,1,12.274,12.25,12.262535902259149,2016-01-28,SVR,1,2016
2016-01-28,2016,1,12.25,12.23,12.23811931844957,2016-01-29,SVR,1,2016
2016-01-29,2016,1,12.23,12.22,12.220743231303258,2016-01-30,SVR,1,2016
2016-01-30,2016,1,12.22,12.204,12.218403812013555,2016-01-31,SVR,1,2016
2016-01-31,2016,1,12.204,12.19,12.201300863413836,2016-02-01,SVR,1,2016
2016-02-01,2016,2,12.19,12.178,12.188508896437998,2016-02-02,SVR,1,2016
2016-02-02,2016,2,12.178,12.158,12.179537099975168,2016-02-03,SVR,1,2016
2016-02-03,2016,2,12.158,12.142,12.155897165764367,2016-02-04,SVR,1,2016
2016-02-04,2016,2,12.142,12.124,12.142016000441652,2016-02-05,SVR,1,2016
2016-02-05,2016,2,12.124,12.106,12.124562986436734,2016-02-06,SVR,1,2016
2016-02-06,2016,2,12.106,12.09,12.107031362894489,2016-02-07,SVR,1,2016
2016-02-07,2016,2,12.09,12.076,12.093265091388115,2016-02-08,SVR,1,2016
2016-02-08,2016,2,12.076,12.06,12.081834525519067,2016-02-09,SVR,1,2016
2016-02-09,2016,2,12.06,12.05,12.066031323062985,2016-02-10,SVR,1,2016
2016-02-10,2016,2,12.05,12.04,12.060465449634858,2016-02-11,SVR,1,2016
2016-02-11,2016,2,12.04,12.03,12.05282380007613,2016-02-12,SVR,1,2016
2016-02-12,2016,2,12.03,12.02,12.043884952119003,2016-02-13,SVR,1,2016
2016-02-13,2016,2,12.02,12.01,12.035146471198358,2016-02-14,SVR,1,2016
2016-02-14,2016,2,12.01,12.01,12.026368670993943,2016-02-15,SVR,1,2016
2016-02-15,2016,2,12.01,12.014,12.033733658022854,2016-02-16,SVR,1,2016
2016-02-16,2016,2,12.014,12.026,12.041930313143355,2016-02-17,SVR,1,2016
2016-02-17,2016,2,12.026,12.04,12.05617705171814,2016-02-18,SVR,1,2016
2016-02-18,2016,2,12.04,12.054,12.070051719621345,2016-02-19,SVR,1,2016
2016-02-19,2016,2,12.054,12.074,12.08435440090756,2016-02-20,SVR,1,2016
2016-02-20,2016,2,12.074,12.08,12.10712565084956,2016-02-21,SVR,1,2016
2016-02-21,2016,2,12.08,12.054,12.108055604658885,2016-02-22,SVR,1,2016
2016-02-22,2016,2,12.054,12.032,12.068558358229282,2016-02-23,SVR,1,2016
2016-02-23,2016,2,12.032,12.016,12.0469860701637,2016-02-24,SVR,1,2016
2016-02-24,2016,2,12.016,12.0,12.037696202263056,2016-02-25,SVR,1,2016
2016-02-25,2016,2,12.0,11.99,12.023133563383093,2016-02-26,SVR,1,2016
2016-02-26,2016,2,11.99,11.99,12.017418896282898,2016-02-27,SVR,1,2016
2016-02-27,2016,2,11.99,11.994,12.026001155197209,2016-02-28,SVR,1,2016
2016-02-28,2016,2,11.994,12.034,12.034569376892287,2016-02-29,SVR,1,2016
2016-02-29,2016,2,12.034,12.148,12.085044892739523,2016-03-01,SVR,1,2016
2016-03-01,2016,3,12.148,12.56,12.229626400682253,2016-03-02,SVR,1,2016
2016-03-02,2016,3,12.56,12.63,12.84393185396316,2016-03-03,SVR,1,2016
2016-03-03,2016,3,12.63,12.586,12.598863012157544,2016-03-04,SVR,1,2016
2016-03-04,2016,3,12.586,12.51,12.549960353050553,2016-03-05,SVR,1,2016
2016-03-05,2016,3,12.51,12.412,12.482874813036558,2016-03-06,SVR,1,2016
2016-03-06,2016,3,12.412,12.344,12.377053131176305,2016-03-07,SVR,1,2016
2016-03-07,2016,3,12.344,12.282,12.323745049243964,2016-03-08,SVR,1,2016
2016-03-08,2016,3,12.282,12.23,12.272505247316586,2016-03-09,SVR,1,2016
2016-03-09,2016,3,12.23,12.204,12.233630281630896,2016-03-10,SVR,1,2016
2016-03-10,2016,3,12.204,12.182,12.225106125415596,2016-03-11,SVR,1,2016
2016-03-11,2016,3,12.182,12.16,12.211457184142578,2016-03-12,SVR,1,2016
2016-03-12,2016,3,12.16,12.15,12.192133132806736,2016-03-13,SVR,1,2016
2016-03-13,2016,3,12.15,12.15,12.19191187037304,2016-03-14,SVR,1,2016
2016-03-14,2016,3,12.15,12.15,12.203050699815522,2016-03-15,SVR,1,2016
2016-03-15,2016,3,12.15,12.2,12.206906686165006,2016-03-16,SVR,1,2016
2016-03-16,2016,3,12.2,12.298,12.273951020771541,2016-03-17,SVR,1,2016
2016-03-17,2016,3,12.298,12.452,12.387844160910943,2016-03-18,SVR,1,2016
2016-03-18,2016,3,12.452,12.574,12.579585114421064,2016-03-19,SVR,1,2016
2016-03-19,2016,3,12.574,12.606,12.665889620043549,2016-03-20,SVR,1,2016
2016-03-20,2016,3,12.606,12.594,12.633226534189165,2016-03-21,SVR,1,2016
2016-03-21,2016,3,12.594,12.592,12.624356760016093,2016-03-22,SVR,1,2016
2016-03-22,2016,3,12.592,12.646,12.642475661320022,2016-03-23,SVR,1,2016
2016-03-23,2016,3,12.646,12.782,12.73442411124307,2016-03-24,SVR,1,2016
2016-03-24,2016,3,12.782,12.862,12.921467069365223,2016-03-25,SVR,1,2016
2016-03-25,2016,3,12.862,12.864,12.923153844620607,2016-03-26,SVR,1,2016
2016-03-26,2016,3,12.864,12.804,12.884260196078145,2016-03-27,SVR,1,2016
2016-03-27,2016,3,12.804,12.764,12.806156901651395,2016-03-28,SVR,1,2016
2016-03-28,2016,3,12.764,12.766,12.784538948579106,2016-03-29,SVR,1,2016
2016-03-29,2016,3,12.766,12.808,12.828141698916472,2016-03-30,SVR,1,2016
2016-03-30,2016,3,12.808,12.866,12.895127080013978,2016-03-31,SVR,1,2016
2016-03-31,2016,3,12.866,12.944,12.949746887952903,2016-04-01,SVR,1,2016
2016-04-01,2016,4,12.944,12.926,13.035755509983092,2016-04-02,SVR,1,2016
2016-04-02,2016,4,12.926,12.852,12.9501917781744,2016-04-03,SVR,1,2016
2016-04-03,2016,4,12.852,12.82,12.85253539915097,2016-04-04,SVR,1,2016
2016-04-04,2016,4,12.82,12.822,12.85514749599181,2016-04-05,SVR,1,2016
2016-04-05,2016,4,12.822,12.906,12.89445674438014,2016-04-06,SVR,1,2016
2016-04-06,2016,4,12.906,13.04,13.024279588594016,2016-04-07,SVR,1,2016
2016-04-07,2016,4,13.04,13.15,13.176748598529372,2016-04-08,SVR,1,2016
2016-04-08,2016,4,13.15,13.178,13.246849218721614,2016-04-09,SVR,1,2016
2016-04-09,2016,4,13.178,13.142,13.210919082784061,2016-04-10,SVR,1,2016
2016-04-10,2016,4,13.142,13.142,13.159627156503458,2016-04-11,SVR,1,2016
2016-04-11,2016,4,13.142,13.208,13.201382224315882,2016-04-12,SVR,1,2016
2016-04-12,2016,4,13.208,13.42,13.321965747419148,2016-04-13,SVR,1,2016
2016-04-13,2016,4,13.42,14.184,13.657531127012112,2016-04-14,SVR,1,2016
2016-04-14,2016,4,14.184,14.704,14.441325383059144,2016-04-15,SVR,1,2016
2016-04-15,2016,4,14.704,14.816,14.923553306226783,2016-04-16,SVR,1,2016
2016-04-16,2016,4,14.816,14.734,14.741296899792077,2016-04-17,SVR,1,2016
2016-04-17,2016,4,14.734,14.774,14.695253221493939,2016-04-18,SVR,1,2016
2016-04-18,2016,4,14.774,15.016,14.871487721478186,2016-04-19,SVR,1,2016
2016-04-19,2016,4,15.016,15.192,15.234478440207456,2016-04-20,SVR,1,2016
2016-04-20,2016,4,15.192,15.23,15.195108984251748,2016-04-21,SVR,1,2016
2016-04-21,2016,4,15.23,15.186,15.153800698937548,2016-04-22,SVR,1,2016
2016-04-22,2016,4,15.186,15.128,15.135745166864663,2016-04-23,SVR,1,2016
2016-04-23,2016,4,15.128,15.114,15.112680351282085,2016-04-24,SVR,1,2016
2016-04-24,2016,4,15.114,15.264,15.157725827452126,2016-04-25,SVR,1,2016
2016-04-25,2016,4,15.264,15.55,15.4705359985617,2016-04-26,SVR,1,2016
2016-04-26,2016,4,15.55,15.79,15.790602664894795,2016-04-27,SVR,1,2016
2016-04-27,2016,4,15.79,15.996,15.893052309697978,2016-04-28,SVR,1,2016
2016-04-28,2016,4,15.996,16.216,16.099787172050352,2016-04-29,SVR,1,2016
2016-04-29,2016,4,16.216,16.444,16.346935716910007,2016-04-30,SVR,1,2016
2016-04-30,2016,4,16.444,16.428,16.54570791760527,2016-05-01,SVR,1,2016
2016-05-01,2016,5,16.428,16.192,16.294943988989772,2016-05-02,SVR,1,2016
2016-05-02,2016,5,16.192,16.034,16.000925750619142,2016-05-03,SVR,1,2016
2016-05-03,2016,5,16.034,15.926,15.940230967222412,2016-05-04,SVR,1,2016
2016-05-04,2016,5,15.926,16.1,15.922717462661133,2016-05-05,SVR,1,2016
2016-05-05,2016,5,16.1,16.168,16.34655704786592,2016-05-06,SVR,1,2016
2016-05-06,2016,5,16.168,16.124,16.194630213032067,2016-05-07,SVR,1,2016
2016-05-07,2016,5,16.124,15.972,16.05039294445525,2016-05-08,SVR,1,2016
2016-05-08,2016,5,15.972,15.786,15.874618827009098,2016-05-09,SVR,1,2016
2016-05-09,2016,5,15.786,15.612,15.69151004651273,2016-05-10,SVR,1,2016
2016-05-10,2016,5,15.612,15.442,15.522916411385484,2016-05-11,SVR,1,2016
2016-05-11,2016,5,15.442,15.29,15.35038800216087,2016-05-12,SVR,1,2016
2016-05-12,2016,5,15.29,15.238,15.204889406798186,2016-05-13,SVR,1,2016
2016-05-13,2016,5,15.238,15.2,15.227299691780807,2016-05-14,SVR,1,2016
2016-05-14,2016,5,15.2,15.176,15.22023592027334,2016-05-15,SVR,1,2016
2016-05-15,2016,5,15.176,15.122,15.197233727844825,2016-05-16,SVR,1,2016
2016-05-16,2016,5,15.122,15.138,15.126991340408663,2016-05-17,SVR,1,2016
2016-05-17,2016,5,15.138,15.448,15.207463490673247,2016-05-18,SVR,1,2016
2016-05-18,2016,5,15.448,15.846,15.798631308873858,2016-05-19,SVR,1,2016
2016-05-19,2016,5,15.846,16.218,16.122341571527468,2016-05-20,SVR,1,2016
2016-05-20,2016,5,16.218,16.294,16.474713260301158,2016-05-21,SVR,1,2016
2016-05-21,2016,5,16.294,16.772,16.25532763356496,2016-05-22,SVR,1,2016
2016-05-22,2016,5,16.772,17.27,17.136199609898732,2016-05-23,SVR,1,2016
2016-05-23,2016,5,17.27,17.364,17.47462585804819,2016-05-24,SVR,1,2016
2016-05-24,2016,5,17.364,17.14,17.327052696342925,2016-05-25,SVR,1,2016
2016-05-25,2016,5,17.14,16.908,16.88976325571912,2016-05-26,SVR,1,2016
2016-05-26,2016,5,16.908,16.748,16.691505859642188,2016-05-27,SVR,1,2016
2016-05-27,2016,5,16.748,16.722,16.66216367561203,2016-05-28,SVR,1,2016
2016-05-28,2016,5,16.722,16.72,16.798597119994085,2016-05-29,SVR,1,2016
2016-05-29,2016,5,16.72,16.67,16.802656110948647,2016-05-30,SVR,1,2016
2016-05-30,2016,5,16.67,16.542,16.65633469762707,2016-05-31,SVR,1,2016
2016-05-31,2016,5,16.542,16.564,16.444902000539635,2016-06-01,SVR,1,2016
2016-06-01,2016,6,16.564,16.7,16.608186018361906,2016-06-02,SVR,1,2016
2016-06-02,2016,6,16.7,16.686,16.866667902145167,2016-06-03,SVR,1,2016
2016-06-03,2016,6,16.686,16.504,16.669708201337798,2016-06-04,SVR,1,2016
2016-06-04,2016,6,16.504,16.324,16.38911933853462,2016-06-05,SVR,1,2016
2016-06-05,2016,6,16.324,16.216,16.21961553319511,2016-06-06,SVR,1,2016
2016-06-06,2016,6,16.216,16.2,16.173518540721197,2016-06-07,SVR,1,2016
2016-06-07,2016,6,16.2,16.188,16.257036593528174,2016-06-08,SVR,1,2016
2016-06-08,2016,6,16.188,16.116,16.23818296007172,2016-06-09,SVR,1,2016
2016-06-09,2016,6,16.116,16.072,16.091843867642503,2016-06-10,SVR,1,2016
2016-06-10,2016,6,16.072,16.088,16.072015502394798,2016-06-11,SVR,1,2016
2016-06-11,2016,6,16.088,16.04,16.16423548070785,2016-06-12,SVR,1,2016
2016-06-12,2016,6,16.04,16.076,16.05737871385888,2016-06-13,SVR,1,2016
2016-06-13,2016,6,16.076,16.138,16.168980151715875,2016-06-14,SVR,1,2016
2016-06-14,2016,6,16.138,16.532,16.25638543368369,2016-06-15,SVR,1,2016
2016-06-15,2016,6,16.532,17.31,16.967996631079775,2016-06-16,SVR,1,2016
2016-06-16,2016,6,17.31,17.478,17.69008023748216,2016-06-17,SVR,1,2016
2016-06-17,2016,6,17.478,17.466,17.54285695214066,2016-06-18,SVR,1,2016
2016-06-18,2016,6,17.466,17.45,17.43527969525661,2016-06-19,SVR,1,2016
2016-06-19,2016,6,17.45,17.544,17.430785882125065,2016-06-20,SVR,1,2016
2016-06-20,2016,6,17.544,17.77,17.610926852213286,2016-06-21,SVR,1,2016
2016-06-21,2016,6,17.77,18.074,17.852789154201137,2016-06-22,SVR,1,2016
2016-06-22,2016,6,18.074,18.422,18.19874064800237,2016-06-23,SVR,1,2016
2016-06-23,2016,6,18.422,18.676,18.686312835224804,2016-06-24,SVR,1,2016
2016-06-24,2016,6,18.676,18.966,18.84884977656903,2016-06-25,SVR,1,2016
2016-06-25,2016,6,18.966,19.296,19.17874394665438,2016-06-26,SVR,1,2016
2016-06-26,2016,6,19.296,19.33,19.491126945637387,2016-06-27,SVR,1,2016
2016-06-27,2016,6,19.33,19.136,19.20880455533949,2016-06-28,SVR,1,2016
2016-06-28,2016,6,19.136,18.906,18.84781352138668,2016-06-29,SVR,1,2016
2016-06-29,2016,6,18.906,18.676,18.71639707695633,2016-06-30,SVR,1,2016
2016-06-30,2016,6,18.676,18.542,18.567017420280756,2016-07-01,SVR,1,2016
2016-07-01,2016,7,18.542,18.478,18.49952040668777,2016-07-02,SVR,1,2016
2016-07-02,2016,7,18.478,18.63,18.48978497694596,2016-07-03,SVR,1,2016
2016-07-03,2016,7,18.63,18.756,18.717828505932,2016-07-04,SVR,1,2016
2016-07-04,2016,7,18.756,18.866,18.821211488665124,2016-07-05,SVR,1,2016
2016-07-05,2016,7,18.866,19.154,18.954792322303675,2016-07-06,SVR,1,2016
2016-07-06,2016,7,19.154,19.34,19.380957963228845,2016-07-07,SVR,1,2016
2016-07-07,2016,7,19.34,19.522,19.430821218282322,2016-07-08,SVR,1,2016
2016-07-08,2016,7,19.522,19.522,19.64434706991157,2016-07-09,SVR,1,2016
2016-07-09,2016,7,19.522,19.454,19.440002537293292,2016-07-10,SVR,1,2016
2016-07-10,2016,7,19.454,19.35,19.349864643625455,2016-07-11,SVR,1,2016
2016-07-11,2016,7,19.35,19.256,19.24784359447097,2016-07-12,SVR,1,2016
2016-07-12,2016,7,19.256,19.18,19.185570011299163,2016-07-13,SVR,1,2016
2016-07-13,2016,7,19.18,19.12,19.139706503496186,2016-07-14,SVR,1,2016
2016-07-14,2016,7,19.12,19.058,19.09335997994419,2016-07-15,SVR,1,2016
2016-07-15,2016,7,19.058,18.988,19.02579840312175,2016-07-16,SVR,1,2016
2016-07-16,2016,7,18.988,19.0,18.95027111136724,2016-07-17,SVR,1,2016
2016-07-17,2016,7,19.0,19.076,19.012755162131334,2016-07-18,SVR,1,2016
2016-07-18,2016,7,19.076,19.386,19.133568576045928,2016-07-19,SVR,1,2016
2016-07-19,2016,7,19.386,19.448,19.597500236263446,2016-07-20,SVR,1,2016
2016-07-20,2016,7,19.448,19.486,19.489149939378994,2016-07-21,SVR,1,2016
2016-07-21,2016,7,19.486,19.626,19.515375572149615,2016-07-22,SVR,1,2016
2016-07-22,2016,7,19.626,19.728,19.731753569894853,2016-07-23,SVR,1,2016
2016-07-23,2016,7,19.728,19.908,19.771612443408795,2016-07-24,SVR,1,2016
2016-07-24,2016,7,19.908,20.15,20.013091235839518,2016-07-25,SVR,1,2016
2016-07-25,2016,7,20.15,20.334,20.268370367536786,2016-07-26,SVR,1,2016
2016-07-26,2016,7,20.334,20.506,20.42021106227253,2016-07-27,SVR,1,2016
2016-07-27,2016,7,20.506,20.654,20.59305573605514,2016-07-28,SVR,1,2016
2016-07-28,2016,7,20.654,20.71,20.70313690513855,2016-07-29,SVR,1,2016
2016-07-29,2016,7,20.71,20.648,20.66450346929566,2016-07-30,SVR,1,2016
2016-07-30,2016,7,20.648,20.534,20.500896217040083,2016-07-31,SVR,1,2016
2016-07-31,2016,7,20.534,20.322,20.350348706425194,2016-08-01,SVR,1,2016
2016-08-01,2016,8,20.322,20.092,20.081130533285908,2016-08-02,SVR,1,2016
2016-08-02,2016,8,20.092,19.742,19.851567538202627,2016-08-03,SVR,1,2016
2016-08-03,2016,8,19.742,19.51,19.496453347742943,2016-08-04,SVR,1,2016
2016-08-04,2016,8,19.51,19.332,19.366725577239798,2016-08-05,SVR,1,2016
2016-08-05,2016,8,19.332,19.148,19.248478691313966,2016-08-06,SVR,1,2016
2016-08-06,2016,8,19.148,18.956,19.037129280025578,2016-08-07,SVR,1,2016
2016-08-07,2016,8,18.956,18.796,18.82536282514471,2016-08-08,SVR,1,2016
2016-08-08,2016,8,18.796,18.62,18.672411404844382,2016-08-09,SVR,1,2016
2016-08-09,2016,8,18.62,18.492,18.483201086026394,2016-08-10,SVR,1,2016
2016-08-10,2016,8,18.492,18.35,18.38212981604988,2016-08-11,SVR,1,2016
2016-08-11,2016,8,18.35,18.316,18.242219585966325,2016-08-12,SVR,1,2016
2016-08-12,2016,8,18.316,18.22,18.276385144877214,2016-08-13,SVR,1,2016
2016-08-13,2016,8,18.22,18.166,18.15615984706994,2016-08-14,SVR,1,2016
2016-08-14,2016,8,18.166,18.1,18.127828063131624,2016-08-15,SVR,1,2016
2016-08-15,2016,8,18.1,18.0,18.0683512300542,2016-08-16,SVR,1,2016
2016-08-16,2016,8,18.0,17.936,17.94371199977584,2016-08-17,SVR,1,2016
2016-08-17,2016,8,17.936,17.872,17.910103994107015,2016-08-18,SVR,1,2016
2016-08-18,2016,8,17.872,17.87,17.861093843557377,2016-08-19,SVR,1,2016
2016-08-19,2016,8,17.87,17.82,17.903029453485306,2016-08-20,SVR,1,2016
2016-08-20,2016,8,17.82,17.69,17.817632433401737,2016-08-21,SVR,1,2016
2016-08-21,2016,8,17.69,17.576,17.614391547002228,2016-08-22,SVR,1,2016
2016-08-22,2016,8,17.576,17.472,17.505948137715045,2016-08-23,SVR,1,2016
2016-08-23,2016,8,17.472,17.38,17.424780658652278,2016-08-24,SVR,1,2016
2016-08-24,2016,8,17.38,17.298,17.34404764725863,2016-08-25,SVR,1,2016
2016-08-25,2016,8,17.298,17.2,17.27476920698172,2016-08-26,SVR,1,2016
2016-08-26,2016,8,17.2,17.09,17.15597600275377,2016-08-27,SVR,1,2016
2016-08-27,2016,8,17.09,17.03,17.02646053655718,2016-08-28,SVR,1,2016
2016-08-28,2016,8,17.03,16.97,17.015843507223266,2016-08-29,SVR,1,2016
2016-08-29,2016,8,16.97,16.866,16.969523483089105,2016-08-30,SVR,1,2016
2016-08-30,2016,8,16.866,16.828,16.822702359900063,2016-08-31,SVR,1,2016
2016-08-31,2016,8,16.828,16.84,16.842260107507478,2016-09-01,SVR,1,2016
2016-09-01,2016,9,16.84,16.844,16.912495621417786,2016-09-02,SVR,1,2016
2016-09-02,2016,9,16.844,17.098,16.89468713317551,2016-09-03,SVR,1,2016
2016-09-03,2016,9,17.098,17.356,17.371421169118136,2016-09-04,SVR,1,2016
2016-09-04,2016,9,17.356,17.668,17.57175695896797,2016-09-05,SVR,1,2016
2016-09-05,2016,9,17.668,17.73,17.94930418323552,2016-09-06,SVR,1,2016
2016-09-06,2016,9,17.73,17.926,17.793366589651235,2016-09-07,SVR,1,2016
2016-09-07,2016,9,17.926,18.186,18.166224013908213,2016-09-08,SVR,1,2016
2016-09-08,2016,9,18.186,18.31,18.360025662546136,2016-09-09,SVR,1,2016
2016-09-09,2016,9,18.31,18.368,18.354619346331493,2016-09-10,SVR,1,2016
2016-09-10,2016,9,18.368,18.504,18.413166585535418,2016-09-11,SVR,1,2016
2016-09-11,2016,9,18.504,18.554,18.639130815865332,2016-09-12,SVR,1,2016
2016-09-12,2016,9,18.554,18.682,18.60361184062483,2016-09-13,SVR,1,2016
2016-09-13,2016,9,18.682,18.84,18.794636546989285,2016-09-14,SVR,1,2016
2016-09-14,2016,9,18.84,18.836,18.955170443132534,2016-09-15,SVR,1,2016
2016-09-15,2016,9,18.836,18.63,18.812577983233414,2016-09-16,SVR,1,2016
2016-09-16,2016,9,18.63,18.436,18.453416337779696,2016-09-17,SVR,1,2016
2016-09-17,2016,9,18.436,18.226,18.259048963492244,2016-09-18,SVR,1,2016
2016-09-18,2016,9,18.226,18.11,18.055733451496803,2016-09-19,SVR,1,2016
2016-09-19,2016,9,18.11,17.95,18.01778609095792,2016-09-20,SVR,1,2016
2016-09-20,2016,9,17.95,17.754,17.835036258529218,2016-09-21,SVR,1,2016
2016-09-21,2016,9,17.754,17.796,17.577240299553935,2016-09-22,SVR,1,2016
2016-09-22,2016,9,17.796,18.002,17.78586947908668,2016-09-23,SVR,1,2016
2016-09-23,2016,9,18.002,18.078,18.120510777337213,2016-09-24,SVR,1,2016
2016-09-24,2016,9,18.078,18.084,18.098625006693286,2016-09-25,SVR,1,2016
2016-09-25,2016,9,18.084,18.27,18.05754748149229,2016-09-26,SVR,1,2016
2016-09-26,2016,9,18.27,18.442,18.43637505640682,2016-09-27,SVR,1,2016
2016-09-27,2016,9,18.442,18.49,18.553076898160725,2016-09-28,SVR,1,2016
2016-09-28,2016,9,18.49,18.524,18.492501961706584,2016-09-29,SVR,1,2016
2016-09-29,2016,9,18.524,18.696,18.533014530265557,2016-09-30,SVR,1,2016
2016-09-30,2016,9,18.696,18.812,18.837442045248554,2016-10-01,SVR,1,2016
2016-10-01,2016,10,18.812,18.796,18.86243065245339,2016-10-02,SVR,1,2016
2016-10-02,2016,10,18.796,18.672,18.725776741256897,2016-10-03,SVR,1,2016
2016-10-03,2016,10,18.672,18.43,18.534273216496384,2016-10-04,SVR,1,2016
2016-10-04,2016,10,18.43,18.2,18.198442273834903,2016-10-05,SVR,1,2016
2016-10-05,2016,10,18.2,18.006,17.97033246707376,2016-10-06,SVR,1,2016
2016-10-06,2016,10,18.006,17.712,17.82739233347232,2016-10-07,SVR,1,2016
2016-10-07,2016,10,17.712,17.48,17.494483296348466,2016-10-08,SVR,1,2016
2016-10-08,2016,10,17.48,17.312,17.266027825895428,2016-10-09,SVR,1,2016
2016-10-09,2016,10,17.312,17.246,17.12701137268004,2016-10-10,SVR,1,2016
2016-10-10,2016,10,17.246,17.18,17.12355540228804,2016-10-11,SVR,1,2016
2016-10-11,2016,10,17.18,17.136,17.082737064207485,2016-10-12,SVR,1,2016
2016-10-12,2016,10,17.136,17.366,17.05404368880428,2016-10-13,SVR,1,2016
2016-10-13,2016,10,17.366,17.964,17.468644369544375,2016-10-14,SVR,1,2016
2016-10-14,2016,10,17.964,18.236,18.194322273026064,2016-10-15,SVR,1,2016
2016-10-15,2016,10,18.236,18.48,18.19222671944289,2016-10-16,SVR,1,2016
2016-10-16,2016,10,18.48,18.54,18.609841766669685,2016-10-17,SVR,1,2016
2016-10-17,2016,10,18.54,18.54,18.54195439872031,2016-10-18,SVR,1,2016
2016-10-18,2016,10,18.54,18.444,18.557698277950017,2016-10-19,SVR,1,2016
2016-10-19,2016,10,18.444,18.192,18.357111821731078,2016-10-20,SVR,1,2016
2016-10-20,2016,10,18.192,17.956,17.967473665306212,2016-10-21,SVR,1,2016
2016-10-21,2016,10,17.956,17.57,17.718651255825524,2016-10-22,SVR,1,2016
2016-10-22,2016,10,17.57,17.264,17.345631542382918,2016-10-23,SVR,1,2016
2016-10-23,2016,10,17.264,16.99,17.05408286984578,2016-10-24,SVR,1,2016
2016-10-24,2016,10,16.99,16.728,16.800701571986107,2016-10-25,SVR,1,2016
2016-10-25,2016,10,16.728,16.54,16.53538993833892,2016-10-26,SVR,1,2016
2016-10-26,2016,10,16.54,16.372,16.34231180681332,2016-10-27,SVR,1,2016
2016-10-27,2016,10,16.372,16.204,16.18154613595218,2016-10-28,SVR,1,2016
2016-10-28,2016,10,16.204,16.05,16.00889105757681,2016-10-29,SVR,1,2016
2016-10-29,2016,10,16.05,15.93,15.871759397226327,2016-10-30,SVR,1,2016
2016-10-30,2016,10,15.93,15.834,15.78070974189376,2016-10-31,SVR,1,2016
2016-10-31,2016,10,15.834,15.736,15.717252839621397,2016-11-01,SVR,1,2016
2016-11-01,2016,11,15.736,15.632,15.63357102964585,2016-11-02,SVR,1,2016
2016-11-02,2016,11,15.632,15.542,15.532283573525211,2016-11-03,SVR,1,2016
2016-11-03,2016,11,15.542,15.442,15.45841526148263,2016-11-04,SVR,1,2016
2016-11-04,2016,11,15.442,15.358,15.362938474176937,2016-11-05,SVR,1,2016
2016-11-05,2016,11,15.358,15.266,15.291613736397533,2016-11-06,SVR,1,2016
2016-11-06,2016,11,15.266,15.182,15.20243980270359,2016-11-07,SVR,1,2016
2016-11-07,2016,11,15.182,15.108,15.123617374335197,2016-11-08,SVR,1,2016
2016-11-08,2016,11,15.108,15.048,15.060568933608167,2016-11-09,SVR,1,2016
2016-11-09,2016,11,15.048,14.968,15.011808966508749,2016-11-10,SVR,1,2016
2016-11-10,2016,11,14.968,14.926,14.922296907779993,2016-11-11,SVR,1,2016
2016-11-11,2016,11,14.926,14.92,14.903082589326717,2016-11-12,SVR,1,2016
2016-11-12,2016,11,14.92,14.904,14.928038116913257,2016-11-13,SVR,1,2016
2016-11-13,2016,11,14.904,14.876,14.901472187015065,2016-11-14,SVR,1,2016
2016-11-14,2016,11,14.876,14.85,14.862411276825116,2016-11-15,SVR,1,2016
2016-11-15,2016,11,14.85,14.778,14.84154770147451,2016-11-16,SVR,1,2016
2016-11-16,2016,11,14.778,14.7,14.741878561193904,2016-11-17,SVR,1,2016
2016-11-17,2016,11,14.7,14.614,14.660277367484946,2016-11-18,SVR,1,2016
2016-11-18,2016,11,14.614,14.548,14.574900423929023,2016-11-19,SVR,1,2016
2016-11-19,2016,11,14.548,14.48,14.517484302906912,2016-11-20,SVR,1,2016
2016-11-20,2016,11,14.48,14.434,14.448271273353432,2016-11-21,SVR,1,2016
2016-11-21,2016,11,14.434,14.384,14.411038132023899,2016-11-22,SVR,1,2016
2016-11-22,2016,11,14.384,14.296,14.36051637890039,2016-11-23,SVR,1,2016
2016-11-23,2016,11,14.296,14.244,14.253502046654166,2016-11-24,SVR,1,2016
2016-11-24,2016,11,14.244,14.2,14.218941574335194,2016-11-25,SVR,1,2016
2016-11-25,2016,11,14.2,14.146,14.18330723452607,2016-11-26,SVR,1,2016
2016-11-26,2016,11,14.146,14.09,14.119988167978413,2016-11-27,SVR,1,2016
2016-11-27,2016,11,14.09,14.046,14.062010914373685,2016-11-28,SVR,1,2016
2016-11-28,2016,11,14.046,14.02,14.025490508949247,2016-11-29,SVR,1,2016
2016-11-29,2016,11,14.02,13.99,14.010231323252002,2016-11-30,SVR,1,2016
2016-11-30,2016,11,13.99,13.958,13.976446878082912,2016-12-01,SVR,1,2016
2016-12-01,2016,12,13.958,13.906,13.941752651523037,2016-12-02,SVR,1,2016
2016-12-02,2016,12,13.906,13.87,13.879172591176278,2016-12-03,SVR,1,2016
2016-12-03,2016,12,13.87,13.818,13.851514557018957,2016-12-04,SVR,1,2016
2016-12-04,2016,12,13.818,13.786,13.791464325482735,2016-12-05,SVR,1,2016
2016-12-05,2016,12,13.786,13.75,13.767160958807652,2016-12-06,SVR,1,2016
2016-12-06,2016,12,13.75,13.698,13.729832992479048,2016-12-07,SVR,1,2016
2016-12-07,2016,12,13.698,13.66,13.666930702865614,2016-12-08,SVR,1,2016
2016-12-08,2016,12,13.66,13.63,13.636103585596372,2016-12-09,SVR,1,2016
2016-12-09,2016,12,13.63,13.588,13.611296579798205,2016-12-10,SVR,1,2016
2016-12-10,2016,12,13.588,13.56,13.561177117955436,2016-12-11,SVR,1,2016
2016-12-11,2016,12,13.56,13.53,13.539281759396719,2016-12-12,SVR,1,2016
2016-12-12,2016,12,13.53,13.498,13.509316673650018,2016-12-13,SVR,1,2016
2016-12-13,2016,12,13.498,13.46,13.474920164831714,2016-12-14,SVR,1,2016
2016-12-14,2016,12,13.46,13.43,13.432920274958713,2016-12-15,SVR,1,2016
2016-12-15,2016,12,13.43,13.408,13.406762154889293,2016-12-16,SVR,1,2016
2016-12-16,2016,12,13.408,13.38,13.389867550008558,2016-12-17,SVR,1,2016
2016-12-17,2016,12,13.38,13.348,13.357428490877231,2016-12-18,SVR,1,2016
2016-12-18,2016,12,13.348,13.32,13.321987915279,2016-12-19,SVR,1,2016
2016-12-19,2016,12,13.32,13.29,13.296355427475,2016-12-20,SVR,1,2016
2016-12-20,2016,12,13.29,13.268,13.265286537285226,2016-12-21,SVR,1,2016
2016-12-21,2016,12,13.268,13.25,13.24708880422584,2016-12-22,SVR,1,2016
2016-12-22,2016,12,13.25,13.218,13.231873416180637,2016-12-23,SVR,1,2016
2016-12-23,2016,12,13.218,13.2,13.190885026222757,2016-12-24,SVR,1,2016
2016-12-24,2016,12,13.2,13.16,13.18030985240619,2016-12-25,SVR,1,2016
2016-12-25,2016,12,13.16,13.16,13.128574038318417,2016-12-26,SVR,1,2016
2016-12-26,2016,12,13.16,13.15,13.150333345779783,2016-12-27,SVR,1,2016
2016-12-27,2016,12,13.15,13.12,13.138513881025665,2016-12-28,SVR,1,2016
2016-12-28,2016,12,13.12,13.11,13.092557513833125,2016-12-29,SVR,1,2016
2016-12-29,2016,12,13.11,13.09,13.09508615103139,2016-12-30,SVR,1,2016
2016-12-30,2016,12,13.09,13.08,13.071518134609777,2016-12-31,SVR,1,2016
2016-12-31,2016,12,13.08,13.044,13.066268851243942,2017-01-01,SVR,1,2016
2017-01-01,2017,1,13.044,13.02,13.029368726830853,2017-01-02,SVR,1,2017
2017-01-02,2017,1,13.02,13.01,13.013032618767896,2017-01-03,SVR,1,2017
2017-01-03,2017,1,13.01,13.0,13.015963674591385,2017-01-04,SVR,1,2017
2017-01-04,2017,1,13.0,12.99,13.00519824131116,2017-01-05,SVR,1,2017
2017-01-05,2017,1,12.99,12.98,12.99420813061367,2017-01-06,SVR,1,2017
2017-01-06,2017,1,12.98,12.97,12.984525765352288,2017-01-07,SVR,1,2017
2017-01-07,2017,1,12.97,12.93,12.97472999274151,2017-01-08,SVR,1,2017
2017-01-08,2017,1,12.93,12.88,12.912657432348343,2017-01-09,SVR,1,2017
2017-01-09,2017,1,12.88,12.84,12.855924809685774,2017-01-10,SVR,1,2017
2017-01-10,2017,1,12.84,12.82,12.825360153937387,2017-01-11,SVR,1,2017
2017-01-11,2017,1,12.82,12.79,12.820252876883494,2017-01-12,SVR,1,2017
2017-01-12,2017,1,12.79,12.77,12.782830923626328,2017-01-13,SVR,1,2017
2017-01-13,2017,1,12.77,12.75,12.768552404391706,2017-01-14,SVR,1,2017
2017-01-14,2017,1,12.75,12.74,12.749804066640285,2017-01-15,SVR,1,2017
2017-01-15,2017,1,12.74,12.72,12.746209779487593,2017-01-16,SVR,1,2017
2017-01-16,2017,1,12.72,12.7,12.719200605145533,2017-01-17,SVR,1,2017
2017-01-17,2017,1,12.7,12.67,12.698462804739226,2017-01-18,SVR,1,2017
2017-01-18,2017,1,12.67,12.64,12.662473050735692,2017-01-19,SVR,1,2017
2017-01-19,2017,1,12.64,12.63,12.632621076455768,2017-01-20,SVR,1,2017
2017-01-20,2017,1,12.63,12.62,12.637807854560057,2017-01-21,SVR,1,2017
2017-01-21,2017,1,12.62,12.61,12.628758043506597,2017-01-22,SVR,1,2017
2017-01-22,2017,1,12.61,12.58,12.617513717263629,2017-01-23,SVR,1,2017
2017-01-23,2017,1,12.58,12.58,12.573494279577947,2017-01-24,SVR,1,2017
2017-01-24,2017,1,12.58,12.57,12.594471455562907,2017-01-25,SVR,1,2017
2017-01-25,2017,1,12.57,12.54,12.580053334832321,2017-01-26,SVR,1,2017
2017-01-26,2017,1,12.54,12.52,12.533692200032752,2017-01-27,SVR,1,2017
2017-01-27,2017,1,12.52,12.5,12.521699216347562,2017-01-28,SVR,1,2017
2017-01-28,2017,1,12.5,12.47,12.504102630869976,2017-01-29,SVR,1,2017
2017-01-29,2017,1,12.47,12.45,12.466792042185974,2017-01-30,SVR,1,2017
2017-01-30,2017,1,12.45,12.44,12.454100659602648,2017-01-31,SVR,1,2017
2017-01-31,2017,1,12.44,12.43,12.452663000966899,2017-02-01,SVR,1,2017
2017-02-01,2017,2,12.43,12.42,12.442497798084503,2017-02-02,SVR,1,2017
2017-02-02,2017,2,12.42,12.41,12.432173990837313,2017-02-03,SVR,1,2017
2017-02-03,2017,2,12.41,12.39,12.422555723264608,2017-02-04,SVR,1,2017
2017-02-04,2017,2,12.39,12.38,12.395808464931598,2017-02-05,SVR,1,2017
2017-02-05,2017,2,12.38,12.36,12.393068968931663,2017-02-06,SVR,1,2017
2017-02-06,2017,2,12.36,12.34,12.367785155663109,2017-02-07,SVR,1,2017
2017-02-07,2017,2,12.34,12.32,12.34742749317514,2017-02-08,SVR,1,2017
2017-02-08,2017,2,12.32,12.3,12.328888979071403,2017-02-09,SVR,1,2017
2017-02-09,2017,2,12.3,12.29,12.309546659952185,2017-02-10,SVR,1,2017
2017-02-10,2017,2,12.29,12.27,12.306958481690387,2017-02-11,SVR,1,2017
2017-02-11,2017,2,12.27,12.25,12.280974037558034,2017-02-12,SVR,1,2017
2017-02-12,2017,2,12.25,12.24,12.26054411133998,2017-02-13,SVR,1,2017
2017-02-13,2017,2,12.24,12.22,12.258655621056418,2017-02-14,SVR,1,2017
2017-02-14,2017,2,12.22,12.21,12.232690820646267,2017-02-15,SVR,1,2017
2017-02-15,2017,2,12.21,12.21,12.229042310027399,2017-02-16,SVR,1,2017
2017-02-16,2017,2,12.21,12.19,12.237548582581505,2017-02-17,SVR,1,2017
2017-02-17,2017,2,12.19,12.18,12.203653949485355,2017-02-18,SVR,1,2017
2017-02-18,2017,2,12.18,12.178,12.199868177565483,2017-02-19,SVR,1,2017
2017-02-19,2017,2,12.178,12.16,12.205803280149862,2017-02-20,SVR,1,2017
2017-02-20,2017,2,12.16,12.16,12.176787198133296,2017-02-21,SVR,1,2017
2017-02-21,2017,2,12.16,12.16,12.188555611987706,2017-02-22,SVR,1,2017
2017-02-22,2017,2,12.16,12.15,12.191269651919226,2017-02-23,SVR,1,2017
2017-02-23,2017,2,12.15,12.156,12.173214846986179,2017-02-24,SVR,1,2017
2017-02-24,2017,2,12.156,12.178,12.190059497446237,2017-02-25,SVR,1,2017
2017-02-25,2017,2,12.178,12.2,12.219945042799926,2017-02-26,SVR,1,2017
2017-02-26,2017,2,12.2,12.21,12.239134640180902,2017-02-27,SVR,1,2017
2017-02-27,2017,2,12.21,12.22,12.243387566519651,2017-02-28,SVR,1,2017
2017-02-28,2017,2,12.22,12.23,12.257417063155069,2017-03-01,SVR,1,2017
2017-03-01,2017,3,12.23,12.25,12.269506234556301,2017-03-02,SVR,1,2017
2017-03-02,2017,3,12.25,12.268,12.295309458558444,2017-03-03,SVR,1,2017
2017-03-03,2017,3,12.268,12.438,12.310528771929851,2017-03-04,SVR,1,2017
2017-03-04,2017,3,12.438,12.496,12.576481655633415,2017-03-05,SVR,1,2017
2017-03-05,2017,3,12.496,12.512,12.529331395629676,2017-03-06,SVR,1,2017
2017-03-06,2017,3,12.512,12.434,12.540338772018155,2017-03-07,SVR,1,2017
2017-03-07,2017,3,12.434,12.402,12.419185613245299,2017-03-08,SVR,1,2017
2017-03-08,2017,3,12.402,12.344,12.421729066879696,2017-03-09,SVR,1,2017
2017-03-09,2017,3,12.344,12.31,12.352524166404134,2017-03-10,SVR,1,2017
2017-03-10,2017,3,12.31,12.292,12.327757499339441,2017-03-11,SVR,1,2017
2017-03-11,2017,3,12.292,12.38,12.326617051550832,2017-03-12,SVR,1,2017
2017-03-12,2017,3,12.38,12.602,12.482389799854332,2017-03-13,SVR,1,2017
2017-03-13,2017,3,12.602,12.874,12.761800978851811,2017-03-14,SVR,1,2017
2017-03-14,2017,3,12.874,12.986,13.01163183347812,2017-03-15,SVR,1,2017
2017-03-15,2017,3,12.986,12.956,13.022582322530642,2017-03-16,SVR,1,2017
2017-03-16,2017,3,12.956,12.878,12.945280794536105,2017-03-17,SVR,1,2017
2017-03-17,2017,3,12.878,12.816,12.870404873624244,2017-03-18,SVR,1,2017
2017-03-18,2017,3,12.816,12.83,12.827859345021503,2017-03-19,SVR,1,2017
2017-03-19,2017,3,12.83,12.872,12.900684628083143,2017-03-20,SVR,1,2017
2017-03-20,2017,3,12.872,12.986,12.950299188259734,2017-03-21,SVR,1,2017
2017-03-21,2017,3,12.986,13.044,13.103942501630328,2017-03-22,SVR,1,2017
2017-03-22,2017,3,13.044,12.99,13.097087090621782,2017-03-23,SVR,1,2017
2017-03-23,2017,3,12.99,12.94,12.977723464269058,2017-03-24,SVR,1,2017
2017-03-24,2017,3,12.94,12.87,12.946171485900852,2017-03-25,SVR,1,2017
2017-03-25,2017,3,12.87,12.906,12.873107356372143,2017-03-26,SVR,1,2017
2017-03-26,2017,3,12.906,12.826,12.993516760301203,2017-03-27,SVR,1,2017
2017-03-27,2017,3,12.826,12.832,12.819380392171404,2017-03-28,SVR,1,2017
2017-03-28,2017,3,12.832,12.96,12.886197687256669,2017-03-29,SVR,1,2017
2017-03-29,2017,3,12.96,12.9,13.113386603446138,2017-03-30,SVR,1,2017
2017-03-30,2017,3,12.9,12.88,12.87682057209933,2017-03-31,SVR,1,2017
2017-03-31,2017,3,12.88,12.85,12.901553484328405,2017-04-01,SVR,1,2017
2017-04-01,2017,4,12.85,12.9,12.889551886573717,2017-04-02,SVR,1,2017
2017-04-02,2017,4,12.9,13.008,12.99777103756373,2017-04-03,SVR,1,2017
2017-04-03,2017,4,13.008,13.236,13.128190536704974,2017-04-04,SVR,1,2017
2017-04-04,2017,4,13.236,13.564,13.432170566786368,2017-04-05,SVR,1,2017
2017-04-05,2017,4,13.564,13.764,13.78636624670024,2017-04-06,SVR,1,2017
2017-04-06,2017,4,13.764,13.94,13.867563070820932,2017-04-07,SVR,1,2017
2017-04-07,2017,4,13.94,14.118,14.074849222998722,2017-04-08,SVR,1,2017
2017-04-08,2017,4,14.118,14.378,14.281517625797171,2017-04-09,SVR,1,2017
2017-04-09,2017,4,14.378,14.62,14.594516676211452,2017-04-10,SVR,1,2017
2017-04-10,2017,4,14.62,14.638,14.762242123357032,2017-04-11,SVR,1,2017
2017-04-11,2017,4,14.638,14.502,14.571015303515805,2017-04-12,SVR,1,2017
2017-04-12,2017,4,14.502,14.34,14.3886286651692,2017-04-13,SVR,1,2017
2017-04-13,2017,4,14.34,14.16,14.268080919699536,2017-04-14,SVR,1,2017
2017-04-14,2017,4,14.16,14.032,14.10775589736178,2017-04-15,SVR,1,2017
2017-04-15,2017,4,14.032,14.254,13.994369045787003,2017-04-16,SVR,1,2017
2017-04-16,2017,4,14.254,14.4,14.542101764930976,2017-04-17,SVR,1,2017
2017-04-17,2017,4,14.4,14.454,14.513564541331556,2017-04-18,SVR,1,2017
2017-04-18,2017,4,14.454,14.35,14.490819344956192,2017-04-19,SVR,1,2017
2017-04-19,2017,4,14.35,14.192,14.301488893105148,2017-04-20,SVR,1,2017
2017-04-20,2017,4,14.192,14.058,14.136541691001765,2017-04-21,SVR,1,2017
2017-04-21,2017,4,14.058,14.138,14.02960414400595,2017-04-22,SVR,1,2017
2017-04-22,2017,4,14.138,14.088,14.292417540714053,2017-04-23,SVR,1,2017
2017-04-23,2017,4,14.088,14.1,14.102138711572785,2017-04-24,SVR,1,2017
2017-04-24,2017,4,14.1,14.12,14.171627488129214,2017-04-25,SVR,1,2017
2017-04-25,2017,4,14.12,14.066,14.223943724988029,2017-04-26,SVR,1,2017
2017-04-26,2017,4,14.066,14.082,14.099071884724811,2017-04-27,SVR,1,2017
2017-04-27,2017,4,14.082,14.19,14.173566858619933,2017-04-28,SVR,1,2017
2017-04-28,2017,4,14.19,14.346,14.348471653022429,2017-04-29,SVR,1,2017
2017-04-29,2017,4,14.346,14.57,14.505749626591214,2017-04-30,SVR,1,2017
2017-04-30,2017,4,14.57,14.926,14.775583335782528,2017-05-01,SVR,1,2017
2017-05-01,2017,5,14.926,15.76,15.203454701265006,2017-05-02,SVR,1,2017
2017-05-02,2017,5,15.76,16.168,16.033878218563498,2017-05-03,SVR,1,2017
2017-05-03,2017,5,16.168,16.404,16.24746901203582,2017-05-04,SVR,1,2017
2017-05-04,2017,5,16.404,16.146,16.5183624012108,2017-05-05,SVR,1,2017
2017-05-05,2017,5,16.146,15.996,16.005190690811204,2017-05-06,SVR,1,2017
2017-05-06,2017,5,15.996,15.892,15.839705218990856,2017-05-07,SVR,1,2017
2017-05-07,2017,5,15.892,15.9,15.861617440402838,2017-05-08,SVR,1,2017
2017-05-08,2017,5,15.9,15.916,15.983316652910418,2017-05-09,SVR,1,2017
2017-05-09,2017,5,15.916,15.872,15.967759105181484,2017-05-10,SVR,1,2017
2017-05-10,2017,5,15.872,15.82,15.850194518417528,2017-05-11,SVR,1,2017
2017-05-11,2017,5,15.82,15.89,15.815687464975529,2017-05-12,SVR,1,2017
2017-05-12,2017,5,15.89,15.91,16.01990319803583,2017-05-13,SVR,1,2017
2017-05-13,2017,5,15.91,15.88,15.97325741693962,2017-05-14,SVR,1,2017
2017-05-14,2017,5,15.88,15.79,15.896018226821376,2017-05-15,SVR,1,2017
2017-05-15,2017,5,15.79,15.484,15.776084971125966,2017-05-16,SVR,1,2017
2017-05-16,2017,5,15.484,15.432,15.371199380769658,2017-05-17,SVR,1,2017
2017-05-17,2017,5,15.432,15.376,15.386394534263575,2017-05-18,SVR,1,2017
2017-05-18,2017,5,15.376,15.312,15.407107034263749,2017-05-19,SVR,1,2017
2017-05-19,2017,5,15.312,15.28,15.295521679932083,2017-05-20,SVR,1,2017
2017-05-20,2017,5,15.28,15.27,15.301698677580323,2017-05-21,SVR,1,2017
2017-05-21,2017,5,15.27,15.25,15.329562127008927,2017-05-22,SVR,1,2017
2017-05-22,2017,5,15.25,15.29,15.3149920779442,2017-05-23,SVR,1,2017
2017-05-23,2017,5,15.29,15.25,15.40309076326389,2017-05-24,SVR,1,2017
2017-05-24,2017,5,15.25,15.366,15.290098912982952,2017-05-25,SVR,1,2017
2017-05-25,2017,5,15.366,15.596,15.550784159051183,2017-05-26,SVR,1,2017
2017-05-26,2017,5,15.596,15.896,15.849630335348357,2017-05-27,SVR,1,2017
2017-05-27,2017,5,15.896,16.098,16.162745741383954,2017-05-28,SVR,1,2017
2017-05-28,2017,5,16.098,16.202,16.230564885413276,2017-05-29,SVR,1,2017
2017-05-29,2017,5,16.202,16.21,16.258251870385187,2017-05-30,SVR,1,2017
2017-05-30,2017,5,16.21,16.22,16.197585693384116,2017-05-31,SVR,1,2017
2017-05-31,2017,5,16.22,16.28,16.23796526358232,2017-06-01,SVR,1,2017
2017-06-01,2017,6,16.28,16.26,16.36870789125582,2017-06-02,SVR,1,2017
2017-06-02,2017,6,16.26,16.28,16.26671601895216,2017-06-03,SVR,1,2017
2017-06-03,2017,6,16.28,16.356,16.34889644532399,2017-06-04,SVR,1,2017
2017-06-04,2017,6,16.356,16.904,16.487787699633195,2017-06-05,SVR,1,2017
2017-06-05,2017,6,16.904,17.592,17.37598184301639,2017-06-06,SVR,1,2017
2017-06-06,2017,6,17.592,17.82,17.82977765530835,2017-06-07,SVR,1,2017
2017-06-07,2017,6,17.82,18.04,17.919684304709758,2017-06-08,SVR,1,2017
2017-06-08,2017,6,18.04,18.014,18.23318671707368,2017-06-09,SVR,1,2017
2017-06-09,2017,6,18.014,17.768,17.880730731213845,2017-06-10,SVR,1,2017
2017-06-10,2017,6,17.768,17.418,17.47588227595834,2017-06-11,SVR,1,2017
2017-06-11,2017,6,17.418,17.156,17.254813633595447,2017-06-12,SVR,1,2017
2017-06-12,2017,6,17.156,16.942,17.06831726437616,2017-06-13,SVR,1,2017
2017-06-13,2017,6,16.942,16.85,16.84685801062925,2017-06-14,SVR,1,2017
2017-06-14,2017,6,16.85,16.9,16.82519284625702,2017-06-15,SVR,1,2017
2017-06-15,2017,6,16.9,17.096,16.98207836862583,2017-06-16,SVR,1,2017
2017-06-16,2017,6,17.096,17.286,17.226074690987584,2017-06-17,SVR,1,2017
2017-06-17,2017,6,17.286,17.498,17.415278422182414,2017-06-18,SVR,1,2017
2017-06-18,2017,6,17.498,17.826,17.709068592293498,2017-06-19,SVR,1,2017
2017-06-19,2017,6,17.826,18.124,18.158299198816835,2017-06-20,SVR,1,2017
2017-06-20,2017,6,18.124,18.396,18.362707043150515,2017-06-21,SVR,1,2017
2017-06-21,2017,6,18.396,18.512,18.594750210732556,2017-06-22,SVR,1,2017
2017-06-22,2017,6,18.512,18.53,18.50271311010921,2017-06-23,SVR,1,2017
2017-06-23,2017,6,18.53,18.54,18.45884790193551,2017-06-24,SVR,1,2017
2017-06-24,2017,6,18.54,18.53,18.510538953269464,2017-06-25,SVR,1,2017
2017-06-25,2017,6,18.53,18.47,18.4981977986033,2017-06-26,SVR,1,2017
2017-06-26,2017,6,18.47,18.264,18.424140204634334,2017-06-27,SVR,1,2017
2017-06-27,2017,6,18.264,18.23,18.164599944706477,2017-06-28,SVR,1,2017
2017-06-28,2017,6,18.23,18.082,18.24072799973001,2017-06-29,SVR,1,2017
2017-06-29,2017,6,18.082,18.276,18.029071376620287,2017-06-30,SVR,1,2017
2017-06-30,2017,6,18.276,18.43,18.44190166012322,2017-07-01,SVR,1,2017
2017-07-01,2017,7,18.43,18.68,18.534885654946038,2017-07-02,SVR,1,2017
2017-07-02,2017,7,18.68,18.856,18.8838771494386,2017-07-03,SVR,1,2017
2017-07-03,2017,7,18.856,18.974,18.977714139439886,2017-07-04,SVR,1,2017
2017-07-04,2017,7,18.974,19.154,19.056500145941566,2017-07-05,SVR,1,2017
2017-07-05,2017,7,19.154,19.432,19.27937373119864,2017-07-06,SVR,1,2017
2017-07-06,2017,7,19.432,19.73,19.565784211814375,2017-07-07,SVR,1,2017
2017-07-07,2017,7,19.73,19.85,19.853308097851485,2017-07-08,SVR,1,2017
2017-07-08,2017,7,19.85,19.86,19.838223960930506,2017-07-09,SVR,1,2017
2017-07-09,2017,7,19.86,19.87,19.775219804079068,2017-07-10,SVR,1,2017
2017-07-10,2017,7,19.87,20.166,19.8042992842306,2017-07-11,SVR,1,2017
2017-07-11,2017,7,20.166,20.294,20.278921454843868,2017-07-12,SVR,1,2017
2017-07-12,2017,7,20.294,20.34,20.27329016357349,2017-07-13,SVR,1,2017
2017-07-13,2017,7,20.34,20.368,20.322089776535204,2017-07-14,SVR,1,2017
2017-07-14,2017,7,20.368,20.264,20.33379024945036,2017-07-15,SVR,1,2017
2017-07-15,2017,7,20.264,20.05,20.131026548843227,2017-07-16,SVR,1,2017
2017-07-16,2017,7,20.05,19.724,19.838663432038967,2017-07-17,SVR,1,2017
2017-07-17,2017,7,19.724,19.482,19.44571802495268,2017-07-18,SVR,1,2017
2017-07-18,2017,7,19.482,19.216,19.305534154291163,2017-07-19,SVR,1,2017
2017-07-19,2017,7,19.216,19.062,19.090406243619515,2017-07-20,SVR,1,2017
2017-07-20,2017,7,19.062,18.93,19.000578451657574,2017-07-21,SVR,1,2017
2017-07-21,2017,7,18.93,18.762,18.877050681159,2017-07-22,SVR,1,2017
2017-07-22,2017,7,18.762,18.694,18.661199992079382,2017-07-23,SVR,1,2017
2017-07-23,2017,7,18.694,18.67,18.635198812707163,2017-07-24,SVR,1,2017
2017-07-24,2017,7,18.67,18.674,18.651737241822556,2017-07-25,SVR,1,2017
2017-07-25,2017,7,18.674,18.618,18.672327840979495,2017-07-26,SVR,1,2017
2017-07-26,2017,7,18.618,18.554,18.591076153945096,2017-07-27,SVR,1,2017
2017-07-27,2017,7,18.554,18.46,18.526519659065265,2017-07-28,SVR,1,2017
2017-07-28,2017,7,18.46,18.392,18.40905182131764,2017-07-29,SVR,1,2017
2017-07-29,2017,7,18.392,18.414,18.366570340102026,2017-07-30,SVR,1,2017
2017-07-30,2017,7,18.414,18.434,18.462128947744976,2017-07-31,SVR,1,2017
2017-07-31,2017,7,18.434,18.508,18.474500430909547,2017-08-01,SVR,1,2017
2017-08-01,2017,8,18.508,18.472,18.594563777396385,2017-08-02,SVR,1,2017
2017-08-02,2017,8,18.472,18.46,18.46971038897957,2017-08-03,SVR,1,2017
2017-08-03,2017,8,18.46,18.472,18.475359446814164,2017-08-04,SVR,1,2017
2017-08-04,2017,8,18.472,18.59,18.503399350310946,2017-08-05,SVR,1,2017
2017-08-05,2017,8,18.59,18.624,18.71139133987407,2017-08-06,SVR,1,2017
2017-08-06,2017,8,18.624,18.56,18.677958560147374,2017-08-07,SVR,1,2017
2017-08-07,2017,8,18.56,18.526,18.530797882354484,2017-08-08,SVR,1,2017
2017-08-08,2017,8,18.526,18.542,18.530413075396538,2017-08-09,SVR,1,2017
2017-08-09,2017,8,18.542,18.696,18.58138667723481,2017-08-10,SVR,1,2017
2017-08-10,2017,8,18.696,18.986,18.84271936834413,2017-08-11,SVR,1,2017
2017-08-11,2017,8,18.986,19.608,19.184389056024223,2017-08-12,SVR,1,2017
2017-08-12,2017,8,19.608,20.202,19.98650386571782,2017-08-13,SVR,1,2017
2017-08-13,2017,8,20.202,20.728,20.538170262477212,2017-08-14,SVR,1,2017
2017-08-14,2017,8,20.728,20.826,20.989288396515473,2017-08-15,SVR,1,2017
2017-08-15,2017,8,20.826,20.83,20.94529453145946,2017-08-16,SVR,1,2017
2017-08-16,2017,8,20.83,20.698,20.75323336427988,2017-08-17,SVR,1,2017
2017-08-17,2017,8,20.698,20.476,20.4863161263099,2017-08-18,SVR,1,2017
2017-08-18,2017,8,20.476,20.24,20.169062631143152,2017-08-19,SVR,1,2017
2017-08-19,2017,8,20.24,20.048,19.941064597513783,2017-08-20,SVR,1,2017
2017-08-20,2017,8,20.048,19.88,19.82696371349008,2017-08-21,SVR,1,2017
2017-08-21,2017,8,19.88,19.73,19.720370755197475,2017-08-22,SVR,1,2017
2017-08-22,2017,8,19.73,19.53,19.587641618955804,2017-08-23,SVR,1,2017
2017-08-23,2017,8,19.53,19.436,19.35477658656887,2017-08-24,SVR,1,2017
2017-08-24,2017,8,19.436,19.304,19.31706728044397,2017-08-25,SVR,1,2017
2017-08-25,2017,8,19.304,19.136,19.171680898925455,2017-08-26,SVR,1,2017
2017-08-26,2017,8,19.136,18.998,18.968155095973742,2017-08-27,SVR,1,2017
2017-08-27,2017,8,18.998,18.972,18.85715564271523,2017-08-28,SVR,1,2017
2017-08-28,2017,8,18.972,18.826,18.93557232885397,2017-08-29,SVR,1,2017
2017-08-29,2017,8,18.826,18.72,18.698127360757912,2017-08-30,SVR,1,2017
2017-08-30,2017,8,18.72,18.568,18.617806226610714,2017-08-31,SVR,1,2017
2017-08-31,2017,8,18.568,18.472,18.43342416619233,2017-09-01,SVR,1,2017
2017-09-01,2017,9,18.472,18.544,18.382216791116164,2017-09-02,SVR,1,2017
2017-09-02,2017,9,18.544,18.576,18.61294251926779,2017-09-03,SVR,1,2017
2017-09-03,2017,9,18.576,18.566,18.618972421087395,2017-09-04,SVR,1,2017
2017-09-04,2017,9,18.566,18.58,18.56950618388841,2017-09-05,SVR,1,2017
2017-09-05,2017,9,18.58,18.6,18.606500157090505,2017-09-06,SVR,1,2017
2017-09-06,2017,9,18.6,18.65,18.632631546023028,2017-09-07,SVR,1,2017
2017-09-07,2017,9,18.65,18.76,18.708593883746673,2017-09-08,SVR,1,2017
2017-09-08,2017,9,18.76,18.892,18.871479058265283,2017-09-09,SVR,1,2017
2017-09-09,2017,9,18.892,19.076,19.02245812624329,2017-09-10,SVR,1,2017
2017-09-10,2017,9,19.076,19.334,19.237643747495028,2017-09-11,SVR,1,2017
2017-09-11,2017,9,19.334,19.378,19.511998640551113,2017-09-12,SVR,1,2017
2017-09-12,2017,9,19.378,19.256,19.39075046018705,2017-09-13,SVR,1,2017
2017-09-13,2017,9,19.256,19.132,19.121028192614375,2017-09-14,SVR,1,2017
2017-09-14,2017,9,19.132,19.008,19.00602749100019,2017-09-15,SVR,1,2017
2017-09-15,2017,9,19.008,18.912,18.892179295703183,2017-09-16,SVR,1,2017
2017-09-16,2017,9,18.912,18.732,18.825424346803068,2017-09-17,SVR,1,2017
2017-09-17,2017,9,18.732,18.53,18.559980940278614,2017-09-18,SVR,1,2017
2017-09-18,2017,9,18.53,18.356,18.31669519933181,2017-09-19,SVR,1,2017
2017-09-19,2017,9,18.356,18.25,18.17049823010136,2017-09-20,SVR,1,2017
2017-09-20,2017,9,18.25,18.158,18.14261201817568,2017-09-21,SVR,1,2017
2017-09-21,2017,9,18.158,18.064,18.07613916450802,2017-09-22,SVR,1,2017
2017-09-22,2017,9,18.064,18.072,17.978976948114607,2017-09-23,SVR,1,2017
2017-09-23,2017,9,18.072,17.942,18.07399274712815,2017-09-24,SVR,1,2017
2017-09-24,2017,9,17.942,17.866,17.824445974072628,2017-09-25,SVR,1,2017
2017-09-25,2017,9,17.866,17.85,17.78511836656778,2017-09-26,SVR,1,2017
2017-09-26,2017,9,17.85,17.95,17.84494739031331,2017-09-27,SVR,1,2017
2017-09-27,2017,9,17.95,18.042,18.04510915033167,2017-09-28,SVR,1,2017
2017-09-28,2017,9,18.042,18.05,18.126291605957714,2017-09-29,SVR,1,2017
2017-09-29,2017,9,18.05,18.116,18.05334529105833,2017-09-30,SVR,1,2017
2017-09-30,2017,9,18.116,18.238,18.17947607091428,2017-10-01,SVR,1,2017
2017-10-01,2017,10,18.238,18.502,18.358269412006198,2017-10-02,SVR,1,2017
2017-10-02,2017,10,18.502,18.55,18.713830264365715,2017-10-03,SVR,1,2017
2017-10-03,2017,10,18.55,18.396,18.551016669892935,2017-10-04,SVR,1,2017
2017-10-04,2017,10,18.396,18.226,18.228559735508806,2017-10-05,SVR,1,2017
2017-10-05,2017,10,18.226,18.126,18.042832080338396,2017-10-06,SVR,1,2017
2017-10-06,2017,10,18.126,18.162,18.029288962640667,2017-10-07,SVR,1,2017
2017-10-07,2017,10,18.162,18.246,18.21093992119489,2017-10-08,SVR,1,2017
2017-10-08,2017,10,18.246,18.308,18.320827301396175,2017-10-09,SVR,1,2017
2017-10-09,2017,10,18.308,18.284,18.351963803865683,2017-10-10,SVR,1,2017
2017-10-10,2017,10,18.284,18.066,18.24107000136504,2017-10-11,SVR,1,2017
2017-10-11,2017,10,18.066,17.778,17.838469173434593,2017-10-12,SVR,1,2017
2017-10-12,2017,10,17.778,17.504,17.47602434141894,2017-10-13,SVR,1,2017
2017-10-13,2017,10,17.504,17.326,17.239334366553006,2017-10-14,SVR,1,2017
2017-10-14,2017,10,17.326,17.092,17.143635666896998,2017-10-15,SVR,1,2017
2017-10-15,2017,10,17.092,17.036,16.901310585152853,2017-10-16,SVR,1,2017
2017-10-16,2017,10,17.036,16.998,16.966090551403294,2017-10-17,SVR,1,2017
2017-10-17,2017,10,16.998,16.932,16.962979240011947,2017-10-18,SVR,1,2017
2017-10-18,2017,10,16.932,16.896,16.85895919843283,2017-10-19,SVR,1,2017
2017-10-19,2017,10,16.896,16.892,16.842971276947583,2017-10-20,SVR,1,2017
2017-10-20,2017,10,16.892,17.158,16.868865729659834,2017-10-21,SVR,1,2017
2017-10-21,2017,10,17.158,17.352,17.371030480566837,2017-10-22,SVR,1,2017
2017-10-22,2017,10,17.352,17.182,17.45723838405418,2017-10-23,SVR,1,2017
2017-10-23,2017,10,17.182,16.96,16.97879773567465,2017-10-24,SVR,1,2017
2017-10-24,2017,10,16.96,16.774,16.734308296939364,2017-10-25,SVR,1,2017
2017-10-25,2017,10,16.774,16.676,16.60641403399209,2017-10-26,SVR,1,2017
2017-10-26,2017,10,16.676,16.664,16.588288231739707,2017-10-27,SVR,1,2017
2017-10-27,2017,10,16.664,16.688,16.66218541756634,2017-10-28,SVR,1,2017
2017-10-28,2017,10,16.688,16.834,16.695628553503916,2017-10-29,SVR,1,2017
2017-10-29,2017,10,16.834,16.932,16.929399163463973,2017-10-30,SVR,1,2017
2017-10-30,2017,10,16.932,16.996,16.962213324510472,2017-10-31,SVR,1,2017
2017-10-31,2017,10,16.996,16.838,17.00161210983088,2017-11-01,SVR,1,2017
2017-11-01,2017,11,16.838,16.544,16.655966176960888,2017-11-02,SVR,1,2017
2017-11-02,2017,11,16.544,16.29,16.311088042490752,2017-11-03,SVR,1,2017
2017-11-03,2017,11,16.29,16.114,16.088984350934716,2017-11-04,SVR,1,2017
2017-11-04,2017,11,16.114,15.952,15.967086288683781,2017-11-05,SVR,1,2017
2017-11-05,2017,11,15.952,15.828,15.824291424346496,2017-11-06,SVR,1,2017
2017-11-06,2017,11,15.828,15.698,15.727402078284891,2017-11-07,SVR,1,2017
2017-11-07,2017,11,15.698,15.656,15.604881787624313,2017-11-08,SVR,1,2017
2017-11-08,2017,11,15.656,15.432,15.616562990321995,2017-11-09,SVR,1,2017
2017-11-09,2017,11,15.432,15.32,15.315989498210786,2017-11-10,SVR,1,2017
2017-11-10,2017,11,15.32,15.274,15.23287098705708,2017-11-11,SVR,1,2017
2017-11-11,2017,11,15.274,15.268,15.252072153402077,2017-11-12,SVR,1,2017
2017-11-12,2017,11,15.268,15.216,15.259682428537408,2017-11-13,SVR,1,2017
2017-11-13,2017,11,15.216,15.152,15.168843248672214,2017-11-14,SVR,1,2017
2017-11-14,2017,11,15.152,15.058,15.100388522858387,2017-11-15,SVR,1,2017
2017-11-15,2017,11,15.058,15.004,15.003532443051295,2017-11-16,SVR,1,2017
2017-11-16,2017,11,15.004,14.92,14.974257107556701,2017-11-17,SVR,1,2017
2017-11-17,2017,11,14.92,14.872,14.872539874875773,2017-11-18,SVR,1,2017
2017-11-18,2017,11,14.872,14.79,14.84169583894274,2017-11-19,SVR,1,2017
2017-11-19,2017,11,14.79,14.736,14.744483293764407,2017-11-20,SVR,1,2017
2017-11-20,2017,11,14.736,14.694,14.705853952746837,2017-11-21,SVR,1,2017
2017-11-21,2017,11,14.694,14.616,14.677269279868344,2017-11-22,SVR,1,2017
2017-11-22,2017,11,14.616,14.51,14.57340129808661,2017-11-23,SVR,1,2017
2017-11-23,2017,11,14.51,14.412,14.455430262901247,2017-11-24,SVR,1,2017
2017-11-24,2017,11,14.412,14.398,14.36714435796071,2017-11-25,SVR,1,2017
2017-11-25,2017,11,14.398,14.324,14.405433235408248,2017-11-26,SVR,1,2017
2017-11-26,2017,11,14.324,14.27,14.289264422029326,2017-11-27,SVR,1,2017
2017-11-27,2017,11,14.27,14.27,14.241807145742898,2017-11-28,SVR,1,2017
2017-11-28,2017,11,14.27,14.26,14.288393060867238,2017-11-29,SVR,1,2017
2017-11-29,2017,11,14.26,14.226,14.27031289555576,2017-11-30,SVR,1,2017
2017-11-30,2017,11,14.226,14.186,14.213983442146981,2017-12-01,SVR,1,2017
2017-12-01,2017,12,14.186,14.164,14.171604471334959,2017-12-02,SVR,1,2017
2017-12-02,2017,12,14.164,14.126,14.167775390683689,2017-12-03,SVR,1,2017
2017-12-03,2017,12,14.126,14.104,14.11685078983482,2017-12-04,SVR,1,2017
2017-12-04,2017,12,14.104,14.09,14.102853263823155,2017-12-05,SVR,1,2017
2017-12-05,2017,12,14.09,14.08,14.097163684293193,2017-12-06,SVR,1,2017
2017-12-06,2017,12,14.08,14.07,14.089309871069805,2017-12-07,SVR,1,2017
2017-12-07,2017,12,14.07,14.05,14.079171275432945,2017-12-08,SVR,1,2017
2017-12-08,2017,12,14.05,14.014,14.051197204848195,2017-12-09,SVR,1,2017
2017-12-09,2017,12,14.014,13.96,14.003619056457369,2017-12-10,SVR,1,2017
2017-12-10,2017,12,13.96,13.95,13.937193139174743,2017-12-11,SVR,1,2017
2017-12-11,2017,12,13.95,13.922,13.96002896846354,2017-12-12,SVR,1,2017
2017-12-12,2017,12,13.922,13.876,13.919310343432372,2017-12-13,SVR,1,2017
2017-12-13,2017,12,13.876,13.844,13.855171699880396,2017-12-14,SVR,1,2017
2017-12-14,2017,12,13.844,13.81,13.836121883223115,2017-12-15,SVR,1,2017
2017-12-15,2017,12,13.81,13.79,13.802994946676845,2017-12-16,SVR,1,2017
2017-12-16,2017,12,13.79,13.764,13.791537823775169,2017-12-17,SVR,1,2017
2017-12-17,2017,12,13.764,13.732,13.760564691035318,2017-12-18,SVR,1,2017
2017-12-18,2017,12,13.732,13.72,13.723336456272966,2017-12-19,SVR,1,2017
2017-12-19,2017,12,13.72,13.71,13.727670865432598,2017-12-20,SVR,1,2017
2017-12-20,2017,12,13.71,13.684,13.720070767712144,2017-12-21,SVR,1,2017
2017-12-21,2017,12,13.684,13.65,13.679466543927933,2017-12-22,SVR,1,2017
2017-12-22,2017,12,13.65,13.62,13.639363335058224,2017-12-23,SVR,1,2017
2017-12-23,2017,12,13.62,13.61,13.614174766054328,2017-12-24,SVR,1,2017
2017-12-24,2017,12,13.61,13.59,13.619977741044496,2017-12-25,SVR,1,2017
2017-12-25,2017,12,13.59,13.554,13.59137076744065,2017-12-26,SVR,1,2017
2017-12-26,2017,12,13.554,13.52,13.541241115391447,2017-12-27,SVR,1,2017
2017-12-27,2017,12,13.52,13.504,13.5103005641124,2017-12-28,SVR,1,2017
2017-12-28,2017,12,13.504,13.464,13.5094763311912,2017-12-29,SVR,1,2017
2017-12-29,2017,12,13.464,13.45,13.450815072543184,2017-12-30,SVR,1,2017
2017-12-30,2017,12,13.45,13.42,13.4541483409613,2017-12-31,SVR,1,2017
2017-12-31,2017,12,13.42,13.394,13.415011343107425,2018-01-01,SVR,1,2017
2018-01-01,2018,1,13.394,13.36,13.41804265137633,2018-01-02,SVR,1,2018
2018-01-02,2018,1,13.36,13.34,13.381518240480743,2018-01-03,SVR,1,2018
2018-01-03,2018,1,13.34,13.316,13.371113227109747,2018-01-04,SVR,1,2018
2018-01-04,2018,1,13.316,13.286,13.347578112907794,2018-01-05,SVR,1,2018
2018-01-05,2018,1,13.286,13.26,13.311453164770024,2018-01-06,SVR,1,2018
2018-01-06,2018,1,13.26,13.234,13.2893351799215,2018-01-07,SVR,1,2018
2018-01-07,2018,1,13.234,13.21,13.265358142269124,2018-01-08,SVR,1,2018
2018-01-08,2018,1,13.21,13.186,13.243204169802224,2018-01-09,SVR,1,2018
2018-01-09,2018,1,13.186,13.154,13.220022375007611,2018-01-10,SVR,1,2018
2018-01-10,2018,1,13.154,13.13,13.182567417975228,2018-01-11,SVR,1,2018
2018-01-11,2018,1,13.13,13.13,13.164484403612846,2018-01-12,SVR,1,2018
2018-01-12,2018,1,13.13,13.12,13.185005563618176,2018-01-13,SVR,1,2018
2018-01-13,2018,1,13.12,13.094,13.170206386212742,2018-01-14,SVR,1,2018
2018-01-14,2018,1,13.094,13.066,13.129536167145856,2018-01-15,SVR,1,2018
2018-01-15,2018,1,13.066,13.06,13.101309138063897,2018-01-16,SVR,1,2018
2018-01-16,2018,1,13.06,13.05,13.114270266656415,2018-01-17,SVR,1,2018
2018-01-17,2018,1,13.05,13.03,13.104124057119003,2018-01-18,SVR,1,2018
2018-01-18,2018,1,13.03,13.03,13.073067253725718,2018-01-19,SVR,1,2018
2018-01-19,2018,1,13.03,13.02,13.08866064615322,2018-01-20,SVR,1,2018
2018-01-20,2018,1,13.02,12.986,13.075476673456189,2018-01-21,SVR,1,2018
2018-01-21,2018,1,12.986,12.938,13.020149860729335,2018-01-22,SVR,1,2018
2018-01-22,2018,1,12.938,12.92,12.961011653651772,2018-01-23,SVR,1,2018
2018-01-23,2018,1,12.92,12.92,12.965149936462277,2018-01-24,SVR,1,2018
2018-01-24,2018,1,12.92,12.91,12.982910046971357,2018-01-25,SVR,1,2018
2018-01-25,2018,1,12.91,12.9,12.96320020852452,2018-01-26,SVR,1,2018
2018-01-26,2018,1,12.9,12.88,12.951722934418058,2018-01-27,SVR,1,2018
2018-01-27,2018,1,12.88,12.866,12.92765404564044,2018-01-28,SVR,1,2018
2018-01-28,2018,1,12.866,12.84,12.918983208034952,2018-01-29,SVR,1,2018
2018-01-29,2018,1,12.84,12.82,12.885433595463407,2018-01-30,SVR,1,2018
2018-01-30,2018,1,12.82,12.81,12.867411736675136,2018-01-31,SVR,1,2018
2018-01-31,2018,1,12.81,12.8,12.866924926705073,2018-02-01,SVR,1,2018
2018-02-01,2018,2,12.8,12.79,12.857321250385654,2018-02-02,SVR,1,2018
2018-02-02,2018,2,12.79,12.79,12.846753143237944,2018-02-03,SVR,1,2018
2018-02-03,2018,2,12.79,12.78,12.855070724434333,2018-02-04,SVR,1,2018
2018-02-04,2018,2,12.78,12.78,12.839311546223415,2018-02-05,SVR,1,2018
2018-02-05,2018,2,12.78,12.77,12.845680886782882,2018-02-06,SVR,1,2018
2018-02-06,2018,2,12.77,12.75,12.83036117334834,2018-02-07,SVR,1,2018
2018-02-07,2018,2,12.75,12.73,12.80068798229018,2018-02-08,SVR,1,2018
2018-02-08,2018,2,12.73,12.71,12.78099624192999,2018-02-09,SVR,1,2018
2018-02-09,2018,2,12.71,12.7,12.761712887066565,2018-02-10,SVR,1,2018
2018-02-10,2018,2,12.7,12.69,12.758769494540465,2018-02-11,SVR,1,2018
2018-02-11,2018,2,12.69,12.69,12.749484887617841,2018-02-12,SVR,1,2018
2018-02-12,2018,2,12.69,12.68,12.756037262804766,2018-02-13,SVR,1,2018
2018-02-13,2018,2,12.68,12.68,12.740081842946053,2018-02-14,SVR,1,2018
2018-02-14,2018,2,12.68,12.668,12.74655676547209,2018-02-15,SVR,1,2018
2018-02-15,2018,2,12.668,12.57,12.728007380685662,2018-02-16,SVR,1,2018
2018-02-16,2018,2,12.57,12.48,12.56828876783546,2018-02-17,SVR,1,2018
2018-02-17,2018,2,12.48,12.4,12.481406188923136,2018-02-18,SVR,1,2018
2018-02-18,2018,2,12.4,12.434,12.419197185583876,2018-02-19,SVR,1,2018
2018-02-19,2018,2,12.434,12.44,12.515945455451677,2018-02-20,SVR,1,2018
2018-02-20,2018,2,12.44,12.42,12.49954819878886,2018-02-21,SVR,1,2018
2018-02-21,2018,2,12.42,12.398,12.46173414268413,2018-02-22,SVR,1,2018
2018-02-22,2018,2,12.398,12.354,12.44813874473197,2018-02-23,SVR,1,2018
2018-02-23,2018,2,12.354,12.34,12.395725242448862,2018-02-24,SVR,1,2018
2018-02-24,2018,2,12.34,12.34,12.399678546498667,2018-02-25,SVR,1,2018
2018-02-25,2018,2,12.34,12.34,12.41312989281374,2018-02-26,SVR,1,2018
2018-02-26,2018,2,12.34,12.36,12.4109614394687,2018-02-27,SVR,1,2018
2018-02-27,2018,2,12.36,12.38,12.437421597959295,2018-02-28,SVR,1,2018
2018-02-28,2018,2,12.38,12.38,12.452376006564142,2018-03-01,SVR,1,2018
2018-03-01,2018,3,12.38,12.38,12.44150537818304,2018-03-02,SVR,1,2018
2018-03-02,2018,3,12.38,12.37,12.448331268096325,2018-03-03,SVR,1,2018
2018-03-03,2018,3,12.37,12.35,12.433229165807646,2018-03-04,SVR,1,2018
2018-03-04,2018,3,12.35,12.35,12.40560700029393,2018-03-05,SVR,1,2018
2018-03-05,2018,3,12.35,12.35,12.420778066777983,2018-03-06,SVR,1,2018
2018-03-06,2018,3,12.35,12.36,12.423992101502932,2018-03-07,SVR,1,2018
2018-03-07,2018,3,12.36,12.372,12.434942409501458,2018-03-08,SVR,1,2018
2018-03-08,2018,3,12.372,12.406,12.444795677573476,2018-03-09,SVR,1,2018
2018-03-09,2018,3,12.406,12.41,12.48554825056213,2018-03-10,SVR,1,2018
2018-03-10,2018,3,12.41,12.446,12.467257237000318,2018-03-11,SVR,1,2018
2018-03-11,2018,3,12.446,12.474,12.524125648308699,2018-03-12,SVR,1,2018
2018-03-12,2018,3,12.474,12.626,12.541083392351101,2018-03-13,SVR,1,2018
2018-03-13,2018,3,12.626,12.664,12.774123099141203,2018-03-14,SVR,1,2018
2018-03-14,2018,3,12.664,12.708,12.684049518466209,2018-03-15,SVR,1,2018
2018-03-15,2018,3,12.708,12.734,12.756488048086318,2018-03-16,SVR,1,2018
2018-03-16,2018,3,12.734,12.738,12.784503747136235,2018-03-17,SVR,1,2018
2018-03-17,2018,3,12.738,12.686,12.78071355322507,2018-03-18,SVR,1,2018
2018-03-18,2018,3,12.686,12.608,12.696653466007623,2018-03-19,SVR,1,2018
2018-03-19,2018,3,12.608,12.518,12.607998984466127,2018-03-20,SVR,1,2018
2018-03-20,2018,3,12.518,12.484,12.524967833484931,2018-03-21,SVR,1,2018
2018-03-21,2018,3,12.484,12.444,12.52595213992204,2018-03-22,SVR,1,2018
2018-03-22,2018,3,12.444,12.442,12.488368751146735,2018-03-23,SVR,1,2018
2018-03-23,2018,3,12.442,12.478,12.503663424897344,2018-03-24,SVR,1,2018
2018-03-24,2018,3,12.478,12.534,12.563165781641036,2018-03-25,SVR,1,2018
2018-03-25,2018,3,12.534,12.63,12.617960263184791,2018-03-26,SVR,1,2018
2018-03-26,2018,3,12.63,12.738,12.732467712050497,2018-03-27,SVR,1,2018
2018-03-27,2018,3,12.738,12.76,12.837462061512442,2018-03-28,SVR,1,2018
2018-03-28,2018,3,12.76,12.73,12.778683552346497,2018-03-29,SVR,1,2018
2018-03-29,2018,3,12.73,12.734,12.741409595607559,2018-03-30,SVR,1,2018
2018-03-30,2018,3,12.734,12.826,12.79179625403085,2018-03-31,SVR,1,2018
2018-03-31,2018,3,12.826,12.95,12.950164599397766,2018-04-01,SVR,1,2018
2018-04-01,2018,4,12.95,13.082,13.07465994463926,2018-04-02,SVR,1,2018
2018-04-02,2018,4,13.082,13.124,13.197670613641343,2018-04-03,SVR,1,2018
2018-04-03,2018,4,13.124,13.13,13.144755228207774,2018-04-04,SVR,1,2018
2018-04-04,2018,4,13.13,13.13,13.152642431874545,2018-04-05,SVR,1,2018
2018-04-05,2018,4,13.13,13.11,13.176015190534434,2018-04-06,SVR,1,2018
2018-04-06,2018,4,13.11,13.084,13.146336349167516,2018-04-07,SVR,1,2018
2018-04-07,2018,4,13.084,13.07,13.121056670186817,2018-04-08,SVR,1,2018
2018-04-08,2018,4,13.07,13.07,13.126270383552678,2018-04-09,SVR,1,2018
2018-04-09,2018,4,13.07,13.08,13.141423067433827,2018-04-10,SVR,1,2018
2018-04-10,2018,4,13.08,13.068,13.155526638417479,2018-04-11,SVR,1,2018
2018-04-11,2018,4,13.068,13.06,13.125152692472088,2018-04-12,SVR,1,2018
2018-04-12,2018,4,13.06,13.088,13.12197038592784,2018-04-13,SVR,1,2018
2018-04-13,2018,4,13.088,13.18,13.178264951290753,2018-04-14,SVR,1,2018
2018-04-14,2018,4,13.18,13.328,13.306837076104177,2018-04-15,SVR,1,2018
2018-04-15,2018,4,13.328,13.422,13.494632089146245,2018-04-16,SVR,1,2018
2018-04-16,2018,4,13.422,13.462,13.503371322190146,2018-04-17,SVR,1,2018
2018-04-17,2018,4,13.462,13.508,13.497332613308204,2018-04-18,SVR,1,2018
2018-04-18,2018,4,13.508,13.58,13.575123230649508,2018-04-19,SVR,1,2018
2018-04-19,2018,4,13.58,13.838,13.677988692532479,2018-04-20,SVR,1,2018
2018-04-20,2018,4,13.838,14.13,14.14951132847771,2018-04-21,SVR,1,2018
2018-04-21,2018,4,14.13,14.334,14.356596727427204,2018-04-22,SVR,1,2018
2018-04-22,2018,4,14.334,14.368,14.461162485193867,2018-04-23,SVR,1,2018
2018-04-23,2018,4,14.368,14.254,14.360869012226773,2018-04-24,SVR,1,2018
2018-04-24,2018,4,14.254,14.12,14.167416599925831,2018-04-25,SVR,1,2018
2018-04-25,2018,4,14.12,14.052,14.051054919198204,2018-04-26,SVR,1,2018
2018-04-26,2018,4,14.052,14.024,14.054441064783402,2018-04-27,SVR,1,2018
2018-04-27,2018,4,14.024,14.032,14.06933473025302,2018-04-28,SVR,1,2018
2018-04-28,2018,4,14.032,14.128,14.092395167236631,2018-04-29,SVR,1,2018
2018-04-29,2018,4,14.128,14.306,14.255936349754942,2018-04-30,SVR,1,2018
2018-04-30,2018,4,14.306,14.402,14.52328307647853,2018-05-01,SVR,1,2018
2018-05-01,2018,5,14.402,14.43,14.481835095165808,2018-05-02,SVR,1,2018
2018-05-02,2018,5,14.43,14.434,14.448216083319933,2018-05-03,SVR,1,2018
2018-05-03,2018,5,14.434,14.296,14.463259011359622,2018-05-04,SVR,1,2018
2018-05-04,2018,5,14.296,14.228,14.237633680368583,2018-05-05,SVR,1,2018
2018-05-05,2018,5,14.228,14.152,14.224620380684053,2018-05-06,SVR,1,2018
2018-05-06,2018,5,14.152,14.14,14.178217892296388,2018-05-07,SVR,1,2018
2018-05-07,2018,5,14.14,14.13,14.191329871973558,2018-05-08,SVR,1,2018
2018-05-08,2018,5,14.13,14.166,14.185381865015652,2018-05-09,SVR,1,2018
2018-05-09,2018,5,14.166,14.218,14.250591799144603,2018-05-10,SVR,1,2018
2018-05-10,2018,5,14.218,14.42,14.316392829881352,2018-05-11,SVR,1,2018
2018-05-11,2018,5,14.42,14.546,14.709838601959907,2018-05-12,SVR,1,2018
2018-05-12,2018,5,14.546,14.56,14.675182648812727,2018-05-13,SVR,1,2018
2018-05-13,2018,5,14.56,14.57,14.557265077662787,2018-05-14,SVR,1,2018
2018-05-14,2018,5,14.57,14.588,14.606487515553441,2018-05-15,SVR,1,2018
2018-05-15,2018,5,14.588,14.712,14.651224686704667,2018-05-16,SVR,1,2018
2018-05-16,2018,5,14.712,14.972,14.898896687556142,2018-05-17,SVR,1,2018
2018-05-17,2018,5,14.972,15.076,15.29487286065972,2018-05-18,SVR,1,2018
2018-05-18,2018,5,15.076,14.988,15.132209763488026,2018-05-19,SVR,1,2018
2018-05-19,2018,5,14.988,14.832,14.885452547345977,2018-05-20,SVR,1,2018
2018-05-20,2018,5,14.832,14.72,14.75894749683011,2018-05-21,SVR,1,2018
2018-05-21,2018,5,14.72,14.664,14.709705690335223,2018-05-22,SVR,1,2018
2018-05-22,2018,5,14.664,14.632,14.697570990607991,2018-05-23,SVR,1,2018
2018-05-23,2018,5,14.632,14.572,14.66456536755525,2018-05-24,SVR,1,2018
2018-05-24,2018,5,14.572,14.564,14.575776280037958,2018-05-25,SVR,1,2018
2018-05-25,2018,5,14.564,14.868,14.612407107307511,2018-05-26,SVR,1,2018
2018-05-26,2018,5,14.868,15.12,15.305896886029474,2018-05-27,SVR,1,2018
2018-05-27,2018,5,15.12,15.4,15.346806024287961,2018-05-28,SVR,1,2018
2018-05-28,2018,5,15.4,15.656,15.66193884725328,2018-05-29,SVR,1,2018
2018-05-29,2018,5,15.656,16.088,15.86271742887045,2018-05-30,SVR,1,2018
2018-05-30,2018,5,16.088,16.376,16.399866222399403,2018-05-31,SVR,1,2018
2018-05-31,2018,5,16.376,16.568,16.46950558408135,2018-06-01,SVR,1,2018
2018-06-01,2018,6,16.568,16.72,16.586809968750018,2018-06-02,SVR,1,2018
2018-06-02,2018,6,16.72,16.856,16.774457914782147,2018-06-03,SVR,1,2018
2018-06-03,2018,6,16.856,16.764,16.920817814298985,2018-06-04,SVR,1,2018
2018-06-04,2018,6,16.764,16.484,16.63586613580634,2018-06-05,SVR,1,2018
2018-06-05,2018,6,16.484,16.262,16.364460103153796,2018-06-06,SVR,1,2018
2018-06-06,2018,6,16.262,16.086,16.17010677371276,2018-06-07,SVR,1,2018
2018-06-07,2018,6,16.086,15.96,16.017551644358527,2018-06-08,SVR,1,2018
2018-06-08,2018,6,15.96,15.844,15.90350171821845,2018-06-09,SVR,1,2018
2018-06-09,2018,6,15.844,15.79,15.801406847671972,2018-06-10,SVR,1,2018
2018-06-10,2018,6,15.79,15.77,15.78743631186877,2018-06-11,SVR,1,2018
2018-06-11,2018,6,15.77,15.77,15.793921460003256,2018-06-12,SVR,1,2018
2018-06-12,2018,6,15.77,15.748,15.800803813208448,2018-06-13,SVR,1,2018
2018-06-13,2018,6,15.748,15.71,15.761598979167921,2018-06-14,SVR,1,2018
2018-06-14,2018,6,15.71,15.86,15.721615497681736,2018-06-15,SVR,1,2018
2018-06-15,2018,6,15.86,16.182,16.093805218573667,2018-06-16,SVR,1,2018
2018-06-16,2018,6,16.182,16.462,16.585786003774487,2018-06-17,SVR,1,2018
2018-06-17,2018,6,16.462,16.95,16.6963950023677,2018-06-18,SVR,1,2018
2018-06-18,2018,6,16.95,17.622,17.33855006133841,2018-06-19,SVR,1,2018
2018-06-19,2018,6,17.622,17.992,17.87265708395323,2018-06-20,SVR,1,2018
2018-06-20,2018,6,17.992,18.072,18.10883452749877,2018-06-21,SVR,1,2018
2018-06-21,2018,6,18.072,18.1,17.98883932401624,2018-06-22,SVR,1,2018
2018-06-22,2018,6,18.1,18.082,18.03455160980885,2018-06-23,SVR,1,2018
2018-06-23,2018,6,18.082,18.018,18.032413703725673,2018-06-24,SVR,1,2018
2018-06-24,2018,6,18.018,17.972,17.924090760886543,2018-06-25,SVR,1,2018
2018-06-25,2018,6,17.972,18.062,17.942957347640657,2018-06-26,SVR,1,2018
2018-06-26,2018,6,18.062,18.046,18.150231340530134,2018-06-27,SVR,1,2018
2018-06-27,2018,6,18.046,17.948,18.033965730462644,2018-06-28,SVR,1,2018
2018-06-28,2018,6,17.948,17.852,17.884192151230465,2018-06-29,SVR,1,2018
2018-06-29,2018,6,17.852,17.804,17.810340898124082,2018-06-30,SVR,1,2018
2018-06-30,2018,6,17.804,17.8,17.803212165594577,2018-07-01,SVR,1,2018
2018-07-01,2018,7,17.8,18.078,17.822193785157655,2018-07-02,SVR,1,2018
2018-07-02,2018,7,18.078,18.436,18.33681815286941,2018-07-03,SVR,1,2018
2018-07-03,2018,7,18.436,18.504,18.711849340175664,2018-07-04,SVR,1,2018
2018-07-04,2018,7,18.504,18.77,18.528717633866535,2018-07-05,SVR,1,2018
2018-07-05,2018,7,18.77,19.164,19.04730105671975,2018-07-06,SVR,1,2018
2018-07-06,2018,7,19.164,19.492,19.453294710152868,2018-07-07,SVR,1,2018
2018-07-07,2018,7,19.492,19.494,19.73643190687757,2018-07-08,SVR,1,2018
2018-07-08,2018,7,19.494,19.474,19.348903814791907,2018-07-09,SVR,1,2018
2018-07-09,2018,7,19.474,19.38,19.399535130157354,2018-07-10,SVR,1,2018
2018-07-10,2018,7,19.38,19.126,19.29545960310121,2018-07-11,SVR,1,2018
2018-07-11,2018,7,19.126,18.892,18.943247060864774,2018-07-12,SVR,1,2018
2018-07-12,2018,7,18.892,18.74,18.73611329589895,2018-07-13,SVR,1,2018
2018-07-13,2018,7,18.74,18.71,18.687580026935663,2018-07-14,SVR,1,2018
2018-07-14,2018,7,18.71,18.734,18.72990652704503,2018-07-15,SVR,1,2018
2018-07-15,2018,7,18.734,18.8,18.753734823871394,2018-07-16,SVR,1,2018
2018-07-16,2018,7,18.8,18.848,18.838220883880904,2018-07-17,SVR,1,2018
2018-07-17,2018,7,18.848,18.832,18.88709445295281,2018-07-18,SVR,1,2018
2018-07-18,2018,7,18.832,18.758,18.82522121048853,2018-07-19,SVR,1,2018
2018-07-19,2018,7,18.758,18.672,18.719381665301224,2018-07-20,SVR,1,2018
2018-07-20,2018,7,18.672,18.564,18.633035150735495,2018-07-21,SVR,1,2018
2018-07-21,2018,7,18.564,18.48,18.514457814579202,2018-07-22,SVR,1,2018
2018-07-22,2018,7,18.48,18.432,18.450018244132078,2018-07-23,SVR,1,2018
2018-07-23,2018,7,18.432,18.416,18.428988480561426,2018-07-24,SVR,1,2018
2018-07-24,2018,7,18.416,18.438,18.424496099522823,2018-07-25,SVR,1,2018
2018-07-25,2018,7,18.438,18.41,18.46035766745495,2018-07-26,SVR,1,2018
2018-07-26,2018,7,18.41,18.4,18.39509272701028,2018-07-27,SVR,1,2018
2018-07-27,2018,7,18.4,18.41,18.397793888981525,2018-07-28,SVR,1,2018
2018-07-28,2018,7,18.41,18.408,18.419711555626172,2018-07-29,SVR,1,2018
2018-07-29,2018,7,18.408,18.39,18.406250043678156,2018-07-30,SVR,1,2018
2018-07-30,2018,7,18.39,18.38,18.37866270732867,2018-07-31,SVR,1,2018
2018-07-31,2018,7,18.38,18.442,18.378346213484665,2018-08-01,SVR,1,2018
2018-08-01,2018,8,18.442,18.652,18.500473762611794,2018-08-02,SVR,1,2018
2018-08-02,2018,8,18.652,18.936,18.848905103263842,2018-08-03,SVR,1,2018
2018-08-03,2018,8,18.936,19.036,19.161091826592305,2018-08-04,SVR,1,2018
2018-08-04,2018,8,19.036,19.112,19.11690226128169,2018-08-05,SVR,1,2018
2018-08-05,2018,8,19.112,19.13,19.19930903490227,2018-08-06,SVR,1,2018
2018-08-06,2018,8,19.13,19.186,19.166115026722238,2018-08-07,SVR,1,2018
2018-08-07,2018,8,19.186,19.216,19.248098994436322,2018-08-08,SVR,1,2018
2018-08-08,2018,8,19.216,19.184,19.236492047339194,2018-08-09,SVR,1,2018
2018-08-09,2018,8,19.184,19.06,19.150627382280778,2018-08-10,SVR,1,2018
2018-08-10,2018,8,19.06,18.906,18.976972488662213,2018-08-11,SVR,1,2018
2018-08-11,2018,8,18.906,18.79,18.794550996807548,2018-08-12,SVR,1,2018
2018-08-12,2018,8,18.79,18.76,18.713211460939448,2018-08-13,SVR,1,2018
2018-08-13,2018,8,18.76,18.762,18.76303149033481,2018-08-14,SVR,1,2018
2018-08-14,2018,8,18.762,18.83,18.77484604998821,2018-08-15,SVR,1,2018
2018-08-15,2018,8,18.83,18.85,18.889574037195292,2018-08-16,SVR,1,2018
2018-08-16,2018,8,18.85,18.848,18.878961283673803,2018-08-17,SVR,1,2018
2018-08-17,2018,8,18.848,18.818,18.851157079191545,2018-08-18,SVR,1,2018
2018-08-18,2018,8,18.818,18.738,18.804126544108495,2018-08-19,SVR,1,2018
2018-08-19,2018,8,18.738,18.656,18.692521997547857,2018-08-20,SVR,1,2018
2018-08-20,2018,8,18.656,18.538,18.609987492521068,2018-08-21,SVR,1,2018
2018-08-21,2018,8,18.538,18.41,18.46493560785809,2018-08-22,SVR,1,2018
2018-08-22,2018,8,18.41,18.294,18.32290033022051,2018-08-23,SVR,1,2018
2018-08-23,2018,8,18.294,18.28,18.218382688431763,2018-08-24,SVR,1,2018
2018-08-24,2018,8,18.28,18.26,18.292428234657333,2018-08-25,SVR,1,2018
2018-08-25,2018,8,18.26,18.26,18.260478955469303,2018-08-26,SVR,1,2018
2018-08-26,2018,8,18.26,18.27,18.26946418338188,2018-08-27,SVR,1,2018
2018-08-27,2018,8,18.27,18.27,18.284391865353836,2018-08-28,SVR,1,2018
2018-08-28,2018,8,18.27,18.29,18.273276798280484,2018-08-29,SVR,1,2018
2018-08-29,2018,8,18.29,18.362,18.308271438524326,2018-08-30,SVR,1,2018
2018-08-30,2018,8,18.362,18.474,18.43663303454994,2018-08-31,SVR,1,2018
2018-08-31,2018,8,18.474,18.63,18.590863958163567,2018-09-01,SVR,1,2018
2018-09-01,2018,9,18.63,18.694,18.78238800024285,2018-09-02,SVR,1,2018
2018-09-02,2018,9,18.694,18.714,18.76193229096389,2018-09-03,SVR,1,2018
2018-09-03,2018,9,18.714,18.854,18.744511370440318,2018-09-04,SVR,1,2018
2018-09-04,2018,9,18.854,18.906,18.993450098418275,2018-09-05,SVR,1,2018
2018-09-05,2018,9,18.906,18.866,18.94725145102944,2018-09-06,SVR,1,2018
2018-09-06,2018,9,18.866,18.85,18.821835483703413,2018-09-07,SVR,1,2018
2018-09-07,2018,9,18.85,18.82,18.841574005178654,2018-09-08,SVR,1,2018
2018-09-08,2018,9,18.82,18.73,18.804925982612055,2018-09-09,SVR,1,2018
2018-09-09,2018,9,18.73,18.642,18.66318108894339,2018-09-10,SVR,1,2018
2018-09-10,2018,9,18.642,18.722,18.577616480916575,2018-09-11,SVR,1,2018
2018-09-11,2018,9,18.722,19.06,18.80069652798282,2018-09-12,SVR,1,2018
2018-09-12,2018,9,19.06,19.256,19.266273957863987,2018-09-13,SVR,1,2018
2018-09-13,2018,9,19.256,19.28,19.366376165177606,2018-09-14,SVR,1,2018
2018-09-14,2018,9,19.28,19.4,19.295439967908464,2018-09-15,SVR,1,2018
2018-09-15,2018,9,19.4,19.504,19.509037976331946,2018-09-16,SVR,1,2018
2018-09-16,2018,9,19.504,19.558,19.568766762230144,2018-09-17,SVR,1,2018
2018-09-17,2018,9,19.558,19.558,19.560775742567277,2018-09-18,SVR,1,2018
2018-09-18,2018,9,19.558,19.586,19.51206673948602,2018-09-19,SVR,1,2018
2018-09-19,2018,9,19.586,19.54,19.583994276691822,2018-09-20,SVR,1,2018
2018-09-20,2018,9,19.54,19.302,19.479439996332736,2018-09-21,SVR,1,2018
2018-09-21,2018,9,19.302,19.098,19.062991799764337,2018-09-22,SVR,1,2018
2018-09-22,2018,9,19.098,18.694,18.85635020829984,2018-09-23,SVR,1,2018
2018-09-23,2018,9,18.694,18.364,18.392087994198317,2018-09-24,SVR,1,2018
2018-09-24,2018,9,18.364,18.082,18.102956592208457,2018-09-25,SVR,1,2018
2018-09-25,2018,9,18.082,17.994,17.870256648245174,2018-09-26,SVR,1,2018
2018-09-26,2018,9,17.994,18.144,17.852888933157416,2018-09-27,SVR,1,2018
2018-09-27,2018,9,18.144,18.276,18.175471635335843,2018-09-28,SVR,1,2018
2018-09-28,2018,9,18.276,18.288,18.342436999456392,2018-09-29,SVR,1,2018
2018-09-29,2018,9,18.288,18.182,18.285683040559633,2018-09-30,SVR,1,2018
2018-09-30,2018,9,18.182,18.054,18.080527877300337,2018-10-01,SVR,1,2018
2018-10-01,2018,10,18.054,17.942,17.925988824911524,2018-10-02,SVR,1,2018
2018-10-02,2018,10,17.942,17.862,17.838669340815976,2018-10-03,SVR,1,2018
2018-10-03,2018,10,17.862,17.782,17.801005890315373,2018-10-04,SVR,1,2018
2018-10-04,2018,10,17.782,17.606,17.725341322471987,2018-10-05,SVR,1,2018
2018-10-05,2018,10,17.606,17.488,17.451374554828988,2018-10-06,SVR,1,2018
2018-10-06,2018,10,17.488,17.344,17.3616671914977,2018-10-07,SVR,1,2018
2018-10-07,2018,10,17.344,17.208,17.2165673697883,2018-10-08,SVR,1,2018
2018-10-08,2018,10,17.208,17.078,17.082033218393548,2018-10-09,SVR,1,2018
2018-10-09,2018,10,17.078,16.894,16.967238776437767,2018-10-10,SVR,1,2018
2018-10-10,2018,10,16.894,16.69,16.744077733763604,2018-10-11,SVR,1,2018
2018-10-11,2018,10,16.69,16.56,16.518468074033596,2018-10-12,SVR,1,2018
2018-10-12,2018,10,16.56,16.41,16.443244255784986,2018-10-13,SVR,1,2018
2018-10-13,2018,10,16.41,16.272,16.302678363462704,2018-10-14,SVR,1,2018
2018-10-14,2018,10,16.272,16.18,16.167416638098594,2018-10-15,SVR,1,2018
2018-10-15,2018,10,16.18,16.074,16.116203473437277,2018-10-16,SVR,1,2018
2018-10-16,2018,10,16.074,15.976,16.003159538441373,2018-10-17,SVR,1,2018
2018-10-17,2018,10,15.976,15.882,15.902646492624887,2018-10-18,SVR,1,2018
2018-10-18,2018,10,15.882,15.872,15.817185029304152,2018-10-19,SVR,1,2018
2018-10-19,2018,10,15.872,15.97,15.881625189610004,2018-10-20,SVR,1,2018
2018-10-20,2018,10,15.97,16.004,16.070559720976156,2018-10-21,SVR,1,2018
2018-10-21,2018,10,16.004,15.892,16.01312113384917,2018-10-22,SVR,1,2018
2018-10-22,2018,10,15.892,15.73,15.78329041033809,2018-10-23,SVR,1,2018
2018-10-23,2018,10,15.73,15.526,15.595596756773219,2018-10-24,SVR,1,2018
2018-10-24,2018,10,15.526,15.402,15.390740963384838,2018-10-25,SVR,1,2018
2018-10-25,2018,10,15.402,15.408,15.309822935878302,2018-10-26,SVR,1,2018
2018-10-26,2018,10,15.408,15.406,15.440959372093035,2018-10-27,SVR,1,2018
2018-10-27,2018,10,15.406,15.262,15.435089270453592,2018-10-28,SVR,1,2018
2018-10-28,2018,10,15.262,15.134,15.160663141178423,2018-10-29,SVR,1,2018
2018-10-29,2018,10,15.134,15.036,15.03223038730973,2018-10-30,SVR,1,2018
2018-10-30,2018,10,15.036,14.956,14.973317879404346,2018-10-31,SVR,1,2018
2018-10-31,2018,10,14.956,14.87,14.91004019977492,2018-11-01,SVR,1,2018
2018-11-01,2018,11,14.87,14.81,14.820140224919896,2018-11-02,SVR,1,2018
2018-11-02,2018,11,14.81,14.724,14.775037729632215,2018-11-03,SVR,1,2018
2018-11-03,2018,11,14.724,14.688,14.674272511876575,2018-11-04,SVR,1,2018
2018-11-04,2018,11,14.688,14.596,14.671341696268277,2018-11-05,SVR,1,2018
2018-11-05,2018,11,14.596,14.514,14.550348716911326,2018-11-06,SVR,1,2018
2018-11-06,2018,11,14.514,14.494,14.466432927093637,2018-11-07,SVR,1,2018
2018-11-07,2018,11,14.494,14.54,14.499357014272988,2018-11-08,SVR,1,2018
2018-11-08,2018,11,14.54,14.51,14.602771878385965,2018-11-09,SVR,1,2018
2018-11-09,2018,11,14.51,14.472,14.506408400543434,2018-11-10,SVR,1,2018
2018-11-10,2018,11,14.472,14.44,14.464489466622899,2018-11-11,SVR,1,2018
2018-11-11,2018,11,14.44,14.47,14.449742781382115,2018-11-12,SVR,1,2018
2018-11-12,2018,11,14.47,14.5,14.533420938630561,2018-11-13,SVR,1,2018
2018-11-13,2018,11,14.5,14.498,14.552308910166193,2018-11-14,SVR,1,2018
2018-11-14,2018,11,14.498,14.406,14.522244199574766,2018-11-15,SVR,1,2018
2018-11-15,2018,11,14.406,14.3,14.364159182671852,2018-11-16,SVR,1,2018
2018-11-16,2018,11,14.3,14.238,14.2481196284399,2018-11-17,SVR,1,2018
2018-11-17,2018,11,14.238,14.186,14.218659260488643,2018-11-18,SVR,1,2018
2018-11-18,2018,11,14.186,14.132,14.17446300693978,2018-11-19,SVR,1,2018
2018-11-19,2018,11,14.132,14.078,14.111289951285118,2018-11-20,SVR,1,2018
2018-11-20,2018,11,14.078,14.056,14.05588245583239,2018-11-21,SVR,1,2018
2018-11-21,2018,11,14.056,14.05,14.060183456672329,2018-11-22,SVR,1,2018
2018-11-22,2018,11,14.05,14.072,14.075919214202145,2018-11-23,SVR,1,2018
2018-11-23,2018,11,14.072,14.15,14.120214722366676,2018-11-24,SVR,1,2018
2018-11-24,2018,11,14.15,14.196,14.229911577206863,2018-11-25,SVR,1,2018
2018-11-25,2018,11,14.196,14.154,14.237947757557665,2018-11-26,SVR,1,2018
2018-11-26,2018,11,14.154,14.044,14.143128115158792,2018-11-27,SVR,1,2018
2018-11-27,2018,11,14.044,13.95,13.993761459796033,2018-11-28,SVR,1,2018
2018-11-28,2018,11,13.95,13.88,13.913719937486166,2018-11-29,SVR,1,2018
2018-11-29,2018,11,13.88,13.84,13.861346412225448,2018-11-30,SVR,1,2018
2018-11-30,2018,11,13.84,13.836,13.834812597325133,2018-12-01,SVR,1,2018
2018-12-01,2018,12,13.836,13.798,13.85502938767089,2018-12-02,SVR,1,2018
2018-12-02,2018,12,13.798,13.746,13.79442765853108,2018-12-03,SVR,1,2018
2018-12-03,2018,12,13.746,13.73,13.733202786574038,2018-12-04,SVR,1,2018
2018-12-04,2018,12,13.73,13.676,13.75136590822658,2018-12-05,SVR,1,2018
2018-12-05,2018,12,13.676,13.63,13.67693830334596,2018-12-06,SVR,1,2018
2018-12-06,2018,12,13.63,13.58,13.629674640959955,2018-12-07,SVR,1,2018
2018-12-07,2018,12,13.58,13.57,13.581308298476143,2018-12-08,SVR,1,2018
2018-12-08,2018,12,13.57,13.522,13.599025265415186,2018-12-09,SVR,1,2018
2018-12-09,2018,12,13.522,13.474,13.528640356604832,2018-12-10,SVR,1,2018
2018-12-10,2018,12,13.474,13.456,13.474479584943586,2018-12-11,SVR,1,2018
2018-12-11,2018,12,13.456,13.418,13.483716604022602,2018-12-12,SVR,1,2018
2018-12-12,2018,12,13.418,13.372,13.435824074471098,2018-12-13,SVR,1,2018
2018-12-13,2018,12,13.372,13.34,13.380405348228932,2018-12-14,SVR,1,2018
2018-12-14,2018,12,13.34,13.312,13.36010604315901,2018-12-15,SVR,1,2018
2018-12-15,2018,12,13.312,13.268,13.338524638321681,2018-12-16,SVR,1,2018
2018-12-16,2018,12,13.268,13.246,13.283156855153706,2018-12-17,SVR,1,2018
2018-12-17,2018,12,13.246,13.21,13.275563839235872,2018-12-18,SVR,1,2018
2018-12-18,2018,12,13.21,13.202,13.234709484638094,2018-12-19,SVR,1,2018
2018-12-19,2018,12,13.202,13.16,13.24517843595281,2018-12-20,SVR,1,2018
2018-12-20,2018,12,13.16,13.15,13.183520122357447,2018-12-21,SVR,1,2018
2018-12-21,2018,12,13.15,13.15,13.192337054756875,2018-12-22,SVR,1,2018
2018-12-22,2018,12,13.15,13.14,13.208908700158368,2018-12-23,SVR,1,2018
2018-12-23,2018,12,13.14,13.14,13.190360287630877,2018-12-24,SVR,1,2018
2018-12-24,2018,12,13.14,13.116,13.198418982577698,2018-12-25,SVR,1,2018
2018-12-25,2018,12,13.116,13.11,13.158452789523865,2018-12-26,SVR,1,2018
2018-12-26,2018,12,13.11,13.11,13.164885669176485,2018-12-27,SVR,1,2018
2018-12-27,2018,12,13.11,13.11,13.174087904147338,2018-12-28,SVR,1,2018
2018-12-28,2018,12,13.11,13.1,13.17280612587758,2018-12-29,SVR,1,2018
2018-12-29,2018,12,13.1,13.08,13.154346203195013,2018-12-30,SVR,1,2018
2018-12-30,2018,12,13.08,13.02,13.12599663091266,2018-12-31,SVR,1,2018
2018-12-31,2018,12,13.02,12.982,13.036130304585601,2019-01-01,SVR,1,2018
2019-01-01,2019,1,12.982,12.934,12.95488395655049,2019-01-02,SVR,1,2019
2019-01-02,2019,1,12.934,12.92,12.905726106486783,2019-01-03,SVR,1,2019
2019-01-03,2019,1,12.92,12.902,12.908997876777267,2019-01-04,SVR,1,2019
2019-01-04,2019,1,12.902,12.88,12.891329020722388,2019-01-05,SVR,1,2019
2019-01-05,2019,1,12.88,12.844,12.863609782293414,2019-01-06,SVR,1,2019
2019-01-06,2019,1,12.844,12.814,12.820704074483306,2019-01-07,SVR,1,2019
2019-01-07,2019,1,12.814,12.786,12.795574360675166,2019-01-08,SVR,1,2019
2019-01-08,2019,1,12.786,12.764,12.771493704756764,2019-01-09,SVR,1,2019
2019-01-09,2019,1,12.764,12.736,12.752896857295951,2019-01-10,SVR,1,2019
2019-01-10,2019,1,12.736,12.72,12.72150304334706,2019-01-11,SVR,1,2019
2019-01-11,2019,1,12.72,12.704,12.713521165149176,2019-01-12,SVR,1,2019
2019-01-12,2019,1,12.704,12.676,12.700118762869623,2019-01-13,SVR,1,2019
2019-01-13,2019,1,12.676,12.654,12.663458414714091,2019-01-14,SVR,1,2019
2019-01-14,2019,1,12.654,12.636,12.645981414983844,2019-01-15,SVR,1,2019
2019-01-15,2019,1,12.636,12.604,12.63332277347207,2019-01-16,SVR,1,2019
2019-01-16,2019,1,12.604,12.594,12.59211612059483,2019-01-17,SVR,1,2019
2019-01-17,2019,1,12.594,12.574,12.596445516827798,2019-01-18,SVR,1,2019
2019-01-18,2019,1,12.574,12.57,12.573463056907574,2019-01-19,SVR,1,2019
2019-01-19,2019,1,12.57,12.542,12.57868950206974,2019-01-20,SVR,1,2019
2019-01-20,2019,1,12.542,12.504,12.536845400325046,2019-01-21,SVR,1,2019
2019-01-21,2019,1,12.504,12.486,12.490613248281992,2019-01-22,SVR,1,2019
2019-01-22,2019,1,12.486,12.456,12.489075460979183,2019-01-23,SVR,1,2019
2019-01-23,2019,1,12.456,12.436,12.454073740675009,2019-01-24,SVR,1,2019
2019-01-24,2019,1,12.436,12.408,12.438598924770066,2019-01-25,SVR,1,2019
2019-01-25,2019,1,12.408,12.364,12.408345008839733,2019-01-26,SVR,1,2019
2019-01-26,2019,1,12.364,12.352,12.354366721863537,2019-01-27,SVR,1,2019
2019-01-27,2019,1,12.352,12.35,12.363969708055338,2019-01-28,SVR,1,2019
2019-01-28,2019,1,12.35,12.344,12.374166787984125,2019-01-29,SVR,1,2019
2019-01-29,2019,1,12.344,12.326,12.364131313562595,2019-01-30,SVR,1,2019
2019-01-30,2019,1,12.326,12.32,12.337893577887327,2019-01-31,SVR,1,2019
2019-01-31,2019,1,12.32,12.304,12.34184395499827,2019-02-01,SVR,1,2019
2019-02-01,2019,2,12.304,12.276,12.32262855812451,2019-02-02,SVR,1,2019
2019-02-02,2019,2,12.276,12.264,12.285187566066336,2019-02-03,SVR,1,2019
2019-02-03,2019,2,12.264,12.26,12.285281026049262,2019-02-04,SVR,1,2019
2019-02-04,2019,2,12.26,12.246,12.290485987555643,2019-02-05,SVR,1,2019
2019-02-05,2019,2,12.246,12.234,12.269338119877762,2019-02-06,SVR,1,2019
2019-02-06,2019,2,12.234,12.228,12.258535386535089,2019-02-07,SVR,1,2019
2019-02-07,2019,2,12.228,12.21,12.259453657156262,2019-02-08,SVR,1,2019
2019-02-08,2019,2,12.21,12.208,12.234540365390934,2019-02-09,SVR,1,2019
2019-02-09,2019,2,12.208,12.186,12.243193021972978,2019-02-10,SVR,1,2019
2019-02-10,2019,2,12.186,12.174,12.21059315996383,2019-02-11,SVR,1,2019
2019-02-11,2019,2,12.174,12.166,12.20390098255069,2019-02-12,SVR,1,2019
2019-02-12,2019,2,12.166,12.15,12.202922269952026,2019-02-13,SVR,1,2019
2019-02-13,2019,2,12.15,12.146,12.181595592198525,2019-02-14,SVR,1,2019
2019-02-14,2019,2,12.146,12.142,12.186195855866195,2019-02-15,SVR,1,2019
2019-02-15,2019,2,12.142,12.13,12.185373619565159,2019-02-16,SVR,1,2019
2019-02-16,2019,2,12.13,12.12,12.167700355387028,2019-02-17,SVR,1,2019
2019-02-17,2019,2,12.12,12.12,12.159862705664604,2019-02-18,SVR,1,2019
2019-02-18,2019,2,12.12,12.12,12.168949181110104,2019-02-19,SVR,1,2019
2019-02-19,2019,2,12.12,12.156,12.170957578629354,2019-02-20,SVR,1,2019
2019-02-20,2019,2,12.156,12.17,12.220124837789172,2019-02-21,SVR,1,2019
2019-02-21,2019,2,12.17,12.156,12.215474687834302,2019-02-22,SVR,1,2019
2019-02-22,2019,2,12.156,12.14,12.19174239246709,2019-02-23,SVR,1,2019
2019-02-23,2019,2,12.14,12.144,12.178798437189666,2019-02-24,SVR,1,2019
2019-02-24,2019,2,12.144,12.144,12.200519276646013,2019-02-25,SVR,1,2019
2019-02-25,2019,2,12.144,12.162,12.199176990507192,2019-02-26,SVR,1,2019
2019-02-26,2019,2,12.162,12.212,12.223541446725953,2019-02-27,SVR,1,2019
2019-02-27,2019,2,12.212,12.286,12.283826579095612,2019-02-28,SVR,1,2019
2019-02-28,2019,2,12.286,12.31,12.360330156549118,2019-03-01,SVR,1,2019
2019-03-01,2019,3,12.31,12.28,12.345957111563921,2019-03-02,SVR,1,2019
2019-03-02,2019,3,12.28,12.26,12.299073612062866,2019-03-03,SVR,1,2019
2019-03-03,2019,3,12.26,12.26,12.29555062717155,2019-03-04,SVR,1,2019
2019-03-04,2019,3,12.26,12.27,12.318429720021708,2019-03-05,SVR,1,2019
2019-03-05,2019,3,12.27,12.38,12.33366455953643,2019-03-06,SVR,1,2019
2019-03-06,2019,3,12.38,12.5,12.49281195418773,2019-03-07,SVR,1,2019
2019-03-07,2019,3,12.5,12.6,12.59204945120078,2019-03-08,SVR,1,2019
2019-03-08,2019,3,12.6,12.66,12.668698905540989,2019-03-09,SVR,1,2019
2019-03-09,2019,3,12.66,12.69,12.708344417639532,2019-03-10,SVR,1,2019
2019-03-10,2019,3,12.69,12.65,12.732684527002629,2019-03-11,SVR,1,2019
2019-03-11,2019,3,12.65,12.6,12.653702882169224,2019-03-12,SVR,1,2019
2019-03-12,2019,3,12.6,12.57,12.60237706128129,2019-03-13,SVR,1,2019
2019-03-13,2019,3,12.57,12.56,12.59952825570131,2019-03-14,SVR,1,2019
2019-03-14,2019,3,12.56,12.56,12.609774995561368,2019-03-15,SVR,1,2019
2019-03-15,2019,3,12.56,12.55,12.618194782283512,2019-03-16,SVR,1,2019
2019-03-16,2019,3,12.55,12.53,12.599977904874468,2019-03-17,SVR,1,2019
2019-03-17,2019,3,12.53,12.51,12.573246173267592,2019-03-18,SVR,1,2019
2019-03-18,2019,3,12.51,12.47,12.55578815141789,2019-03-19,SVR,1,2019
2019-03-19,2019,3,12.47,12.44,12.503428269747857,2019-03-20,SVR,1,2019
2019-03-20,2019,3,12.44,12.42,12.480544755975476,2019-03-21,SVR,1,2019
2019-03-21,2019,3,12.42,12.42,12.472507225268904,2019-03-22,SVR,1,2019
2019-03-22,2019,3,12.42,12.414,12.48814082467483,2019-03-23,SVR,1,2019
2019-03-23,2019,3,12.414,12.502,12.479390066674052,2019-03-24,SVR,1,2019
2019-03-24,2019,3,12.502,12.648,12.618518325431744,2019-03-25,SVR,1,2019
2019-03-25,2019,3,12.648,12.748,12.787385887227993,2019-03-26,SVR,1,2019
2019-03-26,2019,3,12.748,12.808,12.827933728888336,2019-03-27,SVR,1,2019
2019-03-27,2019,3,12.808,12.81,12.86738521187044,2019-03-28,SVR,1,2019
2019-03-28,2019,3,12.81,12.814,12.841237829205866,2019-03-29,SVR,1,2019
2019-03-29,2019,3,12.814,12.842,12.871080682731312,2019-03-30,SVR,1,2019
2019-03-30,2019,3,12.842,12.796,12.92137411694127,2019-03-31,SVR,1,2019
2019-03-31,2019,3,12.796,12.79,12.811300836862667,2019-04-01,SVR,1,2019
2019-04-01,2019,4,12.79,12.836,12.841049623121808,2019-04-02,SVR,1,2019
2019-04-02,2019,4,12.836,12.878,12.934064838780847,2019-04-03,SVR,1,2019
2019-04-03,2019,4,12.878,12.946,12.954181439585096,2019-04-04,SVR,1,2019
2019-04-04,2019,4,12.946,12.988,13.0377545292914,2019-04-05,SVR,1,2019
2019-04-05,2019,4,12.988,12.99,13.052879950478227,2019-04-06,SVR,1,2019
2019-04-06,2019,4,12.99,13.034,13.032716284845538,2019-04-07,SVR,1,2019
2019-04-07,2019,4,13.034,13.046,13.123476147330742,2019-04-08,SVR,1,2019
2019-04-08,2019,4,13.046,13.158,13.102463633104088,2019-04-09,SVR,1,2019
2019-04-09,2019,4,13.158,13.33,13.304177370554074,2019-04-10,SVR,1,2019
2019-04-10,2019,4,13.33,13.458,13.51665615487099,2019-04-11,SVR,1,2019
2019-04-11,2019,4,13.458,13.464,13.571023229597143,2019-04-12,SVR,1,2019
2019-04-12,2019,4,13.464,13.394,13.454203247452531,2019-04-13,SVR,1,2019
2019-04-13,2019,4,13.394,13.32,13.35705572857311,2019-04-14,SVR,1,2019
2019-04-14,2019,4,13.32,13.294,13.309171416201485,2019-04-15,SVR,1,2019
2019-04-15,2019,4,13.294,13.292,13.334760018180612,2019-04-16,SVR,1,2019
2019-04-16,2019,4,13.292,13.348,13.35919741691724,2019-04-17,SVR,1,2019
2019-04-17,2019,4,13.348,13.352,13.451460815551252,2019-04-18,SVR,1,2019
2019-04-18,2019,4,13.352,13.362,13.401724464059889,2019-04-19,SVR,1,2019
2019-04-19,2019,4,13.362,13.4,13.430059389980109,2019-04-20,SVR,1,2019
2019-04-20,2019,4,13.4,13.462,13.491090880032322,2019-04-21,SVR,1,2019
2019-04-21,2019,4,13.462,13.514,13.560300846782189,2019-04-22,SVR,1,2019
2019-04-22,2019,4,13.514,13.54,13.590648617690045,2019-04-23,SVR,1,2019
2019-04-23,2019,4,13.54,13.562,13.593999087606363,2019-04-24,SVR,1,2019
2019-04-24,2019,4,13.562,13.628,13.625384680755069,2019-04-25,SVR,1,2019
2019-04-25,2019,4,13.628,13.786,13.733500641178079,2019-04-26,SVR,1,2019
2019-04-26,2019,4,13.786,13.992,13.979188073897594,2019-04-27,SVR,1,2019
2019-04-27,2019,4,13.992,13.92,14.20744780172168,2019-04-28,SVR,1,2019
2019-04-28,2019,4,13.92,13.904,13.802091069926027,2019-04-29,SVR,1,2019
2019-04-29,2019,4,13.904,13.862,13.901970491932474,2019-04-30,SVR,1,2019
2019-04-30,2019,4,13.862,13.824,13.887434305583938,2019-05-01,SVR,1,2019
2019-05-01,2019,5,13.824,13.908,13.844756575549741,2019-05-02,SVR,1,2019
2019-05-02,2019,5,13.908,14.162,14.044632823386731,2019-05-03,SVR,1,2019
2019-05-03,2019,5,14.162,14.46,14.449532450819923,2019-05-04,SVR,1,2019
2019-05-04,2019,5,14.46,14.72,14.705325881698595,2019-05-05,SVR,1,2019
2019-05-05,2019,5,14.72,15.0,14.906844494023359,2019-05-06,SVR,1,2019
2019-05-06,2019,5,15.0,15.5,15.205994873106864,2019-05-07,SVR,1,2019
2019-05-07,2019,5,15.5,15.932,15.781898457823191,2019-05-08,SVR,1,2019
2019-05-08,2019,5,15.932,16.124,16.070376989868976,2019-05-09,SVR,1,2019
2019-05-09,2019,5,16.124,16.268,16.012617166589624,2019-05-10,SVR,1,2019
2019-05-10,2019,5,16.268,16.364,16.226047122239162,2019-05-11,SVR,1,2019
2019-05-11,2019,5,16.364,16.478,16.368492482125543,2019-05-12,SVR,1,2019
2019-05-12,2019,5,16.478,16.496,16.516981405626275,2019-05-13,SVR,1,2019
2019-05-13,2019,5,16.496,16.356,16.439173397748096,2019-05-14,SVR,1,2019
2019-05-14,2019,5,16.356,16.252,16.21751078506679,2019-05-15,SVR,1,2019
2019-05-15,2019,5,16.252,16.37,16.20954033855103,2019-05-16,SVR,1,2019
2019-05-16,2019,5,16.37,16.72,16.564644519131388,2019-05-17,SVR,1,2019
2019-05-17,2019,5,16.72,17.118,17.054272506229662,2019-05-18,SVR,1,2019
2019-05-18,2019,5,17.118,17.306,17.365170814348765,2019-05-19,SVR,1,2019
2019-05-19,2019,5,17.306,17.172,17.392586091023574,2019-05-20,SVR,1,2019
2019-05-20,2019,5,17.172,16.902,16.968060273329428,2019-05-21,SVR,1,2019
2019-05-21,2019,5,16.902,16.704,16.666163477026664,2019-05-22,SVR,1,2019
2019-05-22,2019,5,16.704,16.56,16.57954095987591,2019-05-23,SVR,1,2019
2019-05-23,2019,5,16.56,16.438,16.520849684871465,2019-05-24,SVR,1,2019
2019-05-24,2019,5,16.438,16.476,16.373959695434717,2019-05-25,SVR,1,2019
2019-05-25,2019,5,16.476,16.62,16.537642443737322,2019-05-26,SVR,1,2019
2019-05-26,2019,5,16.62,16.742,16.735981193807383,2019-05-27,SVR,1,2019
2019-05-27,2019,5,16.742,16.706,16.82108062348215,2019-05-28,SVR,1,2019
2019-05-28,2019,5,16.706,16.64,16.65077459875576,2019-05-29,SVR,1,2019
2019-05-29,2019,5,16.64,16.544,16.599274245944667,2019-05-30,SVR,1,2019
2019-05-30,2019,5,16.544,16.56,16.52036163916491,2019-05-31,SVR,1,2019
2019-05-31,2019,5,16.56,16.58,16.64007785615133,2019-06-01,SVR,1,2019
2019-06-01,2019,6,16.58,16.576,16.65015960152247,2019-06-02,SVR,1,2019
2019-06-02,2019,6,16.576,16.548,16.598400034174745,2019-06-03,SVR,1,2019
2019-06-03,2019,6,16.548,16.422,16.560068122617604,2019-06-04,SVR,1,2019
2019-06-04,2019,6,16.422,16.222,16.371946797395488,2019-06-05,SVR,1,2019
2019-06-05,2019,6,16.222,16.152,16.12139559832224,2019-06-06,SVR,1,2019
2019-06-06,2019,6,16.152,16.03,16.12171355867929,2019-06-07,SVR,1,2019
2019-06-07,2019,6,16.03,15.9,15.988139467682775,2019-06-08,SVR,1,2019
2019-06-08,2019,6,15.9,15.832,15.818374816862768,2019-06-09,SVR,1,2019
2019-06-09,2019,6,15.832,15.784,15.804068657739231,2019-06-10,SVR,1,2019
2019-06-10,2019,6,15.784,15.89,15.790779129651561,2019-06-11,SVR,1,2019
2019-06-11,2019,6,15.89,15.942,16.029119566114097,2019-06-12,SVR,1,2019
2019-06-12,2019,6,15.942,15.982,16.011682412874467,2019-06-13,SVR,1,2019
2019-06-13,2019,6,15.982,16.136,16.05306211774044,2019-06-14,SVR,1,2019
2019-06-14,2019,6,16.136,16.408,16.348553091050757,2019-06-15,SVR,1,2019
2019-06-15,2019,6,16.408,16.744,16.726442375637795,2019-06-16,SVR,1,2019
2019-06-16,2019,6,16.744,16.956,17.07192676055343,2019-06-17,SVR,1,2019
2019-06-17,2019,6,16.956,16.99,17.134079230884716,2019-06-18,SVR,1,2019
2019-06-18,2019,6,16.99,17.012,16.986738772937347,2019-06-19,SVR,1,2019
2019-06-19,2019,6,17.012,17.15,17.029099974185538,2019-06-20,SVR,1,2019
2019-06-20,2019,6,17.15,17.032,17.318770059835494,2019-06-21,SVR,1,2019
2019-06-21,2019,6,17.032,17.266,16.892673898798694,2019-06-22,SVR,1,2019
2019-06-22,2019,6,17.266,17.604,17.57246474000354,2019-06-23,SVR,1,2019
2019-06-23,2019,6,17.604,17.718,17.903100118110515,2019-06-24,SVR,1,2019
2019-06-24,2019,6,17.718,17.672,17.79248395814565,2019-06-25,SVR,1,2019
2019-06-25,2019,6,17.672,17.522,17.598325653132356,2019-06-26,SVR,1,2019
2019-06-26,2019,6,17.522,17.914,17.413025519960577,2019-06-27,SVR,1,2019
2019-06-27,2019,6,17.914,18.242,18.325875658017903,2019-06-28,SVR,1,2019
2019-06-28,2019,6,18.242,18.308,18.40544516882247,2019-06-29,SVR,1,2019
2019-06-29,2019,6,18.308,18.404,18.331614530432702,2019-06-30,SVR,1,2019
2019-06-30,2019,6,18.404,18.428,18.51806343744958,2019-07-01,SVR,1,2019
2019-07-01,2019,7,18.428,18.54,18.464295004297544,2019-07-02,SVR,1,2019
2019-07-02,2019,7,18.54,18.66,18.66178367690157,2019-07-03,SVR,1,2019
2019-07-03,2019,7,18.66,18.656,18.73772373820497,2019-07-04,SVR,1,2019
2019-07-04,2019,7,18.656,18.486,18.62458410231432,2019-07-05,SVR,1,2019
2019-07-05,2019,7,18.486,18.284,18.37815724418678,2019-07-06,SVR,1,2019
2019-07-06,2019,7,18.284,18.162,18.17358501410887,2019-07-07,SVR,1,2019
2019-07-07,2019,7,18.162,18.224,18.117458984406174,2019-07-08,SVR,1,2019
2019-07-08,2019,7,18.224,18.354,18.325388309164357,2019-07-09,SVR,1,2019
2019-07-09,2019,7,18.354,18.658,18.470390761340493,2019-07-10,SVR,1,2019
2019-07-10,2019,7,18.658,18.998,18.868746831398973,2019-07-11,SVR,1,2019
2019-07-11,2019,7,18.998,19.434,19.192809377372573,2019-07-12,SVR,1,2019
2019-07-12,2019,7,19.434,19.956,19.74286450244621,2019-07-13,SVR,1,2019
2019-07-13,2019,7,19.956,20.352,20.294847692316047,2019-07-14,SVR,1,2019
2019-07-14,2019,7,20.352,20.718,20.48410610672877,2019-07-15,SVR,1,2019
2019-07-15,2019,7,20.718,20.918,20.74391536044866,2019-07-16,SVR,1,2019
2019-07-16,2019,7,20.918,21.108,20.892697165389926,2019-07-17,SVR,1,2019
2019-07-17,2019,7,21.108,21.156,21.070184950863545,2019-07-18,SVR,1,2019
2019-07-18,2019,7,21.156,21.07,21.03575890457536,2019-07-19,SVR,1,2019
2019-07-19,2019,7,21.07,20.834,20.860434897748153,2019-07-20,SVR,1,2019
2019-07-20,2019,7,20.834,20.548,20.50227227474606,2019-07-21,SVR,1,2019
2019-07-21,2019,7,20.548,20.16,20.22812921141156,2019-07-22,SVR,1,2019
2019-07-22,2019,7,20.16,19.898,19.889342353782162,2019-07-23,SVR,1,2019
2019-07-23,2019,7,19.898,19.872,19.758956058049275,2019-07-24,SVR,1,2019
2019-07-24,2019,7,19.872,19.988,19.85054412440092,2019-07-25,SVR,1,2019
2019-07-25,2019,7,19.988,20.028,19.943629135511124,2019-07-26,SVR,1,2019
2019-07-26,2019,7,20.028,19.842,19.991807840760366,2019-07-27,SVR,1,2019
2019-07-27,2019,7,19.842,19.682,19.721523344738447,2019-07-28,SVR,1,2019
2019-07-28,2019,7,19.682,19.574,19.54067185504486,2019-07-29,SVR,1,2019
2019-07-29,2019,7,19.574,19.458,19.4830039871099,2019-07-30,SVR,1,2019
2019-07-30,2019,7,19.458,19.27,19.373793197219822,2019-07-31,SVR,1,2019
2019-07-31,2019,7,19.27,19.074,19.134944822327206,2019-08-01,SVR,1,2019
2019-08-01,2019,8,19.074,18.96,18.929960137414323,2019-08-02,SVR,1,2019
2019-08-02,2019,8,18.96,18.936,18.870641158393042,2019-08-03,SVR,1,2019
2019-08-03,2019,8,18.936,18.932,18.920008068072462,2019-08-04,SVR,1,2019
2019-08-04,2019,8,18.932,18.924,18.93221686735131,2019-08-05,SVR,1,2019
2019-08-05,2019,8,18.924,18.916,18.924688170183607,2019-08-06,SVR,1,2019
2019-08-06,2019,8,18.916,18.872,18.920964559582483,2019-08-07,SVR,1,2019
2019-08-07,2019,8,18.872,18.832,18.85873408826725,2019-08-08,SVR,1,2019
2019-08-08,2019,8,18.832,18.76,18.82391565788383,2019-08-09,SVR,1,2019
2019-08-09,2019,8,18.76,18.718,18.730846871116587,2019-08-10,SVR,1,2019
2019-08-10,2019,8,18.718,18.65,18.71306476486588,2019-08-11,SVR,1,2019
2019-08-11,2019,8,18.65,18.512,18.627455117702734,2019-08-12,SVR,1,2019
2019-08-12,2019,8,18.512,18.456,18.42672777331613,2019-08-13,SVR,1,2019
2019-08-13,2019,8,18.456,18.366,18.434836528114978,2019-08-14,SVR,1,2019
2019-08-14,2019,8,18.366,18.306,18.331776452206714,2019-08-15,SVR,1,2019
2019-08-15,2019,8,18.306,18.292,18.287180825343338,2019-08-16,SVR,1,2019
2019-08-16,2019,8,18.292,18.188,18.318047571812475,2019-08-17,SVR,1,2019
2019-08-17,2019,8,18.188,18.132,18.13671062618736,2019-08-18,SVR,1,2019
2019-08-18,2019,8,18.132,18.138,18.108403414895342,2019-08-19,SVR,1,2019
2019-08-19,2019,8,18.138,18.108,18.183886634598892,2019-08-20,SVR,1,2019
2019-08-20,2019,8,18.108,18.036,18.114863571716633,2019-08-21,SVR,1,2019
2019-08-21,2019,8,18.036,17.972,18.004232282715765,2019-08-22,SVR,1,2019
2019-08-22,2019,8,17.972,17.832,17.950563142194216,2019-08-23,SVR,1,2019
2019-08-23,2019,8,17.832,17.728,17.738955104143038,2019-08-24,SVR,1,2019
2019-08-24,2019,8,17.728,17.62,17.65974697872455,2019-08-25,SVR,1,2019
2019-08-25,2019,8,17.62,17.682,17.569280381544424,2019-08-26,SVR,1,2019
2019-08-26,2019,8,17.682,17.58,17.788118125638494,2019-08-27,SVR,1,2019
2019-08-27,2019,8,17.58,17.418,17.5352799522204,2019-08-28,SVR,1,2019
2019-08-28,2019,8,17.418,17.314,17.293495700811242,2019-08-29,SVR,1,2019
2019-08-29,2019,8,17.314,17.15,17.23458257701092,2019-08-30,SVR,1,2019
2019-08-30,2019,8,17.15,16.992,17.04240793915947,2019-08-31,SVR,1,2019
2019-08-31,2019,8,16.992,16.926,16.875875140268697,2019-09-01,SVR,1,2019
2019-09-01,2019,9,16.926,16.916,16.915273587515333,2019-09-02,SVR,1,2019
2019-09-02,2019,9,16.916,16.888,16.96978973741937,2019-09-03,SVR,1,2019
2019-09-03,2019,9,16.888,16.816,16.917204710909445,2019-09-04,SVR,1,2019
2019-09-04,2019,9,16.816,16.794,16.79706158227456,2019-09-05,SVR,1,2019
2019-09-05,2019,9,16.794,16.848,16.820836646522785,2019-09-06,SVR,1,2019
2019-09-06,2019,9,16.848,16.85,16.95411450995461,2019-09-07,SVR,1,2019
2019-09-07,2019,9,16.85,16.852,16.889738404890217,2019-09-08,SVR,1,2019
2019-09-08,2019,9,16.852,16.93,16.89137958491613,2019-09-09,SVR,1,2019
2019-09-09,2019,9,16.93,16.982,17.049667128106226,2019-09-10,SVR,1,2019
2019-09-10,2019,9,16.982,17.002,17.06215704946279,2019-09-11,SVR,1,2019
2019-09-11,2019,9,17.002,17.028,17.047043888851878,2019-09-12,SVR,1,2019
2019-09-12,2019,9,17.028,17.14,17.088228964904374,2019-09-13,SVR,1,2019
2019-09-13,2019,9,17.14,17.408,17.287652000671212,2019-09-14,SVR,1,2019
2019-09-14,2019,9,17.408,17.814,17.653077655495768,2019-09-15,SVR,1,2019
2019-09-15,2019,9,17.814,18.138,18.100757628818315,2019-09-16,SVR,1,2019
2019-09-16,2019,9,18.138,18.27,18.366973263211577,2019-09-17,SVR,1,2019
2019-09-17,2019,9,18.27,18.372,18.377802437249603,2019-09-18,SVR,1,2019
2019-09-18,2019,9,18.372,18.598,18.462296129558496,2019-09-19,SVR,1,2019
2019-09-19,2019,9,18.598,18.67,18.751289678613098,2019-09-20,SVR,1,2019
2019-09-20,2019,9,18.67,18.716,18.647048131423848,2019-09-21,SVR,1,2019
2019-09-21,2019,9,18.716,18.778,18.716428416302044,2019-09-22,SVR,1,2019
2019-09-22,2019,9,18.778,18.808,18.81988404405299,2019-09-23,SVR,1,2019
2019-09-23,2019,9,18.808,18.73,18.820551559150367,2019-09-24,SVR,1,2019
2019-09-24,2019,9,18.73,18.614,18.631980648090952,2019-09-25,SVR,1,2019
2019-09-25,2019,9,18.614,18.608,18.48001862700905,2019-09-26,SVR,1,2019
2019-09-26,2019,9,18.608,18.7,18.604676086468803,2019-09-27,SVR,1,2019
2019-09-27,2019,9,18.7,18.646,18.782215071155495,2019-09-28,SVR,1,2019
2019-09-28,2019,9,18.646,18.524,18.567980880056048,2019-09-29,SVR,1,2019
2019-09-29,2019,9,18.524,18.51,18.377385110287957,2019-09-30,SVR,1,2019
2019-09-30,2019,9,18.51,18.632,18.483742500570642,2019-10-01,SVR,1,2019
2019-10-01,2019,10,18.632,18.482,18.734256585979022,2019-10-02,SVR,1,2019
2019-10-02,2019,10,18.482,18.24,18.299958641667484,2019-10-03,SVR,1,2019
2019-10-03,2019,10,18.24,18.024,17.95466861762381,2019-10-04,SVR,1,2019
2019-10-04,2019,10,18.024,17.814,17.765606991034478,2019-10-05,SVR,1,2019
2019-10-05,2019,10,17.814,17.632,17.597374876663554,2019-10-06,SVR,1,2019
2019-10-06,2019,10,17.632,17.446,17.466250718206066,2019-10-07,SVR,1,2019
2019-10-07,2019,10,17.446,17.32,17.300862188556223,2019-10-08,SVR,1,2019
2019-10-08,2019,10,17.32,17.244,17.192992902353303,2019-10-09,SVR,1,2019
2019-10-09,2019,10,17.244,17.192,17.16841415416747,2019-10-10,SVR,1,2019
2019-10-10,2019,10,17.192,17.094,17.148966323775834,2019-10-11,SVR,1,2019
2019-10-11,2019,10,17.094,16.95,16.998047822423306,2019-10-12,SVR,1,2019
2019-10-12,2019,10,16.95,16.83,16.7939779665726,2019-10-13,SVR,1,2019
2019-10-13,2019,10,16.83,16.81,16.689251946105674,2019-10-14,SVR,1,2019
2019-10-14,2019,10,16.81,16.852,16.79618553694906,2019-10-15,SVR,1,2019
2019-10-15,2019,10,16.852,16.874,16.91127175379137,2019-10-16,SVR,1,2019
2019-10-16,2019,10,16.874,16.826,16.881355285308455,2019-10-17,SVR,1,2019
2019-10-17,2019,10,16.826,16.66,16.756682124622493,2019-10-18,SVR,1,2019
2019-10-18,2019,10,16.66,16.422,16.48049662852186,2019-10-19,SVR,1,2019
2019-10-19,2019,10,16.422,16.202,16.208685772980758,2019-10-20,SVR,1,2019
2019-10-20,2019,10,16.202,16.042,16.014836291170024,2019-10-21,SVR,1,2019
2019-10-21,2019,10,16.042,15.882,15.904359586548342,2019-10-22,SVR,1,2019
2019-10-22,2019,10,15.882,15.73,15.755379724182934,2019-10-23,SVR,1,2019
2019-10-23,2019,10,15.73,15.62,15.597165818045603,2019-10-24,SVR,1,2019
2019-10-24,2019,10,15.62,15.532,15.50448286089871,2019-10-25,SVR,1,2019
2019-10-25,2019,10,15.532,15.518,15.439321429412836,2019-10-26,SVR,1,2019
2019-10-26,2019,10,15.518,15.466,15.496651981437973,2019-10-27,SVR,1,2019
2019-10-27,2019,10,15.466,15.538,15.427651920627733,2019-10-28,SVR,1,2019
2019-10-28,2019,10,15.538,15.614,15.604380927446654,2019-10-29,SVR,1,2019
2019-10-29,2019,10,15.614,15.676,15.664814099277137,2019-10-30,SVR,1,2019
2019-10-30,2019,10,15.676,15.646,15.705707387748681,2019-10-31,SVR,1,2019
2019-10-31,2019,10,15.646,15.642,15.61245299158772,2019-11-01,SVR,1,2019
2019-11-01,2019,11,15.642,15.702,15.64931797658163,2019-11-02,SVR,1,2019
2019-11-02,2019,11,15.702,15.664,15.768314247618337,2019-11-03,SVR,1,2019
2019-11-03,2019,11,15.664,15.57,15.628230263454013,2019-11-04,SVR,1,2019
2019-11-04,2019,11,15.57,15.4,15.490989579024458,2019-11-05,SVR,1,2019
2019-11-05,2019,11,15.4,15.264,15.293404295528834,2019-11-06,SVR,1,2019
2019-11-06,2019,11,15.264,15.17,15.16688601098351,2019-11-07,SVR,1,2019
2019-11-07,2019,11,15.17,15.072,15.104591011282992,2019-11-08,SVR,1,2019
2019-11-08,2019,11,15.072,14.98,14.9970521346048,2019-11-09,SVR,1,2019
2019-11-09,2019,11,14.98,14.892,14.897023790998022,2019-11-10,SVR,1,2019
2019-11-10,2019,11,14.892,14.83,14.813828658611977,2019-11-11,SVR,1,2019
2019-11-11,2019,11,14.83,14.728,14.772715285272426,2019-11-12,SVR,1,2019
2019-11-12,2019,11,14.728,14.64,14.656122417908058,2019-11-13,SVR,1,2019
2019-11-13,2019,11,14.64,14.58,14.573919001349001,2019-11-14,SVR,1,2019
2019-11-14,2019,11,14.58,14.522,14.537664754376882,2019-11-15,SVR,1,2019
2019-11-15,2019,11,14.522,14.476,14.482822003986364,2019-11-16,SVR,1,2019
2019-11-16,2019,11,14.476,14.422,14.443693412869726,2019-11-17,SVR,1,2019
2019-11-17,2019,11,14.422,14.382,14.387772262942985,2019-11-18,SVR,1,2019
2019-11-18,2019,11,14.382,14.352,14.358482320203219,2019-11-19,SVR,1,2019
2019-11-19,2019,11,14.352,14.288,14.339680062141229,2019-11-20,SVR,1,2019
2019-11-20,2019,11,14.288,14.256,14.253135350058272,2019-11-21,SVR,1,2019
2019-11-21,2019,11,14.256,14.222,14.240107723946222,2019-11-22,SVR,1,2019
2019-11-22,2019,11,14.222,14.19,14.209997862019442,2019-11-23,SVR,1,2019
2019-11-23,2019,11,14.19,14.18,14.175233390104506,2019-11-24,SVR,1,2019
2019-11-24,2019,11,14.18,14.18,14.181763499225392,2019-11-25,SVR,1,2019
2019-11-25,2019,11,14.18,14.17,14.190761388950857,2019-11-26,SVR,1,2019
2019-11-26,2019,11,14.17,14.16,14.172403493223863,2019-11-27,SVR,1,2019
2019-11-27,2019,11,14.16,14.106,14.162755090681298,2019-11-28,SVR,1,2019
2019-11-28,2019,11,14.106,14.04,14.078590846450357,2019-11-29,SVR,1,2019
2019-11-29,2019,11,14.04,13.992,14.003790641721176,2019-11-30,SVR,1,2019
2019-11-30,2019,11,13.992,13.938,13.968828651894603,2019-12-01,SVR,1,2019
2019-12-01,2019,12,13.938,13.89,13.908956085560174,2019-12-02,SVR,1,2019
2019-12-02,2019,12,13.89,13.862,13.858784836966302,2019-12-03,SVR,1,2019
2019-12-03,2019,12,13.862,13.824,13.84279149317224,2019-12-04,SVR,1,2019
2019-12-04,2019,12,13.824,13.806,13.79847928778649,2019-12-05,SVR,1,2019
2019-12-05,2019,12,13.806,13.768,13.792662709524548,2019-12-06,SVR,1,2019
2019-12-06,2019,12,13.768,13.746,13.74389581229437,2019-12-07,SVR,1,2019
2019-12-07,2019,12,13.746,13.714,13.730814487165416,2019-12-08,SVR,1,2019
2019-12-08,2019,12,13.714,13.688,13.69515078409352,2019-12-09,SVR,1,2019
2019-12-09,2019,12,13.688,13.652,13.670725205211788,2019-12-10,SVR,1,2019
2019-12-10,2019,12,13.652,13.616,13.62900414854982,2019-12-11,SVR,1,2019
2019-12-11,2019,12,13.616,13.568,13.591312261038304,2019-12-12,SVR,1,2019
2019-12-12,2019,12,13.568,13.546,13.536358928682676,2019-12-13,SVR,1,2019
2019-12-13,2019,12,13.546,13.514,13.529555913387762,2019-12-14,SVR,1,2019
2019-12-14,2019,12,13.514,13.49,13.492451497726853,2019-12-15,SVR,1,2019
2019-12-15,2019,12,13.49,13.446,13.470223932104753,2019-12-16,SVR,1,2019
2019-12-16,2019,12,13.446,13.412,13.414808565703995,2019-12-17,SVR,1,2019
2019-12-17,2019,12,13.412,13.386,13.38585301504405,2019-12-18,SVR,1,2019
2019-12-18,2019,12,13.386,13.352,13.367690455389587,2019-12-19,SVR,1,2019
2019-12-19,2019,12,13.352,13.33,13.3267833280727,2019-12-20,SVR,1,2019
2019-12-20,2019,12,13.33,13.296,13.311558648452335,2019-12-21,SVR,1,2019
2019-12-21,2019,12,13.296,13.274,13.271016778992955,2019-12-22,SVR,1,2019
2019-12-22,2019,12,13.274,13.256,13.255682617518344,2019-12-23,SVR,1,2019
2019-12-23,2019,12,13.256,13.24,13.24261902600899,2019-12-24,SVR,1,2019
2019-12-24,2019,12,13.24,13.226,13.227081456704173,2019-12-25,SVR,1,2019
2019-12-25,2019,12,13.226,13.22,13.214782042970599,2019-12-26,SVR,1,2019
2019-12-26,2019,12,13.22,13.208,13.21517574847647,2019-12-27,SVR,1,2019
2019-12-27,2019,12,13.208,13.158,13.199633484159325,2019-12-28,SVR,1,2019
2019-12-28,2019,12,13.158,13.146,13.121965052738295,2019-12-29,SVR,1,2019
2019-12-29,2019,12,13.146,13.126,13.13483751600077,2019-12-30,SVR,1,2019
2019-12-30,2019,12,13.126,13.104,13.115361753564633,2019-12-31,SVR,1,2019
2019-12-31,2019,12,13.104,13.086,13.086624830573934,2020-01-01,SVR,1,2019
