Date,Year,Month,WL,y_true,y_pred,Target_Date,Model,Horizon,Fold_Year
2008-01-08,2008,1,13.76,13.57,13.02688668165933,2008-01-22,Ridge,14,2008
2008-01-09,2008,1,13.74,13.56,13.010488034876674,2008-01-23,Ridge,14,2008
2008-01-10,2008,1,13.73,13.56,13.019249161987,2008-01-24,Ridge,14,2008
2008-01-11,2008,1,13.72,13.55,13.016091794027979,2008-01-25,Ridge,14,2008
2008-01-12,2008,1,13.71,13.55,13.012147322294283,2008-01-26,Ridge,14,2008
2008-01-13,2008,1,13.699,13.55,13.00583627757351,2008-01-27,Ridge,14,2008
2008-01-14,2008,1,13.67,13.58,12.968536530849109,2008-01-28,Ridge,14,2008
2008-01-15,2008,1,13.65,13.62,12.968636535768892,2008-01-29,Ridge,14,2008
2008-01-16,2008,1,13.63,13.66,12.960677179102625,2008-01-30,Ridge,14,2008
2008-01-17,2008,1,13.62,13.67,12.967110978700267,2008-01-31,Ridge,14,2008
2008-01-18,2008,1,13.61,13.66,12.966245792123996,2008-02-01,Ridge,14,2008
2008-01-19,2008,1,13.6,13.63,12.96299499195311,2008-02-02,Ridge,14,2008
2008-01-20,2008,1,13.59,13.61,12.96650709923445,2008-02-03,Ridge,14,2008
2008-01-21,2008,1,13.58,13.61,12.967910313485223,2008-02-04,Ridge,14,2008
2008-01-22,2008,1,13.57,13.61,12.970045505279211,2008-02-05,Ridge,14,2008
2008-01-23,2008,1,13.56,13.62,12.970280380194716,2008-02-06,Ridge,14,2008
2008-01-24,2008,1,13.56,13.63,12.989506686445383,2008-02-07,Ridge,14,2008
2008-01-25,2008,1,13.55,13.62,12.980190020457547,2008-02-08,Ridge,14,2008
2008-01-26,2008,1,13.55,13.59,12.998738891474746,2008-02-09,Ridge,14,2008
2008-01-27,2008,1,13.55,13.57,13.011310402904387,2008-02-10,Ridge,14,2008
2008-01-28,2008,1,13.58,13.55,13.054499678638681,2008-02-11,Ridge,14,2008
2008-01-29,2008,1,13.62,13.52,13.07088543095688,2008-02-12,Ridge,14,2008
2008-01-30,2008,1,13.66,13.5,13.083307000151201,2008-02-13,Ridge,14,2008
2008-01-31,2008,1,13.67,13.47,13.07317252883591,2008-02-14,Ridge,14,2008
2008-02-01,2008,2,13.66,13.46,13.07262041564729,2008-02-15,Ridge,14,2008
2008-02-02,2008,2,13.63,13.45,13.04780259332072,2008-02-16,Ridge,14,2008
2008-02-03,2008,2,13.61,13.44,13.066295165757271,2008-02-17,Ridge,14,2008
2008-02-04,2008,2,13.61,13.47,13.111203384804975,2008-02-18,Ridge,14,2008
2008-02-05,2008,2,13.61,13.51,13.126665676896872,2008-02-19,Ridge,14,2008
2008-02-06,2008,2,13.62,13.53,13.150038190512733,2008-02-20,Ridge,14,2008
2008-02-07,2008,2,13.63,13.54,13.167951741494388,2008-02-21,Ridge,14,2008
2008-02-08,2008,2,13.62,13.53,13.163893117105754,2008-02-22,Ridge,14,2008
2008-02-09,2008,2,13.59,13.51,13.13307414889919,2008-02-23,Ridge,14,2008
2008-02-10,2008,2,13.57,13.48,13.144298213824905,2008-02-24,Ridge,14,2008
2008-02-11,2008,2,13.55,13.45,13.146056825998697,2008-02-25,Ridge,14,2008
2008-02-12,2008,2,13.52,13.44,13.125612946706967,2008-02-26,Ridge,14,2008
2008-02-13,2008,2,13.5,13.43,13.1370947137092,2008-02-27,Ridge,14,2008
2008-02-14,2008,2,13.47,13.43,13.122034919321159,2008-02-28,Ridge,14,2008
2008-02-15,2008,2,13.46,13.43,13.1568244798222,2008-02-29,Ridge,14,2008
2008-02-16,2008,2,13.45,13.42,13.173641818429788,2008-03-01,Ridge,14,2008
2008-02-17,2008,2,13.44,13.41,13.183973480878318,2008-03-02,Ridge,14,2008
2008-02-18,2008,2,13.47,13.4,13.2614449530961,2008-03-03,Ridge,14,2008
2008-02-19,2008,2,13.51,13.41,13.29872283740463,2008-03-04,Ridge,14,2008
2008-02-20,2008,2,13.53,13.4,13.296928749534509,2008-03-05,Ridge,14,2008
2008-02-21,2008,2,13.54,13.43,13.317960868575321,2008-03-06,Ridge,14,2008
2008-02-22,2008,2,13.53,13.46,13.31964414557747,2008-03-07,Ridge,14,2008
2008-02-23,2008,2,13.51,13.45,13.316903436177505,2008-03-08,Ridge,14,2008
2008-02-24,2008,2,13.48,13.44,13.316749391507502,2008-03-09,Ridge,14,2008
2008-02-25,2008,2,13.45,13.42,13.318969478212665,2008-03-10,Ridge,14,2008
2008-02-26,2008,2,13.44,13.4,13.35632371078386,2008-03-11,Ridge,14,2008
2008-02-27,2008,2,13.43,13.39,13.371181271998305,2008-03-12,Ridge,14,2008
2008-02-28,2008,2,13.43,13.39,13.40241110191421,2008-03-13,Ridge,14,2008
2008-02-29,2008,2,13.43,13.39,13.429741293144982,2008-03-14,Ridge,14,2008
2008-03-01,2008,3,13.42,13.39,13.437305540523544,2008-03-15,Ridge,14,2008
2008-03-02,2008,3,13.41,13.39,13.45870466086001,2008-03-16,Ridge,14,2008
2008-03-03,2008,3,13.4,13.4,13.476681390507292,2008-03-17,Ridge,14,2008
2008-03-04,2008,3,13.41,13.42,13.527341750466901,2008-03-18,Ridge,14,2008
2008-03-05,2008,3,13.4,13.44,13.52303015807479,2008-03-19,Ridge,14,2008
2008-03-06,2008,3,13.43,13.46,13.596770745109627,2008-03-20,Ridge,14,2008
2008-03-07,2008,3,13.46,13.54,13.618664285163963,2008-03-21,Ridge,14,2008
2008-03-08,2008,3,13.45,13.66,13.599042367342918,2008-03-22,Ridge,14,2008
2008-03-09,2008,3,13.44,13.81,13.626381270135294,2008-03-23,Ridge,14,2008
2008-03-10,2008,3,13.42,13.91,13.632502785182973,2008-03-24,Ridge,14,2008
2008-03-11,2008,3,13.4,13.93,13.642314665717004,2008-03-25,Ridge,14,2008
2008-03-12,2008,3,13.39,13.93,13.675702147777727,2008-03-26,Ridge,14,2008
2008-03-13,2008,3,13.39,13.92,13.714058193475513,2008-03-27,Ridge,14,2008
2008-03-14,2008,3,13.39,13.94,13.741174565191624,2008-03-28,Ridge,14,2008
2008-03-15,2008,3,13.39,13.98,13.76777284221741,2008-03-29,Ridge,14,2008
2008-03-16,2008,3,13.39,14.05,13.798195096466598,2008-03-30,Ridge,14,2008
2008-03-17,2008,3,13.4,14.07,13.84131873876825,2008-03-31,Ridge,14,2008
2008-03-18,2008,3,13.42,14.09,13.875765843013465,2008-04-01,Ridge,14,2008
2008-03-19,2008,3,13.44,14.15,13.902883233483129,2008-04-02,Ridge,14,2008
2008-03-20,2008,3,13.46,14.2,13.934126491046303,2008-04-03,Ridge,14,2008
2008-03-21,2008,3,13.54,14.31,14.023927767978858,2008-04-04,Ridge,14,2008
2008-03-22,2008,3,13.66,14.53,14.09143582656601,2008-04-05,Ridge,14,2008
2008-03-23,2008,3,13.81,14.66,14.16214382663451,2008-04-06,Ridge,14,2008
2008-03-24,2008,3,13.91,14.67,14.17412800197873,2008-04-07,Ridge,14,2008
2008-03-25,2008,3,13.93,14.66,14.171056638690857,2008-04-08,Ridge,14,2008
2008-03-26,2008,3,13.93,14.6,14.230122376165141,2008-04-09,Ridge,14,2008
2008-03-27,2008,3,13.92,14.51,14.279242803479997,2008-04-10,Ridge,14,2008
2008-03-28,2008,3,13.94,14.46,14.376060676969391,2008-04-11,Ridge,14,2008
2008-03-29,2008,3,13.98,14.41,14.460122818401427,2008-04-12,Ridge,14,2008
2008-03-30,2008,3,14.05,14.38,14.54066460376957,2008-04-13,Ridge,14,2008
2008-03-31,2008,3,14.07,14.34,14.529435299430196,2008-04-14,Ridge,14,2008
2008-04-01,2008,4,14.09,14.27,14.578929431589946,2008-04-15,Ridge,14,2008
2008-04-02,2008,4,14.15,14.23,14.658630830963704,2008-04-16,Ridge,14,2008
2008-04-03,2008,4,14.2,14.23,14.684219916468276,2008-04-17,Ridge,14,2008
2008-04-04,2008,4,14.31,14.22,14.795128529140499,2008-04-18,Ridge,14,2008
2008-04-05,2008,4,14.53,14.28,14.958764413457759,2008-04-19,Ridge,14,2008
2008-04-06,2008,4,14.66,14.33,14.918168083865096,2008-04-20,Ridge,14,2008
2008-04-07,2008,4,14.67,14.41,14.891488127185374,2008-04-21,Ridge,14,2008
2008-04-08,2008,4,14.66,14.47,14.976597258420735,2008-04-22,Ridge,14,2008
2008-04-09,2008,4,14.6,14.52,14.938699060677708,2008-04-23,Ridge,14,2008
2008-04-10,2008,4,14.51,14.61,14.907639980290007,2008-04-24,Ridge,14,2008
2008-04-11,2008,4,14.46,14.87,14.999810071228033,2008-04-25,Ridge,14,2008
2008-04-12,2008,4,14.41,15.05,15.005595939669016,2008-04-26,Ridge,14,2008
2008-04-13,2008,4,14.38,15.06,15.027516592563249,2008-04-27,Ridge,14,2008
2008-04-14,2008,4,14.34,15.02,15.018819372519554,2008-04-28,Ridge,14,2008
2008-04-15,2008,4,14.27,14.99,14.968500177182896,2008-04-29,Ridge,14,2008
2008-04-16,2008,4,14.23,15.01,15.02042712576214,2008-04-30,Ridge,14,2008
2008-04-17,2008,4,14.23,15.01,15.109196914757113,2008-05-01,Ridge,14,2008
2008-04-18,2008,4,14.22,15.04,15.129091453779141,2008-05-02,Ridge,14,2008
2008-04-19,2008,4,14.28,15.31,15.250785140125336,2008-05-03,Ridge,14,2008
2008-04-20,2008,4,14.33,15.79,15.290780268055913,2008-05-04,Ridge,14,2008
2008-04-21,2008,4,14.41,15.93,15.352692644535388,2008-05-05,Ridge,14,2008
2008-04-22,2008,4,14.47,15.93,15.374008419799539,2008-05-06,Ridge,14,2008
2008-04-23,2008,4,14.52,15.92,15.411878177032813,2008-05-07,Ridge,14,2008
2008-04-24,2008,4,14.61,15.69,15.501587052127054,2008-05-08,Ridge,14,2008
2008-04-25,2008,4,14.87,15.61,15.719529221752381,2008-05-09,Ridge,14,2008
2008-04-26,2008,4,15.05,15.53,15.691276913431764,2008-05-10,Ridge,14,2008
2008-04-27,2008,4,15.06,15.51,15.628460988498187,2008-05-11,Ridge,14,2008
2008-04-28,2008,4,15.02,15.47,15.681418094485176,2008-05-12,Ridge,14,2008
2008-04-29,2008,4,14.99,15.4,15.733146444905774,2008-05-13,Ridge,14,2008
2008-04-30,2008,4,15.01,15.36,15.855891704004364,2008-05-14,Ridge,14,2008
2008-05-01,2008,5,15.01,15.35,15.924794890938905,2008-05-15,Ridge,14,2008
2008-05-02,2008,5,15.04,15.33,16.025092011555774,2008-05-16,Ridge,14,2008
2008-05-03,2008,5,15.31,15.31,16.286733577151274,2008-05-17,Ridge,14,2008
2008-05-04,2008,5,15.79,15.3,16.49985652336282,2008-05-18,Ridge,14,2008
2008-05-05,2008,5,15.93,15.23,16.21665952622576,2008-05-19,Ridge,14,2008
2008-05-06,2008,5,15.93,15.23,16.259411147249065,2008-05-20,Ridge,14,2008
2008-05-07,2008,5,15.92,15.26,16.37579212867552,2008-05-21,Ridge,14,2008
2008-05-08,2008,5,15.69,15.31,16.02538988648885,2008-05-22,Ridge,14,2008
2008-05-09,2008,5,15.61,15.36,16.23760677156124,2008-05-23,Ridge,14,2008
2008-05-10,2008,5,15.53,15.49,16.333822141638187,2008-05-24,Ridge,14,2008
2008-05-11,2008,5,15.51,15.6,16.39056445391844,2008-05-25,Ridge,14,2008
2008-05-12,2008,5,15.47,15.81,16.375300548148527,2008-05-26,Ridge,14,2008
2008-05-13,2008,5,15.4,15.88,16.299583542081756,2008-05-27,Ridge,14,2008
2008-05-14,2008,5,15.36,15.88,16.383178755377703,2008-05-28,Ridge,14,2008
2008-05-15,2008,5,15.35,15.85,16.45570479566153,2008-05-29,Ridge,14,2008
2008-05-16,2008,5,15.33,15.71,16.469596650168103,2008-05-30,Ridge,14,2008
2008-05-17,2008,5,15.31,15.77,16.479171191327094,2008-05-31,Ridge,14,2008
2008-05-18,2008,5,15.3,15.86,16.5162383499954,2008-06-01,Ridge,14,2008
2008-05-19,2008,5,15.23,16.05,16.432633518564842,2008-06-02,Ridge,14,2008
2008-05-20,2008,5,15.23,16.23,16.53692226710104,2008-06-03,Ridge,14,2008
2008-05-21,2008,5,15.26,16.41,16.615035860406444,2008-06-04,Ridge,14,2008
2008-05-22,2008,5,15.31,16.61,16.66408399180618,2008-06-05,Ridge,14,2008
2008-05-23,2008,5,15.36,16.72,16.6972100053686,2008-06-06,Ridge,14,2008
2008-05-24,2008,5,15.49,16.73,16.804621024528856,2008-06-07,Ridge,14,2008
2008-05-25,2008,5,15.6,16.72,16.809006812878067,2008-06-08,Ridge,14,2008
2008-05-26,2008,5,15.81,16.58,16.955435052694213,2008-06-09,Ridge,14,2008
2008-05-27,2008,5,15.88,16.53,16.874940530089685,2008-06-10,Ridge,14,2008
2008-05-28,2008,5,15.88,16.46,16.89688996648729,2008-06-11,Ridge,14,2008
2008-05-29,2008,5,15.85,16.6,16.929970552712902,2008-06-12,Ridge,14,2008
2008-05-30,2008,5,15.71,16.7,16.772843808659033,2008-06-13,Ridge,14,2008
2008-05-31,2008,5,15.77,16.86,17.070005544638008,2008-06-14,Ridge,14,2008
2008-06-01,2008,6,15.86,17.16,17.189347732076552,2008-06-15,Ridge,14,2008
2008-06-02,2008,6,16.05,17.51,17.300682880939725,2008-06-16,Ridge,14,2008
2008-06-03,2008,6,16.23,17.74,17.33097590936077,2008-06-17,Ridge,14,2008
2008-06-04,2008,6,16.41,17.93,17.38255760000784,2008-06-18,Ridge,14,2008
2008-06-05,2008,6,16.61,18.03,17.464578524222198,2008-06-19,Ridge,14,2008
2008-06-06,2008,6,16.72,18.14,17.458584775280833,2008-06-20,Ridge,14,2008
2008-06-07,2008,6,16.73,18.17,17.464481494547815,2008-06-21,Ridge,14,2008
2008-06-08,2008,6,16.72,18.22,17.560610879971357,2008-06-22,Ridge,14,2008
2008-06-09,2008,6,16.58,18.06,17.39821893831679,2008-06-23,Ridge,14,2008
2008-06-10,2008,6,16.53,18.05,17.524614197333086,2008-06-24,Ridge,14,2008
2008-06-11,2008,6,16.46,18.09,17.525441089209572,2008-06-25,Ridge,14,2008
2008-06-12,2008,6,16.6,18.12,17.806860871840023,2008-06-26,Ridge,14,2008
2008-06-13,2008,6,16.7,18.15,17.799942601305368,2008-06-27,Ridge,14,2008
2008-06-14,2008,6,16.86,18.2,17.891576782471734,2008-06-28,Ridge,14,2008
2008-06-15,2008,6,17.16,18.24,18.06311295730301,2008-06-29,Ridge,14,2008
2008-06-16,2008,6,17.51,18.25,18.141651938498157,2008-06-30,Ridge,14,2008
2008-06-17,2008,6,17.74,18.3,18.099501058510228,2008-07-01,Ridge,14,2008
2008-06-18,2008,6,17.93,18.39,18.217155170941663,2008-07-02,Ridge,14,2008
2008-06-19,2008,6,18.03,18.32,18.253240720485252,2008-07-03,Ridge,14,2008
2008-06-20,2008,6,18.14,18.34,18.384320114861467,2008-07-04,Ridge,14,2008
2008-06-21,2008,6,18.17,18.37,18.435795163523586,2008-07-05,Ridge,14,2008
2008-06-22,2008,6,18.22,18.34,18.589505570232806,2008-07-06,Ridge,14,2008
2008-06-23,2008,6,18.06,18.45,18.360001541766753,2008-07-07,Ridge,14,2008
2008-06-24,2008,6,18.05,18.59,18.565293315226675,2008-07-08,Ridge,14,2008
2008-06-25,2008,6,18.09,18.72,18.708769748247462,2008-07-09,Ridge,14,2008
2008-06-26,2008,6,18.12,18.82,18.697232775252303,2008-07-10,Ridge,14,2008
2008-06-27,2008,6,18.15,18.82,18.731657830843762,2008-07-11,Ridge,14,2008
2008-06-28,2008,6,18.2,18.59,18.784213529882106,2008-07-12,Ridge,14,2008
2008-06-29,2008,6,18.24,18.45,18.779443541685332,2008-07-13,Ridge,14,2008
2008-06-30,2008,6,18.25,18.37,18.76911685690701,2008-07-14,Ridge,14,2008
2008-07-01,2008,7,18.3,18.42,18.839770842116625,2008-07-15,Ridge,14,2008
2008-07-02,2008,7,18.39,18.49,18.895017578207238,2008-07-16,Ridge,14,2008
2008-07-03,2008,7,18.32,18.64,18.718140254620124,2008-07-17,Ridge,14,2008
2008-07-04,2008,7,18.34,18.75,18.854208875392633,2008-07-18,Ridge,14,2008
2008-07-05,2008,7,18.37,18.79,18.90799257077543,2008-07-19,Ridge,14,2008
2008-07-06,2008,7,18.34,18.87,18.825635436223788,2008-07-20,Ridge,14,2008
2008-07-07,2008,7,18.45,18.89,19.01255479931621,2008-07-21,Ridge,14,2008
2008-07-08,2008,7,18.59,19.06,19.046593156620396,2008-07-22,Ridge,14,2008
2008-07-09,2008,7,18.72,19.24,19.040202733233553,2008-07-23,Ridge,14,2008
2008-07-10,2008,7,18.82,19.34,19.06031011163203,2008-07-24,Ridge,14,2008
2008-07-11,2008,7,18.82,19.29,19.002448377853437,2008-07-25,Ridge,14,2008
2008-07-12,2008,7,18.59,19.17,18.638934976334397,2008-07-26,Ridge,14,2008
2008-07-13,2008,7,18.45,19.24,18.685788277341445,2008-07-27,Ridge,14,2008
2008-07-14,2008,7,18.37,19.26,18.739347544902298,2008-07-28,Ridge,14,2008
2008-07-15,2008,7,18.42,19.22,18.901400993762028,2008-07-29,Ridge,14,2008
2008-07-16,2008,7,18.49,19.17,18.938736440717125,2008-07-30,Ridge,14,2008
2008-07-17,2008,7,18.64,19.03,19.054576344391133,2008-07-31,Ridge,14,2008
2008-07-18,2008,7,18.75,18.94,19.064401534024594,2008-08-01,Ridge,14,2008
2008-07-19,2008,7,18.79,18.89,19.013324660656735,2008-08-02,Ridge,14,2008
2008-07-20,2008,7,18.87,18.8,19.08959380472776,2008-08-03,Ridge,14,2008
2008-07-21,2008,7,18.89,18.84,19.05535465848304,2008-08-04,Ridge,14,2008
2008-07-22,2008,7,19.06,18.77,19.236036215958258,2008-08-05,Ridge,14,2008
2008-07-23,2008,7,19.24,18.74,19.28613282201227,2008-08-06,Ridge,14,2008
2008-07-24,2008,7,19.34,18.73,19.252668517177927,2008-08-07,Ridge,14,2008
2008-07-25,2008,7,19.29,18.67,19.148244977167472,2008-08-08,Ridge,14,2008
2008-07-26,2008,7,19.17,18.65,19.039337111482794,2008-08-09,Ridge,14,2008
2008-07-27,2008,7,19.24,18.62,19.296363501019453,2008-08-10,Ridge,14,2008
2008-07-28,2008,7,19.26,18.59,19.282926715214938,2008-08-11,Ridge,14,2008
2008-07-29,2008,7,19.22,18.59,19.223531989191475,2008-08-12,Ridge,14,2008
2008-07-30,2008,7,19.17,18.7,19.193529786777084,2008-08-13,Ridge,14,2008
2008-07-31,2008,7,19.03,18.74,18.985715469744775,2008-08-14,Ridge,14,2008
2008-08-01,2008,8,18.94,18.74,18.95821602156508,2008-08-15,Ridge,14,2008
2008-08-02,2008,8,18.89,18.67,18.9763904938208,2008-08-16,Ridge,14,2008
2008-08-03,2008,8,18.8,18.78,18.844961176922386,2008-08-17,Ridge,14,2008
2008-08-04,2008,8,18.84,18.93,18.99963653945336,2008-08-18,Ridge,14,2008
2008-08-05,2008,8,18.77,19.07,18.841360098454906,2008-08-19,Ridge,14,2008
2008-08-06,2008,8,18.74,19.16,18.86477068835531,2008-08-20,Ridge,14,2008
2008-08-07,2008,8,18.73,19.29,18.911108355667718,2008-08-21,Ridge,14,2008
2008-08-08,2008,8,18.67,19.39,18.796016529377713,2008-08-22,Ridge,14,2008
2008-08-09,2008,8,18.65,19.39,18.819186301357778,2008-08-23,Ridge,14,2008
2008-08-10,2008,8,18.62,19.27,18.78359109543729,2008-08-24,Ridge,14,2008
2008-08-11,2008,8,18.59,19.19,18.754121162069982,2008-08-25,Ridge,14,2008
2008-08-12,2008,8,18.59,19.1,18.7827766692756,2008-08-26,Ridge,14,2008
2008-08-13,2008,8,18.7,19.09,18.910656902736303,2008-08-27,Ridge,14,2008
2008-08-14,2008,8,18.74,19.24,18.82110724744468,2008-08-28,Ridge,14,2008
2008-08-15,2008,8,18.74,19.27,18.787757369073972,2008-08-29,Ridge,14,2008
2008-08-16,2008,8,18.67,19.45,18.673204709672497,2008-08-30,Ridge,14,2008
2008-08-17,2008,8,18.78,19.63,18.87702445591949,2008-08-31,Ridge,14,2008
2008-08-18,2008,8,18.93,19.63,18.89170777585191,2008-09-01,Ridge,14,2008
2008-08-19,2008,8,19.07,19.61,18.889147477813186,2008-09-02,Ridge,14,2008
2008-08-20,2008,8,19.16,19.51,18.87115095978218,2008-09-03,Ridge,14,2008
2008-08-21,2008,8,19.29,19.56,18.935236543056075,2008-09-04,Ridge,14,2008
2008-08-22,2008,8,19.39,19.68,18.913007203565208,2008-09-05,Ridge,14,2008
2008-08-23,2008,8,19.39,19.73,18.85681569131853,2008-09-06,Ridge,14,2008
2008-08-24,2008,8,19.27,19.75,18.71062794922995,2008-09-07,Ridge,14,2008
2008-08-25,2008,8,19.19,19.64,18.72897422461643,2008-09-08,Ridge,14,2008
2008-08-26,2008,8,19.1,19.48,18.67247106438666,2008-09-09,Ridge,14,2008
2008-08-27,2008,8,19.09,19.33,18.735654402933598,2008-09-10,Ridge,14,2008
2008-08-28,2008,8,19.24,19.17,18.939732555331403,2008-09-11,Ridge,14,2008
2008-08-29,2008,8,19.27,19.01,18.785049197629043,2008-09-12,Ridge,14,2008
2008-08-30,2008,8,19.45,18.82,18.971039586920003,2008-09-13,Ridge,14,2008
2008-08-31,2008,8,19.63,18.6,18.960966996634703,2008-09-14,Ridge,14,2008
2008-09-01,2008,9,19.63,18.4,18.774356940546568,2008-09-15,Ridge,14,2008
2008-09-02,2008,9,19.61,18.3,18.80050130145259,2008-09-16,Ridge,14,2008
2008-09-03,2008,9,19.51,18.21,18.682471131039595,2008-09-17,Ridge,14,2008
2008-09-04,2008,9,19.56,18.04,18.85266411778416,2008-09-18,Ridge,14,2008
2008-09-05,2008,9,19.68,17.87,18.97104640070425,2008-09-19,Ridge,14,2008
2008-09-06,2008,9,19.73,17.74,18.889667945477722,2008-09-20,Ridge,14,2008
2008-09-07,2008,9,19.75,17.53,18.87337957831917,2008-09-21,Ridge,14,2008
2008-09-08,2008,9,19.64,17.45,18.664326714613473,2008-09-22,Ridge,14,2008
2008-09-09,2008,9,19.48,17.41,18.469653969273438,2008-09-23,Ridge,14,2008
2008-09-10,2008,9,19.33,17.35,18.362388969670675,2008-09-24,Ridge,14,2008
2008-09-11,2008,9,19.17,17.31,18.216105179270293,2008-09-25,Ridge,14,2008
2008-09-12,2008,9,19.01,17.21,18.0688805149875,2008-09-26,Ridge,14,2008
2008-09-13,2008,9,18.82,17.18,17.864768174658888,2008-09-27,Ridge,14,2008
2008-09-14,2008,9,18.6,17.12,17.65600968788048,2008-09-28,Ridge,14,2008
2008-09-15,2008,9,18.4,17.09,17.535501288682465,2008-09-29,Ridge,14,2008
2008-09-16,2008,9,18.3,17.08,17.580111336236836,2008-09-30,Ridge,14,2008
2008-09-17,2008,9,18.21,17.04,17.535890509439728,2008-10-01,Ridge,14,2008
2008-09-18,2008,9,18.04,17.0,17.31212580996984,2008-10-02,Ridge,14,2008
2008-09-19,2008,9,17.87,16.99,17.193961874818363,2008-10-03,Ridge,14,2008
2008-09-20,2008,9,17.74,16.88,17.170218123989855,2008-10-04,Ridge,14,2008
2008-09-21,2008,9,17.53,16.87,16.93692935317988,2008-10-05,Ridge,14,2008
2008-09-22,2008,9,17.45,16.95,17.004980742669563,2008-10-06,Ridge,14,2008
2008-09-23,2008,9,17.41,16.95,17.032746904031182,2008-10-07,Ridge,14,2008
2008-09-24,2008,9,17.35,16.9,16.956900618651108,2008-10-08,Ridge,14,2008
2008-09-25,2008,9,17.31,16.9,16.95930371158255,2008-10-09,Ridge,14,2008
2008-09-26,2008,9,17.21,16.89,16.81866259250965,2008-10-10,Ridge,14,2008
2008-09-27,2008,9,17.18,16.78,16.886719130983792,2008-10-11,Ridge,14,2008
2008-09-28,2008,9,17.12,16.71,16.812740978931245,2008-10-12,Ridge,14,2008
2008-09-29,2008,9,17.09,16.65,16.79001068728441,2008-10-13,Ridge,14,2008
2008-09-30,2008,9,17.08,16.56,16.799684058428234,2008-10-14,Ridge,14,2008
2008-10-01,2008,10,17.04,16.47,16.710228443381208,2008-10-15,Ridge,14,2008
2008-10-02,2008,10,17.0,16.45,16.67208629404371,2008-10-16,Ridge,14,2008
2008-10-03,2008,10,16.99,16.37,16.67968422525793,2008-10-17,Ridge,14,2008
2008-10-04,2008,10,16.88,16.26,16.46651031527171,2008-10-18,Ridge,14,2008
2008-10-05,2008,10,16.87,16.13,16.538729182189396,2008-10-19,Ridge,14,2008
2008-10-06,2008,10,16.95,15.99,16.652258937043364,2008-10-20,Ridge,14,2008
2008-10-07,2008,10,16.95,15.89,16.52819744432968,2008-10-21,Ridge,14,2008
2008-10-08,2008,10,16.9,15.8,16.445780870638938,2008-10-22,Ridge,14,2008
2008-10-09,2008,10,16.9,15.71,16.482746009339447,2008-10-23,Ridge,14,2008
2008-10-10,2008,10,16.89,15.63,16.44747682165264,2008-10-24,Ridge,14,2008
2008-10-11,2008,10,16.78,15.55,16.215646422783536,2008-10-25,Ridge,14,2008
2008-10-12,2008,10,16.71,15.47,16.183832552815264,2008-10-26,Ridge,14,2008
2008-10-13,2008,10,16.65,15.43,16.133698758045583,2008-10-27,Ridge,14,2008
2008-10-14,2008,10,16.56,15.41,16.005148474307113,2008-10-28,Ridge,14,2008
2008-10-15,2008,10,16.47,15.54,15.906753238221954,2008-10-29,Ridge,14,2008
2008-10-16,2008,10,16.45,15.72,15.943541767197512,2008-10-30,Ridge,14,2008
2008-10-17,2008,10,16.37,15.8,15.814878258071161,2008-10-31,Ridge,14,2008
2008-10-18,2008,10,16.26,15.9,15.672114582635341,2008-11-01,Ridge,14,2008
2008-10-19,2008,10,16.13,16.11,15.542276828040459,2008-11-02,Ridge,14,2008
2008-10-20,2008,10,15.99,16.26,15.41355858571838,2008-11-03,Ridge,14,2008
2008-10-21,2008,10,15.89,16.17,15.37509881681274,2008-11-04,Ridge,14,2008
2008-10-22,2008,10,15.8,15.95,15.296125071104226,2008-11-05,Ridge,14,2008
2008-10-23,2008,10,15.71,15.8,15.210933101346855,2008-11-06,Ridge,14,2008
2008-10-24,2008,10,15.63,15.64,15.156854046100685,2008-11-07,Ridge,14,2008
2008-10-25,2008,10,15.55,15.45,15.096669135062369,2008-11-08,Ridge,14,2008
2008-10-26,2008,10,15.47,15.31,15.037716425659488,2008-11-09,Ridge,14,2008
2008-10-27,2008,10,15.43,15.24,15.046506476950661,2008-11-10,Ridge,14,2008
2008-10-28,2008,10,15.41,15.17,15.048959097015908,2008-11-11,Ridge,14,2008
2008-10-29,2008,10,15.54,15.09,15.232477677812483,2008-11-12,Ridge,14,2008
2008-10-30,2008,10,15.72,15.04,15.288274990099621,2008-11-13,Ridge,14,2008
2008-10-31,2008,10,15.8,14.99,15.167811220389604,2008-11-14,Ridge,14,2008
2008-11-01,2008,11,15.9,14.94,15.212574935840493,2008-11-15,Ridge,14,2008
2008-11-02,2008,11,16.11,14.9,15.32303589747275,2008-11-16,Ridge,14,2008
2008-11-03,2008,11,16.26,14.85,15.254274396752278,2008-11-17,Ridge,14,2008
2008-11-04,2008,11,16.17,14.8,15.034033266505094,2008-11-18,Ridge,14,2008
2008-11-05,2008,11,15.95,14.78,14.810251020543527,2008-11-19,Ridge,14,2008
2008-11-06,2008,11,15.8,14.76,14.81132366521838,2008-11-20,Ridge,14,2008
2008-11-07,2008,11,15.64,14.72,14.679651099355642,2008-11-21,Ridge,14,2008
2008-11-08,2008,11,15.45,14.699,14.48241691084069,2008-11-22,Ridge,14,2008
2008-11-09,2008,11,15.31,14.67,14.417645448758126,2008-11-23,Ridge,14,2008
2008-11-10,2008,11,15.24,14.63,14.438930271520793,2008-11-24,Ridge,14,2008
2008-11-11,2008,11,15.17,14.59,14.408118511325265,2008-11-25,Ridge,14,2008
2008-11-12,2008,11,15.09,14.57,14.337677528849085,2008-11-26,Ridge,14,2008
2008-11-13,2008,11,15.04,14.54,14.344982379610126,2008-11-27,Ridge,14,2008
2008-11-14,2008,11,14.99,14.52,14.328690773804926,2008-11-28,Ridge,14,2008
2008-11-15,2008,11,14.94,14.5,14.294977452574724,2008-11-29,Ridge,14,2008
2008-11-16,2008,11,14.9,14.47,14.269097246328474,2008-11-30,Ridge,14,2008
2008-11-17,2008,11,14.85,14.45,14.21199530221306,2008-12-01,Ridge,14,2008
2008-11-18,2008,11,14.8,14.42,14.166971219144957,2008-12-02,Ridge,14,2008
2008-11-19,2008,11,14.78,14.39,14.175022161477935,2008-12-03,Ridge,14,2008
2008-11-20,2008,11,14.76,14.35,14.15052937042357,2008-12-04,Ridge,14,2008
2008-11-21,2008,11,14.72,14.33,14.082744662835248,2008-12-05,Ridge,14,2008
2008-11-22,2008,11,14.699,14.31,14.074834930799902,2008-12-06,Ridge,14,2008
2008-11-23,2008,11,14.67,14.27,14.03710089478341,2008-12-07,Ridge,14,2008
2008-11-24,2008,11,14.63,14.26,13.980826112943875,2008-12-08,Ridge,14,2008
2008-11-25,2008,11,14.59,14.24,13.935230700159522,2008-12-09,Ridge,14,2008
2008-11-26,2008,11,14.57,14.21,13.92658751775801,2008-12-10,Ridge,14,2008
2008-11-27,2008,11,14.54,14.2,13.882717723293206,2008-12-11,Ridge,14,2008
2008-11-28,2008,11,14.52,14.18,13.860379083732363,2008-12-12,Ridge,14,2008
2008-11-29,2008,11,14.5,14.17,13.834874247957291,2008-12-13,Ridge,14,2008
2008-11-30,2008,11,14.47,14.15,13.788621177230103,2008-12-14,Ridge,14,2008
2008-12-01,2008,12,14.45,14.13,13.775041662045647,2008-12-15,Ridge,14,2008
2008-12-02,2008,12,14.42,14.1,13.728863925921235,2008-12-16,Ridge,14,2008
2008-12-03,2008,12,14.39,14.08,13.692508505145904,2008-12-17,Ridge,14,2008
2008-12-04,2008,12,14.35,14.06,13.639384092537679,2008-12-18,Ridge,14,2008
2008-12-05,2008,12,14.33,14.04,13.632249928762725,2008-12-19,Ridge,14,2008
2008-12-06,2008,12,14.31,14.02,13.61017970195064,2008-12-20,Ridge,14,2008
2008-12-07,2008,12,14.27,14.0,13.541943140370286,2008-12-21,Ridge,14,2008
2008-12-08,2008,12,14.26,13.98,13.557863558117706,2008-12-22,Ridge,14,2008
2008-12-09,2008,12,14.24,13.97,13.52746636664608,2008-12-23,Ridge,14,2008
2008-12-10,2008,12,14.21,13.95,13.482211755050274,2008-12-24,Ridge,14,2008
2008-12-11,2008,12,14.2,13.93,13.48874165711944,2008-12-25,Ridge,14,2008
2008-12-12,2008,12,14.18,13.91,13.45440509053855,2008-12-26,Ridge,14,2008
2008-12-13,2008,12,14.17,13.89,13.450142736891738,2008-12-27,Ridge,14,2008
2008-12-14,2008,12,14.15,13.87,13.415514168746007,2008-12-28,Ridge,14,2008
2008-12-15,2008,12,14.13,13.85,13.389129254799181,2008-12-29,Ridge,14,2008
2008-12-16,2008,12,14.1,13.84,13.351277951945773,2008-12-30,Ridge,14,2008
2008-12-17,2008,12,14.08,13.83,13.336117599275422,2008-12-31,Ridge,14,2008
2008-12-18,2008,12,14.06,13.81,13.316095656694403,2009-01-01,Ridge,14,2008
2008-12-19,2008,12,14.04,13.79,13.290164153559608,2009-01-02,Ridge,14,2008
2008-12-20,2008,12,14.02,13.77,13.269238385887826,2009-01-03,Ridge,14,2008
2008-12-21,2008,12,14.0,13.75,13.247997682986913,2009-01-04,Ridge,14,2008
2008-12-22,2008,12,13.98,13.74,13.22989025282868,2009-01-05,Ridge,14,2008
2008-12-23,2008,12,13.97,13.73,13.228695442198871,2009-01-06,Ridge,14,2008
2008-12-24,2008,12,13.95,13.71,13.198675681678909,2009-01-07,Ridge,14,2008
2008-12-25,2008,12,13.93,13.69,13.177739353034113,2009-01-08,Ridge,14,2008
2008-12-26,2008,12,13.91,13.67,13.160830671602206,2009-01-09,Ridge,14,2008
2008-12-27,2008,12,13.89,13.66,13.14216809631456,2009-01-10,Ridge,14,2008
2008-12-28,2008,12,13.87,13.65,13.124806619568213,2009-01-11,Ridge,14,2008
2008-12-29,2008,12,13.85,13.64,13.105266287698498,2009-01-12,Ridge,14,2008
2008-12-30,2008,12,13.84,13.62,13.10731271817354,2009-01-13,Ridge,14,2008
2008-12-31,2008,12,13.83,13.6,13.099658169447515,2009-01-14,Ridge,14,2008
2009-01-01,2009,1,13.81,13.587,13.06846407430849,2009-01-15,Ridge,14,2009
2009-01-02,2009,1,13.79,13.56,13.05319967629485,2009-01-16,Ridge,14,2009
2009-01-03,2009,1,13.77,13.55,13.039359659205784,2009-01-17,Ridge,14,2009
2009-01-04,2009,1,13.75,13.54,13.024236806725064,2009-01-18,Ridge,14,2009
2009-01-05,2009,1,13.74,13.53,13.027907725780649,2009-01-19,Ridge,14,2009
2009-01-06,2009,1,13.73,13.51,13.020374421095417,2009-01-20,Ridge,14,2009
2009-01-07,2009,1,13.71,13.49,12.993687218932555,2009-01-21,Ridge,14,2009
2009-01-08,2009,1,13.69,13.47,12.981416977934211,2009-01-22,Ridge,14,2009
2009-01-09,2009,1,13.67,13.46,12.970576314877283,2009-01-23,Ridge,14,2009
2009-01-10,2009,1,13.66,13.45,12.977912631561919,2009-01-24,Ridge,14,2009
2009-01-11,2009,1,13.65,13.44,12.973391491829807,2009-01-25,Ridge,14,2009
2009-01-12,2009,1,13.64,13.43,12.966959839909238,2009-01-26,Ridge,14,2009
2009-01-13,2009,1,13.62,13.43,12.945204493362418,2009-01-27,Ridge,14,2009
2009-01-14,2009,1,13.6,13.42,12.935220918452359,2009-01-28,Ridge,14,2009
2009-01-15,2009,1,13.587,13.41,12.941163627409047,2009-01-29,Ridge,14,2009
2009-01-16,2009,1,13.56,13.4,12.908345732516839,2009-01-30,Ridge,14,2009
2009-01-17,2009,1,13.55,13.39,12.924439292215622,2009-01-31,Ridge,14,2009
2009-01-18,2009,1,13.54,13.37,12.925670042886532,2009-02-01,Ridge,14,2009
2009-01-19,2009,1,13.53,13.37,12.922817243700637,2009-02-02,Ridge,14,2009
2009-01-20,2009,1,13.51,13.36,12.905494043223014,2009-02-03,Ridge,14,2009
2009-01-21,2009,1,13.49,13.36,12.897581027869466,2009-02-04,Ridge,14,2009
2009-01-22,2009,1,13.47,13.36,12.89444094410591,2009-02-05,Ridge,14,2009
2009-01-23,2009,1,13.46,13.36,12.906645513709446,2009-02-06,Ridge,14,2009
2009-01-24,2009,1,13.45,13.36,12.908246345759064,2009-02-07,Ridge,14,2009
2009-01-25,2009,1,13.44,13.36,12.90828076324509,2009-02-08,Ridge,14,2009
2009-01-26,2009,1,13.43,13.35,12.912646624357253,2009-02-09,Ridge,14,2009
2009-01-27,2009,1,13.43,13.35,12.93634267265676,2009-02-10,Ridge,14,2009
2009-01-28,2009,1,13.42,13.34,12.93006105412886,2009-02-11,Ridge,14,2009
2009-01-29,2009,1,13.41,13.33,12.932291350528484,2009-02-12,Ridge,14,2009
2009-01-30,2009,1,13.4,13.31,12.93798450554937,2009-02-13,Ridge,14,2009
2009-01-31,2009,1,13.39,13.29,12.941525751964479,2009-02-14,Ridge,14,2009
2009-02-01,2009,2,13.37,13.27,12.926655085737213,2009-02-15,Ridge,14,2009
2009-02-02,2009,2,13.37,13.25,12.960428948069056,2009-02-16,Ridge,14,2009
2009-02-03,2009,2,13.36,13.23,12.956441352515,2009-02-17,Ridge,14,2009
2009-02-04,2009,2,13.36,13.22,12.978398589906138,2009-02-18,Ridge,14,2009
2009-02-05,2009,2,13.36,13.21,12.996006602598216,2009-02-19,Ridge,14,2009
2009-02-06,2009,2,13.36,13.2,13.008515200906073,2009-02-20,Ridge,14,2009
2009-02-07,2009,2,13.36,13.19,13.026443199346186,2009-02-21,Ridge,14,2009
2009-02-08,2009,2,13.36,13.17,13.04034161386299,2009-02-22,Ridge,14,2009
2009-02-09,2009,2,13.35,13.15,13.036156507852835,2009-02-23,Ridge,14,2009
2009-02-10,2009,2,13.35,13.14,13.062251592835096,2009-02-24,Ridge,14,2009
2009-02-11,2009,2,13.34,13.13,13.059174158738834,2009-02-25,Ridge,14,2009
2009-02-12,2009,2,13.33,13.12,13.064607490245665,2009-02-26,Ridge,14,2009
2009-02-13,2009,2,13.31,13.11,13.054778817474979,2009-02-27,Ridge,14,2009
2009-02-14,2009,2,13.29,13.1,13.054318426018112,2009-02-28,Ridge,14,2009
2009-02-15,2009,2,13.27,13.12,13.058694206623453,2009-03-01,Ridge,14,2009
2009-02-16,2009,2,13.25,13.15,13.06000254830352,2009-03-02,Ridge,14,2009
2009-02-17,2009,2,13.23,13.17,13.063912245772459,2009-03-03,Ridge,14,2009
2009-02-18,2009,2,13.22,13.2,13.08787479263484,2009-03-04,Ridge,14,2009
2009-02-19,2009,2,13.21,13.26,13.102931607523924,2009-03-05,Ridge,14,2009
2009-02-20,2009,2,13.2,13.35,13.116844651790156,2009-03-06,Ridge,14,2009
2009-02-21,2009,2,13.19,13.45,13.133078484138112,2009-03-07,Ridge,14,2009
2009-02-22,2009,2,13.17,13.5,13.12931118334206,2009-03-08,Ridge,14,2009
2009-02-23,2009,2,13.15,13.52,13.137639546894585,2009-03-09,Ridge,14,2009
2009-02-24,2009,2,13.14,13.53,13.165591572566496,2009-03-10,Ridge,14,2009
2009-02-25,2009,2,13.13,13.5,13.180465538254841,2009-03-11,Ridge,14,2009
2009-02-26,2009,2,13.12,13.46,13.194491386996303,2009-03-12,Ridge,14,2009
2009-02-27,2009,2,13.11,13.44,13.210642980237626,2009-03-13,Ridge,14,2009
2009-02-28,2009,2,13.1,13.42,13.228378273964031,2009-03-14,Ridge,14,2009
2009-03-01,2009,3,13.12,13.39,13.296417718351954,2009-03-15,Ridge,14,2009
2009-03-02,2009,3,13.15,13.37,13.333933094159857,2009-03-16,Ridge,14,2009
2009-03-03,2009,3,13.17,13.38,13.345073372988239,2009-03-17,Ridge,14,2009
2009-03-04,2009,3,13.2,13.4,13.386670705227411,2009-03-18,Ridge,14,2009
2009-03-05,2009,3,13.26,13.43,13.446266867649367,2009-03-19,Ridge,14,2009
2009-03-06,2009,3,13.35,13.45,13.504557419302781,2009-03-20,Ridge,14,2009
2009-03-07,2009,3,13.45,13.46,13.554813665508107,2009-03-21,Ridge,14,2009
2009-03-08,2009,3,13.5,13.47,13.552690673208533,2009-03-22,Ridge,14,2009
2009-03-09,2009,3,13.52,13.47,13.582828241368297,2009-03-23,Ridge,14,2009
2009-03-10,2009,3,13.53,13.45,13.631036020591337,2009-03-24,Ridge,14,2009
2009-03-11,2009,3,13.5,13.43,13.620420780381666,2009-03-25,Ridge,14,2009
2009-03-12,2009,3,13.46,13.41,13.636382286460517,2009-03-26,Ridge,14,2009
2009-03-13,2009,3,13.44,13.4,13.701610642058984,2009-03-27,Ridge,14,2009
2009-03-14,2009,3,13.42,13.4,13.714983384738348,2009-03-28,Ridge,14,2009
2009-03-15,2009,3,13.39,13.39,13.70329812426732,2009-03-29,Ridge,14,2009
2009-03-16,2009,3,13.37,13.39,13.726759109821955,2009-03-30,Ridge,14,2009
2009-03-17,2009,3,13.38,13.39,13.799712460040636,2009-03-31,Ridge,14,2009
2009-03-18,2009,3,13.4,13.38,13.847603599178697,2009-04-01,Ridge,14,2009
2009-03-19,2009,3,13.43,13.39,13.897405580430068,2009-04-02,Ridge,14,2009
2009-03-20,2009,3,13.45,13.5,13.91930672611466,2009-04-03,Ridge,14,2009
2009-03-21,2009,3,13.46,13.54,13.940515649839575,2009-04-04,Ridge,14,2009
2009-03-22,2009,3,13.47,13.55,13.975322685775037,2009-04-05,Ridge,14,2009
2009-03-23,2009,3,13.47,13.54,13.99946345127728,2009-04-06,Ridge,14,2009
2009-03-24,2009,3,13.45,13.54,14.00034487385373,2009-04-07,Ridge,14,2009
2009-03-25,2009,3,13.43,13.6,14.024996863689843,2009-04-08,Ridge,14,2009
2009-03-26,2009,3,13.41,13.7,14.041532690303313,2009-04-09,Ridge,14,2009
2009-03-27,2009,3,13.4,13.82,14.073192560834205,2009-04-10,Ridge,14,2009
2009-03-28,2009,3,13.4,13.87,14.1143100682343,2009-04-11,Ridge,14,2009
2009-03-29,2009,3,13.39,13.89,14.121777818525874,2009-04-12,Ridge,14,2009
2009-03-30,2009,3,13.39,13.83,14.164616635415445,2009-04-13,Ridge,14,2009
2009-03-31,2009,3,13.39,13.85,14.200231813824052,2009-04-14,Ridge,14,2009
2009-04-01,2009,4,13.38,13.93,14.211578941192895,2009-04-15,Ridge,14,2009
2009-04-02,2009,4,13.39,13.99,14.27112551791398,2009-04-16,Ridge,14,2009
2009-04-03,2009,4,13.5,14.07,14.404864612118661,2009-04-17,Ridge,14,2009
2009-04-04,2009,4,13.54,14.16,14.347746184403478,2009-04-18,Ridge,14,2009
2009-04-05,2009,4,13.55,14.22,14.369953435434468,2009-04-19,Ridge,14,2009
2009-04-06,2009,4,13.54,14.28,14.401310530868168,2009-04-20,Ridge,14,2009
2009-04-07,2009,4,13.54,14.32,14.443302431118262,2009-04-21,Ridge,14,2009
2009-04-08,2009,4,13.6,14.3,14.548993211533217,2009-04-22,Ridge,14,2009
2009-04-09,2009,4,13.7,14.21,14.643715847325325,2009-04-23,Ridge,14,2009
2009-04-10,2009,4,13.82,14.28,14.704162727667022,2009-04-24,Ridge,14,2009
2009-04-11,2009,4,13.87,14.43,14.679009463612761,2009-04-25,Ridge,14,2009
2009-04-12,2009,4,13.89,14.63,14.714303309302188,2009-04-26,Ridge,14,2009
2009-04-13,2009,4,13.83,14.71,14.650095525684181,2009-04-27,Ridge,14,2009
2009-04-14,2009,4,13.85,14.71,14.80540755439776,2009-04-28,Ridge,14,2009
2009-04-15,2009,4,13.93,14.62,14.94630805376759,2009-04-29,Ridge,14,2009
2009-04-16,2009,4,13.99,14.73,14.968926258051992,2009-04-30,Ridge,14,2009
2009-04-17,2009,4,14.07,14.82,15.043232089061094,2009-05-01,Ridge,14,2009
2009-04-18,2009,4,14.16,14.91,15.100883448066858,2009-05-02,Ridge,14,2009
2009-04-19,2009,4,14.22,14.86,15.10707801514392,2009-05-03,Ridge,14,2009
2009-04-20,2009,4,14.28,14.85,15.174990850610548,2009-05-04,Ridge,14,2009
2009-04-21,2009,4,14.32,14.82,15.225981379980539,2009-05-05,Ridge,14,2009
2009-04-22,2009,4,14.3,14.77,15.213968212915507,2009-05-06,Ridge,14,2009
2009-04-23,2009,4,14.21,14.76,15.139203938117483,2009-05-07,Ridge,14,2009
2009-04-24,2009,4,14.28,14.74,15.415943257753991,2009-05-08,Ridge,14,2009
2009-04-25,2009,4,14.43,14.73,15.544014033948194,2009-05-09,Ridge,14,2009
2009-04-26,2009,4,14.63,14.71,15.617487544851025,2009-05-10,Ridge,14,2009
2009-04-27,2009,4,14.71,14.79,15.549964928860266,2009-05-11,Ridge,14,2009
2009-04-28,2009,4,14.71,14.87,15.54754331611493,2009-05-12,Ridge,14,2009
2009-04-29,2009,4,14.62,14.92,15.45595900477165,2009-05-13,Ridge,14,2009
2009-04-30,2009,4,14.73,14.95,15.787939385154267,2009-05-14,Ridge,14,2009
2009-05-01,2009,5,14.82,15.03,15.82610428891877,2009-05-15,Ridge,14,2009
2009-05-02,2009,5,14.91,15.11,15.902398218263473,2009-05-16,Ridge,14,2009
2009-05-03,2009,5,14.86,15.19,15.795765394521107,2009-05-17,Ridge,14,2009
2009-05-04,2009,5,14.85,15.22,15.877894667843858,2009-05-18,Ridge,14,2009
2009-05-05,2009,5,14.82,15.17,15.879116625961686,2009-05-19,Ridge,14,2009
2009-05-06,2009,5,14.77,14.99,15.873905922771609,2009-05-20,Ridge,14,2009
2009-05-07,2009,5,14.76,14.95,15.960109139194904,2009-05-21,Ridge,14,2009
2009-05-08,2009,5,14.74,14.91,15.968186339595022,2009-05-22,Ridge,14,2009
2009-05-09,2009,5,14.73,14.87,15.998241807635342,2009-05-23,Ridge,14,2009
2009-05-10,2009,5,14.71,14.8,16.00506138929628,2009-05-24,Ridge,14,2009
2009-05-11,2009,5,14.79,14.8,16.171494169389625,2009-05-25,Ridge,14,2009
2009-05-12,2009,5,14.87,14.83,16.193076041168165,2009-05-26,Ridge,14,2009
2009-05-13,2009,5,14.92,15.07,16.1931958601152,2009-05-27,Ridge,14,2009
2009-05-14,2009,5,14.95,16.29,16.22460569488079,2009-05-28,Ridge,14,2009
2009-05-15,2009,5,15.03,16.4,16.321007634337924,2009-05-29,Ridge,14,2009
2009-05-16,2009,5,15.11,16.2,16.35239604968075,2009-05-30,Ridge,14,2009
2009-05-17,2009,5,15.19,15.98,16.415513035229043,2009-05-31,Ridge,14,2009
2009-05-18,2009,5,15.22,15.93,16.429019591302136,2009-06-01,Ridge,14,2009
2009-05-19,2009,5,15.17,15.99,16.376548532633755,2009-06-02,Ridge,14,2009
2009-05-20,2009,5,14.99,16.05,16.151144605082223,2009-06-03,Ridge,14,2009
2009-05-21,2009,5,14.95,16.01,16.331570840304494,2009-06-04,Ridge,14,2009
2009-05-22,2009,5,14.91,15.92,16.355469774082465,2009-06-05,Ridge,14,2009
2009-05-23,2009,5,14.87,15.87,16.327624919916452,2009-06-06,Ridge,14,2009
2009-05-24,2009,5,14.8,15.85,16.269588469994343,2009-06-07,Ridge,14,2009
2009-05-25,2009,5,14.8,15.85,16.377450333730273,2009-06-08,Ridge,14,2009
2009-05-26,2009,5,14.83,15.82,16.485928429760534,2009-06-09,Ridge,14,2009
2009-05-27,2009,5,15.07,15.82,16.762092649064005,2009-06-10,Ridge,14,2009
2009-05-28,2009,5,16.29,15.75,17.78040788455285,2009-06-11,Ridge,14,2009
2009-05-29,2009,5,16.4,15.74,16.52622804735435,2009-06-12,Ridge,14,2009
2009-05-30,2009,5,16.2,15.82,16.44504167079679,2009-06-13,Ridge,14,2009
2009-05-31,2009,5,15.98,15.89,16.531260079487947,2009-06-14,Ridge,14,2009
2009-06-01,2009,6,15.93,16.06,16.728077500558356,2009-06-15,Ridge,14,2009
2009-06-02,2009,6,15.99,16.24,17.019402805851527,2009-06-16,Ridge,14,2009
2009-06-03,2009,6,16.05,16.46,17.282761247789953,2009-06-17,Ridge,14,2009
2009-06-04,2009,6,16.01,16.57,17.149003740436154,2009-06-18,Ridge,14,2009
2009-06-05,2009,6,15.92,16.57,17.099490641012512,2009-06-19,Ridge,14,2009
2009-06-06,2009,6,15.87,16.43,17.167358906889007,2009-06-20,Ridge,14,2009
2009-06-07,2009,6,15.85,16.26,17.212531623557073,2009-06-21,Ridge,14,2009
2009-06-08,2009,6,15.85,16.22,17.255931039565716,2009-06-22,Ridge,14,2009
2009-06-09,2009,6,15.82,16.11,17.215760997498776,2009-06-23,Ridge,14,2009
2009-06-10,2009,6,15.82,16.22,17.2695296838526,2009-06-24,Ridge,14,2009
2009-06-11,2009,6,15.75,16.27,17.171747544759523,2009-06-25,Ridge,14,2009
2009-06-12,2009,6,15.74,16.31,17.25449046883464,2009-06-26,Ridge,14,2009
2009-06-13,2009,6,15.82,16.22,17.41330577601337,2009-06-27,Ridge,14,2009
2009-06-14,2009,6,15.89,16.3,17.405993505682176,2009-06-28,Ridge,14,2009
2009-06-15,2009,6,16.06,16.67,17.53570110750449,2009-06-29,Ridge,14,2009
2009-06-16,2009,6,16.24,16.84,17.57248839687672,2009-06-30,Ridge,14,2009
2009-06-17,2009,6,16.46,17.07,17.64872713153857,2009-07-01,Ridge,14,2009
2009-06-18,2009,6,16.57,17.6,17.595077673836798,2009-07-02,Ridge,14,2009
2009-06-19,2009,6,16.57,17.98,17.576183577868512,2009-07-03,Ridge,14,2009
2009-06-20,2009,6,16.43,18.57,17.417766538706648,2009-07-04,Ridge,14,2009
2009-06-21,2009,6,16.26,18.67,17.348704302684975,2009-07-05,Ridge,14,2009
2009-06-22,2009,6,16.22,18.83,17.54654763266666,2009-07-06,Ridge,14,2009
2009-06-23,2009,6,16.11,18.91,17.41565706678334,2009-07-07,Ridge,14,2009
2009-06-24,2009,6,16.22,18.83,17.712442379637313,2009-07-08,Ridge,14,2009
2009-06-25,2009,6,16.27,18.57,17.65983920577549,2009-07-09,Ridge,14,2009
2009-06-26,2009,6,16.31,18.44,17.698393874846726,2009-07-10,Ridge,14,2009
2009-06-27,2009,6,16.22,18.32,17.567797529067285,2009-07-11,Ridge,14,2009
2009-06-28,2009,6,16.3,18.28,17.80659258493703,2009-07-12,Ridge,14,2009
2009-06-29,2009,6,16.67,18.25,18.11016805362783,2009-07-13,Ridge,14,2009
2009-06-30,2009,6,16.84,18.2,17.898099224476532,2009-07-14,Ridge,14,2009
2009-07-01,2009,7,17.07,18.17,18.065357659097856,2009-07-15,Ridge,14,2009
2009-07-02,2009,7,17.6,18.09,18.469026092206324,2009-07-16,Ridge,14,2009
2009-07-03,2009,7,17.98,17.99,18.31806524565229,2009-07-17,Ridge,14,2009
2009-07-04,2009,7,18.57,17.86,18.709975488497612,2009-07-18,Ridge,14,2009
2009-07-05,2009,7,18.67,17.74,18.39151326949425,2009-07-19,Ridge,14,2009
2009-07-06,2009,7,18.83,17.58,18.68829719636936,2009-07-20,Ridge,14,2009
2009-07-07,2009,7,18.91,17.39,18.78506424750702,2009-07-21,Ridge,14,2009
2009-07-08,2009,7,18.83,17.32,18.740438700262764,2009-07-22,Ridge,14,2009
2009-07-09,2009,7,18.57,17.27,18.504952323761945,2009-07-23,Ridge,14,2009
2009-07-10,2009,7,18.44,17.19,18.72317811310542,2009-07-24,Ridge,14,2009
2009-07-11,2009,7,18.32,17.16,18.66376477914702,2009-07-25,Ridge,14,2009
2009-07-12,2009,7,18.28,17.12,18.716001934542074,2009-07-26,Ridge,14,2009
2009-07-13,2009,7,18.25,17.12,18.719132156816418,2009-07-27,Ridge,14,2009
2009-07-14,2009,7,18.2,17.4,18.656885693846295,2009-07-28,Ridge,14,2009
2009-07-15,2009,7,18.17,17.72,18.712542048791335,2009-07-29,Ridge,14,2009
2009-07-16,2009,7,18.09,17.93,18.627281102234537,2009-07-30,Ridge,14,2009
2009-07-17,2009,7,17.99,18.15,18.54653207709848,2009-07-31,Ridge,14,2009
2009-07-18,2009,7,17.86,18.36,18.427023145795253,2009-08-01,Ridge,14,2009
2009-07-19,2009,7,17.74,18.42,18.349071476612707,2009-08-02,Ridge,14,2009
2009-07-20,2009,7,17.58,18.39,18.18942431660983,2009-08-03,Ridge,14,2009
2009-07-21,2009,7,17.39,18.33,18.0068584045327,2009-08-04,Ridge,14,2009
2009-07-22,2009,7,17.32,18.34,18.110578041217963,2009-08-05,Ridge,14,2009
2009-07-23,2009,7,17.27,18.39,18.121486792468495,2009-08-06,Ridge,14,2009
2009-07-24,2009,7,17.19,18.45,18.030654600796332,2009-08-07,Ridge,14,2009
2009-07-25,2009,7,17.16,18.42,18.090948652374806,2009-08-08,Ridge,14,2009
2009-07-26,2009,7,17.12,18.41,18.08356165037678,2009-08-09,Ridge,14,2009
2009-07-27,2009,7,17.12,18.36,18.15620418106518,2009-08-10,Ridge,14,2009
2009-07-28,2009,7,17.4,18.32,18.52591123301058,2009-08-11,Ridge,14,2009
2009-07-29,2009,7,17.72,18.25,18.5284996420259,2009-08-12,Ridge,14,2009
2009-07-30,2009,7,17.93,18.24,18.427167326730885,2009-08-13,Ridge,14,2009
2009-07-31,2009,7,18.15,18.4,18.53487652995803,2009-08-14,Ridge,14,2009
2009-08-01,2009,8,18.36,18.54,18.584484922683707,2009-08-15,Ridge,14,2009
2009-08-02,2009,8,18.42,18.55,18.48046701044483,2009-08-16,Ridge,14,2009
2009-08-03,2009,8,18.39,19.04,18.524603120488496,2009-08-17,Ridge,14,2009
2009-08-04,2009,8,18.33,19.27,18.560840349170057,2009-08-18,Ridge,14,2009
2009-08-05,2009,8,18.34,19.27,18.695759866354607,2009-08-19,Ridge,14,2009
2009-08-06,2009,8,18.39,19.15,18.80203263921401,2009-08-20,Ridge,14,2009
2009-08-07,2009,8,18.45,19.33,18.843988526289852,2009-08-21,Ridge,14,2009
2009-08-08,2009,8,18.42,19.4,18.729477687398933,2009-08-22,Ridge,14,2009
2009-08-09,2009,8,18.41,19.29,18.742737011543245,2009-08-23,Ridge,14,2009
2009-08-10,2009,8,18.36,19.23,18.658731494899545,2009-08-24,Ridge,14,2009
2009-08-11,2009,8,18.32,19.2,18.627588694486587,2009-08-25,Ridge,14,2009
2009-08-12,2009,8,18.25,19.19,18.538180965037025,2009-08-26,Ridge,14,2009
2009-08-13,2009,8,18.24,19.18,18.584349567526445,2009-08-27,Ridge,14,2009
2009-08-14,2009,8,18.4,19.16,18.811794966315478,2009-08-28,Ridge,14,2009
2009-08-15,2009,8,18.54,19.13,18.7572290172653,2009-08-29,Ridge,14,2009
2009-08-16,2009,8,18.55,19.03,18.617505232331073,2009-08-30,Ridge,14,2009
2009-08-17,2009,8,19.04,18.94,19.1589816074382,2009-08-31,Ridge,14,2009
2009-08-18,2009,8,19.27,18.79,18.834531204752903,2009-09-01,Ridge,14,2009
2009-08-19,2009,8,19.27,18.67,18.661929627741344,2009-09-02,Ridge,14,2009
2009-08-20,2009,8,19.15,18.55,18.62824557890013,2009-09-03,Ridge,14,2009
2009-08-21,2009,8,19.33,18.4,19.056017267963753,2009-09-04,Ridge,14,2009
2009-08-22,2009,8,19.4,18.29,18.90916102349183,2009-09-05,Ridge,14,2009
2009-08-23,2009,8,19.29,18.07,18.789221277793672,2009-09-06,Ridge,14,2009
2009-08-24,2009,8,19.23,17.96,18.85858472914796,2009-09-07,Ridge,14,2009
2009-08-25,2009,8,19.2,17.74,18.864775609756364,2009-09-08,Ridge,14,2009
2009-08-26,2009,8,19.19,17.61,18.84051547172629,2009-09-09,Ridge,14,2009
2009-08-27,2009,8,19.18,17.52,18.8451536852605,2009-09-10,Ridge,14,2009
2009-08-28,2009,8,19.16,17.31,18.79431785628066,2009-09-11,Ridge,14,2009
2009-08-29,2009,8,19.13,17.25,18.757970990309158,2009-09-12,Ridge,14,2009
2009-08-30,2009,8,19.03,17.14,18.590597567987455,2009-09-13,Ridge,14,2009
2009-08-31,2009,8,18.94,17.14,18.517701922628085,2009-09-14,Ridge,14,2009
2009-09-01,2009,9,18.79,17.07,18.320471354628374,2009-09-15,Ridge,14,2009
2009-09-02,2009,9,18.67,17.0,18.236534074383034,2009-09-16,Ridge,14,2009
2009-09-03,2009,9,18.55,16.94,18.13716346832727,2009-09-17,Ridge,14,2009
2009-09-04,2009,9,18.4,16.93,17.962160023516635,2009-09-18,Ridge,14,2009
2009-09-05,2009,9,18.29,16.99,17.922965073370488,2009-09-19,Ridge,14,2009
2009-09-06,2009,9,18.07,17.2,17.624449792304045,2009-09-20,Ridge,14,2009
2009-09-07,2009,9,17.96,17.3,17.6662644839124,2009-09-21,Ridge,14,2009
2009-09-08,2009,9,17.74,17.3,17.392731245401542,2009-09-22,Ridge,14,2009
2009-09-09,2009,9,17.61,17.23,17.376355161091254,2009-09-23,Ridge,14,2009
2009-09-10,2009,9,17.52,17.31,17.38978602578675,2009-09-24,Ridge,14,2009
2009-09-11,2009,9,17.31,17.51,17.067804069711038,2009-09-25,Ridge,14,2009
2009-09-12,2009,9,17.25,17.63,17.214978701312436,2009-09-26,Ridge,14,2009
2009-09-13,2009,9,17.14,17.65,17.100621372000408,2009-09-27,Ridge,14,2009
2009-09-14,2009,9,17.14,17.57,17.21816745400042,2009-09-28,Ridge,14,2009
2009-09-15,2009,9,17.07,17.46,17.110873934108366,2009-09-29,Ridge,14,2009
2009-09-16,2009,9,17.0,17.24,17.032415336309576,2009-09-30,Ridge,14,2009
2009-09-17,2009,9,16.94,17.12,17.03211838008213,2009-10-01,Ridge,14,2009
2009-09-18,2009,9,16.93,17.02,17.069709205617254,2009-10-02,Ridge,14,2009
2009-09-19,2009,9,16.99,16.92,17.16526950342318,2009-10-03,Ridge,14,2009
2009-09-20,2009,9,17.2,16.76,17.33046505187537,2009-10-04,Ridge,14,2009
2009-09-21,2009,9,17.3,16.62,17.172187924899106,2009-10-05,Ridge,14,2009
2009-09-22,2009,9,17.3,16.47,17.079178214872847,2009-10-06,Ridge,14,2009
2009-09-23,2009,9,17.23,16.36,16.982650609746457,2009-10-07,Ridge,14,2009
2009-09-24,2009,9,17.31,16.62,17.170685370837592,2009-10-08,Ridge,14,2009
2009-09-25,2009,9,17.51,17.56,17.284161191030414,2009-10-09,Ridge,14,2009
2009-09-26,2009,9,17.63,17.67,17.21159773186205,2009-10-10,Ridge,14,2009
2009-09-27,2009,9,17.65,17.41,17.13699688681493,2009-10-11,Ridge,14,2009
2009-09-28,2009,9,17.57,17.26,17.003854085061477,2009-10-12,Ridge,14,2009
2009-09-29,2009,9,17.46,17.14,16.87896216688558,2009-10-13,Ridge,14,2009
2009-09-30,2009,9,17.24,17.21,16.610891808450162,2009-10-14,Ridge,14,2009
2009-10-01,2009,10,17.12,17.33,16.628486106556803,2009-10-15,Ridge,14,2009
2009-10-02,2009,10,17.02,17.34,16.572060049656734,2009-10-16,Ridge,14,2009
2009-10-03,2009,10,16.92,17.25,16.44621531561534,2009-10-17,Ridge,14,2009
2009-10-04,2009,10,16.76,17.08,16.241822261505664,2009-10-18,Ridge,14,2009
2009-10-05,2009,10,16.62,16.9,16.150460259841676,2009-10-19,Ridge,14,2009
2009-10-06,2009,10,16.47,16.68,16.04880682521827,2009-10-20,Ridge,14,2009
2009-10-07,2009,10,16.36,16.48,16.00663762479367,2009-10-21,Ridge,14,2009
2009-10-08,2009,10,16.62,16.27,16.521242500823814,2009-10-22,Ridge,14,2009
2009-10-09,2009,10,17.56,16.16,17.263369718713506,2009-10-23,Ridge,14,2009
2009-10-10,2009,10,17.67,16.08,16.267343562151172,2009-10-24,Ridge,14,2009
2009-10-11,2009,10,17.41,16.0,15.955099960559556,2009-10-25,Ridge,14,2009
2009-10-12,2009,10,17.26,15.96,16.109876687271406,2009-10-26,Ridge,14,2009
2009-10-13,2009,10,17.14,15.93,16.06474257073193,2009-10-27,Ridge,14,2009
2009-10-14,2009,10,17.21,15.8,16.37452317420361,2009-10-28,Ridge,14,2009
2009-10-15,2009,10,17.33,15.73,16.599866615060925,2009-10-29,Ridge,14,2009
2009-10-16,2009,10,17.34,15.65,16.417498828322383,2009-10-30,Ridge,14,2009
2009-10-17,2009,10,17.25,15.58,16.311165314283755,2009-10-31,Ridge,14,2009
2009-10-18,2009,10,17.08,15.49,16.099250263351212,2009-11-01,Ridge,14,2009
2009-10-19,2009,10,16.9,15.42,15.92086102355617,2009-11-02,Ridge,14,2009
2009-10-20,2009,10,16.68,15.37,15.695515355285067,2009-11-03,Ridge,14,2009
2009-10-21,2009,10,16.48,15.28,15.5429177026596,2009-11-04,Ridge,14,2009
2009-10-22,2009,10,16.27,15.22,15.345149499293395,2009-11-05,Ridge,14,2009
2009-10-23,2009,10,16.16,15.17,15.361304728100592,2009-11-06,Ridge,14,2009
2009-10-24,2009,10,16.08,15.13,15.350703312542477,2009-11-07,Ridge,14,2009
2009-10-25,2009,10,16.0,15.07,15.288205199544407,2009-11-08,Ridge,14,2009
2009-10-26,2009,10,15.96,15.04,15.326269417458484,2009-11-09,Ridge,14,2009
2009-10-27,2009,10,15.93,15.01,15.335651661110688,2009-11-10,Ridge,14,2009
2009-10-28,2009,10,15.8,14.95,15.129552460409695,2009-11-11,Ridge,14,2009
2009-10-29,2009,10,15.73,14.9,15.145501848301516,2009-11-12,Ridge,14,2009
2009-10-30,2009,10,15.65,14.85,15.080091186059432,2009-11-13,Ridge,14,2009
2009-10-31,2009,10,15.58,14.8,15.01422417965142,2009-11-14,Ridge,14,2009
2009-11-01,2009,11,15.49,14.74,14.910903596860123,2009-11-15,Ridge,14,2009
2009-11-02,2009,11,15.42,14.7,14.857121091193491,2009-11-16,Ridge,14,2009
2009-11-03,2009,11,15.37,14.67,14.84541499623902,2009-11-17,Ridge,14,2009
2009-11-04,2009,11,15.28,14.63,14.716421149267065,2009-11-18,Ridge,14,2009
2009-11-05,2009,11,15.22,14.62,14.694034049568446,2009-11-19,Ridge,14,2009
2009-11-06,2009,11,15.17,14.6,14.664844445788148,2009-11-20,Ridge,14,2009
2009-11-07,2009,11,15.13,14.59,14.633122116670524,2009-11-21,Ridge,14,2009
2009-11-08,2009,11,15.07,14.57,14.554949040120064,2009-11-22,Ridge,14,2009
2009-11-09,2009,11,15.04,14.55,14.55132896776727,2009-11-23,Ridge,14,2009
2009-11-10,2009,11,15.01,14.63,14.526433326505273,2009-11-24,Ridge,14,2009
2009-11-11,2009,11,14.95,14.95,14.428280888651,2009-11-25,Ridge,14,2009
2009-11-12,2009,11,14.9,15.0,14.389138439489832,2009-11-26,Ridge,14,2009
2009-11-13,2009,11,14.85,15.0,14.339226352621402,2009-11-27,Ridge,14,2009
2009-11-14,2009,11,14.8,14.87,14.285871475944548,2009-11-28,Ridge,14,2009
2009-11-15,2009,11,14.74,14.73,14.21230279342087,2009-11-29,Ridge,14,2009
2009-11-16,2009,11,14.7,14.64,14.18729933933469,2009-11-30,Ridge,14,2009
2009-11-17,2009,11,14.67,14.61,14.167083336860705,2009-12-01,Ridge,14,2009
2009-11-18,2009,11,14.63,14.52,14.109796836946337,2009-12-02,Ridge,14,2009
2009-11-19,2009,11,14.62,14.48,14.124630737520405,2009-12-03,Ridge,14,2009
2009-11-20,2009,11,14.6,14.4,14.089259127073666,2009-12-04,Ridge,14,2009
2009-11-21,2009,11,14.59,14.38,14.078946777138023,2009-12-05,Ridge,14,2009
2009-11-22,2009,11,14.57,14.35,14.042865454906273,2009-12-06,Ridge,14,2009
2009-11-23,2009,11,14.55,14.31,14.010082498453826,2009-12-07,Ridge,14,2009
2009-11-24,2009,11,14.63,14.29,14.136497845664215,2009-12-08,Ridge,14,2009
2009-11-25,2009,11,14.95,14.27,14.352541987564976,2009-12-09,Ridge,14,2009
2009-11-26,2009,11,15.0,14.25,14.01981468528902,2009-12-10,Ridge,14,2009
2009-11-27,2009,11,15.0,14.22,14.037014072355172,2009-12-11,Ridge,14,2009
2009-11-28,2009,11,14.87,14.2,13.84645965182641,2009-12-12,Ridge,14,2009
2009-11-29,2009,11,14.73,14.17,13.723921078631017,2009-12-13,Ridge,14,2009
2009-11-30,2009,11,14.64,14.16,13.758497777909827,2009-12-14,Ridge,14,2009
2009-12-01,2009,12,14.61,14.13,13.821217496586431,2009-12-15,Ridge,14,2009
2009-12-02,2009,12,14.52,14.12,13.652828667653461,2009-12-16,Ridge,14,2009
2009-12-03,2009,12,14.48,14.11,13.654027194897685,2009-12-17,Ridge,14,2009
2009-12-04,2009,12,14.4,14.07,13.56541231068904,2009-12-18,Ridge,14,2009
2009-12-05,2009,12,14.38,14.05,13.621722474530538,2009-12-19,Ridge,14,2009
2009-12-06,2009,12,14.35,14.01,13.604619411469741,2009-12-20,Ridge,14,2009
2009-12-07,2009,12,14.31,13.98,13.542756785760234,2009-12-21,Ridge,14,2009
2009-12-08,2009,12,14.29,13.96,13.557807802245463,2009-12-22,Ridge,14,2009
2009-12-09,2009,12,14.27,13.94,13.538440075782923,2009-12-23,Ridge,14,2009
2009-12-10,2009,12,14.25,13.92,13.521316770397254,2009-12-24,Ridge,14,2009
2009-12-11,2009,12,14.22,13.92,13.479187474297822,2009-12-25,Ridge,14,2009
2009-12-12,2009,12,14.2,13.91,13.46676632760681,2009-12-26,Ridge,14,2009
2009-12-13,2009,12,14.17,13.9,13.428089462343323,2009-12-27,Ridge,14,2009
2009-12-14,2009,12,14.16,13.89,13.43295848247231,2009-12-28,Ridge,14,2009
2009-12-15,2009,12,14.13,13.89,13.380289698235954,2009-12-29,Ridge,14,2009
2009-12-16,2009,12,14.12,13.88,13.383701541188492,2009-12-30,Ridge,14,2009
2009-12-17,2009,12,14.11,13.85,13.37520533939619,2009-12-31,Ridge,14,2009
2009-12-18,2009,12,14.07,13.83,13.296999576265842,2010-01-01,Ridge,14,2009
2009-12-19,2009,12,14.05,13.79,13.300713691765704,2010-01-02,Ridge,14,2009
2009-12-20,2009,12,14.01,13.76,13.242718173391518,2010-01-03,Ridge,14,2009
2009-12-21,2009,12,13.98,13.73,13.221859111791483,2010-01-04,Ridge,14,2009
2009-12-22,2009,12,13.96,13.71,13.215955399247084,2010-01-05,Ridge,14,2009
2009-12-23,2009,12,13.94,13.69,13.190997876611043,2010-01-06,Ridge,14,2009
2009-12-24,2009,12,13.92,13.67,13.173947269467435,2010-01-07,Ridge,14,2009
2009-12-25,2009,12,13.92,13.65,13.193905365089773,2010-01-08,Ridge,14,2009
2009-12-26,2009,12,13.91,13.63,13.175622757475281,2010-01-09,Ridge,14,2009
2009-12-27,2009,12,13.9,13.62,13.16462837916843,2010-01-10,Ridge,14,2009
2009-12-28,2009,12,13.89,13.6,13.157108413842204,2010-01-11,Ridge,14,2009
2009-12-29,2009,12,13.89,13.58,13.165592795172842,2010-01-12,Ridge,14,2009
2009-12-30,2009,12,13.88,13.56,13.144894815890412,2010-01-13,Ridge,14,2009
2009-12-31,2009,12,13.85,13.54,13.091096362050706,2010-01-14,Ridge,14,2009
2010-01-01,2010,1,13.83,13.53,13.037035450300083,2010-01-15,Ridge,14,2010
2010-01-02,2010,1,13.79,13.52,12.981582090123801,2010-01-16,Ridge,14,2010
2010-01-03,2010,1,13.76,13.5,12.96168461783257,2010-01-17,Ridge,14,2010
2010-01-04,2010,1,13.73,13.48,12.936961608777596,2010-01-18,Ridge,14,2010
2010-01-05,2010,1,13.71,13.46,12.92698490912803,2010-01-19,Ridge,14,2010
2010-01-06,2010,1,13.69,13.45,12.915606958283412,2010-01-20,Ridge,14,2010
2010-01-07,2010,1,13.67,13.43,12.900665025837151,2010-01-21,Ridge,14,2010
2010-01-08,2010,1,13.65,13.42,12.891763797021072,2010-01-22,Ridge,14,2010
2010-01-09,2010,1,13.63,13.41,12.881762213246237,2010-01-23,Ridge,14,2010
2010-01-10,2010,1,13.62,13.39,12.8904737900877,2010-01-24,Ridge,14,2010
2010-01-11,2010,1,13.6,13.37,12.86888253161952,2010-01-25,Ridge,14,2010
2010-01-12,2010,1,13.58,13.36,12.855119968467674,2010-01-26,Ridge,14,2010
2010-01-13,2010,1,13.56,13.35,12.845342580403436,2010-01-27,Ridge,14,2010
2010-01-14,2010,1,13.54,13.34,12.834032286496129,2010-01-28,Ridge,14,2010
2010-01-15,2010,1,13.53,13.32,12.842708455311607,2010-01-29,Ridge,14,2010
2010-01-16,2010,1,13.52,13.3,12.83988286958198,2010-01-30,Ridge,14,2010
2010-01-17,2010,1,13.5,13.28,12.818021019585872,2010-01-31,Ridge,14,2010
2010-01-18,2010,1,13.48,13.27,12.808943477350656,2010-02-01,Ridge,14,2010
2010-01-19,2010,1,13.46,13.25,12.801767547689561,2010-02-02,Ridge,14,2010
2010-01-20,2010,1,13.45,13.24,12.812522054914528,2010-02-03,Ridge,14,2010
2010-01-21,2010,1,13.43,13.22,12.793620116743384,2010-02-04,Ridge,14,2010
2010-01-22,2010,1,13.42,13.2,12.80106753876247,2010-02-05,Ridge,14,2010
2010-01-23,2010,1,13.41,13.19,12.805076998724733,2010-02-06,Ridge,14,2010
2010-01-24,2010,1,13.39,13.18,12.786983909902311,2010-02-07,Ridge,14,2010
2010-01-25,2010,1,13.37,13.17,12.781773630280359,2010-02-08,Ridge,14,2010
2010-01-26,2010,1,13.36,13.15,12.794823002064216,2010-02-09,Ridge,14,2010
2010-01-27,2010,1,13.35,13.14,12.799030773971785,2010-02-10,Ridge,14,2010
2010-01-28,2010,1,13.34,13.13,12.800510562860325,2010-02-11,Ridge,14,2010
2010-01-29,2010,1,13.32,13.11,12.784262212758145,2010-02-12,Ridge,14,2010
2010-01-30,2010,1,13.3,13.1,12.78032324424863,2010-02-13,Ridge,14,2010
2010-01-31,2010,1,13.28,13.09,12.779639070679675,2010-02-14,Ridge,14,2010
2010-02-01,2010,2,13.27,13.08,12.794558600407656,2010-02-15,Ridge,14,2010
2010-02-02,2010,2,13.25,13.08,12.781372439039016,2010-02-16,Ridge,14,2010
2010-02-03,2010,2,13.24,13.07,12.79513688849621,2010-02-17,Ridge,14,2010
2010-02-04,2010,2,13.22,13.06,12.786506123917343,2010-02-18,Ridge,14,2010
2010-02-05,2010,2,13.2,13.05,12.78483871600159,2010-02-19,Ridge,14,2010
2010-02-06,2010,2,13.19,13.05,12.806575671720399,2010-02-20,Ridge,14,2010
2010-02-07,2010,2,13.18,13.04,12.814717888117766,2010-02-21,Ridge,14,2010
2010-02-08,2010,2,13.17,13.03,12.823450443861283,2010-02-22,Ridge,14,2010
2010-02-09,2010,2,13.15,13.03,12.813443369885995,2010-02-23,Ridge,14,2010
2010-02-10,2010,2,13.14,13.03,12.833806599723781,2010-02-24,Ridge,14,2010
2010-02-11,2010,2,13.13,13.03,12.847747983624437,2010-02-25,Ridge,14,2010
2010-02-12,2010,2,13.11,13.03,12.837264073812815,2010-02-26,Ridge,14,2010
2010-02-13,2010,2,13.1,13.04,12.8575842406643,2010-02-27,Ridge,14,2010
2010-02-14,2010,2,13.09,13.04,12.869961662628459,2010-02-28,Ridge,14,2010
2010-02-15,2010,2,13.08,13.04,12.881472002689655,2010-03-01,Ridge,14,2010
2010-02-16,2010,2,13.08,13.04,12.912287829192275,2010-03-02,Ridge,14,2010
2010-02-17,2010,2,13.07,13.05,12.913870765425653,2010-03-03,Ridge,14,2010
2010-02-18,2010,2,13.06,13.05,12.926511790953272,2010-03-04,Ridge,14,2010
2010-02-19,2010,2,13.05,13.07,12.941133491137053,2010-03-05,Ridge,14,2010
2010-02-20,2010,2,13.05,13.1,12.97194980234954,2010-03-06,Ridge,14,2010
2010-02-21,2010,2,13.04,13.12,12.97560708015943,2010-03-07,Ridge,14,2010
2010-02-22,2010,2,13.03,13.14,12.985497933852317,2010-03-08,Ridge,14,2010
2010-02-23,2010,2,13.03,13.16,13.019064441051292,2010-03-09,Ridge,14,2010
2010-02-24,2010,2,13.03,13.19,13.042396982037156,2010-03-10,Ridge,14,2010
2010-02-25,2010,2,13.03,13.22,13.064370501256716,2010-03-11,Ridge,14,2010
2010-02-26,2010,2,13.03,13.27,13.085796996019766,2010-03-12,Ridge,14,2010
2010-02-27,2010,2,13.04,13.43,13.121310977966512,2010-03-13,Ridge,14,2010
2010-02-28,2010,2,13.04,13.55,13.131692680794412,2010-03-14,Ridge,14,2010
2010-03-01,2010,3,13.04,13.66,13.156708125783396,2010-03-15,Ridge,14,2010
2010-03-02,2010,3,13.04,13.7,13.180170308546588,2010-03-16,Ridge,14,2010
2010-03-03,2010,3,13.05,13.7,13.211421469335939,2010-03-17,Ridge,14,2010
2010-03-04,2010,3,13.05,13.64,13.22441134112563,2010-03-18,Ridge,14,2010
2010-03-05,2010,3,13.07,13.58,13.270744737209014,2010-03-19,Ridge,14,2010
2010-03-06,2010,3,13.1,13.53,13.303340167380364,2010-03-20,Ridge,14,2010
2010-03-07,2010,3,13.12,13.48,13.319444159339456,2010-03-21,Ridge,14,2010
2010-03-08,2010,3,13.14,13.46,13.352729332500964,2010-03-22,Ridge,14,2010
2010-03-09,2010,3,13.16,13.46,13.386184670245116,2010-03-23,Ridge,14,2010
2010-03-10,2010,3,13.19,13.46,13.426107349971431,2010-03-24,Ridge,14,2010
2010-03-11,2010,3,13.22,13.45,13.462153583255255,2010-03-25,Ridge,14,2010
2010-03-12,2010,3,13.27,13.45,13.519963741427906,2010-03-26,Ridge,14,2010
2010-03-13,2010,3,13.43,13.45,13.657817391492717,2010-03-27,Ridge,14,2010
2010-03-14,2010,3,13.55,13.53,13.652973769371826,2010-03-28,Ridge,14,2010
2010-03-15,2010,3,13.66,13.65,13.708993353842306,2010-03-29,Ridge,14,2010
2010-03-16,2010,3,13.7,13.77,13.715382223643358,2010-03-30,Ridge,14,2010
2010-03-17,2010,3,13.7,13.97,13.745586358671607,2010-03-31,Ridge,14,2010
2010-03-18,2010,3,13.64,14.42,13.705939273363276,2010-04-01,Ridge,14,2010
2010-03-19,2010,3,13.58,14.8,13.732989716108426,2010-04-02,Ridge,14,2010
2010-03-20,2010,3,13.53,15.07,13.764736413318131,2010-04-03,Ridge,14,2010
2010-03-21,2010,3,13.48,15.17,13.76222378470297,2010-04-04,Ridge,14,2010
2010-03-22,2010,3,13.46,15.17,13.805553695896968,2010-04-05,Ridge,14,2010
2010-03-23,2010,3,13.46,15.09,13.857252553148287,2010-04-06,Ridge,14,2010
2010-03-24,2010,3,13.46,15.16,13.898985792836122,2010-04-07,Ridge,14,2010
2010-03-25,2010,3,13.45,15.4,13.925323150113037,2010-04-08,Ridge,14,2010
2010-03-26,2010,3,13.45,15.57,13.979993947108776,2010-04-09,Ridge,14,2010
2010-03-27,2010,3,13.45,15.65,14.026474049881003,2010-04-10,Ridge,14,2010
2010-03-28,2010,3,13.53,15.65,14.138156805752022,2010-04-11,Ridge,14,2010
2010-03-29,2010,3,13.65,15.68,14.202373575353183,2010-04-12,Ridge,14,2010
2010-03-30,2010,3,13.77,15.78,14.240479149566738,2010-04-13,Ridge,14,2010
2010-03-31,2010,3,13.97,15.79,14.374146784828744,2010-04-14,Ridge,14,2010
2010-04-01,2010,4,14.42,15.69,14.664178015198587,2010-04-15,Ridge,14,2010
2010-04-02,2010,4,14.8,15.57,14.657113032746503,2010-04-16,Ridge,14,2010
2010-04-03,2010,4,15.07,15.56,14.706184506598236,2010-04-17,Ridge,14,2010
2010-04-04,2010,4,15.17,15.74,14.726115875872706,2010-04-18,Ridge,14,2010
2010-04-05,2010,4,15.17,15.74,14.784868588254453,2010-04-19,Ridge,14,2010
2010-04-06,2010,4,15.09,15.96,14.788267522152962,2010-04-20,Ridge,14,2010
2010-04-07,2010,4,15.16,16.21,15.129591380558438,2010-04-21,Ridge,14,2010
2010-04-08,2010,4,15.4,16.4,15.398262383502265,2010-04-22,Ridge,14,2010
2010-04-09,2010,4,15.57,16.48,15.39321743987503,2010-04-23,Ridge,14,2010
2010-04-10,2010,4,15.65,16.55,15.393763177608381,2010-04-24,Ridge,14,2010
2010-04-11,2010,4,15.65,16.55,15.402077880392865,2010-04-25,Ridge,14,2010
2010-04-12,2010,4,15.68,16.65,15.489984438074623,2010-04-26,Ridge,14,2010
2010-04-13,2010,4,15.78,17.43,15.627482418764119,2010-04-27,Ridge,14,2010
2010-04-14,2010,4,15.79,17.87,15.629876484924983,2010-04-28,Ridge,14,2010
2010-04-15,2010,4,15.69,17.98,15.534140458588015,2010-04-29,Ridge,14,2010
2010-04-16,2010,4,15.57,17.92,15.468351151999883,2010-04-30,Ridge,14,2010
2010-04-17,2010,4,15.56,17.69,15.613235684747613,2010-05-01,Ridge,14,2010
2010-04-18,2010,4,15.74,17.44,15.910939816250872,2010-05-02,Ridge,14,2010
2010-04-19,2010,4,15.74,17.03,15.756155226864172,2010-05-03,Ridge,14,2010
2010-04-20,2010,4,15.96,16.76,16.053837519339705,2010-05-04,Ridge,14,2010
2010-04-21,2010,4,16.21,16.5,16.110066306845333,2010-05-05,Ridge,14,2010
2010-04-22,2010,4,16.4,16.25,16.096097491593568,2010-05-06,Ridge,14,2010
2010-04-23,2010,4,16.48,16.09,16.1132811541008,2010-05-07,Ridge,14,2010
2010-04-24,2010,4,16.55,16.03,16.243489009692528,2010-05-08,Ridge,14,2010
2010-04-25,2010,4,16.55,16.12,16.238257148696015,2010-05-09,Ridge,14,2010
2010-04-26,2010,4,16.65,16.31,16.452111345669866,2010-05-10,Ridge,14,2010
2010-04-27,2010,4,17.43,16.33,17.16423125113611,2010-05-11,Ridge,14,2010
2010-04-28,2010,4,17.87,16.27,16.868572354399067,2010-05-12,Ridge,14,2010
2010-04-29,2010,4,17.98,16.24,16.75324120914241,2010-05-13,Ridge,14,2010
2010-04-30,2010,4,17.92,16.24,16.809818496826033,2010-05-14,Ridge,14,2010
2010-05-01,2010,5,17.69,16.33,16.537824457840408,2010-05-15,Ridge,14,2010
2010-05-02,2010,5,17.44,16.84,16.44321478414088,2010-05-16,Ridge,14,2010
2010-05-03,2010,5,17.03,17.47,16.188021892589184,2010-05-17,Ridge,14,2010
2010-05-04,2010,5,16.76,17.8,16.154872723755528,2010-05-18,Ridge,14,2010
2010-05-05,2010,5,16.5,17.97,16.01601587773706,2010-05-19,Ridge,14,2010
2010-05-06,2010,5,16.25,18.16,15.851372902509622,2010-05-20,Ridge,14,2010
2010-05-07,2010,5,16.09,18.2,15.920259113217432,2010-05-21,Ridge,14,2010
2010-05-08,2010,5,16.03,18.0,16.090374893722167,2010-05-22,Ridge,14,2010
2010-05-09,2010,5,16.12,17.65,16.431260063779,2010-05-23,Ridge,14,2010
2010-05-10,2010,5,16.31,17.6,16.690538952736524,2010-05-24,Ridge,14,2010
2010-05-11,2010,5,16.33,17.7,16.64048659049241,2010-05-25,Ridge,14,2010
2010-05-12,2010,5,16.27,18.04,16.652661471224906,2010-05-26,Ridge,14,2010
2010-05-13,2010,5,16.24,18.18,16.704256498854186,2010-05-27,Ridge,14,2010
2010-05-14,2010,5,16.24,18.08,16.776982977765687,2010-05-28,Ridge,14,2010
2010-05-15,2010,5,16.33,17.84,16.951770080659468,2010-05-29,Ridge,14,2010
2010-05-16,2010,5,16.84,17.64,17.389644030426837,2010-05-30,Ridge,14,2010
2010-05-17,2010,5,17.47,17.58,17.50478177473375,2010-05-31,Ridge,14,2010
2010-05-18,2010,5,17.8,17.44,17.312357513371254,2010-06-01,Ridge,14,2010
2010-05-19,2010,5,17.97,17.38,17.381310071654237,2010-06-02,Ridge,14,2010
2010-05-20,2010,5,18.16,17.44,17.57385632780832,2010-06-03,Ridge,14,2010
2010-05-21,2010,5,18.2,17.41,17.552781238631567,2010-06-04,Ridge,14,2010
2010-05-22,2010,5,18.0,17.57,17.402273262583055,2010-06-05,Ridge,14,2010
2010-05-23,2010,5,17.65,17.76,17.163985341005006,2010-06-06,Ridge,14,2010
2010-05-24,2010,5,17.6,18.0,17.51473654300981,2010-06-07,Ridge,14,2010
2010-05-25,2010,5,17.7,18.2,17.79780288961429,2010-06-08,Ridge,14,2010
2010-05-26,2010,5,18.04,18.2,18.134214903681624,2010-06-09,Ridge,14,2010
2010-05-27,2010,5,18.18,18.33,18.016554604043666,2010-06-10,Ridge,14,2010
2010-05-28,2010,5,18.08,18.75,17.813603088752476,2010-06-11,Ridge,14,2010
2010-05-29,2010,5,17.84,18.93,17.53060865058939,2010-06-12,Ridge,14,2010
2010-05-30,2010,5,17.64,18.92,17.488906679247044,2010-06-13,Ridge,14,2010
2010-05-31,2010,5,17.58,18.65,17.666775441192563,2010-06-14,Ridge,14,2010
2010-06-01,2010,6,17.44,18.45,17.54500689082885,2010-06-15,Ridge,14,2010
2010-06-02,2010,6,17.38,18.34,17.583790724490225,2010-06-16,Ridge,14,2010
2010-06-03,2010,6,17.44,18.31,17.801072208850158,2010-06-17,Ridge,14,2010
2010-06-04,2010,6,17.41,18.32,17.75646130235103,2010-06-18,Ridge,14,2010
2010-06-05,2010,6,17.57,18.44,18.088536174909578,2010-06-19,Ridge,14,2010
2010-06-06,2010,6,17.76,18.44,18.164234788881817,2010-06-20,Ridge,14,2010
2010-06-07,2010,6,18.0,18.57,18.228969642296043,2010-06-21,Ridge,14,2010
2010-06-08,2010,6,18.2,18.55,18.263154110390378,2010-06-22,Ridge,14,2010
2010-06-09,2010,6,18.2,18.51,18.158784221380124,2010-06-23,Ridge,14,2010
2010-06-10,2010,6,18.33,18.61,18.38185462966271,2010-06-24,Ridge,14,2010
2010-06-11,2010,6,18.75,18.61,18.736058491760428,2010-06-25,Ridge,14,2010
2010-06-12,2010,6,18.93,18.65,18.561845332182035,2010-06-26,Ridge,14,2010
2010-06-13,2010,6,18.92,18.74,18.547235738305048,2010-06-27,Ridge,14,2010
2010-06-14,2010,6,18.65,19.31,18.218428300062836,2010-06-28,Ridge,14,2010
2010-06-15,2010,6,18.45,19.61,18.168483536685923,2010-06-29,Ridge,14,2010
2010-06-16,2010,6,18.34,19.59,18.288894070363153,2010-06-30,Ridge,14,2010
2010-06-17,2010,6,18.31,19.51,18.420826633600633,2010-07-01,Ridge,14,2010
2010-06-18,2010,6,18.32,19.47,18.486973366685184,2010-07-02,Ridge,14,2010
2010-06-19,2010,6,18.44,19.42,18.632509083571705,2010-07-03,Ridge,14,2010
2010-06-20,2010,6,18.44,19.45,18.587389097481708,2010-07-04,Ridge,14,2010
2010-06-21,2010,6,18.57,19.44,18.819466920766008,2010-07-05,Ridge,14,2010
2010-06-22,2010,6,18.55,19.35,18.68322162340619,2010-07-06,Ridge,14,2010
2010-06-23,2010,6,18.51,19.24,18.67259267922181,2010-07-07,Ridge,14,2010
2010-06-24,2010,6,18.61,19.08,18.88649553455985,2010-07-08,Ridge,14,2010
2010-06-25,2010,6,18.61,19.05,18.809660767889095,2010-07-09,Ridge,14,2010
2010-06-26,2010,6,18.65,19.05,18.881027587767306,2010-07-10,Ridge,14,2010
2010-06-27,2010,6,18.74,19.26,18.97729667821181,2010-07-11,Ridge,14,2010
2010-06-28,2010,6,19.31,19.42,19.41008816649441,2010-07-12,Ridge,14,2010
2010-06-29,2010,6,19.61,19.51,19.150722557072218,2010-07-13,Ridge,14,2010
2010-06-30,2010,6,19.59,19.52,18.983806894261694,2010-07-14,Ridge,14,2010
2010-07-01,2010,7,19.51,19.52,19.02125217012589,2010-07-15,Ridge,14,2010
2010-07-02,2010,7,19.47,19.44,19.081303347926365,2010-07-16,Ridge,14,2010
2010-07-03,2010,7,19.42,19.34,19.097385950055443,2010-07-17,Ridge,14,2010
2010-07-04,2010,7,19.45,19.31,19.34763122627247,2010-07-18,Ridge,14,2010
2010-07-05,2010,7,19.44,19.4,19.324120476100923,2010-07-19,Ridge,14,2010
2010-07-06,2010,7,19.35,19.52,19.15498519988634,2010-07-20,Ridge,14,2010
2010-07-07,2010,7,19.24,19.54,19.072567333953963,2010-07-21,Ridge,14,2010
2010-07-08,2010,7,19.08,19.67,18.913208122072913,2010-07-22,Ridge,14,2010
2010-07-09,2010,7,19.05,19.8,19.033636521431156,2010-07-23,Ridge,14,2010
2010-07-10,2010,7,19.05,19.78,19.100108945862296,2010-07-24,Ridge,14,2010
2010-07-11,2010,7,19.26,19.65,19.3617442262874,2010-07-25,Ridge,14,2010
2010-07-12,2010,7,19.42,19.47,19.362852468915616,2010-07-26,Ridge,14,2010
2010-07-13,2010,7,19.51,19.33,19.324021572791693,2010-07-27,Ridge,14,2010
2010-07-14,2010,7,19.52,19.29,19.292086504659945,2010-07-28,Ridge,14,2010
2010-07-15,2010,7,19.52,19.21,19.326561873316972,2010-07-29,Ridge,14,2010
2010-07-16,2010,7,19.44,19.17,19.206771011452787,2010-07-30,Ridge,14,2010
2010-07-17,2010,7,19.34,19.08,19.168727701953244,2010-07-31,Ridge,14,2010
2010-07-18,2010,7,19.31,19.07,19.249431128758403,2010-08-01,Ridge,14,2010
2010-07-19,2010,7,19.4,18.97,19.418223817480733,2010-08-02,Ridge,14,2010
2010-07-20,2010,7,19.52,18.9,19.467097452141832,2010-08-03,Ridge,14,2010
2010-07-21,2010,7,19.54,18.73,19.37869393602357,2010-08-04,Ridge,14,2010
2010-07-22,2010,7,19.67,18.68,19.509181350744353,2010-08-05,Ridge,14,2010
2010-07-23,2010,7,19.8,18.653,19.506011696474026,2010-08-06,Ridge,14,2010
2010-07-24,2010,7,19.78,18.62,19.37071111888637,2010-08-07,Ridge,14,2010
2010-07-25,2010,7,19.65,18.57,19.23016570128313,2010-08-08,Ridge,14,2010
2010-07-26,2010,7,19.47,18.54,19.074026051982578,2010-08-09,Ridge,14,2010
2010-07-27,2010,7,19.33,18.47,19.00788070785734,2010-08-10,Ridge,14,2010
2010-07-28,2010,7,19.29,18.38,19.10635607341091,2010-08-11,Ridge,14,2010
2010-07-29,2010,7,19.21,18.34,19.00933865399137,2010-08-12,Ridge,14,2010
2010-07-30,2010,7,19.17,18.28,19.0003357676672,2010-08-13,Ridge,14,2010
2010-07-31,2010,7,19.08,18.25,18.911083497030106,2010-08-14,Ridge,14,2010
2010-08-01,2010,8,19.07,18.18,19.018436468710366,2010-08-15,Ridge,14,2010
2010-08-02,2010,8,18.97,18.15,18.892091691436104,2010-08-16,Ridge,14,2010
2010-08-03,2010,8,18.9,18.14,18.86139129744403,2010-08-17,Ridge,14,2010
2010-08-04,2010,8,18.73,18.37,18.644676014377275,2010-08-18,Ridge,14,2010
2010-08-05,2010,8,18.68,18.5,18.722399105063115,2010-08-19,Ridge,14,2010
2010-08-06,2010,8,18.653,18.75,18.767829192082964,2010-08-20,Ridge,14,2010
2010-08-07,2010,8,18.62,18.79,18.718549468877114,2010-08-21,Ridge,14,2010
2010-08-08,2010,8,18.57,18.89,18.676535892008598,2010-08-22,Ridge,14,2010
2010-08-09,2010,8,18.54,19.05,18.683470575885696,2010-08-23,Ridge,14,2010
2010-08-10,2010,8,18.47,19.22,18.619010937357455,2010-08-24,Ridge,14,2010
2010-08-11,2010,8,18.38,19.37,18.52897281018809,2010-08-25,Ridge,14,2010
2010-08-12,2010,8,18.34,19.38,18.55147157443526,2010-08-26,Ridge,14,2010
2010-08-13,2010,8,18.28,19.35,18.48437793623104,2010-08-27,Ridge,14,2010
2010-08-14,2010,8,18.25,19.39,18.485492643758953,2010-08-28,Ridge,14,2010
2010-08-15,2010,8,18.18,19.52,18.389937387118408,2010-08-29,Ridge,14,2010
2010-08-16,2010,8,18.15,19.53,18.404113204128905,2010-08-30,Ridge,14,2010
2010-08-17,2010,8,18.14,19.53,18.437729680620205,2010-08-31,Ridge,14,2010
2010-08-18,2010,8,18.37,19.42,18.7283085526261,2010-09-01,Ridge,14,2010
2010-08-19,2010,8,18.5,19.33,18.59871060824298,2010-09-02,Ridge,14,2010
2010-08-20,2010,8,18.75,19.29,18.735741721948926,2010-09-03,Ridge,14,2010
2010-08-21,2010,8,18.79,19.2,18.547412636048154,2010-09-04,Ridge,14,2010
2010-08-22,2010,8,18.89,19.19,18.657595011560357,2010-09-05,Ridge,14,2010
2010-08-23,2010,8,19.05,19.19,18.745048246354173,2010-09-06,Ridge,14,2010
2010-08-24,2010,8,19.22,19.2,18.80444235543481,2010-09-07,Ridge,14,2010
2010-08-25,2010,8,19.37,19.12,18.833452189819788,2010-09-08,Ridge,14,2010
2010-08-26,2010,8,19.38,19.09,18.772431585438557,2010-09-09,Ridge,14,2010
2010-08-27,2010,8,19.35,19.17,18.749103548444516,2010-09-10,Ridge,14,2010
2010-08-28,2010,8,19.39,19.35,18.85954939170345,2010-09-11,Ridge,14,2010
2010-08-29,2010,8,19.52,19.61,18.958474546706267,2010-09-12,Ridge,14,2010
2010-08-30,2010,8,19.53,19.77,18.85319002407463,2010-09-13,Ridge,14,2010
2010-08-31,2010,8,19.53,19.78,18.88473168739501,2010-09-14,Ridge,14,2010
2010-09-01,2010,9,19.42,19.78,18.67347157432365,2010-09-15,Ridge,14,2010
2010-09-02,2010,9,19.33,19.78,18.595859517396686,2010-09-16,Ridge,14,2010
2010-09-03,2010,9,19.29,19.71,18.62492307760048,2010-09-17,Ridge,14,2010
2010-09-04,2010,9,19.2,19.55,18.490070080363648,2010-09-18,Ridge,14,2010
2010-09-05,2010,9,19.19,19.41,18.53096646877333,2010-09-19,Ridge,14,2010
2010-09-06,2010,9,19.19,19.3,18.535280314579417,2010-09-20,Ridge,14,2010
2010-09-07,2010,9,19.2,19.27,18.538847590264556,2010-09-21,Ridge,14,2010
2010-09-08,2010,9,19.12,19.25,18.38632172703143,2010-09-22,Ridge,14,2010
2010-09-09,2010,9,19.09,19.23,18.39929335483432,2010-09-23,Ridge,14,2010
2010-09-10,2010,9,19.17,19.18,18.558901997579305,2010-09-24,Ridge,14,2010
2010-09-11,2010,9,19.35,19.09,18.6246013735908,2010-09-25,Ridge,14,2010
2010-09-12,2010,9,19.61,19.0,18.679059171676524,2010-09-26,Ridge,14,2010
2010-09-13,2010,9,19.77,18.87,18.588330249526575,2010-09-27,Ridge,14,2010
2010-09-14,2010,9,19.78,18.75,18.47203049718904,2010-09-28,Ridge,14,2010
2010-09-15,2010,9,19.78,18.66,18.512989754380605,2010-09-29,Ridge,14,2010
2010-09-16,2010,9,19.78,18.61,18.5321543507445,2010-09-30,Ridge,14,2010
2010-11-08,2010,11,15.78,15.14,14.872221648221762,2010-11-22,Ridge,14,2010
2010-11-09,2010,11,15.74,15.12,14.876615815963357,2010-11-23,Ridge,14,2010
2010-11-10,2010,11,15.68,15.08,14.815554377763979,2010-11-24,Ridge,14,2010
2010-11-11,2010,11,15.6,15.05,14.717297363865208,2010-11-25,Ridge,14,2010
2010-11-12,2010,11,15.55,15.07,14.708496847401761,2010-11-26,Ridge,14,2010
2010-11-13,2010,11,15.5,15.09,14.66748299254675,2010-11-27,Ridge,14,2010
2010-11-14,2010,11,15.45,15.11,14.617535751087571,2010-11-28,Ridge,14,2010
2010-11-15,2010,11,15.4,15.11,14.566464301734644,2010-11-29,Ridge,14,2010
2010-11-16,2010,11,15.33,15.06,14.47836299613378,2010-11-30,Ridge,14,2010
2010-11-17,2010,11,15.29,15.01,14.472907097440036,2010-12-01,Ridge,14,2010
2010-11-18,2010,11,15.26,14.93,14.456009967953596,2010-12-02,Ridge,14,2010
2010-11-19,2010,11,15.23,14.897,14.41806367030028,2010-12-03,Ridge,14,2010
2010-11-20,2010,11,15.2,14.86,14.383825848656592,2010-12-04,Ridge,14,2010
2010-11-21,2010,11,15.17,14.82,14.349303742164448,2010-12-05,Ridge,14,2010
2010-11-22,2010,11,15.14,14.8,14.319482536982669,2010-12-06,Ridge,14,2010
2010-11-23,2010,11,15.12,14.79,14.30322693417403,2010-12-07,Ridge,14,2010
2010-11-24,2010,11,15.08,14.77,14.235523890497376,2010-12-08,Ridge,14,2010
2010-11-25,2010,11,15.05,14.74,14.204440038340929,2010-12-09,Ridge,14,2010
2010-11-26,2010,11,15.07,14.7,14.257127300836148,2010-12-10,Ridge,14,2010
2010-11-27,2010,11,15.09,14.66,14.24498566229485,2010-12-11,Ridge,14,2010
2010-11-28,2010,11,15.11,14.61,14.238499754638575,2010-12-12,Ridge,14,2010
2010-11-29,2010,11,15.11,14.57,14.208590271095002,2010-12-13,Ridge,14,2010
2010-11-30,2010,11,15.06,14.53,14.100744651733951,2010-12-14,Ridge,14,2010
2010-12-01,2010,12,15.01,14.5,14.038862399262614,2010-12-15,Ridge,14,2010
2010-12-02,2010,12,14.93,14.47,13.930819755666064,2010-12-16,Ridge,14,2010
2010-12-03,2010,12,14.897,14.45,13.93189778125562,2010-12-17,Ridge,14,2010
2010-12-04,2010,12,14.86,14.43,13.889004344876074,2010-12-18,Ridge,14,2010
2010-12-05,2010,12,14.82,14.41,13.826516638587835,2010-12-19,Ridge,14,2010
2010-12-06,2010,12,14.8,14.38,13.826438790920061,2010-12-20,Ridge,14,2010
2010-12-07,2010,12,14.79,14.36,13.825971032209377,2010-12-21,Ridge,14,2010
2010-12-08,2010,12,14.77,14.34,13.800304317389404,2010-12-22,Ridge,14,2010
2010-12-09,2010,12,14.74,14.33,13.758290411688677,2010-12-23,Ridge,14,2010
2010-12-10,2010,12,14.7,14.28,13.708008002170214,2010-12-24,Ridge,14,2010
2010-12-11,2010,12,14.66,14.27,13.669245740182323,2010-12-25,Ridge,14,2010
2010-12-12,2010,12,14.61,14.26,13.609251721390198,2010-12-26,Ridge,14,2010
2010-12-13,2010,12,14.57,14.24,13.57423310897856,2010-12-27,Ridge,14,2010
2010-12-14,2010,12,14.53,14.21,13.533945819843579,2010-12-28,Ridge,14,2010
2010-12-15,2010,12,14.5,14.17,13.511904579609498,2010-12-29,Ridge,14,2010
2010-12-16,2010,12,14.47,14.14,13.485415077526856,2010-12-30,Ridge,14,2010
2010-12-17,2010,12,14.45,14.1,13.475784767289461,2010-12-31,Ridge,14,2010
2010-12-18,2010,12,14.43,14.08,13.46074048824873,2011-01-01,Ridge,14,2010
2010-12-19,2010,12,14.41,14.06,13.44173606385931,2011-01-02,Ridge,14,2010
2010-12-20,2010,12,14.38,14.04,13.40531254876411,2011-01-03,Ridge,14,2010
2010-12-21,2010,12,14.36,14.03,13.395288227065281,2011-01-04,Ridge,14,2010
2010-12-22,2010,12,14.34,13.99,13.377550994579488,2011-01-05,Ridge,14,2010
2010-12-23,2010,12,14.33,13.96,13.373073230896534,2011-01-06,Ridge,14,2010
2010-12-24,2010,12,14.28,13.94,13.284525274803931,2011-01-07,Ridge,14,2010
2010-12-25,2010,12,14.27,13.92,13.309503262651312,2011-01-08,Ridge,14,2010
2010-12-26,2010,12,14.26,13.9,13.308658099267644,2011-01-09,Ridge,14,2010
2010-12-27,2010,12,14.24,13.88,13.271807861190771,2011-01-10,Ridge,14,2010
2010-12-28,2010,12,14.21,13.863,13.23454083757418,2011-01-11,Ridge,14,2010
2010-12-29,2010,12,14.17,13.84,13.185668076195471,2011-01-12,Ridge,14,2010
2010-12-30,2010,12,14.14,13.82,13.175580797068694,2011-01-13,Ridge,14,2010
2010-12-31,2010,12,14.1,13.798,13.132294216078044,2011-01-14,Ridge,14,2010
2011-01-01,2011,1,14.08,13.77,13.212781464003108,2011-01-15,Ridge,14,2011
2011-01-02,2011,1,14.06,13.75,13.199228405122074,2011-01-16,Ridge,14,2011
2011-01-03,2011,1,14.04,13.73,13.182296793800523,2011-01-17,Ridge,14,2011
2011-01-04,2011,1,14.03,13.71,13.191184794552886,2011-01-18,Ridge,14,2011
2011-01-05,2011,1,13.99,13.69,13.130985609901662,2011-01-19,Ridge,14,2011
2011-01-06,2011,1,13.96,13.68,13.123401186789122,2011-01-20,Ridge,14,2011
2011-01-07,2011,1,13.94,13.67,13.126116787323843,2011-01-21,Ridge,14,2011
2011-01-08,2011,1,13.92,13.65,13.110867477894658,2011-01-22,Ridge,14,2011
2011-01-09,2011,1,13.9,13.63,13.097914658952728,2011-01-23,Ridge,14,2011
2011-01-10,2011,1,13.88,13.63,13.083427231204322,2011-01-24,Ridge,14,2011
2011-01-11,2011,1,13.863,13.63,13.081804029224521,2011-01-25,Ridge,14,2011
2011-01-12,2011,1,13.84,13.61,13.064849476208755,2011-01-26,Ridge,14,2011
2011-01-13,2011,1,13.82,13.59,13.05724008378973,2011-01-27,Ridge,14,2011
2011-01-14,2011,1,13.798,13.56,13.04473259057376,2011-01-28,Ridge,14,2011
2011-01-15,2011,1,13.77,13.54,13.021972765354848,2011-01-29,Ridge,14,2011
2011-01-16,2011,1,13.75,13.52,13.022024305541251,2011-01-30,Ridge,14,2011
2011-01-17,2011,1,13.73,13.5,13.013836413150917,2011-01-31,Ridge,14,2011
2011-01-18,2011,1,13.71,13.48,13.005168600917672,2011-02-01,Ridge,14,2011
2011-01-19,2011,1,13.69,13.46,12.99805890365349,2011-02-02,Ridge,14,2011
2011-01-20,2011,1,13.68,13.44,13.009578890091964,2011-02-03,Ridge,14,2011
2011-01-21,2011,1,13.67,13.43,13.013034148918255,2011-02-04,Ridge,14,2011
2011-01-22,2011,1,13.65,13.42,12.994818791791136,2011-02-05,Ridge,14,2011
2011-01-23,2011,1,13.63,13.4,12.989565977772346,2011-02-06,Ridge,14,2011
2011-01-24,2011,1,13.63,13.39,13.022134085549396,2011-02-07,Ridge,14,2011
2011-01-25,2011,1,13.63,13.37,13.033897507631355,2011-02-08,Ridge,14,2011
2011-01-26,2011,1,13.61,13.36,13.002755874173094,2011-02-09,Ridge,14,2011
2011-01-27,2011,1,13.59,13.35,12.997572964695618,2011-02-10,Ridge,14,2011
2011-01-28,2011,1,13.56,13.33,12.978628664808086,2011-02-11,Ridge,14,2011
2011-01-29,2011,1,13.54,13.32,12.986284175141797,2011-02-12,Ridge,14,2011
2011-01-30,2011,1,13.52,13.31,12.981966001881688,2011-02-13,Ridge,14,2011
2011-01-31,2011,1,13.5,13.3,12.97345413061841,2011-02-14,Ridge,14,2011
2011-02-01,2011,2,13.48,13.3,12.972425932225205,2011-02-15,Ridge,14,2011
2011-02-02,2011,2,13.46,13.3,12.971312945951471,2011-02-16,Ridge,14,2011
2011-02-03,2011,2,13.44,13.32,12.973377504545697,2011-02-17,Ridge,14,2011
2011-02-04,2011,2,13.43,13.33,12.991961709662897,2011-02-18,Ridge,14,2011
2011-02-05,2011,2,13.42,13.34,13.000580439368319,2011-02-19,Ridge,14,2011
2011-02-06,2011,2,13.4,13.35,12.98930399412154,2011-02-20,Ridge,14,2011
2011-02-07,2011,2,13.39,13.34,13.009355282838534,2011-02-21,Ridge,14,2011
2011-02-08,2011,2,13.37,13.33,13.002205098798617,2011-02-22,Ridge,14,2011
2011-02-09,2011,2,13.36,13.32,13.021167091867659,2011-02-23,Ridge,14,2011
2011-02-10,2011,2,13.35,13.31,13.031863924276168,2011-02-24,Ridge,14,2011
2011-02-11,2011,2,13.33,13.36,13.019823803503563,2011-02-25,Ridge,14,2011
2011-02-12,2011,2,13.32,13.47,13.042269643346577,2011-02-26,Ridge,14,2011
2011-02-13,2011,2,13.31,13.56,13.05342926901775,2011-02-27,Ridge,14,2011
2011-02-14,2011,2,13.3,13.58,13.06388973393475,2011-02-28,Ridge,14,2011
2011-02-15,2011,2,13.3,13.56,13.09294020955069,2011-03-01,Ridge,14,2011
2011-02-16,2011,2,13.3,13.51,13.111557030188225,2011-03-02,Ridge,14,2011
2011-02-17,2011,2,13.32,13.44,13.157294458985213,2011-03-03,Ridge,14,2011
2011-02-18,2011,2,13.33,13.39,13.166165326926334,2011-03-04,Ridge,14,2011
2011-02-19,2011,2,13.34,13.34,13.185992494565307,2011-03-05,Ridge,14,2011
2011-02-20,2011,2,13.35,13.3,13.207949056727287,2011-03-06,Ridge,14,2011
2011-02-21,2011,2,13.34,13.28,13.203369463855305,2011-03-07,Ridge,14,2011
2011-02-22,2011,2,13.33,13.26,13.21813680282761,2011-03-08,Ridge,14,2011
2011-02-23,2011,2,13.32,13.24,13.23833606616679,2011-03-09,Ridge,14,2011
2011-02-24,2011,2,13.31,13.22,13.250554176642618,2011-03-10,Ridge,14,2011
2011-02-25,2011,2,13.36,13.21,13.347002944191011,2011-03-11,Ridge,14,2011
2011-02-26,2011,2,13.47,13.21,13.420554409169684,2011-03-12,Ridge,14,2011
2011-02-27,2011,2,13.56,13.22,13.421206378972519,2011-03-13,Ridge,14,2011
2011-02-28,2011,2,13.58,13.24,13.397607973403481,2011-03-14,Ridge,14,2011
2011-03-01,2011,3,13.56,13.27,13.404839558638917,2011-03-15,Ridge,14,2011
2011-03-02,2011,3,13.51,13.32,13.375026406526596,2011-03-16,Ridge,14,2011
2011-03-03,2011,3,13.44,13.34,13.348192758837529,2011-03-17,Ridge,14,2011
2011-03-04,2011,3,13.39,13.42,13.380510049742645,2011-03-18,Ridge,14,2011
2011-03-05,2011,3,13.34,13.56,13.37673554454563,2011-03-19,Ridge,14,2011
2011-03-06,2011,3,13.3,13.76,13.37647547456173,2011-03-20,Ridge,14,2011
2011-03-07,2011,3,13.28,13.84,13.409667685159251,2011-03-21,Ridge,14,2011
2011-03-08,2011,3,13.26,13.87,13.426785907934544,2011-03-22,Ridge,14,2011
2011-03-09,2011,3,13.24,13.87,13.448254423222952,2011-03-23,Ridge,14,2011
2011-03-10,2011,3,13.22,13.85,13.468814470542505,2011-03-24,Ridge,14,2011
2011-03-11,2011,3,13.21,13.81,13.507115013773632,2011-03-25,Ridge,14,2011
2011-03-12,2011,3,13.21,13.81,13.551808256607076,2011-03-26,Ridge,14,2011
2011-03-13,2011,3,13.22,14.19,13.593204316625734,2011-03-27,Ridge,14,2011
2011-03-14,2011,3,13.24,14.83,13.637630136475439,2011-03-28,Ridge,14,2011
2011-03-15,2011,3,13.27,14.99,13.677927101149223,2011-03-29,Ridge,14,2011
2011-03-16,2011,3,13.32,14.99,13.724243150988082,2011-03-30,Ridge,14,2011
2011-03-17,2011,3,13.34,14.98,13.725241617386821,2011-03-31,Ridge,14,2011
2011-03-18,2011,3,13.42,14.96,13.824158044629515,2011-04-01,Ridge,14,2011
2011-03-19,2011,3,13.56,14.96,13.918838419129498,2011-04-02,Ridge,14,2011
2011-03-20,2011,3,13.76,14.92,14.01795519011657,2011-04-03,Ridge,14,2011
2011-03-21,2011,3,13.84,14.83,13.963273505274177,2011-04-04,Ridge,14,2011
2011-03-22,2011,3,13.87,14.72,14.014420822620572,2011-04-05,Ridge,14,2011
2011-03-23,2011,3,13.87,14.62,14.065985511929043,2011-04-06,Ridge,14,2011
2011-03-24,2011,3,13.85,14.56,14.095881283077308,2011-04-07,Ridge,14,2011
2011-03-25,2011,3,13.81,14.51,14.116830468495344,2011-04-08,Ridge,14,2011
2011-03-26,2011,3,13.81,14.5,14.234029435294287,2011-04-09,Ridge,14,2011
2011-03-27,2011,3,14.19,14.5,14.660123004894228,2011-04-10,Ridge,14,2011
2011-03-28,2011,3,14.83,14.48,14.916469524316826,2011-04-11,Ridge,14,2011
2011-03-29,2011,3,14.99,14.45,14.500526118314442,2011-04-12,Ridge,14,2011
2011-03-30,2011,3,14.99,14.41,14.573101980590536,2011-04-13,Ridge,14,2011
2011-03-31,2011,3,14.98,14.43,14.723276294158515,2011-04-14,Ridge,14,2011
2011-04-01,2011,4,14.96,14.43,14.749163108476244,2011-04-15,Ridge,14,2011
2011-04-02,2011,4,14.96,14.42,14.907142764878799,2011-04-16,Ridge,14,2011
2011-04-03,2011,4,14.92,14.47,15.013094230548205,2011-04-17,Ridge,14,2011
2011-04-04,2011,4,14.83,14.52,14.934476474220368,2011-04-18,Ridge,14,2011
2011-04-05,2011,4,14.72,14.53,14.860681516451715,2011-04-19,Ridge,14,2011
2011-04-06,2011,4,14.62,14.53,14.830441677783107,2011-04-20,Ridge,14,2011
2011-04-07,2011,4,14.56,14.49,14.862330685436476,2011-04-21,Ridge,14,2011
2011-04-08,2011,4,14.51,14.52,14.86208898285692,2011-04-22,Ridge,14,2011
2011-04-09,2011,4,14.5,14.63,14.92692364927875,2011-04-23,Ridge,14,2011
2011-04-10,2011,4,14.5,14.66,14.986393616351808,2011-04-24,Ridge,14,2011
2011-04-11,2011,4,14.48,14.645,14.996744148360412,2011-04-25,Ridge,14,2011
2011-04-12,2011,4,14.45,14.71,15.01531555159736,2011-04-26,Ridge,14,2011
2011-04-13,2011,4,14.41,14.95,15.019593011889025,2011-04-27,Ridge,14,2011
2011-04-14,2011,4,14.43,15.28,15.134843747773047,2011-04-28,Ridge,14,2011
2011-04-15,2011,4,14.43,15.41,15.143076222069986,2011-04-29,Ridge,14,2011
2011-04-16,2011,4,14.42,15.41,15.152493605482993,2011-04-30,Ridge,14,2011
2011-04-17,2011,4,14.47,15.34,15.269008101995896,2011-05-01,Ridge,14,2011
2011-04-18,2011,4,14.52,15.3,15.291941181293295,2011-05-02,Ridge,14,2011
2011-04-19,2011,4,14.53,15.2,15.282389717690966,2011-05-03,Ridge,14,2011
2011-04-20,2011,4,14.53,15.15,15.325640975821281,2011-05-04,Ridge,14,2011
2011-04-21,2011,4,14.49,15.07,15.29266090320424,2011-05-05,Ridge,14,2011
2011-04-22,2011,4,14.52,15.02,15.41105653645587,2011-05-06,Ridge,14,2011
2011-04-23,2011,4,14.63,15.16,15.531895989035178,2011-05-07,Ridge,14,2011
2011-04-24,2011,4,14.66,15.26,15.479783243208331,2011-05-08,Ridge,14,2011
2011-04-25,2011,4,14.645,15.37,15.487104849890885,2011-05-09,Ridge,14,2011
2011-04-26,2011,4,14.71,15.48,15.623505977419113,2011-05-10,Ridge,14,2011
2011-04-27,2011,4,14.95,15.59,15.812537178627757,2011-05-11,Ridge,14,2011
2011-04-28,2011,4,15.28,15.63,15.934452227154065,2011-05-12,Ridge,14,2011
2011-04-29,2011,4,15.41,15.33,15.828369199966037,2011-05-13,Ridge,14,2011
2011-04-30,2011,4,15.41,15.31,15.83562931114454,2011-05-14,Ridge,14,2011
2011-05-01,2011,5,15.34,15.24,15.825355300346823,2011-05-15,Ridge,14,2011
2011-05-02,2011,5,15.3,15.36,15.895629765899665,2011-05-16,Ridge,14,2011
2011-05-03,2011,5,15.2,15.36,15.865503561603452,2011-05-17,Ridge,14,2011
2011-05-04,2011,5,15.15,15.34,15.967197365771025,2011-05-18,Ridge,14,2011
2011-05-05,2011,5,15.07,15.35,15.922687150025343,2011-05-19,Ridge,14,2011
2011-05-06,2011,5,15.02,15.35,15.928911872203527,2011-05-20,Ridge,14,2011
2011-05-07,2011,5,15.16,15.37,16.228875581387054,2011-05-21,Ridge,14,2011
2011-05-08,2011,5,15.26,15.36,16.232917645286435,2011-05-22,Ridge,14,2011
2011-05-09,2011,5,15.37,15.39,16.288306954210494,2011-05-23,Ridge,14,2011
2011-05-10,2011,5,15.48,15.5,16.34813540739473,2011-05-24,Ridge,14,2011
2011-05-11,2011,5,15.59,15.62,16.39153658018697,2011-05-25,Ridge,14,2011
2011-05-12,2011,5,15.63,15.73,16.38092574970148,2011-05-26,Ridge,14,2011
2011-05-13,2011,5,15.33,15.74,15.924538470637115,2011-05-27,Ridge,14,2011
2011-05-14,2011,5,15.31,15.81,16.270700113723066,2011-05-28,Ridge,14,2011
2011-05-15,2011,5,15.24,15.92,16.27089839179164,2011-05-29,Ridge,14,2011
2011-05-16,2011,5,15.36,16.28,16.505349573705075,2011-05-30,Ridge,14,2011
2011-05-17,2011,5,15.36,16.4,16.41910402479933,2011-05-31,Ridge,14,2011
2011-05-18,2011,5,15.34,16.35,16.417813087260225,2011-06-01,Ridge,14,2011
2011-05-19,2011,5,15.35,16.26,16.56336207405341,2011-06-02,Ridge,14,2011
2011-05-20,2011,5,15.35,16.22,16.570772072974933,2011-06-03,Ridge,14,2011
2011-05-21,2011,5,15.37,16.3,16.612377510551223,2011-06-04,Ridge,14,2011
2011-05-22,2011,5,15.36,16.49,16.627519142738727,2011-06-05,Ridge,14,2011
2011-05-23,2011,5,15.39,16.77,16.694766847395872,2011-06-06,Ridge,14,2011
2011-05-24,2011,5,15.5,17.21,16.792754057439407,2011-06-07,Ridge,14,2011
2011-05-25,2011,5,15.62,17.49,16.823167415520935,2011-06-08,Ridge,14,2011
2011-05-26,2011,5,15.73,17.59,16.856486583826452,2011-06-09,Ridge,14,2011
2011-05-27,2011,5,15.74,17.6,16.816957471676364,2011-06-10,Ridge,14,2011
2011-05-28,2011,5,15.81,17.6,16.939491897641577,2011-06-11,Ridge,14,2011
2011-05-29,2011,5,15.92,17.56,17.024516961827146,2011-06-12,Ridge,14,2011
2011-05-30,2011,5,16.28,17.39,17.31921689608541,2011-06-13,Ridge,14,2011
2011-05-31,2011,5,16.4,17.26,17.141839197192876,2011-06-14,Ridge,14,2011
2011-06-01,2011,6,16.35,17.16,17.082294151721346,2011-06-15,Ridge,14,2011
2011-06-02,2011,6,16.26,17.03,17.081482721078128,2011-06-16,Ridge,14,2011
2011-06-03,2011,6,16.22,17.05,17.16235540941132,2011-06-17,Ridge,14,2011
2011-06-04,2011,6,16.3,17.17,17.379295429704303,2011-06-18,Ridge,14,2011
2011-06-05,2011,6,16.49,17.2,17.593965417540986,2011-06-19,Ridge,14,2011
2011-06-06,2011,6,16.77,17.203,17.706545549375004,2011-06-20,Ridge,14,2011
2011-06-07,2011,6,17.21,17.19,17.904972054149493,2011-06-21,Ridge,14,2011
2011-06-08,2011,6,17.49,17.23,17.81256059598424,2011-06-22,Ridge,14,2011
2011-06-09,2011,6,17.59,17.33,17.7713304115393,2011-06-23,Ridge,14,2011
2011-06-10,2011,6,17.6,17.44,17.85121035022713,2011-06-24,Ridge,14,2011
2011-06-11,2011,6,17.6,17.46,17.968060084197855,2011-06-25,Ridge,14,2011
2011-06-12,2011,6,17.56,17.6,18.0019737128359,2011-06-26,Ridge,14,2011
2011-06-13,2011,6,17.39,17.75,17.867451662656833,2011-06-27,Ridge,14,2011
2011-06-14,2011,6,17.26,17.91,17.880221806268192,2011-06-28,Ridge,14,2011
2011-06-15,2011,6,17.16,17.93,17.87636827998313,2011-06-29,Ridge,14,2011
2011-06-16,2011,6,17.03,17.96,17.747949629386035,2011-06-30,Ridge,14,2011
2011-06-17,2011,6,17.05,18.08,17.925571026487074,2011-07-01,Ridge,14,2011
2011-06-18,2011,6,17.17,18.29,18.085731936660576,2011-07-02,Ridge,14,2011
2011-06-19,2011,6,17.2,18.47,18.03223826228205,2011-07-03,Ridge,14,2011
2011-06-20,2011,6,17.203,18.41,18.082581627345295,2011-07-04,Ridge,14,2011
2011-06-21,2011,6,17.19,18.43,18.102025899939626,2011-07-05,Ridge,14,2011
2011-06-22,2011,6,17.23,18.6,18.160483732850707,2011-07-06,Ridge,14,2011
2011-06-23,2011,6,17.33,18.84,18.236466501876688,2011-07-07,Ridge,14,2011
2011-06-24,2011,6,17.44,18.92,18.282417399114404,2011-07-08,Ridge,14,2011
2011-06-25,2011,6,17.46,18.99,18.22681202443969,2011-07-09,Ridge,14,2011
2011-06-26,2011,6,17.6,19.08,18.391863067882728,2011-07-10,Ridge,14,2011
2011-06-27,2011,6,17.75,19.13,18.42272717618569,2011-07-11,Ridge,14,2011
2011-06-28,2011,6,17.91,19.17,18.472457107458407,2011-07-12,Ridge,14,2011
2011-06-29,2011,6,17.93,19.24,18.411227471215543,2011-07-13,Ridge,14,2011
2011-06-30,2011,6,17.96,19.24,18.511298172576023,2011-07-14,Ridge,14,2011
2011-07-01,2011,7,18.08,19.28,18.639690099202838,2011-07-15,Ridge,14,2011
2011-07-02,2011,7,18.29,19.34,18.766882306811453,2011-07-16,Ridge,14,2011
2011-07-03,2011,7,18.47,19.4,18.79675268727066,2011-07-17,Ridge,14,2011
2011-07-04,2011,7,18.41,19.43,18.620285805853513,2011-07-18,Ridge,14,2011
2011-07-05,2011,7,18.43,19.48,18.785204505014136,2011-07-19,Ridge,14,2011
2011-07-06,2011,7,18.6,19.51,18.988678849190737,2011-07-20,Ridge,14,2011
2011-07-07,2011,7,18.84,19.57,19.0725805122753,2011-07-21,Ridge,14,2011
2011-07-08,2011,7,18.92,19.63,18.993991447610046,2011-07-22,Ridge,14,2011
2011-07-09,2011,7,18.99,19.64,19.095195233132696,2011-07-23,Ridge,14,2011
2011-07-10,2011,7,19.08,19.64,19.158256055682905,2011-07-24,Ridge,14,2011
2011-07-11,2011,7,19.13,19.65,19.146915561116057,2011-07-25,Ridge,14,2011
2011-07-12,2011,7,19.17,19.52,19.21285045520572,2011-07-26,Ridge,14,2011
2011-07-13,2011,7,19.24,19.41,19.319016165094975,2011-07-27,Ridge,14,2011
2011-07-14,2011,7,19.24,19.35,19.274877222697885,2011-07-28,Ridge,14,2011
2011-07-15,2011,7,19.28,19.22,19.354169488351417,2011-07-29,Ridge,14,2011
2011-07-16,2011,7,19.34,19.24,19.40332061633204,2011-07-30,Ridge,14,2011
2011-07-17,2011,7,19.4,19.25,19.414827064681127,2011-07-31,Ridge,14,2011
2011-09-08,2011,9,17.13,17.9,17.370040781158156,2011-09-22,Ridge,14,2011
2011-09-09,2011,9,17.1,17.78,17.281362128662433,2011-09-23,Ridge,14,2011
2011-09-10,2011,9,16.98,17.7,17.11212652129363,2011-09-24,Ridge,14,2011
2011-09-11,2011,9,17.0,17.62,17.291153137054504,2011-09-25,Ridge,14,2011
2011-09-12,2011,9,17.11,17.6,17.436414179525542,2011-09-26,Ridge,14,2011
2011-09-13,2011,9,17.19,17.84,17.383272173381663,2011-09-27,Ridge,14,2011
2011-09-14,2011,9,17.23,17.87,17.34825911026009,2011-09-28,Ridge,14,2011
2011-09-15,2011,9,17.24,17.89,17.318856795417616,2011-09-29,Ridge,14,2011
2011-09-16,2011,9,17.16,17.93,17.15188588657005,2011-09-30,Ridge,14,2011
2011-09-17,2011,9,17.25,17.99,17.358124074171258,2011-10-01,Ridge,14,2011
2011-09-18,2011,9,17.41,18.0,17.42090758601274,2011-10-02,Ridge,14,2011
2011-09-19,2011,9,17.71,17.98,17.53759215630312,2011-10-03,Ridge,14,2011
2011-09-20,2011,9,18.14,17.78,17.674915532666198,2011-10-04,Ridge,14,2011
2011-09-21,2011,9,18.09,17.66,17.19876196979713,2011-10-05,Ridge,14,2011
2011-09-22,2011,9,17.9,17.37,17.032031946691543,2011-10-06,Ridge,14,2011
2011-09-23,2011,9,17.78,17.11,17.105202462467293,2011-10-07,Ridge,14,2011
2011-09-24,2011,9,17.7,16.95,17.120243978879554,2011-10-08,Ridge,14,2011
2011-09-25,2011,9,17.62,16.81,17.099160213972553,2011-10-09,Ridge,14,2011
2011-09-26,2011,9,17.6,16.67,17.16038457210352,2011-10-10,Ridge,14,2011
2011-09-27,2011,9,17.84,16.57,17.47732618419098,2011-10-11,Ridge,14,2011
2011-09-28,2011,9,17.87,16.45,17.26492440104977,2011-10-12,Ridge,14,2011
2011-09-29,2011,9,17.89,16.42,17.280303512311306,2011-10-13,Ridge,14,2011
2011-09-30,2011,9,17.93,16.25,17.311548576228546,2011-10-14,Ridge,14,2011
2011-10-01,2011,10,17.99,16.13,17.291124742110778,2011-10-15,Ridge,14,2011
2011-10-02,2011,10,18.0,16.05,17.22944940290373,2011-10-16,Ridge,14,2011
2011-10-03,2011,10,17.98,15.94,17.23427217438308,2011-10-17,Ridge,14,2011
2011-10-04,2011,10,17.78,15.84,16.87980080577653,2011-10-18,Ridge,14,2011
2011-10-05,2011,10,17.66,15.82,16.851365688712555,2011-10-19,Ridge,14,2011
2011-10-06,2011,10,17.37,15.76,16.450375067510468,2011-10-20,Ridge,14,2011
2011-10-07,2011,10,17.11,15.7,16.24125888767711,2011-10-21,Ridge,14,2011
2011-10-08,2011,10,16.95,15.7,16.227566628416223,2011-10-22,Ridge,14,2011
2011-10-09,2011,10,16.81,15.68,16.104232578982415,2011-10-23,Ridge,14,2011
2011-10-10,2011,10,16.67,15.68,16.000786791583142,2011-10-24,Ridge,14,2011
2011-10-11,2011,10,16.57,15.66,15.961902252144974,2011-10-25,Ridge,14,2011
2011-10-12,2011,10,16.45,15.6,15.884022127935431,2011-10-26,Ridge,14,2011
2011-10-13,2011,10,16.42,15.52,15.981753370617005,2011-10-27,Ridge,14,2011
2011-10-14,2011,10,16.25,15.45,15.715183549592224,2011-10-28,Ridge,14,2011
2011-10-15,2011,10,16.13,15.42,15.664763842138559,2011-10-29,Ridge,14,2011
2011-10-16,2011,10,16.05,15.38,15.675626623679,2011-10-30,Ridge,14,2011
2011-10-17,2011,10,15.94,15.35,15.540375640361964,2011-10-31,Ridge,14,2011
2011-10-18,2011,10,15.84,15.3,15.471349273001895,2011-11-01,Ridge,14,2011
2011-10-19,2011,10,15.82,15.22,15.521584029028563,2011-11-02,Ridge,14,2011
2011-10-20,2011,10,15.76,15.16,15.441549472819212,2011-11-03,Ridge,14,2011
2011-10-21,2011,10,15.7,15.1,15.38408291616568,2011-11-04,Ridge,14,2011
2011-10-22,2011,10,15.7,15.03,15.444683038970163,2011-11-05,Ridge,14,2011
2011-10-23,2011,10,15.68,14.98,15.404509794820902,2011-11-06,Ridge,14,2011
2011-10-24,2011,10,15.68,14.95,15.413320361616888,2011-11-07,Ridge,14,2011
2011-10-25,2011,10,15.66,14.9,15.358564322672509,2011-11-08,Ridge,14,2011
2011-10-26,2011,10,15.6,14.83,15.249793764287496,2011-11-09,Ridge,14,2011
2011-10-27,2011,10,15.52,14.77,15.15744543645018,2011-11-10,Ridge,14,2011
2011-10-28,2011,10,15.45,14.68,15.091759772209276,2011-11-11,Ridge,14,2011
2011-10-29,2011,10,15.42,14.6,15.090370853773573,2011-11-12,Ridge,14,2011
2011-10-30,2011,10,15.38,14.55,15.02091178606079,2011-11-13,Ridge,14,2011
2011-10-31,2011,10,15.35,14.5,14.97882300665225,2011-11-14,Ridge,14,2011
2011-11-01,2011,11,15.3,14.45,14.907194439255539,2011-11-15,Ridge,14,2011
2011-11-02,2011,11,15.22,14.41,14.801746598254553,2011-11-16,Ridge,14,2011
2011-11-03,2011,11,15.16,14.38,14.770051543722762,2011-11-17,Ridge,14,2011
2011-11-04,2011,11,15.1,14.32,14.7086057247713,2011-11-18,Ridge,14,2011
2011-11-05,2011,11,15.03,14.32,14.62287845819003,2011-11-19,Ridge,14,2011
2011-11-06,2011,11,14.98,14.31,14.586779340670908,2011-11-20,Ridge,14,2011
2011-11-07,2011,11,14.95,14.27,14.571004258572867,2011-11-21,Ridge,14,2011
2011-11-08,2011,11,14.9,14.24,14.500441716424918,2011-11-22,Ridge,14,2011
2011-11-09,2011,11,14.83,14.21,14.410755278628995,2011-11-23,Ridge,14,2011
2011-11-10,2011,11,14.77,14.2,14.366361135745022,2011-11-24,Ridge,14,2011
2011-11-11,2011,11,14.68,14.18,14.25805556568416,2011-11-25,Ridge,14,2011
2011-11-12,2011,11,14.6,14.16,14.191890999694053,2011-11-26,Ridge,14,2011
2011-11-13,2011,11,14.55,14.12,14.172615439572759,2011-11-27,Ridge,14,2011
2011-11-14,2011,11,14.5,14.08,14.1184552437064,2011-11-28,Ridge,14,2011
2011-11-15,2011,11,14.45,14.04,14.067722441628577,2011-11-29,Ridge,14,2011
2011-11-16,2011,11,14.41,14.0,14.03759359362408,2011-11-30,Ridge,14,2011
2011-11-17,2011,11,14.38,13.98,14.02162086521834,2011-12-01,Ridge,14,2011
2011-11-18,2011,11,14.32,13.96,13.937319421147546,2011-12-02,Ridge,14,2011
2011-11-19,2011,11,14.32,13.92,13.986869336486116,2011-12-03,Ridge,14,2011
2011-11-20,2011,11,14.31,13.88,13.964547424741026,2011-12-04,Ridge,14,2011
2011-11-21,2011,11,14.27,13.86,13.879986029314873,2011-12-05,Ridge,14,2011
2011-11-22,2011,11,14.24,13.84,13.858735053181967,2011-12-06,Ridge,14,2011
2011-11-23,2011,11,14.21,13.81,13.82379076008305,2011-12-07,Ridge,14,2011
2011-11-24,2011,11,14.2,13.78,13.827829640267671,2011-12-08,Ridge,14,2011
2011-11-25,2011,11,14.18,13.75,13.782496701768567,2011-12-09,Ridge,14,2011
2011-11-26,2011,11,14.16,13.72,13.744433533296721,2011-12-10,Ridge,14,2011
2011-11-27,2011,11,14.12,13.7,13.682602216971762,2011-12-11,Ridge,14,2011
2011-11-28,2011,11,14.08,13.69,13.637786827281486,2011-12-12,Ridge,14,2011
2011-11-29,2011,11,14.04,13.66,13.597603941430977,2011-12-13,Ridge,14,2011
2011-11-30,2011,11,14.0,13.64,13.54902942564929,2011-12-14,Ridge,14,2011
2011-12-01,2011,12,13.98,13.62,13.540413199458825,2011-12-15,Ridge,14,2011
2011-12-02,2011,12,13.96,13.6,13.511005507912307,2011-12-16,Ridge,14,2011
2011-12-03,2011,12,13.92,13.58,13.445999209591445,2011-12-17,Ridge,14,2011
2011-12-04,2011,12,13.88,13.58,13.406812428801857,2011-12-18,Ridge,14,2011
2011-12-05,2011,12,13.86,13.57,13.406912265966037,2011-12-19,Ridge,14,2011
2011-12-06,2011,12,13.84,13.56,13.383823092527974,2011-12-20,Ridge,14,2011
2011-12-07,2011,12,13.81,13.52,13.335193205412565,2011-12-21,Ridge,14,2011
2011-12-08,2011,12,13.78,13.5,13.300345257564725,2011-12-22,Ridge,14,2011
2011-12-09,2011,12,13.75,13.48,13.27136855562336,2011-12-23,Ridge,14,2011
2011-12-10,2011,12,13.72,13.46,13.241910143036982,2011-12-24,Ridge,14,2011
2011-12-11,2011,12,13.7,13.44,13.22695692616582,2011-12-25,Ridge,14,2011
2011-12-12,2011,12,13.69,13.42,13.219710337583104,2011-12-26,Ridge,14,2011
2011-12-13,2011,12,13.66,13.39,13.166048917746576,2011-12-27,Ridge,14,2011
2011-12-14,2011,12,13.64,13.37,13.15297923969534,2011-12-28,Ridge,14,2011
2011-12-15,2011,12,13.62,13.35,13.13450018441616,2011-12-29,Ridge,14,2011
2011-12-16,2011,12,13.6,13.33,13.110830763852876,2011-12-30,Ridge,14,2011
2011-12-17,2011,12,13.58,13.31,13.088382656929923,2011-12-31,Ridge,14,2011
2011-12-18,2011,12,13.58,13.28,13.09888496342635,2012-01-01,Ridge,14,2011
2011-12-19,2011,12,13.57,13.24,13.076313026160834,2012-01-02,Ridge,14,2011
2011-12-20,2011,12,13.56,13.22,13.059152687937214,2012-01-03,Ridge,14,2011
2011-12-21,2011,12,13.52,13.21,12.991625299232112,2012-01-04,Ridge,14,2011
2011-12-22,2011,12,13.5,13.2,12.991049255929418,2012-01-05,Ridge,14,2011
2011-12-23,2011,12,13.48,13.19,12.976163353399592,2012-01-06,Ridge,14,2011
2011-12-24,2011,12,13.46,13.18,12.9474469155362,2012-01-07,Ridge,14,2011
2011-12-25,2011,12,13.44,13.16,12.92636375677941,2012-01-08,Ridge,14,2011
2011-12-26,2011,12,13.42,13.15,12.90388706227263,2012-01-09,Ridge,14,2011
2011-12-27,2011,12,13.39,13.13,12.871207978713457,2012-01-10,Ridge,14,2011
2011-12-28,2011,12,13.37,13.12,12.8636526004192,2012-01-11,Ridge,14,2011
2011-12-29,2011,12,13.35,13.11,12.847598932440224,2012-01-12,Ridge,14,2011
2011-12-30,2011,12,13.33,13.1,12.828368633812591,2012-01-13,Ridge,14,2011
2011-12-31,2011,12,13.31,13.09,12.81194232870975,2012-01-14,Ridge,14,2011
2012-01-01,2012,1,13.28,13.08,12.794231037016553,2012-01-15,Ridge,14,2012
2012-01-02,2012,1,13.24,13.07,12.748605748258194,2012-01-16,Ridge,14,2012
2012-01-03,2012,1,13.22,13.05,12.755980105108147,2012-01-17,Ridge,14,2012
2012-01-04,2012,1,13.21,13.02,12.768449563030904,2012-01-18,Ridge,14,2012
2012-01-05,2012,1,13.2,13.0,12.763858334118439,2012-01-19,Ridge,14,2012
2012-01-06,2012,1,13.19,12.99,12.760324882827462,2012-01-20,Ridge,14,2012
2012-01-07,2012,1,13.18,12.99,12.760163271263991,2012-01-21,Ridge,14,2012
2012-01-08,2012,1,13.16,12.97,12.738676142357367,2012-01-22,Ridge,14,2012
2012-01-09,2012,1,13.15,12.95,12.742462388365594,2012-01-23,Ridge,14,2012
2012-01-10,2012,1,13.13,12.93,12.718252067715962,2012-01-24,Ridge,14,2012
2012-01-11,2012,1,13.12,12.91,12.721183437073956,2012-01-25,Ridge,14,2012
2012-01-12,2012,1,13.11,12.89,12.720686407485804,2012-01-26,Ridge,14,2012
2012-01-13,2012,1,13.1,12.87,12.715504094150479,2012-01-27,Ridge,14,2012
2012-01-14,2012,1,13.09,12.86,12.714491386354991,2012-01-28,Ridge,14,2012
2012-01-15,2012,1,13.08,12.86,12.711027242396957,2012-01-29,Ridge,14,2012
2012-01-16,2012,1,13.07,12.88,12.710109268065192,2012-01-30,Ridge,14,2012
2012-01-17,2012,1,13.05,12.88,12.685467726310195,2012-01-31,Ridge,14,2012
2012-01-18,2012,1,13.02,12.87,12.650770203497407,2012-02-01,Ridge,14,2012
2012-01-19,2012,1,13.0,12.85,12.651165944027724,2012-02-02,Ridge,14,2012
2012-01-20,2012,1,12.99,12.84,12.665516522162529,2012-02-03,Ridge,14,2012
2012-01-21,2012,1,12.99,12.82,12.687064473358866,2012-02-04,Ridge,14,2012
2012-01-22,2012,1,12.97,12.81,12.656488327626915,2012-02-05,Ridge,14,2012
2012-01-23,2012,1,12.95,12.79,12.647745416007869,2012-02-06,Ridge,14,2012
2012-01-24,2012,1,12.93,12.78,12.646794087539865,2012-02-07,Ridge,14,2012
2012-01-25,2012,1,12.91,12.77,12.638987342598027,2012-02-08,Ridge,14,2012
2012-01-26,2012,1,12.89,12.76,12.631095619129791,2012-02-09,Ridge,14,2012
2012-01-27,2012,1,12.87,12.75,12.623672325502032,2012-02-10,Ridge,14,2012
2012-01-28,2012,1,12.86,12.74,12.642513112569421,2012-02-11,Ridge,14,2012
2012-01-29,2012,1,12.86,12.73,12.671540681474093,2012-02-12,Ridge,14,2012
2012-01-30,2012,1,12.88,12.72,12.710674070745775,2012-02-13,Ridge,14,2012
2012-01-31,2012,1,12.88,12.71,12.704743400615806,2012-02-14,Ridge,14,2012
2012-02-01,2012,2,12.87,12.71,12.708324753406018,2012-02-15,Ridge,14,2012
2012-02-02,2012,2,12.85,12.71,12.694391344600733,2012-02-16,Ridge,14,2012
2012-02-03,2012,2,12.84,12.7,12.705870738129182,2012-02-17,Ridge,14,2012
2012-02-04,2012,2,12.82,12.7,12.689344981580318,2012-02-18,Ridge,14,2012
2012-02-05,2012,2,12.81,12.7,12.700326738767401,2012-02-19,Ridge,14,2012
2012-02-06,2012,2,12.79,12.72,12.68976478219989,2012-02-20,Ridge,14,2012
2012-02-07,2012,2,12.78,12.72,12.706568704032295,2012-02-21,Ridge,14,2012
2012-02-08,2012,2,12.77,12.7,12.720751288801491,2012-02-22,Ridge,14,2012
2012-02-09,2012,2,12.76,12.69,12.727365745609909,2012-02-23,Ridge,14,2012
2012-02-10,2012,2,12.75,12.66,12.73867346318522,2012-02-24,Ridge,14,2012
2012-02-11,2012,2,12.74,12.64,12.74746638018501,2012-02-25,Ridge,14,2012
2012-02-12,2012,2,12.73,12.62,12.758738475336562,2012-02-26,Ridge,14,2012
2012-02-13,2012,2,12.72,12.61,12.767525500357923,2012-02-27,Ridge,14,2012
2012-02-14,2012,2,12.71,12.63,12.7772982391497,2012-02-28,Ridge,14,2012
2012-02-15,2012,2,12.71,12.64,12.807936231999967,2012-02-29,Ridge,14,2012
2012-02-16,2012,2,12.71,12.64,12.83009880093389,2012-03-01,Ridge,14,2012
2012-02-17,2012,2,12.7,12.63,12.827134287943112,2012-03-02,Ridge,14,2012
2012-02-18,2012,2,12.7,12.62,12.857305734309815,2012-03-03,Ridge,14,2012
2012-02-19,2012,2,12.7,12.62,12.881207021580902,2012-03-04,Ridge,14,2012
2012-02-20,2012,2,12.72,12.66,12.919178307125168,2012-03-05,Ridge,14,2012
2012-02-21,2012,2,12.72,12.7,12.916302605485894,2012-03-06,Ridge,14,2012
2012-02-22,2012,2,12.7,12.73,12.90452521719251,2012-03-07,Ridge,14,2012
2012-02-23,2012,2,12.69,12.77,12.926885784539133,2012-03-08,Ridge,14,2012
2012-02-24,2012,2,12.66,12.81,12.897757267794553,2012-03-09,Ridge,14,2012
2012-02-25,2012,2,12.64,12.85,12.905342962120473,2012-03-10,Ridge,14,2012
2012-02-26,2012,2,12.62,12.88,12.9128842192732,2012-03-11,Ridge,14,2012
2012-02-27,2012,2,12.61,12.88,12.938476346771674,2012-03-12,Ridge,14,2012
2012-02-28,2012,2,12.63,12.87,13.008306717526459,2012-03-13,Ridge,14,2012
2012-02-29,2012,2,12.64,12.84,13.022638636723311,2012-03-14,Ridge,14,2012
2012-03-01,2012,3,12.64,12.84,13.047293490373026,2012-03-15,Ridge,14,2012
2012-03-02,2012,3,12.63,12.86,13.060333135358897,2012-03-16,Ridge,14,2012
2012-03-03,2012,3,12.62,12.94,13.074722162110904,2012-03-17,Ridge,14,2012
2012-03-04,2012,3,12.62,12.98,13.10810072983124,2012-03-18,Ridge,14,2012
2012-03-05,2012,3,12.66,13.0,13.17411024300684,2012-03-19,Ridge,14,2012
2012-03-06,2012,3,12.7,12.99,13.194649892704312,2012-03-20,Ridge,14,2012
2012-03-07,2012,3,12.73,12.95,13.216815192441747,2012-03-21,Ridge,14,2012
2012-03-08,2012,3,12.77,12.94,13.263776153236883,2012-03-22,Ridge,14,2012
2012-03-09,2012,3,12.81,12.94,13.294675388993834,2012-03-23,Ridge,14,2012
2012-03-10,2012,3,12.85,12.96,13.327262443974508,2012-03-24,Ridge,14,2012
2012-03-11,2012,3,12.88,12.98,13.36195953264797,2012-03-25,Ridge,14,2012
2012-03-12,2012,3,12.88,13.0,13.378978742724529,2012-03-26,Ridge,14,2012
2012-03-13,2012,3,12.87,13.01,13.407618247792149,2012-03-27,Ridge,14,2012
2012-03-14,2012,3,12.84,13.02,13.401169980558134,2012-03-28,Ridge,14,2012
2012-03-15,2012,3,12.84,13.04,13.469536155753643,2012-03-29,Ridge,14,2012
2012-03-16,2012,3,12.86,13.05,13.536225120068666,2012-03-30,Ridge,14,2012
2012-03-17,2012,3,12.94,13.1,13.617294600089231,2012-03-31,Ridge,14,2012
2012-03-18,2012,3,12.98,13.15,13.607447747510575,2012-04-01,Ridge,14,2012
2012-03-19,2012,3,13.0,13.19,13.637476219886148,2012-04-02,Ridge,14,2012
2012-03-20,2012,3,12.99,13.23,13.649068194105771,2012-04-03,Ridge,14,2012
2012-03-21,2012,3,12.95,13.24,13.614000785116746,2012-04-04,Ridge,14,2012
2012-03-22,2012,3,12.94,13.24,13.671877859298872,2012-04-05,Ridge,14,2012
2012-03-23,2012,3,12.94,13.4,13.740566952475712,2012-04-06,Ridge,14,2012
2012-03-24,2012,3,12.96,13.5,13.791330721416955,2012-04-07,Ridge,14,2012
2012-03-25,2012,3,12.98,13.62,13.824535878716636,2012-04-08,Ridge,14,2012
2012-03-26,2012,3,13.0,13.67,13.863518922203873,2012-04-09,Ridge,14,2012
2012-03-27,2012,3,13.01,13.68,13.888985488757832,2012-04-10,Ridge,14,2012
2012-03-28,2012,3,13.02,13.69,13.920460290702868,2012-04-11,Ridge,14,2012
2012-03-29,2012,3,13.04,13.74,13.96006365157933,2012-04-12,Ridge,14,2012
2012-03-30,2012,3,13.05,13.8,13.983552250852807,2012-04-13,Ridge,14,2012
2012-03-31,2012,3,13.1,13.89,14.059026923740157,2012-04-14,Ridge,14,2012
2012-04-01,2012,4,13.15,14.0,14.092676435830265,2012-04-15,Ridge,14,2012
2012-04-02,2012,4,13.19,14.13,14.123300632098744,2012-04-16,Ridge,14,2012
2012-04-03,2012,4,13.23,14.18,14.170231856453828,2012-04-17,Ridge,14,2012
2012-04-04,2012,4,13.24,14.18,14.184747110189596,2012-04-18,Ridge,14,2012
2012-04-05,2012,4,13.24,14.17,14.219977359994452,2012-04-19,Ridge,14,2012
2012-04-06,2012,4,13.4,14.35,14.41094220112371,2012-04-20,Ridge,14,2012
2012-04-07,2012,4,13.5,14.6,14.38391647850805,2012-04-21,Ridge,14,2012
2012-04-08,2012,4,13.62,14.87,14.478014711721785,2012-04-22,Ridge,14,2012
2012-04-09,2012,4,13.67,15.12,14.486193397945446,2012-04-23,Ridge,14,2012
2012-04-10,2012,4,13.68,15.17,14.515543382402146,2012-04-24,Ridge,14,2012
2012-04-11,2012,4,13.69,15.18,14.569449942515076,2012-04-25,Ridge,14,2012
2012-04-12,2012,4,13.74,15.19,14.676205745200189,2012-04-26,Ridge,14,2012
2012-04-13,2012,4,13.8,15.19,14.745897538986457,2012-04-27,Ridge,14,2012
2012-04-14,2012,4,13.89,15.12,14.845079333931853,2012-04-28,Ridge,14,2012
2012-04-15,2012,4,14.0,15.11,14.92331828603777,2012-04-29,Ridge,14,2012
2012-04-16,2012,4,14.13,15.29,14.994821537278693,2012-04-30,Ridge,14,2012
2012-04-17,2012,4,14.18,15.52,14.973989724551107,2012-05-01,Ridge,14,2012
2012-04-18,2012,4,14.18,15.59,15.00726871752568,2012-05-02,Ridge,14,2012
2012-04-19,2012,4,14.17,15.64,15.06144767754564,2012-05-03,Ridge,14,2012
2012-04-20,2012,4,14.35,15.79,15.29625209131837,2012-05-04,Ridge,14,2012
2012-04-21,2012,4,14.6,15.91,15.404407164518746,2012-05-05,Ridge,14,2012
2012-04-22,2012,4,14.87,16.04,15.507268218653834,2012-05-06,Ridge,14,2012
2012-04-23,2012,4,15.12,16.08,15.599667355498886,2012-05-07,Ridge,14,2012
2012-04-24,2012,4,15.17,16.04,15.508192802921991,2012-05-08,Ridge,14,2012
2012-04-25,2012,4,15.18,15.93,15.592984826512934,2012-05-09,Ridge,14,2012
2012-04-26,2012,4,15.19,15.79,15.694719359452995,2012-05-10,Ridge,14,2012
2012-04-27,2012,4,15.19,15.66,15.777110834501832,2012-05-11,Ridge,14,2012
2012-04-28,2012,4,15.12,15.52,15.7569466091692,2012-05-12,Ridge,14,2012
2012-04-29,2012,4,15.11,15.35,15.915726094276478,2012-05-13,Ridge,14,2012
2012-04-30,2012,4,15.29,15.22,16.175923102395007,2012-05-14,Ridge,14,2012
2012-05-01,2012,5,15.52,15.14,16.229487686451375,2012-05-15,Ridge,14,2012
2012-05-02,2012,5,15.59,15.1,16.130332017268863,2012-05-16,Ridge,14,2012
2012-05-03,2012,5,15.64,15.17,16.228968273579078,2012-05-17,Ridge,14,2012
2012-05-04,2012,5,15.79,15.26,16.38647828500409,2012-05-18,Ridge,14,2012
2012-05-05,2012,5,15.91,15.37,16.379091570958753,2012-05-19,Ridge,14,2012
2012-05-06,2012,5,16.04,15.6,16.4907446063966,2012-05-20,Ridge,14,2012
2012-05-07,2012,5,16.08,16.3,16.529281406777955,2012-05-21,Ridge,14,2012
2012-05-08,2012,5,16.04,16.64,16.529713236267277,2012-05-22,Ridge,14,2012
2012-05-09,2012,5,15.93,16.67,16.42154684116096,2012-05-23,Ridge,14,2012
2012-05-10,2012,5,15.79,16.5,16.351280457915323,2012-05-24,Ridge,14,2012
2012-05-11,2012,5,15.66,16.27,16.277725008538184,2012-05-25,Ridge,14,2012
2012-05-12,2012,5,15.52,16.14,16.172974721303934,2012-05-26,Ridge,14,2012
2012-05-13,2012,5,15.35,16.04,16.02300455570613,2012-05-27,Ridge,14,2012
2012-05-14,2012,5,15.22,16.03,16.006297726480607,2012-05-28,Ridge,14,2012
2012-05-15,2012,5,15.14,16.04,16.076339247850303,2012-05-29,Ridge,14,2012
2012-05-16,2012,5,15.1,16.06,16.16528971366876,2012-05-30,Ridge,14,2012
2012-05-17,2012,5,15.17,16.12,16.381849196286435,2012-05-31,Ridge,14,2012
2012-05-18,2012,5,15.26,16.2,16.475217819221776,2012-06-01,Ridge,14,2012
2012-05-19,2012,5,15.37,16.24,16.585551384166042,2012-06-02,Ridge,14,2012
2012-05-20,2012,5,15.6,16.27,16.7462021659065,2012-06-03,Ridge,14,2012
2012-05-21,2012,5,16.3,16.29,17.203478636318913,2012-06-04,Ridge,14,2012
2012-05-22,2012,5,16.64,16.47,16.881716003984995,2012-06-05,Ridge,14,2012
2012-05-23,2012,5,16.67,16.9,16.805077908228544,2012-06-06,Ridge,14,2012
2012-05-24,2012,5,16.5,17.25,16.71338349213494,2012-06-07,Ridge,14,2012
2012-05-25,2012,5,16.27,17.88,16.53398475739737,2012-06-08,Ridge,14,2012
2012-05-26,2012,5,16.14,18.28,16.657652108807454,2012-06-09,Ridge,14,2012
2012-05-27,2012,5,16.04,18.37,16.791586358424812,2012-06-10,Ridge,14,2012
2012-05-28,2012,5,16.03,18.34,16.936344567276574,2012-06-11,Ridge,14,2012
2012-05-29,2012,5,16.04,18.09,17.051277148631204,2012-06-12,Ridge,14,2012
2012-05-30,2012,5,16.06,17.88,17.139109113314653,2012-06-13,Ridge,14,2012
2012-05-31,2012,5,16.12,17.66,17.27011193640518,2012-06-14,Ridge,14,2012
2012-06-01,2012,6,16.2,17.97,17.337065730493116,2012-06-15,Ridge,14,2012
2012-06-02,2012,6,16.24,18.33,17.324212920856706,2012-06-16,Ridge,14,2012
2012-06-03,2012,6,16.27,18.56,17.35307168808829,2012-06-17,Ridge,14,2012
2012-06-04,2012,6,16.29,18.79,17.378196865292423,2012-06-18,Ridge,14,2012
2012-06-05,2012,6,16.47,18.89,17.553770899850477,2012-06-19,Ridge,14,2012
2012-06-06,2012,6,16.9,18.76,17.80453748654033,2012-06-20,Ridge,14,2012
2012-06-07,2012,6,17.25,18.48,17.772742783688255,2012-06-21,Ridge,14,2012
2012-06-08,2012,6,17.88,18.32,18.171643819536644,2012-06-22,Ridge,14,2012
2012-06-09,2012,6,18.28,18.29,18.059599740649343,2012-06-23,Ridge,14,2012
2012-06-10,2012,6,18.37,18.43,17.941870960126444,2012-06-24,Ridge,14,2012
2012-06-11,2012,6,18.34,18.57,18.04949052379243,2012-06-25,Ridge,14,2012
2012-06-12,2012,6,18.09,18.8,17.78059583585444,2012-06-26,Ridge,14,2012
2012-06-13,2012,6,17.88,19.58,17.78644877819793,2012-06-27,Ridge,14,2012
2012-06-14,2012,6,17.66,20.12,17.797544902074875,2012-06-28,Ridge,14,2012
2012-06-15,2012,6,17.97,20.43,18.530610193710423,2012-06-29,Ridge,14,2012
2012-06-16,2012,6,18.33,20.56,18.652961011827493,2012-06-30,Ridge,14,2012
2012-06-17,2012,6,18.56,20.56,18.618507049504885,2012-07-01,Ridge,14,2012
2012-06-18,2012,6,18.79,20.45,18.788548215161455,2012-07-02,Ridge,14,2012
2012-06-19,2012,6,18.89,20.09,18.74015182386773,2012-07-03,Ridge,14,2012
2012-06-20,2012,6,18.76,19.65,18.510718466857625,2012-07-04,Ridge,14,2012
2012-06-21,2012,6,18.48,19.27,18.219893836761237,2012-07-05,Ridge,14,2012
2012-06-22,2012,6,18.32,19.14,18.36662466018052,2012-07-06,Ridge,14,2012
2012-06-23,2012,6,18.29,19.25,18.558302260386753,2012-07-07,Ridge,14,2012
2012-06-24,2012,6,18.43,19.22,18.800356456614278,2012-07-08,Ridge,14,2012
2012-06-25,2012,6,18.57,19.13,18.845467858455542,2012-07-09,Ridge,14,2012
2012-06-26,2012,6,18.8,19.07,19.05922388014705,2012-07-10,Ridge,14,2012
2012-06-27,2012,6,19.58,19.04,19.615892745126153,2012-07-11,Ridge,14,2012
2012-06-28,2012,6,20.12,19.11,19.38444101624552,2012-07-12,Ridge,14,2012
2012-06-29,2012,6,20.43,19.18,19.354443703609803,2012-07-13,Ridge,14,2012
2012-06-30,2012,6,20.56,19.27,19.433490790742436,2012-07-14,Ridge,14,2012
2012-07-01,2012,7,20.56,19.31,19.458058906939176,2012-07-15,Ridge,14,2012
2012-07-02,2012,7,20.45,19.47,19.376439270475,2012-07-16,Ridge,14,2012
2012-07-03,2012,7,20.09,19.79,19.042346326530524,2012-07-17,Ridge,14,2012
2012-07-04,2012,7,19.65,19.87,18.683708125341784,2012-07-18,Ridge,14,2012
2012-07-05,2012,7,19.27,19.84,18.450337574040415,2012-07-19,Ridge,14,2012
2012-07-06,2012,7,19.14,19.9,18.681491091568926,2012-07-20,Ridge,14,2012
2012-07-07,2012,7,19.25,19.98,19.110139152667088,2012-07-21,Ridge,14,2012
2012-07-08,2012,7,19.22,19.94,19.003124372561697,2012-07-22,Ridge,14,2012
2012-07-09,2012,7,19.13,19.85,19.012346211186806,2012-07-23,Ridge,14,2012
2012-07-10,2012,7,19.07,19.76,19.129521578735492,2012-07-24,Ridge,14,2012
2012-07-11,2012,7,19.04,19.67,19.222033546751796,2012-07-25,Ridge,14,2012
2012-07-12,2012,7,19.11,19.55,19.341675520838155,2012-07-26,Ridge,14,2012
2012-07-13,2012,7,19.18,19.52,19.336660871275345,2012-07-27,Ridge,14,2012
2012-07-14,2012,7,19.27,19.5,19.3952184554342,2012-07-28,Ridge,14,2012
2012-07-15,2012,7,19.31,19.44,19.37287377156447,2012-07-29,Ridge,14,2012
2012-07-16,2012,7,19.47,19.44,19.50639823661164,2012-07-30,Ridge,14,2012
2012-07-17,2012,7,19.79,19.4,19.65368783464391,2012-07-31,Ridge,14,2012
2012-07-18,2012,7,19.87,19.34,19.441853073836242,2012-08-01,Ridge,14,2012
2012-07-19,2012,7,19.84,19.3,19.44960748051266,2012-08-02,Ridge,14,2012
2012-07-20,2012,7,19.9,19.2,19.621170643454054,2012-08-03,Ridge,14,2012
2012-07-21,2012,7,19.98,19.19,19.640888141554804,2012-08-04,Ridge,14,2012
2012-07-22,2012,7,19.94,19.18,19.543563635830374,2012-08-05,Ridge,14,2012
2012-07-23,2012,7,19.85,19.18,19.525185167188194,2012-08-06,Ridge,14,2012
2012-07-24,2012,7,19.76,19.15,19.47800560181387,2012-08-07,Ridge,14,2012
2012-07-25,2012,7,19.67,19.12,19.39772721183921,2012-08-08,Ridge,14,2012
2012-07-26,2012,7,19.55,19.09,19.241948873085708,2012-08-09,Ridge,14,2012
2012-07-27,2012,7,19.52,19.03,19.31654598610706,2012-08-10,Ridge,14,2012
2012-07-28,2012,7,19.5,18.93,19.358594148782135,2012-08-11,Ridge,14,2012
2012-07-29,2012,7,19.44,18.83,19.270722149216123,2012-08-12,Ridge,14,2012
2012-07-30,2012,7,19.44,18.67,19.35488806660576,2012-08-13,Ridge,14,2012
2012-07-31,2012,7,19.4,18.62,19.30943074861432,2012-08-14,Ridge,14,2012
2012-08-01,2012,8,19.34,18.57,19.23393324410679,2012-08-15,Ridge,14,2012
2012-08-02,2012,8,19.3,18.44,19.219777799522387,2012-08-16,Ridge,14,2012
2012-08-03,2012,8,19.2,18.31,19.06013088160097,2012-08-17,Ridge,14,2012
2012-08-04,2012,8,19.19,18.2,19.146442930134345,2012-08-18,Ridge,14,2012
2012-08-05,2012,8,19.18,18.12,19.163454465534898,2012-08-19,Ridge,14,2012
2012-08-06,2012,8,19.18,18.05,19.167918378891446,2012-08-20,Ridge,14,2012
2012-08-07,2012,8,19.15,18.0,19.116937688210353,2012-08-21,Ridge,14,2012
2012-08-08,2012,8,19.12,18.16,19.085901210497966,2012-08-22,Ridge,14,2012
2012-08-09,2012,8,19.09,18.26,19.07295649569314,2012-08-23,Ridge,14,2012
2012-08-10,2012,8,19.03,18.45,18.965742701540048,2012-08-24,Ridge,14,2012
2012-08-11,2012,8,18.93,18.51,18.810709138528694,2012-08-25,Ridge,14,2012
2012-08-12,2012,8,18.83,18.7,18.706849208623993,2012-08-26,Ridge,14,2012
2012-08-13,2012,8,18.67,18.89,18.491788044240042,2012-08-27,Ridge,14,2012
2012-08-14,2012,8,18.62,19.04,18.562728263552966,2012-08-28,Ridge,14,2012
2012-08-15,2012,8,18.57,19.08,18.55738180242311,2012-08-29,Ridge,14,2012
2012-08-16,2012,8,18.44,19.08,18.34057473391473,2012-08-30,Ridge,14,2012
2012-08-17,2012,8,18.31,19.01,18.233245829272143,2012-08-31,Ridge,14,2012
2012-08-18,2012,8,18.2,18.89,18.18677647634926,2012-09-01,Ridge,14,2012
2012-08-19,2012,8,18.12,18.79,18.17727734247494,2012-09-02,Ridge,14,2012
2012-08-20,2012,8,18.05,18.81,18.131358961222887,2012-09-03,Ridge,14,2012
2012-08-21,2012,8,18.0,18.82,18.12127233982536,2012-09-04,Ridge,14,2012
2012-08-22,2012,8,18.16,18.74,18.416130000979194,2012-09-05,Ridge,14,2012
2012-08-23,2012,8,18.26,18.83,18.37457214580731,2012-09-06,Ridge,14,2012
2012-08-24,2012,8,18.45,18.87,18.489146539864535,2012-09-07,Ridge,14,2012
2012-08-25,2012,8,18.51,18.87,18.37505723436791,2012-09-08,Ridge,14,2012
2012-08-26,2012,8,18.7,18.72,18.53171601206286,2012-09-09,Ridge,14,2012
2012-08-27,2012,8,18.89,18.46,18.52861982178579,2012-09-10,Ridge,14,2012
2012-08-28,2012,8,19.04,18.2,18.53698891641019,2012-09-11,Ridge,14,2012
2012-08-29,2012,8,19.08,18.04,18.50105367946615,2012-09-12,Ridge,14,2012
2012-08-30,2012,8,19.08,17.92,18.547189563236135,2012-09-13,Ridge,14,2012
2012-08-31,2012,8,19.01,18.13,18.4442290139714,2012-09-14,Ridge,14,2012
2012-09-01,2012,9,18.89,18.19,18.325095373819085,2012-09-15,Ridge,14,2012
2012-09-02,2012,9,18.79,18.82,18.29215987680111,2012-09-16,Ridge,14,2012
2012-09-03,2012,9,18.81,19.13,18.43657564730875,2012-09-17,Ridge,14,2012
2012-09-04,2012,9,18.82,19.22,18.432744487931643,2012-09-18,Ridge,14,2012
2012-09-05,2012,9,18.74,19.24,18.251210784472228,2012-09-19,Ridge,14,2012
2012-09-06,2012,9,18.83,19.16,18.476001970249506,2012-09-20,Ridge,14,2012
2012-09-07,2012,9,18.87,19.28,18.43988933686407,2012-09-21,Ridge,14,2012
2012-09-08,2012,9,18.87,19.48,18.39071293767236,2012-09-22,Ridge,14,2012
2012-09-09,2012,9,18.72,19.66,18.101255734870207,2012-09-23,Ridge,14,2012
2012-09-10,2012,9,18.46,19.81,17.685925105254302,2012-09-24,Ridge,14,2012
2012-09-11,2012,9,18.2,20.08,17.424314898490373,2012-09-25,Ridge,14,2012
2012-09-12,2012,9,18.04,20.27,17.382130221119475,2012-09-26,Ridge,14,2012
2012-09-13,2012,9,17.92,20.45,17.340580636942818,2012-09-27,Ridge,14,2012
2012-09-14,2012,9,18.13,20.46,17.782845717986156,2012-09-28,Ridge,14,2012
2012-09-15,2012,9,18.19,20.37,17.665362088268854,2012-09-29,Ridge,14,2012
2012-09-16,2012,9,18.82,20.08,18.32822658570997,2012-09-30,Ridge,14,2012
2012-11-08,2012,11,15.26,14.56,14.620034882218782,2012-11-22,Ridge,14,2012
2012-11-09,2012,11,15.18,14.5,14.521205105239956,2012-11-23,Ridge,14,2012
2012-11-10,2012,11,15.09,14.45,14.4237695306411,2012-11-24,Ridge,14,2012
2012-11-11,2012,11,15.03,14.41,14.40503805574954,2012-11-25,Ridge,14,2012
2012-11-12,2012,11,15.03,14.38,14.484097020168583,2012-11-26,Ridge,14,2012
2012-11-13,2012,11,14.97,14.35,14.36818208339276,2012-11-27,Ridge,14,2012
2012-11-14,2012,11,14.92,14.34,14.315129618231822,2012-11-28,Ridge,14,2012
2012-11-15,2012,11,14.89,14.29,14.327485307220478,2012-11-29,Ridge,14,2012
2012-11-16,2012,11,14.85,14.24,14.28104761134302,2012-11-30,Ridge,14,2012
2012-11-17,2012,11,14.8,14.2,14.210425291742622,2012-12-01,Ridge,14,2012
2012-11-18,2012,11,14.76,14.17,14.169659526006502,2012-12-02,Ridge,14,2012
2012-11-19,2012,11,14.71,14.15,14.114783371887661,2012-12-03,Ridge,14,2012
2012-11-20,2012,11,14.66,14.13,14.058668181449406,2012-12-04,Ridge,14,2012
2012-11-21,2012,11,14.61,14.1,14.005539838859612,2012-12-05,Ridge,14,2012
2012-11-22,2012,11,14.56,14.07,13.954717712745905,2012-12-06,Ridge,14,2012
2012-11-23,2012,11,14.5,14.03,13.884812399154068,2012-12-07,Ridge,14,2012
2012-11-24,2012,11,14.45,13.99,13.844226974239001,2012-12-08,Ridge,14,2012
2012-11-25,2012,11,14.41,13.97,13.82154403669551,2012-12-09,Ridge,14,2012
2012-11-26,2012,11,14.38,13.94,13.80486830235834,2012-12-10,Ridge,14,2012
2012-11-27,2012,11,14.35,13.9,13.77742384703356,2012-12-11,Ridge,14,2012
2012-11-28,2012,11,14.34,13.87,13.789370624684569,2012-12-12,Ridge,14,2012
2012-11-29,2012,11,14.29,13.85,13.699729004165327,2012-12-13,Ridge,14,2012
2012-11-30,2012,11,14.24,13.83,13.640289764372472,2012-12-14,Ridge,14,2012
2012-12-01,2012,12,14.2,13.79,13.61505216302992,2012-12-15,Ridge,14,2012
2012-12-02,2012,12,14.17,13.76,13.592838480985728,2012-12-16,Ridge,14,2012
2012-12-03,2012,12,14.15,13.74,13.581097558132837,2012-12-17,Ridge,14,2012
2012-12-04,2012,12,14.13,13.72,13.556446978115044,2012-12-18,Ridge,14,2012
2012-12-05,2012,12,14.1,13.7,13.518210605821217,2012-12-19,Ridge,14,2012
2012-12-06,2012,12,14.07,13.67,13.487777998491568,2012-12-20,Ridge,14,2012
2012-12-07,2012,12,14.03,13.67,13.435841379567744,2012-12-21,Ridge,14,2012
2012-12-08,2012,12,13.99,13.66,13.390445656395183,2012-12-22,Ridge,14,2012
2012-12-09,2012,12,13.97,13.66,13.390077058023108,2012-12-23,Ridge,14,2012
2012-12-10,2012,12,13.94,13.63,13.350030775324836,2012-12-24,Ridge,14,2012
2012-12-11,2012,12,13.9,13.6,13.29495118545926,2012-12-25,Ridge,14,2012
2012-12-12,2012,12,13.87,13.56,13.277613625958834,2012-12-26,Ridge,14,2012
2012-12-13,2012,12,13.85,13.54,13.274576766762534,2012-12-27,Ridge,14,2012
2012-12-14,2012,12,13.83,13.51,13.256012339907503,2012-12-28,Ridge,14,2012
2012-12-15,2012,12,13.79,13.49,13.190272239478164,2012-12-29,Ridge,14,2012
2012-12-16,2012,12,13.76,13.45,13.171076961110808,2012-12-30,Ridge,14,2012
2012-12-17,2012,12,13.74,13.42,13.170280986100645,2012-12-31,Ridge,14,2012
2012-12-18,2012,12,13.72,13.4,13.150321748678202,2013-01-01,Ridge,14,2012
2012-12-19,2012,12,13.7,13.37,13.128564384754174,2013-01-02,Ridge,14,2012
2012-12-20,2012,12,13.67,13.33,13.088770016881156,2013-01-03,Ridge,14,2012
2012-12-21,2012,12,13.67,13.29,13.123859465941665,2013-01-04,Ridge,14,2012
2012-12-22,2012,12,13.66,13.25,13.110586228959866,2013-01-05,Ridge,14,2012
2012-12-23,2012,12,13.66,13.22,13.113760587435,2013-01-06,Ridge,14,2012
2012-12-24,2012,12,13.63,13.2,13.052637646559635,2013-01-07,Ridge,14,2012
2012-12-25,2012,12,13.6,13.18,13.017214649114461,2013-01-08,Ridge,14,2012
2012-12-26,2012,12,13.56,13.16,12.971904117103385,2013-01-09,Ridge,14,2012
2012-12-27,2012,12,13.54,13.14,12.968340768574606,2013-01-10,Ridge,14,2012
2012-12-28,2012,12,13.51,13.13,12.934262446997407,2013-01-11,Ridge,14,2012
2012-12-29,2012,12,13.49,13.12,12.922387319926408,2013-01-12,Ridge,14,2012
2012-12-30,2012,12,13.45,13.1,12.873024846525615,2013-01-13,Ridge,14,2012
2012-12-31,2012,12,13.42,13.08,12.857857099466104,2013-01-14,Ridge,14,2012
2013-01-01,2013,1,13.4,13.07,12.879635233944102,2013-01-15,Ridge,14,2013
2013-01-02,2013,1,13.37,13.06,12.84407906648806,2013-01-16,Ridge,14,2013
2013-01-03,2013,1,13.33,13.04,12.802729673079241,2013-01-17,Ridge,14,2013
2013-01-04,2013,1,13.29,13.03,12.772717850727924,2013-01-18,Ridge,14,2013
2013-01-05,2013,1,13.25,13.01,12.747248016922612,2013-01-19,Ridge,14,2013
2013-01-06,2013,1,13.22,12.98,12.73861983974567,2013-01-20,Ridge,14,2013
2013-01-07,2013,1,13.2,12.95,12.737515511161174,2013-01-21,Ridge,14,2013
2013-01-08,2013,1,13.18,12.93,12.726929464119094,2013-01-22,Ridge,14,2013
2013-01-09,2013,1,13.16,12.91,12.719036005508732,2013-01-23,Ridge,14,2013
2013-01-10,2013,1,13.14,12.89,12.712917175035544,2013-01-24,Ridge,14,2013
2013-01-11,2013,1,13.13,12.87,12.725730244565852,2013-01-25,Ridge,14,2013
2013-01-12,2013,1,13.12,12.85,12.726860629625813,2013-01-26,Ridge,14,2013
2013-01-13,2013,1,13.1,12.83,12.704649223381574,2013-01-27,Ridge,14,2013
2013-01-14,2013,1,13.08,12.81,12.694613563931034,2013-01-28,Ridge,14,2013
2013-01-15,2013,1,13.07,12.8,12.70524305583308,2013-01-29,Ridge,14,2013
2013-01-16,2013,1,13.06,12.8,12.704938498698318,2013-01-30,Ridge,14,2013
2013-01-17,2013,1,13.04,12.79,12.68213522812817,2013-01-31,Ridge,14,2013
2013-01-18,2013,1,13.03,12.78,12.69045697569888,2013-02-01,Ridge,14,2013
2013-01-19,2013,1,13.01,12.76,12.673641753816698,2013-02-02,Ridge,14,2013
2013-01-20,2013,1,12.98,12.74,12.645030004213758,2013-02-03,Ridge,14,2013
2013-01-21,2013,1,12.95,12.73,12.628853843449436,2013-02-04,Ridge,14,2013
2013-01-22,2013,1,12.93,12.72,12.631623289272087,2013-02-05,Ridge,14,2013
2013-01-23,2013,1,12.91,12.7,12.626251803800335,2013-02-06,Ridge,14,2013
2013-01-24,2013,1,12.89,12.67,12.617859603628135,2013-02-07,Ridge,14,2013
2013-01-25,2013,1,12.87,12.65,12.61351222004325,2013-02-08,Ridge,14,2013
2013-01-26,2013,1,12.85,12.63,12.611607389845387,2013-02-09,Ridge,14,2013
2013-01-27,2013,1,12.83,12.61,12.610449405901665,2013-02-10,Ridge,14,2013
2013-01-28,2013,1,12.81,12.6,12.607429139747264,2013-02-11,Ridge,14,2013
2013-01-29,2013,1,12.8,12.58,12.623619562217414,2013-02-12,Ridge,14,2013
2013-01-30,2013,1,12.8,12.57,12.649111512952866,2013-02-13,Ridge,14,2013
2013-01-31,2013,1,12.79,12.56,12.644193076509943,2013-02-14,Ridge,14,2013
2013-02-01,2013,2,12.78,12.55,12.649935643973492,2013-02-15,Ridge,14,2013
2013-02-02,2013,2,12.76,12.53,12.639437448985777,2013-02-16,Ridge,14,2013
2013-02-03,2013,2,12.74,12.52,12.637472966158821,2013-02-17,Ridge,14,2013
2013-02-04,2013,2,12.73,12.52,12.655194239303976,2013-02-18,Ridge,14,2013
2013-02-05,2013,2,12.72,12.51,12.659340238689678,2013-02-19,Ridge,14,2013
2013-02-06,2013,2,12.7,12.53,12.645229611011626,2013-02-20,Ridge,14,2013
2013-02-07,2013,2,12.67,12.54,12.624427401337208,2013-02-21,Ridge,14,2013
2013-02-08,2013,2,12.65,12.53,12.636868220325288,2013-02-22,Ridge,14,2013
2013-02-09,2013,2,12.63,12.53,12.640334358910227,2013-02-23,Ridge,14,2013
2013-02-10,2013,2,12.61,12.52,12.638986692513043,2013-02-24,Ridge,14,2013
2013-02-11,2013,2,12.6,12.52,12.658907559364392,2013-02-25,Ridge,14,2013
2013-02-12,2013,2,12.58,12.53,12.651792606787986,2013-02-26,Ridge,14,2013
2013-02-13,2013,2,12.57,12.55,12.675035858753123,2013-02-27,Ridge,14,2013
2013-02-14,2013,2,12.56,12.59,12.690108385072959,2013-02-28,Ridge,14,2013
2013-02-15,2013,2,12.55,12.588,12.701123878580905,2013-03-01,Ridge,14,2013
2013-02-16,2013,2,12.53,12.57,12.6955276207004,2013-03-02,Ridge,14,2013
2013-02-17,2013,2,12.52,12.54,12.71670854512786,2013-03-03,Ridge,14,2013
2013-02-18,2013,2,12.52,12.52,12.751071097054645,2013-03-04,Ridge,14,2013
2013-02-19,2013,2,12.51,12.49,12.751247303258253,2013-03-05,Ridge,14,2013
2013-02-20,2013,2,12.53,12.46,12.809794410316048,2013-03-06,Ridge,14,2013
2013-02-21,2013,2,12.54,12.44,12.822533550857948,2013-03-07,Ridge,14,2013
2013-02-22,2013,2,12.53,12.42,12.820072890340862,2013-03-08,Ridge,14,2013
2013-02-23,2013,2,12.53,12.42,12.852657588856848,2013-03-09,Ridge,14,2013
2013-02-24,2013,2,12.52,12.41,12.856918627042045,2013-03-10,Ridge,14,2013
2013-02-25,2013,2,12.52,12.41,12.8843147828373,2013-03-11,Ridge,14,2013
2013-02-26,2013,2,12.53,12.42,12.923558394799567,2013-03-12,Ridge,14,2013
2013-02-27,2013,2,12.55,12.41,12.954576220333049,2013-03-13,Ridge,14,2013
2013-02-28,2013,2,12.59,12.4,12.994554810931932,2013-03-14,Ridge,14,2013
2013-03-01,2013,3,12.588,12.39,12.975618043585952,2013-03-15,Ridge,14,2013
2013-03-02,2013,3,12.57,12.38,12.979229902702938,2013-03-16,Ridge,14,2013
2013-03-03,2013,3,12.54,12.36,12.974030840934203,2013-03-17,Ridge,14,2013
2013-03-04,2013,3,12.52,12.35,12.994688000935895,2013-03-18,Ridge,14,2013
2013-03-05,2013,3,12.49,12.34,12.985510994753204,2013-03-19,Ridge,14,2013
2013-03-06,2013,3,12.46,12.33,12.983466627477334,2013-03-20,Ridge,14,2013
2013-03-07,2013,3,12.44,12.32,13.001823843600388,2013-03-21,Ridge,14,2013
2013-03-08,2013,3,12.42,12.33,13.012851941475308,2013-03-22,Ridge,14,2013
2013-03-09,2013,3,12.42,12.37,13.063447255214063,2013-03-23,Ridge,14,2013
2013-03-10,2013,3,12.41,12.41,13.075536797252251,2013-03-24,Ridge,14,2013
2013-03-11,2013,3,12.41,12.5,13.114465461025363,2013-03-25,Ridge,14,2013
2013-03-12,2013,3,12.42,12.54,13.16211282633932,2013-03-26,Ridge,14,2013
2013-03-13,2013,3,12.41,12.59,13.16431330684124,2013-03-27,Ridge,14,2013
2013-03-14,2013,3,12.4,12.65,13.186126744625343,2013-03-28,Ridge,14,2013
2013-03-15,2013,3,12.39,12.69,13.205600466796549,2013-03-29,Ridge,14,2013
2013-03-16,2013,3,12.38,12.71,13.22057534486904,2013-03-30,Ridge,14,2013
2013-03-17,2013,3,12.36,12.71,13.218625876635912,2013-03-31,Ridge,14,2013
2013-03-18,2013,3,12.35,12.69,13.246460985347138,2013-04-01,Ridge,14,2013
2013-03-19,2013,3,12.34,12.69,13.267810530371484,2013-04-02,Ridge,14,2013
2013-03-20,2013,3,12.33,12.73,13.286209825896764,2013-04-03,Ridge,14,2013
2013-03-21,2013,3,12.32,12.77,13.306984291081372,2013-04-04,Ridge,14,2013
2013-03-22,2013,3,12.33,12.77,13.361432784056271,2013-04-05,Ridge,14,2013
2013-03-23,2013,3,12.37,12.851,13.428944840295173,2013-04-06,Ridge,14,2013
2013-03-24,2013,3,12.41,12.896,13.453906837629116,2013-04-07,Ridge,14,2013
2013-03-25,2013,3,12.5,13.05,13.535625310789598,2013-04-08,Ridge,14,2013
2013-03-26,2013,3,12.54,13.19,13.521043206614635,2013-04-09,Ridge,14,2013
2013-03-27,2013,3,12.59,13.23,13.581180992333962,2013-04-10,Ridge,14,2013
2013-03-28,2013,3,12.65,13.23,13.641277949653537,2013-04-11,Ridge,14,2013
2013-03-29,2013,3,12.69,13.22,13.670694384601603,2013-04-12,Ridge,14,2013
2013-03-30,2013,3,12.71,13.33,13.709245009833289,2013-04-13,Ridge,14,2013
2013-03-31,2013,3,12.71,13.47,13.755832377059978,2013-04-14,Ridge,14,2013
2013-04-01,2013,4,12.69,13.5,13.767589902018365,2013-04-15,Ridge,14,2013
2013-04-02,2013,4,12.69,13.51,13.832136731195206,2013-04-16,Ridge,14,2013
2013-04-03,2013,4,12.73,13.48,13.924069696942611,2013-04-17,Ridge,14,2013
2013-04-04,2013,4,12.77,13.52,13.956416988667877,2013-04-18,Ridge,14,2013
2013-04-05,2013,4,12.77,13.81,13.9520388458653,2013-04-19,Ridge,14,2013
2013-04-06,2013,4,12.851,14.35,14.072090597437956,2013-04-20,Ridge,14,2013
2013-04-07,2013,4,12.896,14.55,14.063857722866766,2013-04-21,Ridge,14,2013
2013-04-08,2013,4,13.05,14.66,14.212561825119671,2013-04-22,Ridge,14,2013
2013-04-09,2013,4,13.19,14.58,14.25234417164647,2013-04-23,Ridge,14,2013
2013-04-10,2013,4,13.23,14.58,14.219277842594025,2013-04-24,Ridge,14,2013
2013-04-11,2013,4,13.23,14.45,14.264112543658614,2013-04-25,Ridge,14,2013
2013-04-12,2013,4,13.22,14.35,14.323625656242648,2013-04-26,Ridge,14,2013
2013-04-13,2013,4,13.33,14.26,14.491236881913077,2013-04-27,Ridge,14,2013
2013-04-14,2013,4,13.47,14.24,14.587086259441184,2013-04-28,Ridge,14,2013
2013-04-15,2013,4,13.5,14.2,14.552081181711518,2013-04-29,Ridge,14,2013
2013-04-16,2013,4,13.51,14.17,14.61640693551695,2013-04-30,Ridge,14,2013
2013-07-08,2013,7,19.2,19.11,19.403374710636903,2013-07-22,Ridge,14,2013
2013-07-09,2013,7,19.34,19.02,19.36558045311891,2013-07-23,Ridge,14,2013
2013-07-10,2013,7,19.47,19.04,19.416258900818768,2013-07-24,Ridge,14,2013
2013-07-11,2013,7,19.67,19.05,19.523226984852947,2013-07-25,Ridge,14,2013
2013-07-12,2013,7,19.68,19.11,19.369664504446515,2013-07-26,Ridge,14,2013
2013-07-13,2013,7,19.6,19.15,19.34375284920971,2013-07-27,Ridge,14,2013
2013-07-14,2013,7,19.46,19.14,19.267342958527465,2013-07-28,Ridge,14,2013
2013-07-15,2013,7,19.37,19.07,19.2977141457086,2013-07-29,Ridge,14,2013
2013-07-16,2013,7,19.3,19.0,19.288998805073636,2013-07-30,Ridge,14,2013
2013-07-17,2013,7,19.13,18.94,19.043443557061284,2013-07-31,Ridge,14,2013
2013-07-18,2013,7,19.087,18.86,19.132339340767242,2013-08-01,Ridge,14,2013
2013-07-19,2013,7,18.99,18.78,19.03330524026825,2013-08-02,Ridge,14,2013
2013-07-20,2013,7,19.09,18.76,19.297684002738716,2013-08-03,Ridge,14,2013
2013-07-21,2013,7,19.12,18.69,19.25561556721147,2013-08-04,Ridge,14,2013
2013-07-22,2013,7,19.11,18.52,19.234387386041714,2013-08-05,Ridge,14,2013
2013-07-23,2013,7,19.02,18.4,19.14641100306122,2013-08-06,Ridge,14,2013
2013-07-24,2013,7,19.04,18.45,19.2687872230462,2013-08-07,Ridge,14,2013
2013-07-25,2013,7,19.05,18.51,19.262592278100268,2013-08-08,Ridge,14,2013
2013-07-26,2013,7,19.11,18.49,19.330606430734274,2013-08-09,Ridge,14,2013
2013-07-27,2013,7,19.15,18.43,19.31491835802992,2013-08-10,Ridge,14,2013
2013-07-28,2013,7,19.14,18.51,19.26166778412546,2013-08-11,Ridge,14,2013
2013-07-29,2013,7,19.07,18.6,19.15102008508481,2013-08-12,Ridge,14,2013
2013-07-30,2013,7,19.0,18.64,19.101091352153357,2013-08-13,Ridge,14,2013
2013-07-31,2013,7,18.94,18.63,19.061574222343467,2013-08-14,Ridge,14,2013
2013-08-01,2013,8,18.86,18.56,18.968588045167863,2013-08-15,Ridge,14,2013
2013-08-02,2013,8,18.78,18.45,18.892932129224913,2013-08-16,Ridge,14,2013
2013-08-03,2013,8,18.76,18.36,18.93521086250269,2013-08-17,Ridge,14,2013
2013-08-04,2013,8,18.69,18.29,18.833503810886576,2013-08-18,Ridge,14,2013
2013-08-05,2013,8,18.52,18.22,18.58058150622756,2013-08-19,Ridge,14,2013
2013-08-06,2013,8,18.4,18.12,18.542488420977563,2013-08-20,Ridge,14,2013
2013-08-07,2013,8,18.45,18.0,18.77149807506788,2013-08-21,Ridge,14,2013
2013-08-08,2013,8,18.51,17.97,18.795841554195903,2013-08-22,Ridge,14,2013
2013-08-09,2013,8,18.49,17.92,18.69941131392509,2013-08-23,Ridge,14,2013
2013-08-10,2013,8,18.43,17.83,18.640816490384896,2013-08-24,Ridge,14,2013
2013-08-11,2013,8,18.51,17.67,18.856559793439303,2013-08-25,Ridge,14,2013
2013-08-12,2013,8,18.6,17.54,18.84008954087085,2013-08-26,Ridge,14,2013
2013-08-13,2013,8,18.64,17.47,18.795034983826625,2013-08-27,Ridge,14,2013
2013-08-14,2013,8,18.63,17.53,18.764596184109926,2013-08-28,Ridge,14,2013
2013-08-15,2013,8,18.56,17.6,18.650018351198643,2013-08-29,Ridge,14,2013
2013-08-16,2013,8,18.45,17.6,18.51723335970475,2013-08-30,Ridge,14,2013
2013-08-17,2013,8,18.36,17.62,18.4675651337461,2013-08-31,Ridge,14,2013
2013-08-18,2013,8,18.29,17.62,18.425646230536987,2013-09-01,Ridge,14,2013
2013-08-19,2013,8,18.22,17.64,18.350708628158742,2013-09-02,Ridge,14,2013
2013-08-20,2013,8,18.12,17.79,18.219678766830565,2013-09-03,Ridge,14,2013
2013-08-21,2013,8,18.0,17.9,18.097206091981246,2013-09-04,Ridge,14,2013
2013-08-22,2013,8,17.97,18.17,18.180066341913804,2013-09-05,Ridge,14,2013
2013-08-23,2013,8,17.92,18.49,18.13243774103252,2013-09-06,Ridge,14,2013
2013-08-24,2013,8,17.83,18.8,18.002585243023624,2013-09-07,Ridge,14,2013
2013-08-25,2013,8,17.67,19.3,17.79730349886515,2013-09-08,Ridge,14,2013
2013-08-26,2013,8,17.54,19.66,17.726471361362414,2013-09-09,Ridge,14,2013
2013-08-27,2013,8,17.47,19.9,17.75290991066994,2013-09-10,Ridge,14,2013
2013-08-28,2013,8,17.53,19.91,17.909968658597936,2013-09-11,Ridge,14,2013
2013-08-29,2013,8,17.6,19.79,17.920933210940134,2013-09-12,Ridge,14,2013
2013-08-30,2013,8,17.6,19.5,17.857237595412684,2013-09-13,Ridge,14,2013
2013-08-31,2013,8,17.62,19.19,17.931619340897516,2013-09-14,Ridge,14,2013
2013-09-01,2013,9,17.62,18.9,17.9044401418822,2013-09-15,Ridge,14,2013
2013-09-02,2013,9,17.64,18.62,17.903056807990797,2013-09-16,Ridge,14,2013
2013-09-03,2013,9,17.79,18.41,18.027443905504803,2013-09-17,Ridge,14,2013
2013-09-04,2013,9,17.9,18.12,17.977607646162625,2013-09-18,Ridge,14,2013
2013-09-05,2013,9,18.17,17.94,18.13798315755129,2013-09-19,Ridge,14,2013
2013-09-06,2013,9,18.49,17.76,18.19979882892486,2013-09-20,Ridge,14,2013
2013-09-07,2013,9,18.8,17.4,18.219461365748558,2013-09-21,Ridge,14,2013
2013-09-08,2013,9,19.3,17.3,18.483863368263954,2013-09-22,Ridge,14,2013
2013-09-09,2013,9,19.66,17.13,18.443309766905802,2013-09-23,Ridge,14,2013
2013-09-10,2013,9,19.9,17.01,18.46761073997015,2013-09-24,Ridge,14,2013
2013-09-11,2013,9,19.91,16.91,18.426539900327928,2013-09-25,Ridge,14,2013
2013-09-12,2013,9,19.79,16.82,18.37413232590064,2013-09-26,Ridge,14,2013
2013-09-13,2013,9,19.5,16.8,18.090108915399224,2013-09-27,Ridge,14,2013
2013-09-14,2013,9,19.19,16.81,17.95661696043712,2013-09-28,Ridge,14,2013
2013-09-15,2013,9,18.9,16.85,17.756931617908464,2013-09-29,Ridge,14,2013
2013-09-16,2013,9,18.62,16.87,17.519983278337843,2013-09-30,Ridge,14,2013
2013-09-17,2013,9,18.41,16.87,17.394479589706574,2013-10-01,Ridge,14,2013
2013-09-18,2013,9,18.12,16.84,17.078153356033035,2013-10-02,Ridge,14,2013
2013-09-19,2013,9,17.94,16.77,17.08156797050821,2013-10-03,Ridge,14,2013
2013-09-20,2013,9,17.76,16.68,17.009791328193696,2013-10-04,Ridge,14,2013
2013-09-21,2013,9,17.4,16.57,16.548325485892832,2013-10-05,Ridge,14,2013
2013-09-22,2013,9,17.3,16.51,16.784912223548805,2013-10-06,Ridge,14,2013
2013-09-23,2013,9,17.13,16.58,16.64335272517082,2013-10-07,Ridge,14,2013
2013-09-24,2013,9,17.01,16.63,16.602744429846293,2013-10-08,Ridge,14,2013
2013-09-25,2013,9,16.91,16.6,16.591597434284683,2013-10-09,Ridge,14,2013
2013-09-26,2013,9,16.82,16.55,16.53939713738998,2013-10-10,Ridge,14,2013
2013-09-27,2013,9,16.8,16.54,16.661454766790403,2013-10-11,Ridge,14,2013
2013-09-28,2013,9,16.81,16.59,16.710117727959773,2013-10-12,Ridge,14,2013
2013-09-29,2013,9,16.85,16.55,16.758503674774374,2013-10-13,Ridge,14,2013
2013-09-30,2013,9,16.87,16.48,16.752262973557198,2013-10-14,Ridge,14,2013
2013-10-01,2013,10,16.87,16.37,16.74125612613076,2013-10-15,Ridge,14,2013
2013-10-02,2013,10,16.84,16.37,16.679174093735185,2013-10-16,Ridge,14,2013
2013-10-03,2013,10,16.77,16.48,16.557623877593812,2013-10-17,Ridge,14,2013
2013-10-04,2013,10,16.68,16.37,16.436730655976653,2013-10-18,Ridge,14,2013
2013-10-05,2013,10,16.57,16.23,16.301567598429042,2013-10-19,Ridge,14,2013
2013-10-06,2013,10,16.51,16.0,16.278715946801423,2013-10-20,Ridge,14,2013
2013-10-07,2013,10,16.58,15.84,16.427115328115132,2013-10-21,Ridge,14,2013
2013-10-08,2013,10,16.63,15.74,16.38612329458729,2013-10-22,Ridge,14,2013
2013-10-09,2013,10,16.6,15.71,16.290851576572432,2013-10-23,Ridge,14,2013
2013-10-10,2013,10,16.55,15.68,16.247034834428323,2013-10-24,Ridge,14,2013
2013-10-11,2013,10,16.54,15.66,16.27084948624602,2013-10-25,Ridge,14,2013
2013-10-12,2013,10,16.59,15.71,16.323021474873862,2013-10-26,Ridge,14,2013
2013-10-13,2013,10,16.55,15.74,16.190123528158423,2013-10-27,Ridge,14,2013
2013-10-14,2013,10,16.48,15.82,16.07716435884294,2013-10-28,Ridge,14,2013
2013-10-15,2013,10,16.37,15.82,15.930284884471808,2013-10-29,Ridge,14,2013
2013-10-16,2013,10,16.37,15.74,16.015412433310136,2013-10-30,Ridge,14,2013
2013-10-17,2013,10,16.48,15.63,16.14558237693757,2013-10-31,Ridge,14,2013
2013-10-18,2013,10,16.37,15.52,15.82557223072963,2013-11-01,Ridge,14,2013
2013-10-19,2013,10,16.23,15.42,15.66245310187293,2013-11-02,Ridge,14,2013
2013-10-20,2013,10,16.0,15.4,15.388729420539024,2013-11-03,Ridge,14,2013
2013-10-21,2013,10,15.84,15.49,15.286609975161197,2013-11-04,Ridge,14,2013
2013-10-22,2013,10,15.74,15.57,15.263566364267989,2013-11-05,Ridge,14,2013
2013-10-23,2013,10,15.71,15.59,15.287699840098842,2013-11-06,Ridge,14,2013
2013-10-24,2013,10,15.68,15.54,15.263115674704713,2013-11-07,Ridge,14,2013
2013-10-25,2013,10,15.66,15.43,15.260283269711598,2013-11-08,Ridge,14,2013
2013-10-26,2013,10,15.71,15.34,15.386783806787612,2013-11-09,Ridge,14,2013
2013-10-27,2013,10,15.74,15.21,15.386570999725738,2013-11-10,Ridge,14,2013
2013-10-28,2013,10,15.82,15.09,15.443439563731564,2013-11-11,Ridge,14,2013
2013-10-29,2013,10,15.82,15.0,15.345690485241633,2013-11-12,Ridge,14,2013
2013-10-30,2013,10,15.74,14.91,15.199424105264002,2013-11-13,Ridge,14,2013
2013-10-31,2013,10,15.63,14.84,15.07282811988978,2013-11-14,Ridge,14,2013
2013-11-01,2013,11,15.52,14.72,14.96648737205664,2013-11-15,Ridge,14,2013
2013-11-02,2013,11,15.42,14.66,14.872238244321466,2013-11-16,Ridge,14,2013
2013-11-03,2013,11,15.4,14.58,14.92095684652329,2013-11-17,Ridge,14,2013
2013-11-04,2013,11,15.49,14.53,15.044566128778534,2013-11-18,Ridge,14,2013
2013-11-05,2013,11,15.57,14.44,15.038501770594312,2013-11-19,Ridge,14,2013
2013-11-06,2013,11,15.59,14.44,15.004197434623505,2013-11-20,Ridge,14,2013
2013-11-07,2013,11,15.54,14.38,14.915722159429189,2013-11-21,Ridge,14,2013
2013-11-08,2013,11,15.43,14.33,14.75185705503502,2013-11-22,Ridge,14,2013
2013-11-09,2013,11,15.34,14.27,14.686793015032684,2013-11-23,Ridge,14,2013
2013-11-10,2013,11,15.21,14.22,14.527881981624708,2013-11-24,Ridge,14,2013
2013-11-11,2013,11,15.09,14.17,14.412845907929874,2013-11-25,Ridge,14,2013
2013-11-12,2013,11,15.0,14.12,14.3544427118185,2013-11-26,Ridge,14,2013
2013-11-13,2013,11,14.91,14.08,14.267734647864675,2013-11-27,Ridge,14,2013
2013-11-14,2013,11,14.84,14.03,14.233049198242155,2013-11-28,Ridge,14,2013
2013-11-15,2013,11,14.72,13.99,14.08335976886844,2013-11-29,Ridge,14,2013
2013-11-16,2013,11,14.66,13.96,14.102609709061333,2013-11-30,Ridge,14,2013
2013-11-17,2013,11,14.58,13.92,14.035644262895582,2013-12-01,Ridge,14,2013
2013-11-18,2013,11,14.53,13.87,14.017917764440629,2013-12-02,Ridge,14,2013
2013-11-19,2013,11,14.44,13.82,13.909456418543396,2013-12-03,Ridge,14,2013
2013-11-20,2013,11,14.44,13.78,13.993729907036954,2013-12-04,Ridge,14,2013
2013-11-21,2013,11,14.38,13.76,13.90165845374958,2013-12-05,Ridge,14,2013
2013-11-22,2013,11,14.33,13.74,13.85244623209361,2013-12-06,Ridge,14,2013
2013-11-23,2013,11,14.27,13.7,13.803844546840557,2013-12-07,Ridge,14,2013
2013-11-24,2013,11,14.22,13.67,13.761197534434972,2013-12-08,Ridge,14,2013
2013-11-25,2013,11,14.17,13.64,13.724870837036212,2013-12-09,Ridge,14,2013
2013-11-26,2013,11,14.12,13.6,13.664804611848242,2013-12-10,Ridge,14,2013
2013-11-27,2013,11,14.08,13.56,13.637904610450562,2013-12-11,Ridge,14,2013
2013-11-28,2013,11,14.03,13.54,13.580659705807072,2013-12-12,Ridge,14,2013
2013-11-29,2013,11,13.99,13.51,13.553216580533054,2013-12-13,Ridge,14,2013
2013-11-30,2013,11,13.96,13.48,13.536553074451438,2013-12-14,Ridge,14,2013
2013-12-01,2013,12,13.92,13.45,13.486705855574838,2013-12-15,Ridge,14,2013
2013-12-02,2013,12,13.87,13.42,13.428550110133127,2013-12-16,Ridge,14,2013
2013-12-03,2013,12,13.82,13.4,13.381412341886259,2013-12-17,Ridge,14,2013
2013-12-04,2013,12,13.78,13.38,13.355534732987602,2013-12-18,Ridge,14,2013
2013-12-05,2013,12,13.76,13.36,13.35501286532631,2013-12-19,Ridge,14,2013
2013-12-06,2013,12,13.74,13.34,13.331151836819158,2013-12-20,Ridge,14,2013
2013-12-07,2013,12,13.7,13.32,13.268821347821106,2013-12-21,Ridge,14,2013
2013-12-08,2013,12,13.67,13.29,13.251867913611665,2013-12-22,Ridge,14,2013
2013-12-09,2013,12,13.64,13.26,13.227948731772344,2013-12-23,Ridge,14,2013
2013-12-10,2013,12,13.6,13.24,13.177819737062025,2013-12-24,Ridge,14,2013
2013-12-11,2013,12,13.56,13.21,13.136287305086391,2013-12-25,Ridge,14,2013
2013-12-12,2013,12,13.54,13.19,13.133845076989518,2013-12-26,Ridge,14,2013
2013-12-13,2013,12,13.51,13.17,13.095955956539616,2013-12-27,Ridge,14,2013
2013-12-14,2013,12,13.48,13.14,13.063462808591758,2013-12-28,Ridge,14,2013
2013-12-15,2013,12,13.45,13.12,13.036128642673747,2013-12-29,Ridge,14,2013
2013-12-16,2013,12,13.42,13.09,13.008750811123582,2013-12-30,Ridge,14,2013
2013-12-17,2013,12,13.4,13.06,13.001787450751758,2013-12-31,Ridge,14,2013
2013-12-18,2013,12,13.38,13.04,12.980628962530803,2014-01-01,Ridge,14,2013
2013-12-19,2013,12,13.36,13.02,12.959755698784692,2014-01-02,Ridge,14,2013
2013-12-20,2013,12,13.34,12.99,12.94118093499289,2014-01-03,Ridge,14,2013
2013-12-21,2013,12,13.32,12.97,12.922463240346024,2014-01-04,Ridge,14,2013
2013-12-22,2013,12,13.29,12.95,12.88501180917404,2014-01-05,Ridge,14,2013
2013-12-23,2013,12,13.26,12.93,12.855931346079903,2014-01-06,Ridge,14,2013
2013-12-24,2013,12,13.24,12.93,12.847984723760005,2014-01-07,Ridge,14,2013
2013-12-25,2013,12,13.21,12.92,12.809737794337911,2014-01-08,Ridge,14,2013
2013-12-26,2013,12,13.19,12.9,12.799881482644189,2014-01-09,Ridge,14,2013
2013-12-27,2013,12,13.17,12.88,12.783893965937173,2014-01-10,Ridge,14,2013
2013-12-28,2013,12,13.14,12.86,12.747312131325538,2014-01-11,Ridge,14,2013
2013-12-29,2013,12,13.12,12.83,12.742987268429665,2014-01-12,Ridge,14,2013
2013-12-30,2013,12,13.09,12.82,12.70883358799864,2014-01-13,Ridge,14,2013
2013-12-31,2013,12,13.06,12.8,12.683931550819782,2014-01-14,Ridge,14,2013
2014-01-01,2014,1,13.04,12.79,12.678739808567451,2014-01-15,Ridge,14,2014
2014-01-02,2014,1,13.02,12.77,12.662692059469622,2014-01-16,Ridge,14,2014
2014-01-03,2014,1,12.99,12.75,12.630062160289677,2014-01-17,Ridge,14,2014
2014-01-04,2014,1,12.97,12.73,12.626300962594534,2014-01-18,Ridge,14,2014
2014-01-05,2014,1,12.95,12.72,12.615731768172559,2014-01-19,Ridge,14,2014
2014-01-06,2014,1,12.93,12.7,12.602826408615513,2014-01-20,Ridge,14,2014
2014-01-07,2014,1,12.93,12.68,12.626686417152412,2014-01-21,Ridge,14,2014
2014-01-08,2014,1,12.92,12.66,12.611622976735442,2014-01-22,Ridge,14,2014
2014-01-09,2014,1,12.9,12.65,12.588345136871276,2014-01-23,Ridge,14,2014
2014-01-10,2014,1,12.88,12.64,12.579176581572268,2014-01-24,Ridge,14,2014
2014-01-11,2014,1,12.86,12.63,12.568783899657245,2014-01-25,Ridge,14,2014
2014-01-12,2014,1,12.83,12.62,12.539768660229395,2014-01-26,Ridge,14,2014
2014-01-13,2014,1,12.82,12.61,12.553973435031912,2014-01-27,Ridge,14,2014
2014-01-14,2014,1,12.8,12.59,12.53271402642515,2014-01-28,Ridge,14,2014
2014-01-15,2014,1,12.79,12.57,12.537949559004696,2014-01-29,Ridge,14,2014
2014-01-16,2014,1,12.77,12.55,12.521024780275903,2014-01-30,Ridge,14,2014
2014-01-17,2014,1,12.75,12.53,12.510207886612028,2014-01-31,Ridge,14,2014
2014-06-08,2014,6,16.32,16.9,17.453966097659116,2014-06-22,Ridge,14,2014
2014-06-09,2014,6,16.66,17.2,17.68180377911649,2014-06-23,Ridge,14,2014
2014-06-10,2014,6,16.88,17.49,17.622456831652023,2014-06-24,Ridge,14,2014
2014-06-11,2014,6,16.92,17.82,17.559944971163656,2014-06-25,Ridge,14,2014
2014-06-12,2014,6,16.92,18.14,17.646758470695833,2014-06-26,Ridge,14,2014
2014-06-13,2014,6,16.92,18.44,17.706649636295342,2014-06-27,Ridge,14,2014
2014-06-14,2014,6,16.97,18.56,17.815601767001553,2014-06-28,Ridge,14,2014
2014-06-15,2014,6,17.07,18.57,17.965703692862476,2014-06-29,Ridge,14,2014
2014-06-16,2014,6,17.21,18.57,18.06493615730459,2014-06-30,Ridge,14,2014
2014-06-17,2014,6,17.25,18.58,18.00028268752474,2014-07-01,Ridge,14,2014
2014-06-18,2014,6,17.19,18.5,17.92141440828692,2014-07-02,Ridge,14,2014
2014-06-19,2014,6,17.11,18.34,17.88190036135091,2014-07-03,Ridge,14,2014
2014-06-20,2014,6,16.99,18.362,17.794180960526347,2014-07-04,Ridge,14,2014
2014-06-21,2014,6,16.92,18.47,17.82297249986529,2014-07-05,Ridge,14,2014
2014-06-22,2014,6,16.9,18.59,17.893751617939312,2014-07-06,Ridge,14,2014
2014-06-23,2014,6,17.2,18.63,18.318946734201326,2014-07-07,Ridge,14,2014
2014-06-24,2014,6,17.49,18.66,18.301361894286586,2014-07-08,Ridge,14,2014
2014-06-25,2014,6,17.82,18.5,18.379148889640714,2014-07-09,Ridge,14,2014
2014-06-26,2014,6,18.14,18.49,18.456119952846773,2014-07-10,Ridge,14,2014
2014-06-27,2014,6,18.44,18.53,18.53024997212932,2014-07-11,Ridge,14,2014
2014-06-28,2014,6,18.56,18.48,18.476314894728635,2014-07-12,Ridge,14,2014
2014-06-29,2014,6,18.57,18.4,18.569025966523473,2014-07-13,Ridge,14,2014
2014-06-30,2014,6,18.57,18.46,18.716357745146613,2014-07-14,Ridge,14,2014
2014-07-01,2014,7,18.58,18.46,18.83335243463738,2014-07-15,Ridge,14,2014
2014-07-02,2014,7,18.5,18.4,18.77049892321912,2014-07-16,Ridge,14,2014
2014-07-03,2014,7,18.34,18.34,18.638185086781768,2014-07-17,Ridge,14,2014
2014-07-04,2014,7,18.362,18.35,18.864326047295844,2014-07-18,Ridge,14,2014
2014-07-05,2014,7,18.47,18.42,18.99664581092321,2014-07-19,Ridge,14,2014
2014-07-06,2014,7,18.59,18.53,19.02614772677012,2014-07-20,Ridge,14,2014
2014-07-07,2014,7,18.63,18.67,18.97432151766106,2014-07-21,Ridge,14,2014
2014-07-08,2014,7,18.66,18.88,18.991375167864618,2014-07-22,Ridge,14,2014
2014-07-09,2014,7,18.5,18.98,18.692428428071285,2014-07-23,Ridge,14,2014
2014-07-10,2014,7,18.49,18.97,18.862176531393484,2014-07-24,Ridge,14,2014
2014-07-11,2014,7,18.53,18.97,18.99511816428894,2014-07-25,Ridge,14,2014
2014-07-12,2014,7,18.48,18.91,18.859150326295843,2014-07-26,Ridge,14,2014
2014-07-13,2014,7,18.4,18.87,18.77399107206798,2014-07-27,Ridge,14,2014
2014-07-14,2014,7,18.46,18.75,18.961591489773156,2014-07-28,Ridge,14,2014
2014-07-15,2014,7,18.46,18.65,18.910448742549608,2014-07-29,Ridge,14,2014
2014-07-16,2014,7,18.4,18.58,18.810102003058603,2014-07-30,Ridge,14,2014
2014-07-17,2014,7,18.34,18.48,18.780109835722843,2014-07-31,Ridge,14,2014
2014-07-18,2014,7,18.35,18.41,18.867723386645537,2014-08-01,Ridge,14,2014
2014-07-19,2014,7,18.42,18.36,18.945924477292206,2014-08-02,Ridge,14,2014
2014-07-20,2014,7,18.53,18.3,18.99830984470646,2014-08-03,Ridge,14,2014
2014-07-21,2014,7,18.67,18.24,19.031552350750804,2014-08-04,Ridge,14,2014
2014-07-22,2014,7,18.88,18.22,19.11053365985213,2014-08-05,Ridge,14,2014
2014-07-23,2014,7,18.98,18.23,19.02420487785395,2014-08-06,Ridge,14,2014
2014-07-24,2014,7,18.97,18.23,18.97498061704538,2014-08-07,Ridge,14,2014
2014-07-25,2014,7,18.97,18.24,19.058425400218354,2014-08-08,Ridge,14,2014
2014-07-26,2014,7,18.91,18.17,18.99027025251869,2014-08-09,Ridge,14,2014
2014-07-27,2014,7,18.87,18.17,19.015004030016403,2014-08-10,Ridge,14,2014
2014-07-28,2014,7,18.75,18.24,18.88780997656177,2014-08-11,Ridge,14,2014
2014-07-29,2014,7,18.65,18.26,18.823793734021564,2014-08-12,Ridge,14,2014
2014-07-30,2014,7,18.58,18.28,18.804044172730382,2014-08-13,Ridge,14,2014
2014-07-31,2014,7,18.48,18.39,18.677575885679488,2014-08-14,Ridge,14,2014
2014-08-01,2014,8,18.41,18.58,18.65336932037635,2014-08-15,Ridge,14,2014
2014-08-02,2014,8,18.36,18.86,18.63828264866576,2014-08-16,Ridge,14,2014
2014-08-03,2014,8,18.3,19.42,18.58979133947142,2014-08-17,Ridge,14,2014
2014-08-04,2014,8,18.24,19.7,18.554350790999106,2014-08-18,Ridge,14,2014
2014-08-05,2014,8,18.22,19.82,18.58675179419128,2014-08-19,Ridge,14,2014
2014-08-06,2014,8,18.23,19.86,18.63512481467987,2014-08-20,Ridge,14,2014
2014-08-07,2014,8,18.23,19.86,18.622455569080692,2014-08-21,Ridge,14,2014
2014-08-08,2014,8,18.24,19.86,18.63641282615125,2014-08-22,Ridge,14,2014
2014-08-09,2014,8,18.17,19.81,18.502949994532035,2014-08-23,Ridge,14,2014
2014-08-10,2014,8,18.17,19.75,18.575996326382043,2014-08-24,Ridge,14,2014
2014-08-11,2014,8,18.24,19.79,18.67059148023186,2014-08-25,Ridge,14,2014
2014-08-12,2014,8,18.26,19.77,18.593283319074168,2014-08-26,Ridge,14,2014
2014-08-13,2014,8,18.28,19.92,18.598060094028224,2014-08-27,Ridge,14,2014
2014-08-14,2014,8,18.39,20.15,18.684025316400575,2014-08-28,Ridge,14,2014
2014-08-15,2014,8,18.58,20.21,18.735272840635822,2014-08-29,Ridge,14,2014
2014-08-16,2014,8,18.86,20.17,18.828748656214948,2014-08-30,Ridge,14,2014
2014-08-17,2014,8,19.42,20.02,19.14456637453851,2014-08-31,Ridge,14,2014
2014-08-18,2014,8,19.7,19.8,18.91057949483422,2014-09-01,Ridge,14,2014
2014-08-19,2014,8,19.82,19.58,18.900288331771947,2014-09-02,Ridge,14,2014
2014-08-20,2014,8,19.86,19.38,18.990446718878633,2014-09-03,Ridge,14,2014
2014-08-21,2014,8,19.86,19.16,19.047009476433132,2014-09-04,Ridge,14,2014
2014-08-22,2014,8,19.86,18.93,19.14607606098971,2014-09-05,Ridge,14,2014
2014-08-23,2014,8,19.81,18.74,19.185789603097767,2014-09-06,Ridge,14,2014
2014-08-24,2014,8,19.75,18.56,19.171372302358698,2014-09-07,Ridge,14,2014
2014-08-25,2014,8,19.79,18.42,19.301546117232792,2014-09-08,Ridge,14,2014
2014-08-26,2014,8,19.77,18.27,19.204210310215025,2014-09-09,Ridge,14,2014
2014-08-27,2014,8,19.92,18.15,19.383433626845886,2014-09-10,Ridge,14,2014
2014-08-28,2014,8,20.15,18.23,19.440302774191114,2014-09-11,Ridge,14,2014
2014-08-29,2014,8,20.21,18.24,19.251868029905054,2014-09-12,Ridge,14,2014
2014-08-30,2014,8,20.17,18.11,19.185259149542766,2014-09-13,Ridge,14,2014
2014-08-31,2014,8,20.02,18.1,18.994310954488274,2014-09-14,Ridge,14,2014
2014-09-01,2014,9,19.8,18.18,18.758339514566693,2014-09-15,Ridge,14,2014
2014-09-02,2014,9,19.58,18.25,18.614491095960776,2014-09-16,Ridge,14,2014
2014-09-03,2014,9,19.38,18.27,18.493381306798923,2014-09-17,Ridge,14,2014
2014-09-04,2014,9,19.16,18.22,18.274766925144537,2014-09-18,Ridge,14,2014
2014-09-05,2014,9,18.93,18.11,18.059984343733404,2014-09-19,Ridge,14,2014
2014-09-06,2014,9,18.74,18.01,17.960407685607496,2014-09-20,Ridge,14,2014
2014-09-07,2014,9,18.56,18.01,17.8538565538567,2014-09-21,Ridge,14,2014
2014-09-08,2014,9,18.42,18.75,17.80587102637289,2014-09-22,Ridge,14,2014
2014-09-09,2014,9,18.27,19.24,17.699225620597677,2014-09-23,Ridge,14,2014
2014-09-10,2014,9,18.15,19.3,17.654641913123218,2014-09-24,Ridge,14,2014
2014-09-11,2014,9,18.23,19.28,17.937588385747915,2014-09-25,Ridge,14,2014
2014-09-12,2014,9,18.24,19.17,17.86744082309078,2014-09-26,Ridge,14,2014
2014-09-13,2014,9,18.11,19.12,17.64585110613422,2014-09-27,Ridge,14,2014
2014-09-14,2014,9,18.1,19.11,17.789888219408045,2014-09-28,Ridge,14,2014
2014-09-15,2014,9,18.18,19.12,17.9407199399578,2014-09-29,Ridge,14,2014
2014-09-16,2014,9,18.25,19.07,17.902484679665722,2014-09-30,Ridge,14,2014
2014-09-17,2014,9,18.27,18.95,17.861428000892378,2014-10-01,Ridge,14,2014
2014-09-18,2014,9,18.22,18.85,17.75633800533208,2014-10-02,Ridge,14,2014
2014-09-19,2014,9,18.11,18.72,17.580162643180415,2014-10-03,Ridge,14,2014
2014-09-20,2014,9,18.01,18.58,17.503261545558146,2014-10-04,Ridge,14,2014
2014-09-21,2014,9,18.01,18.26,17.60198630232683,2014-10-05,Ridge,14,2014
2014-09-22,2014,9,18.75,18.0,18.386587278627523,2014-10-06,Ridge,14,2014
2014-09-23,2014,9,19.24,17.73,18.06683813218652,2014-10-07,Ridge,14,2014
2014-09-24,2014,9,19.3,17.54,17.731718860341488,2014-10-08,Ridge,14,2014
2014-09-25,2014,9,19.28,17.21,17.849468438922564,2014-10-09,Ridge,14,2014
2014-09-26,2014,9,19.17,17.04,17.710530036120765,2014-10-10,Ridge,14,2014
2014-09-27,2014,9,19.12,16.9,17.75764107568597,2014-10-11,Ridge,14,2014
2014-09-28,2014,9,19.11,16.79,17.987002888119772,2014-10-12,Ridge,14,2014
2014-09-29,2014,9,19.12,16.5,18.060550239548974,2014-10-13,Ridge,14,2014
2014-09-30,2014,9,19.07,16.39,17.920757047274886,2014-10-14,Ridge,14,2014
2014-10-01,2014,10,18.95,16.31,17.72333891403356,2014-10-15,Ridge,14,2014
2014-10-02,2014,10,18.85,16.19,17.670569574349997,2014-10-16,Ridge,14,2014
2014-10-03,2014,10,18.72,16.09,17.531220885991726,2014-10-17,Ridge,14,2014
2014-10-04,2014,10,18.58,16.01,17.378252290960788,2014-10-18,Ridge,14,2014
2014-10-05,2014,10,18.26,15.92,16.91178771125039,2014-10-19,Ridge,14,2014
2014-10-06,2014,10,18.0,15.81,16.748100149694082,2014-10-20,Ridge,14,2014
2014-10-07,2014,10,17.73,15.75,16.54878842295908,2014-10-21,Ridge,14,2014
2014-10-08,2014,10,17.54,15.72,16.460963223012747,2014-10-22,Ridge,14,2014
2014-10-09,2014,10,17.21,15.71,16.059012404228458,2014-10-23,Ridge,14,2014
2014-10-10,2014,10,17.04,15.62,16.075435032904416,2014-10-24,Ridge,14,2014
2014-10-11,2014,10,16.9,15.51,16.063842800937884,2014-10-25,Ridge,14,2014
2014-10-12,2014,10,16.79,15.44,16.01144459852612,2014-10-26,Ridge,14,2014
2014-10-13,2014,10,16.5,15.32,15.629384759270092,2014-10-27,Ridge,14,2014
2014-10-14,2014,10,16.39,15.21,15.737651153717852,2014-10-28,Ridge,14,2014
2014-10-15,2014,10,16.31,15.14,15.785142359267429,2014-10-29,Ridge,14,2014
2014-10-16,2014,10,16.19,15.08,15.631734093690765,2014-10-30,Ridge,14,2014
2014-10-17,2014,10,16.09,14.99,15.583551664296973,2014-10-31,Ridge,14,2014
2014-10-18,2014,10,16.01,14.92,15.539857581427652,2014-11-01,Ridge,14,2014
2014-10-19,2014,10,15.92,14.86,15.491731273715372,2014-11-02,Ridge,14,2014
2014-10-20,2014,10,15.81,14.82,15.386122648988803,2014-11-03,Ridge,14,2014
2014-10-21,2014,10,15.75,14.77,15.383191025686713,2014-11-04,Ridge,14,2014
2014-10-22,2014,10,15.72,14.7,15.393423051495757,2014-11-05,Ridge,14,2014
2014-10-23,2014,10,15.71,14.65,15.39566737882681,2014-11-06,Ridge,14,2014
2014-10-24,2014,10,15.62,14.55,15.228489623587906,2014-11-07,Ridge,14,2014
2014-10-25,2014,10,15.51,14.49,15.111714749350654,2014-11-08,Ridge,14,2014
2014-10-26,2014,10,15.44,14.43,15.10895364211747,2014-11-09,Ridge,14,2014
2014-10-27,2014,10,15.32,14.41,14.950979926375108,2014-11-10,Ridge,14,2014
2014-10-28,2014,10,15.21,14.35,14.850349205512194,2014-11-11,Ridge,14,2014
2014-10-29,2014,10,15.14,14.32,14.820305151177072,2014-11-12,Ridge,14,2014
2014-10-30,2014,10,15.08,14.28,14.771273332628732,2014-11-13,Ridge,14,2014
2014-10-31,2014,10,14.99,14.18,14.662916025202259,2014-11-14,Ridge,14,2014
2014-11-01,2014,11,14.92,14.09,14.618030493433425,2014-11-15,Ridge,14,2014
2014-11-02,2014,11,14.86,14.01,14.585931752867934,2014-11-16,Ridge,14,2014
2014-11-03,2014,11,14.82,14.0,14.572010804217825,2014-11-17,Ridge,14,2014
2014-11-04,2014,11,14.77,13.97,14.514081470531897,2014-11-18,Ridge,14,2014
2014-11-05,2014,11,14.7,13.94,14.422692358507781,2014-11-19,Ridge,14,2014
2014-11-06,2014,11,14.65,13.94,14.401091738497342,2014-11-20,Ridge,14,2014
2014-11-07,2014,11,14.55,13.93,14.263640578975494,2014-11-21,Ridge,14,2014
2014-11-08,2014,11,14.49,13.93,14.244020283186853,2014-11-22,Ridge,14,2014
2014-11-09,2014,11,14.43,13.91,14.190893114027698,2014-11-23,Ridge,14,2014
2014-11-10,2014,11,14.41,13.86,14.194719177557012,2014-11-24,Ridge,14,2014
2014-11-11,2014,11,14.35,13.83,14.099810685385515,2014-11-25,Ridge,14,2014
2014-11-12,2014,11,14.32,13.79,14.088007517875829,2014-11-26,Ridge,14,2014
2014-11-13,2014,11,14.28,13.75,14.05294599991433,2014-11-27,Ridge,14,2014
2014-11-14,2014,11,14.18,13.73,13.895259476383728,2014-11-28,Ridge,14,2014
2014-11-15,2014,11,14.09,13.7,13.82927457986901,2014-11-29,Ridge,14,2014
2014-11-16,2014,11,14.01,13.67,13.766816086380418,2014-11-30,Ridge,14,2014
2015-01-08,2015,1,12.65,12.386,12.474150726887952,2015-01-22,Ridge,14,2015
2015-01-09,2015,1,12.64,12.364,12.473074486737325,2015-01-23,Ridge,14,2015
2015-01-10,2015,1,12.618,12.346,12.441371917371795,2015-01-24,Ridge,14,2015
2015-01-11,2015,1,12.594,12.324,12.425511577225901,2015-01-25,Ridge,14,2015
2015-01-12,2015,1,12.58,12.314,12.43165856077793,2015-01-26,Ridge,14,2015
2015-01-13,2015,1,12.57,12.29,12.433238746683223,2015-01-27,Ridge,14,2015
2015-01-14,2015,1,12.56,12.274,12.429107742247421,2015-01-28,Ridge,14,2015
2015-01-15,2015,1,12.56,12.25,12.442917086800986,2015-01-29,Ridge,14,2015
2015-01-16,2015,1,12.544,12.24,12.42278841888902,2015-01-30,Ridge,14,2015
2015-01-17,2015,1,12.526,12.23,12.413500183985953,2015-01-31,Ridge,14,2015
2015-01-18,2015,1,12.51,12.21,12.4111357821954,2015-02-01,Ridge,14,2015
2015-01-19,2015,1,12.49,12.196,12.397085410743182,2015-02-02,Ridge,14,2015
2015-01-20,2015,1,12.448,12.18,12.346848666141149,2015-02-03,Ridge,14,2015
2015-01-21,2015,1,12.414,12.162,12.331560690823462,2015-02-04,Ridge,14,2015
2015-01-22,2015,1,12.386,12.15,12.329364825796754,2015-02-05,Ridge,14,2015
2015-01-23,2015,1,12.364,12.134,12.327358503056503,2015-02-06,Ridge,14,2015
2015-01-24,2015,1,12.346,12.12,12.327124648635065,2015-02-07,Ridge,14,2015
2015-01-25,2015,1,12.324,12.11,12.316718492355356,2015-02-08,Ridge,14,2015
2015-01-26,2015,1,12.314,12.1,12.339449149677217,2015-02-09,Ridge,14,2015
2015-01-27,2015,1,12.29,12.1,12.32237003557798,2015-02-10,Ridge,14,2015
2015-01-28,2015,1,12.274,12.1,12.329906212863717,2015-02-11,Ridge,14,2015
2015-01-29,2015,1,12.25,12.084,12.318600834585826,2015-02-12,Ridge,14,2015
2015-01-30,2015,1,12.24,12.066,12.336144542268933,2015-02-13,Ridge,14,2015
2015-01-31,2015,1,12.23,12.044,12.345860838912413,2015-02-14,Ridge,14,2015
2015-02-01,2015,2,12.21,12.026,12.328696132594,2015-02-15,Ridge,14,2015
2015-02-02,2015,2,12.196,12.01,12.340906700839033,2015-02-16,Ridge,14,2015
2015-02-03,2015,2,12.18,12.01,12.341795270484372,2015-02-17,Ridge,14,2015
2015-02-04,2015,2,12.162,12.0,12.342013060658857,2015-02-18,Ridge,14,2015
2015-02-05,2015,2,12.15,11.994,12.352089590018322,2015-02-19,Ridge,14,2015
2015-02-06,2015,2,12.134,11.99,12.350339232014939,2015-02-20,Ridge,14,2015
2015-02-07,2015,2,12.12,11.986,12.358433949051433,2015-02-21,Ridge,14,2015
2015-02-08,2015,2,12.11,11.98,12.371356361323704,2015-02-22,Ridge,14,2015
2015-02-09,2015,2,12.1,11.97,12.38074817223708,2015-02-23,Ridge,14,2015
2015-02-10,2015,2,12.1,11.96,12.408738952289825,2015-02-24,Ridge,14,2015
2015-02-11,2015,2,12.1,11.95,12.426467299814082,2015-02-25,Ridge,14,2015
2015-02-12,2015,2,12.084,11.94,12.414093454647114,2015-02-26,Ridge,14,2015
2015-02-13,2015,2,12.066,11.94,12.415676947406352,2015-02-27,Ridge,14,2015
2015-02-14,2015,2,12.044,11.93,12.413438341473773,2015-02-28,Ridge,14,2015
2015-02-15,2015,2,12.026,11.93,12.421327642341996,2015-03-01,Ridge,14,2015
2015-02-16,2015,2,12.01,11.93,12.427218828313393,2015-03-02,Ridge,14,2015
2015-02-17,2015,2,12.01,11.92,12.459513542376843,2015-03-03,Ridge,14,2015
2015-02-18,2015,2,12.0,11.91,12.464391408138548,2015-03-04,Ridge,14,2015
2015-02-19,2015,2,11.994,11.91,12.483180340754116,2015-03-05,Ridge,14,2015
2015-02-20,2015,2,11.99,11.916,12.507486218514625,2015-03-06,Ridge,14,2015
2015-02-21,2015,2,11.986,11.936,12.525834288224496,2015-03-07,Ridge,14,2015
2015-02-22,2015,2,11.98,12.016,12.54121624493887,2015-03-08,Ridge,14,2015
2015-02-23,2015,2,11.97,12.182,12.546576461739539,2015-03-09,Ridge,14,2015
2015-02-24,2015,2,11.96,12.318,12.561099087068836,2015-03-10,Ridge,14,2015
2015-02-25,2015,2,11.95,12.384,12.574381118403204,2015-03-11,Ridge,14,2015
2015-02-26,2015,2,11.94,12.464,12.587128395758718,2015-03-12,Ridge,14,2015
2015-02-27,2015,2,11.94,12.606,12.618477169654568,2015-03-13,Ridge,14,2015
2015-02-28,2015,2,11.93,12.678,12.622964277090244,2015-03-14,Ridge,14,2015
2015-03-01,2015,3,11.93,12.646,12.655002845625107,2015-03-15,Ridge,14,2015
2015-03-02,2015,3,11.93,12.556,12.681179080645522,2015-03-16,Ridge,14,2015
2015-03-03,2015,3,11.92,12.448,12.684824095805288,2015-03-17,Ridge,14,2015
2015-03-04,2015,3,11.91,12.358,12.701109783729963,2015-03-18,Ridge,14,2015
2015-03-05,2015,3,11.91,12.29,12.733775535023588,2015-03-19,Ridge,14,2015
2015-03-06,2015,3,11.916,12.24,12.76755047217541,2015-03-20,Ridge,14,2015
2015-03-07,2015,3,11.936,12.204,12.804843155646424,2015-03-21,Ridge,14,2015
2015-03-08,2015,3,12.016,12.19,12.877928452577375,2015-03-22,Ridge,14,2015
2015-03-09,2015,3,12.182,12.18,12.970772835106763,2015-03-23,Ridge,14,2015
2015-03-10,2015,3,12.318,12.17,12.968173001773954,2015-03-24,Ridge,14,2015
2015-03-11,2015,3,12.384,12.198,12.962190641372633,2015-03-25,Ridge,14,2015
2015-03-12,2015,3,12.464,12.234,13.048626623804228,2015-03-26,Ridge,14,2015
2015-03-13,2015,3,12.606,12.318,13.158483149898956,2015-03-27,Ridge,14,2015
2015-03-14,2015,3,12.678,12.448,13.154492614180635,2015-03-28,Ridge,14,2015
2015-03-15,2015,3,12.646,12.49,13.149815332526787,2015-03-29,Ridge,14,2015
2015-03-16,2015,3,12.556,12.448,13.127888243560985,2015-03-30,Ridge,14,2015
2015-03-17,2015,3,12.448,12.41,13.103608955722185,2015-03-31,Ridge,14,2015
2015-03-18,2015,3,12.358,12.376,13.105066655674925,2015-04-01,Ridge,14,2015
2015-03-19,2015,3,12.29,12.35,13.115936152500325,2015-04-02,Ridge,14,2015
2015-03-20,2015,3,12.24,12.356,13.132722699664846,2015-04-03,Ridge,14,2015
2015-03-21,2015,3,12.204,12.376,13.158605602281554,2015-04-04,Ridge,14,2015
2015-03-22,2015,3,12.19,12.438,13.22064365165434,2015-04-05,Ridge,14,2015
2015-03-23,2015,3,12.18,12.57,13.270362724813868,2015-04-06,Ridge,14,2015
2015-03-24,2015,3,12.17,12.704,13.306491093750182,2015-04-07,Ridge,14,2015
2015-03-25,2015,3,12.198,12.868,13.394978640217579,2015-04-08,Ridge,14,2015
2015-03-26,2015,3,12.234,13.048,13.447438527585055,2015-04-09,Ridge,14,2015
2015-03-27,2015,3,12.318,13.236,13.51292588787799,2015-04-10,Ridge,14,2015
2015-03-28,2015,3,12.448,13.446,13.578684834564237,2015-04-11,Ridge,14,2015
2015-03-29,2015,3,12.49,13.716,13.533516285126343,2015-04-12,Ridge,14,2015
2015-03-30,2015,3,12.448,14.06,13.499796900385617,2015-04-13,Ridge,14,2015
2015-03-31,2015,3,12.41,14.13,13.532004700449738,2015-04-14,Ridge,14,2015
2015-04-01,2015,4,12.376,14.116,13.565861975429765,2015-04-15,Ridge,14,2015
2015-04-02,2015,4,12.35,14.1,13.607843713767247,2015-04-16,Ridge,14,2015
2015-04-03,2015,4,12.356,14.09,13.68967378317679,2015-04-17,Ridge,14,2015
2015-04-04,2015,4,12.376,14.022,13.746543189002734,2015-04-18,Ridge,14,2015
2015-04-05,2015,4,12.438,13.932,13.844952814747764,2015-04-19,Ridge,14,2015
2015-04-06,2015,4,12.57,13.816,13.930418592568065,2015-04-20,Ridge,14,2015
2015-04-07,2015,4,12.704,13.772,13.956068394508362,2015-04-21,Ridge,14,2015
2015-04-08,2015,4,12.868,13.742,14.028942159452248,2015-04-22,Ridge,14,2015
2015-04-09,2015,4,13.048,13.686,14.100496445902678,2015-04-23,Ridge,14,2015
2015-04-10,2015,4,13.236,13.836,14.17608014639999,2015-04-24,Ridge,14,2015
2015-04-11,2015,4,13.446,14.178,14.28338011048318,2015-04-25,Ridge,14,2015
2015-04-12,2015,4,13.716,14.512,14.442085067500894,2015-04-26,Ridge,14,2015
2015-04-13,2015,4,14.06,14.608,14.61882379129497,2015-04-27,Ridge,14,2015
2015-04-14,2015,4,14.13,14.526,14.498047937871645,2015-04-28,Ridge,14,2015
2015-04-15,2015,4,14.116,14.482,14.61248173424417,2015-04-29,Ridge,14,2015
2015-04-16,2015,4,14.1,14.484,14.749433705158339,2015-04-30,Ridge,14,2015
2015-04-17,2015,4,14.09,14.568,14.85207644301684,2015-05-01,Ridge,14,2015
2015-04-18,2015,4,14.022,14.67,14.859572429817913,2015-05-02,Ridge,14,2015
2015-04-19,2015,4,13.932,14.658,14.878321481690756,2015-05-03,Ridge,14,2015
2015-04-20,2015,4,13.816,14.582,14.821760830138919,2015-05-04,Ridge,14,2015
2015-04-21,2015,4,13.772,14.576,14.898256008083266,2015-05-05,Ridge,14,2015
2015-04-22,2015,4,13.742,14.464,14.929897453037185,2015-05-06,Ridge,14,2015
2015-04-23,2015,4,13.686,14.41,14.877891890835745,2015-05-07,Ridge,14,2015
2015-04-24,2015,4,13.836,14.402,15.181173499681714,2015-05-08,Ridge,14,2015
2015-04-25,2015,4,14.178,14.466,15.407875450025111,2015-05-09,Ridge,14,2015
2015-04-26,2015,4,14.512,14.534,15.401305124097346,2015-05-10,Ridge,14,2015
2015-04-27,2015,4,14.608,14.614,15.263208740557904,2015-05-11,Ridge,14,2015
2015-04-28,2015,4,14.526,14.626,15.197362308215,2015-05-12,Ridge,14,2015
2015-04-29,2015,4,14.482,14.552,15.283809193903522,2015-05-13,Ridge,14,2015
2015-04-30,2015,4,14.484,14.448,15.421941094419834,2015-05-14,Ridge,14,2015
2015-05-01,2015,5,14.568,14.44,15.637683854620635,2015-05-15,Ridge,14,2015
2015-05-02,2015,5,14.67,14.44,15.77563096764316,2015-05-16,Ridge,14,2015
2015-05-03,2015,5,14.658,14.432,15.728662744414716,2015-05-17,Ridge,14,2015
2015-05-04,2015,5,14.582,14.528,15.676418300089978,2015-05-18,Ridge,14,2015
2015-05-05,2015,5,14.576,14.722,15.775339962018814,2015-05-19,Ridge,14,2015
2015-05-06,2015,5,14.464,14.9,15.625584545836256,2015-05-20,Ridge,14,2015
2015-05-07,2015,5,14.41,15.014,15.660528414496452,2015-05-21,Ridge,14,2015
2015-05-08,2015,5,14.402,15.238,15.75642384428773,2015-05-22,Ridge,14,2015
2015-05-09,2015,5,14.466,15.654,15.875156901383066,2015-05-23,Ridge,14,2015
2015-05-10,2015,5,14.534,16.064,15.940002522203184,2015-05-24,Ridge,14,2015
2015-05-11,2015,5,14.614,16.098,15.990133302625635,2015-05-25,Ridge,14,2015
2015-05-12,2015,5,14.626,16.02,15.962816122685135,2015-05-26,Ridge,14,2015
2015-05-13,2015,5,14.552,16.076,15.870464253757827,2015-05-27,Ridge,14,2015
2015-05-14,2015,5,14.448,16.258,15.802812425694523,2015-05-28,Ridge,14,2015
2015-05-15,2015,5,14.44,16.636,15.938309607507367,2015-05-29,Ridge,14,2015
2015-05-16,2015,5,14.44,16.838,15.991444085728348,2015-05-30,Ridge,14,2015
2015-05-17,2015,5,14.432,16.972,15.995164545674497,2015-05-31,Ridge,14,2015
2015-05-18,2015,5,14.528,17.046,16.151265586314434,2015-06-01,Ridge,14,2015
2015-05-19,2015,5,14.722,17.35,16.280181822655145,2015-06-02,Ridge,14,2015
2015-05-20,2015,5,14.9,17.53,16.275579425978762,2015-06-03,Ridge,14,2015
2015-05-21,2015,5,15.014,17.374,16.2692783468666,2015-06-04,Ridge,14,2015
2015-05-22,2015,5,15.238,17.218,16.440723164887142,2015-06-05,Ridge,14,2015
2015-05-23,2015,5,15.654,17.174,16.655924876024542,2015-06-06,Ridge,14,2015
2015-05-24,2015,5,16.064,17.52,16.713561526918358,2015-06-07,Ridge,14,2015
2015-05-25,2015,5,16.098,18.006,16.521424103715255,2015-06-08,Ridge,14,2015
2015-05-26,2015,5,16.02,18.222,16.603495392088515,2015-06-09,Ridge,14,2015
2015-05-27,2015,5,16.076,18.364,16.883545781927243,2015-06-10,Ridge,14,2015
2015-05-28,2015,5,16.258,18.794,17.087994776200237,2015-06-11,Ridge,14,2015
2015-05-29,2015,5,16.636,19.3,17.376556592628525,2015-06-12,Ridge,14,2015
2015-05-30,2015,5,16.838,19.474,17.353630305218797,2015-06-13,Ridge,14,2015
2015-05-31,2015,5,16.972,19.52,17.433046252909598,2015-06-14,Ridge,14,2015
2015-06-01,2015,6,17.046,19.384,17.4842614928612,2015-06-15,Ridge,14,2015
2015-06-02,2015,6,17.35,19.102,17.759808294524916,2015-06-16,Ridge,14,2015
2015-06-03,2015,6,17.53,18.802,17.72583169861406,2015-06-17,Ridge,14,2015
2015-06-04,2015,6,17.374,18.738,17.51062856369383,2015-06-18,Ridge,14,2015
2015-06-05,2015,6,17.218,18.816,17.55221476149809,2015-06-19,Ridge,14,2015
2015-06-06,2015,6,17.174,18.892,17.746983940138183,2015-06-20,Ridge,14,2015
2015-06-07,2015,6,17.52,18.748,18.278696962520282,2015-06-21,Ridge,14,2015
2015-06-08,2015,6,18.006,18.72,18.409204755327686,2015-06-22,Ridge,14,2015
2015-06-09,2015,6,18.222,18.692,18.226946047238464,2015-06-23,Ridge,14,2015
2015-06-10,2015,6,18.364,18.732,18.319891157536482,2015-06-24,Ridge,14,2015
2015-06-11,2015,6,18.794,18.762,18.663054844730336,2015-06-25,Ridge,14,2015
2015-06-12,2015,6,19.3,18.814,18.754368700679237,2015-06-26,Ridge,14,2015
2015-06-13,2015,6,19.474,18.72,18.6088581065032,2015-06-27,Ridge,14,2015
2015-06-14,2015,6,19.52,18.688,18.800655234521603,2015-06-28,Ridge,14,2015
2015-06-15,2015,6,19.384,18.646,18.74923973911754,2015-06-29,Ridge,14,2015
2015-06-16,2015,6,19.102,18.63,18.50442905780692,2015-06-30,Ridge,14,2015
2015-06-17,2015,6,18.802,18.628,18.437877056698394,2015-07-01,Ridge,14,2015
2015-06-18,2015,6,18.738,18.56,18.718598351612233,2015-07-02,Ridge,14,2015
2015-06-19,2015,6,18.816,18.664,18.97466886205819,2015-07-03,Ridge,14,2015
2015-06-20,2015,6,18.892,18.538,18.976853585240875,2015-07-04,Ridge,14,2015
2015-06-21,2015,6,18.748,18.512,18.74442588406045,2015-07-05,Ridge,14,2015
2015-06-22,2015,6,18.72,18.726,18.933593745949423,2015-07-06,Ridge,14,2015
2015-06-23,2015,6,18.692,18.792,19.003924962394272,2015-07-07,Ridge,14,2015
2015-06-24,2015,6,18.732,18.77,19.05390304661427,2015-07-08,Ridge,14,2015
2015-06-25,2015,6,18.762,18.698,19.058505639162274,2015-07-09,Ridge,14,2015
2015-06-26,2015,6,18.814,18.646,19.111209294077845,2015-07-10,Ridge,14,2015
2015-06-27,2015,6,18.72,18.528,18.963276686351595,2015-07-11,Ridge,14,2015
2015-06-28,2015,6,18.688,18.4,18.998386660979182,2015-07-12,Ridge,14,2015
2015-06-29,2015,6,18.646,18.25,18.98474535779722,2015-07-13,Ridge,14,2015
2015-06-30,2015,6,18.63,18.034,18.992905214497764,2015-07-14,Ridge,14,2015
2015-07-01,2015,7,18.628,17.82,19.02136860974223,2015-07-15,Ridge,14,2015
2015-07-02,2015,7,18.56,17.79,18.9011543265793,2015-07-16,Ridge,14,2015
2015-07-03,2015,7,18.664,17.872,19.15146402574374,2015-07-17,Ridge,14,2015
2015-07-04,2015,7,18.538,17.938,18.859273131893378,2015-07-18,Ridge,14,2015
2015-07-05,2015,7,18.512,17.964,18.933413978379686,2015-07-19,Ridge,14,2015
2015-07-06,2015,7,18.726,17.98,19.248239255626565,2015-07-20,Ridge,14,2015
2015-07-07,2015,7,18.792,17.994,19.0722664464285,2015-07-21,Ridge,14,2015
2015-07-08,2015,7,18.77,17.988,19.026479022674938,2015-07-22,Ridge,14,2015
2015-07-09,2015,7,18.698,17.912,18.9678816372352,2015-07-23,Ridge,14,2015
2015-07-10,2015,7,18.646,17.644,18.96641472092466,2015-07-24,Ridge,14,2015
2015-07-11,2015,7,18.528,17.514,18.824812371390713,2015-07-25,Ridge,14,2015
2015-07-12,2015,7,18.4,17.504,18.717506027424683,2015-07-26,Ridge,14,2015
2015-07-13,2015,7,18.25,17.614,18.602047127903496,2015-07-27,Ridge,14,2015
2015-07-14,2015,7,18.034,17.694,18.369873390344928,2015-07-28,Ridge,14,2015
2015-07-15,2015,7,17.82,17.69,18.220232052280082,2015-07-29,Ridge,14,2015
2015-07-16,2015,7,17.79,17.602,18.400172626477342,2015-07-30,Ridge,14,2015
2015-07-17,2015,7,17.872,17.518,18.58635924116973,2015-07-31,Ridge,14,2015
2015-07-18,2015,7,17.938,17.35,18.586897347235965,2015-08-01,Ridge,14,2015
2015-07-19,2015,7,17.964,16.992,18.604824132423193,2015-08-02,Ridge,14,2015
2015-07-20,2015,7,17.98,16.79,18.67750608253653,2015-08-03,Ridge,14,2015
2015-07-21,2015,7,17.994,16.66,18.677630999749777,2015-08-04,Ridge,14,2015
2015-07-22,2015,7,17.988,16.576,18.641626709869026,2015-08-05,Ridge,14,2015
2015-07-23,2015,7,17.912,16.552,18.533611783553162,2015-08-06,Ridge,14,2015
2015-07-24,2015,7,17.644,16.618,18.12531786441703,2015-08-07,Ridge,14,2015
2015-07-25,2015,7,17.514,16.874,18.164391002429316,2015-08-08,Ridge,14,2015
2015-07-26,2015,7,17.504,16.952,18.31021666954157,2015-08-09,Ridge,14,2015
2015-07-27,2015,7,17.614,16.99,18.442355994965634,2015-08-10,Ridge,14,2015
2015-07-28,2015,7,17.694,17.102,18.41697676416383,2015-08-11,Ridge,14,2015
2015-07-29,2015,7,17.69,17.162,18.3681068097062,2015-08-12,Ridge,14,2015
2015-07-30,2015,7,17.602,17.264,18.309930141233675,2015-08-13,Ridge,14,2015
2015-07-31,2015,7,17.518,17.342,18.233783429362187,2015-08-14,Ridge,14,2015
2015-08-01,2015,8,17.35,17.346,18.00802258570679,2015-08-15,Ridge,14,2015
2015-08-02,2015,8,16.992,17.43,17.50982078212095,2015-08-16,Ridge,14,2015
2015-08-03,2015,8,16.79,17.474,17.512638989574736,2015-08-17,Ridge,14,2015
2015-08-04,2015,8,16.66,17.598,17.516185814862276,2015-08-18,Ridge,14,2015
2015-08-05,2015,8,16.576,17.862,17.494430714630997,2015-08-19,Ridge,14,2015
2015-08-06,2015,8,16.552,18.216,17.541847721255575,2015-08-20,Ridge,14,2015
2015-08-07,2015,8,16.618,18.948,17.68599833698351,2015-08-21,Ridge,14,2015
2015-08-08,2015,8,16.874,19.578,18.011725610066904,2015-08-22,Ridge,14,2015
2015-08-09,2015,8,16.952,19.818,17.831384909305015,2015-08-23,Ridge,14,2015
2015-08-10,2015,8,16.99,19.94,17.82162620577343,2015-08-24,Ridge,14,2015
2015-08-11,2015,8,17.102,19.932,17.908935190199585,2015-08-25,Ridge,14,2015
2015-08-12,2015,8,17.162,19.82,17.847959296541518,2015-08-26,Ridge,14,2015
2015-08-13,2015,8,17.264,19.642,17.915332708413775,2015-08-27,Ridge,14,2015
2015-08-14,2015,8,17.342,19.514,17.957112145064567,2015-08-28,Ridge,14,2015
2015-08-15,2015,8,17.346,19.42,17.932414997131566,2015-08-29,Ridge,14,2015
2015-08-16,2015,8,17.43,19.382,18.0372137082726,2015-08-30,Ridge,14,2015
2015-08-17,2015,8,17.474,19.418,18.016967333623818,2015-08-31,Ridge,14,2015
2015-10-08,2015,10,16.838,15.416,16.018398761789534,2015-10-22,Ridge,14,2015
2015-10-09,2015,10,16.688,15.342,16.009864824283255,2015-10-23,Ridge,14,2015
2015-10-10,2015,10,16.572,15.266,15.966734007908583,2015-10-24,Ridge,14,2015
2015-10-11,2015,10,16.378,15.218,15.783154915612874,2015-10-25,Ridge,14,2015
2015-10-12,2015,10,16.288,15.14,15.841581621599683,2015-10-26,Ridge,14,2015
2015-10-13,2015,10,16.198,15.076,15.801460247923655,2015-10-27,Ridge,14,2015
2015-10-14,2015,10,16.134,14.988,15.777322142060836,2015-10-28,Ridge,14,2015
2015-10-15,2015,10,16.058,14.912,15.713938336007347,2015-10-29,Ridge,14,2015
2015-10-16,2015,10,15.994,14.9,15.666888301608168,2015-10-30,Ridge,14,2015
2015-10-17,2015,10,15.926,14.884,15.6368696618066,2015-10-31,Ridge,14,2015
2015-10-18,2015,10,15.858,14.832,15.565819092593621,2015-11-01,Ridge,14,2015
2015-10-19,2015,10,15.726,14.73,15.387828880186152,2015-11-02,Ridge,14,2015
2015-10-20,2015,10,15.618,14.658,15.308247614257303,2015-11-03,Ridge,14,2015
2015-10-21,2015,10,15.526,14.614,15.253241370576767,2015-11-04,Ridge,14,2015
2015-10-22,2015,10,15.416,14.536,15.130117918648732,2015-11-05,Ridge,14,2015
2015-10-23,2015,10,15.342,14.49,15.095143026818182,2015-11-06,Ridge,14,2015
2015-10-24,2015,10,15.266,14.454,15.026109054912274,2015-11-07,Ridge,14,2015
2015-10-25,2015,10,15.218,14.448,15.020627144788708,2015-11-08,Ridge,14,2015
2015-10-26,2015,10,15.14,14.43,14.92704493306747,2015-11-09,Ridge,14,2015
2015-10-27,2015,10,15.076,14.42,14.878313665315018,2015-11-10,Ridge,14,2015
2015-10-28,2015,10,14.988,14.41,14.789612165175793,2015-11-11,Ridge,14,2015
2015-10-29,2015,10,14.912,14.4,14.72533936140705,2015-11-12,Ridge,14,2015
2015-10-30,2015,10,14.9,14.39,14.777077887653826,2015-11-13,Ridge,14,2015
2015-10-31,2015,10,14.884,14.374,14.74628352283074,2015-11-14,Ridge,14,2015
2015-11-01,2015,11,14.832,14.352,14.653102564316681,2015-11-15,Ridge,14,2015
2015-11-02,2015,11,14.73,14.304,14.507157231410686,2015-11-16,Ridge,14,2015
2015-11-03,2015,11,14.658,14.212,14.479169096891011,2015-11-17,Ridge,14,2015
2015-11-04,2015,11,14.614,14.134,14.472934866840394,2015-11-18,Ridge,14,2015
2015-11-05,2015,11,14.536,14.066,14.344927694194865,2015-11-19,Ridge,14,2015
2015-11-06,2015,11,14.49,13.986,14.315304443382484,2015-11-20,Ridge,14,2015
2015-11-07,2015,11,14.454,13.958,14.294031991939361,2015-11-21,Ridge,14,2015
2015-11-08,2015,11,14.448,13.902,14.31865748917689,2015-11-22,Ridge,14,2015
2015-11-09,2015,11,14.43,13.858,14.284158099289971,2015-11-23,Ridge,14,2015
2015-11-10,2015,11,14.42,13.824,14.26335528088157,2015-11-24,Ridge,14,2015
2015-11-11,2015,11,14.41,13.79,14.255650114029443,2015-11-25,Ridge,14,2015
2015-11-12,2015,11,14.4,13.748,14.230856758712742,2015-11-26,Ridge,14,2015
2015-11-13,2015,11,14.39,13.71,14.20753056400118,2015-11-27,Ridge,14,2015
2015-11-14,2015,11,14.374,13.674,14.164032872906882,2015-11-28,Ridge,14,2015
2015-11-15,2015,11,14.352,13.644,14.121980496087108,2015-11-29,Ridge,14,2015
2015-11-16,2015,11,14.304,13.59,14.035448481033406,2015-11-30,Ridge,14,2015
2015-11-17,2015,11,14.212,13.538,13.894436087852204,2015-12-01,Ridge,14,2015
2015-11-18,2015,11,14.134,13.518,13.827761295065635,2015-12-02,Ridge,14,2015
2015-11-19,2015,11,14.066,13.494,13.770817432439388,2015-12-03,Ridge,14,2015
2015-11-20,2015,11,13.986,13.464,13.675327765307799,2015-12-04,Ridge,14,2015
2015-11-21,2015,11,13.958,13.44,13.688940847385359,2015-12-05,Ridge,14,2015
2015-11-22,2015,11,13.902,13.406,13.61291626014743,2015-12-06,Ridge,14,2015
2015-11-23,2015,11,13.858,13.384,13.586107918850457,2015-12-07,Ridge,14,2015
2015-11-24,2015,11,13.824,13.358,13.572172516479158,2015-12-08,Ridge,14,2015
2015-11-25,2015,11,13.79,13.33,13.538386234906497,2015-12-09,Ridge,14,2015
2015-11-26,2015,11,13.748,13.3,13.496209283707922,2015-12-10,Ridge,14,2015
2015-11-27,2015,11,13.71,13.276,13.452634962251667,2015-12-11,Ridge,14,2015
2015-11-28,2015,11,13.674,13.242,13.423764812768189,2015-12-12,Ridge,14,2015
2015-11-29,2015,11,13.644,13.21,13.396327536297157,2015-12-13,Ridge,14,2015
2015-11-30,2015,11,13.59,13.184,13.317241209279842,2015-12-14,Ridge,14,2015
2015-12-01,2015,12,13.538,13.158,13.265692386430489,2015-12-15,Ridge,14,2015
2015-12-02,2015,12,13.518,13.132,13.278941949586217,2015-12-16,Ridge,14,2015
2015-12-03,2015,12,13.494,13.11,13.248883197830025,2015-12-17,Ridge,14,2015
2015-12-04,2015,12,13.464,13.084,13.205917388055715,2015-12-18,Ridge,14,2015
2015-12-05,2015,12,13.44,13.066,13.183794513606616,2015-12-19,Ridge,14,2015
2015-12-06,2015,12,13.406,13.042,13.145788918149377,2015-12-20,Ridge,14,2015
2015-12-07,2015,12,13.384,13.03,13.135831333250486,2015-12-21,Ridge,14,2015
2015-12-08,2015,12,13.358,13.028,13.100220768305762,2015-12-22,Ridge,14,2015
2015-12-09,2015,12,13.33,12.998,13.06475533713541,2015-12-23,Ridge,14,2015
2015-12-10,2015,12,13.3,12.968,13.032597860912318,2015-12-24,Ridge,14,2015
2015-12-11,2015,12,13.276,12.944,13.010703441091803,2015-12-25,Ridge,14,2015
2015-12-12,2015,12,13.242,12.918,12.969044849712171,2015-12-26,Ridge,14,2015
2015-12-13,2015,12,13.21,12.88,12.935166575999457,2015-12-27,Ridge,14,2015
2015-12-14,2015,12,13.184,12.842,12.9158981832335,2015-12-28,Ridge,14,2015
2015-12-15,2015,12,13.158,12.826,12.88944497187844,2015-12-29,Ridge,14,2015
2015-12-16,2015,12,13.132,12.782,12.863366396055016,2015-12-30,Ridge,14,2015
2015-12-17,2015,12,13.11,12.75,12.843700904750095,2015-12-31,Ridge,14,2015
2015-12-18,2015,12,13.084,12.72,12.816799432023467,2016-01-01,Ridge,14,2015
2015-12-19,2015,12,13.066,12.69,12.806744867153109,2016-01-02,Ridge,14,2015
2015-12-20,2015,12,13.042,12.68,12.778022384792324,2016-01-03,Ridge,14,2015
2015-12-21,2015,12,13.03,12.662,12.775640240386537,2016-01-04,Ridge,14,2015
2015-12-22,2015,12,13.028,12.63,12.782973642821306,2016-01-05,Ridge,14,2015
2015-12-23,2015,12,12.998,12.606,12.724241044804954,2016-01-06,Ridge,14,2015
2015-12-24,2015,12,12.968,12.584,12.696366972884665,2016-01-07,Ridge,14,2015
2015-12-25,2015,12,12.944,12.566,12.68293059576926,2016-01-08,Ridge,14,2015
2015-12-26,2015,12,12.918,12.548,12.658615488685456,2016-01-09,Ridge,14,2015
2015-12-27,2015,12,12.88,12.526,12.610000402095588,2016-01-10,Ridge,14,2015
2015-12-28,2015,12,12.842,12.504,12.572362456787234,2016-01-11,Ridge,14,2015
2015-12-29,2015,12,12.826,12.482,12.586900420214876,2016-01-12,Ridge,14,2015
2015-12-30,2015,12,12.782,12.47,12.525289884971299,2016-01-13,Ridge,14,2015
2015-12-31,2015,12,12.75,12.46,12.508009695895048,2016-01-14,Ridge,14,2015
2016-01-01,2016,1,12.72,12.448,12.471276982583793,2016-01-15,Ridge,14,2016
2016-01-02,2016,1,12.69,12.428,12.449021572532518,2016-01-16,Ridge,14,2016
2016-01-03,2016,1,12.68,12.42,12.468323217692912,2016-01-17,Ridge,14,2016
2016-01-04,2016,1,12.662,12.42,12.449672895855148,2016-01-18,Ridge,14,2016
2016-01-05,2016,1,12.63,12.41,12.41165456809356,2016-01-19,Ridge,14,2016
2016-01-06,2016,1,12.606,12.392,12.407091461944448,2016-01-20,Ridge,14,2016
2016-01-07,2016,1,12.584,12.386,12.398777325831727,2016-01-21,Ridge,14,2016
2016-01-08,2016,1,12.566,12.37,12.392221389943193,2016-01-22,Ridge,14,2016
2016-01-09,2016,1,12.548,12.36,12.38122419254358,2016-01-23,Ridge,14,2016
2016-01-10,2016,1,12.526,12.346,12.363564861485019,2016-01-24,Ridge,14,2016
2016-01-11,2016,1,12.504,12.32,12.352891157618014,2016-01-25,Ridge,14,2016
2016-01-12,2016,1,12.482,12.296,12.341718194062937,2016-01-26,Ridge,14,2016
2016-01-13,2016,1,12.47,12.274,12.34930791688078,2016-01-27,Ridge,14,2016
2016-01-14,2016,1,12.46,12.25,12.350859788023431,2016-01-28,Ridge,14,2016
2016-01-15,2016,1,12.448,12.23,12.344598683798669,2016-01-29,Ridge,14,2016
2016-01-16,2016,1,12.428,12.22,12.327127920835824,2016-01-30,Ridge,14,2016
2016-01-17,2016,1,12.42,12.204,12.341644324599395,2016-01-31,Ridge,14,2016
2016-01-18,2016,1,12.42,12.19,12.360751450889913,2016-02-01,Ridge,14,2016
2016-01-19,2016,1,12.41,12.178,12.346952615304176,2016-02-02,Ridge,14,2016
2016-01-20,2016,1,12.392,12.158,12.329381786212517,2016-02-03,Ridge,14,2016
2016-01-21,2016,1,12.386,12.142,12.346837725881036,2016-02-04,Ridge,14,2016
2016-01-22,2016,1,12.37,12.124,12.333453728476055,2016-02-05,Ridge,14,2016
2016-01-23,2016,1,12.36,12.106,12.337003146530346,2016-02-06,Ridge,14,2016
2016-01-24,2016,1,12.346,12.09,12.331235263137433,2016-02-07,Ridge,14,2016
2016-01-25,2016,1,12.32,12.076,12.30413876592738,2016-02-08,Ridge,14,2016
2016-01-26,2016,1,12.296,12.06,12.29742306506103,2016-02-09,Ridge,14,2016
2016-01-27,2016,1,12.274,12.05,12.293210091773746,2016-02-10,Ridge,14,2016
2016-01-28,2016,1,12.25,12.04,12.282738048702395,2016-02-11,Ridge,14,2016
2016-01-29,2016,1,12.23,12.03,12.282517424088246,2016-02-12,Ridge,14,2016
2016-01-30,2016,1,12.22,12.02,12.299606431795803,2016-02-13,Ridge,14,2016
2016-01-31,2016,1,12.204,12.01,12.295691509657955,2016-02-14,Ridge,14,2016
2016-02-01,2016,2,12.19,12.01,12.300180158049711,2016-02-15,Ridge,14,2016
2016-02-02,2016,2,12.178,12.014,12.309458050581737,2016-02-16,Ridge,14,2016
2016-02-03,2016,2,12.158,12.026,12.299366643605543,2016-02-17,Ridge,14,2016
2016-02-04,2016,2,12.142,12.04,12.305099637287633,2016-02-18,Ridge,14,2016
2016-02-05,2016,2,12.124,12.054,12.30398448795387,2016-02-19,Ridge,14,2016
2016-02-06,2016,2,12.106,12.074,12.30385073651355,2016-02-20,Ridge,14,2016
2016-02-07,2016,2,12.09,12.08,12.309339317223566,2016-02-21,Ridge,14,2016
2016-02-08,2016,2,12.076,12.054,12.316430929057034,2016-02-22,Ridge,14,2016
2016-02-09,2016,2,12.06,12.032,12.31876007977349,2016-02-23,Ridge,14,2016
2016-02-10,2016,2,12.05,12.016,12.334361923038207,2016-02-24,Ridge,14,2016
2016-02-11,2016,2,12.04,12.0,12.345310183177292,2016-02-25,Ridge,14,2016
2016-02-12,2016,2,12.03,11.99,12.354576985267478,2016-02-26,Ridge,14,2016
2016-02-13,2016,2,12.02,11.99,12.364997006842335,2016-02-27,Ridge,14,2016
2016-02-14,2016,2,12.01,11.994,12.375114391531548,2016-02-28,Ridge,14,2016
2016-02-15,2016,2,12.01,12.034,12.404682393888857,2016-02-29,Ridge,14,2016
2016-02-16,2016,2,12.014,12.148,12.429282373200154,2016-03-01,Ridge,14,2016
2016-02-17,2016,2,12.026,12.56,12.457510440874673,2016-03-02,Ridge,14,2016
2016-02-18,2016,2,12.04,12.63,12.479828263745999,2016-03-03,Ridge,14,2016
2016-02-19,2016,2,12.054,12.586,12.498667284062638,2016-03-04,Ridge,14,2016
2016-02-20,2016,2,12.074,12.51,12.525707029761035,2016-03-05,Ridge,14,2016
2016-02-21,2016,2,12.08,12.412,12.532592478826935,2016-03-06,Ridge,14,2016
2016-02-22,2016,2,12.054,12.344,12.507196571548684,2016-03-07,Ridge,14,2016
2016-02-23,2016,2,12.032,12.282,12.518969686197888,2016-03-08,Ridge,14,2016
2016-02-24,2016,2,12.016,12.23,12.539581299352177,2016-03-09,Ridge,14,2016
2016-02-25,2016,2,12.0,12.204,12.546511245431356,2016-03-10,Ridge,14,2016
2016-02-26,2016,2,11.99,12.182,12.565765233960906,2016-03-11,Ridge,14,2016
2016-02-27,2016,2,11.99,12.16,12.599060995727225,2016-03-12,Ridge,14,2016
2016-02-28,2016,2,11.994,12.15,12.630306872462974,2016-03-13,Ridge,14,2016
2016-02-29,2016,2,12.034,12.15,12.69820836183024,2016-03-14,Ridge,14,2016
2016-03-01,2016,3,12.148,12.15,12.79178025130234,2016-03-15,Ridge,14,2016
2016-03-02,2016,3,12.56,12.2,13.109099935622465,2016-03-16,Ridge,14,2016
2016-03-03,2016,3,12.63,12.298,12.76583760719825,2016-03-17,Ridge,14,2016
2016-03-04,2016,3,12.586,12.452,12.78159690949799,2016-03-18,Ridge,14,2016
2016-03-05,2016,3,12.51,12.574,12.790747473460023,2016-03-19,Ridge,14,2016
2016-03-06,2016,3,12.412,12.606,12.744923048307939,2016-03-20,Ridge,14,2016
2016-03-07,2016,3,12.344,12.594,12.803463644657482,2016-03-21,Ridge,14,2016
2016-03-08,2016,3,12.282,12.592,12.84672952089737,2016-03-22,Ridge,14,2016
2016-03-09,2016,3,12.23,12.646,12.84562756828792,2016-03-23,Ridge,14,2016
2016-03-10,2016,3,12.204,12.782,12.892378103939397,2016-03-24,Ridge,14,2016
2016-03-11,2016,3,12.182,12.862,12.92179226228535,2016-03-25,Ridge,14,2016
2016-03-12,2016,3,12.16,12.864,12.944582151230982,2016-03-26,Ridge,14,2016
2016-03-13,2016,3,12.15,12.804,12.987891705557294,2016-03-27,Ridge,14,2016
2016-03-14,2016,3,12.15,12.764,13.036247607611013,2016-03-28,Ridge,14,2016
2016-03-15,2016,3,12.15,12.766,13.069506011564314,2016-03-29,Ridge,14,2016
2016-03-16,2016,3,12.2,12.808,13.158773220166857,2016-03-30,Ridge,14,2016
2016-03-17,2016,3,12.298,12.866,13.230333146024597,2016-03-31,Ridge,14,2016
2016-03-18,2016,3,12.452,12.944,13.314419327592983,2016-04-01,Ridge,14,2016
2016-03-19,2016,3,12.574,12.926,13.325699241667362,2016-04-02,Ridge,14,2016
2016-03-20,2016,3,12.606,12.852,13.299549012249221,2016-04-03,Ridge,14,2016
2016-03-21,2016,3,12.594,12.82,13.331824338057011,2016-04-04,Ridge,14,2016
2016-03-22,2016,3,12.592,12.822,13.403185113350515,2016-04-05,Ridge,14,2016
2016-03-23,2016,3,12.646,12.906,13.526057973108363,2016-04-06,Ridge,14,2016
2016-03-24,2016,3,12.782,13.04,13.671988487931698,2016-04-07,Ridge,14,2016
2016-03-25,2016,3,12.862,13.15,13.663313160070324,2016-04-08,Ridge,14,2016
2016-03-26,2016,3,12.864,13.178,13.647168020894183,2016-04-09,Ridge,14,2016
2016-03-27,2016,3,12.804,13.142,13.605644540338622,2016-04-10,Ridge,14,2016
2016-03-28,2016,3,12.764,13.142,13.6404550529005,2016-04-11,Ridge,14,2016
2016-03-29,2016,3,12.766,13.208,13.74466533647079,2016-04-12,Ridge,14,2016
2016-03-30,2016,3,12.808,13.42,13.84755577162661,2016-04-13,Ridge,14,2016
2016-03-31,2016,3,12.866,14.184,13.90573990746986,2016-04-14,Ridge,14,2016
2016-04-01,2016,4,12.944,14.704,13.965172616422121,2016-04-15,Ridge,14,2016
2016-04-02,2016,4,12.926,14.816,13.891837610531562,2016-04-16,Ridge,14,2016
2016-04-03,2016,4,12.852,14.734,13.822909100121743,2016-04-17,Ridge,14,2016
2016-04-04,2016,4,12.82,14.774,13.890982385418834,2016-04-18,Ridge,14,2016
2016-04-05,2016,4,12.822,15.016,13.977176465779564,2016-04-19,Ridge,14,2016
2016-04-06,2016,4,12.906,15.192,14.112050714584065,2016-04-20,Ridge,14,2016
2016-04-07,2016,4,13.04,15.23,14.202182120345853,2016-04-21,Ridge,14,2016
2016-04-08,2016,4,13.15,15.186,14.21604362456405,2016-04-22,Ridge,14,2016
2016-04-09,2016,4,13.178,15.128,14.186470394756547,2016-04-23,Ridge,14,2016
2016-04-10,2016,4,13.142,15.114,14.171346350393366,2016-04-24,Ridge,14,2016
2016-04-11,2016,4,13.142,15.264,14.258086398563362,2016-04-25,Ridge,14,2016
2016-04-12,2016,4,13.208,15.55,14.397795419628014,2016-04-26,Ridge,14,2016
2016-04-13,2016,4,13.42,15.79,14.598383174672819,2016-04-27,Ridge,14,2016
2016-04-14,2016,4,14.184,15.996,15.19213678456645,2016-04-28,Ridge,14,2016
2016-04-15,2016,4,14.704,16.216,14.973771460865896,2016-04-29,Ridge,14,2016
2016-04-16,2016,4,14.816,16.444,14.75202921866778,2016-04-30,Ridge,14,2016
2016-04-17,2016,4,14.734,16.428,14.803991420424731,2016-05-01,Ridge,14,2016
2016-04-18,2016,4,14.774,16.192,15.084026796709049,2016-05-02,Ridge,14,2016
2016-04-19,2016,4,15.016,16.034,15.445250007294042,2016-05-03,Ridge,14,2016
2016-04-20,2016,4,15.192,15.926,15.573811072226736,2016-05-04,Ridge,14,2016
2016-04-21,2016,4,15.23,16.1,15.612559499200218,2016-05-05,Ridge,14,2016
2016-04-22,2016,4,15.186,16.168,15.631707456337578,2016-05-06,Ridge,14,2016
2016-04-23,2016,4,15.128,16.124,15.618995654750531,2016-05-07,Ridge,14,2016
2016-04-24,2016,4,15.114,15.972,15.719836578329359,2016-05-08,Ridge,14,2016
2016-04-25,2016,4,15.264,15.786,16.008814749525264,2016-05-09,Ridge,14,2016
2016-04-26,2016,4,15.55,15.612,16.186502208404523,2016-05-10,Ridge,14,2016
2016-04-27,2016,4,15.79,15.442,16.183753551660406,2016-05-11,Ridge,14,2016
2016-04-28,2016,4,15.996,15.29,16.249750945777055,2016-05-12,Ridge,14,2016
2016-04-29,2016,4,16.216,15.238,16.37615646073566,2016-05-13,Ridge,14,2016
2016-04-30,2016,4,16.444,15.2,16.492878710747014,2016-05-14,Ridge,14,2016
2016-05-01,2016,5,16.428,15.176,16.35698509016852,2016-05-15,Ridge,14,2016
2016-05-02,2016,5,16.192,15.122,16.124740580279195,2016-05-16,Ridge,14,2016
2016-05-03,2016,5,16.034,15.138,16.217944675011182,2016-05-17,Ridge,14,2016
2016-05-04,2016,5,15.926,15.448,16.301056413075337,2016-05-18,Ridge,14,2016
2016-05-05,2016,5,16.1,15.846,16.730401658210596,2016-05-19,Ridge,14,2016
2016-05-06,2016,5,16.168,16.218,16.65018509225053,2016-05-20,Ridge,14,2016
2016-05-07,2016,5,16.124,16.294,16.58549436057671,2016-05-21,Ridge,14,2016
2016-05-08,2016,5,15.972,16.772,16.447083363994544,2016-05-22,Ridge,14,2016
2016-05-09,2016,5,15.786,17.27,16.283196611230625,2016-05-23,Ridge,14,2016
2016-05-10,2016,5,15.612,17.364,16.185235905011837,2016-05-24,Ridge,14,2016
2016-05-11,2016,5,15.442,17.14,16.08896847809532,2016-05-25,Ridge,14,2016
2016-05-12,2016,5,15.29,16.908,16.020132383571056,2016-05-26,Ridge,14,2016
2016-05-13,2016,5,15.238,16.748,16.13542892316528,2016-05-27,Ridge,14,2016
2016-05-14,2016,5,15.2,16.722,16.18929047535554,2016-05-28,Ridge,14,2016
2016-05-15,2016,5,15.176,16.72,16.236048156520376,2016-05-29,Ridge,14,2016
2016-05-16,2016,5,15.122,16.67,16.220908857088958,2016-05-30,Ridge,14,2016
2016-05-17,2016,5,15.138,16.542,16.359438907360655,2016-05-31,Ridge,14,2016
2016-05-18,2016,5,15.448,16.564,16.744912316149076,2016-06-01,Ridge,14,2016
2016-05-19,2016,5,15.846,16.7,16.830030097652507,2016-06-02,Ridge,14,2016
2016-05-20,2016,5,16.218,16.686,16.8712826565518,2016-06-03,Ridge,14,2016
2016-05-21,2016,5,16.294,16.504,16.69103708141757,2016-06-04,Ridge,14,2016
2016-05-22,2016,5,16.772,16.324,17.288483695421135,2016-06-05,Ridge,14,2016
2016-05-23,2016,5,17.27,16.216,17.40696979460633,2016-06-06,Ridge,14,2016
2016-05-24,2016,5,17.364,16.2,17.15331987753075,2016-06-07,Ridge,14,2016
2016-05-25,2016,5,17.14,16.188,17.004209923689363,2016-06-08,Ridge,14,2016
2016-05-26,2016,5,16.908,16.116,16.986656452398208,2016-06-09,Ridge,14,2016
2016-05-27,2016,5,16.748,16.072,17.073787351867068,2016-06-10,Ridge,14,2016
2016-05-28,2016,5,16.722,16.088,17.323265011310696,2016-06-11,Ridge,14,2016
2016-05-29,2016,5,16.72,16.04,17.421150659285765,2016-06-12,Ridge,14,2016
2016-05-30,2016,5,16.67,16.076,17.349164309468808,2016-06-13,Ridge,14,2016
2016-05-31,2016,5,16.542,16.138,17.225267865134818,2016-06-14,Ridge,14,2016
2016-06-01,2016,6,16.564,16.532,17.466188282820827,2016-06-15,Ridge,14,2016
2016-06-02,2016,6,16.7,17.31,17.67632963127686,2016-06-16,Ridge,14,2016
2016-06-03,2016,6,16.686,17.478,17.511106118278775,2016-06-17,Ridge,14,2016
2016-06-04,2016,6,16.504,17.466,17.240153369378753,2016-06-18,Ridge,14,2016
2016-06-05,2016,6,16.324,17.45,17.129256154461594,2016-06-19,Ridge,14,2016
2016-06-06,2016,6,16.216,17.544,17.15326416989635,2016-06-20,Ridge,14,2016
2016-06-07,2016,6,16.2,17.77,17.26315531266474,2016-06-21,Ridge,14,2016
2016-06-08,2016,6,16.188,18.074,17.285388766755627,2016-06-22,Ridge,14,2016
2016-06-09,2016,6,16.116,18.422,17.17820628144654,2016-06-23,Ridge,14,2016
2016-06-10,2016,6,16.072,18.676,17.227332926169147,2016-06-24,Ridge,14,2016
2016-06-11,2016,6,16.088,18.966,17.361147372884318,2016-06-25,Ridge,14,2016
2016-06-12,2016,6,16.04,19.296,17.27884796215126,2016-06-26,Ridge,14,2016
2016-06-13,2016,6,16.076,19.33,17.398870348582662,2016-06-27,Ridge,14,2016
2016-06-14,2016,6,16.138,19.136,17.46226906478645,2016-06-28,Ridge,14,2016
2016-06-15,2016,6,16.532,18.906,17.805800471516307,2016-06-29,Ridge,14,2016
2016-06-16,2016,6,17.31,18.676,18.196250887525167,2016-06-30,Ridge,14,2016
2016-06-17,2016,6,17.478,18.542,17.596944409309586,2016-07-01,Ridge,14,2016
2016-06-18,2016,6,17.466,18.478,17.68044116925621,2016-07-02,Ridge,14,2016
2016-06-19,2016,6,17.45,18.63,17.849670375084923,2016-07-03,Ridge,14,2016
2016-06-20,2016,6,17.544,18.756,18.038846749467844,2016-07-04,Ridge,14,2016
2016-06-21,2016,6,17.77,18.866,18.314776119191546,2016-07-05,Ridge,14,2016
2016-06-22,2016,6,18.074,19.154,18.572942230475828,2016-07-06,Ridge,14,2016
2016-06-23,2016,6,18.422,19.34,18.706179249920392,2016-07-07,Ridge,14,2016
2016-06-24,2016,6,18.676,19.522,18.70254000591777,2016-07-08,Ridge,14,2016
2016-06-25,2016,6,18.966,19.522,18.874830279119887,2016-07-09,Ridge,14,2016
2016-06-26,2016,6,19.296,19.454,19.054349950337247,2016-07-10,Ridge,14,2016
2016-06-27,2016,6,19.33,19.35,18.87860444536432,2016-07-11,Ridge,14,2016
2016-06-28,2016,6,19.136,19.256,18.719830280486466,2016-07-12,Ridge,14,2016
2016-06-29,2016,6,18.906,19.18,18.64838227246436,2016-07-13,Ridge,14,2016
2016-06-30,2016,6,18.676,19.12,18.57495475350423,2016-07-14,Ridge,14,2016
2016-07-01,2016,7,18.542,19.058,18.627993357087757,2016-07-15,Ridge,14,2016
2016-07-02,2016,7,18.478,18.988,18.695301035924864,2016-07-16,Ridge,14,2016
2016-07-03,2016,7,18.63,19.0,19.007918249481644,2016-07-17,Ridge,14,2016
2016-07-04,2016,7,18.756,19.076,19.040306726114405,2016-07-18,Ridge,14,2016
2016-07-05,2016,7,18.866,19.386,19.120100108359857,2016-07-19,Ridge,14,2016
2016-07-06,2016,7,19.154,19.448,19.354363305257195,2016-07-20,Ridge,14,2016
2016-07-07,2016,7,19.34,19.486,19.253559532364754,2016-07-21,Ridge,14,2016
2016-07-08,2016,7,19.522,19.626,19.332116996151424,2016-07-22,Ridge,14,2016
2016-07-09,2016,7,19.522,19.728,19.241702734098396,2016-07-23,Ridge,14,2016
2016-07-10,2016,7,19.454,19.908,19.225876407588338,2016-07-24,Ridge,14,2016
2016-07-11,2016,7,19.35,20.15,19.1806986504014,2016-07-25,Ridge,14,2016
2016-07-12,2016,7,19.256,20.334,19.19550528061756,2016-07-26,Ridge,14,2016
2016-07-13,2016,7,19.18,20.506,19.196053117115614,2016-07-27,Ridge,14,2016
2016-07-14,2016,7,19.12,20.654,19.17808031263021,2016-07-28,Ridge,14,2016
2016-07-15,2016,7,19.058,20.71,19.133148522651037,2016-07-29,Ridge,14,2016
2016-07-16,2016,7,18.988,20.648,19.081562273252842,2016-07-30,Ridge,14,2016
2016-07-17,2016,7,19.0,20.534,19.198372717544288,2016-07-31,Ridge,14,2016
2016-07-18,2016,7,19.076,20.322,19.30553147271677,2016-08-01,Ridge,14,2016
2016-07-19,2016,7,19.386,20.092,19.56841825884469,2016-08-02,Ridge,14,2016
2016-07-20,2016,7,19.448,19.742,19.29575256825236,2016-08-03,Ridge,14,2016
2016-07-21,2016,7,19.486,19.51,19.354983429457032,2016-08-04,Ridge,14,2016
2016-07-22,2016,7,19.626,19.332,19.514360170395065,2016-08-05,Ridge,14,2016
2016-07-23,2016,7,19.728,19.148,19.482074179459413,2016-08-06,Ridge,14,2016
2016-07-24,2016,7,19.908,18.956,19.631943484481447,2016-08-07,Ridge,14,2016
2016-07-25,2016,7,20.15,18.796,19.780610793700454,2016-08-08,Ridge,14,2016
2016-07-26,2016,7,20.334,18.62,19.769485052748546,2016-08-09,Ridge,14,2016
2016-07-27,2016,7,20.506,18.492,19.845437540145344,2016-08-10,Ridge,14,2016
2016-07-28,2016,7,20.654,18.35,19.914051966721548,2016-08-11,Ridge,14,2016
2016-07-29,2016,7,20.71,18.316,19.8970748654707,2016-08-12,Ridge,14,2016
2016-07-30,2016,7,20.648,18.22,19.84098325043372,2016-08-13,Ridge,14,2016
2016-07-31,2016,7,20.534,18.166,19.77078879363352,2016-08-14,Ridge,14,2016
2016-08-01,2016,8,20.322,18.1,19.549602909771963,2016-08-15,Ridge,14,2016
2016-08-02,2016,8,20.092,18.0,19.354834887625188,2016-08-16,Ridge,14,2016
2016-08-03,2016,8,19.742,17.936,18.942237436833395,2016-08-17,Ridge,14,2016
2016-08-04,2016,8,19.51,17.872,18.877543161457897,2016-08-18,Ridge,14,2016
2016-08-05,2016,8,19.332,17.87,18.838756689569003,2016-08-19,Ridge,14,2016
2016-08-06,2016,8,19.148,17.82,18.693210838761136,2016-08-20,Ridge,14,2016
2016-08-07,2016,8,18.956,17.69,18.5681282783568,2016-08-21,Ridge,14,2016
2016-08-08,2016,8,18.796,17.576,18.520817319594546,2016-08-22,Ridge,14,2016
2016-08-09,2016,8,18.62,17.472,18.421310989397107,2016-08-23,Ridge,14,2016
2016-08-10,2016,8,18.492,17.38,18.399194500306955,2016-08-24,Ridge,14,2016
2016-08-11,2016,8,18.35,17.298,18.303423027676068,2016-08-25,Ridge,14,2016
2016-08-12,2016,8,18.316,17.2,18.41323961794844,2016-08-26,Ridge,14,2016
2016-08-13,2016,8,18.22,17.09,18.308489075561873,2016-08-27,Ridge,14,2016
2016-08-14,2016,8,18.166,17.03,18.311944872905126,2016-08-28,Ridge,14,2016
2016-08-15,2016,8,18.1,16.97,18.283974616944462,2016-08-29,Ridge,14,2016
2016-08-16,2016,8,18.0,16.866,18.16477580086239,2016-08-30,Ridge,14,2016
2016-08-17,2016,8,17.936,16.828,18.16359719110881,2016-08-31,Ridge,14,2016
2016-08-18,2016,8,17.872,16.84,18.113390484662244,2016-09-01,Ridge,14,2016
2016-08-19,2016,8,17.87,16.844,18.176023892166562,2016-09-02,Ridge,14,2016
2016-08-20,2016,8,17.82,17.098,18.08605137535524,2016-09-03,Ridge,14,2016
2016-08-21,2016,8,17.69,17.356,17.875265013171248,2016-09-04,Ridge,14,2016
2016-08-22,2016,8,17.576,17.668,17.803782152698982,2016-09-05,Ridge,14,2016
2016-08-23,2016,8,17.472,17.73,17.734244610038886,2016-09-06,Ridge,14,2016
2016-08-24,2016,8,17.38,17.926,17.663314995338883,2016-09-07,Ridge,14,2016
2016-08-25,2016,8,17.298,18.186,17.598580861439586,2016-09-08,Ridge,14,2016
2016-08-26,2016,8,17.2,18.31,17.499464564246576,2016-09-09,Ridge,14,2016
2016-08-27,2016,8,17.09,18.368,17.403430135270835,2016-09-10,Ridge,14,2016
2016-08-28,2016,8,17.03,18.504,17.41675161656113,2016-09-11,Ridge,14,2016
2016-08-29,2016,8,16.97,18.554,17.377044067196483,2016-09-12,Ridge,14,2016
2016-08-30,2016,8,16.866,18.682,17.235381133144095,2016-09-13,Ridge,14,2016
2016-08-31,2016,8,16.828,18.84,17.275379984002722,2016-09-14,Ridge,14,2016
2016-09-01,2016,9,16.84,18.836,17.351857389051506,2016-09-15,Ridge,14,2016
2016-09-02,2016,9,16.844,18.63,17.33376359795061,2016-09-16,Ridge,14,2016
2016-09-03,2016,9,17.098,18.436,17.618848521093337,2016-09-17,Ridge,14,2016
2016-09-04,2016,9,17.356,18.226,17.59150197249157,2016-09-18,Ridge,14,2016
2016-09-05,2016,9,17.668,18.11,17.661149668357545,2016-09-19,Ridge,14,2016
2016-09-06,2016,9,17.73,17.95,17.448259864035762,2016-09-20,Ridge,14,2016
2016-09-07,2016,9,17.926,17.754,17.694454960318502,2016-09-21,Ridge,14,2016
2016-09-08,2016,9,18.186,17.796,17.81500092086868,2016-09-22,Ridge,14,2016
2016-09-09,2016,9,18.31,18.002,17.742453746397807,2016-09-23,Ridge,14,2016
2016-09-10,2016,9,18.368,18.078,17.809958098808508,2016-09-24,Ridge,14,2016
2016-09-11,2016,9,18.504,18.084,17.996066190003866,2016-09-25,Ridge,14,2016
2016-09-12,2016,9,18.554,18.27,17.92993210603831,2016-09-26,Ridge,14,2016
2016-09-13,2016,9,18.682,18.442,18.0857835827392,2016-09-27,Ridge,14,2016
2016-09-14,2016,9,18.84,18.49,18.175736318676755,2016-09-28,Ridge,14,2016
2016-09-15,2016,9,18.836,18.524,18.02360002726537,2016-09-29,Ridge,14,2016
2016-09-16,2016,9,18.63,18.696,17.70825989314629,2016-09-30,Ridge,14,2016
2016-09-17,2016,9,18.436,18.812,17.59695092642256,2016-10-01,Ridge,14,2016
2016-09-18,2016,9,18.226,18.796,17.425311862359028,2016-10-02,Ridge,14,2016
2016-09-19,2016,9,18.11,18.672,17.416904916735028,2016-10-03,Ridge,14,2016
2016-09-20,2016,9,17.95,18.43,17.242335233372152,2016-10-04,Ridge,14,2016
2016-09-21,2016,9,17.754,18.2,17.019913551764656,2016-10-05,Ridge,14,2016
2016-09-22,2016,9,17.796,18.006,17.336901201597904,2016-10-06,Ridge,14,2016
2016-09-23,2016,9,18.002,17.712,17.589267902141366,2016-10-07,Ridge,14,2016
2016-09-24,2016,9,18.078,17.48,17.46243458515425,2016-10-08,Ridge,14,2016
2016-09-25,2016,9,18.084,17.312,17.44902187983743,2016-10-09,Ridge,14,2016
2016-09-26,2016,9,18.27,17.246,17.655239603950815,2016-10-10,Ridge,14,2016
2016-09-27,2016,9,18.442,17.18,17.59745065876596,2016-10-11,Ridge,14,2016
2016-09-28,2016,9,18.49,17.136,17.49170494242731,2016-10-12,Ridge,14,2016
2016-09-29,2016,9,18.524,17.366,17.564794849962503,2016-10-13,Ridge,14,2016
2016-09-30,2016,9,18.696,17.964,17.733233285679113,2016-10-14,Ridge,14,2016
2016-10-01,2016,10,18.812,18.236,17.66892271948423,2016-10-15,Ridge,14,2016
2016-10-02,2016,10,18.796,18.48,17.5772162097053,2016-10-16,Ridge,14,2016
2016-10-03,2016,10,18.672,18.54,17.429772462645015,2016-10-17,Ridge,14,2016
2016-10-04,2016,10,18.43,18.54,17.11309777157814,2016-10-18,Ridge,14,2016
2016-10-05,2016,10,18.2,18.444,16.931232978255093,2016-10-19,Ridge,14,2016
2016-10-06,2016,10,18.006,18.192,16.818228860048162,2016-10-20,Ridge,14,2016
2016-10-07,2016,10,17.712,17.956,16.450406121465903,2016-10-21,Ridge,14,2016
2016-10-08,2016,10,17.48,17.57,16.31399941607993,2016-10-22,Ridge,14,2016
2016-10-09,2016,10,17.312,17.264,16.284057731841127,2016-10-23,Ridge,14,2016
2016-10-10,2016,10,17.246,16.99,16.36615902656423,2016-10-24,Ridge,14,2016
2016-10-11,2016,10,17.18,16.728,16.343972186353966,2016-10-25,Ridge,14,2016
2016-10-12,2016,10,17.136,16.54,16.342079661589704,2016-10-26,Ridge,14,2016
2016-10-13,2016,10,17.366,16.372,16.744089815506975,2016-10-27,Ridge,14,2016
2016-10-14,2016,10,17.964,16.204,17.137083758468247,2016-10-28,Ridge,14,2016
2016-10-15,2016,10,18.236,16.05,16.75991688874039,2016-10-29,Ridge,14,2016
2016-10-16,2016,10,18.48,15.93,16.879505010521402,2016-10-30,Ridge,14,2016
2016-10-17,2016,10,18.54,15.834,16.790424265979382,2016-10-31,Ridge,14,2016
2016-10-18,2016,10,18.54,15.736,16.80499256104607,2016-11-01,Ridge,14,2016
2016-10-19,2016,10,18.444,15.632,16.736593806163008,2016-11-02,Ridge,14,2016
2016-10-20,2016,10,18.192,15.542,16.485836387966362,2016-11-03,Ridge,14,2016
2016-10-21,2016,10,17.956,15.442,16.354950209012387,2016-11-04,Ridge,14,2016
2016-10-22,2016,10,17.57,15.358,15.881419736046096,2016-11-05,Ridge,14,2016
2016-10-23,2016,10,17.264,15.266,15.689807473469132,2016-11-06,Ridge,14,2016
2016-10-24,2016,10,16.99,15.182,15.528543256405609,2016-11-07,Ridge,14,2016
2016-10-25,2016,10,16.728,15.108,15.328842753070019,2016-11-08,Ridge,14,2016
2016-10-26,2016,10,16.54,15.048,15.298345934103281,2016-11-09,Ridge,14,2016
2016-10-27,2016,10,16.372,14.968,15.22874742596042,2016-11-10,Ridge,14,2016
2016-10-28,2016,10,16.204,14.926,15.142255476347097,2016-11-11,Ridge,14,2016
2016-10-29,2016,10,16.05,14.92,15.073938150020197,2016-11-12,Ridge,14,2016
2016-10-30,2016,10,15.93,14.904,15.050468881701754,2016-11-13,Ridge,14,2016
2016-10-31,2016,10,15.834,14.876,15.029770967734297,2016-11-14,Ridge,14,2016
2016-11-01,2016,11,15.736,14.85,14.962251273760268,2016-11-15,Ridge,14,2016
2016-11-02,2016,11,15.632,14.778,14.88201793766919,2016-11-16,Ridge,14,2016
2016-11-03,2016,11,15.542,14.7,14.837129272870898,2016-11-17,Ridge,14,2016
2016-11-04,2016,11,15.442,14.614,14.754176722440715,2016-11-18,Ridge,14,2016
2016-11-05,2016,11,15.358,14.548,14.70231247414622,2016-11-19,Ridge,14,2016
2016-11-06,2016,11,15.266,14.48,14.620538692861825,2016-11-20,Ridge,14,2016
2016-11-07,2016,11,15.182,14.434,14.557024958090247,2016-11-21,Ridge,14,2016
2016-11-08,2016,11,15.108,14.384,14.510688191300776,2016-11-22,Ridge,14,2016
2016-11-09,2016,11,15.048,14.296,14.47507533947557,2016-11-23,Ridge,14,2016
2016-11-10,2016,11,14.968,14.244,14.387094134372548,2016-11-24,Ridge,14,2016
2016-11-11,2016,11,14.926,14.2,14.38888926788207,2016-11-25,Ridge,14,2016
2016-11-12,2016,11,14.92,14.146,14.428598491626282,2016-11-26,Ridge,14,2016
2016-11-13,2016,11,14.904,14.09,14.398345451440104,2016-11-27,Ridge,14,2016
2016-11-14,2016,11,14.876,14.046,14.352253336869742,2016-11-28,Ridge,14,2016
2016-11-15,2016,11,14.85,14.02,14.327457993264902,2016-11-29,Ridge,14,2016
2016-11-16,2016,11,14.778,13.99,14.210025245236862,2016-11-30,Ridge,14,2016
2016-11-17,2016,11,14.7,13.958,14.119787572889999,2016-12-01,Ridge,14,2016
2016-11-18,2016,11,14.614,13.906,14.028388998084772,2016-12-02,Ridge,14,2016
2016-11-19,2016,11,14.548,13.87,13.981074666198188,2016-12-03,Ridge,14,2016
2016-11-20,2016,11,14.48,13.818,13.915779819242763,2016-12-04,Ridge,14,2016
2016-11-21,2016,11,14.434,13.786,13.89064465936276,2016-12-05,Ridge,14,2016
2016-11-22,2016,11,14.384,13.75,13.847304194881074,2016-12-06,Ridge,14,2016
2016-11-23,2016,11,14.296,13.698,13.72742107055135,2016-12-07,Ridge,14,2016
2016-11-24,2016,11,14.244,13.66,13.722892296438655,2016-12-08,Ridge,14,2016
2016-11-25,2016,11,14.2,13.63,13.700938840063841,2016-12-09,Ridge,14,2016
2016-11-26,2016,11,14.146,13.588,13.636285080800386,2016-12-10,Ridge,14,2016
2016-11-27,2016,11,14.09,13.56,13.582205682752825,2016-12-11,Ridge,14,2016
2016-11-28,2016,11,14.046,13.53,13.557024967558785,2016-12-12,Ridge,14,2016
2016-11-29,2016,11,14.02,13.498,13.557650399433733,2016-12-13,Ridge,14,2016
2016-11-30,2016,11,13.99,13.46,13.523570257439387,2016-12-14,Ridge,14,2016
2016-12-01,2016,12,13.958,13.43,13.487365576107168,2016-12-15,Ridge,14,2016
2016-12-02,2016,12,13.906,13.408,13.419356415991823,2016-12-16,Ridge,14,2016
2016-12-03,2016,12,13.87,13.38,13.40184388295433,2016-12-17,Ridge,14,2016
2016-12-04,2016,12,13.818,13.348,13.338891515749866,2016-12-18,Ridge,14,2016
2016-12-05,2016,12,13.786,13.32,13.322456774448561,2016-12-19,Ridge,14,2016
2016-12-06,2016,12,13.75,13.29,13.287171067810556,2016-12-20,Ridge,14,2016
2016-12-07,2016,12,13.698,13.268,13.21716332870996,2016-12-21,Ridge,14,2016
2016-12-08,2016,12,13.66,13.25,13.19952227080279,2016-12-22,Ridge,14,2016
2016-12-09,2016,12,13.63,13.218,13.182886084326798,2016-12-23,Ridge,14,2016
2016-12-10,2016,12,13.588,13.2,13.131172436371827,2016-12-24,Ridge,14,2016
2016-12-11,2016,12,13.56,13.16,13.118000100808404,2016-12-25,Ridge,14,2016
2016-12-12,2016,12,13.53,13.16,13.09163973630454,2016-12-26,Ridge,14,2016
2016-12-13,2016,12,13.498,13.15,13.059792406395418,2016-12-27,Ridge,14,2016
2016-12-14,2016,12,13.46,13.12,13.019656701379489,2016-12-28,Ridge,14,2016
2016-12-15,2016,12,13.43,13.11,13.000133302743004,2016-12-29,Ridge,14,2016
2016-12-16,2016,12,13.408,13.09,12.991066703016825,2016-12-30,Ridge,14,2016
2016-12-17,2016,12,13.38,13.08,12.95750569918621,2016-12-31,Ridge,14,2016
2016-12-18,2016,12,13.348,13.044,12.923215223314363,2017-01-01,Ridge,14,2016
2016-12-19,2016,12,13.32,13.02,12.90391151777182,2017-01-02,Ridge,14,2016
2016-12-20,2016,12,13.29,13.01,12.876957478845233,2017-01-03,Ridge,14,2016
2016-12-21,2016,12,13.268,13.0,12.865226832169972,2017-01-04,Ridge,14,2016
2016-12-22,2016,12,13.25,12.99,12.85406916359369,2017-01-05,Ridge,14,2016
2016-12-23,2016,12,13.218,12.98,12.810417424989375,2017-01-06,Ridge,14,2016
2016-12-24,2016,12,13.2,12.97,12.810022277135849,2017-01-07,Ridge,14,2016
2016-12-25,2016,12,13.16,12.93,12.755239551107147,2017-01-08,Ridge,14,2016
2016-12-26,2016,12,13.16,12.88,12.794423886955476,2017-01-09,Ridge,14,2016
2016-12-27,2016,12,13.15,12.84,12.783131325058449,2017-01-10,Ridge,14,2016
2016-12-28,2016,12,13.12,12.82,12.728205936031154,2017-01-11,Ridge,14,2016
2016-12-29,2016,12,13.11,12.79,12.745879242128469,2017-01-12,Ridge,14,2016
2016-12-30,2016,12,13.09,12.77,12.722606109227515,2017-01-13,Ridge,14,2016
2016-12-31,2016,12,13.08,12.75,12.724094787824779,2017-01-14,Ridge,14,2016
2017-01-01,2017,1,13.044,12.74,12.669119605832204,2017-01-15,Ridge,14,2017
2017-01-02,2017,1,13.02,12.72,12.657483172062204,2017-01-16,Ridge,14,2017
2017-01-03,2017,1,13.01,12.7,12.67356661163261,2017-01-17,Ridge,14,2017
2017-01-04,2017,1,13.0,12.67,12.666559650853433,2017-01-18,Ridge,14,2017
2017-01-05,2017,1,12.99,12.64,12.658619799167308,2017-01-19,Ridge,14,2017
2017-01-06,2017,1,12.98,12.63,12.652405047719313,2017-01-20,Ridge,14,2017
2017-01-07,2017,1,12.97,12.62,12.647524595259176,2017-01-21,Ridge,14,2017
2017-01-08,2017,1,12.93,12.61,12.582174831862176,2017-01-22,Ridge,14,2017
2017-01-09,2017,1,12.88,12.58,12.529173962052987,2017-01-23,Ridge,14,2017
2017-01-10,2017,1,12.84,12.58,12.51468978121436,2017-01-24,Ridge,14,2017
2017-01-11,2017,1,12.82,12.57,12.52820718964766,2017-01-25,Ridge,14,2017
2017-01-12,2017,1,12.79,12.54,12.497383657087692,2017-01-26,Ridge,14,2017
2017-01-13,2017,1,12.77,12.52,12.494781538422494,2017-01-27,Ridge,14,2017
2017-01-14,2017,1,12.75,12.5,12.489835147058654,2017-01-28,Ridge,14,2017
2017-01-15,2017,1,12.74,12.47,12.50385937242734,2017-01-29,Ridge,14,2017
2017-01-16,2017,1,12.72,12.45,12.489360648308766,2017-01-30,Ridge,14,2017
2017-01-17,2017,1,12.7,12.44,12.480137265454134,2017-01-31,Ridge,14,2017
2017-01-18,2017,1,12.67,12.43,12.454197614609278,2017-02-01,Ridge,14,2017
2017-01-19,2017,1,12.64,12.42,12.43771749327144,2017-02-02,Ridge,14,2017
2017-01-20,2017,1,12.63,12.41,12.464718822530847,2017-02-03,Ridge,14,2017
2017-01-21,2017,1,12.62,12.39,12.46807145754062,2017-02-04,Ridge,14,2017
2017-01-22,2017,1,12.61,12.38,12.466477943537368,2017-02-05,Ridge,14,2017
2017-01-23,2017,1,12.58,12.36,12.42813406784177,2017-02-06,Ridge,14,2017
2017-01-24,2017,1,12.58,12.34,12.473251884795603,2017-02-07,Ridge,14,2017
2017-01-25,2017,1,12.57,12.32,12.473328838770856,2017-02-08,Ridge,14,2017
2017-01-26,2017,1,12.54,12.3,12.429541406507466,2017-02-09,Ridge,14,2017
2017-01-27,2017,1,12.52,12.29,12.436431410499761,2017-02-10,Ridge,14,2017
2017-01-28,2017,1,12.5,12.27,12.43413936576921,2017-02-11,Ridge,14,2017
2017-01-29,2017,1,12.47,12.25,12.408418344225808,2017-02-12,Ridge,14,2017
2017-01-30,2017,1,12.45,12.24,12.416822230542827,2017-02-13,Ridge,14,2017
2017-01-31,2017,1,12.44,12.22,12.43487076387488,2017-02-14,Ridge,14,2017
2017-02-01,2017,2,12.43,12.21,12.440990319482449,2017-02-15,Ridge,14,2017
2017-02-02,2017,2,12.42,12.21,12.447859996918597,2017-02-16,Ridge,14,2017
2017-02-03,2017,2,12.41,12.19,12.45510250644324,2017-02-17,Ridge,14,2017
2017-02-04,2017,2,12.39,12.18,12.442603805341099,2017-02-18,Ridge,14,2017
2017-02-05,2017,2,12.38,12.178,12.462340043523877,2017-02-19,Ridge,14,2017
2017-02-06,2017,2,12.36,12.16,12.451709107189066,2017-02-20,Ridge,14,2017
2017-02-07,2017,2,12.34,12.16,12.447387258118246,2017-02-21,Ridge,14,2017
2017-02-08,2017,2,12.32,12.16,12.448416009047211,2017-02-22,Ridge,14,2017
2017-02-09,2017,2,12.3,12.15,12.447460370287592,2017-02-23,Ridge,14,2017
2017-02-10,2017,2,12.29,12.156,12.468951574143269,2017-02-24,Ridge,14,2017
2017-02-11,2017,2,12.27,12.178,12.459283093424268,2017-02-25,Ridge,14,2017
2017-02-12,2017,2,12.25,12.2,12.458511021464965,2017-02-26,Ridge,14,2017
2017-02-13,2017,2,12.24,12.21,12.483703624375982,2017-02-27,Ridge,14,2017
2017-02-14,2017,2,12.22,12.22,12.475520221601997,2017-02-28,Ridge,14,2017
2017-02-15,2017,2,12.21,12.23,12.497297944285092,2017-03-01,Ridge,14,2017
2017-02-16,2017,2,12.21,12.25,12.531842568102551,2017-03-02,Ridge,14,2017
2017-02-17,2017,2,12.19,12.268,12.509480511966581,2017-03-03,Ridge,14,2017
2017-02-18,2017,2,12.18,12.438,12.531941891640102,2017-03-04,Ridge,14,2017
2017-02-19,2017,2,12.178,12.496,12.564697147117641,2017-03-05,Ridge,14,2017
2017-02-20,2017,2,12.16,12.512,12.549283449000173,2017-03-06,Ridge,14,2017
2017-02-21,2017,2,12.16,12.434,12.589826454641916,2017-03-07,Ridge,14,2017
2017-02-22,2017,2,12.16,12.402,12.614590835598399,2017-03-08,Ridge,14,2017
2017-02-23,2017,2,12.15,12.344,12.611003596150276,2017-03-09,Ridge,14,2017
2017-02-24,2017,2,12.156,12.31,12.654584983937093,2017-03-10,Ridge,14,2017
2017-02-25,2017,2,12.178,12.292,12.696417300334469,2017-03-11,Ridge,14,2017
2017-02-26,2017,2,12.2,12.38,12.713742979669943,2017-03-12,Ridge,14,2017
2017-02-27,2017,2,12.21,12.602,12.728083755043711,2017-03-13,Ridge,14,2017
2017-02-28,2017,2,12.22,12.874,12.756488246070585,2017-03-14,Ridge,14,2017
2017-03-01,2017,3,12.23,12.986,12.780460737351856,2017-03-15,Ridge,14,2017
2017-03-02,2017,3,12.25,12.956,12.817882920194299,2017-03-16,Ridge,14,2017
2017-03-03,2017,3,12.268,12.878,12.846385333932265,2017-03-17,Ridge,14,2017
2017-03-04,2017,3,12.438,12.816,13.03712945923084,2017-03-18,Ridge,14,2017
2017-03-05,2017,3,12.496,12.83,12.939997954359722,2017-03-19,Ridge,14,2017
2017-03-06,2017,3,12.512,12.872,12.963247123966068,2017-03-20,Ridge,14,2017
2017-03-07,2017,3,12.434,12.986,12.874246109962488,2017-03-21,Ridge,14,2017
2017-03-08,2017,3,12.402,13.044,12.93214370198306,2017-03-22,Ridge,14,2017
2017-03-09,2017,3,12.344,12.99,12.915108971305468,2017-03-23,Ridge,14,2017
2017-03-10,2017,3,12.31,12.94,12.96044543657329,2017-03-24,Ridge,14,2017
2017-03-11,2017,3,12.292,12.87,12.989037548428334,2017-03-25,Ridge,14,2017
2017-03-12,2017,3,12.38,12.906,13.145693380924689,2017-03-26,Ridge,14,2017
2017-03-13,2017,3,12.602,12.826,13.32371863594514,2017-03-27,Ridge,14,2017
2017-03-14,2017,3,12.874,12.832,13.418777702347674,2017-03-28,Ridge,14,2017
2017-03-15,2017,3,12.986,12.96,13.323199943195029,2017-03-29,Ridge,14,2017
2017-03-16,2017,3,12.956,12.9,13.280232889810751,2017-03-30,Ridge,14,2017
2017-03-17,2017,3,12.878,12.88,13.254369618168033,2017-03-31,Ridge,14,2017
2017-03-18,2017,3,12.816,12.85,13.302726927750731,2017-04-01,Ridge,14,2017
2017-03-19,2017,3,12.83,12.9,13.498395539587397,2017-04-02,Ridge,14,2017
2017-03-20,2017,3,12.872,13.008,13.617539496388922,2017-04-03,Ridge,14,2017
2017-03-21,2017,3,12.986,13.236,13.720150904755483,2017-04-04,Ridge,14,2017
2017-03-22,2017,3,13.044,13.564,13.682750784757543,2017-04-05,Ridge,14,2017
2017-03-23,2017,3,12.99,13.764,13.58854943929798,2017-04-06,Ridge,14,2017
2017-03-24,2017,3,12.94,13.94,13.604604534394667,2017-04-07,Ridge,14,2017
2017-03-25,2017,3,12.87,14.118,13.588429193817174,2017-04-08,Ridge,14,2017
2017-03-26,2017,3,12.906,14.378,13.764960015448665,2017-04-09,Ridge,14,2017
2017-03-27,2017,3,12.826,14.62,13.616647697017452,2017-04-10,Ridge,14,2017
2017-03-28,2017,3,12.832,14.638,13.72316193663036,2017-04-11,Ridge,14,2017
2017-03-29,2017,3,12.96,14.502,13.933819800722599,2017-04-12,Ridge,14,2017
2017-03-30,2017,3,12.9,14.34,13.719169369972485,2017-04-13,Ridge,14,2017
2017-03-31,2017,3,12.88,14.16,13.798682143798107,2017-04-14,Ridge,14,2017
2017-04-01,2017,4,12.85,14.032,13.83948322761256,2017-04-15,Ridge,14,2017
2017-04-02,2017,4,12.9,14.254,13.949701210291629,2017-04-16,Ridge,14,2017
2017-04-03,2017,4,13.008,14.4,14.060677117901136,2017-04-17,Ridge,14,2017
2017-04-04,2017,4,13.236,14.454,14.234608524853057,2017-04-18,Ridge,14,2017
2017-04-05,2017,4,13.564,14.35,14.37942470473953,2017-04-19,Ridge,14,2017
2017-04-06,2017,4,13.764,14.192,14.328435396833038,2017-04-20,Ridge,14,2017
2017-04-07,2017,4,13.94,14.058,14.439154174764301,2017-04-21,Ridge,14,2017
2017-04-08,2017,4,14.118,14.138,14.575814831457054,2017-04-22,Ridge,14,2017
2017-04-09,2017,4,14.378,14.088,14.78034983108098,2017-04-23,Ridge,14,2017
2017-04-10,2017,4,14.62,14.1,14.911628473526264,2017-04-24,Ridge,14,2017
2017-04-11,2017,4,14.638,14.12,14.847679497107238,2017-04-25,Ridge,14,2017
2017-04-12,2017,4,14.502,14.066,14.74843249167921,2017-04-26,Ridge,14,2017
2017-04-13,2017,4,14.34,14.082,14.702443608100598,2017-04-27,Ridge,14,2017
2017-04-14,2017,4,14.16,14.19,14.65500355820097,2017-04-28,Ridge,14,2017
2017-04-15,2017,4,14.032,14.346,14.66515481735527,2017-04-29,Ridge,14,2017
2017-04-16,2017,4,14.254,14.57,15.183909978535892,2017-04-30,Ridge,14,2017
2017-04-17,2017,4,14.4,14.926,15.105226022071804,2017-05-01,Ridge,14,2017
2017-04-18,2017,4,14.454,15.76,15.092223913178827,2017-05-02,Ridge,14,2017
2017-04-19,2017,4,14.35,16.168,14.972234846344474,2017-05-03,Ridge,14,2017
2017-04-20,2017,4,14.192,16.404,14.833974443058104,2017-05-04,Ridge,14,2017
2017-04-21,2017,4,14.058,16.146,14.833671644818153,2017-05-05,Ridge,14,2017
2017-04-22,2017,4,14.138,15.996,15.201984019155846,2017-05-06,Ridge,14,2017
2017-04-23,2017,4,14.088,15.892,15.048519787657135,2017-05-07,Ridge,14,2017
2017-04-24,2017,4,14.1,15.9,15.133411194154199,2017-05-08,Ridge,14,2017
2017-04-25,2017,4,14.12,15.916,15.20777967552284,2017-05-09,Ridge,14,2017
2017-04-26,2017,4,14.066,15.872,15.132102217256605,2017-05-10,Ridge,14,2017
2017-04-27,2017,4,14.082,15.82,15.263914425826963,2017-05-11,Ridge,14,2017
2017-04-28,2017,4,14.19,15.89,15.431449380464127,2017-05-12,Ridge,14,2017
2017-04-29,2017,4,14.346,15.91,15.4889166878407,2017-05-13,Ridge,14,2017
2017-04-30,2017,4,14.57,15.88,15.621037462449294,2017-05-14,Ridge,14,2017
2017-05-01,2017,5,14.926,15.79,15.835191165205336,2017-05-15,Ridge,14,2017
2017-05-02,2017,5,15.76,15.484,16.426256285391155,2017-05-16,Ridge,14,2017
2017-05-03,2017,5,16.168,15.432,16.084831355289168,2017-05-17,Ridge,14,2017
2017-05-04,2017,5,16.404,15.376,16.208461108407192,2017-05-18,Ridge,14,2017
2017-05-05,2017,5,16.146,15.312,15.824187924840471,2017-05-19,Ridge,14,2017
2017-05-06,2017,5,15.996,15.28,15.95692566425676,2017-05-20,Ridge,14,2017
2017-05-07,2017,5,15.892,15.27,16.16693561060885,2017-05-21,Ridge,14,2017
2017-05-08,2017,5,15.9,15.25,16.54259936320341,2017-05-22,Ridge,14,2017
2017-05-09,2017,5,15.916,15.29,16.588606978552477,2017-05-23,Ridge,14,2017
2017-05-10,2017,5,15.872,15.25,16.483556888007723,2017-05-24,Ridge,14,2017
2017-05-11,2017,5,15.82,15.366,16.459743717906818,2017-05-25,Ridge,14,2017
2017-05-12,2017,5,15.89,15.596,16.69824112247989,2017-05-26,Ridge,14,2017
2017-05-13,2017,5,15.91,15.896,16.680463807553583,2017-05-27,Ridge,14,2017
2017-05-14,2017,5,15.88,16.098,16.656438146132555,2017-05-28,Ridge,14,2017
2017-05-15,2017,5,15.79,16.202,16.554078843311384,2017-05-29,Ridge,14,2017
2017-05-16,2017,5,15.484,16.21,16.046781156240687,2017-05-30,Ridge,14,2017
2017-05-17,2017,5,15.432,16.22,16.32194018962153,2017-05-31,Ridge,14,2017
2017-05-18,2017,5,15.376,16.28,16.37948409934361,2017-06-01,Ridge,14,2017
2017-05-19,2017,5,15.312,16.26,16.29734589189713,2017-06-02,Ridge,14,2017
2017-05-20,2017,5,15.28,16.28,16.35087298920488,2017-06-03,Ridge,14,2017
2017-05-21,2017,5,15.27,16.356,16.4074099831366,2017-06-04,Ridge,14,2017
2017-05-22,2017,5,15.25,16.904,16.440171983587582,2017-06-05,Ridge,14,2017
2017-05-23,2017,5,15.29,17.592,16.57576970952696,2017-06-06,Ridge,14,2017
2017-05-24,2017,5,15.25,17.82,16.49731350900535,2017-06-07,Ridge,14,2017
2017-05-25,2017,5,15.366,18.04,16.720403834281136,2017-06-08,Ridge,14,2017
2017-05-26,2017,5,15.596,18.014,16.867836120894857,2017-06-09,Ridge,14,2017
2017-05-27,2017,5,15.896,17.768,16.976054881884878,2017-06-10,Ridge,14,2017
2017-05-28,2017,5,16.098,17.418,16.955283184085733,2017-06-11,Ridge,14,2017
2017-05-29,2017,5,16.202,17.156,16.97188692414189,2017-06-12,Ridge,14,2017
2017-05-30,2017,5,16.21,16.942,16.96352352392036,2017-06-13,Ridge,14,2017
2017-05-31,2017,5,16.22,16.85,17.077467194253558,2017-06-14,Ridge,14,2017
2017-06-01,2017,6,16.28,16.9,17.225939882855474,2017-06-15,Ridge,14,2017
2017-06-02,2017,6,16.26,17.096,17.222090123803746,2017-06-16,Ridge,14,2017
2017-06-03,2017,6,16.28,17.286,17.3410747102412,2017-06-17,Ridge,14,2017
2017-06-04,2017,6,16.356,17.498,17.439778693237677,2017-06-18,Ridge,14,2017
2017-06-05,2017,6,16.904,17.826,17.939549479199467,2017-06-19,Ridge,14,2017
2017-06-06,2017,6,17.592,18.124,18.122660837851495,2017-06-20,Ridge,14,2017
2017-06-07,2017,6,17.82,18.396,17.762316644205466,2017-06-21,Ridge,14,2017
2017-06-08,2017,6,18.04,18.512,18.02742574978045,2017-06-22,Ridge,14,2017
2017-06-09,2017,6,18.014,18.53,17.89917624232769,2017-06-23,Ridge,14,2017
2017-06-10,2017,6,17.768,18.54,17.581604121544984,2017-06-24,Ridge,14,2017
2017-06-11,2017,6,17.418,18.53,17.456408230562584,2017-06-25,Ridge,14,2017
2017-06-12,2017,6,17.156,18.47,17.508267677352013,2017-06-26,Ridge,14,2017
2017-06-13,2017,6,16.942,18.264,17.39284160596079,2017-06-27,Ridge,14,2017
2017-06-14,2017,6,16.85,18.23,17.481038027412232,2017-06-28,Ridge,14,2017
2017-06-15,2017,6,16.9,18.082,17.693752320643547,2017-06-29,Ridge,14,2017
2017-06-16,2017,6,17.096,18.276,17.912919576966413,2017-06-30,Ridge,14,2017
2017-06-17,2017,6,17.286,18.43,18.015961655892777,2017-07-01,Ridge,14,2017
2017-06-18,2017,6,17.498,18.68,18.140049091085302,2017-07-02,Ridge,14,2017
2017-06-19,2017,6,17.826,18.856,18.34829175837179,2017-07-03,Ridge,14,2017
2017-06-20,2017,6,18.124,18.974,18.400623187491487,2017-07-04,Ridge,14,2017
2017-06-21,2017,6,18.396,19.154,18.508824887568057,2017-07-05,Ridge,14,2017
2017-06-22,2017,6,18.512,19.432,18.514153489729107,2017-07-06,Ridge,14,2017
2017-06-23,2017,6,18.53,19.73,18.55840866087868,2017-07-07,Ridge,14,2017
2017-06-24,2017,6,18.54,19.85,18.676232445269438,2017-07-08,Ridge,14,2017
2017-06-25,2017,6,18.53,19.86,18.756839712437703,2017-07-09,Ridge,14,2017
2017-06-26,2017,6,18.47,19.87,18.731822257629652,2017-07-10,Ridge,14,2017
2017-06-27,2017,6,18.264,20.166,18.46144680120196,2017-07-11,Ridge,14,2017
2017-06-28,2017,6,18.23,20.294,18.62565148006999,2017-07-12,Ridge,14,2017
2017-06-29,2017,6,18.082,20.34,18.407856645043683,2017-07-13,Ridge,14,2017
2017-06-30,2017,6,18.276,20.368,18.84851947674835,2017-07-14,Ridge,14,2017
2017-07-01,2017,7,18.43,20.264,18.841938642939404,2017-07-15,Ridge,14,2017
2017-07-02,2017,7,18.68,20.05,18.983712357530948,2017-07-16,Ridge,14,2017
2017-07-03,2017,7,18.856,19.724,18.964042291295655,2017-07-17,Ridge,14,2017
2017-07-04,2017,7,18.974,19.482,18.989206926314143,2017-07-18,Ridge,14,2017
2017-07-05,2017,7,19.154,19.216,19.128111272533566,2017-07-19,Ridge,14,2017
2017-07-06,2017,7,19.432,19.062,19.35477834596897,2017-07-20,Ridge,14,2017
2017-07-07,2017,7,19.73,18.93,19.460550029538343,2017-07-21,Ridge,14,2017
2017-07-08,2017,7,19.85,18.762,19.41450839701818,2017-07-22,Ridge,14,2017
2017-07-09,2017,7,19.86,18.694,19.436828889586177,2017-07-23,Ridge,14,2017
2017-07-10,2017,7,19.87,18.67,19.531216964252817,2017-07-24,Ridge,14,2017
2017-07-11,2017,7,20.166,18.674,19.892288396845565,2017-07-25,Ridge,14,2017
2017-07-12,2017,7,20.294,18.618,19.780715684110202,2017-07-26,Ridge,14,2017
2017-07-13,2017,7,20.34,18.554,19.833515015529574,2017-07-27,Ridge,14,2017
2017-07-14,2017,7,20.368,18.46,19.90209261942,2017-07-28,Ridge,14,2017
2017-07-15,2017,7,20.264,18.392,19.69523811090874,2017-07-29,Ridge,14,2017
2017-07-16,2017,7,20.05,18.414,19.429984673848768,2017-07-30,Ridge,14,2017
2017-07-17,2017,7,19.724,18.434,19.10016594951479,2017-07-31,Ridge,14,2017
2017-07-18,2017,7,19.482,18.508,18.99026850601946,2017-08-01,Ridge,14,2017
2017-07-19,2017,7,19.216,18.472,18.767836676360822,2017-08-02,Ridge,14,2017
2017-07-20,2017,7,19.062,18.46,18.76938214086906,2017-08-03,Ridge,14,2017
2017-07-21,2017,7,18.93,18.472,18.728946584428698,2017-08-04,Ridge,14,2017
2017-07-22,2017,7,18.762,18.59,18.57010388412361,2017-08-05,Ridge,14,2017
2017-07-23,2017,7,18.694,18.624,18.6904503671563,2017-08-06,Ridge,14,2017
2017-07-24,2017,7,18.67,18.56,18.800270399043043,2017-08-07,Ridge,14,2017
2017-07-25,2017,7,18.674,18.526,18.875597110300795,2017-08-08,Ridge,14,2017
2017-07-26,2017,7,18.618,18.542,18.79561782453717,2017-08-09,Ridge,14,2017
2017-07-27,2017,7,18.554,18.696,18.74894739297427,2017-08-10,Ridge,14,2017
2017-07-28,2017,7,18.46,18.986,18.66699586021707,2017-08-11,Ridge,14,2017
2017-07-29,2017,7,18.392,19.608,18.655856712244525,2017-08-12,Ridge,14,2017
2017-07-30,2017,7,18.414,20.202,18.78562672384019,2017-08-13,Ridge,14,2017
2017-07-31,2017,7,18.434,20.728,18.78219143986141,2017-08-14,Ridge,14,2017
2017-08-01,2017,8,18.508,20.826,18.848904034067626,2017-08-15,Ridge,14,2017
2017-08-02,2017,8,18.472,20.83,18.725104570072844,2017-08-16,Ridge,14,2017
2017-08-03,2017,8,18.46,20.698,18.75052443112166,2017-08-17,Ridge,14,2017
2017-08-04,2017,8,18.472,20.476,18.79715680172136,2017-08-18,Ridge,14,2017
2017-08-05,2017,8,18.59,20.24,18.90844297558462,2017-08-19,Ridge,14,2017
2017-08-06,2017,8,18.624,20.048,18.81138855994662,2017-08-20,Ridge,14,2017
2017-08-07,2017,8,18.56,19.88,18.699650559167697,2017-08-21,Ridge,14,2017
2017-08-08,2017,8,18.526,19.73,18.704988148746942,2017-08-22,Ridge,14,2017
2017-08-09,2017,8,18.542,19.53,18.776079606767418,2017-08-23,Ridge,14,2017
2017-08-10,2017,8,18.696,19.436,18.92393749314315,2017-08-24,Ridge,14,2017
2017-08-11,2017,8,18.986,19.304,19.078415570837098,2017-08-25,Ridge,14,2017
2017-08-12,2017,8,19.608,19.136,19.44158901939137,2017-08-26,Ridge,14,2017
2017-08-13,2017,8,20.202,18.998,19.462357712936395,2017-08-27,Ridge,14,2017
2017-08-14,2017,8,20.728,18.972,19.55126626299276,2017-08-28,Ridge,14,2017
2017-08-15,2017,8,20.826,18.826,19.2874208526604,2017-08-29,Ridge,14,2017
2017-08-16,2017,8,20.83,18.72,19.42966509874714,2017-08-30,Ridge,14,2017
2017-08-17,2017,8,20.698,18.568,19.342761905386727,2017-08-31,Ridge,14,2017
2017-08-18,2017,8,20.476,18.472,19.246957219412,2017-09-01,Ridge,14,2017
2017-08-19,2017,8,20.24,18.544,19.22167122180134,2017-09-02,Ridge,14,2017
2017-08-20,2017,8,20.048,18.576,19.118005748550555,2017-09-03,Ridge,14,2017
2017-08-21,2017,8,19.88,18.566,18.966709138145198,2017-09-04,Ridge,14,2017
2017-08-22,2017,8,19.73,18.58,18.84866569351016,2017-09-05,Ridge,14,2017
2017-08-23,2017,8,19.53,18.6,18.629290409134224,2017-09-06,Ridge,14,2017
2017-08-24,2017,8,19.436,18.65,18.69904589339965,2017-09-07,Ridge,14,2017
2017-08-25,2017,8,19.304,18.76,18.601312611803245,2017-09-08,Ridge,14,2017
2017-08-26,2017,8,19.136,18.892,18.42886962702318,2017-09-09,Ridge,14,2017
2017-08-27,2017,8,18.998,19.076,18.382423073953927,2017-09-10,Ridge,14,2017
2017-08-28,2017,8,18.972,19.334,18.52044438001027,2017-09-11,Ridge,14,2017
2017-08-29,2017,8,18.826,19.378,18.28308784500584,2017-09-12,Ridge,14,2017
2017-08-30,2017,8,18.72,19.256,18.234927128731037,2017-09-13,Ridge,14,2017
2017-08-31,2017,8,18.568,19.132,18.08715324746868,2017-09-14,Ridge,14,2017
2017-09-01,2017,9,18.472,19.008,18.074190384665314,2017-09-15,Ridge,14,2017
2017-09-02,2017,9,18.544,18.912,18.33624614233619,2017-09-16,Ridge,14,2017
2017-09-03,2017,9,18.576,18.732,18.278919681442165,2017-09-17,Ridge,14,2017
2017-09-04,2017,9,18.566,18.53,18.235146610725888,2017-09-18,Ridge,14,2017
2017-09-05,2017,9,18.58,18.356,18.29153802126227,2017-09-19,Ridge,14,2017
2017-09-06,2017,9,18.6,18.25,18.29780351607988,2017-09-20,Ridge,14,2017
2017-09-07,2017,9,18.65,18.158,18.314906628658125,2017-09-21,Ridge,14,2017
2017-09-08,2017,9,18.76,18.064,18.39529745624455,2017-09-22,Ridge,14,2017
2017-09-09,2017,9,18.892,18.072,18.4078675054019,2017-09-23,Ridge,14,2017
2017-09-10,2017,9,19.076,17.942,18.466957391996257,2017-09-24,Ridge,14,2017
2017-09-11,2017,9,19.334,17.866,18.57094887209973,2017-09-25,Ridge,14,2017
2017-09-12,2017,9,19.378,17.85,18.366150907372507,2017-09-26,Ridge,14,2017
2017-09-13,2017,9,19.256,17.95,18.196348783329096,2017-09-27,Ridge,14,2017
2017-09-14,2017,9,19.132,18.042,18.149616074463978,2017-09-28,Ridge,14,2017
2017-09-15,2017,9,19.008,18.05,18.101231596112385,2017-09-29,Ridge,14,2017
2017-09-16,2017,9,18.912,18.116,18.06732415955728,2017-09-30,Ridge,14,2017
2017-09-17,2017,9,18.732,18.238,17.80765740138317,2017-10-01,Ridge,14,2017
2017-09-18,2017,9,18.53,18.502,17.562598684795596,2017-10-02,Ridge,14,2017
2017-09-19,2017,9,18.356,18.55,17.455228274525453,2017-10-03,Ridge,14,2017
2017-09-20,2017,9,18.25,18.396,17.462072498938966,2017-10-04,Ridge,14,2017
2017-09-21,2017,9,18.158,18.226,17.417501051900093,2017-10-05,Ridge,14,2017
2017-09-22,2017,9,18.064,18.126,17.33587500665454,2017-10-06,Ridge,14,2017
2017-09-23,2017,9,18.072,18.162,17.468973476374018,2017-10-07,Ridge,14,2017
2017-09-24,2017,9,17.942,18.246,17.222074564695912,2017-10-08,Ridge,14,2017
2017-09-25,2017,9,17.866,18.308,17.215418145910583,2017-10-09,Ridge,14,2017
2017-09-26,2017,9,17.85,18.284,17.310281618813853,2017-10-10,Ridge,14,2017
2017-09-27,2017,9,17.95,18.066,17.452127646244087,2017-10-11,Ridge,14,2017
2017-09-28,2017,9,18.042,17.778,17.445207109201835,2017-10-12,Ridge,14,2017
2017-09-29,2017,9,18.05,17.504,17.35805809735643,2017-10-13,Ridge,14,2017
2017-09-30,2017,9,18.116,17.326,17.42769333758591,2017-10-14,Ridge,14,2017
2017-10-01,2017,10,18.238,17.092,17.477124464739838,2017-10-15,Ridge,14,2017
2017-10-02,2017,10,18.502,17.036,17.6200245816843,2017-10-16,Ridge,14,2017
2017-10-03,2017,10,18.55,16.998,17.41868681131804,2017-10-17,Ridge,14,2017
2017-10-04,2017,10,18.396,16.932,17.18058526160492,2017-10-18,Ridge,14,2017
2017-10-05,2017,10,18.226,16.896,17.049987202419498,2017-10-19,Ridge,14,2017
2017-10-06,2017,10,18.126,16.892,17.089626990130792,2017-10-20,Ridge,14,2017
2017-10-07,2017,10,18.162,17.158,17.264951909705363,2017-10-21,Ridge,14,2017
2017-10-08,2017,10,18.246,17.352,17.316775996471364,2017-10-22,Ridge,14,2017
2017-10-09,2017,10,18.308,17.182,17.255372418066017,2017-10-23,Ridge,14,2017
2017-10-10,2017,10,18.284,16.96,17.16372123004834,2017-10-24,Ridge,14,2017
2017-10-11,2017,10,18.066,16.774,16.78094069729817,2017-10-25,Ridge,14,2017
2017-10-12,2017,10,17.778,16.676,16.434338773093053,2017-10-26,Ridge,14,2017
2017-10-13,2017,10,17.504,16.664,16.23574769680685,2017-10-27,Ridge,14,2017
2017-10-14,2017,10,17.326,16.688,16.200477352438618,2017-10-28,Ridge,14,2017
2017-10-15,2017,10,17.092,16.834,15.934072381166736,2017-10-29,Ridge,14,2017
2017-10-16,2017,10,17.036,16.932,16.066545856997323,2017-10-30,Ridge,14,2017
2017-10-17,2017,10,16.998,16.996,16.103152176908463,2017-10-31,Ridge,14,2017
2017-10-18,2017,10,16.932,16.838,16.018638829730204,2017-11-01,Ridge,14,2017
2017-10-19,2017,10,16.896,16.544,16.061477273036168,2017-11-02,Ridge,14,2017
2017-10-20,2017,10,16.892,16.29,16.123619057043484,2017-11-03,Ridge,14,2017
2017-10-21,2017,10,17.158,16.114,16.461843891566964,2017-11-04,Ridge,14,2017
2017-10-22,2017,10,17.352,15.952,16.370897480772754,2017-11-05,Ridge,14,2017
2017-10-23,2017,10,17.182,15.828,15.929881374874746,2017-11-06,Ridge,14,2017
2017-10-24,2017,10,16.96,15.698,15.739429069951376,2017-11-07,Ridge,14,2017
2017-10-25,2017,10,16.774,15.656,15.665271293805937,2017-11-08,Ridge,14,2017
2017-10-26,2017,10,16.676,15.432,15.678512482475377,2017-11-09,Ridge,14,2017
2017-10-27,2017,10,16.664,15.32,15.789340996644963,2017-11-10,Ridge,14,2017
2017-10-28,2017,10,16.688,15.274,15.811922932799884,2017-11-11,Ridge,14,2017
2017-10-29,2017,10,16.834,15.268,15.933374715270695,2017-11-12,Ridge,14,2017
2017-10-30,2017,10,16.932,15.216,15.917341968478762,2017-11-13,Ridge,14,2017
2017-10-31,2017,10,16.996,15.152,15.902945414913413,2017-11-14,Ridge,14,2017
2017-11-01,2017,11,16.838,15.058,15.592241059262124,2017-11-15,Ridge,14,2017
2017-11-02,2017,11,16.544,15.004,15.19561440298135,2017-11-16,Ridge,14,2017
2017-11-03,2017,11,16.29,14.92,15.037302941998519,2017-11-17,Ridge,14,2017
2017-11-04,2017,11,16.114,14.872,15.000147220198116,2017-11-18,Ridge,14,2017
2017-11-05,2017,11,15.952,14.79,14.869057343586828,2017-11-19,Ridge,14,2017
2017-11-06,2017,11,15.828,14.736,14.791714867749626,2017-11-20,Ridge,14,2017
2017-11-07,2017,11,15.698,14.694,14.678770034049215,2017-11-21,Ridge,14,2017
2017-11-08,2017,11,15.656,14.616,14.772612204946638,2017-11-22,Ridge,14,2017
2017-11-09,2017,11,15.432,14.51,14.411736147259028,2017-11-23,Ridge,14,2017
2017-11-10,2017,11,15.32,14.412,14.45092723470397,2017-11-24,Ridge,14,2017
2017-11-11,2017,11,15.274,14.398,14.554305239425847,2017-11-25,Ridge,14,2017
2017-11-12,2017,11,15.268,14.324,14.593502094076078,2017-11-26,Ridge,14,2017
2017-11-13,2017,11,15.216,14.27,14.503720012905305,2017-11-27,Ridge,14,2017
2017-11-14,2017,11,15.152,14.27,14.425417994519607,2017-11-28,Ridge,14,2017
2017-11-15,2017,11,15.058,14.26,14.323821167467198,2017-11-29,Ridge,14,2017
2017-11-16,2017,11,15.004,14.226,14.337553066125604,2017-11-30,Ridge,14,2017
2017-11-17,2017,11,14.92,14.186,14.238526969432632,2017-12-01,Ridge,14,2017
2017-11-18,2017,11,14.872,14.164,14.220666973067335,2017-12-02,Ridge,14,2017
2017-11-19,2017,11,14.79,14.126,14.110764942551038,2017-12-03,Ridge,14,2017
2017-11-20,2017,11,14.736,14.104,14.084223180442526,2017-12-04,Ridge,14,2017
2017-11-21,2017,11,14.694,14.09,14.073229514926833,2017-12-05,Ridge,14,2017
2017-11-22,2017,11,14.616,14.08,13.957816246553621,2017-12-06,Ridge,14,2017
2017-11-23,2017,11,14.51,14.07,13.828979397883538,2017-12-07,Ridge,14,2017
2017-11-24,2017,11,14.412,14.05,13.757176957956137,2017-12-08,Ridge,14,2017
2017-11-25,2017,11,14.398,14.014,13.84710693560222,2017-12-09,Ridge,14,2017
2017-11-26,2017,11,14.324,13.96,13.720879270663845,2017-12-10,Ridge,14,2017
2017-11-27,2017,11,14.27,13.95,13.678949367912912,2017-12-11,Ridge,14,2017
2017-11-28,2017,11,14.27,13.922,13.753776810957474,2017-12-12,Ridge,14,2017
2017-11-29,2017,11,14.26,13.876,13.737827878355368,2017-12-13,Ridge,14,2017
2017-11-30,2017,11,14.226,13.844,13.677200025025433,2017-12-14,Ridge,14,2017
2017-12-01,2017,12,14.186,13.81,13.632823982454273,2017-12-15,Ridge,14,2017
2017-12-02,2017,12,14.164,13.79,13.631106744926507,2017-12-16,Ridge,14,2017
2017-12-03,2017,12,14.126,13.764,13.579798174624969,2017-12-17,Ridge,14,2017
2017-12-04,2017,12,14.104,13.732,13.567817500404022,2017-12-18,Ridge,14,2017
2017-12-05,2017,12,14.09,13.72,13.558075645456423,2017-12-19,Ridge,14,2017
2017-12-06,2017,12,14.08,13.71,13.542875025360638,2017-12-20,Ridge,14,2017
2017-12-07,2017,12,14.07,13.684,13.528132784616401,2017-12-21,Ridge,14,2017
2017-12-08,2017,12,14.05,13.65,13.490967623046426,2017-12-22,Ridge,14,2017
2017-12-09,2017,12,14.014,13.62,13.432751724590915,2017-12-23,Ridge,14,2017
2017-12-10,2017,12,13.96,13.61,13.358394952747538,2017-12-24,Ridge,14,2017
2017-12-11,2017,12,13.95,13.59,13.394159453670627,2017-12-25,Ridge,14,2017
2017-12-12,2017,12,13.922,13.554,13.348456954423714,2017-12-26,Ridge,14,2017
2017-12-13,2017,12,13.876,13.52,13.270879133994464,2017-12-27,Ridge,14,2017
2017-12-14,2017,12,13.844,13.504,13.256543730556583,2017-12-28,Ridge,14,2017
2017-12-15,2017,12,13.81,13.464,13.224486905905536,2017-12-29,Ridge,14,2017
2017-12-16,2017,12,13.79,13.45,13.221514140059508,2017-12-30,Ridge,14,2017
2017-12-17,2017,12,13.764,13.42,13.192722888966003,2017-12-31,Ridge,14,2017
2017-12-18,2017,12,13.732,13.394,13.150768483155668,2018-01-01,Ridge,14,2017
2017-12-19,2017,12,13.72,13.36,13.164237186658726,2018-01-02,Ridge,14,2017
2017-12-20,2017,12,13.71,13.34,13.160837792556281,2018-01-03,Ridge,14,2017
2017-12-21,2017,12,13.684,13.316,13.114998532952832,2018-01-04,Ridge,14,2017
2017-12-22,2017,12,13.65,13.286,13.073487791022878,2018-01-05,Ridge,14,2017
2017-12-23,2017,12,13.62,13.26,13.05191874574853,2018-01-06,Ridge,14,2017
2017-12-24,2017,12,13.61,13.234,13.06766677886504,2018-01-07,Ridge,14,2017
2017-12-25,2017,12,13.59,13.21,13.039136955793357,2018-01-08,Ridge,14,2017
2017-12-26,2017,12,13.554,13.186,12.982367632508623,2018-01-09,Ridge,14,2017
2017-12-27,2017,12,13.52,13.154,12.955302207397787,2018-01-10,Ridge,14,2017
2017-12-28,2017,12,13.504,13.13,12.966713196936702,2018-01-11,Ridge,14,2017
2017-12-29,2017,12,13.464,13.13,12.907531034313523,2018-01-12,Ridge,14,2017
2017-12-30,2017,12,13.45,13.12,12.922824939535657,2018-01-13,Ridge,14,2017
2017-12-31,2017,12,13.42,13.094,12.88560404054089,2018-01-14,Ridge,14,2017
2018-01-01,2018,1,13.394,13.066,12.869696848460928,2018-01-15,Ridge,14,2018
2018-01-02,2018,1,13.36,13.06,12.840915600772902,2018-01-16,Ridge,14,2018
2018-01-03,2018,1,13.34,13.05,12.838008660014886,2018-01-17,Ridge,14,2018
2018-01-04,2018,1,13.316,13.03,12.823456167770379,2018-01-18,Ridge,14,2018
2018-01-05,2018,1,13.286,13.03,12.7906654552082,2018-01-19,Ridge,14,2018
2018-01-06,2018,1,13.26,13.02,12.78066620807082,2018-01-20,Ridge,14,2018
2018-01-07,2018,1,13.234,12.986,12.76478714395119,2018-01-21,Ridge,14,2018
2018-01-08,2018,1,13.21,12.938,12.754112770187875,2018-01-22,Ridge,14,2018
2018-01-09,2018,1,13.186,12.92,12.73880117742469,2018-01-23,Ridge,14,2018
2018-01-10,2018,1,13.154,12.92,12.709942295806435,2018-01-24,Ridge,14,2018
2018-01-11,2018,1,13.13,12.91,12.706760677594378,2018-01-25,Ridge,14,2018
2018-01-12,2018,1,13.13,12.9,12.739777941922176,2018-01-26,Ridge,14,2018
2018-01-13,2018,1,13.12,12.88,12.72799210224318,2018-01-27,Ridge,14,2018
2018-01-14,2018,1,13.094,12.866,12.694100922815942,2018-01-28,Ridge,14,2018
2018-01-15,2018,1,13.066,12.84,12.678888134691503,2018-01-29,Ridge,14,2018
2018-01-16,2018,1,13.06,12.82,12.708781304051847,2018-01-30,Ridge,14,2018
2018-01-17,2018,1,13.05,12.81,12.705601038245533,2018-01-31,Ridge,14,2018
2018-01-18,2018,1,13.03,12.8,12.678924588761697,2018-02-01,Ridge,14,2018
2018-01-19,2018,1,13.03,12.79,12.707773711192473,2018-02-02,Ridge,14,2018
2018-01-20,2018,1,13.02,12.79,12.701706058811471,2018-02-03,Ridge,14,2018
2018-01-21,2018,1,12.986,12.78,12.656551282775878,2018-02-04,Ridge,14,2018
2018-01-22,2018,1,12.938,12.78,12.610771839082936,2018-02-05,Ridge,14,2018
2018-01-23,2018,1,12.92,12.77,12.63930379100897,2018-02-06,Ridge,14,2018
2018-01-24,2018,1,12.92,12.75,12.672440273790974,2018-02-07,Ridge,14,2018
2018-01-25,2018,1,12.91,12.73,12.657175423898126,2018-02-08,Ridge,14,2018
2018-01-26,2018,1,12.9,12.71,12.658380456843375,2018-02-09,Ridge,14,2018
2018-01-27,2018,1,12.88,12.7,12.649487216580793,2018-02-10,Ridge,14,2018
2018-01-28,2018,1,12.866,12.69,12.663472632298584,2018-02-11,Ridge,14,2018
2018-01-29,2018,1,12.84,12.69,12.642779627012004,2018-02-12,Ridge,14,2018
2018-01-30,2018,1,12.82,12.68,12.640830594265486,2018-02-13,Ridge,14,2018
2018-01-31,2018,1,12.81,12.68,12.658316035476357,2018-02-14,Ridge,14,2018
2018-02-01,2018,2,12.8,12.668,12.66220355023864,2018-02-15,Ridge,14,2018
2018-02-02,2018,2,12.79,12.57,12.668926674752628,2018-02-16,Ridge,14,2018
2018-02-03,2018,2,12.79,12.48,12.693605192216271,2018-02-17,Ridge,14,2018
2018-02-04,2018,2,12.78,12.4,12.692723987106826,2018-02-18,Ridge,14,2018
2018-02-05,2018,2,12.78,12.434,12.717917399073315,2018-02-19,Ridge,14,2018
2018-02-06,2018,2,12.77,12.44,12.715128445342076,2018-02-20,Ridge,14,2018
2018-02-07,2018,2,12.75,12.42,12.70139825131664,2018-02-21,Ridge,14,2018
2018-02-08,2018,2,12.73,12.398,12.702385546956249,2018-02-22,Ridge,14,2018
2018-02-09,2018,2,12.71,12.354,12.700775685417254,2018-02-23,Ridge,14,2018
2018-02-10,2018,2,12.7,12.34,12.720336256034772,2018-02-24,Ridge,14,2018
2018-02-11,2018,2,12.69,12.34,12.727468164348911,2018-02-25,Ridge,14,2018
2018-02-12,2018,2,12.69,12.34,12.754422236418916,2018-02-26,Ridge,14,2018
2018-02-13,2018,2,12.68,12.36,12.756535556058068,2018-02-27,Ridge,14,2018
2018-02-14,2018,2,12.68,12.38,12.78573100701266,2018-02-28,Ridge,14,2018
2018-02-15,2018,2,12.668,12.38,12.785566921383316,2018-03-01,Ridge,14,2018
2018-02-16,2018,2,12.57,12.38,12.627961620981317,2018-03-02,Ridge,14,2018
2018-02-17,2018,2,12.48,12.37,12.585944841965954,2018-03-03,Ridge,14,2018
2018-02-18,2018,2,12.4,12.35,12.562539799281238,2018-03-04,Ridge,14,2018
2018-02-19,2018,2,12.434,12.35,12.722765945836132,2018-03-05,Ridge,14,2018
2018-02-20,2018,2,12.44,12.35,12.709738002625018,2018-03-06,Ridge,14,2018
2018-02-21,2018,2,12.42,12.36,12.689831961231866,2018-03-07,Ridge,14,2018
2018-02-22,2018,2,12.398,12.372,12.723477003254397,2018-03-08,Ridge,14,2018
2018-02-23,2018,2,12.354,12.406,12.7041225467474,2018-03-09,Ridge,14,2018
2018-02-24,2018,2,12.34,12.41,12.74815258137181,2018-03-10,Ridge,14,2018
2018-02-25,2018,2,12.34,12.446,12.787283736036352,2018-03-11,Ridge,14,2018
2018-02-26,2018,2,12.34,12.474,12.80618193892491,2018-03-12,Ridge,14,2018
2018-02-27,2018,2,12.36,12.626,12.858775968119426,2018-03-13,Ridge,14,2018
2018-02-28,2018,2,12.38,12.664,12.890877983399674,2018-03-14,Ridge,14,2018
2018-03-01,2018,3,12.38,12.708,12.895687423208216,2018-03-15,Ridge,14,2018
2018-03-02,2018,3,12.38,12.734,12.922156780561686,2018-03-16,Ridge,14,2018
2018-03-03,2018,3,12.37,12.738,12.927445443265992,2018-03-17,Ridge,14,2018
2018-03-04,2018,3,12.35,12.686,12.924566429977844,2018-03-18,Ridge,14,2018
2018-03-05,2018,3,12.35,12.608,12.972740869539027,2018-03-19,Ridge,14,2018
2018-03-06,2018,3,12.35,12.518,13.000393141533223,2018-03-20,Ridge,14,2018
2018-03-07,2018,3,12.36,12.484,13.035144894270607,2018-03-21,Ridge,14,2018
2018-03-08,2018,3,12.372,12.444,13.065207285877497,2018-03-22,Ridge,14,2018
2018-03-09,2018,3,12.406,12.442,13.114046426472107,2018-03-23,Ridge,14,2018
2018-03-10,2018,3,12.41,12.478,13.106611088732585,2018-03-24,Ridge,14,2018
2018-03-11,2018,3,12.446,12.534,13.171725831417362,2018-03-25,Ridge,14,2018
2018-03-12,2018,3,12.474,12.63,13.192559606659433,2018-03-26,Ridge,14,2018
2018-03-13,2018,3,12.626,12.738,13.3494274101355,2018-03-27,Ridge,14,2018
2018-03-14,2018,3,12.664,12.76,13.263996523277019,2018-03-28,Ridge,14,2018
2018-03-15,2018,3,12.708,12.73,13.339371275594019,2018-03-29,Ridge,14,2018
2018-03-16,2018,3,12.734,12.734,13.377797969313944,2018-03-30,Ridge,14,2018
2018-03-17,2018,3,12.738,12.826,13.396063757313845,2018-03-31,Ridge,14,2018
2018-03-18,2018,3,12.686,12.95,13.348994143171772,2018-04-01,Ridge,14,2018
2018-03-19,2018,3,12.608,13.082,13.32294909004001,2018-04-02,Ridge,14,2018
2018-03-20,2018,3,12.518,13.124,13.282724266974311,2018-04-03,Ridge,14,2018
2018-03-21,2018,3,12.484,13.13,13.350670380394417,2018-04-04,Ridge,14,2018
2018-03-22,2018,3,12.444,13.13,13.349101372209192,2018-04-05,Ridge,14,2018
2018-03-23,2018,3,12.442,13.11,13.410175566221767,2018-04-06,Ridge,14,2018
2018-03-24,2018,3,12.478,13.084,13.5083247553426,2018-04-07,Ridge,14,2018
2018-03-25,2018,3,12.534,13.07,13.586810341785835,2018-04-08,Ridge,14,2018
2018-03-26,2018,3,12.63,13.07,13.67583942822249,2018-04-09,Ridge,14,2018
2018-03-27,2018,3,12.738,13.08,13.720472536912888,2018-04-10,Ridge,14,2018
2018-03-28,2018,3,12.76,13.068,13.674944263484402,2018-04-11,Ridge,14,2018
2018-03-29,2018,3,12.73,13.06,13.668262873176785,2018-04-12,Ridge,14,2018
2018-03-30,2018,3,12.734,13.088,13.755700662053775,2018-04-13,Ridge,14,2018
2018-03-31,2018,3,12.826,13.18,13.899918388033456,2018-04-14,Ridge,14,2018
2018-04-01,2018,4,12.95,13.328,13.977275321571652,2018-04-15,Ridge,14,2018
2018-04-02,2018,4,13.082,13.422,14.051592672282302,2018-04-16,Ridge,14,2018
2018-04-03,2018,4,13.124,13.462,14.02576376181695,2018-04-17,Ridge,14,2018
2018-04-04,2018,4,13.13,13.508,14.058511579949382,2018-04-18,Ridge,14,2018
2018-04-05,2018,4,13.13,13.58,14.10859890054276,2018-04-19,Ridge,14,2018
2018-04-06,2018,4,13.11,13.838,14.124802554405733,2018-04-20,Ridge,14,2018
2018-04-07,2018,4,13.084,14.13,14.159823007454163,2018-04-21,Ridge,14,2018
2018-04-08,2018,4,13.07,14.334,14.223881980490185,2018-04-22,Ridge,14,2018
2018-04-09,2018,4,13.07,14.368,14.27752933222584,2018-04-23,Ridge,14,2018
2018-04-10,2018,4,13.08,14.254,14.321557090937468,2018-04-24,Ridge,14,2018
2018-04-11,2018,4,13.068,14.12,14.318991280960063,2018-04-25,Ridge,14,2018
2018-04-12,2018,4,13.06,14.052,14.351295495739135,2018-04-26,Ridge,14,2018
2018-04-13,2018,4,13.088,14.024,14.436075021033435,2018-04-27,Ridge,14,2018
2018-04-14,2018,4,13.18,14.032,14.522448564442698,2018-04-28,Ridge,14,2018
2018-04-15,2018,4,13.328,14.128,14.608544322699043,2018-04-29,Ridge,14,2018
2018-04-16,2018,4,13.422,14.306,14.598990892917847,2018-04-30,Ridge,14,2018
2018-04-17,2018,4,13.462,14.402,14.611845820427527,2018-05-01,Ridge,14,2018
2018-04-18,2018,4,13.508,14.43,14.685197272071028,2018-05-02,Ridge,14,2018
2018-04-19,2018,4,13.58,14.434,14.763820235361475,2018-05-03,Ridge,14,2018
2018-04-20,2018,4,13.838,14.296,15.012894647119518,2018-05-04,Ridge,14,2018
2018-04-21,2018,4,14.13,14.228,15.11870655893242,2018-05-05,Ridge,14,2018
2018-04-22,2018,4,14.334,14.152,15.13048608764321,2018-05-06,Ridge,14,2018
2018-04-23,2018,4,14.368,14.14,15.083858639144408,2018-05-07,Ridge,14,2018
2018-04-24,2018,4,14.254,14.13,14.976524618880799,2018-05-08,Ridge,14,2018
2018-04-25,2018,4,14.12,14.166,14.934744831962554,2018-05-09,Ridge,14,2018
2018-04-26,2018,4,14.052,14.218,15.061284739714125,2018-05-10,Ridge,14,2018
2018-04-27,2018,4,14.024,14.42,15.175162171429145,2018-05-11,Ridge,14,2018
2018-04-28,2018,4,14.032,14.546,15.271791234656252,2018-05-12,Ridge,14,2018
2018-04-29,2018,4,14.128,14.56,15.429864075895914,2018-05-13,Ridge,14,2018
2018-04-30,2018,4,14.306,14.57,15.610366528880279,2018-05-14,Ridge,14,2018
2018-05-01,2018,5,14.402,14.588,15.550897126555665,2018-05-15,Ridge,14,2018
2018-05-02,2018,5,14.43,14.712,15.544006672617428,2018-05-16,Ridge,14,2018
2018-05-03,2018,5,14.434,14.972,15.584816231143304,2018-05-17,Ridge,14,2018
2018-05-04,2018,5,14.296,15.076,15.377263572085079,2018-05-18,Ridge,14,2018
2018-05-05,2018,5,14.228,14.988,15.457731850957874,2018-05-19,Ridge,14,2018
2018-05-06,2018,5,14.152,14.832,15.469697369249062,2018-05-20,Ridge,14,2018
2018-05-07,2018,5,14.14,14.72,15.558473444021564,2018-05-21,Ridge,14,2018
2018-05-08,2018,5,14.13,14.664,15.59561323616552,2018-05-22,Ridge,14,2018
2018-05-09,2018,5,14.166,14.632,15.677142448090269,2018-05-23,Ridge,14,2018
2018-05-10,2018,5,14.218,14.572,15.772576108108067,2018-05-24,Ridge,14,2018
2018-05-11,2018,5,14.42,14.564,15.96659647804607,2018-05-25,Ridge,14,2018
2018-05-12,2018,5,14.546,14.868,15.911675078366269,2018-05-26,Ridge,14,2018
2018-05-13,2018,5,14.56,15.12,15.859419710557834,2018-05-27,Ridge,14,2018
2018-05-14,2018,5,14.57,15.4,15.93912669573712,2018-05-28,Ridge,14,2018
2018-05-15,2018,5,14.588,15.656,15.9931821234429,2018-05-29,Ridge,14,2018
2018-05-16,2018,5,14.712,16.088,16.142347752820775,2018-05-30,Ridge,14,2018
2018-05-17,2018,5,14.972,16.376,16.34774183611084,2018-05-31,Ridge,14,2018
2018-05-18,2018,5,15.076,16.568,16.25554436227998,2018-06-01,Ridge,14,2018
2018-05-19,2018,5,14.988,16.72,16.1146223419628,2018-06-02,Ridge,14,2018
2018-05-20,2018,5,14.832,16.856,15.999716297369446,2018-06-03,Ridge,14,2018
2018-05-21,2018,5,14.72,16.764,16.01883840664825,2018-06-04,Ridge,14,2018
2018-05-22,2018,5,14.664,16.484,16.09529684923592,2018-06-05,Ridge,14,2018
2018-05-23,2018,5,14.632,16.262,16.14706606538157,2018-06-06,Ridge,14,2018
2018-05-24,2018,5,14.572,16.086,16.10779277398574,2018-06-07,Ridge,14,2018
2018-05-25,2018,5,14.564,15.96,16.204510884942174,2018-06-08,Ridge,14,2018
2018-05-26,2018,5,14.868,15.844,16.675442176887636,2018-06-09,Ridge,14,2018
2018-05-27,2018,5,15.12,15.79,16.610625565933596,2018-06-10,Ridge,14,2018
2018-05-28,2018,5,15.4,15.77,16.70559471545189,2018-06-11,Ridge,14,2018
2018-05-29,2018,5,15.656,15.77,16.781897680685084,2018-06-12,Ridge,14,2018
2018-05-30,2018,5,16.088,15.748,17.050268075212003,2018-06-13,Ridge,14,2018
2018-05-31,2018,5,16.376,15.71,16.997861560218002,2018-06-14,Ridge,14,2018
2018-06-01,2018,6,16.568,15.86,17.091080444433533,2018-06-15,Ridge,14,2018
2018-06-02,2018,6,16.72,16.182,17.247651374937497,2018-06-16,Ridge,14,2018
2018-06-03,2018,6,16.856,16.462,17.382023411442596,2018-06-17,Ridge,14,2018
2018-06-04,2018,6,16.764,16.95,17.234535881960923,2018-06-18,Ridge,14,2018
2018-06-05,2018,6,16.484,17.622,16.97780326199766,2018-06-19,Ridge,14,2018
2018-06-06,2018,6,16.262,17.992,16.996370544986274,2018-06-20,Ridge,14,2018
2018-06-07,2018,6,16.086,18.072,16.980336294096677,2018-06-21,Ridge,14,2018
2018-06-08,2018,6,15.96,18.1,16.969502350186733,2018-06-22,Ridge,14,2018
2018-06-09,2018,6,15.844,18.082,16.927361136535257,2018-06-23,Ridge,14,2018
2018-06-10,2018,6,15.79,18.018,16.995910619089496,2018-06-24,Ridge,14,2018
2018-06-11,2018,6,15.77,17.972,17.106096122001592,2018-06-25,Ridge,14,2018
2018-06-12,2018,6,15.77,18.062,17.18298904302707,2018-06-26,Ridge,14,2018
2018-06-13,2018,6,15.748,18.046,17.191811913070755,2018-06-27,Ridge,14,2018
2018-06-14,2018,6,15.71,17.948,17.182173930160864,2018-06-28,Ridge,14,2018
2018-06-15,2018,6,15.86,17.852,17.471783761436907,2018-06-29,Ridge,14,2018
2018-06-16,2018,6,16.182,17.804,17.63677401237428,2018-06-30,Ridge,14,2018
2018-06-17,2018,6,16.462,17.8,17.614227533000655,2018-07-01,Ridge,14,2018
2018-06-18,2018,6,16.95,18.078,17.91822685757481,2018-07-02,Ridge,14,2018
2018-06-19,2018,6,17.622,18.436,18.195058252314293,2018-07-03,Ridge,14,2018
2018-06-20,2018,6,17.992,18.504,17.997698022704437,2018-07-04,Ridge,14,2018
2018-06-21,2018,6,18.072,18.77,17.938606342668987,2018-07-05,Ridge,14,2018
2018-06-22,2018,6,18.1,19.164,18.135977552035484,2018-07-06,Ridge,14,2018
2018-06-23,2018,6,18.082,19.492,18.217481213059262,2018-07-07,Ridge,14,2018
2018-06-24,2018,6,18.018,19.494,18.258218396187413,2018-07-08,Ridge,14,2018
2018-06-25,2018,6,17.972,19.474,18.418320122871588,2018-07-09,Ridge,14,2018
2018-06-26,2018,6,18.062,19.38,18.714010329338034,2018-07-10,Ridge,14,2018
2018-06-27,2018,6,18.046,19.126,18.61220414769226,2018-07-11,Ridge,14,2018
2018-06-28,2018,6,17.948,18.892,18.477122441968618,2018-07-12,Ridge,14,2018
2018-06-29,2018,6,17.852,18.74,18.433078547005636,2018-07-13,Ridge,14,2018
2018-06-30,2018,6,17.804,18.71,18.460729104394108,2018-07-14,Ridge,14,2018
2018-07-01,2018,7,17.8,18.734,18.5073111266642,2018-07-15,Ridge,14,2018
2018-07-02,2018,7,18.078,18.8,18.88933278600967,2018-07-16,Ridge,14,2018
2018-07-03,2018,7,18.436,18.848,18.968250300021843,2018-07-17,Ridge,14,2018
2018-07-04,2018,7,18.504,18.832,18.701086376864616,2018-07-18,Ridge,14,2018
2018-07-05,2018,7,18.77,18.758,19.018153880198227,2018-07-19,Ridge,14,2018
2018-07-06,2018,7,19.164,18.672,19.192448767422153,2018-07-20,Ridge,14,2018
2018-07-07,2018,7,19.492,18.564,19.172330076402794,2018-07-21,Ridge,14,2018
2018-07-08,2018,7,19.494,18.48,18.99968763842887,2018-07-22,Ridge,14,2018
2018-07-09,2018,7,19.474,18.432,19.174399403290867,2018-07-23,Ridge,14,2018
2018-07-10,2018,7,19.38,18.416,19.101253230879873,2018-07-24,Ridge,14,2018
2018-07-11,2018,7,19.126,18.438,18.805698442437848,2018-07-25,Ridge,14,2018
2018-07-12,2018,7,18.892,18.41,18.742652398604175,2018-07-26,Ridge,14,2018
2018-07-13,2018,7,18.74,18.4,18.779093738972875,2018-07-27,Ridge,14,2018
2018-07-14,2018,7,18.71,18.41,18.901519057981083,2018-07-28,Ridge,14,2018
2018-07-15,2018,7,18.734,18.408,18.980413434051048,2018-07-29,Ridge,14,2018
2018-07-16,2018,7,18.8,18.39,19.053519734515838,2018-07-30,Ridge,14,2018
2018-07-17,2018,7,18.848,18.38,19.11568409691796,2018-07-31,Ridge,14,2018
2018-07-18,2018,7,18.832,18.442,19.104491500952395,2018-08-01,Ridge,14,2018
2018-07-19,2018,7,18.758,18.652,18.994563693677627,2018-08-02,Ridge,14,2018
2018-07-20,2018,7,18.672,18.936,18.913280151535417,2018-08-03,Ridge,14,2018
2018-07-21,2018,7,18.564,19.036,18.80900247591608,2018-08-04,Ridge,14,2018
2018-07-22,2018,7,18.48,19.112,18.773042306442917,2018-08-05,Ridge,14,2018
2018-07-23,2018,7,18.432,19.13,18.782241582898166,2018-08-06,Ridge,14,2018
2018-07-24,2018,7,18.416,19.186,18.805163872375523,2018-08-07,Ridge,14,2018
2018-07-25,2018,7,18.438,19.216,18.868638336502244,2018-08-08,Ridge,14,2018
2018-07-26,2018,7,18.41,19.184,18.806745527163567,2018-08-09,Ridge,14,2018
2018-07-27,2018,7,18.4,19.06,18.835485524670723,2018-08-10,Ridge,14,2018
2018-07-28,2018,7,18.41,18.906,18.88062834636106,2018-08-11,Ridge,14,2018
2018-07-29,2018,7,18.408,18.79,18.860359927229844,2018-08-12,Ridge,14,2018
2018-07-30,2018,7,18.39,18.76,18.820064468055268,2018-08-13,Ridge,14,2018
2018-07-31,2018,7,18.38,18.762,18.814964921549613,2018-08-14,Ridge,14,2018
2018-08-01,2018,8,18.442,18.83,18.902234480626195,2018-08-15,Ridge,14,2018
2018-08-02,2018,8,18.652,18.85,19.033373542763737,2018-08-16,Ridge,14,2018
2018-08-03,2018,8,18.936,18.848,19.102381482107656,2018-08-17,Ridge,14,2018
2018-08-04,2018,8,19.036,18.818,18.941229748294354,2018-08-18,Ridge,14,2018
2018-08-05,2018,8,19.112,18.738,18.99535515017048,2018-08-19,Ridge,14,2018
2018-08-06,2018,8,19.13,18.656,18.97731690440883,2018-08-20,Ridge,14,2018
2018-08-07,2018,8,19.186,18.538,19.04497550734412,2018-08-21,Ridge,14,2018
2018-08-08,2018,8,19.216,18.41,19.067069341962895,2018-08-22,Ridge,14,2018
2018-08-09,2018,8,19.184,18.294,19.047935540973523,2018-08-23,Ridge,14,2018
2018-08-10,2018,8,19.06,18.28,18.88795308647748,2018-08-24,Ridge,14,2018
2018-08-11,2018,8,18.906,18.26,18.740499754861197,2018-08-25,Ridge,14,2018
2018-08-12,2018,8,18.79,18.26,18.692757605415824,2018-08-26,Ridge,14,2018
2018-08-13,2018,8,18.76,18.27,18.758185800711164,2018-08-27,Ridge,14,2018
2018-08-14,2018,8,18.762,18.27,18.786083062701568,2018-08-28,Ridge,14,2018
2018-08-15,2018,8,18.83,18.29,18.864397646982447,2018-08-29,Ridge,14,2018
2018-08-16,2018,8,18.85,18.362,18.83527259224497,2018-08-30,Ridge,14,2018
2018-08-17,2018,8,18.848,18.474,18.84567419430669,2018-08-31,Ridge,14,2018
2018-08-18,2018,8,18.818,18.63,18.79415552652768,2018-09-01,Ridge,14,2018
2018-08-19,2018,8,18.738,18.694,18.65730615908976,2018-09-02,Ridge,14,2018
2018-08-20,2018,8,18.656,18.714,18.577035036882506,2018-09-03,Ridge,14,2018
2018-08-21,2018,8,18.538,18.854,18.43969002623962,2018-09-04,Ridge,14,2018
2018-08-22,2018,8,18.41,18.906,18.314362601726835,2018-09-05,Ridge,14,2018
2018-08-23,2018,8,18.294,18.866,18.226878159222554,2018-09-06,Ridge,14,2018
2018-08-24,2018,8,18.28,18.85,18.316746529486146,2018-09-07,Ridge,14,2018
2018-08-25,2018,8,18.26,18.82,18.30199126994322,2018-09-08,Ridge,14,2018
2018-08-26,2018,8,18.26,18.73,18.31055985839167,2018-09-09,Ridge,14,2018
2018-08-27,2018,8,18.27,18.642,18.337597818385888,2018-09-10,Ridge,14,2018
2018-08-28,2018,8,18.27,18.722,18.331564078910795,2018-09-11,Ridge,14,2018
2018-08-29,2018,8,18.29,19.06,18.366829408853278,2018-09-12,Ridge,14,2018
2018-08-30,2018,8,18.362,19.256,18.39401254776872,2018-09-13,Ridge,14,2018
2018-08-31,2018,8,18.474,19.28,18.411732345846318,2018-09-14,Ridge,14,2018
2018-09-01,2018,9,18.63,19.4,18.44773776876225,2018-09-15,Ridge,14,2018
2018-09-02,2018,9,18.694,19.504,18.358673301248448,2018-09-16,Ridge,14,2018
2018-09-03,2018,9,18.714,19.558,18.339245443595313,2018-09-17,Ridge,14,2018
2018-09-04,2018,9,18.854,19.558,18.478222556836265,2018-09-18,Ridge,14,2018
2018-09-05,2018,9,18.906,19.586,18.38485807142142,2018-09-19,Ridge,14,2018
2018-09-06,2018,9,18.866,19.54,18.305231917862532,2018-09-20,Ridge,14,2018
2018-09-07,2018,9,18.85,19.302,18.355913600495114,2018-09-21,Ridge,14,2018
2018-09-08,2018,9,18.82,19.098,18.324364166569925,2018-09-22,Ridge,14,2018
2018-09-09,2018,9,18.73,18.694,18.17605646837385,2018-09-23,Ridge,14,2018
2018-09-10,2018,9,18.642,18.364,18.10440722818604,2018-09-24,Ridge,14,2018
2018-09-11,2018,9,18.722,18.082,18.319849584111658,2018-09-25,Ridge,14,2018
2018-09-12,2018,9,19.06,17.994,18.602293562282743,2018-09-26,Ridge,14,2018
2018-09-13,2018,9,19.256,18.144,18.422533074800196,2018-09-27,Ridge,14,2018
2018-09-14,2018,9,19.28,18.276,18.293511060788006,2018-09-28,Ridge,14,2018
2018-09-15,2018,9,19.4,18.288,18.448815039363545,2018-09-29,Ridge,14,2018
2018-09-16,2018,9,19.504,18.182,18.41521239853625,2018-09-30,Ridge,14,2018
2018-09-17,2018,9,19.558,18.054,18.379635513123436,2018-10-01,Ridge,14,2018
2018-09-18,2018,9,19.558,17.942,18.406731450384452,2018-10-02,Ridge,14,2018
2018-09-19,2018,9,19.586,17.862,18.483632595098452,2018-10-03,Ridge,14,2018
2018-09-20,2018,9,19.54,17.782,18.373391750210466,2018-10-04,Ridge,14,2018
2018-09-21,2018,9,19.302,17.606,17.981940630850012,2018-10-05,Ridge,14,2018
2018-09-22,2018,9,19.098,17.488,17.856562463476063,2018-10-06,Ridge,14,2018
2018-09-23,2018,9,18.694,17.344,17.32493023464402,2018-10-07,Ridge,14,2018
2018-09-24,2018,9,18.364,17.208,17.11244140298136,2018-10-08,Ridge,14,2018
2018-09-25,2018,9,18.082,17.078,16.958130857008467,2018-10-09,Ridge,14,2018
2018-09-26,2018,9,17.994,16.894,17.076836204608977,2018-10-10,Ridge,14,2018
2018-09-27,2018,9,18.144,16.69,17.446903305812057,2018-10-11,Ridge,14,2018
2018-09-28,2018,9,18.276,16.56,17.4500627771815,2018-10-12,Ridge,14,2018
2018-09-29,2018,9,18.288,16.41,17.422599068655128,2018-10-13,Ridge,14,2018
2018-09-30,2018,9,18.182,16.272,17.316856956208216,2018-10-14,Ridge,14,2018
2018-10-01,2018,10,18.054,16.18,17.17565829025374,2018-10-15,Ridge,14,2018
2018-10-02,2018,10,17.942,16.074,17.07838974522263,2018-10-16,Ridge,14,2018
2018-10-03,2018,10,17.862,15.976,17.037810958406606,2018-10-17,Ridge,14,2018
2018-10-04,2018,10,17.782,15.882,16.96642442408861,2018-10-18,Ridge,14,2018
2018-10-05,2018,10,17.606,15.872,16.70051072672787,2018-10-19,Ridge,14,2018
2018-10-06,2018,10,17.488,15.97,16.671538786313437,2018-10-20,Ridge,14,2018
2018-10-07,2018,10,17.344,16.004,16.54708928998395,2018-10-21,Ridge,14,2018
2018-10-08,2018,10,17.208,15.892,16.435902085192907,2018-10-22,Ridge,14,2018
2018-10-09,2018,10,17.078,15.73,16.33838421837218,2018-10-23,Ridge,14,2018
2018-10-10,2018,10,16.894,15.526,16.124900997462223,2018-10-24,Ridge,14,2018
2018-10-11,2018,10,16.69,15.402,15.958080653825567,2018-10-25,Ridge,14,2018
2018-10-12,2018,10,16.56,15.408,15.940847107432932,2018-10-26,Ridge,14,2018
2018-10-13,2018,10,16.41,15.406,15.813015164608224,2018-10-27,Ridge,14,2018
2018-10-14,2018,10,16.272,15.262,15.712744847869285,2018-10-28,Ridge,14,2018
2018-10-15,2018,10,16.18,15.134,15.699595317243713,2018-10-29,Ridge,14,2018
2018-10-16,2018,10,16.074,15.036,15.617178134333093,2018-10-30,Ridge,14,2018
2018-10-17,2018,10,15.976,14.956,15.563116706720823,2018-10-31,Ridge,14,2018
2018-10-18,2018,10,15.882,14.87,15.496738438955976,2018-11-01,Ridge,14,2018
2018-10-19,2018,10,15.872,14.81,15.583646316568304,2018-11-02,Ridge,14,2018
2018-10-20,2018,10,15.97,14.724,15.738475628833799,2018-11-03,Ridge,14,2018
2018-10-21,2018,10,16.004,14.688,15.660214906141084,2018-11-04,Ridge,14,2018
2018-10-22,2018,10,15.892,14.596,15.45072425708103,2018-11-05,Ridge,14,2018
2018-10-23,2018,10,15.73,14.514,15.266097222833023,2018-11-06,Ridge,14,2018
2018-10-24,2018,10,15.526,14.494,15.035191886717515,2018-11-07,Ridge,14,2018
2018-10-25,2018,10,15.402,14.54,14.99693117307825,2018-11-08,Ridge,14,2018
2018-10-26,2018,10,15.408,14.51,15.13104802702158,2018-11-09,Ridge,14,2018
2018-10-27,2018,10,15.406,14.472,15.099362675375518,2018-11-10,Ridge,14,2018
2018-10-28,2018,10,15.262,14.44,14.821989030698445,2018-11-11,Ridge,14,2018
2018-10-29,2018,10,15.134,14.47,14.754552274412601,2018-11-12,Ridge,14,2018
2018-10-30,2018,10,15.036,14.5,14.746704768078498,2018-11-13,Ridge,14,2018
2018-10-31,2018,10,14.956,14.498,14.694322799955343,2018-11-14,Ridge,14,2018
2018-11-01,2018,11,14.87,14.406,14.591414168727752,2018-11-15,Ridge,14,2018
2018-11-02,2018,11,14.81,14.3,14.547994781492163,2018-11-16,Ridge,14,2018
2018-11-03,2018,11,14.724,14.238,14.467044366452642,2018-11-17,Ridge,14,2018
2018-11-04,2018,11,14.688,14.186,14.490732239652223,2018-11-18,Ridge,14,2018
2018-11-05,2018,11,14.596,14.132,14.359042041874428,2018-11-19,Ridge,14,2018
2018-11-06,2018,11,14.514,14.078,14.289191507091916,2018-11-20,Ridge,14,2018
2018-11-07,2018,11,14.494,14.056,14.344029021506167,2018-11-21,Ridge,14,2018
2018-11-08,2018,11,14.54,14.05,14.421303756845907,2018-11-22,Ridge,14,2018
2018-11-09,2018,11,14.51,14.072,14.309768134582397,2018-11-23,Ridge,14,2018
2018-11-10,2018,11,14.472,14.15,14.25743533937253,2018-11-24,Ridge,14,2018
2018-11-11,2018,11,14.44,14.196,14.247707008576862,2018-11-25,Ridge,14,2018
2018-11-12,2018,11,14.47,14.154,14.312255918294067,2018-11-26,Ridge,14,2018
2018-11-13,2018,11,14.5,14.044,14.289043546323967,2018-11-27,Ridge,14,2018
2018-11-14,2018,11,14.498,13.95,14.235080820177565,2018-11-28,Ridge,14,2018
2018-11-15,2018,11,14.406,13.88,14.065019685009105,2018-11-29,Ridge,14,2018
2018-11-16,2018,11,14.3,13.84,13.944601589427965,2018-11-30,Ridge,14,2018
2018-11-17,2018,11,14.238,13.836,13.927634622218296,2018-12-01,Ridge,14,2018
2018-11-18,2018,11,14.186,13.798,13.879105623916983,2018-12-02,Ridge,14,2018
2018-11-19,2018,11,14.132,13.746,13.813192181257387,2018-12-03,Ridge,14,2018
2018-11-20,2018,11,14.078,13.73,13.752725325761554,2018-12-04,Ridge,14,2018
2018-11-21,2018,11,14.056,13.676,13.773031859750748,2018-12-05,Ridge,14,2018
2018-11-22,2018,11,14.05,13.63,13.789775265368874,2018-12-06,Ridge,14,2018
2018-11-23,2018,11,14.072,13.58,13.815694791524317,2018-12-07,Ridge,14,2018
2018-11-24,2018,11,14.15,13.57,13.886296443105016,2018-12-08,Ridge,14,2018
2018-11-25,2018,11,14.196,13.522,13.839339809961114,2018-12-09,Ridge,14,2018
2018-11-26,2018,11,14.154,13.474,13.716704115833098,2018-12-10,Ridge,14,2018
2018-11-27,2018,11,14.044,13.456,13.553264952408004,2018-12-11,Ridge,14,2018
2018-11-28,2018,11,13.95,13.418,13.486250234444237,2018-12-12,Ridge,14,2018
2018-11-29,2018,11,13.88,13.372,13.44931296491863,2018-12-13,Ridge,14,2018
2018-11-30,2018,11,13.84,13.34,13.438780194414507,2018-12-14,Ridge,14,2018
2018-12-01,2018,12,13.836,13.312,13.463569813270569,2018-12-15,Ridge,14,2018
2018-12-02,2018,12,13.798,13.268,13.391002878367186,2018-12-16,Ridge,14,2018
2018-12-03,2018,12,13.746,13.246,13.340838082238792,2018-12-17,Ridge,14,2018
2018-12-04,2018,12,13.73,13.21,13.374617853442878,2018-12-18,Ridge,14,2018
2018-12-05,2018,12,13.676,13.202,13.28988192462204,2018-12-19,Ridge,14,2018
2018-12-06,2018,12,13.63,13.16,13.2486673614983,2018-12-20,Ridge,14,2018
2018-12-07,2018,12,13.58,13.15,13.195695987881765,2018-12-21,Ridge,14,2018
2018-12-08,2018,12,13.57,13.15,13.222354271874307,2018-12-22,Ridge,14,2018
2018-12-09,2018,12,13.522,13.14,13.143345687469253,2018-12-23,Ridge,14,2018
2018-12-10,2018,12,13.474,13.14,13.087767618930505,2018-12-24,Ridge,14,2018
2018-12-11,2018,12,13.456,13.116,13.111513535992552,2018-12-25,Ridge,14,2018
2018-12-12,2018,12,13.418,13.11,13.055556492482992,2018-12-26,Ridge,14,2018
2018-12-13,2018,12,13.372,13.11,13.004895377840576,2018-12-27,Ridge,14,2018
2018-12-14,2018,12,13.34,13.11,12.986272677817862,2018-12-28,Ridge,14,2018
2018-12-15,2018,12,13.312,13.1,12.968995749342437,2018-12-29,Ridge,14,2018
2018-12-16,2018,12,13.268,13.08,12.913933042933719,2018-12-30,Ridge,14,2018
2018-12-17,2018,12,13.246,13.02,12.911475799692466,2018-12-31,Ridge,14,2018
2018-12-18,2018,12,13.21,12.982,12.869085974049801,2019-01-01,Ridge,14,2018
2018-12-19,2018,12,13.202,12.934,12.888762745409544,2019-01-02,Ridge,14,2018
2018-12-20,2018,12,13.16,12.92,12.81860059011172,2019-01-03,Ridge,14,2018
2018-12-21,2018,12,13.15,12.902,12.836446660885574,2019-01-04,Ridge,14,2018
2018-12-22,2018,12,13.15,12.88,12.855055926309573,2019-01-05,Ridge,14,2018
2018-12-23,2018,12,13.14,12.844,12.825995595186484,2019-01-06,Ridge,14,2018
2018-12-24,2018,12,13.14,12.814,12.836517822998005,2019-01-07,Ridge,14,2018
2018-12-25,2018,12,13.116,12.786,12.78497492701255,2019-01-08,Ridge,14,2018
2018-12-26,2018,12,13.11,12.764,12.80043302023131,2019-01-09,Ridge,14,2018
2018-12-27,2018,12,13.11,12.736,12.80471948770059,2019-01-10,Ridge,14,2018
2018-12-28,2018,12,13.11,12.72,12.794643906959651,2019-01-11,Ridge,14,2018
2018-12-29,2018,12,13.1,12.704,12.77191617490616,2019-01-12,Ridge,14,2018
2018-12-30,2018,12,13.08,12.676,12.738718523111757,2019-01-13,Ridge,14,2018
2018-12-31,2018,12,13.02,12.654,12.648330313743045,2019-01-14,Ridge,14,2018
2019-01-01,2019,1,12.982,12.636,12.62082170091011,2019-01-15,Ridge,14,2019
2019-01-02,2019,1,12.934,12.604,12.578247497249512,2019-01-16,Ridge,14,2019
2019-01-03,2019,1,12.92,12.594,12.598041923940599,2019-01-17,Ridge,14,2019
2019-01-04,2019,1,12.902,12.574,12.588308560232377,2019-01-18,Ridge,14,2019
2019-01-05,2019,1,12.88,12.57,12.563302046203072,2019-01-19,Ridge,14,2019
2019-01-06,2019,1,12.844,12.542,12.532646514552022,2019-01-20,Ridge,14,2019
2019-01-07,2019,1,12.814,12.504,12.518800504905068,2019-01-21,Ridge,14,2019
2019-01-08,2019,1,12.786,12.486,12.511785685790207,2019-01-22,Ridge,14,2019
2019-01-09,2019,1,12.764,12.456,12.501259975154033,2019-01-23,Ridge,14,2019
2019-01-10,2019,1,12.736,12.436,12.47786687104574,2019-01-24,Ridge,14,2019
2019-01-11,2019,1,12.72,12.408,12.482494608868382,2019-01-25,Ridge,14,2019
2019-01-12,2019,1,12.704,12.364,12.48217236121839,2019-01-26,Ridge,14,2019
2019-01-13,2019,1,12.676,12.352,12.451898102504492,2019-01-27,Ridge,14,2019
2019-01-14,2019,1,12.654,12.35,12.44764841266085,2019-01-28,Ridge,14,2019
2019-01-15,2019,1,12.636,12.344,12.44718157880676,2019-01-29,Ridge,14,2019
2019-01-16,2019,1,12.604,12.326,12.414913315750074,2019-01-30,Ridge,14,2019
2019-01-17,2019,1,12.594,12.32,12.43530378409289,2019-01-31,Ridge,14,2019
2019-01-18,2019,1,12.574,12.304,12.421232410130035,2019-02-01,Ridge,14,2019
2019-01-19,2019,1,12.57,12.276,12.441913204084374,2019-02-02,Ridge,14,2019
2019-01-20,2019,1,12.542,12.264,12.405660624768899,2019-02-03,Ridge,14,2019
2019-01-21,2019,1,12.504,12.26,12.367623395422255,2019-02-04,Ridge,14,2019
2019-01-22,2019,1,12.486,12.246,12.39139964614379,2019-02-05,Ridge,14,2019
2019-01-23,2019,1,12.456,12.234,12.365404117946165,2019-02-06,Ridge,14,2019
2019-01-24,2019,1,12.436,12.228,12.368397435901498,2019-02-07,Ridge,14,2019
2019-01-25,2019,1,12.408,12.21,12.348051556770693,2019-02-08,Ridge,14,2019
2019-01-26,2019,1,12.364,12.208,12.307113557345254,2019-02-09,Ridge,14,2019
2019-01-27,2019,1,12.352,12.186,12.348602471214969,2019-02-10,Ridge,14,2019
2019-01-28,2019,1,12.35,12.174,12.376368084386248,2019-02-11,Ridge,14,2019
2019-01-29,2019,1,12.344,12.166,12.37985258112165,2019-02-12,Ridge,14,2019
2019-01-30,2019,1,12.326,12.15,12.362992360783425,2019-02-13,Ridge,14,2019
2019-01-31,2019,1,12.32,12.146,12.38591078518517,2019-02-14,Ridge,14,2019
2019-02-01,2019,2,12.304,12.142,12.385447057631167,2019-02-15,Ridge,14,2019
2019-02-02,2019,2,12.276,12.13,12.357544582837445,2019-02-16,Ridge,14,2019
2019-02-03,2019,2,12.264,12.12,12.377070664102451,2019-02-17,Ridge,14,2019
2019-02-04,2019,2,12.26,12.12,12.400023388290181,2019-02-18,Ridge,14,2019
2019-02-05,2019,2,12.246,12.12,12.392993919455101,2019-02-19,Ridge,14,2019
2019-02-06,2019,2,12.234,12.156,12.396501268756076,2019-02-20,Ridge,14,2019
2019-02-07,2019,2,12.228,12.17,12.416554210331672,2019-02-21,Ridge,14,2019
2019-02-08,2019,2,12.21,12.156,12.40852298416955,2019-02-22,Ridge,14,2019
2019-02-09,2019,2,12.208,12.14,12.437110038102698,2019-02-23,Ridge,14,2019
2019-02-10,2019,2,12.186,12.144,12.415400510568253,2019-02-24,Ridge,14,2019
2019-02-11,2019,2,12.174,12.144,12.430221480144384,2019-02-25,Ridge,14,2019
2019-02-12,2019,2,12.166,12.162,12.450266981028866,2019-02-26,Ridge,14,2019
2019-02-13,2019,2,12.15,12.212,12.44317832398456,2019-02-27,Ridge,14,2019
2019-02-14,2019,2,12.146,12.286,12.47193871796293,2019-02-28,Ridge,14,2019
2019-02-15,2019,2,12.142,12.31,12.487002068265591,2019-03-01,Ridge,14,2019
2019-02-16,2019,2,12.13,12.28,12.488378083448236,2019-03-02,Ridge,14,2019
2019-02-17,2019,2,12.12,12.26,12.500208450101018,2019-03-03,Ridge,14,2019
2019-02-18,2019,2,12.12,12.26,12.530506925276727,2019-03-04,Ridge,14,2019
2019-02-19,2019,2,12.12,12.27,12.553007071560351,2019-03-05,Ridge,14,2019
2019-02-20,2019,2,12.156,12.38,12.606728839914412,2019-03-06,Ridge,14,2019
2019-02-21,2019,2,12.17,12.5,12.601536981949874,2019-03-07,Ridge,14,2019
2019-02-22,2019,2,12.156,12.6,12.593824997770886,2019-03-08,Ridge,14,2019
2019-02-23,2019,2,12.14,12.66,12.603388564295495,2019-03-09,Ridge,14,2019
2019-02-24,2019,2,12.144,12.69,12.648963405526919,2019-03-10,Ridge,14,2019
2019-02-25,2019,2,12.144,12.65,12.66704590357618,2019-03-11,Ridge,14,2019
2019-02-26,2019,2,12.162,12.6,12.71107222752798,2019-03-12,Ridge,14,2019
2019-02-27,2019,2,12.212,12.57,12.762483687512393,2019-03-13,Ridge,14,2019
2019-02-28,2019,2,12.286,12.56,12.802283505734552,2019-03-14,Ridge,14,2019
2019-03-01,2019,3,12.31,12.56,12.782709263027666,2019-03-15,Ridge,14,2019
2019-03-02,2019,3,12.28,12.55,12.761187453062593,2019-03-16,Ridge,14,2019
2019-03-03,2019,3,12.26,12.53,12.789034260150292,2019-03-17,Ridge,14,2019
2019-03-04,2019,3,12.26,12.51,12.846968641544237,2019-03-18,Ridge,14,2019
2019-03-05,2019,3,12.27,12.47,12.896702646859051,2019-03-19,Ridge,14,2019
2019-03-06,2019,3,12.38,12.44,13.025861892464402,2019-03-20,Ridge,14,2019
2019-03-07,2019,3,12.5,12.42,13.054144147580104,2019-03-21,Ridge,14,2019
2019-03-08,2019,3,12.6,12.42,13.073447106446244,2019-03-22,Ridge,14,2019
2019-03-09,2019,3,12.66,12.414,13.092372057899453,2019-03-23,Ridge,14,2019
2019-03-10,2019,3,12.69,12.502,13.122377399871668,2019-03-24,Ridge,14,2019
2019-03-11,2019,3,12.65,12.648,13.090302716784318,2019-03-25,Ridge,14,2019
2019-03-12,2019,3,12.6,12.748,13.103740643274978,2019-03-26,Ridge,14,2019
2019-03-13,2019,3,12.57,12.808,13.178265240776694,2019-03-27,Ridge,14,2019
2019-03-14,2019,3,12.56,12.81,13.247217577462758,2019-03-28,Ridge,14,2019
2019-03-15,2019,3,12.56,12.814,13.29280443692682,2019-03-29,Ridge,14,2019
2019-03-16,2019,3,12.55,12.842,13.301143188353809,2019-03-30,Ridge,14,2019
2019-03-17,2019,3,12.53,12.796,13.308067464306326,2019-03-31,Ridge,14,2019
2019-03-18,2019,3,12.51,12.79,13.32698580790202,2019-04-01,Ridge,14,2019
2019-03-19,2019,3,12.47,12.836,13.302739609459394,2019-04-02,Ridge,14,2019
2019-03-20,2019,3,12.44,12.878,13.313362645063961,2019-04-03,Ridge,14,2019
2019-03-21,2019,3,12.42,12.946,13.338038555986696,2019-04-04,Ridge,14,2019
2019-03-22,2019,3,12.42,12.988,13.387574522233644,2019-04-05,Ridge,14,2019
2019-03-23,2019,3,12.414,12.99,13.408339785042475,2019-04-06,Ridge,14,2019
2019-03-24,2019,3,12.502,13.034,13.541587114785044,2019-04-07,Ridge,14,2019
2019-03-25,2019,3,12.648,13.046,13.608640225606912,2019-04-08,Ridge,14,2019
2019-03-26,2019,3,12.748,13.158,13.592773122501347,2019-04-09,Ridge,14,2019
2019-03-27,2019,3,12.808,13.33,13.61878912142027,2019-04-10,Ridge,14,2019
2019-03-28,2019,3,12.81,13.458,13.628739303329695,2019-04-11,Ridge,14,2019
2019-03-29,2019,3,12.814,13.464,13.690179651373539,2019-04-12,Ridge,14,2019
2019-03-30,2019,3,12.842,13.394,13.76873207744028,2019-04-13,Ridge,14,2019
2019-03-31,2019,3,12.796,13.32,13.738459114312718,2019-04-14,Ridge,14,2019
2019-04-01,2019,4,12.79,13.294,13.8334127794808,2019-04-15,Ridge,14,2019
2019-04-02,2019,4,12.836,13.292,13.95580284824373,2019-04-16,Ridge,14,2019
2019-04-03,2019,4,12.878,13.348,13.972969060287198,2019-04-17,Ridge,14,2019
2019-04-04,2019,4,12.946,13.352,14.029631550466762,2019-04-18,Ridge,14,2019
2019-04-05,2019,4,12.988,13.362,14.041856630891813,2019-04-19,Ridge,14,2019
2019-04-06,2019,4,12.99,13.4,14.049779714363304,2019-04-20,Ridge,14,2019
2019-04-07,2019,4,13.034,13.462,14.131803197562038,2019-04-21,Ridge,14,2019
2019-04-08,2019,4,13.046,13.514,14.142338608366796,2019-04-22,Ridge,14,2019
2019-04-09,2019,4,13.158,13.54,14.278611766432803,2019-04-23,Ridge,14,2019
2019-04-10,2019,4,13.33,13.562,14.374773281961286,2019-04-24,Ridge,14,2019
2019-04-11,2019,4,13.458,13.628,14.384355684912405,2019-04-25,Ridge,14,2019
2019-04-12,2019,4,13.464,13.786,14.348901544677993,2019-04-26,Ridge,14,2019
2019-04-13,2019,4,13.394,13.992,14.320084213627528,2019-04-27,Ridge,14,2019
2019-04-14,2019,4,13.32,13.92,14.317746162036988,2019-04-28,Ridge,14,2019
2019-04-15,2019,4,13.294,13.904,14.423470174640597,2019-04-29,Ridge,14,2019
2019-04-16,2019,4,13.292,13.862,14.525815005032559,2019-04-30,Ridge,14,2019
2019-04-17,2019,4,13.348,13.824,14.632816852455298,2019-05-01,Ridge,14,2019
2019-04-18,2019,4,13.352,13.908,14.613516770014343,2019-05-02,Ridge,14,2019
2019-04-19,2019,4,13.362,14.162,14.680818933944066,2019-05-03,Ridge,14,2019
2019-04-20,2019,4,13.4,14.46,14.740631665868051,2019-05-04,Ridge,14,2019
2019-04-21,2019,4,13.462,14.72,14.779402161113826,2019-05-05,Ridge,14,2019
2019-04-22,2019,4,13.514,15.0,14.800537508775472,2019-05-06,Ridge,14,2019
2019-04-23,2019,4,13.54,15.5,14.829694058550016,2019-05-07,Ridge,14,2019
2019-04-24,2019,4,13.562,15.932,14.876414757024962,2019-05-08,Ridge,14,2019
2019-04-25,2019,4,13.628,16.124,14.954664319729925,2019-05-09,Ridge,14,2019
2019-04-26,2019,4,13.786,16.268,15.071884849860925,2019-05-10,Ridge,14,2019
2019-04-27,2019,4,13.992,16.364,15.157947420212974,2019-05-11,Ridge,14,2019
2019-04-28,2019,4,13.92,16.478,14.938578107327645,2019-05-12,Ridge,14,2019
2019-04-29,2019,4,13.904,16.496,15.07301934901508,2019-05-13,Ridge,14,2019
2019-04-30,2019,4,13.862,16.356,15.102230620163875,2019-05-14,Ridge,14,2019
2019-05-01,2019,5,13.824,16.252,15.116453068302775,2019-05-15,Ridge,14,2019
2019-05-02,2019,5,13.908,16.37,15.345332346611142,2019-05-16,Ridge,14,2019
2019-05-03,2019,5,14.162,16.72,15.544843818519855,2019-05-17,Ridge,14,2019
2019-05-04,2019,5,14.46,17.118,15.607772692495633,2019-05-18,Ridge,14,2019
2019-05-05,2019,5,14.72,17.306,15.631897497206953,2019-05-19,Ridge,14,2019
2019-05-06,2019,5,15.0,17.172,15.750124738654845,2019-05-20,Ridge,14,2019
2019-05-07,2019,5,15.5,16.902,16.036042310783042,2019-05-21,Ridge,14,2019
2019-05-08,2019,5,15.932,16.704,16.07136339949199,2019-05-22,Ridge,14,2019
2019-05-09,2019,5,16.124,16.56,16.063267461837977,2019-05-23,Ridge,14,2019
2019-05-10,2019,5,16.268,16.438,16.29745130434615,2019-05-24,Ridge,14,2019
2019-05-11,2019,5,16.364,16.476,16.454456799138896,2019-05-25,Ridge,14,2019
2019-05-12,2019,5,16.478,16.62,16.640292224297294,2019-05-26,Ridge,14,2019
2019-05-13,2019,5,16.496,16.742,16.74977817612888,2019-05-27,Ridge,14,2019
2019-05-14,2019,5,16.356,16.706,16.695395486077736,2019-05-28,Ridge,14,2019
2019-05-15,2019,5,16.252,16.64,16.77322053517168,2019-05-29,Ridge,14,2019
2019-05-16,2019,5,16.37,16.544,17.150296404143276,2019-05-30,Ridge,14,2019
2019-05-17,2019,5,16.72,16.56,17.392926858106478,2019-05-31,Ridge,14,2019
2019-05-18,2019,5,17.118,16.58,17.44505255512314,2019-06-01,Ridge,14,2019
2019-05-19,2019,5,17.306,16.576,17.340861796110296,2019-06-02,Ridge,14,2019
2019-05-20,2019,5,17.172,16.548,17.127485838863258,2019-06-03,Ridge,14,2019
2019-05-21,2019,5,16.902,16.422,16.87182725154724,2019-06-04,Ridge,14,2019
2019-05-22,2019,5,16.704,16.222,16.913979129901065,2019-06-05,Ridge,14,2019
2019-05-23,2019,5,16.56,16.152,17.005846820627227,2019-06-06,Ridge,14,2019
2019-05-24,2019,5,16.438,16.03,16.99707067328902,2019-06-07,Ridge,14,2019
2019-05-25,2019,5,16.476,15.9,17.238696848908926,2019-06-08,Ridge,14,2019
2019-05-26,2019,5,16.62,15.832,17.437114067512177,2019-06-09,Ridge,14,2019
2019-05-27,2019,5,16.742,15.784,17.508386492702435,2019-06-10,Ridge,14,2019
2019-05-28,2019,5,16.706,15.89,17.41445617401301,2019-06-11,Ridge,14,2019
2019-05-29,2019,5,16.64,15.942,17.375356288394926,2019-06-12,Ridge,14,2019
2019-05-30,2019,5,16.544,15.982,17.306569204125996,2019-06-13,Ridge,14,2019
2019-05-31,2019,5,16.56,16.136,17.45775705946657,2019-06-14,Ridge,14,2019
2019-06-01,2019,6,16.58,16.408,17.5223004036435,2019-06-15,Ridge,14,2019
2019-06-02,2019,6,16.576,16.744,17.515551441789047,2019-06-16,Ridge,14,2019
2019-06-03,2019,6,16.548,16.956,17.511497491972037,2019-06-17,Ridge,14,2019
2019-06-04,2019,6,16.422,16.99,17.3280459220431,2019-06-18,Ridge,14,2019
2019-06-05,2019,6,16.222,17.012,17.10323774406422,2019-06-19,Ridge,14,2019
2019-06-06,2019,6,16.152,17.15,17.206677132714496,2019-06-20,Ridge,14,2019
2019-06-07,2019,6,16.03,17.032,17.101546271509196,2019-06-21,Ridge,14,2019
2019-06-08,2019,6,15.9,17.266,16.98347293319891,2019-06-22,Ridge,14,2019
2019-06-09,2019,6,15.832,17.604,17.028948766259223,2019-06-23,Ridge,14,2019
2019-06-10,2019,6,15.784,17.718,17.066172827594066,2019-06-24,Ridge,14,2019
2019-06-11,2019,6,15.89,17.672,17.3097193147878,2019-06-25,Ridge,14,2019
2019-06-12,2019,6,15.942,17.522,17.27144632687733,2019-06-26,Ridge,14,2019
2019-06-13,2019,6,15.982,17.914,17.324128978614556,2019-06-27,Ridge,14,2019
2019-06-14,2019,6,16.136,18.242,17.457828041519328,2019-06-28,Ridge,14,2019
2019-06-15,2019,6,16.408,18.308,17.557062082844464,2019-06-29,Ridge,14,2019
2019-06-16,2019,6,16.744,18.404,17.63273559500551,2019-06-30,Ridge,14,2019
2019-06-17,2019,6,16.956,18.428,17.603431197264854,2019-07-01,Ridge,14,2019
2019-06-18,2019,6,16.99,18.54,17.57038749419846,2019-07-02,Ridge,14,2019
2019-06-19,2019,6,17.012,18.66,17.690020804452196,2019-07-03,Ridge,14,2019
2019-06-20,2019,6,17.15,18.656,17.877806067850027,2019-07-04,Ridge,14,2019
2019-06-21,2019,6,17.032,18.486,17.669577031104332,2019-07-05,Ridge,14,2019
2019-06-22,2019,6,17.266,18.284,18.177124834934407,2019-07-06,Ridge,14,2019
2019-06-23,2019,6,17.604,18.162,18.338153715790874,2019-07-07,Ridge,14,2019
2019-06-24,2019,6,17.718,18.224,18.164696528769618,2019-07-08,Ridge,14,2019
2019-06-25,2019,6,17.672,18.354,18.132459092646332,2019-07-09,Ridge,14,2019
2019-06-26,2019,6,17.522,18.658,17.993077932032236,2019-07-10,Ridge,14,2019
2019-06-27,2019,6,17.914,18.998,18.634109324767273,2019-07-11,Ridge,14,2019
2019-06-28,2019,6,18.242,19.434,18.585528917555234,2019-07-12,Ridge,14,2019
2019-06-29,2019,6,18.308,19.956,18.467944907470773,2019-07-13,Ridge,14,2019
2019-06-30,2019,6,18.404,20.352,18.670845085126462,2019-07-14,Ridge,14,2019
2019-07-01,2019,7,18.428,20.718,18.658457908671046,2019-07-15,Ridge,14,2019
2019-07-02,2019,7,18.54,20.918,18.773537855409394,2019-07-16,Ridge,14,2019
2019-07-03,2019,7,18.66,21.108,18.88009169111313,2019-07-17,Ridge,14,2019
2019-07-04,2019,7,18.656,21.156,18.883485154780637,2019-07-18,Ridge,14,2019
2019-07-05,2019,7,18.486,21.07,18.681967155105188,2019-07-19,Ridge,14,2019
2019-07-06,2019,7,18.284,20.834,18.531262614310634,2019-07-20,Ridge,14,2019
2019-07-07,2019,7,18.162,20.548,18.557639081634985,2019-07-21,Ridge,14,2019
2019-07-08,2019,7,18.224,20.16,18.81349732665938,2019-07-22,Ridge,14,2019
2019-07-09,2019,7,18.354,19.898,18.9065929473874,2019-07-23,Ridge,14,2019
2019-07-10,2019,7,18.658,19.872,19.134956133277377,2019-07-24,Ridge,14,2019
2019-07-11,2019,7,18.998,19.988,19.167207909257773,2019-07-25,Ridge,14,2019
2019-07-12,2019,7,19.434,20.028,19.280829961768628,2019-07-26,Ridge,14,2019
2019-07-13,2019,7,19.956,19.842,19.41495737075999,2019-07-27,Ridge,14,2019
2019-07-14,2019,7,20.352,19.682,19.40431889076861,2019-07-28,Ridge,14,2019
2019-07-15,2019,7,20.718,19.574,19.56595590671764,2019-07-29,Ridge,14,2019
2019-07-16,2019,7,20.918,19.458,19.630297588178696,2019-07-30,Ridge,14,2019
2019-07-17,2019,7,21.108,19.27,19.853479384522576,2019-07-31,Ridge,14,2019
2019-07-18,2019,7,21.156,19.074,19.93666556595911,2019-08-01,Ridge,14,2019
2019-07-19,2019,7,21.07,18.96,19.986061561727368,2019-08-02,Ridge,14,2019
2019-07-20,2019,7,20.834,18.936,19.818881722287564,2019-08-03,Ridge,14,2019
2019-07-21,2019,7,20.548,18.932,19.668697185226733,2019-08-04,Ridge,14,2019
2019-07-22,2019,7,20.16,18.924,19.296399366425618,2019-08-05,Ridge,14,2019
2019-07-23,2019,7,19.898,18.916,19.242604956469535,2019-08-06,Ridge,14,2019
2019-07-24,2019,7,19.872,18.872,19.528236832007693,2019-08-07,Ridge,14,2019
2019-07-25,2019,7,19.988,18.832,19.74434853182033,2019-08-08,Ridge,14,2019
2019-07-26,2019,7,20.028,18.76,19.687666570066853,2019-08-09,Ridge,14,2019
2019-07-27,2019,7,19.842,18.718,19.403949134978564,2019-08-10,Ridge,14,2019
2019-07-28,2019,7,19.682,18.65,19.369761096003558,2019-08-11,Ridge,14,2019
2019-07-29,2019,7,19.574,18.512,19.374710450682613,2019-08-12,Ridge,14,2019
2019-07-30,2019,7,19.458,18.456,19.25396396893046,2019-08-13,Ridge,14,2019
2019-07-31,2019,7,19.27,18.366,19.01246148808338,2019-08-14,Ridge,14,2019
2019-08-01,2019,8,19.074,18.306,18.840370230349897,2019-08-15,Ridge,14,2019
2019-08-02,2019,8,18.96,18.292,18.89280285161271,2019-08-16,Ridge,14,2019
2019-08-03,2019,8,18.936,18.188,19.005506272145965,2019-08-17,Ridge,14,2019
2019-08-04,2019,8,18.932,18.132,19.035234203275014,2019-08-18,Ridge,14,2019
2019-08-05,2019,8,18.924,18.138,19.025724947464543,2019-08-19,Ridge,14,2019
2019-08-06,2019,8,18.916,18.108,19.0434686927171,2019-08-20,Ridge,14,2019
2019-08-07,2019,8,18.872,18.036,18.99245808157563,2019-08-21,Ridge,14,2019
2019-08-08,2019,8,18.832,17.972,18.96460047010526,2019-08-22,Ridge,14,2019
2019-08-09,2019,8,18.76,17.832,18.862557727439782,2019-08-23,Ridge,14,2019
2019-08-10,2019,8,18.718,17.728,18.844445979253237,2019-08-24,Ridge,14,2019
2019-08-11,2019,8,18.65,17.62,18.760080980428913,2019-08-25,Ridge,14,2019
2019-08-12,2019,8,18.512,17.682,18.550869751925596,2019-08-26,Ridge,14,2019
2019-08-13,2019,8,18.456,17.58,18.590226930041762,2019-08-27,Ridge,14,2019
2019-08-14,2019,8,18.366,17.418,18.49680213356409,2019-08-28,Ridge,14,2019
2019-08-15,2019,8,18.306,17.314,18.467915609260917,2019-08-29,Ridge,14,2019
2019-08-16,2019,8,18.292,17.15,18.509460657788154,2019-08-30,Ridge,14,2019
2019-08-17,2019,8,18.188,16.992,18.323674906077812,2019-08-31,Ridge,14,2019
2019-08-18,2019,8,18.132,16.926,18.332348777399208,2019-09-01,Ridge,14,2019
2019-08-19,2019,8,18.138,16.916,18.411513222264748,2019-09-02,Ridge,14,2019
2019-08-20,2019,8,18.108,16.888,18.352515927554872,2019-09-03,Ridge,14,2019
2019-08-21,2019,8,18.036,16.816,18.22952971274624,2019-09-04,Ridge,14,2019
2019-08-22,2019,8,17.972,16.794,18.16915135044896,2019-09-05,Ridge,14,2019
2019-08-23,2019,8,17.832,16.848,17.985912046149146,2019-09-06,Ridge,14,2019
2019-08-24,2019,8,17.728,16.85,17.92177807736472,2019-09-07,Ridge,14,2019
2019-08-25,2019,8,17.62,16.852,17.828264886980733,2019-09-08,Ridge,14,2019
2019-08-26,2019,8,17.682,16.93,18.024084108141146,2019-09-09,Ridge,14,2019
2019-08-27,2019,8,17.58,16.982,17.793667801992658,2019-09-10,Ridge,14,2019
2019-08-28,2019,8,17.418,17.002,17.55773483916624,2019-09-11,Ridge,14,2019
2019-08-29,2019,8,17.314,17.028,17.570095650816054,2019-09-12,Ridge,14,2019
2019-08-30,2019,8,17.15,17.14,17.383663351647147,2019-09-13,Ridge,14,2019
2019-08-31,2019,8,16.992,17.408,17.237201994223522,2019-09-14,Ridge,14,2019
2019-09-01,2019,9,16.926,17.814,17.271997304957946,2019-09-15,Ridge,14,2019
2019-09-02,2019,9,16.916,18.138,17.348511684244787,2019-09-16,Ridge,14,2019
2019-09-03,2019,9,16.888,18.27,17.31709698695005,2019-09-17,Ridge,14,2019
2019-09-04,2019,9,16.816,18.372,17.19354929031748,2019-09-18,Ridge,14,2019
2019-09-05,2019,9,16.794,18.598,17.240766059162677,2019-09-19,Ridge,14,2019
2019-09-06,2019,9,16.848,18.67,17.35687765163288,2019-09-20,Ridge,14,2019
2019-09-07,2019,9,16.85,18.716,17.276993982147665,2019-09-21,Ridge,14,2019
2019-09-08,2019,9,16.852,18.778,17.26640448097696,2019-09-22,Ridge,14,2019
2019-09-09,2019,9,16.93,18.808,17.33050324466127,2019-09-23,Ridge,14,2019
2019-09-10,2019,9,16.982,18.73,17.272779167880145,2019-09-24,Ridge,14,2019
2019-09-11,2019,9,17.002,18.614,17.230925885526627,2019-09-25,Ridge,14,2019
2019-09-12,2019,9,17.028,18.608,17.24557118127086,2019-09-26,Ridge,14,2019
2019-09-13,2019,9,17.14,18.7,17.30796707224215,2019-09-27,Ridge,14,2019
2019-09-14,2019,9,17.408,18.646,17.418408361165213,2019-09-28,Ridge,14,2019
2019-09-15,2019,9,17.814,18.524,17.532532889245985,2019-09-29,Ridge,14,2019
2019-09-16,2019,9,18.138,18.51,17.487572824356274,2019-09-30,Ridge,14,2019
2019-09-17,2019,9,18.27,18.632,17.402006697217548,2019-10-01,Ridge,14,2019
2019-09-18,2019,9,18.372,18.482,17.489881919135897,2019-10-02,Ridge,14,2019
2019-09-19,2019,9,18.598,18.24,17.673359666668738,2019-10-03,Ridge,14,2019
2019-09-20,2019,9,18.67,18.024,17.606596386677225,2019-10-04,Ridge,14,2019
2019-09-21,2019,9,18.716,17.814,17.743939098765345,2019-10-05,Ridge,14,2019
2019-09-22,2019,9,18.778,17.632,17.881660310302415,2019-10-06,Ridge,14,2019
2019-09-23,2019,9,18.808,17.446,17.894544855277935,2019-10-07,Ridge,14,2019
2019-09-24,2019,9,18.73,17.32,17.775920936601256,2019-10-08,Ridge,14,2019
2019-09-25,2019,9,18.614,17.244,17.693671316169517,2019-10-09,Ridge,14,2019
2019-09-26,2019,9,18.608,17.192,17.817332330485215,2019-10-10,Ridge,14,2019
2019-09-27,2019,9,18.7,17.094,17.939006299913892,2019-10-11,Ridge,14,2019
2019-09-28,2019,9,18.646,16.95,17.7360096918633,2019-10-12,Ridge,14,2019
2019-09-29,2019,9,18.524,16.83,17.549297427758788,2019-10-13,Ridge,14,2019
2019-09-30,2019,9,18.51,16.81,17.663823949728204,2019-10-14,Ridge,14,2019
2019-10-01,2019,10,18.632,16.852,17.825779886131,2019-10-15,Ridge,14,2019
2019-10-02,2019,10,18.482,16.874,17.425316210129775,2019-10-16,Ridge,14,2019
2019-10-03,2019,10,18.24,16.826,17.083490712161158,2019-10-17,Ridge,14,2019
2019-10-04,2019,10,18.024,16.66,16.96328002749801,2019-10-18,Ridge,14,2019
2019-10-05,2019,10,17.814,16.422,16.792161477253277,2019-10-19,Ridge,14,2019
2019-10-06,2019,10,17.632,16.202,16.650551070583827,2019-10-20,Ridge,14,2019
2019-10-07,2019,10,17.446,16.042,16.4809220650025,2019-10-21,Ridge,14,2019
2019-10-08,2019,10,17.32,15.882,16.466099795399636,2019-10-22,Ridge,14,2019
2019-10-09,2019,10,17.244,15.73,16.49871389478591,2019-10-23,Ridge,14,2019
2019-10-10,2019,10,17.192,15.62,16.49604327233589,2019-10-24,Ridge,14,2019
2019-10-11,2019,10,17.094,15.532,16.376392814210575,2019-10-25,Ridge,14,2019
2019-10-12,2019,10,16.95,15.518,16.206737102875092,2019-10-26,Ridge,14,2019
2019-10-13,2019,10,16.83,15.466,16.148589001835823,2019-10-27,Ridge,14,2019
2019-10-14,2019,10,16.81,15.538,16.245988679210452,2019-10-28,Ridge,14,2019
2019-10-15,2019,10,16.852,15.614,16.323393562865046,2019-10-29,Ridge,14,2019
2019-10-16,2019,10,16.874,15.676,16.272329755934614,2019-10-30,Ridge,14,2019
2019-10-17,2019,10,16.826,15.646,16.176649507229236,2019-10-31,Ridge,14,2019
2019-10-18,2019,10,16.66,15.642,15.914282579154198,2019-11-01,Ridge,14,2019
2019-10-19,2019,10,16.422,15.702,15.62204130489048,2019-11-02,Ridge,14,2019
2019-10-20,2019,10,16.202,15.664,15.44372035151889,2019-11-03,Ridge,14,2019
2019-10-21,2019,10,16.042,15.57,15.375194950280573,2019-11-04,Ridge,14,2019
2019-10-22,2019,10,15.882,15.4,15.237494128591948,2019-11-05,Ridge,14,2019
2019-10-23,2019,10,15.73,15.264,15.10918386304504,2019-11-06,Ridge,14,2019
2019-10-24,2019,10,15.62,15.17,15.085743379902262,2019-11-07,Ridge,14,2019
2019-10-25,2019,10,15.532,15.072,15.070619240474135,2019-11-08,Ridge,14,2019
2019-10-26,2019,10,15.518,14.98,15.153185669547115,2019-11-09,Ridge,14,2019
2019-10-27,2019,10,15.466,14.892,15.079247947360022,2019-11-10,Ridge,14,2019
2019-10-28,2019,10,15.538,14.83,15.225472738461079,2019-11-11,Ridge,14,2019
2019-10-29,2019,10,15.614,14.728,15.245104130720929,2019-11-12,Ridge,14,2019
2019-10-30,2019,10,15.676,14.64,15.2270135701033,2019-11-13,Ridge,14,2019
2019-10-31,2019,10,15.646,14.58,15.117932424661289,2019-11-14,Ridge,14,2019
2019-11-01,2019,11,15.642,14.522,15.124616623220877,2019-11-15,Ridge,14,2019
2019-11-02,2019,11,15.702,14.476,15.18392006629676,2019-11-16,Ridge,14,2019
2019-11-03,2019,11,15.664,14.422,15.056113492835745,2019-11-17,Ridge,14,2019
2019-11-04,2019,11,15.57,14.382,14.926801926417285,2019-11-18,Ridge,14,2019
2019-11-05,2019,11,15.4,14.352,14.696248449801256,2019-11-19,Ridge,14,2019
2019-11-06,2019,11,15.264,14.288,14.605312432407136,2019-11-20,Ridge,14,2019
2019-11-07,2019,11,15.17,14.256,14.572956149053645,2019-11-21,Ridge,14,2019
2019-11-08,2019,11,15.072,14.222,14.472381357642025,2019-11-22,Ridge,14,2019
2019-11-09,2019,11,14.98,14.19,14.39373161596245,2019-11-23,Ridge,14,2019
2019-11-10,2019,11,14.892,14.18,14.329515667241239,2019-11-24,Ridge,14,2019
2019-11-11,2019,11,14.83,14.18,14.32440427420661,2019-11-25,Ridge,14,2019
2019-11-12,2019,11,14.728,14.17,14.203713601176803,2019-11-26,Ridge,14,2019
2019-11-13,2019,11,14.64,14.16,14.134205929690657,2019-11-27,Ridge,14,2019
2019-11-14,2019,11,14.58,14.106,14.124003153655607,2019-11-28,Ridge,14,2019
2019-11-15,2019,11,14.522,14.04,14.07815855180138,2019-11-29,Ridge,14,2019
2019-11-16,2019,11,14.476,13.992,14.048072944315553,2019-11-30,Ridge,14,2019
2019-11-17,2019,11,14.422,13.938,13.987116226826622,2019-12-01,Ridge,14,2019
2019-11-18,2019,11,14.382,13.89,13.96975244084449,2019-12-02,Ridge,14,2019
2019-11-19,2019,11,14.352,13.862,13.956326008452,2019-12-03,Ridge,14,2019
2019-11-20,2019,11,14.288,13.824,13.855780443261486,2019-12-04,Ridge,14,2019
2019-11-21,2019,11,14.256,13.806,13.851957264943806,2019-12-05,Ridge,14,2019
2019-11-22,2019,11,14.222,13.768,13.821551489160383,2019-12-06,Ridge,14,2019
2019-11-23,2019,11,14.19,13.746,13.785178191743338,2019-12-07,Ridge,14,2019
2019-11-24,2019,11,14.18,13.714,13.790978323260893,2019-12-08,Ridge,14,2019
2019-11-25,2019,11,14.18,13.688,13.79104451045045,2019-12-09,Ridge,14,2019
2019-11-26,2019,11,14.17,13.652,13.766674029948254,2019-12-10,Ridge,14,2019
2019-11-27,2019,11,14.16,13.616,13.742355276442368,2019-12-11,Ridge,14,2019
2019-11-28,2019,11,14.106,13.568,13.639031548847969,2019-12-12,Ridge,14,2019
2019-11-29,2019,11,14.04,13.546,13.556864542618229,2019-12-13,Ridge,14,2019
2019-11-30,2019,11,13.992,13.514,13.52824749457207,2019-12-14,Ridge,14,2019
2019-12-01,2019,12,13.938,13.49,13.46676002322011,2019-12-15,Ridge,14,2019
2019-12-02,2019,12,13.89,13.446,13.420169358667751,2019-12-16,Ridge,14,2019
2019-12-03,2019,12,13.862,13.412,13.409094457858341,2019-12-17,Ridge,14,2019
2019-12-04,2019,12,13.824,13.386,13.367987313937231,2019-12-18,Ridge,14,2019
2019-12-05,2019,12,13.806,13.352,13.37047886949371,2019-12-19,Ridge,14,2019
2019-12-06,2019,12,13.768,13.33,13.315772265594383,2019-12-20,Ridge,14,2019
2019-12-07,2019,12,13.746,13.296,13.30697424804466,2019-12-21,Ridge,14,2019
2019-12-08,2019,12,13.714,13.274,13.271262632319505,2019-12-22,Ridge,14,2019
2019-12-09,2019,12,13.688,13.256,13.243929874507876,2019-12-23,Ridge,14,2019
2019-12-10,2019,12,13.652,13.24,13.202198119823391,2019-12-24,Ridge,14,2019
2019-12-11,2019,12,13.616,13.226,13.160763270313952,2019-12-25,Ridge,14,2019
2019-12-12,2019,12,13.568,13.22,13.107697614906186,2019-12-26,Ridge,14,2019
2019-12-13,2019,12,13.546,13.208,13.108904432280983,2019-12-27,Ridge,14,2019
2019-12-14,2019,12,13.514,13.158,13.074185295986144,2019-12-28,Ridge,14,2019
2019-12-15,2019,12,13.49,13.146,13.052702116407385,2019-12-29,Ridge,14,2019
2019-12-16,2019,12,13.446,13.126,12.995441479019657,2019-12-30,Ridge,14,2019
2019-12-17,2019,12,13.412,13.104,12.97234868176054,2019-12-31,Ridge,14,2019
2019-12-18,2019,12,13.386,13.086,12.966036110281802,2020-01-01,Ridge,14,2019
2019-12-19,2019,12,13.352,13.054,12.922906512087298,2020-01-02,Ridge,14,2019
2019-12-20,2019,12,13.33,13.04,12.915276923317483,2020-01-03,Ridge,14,2019
2019-12-21,2019,12,13.296,13.024,12.87342738663697,2020-01-04,Ridge,14,2019
2019-12-22,2019,12,13.274,13.002,12.867868478000553,2020-01-05,Ridge,14,2019
2019-12-23,2019,12,13.256,12.966,12.860370691389594,2020-01-06,Ridge,14,2019
2019-12-24,2019,12,13.24,12.944,12.845889072199592,2020-01-07,Ridge,14,2019
2019-12-25,2019,12,13.226,12.94,12.837561869296428,2020-01-08,Ridge,14,2019
2019-12-26,2019,12,13.22,12.94,12.838589497717003,2020-01-09,Ridge,14,2019
2019-12-27,2019,12,13.208,12.93,12.824818864843776,2020-01-10,Ridge,14,2019
2019-12-28,2019,12,13.158,12.93,12.73746962637208,2020-01-11,Ridge,14,2019
2019-12-29,2019,12,13.146,12.914,12.76458583608223,2020-01-12,Ridge,14,2019
2019-12-30,2019,12,13.126,12.9,12.750351469952216,2020-01-13,Ridge,14,2019
2019-12-31,2019,12,13.104,12.9,12.72273740925343,2020-01-14,Ridge,14,2019
