Date,Year,Month,WL,y_true,y_pred,Target_Date,Model,Horizon,Fold_Year
2008-01-08,2008,1,13.76,13.72,13.700000000000001,2008-01-11,Persistence+Trend,3,2008
2008-01-09,2008,1,13.74,13.71,13.680000000000001,2008-01-12,Persistence+Trend,3,2008
2008-01-10,2008,1,13.73,13.699,13.700000000000001,2008-01-13,Persistence+Trend,3,2008
2008-01-11,2008,1,13.72,13.67,13.690000000000001,2008-01-14,Persistence+Trend,3,2008
2008-01-12,2008,1,13.71,13.65,13.680000000000001,2008-01-15,Persistence+Trend,3,2008
2008-01-13,2008,1,13.699,13.63,13.665999999999997,2008-01-16,Persistence+Trend,3,2008
2008-01-14,2008,1,13.67,13.62,13.583,2008-01-17,Persistence+Trend,3,2008
2008-01-15,2008,1,13.65,13.61,13.590000000000002,2008-01-18,Persistence+Trend,3,2008
2008-01-16,2008,1,13.63,13.6,13.570000000000002,2008-01-19,Persistence+Trend,3,2008
2008-01-17,2008,1,13.62,13.59,13.589999999999995,2008-01-20,Persistence+Trend,3,2008
2008-01-18,2008,1,13.61,13.58,13.58,2008-01-21,Persistence+Trend,3,2008
2008-01-19,2008,1,13.6,13.57,13.57,2008-01-22,Persistence+Trend,3,2008
2008-01-20,2008,1,13.59,13.56,13.56,2008-01-23,Persistence+Trend,3,2008
2008-01-21,2008,1,13.58,13.56,13.55,2008-01-24,Persistence+Trend,3,2008
2008-01-22,2008,1,13.57,13.55,13.540000000000001,2008-01-25,Persistence+Trend,3,2008
2008-01-23,2008,1,13.56,13.55,13.530000000000001,2008-01-26,Persistence+Trend,3,2008
2008-01-24,2008,1,13.56,13.55,13.56,2008-01-27,Persistence+Trend,3,2008
2008-01-25,2008,1,13.55,13.58,13.520000000000001,2008-01-28,Persistence+Trend,3,2008
2008-01-26,2008,1,13.55,13.62,13.55,2008-01-29,Persistence+Trend,3,2008
2008-01-27,2008,1,13.55,13.66,13.55,2008-01-30,Persistence+Trend,3,2008
2008-01-28,2008,1,13.58,13.67,13.669999999999998,2008-01-31,Persistence+Trend,3,2008
2008-01-29,2008,1,13.62,13.66,13.739999999999997,2008-02-01,Persistence+Trend,3,2008
2008-01-30,2008,1,13.66,13.63,13.780000000000003,2008-02-02,Persistence+Trend,3,2008
2008-01-31,2008,1,13.67,13.61,13.7,2008-02-03,Persistence+Trend,3,2008
2008-02-01,2008,2,13.66,13.61,13.63,2008-02-04,Persistence+Trend,3,2008
2008-02-02,2008,2,13.63,13.61,13.540000000000003,2008-02-05,Persistence+Trend,3,2008
2008-02-03,2008,2,13.61,13.62,13.549999999999995,2008-02-06,Persistence+Trend,3,2008
2008-02-04,2008,2,13.61,13.63,13.61,2008-02-07,Persistence+Trend,3,2008
2008-02-05,2008,2,13.61,13.62,13.61,2008-02-08,Persistence+Trend,3,2008
2008-02-06,2008,2,13.62,13.59,13.649999999999999,2008-02-09,Persistence+Trend,3,2008
2008-02-07,2008,2,13.63,13.57,13.660000000000005,2008-02-10,Persistence+Trend,3,2008
2008-02-08,2008,2,13.62,13.55,13.589999999999995,2008-02-11,Persistence+Trend,3,2008
2008-02-09,2008,2,13.59,13.52,13.500000000000002,2008-02-12,Persistence+Trend,3,2008
2008-02-10,2008,2,13.57,13.5,13.510000000000002,2008-02-13,Persistence+Trend,3,2008
2008-02-11,2008,2,13.55,13.47,13.490000000000002,2008-02-14,Persistence+Trend,3,2008
2008-02-12,2008,2,13.52,13.46,13.429999999999996,2008-02-15,Persistence+Trend,3,2008
2008-02-13,2008,2,13.5,13.45,13.440000000000001,2008-02-16,Persistence+Trend,3,2008
2008-02-14,2008,2,13.47,13.44,13.380000000000003,2008-02-17,Persistence+Trend,3,2008
2008-02-15,2008,2,13.46,13.47,13.430000000000001,2008-02-18,Persistence+Trend,3,2008
2008-02-16,2008,2,13.45,13.51,13.419999999999995,2008-02-19,Persistence+Trend,3,2008
2008-02-17,2008,2,13.44,13.53,13.41,2008-02-20,Persistence+Trend,3,2008
2008-02-18,2008,2,13.47,13.54,13.560000000000004,2008-02-21,Persistence+Trend,3,2008
2008-02-19,2008,2,13.51,13.53,13.629999999999997,2008-02-22,Persistence+Trend,3,2008
2008-02-20,2008,2,13.53,13.51,13.589999999999998,2008-02-23,Persistence+Trend,3,2008
2008-02-21,2008,2,13.54,13.48,13.569999999999999,2008-02-24,Persistence+Trend,3,2008
2008-02-22,2008,2,13.53,13.45,13.5,2008-02-25,Persistence+Trend,3,2008
2008-02-23,2008,2,13.51,13.44,13.450000000000001,2008-02-26,Persistence+Trend,3,2008
2008-02-24,2008,2,13.48,13.43,13.390000000000002,2008-02-27,Persistence+Trend,3,2008
2008-02-25,2008,2,13.45,13.43,13.359999999999996,2008-02-28,Persistence+Trend,3,2008
2008-02-26,2008,2,13.44,13.43,13.41,2008-02-29,Persistence+Trend,3,2008
2008-02-27,2008,2,13.43,13.42,13.4,2008-03-01,Persistence+Trend,3,2008
2008-02-28,2008,2,13.43,13.41,13.43,2008-03-02,Persistence+Trend,3,2008
2008-02-29,2008,2,13.43,13.4,13.43,2008-03-03,Persistence+Trend,3,2008
2008-03-01,2008,3,13.42,13.41,13.39,2008-03-04,Persistence+Trend,3,2008
2008-03-02,2008,3,13.41,13.4,13.38,2008-03-05,Persistence+Trend,3,2008
2008-03-03,2008,3,13.4,13.43,13.370000000000001,2008-03-06,Persistence+Trend,3,2008
2008-03-04,2008,3,13.41,13.46,13.44,2008-03-07,Persistence+Trend,3,2008
2008-03-05,2008,3,13.4,13.45,13.370000000000001,2008-03-08,Persistence+Trend,3,2008
2008-03-06,2008,3,13.43,13.44,13.519999999999998,2008-03-09,Persistence+Trend,3,2008
2008-03-07,2008,3,13.46,13.42,13.550000000000004,2008-03-10,Persistence+Trend,3,2008
2008-03-08,2008,3,13.45,13.4,13.419999999999995,2008-03-11,Persistence+Trend,3,2008
2008-03-09,2008,3,13.44,13.39,13.41,2008-03-12,Persistence+Trend,3,2008
2008-03-10,2008,3,13.42,13.39,13.360000000000001,2008-03-13,Persistence+Trend,3,2008
2008-03-11,2008,3,13.4,13.39,13.340000000000002,2008-03-14,Persistence+Trend,3,2008
2008-03-12,2008,3,13.39,13.39,13.360000000000001,2008-03-15,Persistence+Trend,3,2008
2008-03-13,2008,3,13.39,13.39,13.39,2008-03-16,Persistence+Trend,3,2008
2008-03-14,2008,3,13.39,13.4,13.39,2008-03-17,Persistence+Trend,3,2008
2008-03-15,2008,3,13.39,13.42,13.39,2008-03-18,Persistence+Trend,3,2008
2008-03-16,2008,3,13.39,13.44,13.39,2008-03-19,Persistence+Trend,3,2008
2008-03-17,2008,3,13.4,13.46,13.43,2008-03-20,Persistence+Trend,3,2008
2008-03-18,2008,3,13.42,13.54,13.479999999999999,2008-03-21,Persistence+Trend,3,2008
2008-03-19,2008,3,13.44,13.66,13.499999999999998,2008-03-22,Persistence+Trend,3,2008
2008-03-20,2008,3,13.46,13.81,13.520000000000005,2008-03-23,Persistence+Trend,3,2008
2008-03-21,2008,3,13.54,13.91,13.779999999999994,2008-03-24,Persistence+Trend,3,2008
2008-03-22,2008,3,13.66,13.93,14.020000000000003,2008-03-25,Persistence+Trend,3,2008
2008-03-23,2008,3,13.81,13.93,14.260000000000002,2008-03-26,Persistence+Trend,3,2008
2008-03-24,2008,3,13.91,13.92,14.209999999999999,2008-03-27,Persistence+Trend,3,2008
2008-03-25,2008,3,13.93,13.94,13.989999999999998,2008-03-28,Persistence+Trend,3,2008
2008-03-26,2008,3,13.93,13.98,13.93,2008-03-29,Persistence+Trend,3,2008
2008-03-27,2008,3,13.92,14.05,13.89,2008-03-30,Persistence+Trend,3,2008
2008-03-28,2008,3,13.94,14.07,13.999999999999998,2008-03-31,Persistence+Trend,3,2008
2008-03-29,2008,3,13.98,14.09,14.100000000000003,2008-04-01,Persistence+Trend,3,2008
2008-03-30,2008,3,14.05,14.15,14.260000000000002,2008-04-02,Persistence+Trend,3,2008
2008-03-31,2008,3,14.07,14.2,14.129999999999999,2008-04-03,Persistence+Trend,3,2008
2008-04-01,2008,4,14.09,14.31,14.149999999999999,2008-04-04,Persistence+Trend,3,2008
2008-04-02,2008,4,14.15,14.53,14.330000000000002,2008-04-05,Persistence+Trend,3,2008
2008-04-03,2008,4,14.2,14.66,14.349999999999996,2008-04-06,Persistence+Trend,3,2008
2008-04-04,2008,4,14.31,14.67,14.640000000000004,2008-04-07,Persistence+Trend,3,2008
2008-04-05,2008,4,14.53,14.66,15.189999999999996,2008-04-08,Persistence+Trend,3,2008
2008-04-06,2008,4,14.66,14.6,15.050000000000002,2008-04-09,Persistence+Trend,3,2008
2008-04-07,2008,4,14.67,14.51,14.7,2008-04-10,Persistence+Trend,3,2008
2008-04-08,2008,4,14.66,14.46,14.63,2008-04-11,Persistence+Trend,3,2008
2008-04-09,2008,4,14.6,14.41,14.419999999999998,2008-04-12,Persistence+Trend,3,2008
2008-04-10,2008,4,14.51,14.38,14.24,2008-04-13,Persistence+Trend,3,2008
2008-04-11,2008,4,14.46,14.34,14.310000000000004,2008-04-14,Persistence+Trend,3,2008
2008-04-12,2008,4,14.41,14.27,14.259999999999998,2008-04-15,Persistence+Trend,3,2008
2008-04-13,2008,4,14.38,14.23,14.290000000000003,2008-04-16,Persistence+Trend,3,2008
2008-04-14,2008,4,14.34,14.23,14.219999999999997,2008-04-17,Persistence+Trend,3,2008
2008-04-15,2008,4,14.27,14.22,14.059999999999999,2008-04-18,Persistence+Trend,3,2008
2008-04-16,2008,4,14.23,14.28,14.110000000000003,2008-04-19,Persistence+Trend,3,2008
2008-04-17,2008,4,14.23,14.33,14.23,2008-04-20,Persistence+Trend,3,2008
2008-04-18,2008,4,14.22,14.41,14.190000000000001,2008-04-21,Persistence+Trend,3,2008
2008-04-19,2008,4,14.28,14.47,14.459999999999996,2008-04-22,Persistence+Trend,3,2008
2008-04-20,2008,4,14.33,14.52,14.480000000000002,2008-04-23,Persistence+Trend,3,2008
2008-04-21,2008,4,14.41,14.61,14.65,2008-04-24,Persistence+Trend,3,2008
2008-04-22,2008,4,14.47,14.87,14.650000000000002,2008-04-25,Persistence+Trend,3,2008
2008-04-23,2008,4,14.52,15.05,14.669999999999996,2008-04-26,Persistence+Trend,3,2008
2008-04-24,2008,4,14.61,15.06,14.879999999999999,2008-04-27,Persistence+Trend,3,2008
2008-04-25,2008,4,14.87,15.02,15.649999999999999,2008-04-28,Persistence+Trend,3,2008
2008-04-26,2008,4,15.05,14.99,15.590000000000005,2008-04-29,Persistence+Trend,3,2008
2008-04-27,2008,4,15.06,15.01,15.09,2008-04-30,Persistence+Trend,3,2008
2008-04-28,2008,4,15.02,15.01,14.899999999999997,2008-05-01,Persistence+Trend,3,2008
2008-04-29,2008,4,14.99,15.04,14.900000000000002,2008-05-02,Persistence+Trend,3,2008
2008-04-30,2008,4,15.01,15.31,15.069999999999999,2008-05-03,Persistence+Trend,3,2008
2008-05-01,2008,5,15.01,15.79,15.01,2008-05-04,Persistence+Trend,3,2008
2008-05-02,2008,5,15.04,15.93,15.129999999999997,2008-05-05,Persistence+Trend,3,2008
2008-05-03,2008,5,15.31,15.93,16.120000000000005,2008-05-06,Persistence+Trend,3,2008
2008-05-04,2008,5,15.79,15.92,17.229999999999997,2008-05-07,Persistence+Trend,3,2008
2008-05-05,2008,5,15.93,15.69,16.35,2008-05-08,Persistence+Trend,3,2008
2008-05-06,2008,5,15.93,15.61,15.93,2008-05-09,Persistence+Trend,3,2008
2008-05-07,2008,5,15.92,15.53,15.89,2008-05-10,Persistence+Trend,3,2008
2008-05-08,2008,5,15.69,15.51,14.999999999999998,2008-05-11,Persistence+Trend,3,2008
2008-05-09,2008,5,15.61,15.47,15.37,2008-05-12,Persistence+Trend,3,2008
2008-05-10,2008,5,15.53,15.4,15.29,2008-05-13,Persistence+Trend,3,2008
2008-05-11,2008,5,15.51,15.36,15.450000000000001,2008-05-14,Persistence+Trend,3,2008
2008-05-12,2008,5,15.47,15.35,15.350000000000003,2008-05-15,Persistence+Trend,3,2008
2008-05-13,2008,5,15.4,15.33,15.19,2008-05-16,Persistence+Trend,3,2008
2008-05-14,2008,5,15.36,15.31,15.239999999999997,2008-05-17,Persistence+Trend,3,2008
2008-05-15,2008,5,15.35,15.3,15.32,2008-05-18,Persistence+Trend,3,2008
2008-05-16,2008,5,15.33,15.23,15.270000000000001,2008-05-19,Persistence+Trend,3,2008
2008-05-17,2008,5,15.31,15.23,15.250000000000002,2008-05-20,Persistence+Trend,3,2008
2008-05-18,2008,5,15.3,15.26,15.270000000000001,2008-05-21,Persistence+Trend,3,2008
2008-05-19,2008,5,15.23,15.31,15.02,2008-05-22,Persistence+Trend,3,2008
2008-05-20,2008,5,15.23,15.36,15.23,2008-05-23,Persistence+Trend,3,2008
2008-05-21,2008,5,15.26,15.49,15.349999999999998,2008-05-24,Persistence+Trend,3,2008
2008-05-22,2008,5,15.31,15.6,15.460000000000003,2008-05-25,Persistence+Trend,3,2008
2008-05-23,2008,5,15.36,15.81,15.509999999999996,2008-05-26,Persistence+Trend,3,2008
2008-05-24,2008,5,15.49,15.88,15.880000000000003,2008-05-27,Persistence+Trend,3,2008
2008-05-25,2008,5,15.6,15.88,15.929999999999998,2008-05-28,Persistence+Trend,3,2008
2008-05-26,2008,5,15.81,15.85,16.440000000000005,2008-05-29,Persistence+Trend,3,2008
2008-05-27,2008,5,15.88,15.71,16.090000000000003,2008-05-30,Persistence+Trend,3,2008
2008-05-28,2008,5,15.88,15.77,15.88,2008-05-31,Persistence+Trend,3,2008
2008-05-29,2008,5,15.85,15.86,15.759999999999996,2008-06-01,Persistence+Trend,3,2008
2008-05-30,2008,5,15.71,16.05,15.290000000000004,2008-06-02,Persistence+Trend,3,2008
2008-05-31,2008,5,15.77,16.23,15.949999999999996,2008-06-03,Persistence+Trend,3,2008
2008-06-01,2008,6,15.86,16.41,16.13,2008-06-04,Persistence+Trend,3,2008
2008-06-02,2008,6,16.05,16.61,16.620000000000005,2008-06-05,Persistence+Trend,3,2008
2008-06-03,2008,6,16.23,16.72,16.77,2008-06-06,Persistence+Trend,3,2008
2008-06-04,2008,6,16.41,16.73,16.95,2008-06-07,Persistence+Trend,3,2008
2008-06-05,2008,6,16.61,16.72,17.209999999999997,2008-06-08,Persistence+Trend,3,2008
2008-06-06,2008,6,16.72,16.58,17.049999999999997,2008-06-09,Persistence+Trend,3,2008
2008-06-07,2008,6,16.73,16.53,16.760000000000005,2008-06-10,Persistence+Trend,3,2008
2008-06-08,2008,6,16.72,16.46,16.689999999999994,2008-06-11,Persistence+Trend,3,2008
2008-06-09,2008,6,16.58,16.6,16.159999999999997,2008-06-12,Persistence+Trend,3,2008
2008-06-10,2008,6,16.53,16.7,16.38000000000001,2008-06-13,Persistence+Trend,3,2008
2008-06-11,2008,6,16.46,16.86,16.25,2008-06-14,Persistence+Trend,3,2008
2008-06-12,2008,6,16.6,17.16,17.020000000000003,2008-06-15,Persistence+Trend,3,2008
2008-06-13,2008,6,16.7,17.51,16.999999999999993,2008-06-16,Persistence+Trend,3,2008
2008-06-14,2008,6,16.86,17.74,17.34,2008-06-17,Persistence+Trend,3,2008
2008-06-15,2008,6,17.16,17.93,18.060000000000002,2008-06-18,Persistence+Trend,3,2008
2008-06-16,2008,6,17.51,18.03,18.560000000000006,2008-06-19,Persistence+Trend,3,2008
2008-06-17,2008,6,17.74,18.14,18.42999999999999,2008-06-20,Persistence+Trend,3,2008
2008-06-18,2008,6,17.93,18.17,18.500000000000004,2008-06-21,Persistence+Trend,3,2008
2008-06-19,2008,6,18.03,18.22,18.330000000000005,2008-06-22,Persistence+Trend,3,2008
2008-06-20,2008,6,18.14,18.06,18.47,2008-06-23,Persistence+Trend,3,2008
2008-06-21,2008,6,18.17,18.05,18.260000000000005,2008-06-24,Persistence+Trend,3,2008
2008-06-22,2008,6,18.22,18.09,18.36999999999999,2008-06-25,Persistence+Trend,3,2008
2008-06-23,2008,6,18.06,18.12,17.58,2008-06-26,Persistence+Trend,3,2008
2008-06-24,2008,6,18.05,18.15,18.020000000000007,2008-06-27,Persistence+Trend,3,2008
2008-06-25,2008,6,18.09,18.2,18.209999999999997,2008-06-28,Persistence+Trend,3,2008
2008-06-26,2008,6,18.12,18.24,18.210000000000004,2008-06-29,Persistence+Trend,3,2008
2008-06-27,2008,6,18.15,18.25,18.23999999999999,2008-06-30,Persistence+Trend,3,2008
2008-06-28,2008,6,18.2,18.3,18.35,2008-07-01,Persistence+Trend,3,2008
2008-06-29,2008,6,18.24,18.39,18.359999999999996,2008-07-02,Persistence+Trend,3,2008
2008-06-30,2008,6,18.25,18.32,18.280000000000005,2008-07-03,Persistence+Trend,3,2008
2008-07-01,2008,7,18.3,18.34,18.450000000000003,2008-07-04,Persistence+Trend,3,2008
2008-07-02,2008,7,18.39,18.37,18.66,2008-07-05,Persistence+Trend,3,2008
2008-07-03,2008,7,18.32,18.34,18.11,2008-07-06,Persistence+Trend,3,2008
2008-07-04,2008,7,18.34,18.45,18.4,2008-07-07,Persistence+Trend,3,2008
2008-07-05,2008,7,18.37,18.59,18.460000000000004,2008-07-08,Persistence+Trend,3,2008
2008-07-06,2008,7,18.34,18.72,18.249999999999996,2008-07-09,Persistence+Trend,3,2008
2008-07-07,2008,7,18.45,18.82,18.779999999999998,2008-07-10,Persistence+Trend,3,2008
2008-07-08,2008,7,18.59,18.82,19.01,2008-07-11,Persistence+Trend,3,2008
2008-07-09,2008,7,18.72,18.59,19.109999999999996,2008-07-12,Persistence+Trend,3,2008
2008-07-10,2008,7,18.82,18.45,19.120000000000005,2008-07-13,Persistence+Trend,3,2008
2008-07-11,2008,7,18.82,18.37,18.82,2008-07-14,Persistence+Trend,3,2008
2008-07-12,2008,7,18.59,18.42,17.9,2008-07-15,Persistence+Trend,3,2008
2008-07-13,2008,7,18.45,18.49,18.029999999999998,2008-07-16,Persistence+Trend,3,2008
2008-07-14,2008,7,18.37,18.64,18.130000000000006,2008-07-17,Persistence+Trend,3,2008
2008-07-15,2008,7,18.42,18.75,18.570000000000004,2008-07-18,Persistence+Trend,3,2008
2008-07-16,2008,7,18.49,18.79,18.69999999999999,2008-07-19,Persistence+Trend,3,2008
2008-07-17,2008,7,18.64,18.87,19.090000000000007,2008-07-20,Persistence+Trend,3,2008
2008-07-18,2008,7,18.75,18.89,19.08,2008-07-21,Persistence+Trend,3,2008
2008-07-19,2008,7,18.79,19.06,18.909999999999997,2008-07-22,Persistence+Trend,3,2008
2008-07-20,2008,7,18.87,19.24,19.110000000000007,2008-07-23,Persistence+Trend,3,2008
2008-07-21,2008,7,18.89,19.34,18.95,2008-07-24,Persistence+Trend,3,2008
2008-07-22,2008,7,19.06,19.29,19.569999999999993,2008-07-25,Persistence+Trend,3,2008
2008-07-23,2008,7,19.24,19.17,19.779999999999998,2008-07-26,Persistence+Trend,3,2008
2008-07-24,2008,7,19.34,19.24,19.640000000000004,2008-07-27,Persistence+Trend,3,2008
2008-07-25,2008,7,19.29,19.26,19.139999999999997,2008-07-28,Persistence+Trend,3,2008
2008-07-26,2008,7,19.17,19.22,18.81000000000001,2008-07-29,Persistence+Trend,3,2008
2008-07-27,2008,7,19.24,19.17,19.44999999999999,2008-07-30,Persistence+Trend,3,2008
2008-07-28,2008,7,19.26,19.03,19.32000000000001,2008-07-31,Persistence+Trend,3,2008
2008-07-29,2008,7,19.22,18.94,19.09999999999999,2008-08-01,Persistence+Trend,3,2008
2008-07-30,2008,7,19.17,18.89,19.02000000000001,2008-08-02,Persistence+Trend,3,2008
2008-07-31,2008,7,19.03,18.8,18.61,2008-08-03,Persistence+Trend,3,2008
2008-08-01,2008,8,18.94,18.84,18.67,2008-08-04,Persistence+Trend,3,2008
2008-08-02,2008,8,18.89,18.77,18.74,2008-08-05,Persistence+Trend,3,2008
2008-08-03,2008,8,18.8,18.74,18.53,2008-08-06,Persistence+Trend,3,2008
2008-08-04,2008,8,18.84,18.73,18.959999999999997,2008-08-07,Persistence+Trend,3,2008
2008-08-05,2008,8,18.77,18.67,18.56,2008-08-08,Persistence+Trend,3,2008
2008-08-06,2008,8,18.74,18.65,18.649999999999995,2008-08-09,Persistence+Trend,3,2008
2008-08-07,2008,8,18.73,18.62,18.700000000000006,2008-08-10,Persistence+Trend,3,2008
2008-08-08,2008,8,18.67,18.59,18.490000000000006,2008-08-11,Persistence+Trend,3,2008
2008-08-09,2008,8,18.65,18.59,18.58999999999999,2008-08-12,Persistence+Trend,3,2008
2008-08-10,2008,8,18.62,18.7,18.53000000000001,2008-08-13,Persistence+Trend,3,2008
2008-08-11,2008,8,18.59,18.74,18.499999999999996,2008-08-14,Persistence+Trend,3,2008
2008-08-12,2008,8,18.59,18.74,18.59,2008-08-15,Persistence+Trend,3,2008
2008-08-13,2008,8,18.7,18.67,19.029999999999998,2008-08-16,Persistence+Trend,3,2008
2008-08-14,2008,8,18.74,18.78,18.859999999999996,2008-08-17,Persistence+Trend,3,2008
2008-08-15,2008,8,18.74,18.93,18.74,2008-08-18,Persistence+Trend,3,2008
2008-08-16,2008,8,18.67,19.07,18.46000000000001,2008-08-19,Persistence+Trend,3,2008
2008-08-17,2008,8,18.78,19.16,19.11,2008-08-20,Persistence+Trend,3,2008
2008-08-18,2008,8,18.93,19.29,19.379999999999995,2008-08-21,Persistence+Trend,3,2008
2008-08-19,2008,8,19.07,19.39,19.490000000000002,2008-08-22,Persistence+Trend,3,2008
2008-08-20,2008,8,19.16,19.39,19.43,2008-08-23,Persistence+Trend,3,2008
2008-08-21,2008,8,19.29,19.27,19.679999999999996,2008-08-24,Persistence+Trend,3,2008
2008-08-22,2008,8,19.39,19.19,19.690000000000005,2008-08-25,Persistence+Trend,3,2008
2008-08-23,2008,8,19.39,19.1,19.39,2008-08-26,Persistence+Trend,3,2008
2008-08-24,2008,8,19.27,19.09,18.909999999999997,2008-08-27,Persistence+Trend,3,2008
2008-08-25,2008,8,19.19,19.24,18.950000000000006,2008-08-28,Persistence+Trend,3,2008
2008-08-26,2008,8,19.1,19.27,18.830000000000002,2008-08-29,Persistence+Trend,3,2008
2008-08-27,2008,8,19.09,19.45,19.059999999999995,2008-08-30,Persistence+Trend,3,2008
2008-08-28,2008,8,19.24,19.63,19.689999999999994,2008-08-31,Persistence+Trend,3,2008
2008-08-29,2008,8,19.27,19.63,19.360000000000003,2008-09-01,Persistence+Trend,3,2008
2008-08-30,2008,8,19.45,19.61,19.99,2008-09-02,Persistence+Trend,3,2008
2008-08-31,2008,8,19.63,19.51,20.169999999999998,2008-09-03,Persistence+Trend,3,2008
2008-09-01,2008,9,19.63,19.56,19.63,2008-09-04,Persistence+Trend,3,2008
2008-09-02,2008,9,19.61,19.68,19.55,2008-09-05,Persistence+Trend,3,2008
2008-09-03,2008,9,19.51,19.73,19.210000000000008,2008-09-06,Persistence+Trend,3,2008
2008-09-04,2008,9,19.56,19.75,19.70999999999999,2008-09-07,Persistence+Trend,3,2008
2008-09-05,2008,9,19.68,19.64,20.040000000000003,2008-09-08,Persistence+Trend,3,2008
2008-09-06,2008,9,19.73,19.48,19.880000000000003,2008-09-09,Persistence+Trend,3,2008
2008-09-07,2008,9,19.75,19.33,19.81,2008-09-10,Persistence+Trend,3,2008
2008-09-08,2008,9,19.64,19.17,19.310000000000002,2008-09-11,Persistence+Trend,3,2008
2008-09-09,2008,9,19.48,19.01,19.0,2008-09-12,Persistence+Trend,3,2008
2008-09-10,2008,9,19.33,18.82,18.879999999999992,2008-09-13,Persistence+Trend,3,2008
2008-09-11,2008,9,19.17,18.6,18.690000000000012,2008-09-14,Persistence+Trend,3,2008
2008-09-12,2008,9,19.01,18.4,18.53,2008-09-15,Persistence+Trend,3,2008
2008-09-13,2008,9,18.82,18.3,18.249999999999996,2008-09-16,Persistence+Trend,3,2008
2008-09-14,2008,9,18.6,18.21,17.940000000000005,2008-09-17,Persistence+Trend,3,2008
2008-09-15,2008,9,18.4,18.04,17.79999999999999,2008-09-18,Persistence+Trend,3,2008
2008-09-16,2008,9,18.3,17.87,18.000000000000007,2008-09-19,Persistence+Trend,3,2008
2008-09-17,2008,9,18.21,17.74,17.94,2008-09-20,Persistence+Trend,3,2008
2008-09-18,2008,9,18.04,17.53,17.529999999999994,2008-09-21,Persistence+Trend,3,2008
2008-09-19,2008,9,17.87,17.45,17.360000000000007,2008-09-22,Persistence+Trend,3,2008
2008-09-20,2008,9,17.74,17.41,17.34999999999999,2008-09-23,Persistence+Trend,3,2008
2008-09-21,2008,9,17.53,17.35,16.90000000000001,2008-09-24,Persistence+Trend,3,2008
2008-09-22,2008,9,17.45,17.31,17.209999999999994,2008-09-25,Persistence+Trend,3,2008
2008-09-23,2008,9,17.41,17.21,17.290000000000003,2008-09-26,Persistence+Trend,3,2008
2008-09-24,2008,9,17.35,17.18,17.170000000000005,2008-09-27,Persistence+Trend,3,2008
2008-09-25,2008,9,17.31,17.12,17.18999999999999,2008-09-28,Persistence+Trend,3,2008
2008-09-26,2008,9,17.21,17.09,16.910000000000007,2008-09-29,Persistence+Trend,3,2008
2008-09-27,2008,9,17.18,17.08,17.089999999999996,2008-09-30,Persistence+Trend,3,2008
2008-09-28,2008,9,17.12,17.04,16.940000000000005,2008-10-01,Persistence+Trend,3,2008
2008-09-29,2008,9,17.09,17.0,16.999999999999996,2008-10-02,Persistence+Trend,3,2008
2008-09-30,2008,9,17.08,16.99,17.049999999999994,2008-10-03,Persistence+Trend,3,2008
2008-10-01,2008,10,17.04,16.88,16.92,2008-10-04,Persistence+Trend,3,2008
2008-10-02,2008,10,17.0,16.87,16.880000000000003,2008-10-05,Persistence+Trend,3,2008
2008-10-03,2008,10,16.99,16.95,16.959999999999994,2008-10-06,Persistence+Trend,3,2008
2008-10-04,2008,10,16.88,16.95,16.55,2008-10-07,Persistence+Trend,3,2008
2008-10-05,2008,10,16.87,16.9,16.840000000000007,2008-10-08,Persistence+Trend,3,2008
2008-10-06,2008,10,16.95,16.9,17.189999999999994,2008-10-09,Persistence+Trend,3,2008
2008-10-07,2008,10,16.95,16.89,16.95,2008-10-10,Persistence+Trend,3,2008
2008-10-08,2008,10,16.9,16.78,16.749999999999996,2008-10-11,Persistence+Trend,3,2008
2008-10-09,2008,10,16.9,16.71,16.9,2008-10-12,Persistence+Trend,3,2008
2008-10-10,2008,10,16.89,16.65,16.860000000000007,2008-10-13,Persistence+Trend,3,2008
2008-10-11,2008,10,16.78,16.56,16.450000000000003,2008-10-14,Persistence+Trend,3,2008
2008-10-12,2008,10,16.71,16.47,16.5,2008-10-15,Persistence+Trend,3,2008
2008-10-13,2008,10,16.65,16.45,16.46999999999999,2008-10-16,Persistence+Trend,3,2008
2008-10-14,2008,10,16.56,16.37,16.29,2008-10-17,Persistence+Trend,3,2008
2008-10-15,2008,10,16.47,16.26,16.2,2008-10-18,Persistence+Trend,3,2008
2008-10-16,2008,10,16.45,16.13,16.39,2008-10-19,Persistence+Trend,3,2008
2008-10-17,2008,10,16.37,15.99,16.130000000000006,2008-10-20,Persistence+Trend,3,2008
2008-10-18,2008,10,16.26,15.89,15.930000000000003,2008-10-21,Persistence+Trend,3,2008
2008-10-19,2008,10,16.13,15.8,15.739999999999991,2008-10-22,Persistence+Trend,3,2008
2008-10-20,2008,10,15.99,15.71,15.570000000000004,2008-10-23,Persistence+Trend,3,2008
2008-10-21,2008,10,15.89,15.63,15.590000000000002,2008-10-24,Persistence+Trend,3,2008
2008-10-22,2008,10,15.8,15.55,15.530000000000001,2008-10-25,Persistence+Trend,3,2008
2008-10-23,2008,10,15.71,15.47,15.440000000000001,2008-10-26,Persistence+Trend,3,2008
2008-10-24,2008,10,15.63,15.43,15.39,2008-10-27,Persistence+Trend,3,2008
2008-10-25,2008,10,15.55,15.41,15.31,2008-10-28,Persistence+Trend,3,2008
2008-10-26,2008,10,15.47,15.54,15.23,2008-10-29,Persistence+Trend,3,2008
2008-10-27,2008,10,15.43,15.72,15.309999999999997,2008-10-30,Persistence+Trend,3,2008
2008-10-28,2008,10,15.41,15.8,15.350000000000001,2008-10-31,Persistence+Trend,3,2008
2008-10-29,2008,10,15.54,15.9,15.929999999999996,2008-11-01,Persistence+Trend,3,2008
2008-10-30,2008,10,15.72,16.11,16.260000000000005,2008-11-02,Persistence+Trend,3,2008
2008-10-31,2008,10,15.8,16.26,16.04,2008-11-03,Persistence+Trend,3,2008
2008-11-01,2008,11,15.9,16.17,16.2,2008-11-04,Persistence+Trend,3,2008
2008-11-02,2008,11,16.11,15.95,16.739999999999995,2008-11-05,Persistence+Trend,3,2008
2008-11-03,2008,11,16.26,15.8,16.710000000000008,2008-11-06,Persistence+Trend,3,2008
2008-11-04,2008,11,16.17,15.64,15.900000000000002,2008-11-07,Persistence+Trend,3,2008
2008-11-05,2008,11,15.95,15.45,15.289999999999992,2008-11-08,Persistence+Trend,3,2008
2008-11-06,2008,11,15.8,15.31,15.350000000000005,2008-11-09,Persistence+Trend,3,2008
2008-11-07,2008,11,15.64,15.24,15.16,2008-11-10,Persistence+Trend,3,2008
2008-11-08,2008,11,15.45,15.17,14.879999999999995,2008-11-11,Persistence+Trend,3,2008
2008-11-09,2008,11,15.31,15.09,14.890000000000004,2008-11-12,Persistence+Trend,3,2008
2008-11-10,2008,11,15.24,15.04,15.03,2008-11-13,Persistence+Trend,3,2008
2008-11-11,2008,11,15.17,14.99,14.959999999999999,2008-11-14,Persistence+Trend,3,2008
2008-11-12,2008,11,15.09,14.94,14.85,2008-11-15,Persistence+Trend,3,2008
2008-11-13,2008,11,15.04,14.9,14.889999999999997,2008-11-16,Persistence+Trend,3,2008
2008-11-14,2008,11,14.99,14.85,14.840000000000003,2008-11-17,Persistence+Trend,3,2008
2008-11-15,2008,11,14.94,14.8,14.789999999999997,2008-11-18,Persistence+Trend,3,2008
2008-11-16,2008,11,14.9,14.78,14.780000000000003,2008-11-19,Persistence+Trend,3,2008
2008-11-17,2008,11,14.85,14.76,14.699999999999998,2008-11-20,Persistence+Trend,3,2008
2008-11-18,2008,11,14.8,14.72,14.650000000000004,2008-11-21,Persistence+Trend,3,2008
2008-11-19,2008,11,14.78,14.699,14.719999999999995,2008-11-22,Persistence+Trend,3,2008
2008-11-20,2008,11,14.76,14.67,14.700000000000001,2008-11-23,Persistence+Trend,3,2008
2008-11-21,2008,11,14.72,14.63,14.600000000000003,2008-11-24,Persistence+Trend,3,2008
2008-11-22,2008,11,14.699,14.59,14.635999999999997,2008-11-25,Persistence+Trend,3,2008
2008-11-23,2008,11,14.67,14.57,14.583,2008-11-26,Persistence+Trend,3,2008
2008-11-24,2008,11,14.63,14.54,14.510000000000003,2008-11-27,Persistence+Trend,3,2008
2008-11-25,2008,11,14.59,14.52,14.469999999999997,2008-11-28,Persistence+Trend,3,2008
2008-11-26,2008,11,14.57,14.5,14.510000000000002,2008-11-29,Persistence+Trend,3,2008
2008-11-27,2008,11,14.54,14.47,14.449999999999996,2008-11-30,Persistence+Trend,3,2008
2008-11-28,2008,11,14.52,14.45,14.46,2008-12-01,Persistence+Trend,3,2008
2008-11-29,2008,11,14.5,14.42,14.440000000000001,2008-12-02,Persistence+Trend,3,2008
2008-11-30,2008,11,14.47,14.39,14.380000000000003,2008-12-03,Persistence+Trend,3,2008
2008-12-01,2008,12,14.45,14.35,14.389999999999995,2008-12-04,Persistence+Trend,3,2008
2008-12-02,2008,12,14.42,14.33,14.330000000000002,2008-12-05,Persistence+Trend,3,2008
2008-12-03,2008,12,14.39,14.31,14.300000000000002,2008-12-06,Persistence+Trend,3,2008
2008-12-04,2008,12,14.35,14.27,14.229999999999997,2008-12-07,Persistence+Trend,3,2008
2008-12-05,2008,12,14.33,14.26,14.270000000000001,2008-12-08,Persistence+Trend,3,2008
2008-12-06,2008,12,14.31,14.24,14.250000000000002,2008-12-09,Persistence+Trend,3,2008
2008-12-07,2008,12,14.27,14.21,14.149999999999997,2008-12-10,Persistence+Trend,3,2008
2008-12-08,2008,12,14.26,14.2,14.23,2008-12-11,Persistence+Trend,3,2008
2008-12-09,2008,12,14.24,14.18,14.180000000000001,2008-12-12,Persistence+Trend,3,2008
2008-12-10,2008,12,14.21,14.17,14.120000000000003,2008-12-13,Persistence+Trend,3,2008
2008-12-11,2008,12,14.2,14.15,14.169999999999995,2008-12-14,Persistence+Trend,3,2008
2008-12-12,2008,12,14.18,14.13,14.120000000000001,2008-12-15,Persistence+Trend,3,2008
2008-12-13,2008,12,14.17,14.1,14.14,2008-12-16,Persistence+Trend,3,2008
2008-12-14,2008,12,14.15,14.08,14.090000000000002,2008-12-17,Persistence+Trend,3,2008
2008-12-15,2008,12,14.13,14.06,14.070000000000002,2008-12-18,Persistence+Trend,3,2008
2008-12-16,2008,12,14.1,14.04,14.009999999999996,2008-12-19,Persistence+Trend,3,2008
2008-12-17,2008,12,14.08,14.02,14.020000000000001,2008-12-20,Persistence+Trend,3,2008
2008-12-18,2008,12,14.06,14.0,14.000000000000002,2008-12-21,Persistence+Trend,3,2008
2008-12-19,2008,12,14.04,13.98,13.979999999999995,2008-12-22,Persistence+Trend,3,2008
2008-12-20,2008,12,14.02,13.97,13.96,2008-12-23,Persistence+Trend,3,2008
2008-12-21,2008,12,14.0,13.95,13.940000000000001,2008-12-24,Persistence+Trend,3,2008
2008-12-22,2008,12,13.98,13.93,13.920000000000002,2008-12-25,Persistence+Trend,3,2008
2008-12-23,2008,12,13.97,13.91,13.940000000000001,2008-12-26,Persistence+Trend,3,2008
2008-12-24,2008,12,13.95,13.89,13.889999999999995,2008-12-27,Persistence+Trend,3,2008
2008-12-25,2008,12,13.93,13.87,13.870000000000001,2008-12-28,Persistence+Trend,3,2008
2008-12-26,2008,12,13.91,13.85,13.850000000000001,2008-12-29,Persistence+Trend,3,2008
2008-12-27,2008,12,13.89,13.84,13.830000000000002,2008-12-30,Persistence+Trend,3,2008
2008-12-28,2008,12,13.87,13.83,13.809999999999995,2008-12-31,Persistence+Trend,3,2008
2008-12-29,2008,12,13.85,13.81,13.790000000000001,2009-01-01,Persistence+Trend,3,2008
2008-12-30,2008,12,13.84,13.79,13.81,2009-01-02,Persistence+Trend,3,2008
2008-12-31,2008,12,13.83,13.77,13.8,2009-01-03,Persistence+Trend,3,2008
2009-01-01,2009,1,13.81,13.75,13.750000000000002,2009-01-04,Persistence+Trend,3,2009
2009-01-02,2009,1,13.79,13.74,13.729999999999995,2009-01-05,Persistence+Trend,3,2009
2009-01-03,2009,1,13.77,13.73,13.71,2009-01-06,Persistence+Trend,3,2009
2009-01-04,2009,1,13.75,13.71,13.690000000000001,2009-01-07,Persistence+Trend,3,2009
2009-01-05,2009,1,13.74,13.69,13.71,2009-01-08,Persistence+Trend,3,2009
2009-01-06,2009,1,13.73,13.67,13.700000000000001,2009-01-09,Persistence+Trend,3,2009
2009-01-07,2009,1,13.71,13.66,13.650000000000002,2009-01-10,Persistence+Trend,3,2009
2009-01-08,2009,1,13.69,13.65,13.629999999999995,2009-01-11,Persistence+Trend,3,2009
2009-01-09,2009,1,13.67,13.64,13.610000000000001,2009-01-12,Persistence+Trend,3,2009
2009-01-10,2009,1,13.66,13.62,13.63,2009-01-13,Persistence+Trend,3,2009
2009-01-11,2009,1,13.65,13.6,13.620000000000001,2009-01-14,Persistence+Trend,3,2009
2009-01-12,2009,1,13.64,13.587,13.610000000000001,2009-01-15,Persistence+Trend,3,2009
2009-01-13,2009,1,13.62,13.56,13.559999999999995,2009-01-16,Persistence+Trend,3,2009
2009-01-14,2009,1,13.6,13.55,13.540000000000001,2009-01-17,Persistence+Trend,3,2009
2009-01-15,2009,1,13.587,13.54,13.548,2009-01-18,Persistence+Trend,3,2009
2009-01-16,2009,1,13.56,13.53,13.479000000000003,2009-01-19,Persistence+Trend,3,2009
2009-01-17,2009,1,13.55,13.51,13.520000000000001,2009-01-20,Persistence+Trend,3,2009
2009-01-18,2009,1,13.54,13.49,13.509999999999994,2009-01-21,Persistence+Trend,3,2009
2009-01-19,2009,1,13.53,13.47,13.5,2009-01-22,Persistence+Trend,3,2009
2009-01-20,2009,1,13.51,13.46,13.450000000000001,2009-01-23,Persistence+Trend,3,2009
2009-01-21,2009,1,13.49,13.45,13.430000000000001,2009-01-24,Persistence+Trend,3,2009
2009-01-22,2009,1,13.47,13.44,13.410000000000002,2009-01-25,Persistence+Trend,3,2009
2009-01-23,2009,1,13.46,13.43,13.430000000000001,2009-01-26,Persistence+Trend,3,2009
2009-01-24,2009,1,13.45,13.43,13.419999999999995,2009-01-27,Persistence+Trend,3,2009
2009-01-25,2009,1,13.44,13.42,13.41,2009-01-28,Persistence+Trend,3,2009
2009-01-26,2009,1,13.43,13.41,13.4,2009-01-29,Persistence+Trend,3,2009
2009-01-27,2009,1,13.43,13.4,13.43,2009-01-30,Persistence+Trend,3,2009
2009-01-28,2009,1,13.42,13.39,13.39,2009-01-31,Persistence+Trend,3,2009
2009-01-29,2009,1,13.41,13.37,13.38,2009-02-01,Persistence+Trend,3,2009
2009-01-30,2009,1,13.4,13.37,13.370000000000001,2009-02-02,Persistence+Trend,3,2009
2009-01-31,2009,1,13.39,13.36,13.360000000000001,2009-02-03,Persistence+Trend,3,2009
2009-02-01,2009,2,13.37,13.36,13.309999999999995,2009-02-04,Persistence+Trend,3,2009
2009-02-02,2009,2,13.37,13.36,13.37,2009-02-05,Persistence+Trend,3,2009
2009-02-03,2009,2,13.36,13.36,13.33,2009-02-06,Persistence+Trend,3,2009
2009-02-04,2009,2,13.36,13.36,13.36,2009-02-07,Persistence+Trend,3,2009
2009-02-05,2009,2,13.36,13.36,13.36,2009-02-08,Persistence+Trend,3,2009
2009-02-06,2009,2,13.36,13.35,13.36,2009-02-09,Persistence+Trend,3,2009
2009-02-07,2009,2,13.36,13.35,13.36,2009-02-10,Persistence+Trend,3,2009
2009-02-08,2009,2,13.36,13.34,13.36,2009-02-11,Persistence+Trend,3,2009
2009-02-09,2009,2,13.35,13.33,13.32,2009-02-12,Persistence+Trend,3,2009
2009-02-10,2009,2,13.35,13.31,13.35,2009-02-13,Persistence+Trend,3,2009
2009-02-11,2009,2,13.34,13.29,13.31,2009-02-14,Persistence+Trend,3,2009
2009-02-12,2009,2,13.33,13.27,13.3,2009-02-15,Persistence+Trend,3,2009
2009-02-13,2009,2,13.31,13.25,13.250000000000002,2009-02-16,Persistence+Trend,3,2009
2009-02-14,2009,2,13.29,13.23,13.229999999999995,2009-02-17,Persistence+Trend,3,2009
2009-02-15,2009,2,13.27,13.22,13.21,2009-02-18,Persistence+Trend,3,2009
2009-02-16,2009,2,13.25,13.21,13.190000000000001,2009-02-19,Persistence+Trend,3,2009
2009-02-17,2009,2,13.23,13.2,13.170000000000002,2009-02-20,Persistence+Trend,3,2009
2009-02-18,2009,2,13.22,13.19,13.190000000000001,2009-02-21,Persistence+Trend,3,2009
2009-02-19,2009,2,13.21,13.17,13.180000000000001,2009-02-22,Persistence+Trend,3,2009
2009-02-20,2009,2,13.2,13.15,13.169999999999995,2009-02-23,Persistence+Trend,3,2009
2009-02-21,2009,2,13.19,13.14,13.16,2009-02-24,Persistence+Trend,3,2009
2009-02-22,2009,2,13.17,13.13,13.110000000000001,2009-02-25,Persistence+Trend,3,2009
2009-02-23,2009,2,13.15,13.12,13.090000000000002,2009-02-26,Persistence+Trend,3,2009
2009-02-24,2009,2,13.14,13.11,13.110000000000001,2009-02-27,Persistence+Trend,3,2009
2009-02-25,2009,2,13.13,13.1,13.100000000000001,2009-02-28,Persistence+Trend,3,2009
2009-02-26,2009,2,13.12,13.12,13.089999999999995,2009-03-01,Persistence+Trend,3,2009
2009-02-27,2009,2,13.11,13.15,13.08,2009-03-02,Persistence+Trend,3,2009
2009-02-28,2009,2,13.1,13.17,13.07,2009-03-03,Persistence+Trend,3,2009
2009-03-01,2009,3,13.12,13.2,13.179999999999998,2009-03-04,Persistence+Trend,3,2009
2009-03-02,2009,3,13.15,13.26,13.240000000000004,2009-03-05,Persistence+Trend,3,2009
2009-03-03,2009,3,13.17,13.35,13.229999999999999,2009-03-06,Persistence+Trend,3,2009
2009-03-04,2009,3,13.2,13.45,13.289999999999997,2009-03-07,Persistence+Trend,3,2009
2009-03-05,2009,3,13.26,13.5,13.440000000000001,2009-03-08,Persistence+Trend,3,2009
2009-03-06,2009,3,13.35,13.52,13.62,2009-03-09,Persistence+Trend,3,2009
2009-03-07,2009,3,13.45,13.53,13.749999999999998,2009-03-10,Persistence+Trend,3,2009
2009-03-08,2009,3,13.5,13.5,13.650000000000002,2009-03-11,Persistence+Trend,3,2009
2009-03-09,2009,3,13.52,13.46,13.579999999999998,2009-03-12,Persistence+Trend,3,2009
2009-03-10,2009,3,13.53,13.44,13.559999999999999,2009-03-13,Persistence+Trend,3,2009
2009-03-11,2009,3,13.5,13.42,13.410000000000002,2009-03-14,Persistence+Trend,3,2009
2009-03-12,2009,3,13.46,13.39,13.340000000000003,2009-03-15,Persistence+Trend,3,2009
2009-03-13,2009,3,13.44,13.37,13.379999999999995,2009-03-16,Persistence+Trend,3,2009
2009-03-14,2009,3,13.42,13.38,13.360000000000001,2009-03-17,Persistence+Trend,3,2009
2009-03-15,2009,3,13.39,13.4,13.300000000000002,2009-03-18,Persistence+Trend,3,2009
2009-03-16,2009,3,13.37,13.43,13.309999999999995,2009-03-19,Persistence+Trend,3,2009
2009-03-17,2009,3,13.38,13.45,13.410000000000005,2009-03-20,Persistence+Trend,3,2009
2009-03-18,2009,3,13.4,13.46,13.459999999999999,2009-03-21,Persistence+Trend,3,2009
2009-03-19,2009,3,13.43,13.47,13.519999999999998,2009-03-22,Persistence+Trend,3,2009
2009-03-20,2009,3,13.45,13.47,13.509999999999998,2009-03-23,Persistence+Trend,3,2009
2009-03-21,2009,3,13.46,13.45,13.490000000000006,2009-03-24,Persistence+Trend,3,2009
2009-03-22,2009,3,13.47,13.43,13.5,2009-03-25,Persistence+Trend,3,2009
2009-03-23,2009,3,13.47,13.41,13.47,2009-03-26,Persistence+Trend,3,2009
2009-03-24,2009,3,13.45,13.4,13.389999999999995,2009-03-27,Persistence+Trend,3,2009
2009-03-25,2009,3,13.43,13.4,13.370000000000001,2009-03-28,Persistence+Trend,3,2009
2009-03-26,2009,3,13.41,13.39,13.350000000000001,2009-03-29,Persistence+Trend,3,2009
2009-03-27,2009,3,13.4,13.39,13.370000000000001,2009-03-30,Persistence+Trend,3,2009
2009-03-28,2009,3,13.4,13.39,13.4,2009-03-31,Persistence+Trend,3,2009
2009-03-29,2009,3,13.39,13.38,13.360000000000001,2009-04-01,Persistence+Trend,3,2009
2009-03-30,2009,3,13.39,13.39,13.39,2009-04-02,Persistence+Trend,3,2009
2009-03-31,2009,3,13.39,13.5,13.39,2009-04-03,Persistence+Trend,3,2009
2009-04-01,2009,4,13.38,13.54,13.350000000000001,2009-04-04,Persistence+Trend,3,2009
2009-04-02,2009,4,13.39,13.55,13.42,2009-04-05,Persistence+Trend,3,2009
2009-04-03,2009,4,13.5,13.54,13.829999999999998,2009-04-06,Persistence+Trend,3,2009
2009-04-04,2009,4,13.54,13.54,13.659999999999997,2009-04-07,Persistence+Trend,3,2009
2009-04-05,2009,4,13.55,13.6,13.580000000000005,2009-04-08,Persistence+Trend,3,2009
2009-04-06,2009,4,13.54,13.7,13.509999999999994,2009-04-09,Persistence+Trend,3,2009
2009-04-07,2009,4,13.54,13.82,13.54,2009-04-10,Persistence+Trend,3,2009
2009-04-08,2009,4,13.6,13.87,13.780000000000001,2009-04-11,Persistence+Trend,3,2009
2009-04-09,2009,4,13.7,13.89,13.999999999999998,2009-04-12,Persistence+Trend,3,2009
2009-04-10,2009,4,13.82,13.83,14.180000000000003,2009-04-13,Persistence+Trend,3,2009
2009-04-11,2009,4,13.87,13.85,14.019999999999996,2009-04-14,Persistence+Trend,3,2009
2009-04-12,2009,4,13.89,13.93,13.950000000000005,2009-04-15,Persistence+Trend,3,2009
2009-04-13,2009,4,13.83,13.99,13.649999999999999,2009-04-16,Persistence+Trend,3,2009
2009-04-14,2009,4,13.85,14.07,13.909999999999998,2009-04-17,Persistence+Trend,3,2009
2009-04-15,2009,4,13.93,14.16,14.17,2009-04-18,Persistence+Trend,3,2009
2009-04-16,2009,4,13.99,14.22,14.170000000000002,2009-04-19,Persistence+Trend,3,2009
2009-04-17,2009,4,14.07,14.28,14.31,2009-04-20,Persistence+Trend,3,2009
2009-04-18,2009,4,14.16,14.32,14.43,2009-04-21,Persistence+Trend,3,2009
2009-04-19,2009,4,14.22,14.3,14.400000000000002,2009-04-22,Persistence+Trend,3,2009
2009-04-20,2009,4,14.28,14.21,14.459999999999996,2009-04-23,Persistence+Trend,3,2009
2009-04-21,2009,4,14.32,14.28,14.440000000000003,2009-04-24,Persistence+Trend,3,2009
2009-04-22,2009,4,14.3,14.43,14.240000000000002,2009-04-25,Persistence+Trend,3,2009
2009-04-23,2009,4,14.21,14.63,13.940000000000001,2009-04-26,Persistence+Trend,3,2009
2009-04-24,2009,4,14.28,14.71,14.489999999999995,2009-04-27,Persistence+Trend,3,2009
2009-04-25,2009,4,14.43,14.71,14.88,2009-04-28,Persistence+Trend,3,2009
2009-04-26,2009,4,14.63,14.62,15.230000000000004,2009-04-29,Persistence+Trend,3,2009
2009-04-27,2009,4,14.71,14.73,14.950000000000001,2009-04-30,Persistence+Trend,3,2009
2009-04-28,2009,4,14.71,14.82,14.71,2009-05-01,Persistence+Trend,3,2009
2009-04-29,2009,4,14.62,14.91,14.349999999999994,2009-05-02,Persistence+Trend,3,2009
2009-04-30,2009,4,14.73,14.86,15.060000000000004,2009-05-03,Persistence+Trend,3,2009
2009-05-01,2009,5,14.82,14.85,15.09,2009-05-04,Persistence+Trend,3,2009
2009-05-02,2009,5,14.91,14.82,15.18,2009-05-05,Persistence+Trend,3,2009
2009-05-03,2009,5,14.86,14.77,14.709999999999997,2009-05-06,Persistence+Trend,3,2009
2009-05-04,2009,5,14.85,14.76,14.82,2009-05-07,Persistence+Trend,3,2009
2009-05-05,2009,5,14.82,14.74,14.730000000000002,2009-05-08,Persistence+Trend,3,2009
2009-05-06,2009,5,14.77,14.73,14.619999999999997,2009-05-09,Persistence+Trend,3,2009
2009-05-07,2009,5,14.76,14.71,14.73,2009-05-10,Persistence+Trend,3,2009
2009-05-08,2009,5,14.74,14.79,14.680000000000001,2009-05-11,Persistence+Trend,3,2009
2009-05-09,2009,5,14.73,14.87,14.700000000000001,2009-05-12,Persistence+Trend,3,2009
2009-05-10,2009,5,14.71,14.92,14.650000000000002,2009-05-13,Persistence+Trend,3,2009
2009-05-11,2009,5,14.79,14.95,15.029999999999994,2009-05-14,Persistence+Trend,3,2009
2009-05-12,2009,5,14.87,15.03,15.11,2009-05-15,Persistence+Trend,3,2009
2009-05-13,2009,5,14.92,15.11,15.070000000000002,2009-05-16,Persistence+Trend,3,2009
2009-05-14,2009,5,14.95,15.19,15.039999999999997,2009-05-17,Persistence+Trend,3,2009
2009-05-15,2009,5,15.03,15.22,15.27,2009-05-18,Persistence+Trend,3,2009
2009-05-16,2009,5,15.11,15.17,15.35,2009-05-19,Persistence+Trend,3,2009
2009-05-17,2009,5,15.19,14.99,15.43,2009-05-20,Persistence+Trend,3,2009
2009-05-18,2009,5,15.22,14.95,15.310000000000004,2009-05-21,Persistence+Trend,3,2009
2009-05-19,2009,5,15.17,14.91,15.019999999999998,2009-05-22,Persistence+Trend,3,2009
2009-05-20,2009,5,14.99,14.87,14.450000000000001,2009-05-23,Persistence+Trend,3,2009
2009-05-21,2009,5,14.95,14.8,14.829999999999997,2009-05-24,Persistence+Trend,3,2009
2009-05-22,2009,5,14.91,14.8,14.790000000000003,2009-05-25,Persistence+Trend,3,2009
2009-05-23,2009,5,14.87,14.83,14.749999999999996,2009-05-26,Persistence+Trend,3,2009
2009-05-24,2009,5,14.8,15.07,14.590000000000005,2009-05-27,Persistence+Trend,3,2009
2009-05-25,2009,5,14.8,16.29,14.8,2009-05-28,Persistence+Trend,3,2009
2009-05-26,2009,5,14.83,16.4,14.919999999999998,2009-05-29,Persistence+Trend,3,2009
2009-05-27,2009,5,15.07,16.2,15.790000000000001,2009-05-30,Persistence+Trend,3,2009
2009-05-28,2009,5,16.29,15.98,19.949999999999996,2009-05-31,Persistence+Trend,3,2009
2009-05-29,2009,5,16.4,15.93,16.729999999999997,2009-06-01,Persistence+Trend,3,2009
2009-05-30,2009,5,16.2,15.99,15.600000000000001,2009-06-02,Persistence+Trend,3,2009
2009-05-31,2009,5,15.98,16.05,15.320000000000004,2009-06-03,Persistence+Trend,3,2009
2009-06-01,2009,6,15.93,16.01,15.779999999999998,2009-06-04,Persistence+Trend,3,2009
2009-06-02,2009,6,15.99,15.92,16.17,2009-06-05,Persistence+Trend,3,2009
2009-06-03,2009,6,16.05,15.87,16.230000000000004,2009-06-06,Persistence+Trend,3,2009
2009-06-04,2009,6,16.01,15.85,15.890000000000004,2009-06-07,Persistence+Trend,3,2009
2009-06-05,2009,6,15.92,15.85,15.649999999999995,2009-06-08,Persistence+Trend,3,2009
2009-06-06,2009,6,15.87,15.82,15.719999999999997,2009-06-09,Persistence+Trend,3,2009
2009-06-07,2009,6,15.85,15.82,15.790000000000001,2009-06-10,Persistence+Trend,3,2009
2009-06-08,2009,6,15.85,15.75,15.85,2009-06-11,Persistence+Trend,3,2009
2009-06-09,2009,6,15.82,15.74,15.730000000000002,2009-06-12,Persistence+Trend,3,2009
2009-06-10,2009,6,15.82,15.82,15.82,2009-06-13,Persistence+Trend,3,2009
2009-06-11,2009,6,15.75,15.89,15.54,2009-06-14,Persistence+Trend,3,2009
2009-06-12,2009,6,15.74,16.06,15.71,2009-06-15,Persistence+Trend,3,2009
2009-06-13,2009,6,15.82,16.24,16.060000000000002,2009-06-16,Persistence+Trend,3,2009
2009-06-14,2009,6,15.89,16.46,16.1,2009-06-17,Persistence+Trend,3,2009
2009-06-15,2009,6,16.06,16.57,16.569999999999993,2009-06-18,Persistence+Trend,3,2009
2009-06-16,2009,6,16.24,16.57,16.779999999999998,2009-06-19,Persistence+Trend,3,2009
2009-06-17,2009,6,16.46,16.43,17.120000000000008,2009-06-20,Persistence+Trend,3,2009
2009-06-18,2009,6,16.57,16.26,16.9,2009-06-21,Persistence+Trend,3,2009
2009-06-19,2009,6,16.57,16.22,16.57,2009-06-22,Persistence+Trend,3,2009
2009-06-20,2009,6,16.43,16.11,16.009999999999998,2009-06-23,Persistence+Trend,3,2009
2009-06-21,2009,6,16.26,16.22,15.750000000000007,2009-06-24,Persistence+Trend,3,2009
2009-06-22,2009,6,16.22,16.27,16.09999999999999,2009-06-25,Persistence+Trend,3,2009
2009-06-23,2009,6,16.11,16.31,15.780000000000001,2009-06-26,Persistence+Trend,3,2009
2009-06-24,2009,6,16.22,16.22,16.549999999999997,2009-06-27,Persistence+Trend,3,2009
2009-06-25,2009,6,16.27,16.3,16.42,2009-06-28,Persistence+Trend,3,2009
2009-06-26,2009,6,16.31,16.67,16.429999999999996,2009-06-29,Persistence+Trend,3,2009
2009-06-27,2009,6,16.22,16.84,15.95,2009-06-30,Persistence+Trend,3,2009
2009-06-28,2009,6,16.3,17.07,16.540000000000006,2009-07-01,Persistence+Trend,3,2009
2009-06-29,2009,6,16.67,17.6,17.780000000000005,2009-07-02,Persistence+Trend,3,2009
2009-06-30,2009,6,16.84,17.98,17.349999999999994,2009-07-03,Persistence+Trend,3,2009
2009-07-01,2009,7,17.07,18.57,17.76,2009-07-04,Persistence+Trend,3,2009
2009-07-02,2009,7,17.6,18.67,19.190000000000005,2009-07-05,Persistence+Trend,3,2009
2009-07-03,2009,7,17.98,18.83,19.119999999999997,2009-07-06,Persistence+Trend,3,2009
2009-07-04,2009,7,18.57,18.91,20.34,2009-07-07,Persistence+Trend,3,2009
2009-07-05,2009,7,18.67,18.83,18.970000000000006,2009-07-08,Persistence+Trend,3,2009
2009-07-06,2009,7,18.83,18.57,19.309999999999988,2009-07-09,Persistence+Trend,3,2009
2009-07-07,2009,7,18.91,18.44,19.150000000000006,2009-07-10,Persistence+Trend,3,2009
2009-07-08,2009,7,18.83,18.32,18.589999999999993,2009-07-11,Persistence+Trend,3,2009
2009-07-09,2009,7,18.57,18.28,17.790000000000006,2009-07-12,Persistence+Trend,3,2009
2009-07-10,2009,7,18.44,18.25,18.050000000000004,2009-07-13,Persistence+Trend,3,2009
2009-07-11,2009,7,18.32,18.2,17.959999999999997,2009-07-14,Persistence+Trend,3,2009
2009-07-12,2009,7,18.28,18.17,18.160000000000004,2009-07-15,Persistence+Trend,3,2009
2009-07-13,2009,7,18.25,18.09,18.159999999999997,2009-07-16,Persistence+Trend,3,2009
2009-07-14,2009,7,18.2,17.99,18.049999999999997,2009-07-17,Persistence+Trend,3,2009
2009-07-15,2009,7,18.17,17.86,18.08000000000001,2009-07-18,Persistence+Trend,3,2009
2009-07-16,2009,7,18.09,17.74,17.849999999999994,2009-07-19,Persistence+Trend,3,2009
2009-07-17,2009,7,17.99,17.58,17.689999999999994,2009-07-20,Persistence+Trend,3,2009
2009-07-18,2009,7,17.86,17.39,17.470000000000002,2009-07-21,Persistence+Trend,3,2009
2009-07-19,2009,7,17.74,17.32,17.379999999999995,2009-07-22,Persistence+Trend,3,2009
2009-07-20,2009,7,17.58,17.27,17.099999999999998,2009-07-23,Persistence+Trend,3,2009
2009-07-21,2009,7,17.39,17.19,16.820000000000007,2009-07-24,Persistence+Trend,3,2009
2009-07-22,2009,7,17.32,17.16,17.11,2009-07-25,Persistence+Trend,3,2009
2009-07-23,2009,7,17.27,17.12,17.119999999999997,2009-07-26,Persistence+Trend,3,2009
2009-07-24,2009,7,17.19,17.12,16.950000000000006,2009-07-27,Persistence+Trend,3,2009
2009-07-25,2009,7,17.16,17.4,17.069999999999997,2009-07-28,Persistence+Trend,3,2009
2009-07-26,2009,7,17.12,17.72,17.000000000000004,2009-07-29,Persistence+Trend,3,2009
2009-07-27,2009,7,17.12,17.93,17.12,2009-07-30,Persistence+Trend,3,2009
2009-07-28,2009,7,17.4,18.15,18.23999999999999,2009-07-31,Persistence+Trend,3,2009
2009-07-29,2009,7,17.72,18.36,18.68,2009-08-01,Persistence+Trend,3,2009
2009-07-30,2009,7,17.93,18.42,18.560000000000002,2009-08-02,Persistence+Trend,3,2009
2009-07-31,2009,7,18.15,18.39,18.809999999999995,2009-08-03,Persistence+Trend,3,2009
2009-08-01,2009,8,18.36,18.33,18.990000000000002,2009-08-04,Persistence+Trend,3,2009
2009-08-02,2009,8,18.42,18.34,18.60000000000001,2009-08-05,Persistence+Trend,3,2009
2009-08-03,2009,8,18.39,18.39,18.299999999999997,2009-08-06,Persistence+Trend,3,2009
2009-08-04,2009,8,18.33,18.45,18.14999999999999,2009-08-07,Persistence+Trend,3,2009
2009-08-05,2009,8,18.34,18.42,18.370000000000005,2009-08-08,Persistence+Trend,3,2009
2009-08-06,2009,8,18.39,18.41,18.540000000000003,2009-08-09,Persistence+Trend,3,2009
2009-08-07,2009,8,18.45,18.36,18.629999999999995,2009-08-10,Persistence+Trend,3,2009
2009-08-08,2009,8,18.42,18.32,18.33000000000001,2009-08-11,Persistence+Trend,3,2009
2009-08-09,2009,8,18.41,18.25,18.379999999999995,2009-08-12,Persistence+Trend,3,2009
2009-08-10,2009,8,18.36,18.24,18.209999999999997,2009-08-13,Persistence+Trend,3,2009
2009-08-11,2009,8,18.32,18.4,18.200000000000003,2009-08-14,Persistence+Trend,3,2009
2009-08-12,2009,8,18.25,18.54,18.04,2009-08-15,Persistence+Trend,3,2009
2009-08-13,2009,8,18.24,18.55,18.209999999999994,2009-08-16,Persistence+Trend,3,2009
2009-08-14,2009,8,18.4,19.04,18.88,2009-08-17,Persistence+Trend,3,2009
2009-08-15,2009,8,18.54,19.27,18.96,2009-08-18,Persistence+Trend,3,2009
2009-08-16,2009,8,18.55,19.27,18.580000000000005,2009-08-19,Persistence+Trend,3,2009
2009-08-17,2009,8,19.04,19.15,20.509999999999994,2009-08-20,Persistence+Trend,3,2009
2009-08-18,2009,8,19.27,19.33,19.96,2009-08-21,Persistence+Trend,3,2009
2009-08-19,2009,8,19.27,19.4,19.27,2009-08-22,Persistence+Trend,3,2009
2009-08-20,2009,8,19.15,19.29,18.789999999999996,2009-08-23,Persistence+Trend,3,2009
2009-08-21,2009,8,19.33,19.23,19.869999999999997,2009-08-24,Persistence+Trend,3,2009
2009-08-22,2009,8,19.4,19.2,19.61,2009-08-25,Persistence+Trend,3,2009
2009-08-23,2009,8,19.29,19.19,18.96,2009-08-26,Persistence+Trend,3,2009
2009-08-24,2009,8,19.23,19.18,19.050000000000004,2009-08-27,Persistence+Trend,3,2009
2009-08-25,2009,8,19.2,19.16,19.109999999999996,2009-08-28,Persistence+Trend,3,2009
2009-08-26,2009,8,19.19,19.13,19.160000000000007,2009-08-29,Persistence+Trend,3,2009
2009-08-27,2009,8,19.18,19.03,19.149999999999995,2009-08-30,Persistence+Trend,3,2009
2009-08-28,2009,8,19.16,18.94,19.1,2009-08-31,Persistence+Trend,3,2009
2009-08-29,2009,8,19.13,18.79,19.039999999999996,2009-09-01,Persistence+Trend,3,2009
2009-08-30,2009,8,19.03,18.67,18.730000000000008,2009-09-02,Persistence+Trend,3,2009
2009-08-31,2009,8,18.94,18.55,18.67,2009-09-03,Persistence+Trend,3,2009
2009-09-01,2009,9,18.79,18.4,18.339999999999993,2009-09-04,Persistence+Trend,3,2009
2009-09-02,2009,9,18.67,18.29,18.31000000000001,2009-09-05,Persistence+Trend,3,2009
2009-09-03,2009,9,18.55,18.07,18.189999999999998,2009-09-06,Persistence+Trend,3,2009
2009-09-04,2009,9,18.4,17.96,17.949999999999992,2009-09-07,Persistence+Trend,3,2009
2009-09-05,2009,9,18.29,17.74,17.96,2009-09-08,Persistence+Trend,3,2009
2009-09-06,2009,9,18.07,17.61,17.410000000000004,2009-09-09,Persistence+Trend,3,2009
2009-09-07,2009,9,17.96,17.52,17.630000000000003,2009-09-10,Persistence+Trend,3,2009
2009-09-08,2009,9,17.74,17.31,17.07999999999999,2009-09-11,Persistence+Trend,3,2009
2009-09-09,2009,9,17.61,17.25,17.220000000000002,2009-09-12,Persistence+Trend,3,2009
2009-09-10,2009,9,17.52,17.14,17.25,2009-09-13,Persistence+Trend,3,2009
2009-09-11,2009,9,17.31,17.14,16.679999999999996,2009-09-14,Persistence+Trend,3,2009
2009-09-12,2009,9,17.25,17.07,17.070000000000004,2009-09-15,Persistence+Trend,3,2009
2009-09-13,2009,9,17.14,17.0,16.810000000000002,2009-09-16,Persistence+Trend,3,2009
2009-09-14,2009,9,17.14,16.94,17.14,2009-09-17,Persistence+Trend,3,2009
2009-09-15,2009,9,17.07,16.93,16.86,2009-09-18,Persistence+Trend,3,2009
2009-09-16,2009,9,17.0,16.99,16.79,2009-09-19,Persistence+Trend,3,2009
2009-09-17,2009,9,16.94,17.2,16.760000000000005,2009-09-20,Persistence+Trend,3,2009
2009-09-18,2009,9,16.93,17.3,16.899999999999995,2009-09-21,Persistence+Trend,3,2009
2009-09-19,2009,9,16.99,17.3,17.169999999999995,2009-09-22,Persistence+Trend,3,2009
2009-09-20,2009,9,17.2,17.23,17.830000000000002,2009-09-23,Persistence+Trend,3,2009
2009-09-21,2009,9,17.3,17.31,17.600000000000005,2009-09-24,Persistence+Trend,3,2009
2009-09-22,2009,9,17.3,17.51,17.3,2009-09-25,Persistence+Trend,3,2009
2009-09-23,2009,9,17.23,17.63,17.02,2009-09-26,Persistence+Trend,3,2009
2009-09-24,2009,9,17.31,17.65,17.549999999999994,2009-09-27,Persistence+Trend,3,2009
2009-09-25,2009,9,17.51,17.57,18.11000000000001,2009-09-28,Persistence+Trend,3,2009
2009-09-26,2009,9,17.63,17.46,17.98999999999999,2009-09-29,Persistence+Trend,3,2009
2009-09-27,2009,9,17.65,17.24,17.709999999999997,2009-09-30,Persistence+Trend,3,2009
2009-09-28,2009,9,17.57,17.12,17.330000000000005,2009-10-01,Persistence+Trend,3,2009
2009-09-29,2009,9,17.46,17.02,17.130000000000003,2009-10-02,Persistence+Trend,3,2009
2009-09-30,2009,9,17.24,16.92,16.57999999999999,2009-10-03,Persistence+Trend,3,2009
2009-10-01,2009,10,17.12,16.76,16.76000000000001,2009-10-04,Persistence+Trend,3,2009
2009-10-02,2009,10,17.02,16.62,16.719999999999995,2009-10-05,Persistence+Trend,3,2009
2009-10-03,2009,10,16.92,16.47,16.620000000000008,2009-10-06,Persistence+Trend,3,2009
2009-10-04,2009,10,16.76,16.36,16.28,2009-10-07,Persistence+Trend,3,2009
2009-10-05,2009,10,16.62,16.62,16.2,2009-10-08,Persistence+Trend,3,2009
2009-10-06,2009,10,16.47,17.56,16.019999999999992,2009-10-09,Persistence+Trend,3,2009
2009-10-07,2009,10,16.36,17.67,16.03,2009-10-10,Persistence+Trend,3,2009
2009-10-08,2009,10,16.62,17.41,17.400000000000006,2009-10-11,Persistence+Trend,3,2009
2009-10-09,2009,10,17.56,17.26,20.379999999999992,2009-10-12,Persistence+Trend,3,2009
2009-10-10,2009,10,17.67,17.14,18.00000000000001,2009-10-13,Persistence+Trend,3,2009
2009-10-11,2009,10,17.41,17.21,16.629999999999995,2009-10-14,Persistence+Trend,3,2009
2009-10-12,2009,10,17.26,17.33,16.810000000000006,2009-10-15,Persistence+Trend,3,2009
2009-10-13,2009,10,17.14,17.34,16.779999999999998,2009-10-16,Persistence+Trend,3,2009
2009-10-14,2009,10,17.21,17.25,17.42,2009-10-17,Persistence+Trend,3,2009
2009-10-15,2009,10,17.33,17.08,17.68999999999999,2009-10-18,Persistence+Trend,3,2009
2009-10-16,2009,10,17.34,16.9,17.370000000000005,2009-10-19,Persistence+Trend,3,2009
2009-10-17,2009,10,17.25,16.68,16.98,2009-10-20,Persistence+Trend,3,2009
2009-10-18,2009,10,17.08,16.48,16.569999999999993,2009-10-21,Persistence+Trend,3,2009
2009-10-19,2009,10,16.9,16.27,16.36,2009-10-22,Persistence+Trend,3,2009
2009-10-20,2009,10,16.68,16.16,16.020000000000003,2009-10-23,Persistence+Trend,3,2009
2009-10-21,2009,10,16.48,16.08,15.880000000000003,2009-10-24,Persistence+Trend,3,2009
2009-10-22,2009,10,16.27,16.0,15.639999999999997,2009-10-25,Persistence+Trend,3,2009
2009-10-23,2009,10,16.16,15.96,15.830000000000002,2009-10-26,Persistence+Trend,3,2009
2009-10-24,2009,10,16.08,15.93,15.839999999999993,2009-10-27,Persistence+Trend,3,2009
2009-10-25,2009,10,16.0,15.8,15.760000000000005,2009-10-28,Persistence+Trend,3,2009
2009-10-26,2009,10,15.96,15.73,15.840000000000003,2009-10-29,Persistence+Trend,3,2009
2009-10-27,2009,10,15.93,15.65,15.839999999999996,2009-10-30,Persistence+Trend,3,2009
2009-10-28,2009,10,15.8,15.58,15.410000000000004,2009-10-31,Persistence+Trend,3,2009
2009-10-29,2009,10,15.73,15.49,15.52,2009-11-01,Persistence+Trend,3,2009
2009-10-30,2009,10,15.65,15.42,15.41,2009-11-02,Persistence+Trend,3,2009
2009-10-31,2009,10,15.58,15.37,15.37,2009-11-03,Persistence+Trend,3,2009
2009-11-01,2009,11,15.49,15.28,15.22,2009-11-04,Persistence+Trend,3,2009
2009-11-02,2009,11,15.42,15.22,15.209999999999999,2009-11-05,Persistence+Trend,3,2009
2009-11-03,2009,11,15.37,15.17,15.219999999999997,2009-11-06,Persistence+Trend,3,2009
2009-11-04,2009,11,15.28,15.13,15.01,2009-11-07,Persistence+Trend,3,2009
2009-11-05,2009,11,15.22,15.07,15.040000000000004,2009-11-08,Persistence+Trend,3,2009
2009-11-06,2009,11,15.17,15.04,15.019999999999998,2009-11-09,Persistence+Trend,3,2009
2009-11-07,2009,11,15.13,15.01,15.010000000000003,2009-11-10,Persistence+Trend,3,2009
2009-11-08,2009,11,15.07,14.95,14.889999999999999,2009-11-11,Persistence+Trend,3,2009
2009-11-09,2009,11,15.04,14.9,14.949999999999996,2009-11-12,Persistence+Trend,3,2009
2009-11-10,2009,11,15.01,14.85,14.920000000000002,2009-11-13,Persistence+Trend,3,2009
2009-11-11,2009,11,14.95,14.8,14.769999999999998,2009-11-14,Persistence+Trend,3,2009
2009-11-12,2009,11,14.9,14.74,14.750000000000004,2009-11-15,Persistence+Trend,3,2009
2009-11-13,2009,11,14.85,14.7,14.699999999999998,2009-11-16,Persistence+Trend,3,2009
2009-11-14,2009,11,14.8,14.67,14.650000000000004,2009-11-17,Persistence+Trend,3,2009
2009-11-15,2009,11,14.74,14.63,14.559999999999999,2009-11-18,Persistence+Trend,3,2009
2009-11-16,2009,11,14.7,14.62,14.579999999999997,2009-11-19,Persistence+Trend,3,2009
2009-11-17,2009,11,14.67,14.6,14.580000000000002,2009-11-20,Persistence+Trend,3,2009
2009-11-18,2009,11,14.63,14.59,14.510000000000003,2009-11-21,Persistence+Trend,3,2009
2009-11-19,2009,11,14.62,14.57,14.589999999999995,2009-11-22,Persistence+Trend,3,2009
2009-11-20,2009,11,14.6,14.55,14.540000000000001,2009-11-23,Persistence+Trend,3,2009
2009-11-21,2009,11,14.59,14.63,14.56,2009-11-24,Persistence+Trend,3,2009
2009-11-22,2009,11,14.57,14.95,14.510000000000002,2009-11-25,Persistence+Trend,3,2009
2009-11-23,2009,11,14.55,15.0,14.490000000000002,2009-11-26,Persistence+Trend,3,2009
2009-11-24,2009,11,14.63,15.0,14.870000000000001,2009-11-27,Persistence+Trend,3,2009
2009-11-25,2009,11,14.95,14.87,15.909999999999995,2009-11-28,Persistence+Trend,3,2009
2009-11-26,2009,11,15.0,14.73,15.150000000000002,2009-11-29,Persistence+Trend,3,2009
2009-11-27,2009,11,15.0,14.64,15.0,2009-11-30,Persistence+Trend,3,2009
2009-11-28,2009,11,14.87,14.61,14.479999999999997,2009-12-01,Persistence+Trend,3,2009
2009-11-29,2009,11,14.73,14.52,14.310000000000004,2009-12-02,Persistence+Trend,3,2009
2009-11-30,2009,11,14.64,14.48,14.370000000000001,2009-12-03,Persistence+Trend,3,2009
2009-12-01,2009,12,14.61,14.4,14.519999999999996,2009-12-04,Persistence+Trend,3,2009
2009-12-02,2009,12,14.52,14.38,14.25,2009-12-05,Persistence+Trend,3,2009
2009-12-03,2009,12,14.48,14.35,14.360000000000003,2009-12-06,Persistence+Trend,3,2009
2009-12-04,2009,12,14.4,14.31,14.16,2009-12-07,Persistence+Trend,3,2009
2009-12-05,2009,12,14.38,14.29,14.320000000000002,2009-12-08,Persistence+Trend,3,2009
2009-12-06,2009,12,14.35,14.27,14.259999999999996,2009-12-09,Persistence+Trend,3,2009
2009-12-07,2009,12,14.31,14.25,14.190000000000003,2009-12-10,Persistence+Trend,3,2009
2009-12-08,2009,12,14.29,14.22,14.229999999999995,2009-12-11,Persistence+Trend,3,2009
2009-12-09,2009,12,14.27,14.2,14.21,2009-12-12,Persistence+Trend,3,2009
2009-12-10,2009,12,14.25,14.17,14.190000000000001,2009-12-13,Persistence+Trend,3,2009
2009-12-11,2009,12,14.22,14.16,14.130000000000003,2009-12-14,Persistence+Trend,3,2009
2009-12-12,2009,12,14.2,14.13,14.139999999999995,2009-12-15,Persistence+Trend,3,2009
2009-12-13,2009,12,14.17,14.12,14.080000000000002,2009-12-16,Persistence+Trend,3,2009
2009-12-14,2009,12,14.16,14.11,14.13,2009-12-17,Persistence+Trend,3,2009
2009-12-15,2009,12,14.13,14.07,14.040000000000003,2009-12-18,Persistence+Trend,3,2009
2009-12-16,2009,12,14.12,14.05,14.089999999999995,2009-12-19,Persistence+Trend,3,2009
2009-12-17,2009,12,14.11,14.01,14.08,2009-12-20,Persistence+Trend,3,2009
2009-12-18,2009,12,14.07,13.98,13.950000000000003,2009-12-21,Persistence+Trend,3,2009
2009-12-19,2009,12,14.05,13.96,13.990000000000002,2009-12-22,Persistence+Trend,3,2009
2009-12-20,2009,12,14.01,13.94,13.889999999999997,2009-12-23,Persistence+Trend,3,2009
2009-12-21,2009,12,13.98,13.92,13.890000000000002,2009-12-24,Persistence+Trend,3,2009
2009-12-22,2009,12,13.96,13.92,13.900000000000002,2009-12-25,Persistence+Trend,3,2009
2009-12-23,2009,12,13.94,13.91,13.879999999999995,2009-12-26,Persistence+Trend,3,2009
2009-12-24,2009,12,13.92,13.9,13.860000000000001,2009-12-27,Persistence+Trend,3,2009
2009-12-25,2009,12,13.92,13.89,13.92,2009-12-28,Persistence+Trend,3,2009
2009-12-26,2009,12,13.91,13.89,13.88,2009-12-29,Persistence+Trend,3,2009
2009-12-27,2009,12,13.9,13.88,13.870000000000001,2009-12-30,Persistence+Trend,3,2009
2009-12-28,2009,12,13.89,13.85,13.860000000000001,2009-12-31,Persistence+Trend,3,2009
2009-12-29,2009,12,13.89,13.83,13.89,2010-01-01,Persistence+Trend,3,2009
2009-12-30,2009,12,13.88,13.79,13.850000000000001,2010-01-02,Persistence+Trend,3,2009
2009-12-31,2009,12,13.85,13.76,13.759999999999996,2010-01-03,Persistence+Trend,3,2009
2010-01-01,2010,1,13.83,13.73,13.770000000000001,2010-01-04,Persistence+Trend,3,2010
2010-01-02,2010,1,13.79,13.71,13.669999999999996,2010-01-05,Persistence+Trend,3,2010
2010-01-03,2010,1,13.76,13.69,13.670000000000002,2010-01-06,Persistence+Trend,3,2010
2010-01-04,2010,1,13.73,13.67,13.640000000000002,2010-01-07,Persistence+Trend,3,2010
2010-01-05,2010,1,13.71,13.65,13.650000000000002,2010-01-08,Persistence+Trend,3,2010
2010-01-06,2010,1,13.69,13.63,13.629999999999995,2010-01-09,Persistence+Trend,3,2010
2010-01-07,2010,1,13.67,13.62,13.610000000000001,2010-01-10,Persistence+Trend,3,2010
2010-01-08,2010,1,13.65,13.6,13.590000000000002,2010-01-11,Persistence+Trend,3,2010
2010-01-09,2010,1,13.63,13.58,13.570000000000002,2010-01-12,Persistence+Trend,3,2010
2010-01-10,2010,1,13.62,13.56,13.589999999999995,2010-01-13,Persistence+Trend,3,2010
2010-01-11,2010,1,13.6,13.54,13.540000000000001,2010-01-14,Persistence+Trend,3,2010
2010-01-12,2010,1,13.58,13.53,13.520000000000001,2010-01-15,Persistence+Trend,3,2010
2010-01-13,2010,1,13.56,13.52,13.500000000000002,2010-01-16,Persistence+Trend,3,2010
2010-01-14,2010,1,13.54,13.5,13.479999999999995,2010-01-17,Persistence+Trend,3,2010
2010-01-15,2010,1,13.53,13.48,13.5,2010-01-18,Persistence+Trend,3,2010
2010-01-16,2010,1,13.52,13.46,13.49,2010-01-19,Persistence+Trend,3,2010
2010-01-17,2010,1,13.5,13.45,13.440000000000001,2010-01-20,Persistence+Trend,3,2010
2010-01-18,2010,1,13.48,13.43,13.420000000000002,2010-01-21,Persistence+Trend,3,2010
2010-01-19,2010,1,13.46,13.42,13.400000000000002,2010-01-22,Persistence+Trend,3,2010
2010-01-20,2010,1,13.45,13.41,13.419999999999995,2010-01-23,Persistence+Trend,3,2010
2010-01-21,2010,1,13.43,13.39,13.370000000000001,2010-01-24,Persistence+Trend,3,2010
2010-01-22,2010,1,13.42,13.37,13.39,2010-01-25,Persistence+Trend,3,2010
2010-01-23,2010,1,13.41,13.36,13.38,2010-01-26,Persistence+Trend,3,2010
2010-01-24,2010,1,13.39,13.35,13.330000000000002,2010-01-27,Persistence+Trend,3,2010
2010-01-25,2010,1,13.37,13.34,13.309999999999995,2010-01-28,Persistence+Trend,3,2010
2010-01-26,2010,1,13.36,13.32,13.33,2010-01-29,Persistence+Trend,3,2010
2010-01-27,2010,1,13.35,13.3,13.32,2010-01-30,Persistence+Trend,3,2010
2010-01-28,2010,1,13.34,13.28,13.31,2010-01-31,Persistence+Trend,3,2010
2010-01-29,2010,1,13.32,13.27,13.260000000000002,2010-02-01,Persistence+Trend,3,2010
2010-01-30,2010,1,13.3,13.25,13.240000000000002,2010-02-02,Persistence+Trend,3,2010
2010-01-31,2010,1,13.28,13.24,13.219999999999995,2010-02-03,Persistence+Trend,3,2010
2010-02-01,2010,2,13.27,13.22,13.24,2010-02-04,Persistence+Trend,3,2010
2010-02-02,2010,2,13.25,13.2,13.190000000000001,2010-02-05,Persistence+Trend,3,2010
2010-02-03,2010,2,13.24,13.19,13.21,2010-02-06,Persistence+Trend,3,2010
2010-02-04,2010,2,13.22,13.18,13.160000000000002,2010-02-07,Persistence+Trend,3,2010
2010-02-05,2010,2,13.2,13.17,13.139999999999995,2010-02-08,Persistence+Trend,3,2010
2010-02-06,2010,2,13.19,13.15,13.16,2010-02-09,Persistence+Trend,3,2010
2010-02-07,2010,2,13.18,13.14,13.15,2010-02-10,Persistence+Trend,3,2010
2010-02-08,2010,2,13.17,13.13,13.14,2010-02-11,Persistence+Trend,3,2010
2010-02-09,2010,2,13.15,13.11,13.090000000000002,2010-02-12,Persistence+Trend,3,2010
2010-02-10,2010,2,13.14,13.1,13.110000000000001,2010-02-13,Persistence+Trend,3,2010
2010-02-11,2010,2,13.13,13.09,13.100000000000001,2010-02-14,Persistence+Trend,3,2010
2010-02-12,2010,2,13.11,13.08,13.049999999999995,2010-02-15,Persistence+Trend,3,2010
2010-02-13,2010,2,13.1,13.08,13.07,2010-02-16,Persistence+Trend,3,2010
2010-02-14,2010,2,13.09,13.07,13.06,2010-02-17,Persistence+Trend,3,2010
2010-02-15,2010,2,13.08,13.06,13.05,2010-02-18,Persistence+Trend,3,2010
2010-02-16,2010,2,13.08,13.05,13.08,2010-02-19,Persistence+Trend,3,2010
2010-02-17,2010,2,13.07,13.05,13.040000000000001,2010-02-20,Persistence+Trend,3,2010
2010-02-18,2010,2,13.06,13.04,13.030000000000001,2010-02-21,Persistence+Trend,3,2010
2010-02-19,2010,2,13.05,13.03,13.020000000000001,2010-02-22,Persistence+Trend,3,2010
2010-02-20,2010,2,13.05,13.03,13.05,2010-02-23,Persistence+Trend,3,2010
2010-02-21,2010,2,13.04,13.03,13.009999999999994,2010-02-24,Persistence+Trend,3,2010
2010-02-22,2010,2,13.03,13.03,13.0,2010-02-25,Persistence+Trend,3,2010
2010-02-23,2010,2,13.03,13.03,13.03,2010-02-26,Persistence+Trend,3,2010
2010-02-24,2010,2,13.03,13.04,13.03,2010-02-27,Persistence+Trend,3,2010
2010-02-25,2010,2,13.03,13.04,13.03,2010-02-28,Persistence+Trend,3,2010
2010-02-26,2010,2,13.03,13.04,13.03,2010-03-01,Persistence+Trend,3,2010
2010-02-27,2010,2,13.04,13.04,13.069999999999999,2010-03-02,Persistence+Trend,3,2010
2010-02-28,2010,2,13.04,13.05,13.04,2010-03-03,Persistence+Trend,3,2010
2010-03-01,2010,3,13.04,13.05,13.04,2010-03-04,Persistence+Trend,3,2010
2010-03-02,2010,3,13.04,13.07,13.04,2010-03-05,Persistence+Trend,3,2010
2010-03-03,2010,3,13.05,13.1,13.080000000000005,2010-03-06,Persistence+Trend,3,2010
2010-03-04,2010,3,13.05,13.12,13.05,2010-03-07,Persistence+Trend,3,2010
2010-03-05,2010,3,13.07,13.14,13.129999999999999,2010-03-08,Persistence+Trend,3,2010
2010-03-06,2010,3,13.1,13.16,13.189999999999998,2010-03-09,Persistence+Trend,3,2010
2010-03-07,2010,3,13.12,13.19,13.179999999999998,2010-03-10,Persistence+Trend,3,2010
2010-03-08,2010,3,13.14,13.22,13.200000000000005,2010-03-11,Persistence+Trend,3,2010
2010-03-09,2010,3,13.16,13.27,13.219999999999999,2010-03-12,Persistence+Trend,3,2010
2010-03-10,2010,3,13.19,13.43,13.279999999999998,2010-03-13,Persistence+Trend,3,2010
2010-03-11,2010,3,13.22,13.55,13.310000000000004,2010-03-14,Persistence+Trend,3,2010
2010-03-12,2010,3,13.27,13.66,13.419999999999996,2010-03-15,Persistence+Trend,3,2010
2010-03-13,2010,3,13.43,13.7,13.91,2010-03-16,Persistence+Trend,3,2010
2010-03-14,2010,3,13.55,13.7,13.910000000000004,2010-03-17,Persistence+Trend,3,2010
2010-03-15,2010,3,13.66,13.64,13.989999999999998,2010-03-18,Persistence+Trend,3,2010
2010-03-16,2010,3,13.7,13.58,13.819999999999997,2010-03-19,Persistence+Trend,3,2010
2010-03-17,2010,3,13.7,13.53,13.7,2010-03-20,Persistence+Trend,3,2010
2010-03-18,2010,3,13.64,13.48,13.460000000000004,2010-03-21,Persistence+Trend,3,2010
2010-03-19,2010,3,13.58,13.46,13.399999999999999,2010-03-22,Persistence+Trend,3,2010
2010-03-20,2010,3,13.53,13.46,13.379999999999997,2010-03-23,Persistence+Trend,3,2010
2010-03-21,2010,3,13.48,13.46,13.330000000000004,2010-03-24,Persistence+Trend,3,2010
2010-03-22,2010,3,13.46,13.45,13.400000000000002,2010-03-25,Persistence+Trend,3,2010
2010-03-23,2010,3,13.46,13.45,13.46,2010-03-26,Persistence+Trend,3,2010
2010-03-24,2010,3,13.46,13.45,13.46,2010-03-27,Persistence+Trend,3,2010
2010-03-25,2010,3,13.45,13.53,13.419999999999995,2010-03-28,Persistence+Trend,3,2010
2010-03-26,2010,3,13.45,13.65,13.45,2010-03-29,Persistence+Trend,3,2010
2010-03-27,2010,3,13.45,13.77,13.45,2010-03-30,Persistence+Trend,3,2010
2010-03-28,2010,3,13.53,13.97,13.77,2010-03-31,Persistence+Trend,3,2010
2010-03-29,2010,3,13.65,14.42,14.010000000000003,2010-04-01,Persistence+Trend,3,2010
2010-03-30,2010,3,13.77,14.8,14.129999999999997,2010-04-02,Persistence+Trend,3,2010
2010-03-31,2010,3,13.97,15.07,14.570000000000004,2010-04-03,Persistence+Trend,3,2010
2010-04-01,2010,4,14.42,15.17,15.769999999999998,2010-04-04,Persistence+Trend,3,2010
2010-04-02,2010,4,14.8,15.17,15.940000000000003,2010-04-05,Persistence+Trend,3,2010
2010-04-03,2010,4,15.07,15.09,15.879999999999999,2010-04-06,Persistence+Trend,3,2010
2010-04-04,2010,4,15.17,15.16,15.469999999999999,2010-04-07,Persistence+Trend,3,2010
2010-04-05,2010,4,15.17,15.4,15.17,2010-04-08,Persistence+Trend,3,2010
2010-04-06,2010,4,15.09,15.57,14.85,2010-04-09,Persistence+Trend,3,2010
2010-04-07,2010,4,15.16,15.65,15.370000000000001,2010-04-10,Persistence+Trend,3,2010
2010-04-08,2010,4,15.4,15.65,16.12,2010-04-11,Persistence+Trend,3,2010
2010-04-09,2010,4,15.57,15.68,16.08,2010-04-12,Persistence+Trend,3,2010
2010-04-10,2010,4,15.65,15.78,15.89,2010-04-13,Persistence+Trend,3,2010
2010-04-11,2010,4,15.65,15.79,15.65,2010-04-14,Persistence+Trend,3,2010
2010-04-12,2010,4,15.68,15.69,15.769999999999998,2010-04-15,Persistence+Trend,3,2010
2010-04-13,2010,4,15.78,15.57,16.08,2010-04-16,Persistence+Trend,3,2010
2010-04-14,2010,4,15.79,15.56,15.819999999999999,2010-04-17,Persistence+Trend,3,2010
2010-04-15,2010,4,15.69,15.74,15.39,2010-04-18,Persistence+Trend,3,2010
2010-04-16,2010,4,15.57,15.74,15.210000000000003,2010-04-19,Persistence+Trend,3,2010
2010-04-17,2010,4,15.56,15.96,15.530000000000001,2010-04-20,Persistence+Trend,3,2010
2010-04-18,2010,4,15.74,16.21,16.28,2010-04-21,Persistence+Trend,3,2010
2010-04-19,2010,4,15.74,16.4,15.74,2010-04-22,Persistence+Trend,3,2010
2010-04-20,2010,4,15.96,16.48,16.620000000000005,2010-04-23,Persistence+Trend,3,2010
2010-04-21,2010,4,16.21,16.55,16.96,2010-04-24,Persistence+Trend,3,2010
2010-04-22,2010,4,16.4,16.55,16.96999999999999,2010-04-25,Persistence+Trend,3,2010
2010-04-23,2010,4,16.48,16.65,16.720000000000006,2010-04-26,Persistence+Trend,3,2010
2010-04-24,2010,4,16.55,17.43,16.76,2010-04-27,Persistence+Trend,3,2010
2010-04-25,2010,4,16.55,17.87,16.55,2010-04-28,Persistence+Trend,3,2010
2010-04-26,2010,4,16.65,17.98,16.949999999999992,2010-04-29,Persistence+Trend,3,2010
2010-04-27,2010,4,17.43,17.92,19.770000000000003,2010-04-30,Persistence+Trend,3,2010
2010-04-28,2010,4,17.87,17.69,19.190000000000005,2010-05-01,Persistence+Trend,3,2010
2010-04-29,2010,4,17.98,17.44,18.31,2010-05-02,Persistence+Trend,3,2010
2010-04-30,2010,4,17.92,17.03,17.740000000000006,2010-05-03,Persistence+Trend,3,2010
2010-05-01,2010,5,17.69,16.76,17.0,2010-05-04,Persistence+Trend,3,2010
2010-05-02,2010,5,17.44,16.5,16.69,2010-05-05,Persistence+Trend,3,2010
2010-05-03,2010,5,17.03,16.25,15.8,2010-05-06,Persistence+Trend,3,2010
2010-05-04,2010,5,16.76,16.09,15.950000000000003,2010-05-07,Persistence+Trend,3,2010
2010-05-05,2010,5,16.5,16.03,15.719999999999995,2010-05-08,Persistence+Trend,3,2010
2010-05-06,2010,5,16.25,16.12,15.5,2010-05-09,Persistence+Trend,3,2010
2010-05-07,2010,5,16.09,16.31,15.61,2010-05-10,Persistence+Trend,3,2010
2010-05-08,2010,5,16.03,16.33,15.850000000000005,2010-05-11,Persistence+Trend,3,2010
2010-05-09,2010,5,16.12,16.27,16.39,2010-05-12,Persistence+Trend,3,2010
2010-05-10,2010,5,16.31,16.24,16.879999999999992,2010-05-13,Persistence+Trend,3,2010
2010-05-11,2010,5,16.33,16.24,16.389999999999997,2010-05-14,Persistence+Trend,3,2010
2010-05-12,2010,5,16.27,16.33,16.090000000000003,2010-05-15,Persistence+Trend,3,2010
2010-05-13,2010,5,16.24,16.84,16.149999999999995,2010-05-16,Persistence+Trend,3,2010
2010-05-14,2010,5,16.24,17.47,16.24,2010-05-17,Persistence+Trend,3,2010
2010-05-15,2010,5,16.33,17.8,16.599999999999998,2010-05-18,Persistence+Trend,3,2010
2010-05-16,2010,5,16.84,17.97,18.370000000000005,2010-05-19,Persistence+Trend,3,2010
2010-05-17,2010,5,17.47,18.16,19.359999999999996,2010-05-20,Persistence+Trend,3,2010
2010-05-18,2010,5,17.8,18.2,18.790000000000006,2010-05-21,Persistence+Trend,3,2010
2010-05-19,2010,5,17.97,18.0,18.479999999999993,2010-05-22,Persistence+Trend,3,2010
2010-05-20,2010,5,18.16,17.65,18.730000000000004,2010-05-23,Persistence+Trend,3,2010
2010-05-21,2010,5,18.2,17.6,18.319999999999997,2010-05-24,Persistence+Trend,3,2010
2010-05-22,2010,5,18.0,17.7,17.400000000000002,2010-05-25,Persistence+Trend,3,2010
2010-05-23,2010,5,17.65,18.04,16.599999999999994,2010-05-26,Persistence+Trend,3,2010
2010-05-24,2010,5,17.6,18.18,17.45000000000001,2010-05-27,Persistence+Trend,3,2010
2010-05-25,2010,5,17.7,18.08,17.999999999999993,2010-05-28,Persistence+Trend,3,2010
2010-05-26,2010,5,18.04,17.84,19.06,2010-05-29,Persistence+Trend,3,2010
2010-05-27,2010,5,18.18,17.64,18.6,2010-05-30,Persistence+Trend,3,2010
2010-05-28,2010,5,18.08,17.58,17.779999999999994,2010-05-31,Persistence+Trend,3,2010
2010-05-29,2010,5,17.84,17.44,17.120000000000005,2010-06-01,Persistence+Trend,3,2010
2010-05-30,2010,5,17.64,17.38,17.040000000000003,2010-06-02,Persistence+Trend,3,2010
2010-05-31,2010,5,17.58,17.44,17.39999999999999,2010-06-03,Persistence+Trend,3,2010
2010-06-01,2010,6,17.44,17.41,17.02000000000001,2010-06-04,Persistence+Trend,3,2010
2010-06-02,2010,6,17.38,17.57,17.199999999999992,2010-06-05,Persistence+Trend,3,2010
2010-06-03,2010,6,17.44,17.76,17.620000000000008,2010-06-06,Persistence+Trend,3,2010
2010-06-04,2010,6,17.41,18.0,17.319999999999997,2010-06-07,Persistence+Trend,3,2010
2010-06-05,2010,6,17.57,18.2,18.05,2010-06-08,Persistence+Trend,3,2010
2010-06-06,2010,6,17.76,18.2,18.330000000000005,2010-06-09,Persistence+Trend,3,2010
2010-06-07,2010,6,18.0,18.33,18.719999999999995,2010-06-10,Persistence+Trend,3,2010
2010-06-08,2010,6,18.2,18.75,18.799999999999997,2010-06-11,Persistence+Trend,3,2010
2010-06-09,2010,6,18.2,18.93,18.2,2010-06-12,Persistence+Trend,3,2010
2010-06-10,2010,6,18.33,18.92,18.719999999999995,2010-06-13,Persistence+Trend,3,2010
2010-06-11,2010,6,18.75,18.65,20.010000000000005,2010-06-14,Persistence+Trend,3,2010
2010-06-12,2010,6,18.93,18.45,19.47,2010-06-15,Persistence+Trend,3,2010
2010-06-13,2010,6,18.92,18.34,18.890000000000008,2010-06-16,Persistence+Trend,3,2010
2010-06-14,2010,6,18.65,18.31,17.83999999999999,2010-06-17,Persistence+Trend,3,2010
2010-06-15,2010,6,18.45,18.32,17.85,2010-06-18,Persistence+Trend,3,2010
2010-06-16,2010,6,18.34,18.44,18.01,2010-06-19,Persistence+Trend,3,2010
2010-06-17,2010,6,18.31,18.44,18.219999999999995,2010-06-20,Persistence+Trend,3,2010
2010-06-18,2010,6,18.32,18.57,18.350000000000005,2010-06-21,Persistence+Trend,3,2010
2010-06-19,2010,6,18.44,18.55,18.800000000000004,2010-06-22,Persistence+Trend,3,2010
2010-06-20,2010,6,18.44,18.51,18.44,2010-06-23,Persistence+Trend,3,2010
2010-06-21,2010,6,18.57,18.61,18.959999999999997,2010-06-24,Persistence+Trend,3,2010
2010-06-22,2010,6,18.55,18.61,18.490000000000002,2010-06-25,Persistence+Trend,3,2010
2010-06-23,2010,6,18.51,18.65,18.390000000000004,2010-06-26,Persistence+Trend,3,2010
2010-06-24,2010,6,18.61,18.74,18.909999999999993,2010-06-27,Persistence+Trend,3,2010
2010-06-25,2010,6,18.61,19.31,18.61,2010-06-28,Persistence+Trend,3,2010
2010-06-26,2010,6,18.65,19.61,18.769999999999996,2010-06-29,Persistence+Trend,3,2010
2010-06-27,2010,6,18.74,19.59,19.009999999999998,2010-06-30,Persistence+Trend,3,2010
2010-06-28,2010,6,19.31,19.51,21.02,2010-07-01,Persistence+Trend,3,2010
2010-06-29,2010,6,19.61,19.47,20.51,2010-07-02,Persistence+Trend,3,2010
2010-06-30,2010,6,19.59,19.42,19.53,2010-07-03,Persistence+Trend,3,2010
2010-07-01,2010,7,19.51,19.45,19.270000000000007,2010-07-04,Persistence+Trend,3,2010
2010-07-02,2010,7,19.47,19.44,19.34999999999999,2010-07-05,Persistence+Trend,3,2010
2010-07-03,2010,7,19.42,19.35,19.27000000000001,2010-07-06,Persistence+Trend,3,2010
2010-07-04,2010,7,19.45,19.24,19.539999999999992,2010-07-07,Persistence+Trend,3,2010
2010-07-05,2010,7,19.44,19.08,19.410000000000007,2010-07-08,Persistence+Trend,3,2010
2010-07-06,2010,7,19.35,19.05,19.080000000000002,2010-07-09,Persistence+Trend,3,2010
2010-07-07,2010,7,19.24,19.05,18.90999999999999,2010-07-10,Persistence+Trend,3,2010
2010-07-08,2010,7,19.08,19.26,18.599999999999998,2010-07-11,Persistence+Trend,3,2010
2010-07-09,2010,7,19.05,19.42,18.960000000000008,2010-07-12,Persistence+Trend,3,2010
2010-07-10,2010,7,19.05,19.51,19.05,2010-07-13,Persistence+Trend,3,2010
2010-07-11,2010,7,19.26,19.52,19.890000000000004,2010-07-14,Persistence+Trend,3,2010
2010-07-12,2010,7,19.42,19.52,19.900000000000002,2010-07-15,Persistence+Trend,3,2010
2010-07-13,2010,7,19.51,19.44,19.78,2010-07-16,Persistence+Trend,3,2010
2010-07-14,2010,7,19.52,19.34,19.549999999999994,2010-07-17,Persistence+Trend,3,2010
2010-07-15,2010,7,19.52,19.31,19.52,2010-07-18,Persistence+Trend,3,2010
2010-07-16,2010,7,19.44,19.4,19.200000000000006,2010-07-19,Persistence+Trend,3,2010
2010-07-17,2010,7,19.34,19.52,19.039999999999996,2010-07-20,Persistence+Trend,3,2010
2010-07-18,2010,7,19.31,19.54,19.219999999999995,2010-07-21,Persistence+Trend,3,2010
2010-07-19,2010,7,19.4,19.67,19.669999999999998,2010-07-22,Persistence+Trend,3,2010
2010-07-20,2010,7,19.52,19.8,19.880000000000003,2010-07-23,Persistence+Trend,3,2010
2010-07-21,2010,7,19.54,19.78,19.599999999999998,2010-07-24,Persistence+Trend,3,2010
2010-07-22,2010,7,19.67,19.65,20.06000000000001,2010-07-25,Persistence+Trend,3,2010
2010-07-23,2010,7,19.8,19.47,20.189999999999998,2010-07-26,Persistence+Trend,3,2010
2010-07-24,2010,7,19.78,19.33,19.720000000000002,2010-07-27,Persistence+Trend,3,2010
2010-07-25,2010,7,19.65,19.29,19.25999999999999,2010-07-28,Persistence+Trend,3,2010
2010-07-26,2010,7,19.47,19.21,18.93,2010-07-29,Persistence+Trend,3,2010
2010-07-27,2010,7,19.33,19.17,18.909999999999997,2010-07-30,Persistence+Trend,3,2010
2010-07-28,2010,7,19.29,19.08,19.17,2010-07-31,Persistence+Trend,3,2010
2010-07-29,2010,7,19.21,19.07,18.970000000000006,2010-08-01,Persistence+Trend,3,2010
2010-07-30,2010,7,19.17,18.97,19.050000000000004,2010-08-02,Persistence+Trend,3,2010
2010-07-31,2010,7,19.08,18.9,18.809999999999988,2010-08-03,Persistence+Trend,3,2010
2010-08-01,2010,8,19.07,18.73,19.040000000000006,2010-08-04,Persistence+Trend,3,2010
2010-08-02,2010,8,18.97,18.68,18.669999999999995,2010-08-05,Persistence+Trend,3,2010
2010-08-03,2010,8,18.9,18.653,18.689999999999998,2010-08-06,Persistence+Trend,3,2010
2010-08-04,2010,8,18.73,18.62,18.220000000000006,2010-08-07,Persistence+Trend,3,2010
2010-08-05,2010,8,18.68,18.57,18.529999999999998,2010-08-08,Persistence+Trend,3,2010
2010-08-06,2010,8,18.653,18.54,18.571999999999996,2010-08-09,Persistence+Trend,3,2010
2010-08-07,2010,8,18.62,18.47,18.521000000000008,2010-08-10,Persistence+Trend,3,2010
2010-08-08,2010,8,18.57,18.38,18.419999999999998,2010-08-11,Persistence+Trend,3,2010
2010-08-09,2010,8,18.54,18.34,18.449999999999996,2010-08-12,Persistence+Trend,3,2010
2010-08-10,2010,8,18.47,18.28,18.259999999999998,2010-08-13,Persistence+Trend,3,2010
2010-08-11,2010,8,18.38,18.25,18.11,2010-08-14,Persistence+Trend,3,2010
2010-08-12,2010,8,18.34,18.18,18.220000000000002,2010-08-15,Persistence+Trend,3,2010
2010-08-13,2010,8,18.28,18.15,18.100000000000005,2010-08-16,Persistence+Trend,3,2010
2010-08-14,2010,8,18.25,18.14,18.159999999999997,2010-08-17,Persistence+Trend,3,2010
2010-08-15,2010,8,18.18,18.37,17.97,2010-08-18,Persistence+Trend,3,2010
2010-08-16,2010,8,18.15,18.5,18.059999999999995,2010-08-19,Persistence+Trend,3,2010
2010-08-17,2010,8,18.14,18.75,18.110000000000007,2010-08-20,Persistence+Trend,3,2010
2010-08-18,2010,8,18.37,18.79,19.060000000000002,2010-08-21,Persistence+Trend,3,2010
2010-08-19,2010,8,18.5,18.89,18.889999999999997,2010-08-22,Persistence+Trend,3,2010
2010-08-20,2010,8,18.75,19.05,19.5,2010-08-23,Persistence+Trend,3,2010
2010-08-21,2010,8,18.79,19.22,18.909999999999997,2010-08-24,Persistence+Trend,3,2010
2010-08-22,2010,8,18.89,19.37,19.190000000000005,2010-08-25,Persistence+Trend,3,2010
2010-08-23,2010,8,19.05,19.38,19.53,2010-08-26,Persistence+Trend,3,2010
2010-08-24,2010,8,19.22,19.35,19.729999999999993,2010-08-27,Persistence+Trend,3,2010
2010-08-25,2010,8,19.37,19.39,19.820000000000007,2010-08-28,Persistence+Trend,3,2010
2010-08-26,2010,8,19.38,19.52,19.409999999999993,2010-08-29,Persistence+Trend,3,2010
2010-08-27,2010,8,19.35,19.53,19.26000000000001,2010-08-30,Persistence+Trend,3,2010
2010-08-28,2010,8,19.39,19.53,19.509999999999998,2010-08-31,Persistence+Trend,3,2010
2010-08-29,2010,8,19.52,19.42,19.909999999999997,2010-09-01,Persistence+Trend,3,2010
2010-08-30,2010,8,19.53,19.33,19.560000000000006,2010-09-02,Persistence+Trend,3,2010
2010-08-31,2010,8,19.53,19.29,19.53,2010-09-03,Persistence+Trend,3,2010
2010-09-01,2010,9,19.42,19.2,19.090000000000003,2010-09-04,Persistence+Trend,3,2010
2010-09-02,2010,9,19.33,19.19,19.059999999999988,2010-09-05,Persistence+Trend,3,2010
2010-09-03,2010,9,19.29,19.19,19.17,2010-09-06,Persistence+Trend,3,2010
2010-09-04,2010,9,19.2,19.2,18.93,2010-09-07,Persistence+Trend,3,2010
2010-09-05,2010,9,19.19,19.12,19.160000000000007,2010-09-08,Persistence+Trend,3,2010
2010-09-06,2010,9,19.19,19.09,19.19,2010-09-09,Persistence+Trend,3,2010
2010-09-07,2010,9,19.2,19.17,19.229999999999993,2010-09-10,Persistence+Trend,3,2010
2010-09-08,2010,9,19.12,19.35,18.880000000000006,2010-09-11,Persistence+Trend,3,2010
2010-09-09,2010,9,19.09,19.61,18.999999999999996,2010-09-12,Persistence+Trend,3,2010
2010-09-10,2010,9,19.17,19.77,19.410000000000007,2010-09-13,Persistence+Trend,3,2010
2010-09-11,2010,9,19.35,19.78,19.89,2010-09-14,Persistence+Trend,3,2010
2010-09-12,2010,9,19.61,19.78,20.389999999999993,2010-09-15,Persistence+Trend,3,2010
2010-09-13,2010,9,19.77,19.78,20.25,2010-09-16,Persistence+Trend,3,2010
2010-09-14,2010,9,19.78,19.71,19.810000000000006,2010-09-17,Persistence+Trend,3,2010
2010-09-15,2010,9,19.78,19.55,19.78,2010-09-18,Persistence+Trend,3,2010
2010-09-16,2010,9,19.78,19.41,19.78,2010-09-19,Persistence+Trend,3,2010
2010-09-17,2010,9,19.71,19.3,19.5,2010-09-20,Persistence+Trend,3,2010
2010-09-18,2010,9,19.55,19.27,19.07,2010-09-21,Persistence+Trend,3,2010
2010-09-19,2010,9,19.41,19.25,18.99,2010-09-22,Persistence+Trend,3,2010
2010-09-20,2010,9,19.3,19.23,18.970000000000002,2010-09-23,Persistence+Trend,3,2010
2010-09-21,2010,9,19.27,19.18,19.179999999999996,2010-09-24,Persistence+Trend,3,2010
2010-09-22,2010,9,19.25,19.09,19.19,2010-09-25,Persistence+Trend,3,2010
2010-09-23,2010,9,19.23,19.0,19.17,2010-09-26,Persistence+Trend,3,2010
2010-09-24,2010,9,19.18,18.87,19.029999999999998,2010-09-27,Persistence+Trend,3,2010
2010-09-25,2010,9,19.09,18.75,18.82,2010-09-28,Persistence+Trend,3,2010
2010-09-26,2010,9,19.0,18.66,18.73,2010-09-29,Persistence+Trend,3,2010
2010-09-27,2010,9,18.87,18.61,18.480000000000004,2010-09-30,Persistence+Trend,3,2010
2010-11-08,2010,11,15.78,15.6,15.569999999999999,2010-11-11,Persistence+Trend,3,2010
2010-11-09,2010,11,15.74,15.55,15.620000000000003,2010-11-12,Persistence+Trend,3,2010
2010-11-10,2010,11,15.68,15.5,15.499999999999998,2010-11-13,Persistence+Trend,3,2010
2010-11-11,2010,11,15.6,15.45,15.36,2010-11-14,Persistence+Trend,3,2010
2010-11-12,2010,11,15.55,15.4,15.400000000000004,2010-11-15,Persistence+Trend,3,2010
2010-11-13,2010,11,15.5,15.33,15.349999999999998,2010-11-16,Persistence+Trend,3,2010
2010-11-14,2010,11,15.45,15.29,15.299999999999997,2010-11-17,Persistence+Trend,3,2010
2010-11-15,2010,11,15.4,15.26,15.250000000000004,2010-11-18,Persistence+Trend,3,2010
2010-11-16,2010,11,15.33,15.23,15.12,2010-11-19,Persistence+Trend,3,2010
2010-11-17,2010,11,15.29,15.2,15.169999999999996,2010-11-20,Persistence+Trend,3,2010
2010-11-18,2010,11,15.26,15.17,15.170000000000002,2010-11-21,Persistence+Trend,3,2010
2010-11-19,2010,11,15.23,15.14,15.140000000000002,2010-11-22,Persistence+Trend,3,2010
2010-11-20,2010,11,15.2,15.12,15.109999999999996,2010-11-23,Persistence+Trend,3,2010
2010-11-21,2010,11,15.17,15.08,15.080000000000002,2010-11-24,Persistence+Trend,3,2010
2010-11-22,2010,11,15.14,15.05,15.050000000000002,2010-11-25,Persistence+Trend,3,2010
2010-11-23,2010,11,15.12,15.07,15.059999999999995,2010-11-26,Persistence+Trend,3,2010
2010-11-24,2010,11,15.08,15.09,14.960000000000003,2010-11-27,Persistence+Trend,3,2010
2010-11-25,2010,11,15.05,15.11,14.960000000000003,2010-11-28,Persistence+Trend,3,2010
2010-11-26,2010,11,15.07,15.11,15.129999999999999,2010-11-29,Persistence+Trend,3,2010
2010-11-27,2010,11,15.09,15.06,15.149999999999999,2010-11-30,Persistence+Trend,3,2010
2010-11-28,2010,11,15.11,15.01,15.169999999999998,2010-12-01,Persistence+Trend,3,2010
2010-11-29,2010,11,15.11,14.93,15.11,2010-12-02,Persistence+Trend,3,2010
2010-11-30,2010,11,15.06,14.897,14.910000000000004,2010-12-03,Persistence+Trend,3,2010
2010-12-01,2010,12,15.01,14.86,14.859999999999998,2010-12-04,Persistence+Trend,3,2010
2010-12-02,2010,12,14.93,14.82,14.69,2010-12-05,Persistence+Trend,3,2010
2010-12-03,2010,12,14.897,14.8,14.798000000000002,2010-12-06,Persistence+Trend,3,2010
2010-12-04,2010,12,14.86,14.79,14.748999999999997,2010-12-07,Persistence+Trend,3,2010
2010-12-05,2010,12,14.82,14.77,14.700000000000003,2010-12-08,Persistence+Trend,3,2010
2010-12-06,2010,12,14.8,14.74,14.740000000000002,2010-12-09,Persistence+Trend,3,2010
2010-12-07,2010,12,14.79,14.7,14.759999999999994,2010-12-10,Persistence+Trend,3,2010
2010-12-08,2010,12,14.77,14.66,14.71,2010-12-11,Persistence+Trend,3,2010
2010-12-09,2010,12,14.74,14.61,14.650000000000002,2010-12-12,Persistence+Trend,3,2010
2010-12-10,2010,12,14.7,14.57,14.579999999999997,2010-12-13,Persistence+Trend,3,2010
2010-12-11,2010,12,14.66,14.53,14.540000000000003,2010-12-14,Persistence+Trend,3,2010
2010-12-12,2010,12,14.61,14.5,14.459999999999997,2010-12-15,Persistence+Trend,3,2010
2010-12-13,2010,12,14.57,14.47,14.450000000000003,2010-12-16,Persistence+Trend,3,2010
2010-12-14,2010,12,14.53,14.45,14.409999999999997,2010-12-17,Persistence+Trend,3,2010
2010-12-15,2010,12,14.5,14.43,14.410000000000002,2010-12-18,Persistence+Trend,3,2010
2010-12-16,2010,12,14.47,14.41,14.380000000000003,2010-12-19,Persistence+Trend,3,2010
2010-12-17,2010,12,14.45,14.38,14.389999999999995,2010-12-20,Persistence+Trend,3,2010
2010-12-18,2010,12,14.43,14.36,14.370000000000001,2010-12-21,Persistence+Trend,3,2010
2010-12-19,2010,12,14.41,14.34,14.350000000000001,2010-12-22,Persistence+Trend,3,2010
2010-12-20,2010,12,14.38,14.33,14.290000000000003,2010-12-23,Persistence+Trend,3,2010
2010-12-21,2010,12,14.36,14.28,14.299999999999995,2010-12-24,Persistence+Trend,3,2010
2010-12-22,2010,12,14.34,14.27,14.280000000000001,2010-12-25,Persistence+Trend,3,2010
2010-12-23,2010,12,14.33,14.26,14.3,2010-12-26,Persistence+Trend,3,2010
2010-12-24,2010,12,14.28,14.24,14.129999999999997,2010-12-27,Persistence+Trend,3,2010
2010-12-25,2010,12,14.27,14.21,14.24,2010-12-28,Persistence+Trend,3,2010
2010-12-26,2010,12,14.26,14.17,14.23,2010-12-29,Persistence+Trend,3,2010
2010-12-27,2010,12,14.24,14.14,14.180000000000001,2010-12-30,Persistence+Trend,3,2010
2010-12-28,2010,12,14.21,14.1,14.120000000000003,2010-12-31,Persistence+Trend,3,2010
2010-12-29,2010,12,14.17,14.08,14.049999999999997,2011-01-01,Persistence+Trend,3,2010
2010-12-30,2010,12,14.14,14.06,14.050000000000002,2011-01-02,Persistence+Trend,3,2010
2010-12-31,2010,12,14.1,14.04,13.979999999999997,2011-01-03,Persistence+Trend,3,2010
2011-01-01,2011,1,14.08,14.03,14.020000000000001,2011-01-04,Persistence+Trend,3,2011
2011-01-02,2011,1,14.06,13.99,14.000000000000002,2011-01-05,Persistence+Trend,3,2011
2011-01-03,2011,1,14.04,13.96,13.979999999999995,2011-01-06,Persistence+Trend,3,2011
2011-01-04,2011,1,14.03,13.94,14.0,2011-01-07,Persistence+Trend,3,2011
2011-01-05,2011,1,13.99,13.92,13.870000000000003,2011-01-08,Persistence+Trend,3,2011
2011-01-06,2011,1,13.96,13.9,13.870000000000003,2011-01-09,Persistence+Trend,3,2011
2011-01-07,2011,1,13.94,13.88,13.879999999999995,2011-01-10,Persistence+Trend,3,2011
2011-01-08,2011,1,13.92,13.863,13.860000000000001,2011-01-11,Persistence+Trend,3,2011
2011-01-09,2011,1,13.9,13.84,13.840000000000002,2011-01-12,Persistence+Trend,3,2011
2011-01-10,2011,1,13.88,13.82,13.820000000000002,2011-01-13,Persistence+Trend,3,2011
2011-01-11,2011,1,13.863,13.798,13.811999999999996,2011-01-14,Persistence+Trend,3,2011
2011-01-12,2011,1,13.84,13.77,13.771,2011-01-15,Persistence+Trend,3,2011
2011-01-13,2011,1,13.82,13.75,13.760000000000002,2011-01-16,Persistence+Trend,3,2011
2011-01-14,2011,1,13.798,13.73,13.732,2011-01-17,Persistence+Trend,3,2011
2011-01-15,2011,1,13.77,13.71,13.685999999999998,2011-01-18,Persistence+Trend,3,2011
2011-01-16,2011,1,13.75,13.69,13.690000000000001,2011-01-19,Persistence+Trend,3,2011
2011-01-17,2011,1,13.73,13.68,13.670000000000002,2011-01-20,Persistence+Trend,3,2011
2011-01-18,2011,1,13.71,13.67,13.650000000000002,2011-01-21,Persistence+Trend,3,2011
2011-01-19,2011,1,13.69,13.65,13.629999999999995,2011-01-22,Persistence+Trend,3,2011
2011-01-20,2011,1,13.68,13.63,13.65,2011-01-23,Persistence+Trend,3,2011
2011-01-21,2011,1,13.67,13.63,13.64,2011-01-24,Persistence+Trend,3,2011
2011-01-22,2011,1,13.65,13.63,13.590000000000002,2011-01-25,Persistence+Trend,3,2011
2011-01-23,2011,1,13.63,13.61,13.570000000000002,2011-01-26,Persistence+Trend,3,2011
2011-01-24,2011,1,13.63,13.59,13.63,2011-01-27,Persistence+Trend,3,2011
2011-01-25,2011,1,13.63,13.56,13.63,2011-01-28,Persistence+Trend,3,2011
2011-01-26,2011,1,13.61,13.54,13.549999999999995,2011-01-29,Persistence+Trend,3,2011
2011-01-27,2011,1,13.59,13.52,13.530000000000001,2011-01-30,Persistence+Trend,3,2011
2011-01-28,2011,1,13.56,13.5,13.470000000000002,2011-01-31,Persistence+Trend,3,2011
2011-01-29,2011,1,13.54,13.48,13.479999999999995,2011-02-01,Persistence+Trend,3,2011
2011-01-30,2011,1,13.52,13.46,13.46,2011-02-02,Persistence+Trend,3,2011
2011-01-31,2011,1,13.5,13.44,13.440000000000001,2011-02-03,Persistence+Trend,3,2011
2011-02-01,2011,2,13.48,13.43,13.420000000000002,2011-02-04,Persistence+Trend,3,2011
2011-02-02,2011,2,13.46,13.42,13.400000000000002,2011-02-05,Persistence+Trend,3,2011
2011-02-03,2011,2,13.44,13.4,13.379999999999995,2011-02-06,Persistence+Trend,3,2011
2011-02-04,2011,2,13.43,13.39,13.4,2011-02-07,Persistence+Trend,3,2011
2011-02-05,2011,2,13.42,13.37,13.39,2011-02-08,Persistence+Trend,3,2011
2011-02-06,2011,2,13.4,13.36,13.340000000000002,2011-02-09,Persistence+Trend,3,2011
2011-02-07,2011,2,13.39,13.35,13.360000000000001,2011-02-10,Persistence+Trend,3,2011
2011-02-08,2011,2,13.37,13.33,13.309999999999995,2011-02-11,Persistence+Trend,3,2011
2011-02-09,2011,2,13.36,13.32,13.33,2011-02-12,Persistence+Trend,3,2011
2011-02-10,2011,2,13.35,13.31,13.32,2011-02-13,Persistence+Trend,3,2011
2011-02-11,2011,2,13.33,13.3,13.270000000000001,2011-02-14,Persistence+Trend,3,2011
2011-02-12,2011,2,13.32,13.3,13.290000000000001,2011-02-15,Persistence+Trend,3,2011
2011-02-13,2011,2,13.31,13.3,13.280000000000001,2011-02-16,Persistence+Trend,3,2011
2011-02-14,2011,2,13.3,13.32,13.270000000000001,2011-02-17,Persistence+Trend,3,2011
2011-02-15,2011,2,13.3,13.33,13.3,2011-02-18,Persistence+Trend,3,2011
2011-02-16,2011,2,13.3,13.34,13.3,2011-02-19,Persistence+Trend,3,2011
2011-02-17,2011,2,13.32,13.35,13.379999999999999,2011-02-20,Persistence+Trend,3,2011
2011-02-18,2011,2,13.33,13.34,13.36,2011-02-21,Persistence+Trend,3,2011
2011-02-19,2011,2,13.34,13.33,13.37,2011-02-22,Persistence+Trend,3,2011
2011-02-20,2011,2,13.35,13.32,13.379999999999999,2011-02-23,Persistence+Trend,3,2011
2011-02-21,2011,2,13.34,13.31,13.31,2011-02-24,Persistence+Trend,3,2011
2011-02-22,2011,2,13.33,13.36,13.3,2011-02-25,Persistence+Trend,3,2011
2011-02-23,2011,2,13.32,13.47,13.290000000000001,2011-02-26,Persistence+Trend,3,2011
2011-02-24,2011,2,13.31,13.56,13.280000000000001,2011-02-27,Persistence+Trend,3,2011
2011-02-25,2011,2,13.36,13.58,13.509999999999996,2011-02-28,Persistence+Trend,3,2011
2011-02-26,2011,2,13.47,13.56,13.800000000000004,2011-03-01,Persistence+Trend,3,2011
2011-02-27,2011,2,13.56,13.51,13.83,2011-03-02,Persistence+Trend,3,2011
2011-02-28,2011,2,13.58,13.44,13.639999999999999,2011-03-03,Persistence+Trend,3,2011
2011-03-01,2011,3,13.56,13.39,13.500000000000002,2011-03-04,Persistence+Trend,3,2011
2011-03-02,2011,3,13.51,13.34,13.359999999999998,2011-03-05,Persistence+Trend,3,2011
2011-03-03,2011,3,13.44,13.3,13.229999999999999,2011-03-06,Persistence+Trend,3,2011
2011-03-04,2011,3,13.39,13.28,13.240000000000004,2011-03-07,Persistence+Trend,3,2011
2011-03-05,2011,3,13.34,13.26,13.189999999999998,2011-03-08,Persistence+Trend,3,2011
2011-03-06,2011,3,13.3,13.24,13.180000000000003,2011-03-09,Persistence+Trend,3,2011
2011-03-07,2011,3,13.28,13.22,13.219999999999995,2011-03-10,Persistence+Trend,3,2011
2011-03-08,2011,3,13.26,13.21,13.200000000000001,2011-03-11,Persistence+Trend,3,2011
2011-03-09,2011,3,13.24,13.21,13.180000000000001,2011-03-12,Persistence+Trend,3,2011
2011-03-10,2011,3,13.22,13.22,13.160000000000002,2011-03-13,Persistence+Trend,3,2011
2011-03-11,2011,3,13.21,13.24,13.180000000000001,2011-03-14,Persistence+Trend,3,2011
2011-03-12,2011,3,13.21,13.27,13.21,2011-03-15,Persistence+Trend,3,2011
2011-03-13,2011,3,13.22,13.32,13.25,2011-03-16,Persistence+Trend,3,2011
2011-03-14,2011,3,13.24,13.34,13.299999999999999,2011-03-17,Persistence+Trend,3,2011
2011-03-15,2011,3,13.27,13.42,13.359999999999998,2011-03-18,Persistence+Trend,3,2011
2011-03-16,2011,3,13.32,13.56,13.470000000000002,2011-03-19,Persistence+Trend,3,2011
2011-03-17,2011,3,13.34,13.76,13.399999999999999,2011-03-20,Persistence+Trend,3,2011
2011-03-18,2011,3,13.42,13.84,13.66,2011-03-21,Persistence+Trend,3,2011
2011-03-19,2011,3,13.56,13.87,13.980000000000002,2011-03-22,Persistence+Trend,3,2011
2011-03-20,2011,3,13.76,13.87,14.359999999999998,2011-03-23,Persistence+Trend,3,2011
2011-03-21,2011,3,13.84,13.85,14.08,2011-03-24,Persistence+Trend,3,2011
2011-03-22,2011,3,13.87,13.81,13.959999999999997,2011-03-25,Persistence+Trend,3,2011
2011-03-23,2011,3,13.87,13.81,13.87,2011-03-26,Persistence+Trend,3,2011
2011-03-24,2011,3,13.85,14.19,13.790000000000001,2011-03-27,Persistence+Trend,3,2011
2011-03-25,2011,3,13.81,14.83,13.690000000000003,2011-03-28,Persistence+Trend,3,2011
2011-03-26,2011,3,13.81,14.99,13.81,2011-03-29,Persistence+Trend,3,2011
2011-03-27,2011,3,14.19,14.99,15.329999999999997,2011-03-30,Persistence+Trend,3,2011
2011-03-28,2011,3,14.83,14.98,16.75,2011-03-31,Persistence+Trend,3,2011
2011-03-29,2011,3,14.99,14.96,15.47,2011-04-01,Persistence+Trend,3,2011
2011-03-30,2011,3,14.99,14.96,14.99,2011-04-02,Persistence+Trend,3,2011
2011-03-31,2011,3,14.98,14.92,14.950000000000001,2011-04-03,Persistence+Trend,3,2011
2011-04-01,2011,4,14.96,14.83,14.900000000000002,2011-04-04,Persistence+Trend,3,2011
2011-04-02,2011,4,14.96,14.72,14.96,2011-04-05,Persistence+Trend,3,2011
2011-04-03,2011,4,14.92,14.62,14.799999999999997,2011-04-06,Persistence+Trend,3,2011
2011-04-04,2011,4,14.83,14.56,14.56,2011-04-07,Persistence+Trend,3,2011
2011-04-05,2011,4,14.72,14.51,14.390000000000002,2011-04-08,Persistence+Trend,3,2011
2011-04-06,2011,4,14.62,14.5,14.319999999999995,2011-04-09,Persistence+Trend,3,2011
2011-04-07,2011,4,14.56,14.5,14.380000000000004,2011-04-10,Persistence+Trend,3,2011
2011-04-08,2011,4,14.51,14.48,14.359999999999998,2011-04-11,Persistence+Trend,3,2011
2011-04-09,2011,4,14.5,14.45,14.47,2011-04-12,Persistence+Trend,3,2011
2011-04-10,2011,4,14.5,14.41,14.5,2011-04-13,Persistence+Trend,3,2011
2011-04-11,2011,4,14.48,14.43,14.420000000000002,2011-04-14,Persistence+Trend,3,2011
2011-04-12,2011,4,14.45,14.43,14.359999999999996,2011-04-15,Persistence+Trend,3,2011
2011-04-13,2011,4,14.41,14.42,14.290000000000003,2011-04-16,Persistence+Trend,3,2011
2011-04-14,2011,4,14.43,14.47,14.489999999999998,2011-04-17,Persistence+Trend,3,2011
2011-04-15,2011,4,14.43,14.52,14.43,2011-04-18,Persistence+Trend,3,2011
2011-04-16,2011,4,14.42,14.53,14.39,2011-04-19,Persistence+Trend,3,2011
2011-04-17,2011,4,14.47,14.53,14.620000000000003,2011-04-20,Persistence+Trend,3,2011
2011-04-18,2011,4,14.52,14.49,14.669999999999996,2011-04-21,Persistence+Trend,3,2011
2011-04-19,2011,4,14.53,14.52,14.559999999999999,2011-04-22,Persistence+Trend,3,2011
2011-04-20,2011,4,14.53,14.63,14.53,2011-04-23,Persistence+Trend,3,2011
2011-04-21,2011,4,14.49,14.66,14.370000000000003,2011-04-24,Persistence+Trend,3,2011
2011-04-22,2011,4,14.52,14.645,14.609999999999998,2011-04-25,Persistence+Trend,3,2011
2011-04-23,2011,4,14.63,14.71,14.960000000000004,2011-04-26,Persistence+Trend,3,2011
2011-04-24,2011,4,14.66,14.95,14.749999999999998,2011-04-27,Persistence+Trend,3,2011
2011-04-25,2011,4,14.645,15.28,14.599999999999998,2011-04-28,Persistence+Trend,3,2011
2011-04-26,2011,4,14.71,15.41,14.905000000000005,2011-04-29,Persistence+Trend,3,2011
2011-04-27,2011,4,14.95,15.41,15.669999999999995,2011-04-30,Persistence+Trend,3,2011
2011-04-28,2011,4,15.28,15.34,16.27,2011-05-01,Persistence+Trend,3,2011
2011-04-29,2011,4,15.41,15.3,15.800000000000002,2011-05-02,Persistence+Trend,3,2011
2011-04-30,2011,4,15.41,15.2,15.41,2011-05-03,Persistence+Trend,3,2011
2011-05-01,2011,5,15.34,15.15,15.129999999999999,2011-05-04,Persistence+Trend,3,2011
2011-05-02,2011,5,15.3,15.07,15.180000000000003,2011-05-05,Persistence+Trend,3,2011
2011-05-03,2011,5,15.2,15.02,14.899999999999995,2011-05-06,Persistence+Trend,3,2011
2011-05-04,2011,5,15.15,15.16,15.000000000000004,2011-05-07,Persistence+Trend,3,2011
2011-05-05,2011,5,15.07,15.26,14.83,2011-05-08,Persistence+Trend,3,2011
2011-05-06,2011,5,15.02,15.37,14.869999999999997,2011-05-09,Persistence+Trend,3,2011
2011-05-07,2011,5,15.16,15.48,15.580000000000002,2011-05-10,Persistence+Trend,3,2011
2011-05-08,2011,5,15.26,15.59,15.559999999999999,2011-05-11,Persistence+Trend,3,2011
2011-05-09,2011,5,15.37,15.63,15.699999999999998,2011-05-12,Persistence+Trend,3,2011
2011-05-10,2011,5,15.48,15.33,15.810000000000004,2011-05-13,Persistence+Trend,3,2011
2011-05-11,2011,5,15.59,15.31,15.919999999999998,2011-05-14,Persistence+Trend,3,2011
2011-05-12,2011,5,15.63,15.24,15.750000000000004,2011-05-15,Persistence+Trend,3,2011
2011-05-13,2011,5,15.33,15.36,14.429999999999998,2011-05-16,Persistence+Trend,3,2011
2011-05-14,2011,5,15.31,15.36,15.250000000000002,2011-05-17,Persistence+Trend,3,2011
2011-05-15,2011,5,15.24,15.34,15.03,2011-05-18,Persistence+Trend,3,2011
2011-05-16,2011,5,15.36,15.35,15.719999999999997,2011-05-19,Persistence+Trend,3,2011
2011-05-17,2011,5,15.36,15.35,15.36,2011-05-20,Persistence+Trend,3,2011
2011-05-18,2011,5,15.34,15.37,15.280000000000001,2011-05-21,Persistence+Trend,3,2011
2011-05-19,2011,5,15.35,15.36,15.379999999999999,2011-05-22,Persistence+Trend,3,2011
2011-05-20,2011,5,15.35,15.39,15.35,2011-05-23,Persistence+Trend,3,2011
2011-05-21,2011,5,15.37,15.5,15.429999999999998,2011-05-24,Persistence+Trend,3,2011
2011-05-22,2011,5,15.36,15.62,15.33,2011-05-25,Persistence+Trend,3,2011
2011-05-23,2011,5,15.39,15.73,15.480000000000004,2011-05-26,Persistence+Trend,3,2011
2011-05-24,2011,5,15.5,15.74,15.829999999999998,2011-05-27,Persistence+Trend,3,2011
2011-05-25,2011,5,15.62,15.81,15.979999999999997,2011-05-28,Persistence+Trend,3,2011
2011-05-26,2011,5,15.73,15.92,16.060000000000002,2011-05-29,Persistence+Trend,3,2011
2011-05-27,2011,5,15.74,16.28,15.77,2011-05-30,Persistence+Trend,3,2011
2011-05-28,2011,5,15.81,16.4,16.020000000000003,2011-05-31,Persistence+Trend,3,2011
2011-05-29,2011,5,15.92,16.35,16.25,2011-06-01,Persistence+Trend,3,2011
2011-05-30,2011,5,16.28,16.26,17.360000000000007,2011-06-02,Persistence+Trend,3,2011
2011-05-31,2011,5,16.4,16.22,16.75999999999999,2011-06-03,Persistence+Trend,3,2011
2011-06-01,2011,6,16.35,16.3,16.20000000000001,2011-06-04,Persistence+Trend,3,2011
2011-06-02,2011,6,16.26,16.49,15.990000000000002,2011-06-05,Persistence+Trend,3,2011
2011-06-03,2011,6,16.22,16.77,16.09999999999999,2011-06-06,Persistence+Trend,3,2011
2011-06-04,2011,6,16.3,17.21,16.540000000000006,2011-06-07,Persistence+Trend,3,2011
2011-06-05,2011,6,16.49,17.49,17.05999999999999,2011-06-08,Persistence+Trend,3,2011
2011-06-06,2011,6,16.77,17.59,17.610000000000003,2011-06-09,Persistence+Trend,3,2011
2011-06-07,2011,6,17.21,17.6,18.530000000000005,2011-06-10,Persistence+Trend,3,2011
2011-06-08,2011,6,17.49,17.6,18.32999999999999,2011-06-11,Persistence+Trend,3,2011
2011-06-09,2011,6,17.59,17.56,17.890000000000004,2011-06-12,Persistence+Trend,3,2011
2011-06-10,2011,6,17.6,17.39,17.630000000000006,2011-06-13,Persistence+Trend,3,2011
2011-06-11,2011,6,17.6,17.26,17.6,2011-06-14,Persistence+Trend,3,2011
2011-06-12,2011,6,17.56,17.16,17.43999999999999,2011-06-15,Persistence+Trend,3,2011
2011-06-13,2011,6,17.39,17.03,16.880000000000006,2011-06-16,Persistence+Trend,3,2011
2011-06-14,2011,6,17.26,17.05,16.870000000000005,2011-06-17,Persistence+Trend,3,2011
2011-06-15,2011,6,17.16,17.17,16.859999999999996,2011-06-18,Persistence+Trend,3,2011
2011-06-16,2011,6,17.03,17.2,16.640000000000004,2011-06-19,Persistence+Trend,3,2011
2011-06-17,2011,6,17.05,17.203,17.11,2011-06-20,Persistence+Trend,3,2011
2011-06-18,2011,6,17.17,17.19,17.530000000000005,2011-06-21,Persistence+Trend,3,2011
2011-06-19,2011,6,17.2,17.23,17.289999999999992,2011-06-22,Persistence+Trend,3,2011
2011-06-20,2011,6,17.203,17.33,17.212,2011-06-23,Persistence+Trend,3,2011
2011-06-21,2011,6,17.19,17.44,17.151000000000007,2011-06-24,Persistence+Trend,3,2011
2011-06-22,2011,6,17.23,17.46,17.349999999999998,2011-06-25,Persistence+Trend,3,2011
2011-06-23,2011,6,17.33,17.6,17.629999999999992,2011-06-26,Persistence+Trend,3,2011
2011-06-24,2011,6,17.44,17.75,17.77000000000001,2011-06-27,Persistence+Trend,3,2011
2011-06-25,2011,6,17.46,17.91,17.52,2011-06-28,Persistence+Trend,3,2011
2011-06-26,2011,6,17.6,17.93,18.020000000000003,2011-06-29,Persistence+Trend,3,2011
2011-06-27,2011,6,17.75,17.96,18.199999999999996,2011-06-30,Persistence+Trend,3,2011
2011-06-28,2011,6,17.91,18.08,18.39,2011-07-01,Persistence+Trend,3,2011
2011-06-29,2011,6,17.93,18.29,17.99,2011-07-02,Persistence+Trend,3,2011
2011-06-30,2011,6,17.96,18.47,18.050000000000004,2011-07-03,Persistence+Trend,3,2011
2011-07-01,2011,7,18.08,18.41,18.43999999999999,2011-07-04,Persistence+Trend,3,2011
2011-07-02,2011,7,18.29,18.43,18.92,2011-07-05,Persistence+Trend,3,2011
2011-07-03,2011,7,18.47,18.6,19.009999999999998,2011-07-06,Persistence+Trend,3,2011
2011-07-04,2011,7,18.41,18.84,18.230000000000004,2011-07-07,Persistence+Trend,3,2011
2011-07-05,2011,7,18.43,18.92,18.49,2011-07-08,Persistence+Trend,3,2011
2011-07-06,2011,7,18.6,18.99,19.110000000000007,2011-07-09,Persistence+Trend,3,2011
2011-07-07,2011,7,18.84,19.08,19.559999999999995,2011-07-10,Persistence+Trend,3,2011
2011-07-08,2011,7,18.92,19.13,19.160000000000007,2011-07-11,Persistence+Trend,3,2011
2011-07-09,2011,7,18.99,19.17,19.19999999999999,2011-07-12,Persistence+Trend,3,2011
2011-07-10,2011,7,19.08,19.24,19.349999999999998,2011-07-13,Persistence+Trend,3,2011
2011-07-11,2011,7,19.13,19.24,19.28,2011-07-14,Persistence+Trend,3,2011
2011-07-12,2011,7,19.17,19.28,19.29000000000001,2011-07-15,Persistence+Trend,3,2011
2011-07-13,2011,7,19.24,19.34,19.44999999999999,2011-07-16,Persistence+Trend,3,2011
2011-07-14,2011,7,19.24,19.4,19.24,2011-07-17,Persistence+Trend,3,2011
2011-07-15,2011,7,19.28,19.43,19.40000000000001,2011-07-18,Persistence+Trend,3,2011
2011-07-16,2011,7,19.34,19.48,19.519999999999996,2011-07-19,Persistence+Trend,3,2011
2011-07-17,2011,7,19.4,19.51,19.579999999999995,2011-07-20,Persistence+Trend,3,2011
2011-07-18,2011,7,19.43,19.57,19.520000000000003,2011-07-21,Persistence+Trend,3,2011
2011-07-19,2011,7,19.48,19.63,19.630000000000003,2011-07-22,Persistence+Trend,3,2011
2011-07-20,2011,7,19.51,19.64,19.600000000000005,2011-07-23,Persistence+Trend,3,2011
2011-07-21,2011,7,19.57,19.64,19.749999999999996,2011-07-24,Persistence+Trend,3,2011
2011-07-22,2011,7,19.63,19.65,19.809999999999995,2011-07-25,Persistence+Trend,3,2011
2011-07-23,2011,7,19.64,19.52,19.670000000000005,2011-07-26,Persistence+Trend,3,2011
2011-07-24,2011,7,19.64,19.41,19.64,2011-07-27,Persistence+Trend,3,2011
2011-07-25,2011,7,19.65,19.35,19.679999999999993,2011-07-28,Persistence+Trend,3,2011
2011-07-26,2011,7,19.52,19.22,19.130000000000003,2011-07-29,Persistence+Trend,3,2011
2011-07-27,2011,7,19.41,19.24,19.080000000000002,2011-07-30,Persistence+Trend,3,2011
2011-07-28,2011,7,19.35,19.25,19.170000000000005,2011-07-31,Persistence+Trend,3,2011
2011-09-08,2011,9,17.13,17.0,17.189999999999998,2011-09-11,Persistence+Trend,3,2011
2011-09-09,2011,9,17.1,17.11,17.01000000000001,2011-09-12,Persistence+Trend,3,2011
2011-09-10,2011,9,16.98,17.19,16.619999999999997,2011-09-13,Persistence+Trend,3,2011
2011-09-11,2011,9,17.0,17.23,17.06,2011-09-14,Persistence+Trend,3,2011
2011-09-12,2011,9,17.11,17.24,17.439999999999998,2011-09-15,Persistence+Trend,3,2011
2011-09-13,2011,9,17.19,17.16,17.430000000000007,2011-09-16,Persistence+Trend,3,2011
2011-09-14,2011,9,17.23,17.25,17.349999999999998,2011-09-17,Persistence+Trend,3,2011
2011-09-15,2011,9,17.24,17.41,17.269999999999992,2011-09-18,Persistence+Trend,3,2011
2011-09-16,2011,9,17.16,17.71,16.920000000000005,2011-09-19,Persistence+Trend,3,2011
2011-09-17,2011,9,17.25,18.14,17.52,2011-09-20,Persistence+Trend,3,2011
2011-09-18,2011,9,17.41,18.09,17.89,2011-09-21,Persistence+Trend,3,2011
2011-09-19,2011,9,17.71,17.9,18.610000000000003,2011-09-22,Persistence+Trend,3,2011
2011-09-20,2011,9,18.14,17.78,19.43,2011-09-23,Persistence+Trend,3,2011
2011-09-21,2011,9,18.09,17.7,17.939999999999998,2011-09-24,Persistence+Trend,3,2011
2011-09-22,2011,9,17.9,17.62,17.329999999999995,2011-09-25,Persistence+Trend,3,2011
2011-09-23,2011,9,17.78,17.6,17.42000000000001,2011-09-26,Persistence+Trend,3,2011
2011-09-24,2011,9,17.7,17.84,17.459999999999994,2011-09-27,Persistence+Trend,3,2011
2011-09-25,2011,9,17.62,17.87,17.380000000000006,2011-09-28,Persistence+Trend,3,2011
2011-09-26,2011,9,17.6,17.89,17.540000000000003,2011-09-29,Persistence+Trend,3,2011
2011-09-27,2011,9,17.84,17.93,18.559999999999995,2011-09-30,Persistence+Trend,3,2011
2011-09-28,2011,9,17.87,17.99,17.960000000000004,2011-10-01,Persistence+Trend,3,2011
2011-09-29,2011,9,17.89,18.0,17.95,2011-10-02,Persistence+Trend,3,2011
2011-09-30,2011,9,17.93,17.98,18.049999999999997,2011-10-03,Persistence+Trend,3,2011
2011-10-01,2011,10,17.99,17.78,18.169999999999995,2011-10-04,Persistence+Trend,3,2011
2011-10-02,2011,10,18.0,17.66,18.030000000000005,2011-10-05,Persistence+Trend,3,2011
2011-10-03,2011,10,17.98,17.37,17.92,2011-10-06,Persistence+Trend,3,2011
2011-10-04,2011,10,17.78,17.11,17.180000000000003,2011-10-07,Persistence+Trend,3,2011
2011-10-05,2011,10,17.66,16.95,17.299999999999997,2011-10-08,Persistence+Trend,3,2011
2011-10-06,2011,10,17.37,16.81,16.500000000000004,2011-10-09,Persistence+Trend,3,2011
2011-10-07,2011,10,17.11,16.67,16.329999999999995,2011-10-10,Persistence+Trend,3,2011
2011-10-08,2011,10,16.95,16.57,16.47,2011-10-11,Persistence+Trend,3,2011
2011-10-09,2011,10,16.81,16.45,16.389999999999997,2011-10-12,Persistence+Trend,3,2011
2011-10-10,2011,10,16.67,16.42,16.25000000000001,2011-10-13,Persistence+Trend,3,2011
2011-10-11,2011,10,16.57,16.25,16.269999999999996,2011-10-14,Persistence+Trend,3,2011
2011-10-12,2011,10,16.45,16.13,16.089999999999996,2011-10-15,Persistence+Trend,3,2011
2011-10-13,2011,10,16.42,16.05,16.33000000000001,2011-10-16,Persistence+Trend,3,2011
2011-10-14,2011,10,16.25,15.94,15.739999999999995,2011-10-17,Persistence+Trend,3,2011
2011-10-15,2011,10,16.13,15.84,15.769999999999996,2011-10-18,Persistence+Trend,3,2011
2011-10-16,2011,10,16.05,15.82,15.810000000000006,2011-10-19,Persistence+Trend,3,2011
2011-10-17,2011,10,15.94,15.76,15.609999999999996,2011-10-20,Persistence+Trend,3,2011
2011-10-18,2011,10,15.84,15.7,15.540000000000001,2011-10-21,Persistence+Trend,3,2011
2011-10-19,2011,10,15.82,15.7,15.760000000000002,2011-10-22,Persistence+Trend,3,2011
2011-10-20,2011,10,15.76,15.68,15.579999999999998,2011-10-23,Persistence+Trend,3,2011
2011-10-21,2011,10,15.7,15.68,15.519999999999998,2011-10-24,Persistence+Trend,3,2011
2011-10-22,2011,10,15.7,15.66,15.7,2011-10-25,Persistence+Trend,3,2011
2011-10-23,2011,10,15.68,15.6,15.620000000000001,2011-10-26,Persistence+Trend,3,2011
2011-10-24,2011,10,15.68,15.52,15.68,2011-10-27,Persistence+Trend,3,2011
2011-10-25,2011,10,15.66,15.45,15.600000000000001,2011-10-28,Persistence+Trend,3,2011
2011-10-26,2011,10,15.6,15.42,15.419999999999998,2011-10-29,Persistence+Trend,3,2011
2011-10-27,2011,10,15.52,15.38,15.28,2011-10-30,Persistence+Trend,3,2011
2011-10-28,2011,10,15.45,15.35,15.239999999999998,2011-10-31,Persistence+Trend,3,2011
2011-10-29,2011,10,15.42,15.3,15.330000000000002,2011-11-01,Persistence+Trend,3,2011
2011-10-30,2011,10,15.38,15.22,15.260000000000003,2011-11-02,Persistence+Trend,3,2011
2011-10-31,2011,10,15.35,15.16,15.259999999999996,2011-11-03,Persistence+Trend,3,2011
2011-11-01,2011,11,15.3,15.1,15.150000000000004,2011-11-04,Persistence+Trend,3,2011
2011-11-02,2011,11,15.22,15.03,14.98,2011-11-05,Persistence+Trend,3,2011
2011-11-03,2011,11,15.16,14.98,14.979999999999999,2011-11-06,Persistence+Trend,3,2011
2011-11-04,2011,11,15.1,14.95,14.919999999999998,2011-11-07,Persistence+Trend,3,2011
2011-11-05,2011,11,15.03,14.9,14.819999999999999,2011-11-08,Persistence+Trend,3,2011
2011-11-06,2011,11,14.98,14.83,14.830000000000004,2011-11-09,Persistence+Trend,3,2011
2011-11-07,2011,11,14.95,14.77,14.859999999999996,2011-11-10,Persistence+Trend,3,2011
2011-11-08,2011,11,14.9,14.68,14.750000000000004,2011-11-11,Persistence+Trend,3,2011
2011-11-09,2011,11,14.83,14.6,14.62,2011-11-12,Persistence+Trend,3,2011
2011-11-10,2011,11,14.77,14.55,14.589999999999998,2011-11-13,Persistence+Trend,3,2011
2011-11-11,2011,11,14.68,14.5,14.41,2011-11-14,Persistence+Trend,3,2011
2011-11-12,2011,11,14.6,14.45,14.36,2011-11-15,Persistence+Trend,3,2011
2011-11-13,2011,11,14.55,14.41,14.400000000000004,2011-11-16,Persistence+Trend,3,2011
2011-11-14,2011,11,14.5,14.38,14.349999999999998,2011-11-17,Persistence+Trend,3,2011
2011-11-15,2011,11,14.45,14.32,14.299999999999997,2011-11-18,Persistence+Trend,3,2011
2011-11-16,2011,11,14.41,14.32,14.290000000000003,2011-11-19,Persistence+Trend,3,2011
2011-11-17,2011,11,14.38,14.31,14.290000000000003,2011-11-20,Persistence+Trend,3,2011
2011-11-18,2011,11,14.32,14.27,14.139999999999999,2011-11-21,Persistence+Trend,3,2011
2011-11-19,2011,11,14.32,14.24,14.32,2011-11-22,Persistence+Trend,3,2011
2011-11-20,2011,11,14.31,14.21,14.280000000000001,2011-11-23,Persistence+Trend,3,2011
2011-11-21,2011,11,14.27,14.2,14.149999999999997,2011-11-24,Persistence+Trend,3,2011
2011-11-22,2011,11,14.24,14.18,14.150000000000002,2011-11-25,Persistence+Trend,3,2011
2011-11-23,2011,11,14.21,14.16,14.120000000000003,2011-11-26,Persistence+Trend,3,2011
2011-11-24,2011,11,14.2,14.12,14.169999999999995,2011-11-27,Persistence+Trend,3,2011
2011-11-25,2011,11,14.18,14.08,14.120000000000001,2011-11-28,Persistence+Trend,3,2011
2011-11-26,2011,11,14.16,14.04,14.100000000000001,2011-11-29,Persistence+Trend,3,2011
2011-11-27,2011,11,14.12,14.0,13.999999999999996,2011-11-30,Persistence+Trend,3,2011
2011-11-28,2011,11,14.08,13.98,13.960000000000003,2011-12-01,Persistence+Trend,3,2011
2011-11-29,2011,11,14.04,13.96,13.919999999999996,2011-12-02,Persistence+Trend,3,2011
2011-11-30,2011,11,14.0,13.92,13.880000000000003,2011-12-03,Persistence+Trend,3,2011
2011-12-01,2011,12,13.98,13.88,13.920000000000002,2011-12-04,Persistence+Trend,3,2011
2011-12-02,2011,12,13.96,13.86,13.900000000000002,2011-12-05,Persistence+Trend,3,2011
2011-12-03,2011,12,13.92,13.84,13.799999999999997,2011-12-06,Persistence+Trend,3,2011
2011-12-04,2011,12,13.88,13.81,13.760000000000003,2011-12-07,Persistence+Trend,3,2011
2011-12-05,2011,12,13.86,13.78,13.799999999999995,2011-12-08,Persistence+Trend,3,2011
2011-12-06,2011,12,13.84,13.75,13.780000000000001,2011-12-09,Persistence+Trend,3,2011
2011-12-07,2011,12,13.81,13.72,13.720000000000002,2011-12-10,Persistence+Trend,3,2011
2011-12-08,2011,12,13.78,13.7,13.689999999999996,2011-12-11,Persistence+Trend,3,2011
2011-12-09,2011,12,13.75,13.69,13.660000000000002,2011-12-12,Persistence+Trend,3,2011
2011-12-10,2011,12,13.72,13.66,13.630000000000003,2011-12-13,Persistence+Trend,3,2011
2011-12-11,2011,12,13.7,13.64,13.639999999999995,2011-12-14,Persistence+Trend,3,2011
2011-12-12,2011,12,13.69,13.62,13.66,2011-12-15,Persistence+Trend,3,2011
2011-12-13,2011,12,13.66,13.6,13.570000000000002,2011-12-16,Persistence+Trend,3,2011
2011-12-14,2011,12,13.64,13.58,13.580000000000002,2011-12-17,Persistence+Trend,3,2011
2011-12-15,2011,12,13.62,13.58,13.559999999999995,2011-12-18,Persistence+Trend,3,2011
2011-12-16,2011,12,13.6,13.57,13.540000000000001,2011-12-19,Persistence+Trend,3,2011
2011-12-17,2011,12,13.58,13.56,13.520000000000001,2011-12-20,Persistence+Trend,3,2011
2011-12-18,2011,12,13.58,13.52,13.58,2011-12-21,Persistence+Trend,3,2011
2011-12-19,2011,12,13.57,13.5,13.540000000000001,2011-12-22,Persistence+Trend,3,2011
2011-12-20,2011,12,13.56,13.48,13.530000000000001,2011-12-23,Persistence+Trend,3,2011
2011-12-21,2011,12,13.52,13.46,13.399999999999997,2011-12-24,Persistence+Trend,3,2011
2011-12-22,2011,12,13.5,13.44,13.440000000000001,2011-12-25,Persistence+Trend,3,2011
2011-12-23,2011,12,13.48,13.42,13.420000000000002,2011-12-26,Persistence+Trend,3,2011
2011-12-24,2011,12,13.46,13.39,13.400000000000002,2011-12-27,Persistence+Trend,3,2011
2011-12-25,2011,12,13.44,13.37,13.379999999999995,2011-12-28,Persistence+Trend,3,2011
2011-12-26,2011,12,13.42,13.35,13.360000000000001,2011-12-29,Persistence+Trend,3,2011
2011-12-27,2011,12,13.39,13.33,13.300000000000002,2011-12-30,Persistence+Trend,3,2011
2011-12-28,2011,12,13.37,13.31,13.309999999999995,2011-12-31,Persistence+Trend,3,2011
2011-12-29,2011,12,13.35,13.28,13.290000000000001,2012-01-01,Persistence+Trend,3,2011
2011-12-30,2011,12,13.33,13.24,13.270000000000001,2012-01-02,Persistence+Trend,3,2011
2011-12-31,2011,12,13.31,13.22,13.250000000000002,2012-01-03,Persistence+Trend,3,2011
2012-01-01,2012,1,13.28,13.21,13.189999999999996,2012-01-04,Persistence+Trend,3,2012
2012-01-02,2012,1,13.24,13.2,13.120000000000003,2012-01-05,Persistence+Trend,3,2012
2012-01-03,2012,1,13.22,13.19,13.160000000000002,2012-01-06,Persistence+Trend,3,2012
2012-01-04,2012,1,13.21,13.18,13.180000000000001,2012-01-07,Persistence+Trend,3,2012
2012-01-05,2012,1,13.2,13.16,13.169999999999995,2012-01-08,Persistence+Trend,3,2012
2012-01-06,2012,1,13.19,13.15,13.16,2012-01-09,Persistence+Trend,3,2012
2012-01-07,2012,1,13.18,13.13,13.15,2012-01-10,Persistence+Trend,3,2012
2012-01-08,2012,1,13.16,13.12,13.100000000000001,2012-01-11,Persistence+Trend,3,2012
2012-01-09,2012,1,13.15,13.11,13.120000000000001,2012-01-12,Persistence+Trend,3,2012
2012-01-10,2012,1,13.13,13.1,13.070000000000002,2012-01-13,Persistence+Trend,3,2012
2012-01-11,2012,1,13.12,13.09,13.089999999999995,2012-01-14,Persistence+Trend,3,2012
2012-01-12,2012,1,13.11,13.08,13.08,2012-01-15,Persistence+Trend,3,2012
2012-01-13,2012,1,13.1,13.07,13.07,2012-01-16,Persistence+Trend,3,2012
2012-01-14,2012,1,13.09,13.05,13.06,2012-01-17,Persistence+Trend,3,2012
2012-01-15,2012,1,13.08,13.02,13.05,2012-01-18,Persistence+Trend,3,2012
2012-01-16,2012,1,13.07,13.0,13.040000000000001,2012-01-19,Persistence+Trend,3,2012
2012-01-17,2012,1,13.05,12.99,12.990000000000002,2012-01-20,Persistence+Trend,3,2012
2012-01-18,2012,1,13.02,12.99,12.929999999999996,2012-01-21,Persistence+Trend,3,2012
2012-01-19,2012,1,13.0,12.97,12.940000000000001,2012-01-22,Persistence+Trend,3,2012
2012-01-20,2012,1,12.99,12.95,12.96,2012-01-23,Persistence+Trend,3,2012
2012-01-21,2012,1,12.99,12.93,12.99,2012-01-24,Persistence+Trend,3,2012
2012-01-22,2012,1,12.97,12.91,12.910000000000002,2012-01-25,Persistence+Trend,3,2012
2012-01-23,2012,1,12.95,12.89,12.889999999999995,2012-01-26,Persistence+Trend,3,2012
2012-01-24,2012,1,12.93,12.87,12.870000000000001,2012-01-27,Persistence+Trend,3,2012
2012-01-25,2012,1,12.91,12.86,12.850000000000001,2012-01-28,Persistence+Trend,3,2012
2012-01-26,2012,1,12.89,12.86,12.830000000000002,2012-01-29,Persistence+Trend,3,2012
2012-01-27,2012,1,12.87,12.88,12.809999999999995,2012-01-30,Persistence+Trend,3,2012
2012-01-28,2012,1,12.86,12.88,12.83,2012-01-31,Persistence+Trend,3,2012
2012-01-29,2012,1,12.86,12.87,12.86,2012-02-01,Persistence+Trend,3,2012
2012-01-30,2012,1,12.88,12.85,12.940000000000005,2012-02-02,Persistence+Trend,3,2012
2012-01-31,2012,1,12.88,12.84,12.88,2012-02-03,Persistence+Trend,3,2012
2012-02-01,2012,2,12.87,12.82,12.839999999999995,2012-02-04,Persistence+Trend,3,2012
2012-02-02,2012,2,12.85,12.81,12.790000000000001,2012-02-05,Persistence+Trend,3,2012
2012-02-03,2012,2,12.84,12.79,12.81,2012-02-06,Persistence+Trend,3,2012
2012-02-04,2012,2,12.82,12.78,12.760000000000002,2012-02-07,Persistence+Trend,3,2012
2012-02-05,2012,2,12.81,12.77,12.780000000000001,2012-02-08,Persistence+Trend,3,2012
2012-02-06,2012,2,12.79,12.76,12.729999999999995,2012-02-09,Persistence+Trend,3,2012
2012-02-07,2012,2,12.78,12.75,12.75,2012-02-10,Persistence+Trend,3,2012
2012-02-08,2012,2,12.77,12.74,12.74,2012-02-11,Persistence+Trend,3,2012
2012-02-09,2012,2,12.76,12.73,12.73,2012-02-12,Persistence+Trend,3,2012
2012-02-10,2012,2,12.75,12.72,12.72,2012-02-13,Persistence+Trend,3,2012
2012-02-11,2012,2,12.74,12.71,12.71,2012-02-14,Persistence+Trend,3,2012
2012-02-12,2012,2,12.73,12.71,12.700000000000001,2012-02-15,Persistence+Trend,3,2012
2012-02-13,2012,2,12.72,12.71,12.690000000000001,2012-02-16,Persistence+Trend,3,2012
2012-02-14,2012,2,12.71,12.7,12.680000000000001,2012-02-17,Persistence+Trend,3,2012
2012-02-15,2012,2,12.71,12.7,12.71,2012-02-18,Persistence+Trend,3,2012
2012-02-16,2012,2,12.71,12.7,12.71,2012-02-19,Persistence+Trend,3,2012
2012-02-17,2012,2,12.7,12.72,12.669999999999995,2012-02-20,Persistence+Trend,3,2012
2012-02-18,2012,2,12.7,12.72,12.7,2012-02-21,Persistence+Trend,3,2012
2012-02-19,2012,2,12.7,12.7,12.7,2012-02-22,Persistence+Trend,3,2012
2012-02-20,2012,2,12.72,12.69,12.780000000000005,2012-02-23,Persistence+Trend,3,2012
2012-02-21,2012,2,12.72,12.66,12.72,2012-02-24,Persistence+Trend,3,2012
2012-02-22,2012,2,12.7,12.64,12.639999999999995,2012-02-25,Persistence+Trend,3,2012
2012-02-23,2012,2,12.69,12.62,12.66,2012-02-26,Persistence+Trend,3,2012
2012-02-24,2012,2,12.66,12.61,12.570000000000002,2012-02-27,Persistence+Trend,3,2012
2012-02-25,2012,2,12.64,12.63,12.580000000000002,2012-02-28,Persistence+Trend,3,2012
2012-02-26,2012,2,12.62,12.64,12.559999999999995,2012-02-29,Persistence+Trend,3,2012
2012-02-27,2012,2,12.61,12.64,12.58,2012-03-01,Persistence+Trend,3,2012
2012-02-28,2012,2,12.63,12.63,12.690000000000005,2012-03-02,Persistence+Trend,3,2012
2012-02-29,2012,2,12.64,12.62,12.67,2012-03-03,Persistence+Trend,3,2012
2012-03-01,2012,3,12.64,12.62,12.64,2012-03-04,Persistence+Trend,3,2012
2012-03-02,2012,3,12.63,12.66,12.600000000000001,2012-03-05,Persistence+Trend,3,2012
2012-03-03,2012,3,12.62,12.7,12.589999999999995,2012-03-06,Persistence+Trend,3,2012
2012-03-04,2012,3,12.62,12.73,12.62,2012-03-07,Persistence+Trend,3,2012
2012-03-05,2012,3,12.66,12.77,12.780000000000003,2012-03-08,Persistence+Trend,3,2012
2012-03-06,2012,3,12.7,12.81,12.819999999999997,2012-03-09,Persistence+Trend,3,2012
2012-03-07,2012,3,12.73,12.85,12.820000000000004,2012-03-10,Persistence+Trend,3,2012
2012-03-08,2012,3,12.77,12.88,12.889999999999997,2012-03-11,Persistence+Trend,3,2012
2012-03-09,2012,3,12.81,12.88,12.930000000000003,2012-03-12,Persistence+Trend,3,2012
2012-03-10,2012,3,12.85,12.87,12.969999999999997,2012-03-13,Persistence+Trend,3,2012
2012-03-11,2012,3,12.88,12.84,12.970000000000004,2012-03-14,Persistence+Trend,3,2012
2012-03-12,2012,3,12.88,12.84,12.88,2012-03-15,Persistence+Trend,3,2012
2012-03-13,2012,3,12.87,12.86,12.839999999999995,2012-03-16,Persistence+Trend,3,2012
2012-03-14,2012,3,12.84,12.94,12.750000000000002,2012-03-17,Persistence+Trend,3,2012
2012-03-15,2012,3,12.84,12.98,12.84,2012-03-18,Persistence+Trend,3,2012
2012-03-16,2012,3,12.86,13.0,12.919999999999998,2012-03-19,Persistence+Trend,3,2012
2012-03-17,2012,3,12.94,12.99,13.18,2012-03-20,Persistence+Trend,3,2012
2012-03-18,2012,3,12.98,12.95,13.100000000000003,2012-03-21,Persistence+Trend,3,2012
2012-03-19,2012,3,13.0,12.94,13.059999999999999,2012-03-22,Persistence+Trend,3,2012
2012-03-20,2012,3,12.99,12.94,12.96,2012-03-23,Persistence+Trend,3,2012
2012-03-21,2012,3,12.95,12.96,12.829999999999997,2012-03-24,Persistence+Trend,3,2012
2012-03-22,2012,3,12.94,12.98,12.91,2012-03-25,Persistence+Trend,3,2012
2012-03-23,2012,3,12.94,13.0,12.94,2012-03-26,Persistence+Trend,3,2012
2012-03-24,2012,3,12.96,13.01,13.020000000000005,2012-03-27,Persistence+Trend,3,2012
2012-03-25,2012,3,12.98,13.02,13.04,2012-03-28,Persistence+Trend,3,2012
2012-03-26,2012,3,13.0,13.04,13.059999999999999,2012-03-29,Persistence+Trend,3,2012
2012-03-27,2012,3,13.01,13.05,13.04,2012-03-30,Persistence+Trend,3,2012
2012-03-28,2012,3,13.02,13.1,13.049999999999999,2012-03-31,Persistence+Trend,3,2012
2012-03-29,2012,3,13.04,13.15,13.099999999999998,2012-04-01,Persistence+Trend,3,2012
2012-03-30,2012,3,13.05,13.19,13.080000000000005,2012-04-02,Persistence+Trend,3,2012
2012-03-31,2012,3,13.1,13.23,13.249999999999996,2012-04-03,Persistence+Trend,3,2012
2012-04-01,2012,4,13.15,13.24,13.300000000000002,2012-04-04,Persistence+Trend,3,2012
2012-04-02,2012,4,13.19,13.24,13.309999999999997,2012-04-05,Persistence+Trend,3,2012
2012-04-03,2012,4,13.23,13.4,13.350000000000003,2012-04-06,Persistence+Trend,3,2012
2012-04-04,2012,4,13.24,13.5,13.27,2012-04-07,Persistence+Trend,3,2012
2012-04-05,2012,4,13.24,13.62,13.24,2012-04-08,Persistence+Trend,3,2012
2012-04-06,2012,4,13.4,13.67,13.88,2012-04-09,Persistence+Trend,3,2012
2012-04-07,2012,4,13.5,13.68,13.799999999999999,2012-04-10,Persistence+Trend,3,2012
2012-04-08,2012,4,13.62,13.69,13.979999999999997,2012-04-11,Persistence+Trend,3,2012
2012-04-09,2012,4,13.67,13.74,13.820000000000002,2012-04-12,Persistence+Trend,3,2012
2012-04-10,2012,4,13.68,13.8,13.709999999999999,2012-04-13,Persistence+Trend,3,2012
2012-04-11,2012,4,13.69,13.89,13.719999999999999,2012-04-14,Persistence+Trend,3,2012
2012-04-12,2012,4,13.74,14.0,13.890000000000002,2012-04-15,Persistence+Trend,3,2012
2012-04-13,2012,4,13.8,14.13,13.980000000000002,2012-04-16,Persistence+Trend,3,2012
2012-04-14,2012,4,13.89,14.18,14.16,2012-04-17,Persistence+Trend,3,2012
2012-04-15,2012,4,14.0,14.18,14.329999999999998,2012-04-18,Persistence+Trend,3,2012
2012-04-16,2012,4,14.13,14.17,14.520000000000003,2012-04-19,Persistence+Trend,3,2012
2012-04-17,2012,4,14.18,14.35,14.329999999999997,2012-04-20,Persistence+Trend,3,2012
2012-04-18,2012,4,14.18,14.6,14.18,2012-04-21,Persistence+Trend,3,2012
2012-04-19,2012,4,14.17,14.87,14.14,2012-04-22,Persistence+Trend,3,2012
2012-04-20,2012,4,14.35,15.12,14.889999999999999,2012-04-23,Persistence+Trend,3,2012
2012-04-21,2012,4,14.6,15.17,15.35,2012-04-24,Persistence+Trend,3,2012
2012-04-22,2012,4,14.87,15.18,15.679999999999998,2012-04-25,Persistence+Trend,3,2012
2012-04-23,2012,4,15.12,15.19,15.87,2012-04-26,Persistence+Trend,3,2012
2012-04-24,2012,4,15.17,15.19,15.320000000000002,2012-04-27,Persistence+Trend,3,2012
2012-04-25,2012,4,15.18,15.12,15.209999999999999,2012-04-28,Persistence+Trend,3,2012
2012-04-26,2012,4,15.19,15.11,15.219999999999999,2012-04-29,Persistence+Trend,3,2012
2012-04-27,2012,4,15.19,15.29,15.19,2012-04-30,Persistence+Trend,3,2012
2012-04-28,2012,4,15.12,15.52,14.909999999999998,2012-05-01,Persistence+Trend,3,2012
2012-04-29,2012,4,15.11,15.59,15.08,2012-05-02,Persistence+Trend,3,2012
2012-04-30,2012,4,15.29,15.64,15.829999999999998,2012-05-03,Persistence+Trend,3,2012
2012-05-01,2012,5,15.52,15.79,16.21,2012-05-04,Persistence+Trend,3,2012
2012-05-02,2012,5,15.59,15.91,15.8,2012-05-05,Persistence+Trend,3,2012
2012-05-03,2012,5,15.64,16.04,15.790000000000003,2012-05-06,Persistence+Trend,3,2012
2012-05-04,2012,5,15.79,16.08,16.239999999999995,2012-05-07,Persistence+Trend,3,2012
2012-05-05,2012,5,15.91,16.04,16.270000000000003,2012-05-08,Persistence+Trend,3,2012
2012-05-06,2012,5,16.04,15.93,16.429999999999996,2012-05-09,Persistence+Trend,3,2012
2012-05-07,2012,5,16.08,15.79,16.199999999999996,2012-05-10,Persistence+Trend,3,2012
2012-05-08,2012,5,16.04,15.66,15.920000000000002,2012-05-11,Persistence+Trend,3,2012
2012-05-09,2012,5,15.93,15.52,15.600000000000001,2012-05-12,Persistence+Trend,3,2012
2012-05-10,2012,5,15.79,15.35,15.369999999999997,2012-05-13,Persistence+Trend,3,2012
2012-05-11,2012,5,15.66,15.22,15.270000000000003,2012-05-14,Persistence+Trend,3,2012
2012-05-12,2012,5,15.52,15.14,15.099999999999998,2012-05-15,Persistence+Trend,3,2012
2012-05-13,2012,5,15.35,15.1,14.84,2012-05-16,Persistence+Trend,3,2012
2012-05-14,2012,5,15.22,15.17,14.830000000000004,2012-05-17,Persistence+Trend,3,2012
2012-05-15,2012,5,15.14,15.26,14.9,2012-05-18,Persistence+Trend,3,2012
2012-05-16,2012,5,15.1,15.37,14.979999999999997,2012-05-19,Persistence+Trend,3,2012
2012-05-17,2012,5,15.17,15.6,15.38,2012-05-20,Persistence+Trend,3,2012
2012-05-18,2012,5,15.26,16.3,15.53,2012-05-21,Persistence+Trend,3,2012
2012-05-19,2012,5,15.37,16.64,15.699999999999998,2012-05-22,Persistence+Trend,3,2012
2012-05-20,2012,5,15.6,16.67,16.29,2012-05-23,Persistence+Trend,3,2012
2012-05-21,2012,5,16.3,16.5,18.400000000000006,2012-05-24,Persistence+Trend,3,2012
2012-05-22,2012,5,16.64,16.27,17.66,2012-05-25,Persistence+Trend,3,2012
2012-05-23,2012,5,16.67,16.14,16.760000000000005,2012-05-26,Persistence+Trend,3,2012
2012-05-24,2012,5,16.5,16.04,15.989999999999995,2012-05-27,Persistence+Trend,3,2012
2012-05-25,2012,5,16.27,16.03,15.579999999999998,2012-05-28,Persistence+Trend,3,2012
2012-05-26,2012,5,16.14,16.04,15.750000000000004,2012-05-29,Persistence+Trend,3,2012
2012-05-27,2012,5,16.04,16.06,15.739999999999995,2012-05-30,Persistence+Trend,3,2012
2012-05-28,2012,5,16.03,16.12,16.000000000000007,2012-05-31,Persistence+Trend,3,2012
2012-05-29,2012,5,16.04,16.2,16.069999999999993,2012-06-01,Persistence+Trend,3,2012
2012-05-30,2012,5,16.06,16.24,16.119999999999997,2012-06-02,Persistence+Trend,3,2012
2012-05-31,2012,5,16.12,16.27,16.300000000000008,2012-06-03,Persistence+Trend,3,2012
2012-06-01,2012,6,16.2,16.29,16.439999999999994,2012-06-04,Persistence+Trend,3,2012
2012-06-02,2012,6,16.24,16.47,16.359999999999996,2012-06-05,Persistence+Trend,3,2012
2012-06-03,2012,6,16.27,16.9,16.360000000000003,2012-06-06,Persistence+Trend,3,2012
2012-06-04,2012,6,16.29,17.25,16.349999999999998,2012-06-07,Persistence+Trend,3,2012
2012-06-05,2012,6,16.47,17.88,17.009999999999998,2012-06-08,Persistence+Trend,3,2012
2012-06-06,2012,6,16.9,18.28,18.189999999999998,2012-06-09,Persistence+Trend,3,2012
2012-06-07,2012,6,17.25,18.37,18.300000000000004,2012-06-10,Persistence+Trend,3,2012
2012-06-08,2012,6,17.88,18.34,19.769999999999996,2012-06-11,Persistence+Trend,3,2012
2012-06-09,2012,6,18.28,18.09,19.480000000000008,2012-06-12,Persistence+Trend,3,2012
2012-06-10,2012,6,18.37,17.88,18.64,2012-06-13,Persistence+Trend,3,2012
2012-06-11,2012,6,18.34,17.66,18.249999999999996,2012-06-14,Persistence+Trend,3,2012
2012-06-12,2012,6,18.09,17.97,17.34,2012-06-15,Persistence+Trend,3,2012
2012-06-13,2012,6,17.88,18.33,17.249999999999996,2012-06-16,Persistence+Trend,3,2012
2012-06-14,2012,6,17.66,18.56,17.000000000000004,2012-06-17,Persistence+Trend,3,2012
2012-06-15,2012,6,17.97,18.79,18.899999999999995,2012-06-18,Persistence+Trend,3,2012
2012-06-16,2012,6,18.33,18.89,19.409999999999997,2012-06-19,Persistence+Trend,3,2012
2012-06-17,2012,6,18.56,18.76,19.25,2012-06-20,Persistence+Trend,3,2012
2012-06-18,2012,6,18.79,18.48,19.48,2012-06-21,Persistence+Trend,3,2012
2012-06-19,2012,6,18.89,18.32,19.190000000000005,2012-06-22,Persistence+Trend,3,2012
2012-06-20,2012,6,18.76,18.29,18.370000000000005,2012-06-23,Persistence+Trend,3,2012
2012-06-21,2012,6,18.48,18.43,17.639999999999997,2012-06-24,Persistence+Trend,3,2012
2012-06-22,2012,6,18.32,18.57,17.84,2012-06-25,Persistence+Trend,3,2012
2012-06-23,2012,6,18.29,18.8,18.199999999999996,2012-06-26,Persistence+Trend,3,2012
2012-06-24,2012,6,18.43,19.58,18.85,2012-06-27,Persistence+Trend,3,2012
2012-06-25,2012,6,18.57,20.12,18.990000000000002,2012-06-28,Persistence+Trend,3,2012
2012-06-26,2012,6,18.8,20.43,19.490000000000002,2012-06-29,Persistence+Trend,3,2012
2012-06-27,2012,6,19.58,20.56,21.91999999999999,2012-06-30,Persistence+Trend,3,2012
2012-06-28,2012,6,20.12,20.56,21.74000000000001,2012-07-01,Persistence+Trend,3,2012
2012-06-29,2012,6,20.43,20.45,21.359999999999996,2012-07-02,Persistence+Trend,3,2012
2012-06-30,2012,6,20.56,20.09,20.949999999999996,2012-07-03,Persistence+Trend,3,2012
2012-07-01,2012,7,20.56,19.65,20.56,2012-07-04,Persistence+Trend,3,2012
2012-07-02,2012,7,20.45,19.27,20.12,2012-07-05,Persistence+Trend,3,2012
2012-07-03,2012,7,20.09,19.14,19.01,2012-07-06,Persistence+Trend,3,2012
2012-07-04,2012,7,19.65,19.25,18.329999999999995,2012-07-07,Persistence+Trend,3,2012
2012-07-05,2012,7,19.27,19.22,18.130000000000003,2012-07-08,Persistence+Trend,3,2012
2012-07-06,2012,7,19.14,19.13,18.750000000000004,2012-07-09,Persistence+Trend,3,2012
2012-07-07,2012,7,19.25,19.07,19.58,2012-07-10,Persistence+Trend,3,2012
2012-07-08,2012,7,19.22,19.04,19.129999999999995,2012-07-11,Persistence+Trend,3,2012
2012-07-09,2012,7,19.13,19.11,18.86,2012-07-12,Persistence+Trend,3,2012
2012-07-10,2012,7,19.07,19.18,18.890000000000004,2012-07-13,Persistence+Trend,3,2012
2012-07-11,2012,7,19.04,19.27,18.949999999999996,2012-07-14,Persistence+Trend,3,2012
2012-07-12,2012,7,19.11,19.31,19.32,2012-07-15,Persistence+Trend,3,2012
2012-07-13,2012,7,19.18,19.47,19.39,2012-07-16,Persistence+Trend,3,2012
2012-07-14,2012,7,19.27,19.79,19.54,2012-07-17,Persistence+Trend,3,2012
2012-07-15,2012,7,19.31,19.87,19.429999999999996,2012-07-18,Persistence+Trend,3,2012
2012-07-16,2012,7,19.47,19.84,19.95,2012-07-19,Persistence+Trend,3,2012
2012-07-17,2012,7,19.79,19.9,20.75,2012-07-20,Persistence+Trend,3,2012
2012-07-18,2012,7,19.87,19.98,20.110000000000007,2012-07-21,Persistence+Trend,3,2012
2012-07-19,2012,7,19.84,19.94,19.749999999999996,2012-07-22,Persistence+Trend,3,2012
2012-07-20,2012,7,19.9,19.85,20.079999999999995,2012-07-23,Persistence+Trend,3,2012
2012-07-21,2012,7,19.98,19.76,20.220000000000006,2012-07-24,Persistence+Trend,3,2012
2012-07-22,2012,7,19.94,19.67,19.820000000000004,2012-07-25,Persistence+Trend,3,2012
2012-07-23,2012,7,19.85,19.55,19.580000000000002,2012-07-26,Persistence+Trend,3,2012
2012-07-24,2012,7,19.76,19.52,19.490000000000002,2012-07-27,Persistence+Trend,3,2012
2012-07-25,2012,7,19.67,19.5,19.400000000000002,2012-07-28,Persistence+Trend,3,2012
2012-07-26,2012,7,19.55,19.44,19.189999999999998,2012-07-29,Persistence+Trend,3,2012
2012-07-27,2012,7,19.52,19.44,19.429999999999996,2012-07-30,Persistence+Trend,3,2012
2012-07-28,2012,7,19.5,19.4,19.44,2012-07-31,Persistence+Trend,3,2012
2012-07-29,2012,7,19.44,19.34,19.260000000000005,2012-08-01,Persistence+Trend,3,2012
2012-07-30,2012,7,19.44,19.3,19.44,2012-08-02,Persistence+Trend,3,2012
2012-07-31,2012,7,19.4,19.2,19.27999999999999,2012-08-03,Persistence+Trend,3,2012
2012-08-01,2012,8,19.34,19.19,19.160000000000004,2012-08-04,Persistence+Trend,3,2012
2012-08-02,2012,8,19.3,19.18,19.180000000000003,2012-08-05,Persistence+Trend,3,2012
2012-08-03,2012,8,19.2,19.18,18.899999999999995,2012-08-06,Persistence+Trend,3,2012
2012-08-04,2012,8,19.19,19.15,19.160000000000007,2012-08-07,Persistence+Trend,3,2012
2012-08-05,2012,8,19.18,19.12,19.149999999999995,2012-08-08,Persistence+Trend,3,2012
2012-08-06,2012,8,19.18,19.09,19.18,2012-08-09,Persistence+Trend,3,2012
2012-08-07,2012,8,19.15,19.03,19.059999999999995,2012-08-10,Persistence+Trend,3,2012
2012-08-08,2012,8,19.12,18.93,19.03000000000001,2012-08-11,Persistence+Trend,3,2012
2012-08-09,2012,8,19.09,18.83,18.999999999999996,2012-08-12,Persistence+Trend,3,2012
2012-08-10,2012,8,19.03,18.67,18.850000000000005,2012-08-13,Persistence+Trend,3,2012
2012-08-11,2012,8,18.93,18.62,18.629999999999995,2012-08-14,Persistence+Trend,3,2012
2012-08-12,2012,8,18.83,18.57,18.529999999999994,2012-08-15,Persistence+Trend,3,2012
2012-08-13,2012,8,18.67,18.44,18.190000000000012,2012-08-16,Persistence+Trend,3,2012
2012-08-14,2012,8,18.62,18.31,18.47,2012-08-17,Persistence+Trend,3,2012
2012-08-15,2012,8,18.57,18.2,18.419999999999998,2012-08-18,Persistence+Trend,3,2012
2012-08-16,2012,8,18.44,18.12,18.050000000000004,2012-08-19,Persistence+Trend,3,2012
2012-08-17,2012,8,18.31,18.05,17.91999999999999,2012-08-20,Persistence+Trend,3,2012
2012-08-18,2012,8,18.2,18.0,17.87,2012-08-21,Persistence+Trend,3,2012
2012-08-19,2012,8,18.12,18.16,17.880000000000006,2012-08-22,Persistence+Trend,3,2012
2012-08-20,2012,8,18.05,18.26,17.84,2012-08-23,Persistence+Trend,3,2012
2012-08-21,2012,8,18.0,18.45,17.849999999999998,2012-08-24,Persistence+Trend,3,2012
2012-08-22,2012,8,18.16,18.51,18.64,2012-08-25,Persistence+Trend,3,2012
2012-08-23,2012,8,18.26,18.7,18.560000000000006,2012-08-26,Persistence+Trend,3,2012
2012-08-24,2012,8,18.45,18.89,19.019999999999992,2012-08-27,Persistence+Trend,3,2012
2012-08-25,2012,8,18.51,19.04,18.69000000000001,2012-08-28,Persistence+Trend,3,2012
2012-08-26,2012,8,18.7,19.08,19.269999999999992,2012-08-29,Persistence+Trend,3,2012
2012-08-27,2012,8,18.89,19.08,19.460000000000004,2012-08-30,Persistence+Trend,3,2012
2012-08-28,2012,8,19.04,19.01,19.489999999999995,2012-08-31,Persistence+Trend,3,2012
2012-08-29,2012,8,19.08,18.89,19.199999999999996,2012-09-01,Persistence+Trend,3,2012
2012-08-30,2012,8,19.08,18.79,19.08,2012-09-02,Persistence+Trend,3,2012
2012-08-31,2012,8,19.01,18.81,18.80000000000001,2012-09-03,Persistence+Trend,3,2012
2012-09-01,2012,9,18.89,18.82,18.529999999999998,2012-09-04,Persistence+Trend,3,2012
2012-09-02,2012,9,18.79,18.74,18.489999999999995,2012-09-05,Persistence+Trend,3,2012
2012-09-03,2012,9,18.81,18.83,18.869999999999997,2012-09-06,Persistence+Trend,3,2012
2012-09-04,2012,9,18.82,18.87,18.850000000000005,2012-09-07,Persistence+Trend,3,2012
2012-09-05,2012,9,18.74,18.87,18.499999999999993,2012-09-08,Persistence+Trend,3,2012
2012-09-06,2012,9,18.83,18.72,19.099999999999998,2012-09-09,Persistence+Trend,3,2012
2012-09-07,2012,9,18.87,18.46,18.99000000000001,2012-09-10,Persistence+Trend,3,2012
2012-09-08,2012,9,18.87,18.2,18.87,2012-09-11,Persistence+Trend,3,2012
2012-09-09,2012,9,18.72,18.04,18.269999999999992,2012-09-12,Persistence+Trend,3,2012
2012-09-10,2012,9,18.46,17.92,17.680000000000007,2012-09-13,Persistence+Trend,3,2012
2012-09-11,2012,9,18.2,18.13,17.419999999999995,2012-09-14,Persistence+Trend,3,2012
2012-09-12,2012,9,18.04,18.19,17.56,2012-09-15,Persistence+Trend,3,2012
2012-09-13,2012,9,17.92,18.82,17.56000000000001,2012-09-16,Persistence+Trend,3,2012
2012-09-14,2012,9,18.13,19.13,18.75999999999999,2012-09-17,Persistence+Trend,3,2012
2012-09-15,2012,9,18.19,19.22,18.370000000000008,2012-09-18,Persistence+Trend,3,2012
2012-09-16,2012,9,18.82,19.24,20.709999999999997,2012-09-19,Persistence+Trend,3,2012
2012-09-17,2012,9,19.13,19.16,20.059999999999995,2012-09-20,Persistence+Trend,3,2012
2012-09-18,2012,9,19.22,19.28,19.49,2012-09-21,Persistence+Trend,3,2012
2012-09-19,2012,9,19.24,19.48,19.299999999999997,2012-09-22,Persistence+Trend,3,2012
2012-09-20,2012,9,19.16,19.66,18.920000000000005,2012-09-23,Persistence+Trend,3,2012
2012-09-21,2012,9,19.28,19.81,19.640000000000004,2012-09-24,Persistence+Trend,3,2012
2012-09-22,2012,9,19.48,20.08,20.08,2012-09-25,Persistence+Trend,3,2012
2012-09-23,2012,9,19.66,20.27,20.2,2012-09-26,Persistence+Trend,3,2012
2012-09-24,2012,9,19.81,20.45,20.259999999999994,2012-09-27,Persistence+Trend,3,2012
2012-09-25,2012,9,20.08,20.46,20.889999999999997,2012-09-28,Persistence+Trend,3,2012
2012-09-26,2012,9,20.27,20.37,20.840000000000003,2012-09-29,Persistence+Trend,3,2012
2012-09-27,2012,9,20.45,20.08,20.99,2012-09-30,Persistence+Trend,3,2012
2012-11-08,2012,11,15.26,15.03,15.109999999999998,2012-11-11,Persistence+Trend,3,2012
2012-11-09,2012,11,15.18,15.03,14.94,2012-11-12,Persistence+Trend,3,2012
2012-11-10,2012,11,15.09,14.97,14.82,2012-11-13,Persistence+Trend,3,2012
2012-11-11,2012,11,15.03,14.92,14.849999999999998,2012-11-14,Persistence+Trend,3,2012
2012-11-12,2012,11,15.03,14.89,15.03,2012-11-15,Persistence+Trend,3,2012
2012-11-13,2012,11,14.97,14.85,14.790000000000004,2012-11-16,Persistence+Trend,3,2012
2012-11-14,2012,11,14.92,14.8,14.769999999999998,2012-11-17,Persistence+Trend,3,2012
2012-11-15,2012,11,14.89,14.76,14.800000000000002,2012-11-18,Persistence+Trend,3,2012
2012-11-16,2012,11,14.85,14.71,14.729999999999997,2012-11-19,Persistence+Trend,3,2012
2012-11-17,2012,11,14.8,14.66,14.650000000000004,2012-11-20,Persistence+Trend,3,2012
2012-11-18,2012,11,14.76,14.61,14.639999999999997,2012-11-21,Persistence+Trend,3,2012
2012-11-19,2012,11,14.71,14.56,14.560000000000004,2012-11-22,Persistence+Trend,3,2012
2012-11-20,2012,11,14.66,14.5,14.509999999999998,2012-11-23,Persistence+Trend,3,2012
2012-11-21,2012,11,14.61,14.45,14.459999999999997,2012-11-24,Persistence+Trend,3,2012
2012-11-22,2012,11,14.56,14.41,14.410000000000004,2012-11-25,Persistence+Trend,3,2012
2012-11-23,2012,11,14.5,14.38,14.319999999999999,2012-11-26,Persistence+Trend,3,2012
2012-11-24,2012,11,14.45,14.35,14.299999999999997,2012-11-27,Persistence+Trend,3,2012
2012-11-25,2012,11,14.41,14.34,14.290000000000003,2012-11-28,Persistence+Trend,3,2012
2012-11-26,2012,11,14.38,14.29,14.290000000000003,2012-11-29,Persistence+Trend,3,2012
2012-11-27,2012,11,14.35,14.24,14.259999999999996,2012-11-30,Persistence+Trend,3,2012
2012-11-28,2012,11,14.34,14.2,14.31,2012-12-01,Persistence+Trend,3,2012
2012-11-29,2012,11,14.29,14.17,14.139999999999997,2012-12-02,Persistence+Trend,3,2012
2012-11-30,2012,11,14.24,14.15,14.090000000000003,2012-12-03,Persistence+Trend,3,2012
2012-12-01,2012,12,14.2,14.13,14.079999999999997,2012-12-04,Persistence+Trend,3,2012
2012-12-02,2012,12,14.17,14.1,14.080000000000002,2012-12-05,Persistence+Trend,3,2012
2012-12-03,2012,12,14.15,14.07,14.090000000000002,2012-12-06,Persistence+Trend,3,2012
2012-12-04,2012,12,14.13,14.03,14.070000000000002,2012-12-07,Persistence+Trend,3,2012
2012-12-05,2012,12,14.1,13.99,14.009999999999996,2012-12-08,Persistence+Trend,3,2012
2012-12-06,2012,12,14.07,13.97,13.980000000000002,2012-12-09,Persistence+Trend,3,2012
2012-12-07,2012,12,14.03,13.94,13.909999999999997,2012-12-10,Persistence+Trend,3,2012
2012-12-08,2012,12,13.99,13.9,13.870000000000003,2012-12-11,Persistence+Trend,3,2012
2012-12-09,2012,12,13.97,13.87,13.910000000000002,2012-12-12,Persistence+Trend,3,2012
2012-12-10,2012,12,13.94,13.85,13.849999999999996,2012-12-13,Persistence+Trend,3,2012
2012-12-11,2012,12,13.9,13.83,13.780000000000003,2012-12-14,Persistence+Trend,3,2012
2012-12-12,2012,12,13.87,13.79,13.779999999999996,2012-12-15,Persistence+Trend,3,2012
2012-12-13,2012,12,13.85,13.76,13.790000000000001,2012-12-16,Persistence+Trend,3,2012
2012-12-14,2012,12,13.83,13.74,13.770000000000001,2012-12-17,Persistence+Trend,3,2012
2012-12-15,2012,12,13.79,13.72,13.669999999999996,2012-12-18,Persistence+Trend,3,2012
2012-12-16,2012,12,13.76,13.7,13.670000000000002,2012-12-19,Persistence+Trend,3,2012
2012-12-17,2012,12,13.74,13.67,13.680000000000001,2012-12-20,Persistence+Trend,3,2012
2012-12-18,2012,12,13.72,13.67,13.660000000000002,2012-12-21,Persistence+Trend,3,2012
2012-12-19,2012,12,13.7,13.66,13.639999999999995,2012-12-22,Persistence+Trend,3,2012
2012-12-20,2012,12,13.67,13.66,13.580000000000002,2012-12-23,Persistence+Trend,3,2012
2012-12-21,2012,12,13.67,13.63,13.67,2012-12-24,Persistence+Trend,3,2012
2012-12-22,2012,12,13.66,13.6,13.63,2012-12-25,Persistence+Trend,3,2012
2012-12-23,2012,12,13.66,13.56,13.66,2012-12-26,Persistence+Trend,3,2012
2012-12-24,2012,12,13.63,13.54,13.540000000000003,2012-12-27,Persistence+Trend,3,2012
2012-12-25,2012,12,13.6,13.51,13.509999999999996,2012-12-28,Persistence+Trend,3,2012
2012-12-26,2012,12,13.56,13.49,13.440000000000003,2012-12-29,Persistence+Trend,3,2012
2012-12-27,2012,12,13.54,13.45,13.479999999999995,2012-12-30,Persistence+Trend,3,2012
2012-12-28,2012,12,13.51,13.42,13.420000000000002,2012-12-31,Persistence+Trend,3,2012
2012-12-29,2012,12,13.49,13.4,13.430000000000001,2013-01-01,Persistence+Trend,3,2012
2012-12-30,2012,12,13.45,13.37,13.329999999999997,2013-01-02,Persistence+Trend,3,2012
2012-12-31,2012,12,13.42,13.33,13.330000000000002,2013-01-03,Persistence+Trend,3,2012
2013-01-01,2013,1,13.4,13.29,13.340000000000002,2013-01-04,Persistence+Trend,3,2013
2013-01-02,2013,1,13.37,13.25,13.279999999999996,2013-01-05,Persistence+Trend,3,2013
2013-01-03,2013,1,13.33,13.22,13.210000000000003,2013-01-06,Persistence+Trend,3,2013
2013-01-04,2013,1,13.29,13.2,13.169999999999996,2013-01-07,Persistence+Trend,3,2013
2013-01-05,2013,1,13.25,13.18,13.130000000000003,2013-01-08,Persistence+Trend,3,2013
2013-01-06,2013,1,13.22,13.16,13.130000000000003,2013-01-09,Persistence+Trend,3,2013
2013-01-07,2013,1,13.2,13.14,13.139999999999995,2013-01-10,Persistence+Trend,3,2013
2013-01-08,2013,1,13.18,13.13,13.120000000000001,2013-01-11,Persistence+Trend,3,2013
2013-01-09,2013,1,13.16,13.12,13.100000000000001,2013-01-12,Persistence+Trend,3,2013
2013-01-10,2013,1,13.14,13.1,13.080000000000002,2013-01-13,Persistence+Trend,3,2013
2013-01-11,2013,1,13.13,13.08,13.100000000000001,2013-01-14,Persistence+Trend,3,2013
2013-01-12,2013,1,13.12,13.07,13.089999999999995,2013-01-15,Persistence+Trend,3,2013
2013-01-13,2013,1,13.1,13.06,13.040000000000001,2013-01-16,Persistence+Trend,3,2013
2013-01-14,2013,1,13.08,13.04,13.020000000000001,2013-01-17,Persistence+Trend,3,2013
2013-01-15,2013,1,13.07,13.03,13.040000000000001,2013-01-18,Persistence+Trend,3,2013
2013-01-16,2013,1,13.06,13.01,13.030000000000001,2013-01-19,Persistence+Trend,3,2013
2013-01-17,2013,1,13.04,12.98,12.979999999999995,2013-01-20,Persistence+Trend,3,2013
2013-01-18,2013,1,13.03,12.95,13.0,2013-01-21,Persistence+Trend,3,2013
2013-01-19,2013,1,13.01,12.93,12.950000000000001,2013-01-22,Persistence+Trend,3,2013
2013-01-20,2013,1,12.98,12.91,12.890000000000002,2013-01-23,Persistence+Trend,3,2013
2013-01-21,2013,1,12.95,12.89,12.859999999999996,2013-01-24,Persistence+Trend,3,2013
2013-01-22,2013,1,12.93,12.87,12.870000000000001,2013-01-25,Persistence+Trend,3,2013
2013-01-23,2013,1,12.91,12.85,12.850000000000001,2013-01-26,Persistence+Trend,3,2013
2013-01-24,2013,1,12.89,12.83,12.830000000000002,2013-01-27,Persistence+Trend,3,2013
2013-01-25,2013,1,12.87,12.81,12.809999999999995,2013-01-28,Persistence+Trend,3,2013
2013-01-26,2013,1,12.85,12.8,12.790000000000001,2013-01-29,Persistence+Trend,3,2013
2013-01-27,2013,1,12.83,12.8,12.770000000000001,2013-01-30,Persistence+Trend,3,2013
2013-01-28,2013,1,12.81,12.79,12.750000000000002,2013-01-31,Persistence+Trend,3,2013
2013-01-29,2013,1,12.8,12.78,12.770000000000001,2013-02-01,Persistence+Trend,3,2013
2013-01-30,2013,1,12.8,12.76,12.8,2013-02-02,Persistence+Trend,3,2013
2013-01-31,2013,1,12.79,12.74,12.759999999999994,2013-02-03,Persistence+Trend,3,2013
2013-02-01,2013,2,12.78,12.73,12.75,2013-02-04,Persistence+Trend,3,2013
2013-02-02,2013,2,12.76,12.72,12.700000000000001,2013-02-05,Persistence+Trend,3,2013
2013-02-03,2013,2,12.74,12.7,12.680000000000001,2013-02-06,Persistence+Trend,3,2013
2013-02-04,2013,2,12.73,12.67,12.700000000000001,2013-02-07,Persistence+Trend,3,2013
2013-02-05,2013,2,12.72,12.65,12.690000000000001,2013-02-08,Persistence+Trend,3,2013
2013-02-06,2013,2,12.7,12.63,12.639999999999995,2013-02-09,Persistence+Trend,3,2013
2013-02-07,2013,2,12.67,12.61,12.580000000000002,2013-02-10,Persistence+Trend,3,2013
2013-02-08,2013,2,12.65,12.6,12.590000000000002,2013-02-11,Persistence+Trend,3,2013
2013-02-09,2013,2,12.63,12.58,12.570000000000002,2013-02-12,Persistence+Trend,3,2013
2013-02-10,2013,2,12.61,12.57,12.549999999999995,2013-02-13,Persistence+Trend,3,2013
2013-02-11,2013,2,12.6,12.56,12.57,2013-02-14,Persistence+Trend,3,2013
2013-02-12,2013,2,12.58,12.55,12.520000000000001,2013-02-15,Persistence+Trend,3,2013
2013-02-13,2013,2,12.57,12.53,12.540000000000001,2013-02-16,Persistence+Trend,3,2013
2013-02-14,2013,2,12.56,12.52,12.530000000000001,2013-02-17,Persistence+Trend,3,2013
2013-02-15,2013,2,12.55,12.52,12.520000000000001,2013-02-18,Persistence+Trend,3,2013
2013-02-16,2013,2,12.53,12.51,12.469999999999995,2013-02-19,Persistence+Trend,3,2013
2013-02-17,2013,2,12.52,12.53,12.49,2013-02-20,Persistence+Trend,3,2013
2013-02-18,2013,2,12.52,12.54,12.52,2013-02-21,Persistence+Trend,3,2013
2013-02-19,2013,2,12.51,12.53,12.48,2013-02-22,Persistence+Trend,3,2013
2013-02-20,2013,2,12.53,12.53,12.589999999999998,2013-02-23,Persistence+Trend,3,2013
2013-02-21,2013,2,12.54,12.52,12.569999999999999,2013-02-24,Persistence+Trend,3,2013
2013-02-22,2013,2,12.53,12.52,12.5,2013-02-25,Persistence+Trend,3,2013
2013-02-23,2013,2,12.53,12.53,12.53,2013-02-26,Persistence+Trend,3,2013
2013-02-24,2013,2,12.52,12.55,12.49,2013-02-27,Persistence+Trend,3,2013
2013-02-25,2013,2,12.52,12.59,12.52,2013-02-28,Persistence+Trend,3,2013
2013-02-26,2013,2,12.53,12.588,12.559999999999999,2013-03-01,Persistence+Trend,3,2013
2013-02-27,2013,2,12.55,12.57,12.610000000000005,2013-03-02,Persistence+Trend,3,2013
2013-02-28,2013,2,12.59,12.54,12.709999999999997,2013-03-03,Persistence+Trend,3,2013
2013-03-01,2013,3,12.588,12.52,12.581999999999997,2013-03-04,Persistence+Trend,3,2013
2013-03-02,2013,3,12.57,12.49,12.516000000000004,2013-03-05,Persistence+Trend,3,2013
2013-03-03,2013,3,12.54,12.46,12.449999999999996,2013-03-06,Persistence+Trend,3,2013
2013-03-04,2013,3,12.52,12.44,12.46,2013-03-07,Persistence+Trend,3,2013
2013-03-05,2013,3,12.49,12.42,12.400000000000002,2013-03-08,Persistence+Trend,3,2013
2013-03-06,2013,3,12.46,12.42,12.370000000000003,2013-03-09,Persistence+Trend,3,2013
2013-03-07,2013,3,12.44,12.41,12.379999999999995,2013-03-10,Persistence+Trend,3,2013
2013-03-08,2013,3,12.42,12.41,12.360000000000001,2013-03-11,Persistence+Trend,3,2013
2013-03-09,2013,3,12.42,12.42,12.42,2013-03-12,Persistence+Trend,3,2013
2013-03-10,2013,3,12.41,12.41,12.38,2013-03-13,Persistence+Trend,3,2013
2013-03-11,2013,3,12.41,12.4,12.41,2013-03-14,Persistence+Trend,3,2013
2013-03-12,2013,3,12.42,12.39,12.45,2013-03-15,Persistence+Trend,3,2013
2013-03-13,2013,3,12.41,12.38,12.38,2013-03-16,Persistence+Trend,3,2013
2013-03-14,2013,3,12.4,12.36,12.370000000000001,2013-03-17,Persistence+Trend,3,2013
2013-03-15,2013,3,12.39,12.35,12.360000000000001,2013-03-18,Persistence+Trend,3,2013
2013-03-16,2013,3,12.38,12.34,12.350000000000001,2013-03-19,Persistence+Trend,3,2013
2013-03-17,2013,3,12.36,12.33,12.299999999999995,2013-03-20,Persistence+Trend,3,2013
2013-03-18,2013,3,12.35,12.32,12.32,2013-03-21,Persistence+Trend,3,2013
2013-03-19,2013,3,12.34,12.33,12.31,2013-03-22,Persistence+Trend,3,2013
2013-03-20,2013,3,12.33,12.37,12.3,2013-03-23,Persistence+Trend,3,2013
2013-03-21,2013,3,12.32,12.41,12.290000000000001,2013-03-24,Persistence+Trend,3,2013
2013-03-22,2013,3,12.33,12.5,12.36,2013-03-25,Persistence+Trend,3,2013
2013-03-23,2013,3,12.37,12.54,12.489999999999997,2013-03-26,Persistence+Trend,3,2013
2013-03-24,2013,3,12.41,12.59,12.530000000000003,2013-03-27,Persistence+Trend,3,2013
2013-03-25,2013,3,12.5,12.65,12.77,2013-03-28,Persistence+Trend,3,2013
2013-03-26,2013,3,12.54,12.69,12.659999999999997,2013-03-29,Persistence+Trend,3,2013
2013-03-27,2013,3,12.59,12.71,12.740000000000002,2013-03-30,Persistence+Trend,3,2013
2013-03-28,2013,3,12.65,12.71,12.830000000000002,2013-03-31,Persistence+Trend,3,2013
2013-03-29,2013,3,12.69,12.69,12.809999999999997,2013-04-01,Persistence+Trend,3,2013
2013-03-30,2013,3,12.71,12.69,12.770000000000005,2013-04-02,Persistence+Trend,3,2013
2013-03-31,2013,3,12.71,12.73,12.71,2013-04-03,Persistence+Trend,3,2013
2013-04-01,2013,4,12.69,12.77,12.629999999999995,2013-04-04,Persistence+Trend,3,2013
2013-04-02,2013,4,12.69,12.77,12.69,2013-04-05,Persistence+Trend,3,2013
2013-04-03,2013,4,12.73,12.851,12.850000000000003,2013-04-06,Persistence+Trend,3,2013
2013-04-04,2013,4,12.77,12.896,12.889999999999997,2013-04-07,Persistence+Trend,3,2013
2013-04-05,2013,4,12.77,13.05,12.77,2013-04-08,Persistence+Trend,3,2013
2013-04-06,2013,4,12.851,13.19,13.094000000000005,2013-04-09,Persistence+Trend,3,2013
2013-04-07,2013,4,12.896,13.23,13.031,2013-04-10,Persistence+Trend,3,2013
2013-04-08,2013,4,13.05,13.23,13.512,2013-04-11,Persistence+Trend,3,2013
2013-04-09,2013,4,13.19,13.22,13.609999999999996,2013-04-12,Persistence+Trend,3,2013
2013-04-10,2013,4,13.23,13.33,13.350000000000003,2013-04-13,Persistence+Trend,3,2013
2013-04-11,2013,4,13.23,13.47,13.23,2013-04-14,Persistence+Trend,3,2013
2013-04-12,2013,4,13.22,13.5,13.190000000000001,2013-04-15,Persistence+Trend,3,2013
2013-04-13,2013,4,13.33,13.51,13.659999999999998,2013-04-16,Persistence+Trend,3,2013
2013-04-14,2013,4,13.47,13.48,13.890000000000002,2013-04-17,Persistence+Trend,3,2013
2013-04-15,2013,4,13.5,13.52,13.589999999999998,2013-04-18,Persistence+Trend,3,2013
2013-04-16,2013,4,13.51,13.81,13.54,2013-04-19,Persistence+Trend,3,2013
2013-04-17,2013,4,13.48,14.35,13.390000000000002,2013-04-20,Persistence+Trend,3,2013
2013-04-18,2013,4,13.52,14.55,13.639999999999997,2013-04-21,Persistence+Trend,3,2013
2013-04-19,2013,4,13.81,14.66,14.680000000000003,2013-04-22,Persistence+Trend,3,2013
2013-04-20,2013,4,14.35,14.58,15.969999999999997,2013-04-23,Persistence+Trend,3,2013
2013-04-21,2013,4,14.55,14.58,15.150000000000004,2013-04-24,Persistence+Trend,3,2013
2013-04-22,2013,4,14.66,14.45,14.989999999999998,2013-04-25,Persistence+Trend,3,2013
2013-04-23,2013,4,14.58,14.35,14.34,2013-04-26,Persistence+Trend,3,2013
2013-04-24,2013,4,14.58,14.26,14.58,2013-04-27,Persistence+Trend,3,2013
2013-04-25,2013,4,14.45,14.24,14.059999999999997,2013-04-28,Persistence+Trend,3,2013
2013-04-26,2013,4,14.35,14.2,14.05,2013-04-29,Persistence+Trend,3,2013
2013-04-27,2013,4,14.26,14.17,13.99,2013-04-30,Persistence+Trend,3,2013
2013-07-08,2013,7,19.2,19.67,19.830000000000002,2013-07-11,Persistence+Trend,3,2013
2013-07-09,2013,7,19.34,19.68,19.76,2013-07-12,Persistence+Trend,3,2013
2013-07-10,2013,7,19.47,19.6,19.859999999999996,2013-07-13,Persistence+Trend,3,2013
2013-07-11,2013,7,19.67,19.46,20.27000000000001,2013-07-14,Persistence+Trend,3,2013
2013-07-12,2013,7,19.68,19.37,19.709999999999994,2013-07-15,Persistence+Trend,3,2013
2013-07-13,2013,7,19.6,19.3,19.360000000000007,2013-07-16,Persistence+Trend,3,2013
2013-07-14,2013,7,19.46,19.13,19.04,2013-07-17,Persistence+Trend,3,2013
2013-07-15,2013,7,19.37,19.087,19.1,2013-07-18,Persistence+Trend,3,2013
2013-07-16,2013,7,19.3,18.99,19.09,2013-07-19,Persistence+Trend,3,2013
2013-07-17,2013,7,19.13,19.09,18.619999999999994,2013-07-20,Persistence+Trend,3,2013
2013-07-18,2013,7,19.087,19.12,18.958000000000002,2013-07-21,Persistence+Trend,3,2013
2013-07-19,2013,7,18.99,19.11,18.698999999999995,2013-07-22,Persistence+Trend,3,2013
2013-07-20,2013,7,19.09,19.02,19.390000000000004,2013-07-23,Persistence+Trend,3,2013
2013-07-21,2013,7,19.12,19.04,19.210000000000004,2013-07-24,Persistence+Trend,3,2013
2013-07-22,2013,7,19.11,19.05,19.079999999999995,2013-07-25,Persistence+Trend,3,2013
2013-07-23,2013,7,19.02,19.11,18.75,2013-07-26,Persistence+Trend,3,2013
2013-07-24,2013,7,19.04,19.15,19.099999999999998,2013-07-27,Persistence+Trend,3,2013
2013-07-25,2013,7,19.05,19.14,19.080000000000005,2013-07-28,Persistence+Trend,3,2013
2013-07-26,2013,7,19.11,19.07,19.289999999999996,2013-07-29,Persistence+Trend,3,2013
2013-07-27,2013,7,19.15,19.0,19.269999999999996,2013-07-30,Persistence+Trend,3,2013
2013-07-28,2013,7,19.14,18.94,19.110000000000007,2013-07-31,Persistence+Trend,3,2013
2013-07-29,2013,7,19.07,18.86,18.86,2013-08-01,Persistence+Trend,3,2013
2013-07-30,2013,7,19.0,18.78,18.79,2013-08-02,Persistence+Trend,3,2013
2013-07-31,2013,7,18.94,18.76,18.760000000000005,2013-08-03,Persistence+Trend,3,2013
2013-08-01,2013,8,18.86,18.69,18.619999999999994,2013-08-04,Persistence+Trend,3,2013
2013-08-02,2013,8,18.78,18.52,18.540000000000006,2013-08-05,Persistence+Trend,3,2013
2013-08-03,2013,8,18.76,18.4,18.700000000000003,2013-08-06,Persistence+Trend,3,2013
2013-08-04,2013,8,18.69,18.45,18.48,2013-08-07,Persistence+Trend,3,2013
2013-08-05,2013,8,18.52,18.51,18.009999999999994,2013-08-08,Persistence+Trend,3,2013
2013-08-06,2013,8,18.4,18.49,18.039999999999996,2013-08-09,Persistence+Trend,3,2013
2013-08-07,2013,8,18.45,18.43,18.6,2013-08-10,Persistence+Trend,3,2013
2013-08-08,2013,8,18.51,18.51,18.69000000000001,2013-08-11,Persistence+Trend,3,2013
2013-08-09,2013,8,18.49,18.6,18.42999999999999,2013-08-12,Persistence+Trend,3,2013
2013-08-10,2013,8,18.43,18.64,18.250000000000004,2013-08-13,Persistence+Trend,3,2013
2013-08-11,2013,8,18.51,18.63,18.750000000000007,2013-08-14,Persistence+Trend,3,2013
2013-08-12,2013,8,18.6,18.56,18.87,2013-08-15,Persistence+Trend,3,2013
2013-08-13,2013,8,18.64,18.45,18.759999999999998,2013-08-16,Persistence+Trend,3,2013
2013-08-14,2013,8,18.63,18.36,18.599999999999994,2013-08-17,Persistence+Trend,3,2013
2013-08-15,2013,8,18.56,18.29,18.349999999999998,2013-08-18,Persistence+Trend,3,2013
2013-08-16,2013,8,18.45,18.22,18.12,2013-08-19,Persistence+Trend,3,2013
2013-08-17,2013,8,18.36,18.12,18.09,2013-08-20,Persistence+Trend,3,2013
2013-08-18,2013,8,18.29,18.0,18.08,2013-08-21,Persistence+Trend,3,2013
2013-08-19,2013,8,18.22,17.97,18.009999999999998,2013-08-22,Persistence+Trend,3,2013
2013-08-20,2013,8,18.12,17.92,17.820000000000007,2013-08-23,Persistence+Trend,3,2013
2013-08-21,2013,8,18.0,17.83,17.639999999999997,2013-08-24,Persistence+Trend,3,2013
2013-08-22,2013,8,17.97,17.67,17.879999999999995,2013-08-25,Persistence+Trend,3,2013
2013-08-23,2013,8,17.92,17.54,17.77000000000001,2013-08-26,Persistence+Trend,3,2013
2013-08-24,2013,8,17.83,17.47,17.559999999999988,2013-08-27,Persistence+Trend,3,2013
2013-08-25,2013,8,17.67,17.53,17.190000000000012,2013-08-28,Persistence+Trend,3,2013
2013-08-26,2013,8,17.54,17.6,17.14999999999999,2013-08-29,Persistence+Trend,3,2013
2013-08-27,2013,8,17.47,17.6,17.259999999999998,2013-08-30,Persistence+Trend,3,2013
2013-08-28,2013,8,17.53,17.62,17.710000000000008,2013-08-31,Persistence+Trend,3,2013
2013-08-29,2013,8,17.6,17.62,17.810000000000002,2013-09-01,Persistence+Trend,3,2013
2013-08-30,2013,8,17.6,17.64,17.6,2013-09-02,Persistence+Trend,3,2013
2013-08-31,2013,8,17.62,17.79,17.68,2013-09-03,Persistence+Trend,3,2013
2013-09-01,2013,9,17.62,17.9,17.62,2013-09-04,Persistence+Trend,3,2013
2013-09-02,2013,9,17.64,18.17,17.7,2013-09-05,Persistence+Trend,3,2013
2013-09-03,2013,9,17.79,18.49,18.239999999999995,2013-09-06,Persistence+Trend,3,2013
2013-09-04,2013,9,17.9,18.8,18.229999999999997,2013-09-07,Persistence+Trend,3,2013
2013-09-05,2013,9,18.17,19.3,18.98000000000001,2013-09-08,Persistence+Trend,3,2013
2013-09-06,2013,9,18.49,19.66,19.44999999999999,2013-09-09,Persistence+Trend,3,2013
2013-09-07,2013,9,18.8,19.9,19.730000000000008,2013-09-10,Persistence+Trend,3,2013
2013-09-08,2013,9,19.3,19.91,20.8,2013-09-11,Persistence+Trend,3,2013
2013-09-09,2013,9,19.66,19.79,20.74,2013-09-12,Persistence+Trend,3,2013
2013-09-10,2013,9,19.9,19.5,20.619999999999994,2013-09-13,Persistence+Trend,3,2013
2013-09-11,2013,9,19.91,19.19,19.940000000000005,2013-09-14,Persistence+Trend,3,2013
2013-09-12,2013,9,19.79,18.9,19.429999999999996,2013-09-15,Persistence+Trend,3,2013
2013-09-13,2013,9,19.5,18.62,18.630000000000003,2013-09-16,Persistence+Trend,3,2013
2013-09-14,2013,9,19.19,18.41,18.260000000000005,2013-09-17,Persistence+Trend,3,2013
2013-09-15,2013,9,18.9,18.12,18.02999999999999,2013-09-18,Persistence+Trend,3,2013
2013-09-16,2013,9,18.62,17.94,17.78000000000001,2013-09-19,Persistence+Trend,3,2013
2013-09-17,2013,9,18.41,17.76,17.779999999999998,2013-09-20,Persistence+Trend,3,2013
2013-09-18,2013,9,18.12,17.4,17.250000000000004,2013-09-21,Persistence+Trend,3,2013
2013-09-19,2013,9,17.94,17.3,17.400000000000002,2013-09-22,Persistence+Trend,3,2013
2013-09-20,2013,9,17.76,17.13,17.220000000000002,2013-09-23,Persistence+Trend,3,2013
2013-09-21,2013,9,17.4,17.01,16.31999999999999,2013-09-24,Persistence+Trend,3,2013
2013-09-22,2013,9,17.3,16.91,17.000000000000007,2013-09-25,Persistence+Trend,3,2013
2013-09-23,2013,9,17.13,16.82,16.619999999999994,2013-09-26,Persistence+Trend,3,2013
2013-09-24,2013,9,17.01,16.8,16.65000000000001,2013-09-27,Persistence+Trend,3,2013
2013-09-25,2013,9,16.91,16.81,16.609999999999996,2013-09-28,Persistence+Trend,3,2013
2013-09-26,2013,9,16.82,16.85,16.55,2013-09-29,Persistence+Trend,3,2013
2013-09-27,2013,9,16.8,16.87,16.740000000000002,2013-09-30,Persistence+Trend,3,2013
2013-09-28,2013,9,16.81,16.87,16.839999999999993,2013-10-01,Persistence+Trend,3,2013
2013-09-29,2013,9,16.85,16.84,16.97000000000001,2013-10-02,Persistence+Trend,3,2013
2013-09-30,2013,9,16.87,16.77,16.93,2013-10-03,Persistence+Trend,3,2013
2013-10-01,2013,10,16.87,16.68,16.87,2013-10-04,Persistence+Trend,3,2013
2013-10-02,2013,10,16.84,16.57,16.749999999999996,2013-10-05,Persistence+Trend,3,2013
2013-10-03,2013,10,16.77,16.51,16.56,2013-10-06,Persistence+Trend,3,2013
2013-10-04,2013,10,16.68,16.58,16.41,2013-10-07,Persistence+Trend,3,2013
2013-10-05,2013,10,16.57,16.63,16.240000000000002,2013-10-08,Persistence+Trend,3,2013
2013-10-06,2013,10,16.51,16.6,16.330000000000005,2013-10-09,Persistence+Trend,3,2013
2013-10-07,2013,10,16.58,16.55,16.78999999999999,2013-10-10,Persistence+Trend,3,2013
2013-10-08,2013,10,16.63,16.54,16.78,2013-10-11,Persistence+Trend,3,2013
2013-10-09,2013,10,16.6,16.59,16.51000000000001,2013-10-12,Persistence+Trend,3,2013
2013-10-10,2013,10,16.55,16.55,16.4,2013-10-13,Persistence+Trend,3,2013
2013-10-11,2013,10,16.54,16.48,16.509999999999994,2013-10-14,Persistence+Trend,3,2013
2013-10-12,2013,10,16.59,16.37,16.740000000000002,2013-10-15,Persistence+Trend,3,2013
2013-10-13,2013,10,16.55,16.37,16.430000000000003,2013-10-16,Persistence+Trend,3,2013
2013-10-14,2013,10,16.48,16.48,16.27,2013-10-17,Persistence+Trend,3,2013
2013-10-15,2013,10,16.37,16.37,16.040000000000003,2013-10-18,Persistence+Trend,3,2013
2013-10-16,2013,10,16.37,16.23,16.37,2013-10-19,Persistence+Trend,3,2013
2013-10-17,2013,10,16.48,16.0,16.81,2013-10-20,Persistence+Trend,3,2013
2013-10-18,2013,10,16.37,15.84,16.040000000000003,2013-10-21,Persistence+Trend,3,2013
2013-10-19,2013,10,16.23,15.74,15.809999999999999,2013-10-22,Persistence+Trend,3,2013
2013-10-20,2013,10,16.0,15.71,15.309999999999999,2013-10-23,Persistence+Trend,3,2013
2013-10-21,2013,10,15.84,15.68,15.36,2013-10-24,Persistence+Trend,3,2013
2013-10-22,2013,10,15.74,15.66,15.440000000000001,2013-10-25,Persistence+Trend,3,2013
2013-10-23,2013,10,15.71,15.71,15.620000000000003,2013-10-26,Persistence+Trend,3,2013
2013-10-24,2013,10,15.68,15.74,15.589999999999996,2013-10-27,Persistence+Trend,3,2013
2013-10-25,2013,10,15.66,15.82,15.600000000000001,2013-10-28,Persistence+Trend,3,2013
2013-10-26,2013,10,15.71,15.82,15.860000000000003,2013-10-29,Persistence+Trend,3,2013
2013-10-27,2013,10,15.74,15.74,15.829999999999998,2013-10-30,Persistence+Trend,3,2013
2013-10-28,2013,10,15.82,15.63,16.060000000000002,2013-10-31,Persistence+Trend,3,2013
2013-10-29,2013,10,15.82,15.52,15.82,2013-11-01,Persistence+Trend,3,2013
2013-10-30,2013,10,15.74,15.42,15.5,2013-11-02,Persistence+Trend,3,2013
2013-10-31,2013,10,15.63,15.4,15.300000000000002,2013-11-03,Persistence+Trend,3,2013
2013-11-01,2013,11,15.52,15.49,15.189999999999996,2013-11-04,Persistence+Trend,3,2013
2013-11-02,2013,11,15.42,15.57,15.120000000000001,2013-11-05,Persistence+Trend,3,2013
2013-11-03,2013,11,15.4,15.59,15.340000000000002,2013-11-06,Persistence+Trend,3,2013
2013-11-04,2013,11,15.49,15.54,15.76,2013-11-07,Persistence+Trend,3,2013
2013-11-05,2013,11,15.57,15.43,15.81,2013-11-08,Persistence+Trend,3,2013
2013-11-06,2013,11,15.59,15.34,15.649999999999999,2013-11-09,Persistence+Trend,3,2013
2013-11-07,2013,11,15.54,15.21,15.389999999999997,2013-11-10,Persistence+Trend,3,2013
2013-11-08,2013,11,15.43,15.09,15.100000000000001,2013-11-11,Persistence+Trend,3,2013
2013-11-09,2013,11,15.34,15.0,15.07,2013-11-12,Persistence+Trend,3,2013
2013-11-10,2013,11,15.21,14.91,14.820000000000004,2013-11-13,Persistence+Trend,3,2013
2013-11-11,2013,11,15.09,14.84,14.729999999999997,2013-11-14,Persistence+Trend,3,2013
2013-11-12,2013,11,15.0,14.72,14.73,2013-11-15,Persistence+Trend,3,2013
2013-11-13,2013,11,14.91,14.66,14.64,2013-11-16,Persistence+Trend,3,2013
2013-11-14,2013,11,14.84,14.58,14.629999999999999,2013-11-17,Persistence+Trend,3,2013
2013-11-15,2013,11,14.72,14.53,14.360000000000003,2013-11-18,Persistence+Trend,3,2013
2013-11-16,2013,11,14.66,14.44,14.479999999999999,2013-11-19,Persistence+Trend,3,2013
2013-11-17,2013,11,14.58,14.44,14.34,2013-11-20,Persistence+Trend,3,2013
2013-11-18,2013,11,14.53,14.38,14.379999999999997,2013-11-21,Persistence+Trend,3,2013
2013-11-19,2013,11,14.44,14.33,14.17,2013-11-22,Persistence+Trend,3,2013
2013-11-20,2013,11,14.44,14.27,14.44,2013-11-23,Persistence+Trend,3,2013
2013-11-21,2013,11,14.38,14.22,14.200000000000005,2013-11-24,Persistence+Trend,3,2013
2013-11-22,2013,11,14.33,14.17,14.179999999999998,2013-11-25,Persistence+Trend,3,2013
2013-11-23,2013,11,14.27,14.12,14.089999999999998,2013-11-26,Persistence+Trend,3,2013
2013-11-24,2013,11,14.22,14.08,14.070000000000004,2013-11-27,Persistence+Trend,3,2013
2013-11-25,2013,11,14.17,14.03,14.019999999999998,2013-11-28,Persistence+Trend,3,2013
2013-11-26,2013,11,14.12,13.99,13.969999999999997,2013-11-29,Persistence+Trend,3,2013
2013-11-27,2013,11,14.08,13.96,13.960000000000003,2013-11-30,Persistence+Trend,3,2013
2013-11-28,2013,11,14.03,13.92,13.879999999999997,2013-12-01,Persistence+Trend,3,2013
2013-11-29,2013,11,13.99,13.87,13.870000000000003,2013-12-02,Persistence+Trend,3,2013
2013-11-30,2013,11,13.96,13.82,13.870000000000003,2013-12-03,Persistence+Trend,3,2013
2013-12-01,2013,12,13.92,13.78,13.799999999999997,2013-12-04,Persistence+Trend,3,2013
2013-12-02,2013,12,13.87,13.76,13.719999999999997,2013-12-05,Persistence+Trend,3,2013
2013-12-03,2013,12,13.82,13.74,13.670000000000003,2013-12-06,Persistence+Trend,3,2013
2013-12-04,2013,12,13.78,13.7,13.659999999999997,2013-12-07,Persistence+Trend,3,2013
2013-12-05,2013,12,13.76,13.67,13.700000000000001,2013-12-08,Persistence+Trend,3,2013
2013-12-06,2013,12,13.74,13.64,13.680000000000001,2013-12-09,Persistence+Trend,3,2013
2013-12-07,2013,12,13.7,13.6,13.579999999999997,2013-12-10,Persistence+Trend,3,2013
2013-12-08,2013,12,13.67,13.56,13.580000000000002,2013-12-11,Persistence+Trend,3,2013
2013-12-09,2013,12,13.64,13.54,13.550000000000002,2013-12-12,Persistence+Trend,3,2013
2013-12-10,2013,12,13.6,13.51,13.479999999999997,2013-12-13,Persistence+Trend,3,2013
2013-12-11,2013,12,13.56,13.48,13.440000000000003,2013-12-14,Persistence+Trend,3,2013
2013-12-12,2013,12,13.54,13.45,13.479999999999995,2013-12-15,Persistence+Trend,3,2013
2013-12-13,2013,12,13.51,13.42,13.420000000000002,2013-12-16,Persistence+Trend,3,2013
2013-12-14,2013,12,13.48,13.4,13.390000000000002,2013-12-17,Persistence+Trend,3,2013
2013-12-15,2013,12,13.45,13.38,13.359999999999996,2013-12-18,Persistence+Trend,3,2013
2013-12-16,2013,12,13.42,13.36,13.330000000000002,2013-12-19,Persistence+Trend,3,2013
2013-12-17,2013,12,13.4,13.34,13.340000000000002,2013-12-20,Persistence+Trend,3,2013
2013-12-18,2013,12,13.38,13.32,13.320000000000002,2013-12-21,Persistence+Trend,3,2013
2013-12-19,2013,12,13.36,13.29,13.299999999999995,2013-12-22,Persistence+Trend,3,2013
2013-12-20,2013,12,13.34,13.26,13.280000000000001,2013-12-23,Persistence+Trend,3,2013
2013-12-21,2013,12,13.32,13.24,13.260000000000002,2013-12-24,Persistence+Trend,3,2013
2013-12-22,2013,12,13.29,13.21,13.199999999999996,2013-12-25,Persistence+Trend,3,2013
2013-12-23,2013,12,13.26,13.19,13.170000000000002,2013-12-26,Persistence+Trend,3,2013
2013-12-24,2013,12,13.24,13.17,13.180000000000001,2013-12-27,Persistence+Trend,3,2013
2013-12-25,2013,12,13.21,13.14,13.120000000000003,2013-12-28,Persistence+Trend,3,2013
2013-12-26,2013,12,13.19,13.12,13.129999999999995,2013-12-29,Persistence+Trend,3,2013
2013-12-27,2013,12,13.17,13.09,13.110000000000001,2013-12-30,Persistence+Trend,3,2013
2013-12-28,2013,12,13.14,13.06,13.050000000000002,2013-12-31,Persistence+Trend,3,2013
2013-12-29,2013,12,13.12,13.04,13.059999999999995,2014-01-01,Persistence+Trend,3,2013
2013-12-30,2013,12,13.09,13.02,13.000000000000002,2014-01-02,Persistence+Trend,3,2013
2013-12-31,2013,12,13.06,12.99,12.970000000000002,2014-01-03,Persistence+Trend,3,2013
2014-01-01,2014,1,13.04,12.97,12.979999999999995,2014-01-04,Persistence+Trend,3,2014
2014-01-02,2014,1,13.02,12.95,12.96,2014-01-05,Persistence+Trend,3,2014
2014-01-03,2014,1,12.99,12.93,12.900000000000002,2014-01-06,Persistence+Trend,3,2014
2014-01-04,2014,1,12.97,12.93,12.910000000000002,2014-01-07,Persistence+Trend,3,2014
2014-01-05,2014,1,12.95,12.92,12.889999999999995,2014-01-08,Persistence+Trend,3,2014
2014-01-06,2014,1,12.93,12.9,12.870000000000001,2014-01-09,Persistence+Trend,3,2014
2014-01-07,2014,1,12.93,12.88,12.93,2014-01-10,Persistence+Trend,3,2014
2014-01-08,2014,1,12.92,12.86,12.89,2014-01-11,Persistence+Trend,3,2014
2014-01-09,2014,1,12.9,12.83,12.840000000000002,2014-01-12,Persistence+Trend,3,2014
2014-01-10,2014,1,12.88,12.82,12.820000000000002,2014-01-13,Persistence+Trend,3,2014
2014-01-11,2014,1,12.86,12.8,12.799999999999995,2014-01-14,Persistence+Trend,3,2014
2014-01-12,2014,1,12.83,12.79,12.740000000000002,2014-01-15,Persistence+Trend,3,2014
2014-01-13,2014,1,12.82,12.77,12.790000000000001,2014-01-16,Persistence+Trend,3,2014
2014-01-14,2014,1,12.8,12.75,12.740000000000002,2014-01-17,Persistence+Trend,3,2014
2014-01-15,2014,1,12.79,12.73,12.759999999999994,2014-01-18,Persistence+Trend,3,2014
2014-01-16,2014,1,12.77,12.72,12.71,2014-01-19,Persistence+Trend,3,2014
2014-01-17,2014,1,12.75,12.7,12.690000000000001,2014-01-20,Persistence+Trend,3,2014
2014-01-18,2014,1,12.73,12.68,12.670000000000002,2014-01-21,Persistence+Trend,3,2014
2014-01-19,2014,1,12.72,12.66,12.690000000000001,2014-01-22,Persistence+Trend,3,2014
2014-01-20,2014,1,12.7,12.65,12.639999999999995,2014-01-23,Persistence+Trend,3,2014
2014-01-21,2014,1,12.68,12.64,12.620000000000001,2014-01-24,Persistence+Trend,3,2014
2014-01-22,2014,1,12.66,12.63,12.600000000000001,2014-01-25,Persistence+Trend,3,2014
2014-01-23,2014,1,12.65,12.62,12.620000000000001,2014-01-26,Persistence+Trend,3,2014
2014-01-24,2014,1,12.64,12.61,12.610000000000001,2014-01-27,Persistence+Trend,3,2014
2014-01-25,2014,1,12.63,12.59,12.600000000000001,2014-01-28,Persistence+Trend,3,2014
2014-01-26,2014,1,12.62,12.57,12.589999999999995,2014-01-29,Persistence+Trend,3,2014
2014-01-27,2014,1,12.61,12.55,12.58,2014-01-30,Persistence+Trend,3,2014
2014-01-28,2014,1,12.59,12.53,12.530000000000001,2014-01-31,Persistence+Trend,3,2014
2014-06-08,2014,6,16.32,16.92,16.680000000000003,2014-06-11,Persistence+Trend,3,2014
2014-06-09,2014,6,16.66,16.92,17.68,2014-06-12,Persistence+Trend,3,2014
2014-06-10,2014,6,16.88,16.92,17.539999999999996,2014-06-13,Persistence+Trend,3,2014
2014-06-11,2014,6,16.92,16.97,17.04000000000001,2014-06-14,Persistence+Trend,3,2014
2014-06-12,2014,6,16.92,17.07,16.92,2014-06-15,Persistence+Trend,3,2014
2014-06-13,2014,6,16.92,17.21,16.92,2014-06-16,Persistence+Trend,3,2014
2014-06-14,2014,6,16.97,17.25,17.11999999999999,2014-06-17,Persistence+Trend,3,2014
2014-06-15,2014,6,17.07,17.19,17.370000000000005,2014-06-18,Persistence+Trend,3,2014
2014-06-16,2014,6,17.21,17.11,17.630000000000003,2014-06-19,Persistence+Trend,3,2014
2014-06-17,2014,6,17.25,16.99,17.369999999999997,2014-06-20,Persistence+Trend,3,2014
2014-06-18,2014,6,17.19,16.92,17.010000000000005,2014-06-21,Persistence+Trend,3,2014
2014-06-19,2014,6,17.11,16.9,16.869999999999994,2014-06-22,Persistence+Trend,3,2014
2014-06-20,2014,6,16.99,17.2,16.629999999999995,2014-06-23,Persistence+Trend,3,2014
2014-06-21,2014,6,16.92,17.49,16.71000000000001,2014-06-24,Persistence+Trend,3,2014
2014-06-22,2014,6,16.9,17.82,16.83999999999999,2014-06-25,Persistence+Trend,3,2014
2014-06-23,2014,6,17.2,18.14,18.1,2014-06-26,Persistence+Trend,3,2014
2014-06-24,2014,6,17.49,18.44,18.359999999999996,2014-06-27,Persistence+Trend,3,2014
2014-06-25,2014,6,17.82,18.56,18.810000000000006,2014-06-28,Persistence+Trend,3,2014
2014-06-26,2014,6,18.14,18.57,19.1,2014-06-29,Persistence+Trend,3,2014
2014-06-27,2014,6,18.44,18.57,19.340000000000003,2014-06-30,Persistence+Trend,3,2014
2014-06-28,2014,6,18.56,18.58,18.91999999999999,2014-07-01,Persistence+Trend,3,2014
2014-06-29,2014,6,18.57,18.5,18.600000000000005,2014-07-02,Persistence+Trend,3,2014
2014-06-30,2014,6,18.57,18.34,18.57,2014-07-03,Persistence+Trend,3,2014
2014-07-01,2014,7,18.58,18.362,18.609999999999992,2014-07-04,Persistence+Trend,3,2014
2014-07-02,2014,7,18.5,18.47,18.260000000000005,2014-07-05,Persistence+Trend,3,2014
2014-07-03,2014,7,18.34,18.59,17.86,2014-07-06,Persistence+Trend,3,2014
2014-07-04,2014,7,18.362,18.63,18.427999999999994,2014-07-07,Persistence+Trend,3,2014
2014-07-05,2014,7,18.47,18.66,18.794,2014-07-08,Persistence+Trend,3,2014
2014-07-06,2014,7,18.59,18.5,18.950000000000003,2014-07-09,Persistence+Trend,3,2014
2014-07-07,2014,7,18.63,18.49,18.749999999999996,2014-07-10,Persistence+Trend,3,2014
2014-07-08,2014,7,18.66,18.53,18.750000000000004,2014-07-11,Persistence+Trend,3,2014
2014-07-09,2014,7,18.5,18.48,18.02,2014-07-12,Persistence+Trend,3,2014
2014-07-10,2014,7,18.49,18.4,18.459999999999994,2014-07-13,Persistence+Trend,3,2014
2014-07-11,2014,7,18.53,18.46,18.65000000000001,2014-07-14,Persistence+Trend,3,2014
2014-07-12,2014,7,18.48,18.46,18.33,2014-07-15,Persistence+Trend,3,2014
2014-07-13,2014,7,18.4,18.4,18.159999999999993,2014-07-16,Persistence+Trend,3,2014
2014-07-14,2014,7,18.46,18.34,18.640000000000008,2014-07-17,Persistence+Trend,3,2014
2014-07-15,2014,7,18.46,18.35,18.46,2014-07-18,Persistence+Trend,3,2014
2014-07-16,2014,7,18.4,18.42,18.21999999999999,2014-07-19,Persistence+Trend,3,2014
2014-07-17,2014,7,18.34,18.53,18.160000000000004,2014-07-20,Persistence+Trend,3,2014
2014-07-18,2014,7,18.35,18.67,18.380000000000006,2014-07-21,Persistence+Trend,3,2014
2014-07-19,2014,7,18.42,18.88,18.630000000000003,2014-07-22,Persistence+Trend,3,2014
2014-07-20,2014,7,18.53,18.98,18.86,2014-07-23,Persistence+Trend,3,2014
2014-07-21,2014,7,18.67,18.97,19.090000000000003,2014-07-24,Persistence+Trend,3,2014
2014-07-22,2014,7,18.88,18.97,19.50999999999999,2014-07-25,Persistence+Trend,3,2014
2014-07-23,2014,7,18.98,18.91,19.280000000000005,2014-07-26,Persistence+Trend,3,2014
2014-07-24,2014,7,18.97,18.87,18.939999999999994,2014-07-27,Persistence+Trend,3,2014
2014-07-25,2014,7,18.97,18.75,18.97,2014-07-28,Persistence+Trend,3,2014
2014-07-26,2014,7,18.91,18.65,18.730000000000004,2014-07-29,Persistence+Trend,3,2014
2014-07-27,2014,7,18.87,18.58,18.750000000000004,2014-07-30,Persistence+Trend,3,2014
2014-07-28,2014,7,18.75,18.48,18.389999999999997,2014-07-31,Persistence+Trend,3,2014
2014-07-29,2014,7,18.65,18.41,18.349999999999994,2014-08-01,Persistence+Trend,3,2014
2014-07-30,2014,7,18.58,18.36,18.369999999999997,2014-08-02,Persistence+Trend,3,2014
2014-07-31,2014,7,18.48,18.3,18.180000000000007,2014-08-03,Persistence+Trend,3,2014
2014-08-01,2014,8,18.41,18.24,18.2,2014-08-04,Persistence+Trend,3,2014
2014-08-02,2014,8,18.36,18.22,18.209999999999997,2014-08-05,Persistence+Trend,3,2014
2014-08-03,2014,8,18.3,18.23,18.120000000000005,2014-08-06,Persistence+Trend,3,2014
2014-08-04,2014,8,18.24,18.23,18.05999999999999,2014-08-07,Persistence+Trend,3,2014
2014-08-05,2014,8,18.22,18.24,18.16,2014-08-08,Persistence+Trend,3,2014
2014-08-06,2014,8,18.23,18.17,18.260000000000005,2014-08-09,Persistence+Trend,3,2014
2014-08-07,2014,8,18.23,18.17,18.23,2014-08-10,Persistence+Trend,3,2014
2014-08-08,2014,8,18.24,18.24,18.269999999999992,2014-08-11,Persistence+Trend,3,2014
2014-08-09,2014,8,18.17,18.26,17.96000000000001,2014-08-12,Persistence+Trend,3,2014
2014-08-10,2014,8,18.17,18.28,18.17,2014-08-13,Persistence+Trend,3,2014
2014-08-11,2014,8,18.24,18.39,18.44999999999999,2014-08-14,Persistence+Trend,3,2014
2014-08-12,2014,8,18.26,18.58,18.32000000000001,2014-08-15,Persistence+Trend,3,2014
2014-08-13,2014,8,18.28,18.86,18.34,2014-08-16,Persistence+Trend,3,2014
2014-08-14,2014,8,18.39,19.42,18.72,2014-08-17,Persistence+Trend,3,2014
2014-08-15,2014,8,18.58,19.7,19.14999999999999,2014-08-18,Persistence+Trend,3,2014
2014-08-16,2014,8,18.86,19.82,19.700000000000003,2014-08-19,Persistence+Trend,3,2014
2014-08-17,2014,8,19.42,19.86,21.10000000000001,2014-08-20,Persistence+Trend,3,2014
2014-08-18,2014,8,19.7,19.86,20.539999999999992,2014-08-21,Persistence+Trend,3,2014
2014-08-19,2014,8,19.82,19.86,20.180000000000003,2014-08-22,Persistence+Trend,3,2014
2014-08-20,2014,8,19.86,19.81,19.979999999999997,2014-08-23,Persistence+Trend,3,2014
2014-08-21,2014,8,19.86,19.75,19.86,2014-08-24,Persistence+Trend,3,2014
2014-08-22,2014,8,19.86,19.79,19.86,2014-08-25,Persistence+Trend,3,2014
2014-08-23,2014,8,19.81,19.77,19.659999999999997,2014-08-26,Persistence+Trend,3,2014
2014-08-24,2014,8,19.75,19.92,19.570000000000004,2014-08-27,Persistence+Trend,3,2014
2014-08-25,2014,8,19.79,20.15,19.909999999999997,2014-08-28,Persistence+Trend,3,2014
2014-08-26,2014,8,19.77,20.21,19.71,2014-08-29,Persistence+Trend,3,2014
2014-08-27,2014,8,19.92,20.17,20.370000000000008,2014-08-30,Persistence+Trend,3,2014
2014-08-28,2014,8,20.15,20.02,20.83999999999999,2014-08-31,Persistence+Trend,3,2014
2014-08-29,2014,8,20.21,19.8,20.390000000000008,2014-09-01,Persistence+Trend,3,2014
2014-08-30,2014,8,20.17,19.58,20.050000000000004,2014-09-02,Persistence+Trend,3,2014
2014-08-31,2014,8,20.02,19.38,19.569999999999993,2014-09-03,Persistence+Trend,3,2014
2014-09-01,2014,9,19.8,19.16,19.140000000000004,2014-09-04,Persistence+Trend,3,2014
2014-09-02,2014,9,19.58,18.93,18.91999999999999,2014-09-05,Persistence+Trend,3,2014
2014-09-03,2014,9,19.38,18.74,18.78,2014-09-06,Persistence+Trend,3,2014
2014-09-04,2014,9,19.16,18.56,18.500000000000004,2014-09-07,Persistence+Trend,3,2014
2014-09-05,2014,9,18.93,18.42,18.24,2014-09-08,Persistence+Trend,3,2014
2014-09-06,2014,9,18.74,18.27,18.169999999999995,2014-09-09,Persistence+Trend,3,2014
2014-09-07,2014,9,18.56,18.15,18.02,2014-09-10,Persistence+Trend,3,2014
2014-09-08,2014,9,18.42,18.23,18.00000000000001,2014-09-11,Persistence+Trend,3,2014
2014-09-09,2014,9,18.27,18.24,17.819999999999993,2014-09-12,Persistence+Trend,3,2014
2014-09-10,2014,9,18.15,18.11,17.789999999999996,2014-09-13,Persistence+Trend,3,2014
2014-09-11,2014,9,18.23,18.1,18.470000000000006,2014-09-14,Persistence+Trend,3,2014
2014-09-12,2014,9,18.24,18.18,18.269999999999992,2014-09-15,Persistence+Trend,3,2014
2014-09-13,2014,9,18.11,18.25,17.720000000000002,2014-09-16,Persistence+Trend,3,2014
2014-09-14,2014,9,18.1,18.27,18.070000000000007,2014-09-17,Persistence+Trend,3,2014
2014-09-15,2014,9,18.18,18.22,18.419999999999995,2014-09-18,Persistence+Trend,3,2014
2014-09-16,2014,9,18.25,18.11,18.46,2014-09-19,Persistence+Trend,3,2014
2014-09-17,2014,9,18.27,18.01,18.33,2014-09-20,Persistence+Trend,3,2014
2014-09-18,2014,9,18.22,18.01,18.069999999999997,2014-09-21,Persistence+Trend,3,2014
2014-09-19,2014,9,18.11,18.75,17.78,2014-09-22,Persistence+Trend,3,2014
2014-09-20,2014,9,18.01,19.24,17.710000000000008,2014-09-23,Persistence+Trend,3,2014
2014-09-21,2014,9,18.01,19.3,18.01,2014-09-24,Persistence+Trend,3,2014
2014-09-22,2014,9,18.75,19.28,20.969999999999995,2014-09-25,Persistence+Trend,3,2014
2014-09-23,2014,9,19.24,19.17,20.709999999999994,2014-09-26,Persistence+Trend,3,2014
2014-09-24,2014,9,19.3,19.12,19.480000000000008,2014-09-27,Persistence+Trend,3,2014
2014-09-25,2014,9,19.28,19.11,19.220000000000002,2014-09-28,Persistence+Trend,3,2014
2014-09-26,2014,9,19.17,19.12,18.840000000000003,2014-09-29,Persistence+Trend,3,2014
2014-09-27,2014,9,19.12,19.07,18.97,2014-09-30,Persistence+Trend,3,2014
2014-09-28,2014,9,19.11,18.95,19.079999999999995,2014-10-01,Persistence+Trend,3,2014
2014-09-29,2014,9,19.12,18.85,19.150000000000006,2014-10-02,Persistence+Trend,3,2014
2014-09-30,2014,9,19.07,18.72,18.919999999999998,2014-10-03,Persistence+Trend,3,2014
2014-10-01,2014,10,18.95,18.58,18.589999999999996,2014-10-04,Persistence+Trend,3,2014
2014-10-02,2014,10,18.85,18.26,18.550000000000008,2014-10-05,Persistence+Trend,3,2014
2014-10-03,2014,10,18.72,18.0,18.32999999999999,2014-10-06,Persistence+Trend,3,2014
2014-10-04,2014,10,18.58,17.73,18.159999999999997,2014-10-07,Persistence+Trend,3,2014
2014-10-05,2014,10,18.26,17.54,17.30000000000001,2014-10-08,Persistence+Trend,3,2014
2014-10-06,2014,10,18.0,17.21,17.219999999999995,2014-10-09,Persistence+Trend,3,2014
2014-10-07,2014,10,17.73,17.04,16.92,2014-10-10,Persistence+Trend,3,2014
2014-10-08,2014,10,17.54,16.9,16.969999999999995,2014-10-11,Persistence+Trend,3,2014
2014-10-09,2014,10,17.21,16.79,16.220000000000006,2014-10-12,Persistence+Trend,3,2014
2014-10-10,2014,10,17.04,16.5,16.529999999999994,2014-10-13,Persistence+Trend,3,2014
2014-10-11,2014,10,16.9,16.39,16.479999999999997,2014-10-14,Persistence+Trend,3,2014
2014-10-12,2014,10,16.79,16.31,16.46,2014-10-15,Persistence+Trend,3,2014
2014-10-13,2014,10,16.5,16.19,15.630000000000003,2014-10-16,Persistence+Trend,3,2014
2014-10-14,2014,10,16.39,16.09,16.060000000000002,2014-10-17,Persistence+Trend,3,2014
2014-10-15,2014,10,16.31,16.01,16.069999999999993,2014-10-18,Persistence+Trend,3,2014
2014-10-16,2014,10,16.19,15.92,15.830000000000009,2014-10-19,Persistence+Trend,3,2014
2014-10-17,2014,10,16.09,15.81,15.789999999999996,2014-10-20,Persistence+Trend,3,2014
2014-10-18,2014,10,16.01,15.75,15.770000000000007,2014-10-21,Persistence+Trend,3,2014
2014-10-19,2014,10,15.92,15.72,15.649999999999995,2014-10-22,Persistence+Trend,3,2014
2014-10-20,2014,10,15.81,15.71,15.480000000000002,2014-10-23,Persistence+Trend,3,2014
2014-10-21,2014,10,15.75,15.62,15.569999999999999,2014-10-24,Persistence+Trend,3,2014
2014-10-22,2014,10,15.72,15.51,15.630000000000003,2014-10-25,Persistence+Trend,3,2014
2014-10-23,2014,10,15.71,15.44,15.680000000000001,2014-10-26,Persistence+Trend,3,2014
2014-10-24,2014,10,15.62,15.32,15.349999999999994,2014-10-27,Persistence+Trend,3,2014
2014-10-25,2014,10,15.51,15.21,15.180000000000001,2014-10-28,Persistence+Trend,3,2014
2014-10-26,2014,10,15.44,15.14,15.229999999999999,2014-10-29,Persistence+Trend,3,2014
2014-10-27,2014,10,15.32,15.08,14.960000000000003,2014-10-30,Persistence+Trend,3,2014
2014-10-28,2014,10,15.21,14.99,14.880000000000003,2014-10-31,Persistence+Trend,3,2014
2014-10-29,2014,10,15.14,14.92,14.93,2014-11-01,Persistence+Trend,3,2014
2014-10-30,2014,10,15.08,14.86,14.899999999999999,2014-11-02,Persistence+Trend,3,2014
2014-10-31,2014,10,14.99,14.82,14.72,2014-11-03,Persistence+Trend,3,2014
2014-11-01,2014,11,14.92,14.77,14.709999999999999,2014-11-04,Persistence+Trend,3,2014
2014-11-02,2014,11,14.86,14.7,14.679999999999998,2014-11-05,Persistence+Trend,3,2014
2014-11-03,2014,11,14.82,14.65,14.700000000000003,2014-11-06,Persistence+Trend,3,2014
2014-11-04,2014,11,14.77,14.55,14.619999999999997,2014-11-07,Persistence+Trend,3,2014
2014-11-05,2014,11,14.7,14.49,14.489999999999998,2014-11-08,Persistence+Trend,3,2014
2014-11-06,2014,11,14.65,14.43,14.500000000000004,2014-11-09,Persistence+Trend,3,2014
2014-11-07,2014,11,14.55,14.41,14.250000000000002,2014-11-10,Persistence+Trend,3,2014
2014-11-08,2014,11,14.49,14.35,14.309999999999999,2014-11-11,Persistence+Trend,3,2014
2014-11-09,2014,11,14.43,14.32,14.249999999999998,2014-11-12,Persistence+Trend,3,2014
2014-11-10,2014,11,14.41,14.28,14.350000000000001,2014-11-13,Persistence+Trend,3,2014
2014-11-11,2014,11,14.35,14.18,14.169999999999998,2014-11-14,Persistence+Trend,3,2014
2014-11-12,2014,11,14.32,14.09,14.230000000000002,2014-11-15,Persistence+Trend,3,2014
2014-11-13,2014,11,14.28,14.01,14.159999999999997,2014-11-16,Persistence+Trend,3,2014
2014-11-14,2014,11,14.18,14.0,13.88,2014-11-17,Persistence+Trend,3,2014
2014-11-15,2014,11,14.09,13.97,13.82,2014-11-18,Persistence+Trend,3,2014
2014-11-16,2014,11,14.01,13.94,13.77,2014-11-19,Persistence+Trend,3,2014
2014-11-17,2014,11,14.0,13.94,13.97,2014-11-20,Persistence+Trend,3,2014
2014-11-18,2014,11,13.97,13.93,13.880000000000003,2014-11-21,Persistence+Trend,3,2014
2014-11-19,2014,11,13.94,13.93,13.849999999999996,2014-11-22,Persistence+Trend,3,2014
2014-11-20,2014,11,13.94,13.91,13.94,2014-11-23,Persistence+Trend,3,2014
2014-11-21,2014,11,13.93,13.86,13.9,2014-11-24,Persistence+Trend,3,2014
2014-11-22,2014,11,13.93,13.83,13.93,2014-11-25,Persistence+Trend,3,2014
2014-11-23,2014,11,13.91,13.79,13.850000000000001,2014-11-26,Persistence+Trend,3,2014
2014-11-24,2014,11,13.86,13.75,13.709999999999997,2014-11-27,Persistence+Trend,3,2014
2014-11-25,2014,11,13.83,13.73,13.740000000000002,2014-11-28,Persistence+Trend,3,2014
2014-11-26,2014,11,13.79,13.7,13.669999999999996,2014-11-29,Persistence+Trend,3,2014
2014-11-27,2014,11,13.75,13.67,13.630000000000003,2014-11-30,Persistence+Trend,3,2014
2015-01-08,2015,1,12.65,12.594,12.608000000000002,2015-01-11,Persistence+Trend,3,2015
2015-01-09,2015,1,12.64,12.58,12.610000000000001,2015-01-12,Persistence+Trend,3,2015
2015-01-10,2015,1,12.618,12.57,12.552,2015-01-13,Persistence+Trend,3,2015
2015-01-11,2015,1,12.594,12.56,12.521999999999997,2015-01-14,Persistence+Trend,3,2015
2015-01-12,2015,1,12.58,12.56,12.538000000000002,2015-01-15,Persistence+Trend,3,2015
2015-01-13,2015,1,12.57,12.544,12.540000000000001,2015-01-16,Persistence+Trend,3,2015
2015-01-14,2015,1,12.56,12.526,12.530000000000001,2015-01-17,Persistence+Trend,3,2015
2015-01-15,2015,1,12.56,12.51,12.56,2015-01-18,Persistence+Trend,3,2015
2015-01-16,2015,1,12.544,12.49,12.496,2015-01-19,Persistence+Trend,3,2015
2015-01-17,2015,1,12.526,12.448,12.471999999999998,2015-01-20,Persistence+Trend,3,2015
2015-01-18,2015,1,12.51,12.414,12.462,2015-01-21,Persistence+Trend,3,2015
2015-01-19,2015,1,12.49,12.386,12.430000000000001,2015-01-22,Persistence+Trend,3,2015
2015-01-20,2015,1,12.448,12.364,12.322000000000001,2015-01-23,Persistence+Trend,3,2015
2015-01-21,2015,1,12.414,12.346,12.311999999999998,2015-01-24,Persistence+Trend,3,2015
2015-01-22,2015,1,12.386,12.324,12.301999999999998,2015-01-25,Persistence+Trend,3,2015
2015-01-23,2015,1,12.364,12.314,12.298000000000005,2015-01-26,Persistence+Trend,3,2015
2015-01-24,2015,1,12.346,12.29,12.291999999999998,2015-01-27,Persistence+Trend,3,2015
2015-01-25,2015,1,12.324,12.274,12.258,2015-01-28,Persistence+Trend,3,2015
2015-01-26,2015,1,12.314,12.25,12.284,2015-01-29,Persistence+Trend,3,2015
2015-01-27,2015,1,12.29,12.24,12.217999999999996,2015-01-30,Persistence+Trend,3,2015
2015-01-28,2015,1,12.274,12.23,12.225999999999999,2015-01-31,Persistence+Trend,3,2015
2015-01-29,2015,1,12.25,12.21,12.178000000000003,2015-02-01,Persistence+Trend,3,2015
2015-01-30,2015,1,12.24,12.196,12.21,2015-02-02,Persistence+Trend,3,2015
2015-01-31,2015,1,12.23,12.18,12.200000000000001,2015-02-03,Persistence+Trend,3,2015
2015-02-01,2015,2,12.21,12.162,12.150000000000002,2015-02-04,Persistence+Trend,3,2015
2015-02-02,2015,2,12.196,12.15,12.153999999999996,2015-02-05,Persistence+Trend,3,2015
2015-02-03,2015,2,12.18,12.134,12.132,2015-02-06,Persistence+Trend,3,2015
2015-02-04,2015,2,12.162,12.12,12.108000000000004,2015-02-07,Persistence+Trend,3,2015
2015-02-05,2015,2,12.15,12.11,12.113999999999999,2015-02-08,Persistence+Trend,3,2015
2015-02-06,2015,2,12.134,12.1,12.086,2015-02-09,Persistence+Trend,3,2015
2015-02-07,2015,2,12.12,12.1,12.077999999999996,2015-02-10,Persistence+Trend,3,2015
2015-02-08,2015,2,12.11,12.1,12.08,2015-02-11,Persistence+Trend,3,2015
2015-02-09,2015,2,12.1,12.084,12.07,2015-02-12,Persistence+Trend,3,2015
2015-02-10,2015,2,12.1,12.066,12.1,2015-02-13,Persistence+Trend,3,2015
2015-02-11,2015,2,12.1,12.044,12.1,2015-02-14,Persistence+Trend,3,2015
2015-02-12,2015,2,12.084,12.026,12.036,2015-02-15,Persistence+Trend,3,2015
2015-02-13,2015,2,12.066,12.01,12.012000000000004,2015-02-16,Persistence+Trend,3,2015
2015-02-14,2015,2,12.044,12.01,11.978,2015-02-17,Persistence+Trend,3,2015
2015-02-15,2015,2,12.026,12.0,11.971999999999998,2015-02-18,Persistence+Trend,3,2015
2015-02-16,2015,2,12.01,11.994,11.962,2015-02-19,Persistence+Trend,3,2015
2015-02-17,2015,2,12.01,11.99,12.01,2015-02-20,Persistence+Trend,3,2015
2015-02-18,2015,2,12.0,11.986,11.97,2015-02-21,Persistence+Trend,3,2015
2015-02-19,2015,2,11.994,11.98,11.975999999999999,2015-02-22,Persistence+Trend,3,2015
2015-02-20,2015,2,11.99,11.97,11.978000000000002,2015-02-23,Persistence+Trend,3,2015
2015-02-21,2015,2,11.986,11.96,11.974000000000002,2015-02-24,Persistence+Trend,3,2015
2015-02-22,2015,2,11.98,11.95,11.962,2015-02-25,Persistence+Trend,3,2015
2015-02-23,2015,2,11.97,11.94,11.940000000000001,2015-02-26,Persistence+Trend,3,2015
2015-02-24,2015,2,11.96,11.94,11.930000000000001,2015-02-27,Persistence+Trend,3,2015
2015-02-25,2015,2,11.95,11.93,11.919999999999995,2015-02-28,Persistence+Trend,3,2015
2015-02-26,2015,2,11.94,11.93,11.91,2015-03-01,Persistence+Trend,3,2015
2015-02-27,2015,2,11.94,11.93,11.94,2015-03-02,Persistence+Trend,3,2015
2015-02-28,2015,2,11.93,11.92,11.9,2015-03-03,Persistence+Trend,3,2015
2015-03-01,2015,3,11.93,11.91,11.93,2015-03-04,Persistence+Trend,3,2015
2015-03-02,2015,3,11.93,11.91,11.93,2015-03-05,Persistence+Trend,3,2015
2015-03-03,2015,3,11.92,11.916,11.89,2015-03-06,Persistence+Trend,3,2015
2015-03-04,2015,3,11.91,11.936,11.88,2015-03-07,Persistence+Trend,3,2015
2015-03-05,2015,3,11.91,12.016,11.91,2015-03-08,Persistence+Trend,3,2015
2015-03-06,2015,3,11.916,12.182,11.934000000000001,2015-03-09,Persistence+Trend,3,2015
2015-03-07,2015,3,11.936,12.318,11.995999999999999,2015-03-10,Persistence+Trend,3,2015
2015-03-08,2015,3,12.016,12.384,12.256,2015-03-11,Persistence+Trend,3,2015
2015-03-09,2015,3,12.182,12.464,12.680000000000001,2015-03-12,Persistence+Trend,3,2015
2015-03-10,2015,3,12.318,12.606,12.725999999999997,2015-03-13,Persistence+Trend,3,2015
2015-03-11,2015,3,12.384,12.678,12.582000000000003,2015-03-14,Persistence+Trend,3,2015
2015-03-12,2015,3,12.464,12.646,12.704,2015-03-15,Persistence+Trend,3,2015
2015-03-13,2015,3,12.606,12.556,13.031999999999998,2015-03-16,Persistence+Trend,3,2015
2015-03-14,2015,3,12.678,12.448,12.894000000000004,2015-03-17,Persistence+Trend,3,2015
2015-03-15,2015,3,12.646,12.358,12.55,2015-03-18,Persistence+Trend,3,2015
2015-03-16,2015,3,12.556,12.29,12.285999999999994,2015-03-19,Persistence+Trend,3,2015
2015-03-17,2015,3,12.448,12.24,12.124000000000004,2015-03-20,Persistence+Trend,3,2015
2015-03-18,2015,3,12.358,12.204,12.088000000000001,2015-03-21,Persistence+Trend,3,2015
2015-03-19,2015,3,12.29,12.19,12.085999999999995,2015-03-22,Persistence+Trend,3,2015
2015-03-20,2015,3,12.24,12.18,12.090000000000003,2015-03-23,Persistence+Trend,3,2015
2015-03-21,2015,3,12.204,12.17,12.096000000000002,2015-03-24,Persistence+Trend,3,2015
2015-03-22,2015,3,12.19,12.198,12.147999999999996,2015-03-25,Persistence+Trend,3,2015
2015-03-23,2015,3,12.18,12.234,12.15,2015-03-26,Persistence+Trend,3,2015
2015-03-24,2015,3,12.17,12.318,12.14,2015-03-27,Persistence+Trend,3,2015
2015-03-25,2015,3,12.198,12.448,12.282000000000002,2015-03-28,Persistence+Trend,3,2015
2015-03-26,2015,3,12.234,12.49,12.341999999999999,2015-03-29,Persistence+Trend,3,2015
2015-03-27,2015,3,12.318,12.448,12.569999999999999,2015-03-30,Persistence+Trend,3,2015
2015-03-28,2015,3,12.448,12.41,12.838000000000003,2015-03-31,Persistence+Trend,3,2015
2015-03-29,2015,3,12.49,12.376,12.616,2015-04-01,Persistence+Trend,3,2015
2015-03-30,2015,3,12.448,12.35,12.322000000000001,2015-04-02,Persistence+Trend,3,2015
2015-03-31,2015,3,12.41,12.356,12.296,2015-04-03,Persistence+Trend,3,2015
2015-04-01,2015,4,12.376,12.376,12.273999999999997,2015-04-04,Persistence+Trend,3,2015
2015-04-02,2015,4,12.35,12.438,12.272,2015-04-05,Persistence+Trend,3,2015
2015-04-03,2015,4,12.356,12.57,12.374,2015-04-06,Persistence+Trend,3,2015
2015-04-04,2015,4,12.376,12.704,12.435999999999998,2015-04-07,Persistence+Trend,3,2015
2015-04-05,2015,4,12.438,12.868,12.624000000000004,2015-04-08,Persistence+Trend,3,2015
2015-04-06,2015,4,12.57,13.048,12.966,2015-04-09,Persistence+Trend,3,2015
2015-04-07,2015,4,12.704,13.236,13.106000000000002,2015-04-10,Persistence+Trend,3,2015
2015-04-08,2015,4,12.868,13.446,13.36,2015-04-11,Persistence+Trend,3,2015
2015-04-09,2015,4,13.048,13.716,13.588,2015-04-12,Persistence+Trend,3,2015
2015-04-10,2015,4,13.236,14.06,13.800000000000002,2015-04-13,Persistence+Trend,3,2015
2015-04-11,2015,4,13.446,14.13,14.075999999999997,2015-04-14,Persistence+Trend,3,2015
2015-04-12,2015,4,13.716,14.116,14.525999999999998,2015-04-15,Persistence+Trend,3,2015
2015-04-13,2015,4,14.06,14.1,15.092000000000004,2015-04-16,Persistence+Trend,3,2015
2015-04-14,2015,4,14.13,14.09,14.340000000000002,2015-04-17,Persistence+Trend,3,2015
2015-04-15,2015,4,14.116,14.022,14.073999999999996,2015-04-18,Persistence+Trend,3,2015
2015-04-16,2015,4,14.1,13.932,14.052,2015-04-19,Persistence+Trend,3,2015
2015-04-17,2015,4,14.09,13.816,14.06,2015-04-20,Persistence+Trend,3,2015
2015-04-18,2015,4,14.022,13.772,13.818000000000001,2015-04-21,Persistence+Trend,3,2015
2015-04-19,2015,4,13.932,13.742,13.662,2015-04-22,Persistence+Trend,3,2015
2015-04-20,2015,4,13.816,13.686,13.468000000000002,2015-04-23,Persistence+Trend,3,2015
2015-04-21,2015,4,13.772,13.836,13.639999999999999,2015-04-24,Persistence+Trend,3,2015
2015-04-22,2015,4,13.742,14.178,13.652000000000003,2015-04-25,Persistence+Trend,3,2015
2015-04-23,2015,4,13.686,14.512,13.517999999999997,2015-04-26,Persistence+Trend,3,2015
2015-04-24,2015,4,13.836,14.608,14.286000000000001,2015-04-27,Persistence+Trend,3,2015
2015-04-25,2015,4,14.178,14.526,15.204000000000002,2015-04-28,Persistence+Trend,3,2015
2015-04-26,2015,4,14.512,14.482,15.514,2015-04-29,Persistence+Trend,3,2015
2015-04-27,2015,4,14.608,14.484,14.896,2015-04-30,Persistence+Trend,3,2015
2015-04-28,2015,4,14.526,14.568,14.279999999999998,2015-05-01,Persistence+Trend,3,2015
2015-04-29,2015,4,14.482,14.67,14.349999999999998,2015-05-02,Persistence+Trend,3,2015
2015-04-30,2015,4,14.484,14.658,14.490000000000002,2015-05-03,Persistence+Trend,3,2015
2015-05-01,2015,5,14.568,14.582,14.819999999999999,2015-05-04,Persistence+Trend,3,2015
2015-05-02,2015,5,14.67,14.576,14.976,2015-05-05,Persistence+Trend,3,2015
2015-05-03,2015,5,14.658,14.464,14.621999999999998,2015-05-06,Persistence+Trend,3,2015
2015-05-04,2015,5,14.582,14.41,14.354000000000005,2015-05-07,Persistence+Trend,3,2015
2015-05-05,2015,5,14.576,14.402,14.558,2015-05-08,Persistence+Trend,3,2015
2015-05-06,2015,5,14.464,14.466,14.128,2015-05-09,Persistence+Trend,3,2015
2015-05-07,2015,5,14.41,14.534,14.248,2015-05-10,Persistence+Trend,3,2015
2015-05-08,2015,5,14.402,14.614,14.377999999999997,2015-05-11,Persistence+Trend,3,2015
2015-05-09,2015,5,14.466,14.626,14.658,2015-05-12,Persistence+Trend,3,2015
2015-05-10,2015,5,14.534,14.552,14.738000000000005,2015-05-13,Persistence+Trend,3,2015
2015-05-11,2015,5,14.614,14.448,14.854000000000001,2015-05-14,Persistence+Trend,3,2015
2015-05-12,2015,5,14.626,14.44,14.661999999999995,2015-05-15,Persistence+Trend,3,2015
2015-05-13,2015,5,14.552,14.44,14.33,2015-05-16,Persistence+Trend,3,2015
2015-05-14,2015,5,14.448,14.432,14.136000000000003,2015-05-17,Persistence+Trend,3,2015
2015-05-15,2015,5,14.44,14.528,14.415999999999997,2015-05-18,Persistence+Trend,3,2015
2015-05-16,2015,5,14.44,14.722,14.44,2015-05-19,Persistence+Trend,3,2015
2015-05-17,2015,5,14.432,14.9,14.408000000000003,2015-05-20,Persistence+Trend,3,2015
2015-05-18,2015,5,14.528,15.014,14.816,2015-05-21,Persistence+Trend,3,2015
2015-05-19,2015,5,14.722,15.238,15.303999999999997,2015-05-22,Persistence+Trend,3,2015
2015-05-20,2015,5,14.9,15.654,15.434000000000003,2015-05-23,Persistence+Trend,3,2015
2015-05-21,2015,5,15.014,16.064,15.355999999999996,2015-05-24,Persistence+Trend,3,2015
2015-05-22,2015,5,15.238,16.098,15.91,2015-05-25,Persistence+Trend,3,2015
2015-05-23,2015,5,15.654,16.02,16.902,2015-05-26,Persistence+Trend,3,2015
2015-05-24,2015,5,16.064,16.076,17.294,2015-05-27,Persistence+Trend,3,2015
2015-05-25,2015,5,16.098,16.258,16.199999999999996,2015-05-28,Persistence+Trend,3,2015
2015-05-26,2015,5,16.02,16.636,15.786000000000001,2015-05-29,Persistence+Trend,3,2015
2015-05-27,2015,5,16.076,16.838,16.244000000000003,2015-05-30,Persistence+Trend,3,2015
2015-05-28,2015,5,16.258,16.972,16.803999999999995,2015-05-31,Persistence+Trend,3,2015
2015-05-29,2015,5,16.636,17.046,17.77,2015-06-01,Persistence+Trend,3,2015
2015-05-30,2015,5,16.838,17.35,17.444000000000006,2015-06-02,Persistence+Trend,3,2015
2015-05-31,2015,5,16.972,17.53,17.374000000000002,2015-06-03,Persistence+Trend,3,2015
2015-06-01,2015,6,17.046,17.374,17.267999999999994,2015-06-04,Persistence+Trend,3,2015
2015-06-02,2015,6,17.35,17.218,18.262000000000008,2015-06-05,Persistence+Trend,3,2015
2015-06-03,2015,6,17.53,17.174,18.07,2015-06-06,Persistence+Trend,3,2015
2015-06-04,2015,6,17.374,17.52,16.90599999999999,2015-06-07,Persistence+Trend,3,2015
2015-06-05,2015,6,17.218,18.006,16.750000000000004,2015-06-08,Persistence+Trend,3,2015
2015-06-06,2015,6,17.174,18.222,17.041999999999998,2015-06-09,Persistence+Trend,3,2015
2015-06-07,2015,6,17.52,18.364,18.558,2015-06-10,Persistence+Trend,3,2015
2015-06-08,2015,6,18.006,18.794,19.464000000000002,2015-06-11,Persistence+Trend,3,2015
2015-06-09,2015,6,18.222,19.3,18.870000000000005,2015-06-12,Persistence+Trend,3,2015
2015-06-10,2015,6,18.364,19.474,18.79,2015-06-13,Persistence+Trend,3,2015
2015-06-11,2015,6,18.794,19.52,20.084,2015-06-14,Persistence+Trend,3,2015
2015-06-12,2015,6,19.3,19.384,20.818,2015-06-15,Persistence+Trend,3,2015
2015-06-13,2015,6,19.474,19.102,19.996,2015-06-16,Persistence+Trend,3,2015
2015-06-14,2015,6,19.52,18.802,19.657999999999998,2015-06-17,Persistence+Trend,3,2015
2015-06-15,2015,6,19.384,18.738,18.976000000000003,2015-06-18,Persistence+Trend,3,2015
2015-06-16,2015,6,19.102,18.816,18.256,2015-06-19,Persistence+Trend,3,2015
2015-06-17,2015,6,18.802,18.892,17.901999999999997,2015-06-20,Persistence+Trend,3,2015
2015-06-18,2015,6,18.738,18.748,18.546,2015-06-21,Persistence+Trend,3,2015
2015-06-19,2015,6,18.816,18.72,19.049999999999997,2015-06-22,Persistence+Trend,3,2015
2015-06-20,2015,6,18.892,18.692,19.12,2015-06-23,Persistence+Trend,3,2015
2015-06-21,2015,6,18.748,18.732,18.316000000000006,2015-06-24,Persistence+Trend,3,2015
2015-06-22,2015,6,18.72,18.762,18.635999999999992,2015-06-25,Persistence+Trend,3,2015
2015-06-23,2015,6,18.692,18.814,18.608000000000004,2015-06-26,Persistence+Trend,3,2015
2015-06-24,2015,6,18.732,18.72,18.851999999999997,2015-06-27,Persistence+Trend,3,2015
2015-06-25,2015,6,18.762,18.688,18.852000000000004,2015-06-28,Persistence+Trend,3,2015
2015-06-26,2015,6,18.814,18.646,18.97,2015-06-29,Persistence+Trend,3,2015
2015-06-27,2015,6,18.72,18.63,18.437999999999995,2015-06-30,Persistence+Trend,3,2015
2015-06-28,2015,6,18.688,18.628,18.592,2015-07-01,Persistence+Trend,3,2015
2015-06-29,2015,6,18.646,18.56,18.520000000000007,2015-07-02,Persistence+Trend,3,2015
2015-06-30,2015,6,18.63,18.664,18.581999999999994,2015-07-03,Persistence+Trend,3,2015
2015-07-01,2015,7,18.628,18.538,18.622000000000003,2015-07-04,Persistence+Trend,3,2015
2015-07-02,2015,7,18.56,18.512,18.355999999999995,2015-07-05,Persistence+Trend,3,2015
2015-07-03,2015,7,18.664,18.726,18.97600000000001,2015-07-06,Persistence+Trend,3,2015
2015-07-04,2015,7,18.538,18.792,18.159999999999997,2015-07-07,Persistence+Trend,3,2015
2015-07-05,2015,7,18.512,18.77,18.434,2015-07-08,Persistence+Trend,3,2015
2015-07-06,2015,7,18.726,18.698,19.367999999999995,2015-07-09,Persistence+Trend,3,2015
2015-07-07,2015,7,18.792,18.646,18.99000000000001,2015-07-10,Persistence+Trend,3,2015
2015-07-08,2015,7,18.77,18.528,18.703999999999994,2015-07-11,Persistence+Trend,3,2015
2015-07-09,2015,7,18.698,18.4,18.482000000000003,2015-07-12,Persistence+Trend,3,2015
2015-07-10,2015,7,18.646,18.25,18.490000000000002,2015-07-13,Persistence+Trend,3,2015
2015-07-11,2015,7,18.528,18.034,18.173999999999992,2015-07-14,Persistence+Trend,3,2015
2015-07-12,2015,7,18.4,17.82,18.016,2015-07-15,Persistence+Trend,3,2015
2015-07-13,2015,7,18.25,17.79,17.800000000000004,2015-07-16,Persistence+Trend,3,2015
2015-07-14,2015,7,18.034,17.872,17.385999999999996,2015-07-17,Persistence+Trend,3,2015
2015-07-15,2015,7,17.82,17.938,17.178000000000004,2015-07-18,Persistence+Trend,3,2015
2015-07-16,2015,7,17.79,17.964,17.699999999999996,2015-07-19,Persistence+Trend,3,2015
2015-07-17,2015,7,17.872,17.98,18.118000000000002,2015-07-20,Persistence+Trend,3,2015
2015-07-18,2015,7,17.938,17.994,18.135999999999996,2015-07-21,Persistence+Trend,3,2015
2015-07-19,2015,7,17.964,17.988,18.041999999999998,2015-07-22,Persistence+Trend,3,2015
2015-07-20,2015,7,17.98,17.912,18.028000000000006,2015-07-23,Persistence+Trend,3,2015
2015-07-21,2015,7,17.994,17.644,18.035999999999998,2015-07-24,Persistence+Trend,3,2015
2015-07-22,2015,7,17.988,17.514,17.97,2015-07-25,Persistence+Trend,3,2015
2015-07-23,2015,7,17.912,17.504,17.683999999999997,2015-07-26,Persistence+Trend,3,2015
2015-07-24,2015,7,17.644,17.614,16.839999999999996,2015-07-27,Persistence+Trend,3,2015
2015-07-25,2015,7,17.514,17.694,17.124000000000002,2015-07-28,Persistence+Trend,3,2015
2015-07-26,2015,7,17.504,17.69,17.474000000000007,2015-07-29,Persistence+Trend,3,2015
2015-07-27,2015,7,17.614,17.602,17.944,2015-07-30,Persistence+Trend,3,2015
2015-07-28,2015,7,17.694,17.518,17.933999999999994,2015-07-31,Persistence+Trend,3,2015
2015-07-29,2015,7,17.69,17.35,17.678000000000008,2015-08-01,Persistence+Trend,3,2015
2015-07-30,2015,7,17.602,16.992,17.337999999999997,2015-08-02,Persistence+Trend,3,2015
2015-07-31,2015,7,17.518,16.79,17.266000000000002,2015-08-03,Persistence+Trend,3,2015
2015-08-01,2015,8,17.35,16.66,16.846000000000004,2015-08-04,Persistence+Trend,3,2015
2015-08-02,2015,8,16.992,16.576,15.918,2015-08-05,Persistence+Trend,3,2015
2015-08-03,2015,8,16.79,16.552,16.183999999999994,2015-08-06,Persistence+Trend,3,2015
2015-08-04,2015,8,16.66,16.618,16.270000000000003,2015-08-07,Persistence+Trend,3,2015
2015-08-05,2015,8,16.576,16.874,16.324,2015-08-08,Persistence+Trend,3,2015
2015-08-06,2015,8,16.552,16.952,16.479999999999997,2015-08-09,Persistence+Trend,3,2015
2015-08-07,2015,8,16.618,16.99,16.815999999999995,2015-08-10,Persistence+Trend,3,2015
2015-08-08,2015,8,16.874,17.102,17.642,2015-08-11,Persistence+Trend,3,2015
2015-08-09,2015,8,16.952,17.162,17.18600000000001,2015-08-12,Persistence+Trend,3,2015
2015-08-10,2015,8,16.99,17.264,17.10399999999999,2015-08-13,Persistence+Trend,3,2015
2015-08-11,2015,8,17.102,17.342,17.438000000000006,2015-08-14,Persistence+Trend,3,2015
2015-08-12,2015,8,17.162,17.346,17.341999999999995,2015-08-15,Persistence+Trend,3,2015
2015-08-13,2015,8,17.264,17.43,17.57,2015-08-16,Persistence+Trend,3,2015
2015-08-14,2015,8,17.342,17.474,17.575999999999997,2015-08-17,Persistence+Trend,3,2015
2015-08-15,2015,8,17.346,17.598,17.358000000000004,2015-08-18,Persistence+Trend,3,2015
2015-08-16,2015,8,17.43,17.862,17.682,2015-08-19,Persistence+Trend,3,2015
2015-08-17,2015,8,17.474,18.216,17.606,2015-08-20,Persistence+Trend,3,2015
2015-08-18,2015,8,17.598,18.948,17.969999999999995,2015-08-21,Persistence+Trend,3,2015
2015-08-19,2015,8,17.862,19.578,18.653999999999996,2015-08-22,Persistence+Trend,3,2015
2015-08-20,2015,8,18.216,19.818,19.27800000000001,2015-08-23,Persistence+Trend,3,2015
2015-08-21,2015,8,18.948,19.94,21.144,2015-08-24,Persistence+Trend,3,2015
2015-08-22,2015,8,19.578,19.932,21.467999999999996,2015-08-25,Persistence+Trend,3,2015
2015-08-23,2015,8,19.818,19.82,20.538000000000007,2015-08-26,Persistence+Trend,3,2015
2015-08-24,2015,8,19.94,19.642,20.306,2015-08-27,Persistence+Trend,3,2015
2015-08-25,2015,8,19.932,19.514,19.90799999999999,2015-08-28,Persistence+Trend,3,2015
2015-08-26,2015,8,19.82,19.42,19.484000000000005,2015-08-29,Persistence+Trend,3,2015
2015-08-27,2015,8,19.642,19.382,19.107999999999997,2015-08-30,Persistence+Trend,3,2015
2015-08-28,2015,8,19.514,19.418,19.13,2015-08-31,Persistence+Trend,3,2015
2015-10-08,2015,10,16.838,16.378,16.28,2015-10-11,Persistence+Trend,3,2015
2015-10-09,2015,10,16.688,16.288,16.237999999999992,2015-10-12,Persistence+Trend,3,2015
2015-10-10,2015,10,16.572,16.198,16.224,2015-10-13,Persistence+Trend,3,2015
2015-10-11,2015,10,16.378,16.134,15.796000000000003,2015-10-14,Persistence+Trend,3,2015
2015-10-12,2015,10,16.288,16.058,16.018,2015-10-15,Persistence+Trend,3,2015
2015-10-13,2015,10,16.198,15.994,15.928,2015-10-16,Persistence+Trend,3,2015
2015-10-14,2015,10,16.134,15.926,15.942,2015-10-17,Persistence+Trend,3,2015
2015-10-15,2015,10,16.058,15.858,15.829999999999998,2015-10-18,Persistence+Trend,3,2015
2015-10-16,2015,10,15.994,15.726,15.802,2015-10-19,Persistence+Trend,3,2015
2015-10-17,2015,10,15.926,15.618,15.722000000000001,2015-10-20,Persistence+Trend,3,2015
2015-10-18,2015,10,15.858,15.526,15.654000000000002,2015-10-21,Persistence+Trend,3,2015
2015-10-19,2015,10,15.726,15.416,15.330000000000002,2015-10-22,Persistence+Trend,3,2015
2015-10-20,2015,10,15.618,15.342,15.293999999999999,2015-10-23,Persistence+Trend,3,2015
2015-10-21,2015,10,15.526,15.266,15.249999999999998,2015-10-24,Persistence+Trend,3,2015
2015-10-22,2015,10,15.416,15.218,15.086000000000002,2015-10-25,Persistence+Trend,3,2015
2015-10-23,2015,10,15.342,15.14,15.120000000000001,2015-10-26,Persistence+Trend,3,2015
2015-10-24,2015,10,15.266,15.076,15.037999999999998,2015-10-27,Persistence+Trend,3,2015
2015-10-25,2015,10,15.218,14.988,15.074,2015-10-28,Persistence+Trend,3,2015
2015-10-26,2015,10,15.14,14.912,14.906000000000002,2015-10-29,Persistence+Trend,3,2015
2015-10-27,2015,10,15.076,14.9,14.884,2015-10-30,Persistence+Trend,3,2015
2015-10-28,2015,10,14.988,14.884,14.723999999999997,2015-10-31,Persistence+Trend,3,2015
2015-10-29,2015,10,14.912,14.832,14.684000000000005,2015-11-01,Persistence+Trend,3,2015
2015-10-30,2015,10,14.9,14.73,14.863999999999999,2015-11-02,Persistence+Trend,3,2015
2015-10-31,2015,10,14.884,14.658,14.836,2015-11-03,Persistence+Trend,3,2015
2015-11-01,2015,11,14.832,14.614,14.676000000000002,2015-11-04,Persistence+Trend,3,2015
2015-11-02,2015,11,14.73,14.536,14.424,2015-11-05,Persistence+Trend,3,2015
2015-11-03,2015,11,14.658,14.49,14.441999999999997,2015-11-06,Persistence+Trend,3,2015
2015-11-04,2015,11,14.614,14.454,14.482000000000005,2015-11-07,Persistence+Trend,3,2015
2015-11-05,2015,11,14.536,14.448,14.301999999999996,2015-11-08,Persistence+Trend,3,2015
2015-11-06,2015,11,14.49,14.43,14.352000000000002,2015-11-09,Persistence+Trend,3,2015
2015-11-07,2015,11,14.454,14.42,14.346000000000002,2015-11-10,Persistence+Trend,3,2015
2015-11-08,2015,11,14.448,14.41,14.43,2015-11-11,Persistence+Trend,3,2015
2015-11-09,2015,11,14.43,14.4,14.375999999999998,2015-11-12,Persistence+Trend,3,2015
2015-11-10,2015,11,14.42,14.39,14.39,2015-11-13,Persistence+Trend,3,2015
2015-11-11,2015,11,14.41,14.374,14.38,2015-11-14,Persistence+Trend,3,2015
2015-11-12,2015,11,14.4,14.352,14.370000000000001,2015-11-15,Persistence+Trend,3,2015
2015-11-13,2015,11,14.39,14.304,14.360000000000001,2015-11-16,Persistence+Trend,3,2015
2015-11-14,2015,11,14.374,14.212,14.326,2015-11-17,Persistence+Trend,3,2015
2015-11-15,2015,11,14.352,14.134,14.286,2015-11-18,Persistence+Trend,3,2015
2015-11-16,2015,11,14.304,14.066,14.16,2015-11-19,Persistence+Trend,3,2015
2015-11-17,2015,11,14.212,13.986,13.935999999999998,2015-11-20,Persistence+Trend,3,2015
2015-11-18,2015,11,14.134,13.958,13.900000000000002,2015-11-21,Persistence+Trend,3,2015
2015-11-19,2015,11,14.066,13.902,13.862000000000002,2015-11-22,Persistence+Trend,3,2015
2015-11-20,2015,11,13.986,13.858,13.746,2015-11-23,Persistence+Trend,3,2015
2015-11-21,2015,11,13.958,13.824,13.873999999999999,2015-11-24,Persistence+Trend,3,2015
2015-11-22,2015,11,13.902,13.79,13.733999999999996,2015-11-25,Persistence+Trend,3,2015
2015-11-23,2015,11,13.858,13.748,13.726000000000004,2015-11-26,Persistence+Trend,3,2015
2015-11-24,2015,11,13.824,13.71,13.721999999999998,2015-11-27,Persistence+Trend,3,2015
2015-11-25,2015,11,13.79,13.674,13.687999999999997,2015-11-28,Persistence+Trend,3,2015
2015-11-26,2015,11,13.748,13.644,13.622,2015-11-29,Persistence+Trend,3,2015
2015-11-27,2015,11,13.71,13.59,13.596000000000005,2015-11-30,Persistence+Trend,3,2015
2015-11-28,2015,11,13.674,13.538,13.565999999999995,2015-12-01,Persistence+Trend,3,2015
2015-11-29,2015,11,13.644,13.518,13.554000000000002,2015-12-02,Persistence+Trend,3,2015
2015-11-30,2015,11,13.59,13.494,13.427999999999999,2015-12-03,Persistence+Trend,3,2015
2015-12-01,2015,12,13.538,13.464,13.382000000000001,2015-12-04,Persistence+Trend,3,2015
2015-12-02,2015,12,13.518,13.44,13.458000000000002,2015-12-05,Persistence+Trend,3,2015
2015-12-03,2015,12,13.494,13.406,13.421999999999997,2015-12-06,Persistence+Trend,3,2015
2015-12-04,2015,12,13.464,13.384,13.374000000000002,2015-12-07,Persistence+Trend,3,2015
2015-12-05,2015,12,13.44,13.358,13.367999999999997,2015-12-08,Persistence+Trend,3,2015
2015-12-06,2015,12,13.406,13.33,13.304000000000004,2015-12-09,Persistence+Trend,3,2015
2015-12-07,2015,12,13.384,13.3,13.318,2015-12-10,Persistence+Trend,3,2015
2015-12-08,2015,12,13.358,13.276,13.280000000000001,2015-12-11,Persistence+Trend,3,2015
2015-12-09,2015,12,13.33,13.242,13.245999999999999,2015-12-12,Persistence+Trend,3,2015
2015-12-10,2015,12,13.3,13.21,13.210000000000003,2015-12-13,Persistence+Trend,3,2015
2015-12-11,2015,12,13.276,13.184,13.203999999999997,2015-12-14,Persistence+Trend,3,2015
2015-12-12,2015,12,13.242,13.158,13.140000000000004,2015-12-15,Persistence+Trend,3,2015
2015-12-13,2015,12,13.21,13.132,13.114,2015-12-16,Persistence+Trend,3,2015
2015-12-14,2015,12,13.184,13.11,13.105999999999995,2015-12-17,Persistence+Trend,3,2015
2015-12-15,2015,12,13.158,13.084,13.08,2015-12-18,Persistence+Trend,3,2015
2015-12-16,2015,12,13.132,13.066,13.054,2015-12-19,Persistence+Trend,3,2015
2015-12-17,2015,12,13.11,13.042,13.043999999999999,2015-12-20,Persistence+Trend,3,2015
2015-12-18,2015,12,13.084,13.03,13.006,2015-12-21,Persistence+Trend,3,2015
2015-12-19,2015,12,13.066,13.028,13.012000000000004,2015-12-22,Persistence+Trend,3,2015
2015-12-20,2015,12,13.042,12.998,12.969999999999997,2015-12-23,Persistence+Trend,3,2015
2015-12-21,2015,12,13.03,12.968,12.993999999999998,2015-12-24,Persistence+Trend,3,2015
2015-12-22,2015,12,13.028,12.944,13.022000000000004,2015-12-25,Persistence+Trend,3,2015
2015-12-23,2015,12,12.998,12.918,12.907999999999996,2015-12-26,Persistence+Trend,3,2015
2015-12-24,2015,12,12.968,12.88,12.878000000000002,2015-12-27,Persistence+Trend,3,2015
2015-12-25,2015,12,12.944,12.842,12.872000000000003,2015-12-28,Persistence+Trend,3,2015
2015-12-26,2015,12,12.918,12.826,12.839999999999995,2015-12-29,Persistence+Trend,3,2015
2015-12-27,2015,12,12.88,12.782,12.766000000000005,2015-12-30,Persistence+Trend,3,2015
2015-12-28,2015,12,12.842,12.75,12.728,2015-12-31,Persistence+Trend,3,2015
2015-12-29,2015,12,12.826,12.72,12.778,2016-01-01,Persistence+Trend,3,2015
2015-12-30,2015,12,12.782,12.69,12.649999999999999,2016-01-02,Persistence+Trend,3,2015
2015-12-31,2015,12,12.75,12.68,12.654,2016-01-03,Persistence+Trend,3,2015
2016-01-01,2016,1,12.72,12.662,12.630000000000003,2016-01-04,Persistence+Trend,3,2016
2016-01-02,2016,1,12.69,12.63,12.599999999999996,2016-01-05,Persistence+Trend,3,2016
2016-01-03,2016,1,12.68,12.606,12.65,2016-01-06,Persistence+Trend,3,2016
2016-01-04,2016,1,12.662,12.584,12.608000000000004,2016-01-07,Persistence+Trend,3,2016
2016-01-05,2016,1,12.63,12.566,12.534,2016-01-08,Persistence+Trend,3,2016
2016-01-06,2016,1,12.606,12.548,12.533999999999997,2016-01-09,Persistence+Trend,3,2016
2016-01-07,2016,1,12.584,12.526,12.517999999999999,2016-01-10,Persistence+Trend,3,2016
2016-01-08,2016,1,12.566,12.504,12.512000000000004,2016-01-11,Persistence+Trend,3,2016
2016-01-09,2016,1,12.548,12.482,12.493999999999998,2016-01-12,Persistence+Trend,3,2016
2016-01-10,2016,1,12.526,12.47,12.459999999999999,2016-01-13,Persistence+Trend,3,2016
2016-01-11,2016,1,12.504,12.46,12.437999999999999,2016-01-14,Persistence+Trend,3,2016
2016-01-12,2016,1,12.482,12.448,12.415999999999999,2016-01-15,Persistence+Trend,3,2016
2016-01-13,2016,1,12.47,12.428,12.434000000000005,2016-01-16,Persistence+Trend,3,2016
2016-01-14,2016,1,12.46,12.42,12.430000000000001,2016-01-17,Persistence+Trend,3,2016
2016-01-15,2016,1,12.448,12.42,12.411999999999999,2016-01-18,Persistence+Trend,3,2016
2016-01-16,2016,1,12.428,12.41,12.368000000000002,2016-01-19,Persistence+Trend,3,2016
2016-01-17,2016,1,12.42,12.392,12.395999999999997,2016-01-20,Persistence+Trend,3,2016
2016-01-18,2016,1,12.42,12.386,12.42,2016-01-21,Persistence+Trend,3,2016
2016-01-19,2016,1,12.41,12.37,12.38,2016-01-22,Persistence+Trend,3,2016
2016-01-20,2016,1,12.392,12.36,12.337999999999997,2016-01-23,Persistence+Trend,3,2016
2016-01-21,2016,1,12.386,12.346,12.367999999999999,2016-01-24,Persistence+Trend,3,2016
2016-01-22,2016,1,12.37,12.32,12.322,2016-01-25,Persistence+Trend,3,2016
2016-01-23,2016,1,12.36,12.296,12.33,2016-01-26,Persistence+Trend,3,2016
2016-01-24,2016,1,12.346,12.274,12.304000000000002,2016-01-27,Persistence+Trend,3,2016
2016-01-25,2016,1,12.32,12.25,12.242,2016-01-28,Persistence+Trend,3,2016
2016-01-26,2016,1,12.296,12.23,12.223999999999997,2016-01-29,Persistence+Trend,3,2016
2016-01-27,2016,1,12.274,12.22,12.207999999999998,2016-01-30,Persistence+Trend,3,2016
2016-01-28,2016,1,12.25,12.204,12.178000000000003,2016-01-31,Persistence+Trend,3,2016
2016-01-29,2016,1,12.23,12.19,12.170000000000002,2016-02-01,Persistence+Trend,3,2016
2016-01-30,2016,1,12.22,12.178,12.190000000000001,2016-02-02,Persistence+Trend,3,2016
2016-01-31,2016,1,12.204,12.158,12.156,2016-02-03,Persistence+Trend,3,2016
2016-02-01,2016,2,12.19,12.142,12.147999999999996,2016-02-04,Persistence+Trend,3,2016
2016-02-02,2016,2,12.178,12.124,12.142000000000005,2016-02-05,Persistence+Trend,3,2016
2016-02-03,2016,2,12.158,12.106,12.097999999999995,2016-02-06,Persistence+Trend,3,2016
2016-02-04,2016,2,12.142,12.09,12.094,2016-02-07,Persistence+Trend,3,2016
2016-02-05,2016,2,12.124,12.076,12.070000000000004,2016-02-08,Persistence+Trend,3,2016
2016-02-06,2016,2,12.106,12.06,12.051999999999998,2016-02-09,Persistence+Trend,3,2016
2016-02-07,2016,2,12.09,12.05,12.042,2016-02-10,Persistence+Trend,3,2016
2016-02-08,2016,2,12.076,12.04,12.034000000000002,2016-02-11,Persistence+Trend,3,2016
2016-02-09,2016,2,12.06,12.03,12.012,2016-02-12,Persistence+Trend,3,2016
2016-02-10,2016,2,12.05,12.02,12.020000000000001,2016-02-13,Persistence+Trend,3,2016
2016-02-11,2016,2,12.04,12.01,12.009999999999994,2016-02-14,Persistence+Trend,3,2016
2016-02-12,2016,2,12.03,12.01,12.0,2016-02-15,Persistence+Trend,3,2016
2016-02-13,2016,2,12.02,12.014,11.99,2016-02-16,Persistence+Trend,3,2016
2016-02-14,2016,2,12.01,12.026,11.98,2016-02-17,Persistence+Trend,3,2016
2016-02-15,2016,2,12.01,12.04,12.01,2016-02-18,Persistence+Trend,3,2016
2016-02-16,2016,2,12.014,12.054,12.025999999999998,2016-02-19,Persistence+Trend,3,2016
2016-02-17,2016,2,12.026,12.074,12.062000000000001,2016-02-20,Persistence+Trend,3,2016
2016-02-18,2016,2,12.04,12.08,12.081999999999997,2016-02-21,Persistence+Trend,3,2016
2016-02-19,2016,2,12.054,12.054,12.096000000000004,2016-02-22,Persistence+Trend,3,2016
2016-02-20,2016,2,12.074,12.032,12.133999999999999,2016-02-23,Persistence+Trend,3,2016
2016-02-21,2016,2,12.08,12.016,12.098,2016-02-24,Persistence+Trend,3,2016
2016-02-22,2016,2,12.054,12.0,11.976,2016-02-25,Persistence+Trend,3,2016
2016-02-23,2016,2,12.032,11.99,11.966,2016-02-26,Persistence+Trend,3,2016
2016-02-24,2016,2,12.016,11.99,11.968,2016-02-27,Persistence+Trend,3,2016
2016-02-25,2016,2,12.0,11.994,11.952,2016-02-28,Persistence+Trend,3,2016
2016-02-26,2016,2,11.99,12.034,11.96,2016-02-29,Persistence+Trend,3,2016
2016-02-27,2016,2,11.99,12.148,11.99,2016-03-01,Persistence+Trend,3,2016
2016-02-28,2016,2,11.994,12.56,12.005999999999998,2016-03-02,Persistence+Trend,3,2016
2016-02-29,2016,2,12.034,12.63,12.154000000000003,2016-03-03,Persistence+Trend,3,2016
2016-03-01,2016,3,12.148,12.586,12.489999999999997,2016-03-04,Persistence+Trend,3,2016
2016-03-02,2016,3,12.56,12.51,13.796000000000003,2016-03-05,Persistence+Trend,3,2016
2016-03-03,2016,3,12.63,12.412,12.840000000000002,2016-03-06,Persistence+Trend,3,2016
2016-03-04,2016,3,12.586,12.344,12.453999999999999,2016-03-07,Persistence+Trend,3,2016
2016-03-05,2016,3,12.51,12.282,12.281999999999998,2016-03-08,Persistence+Trend,3,2016
2016-03-06,2016,3,12.412,12.23,12.118000000000004,2016-03-09,Persistence+Trend,3,2016
2016-03-07,2016,3,12.344,12.204,12.139999999999995,2016-03-10,Persistence+Trend,3,2016
2016-03-08,2016,3,12.282,12.182,12.096000000000002,2016-03-11,Persistence+Trend,3,2016
2016-03-09,2016,3,12.23,12.16,12.074000000000002,2016-03-12,Persistence+Trend,3,2016
2016-03-10,2016,3,12.204,12.15,12.126000000000001,2016-03-13,Persistence+Trend,3,2016
2016-03-11,2016,3,12.182,12.15,12.116,2016-03-14,Persistence+Trend,3,2016
2016-03-12,2016,3,12.16,12.15,12.094,2016-03-15,Persistence+Trend,3,2016
2016-03-13,2016,3,12.15,12.2,12.120000000000001,2016-03-16,Persistence+Trend,3,2016
2016-03-14,2016,3,12.15,12.298,12.15,2016-03-17,Persistence+Trend,3,2016
2016-03-15,2016,3,12.15,12.452,12.15,2016-03-18,Persistence+Trend,3,2016
2016-03-16,2016,3,12.2,12.574,12.349999999999996,2016-03-19,Persistence+Trend,3,2016
2016-03-17,2016,3,12.298,12.606,12.592000000000002,2016-03-20,Persistence+Trend,3,2016
2016-03-18,2016,3,12.452,12.594,12.914,2016-03-21,Persistence+Trend,3,2016
2016-03-19,2016,3,12.574,12.592,12.94,2016-03-22,Persistence+Trend,3,2016
2016-03-20,2016,3,12.606,12.646,12.702,2016-03-23,Persistence+Trend,3,2016
2016-03-21,2016,3,12.594,12.782,12.557999999999998,2016-03-24,Persistence+Trend,3,2016
2016-03-22,2016,3,12.592,12.862,12.586000000000004,2016-03-25,Persistence+Trend,3,2016
2016-03-23,2016,3,12.646,12.864,12.808000000000002,2016-03-26,Persistence+Trend,3,2016
2016-03-24,2016,3,12.782,12.804,13.189999999999998,2016-03-27,Persistence+Trend,3,2016
2016-03-25,2016,3,12.862,12.764,13.102,2016-03-28,Persistence+Trend,3,2016
2016-03-26,2016,3,12.864,12.766,12.870000000000003,2016-03-29,Persistence+Trend,3,2016
2016-03-27,2016,3,12.804,12.808,12.623999999999999,2016-03-30,Persistence+Trend,3,2016
2016-03-28,2016,3,12.764,12.866,12.643999999999997,2016-03-31,Persistence+Trend,3,2016
2016-03-29,2016,3,12.766,12.944,12.772000000000002,2016-04-01,Persistence+Trend,3,2016
2016-03-30,2016,3,12.808,12.926,12.934,2016-04-02,Persistence+Trend,3,2016
2016-03-31,2016,3,12.866,12.852,13.04,2016-04-03,Persistence+Trend,3,2016
2016-04-01,2016,4,12.944,12.82,13.178000000000004,2016-04-04,Persistence+Trend,3,2016
2016-04-02,2016,4,12.926,12.822,12.871999999999998,2016-04-05,Persistence+Trend,3,2016
2016-04-03,2016,4,12.852,12.906,12.63,2016-04-06,Persistence+Trend,3,2016
2016-04-04,2016,4,12.82,13.04,12.724,2016-04-07,Persistence+Trend,3,2016
2016-04-05,2016,4,12.822,13.15,12.827999999999996,2016-04-08,Persistence+Trend,3,2016
2016-04-06,2016,4,12.906,13.178,13.158000000000005,2016-04-09,Persistence+Trend,3,2016
2016-04-07,2016,4,13.04,13.142,13.441999999999995,2016-04-10,Persistence+Trend,3,2016
2016-04-08,2016,4,13.15,13.142,13.480000000000004,2016-04-11,Persistence+Trend,3,2016
2016-04-09,2016,4,13.178,13.208,13.262000000000002,2016-04-12,Persistence+Trend,3,2016
2016-04-10,2016,4,13.142,13.42,13.033999999999995,2016-04-13,Persistence+Trend,3,2016
2016-04-11,2016,4,13.142,14.184,13.142,2016-04-14,Persistence+Trend,3,2016
2016-04-12,2016,4,13.208,14.704,13.406000000000002,2016-04-15,Persistence+Trend,3,2016
2016-04-13,2016,4,13.42,14.816,14.056,2016-04-16,Persistence+Trend,3,2016
2016-04-14,2016,4,14.184,14.734,16.476,2016-04-17,Persistence+Trend,3,2016
2016-04-15,2016,4,14.704,14.774,16.264000000000003,2016-04-18,Persistence+Trend,3,2016
2016-04-16,2016,4,14.816,15.016,15.152000000000001,2016-04-19,Persistence+Trend,3,2016
2016-04-17,2016,4,14.734,15.192,14.487999999999998,2016-04-20,Persistence+Trend,3,2016
2016-04-18,2016,4,14.774,15.23,14.893999999999997,2016-04-21,Persistence+Trend,3,2016
2016-04-19,2016,4,15.016,15.186,15.742000000000003,2016-04-22,Persistence+Trend,3,2016
2016-04-20,2016,4,15.192,15.128,15.72,2016-04-23,Persistence+Trend,3,2016
2016-04-21,2016,4,15.23,15.114,15.344000000000001,2016-04-24,Persistence+Trend,3,2016
2016-04-22,2016,4,15.186,15.264,15.053999999999998,2016-04-25,Persistence+Trend,3,2016
2016-04-23,2016,4,15.128,15.55,14.954,2016-04-26,Persistence+Trend,3,2016
2016-04-24,2016,4,15.114,15.79,15.072000000000003,2016-04-27,Persistence+Trend,3,2016
2016-04-25,2016,4,15.264,15.996,15.713999999999995,2016-04-28,Persistence+Trend,3,2016
2016-04-26,2016,4,15.55,16.216,16.408000000000005,2016-04-29,Persistence+Trend,3,2016
2016-04-27,2016,4,15.79,16.444,16.509999999999994,2016-04-30,Persistence+Trend,3,2016
2016-04-28,2016,4,15.996,16.428,16.614000000000004,2016-05-01,Persistence+Trend,3,2016
2016-04-29,2016,4,16.216,16.192,16.876000000000005,2016-05-02,Persistence+Trend,3,2016
2016-04-30,2016,4,16.444,16.034,17.127999999999993,2016-05-03,Persistence+Trend,3,2016
2016-05-01,2016,5,16.428,15.926,16.380000000000006,2016-05-04,Persistence+Trend,3,2016
2016-05-02,2016,5,16.192,16.1,15.483999999999998,2016-05-05,Persistence+Trend,3,2016
2016-05-03,2016,5,16.034,16.168,15.559999999999995,2016-05-06,Persistence+Trend,3,2016
2016-05-04,2016,5,15.926,16.124,15.602000000000004,2016-05-07,Persistence+Trend,3,2016
2016-05-05,2016,5,16.1,15.972,16.622000000000007,2016-05-08,Persistence+Trend,3,2016
2016-05-06,2016,5,16.168,15.786,16.371999999999993,2016-05-09,Persistence+Trend,3,2016
2016-05-07,2016,5,16.124,15.612,15.991999999999997,2016-05-10,Persistence+Trend,3,2016
2016-05-08,2016,5,15.972,15.442,15.516000000000002,2016-05-11,Persistence+Trend,3,2016
2016-05-09,2016,5,15.786,15.29,15.228,2016-05-12,Persistence+Trend,3,2016
2016-05-10,2016,5,15.612,15.238,15.090000000000002,2016-05-13,Persistence+Trend,3,2016
2016-05-11,2016,5,15.442,15.2,14.932,2016-05-14,Persistence+Trend,3,2016
2016-05-12,2016,5,15.29,15.176,14.833999999999996,2016-05-15,Persistence+Trend,3,2016
2016-05-13,2016,5,15.238,15.122,15.082,2016-05-16,Persistence+Trend,3,2016
2016-05-14,2016,5,15.2,15.138,15.085999999999999,2016-05-17,Persistence+Trend,3,2016
2016-05-15,2016,5,15.176,15.448,15.104000000000003,2016-05-18,Persistence+Trend,3,2016
2016-05-16,2016,5,15.122,15.846,14.959999999999999,2016-05-19,Persistence+Trend,3,2016
2016-05-17,2016,5,15.138,16.218,15.186,2016-05-20,Persistence+Trend,3,2016
2016-05-18,2016,5,15.448,16.294,16.378,2016-05-21,Persistence+Trend,3,2016
2016-05-19,2016,5,15.846,16.772,17.04,2016-05-22,Persistence+Trend,3,2016
2016-05-20,2016,5,16.218,17.27,17.334,2016-05-23,Persistence+Trend,3,2016
2016-05-21,2016,5,16.294,17.364,16.522000000000002,2016-05-24,Persistence+Trend,3,2016
2016-05-22,2016,5,16.772,17.14,18.205999999999992,2016-05-25,Persistence+Trend,3,2016
2016-05-23,2016,5,17.27,16.908,18.764000000000003,2016-05-26,Persistence+Trend,3,2016
2016-05-24,2016,5,17.364,16.748,17.646000000000004,2016-05-27,Persistence+Trend,3,2016
2016-05-25,2016,5,17.14,16.722,16.468,2016-05-28,Persistence+Trend,3,2016
2016-05-26,2016,5,16.908,16.72,16.212000000000003,2016-05-29,Persistence+Trend,3,2016
2016-05-27,2016,5,16.748,16.67,16.268,2016-05-30,Persistence+Trend,3,2016
2016-05-28,2016,5,16.722,16.542,16.644000000000002,2016-05-31,Persistence+Trend,3,2016
2016-05-29,2016,5,16.72,16.564,16.71399999999999,2016-06-01,Persistence+Trend,3,2016
2016-05-30,2016,5,16.67,16.7,16.52000000000001,2016-06-02,Persistence+Trend,3,2016
2016-05-31,2016,5,16.542,16.686,16.158,2016-06-03,Persistence+Trend,3,2016
2016-06-01,2016,6,16.564,16.504,16.629999999999995,2016-06-04,Persistence+Trend,3,2016
2016-06-02,2016,6,16.7,16.324,17.107999999999997,2016-06-05,Persistence+Trend,3,2016
2016-06-03,2016,6,16.686,16.216,16.644000000000002,2016-06-06,Persistence+Trend,3,2016
2016-06-04,2016,6,16.504,16.2,15.958000000000006,2016-06-07,Persistence+Trend,3,2016
2016-06-05,2016,6,16.324,16.188,15.784000000000002,2016-06-08,Persistence+Trend,3,2016
2016-06-06,2016,6,16.216,16.116,15.892,2016-06-09,Persistence+Trend,3,2016
2016-06-07,2016,6,16.2,16.072,16.151999999999994,2016-06-10,Persistence+Trend,3,2016
2016-06-08,2016,6,16.188,16.088,16.151999999999997,2016-06-11,Persistence+Trend,3,2016
2016-06-09,2016,6,16.116,16.04,15.900000000000002,2016-06-12,Persistence+Trend,3,2016
2016-06-10,2016,6,16.072,16.076,15.939999999999998,2016-06-13,Persistence+Trend,3,2016
2016-06-11,2016,6,16.088,16.138,16.136000000000006,2016-06-14,Persistence+Trend,3,2016
2016-06-12,2016,6,16.04,16.532,15.895999999999994,2016-06-15,Persistence+Trend,3,2016
2016-06-13,2016,6,16.076,17.31,16.184000000000005,2016-06-16,Persistence+Trend,3,2016
2016-06-14,2016,6,16.138,17.478,16.324000000000005,2016-06-17,Persistence+Trend,3,2016
2016-06-15,2016,6,16.532,17.466,17.713999999999995,2016-06-18,Persistence+Trend,3,2016
2016-06-16,2016,6,17.31,17.45,19.643999999999995,2016-06-19,Persistence+Trend,3,2016
2016-06-17,2016,6,17.478,17.544,17.98200000000001,2016-06-20,Persistence+Trend,3,2016
2016-06-18,2016,6,17.466,17.77,17.43,2016-06-21,Persistence+Trend,3,2016
2016-06-19,2016,6,17.45,18.074,17.401999999999994,2016-06-22,Persistence+Trend,3,2016
2016-06-20,2016,6,17.544,18.422,17.826000000000004,2016-06-23,Persistence+Trend,3,2016
2016-06-21,2016,6,17.77,18.676,18.447999999999997,2016-06-24,Persistence+Trend,3,2016
2016-06-22,2016,6,18.074,18.966,18.986000000000008,2016-06-25,Persistence+Trend,3,2016
2016-06-23,2016,6,18.422,19.296,19.465999999999998,2016-06-26,Persistence+Trend,3,2016
2016-06-24,2016,6,18.676,19.33,19.43799999999999,2016-06-27,Persistence+Trend,3,2016
2016-06-25,2016,6,18.966,19.136,19.83600000000001,2016-06-28,Persistence+Trend,3,2016
2016-06-26,2016,6,19.296,18.906,20.285999999999994,2016-06-29,Persistence+Trend,3,2016
2016-06-27,2016,6,19.33,18.676,19.431999999999995,2016-06-30,Persistence+Trend,3,2016
2016-06-28,2016,6,19.136,18.542,18.554000000000002,2016-07-01,Persistence+Trend,3,2016
2016-06-29,2016,6,18.906,18.478,18.215999999999998,2016-07-02,Persistence+Trend,3,2016
2016-06-30,2016,6,18.676,18.63,17.985999999999997,2016-07-03,Persistence+Trend,3,2016
2016-07-01,2016,7,18.542,18.756,18.14000000000001,2016-07-04,Persistence+Trend,3,2016
2016-07-02,2016,7,18.478,18.866,18.286,2016-07-05,Persistence+Trend,3,2016
2016-07-03,2016,7,18.63,19.154,19.08599999999999,2016-07-06,Persistence+Trend,3,2016
2016-07-04,2016,7,18.756,19.34,19.134000000000004,2016-07-07,Persistence+Trend,3,2016
2016-07-05,2016,7,18.866,19.522,19.195999999999998,2016-07-08,Persistence+Trend,3,2016
2016-07-06,2016,7,19.154,19.522,20.018,2016-07-09,Persistence+Trend,3,2016
2016-07-07,2016,7,19.34,19.454,19.898,2016-07-10,Persistence+Trend,3,2016
2016-07-08,2016,7,19.522,19.35,20.067999999999994,2016-07-11,Persistence+Trend,3,2016
2016-07-09,2016,7,19.522,19.256,19.522,2016-07-12,Persistence+Trend,3,2016
2016-07-10,2016,7,19.454,19.18,19.250000000000007,2016-07-13,Persistence+Trend,3,2016
2016-07-11,2016,7,19.35,19.12,19.038000000000004,2016-07-14,Persistence+Trend,3,2016
2016-07-12,2016,7,19.256,19.058,18.973999999999997,2016-07-15,Persistence+Trend,3,2016
2016-07-13,2016,7,19.18,18.988,18.951999999999998,2016-07-16,Persistence+Trend,3,2016
2016-07-14,2016,7,19.12,19.0,18.940000000000005,2016-07-17,Persistence+Trend,3,2016
2016-07-15,2016,7,19.058,19.076,18.871999999999996,2016-07-18,Persistence+Trend,3,2016
2016-07-16,2016,7,18.988,19.386,18.778,2016-07-19,Persistence+Trend,3,2016
2016-07-17,2016,7,19.0,19.448,19.036,2016-07-20,Persistence+Trend,3,2016
2016-07-18,2016,7,19.076,19.486,19.304000000000002,2016-07-21,Persistence+Trend,3,2016
2016-07-19,2016,7,19.386,19.626,20.315999999999995,2016-07-22,Persistence+Trend,3,2016
2016-07-20,2016,7,19.448,19.728,19.634000000000004,2016-07-23,Persistence+Trend,3,2016
2016-07-21,2016,7,19.486,19.908,19.6,2016-07-24,Persistence+Trend,3,2016
2016-07-22,2016,7,19.626,20.15,20.046000000000003,2016-07-25,Persistence+Trend,3,2016
2016-07-23,2016,7,19.728,20.334,20.034000000000002,2016-07-26,Persistence+Trend,3,2016
2016-07-24,2016,7,19.908,20.506,20.448,2016-07-27,Persistence+Trend,3,2016
2016-07-25,2016,7,20.15,20.654,20.87599999999999,2016-07-28,Persistence+Trend,3,2016
2016-07-26,2016,7,20.334,20.71,20.886000000000003,2016-07-29,Persistence+Trend,3,2016
2016-07-27,2016,7,20.506,20.648,21.022000000000002,2016-07-30,Persistence+Trend,3,2016
2016-07-28,2016,7,20.654,20.534,21.098,2016-07-31,Persistence+Trend,3,2016
2016-07-29,2016,7,20.71,20.322,20.878000000000004,2016-08-01,Persistence+Trend,3,2016
2016-07-30,2016,7,20.648,20.092,20.461999999999996,2016-08-02,Persistence+Trend,3,2016
2016-07-31,2016,7,20.534,19.742,20.191999999999997,2016-08-03,Persistence+Trend,3,2016
2016-08-01,2016,8,20.322,19.51,19.686,2016-08-04,Persistence+Trend,3,2016
2016-08-02,2016,8,20.092,19.332,19.401999999999997,2016-08-05,Persistence+Trend,3,2016
2016-08-03,2016,8,19.742,19.148,18.692000000000007,2016-08-06,Persistence+Trend,3,2016
2016-08-04,2016,8,19.51,18.956,18.814000000000004,2016-08-07,Persistence+Trend,3,2016
2016-08-05,2016,8,19.332,18.796,18.798,2016-08-08,Persistence+Trend,3,2016
2016-08-06,2016,8,19.148,18.62,18.595999999999997,2016-08-09,Persistence+Trend,3,2016
2016-08-07,2016,8,18.956,18.492,18.38,2016-08-10,Persistence+Trend,3,2016
2016-08-08,2016,8,18.796,18.35,18.316,2016-08-11,Persistence+Trend,3,2016
2016-08-09,2016,8,18.62,18.316,18.092000000000006,2016-08-12,Persistence+Trend,3,2016
2016-08-10,2016,8,18.492,18.22,18.108,2016-08-13,Persistence+Trend,3,2016
2016-08-11,2016,8,18.35,18.166,17.924000000000003,2016-08-14,Persistence+Trend,3,2016
2016-08-12,2016,8,18.316,18.1,18.21399999999999,2016-08-15,Persistence+Trend,3,2016
2016-08-13,2016,8,18.22,18.0,17.932,2016-08-16,Persistence+Trend,3,2016
2016-08-14,2016,8,18.166,17.936,18.004000000000005,2016-08-17,Persistence+Trend,3,2016
2016-08-15,2016,8,18.1,17.872,17.902000000000005,2016-08-18,Persistence+Trend,3,2016
2016-08-16,2016,8,18.0,17.87,17.699999999999996,2016-08-19,Persistence+Trend,3,2016
2016-08-17,2016,8,17.936,17.82,17.744,2016-08-20,Persistence+Trend,3,2016
2016-08-18,2016,8,17.872,17.69,17.68,2016-08-21,Persistence+Trend,3,2016
2016-08-19,2016,8,17.87,17.576,17.864000000000004,2016-08-22,Persistence+Trend,3,2016
2016-08-20,2016,8,17.82,17.472,17.669999999999998,2016-08-23,Persistence+Trend,3,2016
2016-08-21,2016,8,17.69,17.38,17.300000000000004,2016-08-24,Persistence+Trend,3,2016
2016-08-22,2016,8,17.576,17.298,17.233999999999998,2016-08-25,Persistence+Trend,3,2016
2016-08-23,2016,8,17.472,17.2,17.160000000000004,2016-08-26,Persistence+Trend,3,2016
2016-08-24,2016,8,17.38,17.09,17.103999999999992,2016-08-27,Persistence+Trend,3,2016
2016-08-25,2016,8,17.298,17.03,17.051999999999996,2016-08-28,Persistence+Trend,3,2016
2016-08-26,2016,8,17.2,16.97,16.906000000000002,2016-08-29,Persistence+Trend,3,2016
2016-08-27,2016,8,17.09,16.866,16.76,2016-08-30,Persistence+Trend,3,2016
2016-08-28,2016,8,17.03,16.828,16.850000000000005,2016-08-31,Persistence+Trend,3,2016
2016-08-29,2016,8,16.97,16.84,16.789999999999992,2016-09-01,Persistence+Trend,3,2016
2016-08-30,2016,8,16.866,16.844,16.554000000000002,2016-09-02,Persistence+Trend,3,2016
2016-08-31,2016,8,16.828,17.098,16.714,2016-09-03,Persistence+Trend,3,2016
2016-09-01,2016,9,16.84,17.356,16.876,2016-09-04,Persistence+Trend,3,2016
2016-09-02,2016,9,16.844,17.668,16.856000000000005,2016-09-05,Persistence+Trend,3,2016
2016-09-03,2016,9,17.098,17.73,17.859999999999992,2016-09-06,Persistence+Trend,3,2016
2016-09-04,2016,9,17.356,17.926,18.13000000000001,2016-09-07,Persistence+Trend,3,2016
2016-09-05,2016,9,17.668,18.186,18.603999999999992,2016-09-08,Persistence+Trend,3,2016
2016-09-06,2016,9,17.73,18.31,17.916000000000004,2016-09-09,Persistence+Trend,3,2016
2016-09-07,2016,9,17.926,18.368,18.513999999999992,2016-09-10,Persistence+Trend,3,2016
2016-09-08,2016,9,18.186,18.504,18.966000000000005,2016-09-11,Persistence+Trend,3,2016
2016-09-09,2016,9,18.31,18.554,18.681999999999995,2016-09-12,Persistence+Trend,3,2016
2016-09-10,2016,9,18.368,18.682,18.541999999999998,2016-09-13,Persistence+Trend,3,2016
2016-09-11,2016,9,18.504,18.84,18.91200000000001,2016-09-14,Persistence+Trend,3,2016
2016-09-12,2016,9,18.554,18.836,18.70399999999999,2016-09-15,Persistence+Trend,3,2016
2016-09-13,2016,9,18.682,18.63,19.066,2016-09-16,Persistence+Trend,3,2016
2016-09-14,2016,9,18.84,18.436,19.314000000000004,2016-09-17,Persistence+Trend,3,2016
2016-09-15,2016,9,18.836,18.226,18.823999999999995,2016-09-18,Persistence+Trend,3,2016
2016-09-16,2016,9,18.63,18.11,18.012,2016-09-19,Persistence+Trend,3,2016
2016-09-17,2016,9,18.436,17.95,17.854000000000003,2016-09-20,Persistence+Trend,3,2016
2016-09-18,2016,9,18.226,17.754,17.595999999999997,2016-09-21,Persistence+Trend,3,2016
2016-09-19,2016,9,18.11,17.796,17.762,2016-09-22,Persistence+Trend,3,2016
2016-09-20,2016,9,17.95,18.002,17.47,2016-09-23,Persistence+Trend,3,2016
2016-09-21,2016,9,17.754,18.078,17.166000000000007,2016-09-24,Persistence+Trend,3,2016
2016-09-22,2016,9,17.796,18.084,17.921999999999993,2016-09-25,Persistence+Trend,3,2016
2016-09-23,2016,9,18.002,18.27,18.619999999999997,2016-09-26,Persistence+Trend,3,2016
2016-09-24,2016,9,18.078,18.442,18.306,2016-09-27,Persistence+Trend,3,2016
2016-09-25,2016,9,18.084,18.49,18.102,2016-09-28,Persistence+Trend,3,2016
2016-09-26,2016,9,18.27,18.524,18.828,2016-09-29,Persistence+Trend,3,2016
2016-09-27,2016,9,18.442,18.696,18.958000000000002,2016-09-30,Persistence+Trend,3,2016
2016-09-28,2016,9,18.49,18.812,18.633999999999993,2016-10-01,Persistence+Trend,3,2016
2016-09-29,2016,9,18.524,18.796,18.62600000000001,2016-10-02,Persistence+Trend,3,2016
2016-09-30,2016,9,18.696,18.672,19.212000000000003,2016-10-03,Persistence+Trend,3,2016
2016-10-01,2016,10,18.812,18.43,19.16,2016-10-04,Persistence+Trend,3,2016
2016-10-02,2016,10,18.796,18.2,18.747999999999994,2016-10-05,Persistence+Trend,3,2016
2016-10-03,2016,10,18.672,18.006,18.300000000000004,2016-10-06,Persistence+Trend,3,2016
2016-10-04,2016,10,18.43,17.712,17.703999999999997,2016-10-07,Persistence+Trend,3,2016
2016-10-05,2016,10,18.2,17.48,17.509999999999998,2016-10-08,Persistence+Trend,3,2016
2016-10-06,2016,10,18.006,17.312,17.424000000000003,2016-10-09,Persistence+Trend,3,2016
2016-10-07,2016,10,17.712,17.246,16.83,2016-10-10,Persistence+Trend,3,2016
2016-10-08,2016,10,17.48,17.18,16.784000000000002,2016-10-11,Persistence+Trend,3,2016
2016-10-09,2016,10,17.312,17.136,16.808000000000003,2016-10-12,Persistence+Trend,3,2016
2016-10-10,2016,10,17.246,17.366,17.04799999999999,2016-10-13,Persistence+Trend,3,2016
2016-10-11,2016,10,17.18,17.964,16.982000000000003,2016-10-14,Persistence+Trend,3,2016
2016-10-12,2016,10,17.136,18.236,17.003999999999998,2016-10-15,Persistence+Trend,3,2016
2016-10-13,2016,10,17.366,18.48,18.056,2016-10-16,Persistence+Trend,3,2016
2016-10-14,2016,10,17.964,18.54,19.757999999999996,2016-10-17,Persistence+Trend,3,2016
2016-10-15,2016,10,18.236,18.54,19.052000000000007,2016-10-18,Persistence+Trend,3,2016
2016-10-16,2016,10,18.48,18.444,19.212,2016-10-19,Persistence+Trend,3,2016
2016-10-17,2016,10,18.54,18.192,18.719999999999995,2016-10-20,Persistence+Trend,3,2016
2016-10-18,2016,10,18.54,17.956,18.54,2016-10-21,Persistence+Trend,3,2016
2016-10-19,2016,10,18.444,17.57,18.156,2016-10-22,Persistence+Trend,3,2016
2016-10-20,2016,10,18.192,17.264,17.436000000000003,2016-10-23,Persistence+Trend,3,2016
2016-10-21,2016,10,17.956,16.99,17.247999999999998,2016-10-24,Persistence+Trend,3,2016
2016-10-22,2016,10,17.57,16.728,16.412000000000003,2016-10-25,Persistence+Trend,3,2016
2016-10-23,2016,10,17.264,16.54,16.345999999999997,2016-10-26,Persistence+Trend,3,2016
2016-10-24,2016,10,16.99,16.372,16.167999999999996,2016-10-27,Persistence+Trend,3,2016
2016-10-25,2016,10,16.728,16.204,15.94200000000001,2016-10-28,Persistence+Trend,3,2016
2016-10-26,2016,10,16.54,16.05,15.975999999999992,2016-10-29,Persistence+Trend,3,2016
2016-10-27,2016,10,16.372,15.93,15.868000000000002,2016-10-30,Persistence+Trend,3,2016
2016-10-28,2016,10,16.204,15.834,15.700000000000003,2016-10-31,Persistence+Trend,3,2016
2016-10-29,2016,10,16.05,15.736,15.588000000000001,2016-11-01,Persistence+Trend,3,2016
2016-10-30,2016,10,15.93,15.632,15.569999999999997,2016-11-02,Persistence+Trend,3,2016
2016-10-31,2016,10,15.834,15.542,15.546,2016-11-03,Persistence+Trend,3,2016
2016-11-01,2016,11,15.736,15.442,15.442000000000004,2016-11-04,Persistence+Trend,3,2016
2016-11-02,2016,11,15.632,15.358,15.319999999999997,2016-11-05,Persistence+Trend,3,2016
2016-11-03,2016,11,15.542,15.266,15.272,2016-11-06,Persistence+Trend,3,2016
2016-11-04,2016,11,15.442,15.182,15.142000000000001,2016-11-07,Persistence+Trend,3,2016
2016-11-05,2016,11,15.358,15.108,15.106000000000002,2016-11-08,Persistence+Trend,3,2016
2016-11-06,2016,11,15.266,15.048,14.989999999999998,2016-11-09,Persistence+Trend,3,2016
2016-11-07,2016,11,15.182,14.968,14.930000000000001,2016-11-10,Persistence+Trend,3,2016
2016-11-08,2016,11,15.108,14.926,14.886000000000001,2016-11-11,Persistence+Trend,3,2016
2016-11-09,2016,11,15.048,14.92,14.867999999999999,2016-11-12,Persistence+Trend,3,2016
2016-11-10,2016,11,14.968,14.904,14.728,2016-11-13,Persistence+Trend,3,2016
2016-11-11,2016,11,14.926,14.876,14.8,2016-11-14,Persistence+Trend,3,2016
2016-11-12,2016,11,14.92,14.85,14.902,2016-11-15,Persistence+Trend,3,2016
2016-11-13,2016,11,14.904,14.778,14.856,2016-11-16,Persistence+Trend,3,2016
2016-11-14,2016,11,14.876,14.7,14.791999999999998,2016-11-17,Persistence+Trend,3,2016
2016-11-15,2016,11,14.85,14.614,14.772,2016-11-18,Persistence+Trend,3,2016
2016-11-16,2016,11,14.778,14.548,14.562000000000003,2016-11-19,Persistence+Trend,3,2016
2016-11-17,2016,11,14.7,14.48,14.465999999999996,2016-11-20,Persistence+Trend,3,2016
2016-11-18,2016,11,14.614,14.434,14.356000000000005,2016-11-21,Persistence+Trend,3,2016
2016-11-19,2016,11,14.548,14.384,14.349999999999998,2016-11-22,Persistence+Trend,3,2016
2016-11-20,2016,11,14.48,14.296,14.276000000000002,2016-11-23,Persistence+Trend,3,2016
2016-11-21,2016,11,14.434,14.244,14.295999999999996,2016-11-24,Persistence+Trend,3,2016
2016-11-22,2016,11,14.384,14.2,14.234000000000004,2016-11-25,Persistence+Trend,3,2016
2016-11-23,2016,11,14.296,14.146,14.031999999999996,2016-11-26,Persistence+Trend,3,2016
2016-11-24,2016,11,14.244,14.09,14.088000000000001,2016-11-27,Persistence+Trend,3,2016
2016-11-25,2016,11,14.2,14.046,14.067999999999998,2016-11-28,Persistence+Trend,3,2016
2016-11-26,2016,11,14.146,14.02,13.984000000000005,2016-11-29,Persistence+Trend,3,2016
2016-11-27,2016,11,14.09,13.99,13.921999999999997,2016-11-30,Persistence+Trend,3,2016
2016-11-28,2016,11,14.046,13.958,13.913999999999998,2016-12-01,Persistence+Trend,3,2016
2016-11-29,2016,11,14.02,13.906,13.942,2016-12-02,Persistence+Trend,3,2016
2016-11-30,2016,11,13.99,13.87,13.900000000000002,2016-12-03,Persistence+Trend,3,2016
2016-12-01,2016,12,13.958,13.818,13.862,2016-12-04,Persistence+Trend,3,2016
2016-12-02,2016,12,13.906,13.786,13.750000000000002,2016-12-05,Persistence+Trend,3,2016
2016-12-03,2016,12,13.87,13.75,13.761999999999995,2016-12-06,Persistence+Trend,3,2016
2016-12-04,2016,12,13.818,13.698,13.662,2016-12-07,Persistence+Trend,3,2016
2016-12-05,2016,12,13.786,13.66,13.69,2016-12-08,Persistence+Trend,3,2016
2016-12-06,2016,12,13.75,13.63,13.642000000000001,2016-12-09,Persistence+Trend,3,2016
2016-12-07,2016,12,13.698,13.588,13.542000000000002,2016-12-10,Persistence+Trend,3,2016
2016-12-08,2016,12,13.66,13.56,13.546,2016-12-11,Persistence+Trend,3,2016
2016-12-09,2016,12,13.63,13.53,13.540000000000003,2016-12-12,Persistence+Trend,3,2016
2016-12-10,2016,12,13.588,13.498,13.461999999999994,2016-12-13,Persistence+Trend,3,2016
2016-12-11,2016,12,13.56,13.46,13.476000000000004,2016-12-14,Persistence+Trend,3,2016
2016-12-12,2016,12,13.53,13.43,13.439999999999996,2016-12-15,Persistence+Trend,3,2016
2016-12-13,2016,12,13.498,13.408,13.402,2016-12-16,Persistence+Trend,3,2016
2016-12-14,2016,12,13.46,13.38,13.346000000000005,2016-12-17,Persistence+Trend,3,2016
2016-12-15,2016,12,13.43,13.348,13.339999999999996,2016-12-18,Persistence+Trend,3,2016
2016-12-16,2016,12,13.408,13.32,13.341999999999999,2016-12-19,Persistence+Trend,3,2016
2016-12-17,2016,12,13.38,13.29,13.296000000000005,2016-12-20,Persistence+Trend,3,2016
2016-12-18,2016,12,13.348,13.268,13.252,2016-12-21,Persistence+Trend,3,2016
2016-12-19,2016,12,13.32,13.25,13.235999999999999,2016-12-22,Persistence+Trend,3,2016
2016-12-20,2016,12,13.29,13.218,13.199999999999996,2016-12-23,Persistence+Trend,3,2016
2016-12-21,2016,12,13.268,13.2,13.202000000000005,2016-12-24,Persistence+Trend,3,2016
2016-12-22,2016,12,13.25,13.16,13.195999999999998,2016-12-25,Persistence+Trend,3,2016
2016-12-23,2016,12,13.218,13.16,13.122,2016-12-26,Persistence+Trend,3,2016
2016-12-24,2016,12,13.2,13.15,13.145999999999997,2016-12-27,Persistence+Trend,3,2016
2016-12-25,2016,12,13.16,13.12,13.040000000000003,2016-12-28,Persistence+Trend,3,2016
2016-12-26,2016,12,13.16,13.11,13.16,2016-12-29,Persistence+Trend,3,2016
2016-12-27,2016,12,13.15,13.09,13.120000000000001,2016-12-30,Persistence+Trend,3,2016
2016-12-28,2016,12,13.12,13.08,13.029999999999996,2016-12-31,Persistence+Trend,3,2016
2016-12-29,2016,12,13.11,13.044,13.08,2017-01-01,Persistence+Trend,3,2016
2016-12-30,2016,12,13.09,13.02,13.030000000000001,2017-01-02,Persistence+Trend,3,2016
2016-12-31,2016,12,13.08,13.01,13.05,2017-01-03,Persistence+Trend,3,2016
2017-01-01,2017,1,13.044,13.0,12.936000000000002,2017-01-04,Persistence+Trend,3,2017
2017-01-02,2017,1,13.02,12.99,12.947999999999997,2017-01-05,Persistence+Trend,3,2017
2017-01-03,2017,1,13.01,12.98,12.98,2017-01-06,Persistence+Trend,3,2017
2017-01-04,2017,1,13.0,12.97,12.97,2017-01-07,Persistence+Trend,3,2017
2017-01-05,2017,1,12.99,12.93,12.96,2017-01-08,Persistence+Trend,3,2017
2017-01-06,2017,1,12.98,12.88,12.950000000000001,2017-01-09,Persistence+Trend,3,2017
2017-01-07,2017,1,12.97,12.84,12.940000000000001,2017-01-10,Persistence+Trend,3,2017
2017-01-08,2017,1,12.93,12.82,12.809999999999997,2017-01-11,Persistence+Trend,3,2017
2017-01-09,2017,1,12.88,12.79,12.730000000000004,2017-01-12,Persistence+Trend,3,2017
2017-01-10,2017,1,12.84,12.77,12.719999999999997,2017-01-13,Persistence+Trend,3,2017
2017-01-11,2017,1,12.82,12.75,12.760000000000002,2017-01-14,Persistence+Trend,3,2017
2017-01-12,2017,1,12.79,12.74,12.699999999999996,2017-01-15,Persistence+Trend,3,2017
2017-01-13,2017,1,12.77,12.72,12.71,2017-01-16,Persistence+Trend,3,2017
2017-01-14,2017,1,12.75,12.7,12.690000000000001,2017-01-17,Persistence+Trend,3,2017
2017-01-15,2017,1,12.74,12.67,12.71,2017-01-18,Persistence+Trend,3,2017
2017-01-16,2017,1,12.72,12.64,12.660000000000002,2017-01-19,Persistence+Trend,3,2017
2017-01-17,2017,1,12.7,12.63,12.639999999999995,2017-01-20,Persistence+Trend,3,2017
2017-01-18,2017,1,12.67,12.62,12.580000000000002,2017-01-21,Persistence+Trend,3,2017
2017-01-19,2017,1,12.64,12.61,12.550000000000002,2017-01-22,Persistence+Trend,3,2017
2017-01-20,2017,1,12.63,12.58,12.600000000000001,2017-01-23,Persistence+Trend,3,2017
2017-01-21,2017,1,12.62,12.58,12.589999999999995,2017-01-24,Persistence+Trend,3,2017
2017-01-22,2017,1,12.61,12.57,12.58,2017-01-25,Persistence+Trend,3,2017
2017-01-23,2017,1,12.58,12.54,12.490000000000002,2017-01-26,Persistence+Trend,3,2017
2017-01-24,2017,1,12.58,12.52,12.58,2017-01-27,Persistence+Trend,3,2017
2017-01-25,2017,1,12.57,12.5,12.540000000000001,2017-01-28,Persistence+Trend,3,2017
2017-01-26,2017,1,12.54,12.47,12.449999999999996,2017-01-29,Persistence+Trend,3,2017
2017-01-27,2017,1,12.52,12.45,12.46,2017-01-30,Persistence+Trend,3,2017
2017-01-28,2017,1,12.5,12.44,12.440000000000001,2017-01-31,Persistence+Trend,3,2017
2017-01-29,2017,1,12.47,12.43,12.380000000000003,2017-02-01,Persistence+Trend,3,2017
2017-01-30,2017,1,12.45,12.42,12.389999999999995,2017-02-02,Persistence+Trend,3,2017
2017-01-31,2017,1,12.44,12.41,12.41,2017-02-03,Persistence+Trend,3,2017
2017-02-01,2017,2,12.43,12.39,12.4,2017-02-04,Persistence+Trend,3,2017
2017-02-02,2017,2,12.42,12.38,12.39,2017-02-05,Persistence+Trend,3,2017
2017-02-03,2017,2,12.41,12.36,12.38,2017-02-06,Persistence+Trend,3,2017
2017-02-04,2017,2,12.39,12.34,12.330000000000002,2017-02-07,Persistence+Trend,3,2017
2017-02-05,2017,2,12.38,12.32,12.350000000000001,2017-02-08,Persistence+Trend,3,2017
2017-02-06,2017,2,12.36,12.3,12.299999999999995,2017-02-09,Persistence+Trend,3,2017
2017-02-07,2017,2,12.34,12.29,12.280000000000001,2017-02-10,Persistence+Trend,3,2017
2017-02-08,2017,2,12.32,12.27,12.260000000000002,2017-02-11,Persistence+Trend,3,2017
2017-02-09,2017,2,12.3,12.25,12.240000000000002,2017-02-12,Persistence+Trend,3,2017
2017-02-10,2017,2,12.29,12.24,12.259999999999994,2017-02-13,Persistence+Trend,3,2017
2017-02-11,2017,2,12.27,12.22,12.21,2017-02-14,Persistence+Trend,3,2017
2017-02-12,2017,2,12.25,12.21,12.190000000000001,2017-02-15,Persistence+Trend,3,2017
2017-02-13,2017,2,12.24,12.21,12.21,2017-02-16,Persistence+Trend,3,2017
2017-02-14,2017,2,12.22,12.19,12.160000000000002,2017-02-17,Persistence+Trend,3,2017
2017-02-15,2017,2,12.21,12.18,12.180000000000001,2017-02-18,Persistence+Trend,3,2017
2017-02-16,2017,2,12.21,12.178,12.21,2017-02-19,Persistence+Trend,3,2017
2017-02-17,2017,2,12.19,12.16,12.129999999999995,2017-02-20,Persistence+Trend,3,2017
2017-02-18,2017,2,12.18,12.16,12.15,2017-02-21,Persistence+Trend,3,2017
2017-02-19,2017,2,12.178,12.16,12.172000000000004,2017-02-22,Persistence+Trend,3,2017
2017-02-20,2017,2,12.16,12.15,12.105999999999998,2017-02-23,Persistence+Trend,3,2017
2017-02-21,2017,2,12.16,12.156,12.16,2017-02-24,Persistence+Trend,3,2017
2017-02-22,2017,2,12.16,12.178,12.16,2017-02-25,Persistence+Trend,3,2017
2017-02-23,2017,2,12.15,12.2,12.120000000000001,2017-02-26,Persistence+Trend,3,2017
2017-02-24,2017,2,12.156,12.21,12.174000000000001,2017-02-27,Persistence+Trend,3,2017
2017-02-25,2017,2,12.178,12.22,12.244000000000002,2017-02-28,Persistence+Trend,3,2017
2017-02-26,2017,2,12.2,12.23,12.265999999999995,2017-03-01,Persistence+Trend,3,2017
2017-02-27,2017,2,12.21,12.25,12.240000000000006,2017-03-02,Persistence+Trend,3,2017
2017-02-28,2017,2,12.22,12.268,12.25,2017-03-03,Persistence+Trend,3,2017
2017-03-01,2017,3,12.23,12.438,12.26,2017-03-04,Persistence+Trend,3,2017
2017-03-02,2017,3,12.25,12.496,12.309999999999999,2017-03-05,Persistence+Trend,3,2017
2017-03-03,2017,3,12.268,12.512,12.322000000000003,2017-03-06,Persistence+Trend,3,2017
2017-03-04,2017,3,12.438,12.434,12.948,2017-03-07,Persistence+Trend,3,2017
2017-03-05,2017,3,12.496,12.402,12.67,2017-03-08,Persistence+Trend,3,2017
2017-03-06,2017,3,12.512,12.344,12.56,2017-03-09,Persistence+Trend,3,2017
2017-03-07,2017,3,12.434,12.31,12.199999999999996,2017-03-10,Persistence+Trend,3,2017
2017-03-08,2017,3,12.402,12.292,12.306,2017-03-11,Persistence+Trend,3,2017
2017-03-09,2017,3,12.344,12.38,12.17,2017-03-12,Persistence+Trend,3,2017
2017-03-10,2017,3,12.31,12.602,12.208000000000004,2017-03-13,Persistence+Trend,3,2017
2017-03-11,2017,3,12.292,12.874,12.237999999999998,2017-03-14,Persistence+Trend,3,2017
2017-03-12,2017,3,12.38,12.986,12.644000000000004,2017-03-15,Persistence+Trend,3,2017
2017-03-13,2017,3,12.602,12.956,13.267999999999999,2017-03-16,Persistence+Trend,3,2017
2017-03-14,2017,3,12.874,12.878,13.690000000000001,2017-03-17,Persistence+Trend,3,2017
2017-03-15,2017,3,12.986,12.816,13.322000000000001,2017-03-18,Persistence+Trend,3,2017
2017-03-16,2017,3,12.956,12.83,12.865999999999996,2017-03-19,Persistence+Trend,3,2017
2017-03-17,2017,3,12.878,12.872,12.644000000000002,2017-03-20,Persistence+Trend,3,2017
2017-03-18,2017,3,12.816,12.986,12.630000000000003,2017-03-21,Persistence+Trend,3,2017
2017-03-19,2017,3,12.83,13.044,12.871999999999998,2017-03-22,Persistence+Trend,3,2017
2017-03-20,2017,3,12.872,12.99,12.998,2017-03-23,Persistence+Trend,3,2017
2017-03-21,2017,3,12.986,12.94,13.328000000000003,2017-03-24,Persistence+Trend,3,2017
2017-03-22,2017,3,13.044,12.87,13.218,2017-03-25,Persistence+Trend,3,2017
2017-03-23,2017,3,12.99,12.906,12.828,2017-03-26,Persistence+Trend,3,2017
2017-03-24,2017,3,12.94,12.826,12.789999999999997,2017-03-27,Persistence+Trend,3,2017
2017-03-25,2017,3,12.87,12.832,12.659999999999998,2017-03-28,Persistence+Trend,3,2017
2017-03-26,2017,3,12.906,12.96,13.014000000000005,2017-03-29,Persistence+Trend,3,2017
2017-03-27,2017,3,12.826,12.9,12.586,2017-03-30,Persistence+Trend,3,2017
2017-03-28,2017,3,12.832,12.88,12.850000000000001,2017-03-31,Persistence+Trend,3,2017
2017-03-29,2017,3,12.96,12.85,13.344000000000001,2017-04-01,Persistence+Trend,3,2017
2017-03-30,2017,3,12.9,12.9,12.719999999999999,2017-04-02,Persistence+Trend,3,2017
2017-03-31,2017,3,12.88,13.008,12.820000000000002,2017-04-03,Persistence+Trend,3,2017
2017-04-01,2017,4,12.85,13.236,12.759999999999996,2017-04-04,Persistence+Trend,3,2017
2017-04-02,2017,4,12.9,13.564,13.050000000000002,2017-04-05,Persistence+Trend,3,2017
2017-04-03,2017,4,13.008,13.764,13.331999999999995,2017-04-06,Persistence+Trend,3,2017
2017-04-04,2017,4,13.236,13.94,13.920000000000005,2017-04-07,Persistence+Trend,3,2017
2017-04-05,2017,4,13.564,14.118,14.547999999999998,2017-04-08,Persistence+Trend,3,2017
2017-04-06,2017,4,13.764,14.378,14.363999999999997,2017-04-09,Persistence+Trend,3,2017
2017-04-07,2017,4,13.94,14.62,14.468,2017-04-10,Persistence+Trend,3,2017
2017-04-08,2017,4,14.118,14.638,14.652000000000003,2017-04-11,Persistence+Trend,3,2017
2017-04-09,2017,4,14.378,14.502,15.158,2017-04-12,Persistence+Trend,3,2017
2017-04-10,2017,4,14.62,14.34,15.345999999999997,2017-04-13,Persistence+Trend,3,2017
2017-04-11,2017,4,14.638,14.16,14.692000000000002,2017-04-14,Persistence+Trend,3,2017
2017-04-12,2017,4,14.502,14.032,14.094000000000003,2017-04-15,Persistence+Trend,3,2017
2017-04-13,2017,4,14.34,14.254,13.853999999999997,2017-04-16,Persistence+Trend,3,2017
2017-04-14,2017,4,14.16,14.4,13.620000000000001,2017-04-17,Persistence+Trend,3,2017
2017-04-15,2017,4,14.032,14.454,13.648,2017-04-18,Persistence+Trend,3,2017
2017-04-16,2017,4,14.254,14.35,14.919999999999998,2017-04-19,Persistence+Trend,3,2017
2017-04-17,2017,4,14.4,14.192,14.838000000000003,2017-04-20,Persistence+Trend,3,2017
2017-04-18,2017,4,14.454,14.058,14.616000000000001,2017-04-21,Persistence+Trend,3,2017
2017-04-19,2017,4,14.35,14.138,14.037999999999997,2017-04-22,Persistence+Trend,3,2017
2017-04-20,2017,4,14.192,14.088,13.718000000000002,2017-04-23,Persistence+Trend,3,2017
2017-04-21,2017,4,14.058,14.1,13.655999999999999,2017-04-24,Persistence+Trend,3,2017
2017-04-22,2017,4,14.138,14.12,14.378,2017-04-25,Persistence+Trend,3,2017
2017-04-23,2017,4,14.088,14.066,13.937999999999997,2017-04-26,Persistence+Trend,3,2017
2017-04-24,2017,4,14.1,14.082,14.136000000000001,2017-04-27,Persistence+Trend,3,2017
2017-04-25,2017,4,14.12,14.19,14.179999999999998,2017-04-28,Persistence+Trend,3,2017
2017-04-26,2017,4,14.066,14.346,13.904000000000005,2017-04-29,Persistence+Trend,3,2017
2017-04-27,2017,4,14.082,14.57,14.13,2017-04-30,Persistence+Trend,3,2017
2017-04-28,2017,4,14.19,14.926,14.513999999999996,2017-05-01,Persistence+Trend,3,2017
2017-04-29,2017,4,14.346,15.76,14.814000000000002,2017-05-02,Persistence+Trend,3,2017
2017-04-30,2017,4,14.57,16.168,15.242,2017-05-03,Persistence+Trend,3,2017
2017-05-01,2017,5,14.926,16.404,15.994,2017-05-04,Persistence+Trend,3,2017
2017-05-02,2017,5,15.76,16.146,18.262,2017-05-05,Persistence+Trend,3,2017
2017-05-03,2017,5,16.168,15.996,17.391999999999996,2017-05-06,Persistence+Trend,3,2017
2017-05-04,2017,5,16.404,15.892,17.112000000000002,2017-05-07,Persistence+Trend,3,2017
2017-05-05,2017,5,16.146,15.9,15.372000000000003,2017-05-08,Persistence+Trend,3,2017
2017-05-06,2017,5,15.996,15.916,15.546,2017-05-09,Persistence+Trend,3,2017
2017-05-07,2017,5,15.892,15.872,15.579999999999997,2017-05-10,Persistence+Trend,3,2017
2017-05-08,2017,5,15.9,15.82,15.924000000000003,2017-05-11,Persistence+Trend,3,2017
2017-05-09,2017,5,15.916,15.89,15.964,2017-05-12,Persistence+Trend,3,2017
2017-05-10,2017,5,15.872,15.91,15.739999999999998,2017-05-13,Persistence+Trend,3,2017
2017-05-11,2017,5,15.82,15.88,15.664000000000001,2017-05-14,Persistence+Trend,3,2017
2017-05-12,2017,5,15.89,15.79,16.1,2017-05-15,Persistence+Trend,3,2017
2017-05-13,2017,5,15.91,15.484,15.969999999999999,2017-05-16,Persistence+Trend,3,2017
2017-05-14,2017,5,15.88,15.432,15.790000000000003,2017-05-17,Persistence+Trend,3,2017
2017-05-15,2017,5,15.79,15.376,15.519999999999994,2017-05-18,Persistence+Trend,3,2017
2017-05-16,2017,5,15.484,15.312,14.566000000000003,2017-05-19,Persistence+Trend,3,2017
2017-05-17,2017,5,15.432,15.28,15.276000000000002,2017-05-20,Persistence+Trend,3,2017
2017-05-18,2017,5,15.376,15.27,15.207999999999997,2017-05-21,Persistence+Trend,3,2017
2017-05-19,2017,5,15.312,15.25,15.12,2017-05-22,Persistence+Trend,3,2017
2017-05-20,2017,5,15.28,15.29,15.184,2017-05-23,Persistence+Trend,3,2017
2017-05-21,2017,5,15.27,15.25,15.24,2017-05-24,Persistence+Trend,3,2017
2017-05-22,2017,5,15.25,15.366,15.190000000000001,2017-05-25,Persistence+Trend,3,2017
2017-05-23,2017,5,15.29,15.596,15.409999999999997,2017-05-26,Persistence+Trend,3,2017
2017-05-24,2017,5,15.25,15.896,15.130000000000003,2017-05-27,Persistence+Trend,3,2017
2017-05-25,2017,5,15.366,16.098,15.713999999999999,2017-05-28,Persistence+Trend,3,2017
2017-05-26,2017,5,15.596,16.202,16.286,2017-05-29,Persistence+Trend,3,2017
2017-05-27,2017,5,15.896,16.21,16.796000000000003,2017-05-30,Persistence+Trend,3,2017
2017-05-28,2017,5,16.098,16.22,16.703999999999994,2017-05-31,Persistence+Trend,3,2017
2017-05-29,2017,5,16.202,16.28,16.51400000000001,2017-06-01,Persistence+Trend,3,2017
2017-05-30,2017,5,16.21,16.26,16.233999999999998,2017-06-02,Persistence+Trend,3,2017
2017-05-31,2017,5,16.22,16.28,16.249999999999993,2017-06-03,Persistence+Trend,3,2017
2017-06-01,2017,6,16.28,16.356,16.460000000000008,2017-06-04,Persistence+Trend,3,2017
2017-06-02,2017,6,16.26,16.904,16.200000000000003,2017-06-05,Persistence+Trend,3,2017
2017-06-03,2017,6,16.28,17.592,16.34,2017-06-06,Persistence+Trend,3,2017
2017-06-04,2017,6,16.356,17.82,16.584000000000003,2017-06-07,Persistence+Trend,3,2017
2017-06-05,2017,6,16.904,18.04,18.547999999999995,2017-06-08,Persistence+Trend,3,2017
2017-06-06,2017,6,17.592,18.014,19.655999999999995,2017-06-09,Persistence+Trend,3,2017
2017-06-07,2017,6,17.82,17.768,18.504000000000005,2017-06-10,Persistence+Trend,3,2017
2017-06-08,2017,6,18.04,17.418,18.699999999999996,2017-06-11,Persistence+Trend,3,2017
2017-06-09,2017,6,18.014,17.156,17.936,2017-06-12,Persistence+Trend,3,2017
2017-06-10,2017,6,17.768,16.942,17.030000000000005,2017-06-13,Persistence+Trend,3,2017
2017-06-11,2017,6,17.418,16.85,16.367999999999995,2017-06-14,Persistence+Trend,3,2017
2017-06-12,2017,6,17.156,16.9,16.369999999999997,2017-06-15,Persistence+Trend,3,2017
2017-06-13,2017,6,16.942,17.096,16.300000000000004,2017-06-16,Persistence+Trend,3,2017
2017-06-14,2017,6,16.85,17.286,16.574000000000005,2017-06-17,Persistence+Trend,3,2017
2017-06-15,2017,6,16.9,17.498,17.04999999999999,2017-06-18,Persistence+Trend,3,2017
2017-06-16,2017,6,17.096,17.826,17.684000000000005,2017-06-19,Persistence+Trend,3,2017
2017-06-17,2017,6,17.286,18.124,17.856000000000005,2017-06-20,Persistence+Trend,3,2017
2017-06-18,2017,6,17.498,18.396,18.134,2017-06-21,Persistence+Trend,3,2017
2017-06-19,2017,6,17.826,18.512,18.81,2017-06-22,Persistence+Trend,3,2017
2017-06-20,2017,6,18.124,18.53,19.017999999999994,2017-06-23,Persistence+Trend,3,2017
2017-06-21,2017,6,18.396,18.54,19.212000000000007,2017-06-24,Persistence+Trend,3,2017
2017-06-22,2017,6,18.512,18.53,18.86,2017-06-25,Persistence+Trend,3,2017
2017-06-23,2017,6,18.53,18.47,18.584000000000003,2017-06-26,Persistence+Trend,3,2017
2017-06-24,2017,6,18.54,18.264,18.569999999999993,2017-06-27,Persistence+Trend,3,2017
2017-06-25,2017,6,18.53,18.23,18.500000000000007,2017-06-28,Persistence+Trend,3,2017
2017-06-26,2017,6,18.47,18.082,18.289999999999992,2017-06-29,Persistence+Trend,3,2017
2017-06-27,2017,6,18.264,18.276,17.646,2017-06-30,Persistence+Trend,3,2017
2017-06-28,2017,6,18.23,18.43,18.128000000000004,2017-07-01,Persistence+Trend,3,2017
2017-06-29,2017,6,18.082,18.68,17.638,2017-07-02,Persistence+Trend,3,2017
2017-06-30,2017,6,18.276,18.856,18.857999999999997,2017-07-03,Persistence+Trend,3,2017
2017-07-01,2017,7,18.43,18.974,18.892,2017-07-04,Persistence+Trend,3,2017
2017-07-02,2017,7,18.68,19.154,19.43,2017-07-05,Persistence+Trend,3,2017
2017-07-03,2017,7,18.856,19.432,19.384000000000007,2017-07-06,Persistence+Trend,3,2017
2017-07-04,2017,7,18.974,19.73,19.327999999999996,2017-07-07,Persistence+Trend,3,2017
2017-07-05,2017,7,19.154,19.85,19.694,2017-07-08,Persistence+Trend,3,2017
2017-07-06,2017,7,19.432,19.86,20.265999999999995,2017-07-09,Persistence+Trend,3,2017
2017-07-07,2017,7,19.73,19.87,20.624000000000006,2017-07-10,Persistence+Trend,3,2017
2017-07-08,2017,7,19.85,20.166,20.210000000000004,2017-07-11,Persistence+Trend,3,2017
2017-07-09,2017,7,19.86,20.294,19.889999999999993,2017-07-12,Persistence+Trend,3,2017
2017-07-10,2017,7,19.87,20.34,19.900000000000006,2017-07-13,Persistence+Trend,3,2017
2017-07-11,2017,7,20.166,20.368,21.054,2017-07-14,Persistence+Trend,3,2017
2017-07-12,2017,7,20.294,20.264,20.678,2017-07-15,Persistence+Trend,3,2017
2017-07-13,2017,7,20.34,20.05,20.477999999999998,2017-07-16,Persistence+Trend,3,2017
2017-07-14,2017,7,20.368,19.724,20.451999999999995,2017-07-17,Persistence+Trend,3,2017
2017-07-15,2017,7,20.264,19.482,19.952,2017-07-18,Persistence+Trend,3,2017
2017-07-16,2017,7,20.05,19.216,19.408000000000005,2017-07-19,Persistence+Trend,3,2017
2017-07-17,2017,7,19.724,19.062,18.746,2017-07-20,Persistence+Trend,3,2017
2017-07-18,2017,7,19.482,18.93,18.755999999999997,2017-07-21,Persistence+Trend,3,2017
2017-07-19,2017,7,19.216,18.762,18.418000000000006,2017-07-22,Persistence+Trend,3,2017
2017-07-20,2017,7,19.062,18.694,18.6,2017-07-23,Persistence+Trend,3,2017
2017-07-21,2017,7,18.93,18.67,18.533999999999995,2017-07-24,Persistence+Trend,3,2017
2017-07-22,2017,7,18.762,18.674,18.258000000000003,2017-07-25,Persistence+Trend,3,2017
2017-07-23,2017,7,18.694,18.618,18.489999999999995,2017-07-26,Persistence+Trend,3,2017
2017-07-24,2017,7,18.67,18.554,18.59800000000001,2017-07-27,Persistence+Trend,3,2017
2017-07-25,2017,7,18.674,18.46,18.685999999999993,2017-07-28,Persistence+Trend,3,2017
2017-07-26,2017,7,18.618,18.392,18.449999999999996,2017-07-29,Persistence+Trend,3,2017
2017-07-27,2017,7,18.554,18.414,18.362,2017-07-30,Persistence+Trend,3,2017
2017-07-28,2017,7,18.46,18.434,18.178000000000008,2017-07-31,Persistence+Trend,3,2017
2017-07-29,2017,7,18.392,18.508,18.187999999999995,2017-08-01,Persistence+Trend,3,2017
2017-07-30,2017,7,18.414,18.472,18.480000000000008,2017-08-02,Persistence+Trend,3,2017
2017-07-31,2017,7,18.434,18.46,18.494,2017-08-03,Persistence+Trend,3,2017
2017-08-01,2017,8,18.508,18.472,18.729999999999993,2017-08-04,Persistence+Trend,3,2017
2017-08-02,2017,8,18.472,18.59,18.364000000000008,2017-08-05,Persistence+Trend,3,2017
2017-08-03,2017,8,18.46,18.624,18.424,2017-08-06,Persistence+Trend,3,2017
2017-08-04,2017,8,18.472,18.56,18.508000000000003,2017-08-07,Persistence+Trend,3,2017
2017-08-05,2017,8,18.59,18.526,18.943999999999996,2017-08-08,Persistence+Trend,3,2017
2017-08-06,2017,8,18.624,18.542,18.725999999999996,2017-08-09,Persistence+Trend,3,2017
2017-08-07,2017,8,18.56,18.696,18.368,2017-08-10,Persistence+Trend,3,2017
2017-08-08,2017,8,18.526,18.986,18.424000000000003,2017-08-11,Persistence+Trend,3,2017
2017-08-09,2017,8,18.542,19.608,18.590000000000007,2017-08-12,Persistence+Trend,3,2017
2017-08-10,2017,8,18.696,20.202,19.158,2017-08-13,Persistence+Trend,3,2017
2017-08-11,2017,8,18.986,20.728,19.855999999999998,2017-08-14,Persistence+Trend,3,2017
2017-08-12,2017,8,19.608,20.826,21.474,2017-08-15,Persistence+Trend,3,2017
2017-08-13,2017,8,20.202,20.83,21.984000000000005,2017-08-16,Persistence+Trend,3,2017
2017-08-14,2017,8,20.728,20.698,22.306,2017-08-17,Persistence+Trend,3,2017
2017-08-15,2017,8,20.826,20.476,21.119999999999997,2017-08-18,Persistence+Trend,3,2017
2017-08-16,2017,8,20.83,20.24,20.84199999999999,2017-08-19,Persistence+Trend,3,2017
2017-08-17,2017,8,20.698,20.048,20.302000000000007,2017-08-20,Persistence+Trend,3,2017
2017-08-18,2017,8,20.476,19.88,19.809999999999995,2017-08-21,Persistence+Trend,3,2017
2017-08-19,2017,8,20.24,19.73,19.531999999999996,2017-08-22,Persistence+Trend,3,2017
2017-08-20,2017,8,20.048,19.53,19.471999999999998,2017-08-23,Persistence+Trend,3,2017
2017-08-21,2017,8,19.88,19.436,19.376,2017-08-24,Persistence+Trend,3,2017
2017-08-22,2017,8,19.73,19.304,19.280000000000005,2017-08-25,Persistence+Trend,3,2017
2017-08-23,2017,8,19.53,19.136,18.930000000000003,2017-08-26,Persistence+Trend,3,2017
2017-08-24,2017,8,19.436,18.998,19.153999999999996,2017-08-27,Persistence+Trend,3,2017
2017-08-25,2017,8,19.304,18.972,18.907999999999994,2017-08-28,Persistence+Trend,3,2017
2017-08-26,2017,8,19.136,18.826,18.632,2017-08-29,Persistence+Trend,3,2017
2017-08-27,2017,8,18.998,18.72,18.584000000000007,2017-08-30,Persistence+Trend,3,2017
2017-08-28,2017,8,18.972,18.568,18.894000000000002,2017-08-31,Persistence+Trend,3,2017
2017-08-29,2017,8,18.826,18.472,18.387999999999998,2017-09-01,Persistence+Trend,3,2017
2017-08-30,2017,8,18.72,18.544,18.401999999999994,2017-09-02,Persistence+Trend,3,2017
2017-08-31,2017,8,18.568,18.576,18.11200000000001,2017-09-03,Persistence+Trend,3,2017
2017-09-01,2017,9,18.472,18.566,18.184,2017-09-04,Persistence+Trend,3,2017
2017-09-02,2017,9,18.544,18.58,18.759999999999998,2017-09-05,Persistence+Trend,3,2017
2017-09-03,2017,9,18.576,18.6,18.672,2017-09-06,Persistence+Trend,3,2017
2017-09-04,2017,9,18.566,18.65,18.535999999999994,2017-09-07,Persistence+Trend,3,2017
2017-09-05,2017,9,18.58,18.76,18.621999999999996,2017-09-08,Persistence+Trend,3,2017
2017-09-06,2017,9,18.6,18.892,18.66000000000001,2017-09-09,Persistence+Trend,3,2017
2017-09-07,2017,9,18.65,19.076,18.79999999999999,2017-09-10,Persistence+Trend,3,2017
2017-09-08,2017,9,18.76,19.334,19.09000000000001,2017-09-11,Persistence+Trend,3,2017
2017-09-09,2017,9,18.892,19.378,19.287999999999993,2017-09-12,Persistence+Trend,3,2017
2017-09-10,2017,9,19.076,19.256,19.628000000000004,2017-09-13,Persistence+Trend,3,2017
2017-09-11,2017,9,19.334,19.132,20.107999999999997,2017-09-14,Persistence+Trend,3,2017
2017-09-12,2017,9,19.378,19.008,19.51,2017-09-15,Persistence+Trend,3,2017
2017-09-13,2017,9,19.256,18.912,18.89,2017-09-16,Persistence+Trend,3,2017
2017-09-14,2017,9,19.132,18.732,18.760000000000005,2017-09-17,Persistence+Trend,3,2017
2017-09-15,2017,9,19.008,18.53,18.635999999999992,2017-09-18,Persistence+Trend,3,2017
2017-09-16,2017,9,18.912,18.356,18.624,2017-09-19,Persistence+Trend,3,2017
2017-09-17,2017,9,18.732,18.25,18.192,2017-09-20,Persistence+Trend,3,2017
2017-09-18,2017,9,18.53,18.158,17.924000000000007,2017-09-21,Persistence+Trend,3,2017
2017-09-19,2017,9,18.356,18.064,17.834000000000003,2017-09-22,Persistence+Trend,3,2017
2017-09-20,2017,9,18.25,18.072,17.931999999999995,2017-09-23,Persistence+Trend,3,2017
2017-09-21,2017,9,18.158,17.942,17.882000000000005,2017-09-24,Persistence+Trend,3,2017
2017-09-22,2017,9,18.064,17.866,17.781999999999996,2017-09-25,Persistence+Trend,3,2017
2017-09-23,2017,9,18.072,17.85,18.095999999999997,2017-09-26,Persistence+Trend,3,2017
2017-09-24,2017,9,17.942,17.95,17.552000000000003,2017-09-27,Persistence+Trend,3,2017
2017-09-25,2017,9,17.866,18.042,17.637999999999998,2017-09-28,Persistence+Trend,3,2017
2017-09-26,2017,9,17.85,18.05,17.802000000000007,2017-09-29,Persistence+Trend,3,2017
2017-09-27,2017,9,17.95,18.116,18.249999999999993,2017-09-30,Persistence+Trend,3,2017
2017-09-28,2017,9,18.042,18.238,18.31800000000001,2017-10-01,Persistence+Trend,3,2017
2017-09-29,2017,9,18.05,18.502,18.073999999999998,2017-10-02,Persistence+Trend,3,2017
2017-09-30,2017,9,18.116,18.55,18.313999999999997,2017-10-03,Persistence+Trend,3,2017
2017-10-01,2017,10,18.238,18.396,18.604,2017-10-04,Persistence+Trend,3,2017
2017-10-02,2017,10,18.502,18.226,19.293999999999997,2017-10-05,Persistence+Trend,3,2017
2017-10-03,2017,10,18.55,18.126,18.694000000000006,2017-10-06,Persistence+Trend,3,2017
2017-10-04,2017,10,18.396,18.162,17.934,2017-10-07,Persistence+Trend,3,2017
2017-10-05,2017,10,18.226,18.246,17.715999999999994,2017-10-08,Persistence+Trend,3,2017
2017-10-06,2017,10,18.126,18.308,17.826000000000008,2017-10-09,Persistence+Trend,3,2017
2017-10-07,2017,10,18.162,18.284,18.269999999999992,2017-10-10,Persistence+Trend,3,2017
2017-10-08,2017,10,18.246,18.066,18.497999999999998,2017-10-11,Persistence+Trend,3,2017
2017-10-09,2017,10,18.308,17.778,18.494000000000003,2017-10-12,Persistence+Trend,3,2017
2017-10-10,2017,10,18.284,17.504,18.211999999999996,2017-10-13,Persistence+Trend,3,2017
2017-10-11,2017,10,18.066,17.326,17.412,2017-10-14,Persistence+Trend,3,2017
2017-10-12,2017,10,17.778,17.092,16.913999999999998,2017-10-15,Persistence+Trend,3,2017
2017-10-13,2017,10,17.504,17.036,16.68200000000001,2017-10-16,Persistence+Trend,3,2017
2017-10-14,2017,10,17.326,16.998,16.791999999999998,2017-10-17,Persistence+Trend,3,2017
2017-10-15,2017,10,17.092,16.932,16.389999999999993,2017-10-18,Persistence+Trend,3,2017
2017-10-16,2017,10,17.036,16.896,16.86800000000001,2017-10-19,Persistence+Trend,3,2017
2017-10-17,2017,10,16.998,16.892,16.884,2017-10-20,Persistence+Trend,3,2017
2017-10-18,2017,10,16.932,17.158,16.73399999999999,2017-10-21,Persistence+Trend,3,2017
2017-10-19,2017,10,16.896,17.352,16.788000000000007,2017-10-22,Persistence+Trend,3,2017
2017-10-20,2017,10,16.892,17.182,16.879999999999995,2017-10-23,Persistence+Trend,3,2017
2017-10-21,2017,10,17.158,16.96,17.956000000000007,2017-10-24,Persistence+Trend,3,2017
2017-10-22,2017,10,17.352,16.774,17.933999999999997,2017-10-25,Persistence+Trend,3,2017
2017-10-23,2017,10,17.182,16.676,16.671999999999993,2017-10-26,Persistence+Trend,3,2017
2017-10-24,2017,10,16.96,16.664,16.294000000000008,2017-10-27,Persistence+Trend,3,2017
2017-10-25,2017,10,16.774,16.688,16.216,2017-10-28,Persistence+Trend,3,2017
2017-10-26,2017,10,16.676,16.834,16.38199999999999,2017-10-29,Persistence+Trend,3,2017
2017-10-27,2017,10,16.664,16.932,16.62800000000001,2017-10-30,Persistence+Trend,3,2017
2017-10-28,2017,10,16.688,16.996,16.75999999999999,2017-10-31,Persistence+Trend,3,2017
2017-10-29,2017,10,16.834,16.838,17.272000000000002,2017-11-01,Persistence+Trend,3,2017
2017-10-30,2017,10,16.932,16.544,17.225999999999996,2017-11-02,Persistence+Trend,3,2017
2017-10-31,2017,10,16.996,16.29,17.188,2017-11-03,Persistence+Trend,3,2017
2017-11-01,2017,11,16.838,16.114,16.364000000000008,2017-11-04,Persistence+Trend,3,2017
2017-11-02,2017,11,16.544,15.952,15.661999999999999,2017-11-05,Persistence+Trend,3,2017
2017-11-03,2017,11,16.29,15.828,15.527999999999995,2017-11-06,Persistence+Trend,3,2017
2017-11-04,2017,11,16.114,15.698,15.586000000000006,2017-11-07,Persistence+Trend,3,2017
2017-11-05,2017,11,15.952,15.656,15.465999999999998,2017-11-08,Persistence+Trend,3,2017
2017-11-06,2017,11,15.828,15.432,15.455999999999998,2017-11-09,Persistence+Trend,3,2017
2017-11-07,2017,11,15.698,15.32,15.308000000000003,2017-11-10,Persistence+Trend,3,2017
2017-11-08,2017,11,15.656,15.274,15.530000000000001,2017-11-11,Persistence+Trend,3,2017
2017-11-09,2017,11,15.432,15.268,14.76,2017-11-12,Persistence+Trend,3,2017
2017-11-10,2017,11,15.32,15.216,14.984,2017-11-13,Persistence+Trend,3,2017
2017-11-11,2017,11,15.274,15.152,15.135999999999996,2017-11-14,Persistence+Trend,3,2017
2017-11-12,2017,11,15.268,15.058,15.250000000000005,2017-11-15,Persistence+Trend,3,2017
2017-11-13,2017,11,15.216,15.004,15.059999999999995,2017-11-16,Persistence+Trend,3,2017
2017-11-14,2017,11,15.152,14.92,14.959999999999999,2017-11-17,Persistence+Trend,3,2017
2017-11-15,2017,11,15.058,14.872,14.776000000000002,2017-11-18,Persistence+Trend,3,2017
2017-11-16,2017,11,15.004,14.79,14.841999999999999,2017-11-19,Persistence+Trend,3,2017
2017-11-17,2017,11,14.92,14.736,14.668000000000001,2017-11-20,Persistence+Trend,3,2017
2017-11-18,2017,11,14.872,14.694,14.728,2017-11-21,Persistence+Trend,3,2017
2017-11-19,2017,11,14.79,14.616,14.543999999999997,2017-11-22,Persistence+Trend,3,2017
2017-11-20,2017,11,14.736,14.51,14.574000000000005,2017-11-23,Persistence+Trend,3,2017
2017-11-21,2017,11,14.694,14.412,14.568000000000001,2017-11-24,Persistence+Trend,3,2017
2017-11-22,2017,11,14.616,14.398,14.381999999999996,2017-11-25,Persistence+Trend,3,2017
2017-11-23,2017,11,14.51,14.324,14.192,2017-11-26,Persistence+Trend,3,2017
2017-11-24,2017,11,14.412,14.27,14.118000000000004,2017-11-27,Persistence+Trend,3,2017
2017-11-25,2017,11,14.398,14.27,14.355999999999996,2017-11-28,Persistence+Trend,3,2017
2017-11-26,2017,11,14.324,14.26,14.102,2017-11-29,Persistence+Trend,3,2017
2017-11-27,2017,11,14.27,14.226,14.107999999999999,2017-11-30,Persistence+Trend,3,2017
2017-11-28,2017,11,14.27,14.186,14.27,2017-12-01,Persistence+Trend,3,2017
2017-11-29,2017,11,14.26,14.164,14.23,2017-12-02,Persistence+Trend,3,2017
2017-11-30,2017,11,14.226,14.126,14.124000000000004,2017-12-03,Persistence+Trend,3,2017
2017-12-01,2017,12,14.186,14.104,14.065999999999997,2017-12-04,Persistence+Trend,3,2017
2017-12-02,2017,12,14.164,14.09,14.097999999999999,2017-12-05,Persistence+Trend,3,2017
2017-12-03,2017,12,14.126,14.08,14.011999999999999,2017-12-06,Persistence+Trend,3,2017
2017-12-04,2017,12,14.104,14.07,14.037999999999998,2017-12-07,Persistence+Trend,3,2017
2017-12-05,2017,12,14.09,14.05,14.048000000000002,2017-12-08,Persistence+Trend,3,2017
2017-12-06,2017,12,14.08,14.014,14.05,2017-12-09,Persistence+Trend,3,2017
2017-12-07,2017,12,14.07,13.96,14.040000000000001,2017-12-10,Persistence+Trend,3,2017
2017-12-08,2017,12,14.05,13.95,13.990000000000002,2017-12-11,Persistence+Trend,3,2017
2017-12-09,2017,12,14.014,13.922,13.905999999999995,2017-12-12,Persistence+Trend,3,2017
2017-12-10,2017,12,13.96,13.876,13.798000000000005,2017-12-13,Persistence+Trend,3,2017
2017-12-11,2017,12,13.95,13.844,13.919999999999995,2017-12-14,Persistence+Trend,3,2017
2017-12-12,2017,12,13.922,13.81,13.838000000000005,2017-12-15,Persistence+Trend,3,2017
2017-12-13,2017,12,13.876,13.79,13.737999999999996,2017-12-16,Persistence+Trend,3,2017
2017-12-14,2017,12,13.844,13.764,13.748,2017-12-17,Persistence+Trend,3,2017
2017-12-15,2017,12,13.81,13.732,13.708000000000004,2017-12-18,Persistence+Trend,3,2017
2017-12-16,2017,12,13.79,13.72,13.729999999999995,2017-12-19,Persistence+Trend,3,2017
2017-12-17,2017,12,13.764,13.71,13.686,2017-12-20,Persistence+Trend,3,2017
2017-12-18,2017,12,13.732,13.684,13.636,2017-12-21,Persistence+Trend,3,2017
2017-12-19,2017,12,13.72,13.65,13.684000000000005,2017-12-22,Persistence+Trend,3,2017
2017-12-20,2017,12,13.71,13.62,13.680000000000001,2017-12-23,Persistence+Trend,3,2017
2017-12-21,2017,12,13.684,13.61,13.605999999999995,2017-12-24,Persistence+Trend,3,2017
2017-12-22,2017,12,13.65,13.59,13.548000000000004,2017-12-25,Persistence+Trend,3,2017
2017-12-23,2017,12,13.62,13.554,13.529999999999996,2017-12-26,Persistence+Trend,3,2017
2017-12-24,2017,12,13.61,13.52,13.58,2017-12-27,Persistence+Trend,3,2017
2017-12-25,2017,12,13.59,13.504,13.530000000000001,2017-12-28,Persistence+Trend,3,2017
2017-12-26,2017,12,13.554,13.464,13.446000000000002,2017-12-29,Persistence+Trend,3,2017
2017-12-27,2017,12,13.52,13.45,13.417999999999997,2017-12-30,Persistence+Trend,3,2017
2017-12-28,2017,12,13.504,13.42,13.456,2017-12-31,Persistence+Trend,3,2017
2017-12-29,2017,12,13.464,13.394,13.344000000000003,2018-01-01,Persistence+Trend,3,2017
2017-12-30,2017,12,13.45,13.36,13.407999999999996,2018-01-02,Persistence+Trend,3,2017
2017-12-31,2017,12,13.42,13.34,13.330000000000002,2018-01-03,Persistence+Trend,3,2017
2018-01-01,2018,1,13.394,13.316,13.316,2018-01-04,Persistence+Trend,3,2018
2018-01-02,2018,1,13.36,13.286,13.257999999999997,2018-01-05,Persistence+Trend,3,2018
2018-01-03,2018,1,13.34,13.26,13.280000000000001,2018-01-06,Persistence+Trend,3,2018
2018-01-04,2018,1,13.316,13.234,13.244000000000003,2018-01-07,Persistence+Trend,3,2018
2018-01-05,2018,1,13.286,13.21,13.195999999999996,2018-01-08,Persistence+Trend,3,2018
2018-01-06,2018,1,13.26,13.186,13.182,2018-01-09,Persistence+Trend,3,2018
2018-01-07,2018,1,13.234,13.154,13.156,2018-01-10,Persistence+Trend,3,2018
2018-01-08,2018,1,13.21,13.13,13.138000000000003,2018-01-11,Persistence+Trend,3,2018
2018-01-09,2018,1,13.186,13.13,13.113999999999997,2018-01-12,Persistence+Trend,3,2018
2018-01-10,2018,1,13.154,13.12,13.058,2018-01-13,Persistence+Trend,3,2018
2018-01-11,2018,1,13.13,13.094,13.058000000000003,2018-01-14,Persistence+Trend,3,2018
2018-01-12,2018,1,13.13,13.066,13.13,2018-01-15,Persistence+Trend,3,2018
2018-01-13,2018,1,13.12,13.06,13.089999999999995,2018-01-16,Persistence+Trend,3,2018
2018-01-14,2018,1,13.094,13.05,13.016,2018-01-17,Persistence+Trend,3,2018
2018-01-15,2018,1,13.066,13.03,12.982000000000005,2018-01-18,Persistence+Trend,3,2018
2018-01-16,2018,1,13.06,13.03,13.042,2018-01-19,Persistence+Trend,3,2018
2018-01-17,2018,1,13.05,13.02,13.020000000000001,2018-01-20,Persistence+Trend,3,2018
2018-01-18,2018,1,13.03,12.986,12.969999999999995,2018-01-21,Persistence+Trend,3,2018
2018-01-19,2018,1,13.03,12.938,13.03,2018-01-22,Persistence+Trend,3,2018
2018-01-20,2018,1,13.02,12.92,12.99,2018-01-23,Persistence+Trend,3,2018
2018-01-21,2018,1,12.986,12.92,12.884000000000004,2018-01-24,Persistence+Trend,3,2018
2018-01-22,2018,1,12.938,12.91,12.794,2018-01-25,Persistence+Trend,3,2018
2018-01-23,2018,1,12.92,12.9,12.865999999999998,2018-01-26,Persistence+Trend,3,2018
2018-01-24,2018,1,12.92,12.88,12.92,2018-01-27,Persistence+Trend,3,2018
2018-01-25,2018,1,12.91,12.866,12.88,2018-01-28,Persistence+Trend,3,2018
2018-01-26,2018,1,12.9,12.84,12.870000000000001,2018-01-29,Persistence+Trend,3,2018
2018-01-27,2018,1,12.88,12.82,12.820000000000002,2018-01-30,Persistence+Trend,3,2018
2018-01-28,2018,1,12.866,12.81,12.823999999999996,2018-01-31,Persistence+Trend,3,2018
2018-01-29,2018,1,12.84,12.8,12.762,2018-02-01,Persistence+Trend,3,2018
2018-01-30,2018,1,12.82,12.79,12.760000000000002,2018-02-02,Persistence+Trend,3,2018
2018-01-31,2018,1,12.81,12.79,12.780000000000001,2018-02-03,Persistence+Trend,3,2018
2018-02-01,2018,2,12.8,12.78,12.770000000000001,2018-02-04,Persistence+Trend,3,2018
2018-02-02,2018,2,12.79,12.78,12.759999999999994,2018-02-05,Persistence+Trend,3,2018
2018-02-03,2018,2,12.79,12.77,12.79,2018-02-06,Persistence+Trend,3,2018
2018-02-04,2018,2,12.78,12.75,12.75,2018-02-07,Persistence+Trend,3,2018
2018-02-05,2018,2,12.78,12.73,12.78,2018-02-08,Persistence+Trend,3,2018
2018-02-06,2018,2,12.77,12.71,12.74,2018-02-09,Persistence+Trend,3,2018
2018-02-07,2018,2,12.75,12.7,12.690000000000001,2018-02-10,Persistence+Trend,3,2018
2018-02-08,2018,2,12.73,12.69,12.670000000000002,2018-02-11,Persistence+Trend,3,2018
2018-02-09,2018,2,12.71,12.69,12.650000000000002,2018-02-12,Persistence+Trend,3,2018
2018-02-10,2018,2,12.7,12.68,12.669999999999995,2018-02-13,Persistence+Trend,3,2018
2018-02-11,2018,2,12.69,12.68,12.66,2018-02-14,Persistence+Trend,3,2018
2018-02-12,2018,2,12.69,12.668,12.69,2018-02-15,Persistence+Trend,3,2018
2018-02-13,2018,2,12.68,12.57,12.65,2018-02-16,Persistence+Trend,3,2018
2018-02-14,2018,2,12.68,12.48,12.68,2018-02-17,Persistence+Trend,3,2018
2018-02-15,2018,2,12.668,12.4,12.631999999999998,2018-02-18,Persistence+Trend,3,2018
2018-02-16,2018,2,12.57,12.434,12.276000000000003,2018-02-19,Persistence+Trend,3,2018
2018-02-17,2018,2,12.48,12.44,12.21,2018-02-20,Persistence+Trend,3,2018
2018-02-18,2018,2,12.4,12.42,12.16,2018-02-21,Persistence+Trend,3,2018
2018-02-19,2018,2,12.434,12.398,12.535999999999996,2018-02-22,Persistence+Trend,3,2018
2018-02-20,2018,2,12.44,12.354,12.458,2018-02-23,Persistence+Trend,3,2018
2018-02-21,2018,2,12.42,12.34,12.360000000000001,2018-02-24,Persistence+Trend,3,2018
2018-02-22,2018,2,12.398,12.34,12.331999999999999,2018-02-25,Persistence+Trend,3,2018
2018-02-23,2018,2,12.354,12.34,12.221999999999998,2018-02-26,Persistence+Trend,3,2018
2018-02-24,2018,2,12.34,12.36,12.298000000000002,2018-02-27,Persistence+Trend,3,2018
2018-02-25,2018,2,12.34,12.38,12.34,2018-02-28,Persistence+Trend,3,2018
2018-02-26,2018,2,12.34,12.38,12.34,2018-03-01,Persistence+Trend,3,2018
2018-02-27,2018,2,12.36,12.38,12.419999999999998,2018-03-02,Persistence+Trend,3,2018
2018-02-28,2018,2,12.38,12.37,12.440000000000005,2018-03-03,Persistence+Trend,3,2018
2018-03-01,2018,3,12.38,12.35,12.38,2018-03-04,Persistence+Trend,3,2018
2018-03-02,2018,3,12.38,12.35,12.38,2018-03-05,Persistence+Trend,3,2018
2018-03-03,2018,3,12.37,12.35,12.339999999999995,2018-03-06,Persistence+Trend,3,2018
2018-03-04,2018,3,12.35,12.36,12.290000000000001,2018-03-07,Persistence+Trend,3,2018
2018-03-05,2018,3,12.35,12.372,12.35,2018-03-08,Persistence+Trend,3,2018
2018-03-06,2018,3,12.35,12.406,12.35,2018-03-09,Persistence+Trend,3,2018
2018-03-07,2018,3,12.36,12.41,12.389999999999999,2018-03-10,Persistence+Trend,3,2018
2018-03-08,2018,3,12.372,12.446,12.408000000000001,2018-03-11,Persistence+Trend,3,2018
2018-03-09,2018,3,12.406,12.474,12.508000000000003,2018-03-12,Persistence+Trend,3,2018
2018-03-10,2018,3,12.41,12.626,12.421999999999999,2018-03-13,Persistence+Trend,3,2018
2018-03-11,2018,3,12.446,12.664,12.553999999999998,2018-03-14,Persistence+Trend,3,2018
2018-03-12,2018,3,12.474,12.708,12.558000000000002,2018-03-15,Persistence+Trend,3,2018
2018-03-13,2018,3,12.626,12.734,13.081999999999997,2018-03-16,Persistence+Trend,3,2018
2018-03-14,2018,3,12.664,12.738,12.778,2018-03-17,Persistence+Trend,3,2018
2018-03-15,2018,3,12.708,12.686,12.840000000000002,2018-03-18,Persistence+Trend,3,2018
2018-03-16,2018,3,12.734,12.608,12.812,2018-03-19,Persistence+Trend,3,2018
2018-03-17,2018,3,12.738,12.518,12.749999999999998,2018-03-20,Persistence+Trend,3,2018
2018-03-18,2018,3,12.686,12.484,12.530000000000001,2018-03-21,Persistence+Trend,3,2018
2018-03-19,2018,3,12.608,12.444,12.374000000000002,2018-03-22,Persistence+Trend,3,2018
2018-03-20,2018,3,12.518,12.442,12.248000000000001,2018-03-23,Persistence+Trend,3,2018
2018-03-21,2018,3,12.484,12.478,12.381999999999998,2018-03-24,Persistence+Trend,3,2018
2018-03-22,2018,3,12.444,12.534,12.324000000000003,2018-03-25,Persistence+Trend,3,2018
2018-03-23,2018,3,12.442,12.63,12.435999999999998,2018-03-26,Persistence+Trend,3,2018
2018-03-24,2018,3,12.478,12.738,12.585999999999999,2018-03-27,Persistence+Trend,3,2018
2018-03-25,2018,3,12.534,12.76,12.702000000000004,2018-03-28,Persistence+Trend,3,2018
2018-03-26,2018,3,12.63,12.73,12.918000000000001,2018-03-29,Persistence+Trend,3,2018
2018-03-27,2018,3,12.738,12.734,13.061999999999996,2018-03-30,Persistence+Trend,3,2018
2018-03-28,2018,3,12.76,12.826,12.826,2018-03-31,Persistence+Trend,3,2018
2018-03-29,2018,3,12.73,12.95,12.640000000000002,2018-04-01,Persistence+Trend,3,2018
2018-03-30,2018,3,12.734,13.082,12.745999999999999,2018-04-02,Persistence+Trend,3,2018
2018-03-31,2018,3,12.826,13.124,13.102000000000002,2018-04-03,Persistence+Trend,3,2018
2018-04-01,2018,4,12.95,13.13,13.321999999999996,2018-04-04,Persistence+Trend,3,2018
2018-04-02,2018,4,13.082,13.13,13.478000000000005,2018-04-05,Persistence+Trend,3,2018
2018-04-03,2018,4,13.124,13.11,13.25,2018-04-06,Persistence+Trend,3,2018
2018-04-04,2018,4,13.13,13.084,13.148000000000001,2018-04-07,Persistence+Trend,3,2018
2018-04-05,2018,4,13.13,13.07,13.13,2018-04-08,Persistence+Trend,3,2018
2018-04-06,2018,4,13.11,13.07,13.049999999999995,2018-04-09,Persistence+Trend,3,2018
2018-04-07,2018,4,13.084,13.08,13.006,2018-04-10,Persistence+Trend,3,2018
2018-04-08,2018,4,13.07,13.068,13.028000000000002,2018-04-11,Persistence+Trend,3,2018
2018-04-09,2018,4,13.07,13.06,13.07,2018-04-12,Persistence+Trend,3,2018
2018-04-10,2018,4,13.08,13.088,13.11,2018-04-13,Persistence+Trend,3,2018
2018-04-11,2018,4,13.068,13.18,13.031999999999998,2018-04-14,Persistence+Trend,3,2018
2018-04-12,2018,4,13.06,13.328,13.036000000000003,2018-04-15,Persistence+Trend,3,2018
2018-04-13,2018,4,13.088,13.422,13.171999999999995,2018-04-16,Persistence+Trend,3,2018
2018-04-14,2018,4,13.18,13.462,13.456000000000001,2018-04-17,Persistence+Trend,3,2018
2018-04-15,2018,4,13.328,13.508,13.771999999999998,2018-04-18,Persistence+Trend,3,2018
2018-04-16,2018,4,13.422,13.58,13.704000000000004,2018-04-19,Persistence+Trend,3,2018
2018-04-17,2018,4,13.462,13.838,13.581999999999997,2018-04-20,Persistence+Trend,3,2018
2018-04-18,2018,4,13.508,14.13,13.645999999999997,2018-04-21,Persistence+Trend,3,2018
2018-04-19,2018,4,13.58,14.334,13.796000000000003,2018-04-22,Persistence+Trend,3,2018
2018-04-20,2018,4,13.838,14.368,14.611999999999997,2018-04-23,Persistence+Trend,3,2018
2018-04-21,2018,4,14.13,14.254,15.006000000000006,2018-04-24,Persistence+Trend,3,2018
2018-04-22,2018,4,14.334,14.12,14.945999999999996,2018-04-25,Persistence+Trend,3,2018
2018-04-23,2018,4,14.368,14.052,14.470000000000002,2018-04-26,Persistence+Trend,3,2018
2018-04-24,2018,4,14.254,14.024,13.911999999999997,2018-04-27,Persistence+Trend,3,2018
2018-04-25,2018,4,14.12,14.032,13.717999999999998,2018-04-28,Persistence+Trend,3,2018
2018-04-26,2018,4,14.052,14.128,13.848,2018-04-29,Persistence+Trend,3,2018
2018-04-27,2018,4,14.024,14.306,13.939999999999998,2018-04-30,Persistence+Trend,3,2018
2018-04-28,2018,4,14.032,14.402,14.056000000000003,2018-05-01,Persistence+Trend,3,2018
2018-04-29,2018,4,14.128,14.43,14.416,2018-05-02,Persistence+Trend,3,2018
2018-04-30,2018,4,14.306,14.434,14.839999999999996,2018-05-03,Persistence+Trend,3,2018
2018-05-01,2018,5,14.402,14.296,14.69,2018-05-04,Persistence+Trend,3,2018
2018-05-02,2018,5,14.43,14.228,14.514000000000001,2018-05-05,Persistence+Trend,3,2018
2018-05-03,2018,5,14.434,14.152,14.445999999999998,2018-05-06,Persistence+Trend,3,2018
2018-05-04,2018,5,14.296,14.14,13.882,2018-05-07,Persistence+Trend,3,2018
2018-05-05,2018,5,14.228,14.13,14.024000000000001,2018-05-08,Persistence+Trend,3,2018
2018-05-06,2018,5,14.152,14.166,13.923999999999998,2018-05-09,Persistence+Trend,3,2018
2018-05-07,2018,5,14.14,14.218,14.104000000000005,2018-05-10,Persistence+Trend,3,2018
2018-05-08,2018,5,14.13,14.42,14.100000000000001,2018-05-11,Persistence+Trend,3,2018
2018-05-09,2018,5,14.166,14.546,14.274,2018-05-12,Persistence+Trend,3,2018
2018-05-10,2018,5,14.218,14.56,14.373999999999999,2018-05-13,Persistence+Trend,3,2018
2018-05-11,2018,5,14.42,14.57,15.026,2018-05-14,Persistence+Trend,3,2018
2018-05-12,2018,5,14.546,14.588,14.923999999999998,2018-05-15,Persistence+Trend,3,2018
2018-05-13,2018,5,14.56,14.712,14.602000000000004,2018-05-16,Persistence+Trend,3,2018
2018-05-14,2018,5,14.57,14.972,14.6,2018-05-17,Persistence+Trend,3,2018
2018-05-15,2018,5,14.588,15.076,14.641999999999996,2018-05-18,Persistence+Trend,3,2018
2018-05-16,2018,5,14.712,14.988,15.084000000000001,2018-05-19,Persistence+Trend,3,2018
2018-05-17,2018,5,14.972,14.832,15.751999999999999,2018-05-20,Persistence+Trend,3,2018
2018-05-18,2018,5,15.076,14.72,15.388000000000003,2018-05-21,Persistence+Trend,3,2018
2018-05-19,2018,5,14.988,14.664,14.723999999999997,2018-05-22,Persistence+Trend,3,2018
2018-05-20,2018,5,14.832,14.632,14.364000000000004,2018-05-23,Persistence+Trend,3,2018
2018-05-21,2018,5,14.72,14.572,14.384,2018-05-24,Persistence+Trend,3,2018
2018-05-22,2018,5,14.664,14.564,14.495999999999997,2018-05-25,Persistence+Trend,3,2018
2018-05-23,2018,5,14.632,14.868,14.536,2018-05-26,Persistence+Trend,3,2018
2018-05-24,2018,5,14.572,15.12,14.391999999999998,2018-05-27,Persistence+Trend,3,2018
2018-05-25,2018,5,14.564,15.4,14.540000000000003,2018-05-28,Persistence+Trend,3,2018
2018-05-26,2018,5,14.868,15.656,15.780000000000001,2018-05-29,Persistence+Trend,3,2018
2018-05-27,2018,5,15.12,16.088,15.875999999999996,2018-05-30,Persistence+Trend,3,2018
2018-05-28,2018,5,15.4,16.376,16.240000000000002,2018-05-31,Persistence+Trend,3,2018
2018-05-29,2018,5,15.656,16.568,16.424,2018-06-01,Persistence+Trend,3,2018
2018-05-30,2018,5,16.088,16.72,17.384,2018-06-02,Persistence+Trend,3,2018
2018-05-31,2018,5,16.376,16.856,17.240000000000002,2018-06-03,Persistence+Trend,3,2018
2018-06-01,2018,6,16.568,16.764,17.144000000000002,2018-06-04,Persistence+Trend,3,2018
2018-06-02,2018,6,16.72,16.484,17.17599999999999,2018-06-05,Persistence+Trend,3,2018
2018-06-03,2018,6,16.856,16.262,17.26400000000001,2018-06-06,Persistence+Trend,3,2018
2018-06-04,2018,6,16.764,16.086,16.487999999999992,2018-06-07,Persistence+Trend,3,2018
2018-06-05,2018,6,16.484,15.96,15.644000000000009,2018-06-08,Persistence+Trend,3,2018
2018-06-06,2018,6,16.262,15.844,15.595999999999997,2018-06-09,Persistence+Trend,3,2018
2018-06-07,2018,6,16.086,15.79,15.557999999999993,2018-06-10,Persistence+Trend,3,2018
2018-06-08,2018,6,15.96,15.77,15.582000000000008,2018-06-11,Persistence+Trend,3,2018
2018-06-09,2018,6,15.844,15.77,15.495999999999995,2018-06-12,Persistence+Trend,3,2018
2018-06-10,2018,6,15.79,15.748,15.627999999999998,2018-06-13,Persistence+Trend,3,2018
2018-06-11,2018,6,15.77,15.71,15.71,2018-06-14,Persistence+Trend,3,2018
2018-06-12,2018,6,15.77,15.86,15.77,2018-06-15,Persistence+Trend,3,2018
2018-06-13,2018,6,15.748,16.182,15.681999999999999,2018-06-16,Persistence+Trend,3,2018
2018-06-14,2018,6,15.71,16.462,15.596000000000005,2018-06-17,Persistence+Trend,3,2018
2018-06-15,2018,6,15.86,16.95,16.309999999999995,2018-06-18,Persistence+Trend,3,2018
2018-06-16,2018,6,16.182,17.622,17.147999999999996,2018-06-19,Persistence+Trend,3,2018
2018-06-17,2018,6,16.462,17.992,17.302000000000003,2018-06-20,Persistence+Trend,3,2018
2018-06-18,2018,6,16.95,18.072,18.413999999999998,2018-06-21,Persistence+Trend,3,2018
2018-06-19,2018,6,17.622,18.1,19.638,2018-06-22,Persistence+Trend,3,2018
2018-06-20,2018,6,17.992,18.082,19.102000000000004,2018-06-23,Persistence+Trend,3,2018
2018-06-21,2018,6,18.072,18.018,18.311999999999994,2018-06-24,Persistence+Trend,3,2018
2018-06-22,2018,6,18.1,17.972,18.184000000000008,2018-06-25,Persistence+Trend,3,2018
2018-06-23,2018,6,18.082,18.062,18.028,2018-06-26,Persistence+Trend,3,2018
2018-06-24,2018,6,18.018,18.046,17.826,2018-06-27,Persistence+Trend,3,2018
2018-06-25,2018,6,17.972,17.948,17.834000000000003,2018-06-28,Persistence+Trend,3,2018
2018-06-26,2018,6,18.062,17.852,18.332,2018-06-29,Persistence+Trend,3,2018
2018-06-27,2018,6,18.046,17.804,17.997999999999994,2018-06-30,Persistence+Trend,3,2018
2018-06-28,2018,6,17.948,17.8,17.654000000000003,2018-07-01,Persistence+Trend,3,2018
2018-06-29,2018,6,17.852,18.078,17.564,2018-07-02,Persistence+Trend,3,2018
2018-06-30,2018,6,17.804,18.436,17.659999999999993,2018-07-03,Persistence+Trend,3,2018
2018-07-01,2018,7,17.8,18.504,17.788000000000007,2018-07-04,Persistence+Trend,3,2018
2018-07-02,2018,7,18.078,18.77,18.911999999999995,2018-07-05,Persistence+Trend,3,2018
2018-07-03,2018,7,18.436,19.164,19.51,2018-07-06,Persistence+Trend,3,2018
2018-07-04,2018,7,18.504,19.492,18.708000000000006,2018-07-07,Persistence+Trend,3,2018
2018-07-05,2018,7,18.77,19.494,19.567999999999994,2018-07-08,Persistence+Trend,3,2018
2018-07-06,2018,7,19.164,19.474,20.346000000000007,2018-07-09,Persistence+Trend,3,2018
2018-07-07,2018,7,19.492,19.38,20.476,2018-07-10,Persistence+Trend,3,2018
2018-07-08,2018,7,19.494,19.126,19.499999999999996,2018-07-11,Persistence+Trend,3,2018
2018-07-09,2018,7,19.474,18.892,19.414,2018-07-12,Persistence+Trend,3,2018
2018-07-10,2018,7,19.38,18.74,19.097999999999995,2018-07-13,Persistence+Trend,3,2018
2018-07-11,2018,7,19.126,18.71,18.364000000000008,2018-07-14,Persistence+Trend,3,2018
2018-07-12,2018,7,18.892,18.734,18.189999999999994,2018-07-15,Persistence+Trend,3,2018
2018-07-13,2018,7,18.74,18.8,18.283999999999995,2018-07-16,Persistence+Trend,3,2018
2018-07-14,2018,7,18.71,18.848,18.620000000000008,2018-07-17,Persistence+Trend,3,2018
2018-07-15,2018,7,18.734,18.832,18.806000000000004,2018-07-18,Persistence+Trend,3,2018
2018-07-16,2018,7,18.8,18.758,18.997999999999998,2018-07-19,Persistence+Trend,3,2018
2018-07-17,2018,7,18.848,18.672,18.991999999999994,2018-07-20,Persistence+Trend,3,2018
2018-07-18,2018,7,18.832,18.564,18.784000000000006,2018-07-21,Persistence+Trend,3,2018
2018-07-19,2018,7,18.758,18.48,18.535999999999994,2018-07-22,Persistence+Trend,3,2018
2018-07-20,2018,7,18.672,18.432,18.414000000000005,2018-07-23,Persistence+Trend,3,2018
2018-07-21,2018,7,18.564,18.416,18.24,2018-07-24,Persistence+Trend,3,2018
2018-07-22,2018,7,18.48,18.438,18.228,2018-07-25,Persistence+Trend,3,2018
2018-07-23,2018,7,18.432,18.41,18.287999999999993,2018-07-26,Persistence+Trend,3,2018
2018-07-24,2018,7,18.416,18.4,18.368000000000006,2018-07-27,Persistence+Trend,3,2018
2018-07-25,2018,7,18.438,18.41,18.503999999999994,2018-07-28,Persistence+Trend,3,2018
2018-07-26,2018,7,18.41,18.408,18.326000000000004,2018-07-29,Persistence+Trend,3,2018
2018-07-27,2018,7,18.4,18.39,18.369999999999994,2018-07-30,Persistence+Trend,3,2018
2018-07-28,2018,7,18.41,18.38,18.440000000000005,2018-07-31,Persistence+Trend,3,2018
2018-07-29,2018,7,18.408,18.442,18.402000000000005,2018-08-01,Persistence+Trend,3,2018
2018-07-30,2018,7,18.39,18.652,18.336,2018-08-02,Persistence+Trend,3,2018
2018-07-31,2018,7,18.38,18.936,18.349999999999994,2018-08-03,Persistence+Trend,3,2018
2018-08-01,2018,8,18.442,19.036,18.628000000000004,2018-08-04,Persistence+Trend,3,2018
2018-08-02,2018,8,18.652,19.112,19.282000000000004,2018-08-05,Persistence+Trend,3,2018
2018-08-03,2018,8,18.936,19.13,19.787999999999997,2018-08-06,Persistence+Trend,3,2018
2018-08-04,2018,8,19.036,19.186,19.336000000000006,2018-08-07,Persistence+Trend,3,2018
2018-08-05,2018,8,19.112,19.216,19.33999999999999,2018-08-08,Persistence+Trend,3,2018
2018-08-06,2018,8,19.13,19.184,19.184,2018-08-09,Persistence+Trend,3,2018
2018-08-07,2018,8,19.186,19.06,19.354000000000003,2018-08-10,Persistence+Trend,3,2018
2018-08-08,2018,8,19.216,18.906,19.306000000000004,2018-08-11,Persistence+Trend,3,2018
2018-08-09,2018,8,19.184,18.79,19.088,2018-08-12,Persistence+Trend,3,2018
2018-08-10,2018,8,19.06,18.76,18.68799999999999,2018-08-13,Persistence+Trend,3,2018
2018-08-11,2018,8,18.906,18.762,18.444,2018-08-14,Persistence+Trend,3,2018
2018-08-12,2018,8,18.79,18.83,18.442,2018-08-15,Persistence+Trend,3,2018
2018-08-13,2018,8,18.76,18.85,18.67000000000001,2018-08-16,Persistence+Trend,3,2018
2018-08-14,2018,8,18.762,18.848,18.767999999999997,2018-08-17,Persistence+Trend,3,2018
2018-08-15,2018,8,18.83,18.818,19.033999999999992,2018-08-18,Persistence+Trend,3,2018
2018-08-16,2018,8,18.85,18.738,18.91000000000001,2018-08-19,Persistence+Trend,3,2018
2018-08-17,2018,8,18.848,18.656,18.84199999999999,2018-08-20,Persistence+Trend,3,2018
2018-08-18,2018,8,18.818,18.538,18.72800000000001,2018-08-21,Persistence+Trend,3,2018
2018-08-19,2018,8,18.738,18.41,18.497999999999994,2018-08-22,Persistence+Trend,3,2018
2018-08-20,2018,8,18.656,18.294,18.409999999999997,2018-08-23,Persistence+Trend,3,2018
2018-08-21,2018,8,18.538,18.28,18.184000000000005,2018-08-24,Persistence+Trend,3,2018
2018-08-22,2018,8,18.41,18.26,18.026,2018-08-25,Persistence+Trend,3,2018
2018-08-23,2018,8,18.294,18.26,17.946,2018-08-26,Persistence+Trend,3,2018
2018-08-24,2018,8,18.28,18.27,18.238000000000003,2018-08-27,Persistence+Trend,3,2018
2018-08-25,2018,8,18.26,18.27,18.200000000000003,2018-08-28,Persistence+Trend,3,2018
2018-08-26,2018,8,18.26,18.29,18.26,2018-08-29,Persistence+Trend,3,2018
2018-08-27,2018,8,18.27,18.362,18.299999999999994,2018-08-30,Persistence+Trend,3,2018
2018-08-28,2018,8,18.27,18.474,18.27,2018-08-31,Persistence+Trend,3,2018
2018-08-29,2018,8,18.29,18.63,18.349999999999998,2018-09-01,Persistence+Trend,3,2018
2018-08-30,2018,8,18.362,18.694,18.577999999999996,2018-09-02,Persistence+Trend,3,2018
2018-08-31,2018,8,18.474,18.714,18.810000000000006,2018-09-03,Persistence+Trend,3,2018
2018-09-01,2018,9,18.63,18.854,19.097999999999995,2018-09-04,Persistence+Trend,3,2018
2018-09-02,2018,9,18.694,18.906,18.886,2018-09-05,Persistence+Trend,3,2018
2018-09-03,2018,9,18.714,18.866,18.773999999999997,2018-09-06,Persistence+Trend,3,2018
2018-09-04,2018,9,18.854,18.85,19.274,2018-09-07,Persistence+Trend,3,2018
2018-09-05,2018,9,18.906,18.82,19.061999999999998,2018-09-08,Persistence+Trend,3,2018
2018-09-06,2018,9,18.866,18.73,18.746000000000002,2018-09-09,Persistence+Trend,3,2018
2018-09-07,2018,9,18.85,18.642,18.802000000000007,2018-09-10,Persistence+Trend,3,2018
2018-09-08,2018,9,18.82,18.722,18.729999999999997,2018-09-11,Persistence+Trend,3,2018
2018-09-09,2018,9,18.73,19.06,18.46,2018-09-12,Persistence+Trend,3,2018
2018-09-10,2018,9,18.642,19.256,18.377999999999997,2018-09-13,Persistence+Trend,3,2018
2018-09-11,2018,9,18.722,19.28,18.962000000000007,2018-09-14,Persistence+Trend,3,2018
2018-09-12,2018,9,19.06,19.4,20.07399999999999,2018-09-15,Persistence+Trend,3,2018
2018-09-13,2018,9,19.256,19.504,19.844000000000005,2018-09-16,Persistence+Trend,3,2018
2018-09-14,2018,9,19.28,19.558,19.352000000000004,2018-09-17,Persistence+Trend,3,2018
2018-09-15,2018,9,19.4,19.558,19.75999999999999,2018-09-18,Persistence+Trend,3,2018
2018-09-16,2018,9,19.504,19.586,19.81600000000001,2018-09-19,Persistence+Trend,3,2018
2018-09-17,2018,9,19.558,19.54,19.719999999999995,2018-09-20,Persistence+Trend,3,2018
2018-09-18,2018,9,19.558,19.302,19.558,2018-09-21,Persistence+Trend,3,2018
2018-09-19,2018,9,19.586,19.098,19.669999999999995,2018-09-22,Persistence+Trend,3,2018
2018-09-20,2018,9,19.54,18.694,19.402,2018-09-23,Persistence+Trend,3,2018
2018-09-21,2018,9,19.302,18.364,18.588,2018-09-24,Persistence+Trend,3,2018
2018-09-22,2018,9,19.098,18.082,18.485999999999997,2018-09-25,Persistence+Trend,3,2018
2018-09-23,2018,9,18.694,17.994,17.482,2018-09-26,Persistence+Trend,3,2018
2018-09-24,2018,9,18.364,18.144,17.374000000000006,2018-09-27,Persistence+Trend,3,2018
2018-09-25,2018,9,18.082,18.276,17.236,2018-09-28,Persistence+Trend,3,2018
2018-09-26,2018,9,17.994,18.288,17.729999999999997,2018-09-29,Persistence+Trend,3,2018
2018-09-27,2018,9,18.144,18.182,18.593999999999994,2018-09-30,Persistence+Trend,3,2018
2018-09-28,2018,9,18.276,18.054,18.672000000000004,2018-10-01,Persistence+Trend,3,2018
2018-09-29,2018,9,18.288,17.942,18.324,2018-10-02,Persistence+Trend,3,2018
2018-09-30,2018,9,18.182,17.862,17.863999999999994,2018-10-03,Persistence+Trend,3,2018
2018-10-01,2018,10,18.054,17.782,17.669999999999998,2018-10-04,Persistence+Trend,3,2018
2018-10-02,2018,10,17.942,17.606,17.606000000000005,2018-10-05,Persistence+Trend,3,2018
2018-10-03,2018,10,17.862,17.488,17.621999999999993,2018-10-06,Persistence+Trend,3,2018
2018-10-04,2018,10,17.782,17.344,17.542000000000005,2018-10-07,Persistence+Trend,3,2018
2018-10-05,2018,10,17.606,17.208,17.078000000000007,2018-10-08,Persistence+Trend,3,2018
2018-10-06,2018,10,17.488,17.078,17.133999999999993,2018-10-09,Persistence+Trend,3,2018
2018-10-07,2018,10,17.344,16.894,16.912000000000006,2018-10-10,Persistence+Trend,3,2018
2018-10-08,2018,10,17.208,16.69,16.79999999999999,2018-10-11,Persistence+Trend,3,2018
2018-10-09,2018,10,17.078,16.56,16.688000000000002,2018-10-12,Persistence+Trend,3,2018
2018-10-10,2018,10,16.894,16.41,16.341999999999995,2018-10-13,Persistence+Trend,3,2018
2018-10-11,2018,10,16.69,16.272,16.07800000000001,2018-10-14,Persistence+Trend,3,2018
2018-10-12,2018,10,16.56,16.18,16.16999999999999,2018-10-15,Persistence+Trend,3,2018
2018-10-13,2018,10,16.41,16.074,15.960000000000004,2018-10-16,Persistence+Trend,3,2018
2018-10-14,2018,10,16.272,15.976,15.857999999999993,2018-10-17,Persistence+Trend,3,2018
2018-10-15,2018,10,16.18,15.882,15.904000000000003,2018-10-18,Persistence+Trend,3,2018
2018-10-16,2018,10,16.074,15.872,15.756000000000007,2018-10-19,Persistence+Trend,3,2018
2018-10-17,2018,10,15.976,15.97,15.681999999999999,2018-10-20,Persistence+Trend,3,2018
2018-10-18,2018,10,15.882,16.004,15.599999999999996,2018-10-21,Persistence+Trend,3,2018
2018-10-19,2018,10,15.872,15.892,15.842,2018-10-22,Persistence+Trend,3,2018
2018-10-20,2018,10,15.97,15.73,16.264000000000003,2018-10-23,Persistence+Trend,3,2018
2018-10-21,2018,10,16.004,15.526,16.106,2018-10-24,Persistence+Trend,3,2018
2018-10-22,2018,10,15.892,15.402,15.555999999999994,2018-10-25,Persistence+Trend,3,2018
2018-10-23,2018,10,15.73,15.408,15.244000000000003,2018-10-26,Persistence+Trend,3,2018
2018-10-24,2018,10,15.526,15.406,14.913999999999998,2018-10-27,Persistence+Trend,3,2018
2018-10-25,2018,10,15.402,15.262,15.029999999999998,2018-10-28,Persistence+Trend,3,2018
2018-10-26,2018,10,15.408,15.134,15.426,2018-10-29,Persistence+Trend,3,2018
2018-10-27,2018,10,15.406,15.036,15.400000000000004,2018-10-30,Persistence+Trend,3,2018
2018-10-28,2018,10,15.262,14.956,14.83,2018-10-31,Persistence+Trend,3,2018
2018-10-29,2018,10,15.134,14.87,14.75,2018-11-01,Persistence+Trend,3,2018
2018-10-30,2018,10,15.036,14.81,14.741999999999997,2018-11-02,Persistence+Trend,3,2018
2018-10-31,2018,10,14.956,14.724,14.716,2018-11-03,Persistence+Trend,3,2018
2018-11-01,2018,11,14.87,14.688,14.611999999999998,2018-11-04,Persistence+Trend,3,2018
2018-11-02,2018,11,14.81,14.596,14.630000000000004,2018-11-05,Persistence+Trend,3,2018
2018-11-03,2018,11,14.724,14.514,14.466,2018-11-06,Persistence+Trend,3,2018
2018-11-04,2018,11,14.688,14.494,14.580000000000002,2018-11-07,Persistence+Trend,3,2018
2018-11-05,2018,11,14.596,14.54,14.319999999999999,2018-11-08,Persistence+Trend,3,2018
2018-11-06,2018,11,14.514,14.51,14.267999999999997,2018-11-09,Persistence+Trend,3,2018
2018-11-07,2018,11,14.494,14.472,14.434000000000001,2018-11-10,Persistence+Trend,3,2018
2018-11-08,2018,11,14.54,14.44,14.677999999999997,2018-11-11,Persistence+Trend,3,2018
2018-11-09,2018,11,14.51,14.47,14.420000000000002,2018-11-12,Persistence+Trend,3,2018
2018-11-10,2018,11,14.472,14.5,14.357999999999999,2018-11-13,Persistence+Trend,3,2018
2018-11-11,2018,11,14.44,14.498,14.344,2018-11-14,Persistence+Trend,3,2018
2018-11-12,2018,11,14.47,14.406,14.560000000000004,2018-11-15,Persistence+Trend,3,2018
2018-11-13,2018,11,14.5,14.3,14.589999999999998,2018-11-16,Persistence+Trend,3,2018
2018-11-14,2018,11,14.498,14.238,14.491999999999997,2018-11-17,Persistence+Trend,3,2018
2018-11-15,2018,11,14.406,14.186,14.130000000000004,2018-11-18,Persistence+Trend,3,2018
2018-11-16,2018,11,14.3,14.132,13.982000000000001,2018-11-19,Persistence+Trend,3,2018
2018-11-17,2018,11,14.238,14.078,14.051999999999996,2018-11-20,Persistence+Trend,3,2018
2018-11-18,2018,11,14.186,14.056,14.030000000000001,2018-11-21,Persistence+Trend,3,2018
2018-11-19,2018,11,14.132,14.05,13.969999999999999,2018-11-22,Persistence+Trend,3,2018
2018-11-20,2018,11,14.078,14.072,13.915999999999999,2018-11-23,Persistence+Trend,3,2018
2018-11-21,2018,11,14.056,14.15,13.989999999999998,2018-11-24,Persistence+Trend,3,2018
2018-11-22,2018,11,14.05,14.196,14.032000000000005,2018-11-25,Persistence+Trend,3,2018
2018-11-23,2018,11,14.072,14.154,14.137999999999995,2018-11-26,Persistence+Trend,3,2018
2018-11-24,2018,11,14.15,14.044,14.384000000000004,2018-11-27,Persistence+Trend,3,2018
2018-11-25,2018,11,14.196,13.95,14.333999999999998,2018-11-28,Persistence+Trend,3,2018
2018-11-26,2018,11,14.154,13.88,14.028,2018-11-29,Persistence+Trend,3,2018
2018-11-27,2018,11,14.044,13.84,13.714000000000002,2018-11-30,Persistence+Trend,3,2018
2018-11-28,2018,11,13.95,13.836,13.667999999999996,2018-12-01,Persistence+Trend,3,2018
2018-11-29,2018,11,13.88,13.798,13.670000000000005,2018-12-02,Persistence+Trend,3,2018
2018-11-30,2018,11,13.84,13.746,13.719999999999997,2018-12-03,Persistence+Trend,3,2018
2018-12-01,2018,12,13.836,13.73,13.824000000000002,2018-12-04,Persistence+Trend,3,2018
2018-12-02,2018,12,13.798,13.676,13.684,2018-12-05,Persistence+Trend,3,2018
2018-12-03,2018,12,13.746,13.63,13.590000000000002,2018-12-06,Persistence+Trend,3,2018
2018-12-04,2018,12,13.73,13.58,13.682,2018-12-07,Persistence+Trend,3,2018
2018-12-05,2018,12,13.676,13.57,13.514,2018-12-08,Persistence+Trend,3,2018
2018-12-06,2018,12,13.63,13.522,13.492000000000003,2018-12-09,Persistence+Trend,3,2018
2018-12-07,2018,12,13.58,13.474,13.429999999999998,2018-12-10,Persistence+Trend,3,2018
2018-12-08,2018,12,13.57,13.456,13.540000000000001,2018-12-11,Persistence+Trend,3,2018
2018-12-09,2018,12,13.522,13.418,13.378,2018-12-12,Persistence+Trend,3,2018
2018-12-10,2018,12,13.474,13.372,13.33,2018-12-13,Persistence+Trend,3,2018
2018-12-11,2018,12,13.456,13.34,13.401999999999997,2018-12-14,Persistence+Trend,3,2018
2018-12-12,2018,12,13.418,13.312,13.303999999999998,2018-12-15,Persistence+Trend,3,2018
2018-12-13,2018,12,13.372,13.268,13.234000000000002,2018-12-16,Persistence+Trend,3,2018
2018-12-14,2018,12,13.34,13.246,13.244,2018-12-17,Persistence+Trend,3,2018
2018-12-15,2018,12,13.312,13.21,13.227999999999998,2018-12-18,Persistence+Trend,3,2018
2018-12-16,2018,12,13.268,13.202,13.136000000000005,2018-12-19,Persistence+Trend,3,2018
2018-12-17,2018,12,13.246,13.16,13.18,2018-12-20,Persistence+Trend,3,2018
2018-12-18,2018,12,13.21,13.15,13.102000000000002,2018-12-21,Persistence+Trend,3,2018
2018-12-19,2018,12,13.202,13.15,13.177999999999997,2018-12-22,Persistence+Trend,3,2018
2018-12-20,2018,12,13.16,13.14,13.034,2018-12-23,Persistence+Trend,3,2018
2018-12-21,2018,12,13.15,13.14,13.120000000000001,2018-12-24,Persistence+Trend,3,2018
2018-12-22,2018,12,13.15,13.116,13.15,2018-12-25,Persistence+Trend,3,2018
2018-12-23,2018,12,13.14,13.11,13.110000000000001,2018-12-26,Persistence+Trend,3,2018
2018-12-24,2018,12,13.14,13.11,13.14,2018-12-27,Persistence+Trend,3,2018
2018-12-25,2018,12,13.116,13.11,13.043999999999997,2018-12-28,Persistence+Trend,3,2018
2018-12-26,2018,12,13.11,13.1,13.091999999999999,2018-12-29,Persistence+Trend,3,2018
2018-12-27,2018,12,13.11,13.08,13.11,2018-12-30,Persistence+Trend,3,2018
2018-12-28,2018,12,13.11,13.02,13.11,2018-12-31,Persistence+Trend,3,2018
2018-12-29,2018,12,13.1,12.982,13.07,2019-01-01,Persistence+Trend,3,2018
2018-12-30,2018,12,13.08,12.934,13.020000000000001,2019-01-02,Persistence+Trend,3,2018
2018-12-31,2018,12,13.02,12.92,12.839999999999998,2019-01-03,Persistence+Trend,3,2018
2019-01-01,2019,1,12.982,12.902,12.867999999999999,2019-01-04,Persistence+Trend,3,2019
2019-01-02,2019,1,12.934,12.88,12.79,2019-01-05,Persistence+Trend,3,2019
2019-01-03,2019,1,12.92,12.844,12.878000000000002,2019-01-06,Persistence+Trend,3,2019
2019-01-04,2019,1,12.902,12.814,12.847999999999997,2019-01-07,Persistence+Trend,3,2019
2019-01-05,2019,1,12.88,12.786,12.814000000000005,2019-01-08,Persistence+Trend,3,2019
2019-01-06,2019,1,12.844,12.764,12.735999999999995,2019-01-09,Persistence+Trend,3,2019
2019-01-07,2019,1,12.814,12.736,12.724000000000002,2019-01-10,Persistence+Trend,3,2019
2019-01-08,2019,1,12.786,12.72,12.701999999999998,2019-01-11,Persistence+Trend,3,2019
2019-01-09,2019,1,12.764,12.704,12.697999999999999,2019-01-12,Persistence+Trend,3,2019
2019-01-10,2019,1,12.736,12.676,12.652000000000005,2019-01-13,Persistence+Trend,3,2019
2019-01-11,2019,1,12.72,12.654,12.672,2019-01-14,Persistence+Trend,3,2019
2019-01-12,2019,1,12.704,12.636,12.656,2019-01-15,Persistence+Trend,3,2019
2019-01-13,2019,1,12.676,12.604,12.591999999999999,2019-01-16,Persistence+Trend,3,2019
2019-01-14,2019,1,12.654,12.594,12.588,2019-01-17,Persistence+Trend,3,2019
2019-01-15,2019,1,12.636,12.574,12.581999999999997,2019-01-18,Persistence+Trend,3,2019
2019-01-16,2019,1,12.604,12.57,12.508,2019-01-19,Persistence+Trend,3,2019
2019-01-17,2019,1,12.594,12.542,12.564,2019-01-20,Persistence+Trend,3,2019
2019-01-18,2019,1,12.574,12.504,12.514000000000001,2019-01-21,Persistence+Trend,3,2019
2019-01-19,2019,1,12.57,12.486,12.558000000000002,2019-01-22,Persistence+Trend,3,2019
2019-01-20,2019,1,12.542,12.456,12.457999999999998,2019-01-23,Persistence+Trend,3,2019
2019-01-21,2019,1,12.504,12.436,12.389999999999999,2019-01-24,Persistence+Trend,3,2019
2019-01-22,2019,1,12.486,12.408,12.432000000000004,2019-01-25,Persistence+Trend,3,2019
2019-01-23,2019,1,12.456,12.364,12.365999999999996,2019-01-26,Persistence+Trend,3,2019
2019-01-24,2019,1,12.436,12.352,12.376000000000001,2019-01-27,Persistence+Trend,3,2019
2019-01-25,2019,1,12.408,12.35,12.323999999999998,2019-01-28,Persistence+Trend,3,2019
2019-01-26,2019,1,12.364,12.344,12.232000000000005,2019-01-29,Persistence+Trend,3,2019
2019-01-27,2019,1,12.352,12.326,12.315999999999999,2019-01-30,Persistence+Trend,3,2019
2019-01-28,2019,1,12.35,12.32,12.343999999999998,2019-01-31,Persistence+Trend,3,2019
2019-01-29,2019,1,12.344,12.304,12.325999999999999,2019-02-01,Persistence+Trend,3,2019
2019-01-30,2019,1,12.326,12.276,12.272000000000004,2019-02-02,Persistence+Trend,3,2019
2019-01-31,2019,1,12.32,12.264,12.302,2019-02-03,Persistence+Trend,3,2019
2019-02-01,2019,2,12.304,12.26,12.256,2019-02-04,Persistence+Trend,3,2019
2019-02-02,2019,2,12.276,12.246,12.191999999999998,2019-02-05,Persistence+Trend,3,2019
2019-02-03,2019,2,12.264,12.234,12.227999999999998,2019-02-06,Persistence+Trend,3,2019
2019-02-04,2019,2,12.26,12.228,12.248000000000001,2019-02-07,Persistence+Trend,3,2019
2019-02-05,2019,2,12.246,12.21,12.204000000000002,2019-02-08,Persistence+Trend,3,2019
2019-02-06,2019,2,12.234,12.208,12.197999999999999,2019-02-09,Persistence+Trend,3,2019
2019-02-07,2019,2,12.228,12.186,12.209999999999999,2019-02-10,Persistence+Trend,3,2019
2019-02-08,2019,2,12.21,12.174,12.156000000000004,2019-02-11,Persistence+Trend,3,2019
2019-02-09,2019,2,12.208,12.166,12.201999999999998,2019-02-12,Persistence+Trend,3,2019
2019-02-10,2019,2,12.186,12.15,12.12,2019-02-13,Persistence+Trend,3,2019
2019-02-11,2019,2,12.174,12.146,12.137999999999998,2019-02-14,Persistence+Trend,3,2019
2019-02-12,2019,2,12.166,12.142,12.142000000000003,2019-02-15,Persistence+Trend,3,2019
2019-02-13,2019,2,12.15,12.13,12.102,2019-02-16,Persistence+Trend,3,2019
2019-02-14,2019,2,12.146,12.12,12.134000000000002,2019-02-17,Persistence+Trend,3,2019
2019-02-15,2019,2,12.142,12.12,12.129999999999995,2019-02-18,Persistence+Trend,3,2019
2019-02-16,2019,2,12.13,12.12,12.094000000000005,2019-02-19,Persistence+Trend,3,2019
2019-02-17,2019,2,12.12,12.156,12.089999999999995,2019-02-20,Persistence+Trend,3,2019
2019-02-18,2019,2,12.12,12.17,12.12,2019-02-21,Persistence+Trend,3,2019
2019-02-19,2019,2,12.12,12.156,12.12,2019-02-22,Persistence+Trend,3,2019
2019-02-20,2019,2,12.156,12.14,12.264000000000005,2019-02-23,Persistence+Trend,3,2019
2019-02-21,2019,2,12.17,12.144,12.211999999999998,2019-02-24,Persistence+Trend,3,2019
2019-02-22,2019,2,12.156,12.144,12.114000000000003,2019-02-25,Persistence+Trend,3,2019
2019-02-23,2019,2,12.14,12.162,12.092,2019-02-26,Persistence+Trend,3,2019
2019-02-24,2019,2,12.144,12.212,12.155999999999999,2019-02-27,Persistence+Trend,3,2019
2019-02-25,2019,2,12.144,12.286,12.144,2019-02-28,Persistence+Trend,3,2019
2019-02-26,2019,2,12.162,12.31,12.216000000000003,2019-03-01,Persistence+Trend,3,2019
2019-02-27,2019,2,12.212,12.28,12.361999999999997,2019-03-02,Persistence+Trend,3,2019
2019-02-28,2019,2,12.286,12.26,12.508,2019-03-03,Persistence+Trend,3,2019
2019-03-01,2019,3,12.31,12.26,12.382000000000003,2019-03-04,Persistence+Trend,3,2019
2019-03-02,2019,3,12.28,12.27,12.189999999999996,2019-03-05,Persistence+Trend,3,2019
2019-03-03,2019,3,12.26,12.38,12.200000000000001,2019-03-06,Persistence+Trend,3,2019
2019-03-04,2019,3,12.26,12.5,12.26,2019-03-07,Persistence+Trend,3,2019
2019-03-05,2019,3,12.27,12.6,12.299999999999999,2019-03-08,Persistence+Trend,3,2019
2019-03-06,2019,3,12.38,12.66,12.710000000000004,2019-03-09,Persistence+Trend,3,2019
2019-03-07,2019,3,12.5,12.69,12.859999999999998,2019-03-10,Persistence+Trend,3,2019
2019-03-08,2019,3,12.6,12.65,12.899999999999999,2019-03-11,Persistence+Trend,3,2019
2019-03-09,2019,3,12.66,12.6,12.840000000000002,2019-03-12,Persistence+Trend,3,2019
2019-03-10,2019,3,12.69,12.57,12.779999999999998,2019-03-13,Persistence+Trend,3,2019
2019-03-11,2019,3,12.65,12.56,12.530000000000003,2019-03-14,Persistence+Trend,3,2019
2019-03-12,2019,3,12.6,12.56,12.449999999999998,2019-03-15,Persistence+Trend,3,2019
2019-03-13,2019,3,12.57,12.55,12.480000000000002,2019-03-16,Persistence+Trend,3,2019
2019-03-14,2019,3,12.56,12.53,12.530000000000001,2019-03-17,Persistence+Trend,3,2019
2019-03-15,2019,3,12.56,12.51,12.56,2019-03-18,Persistence+Trend,3,2019
2019-03-16,2019,3,12.55,12.47,12.520000000000001,2019-03-19,Persistence+Trend,3,2019
2019-03-17,2019,3,12.53,12.44,12.469999999999995,2019-03-20,Persistence+Trend,3,2019
2019-03-18,2019,3,12.51,12.42,12.450000000000001,2019-03-21,Persistence+Trend,3,2019
2019-03-19,2019,3,12.47,12.42,12.350000000000003,2019-03-22,Persistence+Trend,3,2019
2019-03-20,2019,3,12.44,12.414,12.349999999999996,2019-03-23,Persistence+Trend,3,2019
2019-03-21,2019,3,12.42,12.502,12.360000000000001,2019-03-24,Persistence+Trend,3,2019
2019-03-22,2019,3,12.42,12.648,12.42,2019-03-25,Persistence+Trend,3,2019
2019-03-23,2019,3,12.414,12.748,12.395999999999999,2019-03-26,Persistence+Trend,3,2019
2019-03-24,2019,3,12.502,12.808,12.766000000000004,2019-03-27,Persistence+Trend,3,2019
2019-03-25,2019,3,12.648,12.81,13.085999999999997,2019-03-28,Persistence+Trend,3,2019
2019-03-26,2019,3,12.748,12.814,13.047999999999998,2019-03-29,Persistence+Trend,3,2019
2019-03-27,2019,3,12.808,12.842,12.988000000000001,2019-03-30,Persistence+Trend,3,2019
2019-03-28,2019,3,12.81,12.796,12.816000000000003,2019-03-31,Persistence+Trend,3,2019
2019-03-29,2019,3,12.814,12.79,12.825999999999999,2019-04-01,Persistence+Trend,3,2019
2019-03-30,2019,3,12.842,12.836,12.926000000000002,2019-04-02,Persistence+Trend,3,2019
2019-03-31,2019,3,12.796,12.878,12.657999999999996,2019-04-03,Persistence+Trend,3,2019
2019-04-01,2019,4,12.79,12.946,12.771999999999998,2019-04-04,Persistence+Trend,3,2019
2019-04-02,2019,4,12.836,12.988,12.974000000000004,2019-04-05,Persistence+Trend,3,2019
2019-04-03,2019,4,12.878,12.99,13.004,2019-04-06,Persistence+Trend,3,2019
2019-04-04,2019,4,12.946,13.034,13.149999999999999,2019-04-07,Persistence+Trend,3,2019
2019-04-05,2019,4,12.988,13.046,13.113999999999999,2019-04-08,Persistence+Trend,3,2019
2019-04-06,2019,4,12.99,13.158,12.996000000000002,2019-04-09,Persistence+Trend,3,2019
2019-04-07,2019,4,13.034,13.33,13.166000000000002,2019-04-10,Persistence+Trend,3,2019
2019-04-08,2019,4,13.046,13.458,13.081999999999995,2019-04-11,Persistence+Trend,3,2019
2019-04-09,2019,4,13.158,13.464,13.494,2019-04-12,Persistence+Trend,3,2019
2019-04-10,2019,4,13.33,13.394,13.846000000000002,2019-04-13,Persistence+Trend,3,2019
2019-04-11,2019,4,13.458,13.32,13.842,2019-04-14,Persistence+Trend,3,2019
2019-04-12,2019,4,13.464,13.294,13.482000000000001,2019-04-15,Persistence+Trend,3,2019
2019-04-13,2019,4,13.394,13.292,13.184,2019-04-16,Persistence+Trend,3,2019
2019-04-14,2019,4,13.32,13.348,13.098,2019-04-17,Persistence+Trend,3,2019
2019-04-15,2019,4,13.294,13.352,13.216000000000001,2019-04-18,Persistence+Trend,3,2019
2019-04-16,2019,4,13.292,13.362,13.285999999999998,2019-04-19,Persistence+Trend,3,2019
2019-04-17,2019,4,13.348,13.4,13.516000000000004,2019-04-20,Persistence+Trend,3,2019
2019-04-18,2019,4,13.352,13.462,13.363999999999999,2019-04-21,Persistence+Trend,3,2019
2019-04-19,2019,4,13.362,13.514,13.392,2019-04-22,Persistence+Trend,3,2019
2019-04-20,2019,4,13.4,13.54,13.514000000000001,2019-04-23,Persistence+Trend,3,2019
2019-04-21,2019,4,13.462,13.562,13.647999999999998,2019-04-24,Persistence+Trend,3,2019
2019-04-22,2019,4,13.514,13.628,13.669999999999998,2019-04-25,Persistence+Trend,3,2019
2019-04-23,2019,4,13.54,13.786,13.617999999999999,2019-04-26,Persistence+Trend,3,2019
2019-04-24,2019,4,13.562,13.992,13.628,2019-04-27,Persistence+Trend,3,2019
2019-04-25,2019,4,13.628,13.92,13.826000000000002,2019-04-28,Persistence+Trend,3,2019
2019-04-26,2019,4,13.786,13.904,14.259999999999998,2019-04-29,Persistence+Trend,3,2019
2019-04-27,2019,4,13.992,13.862,14.610000000000005,2019-04-30,Persistence+Trend,3,2019
2019-04-28,2019,4,13.92,13.824,13.703999999999997,2019-05-01,Persistence+Trend,3,2019
2019-04-29,2019,4,13.904,13.908,13.856,2019-05-02,Persistence+Trend,3,2019
2019-04-30,2019,4,13.862,14.162,13.736,2019-05-03,Persistence+Trend,3,2019
2019-05-01,2019,5,13.824,14.46,13.709999999999999,2019-05-04,Persistence+Trend,3,2019
2019-05-02,2019,5,13.908,14.72,14.159999999999998,2019-05-05,Persistence+Trend,3,2019
2019-05-03,2019,5,14.162,15.0,14.924000000000005,2019-05-06,Persistence+Trend,3,2019
2019-05-04,2019,5,14.46,15.5,15.354000000000001,2019-05-07,Persistence+Trend,3,2019
2019-05-05,2019,5,14.72,15.932,15.5,2019-05-08,Persistence+Trend,3,2019
2019-05-06,2019,5,15.0,16.124,15.839999999999998,2019-05-09,Persistence+Trend,3,2019
2019-05-07,2019,5,15.5,16.268,17.0,2019-05-10,Persistence+Trend,3,2019
2019-05-08,2019,5,15.932,16.364,17.228,2019-05-11,Persistence+Trend,3,2019
2019-05-09,2019,5,16.124,16.478,16.699999999999996,2019-05-12,Persistence+Trend,3,2019
2019-05-10,2019,5,16.268,16.496,16.700000000000006,2019-05-13,Persistence+Trend,3,2019
2019-05-11,2019,5,16.364,16.356,16.652,2019-05-14,Persistence+Trend,3,2019
2019-05-12,2019,5,16.478,16.252,16.820000000000004,2019-05-15,Persistence+Trend,3,2019
2019-05-13,2019,5,16.496,16.37,16.54999999999999,2019-05-16,Persistence+Trend,3,2019
2019-05-14,2019,5,16.356,16.72,15.93600000000001,2019-05-17,Persistence+Trend,3,2019
2019-05-15,2019,5,16.252,17.118,15.93999999999999,2019-05-18,Persistence+Trend,3,2019
2019-05-16,2019,5,16.37,17.306,16.724000000000007,2019-05-19,Persistence+Trend,3,2019
2019-05-17,2019,5,16.72,17.172,17.769999999999992,2019-05-20,Persistence+Trend,3,2019
2019-05-18,2019,5,17.118,16.902,18.311999999999998,2019-05-21,Persistence+Trend,3,2019
2019-05-19,2019,5,17.306,16.704,17.870000000000008,2019-05-22,Persistence+Trend,3,2019
2019-05-20,2019,5,17.172,16.56,16.77,2019-05-23,Persistence+Trend,3,2019
2019-05-21,2019,5,16.902,16.438,16.092000000000002,2019-05-24,Persistence+Trend,3,2019
2019-05-22,2019,5,16.704,16.476,16.11,2019-05-25,Persistence+Trend,3,2019
2019-05-23,2019,5,16.56,16.62,16.127999999999993,2019-05-26,Persistence+Trend,3,2019
2019-05-24,2019,5,16.438,16.742,16.072,2019-05-27,Persistence+Trend,3,2019
2019-05-25,2019,5,16.476,16.706,16.59,2019-05-28,Persistence+Trend,3,2019
2019-05-26,2019,5,16.62,16.64,17.052000000000007,2019-05-29,Persistence+Trend,3,2019
2019-05-27,2019,5,16.742,16.544,17.108,2019-05-30,Persistence+Trend,3,2019
2019-05-28,2019,5,16.706,16.56,16.597999999999995,2019-05-31,Persistence+Trend,3,2019
2019-05-29,2019,5,16.64,16.58,16.442000000000004,2019-06-01,Persistence+Trend,3,2019
2019-05-30,2019,5,16.544,16.576,16.256,2019-06-02,Persistence+Trend,3,2019
2019-05-31,2019,5,16.56,16.548,16.607999999999993,2019-06-03,Persistence+Trend,3,2019
2019-06-01,2019,6,16.58,16.422,16.639999999999997,2019-06-04,Persistence+Trend,3,2019
2019-06-02,2019,6,16.576,16.222,16.564000000000007,2019-06-05,Persistence+Trend,3,2019
2019-06-03,2019,6,16.548,16.152,16.46399999999999,2019-06-06,Persistence+Trend,3,2019
2019-06-04,2019,6,16.422,16.03,16.044000000000008,2019-06-07,Persistence+Trend,3,2019
2019-06-05,2019,6,16.222,15.9,15.622000000000003,2019-06-08,Persistence+Trend,3,2019
2019-06-06,2019,6,16.152,15.832,15.942,2019-06-09,Persistence+Trend,3,2019
2019-06-07,2019,6,16.03,15.784,15.664000000000001,2019-06-10,Persistence+Trend,3,2019
2019-06-08,2019,6,15.9,15.89,15.509999999999998,2019-06-11,Persistence+Trend,3,2019
2019-06-09,2019,6,15.832,15.942,15.628000000000002,2019-06-12,Persistence+Trend,3,2019
2019-06-10,2019,6,15.784,15.982,15.64,2019-06-13,Persistence+Trend,3,2019
2019-06-11,2019,6,15.89,16.136,16.208,2019-06-14,Persistence+Trend,3,2019
2019-06-12,2019,6,15.942,16.408,16.098,2019-06-15,Persistence+Trend,3,2019
2019-06-13,2019,6,15.982,16.744,16.101999999999997,2019-06-16,Persistence+Trend,3,2019
2019-06-14,2019,6,16.136,16.956,16.598,2019-06-17,Persistence+Trend,3,2019
2019-06-15,2019,6,16.408,16.99,17.224000000000007,2019-06-18,Persistence+Trend,3,2019
2019-06-16,2019,6,16.744,17.012,17.751999999999995,2019-06-19,Persistence+Trend,3,2019
2019-06-17,2019,6,16.956,17.15,17.592,2019-06-20,Persistence+Trend,3,2019
2019-06-18,2019,6,16.99,17.032,17.091999999999995,2019-06-21,Persistence+Trend,3,2019
2019-06-19,2019,6,17.012,17.266,17.078000000000007,2019-06-22,Persistence+Trend,3,2019
2019-06-20,2019,6,17.15,17.604,17.563999999999993,2019-06-23,Persistence+Trend,3,2019
2019-06-21,2019,6,17.032,17.718,16.678000000000004,2019-06-24,Persistence+Trend,3,2019
2019-06-22,2019,6,17.266,17.672,17.967999999999993,2019-06-25,Persistence+Trend,3,2019
2019-06-23,2019,6,17.604,17.522,18.618000000000002,2019-06-26,Persistence+Trend,3,2019
2019-06-24,2019,6,17.718,17.914,18.060000000000002,2019-06-27,Persistence+Trend,3,2019
2019-06-25,2019,6,17.672,18.242,17.534000000000002,2019-06-28,Persistence+Trend,3,2019
2019-06-26,2019,6,17.522,18.308,17.071999999999992,2019-06-29,Persistence+Trend,3,2019
2019-06-27,2019,6,17.914,18.404,19.09000000000001,2019-06-30,Persistence+Trend,3,2019
2019-06-28,2019,6,18.242,18.428,19.226,2019-07-01,Persistence+Trend,3,2019
2019-06-29,2019,6,18.308,18.54,18.505999999999997,2019-07-02,Persistence+Trend,3,2019
2019-06-30,2019,6,18.404,18.66,18.692,2019-07-03,Persistence+Trend,3,2019
2019-07-01,2019,7,18.428,18.656,18.500000000000004,2019-07-04,Persistence+Trend,3,2019
2019-07-02,2019,7,18.54,18.486,18.875999999999994,2019-07-05,Persistence+Trend,3,2019
2019-07-03,2019,7,18.66,18.284,19.020000000000003,2019-07-06,Persistence+Trend,3,2019
2019-07-04,2019,7,18.656,18.162,18.643999999999995,2019-07-07,Persistence+Trend,3,2019
2019-07-05,2019,7,18.486,18.224,17.976000000000006,2019-07-08,Persistence+Trend,3,2019
2019-07-06,2019,7,18.284,18.354,17.677999999999994,2019-07-09,Persistence+Trend,3,2019
2019-07-07,2019,7,18.162,18.658,17.796,2019-07-10,Persistence+Trend,3,2019
2019-07-08,2019,7,18.224,18.998,18.410000000000004,2019-07-11,Persistence+Trend,3,2019
2019-07-09,2019,7,18.354,19.434,18.743999999999996,2019-07-12,Persistence+Trend,3,2019
2019-07-10,2019,7,18.658,19.956,19.570000000000007,2019-07-13,Persistence+Trend,3,2019
2019-07-11,2019,7,18.998,20.352,20.018,2019-07-14,Persistence+Trend,3,2019
2019-07-12,2019,7,19.434,20.718,20.742,2019-07-15,Persistence+Trend,3,2019
2019-07-13,2019,7,19.956,20.918,21.521999999999995,2019-07-16,Persistence+Trend,3,2019
2019-07-14,2019,7,20.352,21.108,21.540000000000003,2019-07-17,Persistence+Trend,3,2019
2019-07-15,2019,7,20.718,21.156,21.816,2019-07-18,Persistence+Trend,3,2019
2019-07-16,2019,7,20.918,21.07,21.517999999999997,2019-07-19,Persistence+Trend,3,2019
2019-07-17,2019,7,21.108,20.834,21.678000000000004,2019-07-20,Persistence+Trend,3,2019
2019-07-18,2019,7,21.156,20.548,21.299999999999994,2019-07-21,Persistence+Trend,3,2019
2019-07-19,2019,7,21.07,20.16,20.812000000000005,2019-07-22,Persistence+Trend,3,2019
2019-07-20,2019,7,20.834,19.898,20.125999999999998,2019-07-23,Persistence+Trend,3,2019
2019-07-21,2019,7,20.548,19.872,19.689999999999994,2019-07-24,Persistence+Trend,3,2019
2019-07-22,2019,7,20.16,19.988,18.996000000000006,2019-07-25,Persistence+Trend,3,2019
2019-07-23,2019,7,19.898,20.028,19.112,2019-07-26,Persistence+Trend,3,2019
2019-07-24,2019,7,19.872,19.842,19.794,2019-07-27,Persistence+Trend,3,2019
2019-07-25,2019,7,19.988,19.682,20.336,2019-07-28,Persistence+Trend,3,2019
2019-07-26,2019,7,20.028,19.574,20.147999999999996,2019-07-29,Persistence+Trend,3,2019
2019-07-27,2019,7,19.842,19.458,19.284,2019-07-30,Persistence+Trend,3,2019
2019-07-28,2019,7,19.682,19.27,19.201999999999998,2019-07-31,Persistence+Trend,3,2019
2019-07-29,2019,7,19.574,19.074,19.25000000000001,2019-08-01,Persistence+Trend,3,2019
2019-07-30,2019,7,19.458,18.96,19.10999999999999,2019-08-02,Persistence+Trend,3,2019
2019-07-31,2019,7,19.27,18.936,18.706000000000003,2019-08-03,Persistence+Trend,3,2019
2019-08-01,2019,8,19.074,18.932,18.486000000000008,2019-08-04,Persistence+Trend,3,2019
2019-08-02,2019,8,18.96,18.924,18.618,2019-08-05,Persistence+Trend,3,2019
2019-08-03,2019,8,18.936,18.916,18.863999999999997,2019-08-06,Persistence+Trend,3,2019
2019-08-04,2019,8,18.932,18.872,18.919999999999995,2019-08-07,Persistence+Trend,3,2019
2019-08-05,2019,8,18.924,18.832,18.900000000000002,2019-08-08,Persistence+Trend,3,2019
2019-08-06,2019,8,18.916,18.76,18.892000000000003,2019-08-09,Persistence+Trend,3,2019
2019-08-07,2019,8,18.872,18.718,18.74,2019-08-10,Persistence+Trend,3,2019
2019-08-08,2019,8,18.832,18.65,18.712000000000003,2019-08-11,Persistence+Trend,3,2019
2019-08-09,2019,8,18.76,18.512,18.544000000000004,2019-08-12,Persistence+Trend,3,2019
2019-08-10,2019,8,18.718,18.456,18.591999999999995,2019-08-13,Persistence+Trend,3,2019
2019-08-11,2019,8,18.65,18.366,18.445999999999994,2019-08-14,Persistence+Trend,3,2019
2019-08-12,2019,8,18.512,18.306,18.098000000000006,2019-08-15,Persistence+Trend,3,2019
2019-08-13,2019,8,18.456,18.292,18.287999999999997,2019-08-16,Persistence+Trend,3,2019
2019-08-14,2019,8,18.366,18.188,18.096,2019-08-17,Persistence+Trend,3,2019
2019-08-15,2019,8,18.306,18.132,18.126000000000005,2019-08-18,Persistence+Trend,3,2019
2019-08-16,2019,8,18.292,18.138,18.250000000000004,2019-08-19,Persistence+Trend,3,2019
2019-08-17,2019,8,18.188,18.108,17.87599999999999,2019-08-20,Persistence+Trend,3,2019
2019-08-18,2019,8,18.132,18.036,17.96400000000001,2019-08-21,Persistence+Trend,3,2019
2019-08-19,2019,8,18.138,17.972,18.156000000000002,2019-08-22,Persistence+Trend,3,2019
2019-08-20,2019,8,18.108,17.832,18.017999999999997,2019-08-23,Persistence+Trend,3,2019
2019-08-21,2019,8,18.036,17.728,17.820000000000004,2019-08-24,Persistence+Trend,3,2019
2019-08-22,2019,8,17.972,17.62,17.78,2019-08-25,Persistence+Trend,3,2019
2019-08-23,2019,8,17.832,17.682,17.412,2019-08-26,Persistence+Trend,3,2019
2019-08-24,2019,8,17.728,17.58,17.416000000000004,2019-08-27,Persistence+Trend,3,2019
2019-08-25,2019,8,17.62,17.418,17.296,2019-08-28,Persistence+Trend,3,2019
2019-08-26,2019,8,17.682,17.314,17.86799999999999,2019-08-29,Persistence+Trend,3,2019
2019-08-27,2019,8,17.58,17.15,17.273999999999997,2019-08-30,Persistence+Trend,3,2019
2019-08-28,2019,8,17.418,16.992,16.932000000000002,2019-08-31,Persistence+Trend,3,2019
2019-08-29,2019,8,17.314,16.926,17.002000000000002,2019-09-01,Persistence+Trend,3,2019
2019-08-30,2019,8,17.15,16.916,16.657999999999994,2019-09-02,Persistence+Trend,3,2019
2019-08-31,2019,8,16.992,16.888,16.518000000000008,2019-09-03,Persistence+Trend,3,2019
2019-09-01,2019,9,16.926,16.816,16.72799999999999,2019-09-04,Persistence+Trend,3,2019
2019-09-02,2019,9,16.916,16.794,16.886000000000006,2019-09-05,Persistence+Trend,3,2019
2019-09-03,2019,9,16.888,16.848,16.804000000000006,2019-09-06,Persistence+Trend,3,2019
2019-09-04,2019,9,16.816,16.85,16.59999999999999,2019-09-07,Persistence+Trend,3,2019
2019-09-05,2019,9,16.794,16.852,16.728000000000005,2019-09-08,Persistence+Trend,3,2019
2019-09-06,2019,9,16.848,16.93,17.009999999999994,2019-09-09,Persistence+Trend,3,2019
2019-09-07,2019,9,16.85,16.982,16.85600000000001,2019-09-10,Persistence+Trend,3,2019
2019-09-08,2019,9,16.852,17.002,16.857999999999997,2019-09-11,Persistence+Trend,3,2019
2019-09-09,2019,9,16.93,17.028,17.163999999999998,2019-09-12,Persistence+Trend,3,2019
2019-09-10,2019,9,16.982,17.14,17.137999999999998,2019-09-13,Persistence+Trend,3,2019
2019-09-11,2019,9,17.002,17.408,17.061999999999998,2019-09-14,Persistence+Trend,3,2019
2019-09-12,2019,9,17.028,17.814,17.105999999999998,2019-09-15,Persistence+Trend,3,2019
2019-09-13,2019,9,17.14,18.138,17.476000000000006,2019-09-16,Persistence+Trend,3,2019
2019-09-14,2019,9,17.408,18.27,18.212000000000003,2019-09-17,Persistence+Trend,3,2019
2019-09-15,2019,9,17.814,18.372,19.031999999999996,2019-09-18,Persistence+Trend,3,2019
2019-09-16,2019,9,18.138,18.598,19.110000000000007,2019-09-19,Persistence+Trend,3,2019
2019-09-17,2019,9,18.27,18.67,18.665999999999993,2019-09-20,Persistence+Trend,3,2019
2019-09-18,2019,9,18.372,18.716,18.678,2019-09-21,Persistence+Trend,3,2019
2019-09-19,2019,9,18.598,18.778,19.275999999999996,2019-09-22,Persistence+Trend,3,2019
2019-09-20,2019,9,18.67,18.808,18.88600000000001,2019-09-23,Persistence+Trend,3,2019
2019-09-21,2019,9,18.716,18.73,18.854,2019-09-24,Persistence+Trend,3,2019
2019-09-22,2019,9,18.778,18.614,18.96399999999999,2019-09-25,Persistence+Trend,3,2019
2019-09-23,2019,9,18.808,18.608,18.898000000000003,2019-09-26,Persistence+Trend,3,2019
2019-09-24,2019,9,18.73,18.7,18.496000000000002,2019-09-27,Persistence+Trend,3,2019
2019-09-25,2019,9,18.614,18.646,18.266000000000002,2019-09-28,Persistence+Trend,3,2019
2019-09-26,2019,9,18.608,18.524,18.59,2019-09-29,Persistence+Trend,3,2019
2019-09-27,2019,9,18.7,18.51,18.975999999999996,2019-09-30,Persistence+Trend,3,2019
2019-09-28,2019,9,18.646,18.632,18.484000000000005,2019-10-01,Persistence+Trend,3,2019
2019-09-29,2019,9,18.524,18.482,18.158,2019-10-02,Persistence+Trend,3,2019
2019-09-30,2019,9,18.51,18.24,18.468000000000004,2019-10-03,Persistence+Trend,3,2019
2019-10-01,2019,10,18.632,18.024,18.998,2019-10-04,Persistence+Trend,3,2019
2019-10-02,2019,10,18.482,17.814,18.031999999999993,2019-10-05,Persistence+Trend,3,2019
2019-10-03,2019,10,18.24,17.632,17.513999999999996,2019-10-06,Persistence+Trend,3,2019
2019-10-04,2019,10,18.024,17.446,17.37600000000001,2019-10-07,Persistence+Trend,3,2019
2019-10-05,2019,10,17.814,17.32,17.183999999999997,2019-10-08,Persistence+Trend,3,2019
2019-10-06,2019,10,17.632,17.244,17.086000000000006,2019-10-09,Persistence+Trend,3,2019
2019-10-07,2019,10,17.446,17.192,16.888,2019-10-10,Persistence+Trend,3,2019
2019-10-08,2019,10,17.32,17.094,16.941999999999997,2019-10-11,Persistence+Trend,3,2019
2019-10-09,2019,10,17.244,16.95,17.016,2019-10-12,Persistence+Trend,3,2019
2019-10-10,2019,10,17.192,16.83,17.036,2019-10-13,Persistence+Trend,3,2019
2019-10-11,2019,10,17.094,16.81,16.800000000000004,2019-10-14,Persistence+Trend,3,2019
2019-10-12,2019,10,16.95,16.852,16.517999999999994,2019-10-15,Persistence+Trend,3,2019
2019-10-13,2019,10,16.83,16.874,16.469999999999995,2019-10-16,Persistence+Trend,3,2019
2019-10-14,2019,10,16.81,16.826,16.75,2019-10-17,Persistence+Trend,3,2019
2019-10-15,2019,10,16.852,16.66,16.978000000000005,2019-10-18,Persistence+Trend,3,2019
2019-10-16,2019,10,16.874,16.422,16.939999999999994,2019-10-19,Persistence+Trend,3,2019
2019-10-17,2019,10,16.826,16.202,16.682000000000006,2019-10-20,Persistence+Trend,3,2019
2019-10-18,2019,10,16.66,16.042,16.162,2019-10-21,Persistence+Trend,3,2019
2019-10-19,2019,10,16.422,15.882,15.708000000000002,2019-10-22,Persistence+Trend,3,2019
2019-10-20,2019,10,16.202,15.73,15.542000000000005,2019-10-23,Persistence+Trend,3,2019
2019-10-21,2019,10,16.042,15.62,15.562000000000001,2019-10-24,Persistence+Trend,3,2019
2019-10-22,2019,10,15.882,15.532,15.401999999999994,2019-10-25,Persistence+Trend,3,2019
2019-10-23,2019,10,15.73,15.518,15.274000000000003,2019-10-26,Persistence+Trend,3,2019
2019-10-24,2019,10,15.62,15.466,15.289999999999996,2019-10-27,Persistence+Trend,3,2019
2019-10-25,2019,10,15.532,15.538,15.268000000000002,2019-10-28,Persistence+Trend,3,2019
2019-10-26,2019,10,15.518,15.614,15.476000000000003,2019-10-29,Persistence+Trend,3,2019
2019-10-27,2019,10,15.466,15.676,15.309999999999995,2019-10-30,Persistence+Trend,3,2019
2019-10-28,2019,10,15.538,15.646,15.754000000000003,2019-10-31,Persistence+Trend,3,2019
2019-10-29,2019,10,15.614,15.642,15.842000000000002,2019-11-01,Persistence+Trend,3,2019
2019-10-30,2019,10,15.676,15.702,15.861999999999998,2019-11-02,Persistence+Trend,3,2019
2019-10-31,2019,10,15.646,15.664,15.556000000000003,2019-11-03,Persistence+Trend,3,2019
2019-11-01,2019,11,15.642,15.57,15.629999999999995,2019-11-04,Persistence+Trend,3,2019
2019-11-02,2019,11,15.702,15.4,15.882000000000001,2019-11-05,Persistence+Trend,3,2019
2019-11-03,2019,11,15.664,15.264,15.549999999999999,2019-11-06,Persistence+Trend,3,2019
2019-11-04,2019,11,15.57,15.17,15.288000000000002,2019-11-07,Persistence+Trend,3,2019
2019-11-05,2019,11,15.4,15.072,14.89,2019-11-08,Persistence+Trend,3,2019
2019-11-06,2019,11,15.264,14.98,14.855999999999996,2019-11-09,Persistence+Trend,3,2019
2019-11-07,2019,11,15.17,14.892,14.888000000000002,2019-11-10,Persistence+Trend,3,2019
2019-11-08,2019,11,15.072,14.83,14.777999999999997,2019-11-11,Persistence+Trend,3,2019
2019-11-09,2019,11,14.98,14.728,14.704000000000004,2019-11-12,Persistence+Trend,3,2019
2019-11-10,2019,11,14.892,14.64,14.627999999999997,2019-11-13,Persistence+Trend,3,2019
2019-11-11,2019,11,14.83,14.58,14.644000000000002,2019-11-14,Persistence+Trend,3,2019
2019-11-12,2019,11,14.728,14.522,14.421999999999999,2019-11-15,Persistence+Trend,3,2019
2019-11-13,2019,11,14.64,14.476,14.376000000000003,2019-11-16,Persistence+Trend,3,2019
2019-11-14,2019,11,14.58,14.422,14.399999999999999,2019-11-17,Persistence+Trend,3,2019
2019-11-15,2019,11,14.522,14.382,14.348,2019-11-18,Persistence+Trend,3,2019
2019-11-16,2019,11,14.476,14.352,14.338000000000003,2019-11-19,Persistence+Trend,3,2019
2019-11-17,2019,11,14.422,14.288,14.26,2019-11-20,Persistence+Trend,3,2019
2019-11-18,2019,11,14.382,14.256,14.261999999999997,2019-11-21,Persistence+Trend,3,2019
2019-11-19,2019,11,14.352,14.222,14.262000000000002,2019-11-22,Persistence+Trend,3,2019
2019-11-20,2019,11,14.288,14.19,14.096,2019-11-23,Persistence+Trend,3,2019
2019-11-21,2019,11,14.256,14.18,14.16,2019-11-24,Persistence+Trend,3,2019
2019-11-22,2019,11,14.222,14.18,14.119999999999997,2019-11-25,Persistence+Trend,3,2019
2019-11-23,2019,11,14.19,14.17,14.094,2019-11-26,Persistence+Trend,3,2019
2019-11-24,2019,11,14.18,14.16,14.15,2019-11-27,Persistence+Trend,3,2019
2019-11-25,2019,11,14.18,14.106,14.18,2019-11-28,Persistence+Trend,3,2019
2019-11-26,2019,11,14.17,14.04,14.14,2019-11-29,Persistence+Trend,3,2019
2019-11-27,2019,11,14.16,13.992,14.13,2019-11-30,Persistence+Trend,3,2019
2019-11-28,2019,11,14.106,13.938,13.943999999999999,2019-12-01,Persistence+Trend,3,2019
2019-11-29,2019,11,14.04,13.89,13.841999999999997,2019-12-02,Persistence+Trend,3,2019
2019-11-30,2019,11,13.992,13.862,13.848000000000006,2019-12-03,Persistence+Trend,3,2019
2019-12-01,2019,12,13.938,13.824,13.776,2019-12-04,Persistence+Trend,3,2019
2019-12-02,2019,12,13.89,13.806,13.746,2019-12-05,Persistence+Trend,3,2019
2019-12-03,2019,12,13.862,13.768,13.777999999999999,2019-12-06,Persistence+Trend,3,2019
2019-12-04,2019,12,13.824,13.746,13.709999999999999,2019-12-07,Persistence+Trend,3,2019
2019-12-05,2019,12,13.806,13.714,13.751999999999997,2019-12-08,Persistence+Trend,3,2019
2019-12-06,2019,12,13.768,13.688,13.654000000000005,2019-12-09,Persistence+Trend,3,2019
2019-12-07,2019,12,13.746,13.652,13.68,2019-12-10,Persistence+Trend,3,2019
2019-12-08,2019,12,13.714,13.616,13.618,2019-12-11,Persistence+Trend,3,2019
2019-12-09,2019,12,13.688,13.568,13.610000000000001,2019-12-12,Persistence+Trend,3,2019
2019-12-10,2019,12,13.652,13.546,13.543999999999995,2019-12-13,Persistence+Trend,3,2019
2019-12-11,2019,12,13.616,13.514,13.508000000000001,2019-12-14,Persistence+Trend,3,2019
2019-12-12,2019,12,13.568,13.49,13.424,2019-12-15,Persistence+Trend,3,2019
2019-12-13,2019,12,13.546,13.446,13.479999999999999,2019-12-16,Persistence+Trend,3,2019
2019-12-14,2019,12,13.514,13.412,13.418,2019-12-17,Persistence+Trend,3,2019
2019-12-15,2019,12,13.49,13.386,13.418000000000003,2019-12-18,Persistence+Trend,3,2019
2019-12-16,2019,12,13.446,13.352,13.313999999999998,2019-12-19,Persistence+Trend,3,2019
2019-12-17,2019,12,13.412,13.33,13.310000000000004,2019-12-20,Persistence+Trend,3,2019
2019-12-18,2019,12,13.386,13.296,13.307999999999995,2019-12-21,Persistence+Trend,3,2019
2019-12-19,2019,12,13.352,13.274,13.250000000000004,2019-12-22,Persistence+Trend,3,2019
2019-12-20,2019,12,13.33,13.256,13.264,2019-12-23,Persistence+Trend,3,2019
2019-12-21,2019,12,13.296,13.24,13.193999999999997,2019-12-24,Persistence+Trend,3,2019
2019-12-22,2019,12,13.274,13.226,13.207999999999998,2019-12-25,Persistence+Trend,3,2019
2019-12-23,2019,12,13.256,13.22,13.202000000000004,2019-12-26,Persistence+Trend,3,2019
2019-12-24,2019,12,13.24,13.208,13.192,2019-12-27,Persistence+Trend,3,2019
2019-12-25,2019,12,13.226,13.158,13.184000000000003,2019-12-28,Persistence+Trend,3,2019
2019-12-26,2019,12,13.22,13.146,13.202,2019-12-29,Persistence+Trend,3,2019
2019-12-27,2019,12,13.208,13.126,13.171999999999999,2019-12-30,Persistence+Trend,3,2019
2019-12-28,2019,12,13.158,13.104,13.007999999999997,2019-12-31,Persistence+Trend,3,2019
2019-12-29,2019,12,13.146,13.086,13.110000000000005,2020-01-01,Persistence+Trend,3,2019
2019-12-30,2019,12,13.126,13.054,13.065999999999995,2020-01-02,Persistence+Trend,3,2019
2019-12-31,2019,12,13.104,13.04,13.037999999999998,2020-01-03,Persistence+Trend,3,2019
