Date,Year,Month,WL,y_true,y_pred,Target_Date,Model,Horizon,Fold_Year
2008-01-08,2008,1,13.76,13.57,13.024915791365848,2008-01-22,LinearRegression,14,2008
2008-01-09,2008,1,13.74,13.56,13.006464152394125,2008-01-23,LinearRegression,14,2008
2008-01-10,2008,1,13.73,13.56,13.016151916862809,2008-01-24,LinearRegression,14,2008
2008-01-11,2008,1,13.72,13.55,13.012952782161213,2008-01-25,LinearRegression,14,2008
2008-01-12,2008,1,13.71,13.55,13.01124643829148,2008-01-26,LinearRegression,14,2008
2008-01-13,2008,1,13.699,13.55,13.000168542757669,2008-01-27,LinearRegression,14,2008
2008-01-14,2008,1,13.67,13.58,12.9604378842606,2008-01-28,LinearRegression,14,2008
2008-01-15,2008,1,13.65,13.62,12.96919075061141,2008-01-29,LinearRegression,14,2008
2008-01-16,2008,1,13.63,13.66,12.960340320740956,2008-01-30,LinearRegression,14,2008
2008-01-17,2008,1,13.62,13.67,12.97014930602715,2008-01-31,LinearRegression,14,2008
2008-01-18,2008,1,13.61,13.66,12.964914423763716,2008-02-01,LinearRegression,14,2008
2008-01-19,2008,1,13.6,13.63,12.956092192573344,2008-02-02,LinearRegression,14,2008
2008-01-20,2008,1,13.59,13.61,12.960409115866723,2008-02-03,LinearRegression,14,2008
2008-01-21,2008,1,13.58,13.61,12.961935186868537,2008-02-04,LinearRegression,14,2008
2008-01-22,2008,1,13.57,13.61,12.966983115304263,2008-02-05,LinearRegression,14,2008
2008-01-23,2008,1,13.56,13.62,12.967183260490868,2008-02-06,LinearRegression,14,2008
2008-01-24,2008,1,13.56,13.63,12.988614853984886,2008-02-07,LinearRegression,14,2008
2008-01-25,2008,1,13.55,13.62,12.975507368517963,2008-02-08,LinearRegression,14,2008
2008-01-26,2008,1,13.55,13.59,12.997456242020082,2008-02-09,LinearRegression,14,2008
2008-01-27,2008,1,13.55,13.57,13.007455266966662,2008-02-10,LinearRegression,14,2008
2008-01-28,2008,1,13.58,13.55,13.058011283807474,2008-02-11,LinearRegression,14,2008
2008-01-29,2008,1,13.62,13.52,13.069413517234144,2008-02-12,LinearRegression,14,2008
2008-01-30,2008,1,13.66,13.5,13.083236003833939,2008-02-13,LinearRegression,14,2008
2008-01-31,2008,1,13.67,13.47,13.076134554740602,2008-02-14,LinearRegression,14,2008
2008-02-01,2008,2,13.66,13.46,13.074091178744661,2008-02-15,LinearRegression,14,2008
2008-02-02,2008,2,13.63,13.45,13.04063677685369,2008-02-16,LinearRegression,14,2008
2008-02-03,2008,2,13.61,13.44,13.061521460032285,2008-02-17,LinearRegression,14,2008
2008-02-04,2008,2,13.61,13.47,13.11186663730167,2008-02-18,LinearRegression,14,2008
2008-02-05,2008,2,13.61,13.51,13.128424066142635,2008-02-19,LinearRegression,14,2008
2008-02-06,2008,2,13.62,13.53,13.150834866883667,2008-02-20,LinearRegression,14,2008
2008-02-07,2008,2,13.63,13.54,13.162619904766345,2008-02-21,LinearRegression,14,2008
2008-02-08,2008,2,13.62,13.53,13.161724576758427,2008-02-22,LinearRegression,14,2008
2008-02-09,2008,2,13.59,13.51,13.126259181029933,2008-02-23,LinearRegression,14,2008
2008-02-10,2008,2,13.57,13.48,13.14077897725143,2008-02-24,LinearRegression,14,2008
2008-02-11,2008,2,13.55,13.45,13.143117107167956,2008-02-25,LinearRegression,14,2008
2008-02-12,2008,2,13.52,13.44,13.124751042737469,2008-02-26,LinearRegression,14,2008
2008-02-13,2008,2,13.5,13.43,13.135834440475454,2008-02-27,LinearRegression,14,2008
2008-02-14,2008,2,13.47,13.43,13.111394763136628,2008-02-28,LinearRegression,14,2008
2008-02-15,2008,2,13.46,13.43,13.156069838299159,2008-02-29,LinearRegression,14,2008
2008-02-16,2008,2,13.45,13.42,13.168187272469186,2008-03-01,LinearRegression,14,2008
2008-02-17,2008,2,13.44,13.41,13.176725526297764,2008-03-02,LinearRegression,14,2008
2008-02-18,2008,2,13.47,13.4,13.259248712386395,2008-03-03,LinearRegression,14,2008
2008-02-19,2008,2,13.51,13.41,13.30068710208056,2008-03-04,LinearRegression,14,2008
2008-02-20,2008,2,13.53,13.4,13.293603059736185,2008-03-05,LinearRegression,14,2008
2008-02-21,2008,2,13.54,13.43,13.316358610765905,2008-03-06,LinearRegression,14,2008
2008-02-22,2008,2,13.53,13.46,13.316084900175479,2008-03-07,LinearRegression,14,2008
2008-02-23,2008,2,13.51,13.45,13.310327835430089,2008-03-08,LinearRegression,14,2008
2008-02-24,2008,2,13.48,13.44,13.312613030999474,2008-03-09,LinearRegression,14,2008
2008-02-25,2008,2,13.45,13.42,13.316426396202836,2008-03-10,LinearRegression,14,2008
2008-02-26,2008,2,13.44,13.4,13.360927986680727,2008-03-11,LinearRegression,14,2008
2008-02-27,2008,2,13.43,13.39,13.371180749221972,2008-03-12,LinearRegression,14,2008
2008-02-28,2008,2,13.43,13.39,13.40102550476296,2008-03-13,LinearRegression,14,2008
2008-02-29,2008,2,13.43,13.39,13.42232787144464,2008-03-14,LinearRegression,14,2008
2008-03-01,2008,3,13.42,13.39,13.427381342841803,2008-03-15,LinearRegression,14,2008
2008-03-02,2008,3,13.41,13.39,13.453328471207671,2008-03-16,LinearRegression,14,2008
2008-03-03,2008,3,13.4,13.4,13.472692492377105,2008-03-17,LinearRegression,14,2008
2008-03-04,2008,3,13.41,13.42,13.529221006704795,2008-03-18,LinearRegression,14,2008
2008-03-05,2008,3,13.4,13.44,13.521216768595856,2008-03-19,LinearRegression,14,2008
2008-03-06,2008,3,13.43,13.46,13.603935720903538,2008-03-20,LinearRegression,14,2008
2008-03-07,2008,3,13.46,13.54,13.61490971339269,2008-03-21,LinearRegression,14,2008
2008-03-08,2008,3,13.45,13.66,13.596361333690746,2008-03-22,LinearRegression,14,2008
2008-03-09,2008,3,13.44,13.81,13.624216422397154,2008-03-23,LinearRegression,14,2008
2008-03-10,2008,3,13.42,13.91,13.624275397222544,2008-03-24,LinearRegression,14,2008
2008-03-11,2008,3,13.4,13.93,13.640244876827209,2008-03-25,LinearRegression,14,2008
2008-03-12,2008,3,13.39,13.93,13.67345138333514,2008-03-26,LinearRegression,14,2008
2008-03-13,2008,3,13.39,13.92,13.715510278566324,2008-03-27,LinearRegression,14,2008
2008-03-14,2008,3,13.39,13.94,13.740821222899154,2008-03-28,LinearRegression,14,2008
2008-03-15,2008,3,13.39,13.98,13.764107688424401,2008-03-29,LinearRegression,14,2008
2008-03-16,2008,3,13.39,14.05,13.793787205201337,2008-03-30,LinearRegression,14,2008
2008-03-17,2008,3,13.4,14.07,13.842929282276385,2008-03-31,LinearRegression,14,2008
2008-03-18,2008,3,13.42,14.09,13.875250714572037,2008-04-01,LinearRegression,14,2008
2008-03-19,2008,3,13.44,14.15,13.902765441579545,2008-04-02,LinearRegression,14,2008
2008-03-20,2008,3,13.46,14.2,13.934156888108975,2008-04-03,LinearRegression,14,2008
2008-03-21,2008,3,13.54,14.31,14.020878041029077,2008-04-04,LinearRegression,14,2008
2008-03-22,2008,3,13.66,14.53,14.082834044487496,2008-04-05,LinearRegression,14,2008
2008-03-23,2008,3,13.81,14.66,14.155044357476235,2008-04-06,LinearRegression,14,2008
2008-03-24,2008,3,13.91,14.67,14.171998668588833,2008-04-07,LinearRegression,14,2008
2008-03-25,2008,3,13.93,14.66,14.182416219909577,2008-04-08,LinearRegression,14,2008
2008-03-26,2008,3,13.93,14.6,14.239588192164419,2008-04-09,LinearRegression,14,2008
2008-03-27,2008,3,13.92,14.51,14.282738976966487,2008-04-10,LinearRegression,14,2008
2008-03-28,2008,3,13.94,14.46,14.376937245904232,2008-04-11,LinearRegression,14,2008
2008-03-29,2008,3,13.98,14.41,14.447088012044835,2008-04-12,LinearRegression,14,2008
2008-03-30,2008,3,14.05,14.38,14.537078371432381,2008-04-13,LinearRegression,14,2008
2008-03-31,2008,3,14.07,14.34,14.530242491411853,2008-04-14,LinearRegression,14,2008
2008-04-01,2008,4,14.09,14.27,14.58331220678636,2008-04-15,LinearRegression,14,2008
2008-04-02,2008,4,14.15,14.23,14.649726003633335,2008-04-16,LinearRegression,14,2008
2008-04-03,2008,4,14.2,14.23,14.668884347394673,2008-04-17,LinearRegression,14,2008
2008-04-04,2008,4,14.31,14.22,14.775607057466553,2008-04-18,LinearRegression,14,2008
2008-04-05,2008,4,14.53,14.28,14.94429571455008,2008-04-19,LinearRegression,14,2008
2008-04-06,2008,4,14.66,14.33,14.90927275766056,2008-04-20,LinearRegression,14,2008
2008-04-07,2008,4,14.67,14.41,14.906431111645409,2008-04-21,LinearRegression,14,2008
2008-04-08,2008,4,14.66,14.47,14.997124131331073,2008-04-22,LinearRegression,14,2008
2008-04-09,2008,4,14.6,14.52,14.93923073762418,2008-04-23,LinearRegression,14,2008
2008-04-10,2008,4,14.51,14.61,14.899248135023404,2008-04-24,LinearRegression,14,2008
2008-04-11,2008,4,14.46,14.87,15.0121865649263,2008-04-25,LinearRegression,14,2008
2008-04-12,2008,4,14.41,15.05,15.020827126449324,2008-04-26,LinearRegression,14,2008
2008-04-13,2008,4,14.38,15.06,15.04145078173917,2008-04-27,LinearRegression,14,2008
2008-04-14,2008,4,14.34,15.02,15.004043633280485,2008-04-28,LinearRegression,14,2008
2008-04-15,2008,4,14.27,14.99,14.94095361715826,2008-04-29,LinearRegression,14,2008
2008-04-16,2008,4,14.23,15.01,15.01395472229653,2008-04-30,LinearRegression,14,2008
2008-04-17,2008,4,14.23,15.01,15.110635001806225,2008-05-01,LinearRegression,14,2008
2008-04-18,2008,4,14.22,15.04,15.131991908983384,2008-05-02,LinearRegression,14,2008
2008-04-19,2008,4,14.28,15.31,15.259431629593886,2008-05-03,LinearRegression,14,2008
2008-04-20,2008,4,14.33,15.79,15.30242779927441,2008-05-04,LinearRegression,14,2008
2008-04-21,2008,4,14.41,15.93,15.353666913115324,2008-05-05,LinearRegression,14,2008
2008-04-22,2008,4,14.47,15.93,15.372837373432764,2008-05-06,LinearRegression,14,2008
2008-04-23,2008,4,14.52,15.92,15.412281207116605,2008-05-07,LinearRegression,14,2008
2008-04-24,2008,4,14.61,15.69,15.485892815338405,2008-05-08,LinearRegression,14,2008
2008-04-25,2008,4,14.87,15.61,15.692898686422833,2008-05-09,LinearRegression,14,2008
2008-04-26,2008,4,15.05,15.53,15.664858331229688,2008-05-10,LinearRegression,14,2008
2008-04-27,2008,4,15.06,15.51,15.651571880397626,2008-05-11,LinearRegression,14,2008
2008-04-28,2008,4,15.02,15.47,15.705353396957383,2008-05-12,LinearRegression,14,2008
2008-04-29,2008,4,14.99,15.4,15.743165688397704,2008-05-13,LinearRegression,14,2008
2008-04-30,2008,4,15.01,15.36,15.848739687334234,2008-05-14,LinearRegression,14,2008
2008-05-01,2008,5,15.01,15.35,15.914862288094913,2008-05-15,LinearRegression,14,2008
2008-05-02,2008,5,15.04,15.33,16.032806984271836,2008-05-16,LinearRegression,14,2008
2008-05-03,2008,5,15.31,15.31,16.297103224414176,2008-05-17,LinearRegression,14,2008
2008-05-04,2008,5,15.79,15.3,16.50691290204502,2008-05-18,LinearRegression,14,2008
2008-05-05,2008,5,15.93,15.23,16.252805171073827,2008-05-19,LinearRegression,14,2008
2008-05-06,2008,5,15.93,15.23,16.34726042544563,2008-05-20,LinearRegression,14,2008
2008-05-07,2008,5,15.92,15.26,16.4376073134197,2008-05-21,LinearRegression,14,2008
2008-05-08,2008,5,15.69,15.31,16.02433826118531,2008-05-22,LinearRegression,14,2008
2008-05-09,2008,5,15.61,15.36,16.26037318605545,2008-05-23,LinearRegression,14,2008
2008-05-10,2008,5,15.53,15.49,16.34978945655045,2008-05-24,LinearRegression,14,2008
2008-05-11,2008,5,15.51,15.6,16.4521764002396,2008-05-25,LinearRegression,14,2008
2008-05-12,2008,5,15.47,15.81,16.38611055774862,2008-05-26,LinearRegression,14,2008
2008-05-13,2008,5,15.4,15.88,16.24465028224734,2008-05-27,LinearRegression,14,2008
2008-05-14,2008,5,15.36,15.88,16.366585579756936,2008-05-28,LinearRegression,14,2008
2008-05-15,2008,5,15.35,15.85,16.447708702982254,2008-05-29,LinearRegression,14,2008
2008-05-16,2008,5,15.33,15.71,16.475872557535915,2008-05-30,LinearRegression,14,2008
2008-05-17,2008,5,15.31,15.77,16.475454224158547,2008-05-31,LinearRegression,14,2008
2008-05-18,2008,5,15.3,15.86,16.50338891807932,2008-06-01,LinearRegression,14,2008
2008-05-19,2008,5,15.23,16.05,16.41867992948514,2008-06-02,LinearRegression,14,2008
2008-05-20,2008,5,15.23,16.23,16.556744935672867,2008-06-03,LinearRegression,14,2008
2008-05-21,2008,5,15.26,16.41,16.622091811478754,2008-06-04,LinearRegression,14,2008
2008-05-22,2008,5,15.31,16.61,16.685900884260953,2008-06-05,LinearRegression,14,2008
2008-05-23,2008,5,15.36,16.72,16.70708402670245,2008-06-06,LinearRegression,14,2008
2008-05-24,2008,5,15.49,16.73,16.805767355399944,2008-06-07,LinearRegression,14,2008
2008-05-25,2008,5,15.6,16.72,16.807859019500494,2008-06-08,LinearRegression,14,2008
2008-05-26,2008,5,15.81,16.58,16.948187525173797,2008-06-09,LinearRegression,14,2008
2008-05-27,2008,5,15.88,16.53,16.870489230507207,2008-06-10,LinearRegression,14,2008
2008-05-28,2008,5,15.88,16.46,16.922518139103015,2008-06-11,LinearRegression,14,2008
2008-05-29,2008,5,15.85,16.6,16.937418783338313,2008-06-12,LinearRegression,14,2008
2008-05-30,2008,5,15.71,16.7,16.77347861034313,2008-06-13,LinearRegression,14,2008
2008-05-31,2008,5,15.77,16.86,17.0941665824083,2008-06-14,LinearRegression,14,2008
2008-06-01,2008,6,15.86,17.16,17.2089450160995,2008-06-15,LinearRegression,14,2008
2008-06-02,2008,6,16.05,17.51,17.30981801567911,2008-06-16,LinearRegression,14,2008
2008-06-03,2008,6,16.23,17.74,17.316150756437377,2008-06-17,LinearRegression,14,2008
2008-06-04,2008,6,16.41,17.93,17.37291179187176,2008-06-18,LinearRegression,14,2008
2008-06-05,2008,6,16.61,18.03,17.449535784814135,2008-06-19,LinearRegression,14,2008
2008-06-06,2008,6,16.72,18.14,17.445120139360807,2008-06-20,LinearRegression,14,2008
2008-06-07,2008,6,16.73,18.17,17.46347656454201,2008-06-21,LinearRegression,14,2008
2008-06-08,2008,6,16.72,18.22,17.56927405819319,2008-06-22,LinearRegression,14,2008
2008-06-09,2008,6,16.58,18.06,17.38893683232983,2008-06-23,LinearRegression,14,2008
2008-06-10,2008,6,16.53,18.05,17.540417122885465,2008-06-24,LinearRegression,14,2008
2008-06-11,2008,6,16.46,18.09,17.5309143765043,2008-06-25,LinearRegression,14,2008
2008-06-12,2008,6,16.6,18.12,17.85620017364624,2008-06-26,LinearRegression,14,2008
2008-06-13,2008,6,16.7,18.15,17.829740154361403,2008-06-27,LinearRegression,14,2008
2008-06-14,2008,6,16.86,18.2,17.90014252769523,2008-06-28,LinearRegression,14,2008
2008-06-15,2008,6,17.16,18.24,18.038729060781257,2008-06-29,LinearRegression,14,2008
2008-06-16,2008,6,17.51,18.25,18.114473369266086,2008-06-30,LinearRegression,14,2008
2008-06-17,2008,6,17.74,18.3,18.075519077464616,2008-07-01,LinearRegression,14,2008
2008-06-18,2008,6,17.93,18.39,18.216275037258225,2008-07-02,LinearRegression,14,2008
2008-06-19,2008,6,18.03,18.32,18.244534582598746,2008-07-03,LinearRegression,14,2008
2008-06-20,2008,6,18.14,18.34,18.356918086107576,2008-07-04,LinearRegression,14,2008
2008-06-21,2008,6,18.17,18.37,18.406881311438063,2008-07-05,LinearRegression,14,2008
2008-06-22,2008,6,18.22,18.34,18.575429521432625,2008-07-06,LinearRegression,14,2008
2008-06-23,2008,6,18.06,18.45,18.314425580724397,2008-07-07,LinearRegression,14,2008
2008-06-24,2008,6,18.05,18.59,18.564621731595942,2008-07-08,LinearRegression,14,2008
2008-06-25,2008,6,18.09,18.72,18.69177974079794,2008-07-09,LinearRegression,14,2008
2008-06-26,2008,6,18.12,18.82,18.700781166765605,2008-07-10,LinearRegression,14,2008
2008-06-27,2008,6,18.15,18.82,18.73372240836788,2008-07-11,LinearRegression,14,2008
2008-06-28,2008,6,18.2,18.59,18.792610394373334,2008-07-12,LinearRegression,14,2008
2008-06-29,2008,6,18.24,18.45,18.775570656009066,2008-07-13,LinearRegression,14,2008
2008-06-30,2008,6,18.25,18.37,18.767507102671185,2008-07-14,LinearRegression,14,2008
2008-07-01,2008,7,18.3,18.42,18.836310671815685,2008-07-15,LinearRegression,14,2008
2008-07-02,2008,7,18.39,18.49,18.88156578385432,2008-07-16,LinearRegression,14,2008
2008-07-03,2008,7,18.32,18.64,18.687229847076186,2008-07-17,LinearRegression,14,2008
2008-07-04,2008,7,18.34,18.75,18.852824472231305,2008-07-18,LinearRegression,14,2008
2008-07-05,2008,7,18.37,18.79,18.8999023022555,2008-07-19,LinearRegression,14,2008
2008-07-06,2008,7,18.34,18.87,18.8157481475966,2008-07-20,LinearRegression,14,2008
2008-07-07,2008,7,18.45,18.89,19.021985504774893,2008-07-21,LinearRegression,14,2008
2008-07-08,2008,7,18.59,19.06,19.040833662700532,2008-07-22,LinearRegression,14,2008
2008-07-09,2008,7,18.72,19.24,19.04514248297024,2008-07-23,LinearRegression,14,2008
2008-07-10,2008,7,18.82,19.34,19.068440758182884,2008-07-24,LinearRegression,14,2008
2008-07-11,2008,7,18.82,19.29,19.01798243377297,2008-07-25,LinearRegression,14,2008
2008-07-12,2008,7,18.59,19.17,18.619142031655723,2008-07-26,LinearRegression,14,2008
2008-07-13,2008,7,18.45,19.24,18.718828060274433,2008-07-27,LinearRegression,14,2008
2008-07-14,2008,7,18.37,19.26,18.74426053456554,2008-07-28,LinearRegression,14,2008
2008-07-15,2008,7,18.42,19.22,18.947194944360525,2008-07-29,LinearRegression,14,2008
2008-07-16,2008,7,18.49,19.17,18.970763068230966,2008-07-30,LinearRegression,14,2008
2008-07-17,2008,7,18.64,19.03,19.054348625216782,2008-07-31,LinearRegression,14,2008
2008-07-18,2008,7,18.75,18.94,19.06191568543072,2008-08-01,LinearRegression,14,2008
2008-07-19,2008,7,18.79,18.89,19.018629397425492,2008-08-02,LinearRegression,14,2008
2008-07-20,2008,7,18.87,18.8,19.089873194964856,2008-08-03,LinearRegression,14,2008
2008-07-21,2008,7,18.89,18.84,19.052327908548904,2008-08-04,LinearRegression,14,2008
2008-07-22,2008,7,19.06,18.77,19.20711281875733,2008-08-05,LinearRegression,14,2008
2008-07-23,2008,7,19.24,18.74,19.249567287701762,2008-08-06,LinearRegression,14,2008
2008-07-24,2008,7,19.34,18.73,19.253111732664248,2008-08-07,LinearRegression,14,2008
2008-07-25,2008,7,19.29,18.67,19.143226260572877,2008-08-08,LinearRegression,14,2008
2008-07-26,2008,7,19.17,18.65,19.03461026158711,2008-08-09,LinearRegression,14,2008
2008-07-27,2008,7,19.24,18.62,19.284823545149884,2008-08-10,LinearRegression,14,2008
2008-07-28,2008,7,19.26,18.59,19.25885227919089,2008-08-11,LinearRegression,14,2008
2008-07-29,2008,7,19.22,18.59,19.21400025011605,2008-08-12,LinearRegression,14,2008
2008-07-30,2008,7,19.17,18.7,19.188690645431564,2008-08-13,LinearRegression,14,2008
2008-07-31,2008,7,19.03,18.74,18.971385433073117,2008-08-14,LinearRegression,14,2008
2008-08-01,2008,8,18.94,18.74,18.97672416016405,2008-08-15,LinearRegression,14,2008
2008-08-02,2008,8,18.89,18.67,19.003447442068026,2008-08-16,LinearRegression,14,2008
2008-08-03,2008,8,18.8,18.78,18.853622825052135,2008-08-17,LinearRegression,14,2008
2008-08-04,2008,8,18.84,18.93,19.014671064313088,2008-08-18,LinearRegression,14,2008
2008-08-05,2008,8,18.77,19.07,18.802105783282638,2008-08-19,LinearRegression,14,2008
2008-08-06,2008,8,18.74,19.16,18.862453606247843,2008-08-20,LinearRegression,14,2008
2008-08-07,2008,8,18.73,19.29,18.903237367929535,2008-08-21,LinearRegression,14,2008
2008-08-08,2008,8,18.67,19.39,18.78199136780764,2008-08-22,LinearRegression,14,2008
2008-08-09,2008,8,18.65,19.39,18.823153520586356,2008-08-23,LinearRegression,14,2008
2008-08-10,2008,8,18.62,19.27,18.769584443575233,2008-08-24,LinearRegression,14,2008
2008-08-11,2008,8,18.59,19.19,18.759533234110876,2008-08-25,LinearRegression,14,2008
2008-08-12,2008,8,18.59,19.1,18.79453818621481,2008-08-26,LinearRegression,14,2008
2008-08-13,2008,8,18.7,19.09,18.936137739219795,2008-08-27,LinearRegression,14,2008
2008-08-14,2008,8,18.74,19.24,18.83056834348864,2008-08-28,LinearRegression,14,2008
2008-08-15,2008,8,18.74,19.27,18.80711229272998,2008-08-29,LinearRegression,14,2008
2008-08-16,2008,8,18.67,19.45,18.67829882217726,2008-08-30,LinearRegression,14,2008
2008-08-17,2008,8,18.78,19.63,18.901202177453182,2008-08-31,LinearRegression,14,2008
2008-08-18,2008,8,18.93,19.63,18.870885979064404,2008-09-01,LinearRegression,14,2008
2008-08-19,2008,8,19.07,19.61,18.89254609375828,2008-09-02,LinearRegression,14,2008
2008-08-20,2008,8,19.16,19.51,18.869820770706628,2008-09-03,LinearRegression,14,2008
2008-08-21,2008,8,19.29,19.56,18.926891214119177,2008-09-04,LinearRegression,14,2008
2008-08-22,2008,8,19.39,19.68,18.88979644016062,2008-09-05,LinearRegression,14,2008
2008-08-23,2008,8,19.39,19.73,18.85253601003268,2008-09-06,LinearRegression,14,2008
2008-08-24,2008,8,19.27,19.75,18.695299612338587,2008-09-07,LinearRegression,14,2008
2008-08-25,2008,8,19.19,19.64,18.728132624382404,2008-09-08,LinearRegression,14,2008
2008-08-26,2008,8,19.1,19.48,18.67098788269956,2008-09-09,LinearRegression,14,2008
2008-08-27,2008,8,19.09,19.33,18.764590525721015,2008-09-10,LinearRegression,14,2008
2008-08-28,2008,8,19.24,19.17,18.984443298566315,2008-09-11,LinearRegression,14,2008
2008-08-29,2008,8,19.27,19.01,18.781093427265546,2008-09-12,LinearRegression,14,2008
2008-08-30,2008,8,19.45,18.82,18.981070879722097,2008-09-13,LinearRegression,14,2008
2008-08-31,2008,8,19.63,18.6,18.941974703431523,2008-09-14,LinearRegression,14,2008
2008-09-01,2008,9,19.63,18.4,18.794465394297838,2008-09-15,LinearRegression,14,2008
2008-09-02,2008,9,19.61,18.3,18.810700295268997,2008-09-16,LinearRegression,14,2008
2008-09-03,2008,9,19.51,18.21,18.68950286475241,2008-09-17,LinearRegression,14,2008
2008-09-04,2008,9,19.56,18.04,18.86423708693222,2008-09-18,LinearRegression,14,2008
2008-09-05,2008,9,19.68,17.87,18.978986240881078,2008-09-19,LinearRegression,14,2008
2008-09-06,2008,9,19.73,17.74,18.892334612692924,2008-09-20,LinearRegression,14,2008
2008-09-07,2008,9,19.75,17.53,18.874230437639177,2008-09-21,LinearRegression,14,2008
2008-09-08,2008,9,19.64,17.45,18.643941943259136,2008-09-22,LinearRegression,14,2008
2008-09-09,2008,9,19.48,17.41,18.474555633347144,2008-09-23,LinearRegression,14,2008
2008-09-10,2008,9,19.33,17.35,18.362866006187204,2008-09-24,LinearRegression,14,2008
2008-09-11,2008,9,19.17,17.31,18.23991706383597,2008-09-25,LinearRegression,14,2008
2008-09-12,2008,9,19.01,17.21,18.099146918414483,2008-09-26,LinearRegression,14,2008
2008-09-13,2008,9,18.82,17.18,17.850402762176824,2008-09-27,LinearRegression,14,2008
2008-09-14,2008,9,18.6,17.12,17.627745768250186,2008-09-28,LinearRegression,14,2008
2008-09-15,2008,9,18.4,17.09,17.521651789433058,2008-09-29,LinearRegression,14,2008
2008-09-16,2008,9,18.3,17.08,17.584393707576286,2008-09-30,LinearRegression,14,2008
2008-09-17,2008,9,18.21,17.04,17.5274441980874,2008-10-01,LinearRegression,14,2008
2008-09-18,2008,9,18.04,17.0,17.26902986661384,2008-10-02,LinearRegression,14,2008
2008-09-19,2008,9,17.87,16.99,17.14128162463593,2008-10-03,LinearRegression,14,2008
2008-09-20,2008,9,17.74,16.88,17.13794264484653,2008-10-04,LinearRegression,14,2008
2008-09-21,2008,9,17.53,16.87,16.92871740980248,2008-10-05,LinearRegression,14,2008
2008-09-22,2008,9,17.45,16.95,17.032876423936237,2008-10-06,LinearRegression,14,2008
2008-09-23,2008,9,17.41,16.95,17.019755456583507,2008-10-07,LinearRegression,14,2008
2008-09-24,2008,9,17.35,16.9,16.942890852785887,2008-10-08,LinearRegression,14,2008
2008-09-25,2008,9,17.31,16.9,16.944585466054807,2008-10-09,LinearRegression,14,2008
2008-09-26,2008,9,17.21,16.89,16.76224521851534,2008-10-10,LinearRegression,14,2008
2008-09-27,2008,9,17.18,16.78,16.891722046480446,2008-10-11,LinearRegression,14,2008
2008-09-28,2008,9,17.12,16.71,16.81165629885173,2008-10-12,LinearRegression,14,2008
2008-09-29,2008,9,17.09,16.65,16.799769734556374,2008-10-13,LinearRegression,14,2008
2008-09-30,2008,9,17.08,16.56,16.80497687021968,2008-10-14,LinearRegression,14,2008
2008-10-01,2008,10,17.04,16.47,16.69367398679173,2008-10-15,LinearRegression,14,2008
2008-10-02,2008,10,17.0,16.45,16.673323501037178,2008-10-16,LinearRegression,14,2008
2008-10-03,2008,10,16.99,16.37,16.677934280083655,2008-10-17,LinearRegression,14,2008
2008-10-04,2008,10,16.88,16.26,16.460365916426827,2008-10-18,LinearRegression,14,2008
2008-10-05,2008,10,16.87,16.13,16.57233930400446,2008-10-19,LinearRegression,14,2008
2008-10-06,2008,10,16.95,15.99,16.665541124849646,2008-10-20,LinearRegression,14,2008
2008-10-07,2008,10,16.95,15.89,16.537748389573984,2008-10-21,LinearRegression,14,2008
2008-10-08,2008,10,16.9,15.8,16.459779825196964,2008-10-22,LinearRegression,14,2008
2008-10-09,2008,10,16.9,15.71,16.486019536306507,2008-10-23,LinearRegression,14,2008
2008-10-10,2008,10,16.89,15.63,16.448055855327556,2008-10-24,LinearRegression,14,2008
2008-10-11,2008,10,16.78,15.55,16.2161671073421,2008-10-25,LinearRegression,14,2008
2008-10-12,2008,10,16.71,15.47,16.20885892875103,2008-10-26,LinearRegression,14,2008
2008-10-13,2008,10,16.65,15.43,16.142327666969006,2008-10-27,LinearRegression,14,2008
2008-10-14,2008,10,16.56,15.41,16.03276121397737,2008-10-28,LinearRegression,14,2008
2008-10-15,2008,10,16.47,15.54,15.921343537442004,2008-10-29,LinearRegression,14,2008
2008-10-16,2008,10,16.45,15.72,15.941067585305584,2008-10-30,LinearRegression,14,2008
2008-10-17,2008,10,16.37,15.8,15.804796756434483,2008-10-31,LinearRegression,14,2008
2008-10-18,2008,10,16.26,15.9,15.666183511998604,2008-11-01,LinearRegression,14,2008
2008-10-19,2008,10,16.13,16.11,15.524218755917024,2008-11-02,LinearRegression,14,2008
2008-10-20,2008,10,15.99,16.26,15.413626196746641,2008-11-03,LinearRegression,14,2008
2008-10-21,2008,10,15.89,16.17,15.4083612526581,2008-11-04,LinearRegression,14,2008
2008-10-22,2008,10,15.8,15.95,15.302358348022937,2008-11-05,LinearRegression,14,2008
2008-10-23,2008,10,15.71,15.8,15.203828057313734,2008-11-06,LinearRegression,14,2008
2008-10-24,2008,10,15.63,15.64,15.139092932825358,2008-11-07,LinearRegression,14,2008
2008-10-25,2008,10,15.55,15.45,15.073886268868588,2008-11-08,LinearRegression,14,2008
2008-10-26,2008,10,15.47,15.31,15.02691108960871,2008-11-09,LinearRegression,14,2008
2008-10-27,2008,10,15.43,15.24,15.046007828877617,2008-11-10,LinearRegression,14,2008
2008-10-28,2008,10,15.41,15.17,15.047311812756124,2008-11-11,LinearRegression,14,2008
2008-10-29,2008,10,15.54,15.09,15.253123202663136,2008-11-12,LinearRegression,14,2008
2008-10-30,2008,10,15.72,15.04,15.313723465091984,2008-11-13,LinearRegression,14,2008
2008-10-31,2008,10,15.8,14.99,15.179483988151143,2008-11-14,LinearRegression,14,2008
2008-11-01,2008,11,15.9,14.94,15.225816870982793,2008-11-15,LinearRegression,14,2008
2008-11-02,2008,11,16.11,14.9,15.310840921181097,2008-11-16,LinearRegression,14,2008
2008-11-03,2008,11,16.26,14.85,15.219259158824991,2008-11-17,LinearRegression,14,2008
2008-11-04,2008,11,16.17,14.8,14.995283834211733,2008-11-18,LinearRegression,14,2008
2008-11-05,2008,11,15.95,14.78,14.784100391781362,2008-11-19,LinearRegression,14,2008
2008-11-06,2008,11,15.8,14.76,14.811949623636634,2008-11-20,LinearRegression,14,2008
2008-11-07,2008,11,15.64,14.72,14.65412184098058,2008-11-21,LinearRegression,14,2008
2008-11-08,2008,11,15.45,14.699,14.490166160170451,2008-11-22,LinearRegression,14,2008
2008-11-09,2008,11,15.31,14.67,14.42565890932123,2008-11-23,LinearRegression,14,2008
2008-11-10,2008,11,15.24,14.63,14.415742856602566,2008-11-24,LinearRegression,14,2008
2008-11-11,2008,11,15.17,14.59,14.396991777912286,2008-11-25,LinearRegression,14,2008
2008-11-12,2008,11,15.09,14.57,14.312021960839118,2008-11-26,LinearRegression,14,2008
2008-11-13,2008,11,15.04,14.54,14.309880486061596,2008-11-27,LinearRegression,14,2008
2008-11-14,2008,11,14.99,14.52,14.303082785224401,2008-11-28,LinearRegression,14,2008
2008-11-15,2008,11,14.94,14.5,14.289942939253939,2008-11-29,LinearRegression,14,2008
2008-11-16,2008,11,14.9,14.47,14.261798031902314,2008-11-30,LinearRegression,14,2008
2008-11-17,2008,11,14.85,14.45,14.198748927374346,2008-12-01,LinearRegression,14,2008
2008-11-18,2008,11,14.8,14.42,14.164067676774817,2008-12-02,LinearRegression,14,2008
2008-11-19,2008,11,14.78,14.39,14.1774324330831,2008-12-03,LinearRegression,14,2008
2008-11-20,2008,11,14.76,14.35,14.14970651853266,2008-12-04,LinearRegression,14,2008
2008-11-21,2008,11,14.72,14.33,14.079277824333031,2008-12-05,LinearRegression,14,2008
2008-11-22,2008,11,14.699,14.31,14.071176876103511,2008-12-06,LinearRegression,14,2008
2008-11-23,2008,11,14.67,14.27,14.02997600767574,2008-12-07,LinearRegression,14,2008
2008-11-24,2008,11,14.63,14.26,13.984517047404086,2008-12-08,LinearRegression,14,2008
2008-11-25,2008,11,14.59,14.24,13.937798695564277,2008-12-09,LinearRegression,14,2008
2008-11-26,2008,11,14.57,14.21,13.928823590005505,2008-12-10,LinearRegression,14,2008
2008-11-27,2008,11,14.54,14.2,13.88638122524403,2008-12-11,LinearRegression,14,2008
2008-11-28,2008,11,14.52,14.18,13.863656359491417,2008-12-12,LinearRegression,14,2008
2008-11-29,2008,11,14.5,14.17,13.830505084973389,2008-12-13,LinearRegression,14,2008
2008-11-30,2008,11,14.47,14.15,13.783618705513497,2008-12-14,LinearRegression,14,2008
2008-12-01,2008,12,14.45,14.13,13.777987439001118,2008-12-15,LinearRegression,14,2008
2008-12-02,2008,12,14.42,14.1,13.725851550599476,2008-12-16,LinearRegression,14,2008
2008-12-03,2008,12,14.39,14.08,13.6953945575764,2008-12-17,LinearRegression,14,2008
2008-12-04,2008,12,14.35,14.06,13.639241010573263,2008-12-18,LinearRegression,14,2008
2008-12-05,2008,12,14.33,14.04,13.636105349318653,2008-12-19,LinearRegression,14,2008
2008-12-06,2008,12,14.31,14.02,13.613361904755145,2008-12-20,LinearRegression,14,2008
2008-12-07,2008,12,14.27,14.0,13.538494717209282,2008-12-21,LinearRegression,14,2008
2008-12-08,2008,12,14.26,13.98,13.560682268073055,2008-12-22,LinearRegression,14,2008
2008-12-09,2008,12,14.24,13.97,13.521352518521624,2008-12-23,LinearRegression,14,2008
2008-12-10,2008,12,14.21,13.95,13.483352909778159,2008-12-24,LinearRegression,14,2008
2008-12-11,2008,12,14.2,13.93,13.491060680406617,2008-12-25,LinearRegression,14,2008
2008-12-12,2008,12,14.18,13.91,13.447825066474582,2008-12-26,LinearRegression,14,2008
2008-12-13,2008,12,14.17,13.89,13.456385947705089,2008-12-27,LinearRegression,14,2008
2008-12-14,2008,12,14.15,13.87,13.41199265375159,2008-12-28,LinearRegression,14,2008
2008-12-15,2008,12,14.13,13.85,13.385753834255937,2008-12-29,LinearRegression,14,2008
2008-12-16,2008,12,14.1,13.84,13.35138153711167,2008-12-30,LinearRegression,14,2008
2008-12-17,2008,12,14.08,13.83,13.338368405895796,2008-12-31,LinearRegression,14,2008
2008-12-18,2008,12,14.06,13.81,13.319423362958831,2009-01-01,LinearRegression,14,2008
2008-12-19,2008,12,14.04,13.79,13.290731498070212,2009-01-02,LinearRegression,14,2008
2008-12-20,2008,12,14.02,13.77,13.267753076835755,2009-01-03,LinearRegression,14,2008
2008-12-21,2008,12,14.0,13.75,13.24363186369767,2009-01-04,LinearRegression,14,2008
2008-12-22,2008,12,13.98,13.74,13.228469425142439,2009-01-05,LinearRegression,14,2008
2008-12-23,2008,12,13.97,13.73,13.229212902017752,2009-01-06,LinearRegression,14,2008
2008-12-24,2008,12,13.95,13.71,13.19532648520782,2009-01-07,LinearRegression,14,2008
2008-12-25,2008,12,13.93,13.69,13.175539290526247,2009-01-08,LinearRegression,14,2008
2008-12-26,2008,12,13.91,13.67,13.15765718177977,2009-01-09,LinearRegression,14,2008
2008-12-27,2008,12,13.89,13.66,13.140803174948996,2009-01-10,LinearRegression,14,2008
2008-12-28,2008,12,13.87,13.65,13.126068337213951,2009-01-11,LinearRegression,14,2008
2008-12-29,2008,12,13.85,13.64,13.103039164370086,2009-01-12,LinearRegression,14,2008
2008-12-30,2008,12,13.84,13.62,13.106947113490762,2009-01-13,LinearRegression,14,2008
2008-12-31,2008,12,13.83,13.6,13.097506084267243,2009-01-14,LinearRegression,14,2008
2009-01-01,2009,1,13.81,13.587,13.063960078144742,2009-01-15,LinearRegression,14,2009
2009-01-02,2009,1,13.79,13.56,13.049194138288799,2009-01-16,LinearRegression,14,2009
2009-01-03,2009,1,13.77,13.55,13.035899856328449,2009-01-17,LinearRegression,14,2009
2009-01-04,2009,1,13.75,13.54,13.024655330040906,2009-01-18,LinearRegression,14,2009
2009-01-05,2009,1,13.74,13.53,13.029428286762855,2009-01-19,LinearRegression,14,2009
2009-01-06,2009,1,13.73,13.51,13.017264404110666,2009-01-20,LinearRegression,14,2009
2009-01-07,2009,1,13.71,13.49,12.988454663207587,2009-01-21,LinearRegression,14,2009
2009-01-08,2009,1,13.69,13.47,12.97669986599664,2009-01-22,LinearRegression,14,2009
2009-01-09,2009,1,13.67,13.46,12.966422253709247,2009-01-23,LinearRegression,14,2009
2009-01-10,2009,1,13.66,13.45,12.979260396785758,2009-01-24,LinearRegression,14,2009
2009-01-11,2009,1,13.65,13.44,12.972231946530654,2009-01-25,LinearRegression,14,2009
2009-01-12,2009,1,13.64,13.43,12.963320289809344,2009-01-26,LinearRegression,14,2009
2009-01-13,2009,1,13.62,13.43,12.938015958316823,2009-01-27,LinearRegression,14,2009
2009-01-14,2009,1,13.6,13.42,12.930527679815091,2009-01-28,LinearRegression,14,2009
2009-01-15,2009,1,13.587,13.41,12.940200190746928,2009-01-29,LinearRegression,14,2009
2009-01-16,2009,1,13.56,13.4,12.905276514922708,2009-01-30,LinearRegression,14,2009
2009-01-17,2009,1,13.55,13.39,12.926230827750592,2009-01-31,LinearRegression,14,2009
2009-01-18,2009,1,13.54,13.37,12.920392536509478,2009-02-01,LinearRegression,14,2009
2009-01-19,2009,1,13.53,13.37,12.919546360612651,2009-02-02,LinearRegression,14,2009
2009-01-20,2009,1,13.51,13.36,12.899190550180942,2009-02-03,LinearRegression,14,2009
2009-01-21,2009,1,13.49,13.36,12.890824021298412,2009-02-04,LinearRegression,14,2009
2009-01-22,2009,1,13.47,13.36,12.891742005717802,2009-02-05,LinearRegression,14,2009
2009-01-23,2009,1,13.46,13.36,12.907148385470503,2009-02-06,LinearRegression,14,2009
2009-01-24,2009,1,13.45,13.36,12.905997492732721,2009-02-07,LinearRegression,14,2009
2009-01-25,2009,1,13.44,13.36,12.903597284761549,2009-02-08,LinearRegression,14,2009
2009-01-26,2009,1,13.43,13.35,12.906192083891542,2009-02-09,LinearRegression,14,2009
2009-01-27,2009,1,13.43,13.35,12.932271084701423,2009-02-10,LinearRegression,14,2009
2009-01-28,2009,1,13.42,13.34,12.924385674566356,2009-02-11,LinearRegression,14,2009
2009-01-29,2009,1,13.41,13.33,12.928689860439322,2009-02-12,LinearRegression,14,2009
2009-01-30,2009,1,13.4,13.31,12.933018677316207,2009-02-13,LinearRegression,14,2009
2009-01-31,2009,1,13.39,13.29,12.938445695710392,2009-02-14,LinearRegression,14,2009
2009-02-01,2009,2,13.37,13.27,12.924333811386497,2009-02-15,LinearRegression,14,2009
2009-02-02,2009,2,13.37,13.25,12.960997974845949,2009-02-16,LinearRegression,14,2009
2009-02-03,2009,2,13.36,13.23,12.95083176442784,2009-02-17,LinearRegression,14,2009
2009-02-04,2009,2,13.36,13.22,12.978220420502087,2009-02-18,LinearRegression,14,2009
2009-02-05,2009,2,13.36,13.21,12.99118185925012,2009-02-19,LinearRegression,14,2009
2009-02-06,2009,2,13.36,13.2,13.004055994248562,2009-02-20,LinearRegression,14,2009
2009-02-07,2009,2,13.36,13.19,13.023824370651795,2009-02-21,LinearRegression,14,2009
2009-02-08,2009,2,13.36,13.17,13.036763009830707,2009-02-22,LinearRegression,14,2009
2009-02-09,2009,2,13.35,13.15,13.033304498970486,2009-02-23,LinearRegression,14,2009
2009-02-10,2009,2,13.35,13.14,13.06281990644294,2009-02-24,LinearRegression,14,2009
2009-02-11,2009,2,13.34,13.13,13.0559077557783,2009-02-25,LinearRegression,14,2009
2009-02-12,2009,2,13.33,13.12,13.064354761464307,2009-02-26,LinearRegression,14,2009
2009-02-13,2009,2,13.31,13.11,13.051433218787018,2009-02-27,LinearRegression,14,2009
2009-02-14,2009,2,13.29,13.1,13.052404654583484,2009-02-28,LinearRegression,14,2009
2009-02-15,2009,2,13.27,13.12,13.058532253059543,2009-03-01,LinearRegression,14,2009
2009-02-16,2009,2,13.25,13.15,13.058096908643817,2009-03-02,LinearRegression,14,2009
2009-02-17,2009,2,13.23,13.17,13.060958998563175,2009-03-03,LinearRegression,14,2009
2009-02-18,2009,2,13.22,13.2,13.084079629576683,2009-03-04,LinearRegression,14,2009
2009-02-19,2009,2,13.21,13.26,13.097012873970082,2009-03-05,LinearRegression,14,2009
2009-02-20,2009,2,13.2,13.35,13.111102894081409,2009-03-06,LinearRegression,14,2009
2009-02-21,2009,2,13.19,13.45,13.125961667415556,2009-03-07,LinearRegression,14,2009
2009-02-22,2009,2,13.17,13.5,13.120946002747178,2009-03-08,LinearRegression,14,2009
2009-02-23,2009,2,13.15,13.52,13.13420303520721,2009-03-09,LinearRegression,14,2009
2009-02-24,2009,2,13.14,13.53,13.164093509750032,2009-03-10,LinearRegression,14,2009
2009-02-25,2009,2,13.13,13.5,13.178146489248537,2009-03-11,LinearRegression,14,2009
2009-02-26,2009,2,13.12,13.46,13.191727563993313,2009-03-12,LinearRegression,14,2009
2009-02-27,2009,2,13.11,13.44,13.20416648079608,2009-03-13,LinearRegression,14,2009
2009-02-28,2009,2,13.1,13.42,13.221921731463562,2009-03-14,LinearRegression,14,2009
2009-03-01,2009,3,13.12,13.39,13.295123341489916,2009-03-15,LinearRegression,14,2009
2009-03-02,2009,3,13.15,13.37,13.333635170157622,2009-03-16,LinearRegression,14,2009
2009-03-03,2009,3,13.17,13.38,13.34230886932437,2009-03-17,LinearRegression,14,2009
2009-03-04,2009,3,13.2,13.4,13.383269044748042,2009-03-18,LinearRegression,14,2009
2009-03-05,2009,3,13.26,13.43,13.439690661282063,2009-03-19,LinearRegression,14,2009
2009-03-06,2009,3,13.35,13.45,13.493031621345219,2009-03-20,LinearRegression,14,2009
2009-03-07,2009,3,13.45,13.46,13.544353964699443,2009-03-21,LinearRegression,14,2009
2009-03-08,2009,3,13.5,13.47,13.55043921657004,2009-03-22,LinearRegression,14,2009
2009-03-09,2009,3,13.52,13.47,13.586098810489567,2009-03-23,LinearRegression,14,2009
2009-03-10,2009,3,13.53,13.45,13.629481805004904,2009-03-24,LinearRegression,14,2009
2009-03-11,2009,3,13.5,13.43,13.61077120256519,2009-03-25,LinearRegression,14,2009
2009-03-12,2009,3,13.46,13.41,13.627541000191489,2009-03-26,LinearRegression,14,2009
2009-03-13,2009,3,13.44,13.4,13.70148142953764,2009-03-27,LinearRegression,14,2009
2009-03-14,2009,3,13.42,13.4,13.71263521124766,2009-03-28,LinearRegression,14,2009
2009-03-15,2009,3,13.39,13.39,13.702118915487356,2009-03-29,LinearRegression,14,2009
2009-03-16,2009,3,13.37,13.39,13.72079782656516,2009-03-30,LinearRegression,14,2009
2009-03-17,2009,3,13.38,13.39,13.792704715720282,2009-03-31,LinearRegression,14,2009
2009-03-18,2009,3,13.4,13.38,13.843971968732731,2009-04-01,LinearRegression,14,2009
2009-03-19,2009,3,13.43,13.39,13.901429692094917,2009-04-02,LinearRegression,14,2009
2009-03-20,2009,3,13.45,13.5,13.917042046030911,2009-04-03,LinearRegression,14,2009
2009-03-21,2009,3,13.46,13.54,13.938487972408481,2009-04-04,LinearRegression,14,2009
2009-03-22,2009,3,13.47,13.55,13.972766056609165,2009-04-05,LinearRegression,14,2009
2009-03-23,2009,3,13.47,13.54,13.99702136393958,2009-04-06,LinearRegression,14,2009
2009-03-24,2009,3,13.45,13.54,13.995611664141654,2009-04-07,LinearRegression,14,2009
2009-03-25,2009,3,13.43,13.6,14.026371154682748,2009-04-08,LinearRegression,14,2009
2009-03-26,2009,3,13.41,13.7,14.0403278188503,2009-04-09,LinearRegression,14,2009
2009-03-27,2009,3,13.4,13.82,14.076698117080955,2009-04-10,LinearRegression,14,2009
2009-03-28,2009,3,13.4,13.87,14.118354965307779,2009-04-11,LinearRegression,14,2009
2009-03-29,2009,3,13.39,13.89,14.117135826237266,2009-04-12,LinearRegression,14,2009
2009-03-30,2009,3,13.39,13.83,14.162385445060368,2009-04-13,LinearRegression,14,2009
2009-03-31,2009,3,13.39,13.85,14.195176608204475,2009-04-14,LinearRegression,14,2009
2009-04-01,2009,4,13.38,13.93,14.208322610912717,2009-04-15,LinearRegression,14,2009
2009-04-02,2009,4,13.39,13.99,14.272544877701089,2009-04-16,LinearRegression,14,2009
2009-04-03,2009,4,13.5,14.07,14.410614897572811,2009-04-17,LinearRegression,14,2009
2009-04-04,2009,4,13.54,14.16,14.348368441294399,2009-04-18,LinearRegression,14,2009
2009-04-05,2009,4,13.55,14.22,14.38701203819872,2009-04-19,LinearRegression,14,2009
2009-04-06,2009,4,13.54,14.28,14.409120417326799,2009-04-20,LinearRegression,14,2009
2009-04-07,2009,4,13.54,14.32,14.452939636462006,2009-04-21,LinearRegression,14,2009
2009-04-08,2009,4,13.6,14.3,14.536724480189408,2009-04-22,LinearRegression,14,2009
2009-04-09,2009,4,13.7,14.21,14.637735305542943,2009-04-23,LinearRegression,14,2009
2009-04-10,2009,4,13.82,14.28,14.71034492707738,2009-04-24,LinearRegression,14,2009
2009-04-11,2009,4,13.87,14.43,14.687472177785068,2009-04-25,LinearRegression,14,2009
2009-04-12,2009,4,13.89,14.63,14.729995413918719,2009-04-26,LinearRegression,14,2009
2009-04-13,2009,4,13.83,14.71,14.639584930509795,2009-04-27,LinearRegression,14,2009
2009-04-14,2009,4,13.85,14.71,14.807606280744311,2009-04-28,LinearRegression,14,2009
2009-04-15,2009,4,13.93,14.62,14.932941583777358,2009-04-29,LinearRegression,14,2009
2009-04-16,2009,4,13.99,14.73,14.97100424914945,2009-04-30,LinearRegression,14,2009
2009-04-17,2009,4,14.07,14.82,15.043010797808606,2009-05-01,LinearRegression,14,2009
2009-04-18,2009,4,14.16,14.91,15.094637014929624,2009-05-02,LinearRegression,14,2009
2009-04-19,2009,4,14.22,14.86,15.100928367757936,2009-05-03,LinearRegression,14,2009
2009-04-20,2009,4,14.28,14.85,15.163461641096994,2009-05-04,LinearRegression,14,2009
2009-04-21,2009,4,14.32,14.82,15.218473913070909,2009-05-05,LinearRegression,14,2009
2009-04-22,2009,4,14.3,14.77,15.20467092868416,2009-05-06,LinearRegression,14,2009
2009-04-23,2009,4,14.21,14.76,15.126090008906175,2009-05-07,LinearRegression,14,2009
2009-04-24,2009,4,14.28,14.74,15.428651372182129,2009-05-08,LinearRegression,14,2009
2009-04-25,2009,4,14.43,14.73,15.539172827947626,2009-05-09,LinearRegression,14,2009
2009-04-26,2009,4,14.63,14.71,15.614463463003784,2009-05-10,LinearRegression,14,2009
2009-04-27,2009,4,14.71,14.79,15.546498758428301,2009-05-11,LinearRegression,14,2009
2009-04-28,2009,4,14.71,14.87,15.569431510005412,2009-05-12,LinearRegression,14,2009
2009-04-29,2009,4,14.62,14.92,15.453434371904516,2009-05-13,LinearRegression,14,2009
2009-04-30,2009,4,14.73,14.95,15.807513107166827,2009-05-14,LinearRegression,14,2009
2009-05-01,2009,5,14.82,15.03,15.79426961638214,2009-05-15,LinearRegression,14,2009
2009-05-02,2009,5,14.91,15.11,15.911509203738115,2009-05-16,LinearRegression,14,2009
2009-05-03,2009,5,14.86,15.19,15.771060328308158,2009-05-17,LinearRegression,14,2009
2009-05-04,2009,5,14.85,15.22,15.874697150553327,2009-05-18,LinearRegression,14,2009
2009-05-05,2009,5,14.82,15.17,15.842740218666627,2009-05-19,LinearRegression,14,2009
2009-05-06,2009,5,14.77,14.99,15.863095820915703,2009-05-20,LinearRegression,14,2009
2009-05-07,2009,5,14.76,14.95,15.955807153603384,2009-05-21,LinearRegression,14,2009
2009-05-08,2009,5,14.74,14.91,15.962934822210418,2009-05-22,LinearRegression,14,2009
2009-05-09,2009,5,14.73,14.87,16.00505930542346,2009-05-23,LinearRegression,14,2009
2009-05-10,2009,5,14.71,14.8,15.998426320475172,2009-05-24,LinearRegression,14,2009
2009-05-11,2009,5,14.79,14.8,16.183786805565152,2009-05-25,LinearRegression,14,2009
2009-05-12,2009,5,14.87,14.83,16.187721393724377,2009-05-26,LinearRegression,14,2009
2009-05-13,2009,5,14.92,15.07,16.198477409401065,2009-05-27,LinearRegression,14,2009
2009-05-14,2009,5,14.95,16.29,16.22936425274371,2009-05-28,LinearRegression,14,2009
2009-05-15,2009,5,15.03,16.4,16.319477128876702,2009-05-29,LinearRegression,14,2009
2009-05-16,2009,5,15.11,16.2,16.330897811935284,2009-05-30,LinearRegression,14,2009
2009-05-17,2009,5,15.19,15.98,16.403663695695613,2009-05-31,LinearRegression,14,2009
2009-05-18,2009,5,15.22,15.93,16.42831956221256,2009-06-01,LinearRegression,14,2009
2009-05-19,2009,5,15.17,15.99,16.37400177007916,2009-06-02,LinearRegression,14,2009
2009-05-20,2009,5,14.99,16.05,16.148198389207355,2009-06-03,LinearRegression,14,2009
2009-05-21,2009,5,14.95,16.01,16.35609641401122,2009-06-04,LinearRegression,14,2009
2009-05-22,2009,5,14.91,15.92,16.35541632714488,2009-06-05,LinearRegression,14,2009
2009-05-23,2009,5,14.87,15.87,16.35587349824439,2009-06-06,LinearRegression,14,2009
2009-05-24,2009,5,14.8,15.85,16.261436663985737,2009-06-07,LinearRegression,14,2009
2009-05-25,2009,5,14.8,15.85,16.363187852502048,2009-06-08,LinearRegression,14,2009
2009-05-26,2009,5,14.83,15.82,16.485361922726735,2009-06-09,LinearRegression,14,2009
2009-05-27,2009,5,15.07,15.82,16.797985058939336,2009-06-10,LinearRegression,14,2009
2009-05-28,2009,5,16.29,15.75,17.850703491409345,2009-06-11,LinearRegression,14,2009
2009-05-29,2009,5,16.4,15.74,16.58837726873525,2009-06-12,LinearRegression,14,2009
2009-05-30,2009,5,16.2,15.82,16.63198909543787,2009-06-13,LinearRegression,14,2009
2009-05-31,2009,5,15.98,15.89,16.571686924091615,2009-06-14,LinearRegression,14,2009
2009-06-01,2009,6,15.93,16.06,16.73375311964834,2009-06-15,LinearRegression,14,2009
2009-06-02,2009,6,15.99,16.24,16.920304186652608,2009-06-16,LinearRegression,14,2009
2009-06-03,2009,6,16.05,16.46,17.318840885243088,2009-06-17,LinearRegression,14,2009
2009-06-04,2009,6,16.01,16.57,17.119796424737288,2009-06-18,LinearRegression,14,2009
2009-06-05,2009,6,15.92,16.57,17.077404056981727,2009-06-19,LinearRegression,14,2009
2009-06-06,2009,6,15.87,16.43,17.15891797018053,2009-06-20,LinearRegression,14,2009
2009-06-07,2009,6,15.85,16.26,17.20602006599871,2009-06-21,LinearRegression,14,2009
2009-06-08,2009,6,15.85,16.22,17.265339434403682,2009-06-22,LinearRegression,14,2009
2009-06-09,2009,6,15.82,16.11,17.21536547599251,2009-06-23,LinearRegression,14,2009
2009-06-10,2009,6,15.82,16.22,17.26540802043728,2009-06-24,LinearRegression,14,2009
2009-06-11,2009,6,15.75,16.27,17.153834452144196,2009-06-25,LinearRegression,14,2009
2009-06-12,2009,6,15.74,16.31,17.274801239759185,2009-06-26,LinearRegression,14,2009
2009-06-13,2009,6,15.82,16.22,17.433784872672362,2009-06-27,LinearRegression,14,2009
2009-06-14,2009,6,15.89,16.3,17.420349117680473,2009-06-28,LinearRegression,14,2009
2009-06-15,2009,6,16.06,16.67,17.542787560851007,2009-06-29,LinearRegression,14,2009
2009-06-16,2009,6,16.24,16.84,17.570068912446736,2009-06-30,LinearRegression,14,2009
2009-06-17,2009,6,16.46,17.07,17.65261190664342,2009-07-01,LinearRegression,14,2009
2009-06-18,2009,6,16.57,17.6,17.587696698856416,2009-07-02,LinearRegression,14,2009
2009-06-19,2009,6,16.57,17.98,17.603049806020742,2009-07-03,LinearRegression,14,2009
2009-06-20,2009,6,16.43,18.57,17.407925108952853,2009-07-04,LinearRegression,14,2009
2009-06-21,2009,6,16.26,18.67,17.35109672655363,2009-07-05,LinearRegression,14,2009
2009-06-22,2009,6,16.22,18.83,17.578525498420124,2009-07-06,LinearRegression,14,2009
2009-06-23,2009,6,16.11,18.91,17.424809370506953,2009-07-07,LinearRegression,14,2009
2009-06-24,2009,6,16.22,18.83,17.76571706605371,2009-07-08,LinearRegression,14,2009
2009-06-25,2009,6,16.27,18.57,17.627360646896193,2009-07-09,LinearRegression,14,2009
2009-06-26,2009,6,16.31,18.44,17.69207373237362,2009-07-10,LinearRegression,14,2009
2009-06-27,2009,6,16.22,18.32,17.544480555171635,2009-07-11,LinearRegression,14,2009
2009-06-28,2009,6,16.3,18.28,17.830163898739425,2009-07-12,LinearRegression,14,2009
2009-06-29,2009,6,16.67,18.25,18.0887311637986,2009-07-13,LinearRegression,14,2009
2009-06-30,2009,6,16.84,18.2,17.91381751520371,2009-07-14,LinearRegression,14,2009
2009-07-01,2009,7,17.07,18.17,18.10080718909206,2009-07-15,LinearRegression,14,2009
2009-07-02,2009,7,17.6,18.09,18.448338523427662,2009-07-16,LinearRegression,14,2009
2009-07-03,2009,7,17.98,17.99,18.270835193887955,2009-07-17,LinearRegression,14,2009
2009-07-04,2009,7,18.57,17.86,18.648230012644245,2009-07-18,LinearRegression,14,2009
2009-07-05,2009,7,18.67,17.74,18.38789267044389,2009-07-19,LinearRegression,14,2009
2009-07-06,2009,7,18.83,17.58,18.733482855061787,2009-07-20,LinearRegression,14,2009
2009-07-07,2009,7,18.91,17.39,18.73494980304619,2009-07-21,LinearRegression,14,2009
2009-07-08,2009,7,18.83,17.32,18.737492931742704,2009-07-22,LinearRegression,14,2009
2009-07-09,2009,7,18.57,17.27,18.45271073396327,2009-07-23,LinearRegression,14,2009
2009-07-10,2009,7,18.44,17.19,18.745818541221205,2009-07-24,LinearRegression,14,2009
2009-07-11,2009,7,18.32,17.16,18.649935727313252,2009-07-25,LinearRegression,14,2009
2009-07-12,2009,7,18.28,17.12,18.75917693141586,2009-07-26,LinearRegression,14,2009
2009-07-13,2009,7,18.25,17.12,18.722568146582415,2009-07-27,LinearRegression,14,2009
2009-07-14,2009,7,18.2,17.4,18.616280328862178,2009-07-28,LinearRegression,14,2009
2009-07-15,2009,7,18.17,17.72,18.687007082018994,2009-07-29,LinearRegression,14,2009
2009-07-16,2009,7,18.09,17.93,18.594372155593348,2009-07-30,LinearRegression,14,2009
2009-07-17,2009,7,17.99,18.15,18.545388403954853,2009-07-31,LinearRegression,14,2009
2009-07-18,2009,7,17.86,18.36,18.42993152261054,2009-08-01,LinearRegression,14,2009
2009-07-19,2009,7,17.74,18.42,18.362564070298976,2009-08-02,LinearRegression,14,2009
2009-07-20,2009,7,17.58,18.39,18.198822516919623,2009-08-03,LinearRegression,14,2009
2009-07-21,2009,7,17.39,18.33,18.00946251204219,2009-08-04,LinearRegression,14,2009
2009-07-22,2009,7,17.32,18.34,18.129646272737695,2009-08-05,LinearRegression,14,2009
2009-07-23,2009,7,17.27,18.39,18.118654191406435,2009-08-06,LinearRegression,14,2009
2009-07-24,2009,7,17.19,18.45,18.024924472949373,2009-08-07,LinearRegression,14,2009
2009-07-25,2009,7,17.16,18.42,18.076275889761693,2009-08-08,LinearRegression,14,2009
2009-07-26,2009,7,17.12,18.41,18.04991700024471,2009-08-09,LinearRegression,14,2009
2009-07-27,2009,7,17.12,18.36,18.162012269718588,2009-08-10,LinearRegression,14,2009
2009-07-28,2009,7,17.4,18.32,18.578759240323745,2009-08-11,LinearRegression,14,2009
2009-07-29,2009,7,17.72,18.25,18.53677331024278,2009-08-12,LinearRegression,14,2009
2009-07-30,2009,7,17.93,18.24,18.45781947212996,2009-08-13,LinearRegression,14,2009
2009-07-31,2009,7,18.15,18.4,18.56489559778971,2009-08-14,LinearRegression,14,2009
2009-08-01,2009,8,18.36,18.54,18.588303350669204,2009-08-15,LinearRegression,14,2009
2009-08-02,2009,8,18.42,18.55,18.45416000194099,2009-08-16,LinearRegression,14,2009
2009-08-03,2009,8,18.39,19.04,18.517005376390706,2009-08-17,LinearRegression,14,2009
2009-08-04,2009,8,18.33,19.27,18.561076613355823,2009-08-18,LinearRegression,14,2009
2009-08-05,2009,8,18.34,19.27,18.6916887875314,2009-08-19,LinearRegression,14,2009
2009-08-06,2009,8,18.39,19.15,18.798373486765808,2009-08-20,LinearRegression,14,2009
2009-08-07,2009,8,18.45,19.33,18.861038872255477,2009-08-21,LinearRegression,14,2009
2009-08-08,2009,8,18.42,19.4,18.731654516393995,2009-08-22,LinearRegression,14,2009
2009-08-09,2009,8,18.41,19.29,18.74810489826627,2009-08-23,LinearRegression,14,2009
2009-08-10,2009,8,18.36,19.23,18.64757555633105,2009-08-24,LinearRegression,14,2009
2009-08-11,2009,8,18.32,19.2,18.63138325559076,2009-08-25,LinearRegression,14,2009
2009-08-12,2009,8,18.25,19.19,18.533871660909462,2009-08-26,LinearRegression,14,2009
2009-08-13,2009,8,18.24,19.18,18.60571256292004,2009-08-27,LinearRegression,14,2009
2009-08-14,2009,8,18.4,19.16,18.85497854077955,2009-08-28,LinearRegression,14,2009
2009-08-15,2009,8,18.54,19.13,18.76596838248269,2009-08-29,LinearRegression,14,2009
2009-08-16,2009,8,18.55,19.03,18.63666960937549,2009-08-30,LinearRegression,14,2009
2009-08-17,2009,8,19.04,18.94,19.172231806319235,2009-08-31,LinearRegression,14,2009
2009-08-18,2009,8,19.27,18.79,18.802522152048727,2009-09-01,LinearRegression,14,2009
2009-08-19,2009,8,19.27,18.67,18.70636834591026,2009-09-02,LinearRegression,14,2009
2009-08-20,2009,8,19.15,18.55,18.65132003884607,2009-09-03,LinearRegression,14,2009
2009-08-21,2009,8,19.33,18.4,19.12528583802582,2009-09-04,LinearRegression,14,2009
2009-08-22,2009,8,19.4,18.29,18.85563678569046,2009-09-05,LinearRegression,14,2009
2009-08-23,2009,8,19.29,18.07,18.783509278322988,2009-09-06,LinearRegression,14,2009
2009-08-24,2009,8,19.23,17.96,18.85092971587193,2009-09-07,LinearRegression,14,2009
2009-08-25,2009,8,19.2,17.74,18.839626831582258,2009-09-08,LinearRegression,14,2009
2009-08-26,2009,8,19.19,17.61,18.818476633249492,2009-09-09,LinearRegression,14,2009
2009-08-27,2009,8,19.18,17.52,18.840616783747386,2009-09-10,LinearRegression,14,2009
2009-08-28,2009,8,19.16,17.31,18.780119799684268,2009-09-11,LinearRegression,14,2009
2009-08-29,2009,8,19.13,17.25,18.743320191027678,2009-09-12,LinearRegression,14,2009
2009-08-30,2009,8,19.03,17.14,18.582192472515317,2009-09-13,LinearRegression,14,2009
2009-08-31,2009,8,18.94,17.14,18.536328966034286,2009-09-14,LinearRegression,14,2009
2009-09-01,2009,9,18.79,17.07,18.33095928757972,2009-09-15,LinearRegression,14,2009
2009-09-02,2009,9,18.67,17.0,18.26648571600564,2009-09-16,LinearRegression,14,2009
2009-09-03,2009,9,18.55,16.94,18.14867213310304,2009-09-17,LinearRegression,14,2009
2009-09-04,2009,9,18.4,16.93,17.95706782396404,2009-09-18,LinearRegression,14,2009
2009-09-05,2009,9,18.29,16.99,17.92401350247516,2009-09-19,LinearRegression,14,2009
2009-09-06,2009,9,18.07,17.2,17.587786164742305,2009-09-20,LinearRegression,14,2009
2009-09-07,2009,9,17.96,17.3,17.680985541801263,2009-09-21,LinearRegression,14,2009
2009-09-08,2009,9,17.74,17.3,17.361894130903924,2009-09-22,LinearRegression,14,2009
2009-09-09,2009,9,17.61,17.23,17.39181221931795,2009-09-23,LinearRegression,14,2009
2009-09-10,2009,9,17.52,17.31,17.383313858062383,2009-09-24,LinearRegression,14,2009
2009-09-11,2009,9,17.31,17.51,17.027610644429547,2009-09-25,LinearRegression,14,2009
2009-09-12,2009,9,17.25,17.63,17.232649079357866,2009-09-26,LinearRegression,14,2009
2009-09-13,2009,9,17.14,17.65,17.054218323259697,2009-09-27,LinearRegression,14,2009
2009-09-14,2009,9,17.14,17.57,17.242382760462128,2009-09-28,LinearRegression,14,2009
2009-09-15,2009,9,17.07,17.46,17.089499893257376,2009-09-29,LinearRegression,14,2009
2009-09-16,2009,9,17.0,17.24,17.009738781969084,2009-09-30,LinearRegression,14,2009
2009-09-17,2009,9,16.94,17.12,17.021264832836728,2009-10-01,LinearRegression,14,2009
2009-09-18,2009,9,16.93,17.02,17.073457059757914,2009-10-02,LinearRegression,14,2009
2009-09-19,2009,9,16.99,16.92,17.189346670888195,2009-10-03,LinearRegression,14,2009
2009-09-20,2009,9,17.2,16.76,17.374848322851825,2009-10-04,LinearRegression,14,2009
2009-09-21,2009,9,17.3,16.62,17.18099424326785,2009-10-05,LinearRegression,14,2009
2009-09-22,2009,9,17.3,16.47,17.116742557632175,2009-10-06,LinearRegression,14,2009
2009-09-23,2009,9,17.23,16.36,17.003594061830643,2009-10-07,LinearRegression,14,2009
2009-09-24,2009,9,17.31,16.62,17.20436387850698,2009-10-08,LinearRegression,14,2009
2009-09-25,2009,9,17.51,17.56,17.25025183566473,2009-10-09,LinearRegression,14,2009
2009-09-26,2009,9,17.63,17.67,17.2178218111246,2009-10-10,LinearRegression,14,2009
2009-09-27,2009,9,17.65,17.41,17.161173760622805,2009-10-11,LinearRegression,14,2009
2009-09-28,2009,9,17.57,17.26,17.00949728602758,2009-10-12,LinearRegression,14,2009
2009-09-29,2009,9,17.46,17.14,16.87510722486286,2009-10-13,LinearRegression,14,2009
2009-09-30,2009,9,17.24,17.21,16.61148778141503,2009-10-14,LinearRegression,14,2009
2009-10-01,2009,10,17.12,17.33,16.669378674184763,2009-10-15,LinearRegression,14,2009
2009-10-02,2009,10,17.02,17.34,16.605631970052542,2009-10-16,LinearRegression,14,2009
2009-10-03,2009,10,16.92,17.25,16.465024564307406,2009-10-17,LinearRegression,14,2009
2009-10-04,2009,10,16.76,17.08,16.220753407629008,2009-10-18,LinearRegression,14,2009
2009-10-05,2009,10,16.62,16.9,16.1189064977595,2009-10-19,LinearRegression,14,2009
2009-10-06,2009,10,16.47,16.68,16.034848740212315,2009-10-20,LinearRegression,14,2009
2009-10-07,2009,10,16.36,16.48,16.017470485565813,2009-10-21,LinearRegression,14,2009
2009-10-08,2009,10,16.62,16.27,16.553935725276773,2009-10-22,LinearRegression,14,2009
2009-10-09,2009,10,17.56,16.16,17.310756499446992,2009-10-23,LinearRegression,14,2009
2009-10-10,2009,10,17.67,16.08,16.286420461845335,2009-10-24,LinearRegression,14,2009
2009-10-11,2009,10,17.41,16.0,16.029972610666697,2009-10-25,LinearRegression,14,2009
2009-10-12,2009,10,17.26,15.96,16.12021881566211,2009-10-26,LinearRegression,14,2009
2009-10-13,2009,10,17.14,15.93,16.006296771367175,2009-10-27,LinearRegression,14,2009
2009-10-14,2009,10,17.21,15.8,16.308629471371656,2009-10-28,LinearRegression,14,2009
2009-10-15,2009,10,17.33,15.73,16.61926371528464,2009-10-29,LinearRegression,14,2009
2009-10-16,2009,10,17.34,15.65,16.386273633144103,2009-10-30,LinearRegression,14,2009
2009-10-17,2009,10,17.25,15.58,16.294330901851197,2009-10-31,LinearRegression,14,2009
2009-10-18,2009,10,17.08,15.49,16.097960981068404,2009-11-01,LinearRegression,14,2009
2009-10-19,2009,10,16.9,15.42,15.91846823414278,2009-11-02,LinearRegression,14,2009
2009-10-20,2009,10,16.68,15.37,15.712718625773649,2009-11-03,LinearRegression,14,2009
2009-10-21,2009,10,16.48,15.28,15.592706372333167,2009-11-04,LinearRegression,14,2009
2009-10-22,2009,10,16.27,15.22,15.354317250223106,2009-11-05,LinearRegression,14,2009
2009-10-23,2009,10,16.16,15.17,15.369602640781483,2009-11-06,LinearRegression,14,2009
2009-10-24,2009,10,16.08,15.13,15.336837192947112,2009-11-07,LinearRegression,14,2009
2009-10-25,2009,10,16.0,15.07,15.263861998251627,2009-11-08,LinearRegression,14,2009
2009-10-26,2009,10,15.96,15.04,15.301107098600566,2009-11-09,LinearRegression,14,2009
2009-10-27,2009,10,15.93,15.01,15.302662348381963,2009-11-10,LinearRegression,14,2009
2009-10-28,2009,10,15.8,14.95,15.097736942302864,2009-11-11,LinearRegression,14,2009
2009-10-29,2009,10,15.73,14.9,15.148472710617227,2009-11-12,LinearRegression,14,2009
2009-10-30,2009,10,15.65,14.85,15.071144671368884,2009-11-13,LinearRegression,14,2009
2009-10-31,2009,10,15.58,14.8,15.032865363512505,2009-11-14,LinearRegression,14,2009
2009-11-01,2009,11,15.49,14.74,14.91335520685639,2009-11-15,LinearRegression,14,2009
2009-11-02,2009,11,15.42,14.7,14.846025135732997,2009-11-16,LinearRegression,14,2009
2009-11-03,2009,11,15.37,14.67,14.843740782212931,2009-11-17,LinearRegression,14,2009
2009-11-04,2009,11,15.28,14.63,14.706483690846735,2009-11-18,LinearRegression,14,2009
2009-11-05,2009,11,15.22,14.62,14.695752789430863,2009-11-19,LinearRegression,14,2009
2009-11-06,2009,11,15.17,14.6,14.655838735656426,2009-11-20,LinearRegression,14,2009
2009-11-07,2009,11,15.13,14.59,14.63481611250665,2009-11-21,LinearRegression,14,2009
2009-11-08,2009,11,15.07,14.57,14.550808044393046,2009-11-22,LinearRegression,14,2009
2009-11-09,2009,11,15.04,14.55,14.547371738581223,2009-11-23,LinearRegression,14,2009
2009-11-10,2009,11,15.01,14.63,14.521153315995978,2009-11-24,LinearRegression,14,2009
2009-11-11,2009,11,14.95,14.95,14.424423685234238,2009-11-25,LinearRegression,14,2009
2009-11-12,2009,11,14.9,15.0,14.390773419165694,2009-11-26,LinearRegression,14,2009
2009-11-13,2009,11,14.85,15.0,14.335716109964707,2009-11-27,LinearRegression,14,2009
2009-11-14,2009,11,14.8,14.87,14.293518232679256,2009-11-28,LinearRegression,14,2009
2009-11-15,2009,11,14.74,14.73,14.215790558228873,2009-11-29,LinearRegression,14,2009
2009-11-16,2009,11,14.7,14.64,14.188825506371455,2009-11-30,LinearRegression,14,2009
2009-11-17,2009,11,14.67,14.61,14.16801068242791,2009-12-01,LinearRegression,14,2009
2009-11-18,2009,11,14.63,14.52,14.108653409144797,2009-12-02,LinearRegression,14,2009
2009-11-19,2009,11,14.62,14.48,14.128356881461615,2009-12-03,LinearRegression,14,2009
2009-11-20,2009,11,14.6,14.4,14.082384860603998,2009-12-04,LinearRegression,14,2009
2009-11-21,2009,11,14.59,14.38,14.081859040232994,2009-12-05,LinearRegression,14,2009
2009-11-22,2009,11,14.57,14.35,14.040049586887571,2009-12-06,LinearRegression,14,2009
2009-11-23,2009,11,14.55,14.31,14.009245988271573,2009-12-07,LinearRegression,14,2009
2009-11-24,2009,11,14.63,14.29,14.159526516602673,2009-12-08,LinearRegression,14,2009
2009-11-25,2009,11,14.95,14.27,14.367937542270694,2009-12-09,LinearRegression,14,2009
2009-11-26,2009,11,15.0,14.25,14.034004330992449,2009-12-10,LinearRegression,14,2009
2009-11-27,2009,11,15.0,14.22,14.098488924848438,2009-12-11,LinearRegression,14,2009
2009-11-28,2009,11,14.87,14.2,13.858382929166378,2009-12-12,LinearRegression,14,2009
2009-11-29,2009,11,14.73,14.17,13.744492938461619,2009-12-13,LinearRegression,14,2009
2009-11-30,2009,11,14.64,14.16,13.783084306940959,2009-12-14,LinearRegression,14,2009
2009-12-01,2009,12,14.61,14.13,13.864235631421467,2009-12-15,LinearRegression,14,2009
2009-12-02,2009,12,14.52,14.12,13.666781230492747,2009-12-16,LinearRegression,14,2009
2009-12-03,2009,12,14.48,14.11,13.647152717833537,2009-12-17,LinearRegression,14,2009
2009-12-04,2009,12,14.4,14.07,13.527823568111392,2009-12-18,LinearRegression,14,2009
2009-12-05,2009,12,14.38,14.05,13.62456674345106,2009-12-19,LinearRegression,14,2009
2009-12-06,2009,12,14.35,14.01,13.600499863891596,2009-12-20,LinearRegression,14,2009
2009-12-07,2009,12,14.31,13.98,13.533859959393737,2009-12-21,LinearRegression,14,2009
2009-12-08,2009,12,14.29,13.96,13.554231684255168,2009-12-22,LinearRegression,14,2009
2009-12-09,2009,12,14.27,13.94,13.526611298813357,2009-12-23,LinearRegression,14,2009
2009-12-10,2009,12,14.25,13.92,13.522564982732668,2009-12-24,LinearRegression,14,2009
2009-12-11,2009,12,14.22,13.92,13.474614392540397,2009-12-25,LinearRegression,14,2009
2009-12-12,2009,12,14.2,13.91,13.46386702741543,2009-12-26,LinearRegression,14,2009
2009-12-13,2009,12,14.17,13.9,13.426067066851628,2009-12-27,LinearRegression,14,2009
2009-12-14,2009,12,14.16,13.89,13.438213208858292,2009-12-28,LinearRegression,14,2009
2009-12-15,2009,12,14.13,13.89,13.376086391111825,2009-12-29,LinearRegression,14,2009
2009-12-16,2009,12,14.12,13.88,13.386228291637586,2009-12-30,LinearRegression,14,2009
2009-12-17,2009,12,14.11,13.85,13.37259752677574,2009-12-31,LinearRegression,14,2009
2009-12-18,2009,12,14.07,13.83,13.291166051662179,2010-01-01,LinearRegression,14,2009
2009-12-19,2009,12,14.05,13.79,13.30527262390727,2010-01-02,LinearRegression,14,2009
2009-12-20,2009,12,14.01,13.76,13.236677881163066,2010-01-03,LinearRegression,14,2009
2009-12-21,2009,12,13.98,13.73,13.230093424529839,2010-01-04,LinearRegression,14,2009
2009-12-22,2009,12,13.96,13.71,13.21915978308266,2010-01-05,LinearRegression,14,2009
2009-12-23,2009,12,13.94,13.69,13.18798245755513,2010-01-06,LinearRegression,14,2009
2009-12-24,2009,12,13.92,13.67,13.172647500450797,2010-01-07,LinearRegression,14,2009
2009-12-25,2009,12,13.92,13.65,13.19182511425913,2010-01-08,LinearRegression,14,2009
2009-12-26,2009,12,13.91,13.63,13.16975666998277,2010-01-09,LinearRegression,14,2009
2009-12-27,2009,12,13.9,13.62,13.162949284692187,2010-01-10,LinearRegression,14,2009
2009-12-28,2009,12,13.89,13.6,13.152567960985206,2010-01-11,LinearRegression,14,2009
2009-12-29,2009,12,13.89,13.58,13.164902838690608,2010-01-12,LinearRegression,14,2009
2009-12-30,2009,12,13.88,13.56,13.14464209920651,2010-01-13,LinearRegression,14,2009
2009-12-31,2009,12,13.85,13.54,13.088430037631749,2010-01-14,LinearRegression,14,2009
2010-01-01,2010,1,13.83,13.53,13.039016902534774,2010-01-15,LinearRegression,14,2010
2010-01-02,2010,1,13.79,13.52,12.982655694695513,2010-01-16,LinearRegression,14,2010
2010-01-03,2010,1,13.76,13.5,12.970948956899305,2010-01-17,LinearRegression,14,2010
2010-01-04,2010,1,13.73,13.48,12.938570518662795,2010-01-18,LinearRegression,14,2010
2010-01-05,2010,1,13.71,13.46,12.926467916828518,2010-01-19,LinearRegression,14,2010
2010-01-06,2010,1,13.69,13.45,12.912731142766262,2010-01-20,LinearRegression,14,2010
2010-01-07,2010,1,13.67,13.43,12.893342816946582,2010-01-21,LinearRegression,14,2010
2010-01-08,2010,1,13.65,13.42,12.88480628386871,2010-01-22,LinearRegression,14,2010
2010-01-09,2010,1,13.63,13.41,12.875540297178032,2010-01-23,LinearRegression,14,2010
2010-01-10,2010,1,13.62,13.39,12.888093105383449,2010-01-24,LinearRegression,14,2010
2010-01-11,2010,1,13.6,13.37,12.863563613958297,2010-01-25,LinearRegression,14,2010
2010-01-12,2010,1,13.58,13.36,12.851245417675724,2010-01-26,LinearRegression,14,2010
2010-01-13,2010,1,13.56,13.35,12.840568465434147,2010-01-27,LinearRegression,14,2010
2010-01-14,2010,1,13.54,13.34,12.83104148449938,2010-01-28,LinearRegression,14,2010
2010-01-15,2010,1,13.53,13.32,12.84294613777396,2010-01-29,LinearRegression,14,2010
2010-01-16,2010,1,13.52,13.3,12.835942502308368,2010-01-30,LinearRegression,14,2010
2010-01-17,2010,1,13.5,13.28,12.81207434419375,2010-01-31,LinearRegression,14,2010
2010-01-18,2010,1,13.48,13.27,12.803590858409212,2010-02-01,LinearRegression,14,2010
2010-01-19,2010,1,13.46,13.25,12.7974275809838,2010-02-02,LinearRegression,14,2010
2010-01-20,2010,1,13.45,13.24,12.813204229053863,2010-02-03,LinearRegression,14,2010
2010-01-21,2010,1,13.43,13.22,12.790562445896688,2010-02-04,LinearRegression,14,2010
2010-01-22,2010,1,13.42,13.2,12.798229170139406,2010-02-05,LinearRegression,14,2010
2010-01-23,2010,1,13.41,13.19,12.799114626168988,2010-02-06,LinearRegression,14,2010
2010-01-24,2010,1,13.39,13.18,12.781136075896109,2010-02-07,LinearRegression,14,2010
2010-01-25,2010,1,13.37,13.17,12.778652936544903,2010-02-08,LinearRegression,14,2010
2010-01-26,2010,1,13.36,13.15,12.791605503618923,2010-02-09,LinearRegression,14,2010
2010-01-27,2010,1,13.35,13.14,12.797301271779949,2010-02-10,LinearRegression,14,2010
2010-01-28,2010,1,13.34,13.13,12.798141335773394,2010-02-11,LinearRegression,14,2010
2010-01-29,2010,1,13.32,13.11,12.776862722277379,2010-02-12,LinearRegression,14,2010
2010-01-30,2010,1,13.3,13.1,12.775125709436292,2010-02-13,LinearRegression,14,2010
2010-01-31,2010,1,13.28,13.09,12.777602723653294,2010-02-14,LinearRegression,14,2010
2010-02-01,2010,2,13.27,13.08,12.795029877194452,2010-02-15,LinearRegression,14,2010
2010-02-02,2010,2,13.25,13.08,12.777820130212802,2010-02-16,LinearRegression,14,2010
2010-02-03,2010,2,13.24,13.07,12.79184776948455,2010-02-17,LinearRegression,14,2010
2010-02-04,2010,2,13.22,13.06,12.778801940643424,2010-02-18,LinearRegression,14,2010
2010-02-05,2010,2,13.2,13.05,12.780514755927268,2010-02-19,LinearRegression,14,2010
2010-02-06,2010,2,13.19,13.05,12.804695649703548,2010-02-20,LinearRegression,14,2010
2010-02-07,2010,2,13.18,13.04,12.810444324123154,2010-02-21,LinearRegression,14,2010
2010-02-08,2010,2,13.17,13.03,12.820586380193893,2010-02-22,LinearRegression,14,2010
2010-02-09,2010,2,13.15,13.03,12.805918367224454,2010-02-23,LinearRegression,14,2010
2010-02-10,2010,2,13.14,13.03,12.829640136925299,2010-02-24,LinearRegression,14,2010
2010-02-11,2010,2,13.13,13.03,12.844526066872763,2010-02-25,LinearRegression,14,2010
2010-02-12,2010,2,13.11,13.03,12.834039879465745,2010-02-26,LinearRegression,14,2010
2010-02-13,2010,2,13.1,13.04,12.855687967504526,2010-02-27,LinearRegression,14,2010
2010-02-14,2010,2,13.09,13.04,12.864506137605058,2010-02-28,LinearRegression,14,2010
2010-02-15,2010,2,13.08,13.04,12.879135572636638,2010-03-01,LinearRegression,14,2010
2010-02-16,2010,2,13.08,13.04,12.910341465444048,2010-03-02,LinearRegression,14,2010
2010-02-17,2010,2,13.07,13.05,12.906882904433592,2010-03-03,LinearRegression,14,2010
2010-02-18,2010,2,13.06,13.05,12.922784795413051,2010-03-04,LinearRegression,14,2010
2010-02-19,2010,2,13.05,13.07,12.936932217106433,2010-03-05,LinearRegression,14,2010
2010-02-20,2010,2,13.05,13.1,12.971085145617401,2010-03-06,LinearRegression,14,2010
2010-02-21,2010,2,13.04,13.12,12.973551829287455,2010-03-07,LinearRegression,14,2010
2010-02-22,2010,2,13.03,13.14,12.982517671594854,2010-03-08,LinearRegression,14,2010
2010-02-23,2010,2,13.03,13.16,13.016446039403561,2010-03-09,LinearRegression,14,2010
2010-02-24,2010,2,13.03,13.19,13.039885975520589,2010-03-10,LinearRegression,14,2010
2010-02-25,2010,2,13.03,13.22,13.064046989935168,2010-03-11,LinearRegression,14,2010
2010-02-26,2010,2,13.03,13.27,13.082833210623754,2010-03-12,LinearRegression,14,2010
2010-02-27,2010,2,13.04,13.43,13.122487458220963,2010-03-13,LinearRegression,14,2010
2010-02-28,2010,2,13.04,13.55,13.130349213493307,2010-03-14,LinearRegression,14,2010
2010-03-01,2010,3,13.04,13.66,13.156935747370122,2010-03-15,LinearRegression,14,2010
2010-03-02,2010,3,13.04,13.7,13.179601894044449,2010-03-16,LinearRegression,14,2010
2010-03-03,2010,3,13.05,13.7,13.209750901069702,2010-03-17,LinearRegression,14,2010
2010-03-04,2010,3,13.05,13.64,13.221555604771112,2010-03-18,LinearRegression,14,2010
2010-03-05,2010,3,13.07,13.58,13.270577096311417,2010-03-19,LinearRegression,14,2010
2010-03-06,2010,3,13.1,13.53,13.3004770149321,2010-03-20,LinearRegression,14,2010
2010-03-07,2010,3,13.12,13.48,13.31816380805898,2010-03-21,LinearRegression,14,2010
2010-03-08,2010,3,13.14,13.46,13.350528584677987,2010-03-22,LinearRegression,14,2010
2010-03-09,2010,3,13.16,13.46,13.384727089823414,2010-03-23,LinearRegression,14,2010
2010-03-10,2010,3,13.19,13.46,13.4193385954444,2010-03-24,LinearRegression,14,2010
2010-03-11,2010,3,13.22,13.45,13.453625127845108,2010-03-25,LinearRegression,14,2010
2010-03-12,2010,3,13.27,13.45,13.51282480692221,2010-03-26,LinearRegression,14,2010
2010-03-13,2010,3,13.43,13.45,13.646606614123058,2010-03-27,LinearRegression,14,2010
2010-03-14,2010,3,13.55,13.53,13.641624715723268,2010-03-28,LinearRegression,14,2010
2010-03-15,2010,3,13.66,13.65,13.707271277711111,2010-03-29,LinearRegression,14,2010
2010-03-16,2010,3,13.7,13.77,13.717759342201731,2010-03-30,LinearRegression,14,2010
2010-03-17,2010,3,13.7,13.97,13.758116672863938,2010-03-31,LinearRegression,14,2010
2010-03-18,2010,3,13.64,14.42,13.6940588501375,2010-04-01,LinearRegression,14,2010
2010-03-19,2010,3,13.58,14.8,13.726673725508661,2010-04-02,LinearRegression,14,2010
2010-03-20,2010,3,13.53,15.07,13.763939563229101,2010-04-03,LinearRegression,14,2010
2010-03-21,2010,3,13.48,15.17,13.769988939071125,2010-04-04,LinearRegression,14,2010
2010-03-22,2010,3,13.46,15.17,13.818584671136897,2010-04-05,LinearRegression,14,2010
2010-03-23,2010,3,13.46,15.09,13.85093617439877,2010-04-06,LinearRegression,14,2010
2010-03-24,2010,3,13.46,15.16,13.88953081188301,2010-04-07,LinearRegression,14,2010
2010-03-25,2010,3,13.45,15.4,13.913914492478925,2010-04-08,LinearRegression,14,2010
2010-03-26,2010,3,13.45,15.57,13.970832188165327,2010-04-09,LinearRegression,14,2010
2010-03-27,2010,3,13.45,15.65,14.020456251672043,2010-04-10,LinearRegression,14,2010
2010-03-28,2010,3,13.53,15.65,14.142153684345974,2010-04-11,LinearRegression,14,2010
2010-03-29,2010,3,13.65,15.68,14.201965211979596,2010-04-12,LinearRegression,14,2010
2010-03-30,2010,3,13.77,15.78,14.243823703740844,2010-04-13,LinearRegression,14,2010
2010-03-31,2010,3,13.97,15.79,14.371372087481086,2010-04-14,LinearRegression,14,2010
2010-04-01,2010,4,14.42,15.69,14.642559826533496,2010-04-15,LinearRegression,14,2010
2010-04-02,2010,4,14.8,15.57,14.617543214163604,2010-04-16,LinearRegression,14,2010
2010-04-03,2010,4,15.07,15.56,14.69635806419734,2010-04-17,LinearRegression,14,2010
2010-04-04,2010,4,15.17,15.74,14.738972190402668,2010-04-18,LinearRegression,14,2010
2010-04-05,2010,4,15.17,15.74,14.815790906675527,2010-04-19,LinearRegression,14,2010
2010-04-06,2010,4,15.09,15.96,14.778928680492486,2010-04-20,LinearRegression,14,2010
2010-04-07,2010,4,15.16,16.21,15.151799475631224,2010-04-21,LinearRegression,14,2010
2010-04-08,2010,4,15.4,16.4,15.360289286626646,2010-04-22,LinearRegression,14,2010
2010-04-09,2010,4,15.57,16.48,15.387557111521751,2010-04-23,LinearRegression,14,2010
2010-04-10,2010,4,15.65,16.55,15.401635020016483,2010-04-24,LinearRegression,14,2010
2010-04-11,2010,4,15.65,16.55,15.42053123994273,2010-04-25,LinearRegression,14,2010
2010-04-12,2010,4,15.68,16.65,15.49964312095452,2010-04-26,LinearRegression,14,2010
2010-04-13,2010,4,15.78,17.43,15.596070729040791,2010-04-27,LinearRegression,14,2010
2010-04-14,2010,4,15.79,17.87,15.610730555948065,2010-04-28,LinearRegression,14,2010
2010-04-15,2010,4,15.69,17.98,15.515131636557587,2010-04-29,LinearRegression,14,2010
2010-04-16,2010,4,15.57,17.92,15.454453912867777,2010-04-30,LinearRegression,14,2010
2010-04-17,2010,4,15.56,17.69,15.609599257073073,2010-05-01,LinearRegression,14,2010
2010-04-18,2010,4,15.74,17.44,15.942754308552853,2010-05-02,LinearRegression,14,2010
2010-04-19,2010,4,15.74,17.03,15.781015746364396,2010-05-03,LinearRegression,14,2010
2010-04-20,2010,4,15.96,16.76,16.075639090521918,2010-05-04,LinearRegression,14,2010
2010-04-21,2010,4,16.21,16.5,16.080204215474396,2010-05-05,LinearRegression,14,2010
2010-04-22,2010,4,16.4,16.25,16.08446068983861,2010-05-06,LinearRegression,14,2010
2010-04-23,2010,4,16.48,16.09,16.09209662458424,2010-05-07,LinearRegression,14,2010
2010-04-24,2010,4,16.55,16.03,16.265627634540444,2010-05-08,LinearRegression,14,2010
2010-04-25,2010,4,16.55,16.12,16.228275093741455,2010-05-09,LinearRegression,14,2010
2010-04-26,2010,4,16.65,16.31,16.431826498541717,2010-05-10,LinearRegression,14,2010
2010-04-27,2010,4,17.43,16.33,17.11439942615791,2010-05-11,LinearRegression,14,2010
2010-04-28,2010,4,17.87,16.27,16.84550525792219,2010-05-12,LinearRegression,14,2010
2010-04-29,2010,4,17.98,16.24,16.83274033699943,2010-05-13,LinearRegression,14,2010
2010-04-30,2010,4,17.92,16.24,16.88157807819723,2010-05-14,LinearRegression,14,2010
2010-05-01,2010,5,17.69,16.33,16.559020983933205,2010-05-15,LinearRegression,14,2010
2010-05-02,2010,5,17.44,16.84,16.370747609396087,2010-05-16,LinearRegression,14,2010
2010-05-03,2010,5,17.03,17.47,16.168918668733255,2010-05-17,LinearRegression,14,2010
2010-05-04,2010,5,16.76,17.8,16.23442541105136,2010-05-18,LinearRegression,14,2010
2010-05-05,2010,5,16.5,17.97,16.053163066742886,2010-05-19,LinearRegression,14,2010
2010-05-06,2010,5,16.25,18.16,15.844489289492415,2010-05-20,LinearRegression,14,2010
2010-05-07,2010,5,16.09,18.2,15.888479867865456,2010-05-21,LinearRegression,14,2010
2010-05-08,2010,5,16.03,18.0,16.028455153238728,2010-05-22,LinearRegression,14,2010
2010-05-09,2010,5,16.12,17.65,16.39681903739203,2010-05-23,LinearRegression,14,2010
2010-05-10,2010,5,16.31,17.6,16.676636390607793,2010-05-24,LinearRegression,14,2010
2010-05-11,2010,5,16.33,17.7,16.62963694870514,2010-05-25,LinearRegression,14,2010
2010-05-12,2010,5,16.27,18.04,16.65871112297732,2010-05-26,LinearRegression,14,2010
2010-05-13,2010,5,16.24,18.18,16.69368231668947,2010-05-27,LinearRegression,14,2010
2010-05-14,2010,5,16.24,18.08,16.756089657351446,2010-05-28,LinearRegression,14,2010
2010-05-15,2010,5,16.33,17.84,16.95988734981433,2010-05-29,LinearRegression,14,2010
2010-05-16,2010,5,16.84,17.64,17.411976747984,2010-05-30,LinearRegression,14,2010
2010-05-17,2010,5,17.47,17.58,17.50597216693001,2010-05-31,LinearRegression,14,2010
2010-05-18,2010,5,17.8,17.44,17.34735233969366,2010-06-01,LinearRegression,14,2010
2010-05-19,2010,5,17.97,17.38,17.44104561831642,2010-06-02,LinearRegression,14,2010
2010-05-20,2010,5,18.16,17.44,17.594280265212753,2010-06-03,LinearRegression,14,2010
2010-05-21,2010,5,18.2,17.41,17.529317008240294,2010-06-04,LinearRegression,14,2010
2010-05-22,2010,5,18.0,17.57,17.34834106812151,2010-06-05,LinearRegression,14,2010
2010-05-23,2010,5,17.65,17.76,17.138283235680216,2010-06-06,LinearRegression,14,2010
2010-05-24,2010,5,17.6,18.0,17.532175116647764,2010-06-07,LinearRegression,14,2010
2010-05-25,2010,5,17.7,18.2,17.802704886922122,2010-06-08,LinearRegression,14,2010
2010-05-26,2010,5,18.04,18.2,18.249092131270608,2010-06-09,LinearRegression,14,2010
2010-05-27,2010,5,18.18,18.33,18.105002479480177,2010-06-10,LinearRegression,14,2010
2010-05-28,2010,5,18.08,18.75,17.833567336938778,2010-06-11,LinearRegression,14,2010
2010-05-29,2010,5,17.84,18.93,17.491046454577017,2010-06-12,LinearRegression,14,2010
2010-05-30,2010,5,17.64,18.92,17.46373056117861,2010-06-13,LinearRegression,14,2010
2010-05-31,2010,5,17.58,18.65,17.643458266355644,2010-06-14,LinearRegression,14,2010
2010-06-01,2010,6,17.44,18.45,17.539901098950388,2010-06-15,LinearRegression,14,2010
2010-06-02,2010,6,17.38,18.34,17.594841980221748,2010-06-16,LinearRegression,14,2010
2010-06-03,2010,6,17.44,18.31,17.758605540769157,2010-06-17,LinearRegression,14,2010
2010-06-04,2010,6,17.41,18.32,17.714167720671423,2010-06-18,LinearRegression,14,2010
2010-06-05,2010,6,17.57,18.44,18.12094008085642,2010-06-19,LinearRegression,14,2010
2010-06-06,2010,6,17.76,18.44,18.165632527477054,2010-06-20,LinearRegression,14,2010
2010-06-07,2010,6,18.0,18.57,18.22413377217941,2010-06-21,LinearRegression,14,2010
2010-06-08,2010,6,18.2,18.55,18.249021088091087,2010-06-22,LinearRegression,14,2010
2010-06-09,2010,6,18.2,18.51,18.18455206297042,2010-06-23,LinearRegression,14,2010
2010-06-10,2010,6,18.33,18.61,18.37479533460217,2010-06-24,LinearRegression,14,2010
2010-06-11,2010,6,18.75,18.61,18.669436103660473,2010-06-25,LinearRegression,14,2010
2010-06-12,2010,6,18.93,18.65,18.506387617441952,2010-06-26,LinearRegression,14,2010
2010-06-13,2010,6,18.92,18.74,18.566819829696566,2010-06-27,LinearRegression,14,2010
2010-06-14,2010,6,18.65,19.31,18.222549656233582,2010-06-28,LinearRegression,14,2010
2010-06-15,2010,6,18.45,19.61,18.159953468062856,2010-06-29,LinearRegression,14,2010
2010-06-16,2010,6,18.34,19.59,18.276415639547924,2010-06-30,LinearRegression,14,2010
2010-06-17,2010,6,18.31,19.51,18.452642524127516,2010-07-01,LinearRegression,14,2010
2010-06-18,2010,6,18.32,19.47,18.52071822209787,2010-07-02,LinearRegression,14,2010
2010-06-19,2010,6,18.44,19.42,18.615141547397293,2010-07-03,LinearRegression,14,2010
2010-06-20,2010,6,18.44,19.45,18.556783053893625,2010-07-04,LinearRegression,14,2010
2010-06-21,2010,6,18.57,19.44,18.82921386455914,2010-07-05,LinearRegression,14,2010
2010-06-22,2010,6,18.55,19.35,18.668475982209692,2010-07-06,LinearRegression,14,2010
2010-06-23,2010,6,18.51,19.24,18.674545187065327,2010-07-07,LinearRegression,14,2010
2010-06-24,2010,6,18.61,19.08,18.87500533802254,2010-07-08,LinearRegression,14,2010
2010-06-25,2010,6,18.61,19.05,18.817016227289713,2010-07-09,LinearRegression,14,2010
2010-06-26,2010,6,18.65,19.05,18.876708449281917,2010-07-10,LinearRegression,14,2010
2010-06-27,2010,6,18.74,19.26,18.96606810534854,2010-07-11,LinearRegression,14,2010
2010-06-28,2010,6,19.31,19.42,19.405969169616174,2010-07-12,LinearRegression,14,2010
2010-06-29,2010,6,19.61,19.51,19.124912679943694,2010-07-13,LinearRegression,14,2010
2010-06-30,2010,6,19.59,19.52,19.05993113091702,2010-07-14,LinearRegression,14,2010
2010-07-01,2010,7,19.51,19.52,19.065699235522644,2010-07-15,LinearRegression,14,2010
2010-07-02,2010,7,19.47,19.44,19.10664709859559,2010-07-16,LinearRegression,14,2010
2010-07-03,2010,7,19.42,19.34,19.05182140157534,2010-07-17,LinearRegression,14,2010
2010-07-04,2010,7,19.45,19.31,19.339612584308274,2010-07-18,LinearRegression,14,2010
2010-07-05,2010,7,19.44,19.4,19.32529249217662,2010-07-19,LinearRegression,14,2010
2010-07-06,2010,7,19.35,19.52,19.131945867947564,2010-07-20,LinearRegression,14,2010
2010-07-07,2010,7,19.24,19.54,19.066406308038534,2010-07-21,LinearRegression,14,2010
2010-07-08,2010,7,19.08,19.67,18.924571141326595,2010-07-22,LinearRegression,14,2010
2010-07-09,2010,7,19.05,19.8,19.07391712781211,2010-07-23,LinearRegression,14,2010
2010-07-10,2010,7,19.05,19.78,19.12272580709524,2010-07-24,LinearRegression,14,2010
2010-07-11,2010,7,19.26,19.65,19.410492652716062,2010-07-25,LinearRegression,14,2010
2010-07-12,2010,7,19.42,19.47,19.40364537980813,2010-07-26,LinearRegression,14,2010
2010-07-13,2010,7,19.51,19.33,19.346464219831944,2010-07-27,LinearRegression,14,2010
2010-07-14,2010,7,19.52,19.29,19.30990945542268,2010-07-28,LinearRegression,14,2010
2010-07-15,2010,7,19.52,19.21,19.355076562236604,2010-07-29,LinearRegression,14,2010
2010-07-16,2010,7,19.44,19.17,19.193521355756243,2010-07-30,LinearRegression,14,2010
2010-07-17,2010,7,19.34,19.08,19.173274171481,2010-07-31,LinearRegression,14,2010
2010-07-18,2010,7,19.31,19.07,19.26452488756498,2010-08-01,LinearRegression,14,2010
2010-07-19,2010,7,19.4,18.97,19.449157540158172,2010-08-02,LinearRegression,14,2010
2010-07-20,2010,7,19.52,18.9,19.5138959867783,2010-08-03,LinearRegression,14,2010
2010-07-21,2010,7,19.54,18.73,19.406120035161187,2010-08-04,LinearRegression,14,2010
2010-07-22,2010,7,19.67,18.68,19.507871472356108,2010-08-05,LinearRegression,14,2010
2010-07-23,2010,7,19.8,18.653,19.484333946853585,2010-08-06,LinearRegression,14,2010
2010-07-24,2010,7,19.78,18.62,19.356504074523166,2010-08-07,LinearRegression,14,2010
2010-07-25,2010,7,19.65,18.57,19.206237143930185,2010-08-08,LinearRegression,14,2010
2010-07-26,2010,7,19.47,18.54,19.064818910793317,2010-08-09,LinearRegression,14,2010
2010-07-27,2010,7,19.33,18.47,18.997090709384402,2010-08-10,LinearRegression,14,2010
2010-07-28,2010,7,19.29,18.38,19.129253553924126,2010-08-11,LinearRegression,14,2010
2010-07-29,2010,7,19.21,18.34,19.028488324372297,2010-08-12,LinearRegression,14,2010
2010-07-30,2010,7,19.17,18.28,18.99025873650949,2010-08-13,LinearRegression,14,2010
2010-07-31,2010,7,19.08,18.25,18.86218381693667,2010-08-14,LinearRegression,14,2010
2010-08-01,2010,8,19.07,18.18,19.00529195332093,2010-08-15,LinearRegression,14,2010
2010-08-02,2010,8,18.97,18.15,18.872583306722454,2010-08-16,LinearRegression,14,2010
2010-08-03,2010,8,18.9,18.14,18.861001033758058,2010-08-17,LinearRegression,14,2010
2010-08-04,2010,8,18.73,18.37,18.631232463910198,2010-08-18,LinearRegression,14,2010
2010-08-05,2010,8,18.68,18.5,18.745394319671583,2010-08-19,LinearRegression,14,2010
2010-08-06,2010,8,18.653,18.75,18.783737231120345,2010-08-20,LinearRegression,14,2010
2010-08-07,2010,8,18.62,18.79,18.71976381489224,2010-08-21,LinearRegression,14,2010
2010-08-08,2010,8,18.57,18.89,18.66229559489005,2010-08-22,LinearRegression,14,2010
2010-08-09,2010,8,18.54,19.05,18.655810119040105,2010-08-23,LinearRegression,14,2010
2010-08-10,2010,8,18.47,19.22,18.60599197838112,2010-08-24,LinearRegression,14,2010
2010-08-11,2010,8,18.38,19.37,18.534259235073513,2010-08-25,LinearRegression,14,2010
2010-08-12,2010,8,18.34,19.38,18.563369544990685,2010-08-26,LinearRegression,14,2010
2010-08-13,2010,8,18.28,19.35,18.485420234263046,2010-08-27,LinearRegression,14,2010
2010-08-14,2010,8,18.25,19.39,18.497403491219927,2010-08-28,LinearRegression,14,2010
2010-08-15,2010,8,18.18,19.52,18.37500828029035,2010-08-29,LinearRegression,14,2010
2010-08-16,2010,8,18.15,19.53,18.400047510912998,2010-08-30,LinearRegression,14,2010
2010-08-17,2010,8,18.14,19.53,18.43782752214265,2010-08-31,LinearRegression,14,2010
2010-08-18,2010,8,18.37,19.42,18.786635531788534,2010-09-01,LinearRegression,14,2010
2010-08-19,2010,8,18.5,19.33,18.605643556792515,2010-09-02,LinearRegression,14,2010
2010-08-20,2010,8,18.75,19.29,18.75123415485255,2010-09-03,LinearRegression,14,2010
2010-08-21,2010,8,18.79,19.2,18.55889278634381,2010-09-04,LinearRegression,14,2010
2010-08-22,2010,8,18.89,19.19,18.684203581545773,2010-09-05,LinearRegression,14,2010
2010-08-23,2010,8,19.05,19.19,18.702584764752903,2010-09-06,LinearRegression,14,2010
2010-08-24,2010,8,19.22,19.2,18.78124757005976,2010-09-07,LinearRegression,14,2010
2010-08-25,2010,8,19.37,19.12,18.793061588575338,2010-09-08,LinearRegression,14,2010
2010-08-26,2010,8,19.38,19.09,18.79390947429549,2010-09-09,LinearRegression,14,2010
2010-08-27,2010,8,19.35,19.17,18.760673513087916,2010-09-10,LinearRegression,14,2010
2010-08-28,2010,8,19.39,19.35,18.871465085961123,2010-09-11,LinearRegression,14,2010
2010-08-29,2010,8,19.52,19.61,18.93878346513613,2010-09-12,LinearRegression,14,2010
2010-08-30,2010,8,19.53,19.77,18.842824366233767,2010-09-13,LinearRegression,14,2010
2010-08-31,2010,8,19.53,19.78,18.907467748175925,2010-09-14,LinearRegression,14,2010
2010-09-01,2010,9,19.42,19.78,18.67209499116288,2010-09-15,LinearRegression,14,2010
2010-09-02,2010,9,19.33,19.78,18.610362965268017,2010-09-16,LinearRegression,14,2010
2010-09-03,2010,9,19.29,19.71,18.63189433358346,2010-09-17,LinearRegression,14,2010
2010-09-04,2010,9,19.2,19.55,18.511363034825344,2010-09-18,LinearRegression,14,2010
2010-09-05,2010,9,19.19,19.41,18.557299942362814,2010-09-19,LinearRegression,14,2010
2010-09-06,2010,9,19.19,19.3,18.51888650829903,2010-09-20,LinearRegression,14,2010
2010-09-07,2010,9,19.2,19.27,18.532401892109757,2010-09-21,LinearRegression,14,2010
2010-09-08,2010,9,19.12,19.25,18.367210136505527,2010-09-22,LinearRegression,14,2010
2010-09-09,2010,9,19.09,19.23,18.394358778888083,2010-09-23,LinearRegression,14,2010
2010-09-10,2010,9,19.17,19.18,18.576919707166162,2010-09-24,LinearRegression,14,2010
2010-09-11,2010,9,19.35,19.09,18.630673222912282,2010-09-25,LinearRegression,14,2010
2010-09-12,2010,9,19.61,19.0,18.675444907627103,2010-09-26,LinearRegression,14,2010
2010-09-13,2010,9,19.77,18.87,18.591907424784694,2010-09-27,LinearRegression,14,2010
2010-09-14,2010,9,19.78,18.75,18.50024110016263,2010-09-28,LinearRegression,14,2010
2010-09-15,2010,9,19.78,18.66,18.539674616010224,2010-09-29,LinearRegression,14,2010
2010-09-16,2010,9,19.78,18.61,18.548483989294628,2010-09-30,LinearRegression,14,2010
2010-11-08,2010,11,15.78,15.14,14.847710039624964,2010-11-22,LinearRegression,14,2010
2010-11-09,2010,11,15.74,15.12,14.868444084722785,2010-11-23,LinearRegression,14,2010
2010-11-10,2010,11,15.68,15.08,14.806440250571198,2010-11-24,LinearRegression,14,2010
2010-11-11,2010,11,15.6,15.05,14.70324767994348,2010-11-25,LinearRegression,14,2010
2010-11-12,2010,11,15.55,15.07,14.703185429897472,2010-11-26,LinearRegression,14,2010
2010-11-13,2010,11,15.5,15.09,14.661908862795134,2010-11-27,LinearRegression,14,2010
2010-11-14,2010,11,15.45,15.11,14.619897447181367,2010-11-28,LinearRegression,14,2010
2010-11-15,2010,11,15.4,15.11,14.559778413764391,2010-11-29,LinearRegression,14,2010
2010-11-16,2010,11,15.33,15.06,14.465177951298502,2010-11-30,LinearRegression,14,2010
2010-11-17,2010,11,15.29,15.01,14.47437704317558,2010-12-01,LinearRegression,14,2010
2010-11-18,2010,11,15.26,14.93,14.454729309754965,2010-12-02,LinearRegression,14,2010
2010-11-19,2010,11,15.23,14.897,14.41667095114948,2010-12-03,LinearRegression,14,2010
2010-11-20,2010,11,15.2,14.86,14.377634036875303,2010-12-04,LinearRegression,14,2010
2010-11-21,2010,11,15.17,14.82,14.33831601406254,2010-12-05,LinearRegression,14,2010
2010-11-22,2010,11,15.14,14.8,14.315010112612036,2010-12-06,LinearRegression,14,2010
2010-11-23,2010,11,15.12,14.79,14.303513487722638,2010-12-07,LinearRegression,14,2010
2010-11-24,2010,11,15.08,14.77,14.231691880597852,2010-12-08,LinearRegression,14,2010
2010-11-25,2010,11,15.05,14.74,14.205215449950273,2010-12-09,LinearRegression,14,2010
2010-11-26,2010,11,15.07,14.7,14.259195859187255,2010-12-10,LinearRegression,14,2010
2010-11-27,2010,11,15.09,14.66,14.245401377657506,2010-12-11,LinearRegression,14,2010
2010-11-28,2010,11,15.11,14.61,14.244131270771804,2010-12-12,LinearRegression,14,2010
2010-11-29,2010,11,15.11,14.57,14.212542315587097,2010-12-13,LinearRegression,14,2010
2010-11-30,2010,11,15.06,14.53,14.100950697545294,2010-12-14,LinearRegression,14,2010
2010-12-01,2010,12,15.01,14.5,14.039831243890122,2010-12-15,LinearRegression,14,2010
2010-12-02,2010,12,14.93,14.47,13.934556624530464,2010-12-16,LinearRegression,14,2010
2010-12-03,2010,12,14.897,14.45,13.953917246854775,2010-12-17,LinearRegression,14,2010
2010-12-04,2010,12,14.86,14.43,13.900576250498396,2010-12-18,LinearRegression,14,2010
2010-12-05,2010,12,14.82,14.41,13.825448300853145,2010-12-19,LinearRegression,14,2010
2010-12-06,2010,12,14.8,14.38,13.820346224640883,2010-12-20,LinearRegression,14,2010
2010-12-07,2010,12,14.79,14.36,13.813974713217444,2010-12-21,LinearRegression,14,2010
2010-12-08,2010,12,14.77,14.34,13.794227326532988,2010-12-22,LinearRegression,14,2010
2010-12-09,2010,12,14.74,14.33,13.75010261740519,2010-12-23,LinearRegression,14,2010
2010-12-10,2010,12,14.7,14.28,13.699829452969048,2010-12-24,LinearRegression,14,2010
2010-12-11,2010,12,14.66,14.27,13.67090236185373,2010-12-25,LinearRegression,14,2010
2010-12-12,2010,12,14.61,14.26,13.613871959003163,2010-12-26,LinearRegression,14,2010
2010-12-13,2010,12,14.57,14.24,13.579074618091017,2010-12-27,LinearRegression,14,2010
2010-12-14,2010,12,14.53,14.21,13.532966309430421,2010-12-28,LinearRegression,14,2010
2010-12-15,2010,12,14.5,14.17,13.509980657394648,2010-12-29,LinearRegression,14,2010
2010-12-16,2010,12,14.47,14.14,13.479504545596715,2010-12-30,LinearRegression,14,2010
2010-12-17,2010,12,14.45,14.1,13.469136880760963,2010-12-31,LinearRegression,14,2010
2010-12-18,2010,12,14.43,14.08,13.453119100115249,2011-01-01,LinearRegression,14,2010
2010-12-19,2010,12,14.41,14.06,13.434541634136869,2011-01-02,LinearRegression,14,2010
2010-12-20,2010,12,14.38,14.04,13.397816667885067,2011-01-03,LinearRegression,14,2010
2010-12-21,2010,12,14.36,14.03,13.39174786128973,2011-01-04,LinearRegression,14,2010
2010-12-22,2010,12,14.34,13.99,13.374867440454693,2011-01-05,LinearRegression,14,2010
2010-12-23,2010,12,14.33,13.96,13.372912579649958,2011-01-06,LinearRegression,14,2010
2010-12-24,2010,12,14.28,13.94,13.27634356773243,2011-01-07,LinearRegression,14,2010
2010-12-25,2010,12,14.27,13.92,13.311631573159376,2011-01-08,LinearRegression,14,2010
2010-12-26,2010,12,14.26,13.9,13.305286229133914,2011-01-09,LinearRegression,14,2010
2010-12-27,2010,12,14.24,13.88,13.271532832210141,2011-01-10,LinearRegression,14,2010
2010-12-28,2010,12,14.21,13.863,13.230158779170042,2011-01-11,LinearRegression,14,2010
2010-12-29,2010,12,14.17,13.84,13.17508884341984,2011-01-12,LinearRegression,14,2010
2010-12-30,2010,12,14.14,13.82,13.179062601879526,2011-01-13,LinearRegression,14,2010
2010-12-31,2010,12,14.1,13.798,13.133950829358616,2011-01-14,LinearRegression,14,2010
2011-01-01,2011,1,14.08,13.77,13.216738480532271,2011-01-15,LinearRegression,14,2011
2011-01-02,2011,1,14.06,13.75,13.193964780199382,2011-01-16,LinearRegression,14,2011
2011-01-03,2011,1,14.04,13.73,13.174839345601738,2011-01-17,LinearRegression,14,2011
2011-01-04,2011,1,14.03,13.71,13.185299723706184,2011-01-18,LinearRegression,14,2011
2011-01-05,2011,1,13.99,13.69,13.116237217642258,2011-01-19,LinearRegression,14,2011
2011-01-06,2011,1,13.96,13.68,13.122253959010367,2011-01-20,LinearRegression,14,2011
2011-01-07,2011,1,13.94,13.67,13.124756530416818,2011-01-21,LinearRegression,14,2011
2011-01-08,2011,1,13.92,13.65,13.11132022902212,2011-01-22,LinearRegression,14,2011
2011-01-09,2011,1,13.9,13.63,13.097691894162468,2011-01-23,LinearRegression,14,2011
2011-01-10,2011,1,13.88,13.63,13.072815310434223,2011-01-24,LinearRegression,14,2011
2011-01-11,2011,1,13.863,13.63,13.074504456897674,2011-01-25,LinearRegression,14,2011
2011-01-12,2011,1,13.84,13.61,13.059181791036329,2011-01-26,LinearRegression,14,2011
2011-01-13,2011,1,13.82,13.59,13.05323742618871,2011-01-27,LinearRegression,14,2011
2011-01-14,2011,1,13.798,13.56,13.039624881920698,2011-01-28,LinearRegression,14,2011
2011-01-15,2011,1,13.77,13.54,13.017268898610643,2011-01-29,LinearRegression,14,2011
2011-01-16,2011,1,13.75,13.52,13.020077234694329,2011-01-30,LinearRegression,14,2011
2011-01-17,2011,1,13.73,13.5,13.008902878771961,2011-01-31,LinearRegression,14,2011
2011-01-18,2011,1,13.71,13.48,13.001360757845555,2011-02-01,LinearRegression,14,2011
2011-01-19,2011,1,13.69,13.46,12.992118132292093,2011-02-02,LinearRegression,14,2011
2011-01-20,2011,1,13.68,13.44,13.003939992913642,2011-02-03,LinearRegression,14,2011
2011-01-21,2011,1,13.67,13.43,13.007809316070734,2011-02-04,LinearRegression,14,2011
2011-01-22,2011,1,13.65,13.42,12.98751575226413,2011-02-05,LinearRegression,14,2011
2011-01-23,2011,1,13.63,13.4,12.982857905567244,2011-02-06,LinearRegression,14,2011
2011-01-24,2011,1,13.63,13.39,13.02026089251338,2011-02-07,LinearRegression,14,2011
2011-01-25,2011,1,13.63,13.37,13.032951912123766,2011-02-08,LinearRegression,14,2011
2011-01-26,2011,1,13.61,13.36,12.997344908250003,2011-02-09,LinearRegression,14,2011
2011-01-27,2011,1,13.59,13.35,12.990169297342542,2011-02-10,LinearRegression,14,2011
2011-01-28,2011,1,13.56,13.33,12.973070929440768,2011-02-11,LinearRegression,14,2011
2011-01-29,2011,1,13.54,13.32,12.993858633476023,2011-02-12,LinearRegression,14,2011
2011-01-30,2011,1,13.52,13.31,12.984914125064726,2011-02-13,LinearRegression,14,2011
2011-01-31,2011,1,13.5,13.3,12.9697683777475,2011-02-14,LinearRegression,14,2011
2011-02-01,2011,2,13.48,13.3,12.966432985946444,2011-02-15,LinearRegression,14,2011
2011-02-02,2011,2,13.46,13.3,12.96268210881958,2011-02-16,LinearRegression,14,2011
2011-02-03,2011,2,13.44,13.32,12.967757472251618,2011-02-17,LinearRegression,14,2011
2011-02-04,2011,2,13.43,13.33,12.98826379418507,2011-02-18,LinearRegression,14,2011
2011-02-05,2011,2,13.42,13.34,12.994967403608422,2011-02-19,LinearRegression,14,2011
2011-02-06,2011,2,13.4,13.35,12.981548501288863,2011-02-20,LinearRegression,14,2011
2011-02-07,2011,2,13.39,13.34,13.003872311085171,2011-02-21,LinearRegression,14,2011
2011-02-08,2011,2,13.37,13.33,12.99411645880313,2011-02-22,LinearRegression,14,2011
2011-02-09,2011,2,13.36,13.32,13.02091708802195,2011-02-23,LinearRegression,14,2011
2011-02-10,2011,2,13.35,13.31,13.028062392138288,2011-02-24,LinearRegression,14,2011
2011-02-11,2011,2,13.33,13.36,13.01271183745441,2011-02-25,LinearRegression,14,2011
2011-02-12,2011,2,13.32,13.47,13.039961243714236,2011-02-26,LinearRegression,14,2011
2011-02-13,2011,2,13.31,13.56,13.047022713693828,2011-02-27,LinearRegression,14,2011
2011-02-14,2011,2,13.3,13.58,13.061441968680926,2011-02-28,LinearRegression,14,2011
2011-02-15,2011,2,13.3,13.56,13.090945319889432,2011-03-01,LinearRegression,14,2011
2011-02-16,2011,2,13.3,13.51,13.105652717377094,2011-03-02,LinearRegression,14,2011
2011-02-17,2011,2,13.32,13.44,13.160068791148346,2011-03-03,LinearRegression,14,2011
2011-02-18,2011,2,13.33,13.39,13.16634326269921,2011-03-04,LinearRegression,14,2011
2011-02-19,2011,2,13.34,13.34,13.185663702059088,2011-03-05,LinearRegression,14,2011
2011-02-20,2011,2,13.35,13.3,13.206053661736144,2011-03-06,LinearRegression,14,2011
2011-02-21,2011,2,13.34,13.28,13.19879618242493,2011-03-07,LinearRegression,14,2011
2011-02-22,2011,2,13.33,13.26,13.211518112035815,2011-03-08,LinearRegression,14,2011
2011-02-23,2011,2,13.32,13.24,13.233048724721368,2011-03-09,LinearRegression,14,2011
2011-02-24,2011,2,13.31,13.22,13.245497056166545,2011-03-10,LinearRegression,14,2011
2011-02-25,2011,2,13.36,13.21,13.353257612690644,2011-03-11,LinearRegression,14,2011
2011-02-26,2011,2,13.47,13.21,13.418174295951843,2011-03-12,LinearRegression,14,2011
2011-02-27,2011,2,13.56,13.22,13.419141423787945,2011-03-13,LinearRegression,14,2011
2011-02-28,2011,2,13.58,13.24,13.406848062837527,2011-03-14,LinearRegression,14,2011
2011-03-01,2011,3,13.56,13.27,13.412263107286275,2011-03-15,LinearRegression,14,2011
2011-03-02,2011,3,13.51,13.32,13.367803507751148,2011-03-16,LinearRegression,14,2011
2011-03-03,2011,3,13.44,13.34,13.33594152429785,2011-03-17,LinearRegression,14,2011
2011-03-04,2011,3,13.39,13.42,13.380244408878815,2011-03-18,LinearRegression,14,2011
2011-03-05,2011,3,13.34,13.56,13.385367270940504,2011-03-19,LinearRegression,14,2011
2011-03-06,2011,3,13.3,13.76,13.382074771072315,2011-03-20,LinearRegression,14,2011
2011-03-07,2011,3,13.28,13.84,13.402593258584803,2011-03-21,LinearRegression,14,2011
2011-03-08,2011,3,13.26,13.87,13.410604562997223,2011-03-22,LinearRegression,14,2011
2011-03-09,2011,3,13.24,13.87,13.435689096221498,2011-03-23,LinearRegression,14,2011
2011-03-10,2011,3,13.22,13.85,13.454062269956054,2011-03-24,LinearRegression,14,2011
2011-03-11,2011,3,13.21,13.81,13.497772118333744,2011-03-25,LinearRegression,14,2011
2011-03-12,2011,3,13.21,13.81,13.549127389884845,2011-03-26,LinearRegression,14,2011
2011-03-13,2011,3,13.22,14.19,13.591001011776854,2011-03-27,LinearRegression,14,2011
2011-03-14,2011,3,13.24,14.83,13.639006546866653,2011-03-28,LinearRegression,14,2011
2011-03-15,2011,3,13.27,14.99,13.67849926854329,2011-03-29,LinearRegression,14,2011
2011-03-16,2011,3,13.32,14.99,13.7220381759181,2011-03-30,LinearRegression,14,2011
2011-03-17,2011,3,13.34,14.98,13.725195075654733,2011-03-31,LinearRegression,14,2011
2011-03-18,2011,3,13.42,14.96,13.8189797318083,2011-04-01,LinearRegression,14,2011
2011-03-19,2011,3,13.56,14.96,13.902018367558648,2011-04-02,LinearRegression,14,2011
2011-03-20,2011,3,13.76,14.92,14.000616525626517,2011-04-03,LinearRegression,14,2011
2011-03-21,2011,3,13.84,14.83,13.958375597022535,2011-04-04,LinearRegression,14,2011
2011-03-22,2011,3,13.87,14.72,14.035515146089955,2011-04-05,LinearRegression,14,2011
2011-03-23,2011,3,13.87,14.62,14.079482543639383,2011-04-06,LinearRegression,14,2011
2011-03-24,2011,3,13.85,14.56,14.102909508829452,2011-04-07,LinearRegression,14,2011
2011-03-25,2011,3,13.81,14.51,14.10943154793889,2011-04-08,LinearRegression,14,2011
2011-03-26,2011,3,13.81,14.5,14.233771622473466,2011-04-09,LinearRegression,14,2011
2011-03-27,2011,3,14.19,14.5,14.68306023197688,2011-04-10,LinearRegression,14,2011
2011-03-28,2011,3,14.83,14.48,14.92262258838597,2011-04-11,LinearRegression,14,2011
2011-03-29,2011,3,14.99,14.45,14.554051527775801,2011-04-12,LinearRegression,14,2011
2011-03-30,2011,3,14.99,14.41,14.690800424109375,2011-04-13,LinearRegression,14,2011
2011-03-31,2011,3,14.98,14.43,14.817584064951408,2011-04-14,LinearRegression,14,2011
2011-04-01,2011,4,14.96,14.43,14.790883094921103,2011-04-15,LinearRegression,14,2011
2011-04-02,2011,4,14.96,14.42,14.918397180904046,2011-04-16,LinearRegression,14,2011
2011-04-03,2011,4,14.92,14.47,15.01002356005497,2011-04-17,LinearRegression,14,2011
2011-04-04,2011,4,14.83,14.52,14.939364211082095,2011-04-18,LinearRegression,14,2011
2011-04-05,2011,4,14.72,14.53,14.870206084748528,2011-04-19,LinearRegression,14,2011
2011-04-06,2011,4,14.62,14.53,14.849849303634675,2011-04-20,LinearRegression,14,2011
2011-04-07,2011,4,14.56,14.49,14.89180398370518,2011-04-21,LinearRegression,14,2011
2011-04-08,2011,4,14.51,14.52,14.866572365657934,2011-04-22,LinearRegression,14,2011
2011-04-09,2011,4,14.5,14.63,14.918428079363077,2011-04-23,LinearRegression,14,2011
2011-04-10,2011,4,14.5,14.66,14.964433067688436,2011-04-24,LinearRegression,14,2011
2011-04-11,2011,4,14.48,14.645,14.97151876923264,2011-04-25,LinearRegression,14,2011
2011-04-12,2011,4,14.45,14.71,14.994537333703706,2011-04-26,LinearRegression,14,2011
2011-04-13,2011,4,14.41,14.95,15.003427225733258,2011-04-27,LinearRegression,14,2011
2011-04-14,2011,4,14.43,15.28,15.142562842071385,2011-04-28,LinearRegression,14,2011
2011-04-15,2011,4,14.43,15.41,15.143670282013705,2011-04-29,LinearRegression,14,2011
2011-04-16,2011,4,14.42,15.41,15.148905184811554,2011-04-30,LinearRegression,14,2011
2011-04-17,2011,4,14.47,15.34,15.276778559004734,2011-05-01,LinearRegression,14,2011
2011-04-18,2011,4,14.52,15.3,15.28784619534342,2011-05-02,LinearRegression,14,2011
2011-04-19,2011,4,14.53,15.2,15.2842229469875,2011-05-03,LinearRegression,14,2011
2011-04-20,2011,4,14.53,15.15,15.333105546682,2011-05-04,LinearRegression,14,2011
2011-04-21,2011,4,14.49,15.07,15.291840098363979,2011-05-05,LinearRegression,14,2011
2011-04-22,2011,4,14.52,15.02,15.418164170801573,2011-05-06,LinearRegression,14,2011
2011-04-23,2011,4,14.63,15.16,15.52543863541073,2011-05-07,LinearRegression,14,2011
2011-04-24,2011,4,14.66,15.26,15.481136630322723,2011-05-08,LinearRegression,14,2011
2011-04-25,2011,4,14.645,15.37,15.4916292338458,2011-05-09,LinearRegression,14,2011
2011-04-26,2011,4,14.71,15.48,15.62469975953411,2011-05-10,LinearRegression,14,2011
2011-04-27,2011,4,14.95,15.59,15.788235696119186,2011-05-11,LinearRegression,14,2011
2011-04-28,2011,4,15.28,15.63,15.90169648813333,2011-05-12,LinearRegression,14,2011
2011-04-29,2011,4,15.41,15.33,15.849669579644605,2011-05-13,LinearRegression,14,2011
2011-04-30,2011,4,15.41,15.31,15.892453593493068,2011-05-14,LinearRegression,14,2011
2011-05-01,2011,5,15.34,15.24,15.85209341082094,2011-05-15,LinearRegression,14,2011
2011-05-02,2011,5,15.3,15.36,15.896393741724982,2011-05-16,LinearRegression,14,2011
2011-05-03,2011,5,15.2,15.36,15.839366225822772,2011-05-17,LinearRegression,14,2011
2011-05-04,2011,5,15.15,15.34,15.980405881864854,2011-05-18,LinearRegression,14,2011
2011-05-05,2011,5,15.07,15.35,15.931683980083353,2011-05-19,LinearRegression,14,2011
2011-05-06,2011,5,15.02,15.35,15.92940671844246,2011-05-20,LinearRegression,14,2011
2011-05-07,2011,5,15.16,15.37,16.247102678087565,2011-05-21,LinearRegression,14,2011
2011-05-08,2011,5,15.26,15.36,16.25205483713971,2011-05-22,LinearRegression,14,2011
2011-05-09,2011,5,15.37,15.39,16.289983410098817,2011-05-23,LinearRegression,14,2011
2011-05-10,2011,5,15.48,15.5,16.333404361729894,2011-05-24,LinearRegression,14,2011
2011-05-11,2011,5,15.59,15.62,16.378639989454616,2011-05-25,LinearRegression,14,2011
2011-05-12,2011,5,15.63,15.73,16.361403085041268,2011-05-26,LinearRegression,14,2011
2011-05-13,2011,5,15.33,15.74,15.88162429677096,2011-05-27,LinearRegression,14,2011
2011-05-14,2011,5,15.31,15.81,16.29393527806355,2011-05-28,LinearRegression,14,2011
2011-05-15,2011,5,15.24,15.92,16.226319026090557,2011-05-29,LinearRegression,14,2011
2011-05-16,2011,5,15.36,16.28,16.53760030052709,2011-05-30,LinearRegression,14,2011
2011-05-17,2011,5,15.36,16.4,16.408739906795546,2011-05-31,LinearRegression,14,2011
2011-05-18,2011,5,15.34,16.35,16.37242919553371,2011-06-01,LinearRegression,14,2011
2011-05-19,2011,5,15.35,16.26,16.560375192609712,2011-06-02,LinearRegression,14,2011
2011-05-20,2011,5,15.35,16.22,16.573810739127172,2011-06-03,LinearRegression,14,2011
2011-05-21,2011,5,15.37,16.3,16.61510748081751,2011-06-04,LinearRegression,14,2011
2011-05-22,2011,5,15.36,16.49,16.627992759964915,2011-06-05,LinearRegression,14,2011
2011-05-23,2011,5,15.39,16.77,16.699489518781068,2011-06-06,LinearRegression,14,2011
2011-05-24,2011,5,15.5,17.21,16.79207347432477,2011-06-07,LinearRegression,14,2011
2011-05-25,2011,5,15.62,17.49,16.826425051938642,2011-06-08,LinearRegression,14,2011
2011-05-26,2011,5,15.73,17.59,16.86179717274687,2011-06-09,LinearRegression,14,2011
2011-05-27,2011,5,15.74,17.6,16.836347454248504,2011-06-10,LinearRegression,14,2011
2011-05-28,2011,5,15.81,17.6,16.94853150529886,2011-06-11,LinearRegression,14,2011
2011-05-29,2011,5,15.92,17.56,16.99772310908534,2011-06-12,LinearRegression,14,2011
2011-05-30,2011,5,16.28,17.39,17.27836476559476,2011-06-13,LinearRegression,14,2011
2011-05-31,2011,5,16.4,17.26,17.12591187749366,2011-06-14,LinearRegression,14,2011
2011-06-01,2011,6,16.35,17.16,17.119596519817193,2011-06-15,LinearRegression,14,2011
2011-06-02,2011,6,16.26,17.03,17.08552220108442,2011-06-16,LinearRegression,14,2011
2011-06-03,2011,6,16.22,17.05,17.151258721169455,2011-06-17,LinearRegression,14,2011
2011-06-04,2011,6,16.3,17.17,17.356218935932606,2011-06-18,LinearRegression,14,2011
2011-06-05,2011,6,16.49,17.2,17.615911047159983,2011-06-19,LinearRegression,14,2011
2011-06-06,2011,6,16.77,17.203,17.708860968584556,2011-06-20,LinearRegression,14,2011
2011-06-07,2011,6,17.21,17.19,17.895540320383986,2011-06-21,LinearRegression,14,2011
2011-06-08,2011,6,17.49,17.23,17.810211613179078,2011-06-22,LinearRegression,14,2011
2011-06-09,2011,6,17.59,17.33,17.797691744580536,2011-06-23,LinearRegression,14,2011
2011-06-10,2011,6,17.6,17.44,17.883548754129052,2011-06-24,LinearRegression,14,2011
2011-06-11,2011,6,17.6,17.46,18.000792071462055,2011-06-25,LinearRegression,14,2011
2011-06-12,2011,6,17.56,17.6,18.00724067110618,2011-06-26,LinearRegression,14,2011
2011-06-13,2011,6,17.39,17.75,17.87037271529604,2011-06-27,LinearRegression,14,2011
2011-06-14,2011,6,17.26,17.91,17.91406277564668,2011-06-28,LinearRegression,14,2011
2011-06-15,2011,6,17.16,17.93,17.921959061101933,2011-06-29,LinearRegression,14,2011
2011-06-16,2011,6,17.03,17.96,17.7862718557978,2011-06-30,LinearRegression,14,2011
2011-06-17,2011,6,17.05,18.08,17.95863021473856,2011-07-01,LinearRegression,14,2011
2011-06-18,2011,6,17.17,18.29,18.071962546944825,2011-07-02,LinearRegression,14,2011
2011-06-19,2011,6,17.2,18.47,18.0213308867056,2011-07-03,LinearRegression,14,2011
2011-06-20,2011,6,17.203,18.41,18.08940654803934,2011-07-04,LinearRegression,14,2011
2011-06-21,2011,6,17.19,18.43,18.113235955030706,2011-07-05,LinearRegression,14,2011
2011-06-22,2011,6,17.23,18.6,18.169823502268088,2011-07-06,LinearRegression,14,2011
2011-06-23,2011,6,17.33,18.84,18.2142414623821,2011-07-07,LinearRegression,14,2011
2011-06-24,2011,6,17.44,18.92,18.281699130558888,2011-07-08,LinearRegression,14,2011
2011-06-25,2011,6,17.46,18.99,18.2415226598745,2011-07-09,LinearRegression,14,2011
2011-06-26,2011,6,17.6,19.08,18.394726159953148,2011-07-10,LinearRegression,14,2011
2011-06-27,2011,6,17.75,19.13,18.3971669581375,2011-07-11,LinearRegression,14,2011
2011-06-28,2011,6,17.91,19.17,18.446577287377284,2011-07-12,LinearRegression,14,2011
2011-06-29,2011,6,17.93,19.24,18.409849148905682,2011-07-13,LinearRegression,14,2011
2011-06-30,2011,6,17.96,19.24,18.538895587455954,2011-07-14,LinearRegression,14,2011
2011-07-01,2011,7,18.08,19.28,18.617122678920953,2011-07-15,LinearRegression,14,2011
2011-07-02,2011,7,18.29,19.34,18.721271281637303,2011-07-16,LinearRegression,14,2011
2011-07-03,2011,7,18.47,19.4,18.76056744696297,2011-07-17,LinearRegression,14,2011
2011-07-04,2011,7,18.41,19.43,18.621829467228554,2011-07-18,LinearRegression,14,2011
2011-07-05,2011,7,18.43,19.48,18.811913459051976,2011-07-19,LinearRegression,14,2011
2011-07-06,2011,7,18.6,19.51,18.967854618664536,2011-07-20,LinearRegression,14,2011
2011-07-07,2011,7,18.84,19.57,19.018151932055115,2011-07-21,LinearRegression,14,2011
2011-07-08,2011,7,18.92,19.63,18.981875514376263,2011-07-22,LinearRegression,14,2011
2011-07-09,2011,7,18.99,19.64,19.122515793859844,2011-07-23,LinearRegression,14,2011
2011-07-10,2011,7,19.08,19.64,19.161718011571978,2011-07-24,LinearRegression,14,2011
2011-07-11,2011,7,19.13,19.65,19.128966466537683,2011-07-25,LinearRegression,14,2011
2011-07-12,2011,7,19.17,19.52,19.188805054865643,2011-07-26,LinearRegression,14,2011
2011-07-13,2011,7,19.24,19.41,19.3049670553621,2011-07-27,LinearRegression,14,2011
2011-07-14,2011,7,19.24,19.35,19.26922628776574,2011-07-28,LinearRegression,14,2011
2011-07-15,2011,7,19.28,19.22,19.346581541977866,2011-07-29,LinearRegression,14,2011
2011-07-16,2011,7,19.34,19.24,19.38742374237815,2011-07-30,LinearRegression,14,2011
2011-07-17,2011,7,19.4,19.25,19.401567837086432,2011-07-31,LinearRegression,14,2011
2011-09-08,2011,9,17.13,17.9,17.389602194378057,2011-09-22,LinearRegression,14,2011
2011-09-09,2011,9,17.1,17.78,17.24249873977974,2011-09-23,LinearRegression,14,2011
2011-09-10,2011,9,16.98,17.7,17.073658210437372,2011-09-24,LinearRegression,14,2011
2011-09-11,2011,9,17.0,17.62,17.27909478565982,2011-09-25,LinearRegression,14,2011
2011-09-12,2011,9,17.11,17.6,17.4517398595931,2011-09-26,LinearRegression,14,2011
2011-09-13,2011,9,17.19,17.84,17.40944325352791,2011-09-27,LinearRegression,14,2011
2011-09-14,2011,9,17.23,17.87,17.366621514795284,2011-09-28,LinearRegression,14,2011
2011-09-15,2011,9,17.24,17.89,17.335649290033842,2011-09-29,LinearRegression,14,2011
2011-09-16,2011,9,17.16,17.93,17.15406440182808,2011-09-30,LinearRegression,14,2011
2011-09-17,2011,9,17.25,17.99,17.3815205008736,2011-10-01,LinearRegression,14,2011
2011-09-18,2011,9,17.41,18.0,17.41008350573171,2011-10-02,LinearRegression,14,2011
2011-09-19,2011,9,17.71,17.98,17.543336088115534,2011-10-03,LinearRegression,14,2011
2011-09-20,2011,9,18.14,17.78,17.66619269744304,2011-10-04,LinearRegression,14,2011
2011-09-21,2011,9,18.09,17.66,17.21521804056509,2011-10-05,LinearRegression,14,2011
2011-09-22,2011,9,17.9,17.37,17.03816346606733,2011-10-06,LinearRegression,14,2011
2011-09-23,2011,9,17.78,17.11,17.062693398962967,2011-10-07,LinearRegression,14,2011
2011-09-24,2011,9,17.7,16.95,17.058366058584106,2011-10-08,LinearRegression,14,2011
2011-09-25,2011,9,17.62,16.81,17.084519792826327,2011-10-09,LinearRegression,14,2011
2011-09-26,2011,9,17.6,16.67,17.185934289379457,2011-10-10,LinearRegression,14,2011
2011-09-27,2011,9,17.84,16.57,17.499945376287446,2011-10-11,LinearRegression,14,2011
2011-09-28,2011,9,17.87,16.45,17.30088887240426,2011-10-12,LinearRegression,14,2011
2011-09-29,2011,9,17.89,16.42,17.317223612257173,2011-10-13,LinearRegression,14,2011
2011-09-30,2011,9,17.93,16.25,17.320657661125153,2011-10-14,LinearRegression,14,2011
2011-10-01,2011,10,17.99,16.13,17.299357619213236,2011-10-15,LinearRegression,14,2011
2011-10-02,2011,10,18.0,16.05,17.212880222092256,2011-10-16,LinearRegression,14,2011
2011-10-03,2011,10,17.98,15.94,17.239571571812707,2011-10-17,LinearRegression,14,2011
2011-10-04,2011,10,17.78,15.84,16.873244687189395,2011-10-18,LinearRegression,14,2011
2011-10-05,2011,10,17.66,15.82,16.88497707843455,2011-10-19,LinearRegression,14,2011
2011-10-06,2011,10,17.37,15.76,16.470032666833518,2011-10-20,LinearRegression,14,2011
2011-10-07,2011,10,17.11,15.7,16.32610352451726,2011-10-21,LinearRegression,14,2011
2011-10-08,2011,10,16.95,15.7,16.28690718887942,2011-10-22,LinearRegression,14,2011
2011-10-09,2011,10,16.81,15.68,16.10557224913312,2011-10-23,LinearRegression,14,2011
2011-10-10,2011,10,16.67,15.68,16.003313739638493,2011-10-24,LinearRegression,14,2011
2011-10-11,2011,10,16.57,15.66,15.907983867525276,2011-10-25,LinearRegression,14,2011
2011-10-12,2011,10,16.45,15.6,15.825267794322912,2011-10-26,LinearRegression,14,2011
2011-10-13,2011,10,16.42,15.52,15.974131071119103,2011-10-27,LinearRegression,14,2011
2011-10-14,2011,10,16.25,15.45,15.66943417853471,2011-10-28,LinearRegression,14,2011
2011-10-15,2011,10,16.13,15.42,15.656162579758163,2011-10-29,LinearRegression,14,2011
2011-10-16,2011,10,16.05,15.38,15.669802159989853,2011-10-30,LinearRegression,14,2011
2011-10-17,2011,10,15.94,15.35,15.537727753258467,2011-10-31,LinearRegression,14,2011
2011-10-18,2011,10,15.84,15.3,15.487970425501839,2011-11-01,LinearRegression,14,2011
2011-10-19,2011,10,15.82,15.22,15.50698373952611,2011-11-02,LinearRegression,14,2011
2011-10-20,2011,10,15.76,15.16,15.422677495195243,2011-11-03,LinearRegression,14,2011
2011-10-21,2011,10,15.7,15.1,15.379488334635829,2011-11-04,LinearRegression,14,2011
2011-10-22,2011,10,15.7,15.03,15.435875301364717,2011-11-05,LinearRegression,14,2011
2011-10-23,2011,10,15.68,14.98,15.391574601103388,2011-11-06,LinearRegression,14,2011
2011-10-24,2011,10,15.68,14.95,15.428797760229578,2011-11-07,LinearRegression,14,2011
2011-10-25,2011,10,15.66,14.9,15.349133781830842,2011-11-08,LinearRegression,14,2011
2011-10-26,2011,10,15.6,14.83,15.240671772694192,2011-11-09,LinearRegression,14,2011
2011-10-27,2011,10,15.52,14.77,15.17624495766106,2011-11-10,LinearRegression,14,2011
2011-10-28,2011,10,15.45,14.68,15.115045709957023,2011-11-11,LinearRegression,14,2011
2011-10-29,2011,10,15.42,14.6,15.125513569036181,2011-11-12,LinearRegression,14,2011
2011-10-30,2011,10,15.38,14.55,15.035616517835106,2011-11-13,LinearRegression,14,2011
2011-10-31,2011,10,15.35,14.5,14.979716914268097,2011-11-14,LinearRegression,14,2011
2011-11-01,2011,11,15.3,14.45,14.891004176494475,2011-11-15,LinearRegression,14,2011
2011-11-02,2011,11,15.22,14.41,14.790938449232268,2011-11-16,LinearRegression,14,2011
2011-11-03,2011,11,15.16,14.38,14.781932875613206,2011-11-17,LinearRegression,14,2011
2011-11-04,2011,11,15.1,14.32,14.717657260708691,2011-11-18,LinearRegression,14,2011
2011-11-05,2011,11,15.03,14.32,14.634562757397322,2011-11-19,LinearRegression,14,2011
2011-11-06,2011,11,14.98,14.31,14.591925605685049,2011-11-20,LinearRegression,14,2011
2011-11-07,2011,11,14.95,14.27,14.56751818325634,2011-11-21,LinearRegression,14,2011
2011-11-08,2011,11,14.9,14.24,14.49580754729828,2011-11-22,LinearRegression,14,2011
2011-11-09,2011,11,14.83,14.21,14.402911801125814,2011-11-23,LinearRegression,14,2011
2011-11-10,2011,11,14.77,14.2,14.36071248529305,2011-11-24,LinearRegression,14,2011
2011-11-11,2011,11,14.68,14.18,14.25845895511481,2011-11-25,LinearRegression,14,2011
2011-11-12,2011,11,14.6,14.16,14.208071629973382,2011-11-26,LinearRegression,14,2011
2011-11-13,2011,11,14.55,14.12,14.182684651315563,2011-11-27,LinearRegression,14,2011
2011-11-14,2011,11,14.5,14.08,14.119457748484578,2011-11-28,LinearRegression,14,2011
2011-11-15,2011,11,14.45,14.04,14.067311913242577,2011-11-29,LinearRegression,14,2011
2011-11-16,2011,11,14.41,14.0,14.026202285208793,2011-11-30,LinearRegression,14,2011
2011-11-17,2011,11,14.38,13.98,14.013777015658889,2011-12-01,LinearRegression,14,2011
2011-11-18,2011,11,14.32,13.96,13.931234373056824,2011-12-02,LinearRegression,14,2011
2011-11-19,2011,11,14.32,13.92,13.99701344362735,2011-12-03,LinearRegression,14,2011
2011-11-20,2011,11,14.31,13.88,13.961973112108408,2011-12-04,LinearRegression,14,2011
2011-11-21,2011,11,14.27,13.86,13.879188052054586,2011-12-05,LinearRegression,14,2011
2011-11-22,2011,11,14.24,13.84,13.858965220926077,2011-12-06,LinearRegression,14,2011
2011-11-23,2011,11,14.21,13.81,13.81878947660257,2011-12-07,LinearRegression,14,2011
2011-11-24,2011,11,14.2,13.78,13.848073693918318,2011-12-08,LinearRegression,14,2011
2011-11-25,2011,11,14.18,13.75,13.789797780402782,2011-12-09,LinearRegression,14,2011
2011-11-26,2011,11,14.16,13.72,13.74346845933843,2011-12-10,LinearRegression,14,2011
2011-11-27,2011,11,14.12,13.7,13.678653557365774,2011-12-11,LinearRegression,14,2011
2011-11-28,2011,11,14.08,13.69,13.641544701417,2011-12-12,LinearRegression,14,2011
2011-11-29,2011,11,14.04,13.66,13.60874549708119,2011-12-13,LinearRegression,14,2011
2011-11-30,2011,11,14.0,13.64,13.558721821141205,2011-12-14,LinearRegression,14,2011
2011-12-01,2011,12,13.98,13.62,13.551288797876495,2011-12-15,LinearRegression,14,2011
2011-12-02,2011,12,13.96,13.6,13.511224556094382,2011-12-16,LinearRegression,14,2011
2011-12-03,2011,12,13.92,13.58,13.44154042481385,2011-12-17,LinearRegression,14,2011
2011-12-04,2011,12,13.88,13.58,13.403553117182161,2011-12-18,LinearRegression,14,2011
2011-12-05,2011,12,13.86,13.57,13.409121310490782,2011-12-19,LinearRegression,14,2011
2011-12-06,2011,12,13.84,13.56,13.390971894093282,2011-12-20,LinearRegression,14,2011
2011-12-07,2011,12,13.81,13.52,13.33850045249074,2011-12-21,LinearRegression,14,2011
2011-12-08,2011,12,13.78,13.5,13.296325627858828,2011-12-22,LinearRegression,14,2011
2011-12-09,2011,12,13.75,13.48,13.268485583181118,2011-12-23,LinearRegression,14,2011
2011-12-10,2011,12,13.72,13.46,13.24688653920842,2011-12-24,LinearRegression,14,2011
2011-12-11,2011,12,13.7,13.44,13.232896740282266,2011-12-25,LinearRegression,14,2011
2011-12-12,2011,12,13.69,13.42,13.222228710636001,2011-12-26,LinearRegression,14,2011
2011-12-13,2011,12,13.66,13.39,13.162494715442632,2011-12-27,LinearRegression,14,2011
2011-12-14,2011,12,13.64,13.37,13.152956223962594,2011-12-28,LinearRegression,14,2011
2011-12-15,2011,12,13.62,13.35,13.132341624053145,2011-12-29,LinearRegression,14,2011
2011-12-16,2011,12,13.6,13.33,13.114627196473057,2011-12-30,LinearRegression,14,2011
2011-12-17,2011,12,13.58,13.31,13.092764658718274,2011-12-31,LinearRegression,14,2011
2011-12-18,2011,12,13.58,13.28,13.101564589660786,2012-01-01,LinearRegression,14,2011
2011-12-19,2011,12,13.57,13.24,13.076032820555168,2012-01-02,LinearRegression,14,2011
2011-12-20,2011,12,13.56,13.22,13.059892967926821,2012-01-03,LinearRegression,14,2011
2011-12-21,2011,12,13.52,13.21,12.986386782589813,2012-01-04,LinearRegression,14,2011
2011-12-22,2011,12,13.5,13.2,12.998345042772614,2012-01-05,LinearRegression,14,2011
2011-12-23,2011,12,13.48,13.19,12.986205263584681,2012-01-06,LinearRegression,14,2011
2011-12-24,2011,12,13.46,13.18,12.95579979385048,2012-01-07,LinearRegression,14,2011
2011-12-25,2011,12,13.44,13.16,12.929389875540696,2012-01-08,LinearRegression,14,2011
2011-12-26,2011,12,13.42,13.15,12.898265698369826,2012-01-09,LinearRegression,14,2011
2011-12-27,2011,12,13.39,13.13,12.869704626377898,2012-01-10,LinearRegression,14,2011
2011-12-28,2011,12,13.37,13.12,12.866054283571964,2012-01-11,LinearRegression,14,2011
2011-12-29,2011,12,13.35,13.11,12.848218487098796,2012-01-12,LinearRegression,14,2011
2011-12-30,2011,12,13.33,13.1,12.829705532790925,2012-01-13,LinearRegression,14,2011
2011-12-31,2011,12,13.31,13.09,12.811168761208009,2012-01-14,LinearRegression,14,2011
2012-01-01,2012,1,13.28,13.08,12.789853631497337,2012-01-15,LinearRegression,14,2012
2012-01-02,2012,1,13.24,13.07,12.745212841164127,2012-01-16,LinearRegression,14,2012
2012-01-03,2012,1,13.22,13.05,12.757193678776073,2012-01-17,LinearRegression,14,2012
2012-01-04,2012,1,13.21,13.02,12.772068019255366,2012-01-18,LinearRegression,14,2012
2012-01-05,2012,1,13.2,13.0,12.767510442415698,2012-01-19,LinearRegression,14,2012
2012-01-06,2012,1,13.19,12.99,12.76004499289649,2012-01-20,LinearRegression,14,2012
2012-01-07,2012,1,13.18,12.99,12.756791837285526,2012-01-21,LinearRegression,14,2012
2012-01-08,2012,1,13.16,12.97,12.735850518096495,2012-01-22,LinearRegression,14,2012
2012-01-09,2012,1,13.15,12.95,12.743500256200853,2012-01-23,LinearRegression,14,2012
2012-01-10,2012,1,13.13,12.93,12.717082780830468,2012-01-24,LinearRegression,14,2012
2012-01-11,2012,1,13.12,12.91,12.72296755006517,2012-01-25,LinearRegression,14,2012
2012-01-12,2012,1,13.11,12.89,12.721203170005625,2012-01-26,LinearRegression,14,2012
2012-01-13,2012,1,13.1,12.87,12.714793878818083,2012-01-27,LinearRegression,14,2012
2012-01-14,2012,1,13.09,12.86,12.714567305451725,2012-01-28,LinearRegression,14,2012
2012-01-15,2012,1,13.08,12.86,12.709011430583182,2012-01-29,LinearRegression,14,2012
2012-01-16,2012,1,13.07,12.88,12.709871648882109,2012-01-30,LinearRegression,14,2012
2012-01-17,2012,1,13.05,12.88,12.683233853080086,2012-01-31,LinearRegression,14,2012
2012-01-18,2012,1,13.02,12.87,12.647804509379732,2012-02-01,LinearRegression,14,2012
2012-01-19,2012,1,13.0,12.85,12.65112606920812,2012-02-02,LinearRegression,14,2012
2012-01-20,2012,1,12.99,12.84,12.668055480642186,2012-02-03,LinearRegression,14,2012
2012-01-21,2012,1,12.99,12.82,12.692014954497575,2012-02-04,LinearRegression,14,2012
2012-01-22,2012,1,12.97,12.81,12.653708896556916,2012-02-05,LinearRegression,14,2012
2012-01-23,2012,1,12.95,12.79,12.642455625900485,2012-02-06,LinearRegression,14,2012
2012-01-24,2012,1,12.93,12.78,12.643124539121136,2012-02-07,LinearRegression,14,2012
2012-01-25,2012,1,12.91,12.77,12.639294650563619,2012-02-08,LinearRegression,14,2012
2012-01-26,2012,1,12.89,12.76,12.632665276639077,2012-02-09,LinearRegression,14,2012
2012-01-27,2012,1,12.87,12.75,12.620889500831373,2012-02-10,LinearRegression,14,2012
2012-01-28,2012,1,12.86,12.74,12.642114152019815,2012-02-11,LinearRegression,14,2012
2012-01-29,2012,1,12.86,12.73,12.673165198911322,2012-02-12,LinearRegression,14,2012
2012-01-30,2012,1,12.88,12.72,12.711233890992386,2012-02-13,LinearRegression,14,2012
2012-01-31,2012,1,12.88,12.71,12.70216769469213,2012-02-14,LinearRegression,14,2012
2012-02-01,2012,2,12.87,12.71,12.707094097857974,2012-02-15,LinearRegression,14,2012
2012-02-02,2012,2,12.85,12.71,12.693489186220468,2012-02-16,LinearRegression,14,2012
2012-02-03,2012,2,12.84,12.7,12.707091528879662,2012-02-17,LinearRegression,14,2012
2012-02-04,2012,2,12.82,12.7,12.689691193996739,2012-02-18,LinearRegression,14,2012
2012-02-05,2012,2,12.81,12.7,12.702432975417437,2012-02-19,LinearRegression,14,2012
2012-02-06,2012,2,12.79,12.72,12.686864264559906,2012-02-20,LinearRegression,14,2012
2012-02-07,2012,2,12.78,12.72,12.705097825395109,2012-02-21,LinearRegression,14,2012
2012-02-08,2012,2,12.77,12.7,12.720134597559392,2012-02-22,LinearRegression,14,2012
2012-02-09,2012,2,12.76,12.69,12.725398119315223,2012-02-23,LinearRegression,14,2012
2012-02-10,2012,2,12.75,12.66,12.73754913043796,2012-02-24,LinearRegression,14,2012
2012-02-11,2012,2,12.74,12.64,12.744307993864739,2012-02-25,LinearRegression,14,2012
2012-02-12,2012,2,12.73,12.62,12.757416460136033,2012-02-26,LinearRegression,14,2012
2012-02-13,2012,2,12.72,12.61,12.766010029075062,2012-02-27,LinearRegression,14,2012
2012-02-14,2012,2,12.71,12.63,12.775772268277299,2012-02-28,LinearRegression,14,2012
2012-02-15,2012,2,12.71,12.64,12.808600543402942,2012-02-29,LinearRegression,14,2012
2012-02-16,2012,2,12.71,12.64,12.830640856861182,2012-03-01,LinearRegression,14,2012
2012-02-17,2012,2,12.7,12.63,12.825206611291884,2012-03-02,LinearRegression,14,2012
2012-02-18,2012,2,12.7,12.62,12.856745283382434,2012-03-03,LinearRegression,14,2012
2012-02-19,2012,2,12.7,12.62,12.880481898282216,2012-03-04,LinearRegression,14,2012
2012-02-20,2012,2,12.72,12.66,12.92061491795363,2012-03-05,LinearRegression,14,2012
2012-02-21,2012,2,12.72,12.7,12.916480237911905,2012-03-06,LinearRegression,14,2012
2012-02-22,2012,2,12.7,12.73,12.905779134585362,2012-03-07,LinearRegression,14,2012
2012-02-23,2012,2,12.69,12.77,12.927530250452934,2012-03-08,LinearRegression,14,2012
2012-02-24,2012,2,12.66,12.81,12.89458155318152,2012-03-09,LinearRegression,14,2012
2012-02-25,2012,2,12.64,12.85,12.907326459620984,2012-03-10,LinearRegression,14,2012
2012-02-26,2012,2,12.62,12.88,12.912992471170577,2012-03-11,LinearRegression,14,2012
2012-02-27,2012,2,12.61,12.88,12.93846896198952,2012-03-12,LinearRegression,14,2012
2012-02-28,2012,2,12.63,12.87,13.009368039526345,2012-03-13,LinearRegression,14,2012
2012-02-29,2012,2,12.64,12.84,13.01712760232556,2012-03-14,LinearRegression,14,2012
2012-03-01,2012,3,12.64,12.84,13.04290625469139,2012-03-15,LinearRegression,14,2012
2012-03-02,2012,3,12.63,12.86,13.057615276249194,2012-03-16,LinearRegression,14,2012
2012-03-03,2012,3,12.62,12.94,13.074259365804279,2012-03-17,LinearRegression,14,2012
2012-03-04,2012,3,12.62,12.98,13.109701069846846,2012-03-18,LinearRegression,14,2012
2012-03-05,2012,3,12.66,13.0,13.175750459046194,2012-03-19,LinearRegression,14,2012
2012-03-06,2012,3,12.7,12.99,13.193566159617838,2012-03-20,LinearRegression,14,2012
2012-03-07,2012,3,12.73,12.95,13.217247978680975,2012-03-21,LinearRegression,14,2012
2012-03-08,2012,3,12.77,12.94,13.264435531909436,2012-03-22,LinearRegression,14,2012
2012-03-09,2012,3,12.81,12.94,13.293841062252653,2012-03-23,LinearRegression,14,2012
2012-03-10,2012,3,12.85,12.96,13.320784820847509,2012-03-24,LinearRegression,14,2012
2012-03-11,2012,3,12.88,12.98,13.355812428280956,2012-03-25,LinearRegression,14,2012
2012-03-12,2012,3,12.88,13.0,13.377315749288126,2012-03-26,LinearRegression,14,2012
2012-03-13,2012,3,12.87,13.01,13.405829344800791,2012-03-27,LinearRegression,14,2012
2012-03-14,2012,3,12.84,13.02,13.398660082117575,2012-03-28,LinearRegression,14,2012
2012-03-15,2012,3,12.84,13.04,13.471791145880285,2012-03-29,LinearRegression,14,2012
2012-03-16,2012,3,12.86,13.05,13.540269131164779,2012-03-30,LinearRegression,14,2012
2012-03-17,2012,3,12.94,13.1,13.617704888266532,2012-03-31,LinearRegression,14,2012
2012-03-18,2012,3,12.98,13.15,13.605757554442947,2012-04-01,LinearRegression,14,2012
2012-03-19,2012,3,13.0,13.19,13.640610762940884,2012-04-02,LinearRegression,14,2012
2012-03-20,2012,3,12.99,13.23,13.654522196872975,2012-04-03,LinearRegression,14,2012
2012-03-21,2012,3,12.95,13.24,13.614187563208421,2012-04-04,LinearRegression,14,2012
2012-03-22,2012,3,12.94,13.24,13.669985157439049,2012-04-05,LinearRegression,14,2012
2012-03-23,2012,3,12.94,13.4,13.746695479568679,2012-04-06,LinearRegression,14,2012
2012-03-24,2012,3,12.96,13.5,13.795813831632874,2012-04-07,LinearRegression,14,2012
2012-03-25,2012,3,12.98,13.62,13.825027432136892,2012-04-08,LinearRegression,14,2012
2012-03-26,2012,3,13.0,13.67,13.862688513410292,2012-04-09,LinearRegression,14,2012
2012-03-27,2012,3,13.01,13.68,13.890028187945564,2012-04-10,LinearRegression,14,2012
2012-03-28,2012,3,13.02,13.69,13.922097821608002,2012-04-11,LinearRegression,14,2012
2012-03-29,2012,3,13.04,13.74,13.957299281656066,2012-04-12,LinearRegression,14,2012
2012-03-30,2012,3,13.05,13.8,13.980730526607406,2012-04-13,LinearRegression,14,2012
2012-03-31,2012,3,13.1,13.89,14.056083806968312,2012-04-14,LinearRegression,14,2012
2012-04-01,2012,4,13.15,14.0,14.09091756366561,2012-04-15,LinearRegression,14,2012
2012-04-02,2012,4,13.19,14.13,14.124417498535903,2012-04-16,LinearRegression,14,2012
2012-04-03,2012,4,13.23,14.18,14.169941989368557,2012-04-17,LinearRegression,14,2012
2012-04-04,2012,4,13.24,14.18,14.18588630335015,2012-04-18,LinearRegression,14,2012
2012-04-05,2012,4,13.24,14.17,14.219180315348423,2012-04-19,LinearRegression,14,2012
2012-04-06,2012,4,13.4,14.35,14.401348706221379,2012-04-20,LinearRegression,14,2012
2012-04-07,2012,4,13.5,14.6,14.377251325312297,2012-04-21,LinearRegression,14,2012
2012-04-08,2012,4,13.62,14.87,14.484247172970415,2012-04-22,LinearRegression,14,2012
2012-04-09,2012,4,13.67,15.12,14.49475932682317,2012-04-23,LinearRegression,14,2012
2012-04-10,2012,4,13.68,15.17,14.526336119343442,2012-04-24,LinearRegression,14,2012
2012-04-11,2012,4,13.69,15.18,14.561984465731985,2012-04-25,LinearRegression,14,2012
2012-04-12,2012,4,13.74,15.19,14.664213639416555,2012-04-26,LinearRegression,14,2012
2012-04-13,2012,4,13.8,15.19,14.728370361020826,2012-04-27,LinearRegression,14,2012
2012-04-14,2012,4,13.89,15.12,14.837441052559418,2012-04-28,LinearRegression,14,2012
2012-04-15,2012,4,14.0,15.11,14.92390939673389,2012-04-29,LinearRegression,14,2012
2012-04-16,2012,4,14.13,15.29,14.994316626100103,2012-04-30,LinearRegression,14,2012
2012-04-17,2012,4,14.18,15.52,14.971567739252734,2012-05-01,LinearRegression,14,2012
2012-04-18,2012,4,14.18,15.59,15.011226427639858,2012-05-02,LinearRegression,14,2012
2012-04-19,2012,4,14.17,15.64,15.061334505577701,2012-05-03,LinearRegression,14,2012
2012-04-20,2012,4,14.35,15.79,15.277377750994482,2012-05-04,LinearRegression,14,2012
2012-04-21,2012,4,14.6,15.91,15.382268483901655,2012-05-05,LinearRegression,14,2012
2012-04-22,2012,4,14.87,16.04,15.517311396504402,2012-05-06,LinearRegression,14,2012
2012-04-23,2012,4,15.12,16.08,15.614596829846898,2012-05-07,LinearRegression,14,2012
2012-04-24,2012,4,15.17,16.04,15.524800650579818,2012-05-08,LinearRegression,14,2012
2012-04-25,2012,4,15.18,15.93,15.597238624518186,2012-05-09,LinearRegression,14,2012
2012-04-26,2012,4,15.19,15.79,15.68544213088754,2012-05-10,LinearRegression,14,2012
2012-04-27,2012,4,15.19,15.66,15.767874902161735,2012-05-11,LinearRegression,14,2012
2012-04-28,2012,4,15.12,15.52,15.74749969482548,2012-05-12,LinearRegression,14,2012
2012-04-29,2012,4,15.11,15.35,15.924922292706789,2012-05-13,LinearRegression,14,2012
2012-04-30,2012,4,15.29,15.22,16.17649411395508,2012-05-14,LinearRegression,14,2012
2012-05-01,2012,5,15.52,15.14,16.226856987608702,2012-05-15,LinearRegression,14,2012
2012-05-02,2012,5,15.59,15.1,16.13550489159786,2012-05-16,LinearRegression,14,2012
2012-05-03,2012,5,15.64,15.17,16.23692701113008,2012-05-17,LinearRegression,14,2012
2012-05-04,2012,5,15.79,15.26,16.384217700265655,2012-05-18,LinearRegression,14,2012
2012-05-05,2012,5,15.91,15.37,16.348251595088858,2012-05-19,LinearRegression,14,2012
2012-05-06,2012,5,16.04,15.6,16.45882902149459,2012-05-20,LinearRegression,14,2012
2012-05-07,2012,5,16.08,16.3,16.522604039880374,2012-05-21,LinearRegression,14,2012
2012-05-08,2012,5,16.04,16.64,16.529131905066652,2012-05-22,LinearRegression,14,2012
2012-05-09,2012,5,15.93,16.67,16.409333894084238,2012-05-23,LinearRegression,14,2012
2012-05-10,2012,5,15.79,16.5,16.37149141851353,2012-05-24,LinearRegression,14,2012
2012-05-11,2012,5,15.66,16.27,16.280433048594805,2012-05-25,LinearRegression,14,2012
2012-05-12,2012,5,15.52,16.14,16.175995358020334,2012-05-26,LinearRegression,14,2012
2012-05-13,2012,5,15.35,16.04,16.015705799951387,2012-05-27,LinearRegression,14,2012
2012-05-14,2012,5,15.22,16.03,15.994608192046613,2012-05-28,LinearRegression,14,2012
2012-05-15,2012,5,15.14,16.04,16.07112580085468,2012-05-29,LinearRegression,14,2012
2012-05-16,2012,5,15.1,16.06,16.171717147071647,2012-05-30,LinearRegression,14,2012
2012-05-17,2012,5,15.17,16.12,16.38384416480111,2012-05-31,LinearRegression,14,2012
2012-05-18,2012,5,15.26,16.2,16.457247951326377,2012-06-01,LinearRegression,14,2012
2012-05-19,2012,5,15.37,16.24,16.582045057857794,2012-06-02,LinearRegression,14,2012
2012-05-20,2012,5,15.6,16.27,16.734403864948224,2012-06-03,LinearRegression,14,2012
2012-05-21,2012,5,16.3,16.29,17.210663989299487,2012-06-04,LinearRegression,14,2012
2012-05-22,2012,5,16.64,16.47,16.894175569383293,2012-06-05,LinearRegression,14,2012
2012-05-23,2012,5,16.67,16.9,16.86360614965724,2012-06-06,LinearRegression,14,2012
2012-05-24,2012,5,16.5,17.25,16.74178964755036,2012-06-07,LinearRegression,14,2012
2012-05-25,2012,5,16.27,17.88,16.53726227999502,2012-06-08,LinearRegression,14,2012
2012-05-26,2012,5,16.14,18.28,16.652540183772285,2012-06-09,LinearRegression,14,2012
2012-05-27,2012,5,16.04,18.37,16.815205844393336,2012-06-10,LinearRegression,14,2012
2012-05-28,2012,5,16.03,18.34,16.973249598004273,2012-06-11,LinearRegression,14,2012
2012-05-29,2012,5,16.04,18.09,17.05723448416918,2012-06-12,LinearRegression,14,2012
2012-05-30,2012,5,16.06,17.88,17.133975862873335,2012-06-13,LinearRegression,14,2012
2012-05-31,2012,5,16.12,17.66,17.26712389830613,2012-06-14,LinearRegression,14,2012
2012-06-01,2012,6,16.2,17.97,17.33723351777751,2012-06-15,LinearRegression,14,2012
2012-06-02,2012,6,16.24,18.33,17.33255545130933,2012-06-16,LinearRegression,14,2012
2012-06-03,2012,6,16.27,18.56,17.360977192595076,2012-06-17,LinearRegression,14,2012
2012-06-04,2012,6,16.29,18.79,17.381370686511374,2012-06-18,LinearRegression,14,2012
2012-06-05,2012,6,16.47,18.89,17.54305118922228,2012-06-19,LinearRegression,14,2012
2012-06-06,2012,6,16.9,18.76,17.79886485069959,2012-06-20,LinearRegression,14,2012
2012-06-07,2012,6,17.25,18.48,17.78885392547058,2012-06-21,LinearRegression,14,2012
2012-06-08,2012,6,17.88,18.32,18.195925569433474,2012-06-22,LinearRegression,14,2012
2012-06-09,2012,6,18.28,18.29,18.067076621669752,2012-06-23,LinearRegression,14,2012
2012-06-10,2012,6,18.37,18.43,17.956800623811866,2012-06-24,LinearRegression,14,2012
2012-06-11,2012,6,18.34,18.57,18.043091377458232,2012-06-25,LinearRegression,14,2012
2012-06-12,2012,6,18.09,18.8,17.763632709771258,2012-06-26,LinearRegression,14,2012
2012-06-13,2012,6,17.88,19.58,17.777529061247666,2012-06-27,LinearRegression,14,2012
2012-06-14,2012,6,17.66,20.12,17.821814438408445,2012-06-28,LinearRegression,14,2012
2012-06-15,2012,6,17.97,20.43,18.54529887492112,2012-06-29,LinearRegression,14,2012
2012-06-16,2012,6,18.33,20.56,18.642314449131884,2012-06-30,LinearRegression,14,2012
2012-06-17,2012,6,18.56,20.56,18.56351129908877,2012-07-01,LinearRegression,14,2012
2012-06-18,2012,6,18.79,20.45,18.726063959985918,2012-07-02,LinearRegression,14,2012
2012-06-19,2012,6,18.89,20.09,18.702112313028305,2012-07-03,LinearRegression,14,2012
2012-06-20,2012,6,18.76,19.65,18.485880841770083,2012-07-04,LinearRegression,14,2012
2012-06-21,2012,6,18.48,19.27,18.19033780245232,2012-07-05,LinearRegression,14,2012
2012-06-22,2012,6,18.32,19.14,18.406367624159625,2012-07-06,LinearRegression,14,2012
2012-06-23,2012,6,18.29,19.25,18.590986928642153,2012-07-07,LinearRegression,14,2012
2012-06-24,2012,6,18.43,19.22,18.830668134343423,2012-07-08,LinearRegression,14,2012
2012-06-25,2012,6,18.57,19.13,18.83318537506415,2012-07-09,LinearRegression,14,2012
2012-06-26,2012,6,18.8,19.07,19.051761379997004,2012-07-10,LinearRegression,14,2012
2012-06-27,2012,6,19.58,19.04,19.610909159242983,2012-07-11,LinearRegression,14,2012
2012-06-28,2012,6,20.12,19.11,19.39951768509717,2012-07-12,LinearRegression,14,2012
2012-06-29,2012,6,20.43,19.18,19.390914907790567,2012-07-13,LinearRegression,14,2012
2012-06-30,2012,6,20.56,19.27,19.462954063670697,2012-07-14,LinearRegression,14,2012
2012-07-01,2012,7,20.56,19.31,19.47547748248854,2012-07-15,LinearRegression,14,2012
2012-07-02,2012,7,20.45,19.47,19.338641287774294,2012-07-16,LinearRegression,14,2012
2012-07-03,2012,7,20.09,19.79,19.02248706496386,2012-07-17,LinearRegression,14,2012
2012-07-04,2012,7,19.65,19.87,18.686853458237326,2012-07-18,LinearRegression,14,2012
2012-07-05,2012,7,19.27,19.84,18.467107555463908,2012-07-19,LinearRegression,14,2012
2012-07-06,2012,7,19.14,19.9,18.75787667465153,2012-07-20,LinearRegression,14,2012
2012-07-07,2012,7,19.25,19.98,19.168390870616452,2012-07-21,LinearRegression,14,2012
2012-07-08,2012,7,19.22,19.94,19.000221435420762,2012-07-22,LinearRegression,14,2012
2012-07-09,2012,7,19.13,19.85,18.99455956996358,2012-07-23,LinearRegression,14,2012
2012-07-10,2012,7,19.07,19.76,19.093286922442157,2012-07-24,LinearRegression,14,2012
2012-07-11,2012,7,19.04,19.67,19.22878894515935,2012-07-25,LinearRegression,14,2012
2012-07-12,2012,7,19.11,19.55,19.356703455324606,2012-07-26,LinearRegression,14,2012
2012-07-13,2012,7,19.18,19.52,19.33254778635919,2012-07-27,LinearRegression,14,2012
2012-07-14,2012,7,19.27,19.5,19.388146655314596,2012-07-28,LinearRegression,14,2012
2012-07-15,2012,7,19.31,19.44,19.365510471737146,2012-07-29,LinearRegression,14,2012
2012-07-16,2012,7,19.47,19.44,19.502733665541996,2012-07-30,LinearRegression,14,2012
2012-07-17,2012,7,19.79,19.4,19.639775070349547,2012-07-31,LinearRegression,14,2012
2012-07-18,2012,7,19.87,19.34,19.443683193150797,2012-08-01,LinearRegression,14,2012
2012-07-19,2012,7,19.84,19.3,19.468344139677267,2012-08-02,LinearRegression,14,2012
2012-07-20,2012,7,19.9,19.2,19.63888121912342,2012-08-03,LinearRegression,14,2012
2012-07-21,2012,7,19.98,19.19,19.62906739270881,2012-08-04,LinearRegression,14,2012
2012-07-22,2012,7,19.94,19.18,19.520534818518048,2012-08-05,LinearRegression,14,2012
2012-07-23,2012,7,19.85,19.18,19.51940422131392,2012-08-06,LinearRegression,14,2012
2012-07-24,2012,7,19.76,19.15,19.46838793152793,2012-08-07,LinearRegression,14,2012
2012-07-25,2012,7,19.67,19.12,19.398230482840248,2012-08-08,LinearRegression,14,2012
2012-07-26,2012,7,19.55,19.09,19.24205775812553,2012-08-09,LinearRegression,14,2012
2012-07-27,2012,7,19.52,19.03,19.32846865867694,2012-08-10,LinearRegression,14,2012
2012-07-28,2012,7,19.5,18.93,19.36351754058718,2012-08-11,LinearRegression,14,2012
2012-07-29,2012,7,19.44,18.83,19.268254466127924,2012-08-12,LinearRegression,14,2012
2012-07-30,2012,7,19.44,18.67,19.358210514069082,2012-08-13,LinearRegression,14,2012
2012-07-31,2012,7,19.4,18.62,19.295431035594042,2012-08-14,LinearRegression,14,2012
2012-08-01,2012,8,19.34,18.57,19.23363296262682,2012-08-15,LinearRegression,14,2012
2012-08-02,2012,8,19.3,18.44,19.220238985752314,2012-08-16,LinearRegression,14,2012
2012-08-03,2012,8,19.2,18.31,19.047557559348622,2012-08-17,LinearRegression,14,2012
2012-08-04,2012,8,19.19,18.2,19.167810237371565,2012-08-18,LinearRegression,14,2012
2012-08-05,2012,8,19.18,18.12,19.17163064548686,2012-08-19,LinearRegression,14,2012
2012-08-06,2012,8,19.18,18.05,19.18070992528767,2012-08-20,LinearRegression,14,2012
2012-08-07,2012,8,19.15,18.0,19.118420222619356,2012-08-21,LinearRegression,14,2012
2012-08-08,2012,8,19.12,18.16,19.076184892595865,2012-08-22,LinearRegression,14,2012
2012-08-09,2012,8,19.09,18.26,19.077656824789404,2012-08-23,LinearRegression,14,2012
2012-08-10,2012,8,19.03,18.45,18.967394415670313,2012-08-24,LinearRegression,14,2012
2012-08-11,2012,8,18.93,18.51,18.810388743243628,2012-08-25,LinearRegression,14,2012
2012-08-12,2012,8,18.83,18.7,18.704387597793392,2012-08-26,LinearRegression,14,2012
2012-08-13,2012,8,18.67,18.89,18.485653030504388,2012-08-27,LinearRegression,14,2012
2012-08-14,2012,8,18.62,19.04,18.582774480719895,2012-08-28,LinearRegression,14,2012
2012-08-15,2012,8,18.57,19.08,18.56733931439566,2012-08-29,LinearRegression,14,2012
2012-08-16,2012,8,18.44,19.08,18.329506155021104,2012-08-30,LinearRegression,14,2012
2012-08-17,2012,8,18.31,19.01,18.215436913640204,2012-08-31,LinearRegression,14,2012
2012-08-18,2012,8,18.2,18.89,18.166102674689675,2012-09-01,LinearRegression,14,2012
2012-08-19,2012,8,18.12,18.79,18.191703641920668,2012-09-02,LinearRegression,14,2012
2012-08-20,2012,8,18.05,18.81,18.14229265185238,2012-09-03,LinearRegression,14,2012
2012-08-21,2012,8,18.0,18.82,18.11858967230103,2012-09-04,LinearRegression,14,2012
2012-08-22,2012,8,18.16,18.74,18.411873357721724,2012-09-05,LinearRegression,14,2012
2012-08-23,2012,8,18.26,18.83,18.36492405190426,2012-09-06,LinearRegression,14,2012
2012-08-24,2012,8,18.45,18.87,18.477252351145648,2012-09-07,LinearRegression,14,2012
2012-08-25,2012,8,18.51,18.87,18.365358013205825,2012-09-08,LinearRegression,14,2012
2012-08-26,2012,8,18.7,18.72,18.52905544048026,2012-09-09,LinearRegression,14,2012
2012-08-27,2012,8,18.89,18.46,18.50393925175726,2012-09-10,LinearRegression,14,2012
2012-08-28,2012,8,19.04,18.2,18.525050584300264,2012-09-11,LinearRegression,14,2012
2012-08-29,2012,8,19.08,18.04,18.49267845450863,2012-09-12,LinearRegression,14,2012
2012-08-30,2012,8,19.08,17.92,18.55995765236225,2012-09-13,LinearRegression,14,2012
2012-08-31,2012,8,19.01,18.13,18.440219898793096,2012-09-14,LinearRegression,14,2012
2012-09-01,2012,9,18.89,18.19,18.328401460317146,2012-09-15,LinearRegression,14,2012
2012-09-02,2012,9,18.79,18.82,18.310135460428928,2012-09-16,LinearRegression,14,2012
2012-09-03,2012,9,18.81,19.13,18.461562108933457,2012-09-17,LinearRegression,14,2012
2012-09-04,2012,9,18.82,19.22,18.45488294147595,2012-09-18,LinearRegression,14,2012
2012-09-05,2012,9,18.74,19.24,18.24879484177789,2012-09-19,LinearRegression,14,2012
2012-09-06,2012,9,18.83,19.16,18.467425802052972,2012-09-20,LinearRegression,14,2012
2012-09-07,2012,9,18.87,19.28,18.4294332358014,2012-09-21,LinearRegression,14,2012
2012-09-08,2012,9,18.87,19.48,18.394955787050083,2012-09-22,LinearRegression,14,2012
2012-09-09,2012,9,18.72,19.66,18.102151946333816,2012-09-23,LinearRegression,14,2012
2012-09-10,2012,9,18.46,19.81,17.67284287786059,2012-09-24,LinearRegression,14,2012
2012-09-11,2012,9,18.2,20.08,17.433320324065992,2012-09-25,LinearRegression,14,2012
2012-09-12,2012,9,18.04,20.27,17.417484204616375,2012-09-26,LinearRegression,14,2012
2012-09-13,2012,9,17.92,20.45,17.380808677140273,2012-09-27,LinearRegression,14,2012
2012-09-14,2012,9,18.13,20.46,17.79226564779115,2012-09-28,LinearRegression,14,2012
2012-09-15,2012,9,18.19,20.37,17.61877408248547,2012-09-29,LinearRegression,14,2012
2012-09-16,2012,9,18.82,20.08,18.315310814579078,2012-09-30,LinearRegression,14,2012
2012-11-08,2012,11,15.26,14.56,14.618520255320094,2012-11-22,LinearRegression,14,2012
2012-11-09,2012,11,15.18,14.5,14.51059873667064,2012-11-23,LinearRegression,14,2012
2012-11-10,2012,11,15.09,14.45,14.419060217266557,2012-11-24,LinearRegression,14,2012
2012-11-11,2012,11,15.03,14.41,14.400443958254783,2012-11-25,LinearRegression,14,2012
2012-11-12,2012,11,15.03,14.38,14.495478235497094,2012-11-26,LinearRegression,14,2012
2012-11-13,2012,11,14.97,14.35,14.370154074210376,2012-11-27,LinearRegression,14,2012
2012-11-14,2012,11,14.92,14.34,14.309990453046153,2012-11-28,LinearRegression,14,2012
2012-11-15,2012,11,14.89,14.29,14.319885268830513,2012-11-29,LinearRegression,14,2012
2012-11-16,2012,11,14.85,14.24,14.281064422021656,2012-11-30,LinearRegression,14,2012
2012-11-17,2012,11,14.8,14.2,14.217477544430338,2012-12-01,LinearRegression,14,2012
2012-11-18,2012,11,14.76,14.17,14.164684169872917,2012-12-02,LinearRegression,14,2012
2012-11-19,2012,11,14.71,14.15,14.11163604187083,2012-12-03,LinearRegression,14,2012
2012-11-20,2012,11,14.66,14.13,14.060207809389926,2012-12-04,LinearRegression,14,2012
2012-11-21,2012,11,14.61,14.1,14.004048594292819,2012-12-05,LinearRegression,14,2012
2012-11-22,2012,11,14.56,14.07,13.952579826044552,2012-12-06,LinearRegression,14,2012
2012-11-23,2012,11,14.5,14.03,13.8827736288006,2012-12-07,LinearRegression,14,2012
2012-11-24,2012,11,14.45,13.99,13.842542844592957,2012-12-08,LinearRegression,14,2012
2012-11-25,2012,11,14.41,13.97,13.821893003267054,2012-12-09,LinearRegression,14,2012
2012-11-26,2012,11,14.38,13.94,13.807442871398727,2012-12-10,LinearRegression,14,2012
2012-11-27,2012,11,14.35,13.9,13.778141050362038,2012-12-11,LinearRegression,14,2012
2012-11-28,2012,11,14.34,13.87,13.791327254326283,2012-12-12,LinearRegression,14,2012
2012-11-29,2012,11,14.29,13.85,13.692861952536521,2012-12-13,LinearRegression,14,2012
2012-11-30,2012,11,14.24,13.83,13.636166699536497,2012-12-14,LinearRegression,14,2012
2012-12-01,2012,12,14.2,13.79,13.614459183351345,2012-12-15,LinearRegression,14,2012
2012-12-02,2012,12,14.17,13.76,13.59755659301401,2012-12-16,LinearRegression,14,2012
2012-12-03,2012,12,14.15,13.74,13.590304127124432,2012-12-17,LinearRegression,14,2012
2012-12-04,2012,12,14.13,13.72,13.556133690175022,2012-12-18,LinearRegression,14,2012
2012-12-05,2012,12,14.1,13.7,13.514602997748806,2012-12-19,LinearRegression,14,2012
2012-12-06,2012,12,14.07,13.67,13.48474130690422,2012-12-20,LinearRegression,14,2012
2012-12-07,2012,12,14.03,13.67,13.433024677091906,2012-12-21,LinearRegression,14,2012
2012-12-08,2012,12,13.99,13.66,13.391124310221922,2012-12-22,LinearRegression,14,2012
2012-12-09,2012,12,13.97,13.66,13.394594833909055,2012-12-23,LinearRegression,14,2012
2012-12-10,2012,12,13.94,13.63,13.350522284606138,2012-12-24,LinearRegression,14,2012
2012-12-11,2012,12,13.9,13.6,13.293172954907172,2012-12-25,LinearRegression,14,2012
2012-12-12,2012,12,13.87,13.56,13.274694819180718,2012-12-26,LinearRegression,14,2012
2012-12-13,2012,12,13.85,13.54,13.274745455774562,2012-12-27,LinearRegression,14,2012
2012-12-14,2012,12,13.83,13.51,13.25994683800919,2012-12-28,LinearRegression,14,2012
2012-12-15,2012,12,13.79,13.49,13.186449455182109,2012-12-29,LinearRegression,14,2012
2012-12-16,2012,12,13.76,13.45,13.167419454346758,2012-12-30,LinearRegression,14,2012
2012-12-17,2012,12,13.74,13.42,13.170873854274816,2012-12-31,LinearRegression,14,2012
2012-12-18,2012,12,13.72,13.4,13.153698339456916,2013-01-01,LinearRegression,14,2012
2012-12-19,2012,12,13.7,13.37,13.130175846030944,2013-01-02,LinearRegression,14,2012
2012-12-20,2012,12,13.67,13.33,13.083550946290496,2013-01-03,LinearRegression,14,2012
2012-12-21,2012,12,13.67,13.29,13.127340238322983,2013-01-04,LinearRegression,14,2012
2012-12-22,2012,12,13.66,13.25,13.11269193126959,2013-01-05,LinearRegression,14,2012
2012-12-23,2012,12,13.66,13.22,13.118614858120669,2013-01-06,LinearRegression,14,2012
2012-12-24,2012,12,13.63,13.2,13.048020210152398,2013-01-07,LinearRegression,14,2012
2012-12-25,2012,12,13.6,13.18,13.013298577997592,2013-01-08,LinearRegression,14,2012
2012-12-26,2012,12,13.56,13.16,12.973432987333618,2013-01-09,LinearRegression,14,2012
2012-12-27,2012,12,13.54,13.14,12.973586258653638,2013-01-10,LinearRegression,14,2012
2012-12-28,2012,12,13.51,13.13,12.937950372495983,2013-01-11,LinearRegression,14,2012
2012-12-29,2012,12,13.49,13.12,12.922376648945578,2013-01-12,LinearRegression,14,2012
2012-12-30,2012,12,13.45,13.1,12.867345285861655,2013-01-13,LinearRegression,14,2012
2012-12-31,2012,12,13.42,13.08,12.853923911503793,2013-01-14,LinearRegression,14,2012
2013-01-01,2013,1,13.4,13.07,12.880955931705826,2013-01-15,LinearRegression,14,2013
2013-01-02,2013,1,13.37,13.06,12.841988288222566,2013-01-16,LinearRegression,14,2013
2013-01-03,2013,1,13.33,13.04,12.800679970986934,2013-01-17,LinearRegression,14,2013
2013-01-04,2013,1,13.29,13.03,12.766607427792485,2013-01-18,LinearRegression,14,2013
2013-01-05,2013,1,13.25,13.01,12.746034996772867,2013-01-19,LinearRegression,14,2013
2013-01-06,2013,1,13.22,12.98,12.742490622525676,2013-01-20,LinearRegression,14,2013
2013-01-07,2013,1,13.2,12.95,12.738100117142992,2013-01-21,LinearRegression,14,2013
2013-01-08,2013,1,13.18,12.93,12.722987537353426,2013-01-22,LinearRegression,14,2013
2013-01-09,2013,1,13.16,12.91,12.71338726283427,2013-01-23,LinearRegression,14,2013
2013-01-10,2013,1,13.14,12.89,12.706040083625723,2013-01-24,LinearRegression,14,2013
2013-01-11,2013,1,13.13,12.87,12.723414780504985,2013-01-25,LinearRegression,14,2013
2013-01-12,2013,1,13.12,12.85,12.725610152051287,2013-01-26,LinearRegression,14,2013
2013-01-13,2013,1,13.1,12.83,12.701333912242896,2013-01-27,LinearRegression,14,2013
2013-01-14,2013,1,13.08,12.81,12.691540445590297,2013-01-28,LinearRegression,14,2013
2013-01-15,2013,1,13.07,12.8,12.704653486708684,2013-01-29,LinearRegression,14,2013
2013-01-16,2013,1,13.06,12.8,12.70660793297887,2013-01-30,LinearRegression,14,2013
2013-01-17,2013,1,13.04,12.79,12.681247927140182,2013-01-31,LinearRegression,14,2013
2013-01-18,2013,1,13.03,12.78,12.68886086387867,2013-02-01,LinearRegression,14,2013
2013-01-19,2013,1,13.01,12.76,12.66930224043872,2013-02-02,LinearRegression,14,2013
2013-01-20,2013,1,12.98,12.74,12.644909513050147,2013-02-03,LinearRegression,14,2013
2013-01-21,2013,1,12.95,12.73,12.629290363010636,2013-02-04,LinearRegression,14,2013
2013-01-22,2013,1,12.93,12.72,12.632750061409714,2013-02-05,LinearRegression,14,2013
2013-01-23,2013,1,12.91,12.7,12.628853414934749,2013-02-06,LinearRegression,14,2013
2013-01-24,2013,1,12.89,12.67,12.616677287292582,2013-02-07,LinearRegression,14,2013
2013-01-25,2013,1,12.87,12.65,12.608216177215693,2013-02-08,LinearRegression,14,2013
2013-01-26,2013,1,12.85,12.63,12.606509081486468,2013-02-09,LinearRegression,14,2013
2013-01-27,2013,1,12.83,12.61,12.607965481551258,2013-02-10,LinearRegression,14,2013
2013-01-28,2013,1,12.81,12.6,12.605017698991379,2013-02-11,LinearRegression,14,2013
2013-01-29,2013,1,12.8,12.58,12.623015992153103,2013-02-12,LinearRegression,14,2013
2013-01-30,2013,1,12.8,12.57,12.649346608296307,2013-02-13,LinearRegression,14,2013
2013-01-31,2013,1,12.79,12.56,12.641016034205913,2013-02-14,LinearRegression,14,2013
2013-02-01,2013,2,12.78,12.55,12.646418376844085,2013-02-15,LinearRegression,14,2013
2013-02-02,2013,2,12.76,12.53,12.633488142242639,2013-02-16,LinearRegression,14,2013
2013-02-03,2013,2,12.74,12.52,12.638255297637292,2013-02-17,LinearRegression,14,2013
2013-02-04,2013,2,12.73,12.52,12.660029611625005,2013-02-18,LinearRegression,14,2013
2013-02-05,2013,2,12.72,12.51,12.660339974255795,2013-02-19,LinearRegression,14,2013
2013-02-06,2013,2,12.7,12.53,12.643535680367913,2013-02-20,LinearRegression,14,2013
2013-02-07,2013,2,12.67,12.54,12.61905704790402,2013-02-21,LinearRegression,14,2013
2013-02-08,2013,2,12.65,12.53,12.635858161309285,2013-02-22,LinearRegression,14,2013
2013-02-09,2013,2,12.63,12.53,12.641977304270139,2013-02-23,LinearRegression,14,2013
2013-02-10,2013,2,12.61,12.52,12.640717915841472,2013-02-24,LinearRegression,14,2013
2013-02-11,2013,2,12.6,12.52,12.657903607189384,2013-02-25,LinearRegression,14,2013
2013-02-12,2013,2,12.58,12.53,12.645085695602297,2013-02-26,LinearRegression,14,2013
2013-02-13,2013,2,12.57,12.55,12.673854636128583,2013-02-27,LinearRegression,14,2013
2013-02-14,2013,2,12.56,12.59,12.686455192553746,2013-02-28,LinearRegression,14,2013
2013-02-15,2013,2,12.55,12.588,12.698869411108026,2013-03-01,LinearRegression,14,2013
2013-02-16,2013,2,12.53,12.57,12.692555969262022,2013-03-02,LinearRegression,14,2013
2013-02-17,2013,2,12.52,12.54,12.714987611818824,2013-03-03,LinearRegression,14,2013
2013-02-18,2013,2,12.52,12.52,12.752695396237847,2013-03-04,LinearRegression,14,2013
2013-02-19,2013,2,12.51,12.49,12.75066185271605,2013-03-05,LinearRegression,14,2013
2013-02-20,2013,2,12.53,12.46,12.812086801082721,2013-03-06,LinearRegression,14,2013
2013-02-21,2013,2,12.54,12.44,12.82133534876225,2013-03-07,LinearRegression,14,2013
2013-02-22,2013,2,12.53,12.42,12.818710694423595,2013-03-08,LinearRegression,14,2013
2013-02-23,2013,2,12.53,12.42,12.85127446978366,2013-03-09,LinearRegression,14,2013
2013-02-24,2013,2,12.52,12.41,12.853226129806846,2013-03-10,LinearRegression,14,2013
2013-02-25,2013,2,12.52,12.41,12.883910269723021,2013-03-11,LinearRegression,14,2013
2013-02-26,2013,2,12.53,12.42,12.924125494381032,2013-03-12,LinearRegression,14,2013
2013-02-27,2013,2,12.55,12.41,12.957357900152907,2013-03-13,LinearRegression,14,2013
2013-02-28,2013,2,12.59,12.4,12.995194238559638,2013-03-14,LinearRegression,14,2013
2013-03-01,2013,3,12.588,12.39,12.977952488730741,2013-03-15,LinearRegression,14,2013
2013-03-02,2013,3,12.57,12.38,12.982335748173073,2013-03-16,LinearRegression,14,2013
2013-03-03,2013,3,12.54,12.36,12.972625370116374,2013-03-17,LinearRegression,14,2013
2013-03-04,2013,3,12.52,12.35,12.997194173707971,2013-03-18,LinearRegression,14,2013
2013-03-05,2013,3,12.49,12.34,12.985266766984969,2013-03-19,LinearRegression,14,2013
2013-03-06,2013,3,12.46,12.33,12.989228778750164,2013-03-20,LinearRegression,14,2013
2013-03-07,2013,3,12.44,12.32,13.0021338537057,2013-03-21,LinearRegression,14,2013
2013-03-08,2013,3,12.42,12.33,13.009872731333964,2013-03-22,LinearRegression,14,2013
2013-03-09,2013,3,12.42,12.37,13.066856135642642,2013-03-23,LinearRegression,14,2013
2013-03-10,2013,3,12.41,12.41,13.070805121083954,2013-03-24,LinearRegression,14,2013
2013-03-11,2013,3,12.41,12.5,13.113464450101242,2013-03-25,LinearRegression,14,2013
2013-03-12,2013,3,12.42,12.54,13.160899361413064,2013-03-26,LinearRegression,14,2013
2013-03-13,2013,3,12.41,12.59,13.162762361227227,2013-03-27,LinearRegression,14,2013
2013-03-14,2013,3,12.4,12.65,13.189544092676154,2013-03-28,LinearRegression,14,2013
2013-03-15,2013,3,12.39,12.69,13.206597064788479,2013-03-29,LinearRegression,14,2013
2013-03-16,2013,3,12.38,12.71,13.221323245938592,2013-03-30,LinearRegression,14,2013
2013-03-17,2013,3,12.36,12.71,13.218698826697054,2013-03-31,LinearRegression,14,2013
2013-03-18,2013,3,12.35,12.69,13.24919023066232,2013-04-01,LinearRegression,14,2013
2013-03-19,2013,3,12.34,12.69,13.269031960505409,2013-04-02,LinearRegression,14,2013
2013-03-20,2013,3,12.33,12.73,13.288458943726758,2013-04-03,LinearRegression,14,2013
2013-03-21,2013,3,12.32,12.77,13.30761268241305,2013-04-04,LinearRegression,14,2013
2013-03-22,2013,3,12.33,12.77,13.361682817285665,2013-04-05,LinearRegression,14,2013
2013-03-23,2013,3,12.37,12.851,13.436250949201032,2013-04-06,LinearRegression,14,2013
2013-03-24,2013,3,12.41,12.896,13.455593107327095,2013-04-07,LinearRegression,14,2013
2013-03-25,2013,3,12.5,13.05,13.537919460022067,2013-04-08,LinearRegression,14,2013
2013-03-26,2013,3,12.54,13.19,13.523106770871106,2013-04-09,LinearRegression,14,2013
2013-03-27,2013,3,12.59,13.23,13.58638208902808,2013-04-10,LinearRegression,14,2013
2013-03-28,2013,3,12.65,13.23,13.634006875151908,2013-04-11,LinearRegression,14,2013
2013-03-29,2013,3,12.69,13.22,13.665717328331052,2013-04-12,LinearRegression,14,2013
2013-03-30,2013,3,12.71,13.33,13.702097140972777,2013-04-13,LinearRegression,14,2013
2013-03-31,2013,3,12.71,13.47,13.760263507653335,2013-04-14,LinearRegression,14,2013
2013-04-01,2013,4,12.69,13.5,13.768899850890717,2013-04-15,LinearRegression,14,2013
2013-04-02,2013,4,12.69,13.51,13.83362356963819,2013-04-16,LinearRegression,14,2013
2013-04-03,2013,4,12.73,13.48,13.925219436306232,2013-04-17,LinearRegression,14,2013
2013-04-04,2013,4,12.77,13.52,13.960624847853186,2013-04-18,LinearRegression,14,2013
2013-04-05,2013,4,12.77,13.81,13.959080356207023,2013-04-19,LinearRegression,14,2013
2013-04-06,2013,4,12.851,14.35,14.075129292502384,2013-04-20,LinearRegression,14,2013
2013-04-07,2013,4,12.896,14.55,14.060539853674502,2013-04-21,LinearRegression,14,2013
2013-04-08,2013,4,13.05,14.66,14.206972992013476,2013-04-22,LinearRegression,14,2013
2013-04-09,2013,4,13.19,14.58,14.241300452319077,2013-04-23,LinearRegression,14,2013
2013-04-10,2013,4,13.23,14.58,14.233552765333984,2013-04-24,LinearRegression,14,2013
2013-04-11,2013,4,13.23,14.45,14.275858220619693,2013-04-25,LinearRegression,14,2013
2013-04-12,2013,4,13.22,14.35,14.340464434451695,2013-04-26,LinearRegression,14,2013
2013-04-13,2013,4,13.33,14.26,14.478961668398385,2013-04-27,LinearRegression,14,2013
2013-04-14,2013,4,13.47,14.24,14.55880343786896,2013-04-28,LinearRegression,14,2013
2013-04-15,2013,4,13.5,14.2,14.56299491739298,2013-04-29,LinearRegression,14,2013
2013-04-16,2013,4,13.51,14.17,14.639566530819769,2013-04-30,LinearRegression,14,2013
2013-07-08,2013,7,19.2,19.11,19.412380802746963,2013-07-22,LinearRegression,14,2013
2013-07-09,2013,7,19.34,19.02,19.363669910200315,2013-07-23,LinearRegression,14,2013
2013-07-10,2013,7,19.47,19.04,19.41195587889933,2013-07-24,LinearRegression,14,2013
2013-07-11,2013,7,19.67,19.05,19.50852610407309,2013-07-25,LinearRegression,14,2013
2013-07-12,2013,7,19.68,19.11,19.35075786864457,2013-07-26,LinearRegression,14,2013
2013-07-13,2013,7,19.6,19.15,19.330451226952725,2013-07-27,LinearRegression,14,2013
2013-07-14,2013,7,19.46,19.14,19.24787273194291,2013-07-28,LinearRegression,14,2013
2013-07-15,2013,7,19.37,19.07,19.308961035569563,2013-07-29,LinearRegression,14,2013
2013-07-16,2013,7,19.3,19.0,19.293109285387473,2013-07-30,LinearRegression,14,2013
2013-07-17,2013,7,19.13,18.94,19.0502013639665,2013-07-31,LinearRegression,14,2013
2013-07-18,2013,7,19.087,18.86,19.143139444662637,2013-08-01,LinearRegression,14,2013
2013-07-19,2013,7,18.99,18.78,18.99952381801475,2013-08-02,LinearRegression,14,2013
2013-07-20,2013,7,19.09,18.76,19.31114850567221,2013-08-03,LinearRegression,14,2013
2013-07-21,2013,7,19.12,18.69,19.23326486993384,2013-08-04,LinearRegression,14,2013
2013-07-22,2013,7,19.11,18.52,19.203244928060048,2013-08-05,LinearRegression,14,2013
2013-07-23,2013,7,19.02,18.4,19.142883874308083,2013-08-06,LinearRegression,14,2013
2013-07-24,2013,7,19.04,18.45,19.281418824074557,2013-08-07,LinearRegression,14,2013
2013-07-25,2013,7,19.05,18.51,19.255704344583247,2013-08-08,LinearRegression,14,2013
2013-07-26,2013,7,19.11,18.49,19.353272728898727,2013-08-09,LinearRegression,14,2013
2013-07-27,2013,7,19.15,18.43,19.32122719099694,2013-08-10,LinearRegression,14,2013
2013-07-28,2013,7,19.14,18.51,19.265976856877533,2013-08-11,LinearRegression,14,2013
2013-07-29,2013,7,19.07,18.6,19.14760626402289,2013-08-12,LinearRegression,14,2013
2013-07-30,2013,7,19.0,18.64,19.102696065818115,2013-08-13,LinearRegression,14,2013
2013-07-31,2013,7,18.94,18.63,19.062931487760675,2013-08-14,LinearRegression,14,2013
2013-08-01,2013,8,18.86,18.56,18.977919682436852,2013-08-15,LinearRegression,14,2013
2013-08-02,2013,8,18.78,18.45,18.904293772605183,2013-08-16,LinearRegression,14,2013
2013-08-03,2013,8,18.76,18.36,18.938754653774517,2013-08-17,LinearRegression,14,2013
2013-08-04,2013,8,18.69,18.29,18.821160980277305,2013-08-18,LinearRegression,14,2013
2013-08-05,2013,8,18.52,18.22,18.56360146124905,2013-08-19,LinearRegression,14,2013
2013-08-06,2013,8,18.4,18.12,18.54176162274349,2013-08-20,LinearRegression,14,2013
2013-08-07,2013,8,18.45,18.0,18.790427624741774,2013-08-21,LinearRegression,14,2013
2013-08-08,2013,8,18.51,17.97,18.818684828862487,2013-08-22,LinearRegression,14,2013
2013-08-09,2013,8,18.49,17.92,18.69193968284779,2013-08-23,LinearRegression,14,2013
2013-08-10,2013,8,18.43,17.83,18.61392007971597,2013-08-24,LinearRegression,14,2013
2013-08-11,2013,8,18.51,17.67,18.87544700919881,2013-08-25,LinearRegression,14,2013
2013-08-12,2013,8,18.6,17.54,18.835238558984646,2013-08-26,LinearRegression,14,2013
2013-08-13,2013,8,18.64,17.47,18.801994247122767,2013-08-27,LinearRegression,14,2013
2013-08-14,2013,8,18.63,17.53,18.765179279973015,2013-08-28,LinearRegression,14,2013
2013-08-15,2013,8,18.56,17.6,18.64557789371499,2013-08-29,LinearRegression,14,2013
2013-08-16,2013,8,18.45,17.6,18.525649671768324,2013-08-30,LinearRegression,14,2013
2013-08-17,2013,8,18.36,17.62,18.47803528695221,2013-08-31,LinearRegression,14,2013
2013-08-18,2013,8,18.29,17.62,18.448845581306074,2013-09-01,LinearRegression,14,2013
2013-08-19,2013,8,18.22,17.64,18.371581036080965,2013-09-02,LinearRegression,14,2013
2013-08-20,2013,8,18.12,17.79,18.211564558016715,2013-09-03,LinearRegression,14,2013
2013-08-21,2013,8,18.0,17.9,18.078374969807427,2013-09-04,LinearRegression,14,2013
2013-08-22,2013,8,17.97,18.17,18.188228577920498,2013-09-05,LinearRegression,14,2013
2013-08-23,2013,8,17.92,18.49,18.132719591448314,2013-09-06,LinearRegression,14,2013
2013-08-24,2013,8,17.83,18.8,17.99788741020857,2013-09-07,LinearRegression,14,2013
2013-08-25,2013,8,17.67,19.3,17.76990111408958,2013-09-08,LinearRegression,14,2013
2013-08-26,2013,8,17.54,19.66,17.721325826729316,2013-09-09,LinearRegression,14,2013
2013-08-27,2013,8,17.47,19.9,17.78416975046026,2013-09-10,LinearRegression,14,2013
2013-08-28,2013,8,17.53,19.91,17.940238493295855,2013-09-11,LinearRegression,14,2013
2013-08-29,2013,8,17.6,19.79,17.924141968113414,2013-09-12,LinearRegression,14,2013
2013-08-30,2013,8,17.6,19.5,17.834746941034584,2013-09-13,LinearRegression,14,2013
2013-08-31,2013,8,17.62,19.19,17.928517522355175,2013-09-14,LinearRegression,14,2013
2013-09-01,2013,9,17.62,18.9,17.907310251396076,2013-09-15,LinearRegression,14,2013
2013-09-02,2013,9,17.64,18.62,17.909487422567775,2013-09-16,LinearRegression,14,2013
2013-09-03,2013,9,17.79,18.41,18.023109695286028,2013-09-17,LinearRegression,14,2013
2013-09-04,2013,9,17.9,18.12,17.987445166654286,2013-09-18,LinearRegression,14,2013
2013-09-05,2013,9,18.17,17.94,18.15070330684122,2013-09-19,LinearRegression,14,2013
2013-09-06,2013,9,18.49,17.76,18.197991335560086,2013-09-20,LinearRegression,14,2013
2013-09-07,2013,9,18.8,17.4,18.217203249005564,2013-09-21,LinearRegression,14,2013
2013-09-08,2013,9,19.3,17.3,18.445298217928965,2013-09-22,LinearRegression,14,2013
2013-09-09,2013,9,19.66,17.13,18.407933246927723,2013-09-23,LinearRegression,14,2013
2013-09-10,2013,9,19.9,17.01,18.44030591954203,2013-09-24,LinearRegression,14,2013
2013-09-11,2013,9,19.91,16.91,18.429253812649815,2013-09-25,LinearRegression,14,2013
2013-09-12,2013,9,19.79,16.82,18.38087745541439,2013-09-26,LinearRegression,14,2013
2013-09-13,2013,9,19.5,16.8,18.0514875143883,2013-09-27,LinearRegression,14,2013
2013-09-14,2013,9,19.19,16.81,17.98853347459272,2013-09-28,LinearRegression,14,2013
2013-09-15,2013,9,18.9,16.85,17.789861746972218,2013-09-29,LinearRegression,14,2013
2013-09-16,2013,9,18.62,16.87,17.58611073515896,2013-09-30,LinearRegression,14,2013
2013-09-17,2013,9,18.41,16.87,17.417661764133317,2013-10-01,LinearRegression,14,2013
2013-09-18,2013,9,18.12,16.84,17.02256635693885,2013-10-02,LinearRegression,14,2013
2013-09-19,2013,9,17.94,16.77,17.049590045705923,2013-10-03,LinearRegression,14,2013
2013-09-20,2013,9,17.76,16.68,16.95966933286122,2013-10-04,LinearRegression,14,2013
2013-09-21,2013,9,17.4,16.57,16.48225115465335,2013-10-05,LinearRegression,14,2013
2013-09-22,2013,9,17.3,16.51,16.796798974237433,2013-10-06,LinearRegression,14,2013
2013-09-23,2013,9,17.13,16.58,16.590107548291815,2013-10-07,LinearRegression,14,2013
2013-09-24,2013,9,17.01,16.63,16.61471301942439,2013-10-08,LinearRegression,14,2013
2013-09-25,2013,9,16.91,16.6,16.563547291295833,2013-10-09,LinearRegression,14,2013
2013-09-26,2013,9,16.82,16.55,16.482070105007836,2013-10-10,LinearRegression,14,2013
2013-09-27,2013,9,16.8,16.54,16.667617789113603,2013-10-11,LinearRegression,14,2013
2013-09-28,2013,9,16.81,16.59,16.697298899494555,2013-10-12,LinearRegression,14,2013
2013-09-29,2013,9,16.85,16.55,16.75756456147347,2013-10-13,LinearRegression,14,2013
2013-09-30,2013,9,16.87,16.48,16.74695122813133,2013-10-14,LinearRegression,14,2013
2013-10-01,2013,10,16.87,16.37,16.744616612842975,2013-10-15,LinearRegression,14,2013
2013-10-02,2013,10,16.84,16.37,16.685172429363423,2013-10-16,LinearRegression,14,2013
2013-10-03,2013,10,16.77,16.48,16.565702004654028,2013-10-17,LinearRegression,14,2013
2013-10-04,2013,10,16.68,16.37,16.448965814202012,2013-10-18,LinearRegression,14,2013
2013-10-05,2013,10,16.57,16.23,16.32402492116082,2013-10-19,LinearRegression,14,2013
2013-10-06,2013,10,16.51,16.0,16.3141940940917,2013-10-20,LinearRegression,14,2013
2013-10-07,2013,10,16.58,15.84,16.45080818463402,2013-10-21,LinearRegression,14,2013
2013-10-08,2013,10,16.63,15.74,16.386878957303864,2013-10-22,LinearRegression,14,2013
2013-10-09,2013,10,16.6,15.71,16.276903303712732,2013-10-23,LinearRegression,14,2013
2013-10-10,2013,10,16.55,15.68,16.239993322317943,2013-10-24,LinearRegression,14,2013
2013-10-11,2013,10,16.54,15.66,16.269136420687683,2013-10-25,LinearRegression,14,2013
2013-10-12,2013,10,16.59,15.71,16.3286046654072,2013-10-26,LinearRegression,14,2013
2013-10-13,2013,10,16.55,15.74,16.19158688212005,2013-10-27,LinearRegression,14,2013
2013-10-14,2013,10,16.48,15.82,16.08159892577093,2013-10-28,LinearRegression,14,2013
2013-10-15,2013,10,16.37,15.82,15.93234723812618,2013-10-29,LinearRegression,14,2013
2013-10-16,2013,10,16.37,15.74,16.043383314175525,2013-10-30,LinearRegression,14,2013
2013-10-17,2013,10,16.48,15.63,16.171243818350057,2013-10-31,LinearRegression,14,2013
2013-10-18,2013,10,16.37,15.52,15.832490453737144,2013-11-01,LinearRegression,14,2013
2013-10-19,2013,10,16.23,15.42,15.664869738670525,2013-11-02,LinearRegression,14,2013
2013-10-20,2013,10,16.0,15.4,15.385629057366645,2013-11-03,LinearRegression,14,2013
2013-10-21,2013,10,15.84,15.49,15.307316721077067,2013-11-04,LinearRegression,14,2013
2013-10-22,2013,10,15.74,15.57,15.286569097267922,2013-11-05,LinearRegression,14,2013
2013-10-23,2013,10,15.71,15.59,15.31453685169158,2013-11-06,LinearRegression,14,2013
2013-10-24,2013,10,15.68,15.54,15.259683043867724,2013-11-07,LinearRegression,14,2013
2013-10-25,2013,10,15.66,15.43,15.234113803766622,2013-11-08,LinearRegression,14,2013
2013-10-26,2013,10,15.71,15.34,15.371832833421381,2013-11-09,LinearRegression,14,2013
2013-10-27,2013,10,15.74,15.21,15.379044544592874,2013-11-10,LinearRegression,14,2013
2013-10-28,2013,10,15.82,15.09,15.450580182255827,2013-11-11,LinearRegression,14,2013
2013-10-29,2013,10,15.82,15.0,15.350811985792145,2013-11-12,LinearRegression,14,2013
2013-10-30,2013,10,15.74,14.91,15.204219181543483,2013-11-13,LinearRegression,14,2013
2013-10-31,2013,10,15.63,14.84,15.078597026894567,2013-11-14,LinearRegression,14,2013
2013-11-01,2013,11,15.52,14.72,14.973094238852694,2013-11-15,LinearRegression,14,2013
2013-11-02,2013,11,15.42,14.66,14.893441612393524,2013-11-16,LinearRegression,14,2013
2013-11-03,2013,11,15.4,14.58,14.962727767373341,2013-11-17,LinearRegression,14,2013
2013-11-04,2013,11,15.49,14.53,15.057371125698136,2013-11-18,LinearRegression,14,2013
2013-11-05,2013,11,15.57,14.44,15.040625114736075,2013-11-19,LinearRegression,14,2013
2013-11-06,2013,11,15.59,14.44,15.016043625102538,2013-11-20,LinearRegression,14,2013
2013-11-07,2013,11,15.54,14.38,14.91445960063024,2013-11-21,LinearRegression,14,2013
2013-11-08,2013,11,15.43,14.33,14.755785363689897,2013-11-22,LinearRegression,14,2013
2013-11-09,2013,11,15.34,14.27,14.694286966154408,2013-11-23,LinearRegression,14,2013
2013-11-10,2013,11,15.21,14.22,14.533452440230038,2013-11-24,LinearRegression,14,2013
2013-11-11,2013,11,15.09,14.17,14.439936272464742,2013-11-25,LinearRegression,14,2013
2013-11-12,2013,11,15.0,14.12,14.36586248111265,2013-11-26,LinearRegression,14,2013
2013-11-13,2013,11,14.91,14.08,14.261671500820466,2013-11-27,LinearRegression,14,2013
2013-11-14,2013,11,14.84,14.03,14.231553069760869,2013-11-28,LinearRegression,14,2013
2013-11-15,2013,11,14.72,13.99,14.056085726122811,2013-11-29,LinearRegression,14,2013
2013-11-16,2013,11,14.66,13.96,14.096844248648019,2013-11-30,LinearRegression,14,2013
2013-11-17,2013,11,14.58,13.92,14.023584011606095,2013-12-01,LinearRegression,14,2013
2013-11-18,2013,11,14.53,13.87,14.02039748022208,2013-12-02,LinearRegression,14,2013
2013-11-19,2013,11,14.44,13.82,13.896166324423945,2013-12-03,LinearRegression,14,2013
2013-11-20,2013,11,14.44,13.78,13.996309892351839,2013-12-04,LinearRegression,14,2013
2013-11-21,2013,11,14.38,13.76,13.890037731493585,2013-12-05,LinearRegression,14,2013
2013-11-22,2013,11,14.33,13.74,13.85037255222026,2013-12-06,LinearRegression,14,2013
2013-11-23,2013,11,14.27,13.7,13.794497835625023,2013-12-07,LinearRegression,14,2013
2013-11-24,2013,11,14.22,13.67,13.756331105326884,2013-12-08,LinearRegression,14,2013
2013-11-25,2013,11,14.17,13.64,13.73868949055696,2013-12-09,LinearRegression,14,2013
2013-11-26,2013,11,14.12,13.6,13.662952085404264,2013-12-10,LinearRegression,14,2013
2013-11-27,2013,11,14.08,13.56,13.638110319952533,2013-12-11,LinearRegression,14,2013
2013-11-28,2013,11,14.03,13.54,13.575269117934806,2013-12-12,LinearRegression,14,2013
2013-11-29,2013,11,13.99,13.51,13.553361371297036,2013-12-13,LinearRegression,14,2013
2013-11-30,2013,11,13.96,13.48,13.535955016157262,2013-12-14,LinearRegression,14,2013
2013-12-01,2013,12,13.92,13.45,13.484035709596538,2013-12-15,LinearRegression,14,2013
2013-12-02,2013,12,13.87,13.42,13.426365736066344,2013-12-16,LinearRegression,14,2013
2013-12-03,2013,12,13.82,13.4,13.37792019243428,2013-12-17,LinearRegression,14,2013
2013-12-04,2013,12,13.78,13.38,13.358520842609993,2013-12-18,LinearRegression,14,2013
2013-12-05,2013,12,13.76,13.36,13.363450936261277,2013-12-19,LinearRegression,14,2013
2013-12-06,2013,12,13.74,13.34,13.333210281860264,2013-12-20,LinearRegression,14,2013
2013-12-07,2013,12,13.7,13.32,13.26259721795266,2013-12-21,LinearRegression,14,2013
2013-12-08,2013,12,13.67,13.29,13.247811264767233,2013-12-22,LinearRegression,14,2013
2013-12-09,2013,12,13.64,13.26,13.226166388953471,2013-12-23,LinearRegression,14,2013
2013-12-10,2013,12,13.6,13.24,13.182261086608209,2013-12-24,LinearRegression,14,2013
2013-12-11,2013,12,13.56,13.21,13.140057105430833,2013-12-25,LinearRegression,14,2013
2013-12-12,2013,12,13.54,13.19,13.136217260669138,2013-12-26,LinearRegression,14,2013
2013-12-13,2013,12,13.51,13.17,13.096956681805597,2013-12-27,LinearRegression,14,2013
2013-12-14,2013,12,13.48,13.14,13.064925377155184,2013-12-28,LinearRegression,14,2013
2013-12-15,2013,12,13.45,13.12,13.032524349731785,2013-12-29,LinearRegression,14,2013
2013-12-16,2013,12,13.42,13.09,13.0070771787048,2013-12-30,LinearRegression,14,2013
2013-12-17,2013,12,13.4,13.06,13.006724279101658,2013-12-31,LinearRegression,14,2013
2013-12-18,2013,12,13.38,13.04,12.981262366023907,2014-01-01,LinearRegression,14,2013
2013-12-19,2013,12,13.36,13.02,12.959883648956753,2014-01-02,LinearRegression,14,2013
2013-12-20,2013,12,13.34,12.99,12.9398404665023,2014-01-03,LinearRegression,14,2013
2013-12-21,2013,12,13.32,12.97,12.921329391611392,2014-01-04,LinearRegression,14,2013
2013-12-22,2013,12,13.29,12.95,12.884891812964465,2014-01-05,LinearRegression,14,2013
2013-12-23,2013,12,13.26,12.93,12.857682066429568,2014-01-06,LinearRegression,14,2013
2013-12-24,2013,12,13.24,12.93,12.851624026354017,2014-01-07,LinearRegression,14,2013
2013-12-25,2013,12,13.21,12.92,12.811107818638517,2014-01-08,LinearRegression,14,2013
2013-12-26,2013,12,13.19,12.9,12.803589441419525,2014-01-09,LinearRegression,14,2013
2013-12-27,2013,12,13.17,12.88,12.782161126729585,2014-01-10,LinearRegression,14,2013
2013-12-28,2013,12,13.14,12.86,12.745072960681961,2014-01-11,LinearRegression,14,2013
2013-12-29,2013,12,13.12,12.83,12.744979270734644,2014-01-12,LinearRegression,14,2013
2013-12-30,2013,12,13.09,12.82,12.705599092759803,2014-01-13,LinearRegression,14,2013
2013-12-31,2013,12,13.06,12.8,12.685956287011193,2014-01-14,LinearRegression,14,2013
2014-01-01,2014,1,13.04,12.79,12.681336812582842,2014-01-15,LinearRegression,14,2014
2014-01-02,2014,1,13.02,12.77,12.662060863110074,2014-01-16,LinearRegression,14,2014
2014-01-03,2014,1,12.99,12.75,12.629514609142094,2014-01-17,LinearRegression,14,2014
2014-01-04,2014,1,12.97,12.73,12.625221432168287,2014-01-18,LinearRegression,14,2014
2014-01-05,2014,1,12.95,12.72,12.61330866094002,2014-01-19,LinearRegression,14,2014
2014-01-06,2014,1,12.93,12.7,12.604036676403995,2014-01-20,LinearRegression,14,2014
2014-01-07,2014,1,12.93,12.68,12.62996265511825,2014-01-21,LinearRegression,14,2014
2014-01-08,2014,1,12.92,12.66,12.607485958508198,2014-01-22,LinearRegression,14,2014
2014-01-09,2014,1,12.9,12.65,12.585857858876794,2014-01-23,LinearRegression,14,2014
2014-01-10,2014,1,12.88,12.64,12.576860011092197,2014-01-24,LinearRegression,14,2014
2014-01-11,2014,1,12.86,12.63,12.56975881322207,2014-01-25,LinearRegression,14,2014
2014-01-12,2014,1,12.83,12.62,12.546306218440805,2014-01-26,LinearRegression,14,2014
2014-01-13,2014,1,12.82,12.61,12.561015595718862,2014-01-27,LinearRegression,14,2014
2014-01-14,2014,1,12.8,12.59,12.531032595340365,2014-01-28,LinearRegression,14,2014
2014-01-15,2014,1,12.79,12.57,12.539881810436432,2014-01-29,LinearRegression,14,2014
2014-01-16,2014,1,12.77,12.55,12.516722866733122,2014-01-30,LinearRegression,14,2014
2014-01-17,2014,1,12.75,12.53,12.507020153880463,2014-01-31,LinearRegression,14,2014
2014-06-08,2014,6,16.32,16.9,17.441310563333513,2014-06-22,LinearRegression,14,2014
2014-06-09,2014,6,16.66,17.2,17.635873155414547,2014-06-23,LinearRegression,14,2014
2014-06-10,2014,6,16.88,17.49,17.604165900910242,2014-06-24,LinearRegression,14,2014
2014-06-11,2014,6,16.92,17.82,17.602821296555685,2014-06-25,LinearRegression,14,2014
2014-06-12,2014,6,16.92,18.14,17.701829312590238,2014-06-26,LinearRegression,14,2014
2014-06-13,2014,6,16.92,18.44,17.745548634561217,2014-06-27,LinearRegression,14,2014
2014-06-14,2014,6,16.97,18.56,17.81793821175122,2014-06-28,LinearRegression,14,2014
2014-06-15,2014,6,17.07,18.57,17.945593066024692,2014-06-29,LinearRegression,14,2014
2014-06-16,2014,6,17.21,18.57,18.063230944061623,2014-06-30,LinearRegression,14,2014
2014-06-17,2014,6,17.25,18.58,18.01341497733529,2014-07-01,LinearRegression,14,2014
2014-06-18,2014,6,17.19,18.5,17.924111512557683,2014-07-02,LinearRegression,14,2014
2014-06-19,2014,6,17.11,18.34,17.86875853110848,2014-07-03,LinearRegression,14,2014
2014-06-20,2014,6,16.99,18.362,17.781894014812423,2014-07-04,LinearRegression,14,2014
2014-06-21,2014,6,16.92,18.47,17.823696572953892,2014-07-05,LinearRegression,14,2014
2014-06-22,2014,6,16.9,18.59,17.91501766565518,2014-07-06,LinearRegression,14,2014
2014-06-23,2014,6,17.2,18.63,18.413781130288974,2014-07-07,LinearRegression,14,2014
2014-06-24,2014,6,17.49,18.66,18.320122114221636,2014-07-08,LinearRegression,14,2014
2014-06-25,2014,6,17.82,18.5,18.39064550015037,2014-07-09,LinearRegression,14,2014
2014-06-26,2014,6,18.14,18.49,18.449802137160635,2014-07-10,LinearRegression,14,2014
2014-06-27,2014,6,18.44,18.53,18.521431094504877,2014-07-11,LinearRegression,14,2014
2014-06-28,2014,6,18.56,18.48,18.441304367274594,2014-07-12,LinearRegression,14,2014
2014-06-29,2014,6,18.57,18.4,18.586114044846177,2014-07-13,LinearRegression,14,2014
2014-06-30,2014,6,18.57,18.46,18.73826765422781,2014-07-14,LinearRegression,14,2014
2014-07-01,2014,7,18.58,18.46,18.854235235849657,2014-07-15,LinearRegression,14,2014
2014-07-02,2014,7,18.5,18.4,18.768737319315317,2014-07-16,LinearRegression,14,2014
2014-07-03,2014,7,18.34,18.34,18.653113608105965,2014-07-17,LinearRegression,14,2014
2014-07-04,2014,7,18.362,18.35,18.913925856124383,2014-07-18,LinearRegression,14,2014
2014-07-05,2014,7,18.47,18.42,19.03431915241809,2014-07-19,LinearRegression,14,2014
2014-07-06,2014,7,18.59,18.53,19.085433979986764,2014-07-20,LinearRegression,14,2014
2014-07-07,2014,7,18.63,18.67,19.004040110044794,2014-07-21,LinearRegression,14,2014
2014-07-08,2014,7,18.66,18.88,19.005755856596565,2014-07-22,LinearRegression,14,2014
2014-07-09,2014,7,18.5,18.98,18.66699329352987,2014-07-23,LinearRegression,14,2014
2014-07-10,2014,7,18.49,18.97,18.860919306456214,2014-07-24,LinearRegression,14,2014
2014-07-11,2014,7,18.53,18.97,18.979406390243383,2014-07-25,LinearRegression,14,2014
2014-07-12,2014,7,18.48,18.91,18.859821243544413,2014-07-26,LinearRegression,14,2014
2014-07-13,2014,7,18.4,18.87,18.766180667697757,2014-07-27,LinearRegression,14,2014
2014-07-14,2014,7,18.46,18.75,18.947024316929593,2014-07-28,LinearRegression,14,2014
2014-07-15,2014,7,18.46,18.65,18.89747102955023,2014-07-29,LinearRegression,14,2014
2014-07-16,2014,7,18.4,18.58,18.80938333431911,2014-07-30,LinearRegression,14,2014
2014-07-17,2014,7,18.34,18.48,18.77493795214007,2014-07-31,LinearRegression,14,2014
2014-07-18,2014,7,18.35,18.41,18.879822977630873,2014-08-01,LinearRegression,14,2014
2014-07-19,2014,7,18.42,18.36,18.961109554678917,2014-08-02,LinearRegression,14,2014
2014-07-20,2014,7,18.53,18.3,19.020709273438484,2014-08-03,LinearRegression,14,2014
2014-07-21,2014,7,18.67,18.24,19.03663538136635,2014-08-04,LinearRegression,14,2014
2014-07-22,2014,7,18.88,18.22,19.106304092259883,2014-08-05,LinearRegression,14,2014
2014-07-23,2014,7,18.98,18.23,19.023586217486358,2014-08-06,LinearRegression,14,2014
2014-07-24,2014,7,18.97,18.23,18.98932466205375,2014-08-07,LinearRegression,14,2014
2014-07-25,2014,7,18.97,18.24,19.077224430127483,2014-08-08,LinearRegression,14,2014
2014-07-26,2014,7,18.91,18.17,18.99291113778078,2014-08-09,LinearRegression,14,2014
2014-07-27,2014,7,18.87,18.17,19.013387530354994,2014-08-10,LinearRegression,14,2014
2014-07-28,2014,7,18.75,18.24,18.88717541644731,2014-08-11,LinearRegression,14,2014
2014-07-29,2014,7,18.65,18.26,18.858817973422614,2014-08-12,LinearRegression,14,2014
2014-07-30,2014,7,18.58,18.28,18.83026053497382,2014-08-13,LinearRegression,14,2014
2014-07-31,2014,7,18.48,18.39,18.68208693939732,2014-08-14,LinearRegression,14,2014
2014-08-01,2014,8,18.41,18.58,18.662409930630613,2014-08-15,LinearRegression,14,2014
2014-08-02,2014,8,18.36,18.86,18.620517481122054,2014-08-16,LinearRegression,14,2014
2014-08-03,2014,8,18.3,19.42,18.574669672718297,2014-08-17,LinearRegression,14,2014
2014-08-04,2014,8,18.24,19.7,18.544185826007848,2014-08-18,LinearRegression,14,2014
2014-08-05,2014,8,18.22,19.82,18.575885258050633,2014-08-19,LinearRegression,14,2014
2014-08-06,2014,8,18.23,19.86,18.630897719617753,2014-08-20,LinearRegression,14,2014
2014-08-07,2014,8,18.23,19.86,18.62057318186965,2014-08-21,LinearRegression,14,2014
2014-08-08,2014,8,18.24,19.86,18.632417247416612,2014-08-22,LinearRegression,14,2014
2014-08-09,2014,8,18.17,19.81,18.48796445851292,2014-08-23,LinearRegression,14,2014
2014-08-10,2014,8,18.17,19.75,18.60067598287707,2014-08-24,LinearRegression,14,2014
2014-08-11,2014,8,18.24,19.79,18.695142496965108,2014-08-25,LinearRegression,14,2014
2014-08-12,2014,8,18.26,19.77,18.612779016385584,2014-08-26,LinearRegression,14,2014
2014-08-13,2014,8,18.28,19.92,18.612790118928384,2014-08-27,LinearRegression,14,2014
2014-08-14,2014,8,18.39,20.15,18.687620633280027,2014-08-28,LinearRegression,14,2014
2014-08-15,2014,8,18.58,20.21,18.726483416857054,2014-08-29,LinearRegression,14,2014
2014-08-16,2014,8,18.86,20.17,18.81152937659964,2014-08-30,LinearRegression,14,2014
2014-08-17,2014,8,19.42,20.02,19.134745718210148,2014-08-31,LinearRegression,14,2014
2014-08-18,2014,8,19.7,19.8,18.90741557517708,2014-09-01,LinearRegression,14,2014
2014-08-19,2014,8,19.82,19.58,18.934547577714227,2014-09-02,LinearRegression,14,2014
2014-08-20,2014,8,19.86,19.38,19.024346109134356,2014-09-03,LinearRegression,14,2014
2014-08-21,2014,8,19.86,19.16,19.091035594875276,2014-09-04,LinearRegression,14,2014
2014-08-22,2014,8,19.86,18.93,19.15705062298347,2014-09-05,LinearRegression,14,2014
2014-08-23,2014,8,19.81,18.74,19.196632666258044,2014-09-06,LinearRegression,14,2014
2014-08-24,2014,8,19.75,18.56,19.182363420044542,2014-09-07,LinearRegression,14,2014
2014-08-25,2014,8,19.79,18.42,19.317810585269175,2014-09-08,LinearRegression,14,2014
2014-08-26,2014,8,19.77,18.27,19.211003017084863,2014-09-09,LinearRegression,14,2014
2014-08-27,2014,8,19.92,18.15,19.413276910383264,2014-09-10,LinearRegression,14,2014
2014-08-28,2014,8,20.15,18.23,19.43713174641798,2014-09-11,LinearRegression,14,2014
2014-08-29,2014,8,20.21,18.24,19.266202511615738,2014-09-12,LinearRegression,14,2014
2014-08-30,2014,8,20.17,18.11,19.198258185787207,2014-09-13,LinearRegression,14,2014
2014-08-31,2014,8,20.02,18.1,18.987947682698476,2014-09-14,LinearRegression,14,2014
2014-09-01,2014,9,19.8,18.18,18.753645677465812,2014-09-15,LinearRegression,14,2014
2014-09-02,2014,9,19.58,18.25,18.616372042235014,2014-09-16,LinearRegression,14,2014
2014-09-03,2014,9,19.38,18.27,18.54519268981149,2014-09-17,LinearRegression,14,2014
2014-09-04,2014,9,19.16,18.22,18.309637537837972,2014-09-18,LinearRegression,14,2014
2014-09-05,2014,9,18.93,18.11,18.050922029766255,2014-09-19,LinearRegression,14,2014
2014-09-06,2014,9,18.74,18.01,17.933511491282427,2014-09-20,LinearRegression,14,2014
2014-09-07,2014,9,18.56,18.01,17.823141572248456,2014-09-21,LinearRegression,14,2014
2014-09-08,2014,9,18.42,18.75,17.784000068716672,2014-09-22,LinearRegression,14,2014
2014-09-09,2014,9,18.27,19.24,17.657528741717044,2014-09-23,LinearRegression,14,2014
2014-09-10,2014,9,18.15,19.3,17.616342743818347,2014-09-24,LinearRegression,14,2014
2014-09-11,2014,9,18.23,19.28,17.92187150264084,2014-09-25,LinearRegression,14,2014
2014-09-12,2014,9,18.24,19.17,17.83128897621826,2014-09-26,LinearRegression,14,2014
2014-09-13,2014,9,18.11,19.12,17.61567968532395,2014-09-27,LinearRegression,14,2014
2014-09-14,2014,9,18.1,19.11,17.780936571646215,2014-09-28,LinearRegression,14,2014
2014-09-15,2014,9,18.18,19.12,17.95537428360937,2014-09-29,LinearRegression,14,2014
2014-09-16,2014,9,18.25,19.07,17.93075794234476,2014-09-30,LinearRegression,14,2014
2014-09-17,2014,9,18.27,18.95,17.89031810867968,2014-10-01,LinearRegression,14,2014
2014-09-18,2014,9,18.22,18.85,17.76898783644194,2014-10-02,LinearRegression,14,2014
2014-09-19,2014,9,18.11,18.72,17.579065356883223,2014-10-03,LinearRegression,14,2014
2014-09-20,2014,9,18.01,18.58,17.501529847254737,2014-10-04,LinearRegression,14,2014
2014-09-21,2014,9,18.01,18.26,17.626249474972703,2014-10-05,LinearRegression,14,2014
2014-09-22,2014,9,18.75,18.0,18.4602589608406,2014-10-06,LinearRegression,14,2014
2014-09-23,2014,9,19.24,17.73,18.07741858197176,2014-10-07,LinearRegression,14,2014
2014-09-24,2014,9,19.3,17.54,17.83315070021775,2014-10-08,LinearRegression,14,2014
2014-09-25,2014,9,19.28,17.21,17.956453865283997,2014-10-09,LinearRegression,14,2014
2014-09-26,2014,9,19.17,17.04,17.794879673123567,2014-10-10,LinearRegression,14,2014
2014-09-27,2014,9,19.12,16.9,17.748541677389966,2014-10-11,LinearRegression,14,2014
2014-09-28,2014,9,19.11,16.79,17.969697109940906,2014-10-12,LinearRegression,14,2014
2014-09-29,2014,9,19.12,16.5,18.079294862266178,2014-10-13,LinearRegression,14,2014
2014-09-30,2014,9,19.07,16.39,17.916227263022655,2014-10-14,LinearRegression,14,2014
2014-10-01,2014,10,18.95,16.31,17.692559844838545,2014-10-15,LinearRegression,14,2014
2014-10-02,2014,10,18.85,16.19,17.679546330065797,2014-10-16,LinearRegression,14,2014
2014-10-03,2014,10,18.72,16.09,17.559134380689937,2014-10-17,LinearRegression,14,2014
2014-10-04,2014,10,18.58,16.01,17.407584501236563,2014-10-18,LinearRegression,14,2014
2014-10-05,2014,10,18.26,15.92,16.907616447278542,2014-10-19,LinearRegression,14,2014
2014-10-06,2014,10,18.0,15.81,16.77313815209645,2014-10-20,LinearRegression,14,2014
2014-10-07,2014,10,17.73,15.75,16.569969651657036,2014-10-21,LinearRegression,14,2014
2014-10-08,2014,10,17.54,15.72,16.49906743602657,2014-10-22,LinearRegression,14,2014
2014-10-09,2014,10,17.21,15.71,16.035548260246433,2014-10-23,LinearRegression,14,2014
2014-10-10,2014,10,17.04,15.62,16.051389081511157,2014-10-24,LinearRegression,14,2014
2014-10-11,2014,10,16.9,15.51,16.020574489646595,2014-10-25,LinearRegression,14,2014
2014-10-12,2014,10,16.79,15.44,15.984437212605815,2014-10-26,LinearRegression,14,2014
2014-10-13,2014,10,16.5,15.32,15.564594745253041,2014-10-27,LinearRegression,14,2014
2014-10-14,2014,10,16.39,15.21,15.702849765990864,2014-10-28,LinearRegression,14,2014
2014-10-15,2014,10,16.31,15.14,15.76503150191827,2014-10-29,LinearRegression,14,2014
2014-10-16,2014,10,16.19,15.08,15.630796690972549,2014-10-30,LinearRegression,14,2014
2014-10-17,2014,10,16.09,14.99,15.569018572937862,2014-10-31,LinearRegression,14,2014
2014-10-18,2014,10,16.01,14.92,15.484002017184908,2014-11-01,LinearRegression,14,2014
2014-10-19,2014,10,15.92,14.86,15.477237635866913,2014-11-02,LinearRegression,14,2014
2014-10-20,2014,10,15.81,14.82,15.378908490278702,2014-11-03,LinearRegression,14,2014
2014-10-21,2014,10,15.75,14.77,15.376013137103259,2014-11-04,LinearRegression,14,2014
2014-10-22,2014,10,15.72,14.7,15.389646149537532,2014-11-05,LinearRegression,14,2014
2014-10-23,2014,10,15.71,14.65,15.398187258078297,2014-11-06,LinearRegression,14,2014
2014-10-24,2014,10,15.62,14.55,15.205039969246608,2014-11-07,LinearRegression,14,2014
2014-10-25,2014,10,15.51,14.49,15.093972677668926,2014-11-08,LinearRegression,14,2014
2014-10-26,2014,10,15.44,14.43,15.119503035483273,2014-11-09,LinearRegression,14,2014
2014-10-27,2014,10,15.32,14.41,14.969622956118117,2014-11-10,LinearRegression,14,2014
2014-10-28,2014,10,15.21,14.35,14.879158971835086,2014-11-11,LinearRegression,14,2014
2014-10-29,2014,10,15.14,14.32,14.822487387257198,2014-11-12,LinearRegression,14,2014
2014-10-30,2014,10,15.08,14.28,14.7673700261702,2014-11-13,LinearRegression,14,2014
2014-10-31,2014,10,14.99,14.18,14.657754353051718,2014-11-14,LinearRegression,14,2014
2014-11-01,2014,11,14.92,14.09,14.603767851274052,2014-11-15,LinearRegression,14,2014
2014-11-02,2014,11,14.86,14.01,14.57277147191306,2014-11-16,LinearRegression,14,2014
2014-11-03,2014,11,14.82,14.0,14.575319453620388,2014-11-17,LinearRegression,14,2014
2014-11-04,2014,11,14.77,13.97,14.511312346345909,2014-11-18,LinearRegression,14,2014
2014-11-05,2014,11,14.7,13.94,14.409880413350068,2014-11-19,LinearRegression,14,2014
2014-11-06,2014,11,14.65,13.94,14.398364852642004,2014-11-20,LinearRegression,14,2014
2014-11-07,2014,11,14.55,13.93,14.258363004751292,2014-11-21,LinearRegression,14,2014
2014-11-08,2014,11,14.49,13.93,14.261592751911293,2014-11-22,LinearRegression,14,2014
2014-11-09,2014,11,14.43,13.91,14.19516062623005,2014-11-23,LinearRegression,14,2014
2014-11-10,2014,11,14.41,13.86,14.20517382449836,2014-11-24,LinearRegression,14,2014
2014-11-11,2014,11,14.35,13.83,14.093691864652909,2014-11-25,LinearRegression,14,2014
2014-11-12,2014,11,14.32,13.79,14.081606584547426,2014-11-26,LinearRegression,14,2014
2014-11-13,2014,11,14.28,13.75,14.0443272098383,2014-11-27,LinearRegression,14,2014
2014-11-14,2014,11,14.18,13.73,13.88993197407393,2014-11-28,LinearRegression,14,2014
2014-11-15,2014,11,14.09,13.7,13.845552542538679,2014-11-29,LinearRegression,14,2014
2014-11-16,2014,11,14.01,13.67,13.776606280235347,2014-11-30,LinearRegression,14,2014
2015-01-08,2015,1,12.65,12.386,12.478559828561599,2015-01-22,LinearRegression,14,2015
2015-01-09,2015,1,12.64,12.364,12.4822361417583,2015-01-23,LinearRegression,14,2015
2015-01-10,2015,1,12.618,12.346,12.4384523264151,2015-01-24,LinearRegression,14,2015
2015-01-11,2015,1,12.594,12.324,12.424320212821021,2015-01-25,LinearRegression,14,2015
2015-01-12,2015,1,12.58,12.314,12.434731413400671,2015-01-26,LinearRegression,14,2015
2015-01-13,2015,1,12.57,12.29,12.438070777915692,2015-01-27,LinearRegression,14,2015
2015-01-14,2015,1,12.56,12.274,12.433603958570998,2015-01-28,LinearRegression,14,2015
2015-01-15,2015,1,12.56,12.25,12.444083192889183,2015-01-29,LinearRegression,14,2015
2015-01-16,2015,1,12.544,12.24,12.41780010191361,2015-01-30,LinearRegression,14,2015
2015-01-17,2015,1,12.526,12.23,12.413358823914352,2015-01-31,LinearRegression,14,2015
2015-01-18,2015,1,12.51,12.21,12.4130764838525,2015-02-01,LinearRegression,14,2015
2015-01-19,2015,1,12.49,12.196,12.4010665882933,2015-02-02,LinearRegression,14,2015
2015-01-20,2015,1,12.448,12.18,12.351479443620432,2015-02-03,LinearRegression,14,2015
2015-01-21,2015,1,12.414,12.162,12.33470796367135,2015-02-04,LinearRegression,14,2015
2015-01-22,2015,1,12.386,12.15,12.333811002933933,2015-02-05,LinearRegression,14,2015
2015-01-23,2015,1,12.364,12.134,12.33458070395275,2015-02-06,LinearRegression,14,2015
2015-01-24,2015,1,12.346,12.12,12.329529020693188,2015-02-07,LinearRegression,14,2015
2015-01-25,2015,1,12.324,12.11,12.308782213538406,2015-02-08,LinearRegression,14,2015
2015-01-26,2015,1,12.314,12.1,12.336940037829109,2015-02-09,LinearRegression,14,2015
2015-01-27,2015,1,12.29,12.1,12.316575699435495,2015-02-10,LinearRegression,14,2015
2015-01-28,2015,1,12.274,12.1,12.329960860891985,2015-02-11,LinearRegression,14,2015
2015-01-29,2015,1,12.25,12.084,12.316097067197948,2015-02-12,LinearRegression,14,2015
2015-01-30,2015,1,12.24,12.066,12.338540866667637,2015-02-13,LinearRegression,14,2015
2015-01-31,2015,1,12.23,12.044,12.34902271595286,2015-02-14,LinearRegression,14,2015
2015-02-01,2015,2,12.21,12.026,12.324997875682241,2015-02-15,LinearRegression,14,2015
2015-02-02,2015,2,12.196,12.01,12.340626907897972,2015-02-16,LinearRegression,14,2015
2015-02-03,2015,2,12.18,12.01,12.338416240523177,2015-02-17,LinearRegression,14,2015
2015-02-04,2015,2,12.162,12.0,12.345050584341719,2015-02-18,LinearRegression,14,2015
2015-02-05,2015,2,12.15,11.994,12.354931616304128,2015-02-19,LinearRegression,14,2015
2015-02-06,2015,2,12.134,11.99,12.348307914430617,2015-02-20,LinearRegression,14,2015
2015-02-07,2015,2,12.12,11.986,12.359634439738038,2015-02-21,LinearRegression,14,2015
2015-02-08,2015,2,12.11,11.98,12.3714842663297,2015-02-22,LinearRegression,14,2015
2015-02-09,2015,2,12.1,11.97,12.380280320087214,2015-02-23,LinearRegression,14,2015
2015-02-10,2015,2,12.1,11.96,12.41237380484061,2015-02-24,LinearRegression,14,2015
2015-02-11,2015,2,12.1,11.95,12.427121721336054,2015-02-25,LinearRegression,14,2015
2015-02-12,2015,2,12.084,11.94,12.411462431967692,2015-02-26,LinearRegression,14,2015
2015-02-13,2015,2,12.066,11.94,12.415715016192022,2015-02-27,LinearRegression,14,2015
2015-02-14,2015,2,12.044,11.93,12.416058139383928,2015-02-28,LinearRegression,14,2015
2015-02-15,2015,2,12.026,11.93,12.431546196316772,2015-03-01,LinearRegression,14,2015
2015-02-16,2015,2,12.01,11.93,12.434946046182924,2015-03-02,LinearRegression,14,2015
2015-02-17,2015,2,12.01,11.92,12.464403719185235,2015-03-03,LinearRegression,14,2015
2015-02-18,2015,2,12.0,11.91,12.463500607146202,2015-03-04,LinearRegression,14,2015
2015-02-19,2015,2,11.994,11.91,12.4822594880067,2015-03-05,LinearRegression,14,2015
2015-02-20,2015,2,11.99,11.916,12.505817533601844,2015-03-06,LinearRegression,14,2015
2015-02-21,2015,2,11.986,11.936,12.525998130772473,2015-03-07,LinearRegression,14,2015
2015-02-22,2015,2,11.98,12.016,12.545281810122281,2015-03-08,LinearRegression,14,2015
2015-02-23,2015,2,11.97,12.182,12.546132056466666,2015-03-09,LinearRegression,14,2015
2015-02-24,2015,2,11.96,12.318,12.563559421040235,2015-03-10,LinearRegression,14,2015
2015-02-25,2015,2,11.95,12.384,12.578267820858837,2015-03-11,LinearRegression,14,2015
2015-02-26,2015,2,11.94,12.464,12.591317143872342,2015-03-12,LinearRegression,14,2015
2015-02-27,2015,2,11.94,12.606,12.623919449138825,2015-03-13,LinearRegression,14,2015
2015-02-28,2015,2,11.93,12.678,12.62326721256949,2015-03-14,LinearRegression,14,2015
2015-03-01,2015,3,11.93,12.646,12.65874021624638,2015-03-15,LinearRegression,14,2015
2015-03-02,2015,3,11.93,12.556,12.682726051343849,2015-03-16,LinearRegression,14,2015
2015-03-03,2015,3,11.92,12.448,12.685538396115652,2015-03-17,LinearRegression,14,2015
2015-03-04,2015,3,11.91,12.358,12.705498921273145,2015-03-18,LinearRegression,14,2015
2015-03-05,2015,3,11.91,12.29,12.737579697697099,2015-03-19,LinearRegression,14,2015
2015-03-06,2015,3,11.916,12.24,12.775617067062212,2015-03-20,LinearRegression,14,2015
2015-03-07,2015,3,11.936,12.204,12.814026332856573,2015-03-21,LinearRegression,14,2015
2015-03-08,2015,3,12.016,12.19,12.883834494472373,2015-03-22,LinearRegression,14,2015
2015-03-09,2015,3,12.182,12.18,12.977151232503875,2015-03-23,LinearRegression,14,2015
2015-03-10,2015,3,12.318,12.17,12.97731708397357,2015-03-24,LinearRegression,14,2015
2015-03-11,2015,3,12.384,12.198,12.979718108684962,2015-03-25,LinearRegression,14,2015
2015-03-12,2015,3,12.464,12.234,13.055436106736744,2015-03-26,LinearRegression,14,2015
2015-03-13,2015,3,12.606,12.318,13.13312998203758,2015-03-27,LinearRegression,14,2015
2015-03-14,2015,3,12.678,12.448,13.121079073444903,2015-03-28,LinearRegression,14,2015
2015-03-15,2015,3,12.646,12.49,13.130386409389505,2015-03-29,LinearRegression,14,2015
2015-03-16,2015,3,12.556,12.448,13.111592738647108,2015-03-30,LinearRegression,14,2015
2015-03-17,2015,3,12.448,12.41,13.094888770159061,2015-03-31,LinearRegression,14,2015
2015-03-18,2015,3,12.358,12.376,13.10481427476599,2015-04-01,LinearRegression,14,2015
2015-03-19,2015,3,12.29,12.35,13.129461163204443,2015-04-02,LinearRegression,14,2015
2015-03-20,2015,3,12.24,12.356,13.14620450510524,2015-04-03,LinearRegression,14,2015
2015-03-21,2015,3,12.204,12.376,13.14816224467476,2015-04-04,LinearRegression,14,2015
2015-03-22,2015,3,12.19,12.438,13.206195106725396,2015-04-05,LinearRegression,14,2015
2015-03-23,2015,3,12.18,12.57,13.258125385643664,2015-04-06,LinearRegression,14,2015
2015-03-24,2015,3,12.17,12.704,13.297881894764421,2015-04-07,LinearRegression,14,2015
2015-03-25,2015,3,12.198,12.868,13.39288676730888,2015-04-08,LinearRegression,14,2015
2015-03-26,2015,3,12.234,13.048,13.458671569150402,2015-04-09,LinearRegression,14,2015
2015-03-27,2015,3,12.318,13.236,13.51623232954384,2015-04-10,LinearRegression,14,2015
2015-03-28,2015,3,12.448,13.446,13.578939703176655,2015-04-11,LinearRegression,14,2015
2015-03-29,2015,3,12.49,13.716,13.54365247189379,2015-04-12,LinearRegression,14,2015
2015-03-30,2015,3,12.448,14.06,13.503050050655592,2015-04-13,LinearRegression,14,2015
2015-03-31,2015,3,12.41,14.13,13.529875253617444,2015-04-14,LinearRegression,14,2015
2015-04-01,2015,4,12.376,14.116,13.550436008735819,2015-04-15,LinearRegression,14,2015
2015-04-02,2015,4,12.35,14.1,13.604781301289032,2015-04-16,LinearRegression,14,2015
2015-04-03,2015,4,12.356,14.09,13.693129219273223,2015-04-17,LinearRegression,14,2015
2015-04-04,2015,4,12.376,14.022,13.745956454936316,2015-04-18,LinearRegression,14,2015
2015-04-05,2015,4,12.438,13.932,13.866248993683625,2015-04-19,LinearRegression,14,2015
2015-04-06,2015,4,12.57,13.816,13.934804365235191,2015-04-20,LinearRegression,14,2015
2015-04-07,2015,4,12.704,13.772,13.960964854956162,2015-04-21,LinearRegression,14,2015
2015-04-08,2015,4,12.868,13.742,14.033798947024207,2015-04-22,LinearRegression,14,2015
2015-04-09,2015,4,13.048,13.686,14.092396945083816,2015-04-23,LinearRegression,14,2015
2015-04-10,2015,4,13.236,13.836,14.154627715904,2015-04-24,LinearRegression,14,2015
2015-04-11,2015,4,13.446,14.178,14.244916478407507,2015-04-25,LinearRegression,14,2015
2015-04-12,2015,4,13.716,14.512,14.393135083542559,2015-04-26,LinearRegression,14,2015
2015-04-13,2015,4,14.06,14.608,14.554737418560938,2015-04-27,LinearRegression,14,2015
2015-04-14,2015,4,14.13,14.526,14.478344483683644,2015-04-28,LinearRegression,14,2015
2015-04-15,2015,4,14.116,14.482,14.631107713803624,2015-04-29,LinearRegression,14,2015
2015-04-16,2015,4,14.1,14.484,14.765496100239254,2015-04-30,LinearRegression,14,2015
2015-04-17,2015,4,14.09,14.568,14.86359497617976,2015-05-01,LinearRegression,14,2015
2015-04-18,2015,4,14.022,14.67,14.851421955846403,2015-05-02,LinearRegression,14,2015
2015-04-19,2015,4,13.932,14.658,14.87541300999979,2015-05-03,LinearRegression,14,2015
2015-04-20,2015,4,13.816,14.582,14.832600951505114,2015-05-04,LinearRegression,14,2015
2015-04-21,2015,4,13.772,14.576,14.93432482898518,2015-05-05,LinearRegression,14,2015
2015-04-22,2015,4,13.742,14.464,14.955921062074964,2015-05-06,LinearRegression,14,2015
2015-04-23,2015,4,13.686,14.41,14.871386141288529,2015-05-07,LinearRegression,14,2015
2015-04-24,2015,4,13.836,14.402,15.187724221687542,2015-05-08,LinearRegression,14,2015
2015-04-25,2015,4,14.178,14.466,15.41512822376484,2015-05-09,LinearRegression,14,2015
2015-04-26,2015,4,14.512,14.534,15.400227292048717,2015-05-10,LinearRegression,14,2015
2015-04-27,2015,4,14.608,14.614,15.292648644766679,2015-05-11,LinearRegression,14,2015
2015-04-28,2015,4,14.526,14.626,15.21822311870612,2015-05-12,LinearRegression,14,2015
2015-04-29,2015,4,14.482,14.552,15.291526674208077,2015-05-13,LinearRegression,14,2015
2015-04-30,2015,4,14.484,14.448,15.3912623668769,2015-05-14,LinearRegression,14,2015
2015-05-01,2015,5,14.568,14.44,15.628241480148017,2015-05-15,LinearRegression,14,2015
2015-05-02,2015,5,14.67,14.44,15.786124939996345,2015-05-16,LinearRegression,14,2015
2015-05-03,2015,5,14.658,14.432,15.737667567430982,2015-05-17,LinearRegression,14,2015
2015-05-04,2015,5,14.582,14.528,15.676091233246,2015-05-18,LinearRegression,14,2015
2015-05-05,2015,5,14.576,14.722,15.777354920056421,2015-05-19,LinearRegression,14,2015
2015-05-06,2015,5,14.464,14.9,15.618301559067437,2015-05-20,LinearRegression,14,2015
2015-05-07,2015,5,14.41,15.014,15.676508648521708,2015-05-21,LinearRegression,14,2015
2015-05-08,2015,5,14.402,15.238,15.773835711575542,2015-05-22,LinearRegression,14,2015
2015-05-09,2015,5,14.466,15.654,15.886851397919484,2015-05-23,LinearRegression,14,2015
2015-05-10,2015,5,14.534,16.064,15.973045197143987,2015-05-24,LinearRegression,14,2015
2015-05-11,2015,5,14.614,16.098,16.00849575857508,2015-05-25,LinearRegression,14,2015
2015-05-12,2015,5,14.626,16.02,15.97140920258493,2015-05-26,LinearRegression,14,2015
2015-05-13,2015,5,14.552,16.076,15.871626909218792,2015-05-27,LinearRegression,14,2015
2015-05-14,2015,5,14.448,16.258,15.803174548795221,2015-05-28,LinearRegression,14,2015
2015-05-15,2015,5,14.44,16.636,15.955967851581786,2015-05-29,LinearRegression,14,2015
2015-05-16,2015,5,14.44,16.838,16.007055454383206,2015-05-30,LinearRegression,14,2015
2015-05-17,2015,5,14.432,16.972,16.019281287122734,2015-05-31,LinearRegression,14,2015
2015-05-18,2015,5,14.528,17.046,16.168771395972595,2015-06-01,LinearRegression,14,2015
2015-05-19,2015,5,14.722,17.35,16.295608460037737,2015-06-02,LinearRegression,14,2015
2015-05-20,2015,5,14.9,17.53,16.29241908718172,2015-06-03,LinearRegression,14,2015
2015-05-21,2015,5,15.014,17.374,16.291437427297012,2015-06-04,LinearRegression,14,2015
2015-05-22,2015,5,15.238,17.218,16.43782463566673,2015-06-05,LinearRegression,14,2015
2015-05-23,2015,5,15.654,17.174,16.598572459576896,2015-06-06,LinearRegression,14,2015
2015-05-24,2015,5,16.064,17.52,16.643569965313013,2015-06-07,LinearRegression,14,2015
2015-05-25,2015,5,16.098,18.006,16.536416216367407,2015-06-08,LinearRegression,14,2015
2015-05-26,2015,5,16.02,18.222,16.641968168515604,2015-06-09,LinearRegression,14,2015
2015-05-27,2015,5,16.076,18.364,16.92658311640003,2015-06-10,LinearRegression,14,2015
2015-05-28,2015,5,16.258,18.794,17.06074527062354,2015-06-11,LinearRegression,14,2015
2015-05-29,2015,5,16.636,19.3,17.29622253745002,2015-06-12,LinearRegression,14,2015
2015-05-30,2015,5,16.838,19.474,17.35664206583318,2015-06-13,LinearRegression,14,2015
2015-05-31,2015,5,16.972,19.52,17.456485908130716,2015-06-14,LinearRegression,14,2015
2015-06-01,2015,6,17.046,19.384,17.50458973321855,2015-06-15,LinearRegression,14,2015
2015-06-02,2015,6,17.35,19.102,17.708738345098464,2015-06-16,LinearRegression,14,2015
2015-06-03,2015,6,17.53,18.802,17.636080750863222,2015-06-17,LinearRegression,14,2015
2015-06-04,2015,6,17.374,18.738,17.438967774118225,2015-06-18,LinearRegression,14,2015
2015-06-05,2015,6,17.218,18.816,17.499586637776193,2015-06-19,LinearRegression,14,2015
2015-06-06,2015,6,17.174,18.892,17.689155743114036,2015-06-20,LinearRegression,14,2015
2015-06-07,2015,6,17.52,18.748,18.34348131215658,2015-06-21,LinearRegression,14,2015
2015-06-08,2015,6,18.006,18.72,18.406866450093492,2015-06-22,LinearRegression,14,2015
2015-06-09,2015,6,18.222,18.692,18.227416440976736,2015-06-23,LinearRegression,14,2015
2015-06-10,2015,6,18.364,18.732,18.344167031828178,2015-06-24,LinearRegression,14,2015
2015-06-11,2015,6,18.794,18.762,18.630065327710017,2015-06-25,LinearRegression,14,2015
2015-06-12,2015,6,19.3,18.814,18.6208924285473,2015-06-26,LinearRegression,14,2015
2015-06-13,2015,6,19.474,18.72,18.523161069416346,2015-06-27,LinearRegression,14,2015
2015-06-14,2015,6,19.52,18.688,18.820586866092192,2015-06-28,LinearRegression,14,2015
2015-06-15,2015,6,19.384,18.646,18.75609803030345,2015-06-29,LinearRegression,14,2015
2015-06-16,2015,6,19.102,18.63,18.466228319258995,2015-06-30,LinearRegression,14,2015
2015-06-17,2015,6,18.802,18.628,18.479283075013825,2015-07-01,LinearRegression,14,2015
2015-06-18,2015,6,18.738,18.56,18.77241355094627,2015-07-02,LinearRegression,14,2015
2015-06-19,2015,6,18.816,18.664,19.043285621331272,2015-07-03,LinearRegression,14,2015
2015-06-20,2015,6,18.892,18.538,18.986049392787407,2015-07-04,LinearRegression,14,2015
2015-06-21,2015,6,18.748,18.512,18.677602559294876,2015-07-05,LinearRegression,14,2015
2015-06-22,2015,6,18.72,18.726,18.901162473279367,2015-07-06,LinearRegression,14,2015
2015-06-23,2015,6,18.692,18.792,18.974402916359892,2015-07-07,LinearRegression,14,2015
2015-06-24,2015,6,18.732,18.77,19.04611847767794,2015-07-08,LinearRegression,14,2015
2015-06-25,2015,6,18.762,18.698,19.042997906734673,2015-07-09,LinearRegression,14,2015
2015-06-26,2015,6,18.814,18.646,19.097126330252685,2015-07-10,LinearRegression,14,2015
2015-06-27,2015,6,18.72,18.528,18.940303513450278,2015-07-11,LinearRegression,14,2015
2015-06-28,2015,6,18.688,18.4,18.99495741454144,2015-07-12,LinearRegression,14,2015
2015-06-29,2015,6,18.646,18.25,18.959482867064278,2015-07-13,LinearRegression,14,2015
2015-06-30,2015,6,18.63,18.034,18.986893797420137,2015-07-14,LinearRegression,14,2015
2015-07-01,2015,7,18.628,17.82,19.016722770755653,2015-07-15,LinearRegression,14,2015
2015-07-02,2015,7,18.56,17.79,18.866569439018274,2015-07-16,LinearRegression,14,2015
2015-07-03,2015,7,18.664,17.872,19.164143087692917,2015-07-17,LinearRegression,14,2015
2015-07-04,2015,7,18.538,17.938,18.845139836555774,2015-07-18,LinearRegression,14,2015
2015-07-05,2015,7,18.512,17.964,18.96419120126866,2015-07-19,LinearRegression,14,2015
2015-07-06,2015,7,18.726,17.98,19.26945333938138,2015-07-20,LinearRegression,14,2015
2015-07-07,2015,7,18.792,17.994,19.081893517786263,2015-07-21,LinearRegression,14,2015
2015-07-08,2015,7,18.77,17.988,19.046951182496052,2015-07-22,LinearRegression,14,2015
2015-07-09,2015,7,18.698,17.912,18.95445888294425,2015-07-23,LinearRegression,14,2015
2015-07-10,2015,7,18.646,17.644,18.96748571382873,2015-07-24,LinearRegression,14,2015
2015-07-11,2015,7,18.528,17.514,18.834492470992956,2015-07-25,LinearRegression,14,2015
2015-07-12,2015,7,18.4,17.504,18.726476857319053,2015-07-26,LinearRegression,14,2015
2015-07-13,2015,7,18.25,17.614,18.613728582345978,2015-07-27,LinearRegression,14,2015
2015-07-14,2015,7,18.034,17.694,18.368930261606373,2015-07-28,LinearRegression,14,2015
2015-07-15,2015,7,17.82,17.69,18.239956410245174,2015-07-29,LinearRegression,14,2015
2015-07-16,2015,7,17.79,17.602,18.437112406397404,2015-07-30,LinearRegression,14,2015
2015-07-17,2015,7,17.872,17.518,18.60977301811323,2015-07-31,LinearRegression,14,2015
2015-07-18,2015,7,17.938,17.35,18.588231498609712,2015-08-01,LinearRegression,14,2015
2015-07-19,2015,7,17.964,16.992,18.56771196343971,2015-08-02,LinearRegression,14,2015
2015-07-20,2015,7,17.98,16.79,18.67450396657831,2015-08-03,LinearRegression,14,2015
2015-07-21,2015,7,17.994,16.66,18.688036203495393,2015-08-04,LinearRegression,14,2015
2015-07-22,2015,7,17.988,16.576,18.646393516936865,2015-08-05,LinearRegression,14,2015
2015-07-23,2015,7,17.912,16.552,18.536653275949508,2015-08-06,LinearRegression,14,2015
2015-07-24,2015,7,17.644,16.618,18.1378532744428,2015-08-07,LinearRegression,14,2015
2015-07-25,2015,7,17.514,16.874,18.2399410595119,2015-08-08,LinearRegression,14,2015
2015-07-26,2015,7,17.504,16.952,18.397116078897678,2015-08-09,LinearRegression,14,2015
2015-07-27,2015,7,17.614,16.99,18.526508588392385,2015-08-10,LinearRegression,14,2015
2015-07-28,2015,7,17.694,17.102,18.43929581652286,2015-08-11,LinearRegression,14,2015
2015-07-29,2015,7,17.69,17.162,18.33089202548585,2015-08-12,LinearRegression,14,2015
2015-07-30,2015,7,17.602,17.264,18.3202928261601,2015-08-13,LinearRegression,14,2015
2015-07-31,2015,7,17.518,17.342,18.253230935792427,2015-08-14,LinearRegression,14,2015
2015-08-01,2015,8,17.35,17.346,18.008613292740193,2015-08-15,LinearRegression,14,2015
2015-08-02,2015,8,16.992,17.43,17.53335027122642,2015-08-16,LinearRegression,14,2015
2015-08-03,2015,8,16.79,17.474,17.602007963063706,2015-08-17,LinearRegression,14,2015
2015-08-04,2015,8,16.66,17.598,17.57163355752449,2015-08-18,LinearRegression,14,2015
2015-08-05,2015,8,16.576,17.862,17.558441285744056,2015-08-19,LinearRegression,14,2015
2015-08-06,2015,8,16.552,18.216,17.551191046418477,2015-08-20,LinearRegression,14,2015
2015-08-07,2015,8,16.618,18.948,17.635057247281818,2015-08-21,LinearRegression,14,2015
2015-08-08,2015,8,16.874,19.578,18.067700758170382,2015-08-22,LinearRegression,14,2015
2015-08-09,2015,8,16.952,19.818,17.86294659273995,2015-08-23,LinearRegression,14,2015
2015-08-10,2015,8,16.99,19.94,17.859352540559563,2015-08-24,LinearRegression,14,2015
2015-08-11,2015,8,17.102,19.932,17.925757129110217,2015-08-25,LinearRegression,14,2015
2015-08-12,2015,8,17.162,19.82,17.851195272718943,2015-08-26,LinearRegression,14,2015
2015-08-13,2015,8,17.264,19.642,17.887308645968965,2015-08-27,LinearRegression,14,2015
2015-08-14,2015,8,17.342,19.514,17.94444799386315,2015-08-28,LinearRegression,14,2015
2015-08-15,2015,8,17.346,19.42,17.948604643033285,2015-08-29,LinearRegression,14,2015
2015-08-16,2015,8,17.43,19.382,18.031958259075413,2015-08-30,LinearRegression,14,2015
2015-08-17,2015,8,17.474,19.418,18.011086845861993,2015-08-31,LinearRegression,14,2015
2015-10-08,2015,10,16.838,15.416,15.948130860838262,2015-10-22,LinearRegression,14,2015
2015-10-09,2015,10,16.688,15.342,15.990487994400597,2015-10-23,LinearRegression,14,2015
2015-10-10,2015,10,16.572,15.266,15.904206390551924,2015-10-24,LinearRegression,14,2015
2015-10-11,2015,10,16.378,15.218,15.715800898343879,2015-10-25,LinearRegression,14,2015
2015-10-12,2015,10,16.288,15.14,15.826074648341155,2015-10-26,LinearRegression,14,2015
2015-10-13,2015,10,16.198,15.076,15.772266092154554,2015-10-27,LinearRegression,14,2015
2015-10-14,2015,10,16.134,14.988,15.774069884573262,2015-10-28,LinearRegression,14,2015
2015-10-15,2015,10,16.058,14.912,15.696781722128456,2015-10-29,LinearRegression,14,2015
2015-10-16,2015,10,15.994,14.9,15.628464283722806,2015-10-30,LinearRegression,14,2015
2015-10-17,2015,10,15.926,14.884,15.627394114598204,2015-10-31,LinearRegression,14,2015
2015-10-18,2015,10,15.858,14.832,15.55723084402132,2015-11-01,LinearRegression,14,2015
2015-10-19,2015,10,15.726,14.73,15.3763075434224,2015-11-02,LinearRegression,14,2015
2015-10-20,2015,10,15.618,14.658,15.310356179091077,2015-11-03,LinearRegression,14,2015
2015-10-21,2015,10,15.526,14.614,15.263570886738025,2015-11-04,LinearRegression,14,2015
2015-10-22,2015,10,15.416,14.536,15.139175058636553,2015-11-05,LinearRegression,14,2015
2015-10-23,2015,10,15.342,14.49,15.10561066630777,2015-11-06,LinearRegression,14,2015
2015-10-24,2015,10,15.266,14.454,15.00651223723082,2015-11-07,LinearRegression,14,2015
2015-10-25,2015,10,15.218,14.448,15.018523686475797,2015-11-08,LinearRegression,14,2015
2015-10-26,2015,10,15.14,14.43,14.912953636535672,2015-11-09,LinearRegression,14,2015
2015-10-27,2015,10,15.076,14.42,14.86499667904996,2015-11-10,LinearRegression,14,2015
2015-10-28,2015,10,14.988,14.41,14.78025152329995,2015-11-11,LinearRegression,14,2015
2015-10-29,2015,10,14.912,14.4,14.72650532993004,2015-11-12,LinearRegression,14,2015
2015-10-30,2015,10,14.9,14.39,14.799192290441592,2015-11-13,LinearRegression,14,2015
2015-10-31,2015,10,14.884,14.374,14.750563203546585,2015-11-14,LinearRegression,14,2015
2015-11-01,2015,11,14.832,14.352,14.64918694582941,2015-11-15,LinearRegression,14,2015
2015-11-02,2015,11,14.73,14.304,14.481642392651853,2015-11-16,LinearRegression,14,2015
2015-11-03,2015,11,14.658,14.212,14.481539029464573,2015-11-17,LinearRegression,14,2015
2015-11-04,2015,11,14.614,14.134,14.508218617211174,2015-11-18,LinearRegression,14,2015
2015-11-05,2015,11,14.536,14.066,14.36499168777064,2015-11-19,LinearRegression,14,2015
2015-11-06,2015,11,14.49,13.986,14.323352133836948,2015-11-20,LinearRegression,14,2015
2015-11-07,2015,11,14.454,13.958,14.281163551278851,2015-11-21,LinearRegression,14,2015
2015-11-08,2015,11,14.448,13.902,14.327692359001041,2015-11-22,LinearRegression,14,2015
2015-11-09,2015,11,14.43,13.858,14.289288260587432,2015-11-23,LinearRegression,14,2015
2015-11-10,2015,11,14.42,13.824,14.258709243838757,2015-11-24,LinearRegression,14,2015
2015-11-11,2015,11,14.41,13.79,14.25506349017499,2015-11-25,LinearRegression,14,2015
2015-11-12,2015,11,14.4,13.748,14.23384787851652,2015-11-26,LinearRegression,14,2015
2015-11-13,2015,11,14.39,13.71,14.218259909850804,2015-11-27,LinearRegression,14,2015
2015-11-14,2015,11,14.374,13.674,14.168800626176093,2015-11-28,LinearRegression,14,2015
2015-11-15,2015,11,14.352,13.644,14.130115656042005,2015-11-29,LinearRegression,14,2015
2015-11-16,2015,11,14.304,13.59,14.042728111184639,2015-11-30,LinearRegression,14,2015
2015-11-17,2015,11,14.212,13.538,13.906078290572927,2015-12-01,LinearRegression,14,2015
2015-11-18,2015,11,14.134,13.518,13.852528635174036,2015-12-02,LinearRegression,14,2015
2015-11-19,2015,11,14.066,13.494,13.79573950853034,2015-12-03,LinearRegression,14,2015
2015-11-20,2015,11,13.986,13.464,13.694475153835674,2015-12-04,LinearRegression,14,2015
2015-11-21,2015,11,13.958,13.44,13.70457339446857,2015-12-05,LinearRegression,14,2015
2015-11-22,2015,11,13.902,13.406,13.598259203959778,2015-12-06,LinearRegression,14,2015
2015-11-23,2015,11,13.858,13.384,13.582714426028621,2015-12-07,LinearRegression,14,2015
2015-11-24,2015,11,13.824,13.358,13.565491443511707,2015-12-08,LinearRegression,14,2015
2015-11-25,2015,11,13.79,13.33,13.530992463550621,2015-12-09,LinearRegression,14,2015
2015-11-26,2015,11,13.748,13.3,13.501768170911697,2015-12-10,LinearRegression,14,2015
2015-11-27,2015,11,13.71,13.276,13.44798538236919,2015-12-11,LinearRegression,14,2015
2015-11-28,2015,11,13.674,13.242,13.424606250235845,2015-12-12,LinearRegression,14,2015
2015-11-29,2015,11,13.644,13.21,13.402333242978944,2015-12-13,LinearRegression,14,2015
2015-11-30,2015,11,13.59,13.184,13.31617668661643,2015-12-14,LinearRegression,14,2015
2015-12-01,2015,12,13.538,13.158,13.265945349078693,2015-12-15,LinearRegression,14,2015
2015-12-02,2015,12,13.518,13.132,13.288092443089168,2015-12-16,LinearRegression,14,2015
2015-12-03,2015,12,13.494,13.11,13.256058270017853,2015-12-17,LinearRegression,14,2015
2015-12-04,2015,12,13.464,13.084,13.21090732137773,2015-12-18,LinearRegression,14,2015
2015-12-05,2015,12,13.44,13.066,13.177699244390904,2015-12-19,LinearRegression,14,2015
2015-12-06,2015,12,13.406,13.042,13.139389969856616,2015-12-20,LinearRegression,14,2015
2015-12-07,2015,12,13.384,13.03,13.145210660031154,2015-12-21,LinearRegression,14,2015
2015-12-08,2015,12,13.358,13.028,13.103793600765181,2015-12-22,LinearRegression,14,2015
2015-12-09,2015,12,13.33,12.998,13.067236095915234,2015-12-23,LinearRegression,14,2015
2015-12-10,2015,12,13.3,12.968,13.035202471337328,2015-12-24,LinearRegression,14,2015
2015-12-11,2015,12,13.276,12.944,13.012305810885037,2015-12-25,LinearRegression,14,2015
2015-12-12,2015,12,13.242,12.918,12.972464970605573,2015-12-26,LinearRegression,14,2015
2015-12-13,2015,12,13.21,12.88,12.938605165829882,2015-12-27,LinearRegression,14,2015
2015-12-14,2015,12,13.184,12.842,12.91909984033064,2015-12-28,LinearRegression,14,2015
2015-12-15,2015,12,13.158,12.826,12.892422041112644,2015-12-29,LinearRegression,14,2015
2015-12-16,2015,12,13.132,12.782,12.867175435520478,2015-12-30,LinearRegression,14,2015
2015-12-17,2015,12,13.11,12.75,12.84358911826769,2015-12-31,LinearRegression,14,2015
2015-12-18,2015,12,13.084,12.72,12.816194380513782,2016-01-01,LinearRegression,14,2015
2015-12-19,2015,12,13.066,12.69,12.810206799432885,2016-01-02,LinearRegression,14,2015
2015-12-20,2015,12,13.042,12.68,12.778290042697803,2016-01-03,LinearRegression,14,2015
2015-12-21,2015,12,13.03,12.662,12.779616849305478,2016-01-04,LinearRegression,14,2015
2015-12-22,2015,12,13.028,12.63,12.788065076351884,2016-01-05,LinearRegression,14,2015
2015-12-23,2015,12,12.998,12.606,12.720757916517082,2016-01-06,LinearRegression,14,2015
2015-12-24,2015,12,12.968,12.584,12.69784018151245,2016-01-07,LinearRegression,14,2015
2015-12-25,2015,12,12.944,12.566,12.684781134638046,2016-01-08,LinearRegression,14,2015
2015-12-26,2015,12,12.918,12.548,12.668391580921767,2016-01-09,LinearRegression,14,2015
2015-12-27,2015,12,12.88,12.526,12.61859582182118,2016-01-10,LinearRegression,14,2015
2015-12-28,2015,12,12.842,12.504,12.570856719983718,2016-01-11,LinearRegression,14,2015
2015-12-29,2015,12,12.826,12.482,12.59194302096229,2016-01-12,LinearRegression,14,2015
2015-12-30,2015,12,12.782,12.47,12.52485357476788,2016-01-13,LinearRegression,14,2015
2015-12-31,2015,12,12.75,12.46,12.511349365492022,2016-01-14,LinearRegression,14,2015
2016-01-01,2016,1,12.72,12.448,12.470208309347218,2016-01-15,LinearRegression,14,2016
2016-01-02,2016,1,12.69,12.428,12.449561233368305,2016-01-16,LinearRegression,14,2016
2016-01-03,2016,1,12.68,12.42,12.470770934493904,2016-01-17,LinearRegression,14,2016
2016-01-04,2016,1,12.662,12.42,12.44789425946832,2016-01-18,LinearRegression,14,2016
2016-01-05,2016,1,12.63,12.41,12.4109312101398,2016-01-19,LinearRegression,14,2016
2016-01-06,2016,1,12.606,12.392,12.407461295772798,2016-01-20,LinearRegression,14,2016
2016-01-07,2016,1,12.584,12.386,12.398598533450096,2016-01-21,LinearRegression,14,2016
2016-01-08,2016,1,12.566,12.37,12.394458495199245,2016-01-22,LinearRegression,14,2016
2016-01-09,2016,1,12.548,12.36,12.38218080263526,2016-01-23,LinearRegression,14,2016
2016-01-10,2016,1,12.526,12.346,12.363115023898052,2016-01-24,LinearRegression,14,2016
2016-01-11,2016,1,12.504,12.32,12.352952735457317,2016-01-25,LinearRegression,14,2016
2016-01-12,2016,1,12.482,12.296,12.34206129344583,2016-01-26,LinearRegression,14,2016
2016-01-13,2016,1,12.47,12.274,12.350692327819893,2016-01-27,LinearRegression,14,2016
2016-01-14,2016,1,12.46,12.25,12.351249299318608,2016-01-28,LinearRegression,14,2016
2016-01-15,2016,1,12.448,12.23,12.34470851751741,2016-01-29,LinearRegression,14,2016
2016-01-16,2016,1,12.428,12.22,12.326487017175808,2016-01-30,LinearRegression,14,2016
2016-01-17,2016,1,12.42,12.204,12.34241251261339,2016-01-31,LinearRegression,14,2016
2016-01-18,2016,1,12.42,12.19,12.361281776646067,2016-02-01,LinearRegression,14,2016
2016-01-19,2016,1,12.41,12.178,12.347323458588885,2016-02-02,LinearRegression,14,2016
2016-01-20,2016,1,12.392,12.158,12.329877047481018,2016-02-03,LinearRegression,14,2016
2016-01-21,2016,1,12.386,12.142,12.347521312531674,2016-02-04,LinearRegression,14,2016
2016-01-22,2016,1,12.37,12.124,12.33344181065414,2016-02-05,LinearRegression,14,2016
2016-01-23,2016,1,12.36,12.106,12.339881043722167,2016-02-06,LinearRegression,14,2016
2016-01-24,2016,1,12.346,12.09,12.331386575528049,2016-02-07,LinearRegression,14,2016
2016-01-25,2016,1,12.32,12.076,12.304291439993158,2016-02-08,LinearRegression,14,2016
2016-01-26,2016,1,12.296,12.06,12.299342269732225,2016-02-09,LinearRegression,14,2016
2016-01-27,2016,1,12.274,12.05,12.29425516884716,2016-02-10,LinearRegression,14,2016
2016-01-28,2016,1,12.25,12.04,12.28424960068684,2016-02-11,LinearRegression,14,2016
2016-01-29,2016,1,12.23,12.03,12.283906228616843,2016-02-12,LinearRegression,14,2016
2016-01-30,2016,1,12.22,12.02,12.299835822297025,2016-02-13,LinearRegression,14,2016
2016-01-31,2016,1,12.204,12.01,12.294654461563482,2016-02-14,LinearRegression,14,2016
2016-02-01,2016,2,12.19,12.01,12.300246491497184,2016-02-15,LinearRegression,14,2016
2016-02-02,2016,2,12.178,12.014,12.308629098442928,2016-02-16,LinearRegression,14,2016
2016-02-03,2016,2,12.158,12.026,12.298723074270901,2016-02-17,LinearRegression,14,2016
2016-02-04,2016,2,12.142,12.04,12.306366801571572,2016-02-18,LinearRegression,14,2016
2016-02-05,2016,2,12.124,12.054,12.304116980131358,2016-02-19,LinearRegression,14,2016
2016-02-06,2016,2,12.106,12.074,12.304805064358723,2016-02-20,LinearRegression,14,2016
2016-02-07,2016,2,12.09,12.08,12.310198175092143,2016-02-21,LinearRegression,14,2016
2016-02-08,2016,2,12.076,12.054,12.316716310151337,2016-02-22,LinearRegression,14,2016
2016-02-09,2016,2,12.06,12.032,12.318905809616336,2016-02-23,LinearRegression,14,2016
2016-02-10,2016,2,12.05,12.016,12.334968522093002,2016-02-24,LinearRegression,14,2016
2016-02-11,2016,2,12.04,12.0,12.34508135182994,2016-02-25,LinearRegression,14,2016
2016-02-12,2016,2,12.03,11.99,12.354872134939933,2016-02-26,LinearRegression,14,2016
2016-02-13,2016,2,12.02,11.99,12.365189916256677,2016-02-27,LinearRegression,14,2016
2016-02-14,2016,2,12.01,11.994,12.375298833992343,2016-02-28,LinearRegression,14,2016
2016-02-15,2016,2,12.01,12.034,12.40590835390382,2016-02-29,LinearRegression,14,2016
2016-02-16,2016,2,12.014,12.148,12.429934685039319,2016-03-01,LinearRegression,14,2016
2016-02-17,2016,2,12.026,12.56,12.459517418664847,2016-03-02,LinearRegression,14,2016
2016-02-18,2016,2,12.04,12.63,12.481664268506103,2016-03-03,LinearRegression,14,2016
2016-02-19,2016,2,12.054,12.586,12.500014878668761,2016-03-04,LinearRegression,14,2016
2016-02-20,2016,2,12.074,12.51,12.526645855730735,2016-03-05,LinearRegression,14,2016
2016-02-21,2016,2,12.08,12.412,12.533239407409063,2016-03-06,LinearRegression,14,2016
2016-02-22,2016,2,12.054,12.344,12.506743630137812,2016-03-07,LinearRegression,14,2016
2016-02-23,2016,2,12.032,12.282,12.520520741035163,2016-03-08,LinearRegression,14,2016
2016-02-24,2016,2,12.016,12.23,12.539098134920312,2016-03-09,LinearRegression,14,2016
2016-02-25,2016,2,12.0,12.204,12.547451929899292,2016-03-10,LinearRegression,14,2016
2016-02-26,2016,2,11.99,12.182,12.568465798385699,2016-03-11,LinearRegression,14,2016
2016-02-27,2016,2,11.99,12.16,12.599848714420384,2016-03-12,LinearRegression,14,2016
2016-02-28,2016,2,11.994,12.15,12.630282008588834,2016-03-13,LinearRegression,14,2016
2016-02-29,2016,2,12.034,12.15,12.703973556098163,2016-03-14,LinearRegression,14,2016
2016-03-01,2016,3,12.148,12.15,12.794506780699589,2016-03-15,LinearRegression,14,2016
2016-03-02,2016,3,12.56,12.2,13.116779202294047,2016-03-16,LinearRegression,14,2016
2016-03-03,2016,3,12.63,12.298,12.761344358980859,2016-03-17,LinearRegression,14,2016
2016-03-04,2016,3,12.586,12.452,12.809355462959088,2016-03-18,LinearRegression,14,2016
2016-03-05,2016,3,12.51,12.574,12.792443105666527,2016-03-19,LinearRegression,14,2016
2016-03-06,2016,3,12.412,12.606,12.74015724730145,2016-03-20,LinearRegression,14,2016
2016-03-07,2016,3,12.344,12.594,12.794602767626674,2016-03-21,LinearRegression,14,2016
2016-03-08,2016,3,12.282,12.592,12.856280812699815,2016-03-22,LinearRegression,14,2016
2016-03-09,2016,3,12.23,12.646,12.850597570912889,2016-03-23,LinearRegression,14,2016
2016-03-10,2016,3,12.204,12.782,12.890796021892736,2016-03-24,LinearRegression,14,2016
2016-03-11,2016,3,12.182,12.862,12.91597912065923,2016-03-25,LinearRegression,14,2016
2016-03-12,2016,3,12.16,12.864,12.940736708109567,2016-03-26,LinearRegression,14,2016
2016-03-13,2016,3,12.15,12.804,12.985110313029681,2016-03-27,LinearRegression,14,2016
2016-03-14,2016,3,12.15,12.764,13.033917406548968,2016-03-28,LinearRegression,14,2016
2016-03-15,2016,3,12.15,12.766,13.068926130444545,2016-03-29,LinearRegression,14,2016
2016-03-16,2016,3,12.2,12.808,13.166238693499675,2016-03-30,LinearRegression,14,2016
2016-03-17,2016,3,12.298,12.866,13.232386924058614,2016-03-31,LinearRegression,14,2016
2016-03-18,2016,3,12.452,12.944,13.316986470477758,2016-04-01,LinearRegression,14,2016
2016-03-19,2016,3,12.574,12.926,13.326792344008036,2016-04-02,LinearRegression,14,2016
2016-03-20,2016,3,12.606,12.852,13.30595228412021,2016-04-03,LinearRegression,14,2016
2016-03-21,2016,3,12.594,12.82,13.337173002305004,2016-04-04,LinearRegression,14,2016
2016-03-22,2016,3,12.592,12.822,13.406842087714331,2016-04-05,LinearRegression,14,2016
2016-03-23,2016,3,12.646,12.906,13.526335783366076,2016-04-06,LinearRegression,14,2016
2016-03-24,2016,3,12.782,13.04,13.668443501716602,2016-04-07,LinearRegression,14,2016
2016-03-25,2016,3,12.862,13.15,13.664878405825343,2016-04-08,LinearRegression,14,2016
2016-03-26,2016,3,12.864,13.178,13.65721723042074,2016-04-09,LinearRegression,14,2016
2016-03-27,2016,3,12.804,13.142,13.608934777619986,2016-04-10,LinearRegression,14,2016
2016-03-28,2016,3,12.764,13.142,13.640406684446164,2016-04-11,LinearRegression,14,2016
2016-03-29,2016,3,12.766,13.208,13.739348219605665,2016-04-12,LinearRegression,14,2016
2016-03-30,2016,3,12.808,13.42,13.852832085765419,2016-04-13,LinearRegression,14,2016
2016-03-31,2016,3,12.866,14.184,13.917939158595367,2016-04-14,LinearRegression,14,2016
2016-04-01,2016,4,12.944,14.704,13.970946395703015,2016-04-15,LinearRegression,14,2016
2016-04-02,2016,4,12.926,14.816,13.890147522872756,2016-04-16,LinearRegression,14,2016
2016-04-03,2016,4,12.852,14.734,13.82387115842464,2016-04-17,LinearRegression,14,2016
2016-04-04,2016,4,12.82,14.774,13.88901205119635,2016-04-18,LinearRegression,14,2016
2016-04-05,2016,4,12.822,15.016,13.97331466044472,2016-04-19,LinearRegression,14,2016
2016-04-06,2016,4,12.906,15.192,14.12084886344049,2016-04-20,LinearRegression,14,2016
2016-04-07,2016,4,13.04,15.23,14.211276245655444,2016-04-21,LinearRegression,14,2016
2016-04-08,2016,4,13.15,15.186,14.220470839679255,2016-04-22,LinearRegression,14,2016
2016-04-09,2016,4,13.178,15.128,14.191465883858246,2016-04-23,LinearRegression,14,2016
2016-04-10,2016,4,13.142,15.114,14.175486007995595,2016-04-24,LinearRegression,14,2016
2016-04-11,2016,4,13.142,15.264,14.26042152420194,2016-04-25,LinearRegression,14,2016
2016-04-12,2016,4,13.208,15.55,14.397448722239348,2016-04-26,LinearRegression,14,2016
2016-04-13,2016,4,13.42,15.79,14.597772097595477,2016-04-27,LinearRegression,14,2016
2016-04-14,2016,4,14.184,15.996,15.208362004923508,2016-04-28,LinearRegression,14,2016
2016-04-15,2016,4,14.704,16.216,14.963191939637323,2016-04-29,LinearRegression,14,2016
2016-04-16,2016,4,14.816,16.444,14.790077033916855,2016-04-30,LinearRegression,14,2016
2016-04-17,2016,4,14.734,16.428,14.828349128499706,2016-05-01,LinearRegression,14,2016
2016-04-18,2016,4,14.774,16.192,15.10422999609036,2016-05-02,LinearRegression,14,2016
2016-04-19,2016,4,15.016,16.034,15.42599960288764,2016-05-03,LinearRegression,14,2016
2016-04-20,2016,4,15.192,15.926,15.561074034793874,2016-05-04,LinearRegression,14,2016
2016-04-21,2016,4,15.23,16.1,15.63172111018541,2016-05-05,LinearRegression,14,2016
2016-04-22,2016,4,15.186,16.168,15.639722960128344,2016-05-06,LinearRegression,14,2016
2016-04-23,2016,4,15.128,16.124,15.615820192862216,2016-05-07,LinearRegression,14,2016
2016-04-24,2016,4,15.114,15.972,15.708776418715587,2016-05-08,LinearRegression,14,2016
2016-04-25,2016,4,15.264,15.786,16.01546868452142,2016-05-09,LinearRegression,14,2016
2016-04-26,2016,4,15.55,15.612,16.18812896553389,2016-05-10,LinearRegression,14,2016
2016-04-27,2016,4,15.79,15.442,16.183386379189976,2016-05-11,LinearRegression,14,2016
2016-04-28,2016,4,15.996,15.29,16.25390873823082,2016-05-12,LinearRegression,14,2016
2016-04-29,2016,4,16.216,15.238,16.372053314100885,2016-05-13,LinearRegression,14,2016
2016-04-30,2016,4,16.444,15.2,16.475571231592927,2016-05-14,LinearRegression,14,2016
2016-05-01,2016,5,16.428,15.176,16.34317451533822,2016-05-15,LinearRegression,14,2016
2016-05-02,2016,5,16.192,15.122,16.11851906089792,2016-05-16,LinearRegression,14,2016
2016-05-03,2016,5,16.034,15.138,16.212616288371805,2016-05-17,LinearRegression,14,2016
2016-05-04,2016,5,15.926,15.448,16.286175748741034,2016-05-18,LinearRegression,14,2016
2016-05-05,2016,5,16.1,15.846,16.740804272539034,2016-05-19,LinearRegression,14,2016
2016-05-06,2016,5,16.168,16.218,16.65142145477173,2016-05-20,LinearRegression,14,2016
2016-05-07,2016,5,16.124,16.294,16.579024450662754,2016-05-21,LinearRegression,14,2016
2016-05-08,2016,5,15.972,16.772,16.44284953115974,2016-05-22,LinearRegression,14,2016
2016-05-09,2016,5,15.786,17.27,16.277741866237715,2016-05-23,LinearRegression,14,2016
2016-05-10,2016,5,15.612,17.364,16.1777518359622,2016-05-24,LinearRegression,14,2016
2016-05-11,2016,5,15.442,17.14,16.10130409732785,2016-05-25,LinearRegression,14,2016
2016-05-12,2016,5,15.29,16.908,16.031119947280253,2016-05-26,LinearRegression,14,2016
2016-05-13,2016,5,15.238,16.748,16.136544354642165,2016-05-27,LinearRegression,14,2016
2016-05-14,2016,5,15.2,16.722,16.17665038352089,2016-05-28,LinearRegression,14,2016
2016-05-15,2016,5,15.176,16.72,16.22735764284097,2016-05-29,LinearRegression,14,2016
2016-05-16,2016,5,15.122,16.67,16.205935242761377,2016-05-30,LinearRegression,14,2016
2016-05-17,2016,5,15.138,16.542,16.35280234504161,2016-05-31,LinearRegression,14,2016
2016-05-18,2016,5,15.448,16.564,16.75599242641493,2016-06-01,LinearRegression,14,2016
2016-05-19,2016,5,15.846,16.7,16.82613270308361,2016-06-02,LinearRegression,14,2016
2016-05-20,2016,5,16.218,16.686,16.878088441590407,2016-06-03,LinearRegression,14,2016
2016-05-21,2016,5,16.294,16.504,16.703042955373817,2016-06-04,LinearRegression,14,2016
2016-05-22,2016,5,16.772,16.324,17.300195647309234,2016-06-05,LinearRegression,14,2016
2016-05-23,2016,5,17.27,16.216,17.352553130214613,2016-06-06,LinearRegression,14,2016
2016-05-24,2016,5,17.364,16.2,17.143771305215687,2016-06-07,LinearRegression,14,2016
2016-05-25,2016,5,17.14,16.188,17.002289020142143,2016-06-08,LinearRegression,14,2016
2016-05-26,2016,5,16.908,16.116,16.988582780970702,2016-06-09,LinearRegression,14,2016
2016-05-27,2016,5,16.748,16.072,17.035269480461153,2016-06-10,LinearRegression,14,2016
2016-05-28,2016,5,16.722,16.088,17.319146752478318,2016-06-11,LinearRegression,14,2016
2016-05-29,2016,5,16.72,16.04,17.430561713518447,2016-06-12,LinearRegression,14,2016
2016-05-30,2016,5,16.67,16.076,17.340909908217462,2016-06-13,LinearRegression,14,2016
2016-05-31,2016,5,16.542,16.138,17.203262765190303,2016-06-14,LinearRegression,14,2016
2016-06-01,2016,6,16.564,16.532,17.46156000536998,2016-06-15,LinearRegression,14,2016
2016-06-02,2016,6,16.7,17.31,17.68032636114094,2016-06-16,LinearRegression,14,2016
2016-06-03,2016,6,16.686,17.478,17.516830552779886,2016-06-17,LinearRegression,14,2016
2016-06-04,2016,6,16.504,17.466,17.251271072768304,2016-06-18,LinearRegression,14,2016
2016-06-05,2016,6,16.324,17.45,17.138603546420402,2016-06-19,LinearRegression,14,2016
2016-06-06,2016,6,16.216,17.544,17.149667598763152,2016-06-20,LinearRegression,14,2016
2016-06-07,2016,6,16.2,17.77,17.269403789736394,2016-06-21,LinearRegression,14,2016
2016-06-08,2016,6,16.188,18.074,17.29602177232786,2016-06-22,LinearRegression,14,2016
2016-06-09,2016,6,16.116,18.422,17.169434340097173,2016-06-23,LinearRegression,14,2016
2016-06-10,2016,6,16.072,18.676,17.21779006294269,2016-06-24,LinearRegression,14,2016
2016-06-11,2016,6,16.088,18.966,17.35387516834862,2016-06-25,LinearRegression,14,2016
2016-06-12,2016,6,16.04,19.296,17.276382122710242,2016-06-26,LinearRegression,14,2016
2016-06-13,2016,6,16.076,19.33,17.409081058069702,2016-06-27,LinearRegression,14,2016
2016-06-14,2016,6,16.138,19.136,17.462841417158046,2016-06-28,LinearRegression,14,2016
2016-06-15,2016,6,16.532,18.906,17.81818822784105,2016-06-29,LinearRegression,14,2016
2016-06-16,2016,6,17.31,18.676,18.195888116196834,2016-06-30,LinearRegression,14,2016
2016-06-17,2016,6,17.478,18.542,17.600916098657038,2016-07-01,LinearRegression,14,2016
2016-06-18,2016,6,17.466,18.478,17.736576729465856,2016-07-02,LinearRegression,14,2016
2016-06-19,2016,6,17.45,18.63,17.871594274906467,2016-07-03,LinearRegression,14,2016
2016-06-20,2016,6,17.544,18.756,18.047818931157742,2016-07-04,LinearRegression,14,2016
2016-06-21,2016,6,17.77,18.866,18.298000600560904,2016-07-05,LinearRegression,14,2016
2016-06-22,2016,6,18.074,19.154,18.58012757761178,2016-07-06,LinearRegression,14,2016
2016-06-23,2016,6,18.422,19.34,18.711269193342375,2016-07-07,LinearRegression,14,2016
2016-06-24,2016,6,18.676,19.522,18.70070844512207,2016-07-08,LinearRegression,14,2016
2016-06-25,2016,6,18.966,19.522,18.870063862684468,2016-07-09,LinearRegression,14,2016
2016-06-26,2016,6,19.296,19.454,19.03239273852079,2016-07-10,LinearRegression,14,2016
2016-06-27,2016,6,19.33,19.35,18.866279394691656,2016-07-11,LinearRegression,14,2016
2016-06-28,2016,6,19.136,19.256,18.714681934430413,2016-07-12,LinearRegression,14,2016
2016-06-29,2016,6,18.906,19.18,18.638650842019654,2016-07-13,LinearRegression,14,2016
2016-06-30,2016,6,18.676,19.12,18.566104744438903,2016-07-14,LinearRegression,14,2016
2016-07-01,2016,7,18.542,19.058,18.629653231832858,2016-07-15,LinearRegression,14,2016
2016-07-02,2016,7,18.478,18.988,18.71214759397847,2016-07-16,LinearRegression,14,2016
2016-07-03,2016,7,18.63,19.0,19.012451128470406,2016-07-17,LinearRegression,14,2016
2016-07-04,2016,7,18.756,19.076,19.02706783736049,2016-07-18,LinearRegression,14,2016
2016-07-05,2016,7,18.866,19.386,19.135074059975455,2016-07-19,LinearRegression,14,2016
2016-07-06,2016,7,19.154,19.448,19.34784144821032,2016-07-20,LinearRegression,14,2016
2016-07-07,2016,7,19.34,19.486,19.235477707638246,2016-07-21,LinearRegression,14,2016
2016-07-08,2016,7,19.522,19.626,19.325509798725403,2016-07-22,LinearRegression,14,2016
2016-07-09,2016,7,19.522,19.728,19.239546596471087,2016-07-23,LinearRegression,14,2016
2016-07-10,2016,7,19.454,19.908,19.233085230758338,2016-07-24,LinearRegression,14,2016
2016-07-11,2016,7,19.35,20.15,19.16833683673231,2016-07-25,LinearRegression,14,2016
2016-07-12,2016,7,19.256,20.334,19.193471319260293,2016-07-26,LinearRegression,14,2016
2016-07-13,2016,7,19.18,20.506,19.195171748303352,2016-07-27,LinearRegression,14,2016
2016-07-14,2016,7,19.12,20.654,19.18772666595954,2016-07-28,LinearRegression,14,2016
2016-07-15,2016,7,19.058,20.71,19.12951079902664,2016-07-29,LinearRegression,14,2016
2016-07-16,2016,7,18.988,20.648,19.07319548678074,2016-07-30,LinearRegression,14,2016
2016-07-17,2016,7,19.0,20.534,19.19450406451245,2016-07-31,LinearRegression,14,2016
2016-07-18,2016,7,19.076,20.322,19.30130437896208,2016-08-01,LinearRegression,14,2016
2016-07-19,2016,7,19.386,20.092,19.578919233181228,2016-08-02,LinearRegression,14,2016
2016-07-20,2016,7,19.448,19.742,19.289303494362365,2016-08-03,LinearRegression,14,2016
2016-07-21,2016,7,19.486,19.51,19.375541609592428,2016-08-04,LinearRegression,14,2016
2016-07-22,2016,7,19.626,19.332,19.510182307959937,2016-08-05,LinearRegression,14,2016
2016-07-23,2016,7,19.728,19.148,19.46979834608097,2016-08-06,LinearRegression,14,2016
2016-07-24,2016,7,19.908,18.956,19.616780590420426,2016-08-07,LinearRegression,14,2016
2016-07-25,2016,7,20.15,18.796,19.775288049862393,2016-08-08,LinearRegression,14,2016
2016-07-26,2016,7,20.334,18.62,19.76121905212041,2016-08-09,LinearRegression,14,2016
2016-07-27,2016,7,20.506,18.492,19.836944599786417,2016-08-10,LinearRegression,14,2016
2016-07-28,2016,7,20.654,18.35,19.906027251758594,2016-08-11,LinearRegression,14,2016
2016-07-29,2016,7,20.71,18.316,19.887910275789267,2016-08-12,LinearRegression,14,2016
2016-07-30,2016,7,20.648,18.22,19.830922296536528,2016-08-13,LinearRegression,14,2016
2016-07-31,2016,7,20.534,18.166,19.763058881132082,2016-08-14,LinearRegression,14,2016
2016-08-01,2016,8,20.322,18.1,19.541899002388718,2016-08-15,LinearRegression,14,2016
2016-08-02,2016,8,20.092,18.0,19.35839357851453,2016-08-16,LinearRegression,14,2016
2016-08-03,2016,8,19.742,17.936,18.952669909580152,2016-08-17,LinearRegression,14,2016
2016-08-04,2016,8,19.51,17.872,18.90458655647306,2016-08-18,LinearRegression,14,2016
2016-08-05,2016,8,19.332,17.87,18.840064607902836,2016-08-19,LinearRegression,14,2016
2016-08-06,2016,8,19.148,17.82,18.688046373023685,2016-08-20,LinearRegression,14,2016
2016-08-07,2016,8,18.956,17.69,18.554133769296126,2016-08-21,LinearRegression,14,2016
2016-08-08,2016,8,18.796,17.576,18.49865665153741,2016-08-22,LinearRegression,14,2016
2016-08-09,2016,8,18.62,17.472,18.401870980086986,2016-08-23,LinearRegression,14,2016
2016-08-10,2016,8,18.492,17.38,18.3932579937366,2016-08-24,LinearRegression,14,2016
2016-08-11,2016,8,18.35,17.298,18.290501639873746,2016-08-25,LinearRegression,14,2016
2016-08-12,2016,8,18.316,17.2,18.41080760229632,2016-08-26,LinearRegression,14,2016
2016-08-13,2016,8,18.22,17.09,18.290649652845243,2016-08-27,LinearRegression,14,2016
2016-08-14,2016,8,18.166,17.03,18.308265514595448,2016-08-28,LinearRegression,14,2016
2016-08-15,2016,8,18.1,16.97,18.270378615096853,2016-08-29,LinearRegression,14,2016
2016-08-16,2016,8,18.0,16.866,18.15712614859978,2016-08-30,LinearRegression,14,2016
2016-08-17,2016,8,17.936,16.828,18.16658140132712,2016-08-31,LinearRegression,14,2016
2016-08-18,2016,8,17.872,16.84,18.110003796294528,2016-09-01,LinearRegression,14,2016
2016-08-19,2016,8,17.87,16.844,18.18120325678171,2016-09-02,LinearRegression,14,2016
2016-08-20,2016,8,17.82,17.098,18.080134298640726,2016-09-03,LinearRegression,14,2016
2016-08-21,2016,8,17.69,17.356,17.87104783184575,2016-09-04,LinearRegression,14,2016
2016-08-22,2016,8,17.576,17.668,17.807805158480296,2016-09-05,LinearRegression,14,2016
2016-08-23,2016,8,17.472,17.73,17.739026412424444,2016-09-06,LinearRegression,14,2016
2016-08-24,2016,8,17.38,17.926,17.675699306131975,2016-09-07,LinearRegression,14,2016
2016-08-25,2016,8,17.298,18.186,17.604556040427823,2016-09-08,LinearRegression,14,2016
2016-08-26,2016,8,17.2,18.31,17.495978848706105,2016-09-09,LinearRegression,14,2016
2016-08-27,2016,8,17.09,18.368,17.400543127350296,2016-09-10,LinearRegression,14,2016
2016-08-28,2016,8,17.03,18.504,17.41829079988842,2016-09-11,LinearRegression,14,2016
2016-08-29,2016,8,16.97,18.554,17.3749434552727,2016-09-12,LinearRegression,14,2016
2016-08-30,2016,8,16.866,18.682,17.234664598755664,2016-09-13,LinearRegression,14,2016
2016-08-31,2016,8,16.828,18.84,17.279430945060607,2016-09-14,LinearRegression,14,2016
2016-09-01,2016,9,16.84,18.836,17.34905547010785,2016-09-15,LinearRegression,14,2016
2016-09-02,2016,9,16.844,18.63,17.335176228493534,2016-09-16,LinearRegression,14,2016
2016-09-03,2016,9,17.098,18.436,17.646805737356566,2016-09-17,LinearRegression,14,2016
2016-09-04,2016,9,17.356,18.226,17.591704218947356,2016-09-18,LinearRegression,14,2016
2016-09-05,2016,9,17.668,18.11,17.6723128653266,2016-09-19,LinearRegression,14,2016
2016-09-06,2016,9,17.73,17.95,17.454380222964527,2016-09-20,LinearRegression,14,2016
2016-09-07,2016,9,17.926,17.754,17.713790583204748,2016-09-21,LinearRegression,14,2016
2016-09-08,2016,9,18.186,17.796,17.789099612666064,2016-09-22,LinearRegression,14,2016
2016-09-09,2016,9,18.31,18.002,17.73343845150403,2016-09-23,LinearRegression,14,2016
2016-09-10,2016,9,18.368,18.078,17.81224144220503,2016-09-24,LinearRegression,14,2016
2016-09-11,2016,9,18.504,18.084,18.004417944707253,2016-09-25,LinearRegression,14,2016
2016-09-12,2016,9,18.554,18.27,17.91867707453801,2016-09-26,LinearRegression,14,2016
2016-09-13,2016,9,18.682,18.442,18.08299956232152,2016-09-27,LinearRegression,14,2016
2016-09-14,2016,9,18.84,18.49,18.167154454657467,2016-09-28,LinearRegression,14,2016
2016-09-15,2016,9,18.836,18.524,18.023680586796754,2016-09-29,LinearRegression,14,2016
2016-09-16,2016,9,18.63,18.696,17.701617573884096,2016-09-30,LinearRegression,14,2016
2016-09-17,2016,9,18.436,18.812,17.602227097203656,2016-10-01,LinearRegression,14,2016
2016-09-18,2016,9,18.226,18.796,17.4165521830618,2016-10-02,LinearRegression,14,2016
2016-09-19,2016,9,18.11,18.672,17.432200359489038,2016-10-03,LinearRegression,14,2016
2016-09-20,2016,9,17.95,18.43,17.252278884699557,2016-10-04,LinearRegression,14,2016
2016-09-21,2016,9,17.754,18.2,17.015471002637966,2016-10-05,LinearRegression,14,2016
2016-09-22,2016,9,17.796,18.006,17.3371680480975,2016-10-06,LinearRegression,14,2016
2016-09-23,2016,9,18.002,17.712,17.58344114314951,2016-10-07,LinearRegression,14,2016
2016-09-24,2016,9,18.078,17.48,17.46692397347624,2016-10-08,LinearRegression,14,2016
2016-09-25,2016,9,18.084,17.312,17.469388542496823,2016-10-09,LinearRegression,14,2016
2016-09-26,2016,9,18.27,17.246,17.65617412077164,2016-10-10,LinearRegression,14,2016
2016-09-27,2016,9,18.442,17.18,17.57620658568201,2016-10-11,LinearRegression,14,2016
2016-09-28,2016,9,18.49,17.136,17.485406054220476,2016-10-12,LinearRegression,14,2016
2016-09-29,2016,9,18.524,17.366,17.575428219525065,2016-10-13,LinearRegression,14,2016
2016-09-30,2016,9,18.696,17.964,17.732498664529064,2016-10-14,LinearRegression,14,2016
2016-10-01,2016,10,18.812,18.236,17.647845195682667,2016-10-15,LinearRegression,14,2016
2016-10-02,2016,10,18.796,18.48,17.575887236407386,2016-10-16,LinearRegression,14,2016
2016-10-03,2016,10,18.672,18.54,17.429991160429335,2016-10-17,LinearRegression,14,2016
2016-10-04,2016,10,18.43,18.54,17.108781450745614,2016-10-18,LinearRegression,14,2016
2016-10-05,2016,10,18.2,18.444,16.93254334126789,2016-10-19,LinearRegression,14,2016
2016-10-06,2016,10,18.006,18.192,16.832044185102113,2016-10-20,LinearRegression,14,2016
2016-10-07,2016,10,17.712,17.956,16.4648393675213,2016-10-21,LinearRegression,14,2016
2016-10-08,2016,10,17.48,17.57,16.326341034094323,2016-10-22,LinearRegression,14,2016
2016-10-09,2016,10,17.312,17.264,16.274626183828516,2016-10-23,LinearRegression,14,2016
2016-10-10,2016,10,17.246,16.99,16.361664231640123,2016-10-24,LinearRegression,14,2016
2016-10-11,2016,10,17.18,16.728,16.330929611966575,2016-10-25,LinearRegression,14,2016
2016-10-12,2016,10,17.136,16.54,16.32680932062237,2016-10-26,LinearRegression,14,2016
2016-10-13,2016,10,17.366,16.372,16.745414844532643,2016-10-27,LinearRegression,14,2016
2016-10-14,2016,10,17.964,16.204,17.143164453722168,2016-10-28,LinearRegression,14,2016
2016-10-15,2016,10,18.236,16.05,16.75154521797348,2016-10-29,LinearRegression,14,2016
2016-10-16,2016,10,18.48,15.93,16.90739307375943,2016-10-30,LinearRegression,14,2016
2016-10-17,2016,10,18.54,15.834,16.792693702150512,2016-10-31,LinearRegression,14,2016
2016-10-18,2016,10,18.54,15.736,16.81424057775363,2016-11-01,LinearRegression,14,2016
2016-10-19,2016,10,18.444,15.632,16.724591958992633,2016-11-02,LinearRegression,14,2016
2016-10-20,2016,10,18.192,15.542,16.49124293879397,2016-11-03,LinearRegression,14,2016
2016-10-21,2016,10,17.956,15.442,16.3674470006822,2016-11-04,LinearRegression,14,2016
2016-10-22,2016,10,17.57,15.358,15.897975525370118,2016-11-05,LinearRegression,14,2016
2016-10-23,2016,10,17.264,15.266,15.729315693132461,2016-11-06,LinearRegression,14,2016
2016-10-24,2016,10,16.99,15.182,15.537188035890779,2016-11-07,LinearRegression,14,2016
2016-10-25,2016,10,16.728,15.108,15.327896472735619,2016-11-08,LinearRegression,14,2016
2016-10-26,2016,10,16.54,15.048,15.292269636600661,2016-11-09,LinearRegression,14,2016
2016-10-27,2016,10,16.372,14.968,15.2046938900016,2016-11-10,LinearRegression,14,2016
2016-10-28,2016,10,16.204,14.926,15.121272955997823,2016-11-11,LinearRegression,14,2016
2016-10-29,2016,10,16.05,14.92,15.055720823956074,2016-11-12,LinearRegression,14,2016
2016-10-30,2016,10,15.93,14.904,15.034437073559994,2016-11-13,LinearRegression,14,2016
2016-10-31,2016,10,15.834,14.876,15.018363068157996,2016-11-14,LinearRegression,14,2016
2016-11-01,2016,11,15.736,14.85,14.952424409691552,2016-11-15,LinearRegression,14,2016
2016-11-02,2016,11,15.632,14.778,14.872125488328447,2016-11-16,LinearRegression,14,2016
2016-11-03,2016,11,15.542,14.7,14.828926154829285,2016-11-17,LinearRegression,14,2016
2016-11-04,2016,11,15.442,14.614,14.747319145575078,2016-11-18,LinearRegression,14,2016
2016-11-05,2016,11,15.358,14.548,14.701057447833378,2016-11-19,LinearRegression,14,2016
2016-11-06,2016,11,15.266,14.48,14.61651153299866,2016-11-20,LinearRegression,14,2016
2016-11-07,2016,11,15.182,14.434,14.555110879038176,2016-11-21,LinearRegression,14,2016
2016-11-08,2016,11,15.108,14.384,14.508210674792497,2016-11-22,LinearRegression,14,2016
2016-11-09,2016,11,15.048,14.296,14.472744945270035,2016-11-23,LinearRegression,14,2016
2016-11-10,2016,11,14.968,14.244,14.383168986956527,2016-11-24,LinearRegression,14,2016
2016-11-11,2016,11,14.926,14.2,14.389084780247778,2016-11-25,LinearRegression,14,2016
2016-11-12,2016,11,14.92,14.146,14.426127014009753,2016-11-26,LinearRegression,14,2016
2016-11-13,2016,11,14.904,14.09,14.395436448480622,2016-11-27,LinearRegression,14,2016
2016-11-14,2016,11,14.876,14.046,14.350441663861435,2016-11-28,LinearRegression,14,2016
2016-11-15,2016,11,14.85,14.02,14.323847733978518,2016-11-29,LinearRegression,14,2016
2016-11-16,2016,11,14.778,13.99,14.207289862810699,2016-11-30,LinearRegression,14,2016
2016-11-17,2016,11,14.7,13.958,14.127440449155758,2016-12-01,LinearRegression,14,2016
2016-11-18,2016,11,14.614,13.906,14.034248025303402,2016-12-02,LinearRegression,14,2016
2016-11-19,2016,11,14.548,13.87,13.988777381992449,2016-12-03,LinearRegression,14,2016
2016-11-20,2016,11,14.48,13.818,13.91954885863845,2016-12-04,LinearRegression,14,2016
2016-11-21,2016,11,14.434,13.786,13.892681084752509,2016-12-05,LinearRegression,14,2016
2016-11-22,2016,11,14.384,13.75,13.84390430067669,2016-12-06,LinearRegression,14,2016
2016-11-23,2016,11,14.296,13.698,13.723119656785514,2016-12-07,LinearRegression,14,2016
2016-11-24,2016,11,14.244,13.66,13.724753202854275,2016-12-08,LinearRegression,14,2016
2016-11-25,2016,11,14.2,13.63,13.698684499278539,2016-12-09,LinearRegression,14,2016
2016-11-26,2016,11,14.146,13.588,13.637489575829521,2016-12-10,LinearRegression,14,2016
2016-11-27,2016,11,14.09,13.56,13.582517552619892,2016-12-11,LinearRegression,14,2016
2016-11-28,2016,11,14.046,13.53,13.554768904973523,2016-12-12,LinearRegression,14,2016
2016-11-29,2016,11,14.02,13.498,13.557381841785457,2016-12-13,LinearRegression,14,2016
2016-11-30,2016,11,13.99,13.46,13.523078301020734,2016-12-14,LinearRegression,14,2016
2016-12-01,2016,12,13.958,13.43,13.486642303834829,2016-12-15,LinearRegression,14,2016
2016-12-02,2016,12,13.906,13.408,13.41655543796393,2016-12-16,LinearRegression,14,2016
2016-12-03,2016,12,13.87,13.38,13.40335102854855,2016-12-17,LinearRegression,14,2016
2016-12-04,2016,12,13.818,13.348,13.339071379711829,2016-12-18,LinearRegression,14,2016
2016-12-05,2016,12,13.786,13.32,13.32684077697967,2016-12-19,LinearRegression,14,2016
2016-12-06,2016,12,13.75,13.29,13.287026265102673,2016-12-20,LinearRegression,14,2016
2016-12-07,2016,12,13.698,13.268,13.2167491482498,2016-12-21,LinearRegression,14,2016
2016-12-08,2016,12,13.66,13.25,13.200965860017007,2016-12-22,LinearRegression,14,2016
2016-12-09,2016,12,13.63,13.218,13.18215369909127,2016-12-23,LinearRegression,14,2016
2016-12-10,2016,12,13.588,13.2,13.13139302870999,2016-12-24,LinearRegression,14,2016
2016-12-11,2016,12,13.56,13.16,13.119704292921348,2016-12-25,LinearRegression,14,2016
2016-12-12,2016,12,13.53,13.16,13.089631745510946,2016-12-26,LinearRegression,14,2016
2016-12-13,2016,12,13.498,13.15,13.059768723735257,2016-12-27,LinearRegression,14,2016
2016-12-14,2016,12,13.46,13.12,13.019611384099811,2016-12-28,LinearRegression,14,2016
2016-12-15,2016,12,13.43,13.11,13.000579782415356,2016-12-29,LinearRegression,14,2016
2016-12-16,2016,12,13.408,13.09,12.99165627588198,2016-12-30,LinearRegression,14,2016
2016-12-17,2016,12,13.38,13.08,12.957588484880366,2016-12-31,LinearRegression,14,2016
2016-12-18,2016,12,13.348,13.044,12.923302904018954,2017-01-01,LinearRegression,14,2016
2016-12-19,2016,12,13.32,13.02,12.903573161070293,2017-01-02,LinearRegression,14,2016
2016-12-20,2016,12,13.29,13.01,12.87682608375011,2017-01-03,LinearRegression,14,2016
2016-12-21,2016,12,13.268,13.0,12.866752794983864,2017-01-04,LinearRegression,14,2016
2016-12-22,2016,12,13.25,12.99,12.85421465267241,2017-01-05,LinearRegression,14,2016
2016-12-23,2016,12,13.218,12.98,12.809376467229242,2017-01-06,LinearRegression,14,2016
2016-12-24,2016,12,13.2,12.97,12.811101639254401,2017-01-07,LinearRegression,14,2016
2016-12-25,2016,12,13.16,12.93,12.753155084203483,2017-01-08,LinearRegression,14,2016
2016-12-26,2016,12,13.16,12.88,12.798760221528607,2017-01-09,LinearRegression,14,2016
2016-12-27,2016,12,13.15,12.84,12.781284661153293,2017-01-10,LinearRegression,14,2016
2016-12-28,2016,12,13.12,12.82,12.728145532131599,2017-01-11,LinearRegression,14,2016
2016-12-29,2016,12,13.11,12.79,12.74702789376358,2017-01-12,LinearRegression,14,2016
2016-12-30,2016,12,13.09,12.77,12.719928752602822,2017-01-13,LinearRegression,14,2016
2016-12-31,2016,12,13.08,12.75,12.727151549812914,2017-01-14,LinearRegression,14,2016
2017-01-01,2017,1,13.044,12.74,12.66613906840363,2017-01-15,LinearRegression,14,2017
2017-01-02,2017,1,13.02,12.72,12.658109797353374,2017-01-16,LinearRegression,14,2017
2017-01-03,2017,1,13.01,12.7,12.677344293901616,2017-01-17,LinearRegression,14,2017
2017-01-04,2017,1,13.0,12.67,12.670728308071372,2017-01-18,LinearRegression,14,2017
2017-01-05,2017,1,12.99,12.64,12.662094977104404,2017-01-19,LinearRegression,14,2017
2017-01-06,2017,1,12.98,12.63,12.649660010954666,2017-01-20,LinearRegression,14,2017
2017-01-07,2017,1,12.97,12.62,12.645629156917156,2017-01-21,LinearRegression,14,2017
2017-01-08,2017,1,12.93,12.61,12.578604122768438,2017-01-22,LinearRegression,14,2017
2017-01-09,2017,1,12.88,12.58,12.530124556158936,2017-01-23,LinearRegression,14,2017
2017-01-10,2017,1,12.84,12.58,12.519088490062076,2017-01-24,LinearRegression,14,2017
2017-01-11,2017,1,12.82,12.57,12.537977661342476,2017-01-25,LinearRegression,14,2017
2017-01-12,2017,1,12.79,12.54,12.501545171358575,2017-01-26,LinearRegression,14,2017
2017-01-13,2017,1,12.77,12.52,12.494423897170845,2017-01-27,LinearRegression,14,2017
2017-01-14,2017,1,12.75,12.5,12.482942749793045,2017-01-28,LinearRegression,14,2017
2017-01-15,2017,1,12.74,12.47,12.502302248333972,2017-01-29,LinearRegression,14,2017
2017-01-16,2017,1,12.72,12.45,12.48645704641131,2017-01-30,LinearRegression,14,2017
2017-01-17,2017,1,12.7,12.44,12.47718310391533,2017-01-31,LinearRegression,14,2017
2017-01-18,2017,1,12.67,12.43,12.449648826794474,2017-02-01,LinearRegression,14,2017
2017-01-19,2017,1,12.64,12.42,12.436840228871922,2017-02-02,LinearRegression,14,2017
2017-01-20,2017,1,12.63,12.41,12.4695225465838,2017-02-03,LinearRegression,14,2017
2017-01-21,2017,1,12.62,12.39,12.469758887258346,2017-02-04,LinearRegression,14,2017
2017-01-22,2017,1,12.61,12.38,12.467810831236557,2017-02-05,LinearRegression,14,2017
2017-01-23,2017,1,12.58,12.36,12.420465066842064,2017-02-06,LinearRegression,14,2017
2017-01-24,2017,1,12.58,12.34,12.474647593079878,2017-02-07,LinearRegression,14,2017
2017-01-25,2017,1,12.57,12.32,12.472451760604137,2017-02-08,LinearRegression,14,2017
2017-01-26,2017,1,12.54,12.3,12.429163210330655,2017-02-09,LinearRegression,14,2017
2017-01-27,2017,1,12.52,12.29,12.435894073329672,2017-02-10,LinearRegression,14,2017
2017-01-28,2017,1,12.5,12.27,12.43088452037091,2017-02-11,LinearRegression,14,2017
2017-01-29,2017,1,12.47,12.25,12.411319182371921,2017-02-12,LinearRegression,14,2017
2017-01-30,2017,1,12.45,12.24,12.418749868397965,2017-02-13,LinearRegression,14,2017
2017-01-31,2017,1,12.44,12.22,12.433696653719757,2017-02-14,LinearRegression,14,2017
2017-02-01,2017,2,12.43,12.21,12.441456751773975,2017-02-15,LinearRegression,14,2017
2017-02-02,2017,2,12.42,12.21,12.447026241311612,2017-02-16,LinearRegression,14,2017
2017-02-03,2017,2,12.41,12.19,12.451160172550868,2017-02-17,LinearRegression,14,2017
2017-02-04,2017,2,12.39,12.18,12.437968082464002,2017-02-18,LinearRegression,14,2017
2017-02-05,2017,2,12.38,12.178,12.46325669613754,2017-02-19,LinearRegression,14,2017
2017-02-06,2017,2,12.36,12.16,12.449670862208496,2017-02-20,LinearRegression,14,2017
2017-02-07,2017,2,12.34,12.16,12.448009752736766,2017-02-21,LinearRegression,14,2017
2017-02-08,2017,2,12.32,12.16,12.447301490578088,2017-02-22,LinearRegression,14,2017
2017-02-09,2017,2,12.3,12.15,12.44603237579634,2017-02-23,LinearRegression,14,2017
2017-02-10,2017,2,12.29,12.156,12.47099079136037,2017-02-24,LinearRegression,14,2017
2017-02-11,2017,2,12.27,12.178,12.456134236757933,2017-02-25,LinearRegression,14,2017
2017-02-12,2017,2,12.25,12.2,12.456311522092177,2017-02-26,LinearRegression,14,2017
2017-02-13,2017,2,12.24,12.21,12.482262831865027,2017-02-27,LinearRegression,14,2017
2017-02-14,2017,2,12.22,12.22,12.472453372244459,2017-02-28,LinearRegression,14,2017
2017-02-15,2017,2,12.21,12.23,12.49918821557312,2017-03-01,LinearRegression,14,2017
2017-02-16,2017,2,12.21,12.25,12.531958221267967,2017-03-02,LinearRegression,14,2017
2017-02-17,2017,2,12.19,12.268,12.505484378543231,2017-03-03,LinearRegression,14,2017
2017-02-18,2017,2,12.18,12.438,12.532533303304557,2017-03-04,LinearRegression,14,2017
2017-02-19,2017,2,12.178,12.496,12.563143767551955,2017-03-05,LinearRegression,14,2017
2017-02-20,2017,2,12.16,12.512,12.548204068606683,2017-03-06,LinearRegression,14,2017
2017-02-21,2017,2,12.16,12.434,12.594762067438088,2017-03-07,LinearRegression,14,2017
2017-02-22,2017,2,12.16,12.402,12.613151633188126,2017-03-08,LinearRegression,14,2017
2017-02-23,2017,2,12.15,12.344,12.610970076934123,2017-03-09,LinearRegression,14,2017
2017-02-24,2017,2,12.156,12.31,12.656238822653632,2017-03-10,LinearRegression,14,2017
2017-02-25,2017,2,12.178,12.292,12.698801655432352,2017-03-11,LinearRegression,14,2017
2017-02-26,2017,2,12.2,12.38,12.713661269826078,2017-03-12,LinearRegression,14,2017
2017-02-27,2017,2,12.21,12.602,12.729115798987957,2017-03-13,LinearRegression,14,2017
2017-02-28,2017,2,12.22,12.874,12.757906718450222,2017-03-14,LinearRegression,14,2017
2017-03-01,2017,3,12.23,12.986,12.780276237529943,2017-03-15,LinearRegression,14,2017
2017-03-02,2017,3,12.25,12.956,12.814494639280344,2017-03-16,LinearRegression,14,2017
2017-03-03,2017,3,12.268,12.878,12.842656730157133,2017-03-17,LinearRegression,14,2017
2017-03-04,2017,3,12.438,12.816,13.043586640226811,2017-03-18,LinearRegression,14,2017
2017-03-05,2017,3,12.496,12.83,12.940143423385418,2017-03-19,LinearRegression,14,2017
2017-03-06,2017,3,12.512,12.872,12.987313131356734,2017-03-20,LinearRegression,14,2017
2017-03-07,2017,3,12.434,12.986,12.872774434493262,2017-03-21,LinearRegression,14,2017
2017-03-08,2017,3,12.402,13.044,12.94192234108727,2017-03-22,LinearRegression,14,2017
2017-03-09,2017,3,12.344,12.99,12.901866437314915,2017-03-23,LinearRegression,14,2017
2017-03-10,2017,3,12.31,12.94,12.97056063463959,2017-03-24,LinearRegression,14,2017
2017-03-11,2017,3,12.292,12.87,12.99331838935405,2017-03-25,LinearRegression,14,2017
2017-03-12,2017,3,12.38,12.906,13.147528480779506,2017-03-26,LinearRegression,14,2017
2017-03-13,2017,3,12.602,12.826,13.322834468806297,2017-03-27,LinearRegression,14,2017
2017-03-14,2017,3,12.874,12.832,13.418354804585427,2017-03-28,LinearRegression,14,2017
2017-03-15,2017,3,12.986,12.96,13.336089890435995,2017-03-29,LinearRegression,14,2017
2017-03-16,2017,3,12.956,12.9,13.30589475860719,2017-03-30,LinearRegression,14,2017
2017-03-17,2017,3,12.878,12.88,13.254667803868557,2017-03-31,LinearRegression,14,2017
2017-03-18,2017,3,12.816,12.85,13.282999223111485,2017-04-01,LinearRegression,14,2017
2017-03-19,2017,3,12.83,12.9,13.483039177676005,2017-04-02,LinearRegression,14,2017
2017-03-20,2017,3,12.872,13.008,13.62429283299946,2017-04-03,LinearRegression,14,2017
2017-03-21,2017,3,12.986,13.236,13.74383550354569,2017-04-04,LinearRegression,14,2017
2017-03-22,2017,3,13.044,13.564,13.676676329879022,2017-04-05,LinearRegression,14,2017
2017-03-23,2017,3,12.99,13.764,13.580678099413179,2017-04-06,LinearRegression,14,2017
2017-03-24,2017,3,12.94,13.94,13.601118122534844,2017-04-07,LinearRegression,14,2017
2017-03-25,2017,3,12.87,14.118,13.580705421049881,2017-04-08,LinearRegression,14,2017
2017-03-26,2017,3,12.906,14.378,13.77680178775625,2017-04-09,LinearRegression,14,2017
2017-03-27,2017,3,12.826,14.62,13.601146675846287,2017-04-10,LinearRegression,14,2017
2017-03-28,2017,3,12.832,14.638,13.737670177440522,2017-04-11,LinearRegression,14,2017
2017-03-29,2017,3,12.96,14.502,13.938388638371219,2017-04-12,LinearRegression,14,2017
2017-03-30,2017,3,12.9,14.34,13.71205729812047,2017-04-13,LinearRegression,14,2017
2017-03-31,2017,3,12.88,14.16,13.80379103698319,2017-04-14,LinearRegression,14,2017
2017-04-01,2017,4,12.85,14.032,13.823428007839189,2017-04-15,LinearRegression,14,2017
2017-04-02,2017,4,12.9,14.254,13.95501714823087,2017-04-16,LinearRegression,14,2017
2017-04-03,2017,4,13.008,14.4,14.06158088157675,2017-04-17,LinearRegression,14,2017
2017-04-04,2017,4,13.236,14.454,14.238942683578347,2017-04-18,LinearRegression,14,2017
2017-04-05,2017,4,13.564,14.35,14.37993048201262,2017-04-19,LinearRegression,14,2017
2017-04-06,2017,4,13.764,14.192,14.33766830695786,2017-04-20,LinearRegression,14,2017
2017-04-07,2017,4,13.94,14.058,14.450605994587443,2017-04-21,LinearRegression,14,2017
2017-04-08,2017,4,14.118,14.138,14.557544301211468,2017-04-22,LinearRegression,14,2017
2017-04-09,2017,4,14.378,14.088,14.731955584929013,2017-04-23,LinearRegression,14,2017
2017-04-10,2017,4,14.62,14.1,14.843317837103381,2017-04-24,LinearRegression,14,2017
2017-04-11,2017,4,14.638,14.12,14.836982350997765,2017-04-25,LinearRegression,14,2017
2017-04-12,2017,4,14.502,14.066,14.739097269059403,2017-04-26,LinearRegression,14,2017
2017-04-13,2017,4,14.34,14.082,14.68647105242997,2017-04-27,LinearRegression,14,2017
2017-04-14,2017,4,14.16,14.19,14.672042197658701,2017-04-28,LinearRegression,14,2017
2017-04-15,2017,4,14.032,14.346,14.680786084138465,2017-04-29,LinearRegression,14,2017
2017-04-16,2017,4,14.254,14.57,15.217724601862598,2017-04-30,LinearRegression,14,2017
2017-04-17,2017,4,14.4,14.926,15.073745630443982,2017-05-01,LinearRegression,14,2017
2017-04-18,2017,4,14.454,15.76,15.085586757692216,2017-05-02,LinearRegression,14,2017
2017-04-19,2017,4,14.35,16.168,14.925570119422403,2017-05-03,LinearRegression,14,2017
2017-04-20,2017,4,14.192,16.404,14.813436471649476,2017-05-04,LinearRegression,14,2017
2017-04-21,2017,4,14.058,16.146,14.838623879098188,2017-05-05,LinearRegression,14,2017
2017-04-22,2017,4,14.138,15.996,15.217618017500877,2017-05-06,LinearRegression,14,2017
2017-04-23,2017,4,14.088,15.892,15.04871560181609,2017-05-07,LinearRegression,14,2017
2017-04-24,2017,4,14.1,15.9,15.14427358506262,2017-05-08,LinearRegression,14,2017
2017-04-25,2017,4,14.12,15.916,15.174140041610832,2017-05-09,LinearRegression,14,2017
2017-04-26,2017,4,14.066,15.872,15.122631135457707,2017-05-10,LinearRegression,14,2017
2017-04-27,2017,4,14.082,15.82,15.26680019346888,2017-05-11,LinearRegression,14,2017
2017-04-28,2017,4,14.19,15.89,15.434088625247275,2017-05-12,LinearRegression,14,2017
2017-04-29,2017,4,14.346,15.91,15.491556635597295,2017-05-13,LinearRegression,14,2017
2017-04-30,2017,4,14.57,15.88,15.62549292445964,2017-05-14,LinearRegression,14,2017
2017-05-01,2017,5,14.926,15.79,15.836828621735943,2017-05-15,LinearRegression,14,2017
2017-05-02,2017,5,15.76,15.484,16.42745824399706,2017-05-16,LinearRegression,14,2017
2017-05-03,2017,5,16.168,15.432,16.064752743869757,2017-05-17,LinearRegression,14,2017
2017-05-04,2017,5,16.404,15.376,16.26043766120474,2017-05-18,LinearRegression,14,2017
2017-05-05,2017,5,16.146,15.312,15.786599269476861,2017-05-19,LinearRegression,14,2017
2017-05-06,2017,5,15.996,15.28,15.94719084893631,2017-05-20,LinearRegression,14,2017
2017-05-07,2017,5,15.892,15.27,16.043265268229913,2017-05-21,LinearRegression,14,2017
2017-05-08,2017,5,15.9,15.25,16.545598994961512,2017-05-22,LinearRegression,14,2017
2017-05-09,2017,5,15.916,15.29,16.58173196061388,2017-05-23,LinearRegression,14,2017
2017-05-10,2017,5,15.872,15.25,16.467788013293802,2017-05-24,LinearRegression,14,2017
2017-05-11,2017,5,15.82,15.366,16.428677237347696,2017-05-25,LinearRegression,14,2017
2017-05-12,2017,5,15.89,15.596,16.683145365456788,2017-05-26,LinearRegression,14,2017
2017-05-13,2017,5,15.91,15.896,16.67027748756295,2017-05-27,LinearRegression,14,2017
2017-05-14,2017,5,15.88,16.098,16.654163280191394,2017-05-28,LinearRegression,14,2017
2017-05-15,2017,5,15.79,16.202,16.548375400184092,2017-05-29,LinearRegression,14,2017
2017-05-16,2017,5,15.484,16.21,16.029553945756184,2017-05-30,LinearRegression,14,2017
2017-05-17,2017,5,15.432,16.22,16.376517945219142,2017-05-31,LinearRegression,14,2017
2017-05-18,2017,5,15.376,16.28,16.406138734379216,2017-06-01,LinearRegression,14,2017
2017-05-19,2017,5,15.312,16.26,16.34051234502337,2017-06-02,LinearRegression,14,2017
2017-05-20,2017,5,15.28,16.28,16.350072586072315,2017-06-03,LinearRegression,14,2017
2017-05-21,2017,5,15.27,16.356,16.378018101157327,2017-06-04,LinearRegression,14,2017
2017-05-22,2017,5,15.25,16.904,16.432501840196714,2017-06-05,LinearRegression,14,2017
2017-05-23,2017,5,15.29,17.592,16.575552525202394,2017-06-06,LinearRegression,14,2017
2017-05-24,2017,5,15.25,17.82,16.485585032769478,2017-06-07,LinearRegression,14,2017
2017-05-25,2017,5,15.366,18.04,16.736622903818454,2017-06-08,LinearRegression,14,2017
2017-05-26,2017,5,15.596,18.014,16.86886668924663,2017-06-09,LinearRegression,14,2017
2017-05-27,2017,5,15.896,17.768,16.994295225006166,2017-06-10,LinearRegression,14,2017
2017-05-28,2017,5,16.098,17.418,16.9709770467772,2017-06-11,LinearRegression,14,2017
2017-05-29,2017,5,16.202,17.156,16.99308476969292,2017-06-12,LinearRegression,14,2017
2017-05-30,2017,5,16.21,16.942,16.971481188803537,2017-06-13,LinearRegression,14,2017
2017-05-31,2017,5,16.22,16.85,17.078575184056426,2017-06-14,LinearRegression,14,2017
2017-06-01,2017,6,16.28,16.9,17.206070934766554,2017-06-15,LinearRegression,14,2017
2017-06-02,2017,6,16.26,17.096,17.20683945475483,2017-06-16,LinearRegression,14,2017
2017-06-03,2017,6,16.28,17.286,17.345739638961277,2017-06-17,LinearRegression,14,2017
2017-06-04,2017,6,16.356,17.498,17.438407117306298,2017-06-18,LinearRegression,14,2017
2017-06-05,2017,6,16.904,17.826,17.969712933017412,2017-06-19,LinearRegression,14,2017
2017-06-06,2017,6,17.592,18.124,18.13700562304765,2017-06-20,LinearRegression,14,2017
2017-06-07,2017,6,17.82,18.396,17.833526002303934,2017-06-21,LinearRegression,14,2017
2017-06-08,2017,6,18.04,18.512,18.105215672655333,2017-06-22,LinearRegression,14,2017
2017-06-09,2017,6,18.014,18.53,17.923289265899655,2017-06-23,LinearRegression,14,2017
2017-06-10,2017,6,17.768,18.54,17.547435338236287,2017-06-24,LinearRegression,14,2017
2017-06-11,2017,6,17.418,18.53,17.4242994404062,2017-06-25,LinearRegression,14,2017
2017-06-12,2017,6,17.156,18.47,17.53011508233541,2017-06-26,LinearRegression,14,2017
2017-06-13,2017,6,16.942,18.264,17.42370004906914,2017-06-27,LinearRegression,14,2017
2017-06-14,2017,6,16.85,18.23,17.548248428268494,2017-06-28,LinearRegression,14,2017
2017-06-15,2017,6,16.9,18.082,17.701122563112435,2017-06-29,LinearRegression,14,2017
2017-06-16,2017,6,17.096,18.276,17.891478906554376,2017-06-30,LinearRegression,14,2017
2017-06-17,2017,6,17.286,18.43,18.00969981718811,2017-07-01,LinearRegression,14,2017
2017-06-18,2017,6,17.498,18.68,18.12576399820197,2017-07-02,LinearRegression,14,2017
2017-06-19,2017,6,17.826,18.856,18.333157771500172,2017-07-03,LinearRegression,14,2017
2017-06-20,2017,6,18.124,18.974,18.380345637694653,2017-07-04,LinearRegression,14,2017
2017-06-21,2017,6,18.396,19.154,18.477467190429984,2017-07-05,LinearRegression,14,2017
2017-06-22,2017,6,18.512,19.432,18.496960988980987,2017-07-06,LinearRegression,14,2017
2017-06-23,2017,6,18.53,19.73,18.56238390581099,2017-07-07,LinearRegression,14,2017
2017-06-24,2017,6,18.54,19.85,18.66508694111158,2017-07-08,LinearRegression,14,2017
2017-06-25,2017,6,18.53,19.86,18.75148359625138,2017-07-09,LinearRegression,14,2017
2017-06-26,2017,6,18.47,19.87,18.724315639745686,2017-07-10,LinearRegression,14,2017
2017-06-27,2017,6,18.264,20.166,18.464833510504032,2017-07-11,LinearRegression,14,2017
2017-06-28,2017,6,18.23,20.294,18.67026896173214,2017-07-12,LinearRegression,14,2017
2017-06-29,2017,6,18.082,20.34,18.407272120426494,2017-07-13,LinearRegression,14,2017
2017-06-30,2017,6,18.276,20.368,18.89148624899049,2017-07-14,LinearRegression,14,2017
2017-07-01,2017,7,18.43,20.264,18.8193915748216,2017-07-15,LinearRegression,14,2017
2017-07-02,2017,7,18.68,20.05,18.97761040639454,2017-07-16,LinearRegression,14,2017
2017-07-03,2017,7,18.856,19.724,18.919724242182376,2017-07-17,LinearRegression,14,2017
2017-07-04,2017,7,18.974,19.482,18.977670694444445,2017-07-18,LinearRegression,14,2017
2017-07-05,2017,7,19.154,19.216,19.090088862656902,2017-07-19,LinearRegression,14,2017
2017-07-06,2017,7,19.432,19.062,19.31445020661861,2017-07-20,LinearRegression,14,2017
2017-07-07,2017,7,19.73,18.93,19.403460554043534,2017-07-21,LinearRegression,14,2017
2017-07-08,2017,7,19.85,18.762,19.3976450199361,2017-07-22,LinearRegression,14,2017
2017-07-09,2017,7,19.86,18.694,19.456228709021484,2017-07-23,LinearRegression,14,2017
2017-07-10,2017,7,19.87,18.67,19.53706811827533,2017-07-24,LinearRegression,14,2017
2017-07-11,2017,7,20.166,18.674,19.847208441091695,2017-07-25,LinearRegression,14,2017
2017-07-12,2017,7,20.294,18.618,19.719302144935074,2017-07-26,LinearRegression,14,2017
2017-07-13,2017,7,20.34,18.554,19.855472788586614,2017-07-27,LinearRegression,14,2017
2017-07-14,2017,7,20.368,18.46,19.92497336032803,2017-07-28,LinearRegression,14,2017
2017-07-15,2017,7,20.264,18.392,19.700005950897598,2017-07-29,LinearRegression,14,2017
2017-07-16,2017,7,20.05,18.414,19.420022492964115,2017-07-30,LinearRegression,14,2017
2017-07-17,2017,7,19.724,18.434,19.092446934592086,2017-07-31,LinearRegression,14,2017
2017-07-18,2017,7,19.482,18.508,19.026280872046524,2017-08-01,LinearRegression,14,2017
2017-07-19,2017,7,19.216,18.472,18.791596999280543,2017-08-02,LinearRegression,14,2017
2017-07-20,2017,7,19.062,18.46,18.802745222744417,2017-08-03,LinearRegression,14,2017
2017-07-21,2017,7,18.93,18.472,18.711593079134257,2017-08-04,LinearRegression,14,2017
2017-07-22,2017,7,18.762,18.59,18.524769899271675,2017-08-05,LinearRegression,14,2017
2017-07-23,2017,7,18.694,18.624,18.667665078617123,2017-08-06,LinearRegression,14,2017
2017-07-24,2017,7,18.67,18.56,18.77477110799391,2017-08-07,LinearRegression,14,2017
2017-07-25,2017,7,18.674,18.526,18.878098230261244,2017-08-08,LinearRegression,14,2017
2017-07-26,2017,7,18.618,18.542,18.777168791197198,2017-08-09,LinearRegression,14,2017
2017-07-27,2017,7,18.554,18.696,18.722346034040505,2017-08-10,LinearRegression,14,2017
2017-07-28,2017,7,18.46,18.986,18.64779837766591,2017-08-11,LinearRegression,14,2017
2017-07-29,2017,7,18.392,19.608,18.66832064469017,2017-08-12,LinearRegression,14,2017
2017-07-30,2017,7,18.414,20.202,18.80752645931332,2017-08-13,LinearRegression,14,2017
2017-07-31,2017,7,18.434,20.728,18.786231209019313,2017-08-14,LinearRegression,14,2017
2017-08-01,2017,8,18.508,20.826,18.85520925068196,2017-08-15,LinearRegression,14,2017
2017-08-02,2017,8,18.472,20.83,18.71051003165053,2017-08-16,LinearRegression,14,2017
2017-08-03,2017,8,18.46,20.698,18.75266394989504,2017-08-17,LinearRegression,14,2017
2017-08-04,2017,8,18.472,20.476,18.78816395584331,2017-08-18,LinearRegression,14,2017
2017-08-05,2017,8,18.59,20.24,18.916653911770187,2017-08-19,LinearRegression,14,2017
2017-08-06,2017,8,18.624,20.048,18.81154726833129,2017-08-20,LinearRegression,14,2017
2017-08-07,2017,8,18.56,19.88,18.706774636149298,2017-08-21,LinearRegression,14,2017
2017-08-08,2017,8,18.526,19.73,18.710043714138603,2017-08-22,LinearRegression,14,2017
2017-08-09,2017,8,18.542,19.53,18.775484765847214,2017-08-23,LinearRegression,14,2017
2017-08-10,2017,8,18.696,19.436,18.932410801016204,2017-08-24,LinearRegression,14,2017
2017-08-11,2017,8,18.986,19.304,19.088253515313234,2017-08-25,LinearRegression,14,2017
2017-08-12,2017,8,19.608,19.136,19.465392486022758,2017-08-26,LinearRegression,14,2017
2017-08-13,2017,8,20.202,18.998,19.479548484541233,2017-08-27,LinearRegression,14,2017
2017-08-14,2017,8,20.728,18.972,19.587054386338423,2017-08-28,LinearRegression,14,2017
2017-08-15,2017,8,20.826,18.826,19.308262125328316,2017-08-29,LinearRegression,14,2017
2017-08-16,2017,8,20.83,18.72,19.47409998869945,2017-08-30,LinearRegression,14,2017
2017-08-17,2017,8,20.698,18.568,19.308054337543595,2017-08-31,LinearRegression,14,2017
2017-08-18,2017,8,20.476,18.472,19.23488751507591,2017-09-01,LinearRegression,14,2017
2017-08-19,2017,8,20.24,18.544,19.27926053964226,2017-09-02,LinearRegression,14,2017
2017-08-20,2017,8,20.048,18.576,19.155870431898567,2017-09-03,LinearRegression,14,2017
2017-08-21,2017,8,19.88,18.566,19.000804337079664,2017-09-04,LinearRegression,14,2017
2017-08-22,2017,8,19.73,18.58,18.847412997639402,2017-09-05,LinearRegression,14,2017
2017-08-23,2017,8,19.53,18.6,18.58753040955926,2017-09-06,LinearRegression,14,2017
2017-08-24,2017,8,19.436,18.65,18.679542160743296,2017-09-07,LinearRegression,14,2017
2017-08-25,2017,8,19.304,18.76,18.566602100426973,2017-09-08,LinearRegression,14,2017
2017-08-26,2017,8,19.136,18.892,18.404480344813496,2017-09-09,LinearRegression,14,2017
2017-08-27,2017,8,18.998,19.076,18.357035829967256,2017-09-10,LinearRegression,14,2017
2017-08-28,2017,8,18.972,19.334,18.5165204407724,2017-09-11,LinearRegression,14,2017
2017-08-29,2017,8,18.826,19.378,18.262780510990662,2017-09-12,LinearRegression,14,2017
2017-08-30,2017,8,18.72,19.256,18.22715054484253,2017-09-13,LinearRegression,14,2017
2017-08-31,2017,8,18.568,19.132,18.043072633791542,2017-09-14,LinearRegression,14,2017
2017-09-01,2017,9,18.472,19.008,18.073288911477704,2017-09-15,LinearRegression,14,2017
2017-09-02,2017,9,18.544,18.912,18.355486702712227,2017-09-16,LinearRegression,14,2017
2017-09-03,2017,9,18.576,18.732,18.263765720902697,2017-09-17,LinearRegression,14,2017
2017-09-04,2017,9,18.566,18.53,18.21931980440124,2017-09-18,LinearRegression,14,2017
2017-09-05,2017,9,18.58,18.356,18.263041783033394,2017-09-19,LinearRegression,14,2017
2017-09-06,2017,9,18.6,18.25,18.288656920969093,2017-09-20,LinearRegression,14,2017
2017-09-07,2017,9,18.65,18.158,18.306608200474784,2017-09-21,LinearRegression,14,2017
2017-09-08,2017,9,18.76,18.064,18.398455572164764,2017-09-22,LinearRegression,14,2017
2017-09-09,2017,9,18.892,18.072,18.41547909269501,2017-09-23,LinearRegression,14,2017
2017-09-10,2017,9,19.076,17.942,18.47386082504162,2017-09-24,LinearRegression,14,2017
2017-09-11,2017,9,19.334,17.866,18.570720100815638,2017-09-25,LinearRegression,14,2017
2017-09-12,2017,9,19.378,17.85,18.370628005363773,2017-09-26,LinearRegression,14,2017
2017-09-13,2017,9,19.256,17.95,18.194832080474086,2017-09-27,LinearRegression,14,2017
2017-09-14,2017,9,19.132,18.042,18.1377835465752,2017-09-28,LinearRegression,14,2017
2017-09-15,2017,9,19.008,18.05,18.09937657370042,2017-09-29,LinearRegression,14,2017
2017-09-16,2017,9,18.912,18.116,18.080801518642723,2017-09-30,LinearRegression,14,2017
2017-09-17,2017,9,18.732,18.238,17.806838287597724,2017-10-01,LinearRegression,14,2017
2017-09-18,2017,9,18.53,18.502,17.545408632332794,2017-10-02,LinearRegression,14,2017
2017-09-19,2017,9,18.356,18.55,17.440073352948428,2017-10-03,LinearRegression,14,2017
2017-09-20,2017,9,18.25,18.396,17.469568224546183,2017-10-04,LinearRegression,14,2017
2017-09-21,2017,9,18.158,18.226,17.424686818400044,2017-10-05,LinearRegression,14,2017
2017-09-22,2017,9,18.064,18.126,17.32133226581728,2017-10-06,LinearRegression,14,2017
2017-09-23,2017,9,18.072,18.162,17.462682397055946,2017-10-07,LinearRegression,14,2017
2017-09-24,2017,9,17.942,18.246,17.1789897892609,2017-10-08,LinearRegression,14,2017
2017-09-25,2017,9,17.866,18.308,17.211779383738556,2017-10-09,LinearRegression,14,2017
2017-09-26,2017,9,17.85,18.284,17.30363795683489,2017-10-10,LinearRegression,14,2017
2017-09-27,2017,9,17.95,18.066,17.465469071252492,2017-10-11,LinearRegression,14,2017
2017-09-28,2017,9,18.042,17.778,17.46219649276311,2017-10-12,LinearRegression,14,2017
2017-09-29,2017,9,18.05,17.504,17.368082395723512,2017-10-13,LinearRegression,14,2017
2017-09-30,2017,9,18.116,17.326,17.426972204710612,2017-10-14,LinearRegression,14,2017
2017-10-01,2017,10,18.238,17.092,17.46764559697984,2017-10-15,LinearRegression,14,2017
2017-10-02,2017,10,18.502,17.036,17.599618809132593,2017-10-16,LinearRegression,14,2017
2017-10-03,2017,10,18.55,16.998,17.41562043909325,2017-10-17,LinearRegression,14,2017
2017-10-04,2017,10,18.396,16.932,17.196953650103573,2017-10-18,LinearRegression,14,2017
2017-10-05,2017,10,18.226,16.896,17.04807830727344,2017-10-19,LinearRegression,14,2017
2017-10-06,2017,10,18.126,16.892,17.112336193414375,2017-10-20,LinearRegression,14,2017
2017-10-07,2017,10,18.162,17.158,17.290446836033574,2017-10-21,LinearRegression,14,2017
2017-10-08,2017,10,18.246,17.352,17.338371184716348,2017-10-22,LinearRegression,14,2017
2017-10-09,2017,10,18.308,17.182,17.243604514309634,2017-10-23,LinearRegression,14,2017
2017-10-10,2017,10,18.284,16.96,17.139750149265367,2017-10-24,LinearRegression,14,2017
2017-10-11,2017,10,18.066,16.774,16.769175188288195,2017-10-25,LinearRegression,14,2017
2017-10-12,2017,10,17.778,16.676,16.426161192604106,2017-10-26,LinearRegression,14,2017
2017-10-13,2017,10,17.504,16.664,16.249603080214875,2017-10-27,LinearRegression,14,2017
2017-10-14,2017,10,17.326,16.688,16.254223524351605,2017-10-28,LinearRegression,14,2017
2017-10-15,2017,10,17.092,16.834,15.957215429189587,2017-10-29,LinearRegression,14,2017
2017-10-16,2017,10,17.036,16.932,16.08715932672587,2017-10-30,LinearRegression,14,2017
2017-10-17,2017,10,16.998,16.996,16.079826007209554,2017-10-31,LinearRegression,14,2017
2017-10-18,2017,10,16.932,16.838,16.000219312504267,2017-11-01,LinearRegression,14,2017
2017-10-19,2017,10,16.896,16.544,16.043090726345095,2017-11-02,LinearRegression,14,2017
2017-10-20,2017,10,16.892,16.29,16.102173503445353,2017-11-03,LinearRegression,14,2017
2017-10-21,2017,10,17.158,16.114,16.492516097554127,2017-11-04,LinearRegression,14,2017
2017-10-22,2017,10,17.352,15.952,16.36619368093184,2017-11-05,LinearRegression,14,2017
2017-10-23,2017,10,17.182,15.828,15.917641757581846,2017-11-06,LinearRegression,14,2017
2017-10-24,2017,10,16.96,15.698,15.747273576428494,2017-11-07,LinearRegression,14,2017
2017-10-25,2017,10,16.774,15.656,15.647291929613779,2017-11-08,LinearRegression,14,2017
2017-10-26,2017,10,16.676,15.432,15.68041858226976,2017-11-09,LinearRegression,14,2017
2017-10-27,2017,10,16.664,15.32,15.815875856694408,2017-11-10,LinearRegression,14,2017
2017-10-28,2017,10,16.688,15.274,15.828182307533508,2017-11-11,LinearRegression,14,2017
2017-10-29,2017,10,16.834,15.268,15.932711211060115,2017-11-12,LinearRegression,14,2017
2017-10-30,2017,10,16.932,15.216,15.926520373828355,2017-11-13,LinearRegression,14,2017
2017-10-31,2017,10,16.996,15.152,15.909649742731293,2017-11-14,LinearRegression,14,2017
2017-11-01,2017,11,16.838,15.058,15.578162341568127,2017-11-15,LinearRegression,14,2017
2017-11-02,2017,11,16.544,15.004,15.193448841812486,2017-11-16,LinearRegression,14,2017
2017-11-03,2017,11,16.29,14.92,15.030861224197839,2017-11-17,LinearRegression,14,2017
2017-11-04,2017,11,16.114,14.872,15.027814393482249,2017-11-18,LinearRegression,14,2017
2017-11-05,2017,11,15.952,14.79,14.904382557954206,2017-11-19,LinearRegression,14,2017
2017-11-06,2017,11,15.828,14.736,14.79751093815047,2017-11-20,LinearRegression,14,2017
2017-11-07,2017,11,15.698,14.694,14.637976247105462,2017-11-21,LinearRegression,14,2017
2017-11-08,2017,11,15.656,14.616,14.755739927818636,2017-11-22,LinearRegression,14,2017
2017-11-09,2017,11,15.432,14.51,14.355086679853901,2017-11-23,LinearRegression,14,2017
2017-11-10,2017,11,15.32,14.412,14.446551683934002,2017-11-24,LinearRegression,14,2017
2017-11-11,2017,11,15.274,14.398,14.546046177943113,2017-11-25,LinearRegression,14,2017
2017-11-12,2017,11,15.268,14.324,14.616766268434349,2017-11-26,LinearRegression,14,2017
2017-11-13,2017,11,15.216,14.27,14.511016345134733,2017-11-27,LinearRegression,14,2017
2017-11-14,2017,11,15.152,14.27,14.398365824911636,2017-11-28,LinearRegression,14,2017
2017-11-15,2017,11,15.058,14.26,14.295684384251045,2017-11-29,LinearRegression,14,2017
2017-11-16,2017,11,15.004,14.226,14.345648330539014,2017-11-30,LinearRegression,14,2017
2017-11-17,2017,11,14.92,14.186,14.244530771312354,2017-12-01,LinearRegression,14,2017
2017-11-18,2017,11,14.872,14.164,14.231115371832809,2017-12-02,LinearRegression,14,2017
2017-11-19,2017,11,14.79,14.126,14.099362708049952,2017-12-03,LinearRegression,14,2017
2017-11-20,2017,11,14.736,14.104,14.082073785272515,2017-12-04,LinearRegression,14,2017
2017-11-21,2017,11,14.694,14.09,14.0711042367566,2017-12-05,LinearRegression,14,2017
2017-11-22,2017,11,14.616,14.08,13.947644777179917,2017-12-06,LinearRegression,14,2017
2017-11-23,2017,11,14.51,14.07,13.819972639235068,2017-12-07,LinearRegression,14,2017
2017-11-24,2017,11,14.412,14.05,13.74813077003274,2017-12-08,LinearRegression,14,2017
2017-11-25,2017,11,14.398,14.014,13.86531193061867,2017-12-09,LinearRegression,14,2017
2017-11-26,2017,11,14.324,13.96,13.720831189803043,2017-12-10,LinearRegression,14,2017
2017-11-27,2017,11,14.27,13.95,13.681174601534734,2017-12-11,LinearRegression,14,2017
2017-11-28,2017,11,14.27,13.922,13.749125740149033,2017-12-12,LinearRegression,14,2017
2017-11-29,2017,11,14.26,13.876,13.735825152243144,2017-12-13,LinearRegression,14,2017
2017-11-30,2017,11,14.226,13.844,13.681782059288528,2017-12-14,LinearRegression,14,2017
2017-12-01,2017,12,14.186,13.81,13.622531251467061,2017-12-15,LinearRegression,14,2017
2017-12-02,2017,12,14.164,13.79,13.629065475368174,2017-12-16,LinearRegression,14,2017
2017-12-03,2017,12,14.126,13.764,13.586658931481832,2017-12-17,LinearRegression,14,2017
2017-12-04,2017,12,14.104,13.732,13.57765080723111,2017-12-18,LinearRegression,14,2017
2017-12-05,2017,12,14.09,13.72,13.559650753048613,2017-12-19,LinearRegression,14,2017
2017-12-06,2017,12,14.08,13.71,13.545477583602805,2017-12-20,LinearRegression,14,2017
2017-12-07,2017,12,14.07,13.684,13.530745074999794,2017-12-21,LinearRegression,14,2017
2017-12-08,2017,12,14.05,13.65,13.487897767223219,2017-12-22,LinearRegression,14,2017
2017-12-09,2017,12,14.014,13.62,13.429963747852348,2017-12-23,LinearRegression,14,2017
2017-12-10,2017,12,13.96,13.61,13.358727216835115,2017-12-24,LinearRegression,14,2017
2017-12-11,2017,12,13.95,13.59,13.407522601147349,2017-12-25,LinearRegression,14,2017
2017-12-12,2017,12,13.922,13.554,13.353054923614227,2017-12-26,LinearRegression,14,2017
2017-12-13,2017,12,13.876,13.52,13.273207953083642,2017-12-27,LinearRegression,14,2017
2017-12-14,2017,12,13.844,13.504,13.253839382143362,2017-12-28,LinearRegression,14,2017
2017-12-15,2017,12,13.81,13.464,13.219625036553232,2017-12-29,LinearRegression,14,2017
2017-12-16,2017,12,13.79,13.45,13.229811853664271,2017-12-30,LinearRegression,14,2017
2017-12-17,2017,12,13.764,13.42,13.192451270007737,2017-12-31,LinearRegression,14,2017
2017-12-18,2017,12,13.732,13.394,13.146549779553364,2018-01-01,LinearRegression,14,2017
2017-12-19,2017,12,13.72,13.36,13.165030734473747,2018-01-02,LinearRegression,14,2017
2017-12-20,2017,12,13.71,13.34,13.160808498582421,2018-01-03,LinearRegression,14,2017
2017-12-21,2017,12,13.684,13.316,13.114391367437513,2018-01-04,LinearRegression,14,2017
2017-12-22,2017,12,13.65,13.286,13.069505894428593,2018-01-05,LinearRegression,14,2017
2017-12-23,2017,12,13.62,13.26,13.049226804333538,2018-01-06,LinearRegression,14,2017
2017-12-24,2017,12,13.61,13.234,13.074733823425195,2018-01-07,LinearRegression,14,2017
2017-12-25,2017,12,13.59,13.21,13.042401989598453,2018-01-08,LinearRegression,14,2017
2017-12-26,2017,12,13.554,13.186,12.97936213301279,2018-01-09,LinearRegression,14,2017
2017-12-27,2017,12,13.52,13.154,12.950284525199645,2018-01-10,LinearRegression,14,2017
2017-12-28,2017,12,13.504,13.13,12.967890919770737,2018-01-11,LinearRegression,14,2017
2017-12-29,2017,12,13.464,13.13,12.907490416289065,2018-01-12,LinearRegression,14,2017
2017-12-30,2017,12,13.45,13.12,12.928325127030284,2018-01-13,LinearRegression,14,2017
2017-12-31,2017,12,13.42,13.094,12.878513020736808,2018-01-14,LinearRegression,14,2017
2018-01-01,2018,1,13.394,13.066,12.868325428539789,2018-01-15,LinearRegression,14,2018
2018-01-02,2018,1,13.36,13.06,12.839478288753858,2018-01-16,LinearRegression,14,2018
2018-01-03,2018,1,13.34,13.05,12.836102806157891,2018-01-17,LinearRegression,14,2018
2018-01-04,2018,1,13.316,13.03,12.82460534181952,2018-01-18,LinearRegression,14,2018
2018-01-05,2018,1,13.286,13.03,12.787612043168103,2018-01-19,LinearRegression,14,2018
2018-01-06,2018,1,13.26,13.02,12.77838604094903,2018-01-20,LinearRegression,14,2018
2018-01-07,2018,1,13.234,12.986,12.760900913031698,2018-01-21,LinearRegression,14,2018
2018-01-08,2018,1,13.21,12.938,12.754725153753853,2018-01-22,LinearRegression,14,2018
2018-01-09,2018,1,13.186,12.92,12.737088638902788,2018-01-23,LinearRegression,14,2018
2018-01-10,2018,1,13.154,12.92,12.705487512560937,2018-01-24,LinearRegression,14,2018
2018-01-11,2018,1,13.13,12.91,12.705749644116503,2018-01-25,LinearRegression,14,2018
2018-01-12,2018,1,13.13,12.9,12.741890791009022,2018-01-26,LinearRegression,14,2018
2018-01-13,2018,1,13.12,12.88,12.725836266635643,2018-01-27,LinearRegression,14,2018
2018-01-14,2018,1,13.094,12.866,12.68902988066326,2018-01-28,LinearRegression,14,2018
2018-01-15,2018,1,13.066,12.84,12.672198630121455,2018-01-29,LinearRegression,14,2018
2018-01-16,2018,1,13.06,12.82,12.710909930458214,2018-01-30,LinearRegression,14,2018
2018-01-17,2018,1,13.05,12.81,12.71126066058748,2018-01-31,LinearRegression,14,2018
2018-01-18,2018,1,13.03,12.8,12.67897998218855,2018-02-01,LinearRegression,14,2018
2018-01-19,2018,1,13.03,12.79,12.706011251588393,2018-02-02,LinearRegression,14,2018
2018-01-20,2018,1,13.02,12.79,12.69558749808346,2018-02-03,LinearRegression,14,2018
2018-01-21,2018,1,12.986,12.78,12.656012338440572,2018-02-04,LinearRegression,14,2018
2018-01-22,2018,1,12.938,12.78,12.611798943256664,2018-02-05,LinearRegression,14,2018
2018-01-23,2018,1,12.92,12.77,12.646976521730835,2018-02-06,LinearRegression,14,2018
2018-01-24,2018,1,12.92,12.75,12.685034752763679,2018-02-07,LinearRegression,14,2018
2018-01-25,2018,1,12.91,12.73,12.660927285513525,2018-02-08,LinearRegression,14,2018
2018-01-26,2018,1,12.9,12.71,12.653032126594228,2018-02-09,LinearRegression,14,2018
2018-01-27,2018,1,12.88,12.7,12.637329311020723,2018-02-10,LinearRegression,14,2018
2018-01-28,2018,1,12.866,12.69,12.662629561695084,2018-02-11,LinearRegression,14,2018
2018-01-29,2018,1,12.84,12.69,12.645297237612583,2018-02-12,LinearRegression,14,2018
2018-01-30,2018,1,12.82,12.68,12.643720002766592,2018-02-13,LinearRegression,14,2018
2018-01-31,2018,1,12.81,12.68,12.660343306626721,2018-02-14,LinearRegression,14,2018
2018-02-01,2018,2,12.8,12.668,12.660836066830413,2018-02-15,LinearRegression,14,2018
2018-02-02,2018,2,12.79,12.57,12.667621092653611,2018-02-16,LinearRegression,14,2018
2018-02-03,2018,2,12.79,12.48,12.690283839335862,2018-02-17,LinearRegression,14,2018
2018-02-04,2018,2,12.78,12.4,12.687605493728487,2018-02-18,LinearRegression,14,2018
2018-02-05,2018,2,12.78,12.434,12.718310184885624,2018-02-19,LinearRegression,14,2018
2018-02-06,2018,2,12.77,12.44,12.711525302057593,2018-02-20,LinearRegression,14,2018
2018-02-07,2018,2,12.75,12.42,12.700245975243783,2018-02-21,LinearRegression,14,2018
2018-02-08,2018,2,12.73,12.398,12.70563656972131,2018-02-22,LinearRegression,14,2018
2018-02-09,2018,2,12.71,12.354,12.702894411538335,2018-02-23,LinearRegression,14,2018
2018-02-10,2018,2,12.7,12.34,12.726689537424795,2018-02-24,LinearRegression,14,2018
2018-02-11,2018,2,12.69,12.34,12.727870558709238,2018-02-25,LinearRegression,14,2018
2018-02-12,2018,2,12.69,12.34,12.75365919772098,2018-02-26,LinearRegression,14,2018
2018-02-13,2018,2,12.68,12.36,12.751355838750554,2018-02-27,LinearRegression,14,2018
2018-02-14,2018,2,12.68,12.38,12.78384766002183,2018-02-28,LinearRegression,14,2018
2018-02-15,2018,2,12.668,12.38,12.781657607059934,2018-03-01,LinearRegression,14,2018
2018-02-16,2018,2,12.57,12.38,12.629627862713047,2018-03-02,LinearRegression,14,2018
2018-02-17,2018,2,12.48,12.37,12.60984213733109,2018-03-03,LinearRegression,14,2018
2018-02-18,2018,2,12.4,12.35,12.585333882807005,2018-03-04,LinearRegression,14,2018
2018-02-19,2018,2,12.434,12.35,12.75836202073967,2018-03-05,LinearRegression,14,2018
2018-02-20,2018,2,12.44,12.35,12.71668552830002,2018-03-06,LinearRegression,14,2018
2018-02-21,2018,2,12.42,12.36,12.674307976125677,2018-03-07,LinearRegression,14,2018
2018-02-22,2018,2,12.398,12.372,12.707034638657392,2018-03-08,LinearRegression,14,2018
2018-02-23,2018,2,12.354,12.406,12.693021639326787,2018-03-09,LinearRegression,14,2018
2018-02-24,2018,2,12.34,12.41,12.753606634590515,2018-03-10,LinearRegression,14,2018
2018-02-25,2018,2,12.34,12.446,12.795472594896644,2018-03-11,LinearRegression,14,2018
2018-02-26,2018,2,12.34,12.474,12.809472106727357,2018-03-12,LinearRegression,14,2018
2018-02-27,2018,2,12.36,12.626,12.86232125695012,2018-03-13,LinearRegression,14,2018
2018-02-28,2018,2,12.38,12.664,12.894797288484185,2018-03-14,LinearRegression,14,2018
2018-03-01,2018,3,12.38,12.708,12.900043958471562,2018-03-15,LinearRegression,14,2018
2018-03-02,2018,3,12.38,12.734,12.927769662266808,2018-03-16,LinearRegression,14,2018
2018-03-03,2018,3,12.37,12.738,12.930444461775998,2018-03-17,LinearRegression,14,2018
2018-03-04,2018,3,12.35,12.686,12.92725424638116,2018-03-18,LinearRegression,14,2018
2018-03-05,2018,3,12.35,12.608,12.979265884752841,2018-03-19,LinearRegression,14,2018
2018-03-06,2018,3,12.35,12.518,13.005938409942999,2018-03-20,LinearRegression,14,2018
2018-03-07,2018,3,12.36,12.484,13.042170936452397,2018-03-21,LinearRegression,14,2018
2018-03-08,2018,3,12.372,12.444,13.070212145864446,2018-03-22,LinearRegression,14,2018
2018-03-09,2018,3,12.406,12.442,13.117412718055263,2018-03-23,LinearRegression,14,2018
2018-03-10,2018,3,12.41,12.478,13.109959049273575,2018-03-24,LinearRegression,14,2018
2018-03-11,2018,3,12.446,12.534,13.174618447026205,2018-03-25,LinearRegression,14,2018
2018-03-12,2018,3,12.474,12.63,13.18954978753779,2018-03-26,LinearRegression,14,2018
2018-03-13,2018,3,12.626,12.738,13.34575257979068,2018-03-27,LinearRegression,14,2018
2018-03-14,2018,3,12.664,12.76,13.260224523629248,2018-03-28,LinearRegression,14,2018
2018-03-15,2018,3,12.708,12.73,13.354204398175492,2018-03-29,LinearRegression,14,2018
2018-03-16,2018,3,12.734,12.734,13.380515234229849,2018-03-30,LinearRegression,14,2018
2018-03-17,2018,3,12.738,12.826,13.406656882080773,2018-03-31,LinearRegression,14,2018
2018-03-18,2018,3,12.686,12.95,13.33855674609106,2018-04-01,LinearRegression,14,2018
2018-03-19,2018,3,12.608,13.082,13.326304848772896,2018-04-02,LinearRegression,14,2018
2018-03-20,2018,3,12.518,13.124,13.287216159179687,2018-04-03,LinearRegression,14,2018
2018-03-21,2018,3,12.484,13.13,13.375438533221786,2018-04-04,LinearRegression,14,2018
2018-03-22,2018,3,12.444,13.13,13.36483246662137,2018-04-05,LinearRegression,14,2018
2018-03-23,2018,3,12.442,13.11,13.417039699007534,2018-04-06,LinearRegression,14,2018
2018-03-24,2018,3,12.478,13.084,13.502539651242243,2018-04-07,LinearRegression,14,2018
2018-03-25,2018,3,12.534,13.07,13.590083592862438,2018-04-08,LinearRegression,14,2018
2018-03-26,2018,3,12.63,13.07,13.680098107328917,2018-04-09,LinearRegression,14,2018
2018-03-27,2018,3,12.738,13.08,13.719989657155798,2018-04-10,LinearRegression,14,2018
2018-03-28,2018,3,12.76,13.068,13.684174886916589,2018-04-11,LinearRegression,14,2018
2018-03-29,2018,3,12.73,13.06,13.672229651502978,2018-04-12,LinearRegression,14,2018
2018-03-30,2018,3,12.734,13.088,13.762248864910795,2018-04-13,LinearRegression,14,2018
2018-03-31,2018,3,12.826,13.18,13.893392905771591,2018-04-14,LinearRegression,14,2018
2018-04-01,2018,4,12.95,13.328,13.960577050745634,2018-04-15,LinearRegression,14,2018
2018-04-02,2018,4,13.082,13.422,14.056905260265983,2018-04-16,LinearRegression,14,2018
2018-04-03,2018,4,13.124,13.462,14.036759363858708,2018-04-17,LinearRegression,14,2018
2018-04-04,2018,4,13.13,13.508,14.079551902873568,2018-04-18,LinearRegression,14,2018
2018-04-05,2018,4,13.13,13.58,14.119610883889493,2018-04-19,LinearRegression,14,2018
2018-04-06,2018,4,13.11,13.838,14.13150484278495,2018-04-20,LinearRegression,14,2018
2018-04-07,2018,4,13.084,14.13,14.161998985096186,2018-04-21,LinearRegression,14,2018
2018-04-08,2018,4,13.07,14.334,14.230750866748199,2018-04-22,LinearRegression,14,2018
2018-04-09,2018,4,13.07,14.368,14.287341162718528,2018-04-23,LinearRegression,14,2018
2018-04-10,2018,4,13.08,14.254,14.33017999198848,2018-04-24,LinearRegression,14,2018
2018-04-11,2018,4,13.068,14.12,14.318198911373106,2018-04-25,LinearRegression,14,2018
2018-04-12,2018,4,13.06,14.052,14.350526594830688,2018-04-26,LinearRegression,14,2018
2018-04-13,2018,4,13.088,14.024,14.443352858986813,2018-04-27,LinearRegression,14,2018
2018-04-14,2018,4,13.18,14.032,14.526971769381701,2018-04-28,LinearRegression,14,2018
2018-04-15,2018,4,13.328,14.128,14.612025225910404,2018-04-29,LinearRegression,14,2018
2018-04-16,2018,4,13.422,14.306,14.605235995011219,2018-04-30,LinearRegression,14,2018
2018-04-17,2018,4,13.462,14.402,14.627171528981446,2018-05-01,LinearRegression,14,2018
2018-04-18,2018,4,13.508,14.43,14.693412791725919,2018-05-02,LinearRegression,14,2018
2018-04-19,2018,4,13.58,14.434,14.75438829527252,2018-05-03,LinearRegression,14,2018
2018-04-20,2018,4,13.838,14.296,14.976823171927245,2018-05-04,LinearRegression,14,2018
2018-04-21,2018,4,14.13,14.228,15.090097768260078,2018-05-05,LinearRegression,14,2018
2018-04-22,2018,4,14.334,14.152,15.132611410548469,2018-05-06,LinearRegression,14,2018
2018-04-23,2018,4,14.368,14.14,15.110458366694528,2018-05-07,LinearRegression,14,2018
2018-04-24,2018,4,14.254,14.13,14.982947088797033,2018-05-08,LinearRegression,14,2018
2018-04-25,2018,4,14.12,14.166,14.910997200396269,2018-05-09,LinearRegression,14,2018
2018-04-26,2018,4,14.052,14.218,15.033290516183701,2018-05-10,LinearRegression,14,2018
2018-04-27,2018,4,14.024,14.42,15.172628816770093,2018-05-11,LinearRegression,14,2018
2018-04-28,2018,4,14.032,14.546,15.290602370914522,2018-05-12,LinearRegression,14,2018
2018-04-29,2018,4,14.128,14.56,15.434313548086228,2018-05-13,LinearRegression,14,2018
2018-04-30,2018,4,14.306,14.57,15.646949245548594,2018-05-14,LinearRegression,14,2018
2018-05-01,2018,5,14.402,14.588,15.556817779206956,2018-05-15,LinearRegression,14,2018
2018-05-02,2018,5,14.43,14.712,15.564520723874493,2018-05-16,LinearRegression,14,2018
2018-05-03,2018,5,14.434,14.972,15.60813484431111,2018-05-17,LinearRegression,14,2018
2018-05-04,2018,5,14.296,15.076,15.370856912713373,2018-05-18,LinearRegression,14,2018
2018-05-05,2018,5,14.228,14.988,15.466875319931537,2018-05-19,LinearRegression,14,2018
2018-05-06,2018,5,14.152,14.832,15.471391690944328,2018-05-20,LinearRegression,14,2018
2018-05-07,2018,5,14.14,14.72,15.593398731518159,2018-05-21,LinearRegression,14,2018
2018-05-08,2018,5,14.13,14.664,15.610481062143023,2018-05-22,LinearRegression,14,2018
2018-05-09,2018,5,14.166,14.632,15.666605845112462,2018-05-23,LinearRegression,14,2018
2018-05-10,2018,5,14.218,14.572,15.77713070471982,2018-05-24,LinearRegression,14,2018
2018-05-11,2018,5,14.42,14.564,15.978496489009403,2018-05-25,LinearRegression,14,2018
2018-05-12,2018,5,14.546,14.868,15.914388598204045,2018-05-26,LinearRegression,14,2018
2018-05-13,2018,5,14.56,15.12,15.886723509475038,2018-05-27,LinearRegression,14,2018
2018-05-14,2018,5,14.57,15.4,15.964558267277527,2018-05-28,LinearRegression,14,2018
2018-05-15,2018,5,14.588,15.656,16.01240162049151,2018-05-29,LinearRegression,14,2018
2018-05-16,2018,5,14.712,16.088,16.12366625916676,2018-05-30,LinearRegression,14,2018
2018-05-17,2018,5,14.972,16.376,16.323023142867083,2018-05-31,LinearRegression,14,2018
2018-05-18,2018,5,15.076,16.568,16.26788036577028,2018-06-01,LinearRegression,14,2018
2018-05-19,2018,5,14.988,16.72,16.120226663066326,2018-06-02,LinearRegression,14,2018
2018-05-20,2018,5,14.832,16.856,15.98872091120978,2018-06-03,LinearRegression,14,2018
2018-05-21,2018,5,14.72,16.764,15.994466017259422,2018-06-04,LinearRegression,14,2018
2018-05-22,2018,5,14.664,16.484,16.086824492066274,2018-06-05,LinearRegression,14,2018
2018-05-23,2018,5,14.632,16.262,16.155541309586578,2018-06-06,LinearRegression,14,2018
2018-05-24,2018,5,14.572,16.086,16.09976821096425,2018-06-07,LinearRegression,14,2018
2018-05-25,2018,5,14.564,15.96,16.18654086408064,2018-06-08,LinearRegression,14,2018
2018-05-26,2018,5,14.868,15.844,16.743014088924987,2018-06-09,LinearRegression,14,2018
2018-05-27,2018,5,15.12,15.79,16.61600229715857,2018-06-10,LinearRegression,14,2018
2018-05-28,2018,5,15.4,15.77,16.72100501951529,2018-06-11,LinearRegression,14,2018
2018-05-29,2018,5,15.656,15.77,16.784709369805068,2018-06-12,LinearRegression,14,2018
2018-05-30,2018,5,16.088,15.748,17.028790981386507,2018-06-13,LinearRegression,14,2018
2018-05-31,2018,5,16.376,15.71,16.92951605529531,2018-06-14,LinearRegression,14,2018
2018-06-01,2018,6,16.568,15.86,17.069956422503523,2018-06-15,LinearRegression,14,2018
2018-06-02,2018,6,16.72,16.182,17.227796171111205,2018-06-16,LinearRegression,14,2018
2018-06-03,2018,6,16.856,16.462,17.364717105610197,2018-06-17,LinearRegression,14,2018
2018-06-04,2018,6,16.764,16.95,17.18488198986928,2018-06-18,LinearRegression,14,2018
2018-06-05,2018,6,16.484,17.622,16.931919076922664,2018-06-19,LinearRegression,14,2018
2018-06-06,2018,6,16.262,17.992,16.983381026660958,2018-06-20,LinearRegression,14,2018
2018-06-07,2018,6,16.086,18.072,16.973904990750192,2018-06-21,LinearRegression,14,2018
2018-06-08,2018,6,15.96,18.1,17.00182287618115,2018-06-22,LinearRegression,14,2018
2018-06-09,2018,6,15.844,18.082,16.937126227258442,2018-06-23,LinearRegression,14,2018
2018-06-10,2018,6,15.79,18.018,16.957142542571976,2018-06-24,LinearRegression,14,2018
2018-06-11,2018,6,15.77,17.972,17.073786264086543,2018-06-25,LinearRegression,14,2018
2018-06-12,2018,6,15.77,18.062,17.16335002373696,2018-06-26,LinearRegression,14,2018
2018-06-13,2018,6,15.748,18.046,17.17208871828589,2018-06-27,LinearRegression,14,2018
2018-06-14,2018,6,15.71,17.948,17.161108224327155,2018-06-28,LinearRegression,14,2018
2018-06-15,2018,6,15.86,17.852,17.503054075617243,2018-06-29,LinearRegression,14,2018
2018-06-16,2018,6,16.182,17.804,17.64015934964254,2018-06-30,LinearRegression,14,2018
2018-06-17,2018,6,16.462,17.8,17.620187700314673,2018-07-01,LinearRegression,14,2018
2018-06-18,2018,6,16.95,18.078,17.91842723813843,2018-07-02,LinearRegression,14,2018
2018-06-19,2018,6,17.622,18.436,18.15957155606767,2018-07-03,LinearRegression,14,2018
2018-06-20,2018,6,17.992,18.504,17.963470733057793,2018-07-04,LinearRegression,14,2018
2018-06-21,2018,6,18.072,18.77,17.95655655706405,2018-07-05,LinearRegression,14,2018
2018-06-22,2018,6,18.1,19.164,18.187813832800227,2018-07-06,LinearRegression,14,2018
2018-06-23,2018,6,18.082,19.492,18.249299534489623,2018-07-07,LinearRegression,14,2018
2018-06-24,2018,6,18.018,19.494,18.265805975570878,2018-07-08,LinearRegression,14,2018
2018-06-25,2018,6,17.972,19.474,18.415159287138287,2018-07-09,LinearRegression,14,2018
2018-06-26,2018,6,18.062,19.38,18.7318824665207,2018-07-10,LinearRegression,14,2018
2018-06-27,2018,6,18.046,19.126,18.610746755719333,2018-07-11,LinearRegression,14,2018
2018-06-28,2018,6,17.948,18.892,18.485004703388558,2018-07-12,LinearRegression,14,2018
2018-06-29,2018,6,17.852,18.74,18.436631286963426,2018-07-13,LinearRegression,14,2018
2018-06-30,2018,6,17.804,18.71,18.469234607289373,2018-07-14,LinearRegression,14,2018
2018-07-01,2018,7,17.8,18.734,18.517579189395068,2018-07-15,LinearRegression,14,2018
2018-07-02,2018,7,18.078,18.8,18.977131350625996,2018-07-16,LinearRegression,14,2018
2018-07-03,2018,7,18.436,18.848,18.981096549284445,2018-07-17,LinearRegression,14,2018
2018-07-04,2018,7,18.504,18.832,18.73108543004898,2018-07-18,LinearRegression,14,2018
2018-07-05,2018,7,18.77,18.758,19.03984532206783,2018-07-19,LinearRegression,14,2018
2018-07-06,2018,7,19.164,18.672,19.155084734410035,2018-07-20,LinearRegression,14,2018
2018-07-07,2018,7,19.492,18.564,19.10102244259576,2018-07-21,LinearRegression,14,2018
2018-07-08,2018,7,19.494,18.48,18.988641300482488,2018-07-22,LinearRegression,14,2018
2018-07-09,2018,7,19.474,18.432,19.231674921763204,2018-07-23,LinearRegression,14,2018
2018-07-10,2018,7,19.38,18.416,19.107850737610644,2018-07-24,LinearRegression,14,2018
2018-07-11,2018,7,19.126,18.438,18.7989871189877,2018-07-25,LinearRegression,14,2018
2018-07-12,2018,7,18.892,18.41,18.77646282418514,2018-07-26,LinearRegression,14,2018
2018-07-13,2018,7,18.74,18.4,18.852052129279674,2018-07-27,LinearRegression,14,2018
2018-07-14,2018,7,18.71,18.41,18.96816225722295,2018-07-28,LinearRegression,14,2018
2018-07-15,2018,7,18.734,18.408,18.99635649232911,2018-07-29,LinearRegression,14,2018
2018-07-16,2018,7,18.8,18.39,19.02693664505345,2018-07-30,LinearRegression,14,2018
2018-07-17,2018,7,18.848,18.38,19.08651734736501,2018-07-31,LinearRegression,14,2018
2018-07-18,2018,7,18.832,18.442,19.10183516960389,2018-08-01,LinearRegression,14,2018
2018-07-19,2018,7,18.758,18.652,18.98738658508125,2018-08-02,LinearRegression,14,2018
2018-07-20,2018,7,18.672,18.936,18.908802990661762,2018-08-03,LinearRegression,14,2018
2018-07-21,2018,7,18.564,19.036,18.80666106010237,2018-08-04,LinearRegression,14,2018
2018-07-22,2018,7,18.48,19.112,18.793466589775427,2018-08-05,LinearRegression,14,2018
2018-07-23,2018,7,18.432,19.13,18.80383596769877,2018-08-06,LinearRegression,14,2018
2018-07-24,2018,7,18.416,19.186,18.80826929359091,2018-08-07,LinearRegression,14,2018
2018-07-25,2018,7,18.438,19.216,18.864271194964747,2018-08-08,LinearRegression,14,2018
2018-07-26,2018,7,18.41,19.184,18.78802368421653,2018-08-09,LinearRegression,14,2018
2018-07-27,2018,7,18.4,19.06,18.82646617218433,2018-08-10,LinearRegression,14,2018
2018-07-28,2018,7,18.41,18.906,18.87492852165939,2018-08-11,LinearRegression,14,2018
2018-07-29,2018,7,18.408,18.79,18.86200399268882,2018-08-12,LinearRegression,14,2018
2018-07-30,2018,7,18.39,18.76,18.817979011479583,2018-08-13,LinearRegression,14,2018
2018-07-31,2018,7,18.38,18.762,18.814597221491447,2018-08-14,LinearRegression,14,2018
2018-08-01,2018,8,18.442,18.83,18.91071288487386,2018-08-15,LinearRegression,14,2018
2018-08-02,2018,8,18.652,18.85,19.040984458693384,2018-08-16,LinearRegression,14,2018
2018-08-03,2018,8,18.936,18.848,19.10662815939829,2018-08-17,LinearRegression,14,2018
2018-08-04,2018,8,19.036,18.818,18.960950058608017,2018-08-18,LinearRegression,14,2018
2018-08-05,2018,8,19.112,18.738,19.026211147544707,2018-08-19,LinearRegression,14,2018
2018-08-06,2018,8,19.13,18.656,18.996618414152067,2018-08-20,LinearRegression,14,2018
2018-08-07,2018,8,19.186,18.538,19.045685685656803,2018-08-21,LinearRegression,14,2018
2018-08-08,2018,8,19.216,18.41,19.05082714473244,2018-08-22,LinearRegression,14,2018
2018-08-09,2018,8,19.184,18.294,19.038407155155877,2018-08-23,LinearRegression,14,2018
2018-08-10,2018,8,19.06,18.28,18.8814631876985,2018-08-24,LinearRegression,14,2018
2018-08-11,2018,8,18.906,18.26,18.742744640082602,2018-08-25,LinearRegression,14,2018
2018-08-12,2018,8,18.79,18.26,18.71496697991533,2018-08-26,LinearRegression,14,2018
2018-08-13,2018,8,18.76,18.27,18.800750221408855,2018-08-27,LinearRegression,14,2018
2018-08-14,2018,8,18.762,18.27,18.810981821346235,2018-08-28,LinearRegression,14,2018
2018-08-15,2018,8,18.83,18.29,18.86591390146037,2018-08-29,LinearRegression,14,2018
2018-08-16,2018,8,18.85,18.362,18.81736648277775,2018-08-30,LinearRegression,14,2018
2018-08-17,2018,8,18.848,18.474,18.845477972195066,2018-08-31,LinearRegression,14,2018
2018-08-18,2018,8,18.818,18.63,18.796607518561302,2018-09-01,LinearRegression,14,2018
2018-08-19,2018,8,18.738,18.694,18.66196526965926,2018-09-02,LinearRegression,14,2018
2018-08-20,2018,8,18.656,18.714,18.58698801500339,2018-09-03,LinearRegression,14,2018
2018-08-21,2018,8,18.538,18.854,18.460146075257455,2018-09-04,LinearRegression,14,2018
2018-08-22,2018,8,18.41,18.906,18.34441781086875,2018-09-05,LinearRegression,14,2018
2018-08-23,2018,8,18.294,18.866,18.246229735405468,2018-09-06,LinearRegression,14,2018
2018-08-24,2018,8,18.28,18.85,18.336871066177594,2018-09-07,LinearRegression,14,2018
2018-08-25,2018,8,18.26,18.82,18.30271223308662,2018-09-08,LinearRegression,14,2018
2018-08-26,2018,8,18.26,18.73,18.3063213456314,2018-09-09,LinearRegression,14,2018
2018-08-27,2018,8,18.27,18.642,18.321784257534137,2018-09-10,LinearRegression,14,2018
2018-08-28,2018,8,18.27,18.722,18.319039239042784,2018-09-11,LinearRegression,14,2018
2018-08-29,2018,8,18.29,19.06,18.376351779317464,2018-09-12,LinearRegression,14,2018
2018-08-30,2018,8,18.362,19.256,18.399624578627797,2018-09-13,LinearRegression,14,2018
2018-08-31,2018,8,18.474,19.28,18.41588249991653,2018-09-14,LinearRegression,14,2018
2018-09-01,2018,9,18.63,19.4,18.450402585035363,2018-09-15,LinearRegression,14,2018
2018-09-02,2018,9,18.694,19.504,18.36854879790506,2018-09-16,LinearRegression,14,2018
2018-09-03,2018,9,18.714,19.558,18.357218856313207,2018-09-17,LinearRegression,14,2018
2018-09-04,2018,9,18.854,19.558,18.468813321453524,2018-09-18,LinearRegression,14,2018
2018-09-05,2018,9,18.906,19.586,18.366696096408198,2018-09-19,LinearRegression,14,2018
2018-09-06,2018,9,18.866,19.54,18.28993911086754,2018-09-20,LinearRegression,14,2018
2018-09-07,2018,9,18.85,19.302,18.35453359434284,2018-09-21,LinearRegression,14,2018
2018-09-08,2018,9,18.82,19.098,18.31523518111799,2018-09-22,LinearRegression,14,2018
2018-09-09,2018,9,18.73,18.694,18.17085348954374,2018-09-23,LinearRegression,14,2018
2018-09-10,2018,9,18.642,18.364,18.11106849460309,2018-09-24,LinearRegression,14,2018
2018-09-11,2018,9,18.722,18.082,18.337217939623844,2018-09-25,LinearRegression,14,2018
2018-09-12,2018,9,19.06,17.994,18.628709044466024,2018-09-26,LinearRegression,14,2018
2018-09-13,2018,9,19.256,18.144,18.42333774790551,2018-09-27,LinearRegression,14,2018
2018-09-14,2018,9,19.28,18.276,18.32298984125556,2018-09-28,LinearRegression,14,2018
2018-09-15,2018,9,19.4,18.288,18.46565093107038,2018-09-29,LinearRegression,14,2018
2018-09-16,2018,9,19.504,18.182,18.40613463095145,2018-09-30,LinearRegression,14,2018
2018-09-17,2018,9,19.558,18.054,18.35133786694965,2018-10-01,LinearRegression,14,2018
2018-09-18,2018,9,19.558,17.942,18.400600003107396,2018-10-02,LinearRegression,14,2018
2018-09-19,2018,9,19.586,17.862,18.49511481680733,2018-10-03,LinearRegression,14,2018
2018-09-20,2018,9,19.54,17.782,18.3590079584843,2018-10-04,LinearRegression,14,2018
2018-09-21,2018,9,19.302,17.606,17.98016845929225,2018-10-05,LinearRegression,14,2018
2018-09-22,2018,9,19.098,17.488,17.895410405886082,2018-10-06,LinearRegression,14,2018
2018-09-23,2018,9,18.694,17.344,17.36534868884126,2018-10-07,LinearRegression,14,2018
2018-09-24,2018,9,18.364,17.208,17.20736499304052,2018-10-08,LinearRegression,14,2018
2018-09-25,2018,9,18.082,17.078,17.015088246558552,2018-10-09,LinearRegression,14,2018
2018-09-26,2018,9,17.994,16.894,17.110006254276847,2018-10-10,LinearRegression,14,2018
2018-09-27,2018,9,18.144,16.69,17.460593527563006,2018-10-11,LinearRegression,14,2018
2018-09-28,2018,9,18.276,16.56,17.401154508411373,2018-10-12,LinearRegression,14,2018
2018-09-29,2018,9,18.288,16.41,17.371695890889796,2018-10-13,LinearRegression,14,2018
2018-09-30,2018,9,18.182,16.272,17.301345829124898,2018-10-14,LinearRegression,14,2018
2018-10-01,2018,10,18.054,16.18,17.168338417140763,2018-10-15,LinearRegression,14,2018
2018-10-02,2018,10,17.942,16.074,17.075248171252515,2018-10-16,LinearRegression,14,2018
2018-10-03,2018,10,17.862,15.976,17.04932329276453,2018-10-17,LinearRegression,14,2018
2018-10-04,2018,10,17.782,15.882,16.989149678375533,2018-10-18,LinearRegression,14,2018
2018-10-05,2018,10,17.606,15.872,16.676403294614673,2018-10-19,LinearRegression,14,2018
2018-10-06,2018,10,17.488,15.97,16.663584957375175,2018-10-20,LinearRegression,14,2018
2018-10-07,2018,10,17.344,16.004,16.53623611049816,2018-10-21,LinearRegression,14,2018
2018-10-08,2018,10,17.208,15.892,16.448765987056024,2018-10-22,LinearRegression,14,2018
2018-10-09,2018,10,17.078,15.73,16.338977469034106,2018-10-23,LinearRegression,14,2018
2018-10-10,2018,10,16.894,15.526,16.09521956403672,2018-10-24,LinearRegression,14,2018
2018-10-11,2018,10,16.69,15.402,15.951263555166172,2018-10-25,LinearRegression,14,2018
2018-10-12,2018,10,16.56,15.408,15.942969578210864,2018-10-26,LinearRegression,14,2018
2018-10-13,2018,10,16.41,15.406,15.807629121211358,2018-10-27,LinearRegression,14,2018
2018-10-14,2018,10,16.272,15.262,15.710570117311025,2018-10-28,LinearRegression,14,2018
2018-10-15,2018,10,16.18,15.134,15.678544589983124,2018-10-29,LinearRegression,14,2018
2018-10-16,2018,10,16.074,15.036,15.585070112951028,2018-10-30,LinearRegression,14,2018
2018-10-17,2018,10,15.976,14.956,15.550772449909761,2018-10-31,LinearRegression,14,2018
2018-10-18,2018,10,15.882,14.87,15.474541599699508,2018-11-01,LinearRegression,14,2018
2018-10-19,2018,10,15.872,14.81,15.582030954763116,2018-11-02,LinearRegression,14,2018
2018-10-20,2018,10,15.97,14.724,15.749415807995383,2018-11-03,LinearRegression,14,2018
2018-10-21,2018,10,16.004,14.688,15.658995657670257,2018-11-04,LinearRegression,14,2018
2018-10-22,2018,10,15.892,14.596,15.448615463926114,2018-11-05,LinearRegression,14,2018
2018-10-23,2018,10,15.73,14.514,15.272391371291508,2018-11-06,LinearRegression,14,2018
2018-10-24,2018,10,15.526,14.494,15.035032730142522,2018-11-07,LinearRegression,14,2018
2018-10-25,2018,10,15.402,14.54,15.030151651670243,2018-11-08,LinearRegression,14,2018
2018-10-26,2018,10,15.408,14.51,15.185541871665317,2018-11-09,LinearRegression,14,2018
2018-10-27,2018,10,15.406,14.472,15.109437693880611,2018-11-10,LinearRegression,14,2018
2018-10-28,2018,10,15.262,14.44,14.784521054191167,2018-11-11,LinearRegression,14,2018
2018-10-29,2018,10,15.134,14.47,14.717553699714722,2018-11-12,LinearRegression,14,2018
2018-10-30,2018,10,15.036,14.5,14.746614632608825,2018-11-13,LinearRegression,14,2018
2018-10-31,2018,10,14.956,14.498,14.740241571005496,2018-11-14,LinearRegression,14,2018
2018-11-01,2018,11,14.87,14.406,14.617646043559823,2018-11-15,LinearRegression,14,2018
2018-11-02,2018,11,14.81,14.3,14.533463294972028,2018-11-16,LinearRegression,14,2018
2018-11-03,2018,11,14.724,14.238,14.446083618255079,2018-11-17,LinearRegression,14,2018
2018-11-04,2018,11,14.688,14.186,14.490922157686766,2018-11-18,LinearRegression,14,2018
2018-11-05,2018,11,14.596,14.132,14.345402682696356,2018-11-19,LinearRegression,14,2018
2018-11-06,2018,11,14.514,14.078,14.287843795137947,2018-11-20,LinearRegression,14,2018
2018-11-07,2018,11,14.494,14.056,14.353224298833075,2018-11-21,LinearRegression,14,2018
2018-11-08,2018,11,14.54,14.05,14.427389590052275,2018-11-22,LinearRegression,14,2018
2018-11-09,2018,11,14.51,14.072,14.314214446585765,2018-11-23,LinearRegression,14,2018
2018-11-10,2018,11,14.472,14.15,14.251119479652152,2018-11-24,LinearRegression,14,2018
2018-11-11,2018,11,14.44,14.196,14.240089783721034,2018-11-25,LinearRegression,14,2018
2018-11-12,2018,11,14.47,14.154,14.31948644007236,2018-11-26,LinearRegression,14,2018
2018-11-13,2018,11,14.5,14.044,14.294027763240669,2018-11-27,LinearRegression,14,2018
2018-11-14,2018,11,14.498,13.95,14.240424472666692,2018-11-28,LinearRegression,14,2018
2018-11-15,2018,11,14.406,13.88,14.07120410076317,2018-11-29,LinearRegression,14,2018
2018-11-16,2018,11,14.3,13.84,13.960298689127963,2018-11-30,LinearRegression,14,2018
2018-11-17,2018,11,14.238,13.836,13.949415202284108,2018-12-01,LinearRegression,14,2018
2018-11-18,2018,11,14.186,13.798,13.90677547158675,2018-12-02,LinearRegression,14,2018
2018-11-19,2018,11,14.132,13.746,13.835862605804202,2018-12-03,LinearRegression,14,2018
2018-11-20,2018,11,14.078,13.73,13.742273375436003,2018-12-04,LinearRegression,14,2018
2018-11-21,2018,11,14.056,13.676,13.763754808651301,2018-12-05,LinearRegression,14,2018
2018-11-22,2018,11,14.05,13.63,13.790251558811303,2018-12-06,LinearRegression,14,2018
2018-11-23,2018,11,14.072,13.58,13.820144187211651,2018-12-07,LinearRegression,14,2018
2018-11-24,2018,11,14.15,13.57,13.907897505516154,2018-12-08,LinearRegression,14,2018
2018-11-25,2018,11,14.196,13.522,13.851288111412481,2018-12-09,LinearRegression,14,2018
2018-11-26,2018,11,14.154,13.474,13.715653349109429,2018-12-10,LinearRegression,14,2018
2018-11-27,2018,11,14.044,13.456,13.553475870875124,2018-12-11,LinearRegression,14,2018
2018-11-28,2018,11,13.95,13.418,13.482472255691963,2018-12-12,LinearRegression,14,2018
2018-11-29,2018,11,13.88,13.372,13.453228999935058,2018-12-13,LinearRegression,14,2018
2018-11-30,2018,11,13.84,13.34,13.460048627321507,2018-12-14,LinearRegression,14,2018
2018-12-01,2018,12,13.836,13.312,13.478287559503801,2018-12-15,LinearRegression,14,2018
2018-12-02,2018,12,13.798,13.268,13.373063560438432,2018-12-16,LinearRegression,14,2018
2018-12-03,2018,12,13.746,13.246,13.324144398595124,2018-12-17,LinearRegression,14,2018
2018-12-04,2018,12,13.73,13.21,13.369424635384648,2018-12-18,LinearRegression,14,2018
2018-12-05,2018,12,13.676,13.202,13.28773543397391,2018-12-19,LinearRegression,14,2018
2018-12-06,2018,12,13.63,13.16,13.263519450509255,2018-12-20,LinearRegression,14,2018
2018-12-07,2018,12,13.58,13.15,13.194773792269386,2018-12-21,LinearRegression,14,2018
2018-12-08,2018,12,13.57,13.15,13.229755418679002,2018-12-22,LinearRegression,14,2018
2018-12-09,2018,12,13.522,13.14,13.145478999567878,2018-12-23,LinearRegression,14,2018
2018-12-10,2018,12,13.474,13.14,13.084806701766945,2018-12-24,LinearRegression,14,2018
2018-12-11,2018,12,13.456,13.116,13.111658336555825,2018-12-25,LinearRegression,14,2018
2018-12-12,2018,12,13.418,13.11,13.052514891465886,2018-12-26,LinearRegression,14,2018
2018-12-13,2018,12,13.372,13.11,13.012672584603672,2018-12-27,LinearRegression,14,2018
2018-12-14,2018,12,13.34,13.11,12.983810339401092,2018-12-28,LinearRegression,14,2018
2018-12-15,2018,12,13.312,13.1,12.9681872597044,2018-12-29,LinearRegression,14,2018
2018-12-16,2018,12,13.268,13.08,12.918150987569835,2018-12-30,LinearRegression,14,2018
2018-12-17,2018,12,13.246,13.02,12.913754658999077,2018-12-31,LinearRegression,14,2018
2018-12-18,2018,12,13.21,12.982,12.863653398768237,2019-01-01,LinearRegression,14,2018
2018-12-19,2018,12,13.202,12.934,12.895261698653641,2019-01-02,LinearRegression,14,2018
2018-12-20,2018,12,13.16,12.92,12.813719510282517,2019-01-03,LinearRegression,14,2018
2018-12-21,2018,12,13.15,12.902,12.839297578498087,2019-01-04,LinearRegression,14,2018
2018-12-22,2018,12,13.15,12.88,12.857506042976569,2019-01-05,LinearRegression,14,2018
2018-12-23,2018,12,13.14,12.844,12.826002835848037,2019-01-06,LinearRegression,14,2018
2018-12-24,2018,12,13.14,12.814,12.842407873269842,2019-01-07,LinearRegression,14,2018
2018-12-25,2018,12,13.116,12.786,12.77710383203066,2019-01-08,LinearRegression,14,2018
2018-12-26,2018,12,13.11,12.764,12.807560724040139,2019-01-09,LinearRegression,14,2018
2018-12-27,2018,12,13.11,12.736,12.81169468653668,2019-01-10,LinearRegression,14,2018
2018-12-28,2018,12,13.11,12.72,12.800195659232589,2019-01-11,LinearRegression,14,2018
2018-12-29,2018,12,13.1,12.704,12.775426594421615,2019-01-12,LinearRegression,14,2018
2018-12-30,2018,12,13.08,12.676,12.736249638361128,2019-01-13,LinearRegression,14,2018
2018-12-31,2018,12,13.02,12.654,12.65460310079783,2019-01-14,LinearRegression,14,2018
2019-01-01,2019,1,12.982,12.636,12.636955917247946,2019-01-15,LinearRegression,14,2019
2019-01-02,2019,1,12.934,12.604,12.590221144762683,2019-01-16,LinearRegression,14,2019
2019-01-03,2019,1,12.92,12.594,12.615637944689102,2019-01-17,LinearRegression,14,2019
2019-01-04,2019,1,12.902,12.574,12.593101497854732,2019-01-18,LinearRegression,14,2019
2019-01-05,2019,1,12.88,12.57,12.555505604091904,2019-01-19,LinearRegression,14,2019
2019-01-06,2019,1,12.844,12.542,12.524007597711735,2019-01-20,LinearRegression,14,2019
2019-01-07,2019,1,12.814,12.504,12.511208076645387,2019-01-21,LinearRegression,14,2019
2019-01-08,2019,1,12.786,12.486,12.516570218769612,2019-01-22,LinearRegression,14,2019
2019-01-09,2019,1,12.764,12.456,12.505766423322987,2019-01-23,LinearRegression,14,2019
2019-01-10,2019,1,12.736,12.436,12.477349644895632,2019-01-24,LinearRegression,14,2019
2019-01-11,2019,1,12.72,12.408,12.480346978779941,2019-01-25,LinearRegression,14,2019
2019-01-12,2019,1,12.704,12.364,12.480252865761505,2019-01-26,LinearRegression,14,2019
2019-01-13,2019,1,12.676,12.352,12.448071249827962,2019-01-27,LinearRegression,14,2019
2019-01-14,2019,1,12.654,12.35,12.446407884274779,2019-01-28,LinearRegression,14,2019
2019-01-15,2019,1,12.636,12.344,12.445158022743259,2019-01-29,LinearRegression,14,2019
2019-01-16,2019,1,12.604,12.326,12.415054581259078,2019-01-30,LinearRegression,14,2019
2019-01-17,2019,1,12.594,12.32,12.439799216703928,2019-01-31,LinearRegression,14,2019
2019-01-18,2019,1,12.574,12.304,12.417450873384128,2019-02-01,LinearRegression,14,2019
2019-01-19,2019,1,12.57,12.276,12.445927716801386,2019-02-02,LinearRegression,14,2019
2019-01-20,2019,1,12.542,12.264,12.400828220139083,2019-02-03,LinearRegression,14,2019
2019-01-21,2019,1,12.504,12.26,12.360860601455565,2019-02-04,LinearRegression,14,2019
2019-01-22,2019,1,12.486,12.246,12.396861244614968,2019-02-05,LinearRegression,14,2019
2019-01-23,2019,1,12.456,12.234,12.366339749211681,2019-02-06,LinearRegression,14,2019
2019-01-24,2019,1,12.436,12.228,12.3770085113947,2019-02-07,LinearRegression,14,2019
2019-01-25,2019,1,12.408,12.21,12.342581093320392,2019-02-08,LinearRegression,14,2019
2019-01-26,2019,1,12.364,12.208,12.298826869955478,2019-02-09,LinearRegression,14,2019
2019-01-27,2019,1,12.352,12.186,12.354567336102393,2019-02-10,LinearRegression,14,2019
2019-01-28,2019,1,12.35,12.174,12.379230884975124,2019-02-11,LinearRegression,14,2019
2019-01-29,2019,1,12.344,12.166,12.385182284231933,2019-02-12,LinearRegression,14,2019
2019-01-30,2019,1,12.326,12.15,12.358044007032369,2019-02-13,LinearRegression,14,2019
2019-01-31,2019,1,12.32,12.146,12.379249575166634,2019-02-14,LinearRegression,14,2019
2019-02-01,2019,2,12.304,12.142,12.385449686223959,2019-02-15,LinearRegression,14,2019
2019-02-02,2019,2,12.276,12.13,12.36066676386274,2019-02-16,LinearRegression,14,2019
2019-02-03,2019,2,12.264,12.12,12.381276853768698,2019-02-17,LinearRegression,14,2019
2019-02-04,2019,2,12.26,12.12,12.402547351101047,2019-02-18,LinearRegression,14,2019
2019-02-05,2019,2,12.246,12.12,12.396882832053551,2019-02-19,LinearRegression,14,2019
2019-02-06,2019,2,12.234,12.156,12.395144353600056,2019-02-20,LinearRegression,14,2019
2019-02-07,2019,2,12.228,12.17,12.41264083526203,2019-02-21,LinearRegression,14,2019
2019-02-08,2019,2,12.21,12.156,12.407916771847109,2019-02-22,LinearRegression,14,2019
2019-02-09,2019,2,12.208,12.14,12.44258322884441,2019-02-23,LinearRegression,14,2019
2019-02-10,2019,2,12.186,12.144,12.41147204825413,2019-02-24,LinearRegression,14,2019
2019-02-11,2019,2,12.174,12.144,12.432512097341759,2019-02-25,LinearRegression,14,2019
2019-02-12,2019,2,12.166,12.162,12.452625709370139,2019-02-26,LinearRegression,14,2019
2019-02-13,2019,2,12.15,12.212,12.442029403556793,2019-02-27,LinearRegression,14,2019
2019-02-14,2019,2,12.146,12.286,12.477449604199249,2019-02-28,LinearRegression,14,2019
2019-02-15,2019,2,12.142,12.31,12.484716828424828,2019-03-01,LinearRegression,14,2019
2019-02-16,2019,2,12.13,12.28,12.48810894802486,2019-03-02,LinearRegression,14,2019
2019-02-17,2019,2,12.12,12.26,12.500341793489035,2019-03-03,LinearRegression,14,2019
2019-02-18,2019,2,12.12,12.26,12.53106399203138,2019-03-04,LinearRegression,14,2019
2019-02-19,2019,2,12.12,12.27,12.557544544273878,2019-03-05,LinearRegression,14,2019
2019-02-20,2019,2,12.156,12.38,12.615576659270143,2019-03-06,LinearRegression,14,2019
2019-02-21,2019,2,12.17,12.5,12.605177352591879,2019-03-07,LinearRegression,14,2019
2019-02-22,2019,2,12.156,12.6,12.596327759981973,2019-03-08,LinearRegression,14,2019
2019-02-23,2019,2,12.14,12.66,12.605197785900497,2019-03-09,LinearRegression,14,2019
2019-02-24,2019,2,12.144,12.69,12.649528993286674,2019-03-10,LinearRegression,14,2019
2019-02-25,2019,2,12.144,12.65,12.66496823764796,2019-03-11,LinearRegression,14,2019
2019-02-26,2019,2,12.162,12.6,12.715522536046798,2019-03-12,LinearRegression,14,2019
2019-02-27,2019,2,12.212,12.57,12.764302017758519,2019-03-13,LinearRegression,14,2019
2019-02-28,2019,2,12.286,12.56,12.804498370172402,2019-03-14,LinearRegression,14,2019
2019-03-01,2019,3,12.31,12.56,12.791000479229382,2019-03-15,LinearRegression,14,2019
2019-03-02,2019,3,12.28,12.55,12.764601201843272,2019-03-16,LinearRegression,14,2019
2019-03-03,2019,3,12.26,12.53,12.787147216953135,2019-03-17,LinearRegression,14,2019
2019-03-04,2019,3,12.26,12.51,12.83828613232766,2019-03-18,LinearRegression,14,2019
2019-03-05,2019,3,12.27,12.47,12.890920982345472,2019-03-19,LinearRegression,14,2019
2019-03-06,2019,3,12.38,12.44,13.034858231489475,2019-03-20,LinearRegression,14,2019
2019-03-07,2019,3,12.5,12.42,13.056360140772606,2019-03-21,LinearRegression,14,2019
2019-03-08,2019,3,12.6,12.42,13.083748740860948,2019-03-22,LinearRegression,14,2019
2019-03-09,2019,3,12.66,12.414,13.10435061305277,2019-03-23,LinearRegression,14,2019
2019-03-10,2019,3,12.69,12.502,13.130486233438875,2019-03-24,LinearRegression,14,2019
2019-03-11,2019,3,12.65,12.648,13.078518368437896,2019-03-25,LinearRegression,14,2019
2019-03-12,2019,3,12.6,12.748,13.088735139878988,2019-03-26,LinearRegression,14,2019
2019-03-13,2019,3,12.57,12.808,13.166118735947027,2019-03-27,LinearRegression,14,2019
2019-03-14,2019,3,12.56,12.81,13.247502629070611,2019-03-28,LinearRegression,14,2019
2019-03-15,2019,3,12.56,12.814,13.298889017445621,2019-03-29,LinearRegression,14,2019
2019-03-16,2019,3,12.55,12.842,13.296197486465537,2019-03-30,LinearRegression,14,2019
2019-03-17,2019,3,12.53,12.796,13.296701247883954,2019-03-31,LinearRegression,14,2019
2019-03-18,2019,3,12.51,12.79,13.320780820261238,2019-04-01,LinearRegression,14,2019
2019-03-19,2019,3,12.47,12.836,13.303461177938592,2019-04-02,LinearRegression,14,2019
2019-03-20,2019,3,12.44,12.878,13.322415560022943,2019-04-03,LinearRegression,14,2019
2019-03-21,2019,3,12.42,12.946,13.343620492103208,2019-04-04,LinearRegression,14,2019
2019-03-22,2019,3,12.42,12.988,13.395654142450155,2019-04-05,LinearRegression,14,2019
2019-03-23,2019,3,12.414,12.99,13.411465721077098,2019-04-06,LinearRegression,14,2019
2019-03-24,2019,3,12.502,13.034,13.56197252320131,2019-04-07,LinearRegression,14,2019
2019-03-25,2019,3,12.648,13.046,13.61236818048514,2019-04-08,LinearRegression,14,2019
2019-03-26,2019,3,12.748,13.158,13.603331190467081,2019-04-09,LinearRegression,14,2019
2019-03-27,2019,3,12.808,13.33,13.634548910415392,2019-04-10,LinearRegression,14,2019
2019-03-28,2019,3,12.81,13.458,13.646240947657645,2019-04-11,LinearRegression,14,2019
2019-03-29,2019,3,12.814,13.464,13.698965348438009,2019-04-12,LinearRegression,14,2019
2019-03-30,2019,3,12.842,13.394,13.762101166453172,2019-04-13,LinearRegression,14,2019
2019-03-31,2019,3,12.796,13.32,13.72425377049564,2019-04-14,LinearRegression,14,2019
2019-04-01,2019,4,12.79,13.294,13.829726417849193,2019-04-15,LinearRegression,14,2019
2019-04-02,2019,4,12.836,13.292,13.959478210143947,2019-04-16,LinearRegression,14,2019
2019-04-03,2019,4,12.878,13.348,13.977717391830891,2019-04-17,LinearRegression,14,2019
2019-04-04,2019,4,12.946,13.352,14.031108754225025,2019-04-18,LinearRegression,14,2019
2019-04-05,2019,4,12.988,13.362,14.037818906064649,2019-04-19,LinearRegression,14,2019
2019-04-06,2019,4,12.99,13.4,14.060006340029592,2019-04-20,LinearRegression,14,2019
2019-04-07,2019,4,13.034,13.462,14.12871085797737,2019-04-21,LinearRegression,14,2019
2019-04-08,2019,4,13.046,13.514,14.138111529568137,2019-04-22,LinearRegression,14,2019
2019-04-09,2019,4,13.158,13.54,14.263698679440168,2019-04-23,LinearRegression,14,2019
2019-04-10,2019,4,13.33,13.562,14.36230487152525,2019-04-24,LinearRegression,14,2019
2019-04-11,2019,4,13.458,13.628,14.39009822928493,2019-04-25,LinearRegression,14,2019
2019-04-12,2019,4,13.464,13.786,14.367535163384622,2019-04-26,LinearRegression,14,2019
2019-04-13,2019,4,13.394,13.992,14.331480632635806,2019-04-27,LinearRegression,14,2019
2019-04-14,2019,4,13.32,13.92,14.309714622732733,2019-04-28,LinearRegression,14,2019
2019-04-15,2019,4,13.294,13.904,14.415484646850821,2019-04-29,LinearRegression,14,2019
2019-04-16,2019,4,13.292,13.862,14.54090340882441,2019-04-30,LinearRegression,14,2019
2019-04-17,2019,4,13.348,13.824,14.652922096445689,2019-05-01,LinearRegression,14,2019
2019-04-18,2019,4,13.352,13.908,14.604523908294142,2019-05-02,LinearRegression,14,2019
2019-04-19,2019,4,13.362,14.162,14.680930720250453,2019-05-03,LinearRegression,14,2019
2019-04-20,2019,4,13.4,14.46,14.739974070292511,2019-05-04,LinearRegression,14,2019
2019-04-21,2019,4,13.462,14.72,14.777495503823427,2019-05-05,LinearRegression,14,2019
2019-04-22,2019,4,13.514,15.0,14.793718651994421,2019-05-06,LinearRegression,14,2019
2019-04-23,2019,4,13.54,15.5,14.836559296235658,2019-05-07,LinearRegression,14,2019
2019-04-24,2019,4,13.562,15.932,14.88208546663866,2019-05-08,LinearRegression,14,2019
2019-04-25,2019,4,13.628,16.124,14.946734042644254,2019-05-09,LinearRegression,14,2019
2019-04-26,2019,4,13.786,16.268,15.05178239388404,2019-05-10,LinearRegression,14,2019
2019-04-27,2019,4,13.992,16.364,15.145336370825312,2019-05-11,LinearRegression,14,2019
2019-04-28,2019,4,13.92,16.478,14.931680327354456,2019-05-12,LinearRegression,14,2019
2019-04-29,2019,4,13.904,16.496,15.080356291582504,2019-05-13,LinearRegression,14,2019
2019-04-30,2019,4,13.862,16.356,15.074514652481135,2019-05-14,LinearRegression,14,2019
2019-05-01,2019,5,13.824,16.252,15.093028040960382,2019-05-15,LinearRegression,14,2019
2019-05-02,2019,5,13.908,16.37,15.347470941970467,2019-05-16,LinearRegression,14,2019
2019-05-03,2019,5,14.162,16.72,15.544673772541989,2019-05-17,LinearRegression,14,2019
2019-05-04,2019,5,14.46,17.118,15.609273604521974,2019-05-18,LinearRegression,14,2019
2019-05-05,2019,5,14.72,17.306,15.637421132824636,2019-05-19,LinearRegression,14,2019
2019-05-06,2019,5,15.0,17.172,15.74898221356925,2019-05-20,LinearRegression,14,2019
2019-05-07,2019,5,15.5,16.902,15.986424421954077,2019-05-21,LinearRegression,14,2019
2019-05-08,2019,5,15.932,16.704,15.988428376696763,2019-05-22,LinearRegression,14,2019
2019-05-09,2019,5,16.124,16.56,16.02398530548942,2019-05-23,LinearRegression,14,2019
2019-05-10,2019,5,16.268,16.438,16.2811059291558,2019-05-24,LinearRegression,14,2019
2019-05-11,2019,5,16.364,16.476,16.434368174293184,2019-05-25,LinearRegression,14,2019
2019-05-12,2019,5,16.478,16.62,16.588229400452413,2019-05-26,LinearRegression,14,2019
2019-05-13,2019,5,16.496,16.742,16.70387602629749,2019-05-27,LinearRegression,14,2019
2019-05-14,2019,5,16.356,16.706,16.65605174719302,2019-05-28,LinearRegression,14,2019
2019-05-15,2019,5,16.252,16.64,16.757012869021416,2019-05-29,LinearRegression,14,2019
2019-05-16,2019,5,16.37,16.544,17.16112115446611,2019-05-30,LinearRegression,14,2019
2019-05-17,2019,5,16.72,16.56,17.399670478570005,2019-05-31,LinearRegression,14,2019
2019-05-18,2019,5,17.118,16.58,17.42479999300244,2019-06-01,LinearRegression,14,2019
2019-05-19,2019,5,17.306,16.576,17.331302757799406,2019-06-02,LinearRegression,14,2019
2019-05-20,2019,5,17.172,16.548,17.11768050188904,2019-06-03,LinearRegression,14,2019
2019-05-21,2019,5,16.902,16.422,16.839897899261853,2019-06-04,LinearRegression,14,2019
2019-05-22,2019,5,16.704,16.222,16.866464410241523,2019-06-05,LinearRegression,14,2019
2019-05-23,2019,5,16.56,16.152,17.00380115239285,2019-06-06,LinearRegression,14,2019
2019-05-24,2019,5,16.438,16.03,17.00402909440196,2019-06-07,LinearRegression,14,2019
2019-05-25,2019,5,16.476,15.9,17.246534091315446,2019-06-08,LinearRegression,14,2019
2019-05-26,2019,5,16.62,15.832,17.40368051739263,2019-06-09,LinearRegression,14,2019
2019-05-27,2019,5,16.742,15.784,17.50377997482466,2019-06-10,LinearRegression,14,2019
2019-05-28,2019,5,16.706,15.89,17.415794689186324,2019-06-11,LinearRegression,14,2019
2019-05-29,2019,5,16.64,15.942,17.358772306783123,2019-06-12,LinearRegression,14,2019
2019-05-30,2019,5,16.544,15.982,17.29608583274228,2019-06-13,LinearRegression,14,2019
2019-05-31,2019,5,16.56,16.136,17.457777786822874,2019-06-14,LinearRegression,14,2019
2019-06-01,2019,6,16.58,16.408,17.52264098607944,2019-06-15,LinearRegression,14,2019
2019-06-02,2019,6,16.576,16.744,17.515810377609736,2019-06-16,LinearRegression,14,2019
2019-06-03,2019,6,16.548,16.956,17.500938851112842,2019-06-17,LinearRegression,14,2019
2019-06-04,2019,6,16.422,16.99,17.30336424168257,2019-06-18,LinearRegression,14,2019
2019-06-05,2019,6,16.222,17.012,17.118638386940678,2019-06-19,LinearRegression,14,2019
2019-06-06,2019,6,16.152,17.15,17.25873028113501,2019-06-20,LinearRegression,14,2019
2019-06-07,2019,6,16.03,17.032,17.134293668454927,2019-06-21,LinearRegression,14,2019
2019-06-08,2019,6,15.9,17.266,17.00398445204647,2019-06-22,LinearRegression,14,2019
2019-06-09,2019,6,15.832,17.604,17.013383632720025,2019-06-23,LinearRegression,14,2019
2019-06-10,2019,6,15.784,17.718,17.039746716349676,2019-06-24,LinearRegression,14,2019
2019-06-11,2019,6,15.89,17.672,17.329142099066623,2019-06-25,LinearRegression,14,2019
2019-06-12,2019,6,15.942,17.522,17.254035778857457,2019-06-26,LinearRegression,14,2019
2019-06-13,2019,6,15.982,17.914,17.323627140424374,2019-06-27,LinearRegression,14,2019
2019-06-14,2019,6,16.136,18.242,17.44096293509482,2019-06-28,LinearRegression,14,2019
2019-06-15,2019,6,16.408,18.308,17.53717704550752,2019-06-29,LinearRegression,14,2019
2019-06-16,2019,6,16.744,18.404,17.611279444162484,2019-06-30,LinearRegression,14,2019
2019-06-17,2019,6,16.956,18.428,17.609083706612054,2019-07-01,LinearRegression,14,2019
2019-06-18,2019,6,16.99,18.54,17.60517843840171,2019-07-02,LinearRegression,14,2019
2019-06-19,2019,6,17.012,18.66,17.712280605736147,2019-07-03,LinearRegression,14,2019
2019-06-20,2019,6,17.15,18.656,17.85357368935136,2019-07-04,LinearRegression,14,2019
2019-06-21,2019,6,17.032,18.486,17.612399752026356,2019-07-05,LinearRegression,14,2019
2019-06-22,2019,6,17.266,18.284,18.159410867566276,2019-07-06,LinearRegression,14,2019
2019-06-23,2019,6,17.604,18.162,18.319281561946788,2019-07-07,LinearRegression,14,2019
2019-06-24,2019,6,17.718,18.224,18.193481541803223,2019-07-08,LinearRegression,14,2019
2019-06-25,2019,6,17.672,18.354,18.158953503350233,2019-07-09,LinearRegression,14,2019
2019-06-26,2019,6,17.522,18.658,17.96899067423436,2019-07-10,LinearRegression,14,2019
2019-06-27,2019,6,17.914,18.998,18.628142498120543,2019-07-11,LinearRegression,14,2019
2019-06-28,2019,6,18.242,19.434,18.524879414923333,2019-07-12,LinearRegression,14,2019
2019-06-29,2019,6,18.308,19.956,18.488843893301144,2019-07-13,LinearRegression,14,2019
2019-06-30,2019,6,18.404,20.352,18.658382239393134,2019-07-14,LinearRegression,14,2019
2019-07-01,2019,7,18.428,20.718,18.651217627403373,2019-07-15,LinearRegression,14,2019
2019-07-02,2019,7,18.54,20.918,18.75021111551312,2019-07-16,LinearRegression,14,2019
2019-07-03,2019,7,18.66,21.108,18.821430522808956,2019-07-17,LinearRegression,14,2019
2019-07-04,2019,7,18.656,21.156,18.87648310416747,2019-07-18,LinearRegression,14,2019
2019-07-05,2019,7,18.486,21.07,18.666532530192413,2019-07-19,LinearRegression,14,2019
2019-07-06,2019,7,18.284,20.834,18.52423964999196,2019-07-20,LinearRegression,14,2019
2019-07-07,2019,7,18.162,20.548,18.569884507454425,2019-07-21,LinearRegression,14,2019
2019-07-08,2019,7,18.224,20.16,18.85942285154322,2019-07-22,LinearRegression,14,2019
2019-07-09,2019,7,18.354,19.898,18.946552928294732,2019-07-23,LinearRegression,14,2019
2019-07-10,2019,7,18.658,19.872,19.200844457074595,2019-07-24,LinearRegression,14,2019
2019-07-11,2019,7,18.998,19.988,19.147219648535273,2019-07-25,LinearRegression,14,2019
2019-07-12,2019,7,19.434,20.028,19.268455025030374,2019-07-26,LinearRegression,14,2019
2019-07-13,2019,7,19.956,19.842,19.389444481957433,2019-07-27,LinearRegression,14,2019
2019-07-14,2019,7,20.352,19.682,19.366123096258924,2019-07-28,LinearRegression,14,2019
2019-07-15,2019,7,20.718,19.574,19.505034522013542,2019-07-29,LinearRegression,14,2019
2019-07-16,2019,7,20.918,19.458,19.57634806077648,2019-07-30,LinearRegression,14,2019
2019-07-17,2019,7,21.108,19.27,19.79338411394693,2019-07-31,LinearRegression,14,2019
2019-07-18,2019,7,21.156,19.074,19.88240584970396,2019-08-01,LinearRegression,14,2019
2019-07-19,2019,7,21.07,18.96,19.94392645449898,2019-08-02,LinearRegression,14,2019
2019-07-20,2019,7,20.834,18.936,19.76875573133663,2019-08-03,LinearRegression,14,2019
2019-07-21,2019,7,20.548,18.932,19.660808007522625,2019-08-04,LinearRegression,14,2019
2019-07-22,2019,7,20.16,18.924,19.298034726654187,2019-08-05,LinearRegression,14,2019
2019-07-23,2019,7,19.898,18.916,19.31149909966566,2019-08-06,LinearRegression,14,2019
2019-07-24,2019,7,19.872,18.872,19.608598415639683,2019-08-07,LinearRegression,14,2019
2019-07-25,2019,7,19.988,18.832,19.767802563973937,2019-08-08,LinearRegression,14,2019
2019-07-26,2019,7,20.028,18.76,19.6629271687244,2019-08-09,LinearRegression,14,2019
2019-07-27,2019,7,19.842,18.718,19.327840317939685,2019-08-10,LinearRegression,14,2019
2019-07-28,2019,7,19.682,18.65,19.33061653849291,2019-08-11,LinearRegression,14,2019
2019-07-29,2019,7,19.574,18.512,19.36962097738171,2019-08-12,LinearRegression,14,2019
2019-07-30,2019,7,19.458,18.456,19.265522141910502,2019-08-13,LinearRegression,14,2019
2019-07-31,2019,7,19.27,18.366,19.01099632517509,2019-08-14,LinearRegression,14,2019
2019-08-01,2019,8,19.074,18.306,18.78960065472941,2019-08-15,LinearRegression,14,2019
2019-08-02,2019,8,18.96,18.292,18.882696871470195,2019-08-16,LinearRegression,14,2019
2019-08-03,2019,8,18.936,18.188,19.03399749808827,2019-08-17,LinearRegression,14,2019
2019-08-04,2019,8,18.932,18.132,19.054577028917695,2019-08-18,LinearRegression,14,2019
2019-08-05,2019,8,18.924,18.138,19.012934473575687,2019-08-19,LinearRegression,14,2019
2019-08-06,2019,8,18.916,18.108,19.019966024989486,2019-08-20,LinearRegression,14,2019
2019-08-07,2019,8,18.872,18.036,18.969805752554585,2019-08-21,LinearRegression,14,2019
2019-08-08,2019,8,18.832,17.972,18.96880941134837,2019-08-22,LinearRegression,14,2019
2019-08-09,2019,8,18.76,17.832,18.870977789890972,2019-08-23,LinearRegression,14,2019
2019-08-10,2019,8,18.718,17.728,18.863492607551937,2019-08-24,LinearRegression,14,2019
2019-08-11,2019,8,18.65,17.62,18.768318477250872,2019-08-25,LinearRegression,14,2019
2019-08-12,2019,8,18.512,17.682,18.54192433966834,2019-08-26,LinearRegression,14,2019
2019-08-13,2019,8,18.456,17.58,18.60508680985389,2019-08-27,LinearRegression,14,2019
2019-08-14,2019,8,18.366,17.418,18.492404608529622,2019-08-28,LinearRegression,14,2019
2019-08-15,2019,8,18.306,17.314,18.487411633960402,2019-08-29,LinearRegression,14,2019
2019-08-16,2019,8,18.292,17.15,18.515662079885235,2019-08-30,LinearRegression,14,2019
2019-08-17,2019,8,18.188,16.992,18.289449334422365,2019-08-31,LinearRegression,14,2019
2019-08-18,2019,8,18.132,16.926,18.336315814353032,2019-09-01,LinearRegression,14,2019
2019-08-19,2019,8,18.138,16.916,18.410046131392303,2019-09-02,LinearRegression,14,2019
2019-08-20,2019,8,18.108,16.888,18.3611978459119,2019-09-03,LinearRegression,14,2019
2019-08-21,2019,8,18.036,16.816,18.233417874698304,2019-09-04,LinearRegression,14,2019
2019-08-22,2019,8,17.972,16.794,18.145432520553026,2019-09-05,LinearRegression,14,2019
2019-08-23,2019,8,17.832,16.848,17.981090087736966,2019-09-06,LinearRegression,14,2019
2019-08-24,2019,8,17.728,16.85,17.954458910762245,2019-09-07,LinearRegression,14,2019
2019-08-25,2019,8,17.62,16.852,17.842402379896857,2019-09-08,LinearRegression,14,2019
2019-08-26,2019,8,17.682,16.93,18.047305699045854,2019-09-09,LinearRegression,14,2019
2019-08-27,2019,8,17.58,16.982,17.789593890580864,2019-09-10,LinearRegression,14,2019
2019-08-28,2019,8,17.418,17.002,17.52362845352004,2019-09-11,LinearRegression,14,2019
2019-08-29,2019,8,17.314,17.028,17.557392692555474,2019-09-12,LinearRegression,14,2019
2019-08-30,2019,8,17.15,17.14,17.388123474155172,2019-09-13,LinearRegression,14,2019
2019-08-31,2019,8,16.992,17.408,17.262750360558055,2019-09-14,LinearRegression,14,2019
2019-09-01,2019,9,16.926,17.814,17.28062762303528,2019-09-15,LinearRegression,14,2019
2019-09-02,2019,9,16.916,18.138,17.356703218701995,2019-09-16,LinearRegression,14,2019
2019-09-03,2019,9,16.888,18.27,17.330804580681264,2019-09-17,LinearRegression,14,2019
2019-09-04,2019,9,16.816,18.372,17.164375308432003,2019-09-18,LinearRegression,14,2019
2019-09-05,2019,9,16.794,18.598,17.221108735357248,2019-09-19,LinearRegression,14,2019
2019-09-06,2019,9,16.848,18.67,17.36415368638655,2019-09-20,LinearRegression,14,2019
2019-09-07,2019,9,16.85,18.716,17.292772828169404,2019-09-21,LinearRegression,14,2019
2019-09-08,2019,9,16.852,18.778,17.269704980246807,2019-09-22,LinearRegression,14,2019
2019-09-09,2019,9,16.93,18.808,17.334964236937566,2019-09-23,LinearRegression,14,2019
2019-09-10,2019,9,16.982,18.73,17.276702420007734,2019-09-24,LinearRegression,14,2019
2019-09-11,2019,9,17.002,18.614,17.240946896276828,2019-09-25,LinearRegression,14,2019
2019-09-12,2019,9,17.028,18.608,17.26146914515065,2019-09-26,LinearRegression,14,2019
2019-09-13,2019,9,17.14,18.7,17.308845353330625,2019-09-27,LinearRegression,14,2019
2019-09-14,2019,9,17.408,18.646,17.401661155993366,2019-09-28,LinearRegression,14,2019
2019-09-15,2019,9,17.814,18.524,17.530889330301623,2019-09-29,LinearRegression,14,2019
2019-09-16,2019,9,18.138,18.51,17.505072419898166,2019-09-30,LinearRegression,14,2019
2019-09-17,2019,9,18.27,18.632,17.437976549791337,2019-10-01,LinearRegression,14,2019
2019-09-18,2019,9,18.372,18.482,17.50806939392901,2019-10-02,LinearRegression,14,2019
2019-09-19,2019,9,18.598,18.24,17.631159982559026,2019-10-03,LinearRegression,14,2019
2019-09-20,2019,9,18.67,18.024,17.554116516732822,2019-10-04,LinearRegression,14,2019
2019-09-21,2019,9,18.716,17.814,17.714255183773133,2019-10-05,LinearRegression,14,2019
2019-09-22,2019,9,18.778,17.632,17.86722982893167,2019-10-06,LinearRegression,14,2019
2019-09-23,2019,9,18.808,17.446,17.891032484785466,2019-10-07,LinearRegression,14,2019
2019-09-24,2019,9,18.73,17.32,17.750879130104995,2019-10-08,LinearRegression,14,2019
2019-09-25,2019,9,18.614,17.244,17.691491712685863,2019-10-09,LinearRegression,14,2019
2019-09-26,2019,9,18.608,17.192,17.827432551273706,2019-10-10,LinearRegression,14,2019
2019-09-27,2019,9,18.7,17.094,17.95670827395945,2019-10-11,LinearRegression,14,2019
2019-09-28,2019,9,18.646,16.95,17.743559113684654,2019-10-12,LinearRegression,14,2019
2019-09-29,2019,9,18.524,16.83,17.529936552636173,2019-10-13,LinearRegression,14,2019
2019-09-30,2019,9,18.51,16.81,17.666606003041423,2019-10-14,LinearRegression,14,2019
2019-10-01,2019,10,18.632,16.852,17.840867275411885,2019-10-15,LinearRegression,14,2019
2019-10-02,2019,10,18.482,16.874,17.424906670536718,2019-10-16,LinearRegression,14,2019
2019-10-03,2019,10,18.24,16.826,17.069808173312573,2019-10-17,LinearRegression,14,2019
2019-10-04,2019,10,18.024,16.66,16.963739678817856,2019-10-18,LinearRegression,14,2019
2019-10-05,2019,10,17.814,16.422,16.806859148656688,2019-10-19,LinearRegression,14,2019
2019-10-06,2019,10,17.632,16.202,16.678384469059857,2019-10-20,LinearRegression,14,2019
2019-10-07,2019,10,17.446,16.042,16.462672328064848,2019-10-21,LinearRegression,14,2019
2019-10-08,2019,10,17.32,15.882,16.43606112130849,2019-10-22,LinearRegression,14,2019
2019-10-09,2019,10,17.244,15.73,16.48069268779237,2019-10-23,LinearRegression,14,2019
2019-10-10,2019,10,17.192,15.62,16.479036185576494,2019-10-24,LinearRegression,14,2019
2019-10-11,2019,10,17.094,15.532,16.34247703869041,2019-10-25,LinearRegression,14,2019
2019-10-12,2019,10,16.95,15.518,16.156894808586493,2019-10-26,LinearRegression,14,2019
2019-10-13,2019,10,16.83,15.466,16.12981637963441,2019-10-27,LinearRegression,14,2019
2019-10-14,2019,10,16.81,15.538,16.27210761622709,2019-10-28,LinearRegression,14,2019
2019-10-15,2019,10,16.852,15.614,16.35186590074394,2019-10-29,LinearRegression,14,2019
2019-10-16,2019,10,16.874,15.676,16.27383893290624,2019-10-30,LinearRegression,14,2019
2019-10-17,2019,10,16.826,15.646,16.155815639384947,2019-10-31,LinearRegression,14,2019
2019-10-18,2019,10,16.66,15.642,15.886298365013035,2019-11-01,LinearRegression,14,2019
2019-10-19,2019,10,16.422,15.702,15.634698868116649,2019-11-02,LinearRegression,14,2019
2019-10-20,2019,10,16.202,15.664,15.482713532679512,2019-11-03,LinearRegression,14,2019
2019-10-21,2019,10,16.042,15.57,15.435434376911006,2019-11-04,LinearRegression,14,2019
2019-10-22,2019,10,15.882,15.4,15.27028154830669,2019-11-05,LinearRegression,14,2019
2019-10-23,2019,10,15.73,15.264,15.093756793954013,2019-11-06,LinearRegression,14,2019
2019-10-24,2019,10,15.62,15.17,15.050718029253677,2019-11-07,LinearRegression,14,2019
2019-10-25,2019,10,15.532,15.072,15.043752666413901,2019-11-08,LinearRegression,14,2019
2019-10-26,2019,10,15.518,14.98,15.157762191265382,2019-11-09,LinearRegression,14,2019
2019-10-27,2019,10,15.466,14.892,15.060182437187903,2019-11-10,LinearRegression,14,2019
2019-10-28,2019,10,15.538,14.83,15.217138050279384,2019-11-11,LinearRegression,14,2019
2019-10-29,2019,10,15.614,14.728,15.239250192424205,2019-11-12,LinearRegression,14,2019
2019-10-30,2019,10,15.676,14.64,15.234532196386736,2019-11-13,LinearRegression,14,2019
2019-10-31,2019,10,15.646,14.58,15.11166349598407,2019-11-14,LinearRegression,14,2019
2019-11-01,2019,11,15.642,14.522,15.123243007524142,2019-11-15,LinearRegression,14,2019
2019-11-02,2019,11,15.702,14.476,15.185788413139521,2019-11-16,LinearRegression,14,2019
2019-11-03,2019,11,15.664,14.422,15.048084176660458,2019-11-17,LinearRegression,14,2019
2019-11-04,2019,11,15.57,14.382,14.927689590784036,2019-11-18,LinearRegression,14,2019
2019-11-05,2019,11,15.4,14.352,14.69031562769766,2019-11-19,LinearRegression,14,2019
2019-11-06,2019,11,15.264,14.288,14.625231040576367,2019-11-20,LinearRegression,14,2019
2019-11-07,2019,11,15.17,14.256,14.606641869078802,2019-11-21,LinearRegression,14,2019
2019-11-08,2019,11,15.072,14.222,14.495203268932716,2019-11-22,LinearRegression,14,2019
2019-11-09,2019,11,14.98,14.19,14.389727964914576,2019-11-23,LinearRegression,14,2019
2019-11-10,2019,11,14.892,14.18,14.298050309226804,2019-11-24,LinearRegression,14,2019
2019-11-11,2019,11,14.83,14.18,14.310926819738482,2019-11-25,LinearRegression,14,2019
2019-11-12,2019,11,14.728,14.17,14.189596108952214,2019-11-26,LinearRegression,14,2019
2019-11-13,2019,11,14.64,14.16,14.123534647498909,2019-11-27,LinearRegression,14,2019
2019-11-14,2019,11,14.58,14.106,14.11873052516129,2019-11-28,LinearRegression,14,2019
2019-11-15,2019,11,14.522,14.04,14.07675582112446,2019-11-29,LinearRegression,14,2019
2019-11-16,2019,11,14.476,13.992,14.052276445319542,2019-11-30,LinearRegression,14,2019
2019-11-17,2019,11,14.422,13.938,13.971185465147355,2019-12-01,LinearRegression,14,2019
2019-11-18,2019,11,14.382,13.89,13.961922357967564,2019-12-02,LinearRegression,14,2019
2019-11-19,2019,11,14.352,13.862,13.955907621621952,2019-12-03,LinearRegression,14,2019
2019-11-20,2019,11,14.288,13.824,13.847576950910447,2019-12-04,LinearRegression,14,2019
2019-11-21,2019,11,14.256,13.806,13.85533053546323,2019-12-05,LinearRegression,14,2019
2019-11-22,2019,11,14.222,13.768,13.818904102049611,2019-12-06,LinearRegression,14,2019
2019-11-23,2019,11,14.19,13.746,13.790827977512574,2019-12-07,LinearRegression,14,2019
2019-11-24,2019,11,14.18,13.714,13.799002771644258,2019-12-08,LinearRegression,14,2019
2019-11-25,2019,11,14.18,13.688,13.790592751168056,2019-12-09,LinearRegression,14,2019
2019-11-26,2019,11,14.17,13.652,13.77119252566797,2019-12-10,LinearRegression,14,2019
2019-11-27,2019,11,14.16,13.616,13.742520886292368,2019-12-11,LinearRegression,14,2019
2019-11-28,2019,11,14.106,13.568,13.632134686681747,2019-12-12,LinearRegression,14,2019
2019-11-29,2019,11,14.04,13.546,13.567692740729255,2019-12-13,LinearRegression,14,2019
2019-11-30,2019,11,13.992,13.514,13.548216056257564,2019-12-14,LinearRegression,14,2019
2019-12-01,2019,12,13.938,13.49,13.482840505528683,2019-12-15,LinearRegression,14,2019
2019-12-02,2019,12,13.89,13.446,13.434430203986505,2019-12-16,LinearRegression,14,2019
2019-12-03,2019,12,13.862,13.412,13.40895581434317,2019-12-17,LinearRegression,14,2019
2019-12-04,2019,12,13.824,13.386,13.361437207426237,2019-12-18,LinearRegression,14,2019
2019-12-05,2019,12,13.806,13.352,13.373066628741704,2019-12-19,LinearRegression,14,2019
2019-12-06,2019,12,13.768,13.33,13.307023037087196,2019-12-20,LinearRegression,14,2019
2019-12-07,2019,12,13.746,13.296,13.306225065974775,2019-12-21,LinearRegression,14,2019
2019-12-08,2019,12,13.714,13.274,13.27052728817509,2019-12-22,LinearRegression,14,2019
2019-12-09,2019,12,13.688,13.256,13.244348542184323,2019-12-23,LinearRegression,14,2019
2019-12-10,2019,12,13.652,13.24,13.20418879329071,2019-12-24,LinearRegression,14,2019
2019-12-11,2019,12,13.616,13.226,13.15857095086515,2019-12-25,LinearRegression,14,2019
2019-12-12,2019,12,13.568,13.22,13.108716404774299,2019-12-26,LinearRegression,14,2019
2019-12-13,2019,12,13.546,13.208,13.11451756921127,2019-12-27,LinearRegression,14,2019
2019-12-14,2019,12,13.514,13.158,13.076804392690043,2019-12-28,LinearRegression,14,2019
2019-12-15,2019,12,13.49,13.146,13.05464924453997,2019-12-29,LinearRegression,14,2019
2019-12-16,2019,12,13.446,13.126,12.988937645122478,2019-12-30,LinearRegression,14,2019
2019-12-17,2019,12,13.412,13.104,12.968273285895442,2019-12-31,LinearRegression,14,2019
2019-12-18,2019,12,13.386,13.086,12.97086197238471,2020-01-01,LinearRegression,14,2019
2019-12-19,2019,12,13.352,13.054,12.923390756960321,2020-01-02,LinearRegression,14,2019
2019-12-20,2019,12,13.33,13.04,12.919272626848295,2020-01-03,LinearRegression,14,2019
2019-12-21,2019,12,13.296,13.024,12.866404284078424,2020-01-04,LinearRegression,14,2019
2019-12-22,2019,12,13.274,13.002,12.868844252308783,2020-01-05,LinearRegression,14,2019
2019-12-23,2019,12,13.256,12.966,12.861789595873427,2020-01-06,LinearRegression,14,2019
2019-12-24,2019,12,13.24,12.944,12.845821590420856,2020-01-07,LinearRegression,14,2019
2019-12-25,2019,12,13.226,12.94,12.839188402736006,2020-01-08,LinearRegression,14,2019
2019-12-26,2019,12,13.22,12.94,12.837530912614355,2020-01-09,LinearRegression,14,2019
2019-12-27,2019,12,13.208,12.93,12.824605302975188,2020-01-10,LinearRegression,14,2019
2019-12-28,2019,12,13.158,12.93,12.732458787531808,2020-01-11,LinearRegression,14,2019
2019-12-29,2019,12,13.146,12.914,12.77221266758904,2020-01-12,LinearRegression,14,2019
2019-12-30,2019,12,13.126,12.9,12.755275707401909,2020-01-13,LinearRegression,14,2019
2019-12-31,2019,12,13.104,12.9,12.73259709047639,2020-01-14,LinearRegression,14,2019
